PitchNo,Date,Time,PAofInning,PitchofPA,Pitcher,PitcherId,PitcherThrows,PitcherTeam,Batter,BatterId,BatterSide,BatterTeam,PitcherSet,Inning,Top/Bottom,Outs,Balls,Strikes,TaggedPitchType,AutoPitchType,PitchCall,KorBB,TaggedHitType,PlayResult,OutsOnPlay,RunsScored,Notes,RelSpeed,VertRelAngle,HorzRelAngle,SpinRate,SpinAxis,Tilt,RelHeight,RelSide,Extension,VertBreak,InducedVertBreak,HorzBreak,PlateLocHeight,PlateLocSide,ZoneSpeed,VertApprAngle,HorzApprAngle,ZoneTime,ExitSpeed,Angle,Direction,HitSpinRate,PositionAt110X,PositionAt110Y,PositionAt110Z,Distance,LastTrackedDistance,Bearing,HangTime,pfxx,pfxz,x0,y0,z0,vx0,vy0,vz0,ax0,ay0,az0,HomeTeam,AwayTeam,Stadium,Level,League,GameID,PitchUID,EffectiveVelo,MaxHeight,MeasuredDuration,SpeedDrop,PitchLastMeasuredX,PitchLastMeasuredY,PitchLastMeasuredZ,ContactPositionX,ContactPositionY,ContactPositionZ,GameUID,UTCDate,UTCTime,LocalDateTime,UTCDateTime,AutoHitType,System,HomeTeamForeignID,AwayTeamForeignID,GameForeignID,Catcher,CatcherId,CatcherThrows,CatcherTeam,PlayID,PitchTrajectoryXc0,PitchTrajectoryXc1,PitchTrajectoryXc2,PitchTrajectoryYc0,PitchTrajectoryYc1,PitchTrajectoryYc2,PitchTrajectoryZc0,PitchTrajectoryZc1,PitchTrajectoryZc2,HitSpinAxis,HitTrajectoryXc0,HitTrajectoryXc1,HitTrajectoryXc2,HitTrajectoryXc3,HitTrajectoryXc4,HitTrajectoryXc5,HitTrajectoryXc6,HitTrajectoryXc7,HitTrajectoryXc8,HitTrajectoryYc0,HitTrajectoryYc1,HitTrajectoryYc2,HitTrajectoryYc3,HitTrajectoryYc4,HitTrajectoryYc5,HitTrajectoryYc6,HitTrajectoryYc7,HitTrajectoryYc8,HitTrajectoryZc0,HitTrajectoryZc1,HitTrajectoryZc2,HitTrajectoryZc3,HitTrajectoryZc4,HitTrajectoryZc5,HitTrajectoryZc6,HitTrajectoryZc7,HitTrajectoryZc8,ThrowSpeed,PopTime,ExchangeTime,TimeToBase,CatchPositionX,CatchPositionY,CatchPositionZ,ThrowPositionX,ThrowPositionY,ThrowPositionZ,BasePositionX,BasePositionY,BasePositionZ,ThrowTrajectoryXc0,ThrowTrajectoryXc1,ThrowTrajectoryXc2,ThrowTrajectoryYc0,ThrowTrajectoryYc1,ThrowTrajectoryYc2,ThrowTrajectoryZc0,ThrowTrajectoryZc1,ThrowTrajectoryZc2,PitchReleaseConfidence,PitchLocationConfidence,PitchMovementConfidence,HitLaunchConfidence,HitLandingConfidence,CatcherThrowCatchConfidence,CatcherThrowReleaseConfidence,CatcherThrowLocationConfidence,SpinAxis3dTransverseAngle,SpinAxis3dLongitudinalAngle,SpinAxis3dActiveSpinRate,SpinAxis3dSpinEfficiency,SpinAxis3dTilt,SpinAxis3dVectorX,SpinAxis3dVectorY,SpinAxis3dVectorZ,SpinAxis3dSeamOrientationRotationX,SpinAxis3dSeamOrientationRotationY,SpinAxis3dSeamOrientationRotationZ,SpinAxis3dSeamOrientationBallAngleHorizontalAmb1,SpinAxis3dSeamOrientationBallAngleVerticalAmb1,SpinAxis3dSeamOrientationBallXAmb1,SpinAxis3dSeamOrientationBallYAmb1,SpinAxis3dSeamOrientationBallZAmb1,SpinAxis3dSeamOrientationBallAngleHorizontalAmb2,SpinAxis3dSeamOrientationBallAngleVerticalAmb2,SpinAxis3dSeamOrientationBallXAmb2,SpinAxis3dSeamOrientationBallYAmb2,SpinAxis3dSeamOrientationBallZAmb2,SpinAxis3dSeamOrientationBallAngleHorizontalAmb3,SpinAxis3dSeamOrientationBallAngleVerticalAmb3,SpinAxis3dSeamOrientationBallXAmb3,SpinAxis3dSeamOrientationBallYAmb3,SpinAxis3dSeamOrientationBallZAmb3,SpinAxis3dSeamOrientationBallAngleHorizontalAmb4,SpinAxis3dSeamOrientationBallAngleVerticalAmb4,SpinAxis3dSeamOrientationBallXAmb4,SpinAxis3dSeamOrientationBallYAmb4,SpinAxis3dSeamOrientationBallZAmb4
1,2026-03-24,15:06:26.07,1,1,"Dobie, Jayce",833435,Right,NEV_WOL,"Lewis, Jared",702591,Left,SAN_DON,Undefined,1,Top,0,0,0,Fastball,Four-Seam,BallCalled,Undefined,Undefined,Undefined,0,0,,87.07971,0.353989,-0.376216,2149.064165,203.517689,12:45,6.11715,1.60603,6.72073,-19.92269,15.2545,6.22591,4.78049,1.78097,80.58036,-3.442054,0.758783,0.426876,,,,,,,,,,,,-3.37047,8.28193,-1.58324,50,6.1323,0.60565,-126.82188,0.27124,-5.56354,22.65199,-18.50333,NEV_WOL,SAN_DON,DonWeirField,D1,MW,20260324-DonWeirField-2,b406cec0-27cd-11f1-87ae-c3d7072d108d,88.29832,,,6.49934,,,,,,,19204ca8-c802-4f83-bcdd-d568f66a75e9,2026-03-24,22:06:26.07,2026-03-24T15:06:26.0714496-07:00,2026-03-24T22:06:26.0714496Z,,v3,471377,471434,63251d0db23648cabd526fef61ffaec8,"Snakenborg, Nate",833445,Right,NEV_WOL,2638032f-b40e-4e0a-a9b2-d4e882e11b25,53.77904,-127.49508,11.326,6.11607,0.82115,-9.25167,-1.6037,0.771,-2.78177,,,,,,,,,,,,,,,,,,,,,,,,,,,,,,,,,,,,,,,,,,,,,,,,,,,High,High,High,,,,,,,,,,,,,,,,,,,,,,,,,,,,,,,,,,,,
2,2026-03-24,15:06:41.87,1,2,"Dobie, Jayce",833435,Right,NEV_WOL,"Lewis, Jared",702591,Left,SAN_DON,Undefined,1,Top,0,1,0,Fastball,Four-Seam,BallCalled,Undefined,Undefined,Undefined,0,0,,87.3396,-4.199887,-2.626075,2127.133492,208.491633,1:00,6.11646,1.47443,6.72154,-20.16119,14.80808,7.54272,0.58668,-0.29896,81.75761,-7.979403,-1.251546,0.425613,,,,,,,,,,,,-4.63473,9.09229,-1.30378,50,5.82996,5.56421,-126.86204,-9.8652,-7.70632,21.01803,-17.05604,NEV_WOL,SAN_DON,DonWeirField,D1,MW,20260324-DonWeirField-2,bd5fb0e0-27cd-11f1-87ae-c3d7072d108d,88.5604,,,5.58199,,,,,,,19204ca8-c802-4f83-bcdd-d568f66a75e9,2026-03-24,22:06:41.87,2026-03-24T15:06:41.8796032-07:00,2026-03-24T22:06:41.8796032Z,,v3,471377,471434,63251d0db23648cabd526fef61ffaec8,"Snakenborg, Nate",833445,Right,NEV_WOL,370d4cdb-33ba-4258-aaff-5fc2cf4509d1,53.78177,-127.48706,10.50902,6.11577,-9.35801,-8.52802,-1.47265,5.79338,-3.85316,,,,,,,,,,,,,,,,,,,,,,,,,,,,,,,,,,,,,,,,,,,,,,,,,,,High,High,High,,,,,,,,,,,,,,,,,,,,,,,,,,,,,,,,,,,,
3,2026-03-24,15:06:59.14,1,3,"Dobie, Jayce",833435,Right,NEV_WOL,"Lewis, Jared",702591,Left,SAN_DON,Undefined,1,Top,0,2,0,Fastball,Four-Seam,InPlay,Undefined,FlyBall,Out,1,0,,88.08151,-2.276423,-1.856257,2134.759995,206.965713,1:00,6.10713,1.43108,6.65313,-18.72812,15.52044,7.46119,2.46087,0.35339,82.39595,-5.810547,-0.498,0.421204,95.49929,23.409643,-8.091795,3480.119603,107.36466,41.69043,-23.93279,371.77891,364.7209,-21.939624,4.096273,-4.37925,8.99024,-1.30917,50,5.9459,3.89507,-128.24728,-5.60508,-7.45798,20.9122,-16.86338,NEV_WOL,SAN_DON,DonWeirField,D1,MW,20260324-DonWeirField-2,c7ac41d0-27cd-11f1-87ae-c3d7072d108d,89.48738,54.99368,,5.68556,,,,1.71635,2.49512,-0.35106,19204ca8-c802-4f83-bcdd-d568f66a75e9,2026-03-24,22:06:59.14,2026-03-24T15:06:59.1430144-07:00,2026-03-24T22:06:59.1430144Z,FlyBall,v3,471377,471434,63251d0db23648cabd526fef61ffaec8,"Snakenborg, Nate",833445,Right,NEV_WOL,513fd97a-9c58-4963-ba81-f11eb42ad5ac,53.84973,-128.87349,10.4561,6.10618,-5.10011,-8.43169,-1.42915,4.1184,-3.72899,127.872654,1.71613,127.26301,-20.51447,4.46818,-0.92923,0.20879,-0.04652,0.00692,-0.00043,2.49537,55.64102,-15.56319,0.37963,0.10403,-0.08039,0.02812,-0.00434,0.00024,-0.35062,-18.10389,-9.10867,2.62052,-0.55959,0.09492,-0.01524,0.00194,-0.00011,,,,,,,,,,,,,,,,,,,,,,,High,High,High,High,Medium,,,,,,,,,,,,,,,,,,,,,,,,,,,,,,,,,,
4,2026-03-24,15:07:36.56,2,1,"Dobie, Jayce",833435,Right,NEV_WOL,"Rogers, TJ",1000114247,Right,SAN_DON,Undefined,1,Top,1,0,0,Slider,Slider,BallCalled,Undefined,Undefined,Undefined,0,0,,84.65009,-2.648921,-2.606783,2292.729604,227.858863,1:30,6.05419,1.48749,6.36395,-31.82643,5.96563,5.4828,0.96005,-0.45617,79.10338,-8.522044,-1.613424,0.442458,,,,,,,,,,,,-3.49579,4.03311,-1.30141,50,5.84718,5.40677,-123.04632,-6.6624,-5.4444,20.78892,-25.8928,NEV_WOL,SAN_DON,DonWeirField,D1,MW,20260324-DonWeirField-2,de034050-27cd-11f1-87ae-c3d7072d108d,85.18878,,,5.54671,,,,,,,19204ca8-c802-4f83-bcdd-d568f66a75e9,2026-03-24,22:07:36.56,2026-03-24T15:07:36.5632512-07:00,2026-03-24T22:07:36.5632512Z,,v3,471377,471434,63251d0db23648cabd526fef61ffaec8,"Snakenborg, Nate",833445,Right,NEV_WOL,fec2f97a-4716-4b08-94df-0df80a359abc,54.13842,-123.74354,10.39446,6.05606,-5.79401,-12.9464,-1.48581,5.58937,-2.7222,,,,,,,,,,,,,,,,,,,,,,,,,,,,,,,,,,,,,,,,,,,,,,,,,,,High,High,High,,,,,,,,,,,,,,,,,,,,,,,,,,,,,,,,,,,,
5,2026-03-24,15:07:53.53,2,2,"Dobie, Jayce",833435,Right,NEV_WOL,"Rogers, TJ",1000114247,Right,SAN_DON,Undefined,1,Top,1,1,0,Slider,Slider,StrikeCalled,Undefined,Undefined,Undefined,0,0,,84.17883,-2.578707,-2.584878,2221.509088,181.374673,12:00,6.08585,1.56639,6.35127,-25.34084,12.96276,0.28595,1.59646,-0.79071,78.35575,-7.298955,-2.533169,0.445442,,,,,,,,,,,,-0.76429,7.71843,-1.3789,50,5.88635,5.51194,-122.32107,-6.24166,-1.17446,20.90841,-20.31317,NEV_WOL,SAN_DON,DonWeirField,D1,MW,20260324-DonWeirField-2,e81eaf20-27cd-11f1-87ae-c3d7072d108d,84.61805,,,5.82308,,,,,,,19204ca8-c802-4f83-bcdd-d568f66a75e9,2026-03-24,22:07:53.53,2026-03-24T15:07:53.5347200-07:00,2026-03-24T22:07:53.5347200Z,,v3,471377,471434,63251d0db23648cabd526fef61ffaec8,"Snakenborg, Nate",833445,Right,NEV_WOL,470d4ea6-3214-42bc-ab21-61469b11d68b,54.1498,-123.02835,10.4542,6.08587,-5.55451,-10.15658,-1.56603,5.55167,-0.58723,,,,,,,,,,,,,,,,,,,,,,,,,,,,,,,,,,,,,,,,,,,,,,,,,,,High,High,High,,,,,,,,,,,,,,,,,,,,,,,,,,,,,,,,,,,,
6,2026-03-24,15:08:09.86,2,3,"Dobie, Jayce",833435,Right,NEV_WOL,"Rogers, TJ",1000114247,Right,SAN_DON,Undefined,1,Top,1,1,1,Curveball,Curveball,HitByPitch,Undefined,Undefined,Undefined,0,0,,76.481,3.386592,0.033272,2221.609334,349.421163,5:45,6.19938,1.34041,5.96514,-56.32708,-9.20134,1.95618,4.64922,1.53427,70.88026,-6.935739,0.384821,0.494083,,,,,,,,,,,,-0.99988,-5.20111,-1.34416,50,6.43629,-0.1334,-111.17453,4.83083,-1.26605,17.7465,-38.75969,NEV_WOL,SAN_DON,DonWeirField,D1,MW,20260324-DonWeirField-2,f1e483e0-27cd-11f1-87ae-c3d7072d108d,76.28759,,,5.60074,,,,,,,19204ca8-c802-4f83-bcdd-d568f66a75e9,2026-03-24,22:08:09.86,2026-03-24T15:08:09.8666496-07:00,2026-03-24T22:08:09.8666496Z,,v3,471377,471434,63251d0db23648cabd526fef61ffaec8,"Snakenborg, Nate",833445,Right,NEV_WOL,c4e25dce-0307-46d2-b515-ebf8284422e9,54.53915,-111.89676,8.87325,6.20759,6.40823,-19.37985,-1.33978,-0.08187,-0.63302,,,,,,,,,,,,,,,,,,,,,,,,,,,,,,,,,,,,,,,,,,,,,,,,,,,High,High,High,,,,,,,,,,,,,,,,,,,,,,,,,,,,,,,,,,,,
7,2026-03-24,15:08:42.28,3,1,"Dobie, Jayce",833435,Right,NEV_WOL,"Esquivel, Eddison",832131,Left,SAN_DON,Undefined,1,Top,1,0,0,Curveball,Curveball,BallCalled,Undefined,Undefined,Undefined,0,0,,77.72993,2.426032,-0.699563,2070.745651,2.776001,6:00,6.08088,1.17687,6.15322,-57.19613,-10.92453,-0.60587,3.55754,0.48,70.67615,-8.134547,-0.808962,0.489586,,,,,,,,,,,,0.08988,-5.79567,-1.12343,50,6.2373,1.40026,-112.8399,2.97836,0.11446,22.91439,-39.55376,NEV_WOL,SAN_DON,DonWeirField,D1,MW,20260324-DonWeirField-2,0538f0c0-27ce-11f1-87ae-c3d7072d108d,76.98845,,,7.05378,,,,,,,19204ca8-c802-4f83-bcdd-d568f66a75e9,2026-03-24,22:08:42.28,2026-03-24T15:08:42.2834688-07:00,2026-03-24T22:08:42.2834688Z,,v3,471377,471434,63251d0db23648cabd526fef61ffaec8,"Snakenborg, Nate",833445,Right,NEV_WOL,d2069b3b-06ca-42fb-8947-2916dc416ea5,54.3472,-113.71926,11.4572,6.09387,4.49627,-19.77688,-1.17708,1.39587,0.05723,,,,,,,,,,,,,,,,,,,,,,,,,,,,,,,,,,,,,,,,,,,,,,,,,,,High,High,High,,,,,,,,,,,,,,,,,,,,,,,,,,,,,,,,,,,,
8,2026-03-24,15:09:00.97,3,2,"Dobie, Jayce",833435,Right,NEV_WOL,"Esquivel, Eddison",832131,Left,SAN_DON,Undefined,1,Top,1,1,0,Fastball,Four-Seam,FoulBallNotFieldable,Undefined,Undefined,Undefined,0,0,,88.54613,-2.649395,-2.040021,2204.212057,215.570366,1:15,6.01656,1.43546,6.67677,-17.49469,16.87828,11.33989,2.13175,0.51346,81.65369,-5.990057,0.025113,0.421968,,,,,,,,,,,,-6.51087,9.91276,-1.30309,50,5.83179,4.16432,-128.69855,-6.40163,-11.00006,24.878,-15.42654,NEV_WOL,SAN_DON,DonWeirField,D1,MW,20260324-DonWeirField-2,105024b0-27ce-11f1-87ae-c3d7072d108d,89.32528,,,6.89243,,,,,,,19204ca8-c802-4f83-bcdd-d568f66a75e9,2026-03-24,22:09:00.97,2026-03-24T15:09:00.9782784-07:00,2026-03-24T22:09:00.9782784Z,,v3,471377,471434,63251d0db23648cabd526fef61ffaec8,"Snakenborg, Nate",833445,Right,NEV_WOL,228823f2-2713-4e4e-a915-f331b97b4e24,53.82357,-129.43556,12.439,6.01467,-5.94462,-7.71327,-1.43129,4.4902,-5.50003,,,,,,,,,,,,,,,,,,,,,,,,,,,,,,,,,,,,,,,,,,,,,,,,,,,High,High,High,,,,,,,,,,,,,,,,,,,,,,,,,,,,,,,,,,,,
9,2026-03-24,15:09:39.21,3,3,"Dobie, Jayce",833435,Right,NEV_WOL,"Esquivel, Eddison",832131,Left,SAN_DON,Undefined,1,Top,1,1,1,Curveball,Curveball,InPlay,Undefined,GroundBall,Out,1,0,,77.93935,1.020852,-0.684068,2129.687866,5.2065,6:15,6.09357,1.26236,6.1523,-57.19972,-11.90497,-1.20508,2.27031,0.52986,72.19279,-9.470471,-0.902059,0.48439,82.03242,-37.434351,48.800218,,,,,4.50159,4.50159,23.554925,0.032461,0.44252,-6.13831,-1.20973,50,6.14144,1.39589,-113.4263,0.26486,0.5777,20.35088,-40.18714,NEV_WOL,SAN_DON,DonWeirField,D1,MW,20260324-DonWeirField-2,2720e710-27ce-11f1-87ae-c3d7072d108d,77.81421,2.37993,,5.74656,,,,2.07868,2.37993,-0.54027,19204ca8-c802-4f83-bcdd-d568f66a75e9,2026-03-24,22:09:39.21,2026-03-24T15:09:39.2148480-07:00,2026-03-24T22:09:39.2148480Z,GroundBall,v3,471377,471434,63251d0db23648cabd526fef61ffaec8,"Snakenborg, Nate",833445,Right,NEV_WOL,85096907-4b90-4159-9aa7-050dd01ba850,54.35212,-114.20449,10.17544,6.10194,1.80156,-20.09357,-1.26269,1.3738,0.28885,,2.07785,63.08652,,,,,,,,2.38089,-73.31749,,,,,,,,-0.54122,72.06371,,,,,,,,,,,,,,,,,,,,,,,,,,,,,,High,High,High,Estimated,Estimated,,,,,,,,,,,,,,,,,,,,,,,,,,,,,,,,,,
10,2026-03-24,15:10:15.42,4,1,"Dobie, Jayce",833435,Right,NEV_WOL,"Nystrom, Jackson",824263,Right,SAN_DON,Undefined,1,Top,2,0,0,Slider,Slider,BallCalled,Undefined,Undefined,Undefined,0,0,,84.81449,-3.163814,-3.139522,2280.583056,203.537494,12:45,5.98362,1.36036,6.65221,-25.49482,11.87339,4.72229,0.95616,-1.12236,78.9816,-7.927591,-2.280671,0.43997,,,,,,,,,,,,-3.27067,7.35552,-1.15079,50,5.75961,6.59649,-123.18922,-7.51626,-5.09432,21.35383,-20.7172,NEV_WOL,SAN_DON,DonWeirField,D1,MW,20260324-DonWeirField-2,3cad90b0-27ce-11f1-87ae-c3d7072d108d,85.67057,,,5.83289,,,,,,,19204ca8-c802-4f83-bcdd-d568f66a75e9,2026-03-24,22:10:15.42,2026-03-24T15:10:15.4272256-07:00,2026-03-24T22:10:15.4272256Z,,v3,471377,471434,63251d0db23648cabd526fef61ffaec8,"Snakenborg, Nate",833445,Right,NEV_WOL,677e8d74-56dd-490d-abe0-b0e96296a28d,53.84981,-123.85476,10.67692,5.9838,-6.87056,-10.3586,-1.35886,6.75526,-2.54716,,,,,,,,,,,,,,,,,,,,,,,,,,,,,,,,,,,,,,,,,,,,,,,,,,,High,High,High,,,,,,,,,,,,,,,,,,,,,,,,,,,,,,,,,,,,
11,2026-03-24,15:10:37.55,4,2,"Dobie, Jayce",833435,Right,NEV_WOL,"Nystrom, Jackson",824263,Right,SAN_DON,Undefined,1,Top,2,1,0,ChangeUp,Changeup,BallCalled,Undefined,Undefined,Undefined,0,0,,84.31014,-3.137257,-3.1422,2338.851736,232.148087,1:45,6.02399,1.35408,6.38926,-28.17931,10.36308,11.81623,0.7828,-0.55436,77.83646,-8.386432,-1.002052,0.446828,,,,,,,,,,,,-7.05292,6.60516,-1.13341,50,5.78481,6.28943,-122.32099,-7.53209,-10.72973,23.20091,-22.12551,NEV_WOL,SAN_DON,DonWeirField,D1,MW,20260324-DonWeirField-2,49e09fc0-27ce-11f1-87ae-c3d7072d108d,84.3555,,,6.47369,,,,,,,19204ca8-c802-4f83-bcdd-d568f66a75e9,2026-03-24,22:10:37.55,2026-03-24T15:10:37.5539712-07:00,2026-03-24T22:10:37.5539712Z,,v3,471377,471434,63251d0db23648cabd526fef61ffaec8,"Snakenborg, Nate",833445,Right,NEV_WOL,c09db9bc-63a3-4e90-a8f6-d8716aa3a262,54.1119,-123.09844,11.60045,6.02478,-6.79068,-11.06276,-1.35019,6.64897,-5.36487,,,,,,,,,,,,,,,,,,,,,,,,,,,,,,,,,,,,,,,,,,,,,,,,,,,High,High,High,,,,,,,,,,,,,,,,,,,,,,,,,,,,,,,,,,,,
12,2026-03-24,15:11:00.95,4,3,"Dobie, Jayce",833435,Right,NEV_WOL,"Nystrom, Jackson",824263,Right,SAN_DON,Undefined,1,Top,2,2,0,Fastball,Four-Seam,InPlay,Undefined,LineDrive,Single,0,1,,88.473,-2.758555,-1.890203,2345.595452,203.676161,12:45,6.08295,1.30074,6.88791,-17.13107,17.30277,7.10012,2.13871,0.16961,80.95582,-6.061577,-0.591977,0.422342,99.10031,13.629512,-4.533202,1062.337956,109.6713,19.71977,-8.48653,270.42128,270.42128,-4.361599,2.423364,-4.33288,10.34221,-1.18356,50,5.90196,3.98997,-128.54285,-6.59868,-7.23403,27.17897,-14.90713,NEV_WOL,SAN_DON,DonWeirField,D1,MW,20260324-DonWeirField-2,57d09630-27ce-11f1-87ae-c3d7072d108d,89.24628,20.89742,,7.51717,,,,0.43894,1.8865,-0.17531,19204ca8-c802-4f83-bcdd-d568f66a75e9,2026-03-24,22:11:00.95,2026-03-24T15:11:00.9541120-07:00,2026-03-24T22:11:00.9541120Z,LineDrive,v3,471377,471434,63251d0db23648cabd526fef61ffaec8,"Snakenborg, Nate",833445,Right,NEV_WOL,03859c1e-a825-4913-8559-e32f1733cea3,53.61202,-129.30432,13.58949,6.08098,-6.18103,-7.45356,-1.29818,4.19264,-3.61701,191.175175,0.43894,140.81194,-17.67383,3.36218,-0.68755,0.13202,-0.0234,0.00322,-0.00022,1.8865,34.24992,-16.52425,1.14573,-0.18605,0.03506,-0.00436,0.00057,-5E-05,-0.17531,-11.16422,2.21642,-0.77372,0.21469,-0.04942,0.00946,-0.00128,8E-05,,,,,,,,,,,,,,,,,,,,,,,High,High,High,High,Medium,,,,,,,,,,,,,,,,,,,,,,,,,,,,,,,,,,
13,2026-03-24,15:11:43.79,5,1,"Dobie, Jayce",833435,Right,NEV_WOL,"Burke, Brendan",832137,Right,SAN_DON,Undefined,1,Top,2,0,0,Fastball,Four-Seam,InPlay,Undefined,GroundBall,FieldersChoice,1,0,,86.43219,-2.841389,-2.236303,2227.497757,216.092932,1:15,6.06141,1.26247,6.66129,-23.66702,12.26776,8.21221,1.48499,-0.10058,80.30113,-7.283701,-0.740554,0.431448,,,,,,,,,,,,-4.90776,7.48937,-1.11545,50,5.86058,4.6188,-125.65554,-6.89285,-7.94495,22.47393,-20.04979,NEV_WOL,SAN_DON,DonWeirField,D1,MW,20260324-DonWeirField-2,715d9260-27ce-11f1-87ae-c3d7072d108d,87.36256,,,6.13106,,,,,,,19204ca8-c802-4f83-bcdd-d568f66a75e9,2026-03-24,22:11:43.79,2026-03-24T15:11:43.7965312-07:00,2026-03-24T22:11:43.7965312Z,,v3,471377,471434,63251d0db23648cabd526fef61ffaec8,"Snakenborg, Nate",833445,Right,NEV_WOL,0b35733a-8923-4db4-a47f-34de9bbe0732,53.84037,-126.34054,11.23696,6.06136,-6.28175,-10.0249,-1.25992,4.86096,-3.97248,,,,,,,,,,,,,,,,,,,,,,,,,,,,,,,,,,,,,,,,,,,,,,,,,,,High,High,High,,,,,,,,,,,,,,,,,,,,,,,,,,,,,,,,,,,,
14,2026-03-24,15:14:53.90,1,1,"Gonzales, Thomas",1000221041,Right,SAN_DON,"Quiban, Rominic",1000111279,Left,NEV_WOL,Undefined,1,Bottom,0,0,0,Fastball,Changeup,BallCalled,Undefined,Undefined,Undefined,0,0,,87.47648,-2.084527,-3.82157,1971.033962,240.463478,2:00,5.45053,0.88854,5.64524,-25.6156,11.23327,17.80135,1.36627,-1.19806,80.3705,-6.824781,-0.646891,0.436902,,,,,,,,,,,,-10.13575,6.59851,-0.57573,50,5.25684,7.73118,-126.80046,-5.4942,-16.56671,24.97634,-21.38889,NEV_WOL,SAN_DON,DonWeirField,D1,MW,20260324-DonWeirField-2,e2ab7630-27ce-11f1-87ae-c3d7072d108d,86.27217,,,7.10599,,,,,,,19204ca8-c802-4f83-bcdd-d568f66a75e9,2026-03-24,22:14:53.90,2026-03-24T15:14:53.9049472-07:00,2026-03-24T22:14:53.9049472Z,,v3,471377,471434,63251d0db23648cabd526fef61ffaec8,"Burke, Brendan",832137,Right,SAN_DON,10dba26f-a9a6-4091-bc56-8d540cf4de84,54.85644,-127.75347,12.48817,5.45091,-4.67807,-10.69445,-0.88278,8.36331,-8.28335,,,,,,,,,,,,,,,,,,,,,,,,,,,,,,,,,,,,,,,,,,,,,,,,,,,High,High,High,,,,,,,,,,,,,,,,,,,,,,,,,,,,,,,,,,,,
15,2026-03-24,15:15:10.34,1,2,"Gonzales, Thomas",1000221041,Right,SAN_DON,"Quiban, Rominic",1000111279,Left,NEV_WOL,Undefined,1,Bottom,0,1,0,ChangeUp,Changeup,StrikeCalled,Undefined,Undefined,Undefined,0,0,,80.47869,0.296897,-2.980103,2010.831839,257.088281,2:30,5.11043,1.19075,5.45919,-38.31581,5.15764,17.05741,2.19573,-0.17983,74.41044,-6.708674,0.054872,0.474552,,,,,,,,,,,,-9.37863,2.89126,-0.94018,50,5.11012,5.41172,-116.87093,-0.68835,-13.1021,19.94986,-28.1349,NEV_WOL,SAN_DON,DonWeirField,D1,MW,20260324-DonWeirField-2,ec7da700-27ce-11f1-87ae-c3d7072d108d,79.42748,,,6.06826,,,,,,,19204ca8-c802-4f83-bcdd-d568f66a75e9,2026-03-24,22:15:10.34,2026-03-24T15:15:10.3467008-07:00,2026-03-24T22:15:10.3467008Z,,v3,471377,471434,63251d0db23648cabd526fef61ffaec8,"Burke, Brendan",832137,Right,SAN_DON,30b08a06-1b1e-4d0a-8e7f-b021d3fcc6e6,55.04282,-117.72859,9.97493,5.11371,0.5212,-14.06745,-1.18494,5.97499,-6.55105,,,,,,,,,,,,,,,,,,,,,,,,,,,,,,,,,,,,,,,,,,,,,,,,,,,High,High,High,,,,,,,,,,,,,,,,,,,,,,,,,,,,,,,,,,,,
16,2026-03-24,15:15:25.41,1,3,"Gonzales, Thomas",1000221041,Right,SAN_DON,"Quiban, Rominic",1000111279,Left,NEV_WOL,Undefined,1,Bottom,0,1,1,Cutter,Sinker,BallCalled,Undefined,Undefined,Undefined,0,0,,86.40084,-2.046206,-3.532104,2057.699295,228.748108,1:30,5.38757,0.95041,5.90493,-27.61773,9.25689,9.44564,1.18224,-1.54534,80.59637,-7.129724,-1.839174,0.437054,,,,,,,,,,,,-5.71252,5.50449,-0.67205,50,5.20667,7.3829,-125.49375,-5.39835,-9.27642,21.04258,-23.23543,NEV_WOL,SAN_DON,DonWeirField,D1,MW,20260324-DonWeirField-2,f56fff20-27ce-11f1-87ae-c3d7072d108d,86.24202,,,5.80447,,,,,,,19204ca8-c802-4f83-bcdd-d568f66a75e9,2026-03-24,22:15:25.41,2026-03-24T15:15:25.4129152-07:00,2026-03-24T22:15:25.4129152Z,,v3,471377,471434,63251d0db23648cabd526fef61ffaec8,"Burke, Brendan",832137,Right,SAN_DON,55e7a38a-ffbd-4ef7-ac33-dc6df9e19078,54.59806,-126.26239,10.52129,5.38836,-4.54961,-11.61771,-0.94792,7.72175,-4.63821,,,,,,,,,,,,,,,,,,,,,,,,,,,,,,,,,,,,,,,,,,,,,,,,,,,High,High,High,,,,,,,,,,,,,,,,,,,,,,,,,,,,,,,,,,,,
17,2026-03-24,15:15:43.90,1,4,"Gonzales, Thomas",1000221041,Right,SAN_DON,"Quiban, Rominic",1000111279,Left,NEV_WOL,Undefined,1,Bottom,0,2,1,Cutter,Changeup,BallCalled,Undefined,Undefined,Undefined,0,0,,86.43936,-2.011988,-3.846186,1837.998551,225.688945,1:30,5.27198,0.81501,6.23613,-24.86785,11.89268,11.06516,1.33867,-1.81628,79.76746,-6.658712,-1.852216,0.436377,,,,,,,,,,,,-6.80536,7.02563,-0.53353,50,5.10909,8.02148,-125.44179,-5.16351,-10.92312,23.63287,-20.89734,NEV_WOL,SAN_DON,DonWeirField,D1,MW,20260324-DonWeirField-2,00746e60-27cf-11f1-87ae-c3d7072d108d,86.37581,,,6.6719,,,,,,,19204ca8-c802-4f83-bcdd-d568f66a75e9,2026-03-24,22:15:43.90,2026-03-24T15:15:43.9091200-07:00,2026-03-24T22:15:43.9091200Z,,v3,471377,471434,63251d0db23648cabd526fef61ffaec8,"Burke, Brendan",832137,Right,SAN_DON,4391fbb0-4e33-4277-bb44-5a5f7038c503,54.26584,-126.2429,11.81644,5.27212,-4.45512,-10.44867,-0.81172,8.39175,-5.46156,,,,,,,,,,,,,,,,,,,,,,,,,,,,,,,,,,,,,,,,,,,,,,,,,,,High,High,High,,,,,,,,,,,,,,,,,,,,,,,,,,,,,,,,,,,,
18,2026-03-24,15:16:01.71,1,5,"Gonzales, Thomas",1000221041,Right,SAN_DON,"Quiban, Rominic",1000111279,Left,NEV_WOL,Undefined,1,Bottom,0,3,1,Fastball,Sinker,FoulBallNotFieldable,Undefined,Undefined,Undefined,0,0,,88.14556,-0.413128,-2.101634,2023.572205,245.633532,2:15,5.42863,0.91755,5.80802,-26.7936,9.22402,17.88832,2.81137,0.45293,80.71915,-5.394447,1.103945,0.431945,69.00008,59.268566,-98.892384,,,,,,60.76383,,,-9.74985,5.15587,-0.75606,50,5.37872,3.95361,-128.03559,-1.82754,-16.19693,26.24405,-23.60886,NEV_WOL,SAN_DON,DonWeirField,D1,MW,20260324-DonWeirField-2,0b15d610-27cf-11f1-87ae-c3d7072d108d,87.26205,78.33708,,7.42641,,,,1.43733,2.81332,-0.45253,19204ca8-c802-4f83-bcdd-d568f66a75e9,2026-03-24,22:16:01.71,2026-03-24T15:16:01.7107968-07:00,2026-03-24T22:16:01.7107968Z,,v3,471377,471434,63251d0db23648cabd526fef61ffaec8,"Burke, Brendan",832137,Right,SAN_DON,bb00f254-fc6c-4d6d-9690-afc17089622e,54.69288,-128.99393,13.12202,5.42972,-0.96544,-11.80443,-0.91122,4.54506,-8.09846,,1.43734,-7.99404,-2.75013,0.86761,-1.24443,2.45183,-2.40182,1.15053,-0.21842,2.81332,86.98876,-24.76931,2.72809,-0.86047,0.6935,-0.57521,0.26221,-0.04861,-0.45253,-51.09313,4.23853,-0.77157,0.03944,0.22522,-0.25756,0.12947,-0.0251,,,,,,,,,,,,,,,,,,,,,,,High,High,High,Low,Undefined,,,,,,,,,,,,,,,,,,,,,,,,,,,,,,,,,,
19,2026-03-24,15:16:28.64,1,6,"Gonzales, Thomas",1000221041,Right,SAN_DON,"Quiban, Rominic",1000111279,Left,NEV_WOL,Undefined,1,Bottom,0,3,2,ChangeUp,Changeup,InPlay,Undefined,GroundBall,Out,1,0,,76.99021,1.20657,-3.217913,1956.094044,264.913655,2:45,5.14441,1.2166,5.55822,-44.04203,2.77646,18.04721,2.6035,-0.28917,71.98212,-6.81653,-0.002782,0.49247,100.31284,-15.98359,22.995292,,,,,11.45186,2.14493,20.147685,0.06613,-9.91331,1.46323,-0.95096,50,5.21906,5.63504,-111.92677,0.9464,-12.85337,16.01614,-30.27685,NEV_WOL,SAN_DON,DonWeirField,D1,MW,20260324-DonWeirField-2,1b2b4490-27cf-11f1-87ae-c3d7072d108d,76.53746,2.68379,,5.00809,,,,2.12602,2.68379,0.2842,19204ca8-c802-4f83-bcdd-d568f66a75e9,2026-03-24,22:16:28.64,2026-03-24T15:16:28.6415872-07:00,2026-03-24T22:16:28.6415872Z,GroundBall,v3,471377,471434,63251d0db23648cabd526fef61ffaec8,"Burke, Brendan",832137,Right,SAN_DON,67d09a54-57d5-414a-94c2-e2a410fb5a08,54.94599,-112.63229,8.00807,5.14799,2.28011,-15.13843,-1.21166,6.20124,-6.42669,,2.12359,130.42662,,,,,,,,2.68455,-40.58371,,,,,,,,0.28317,55.35017,,,,,,,,,,,,,,,,,,,,,,,,,,,,,,High,High,High,Estimated,Estimated,,,,,,,,,,,,,,,,,,,,,,,,,,,,,,,,,,
20,2026-03-24,15:17:06.58,2,1,"Gonzales, Thomas",1000221041,Right,SAN_DON,"Dobie, Jayce",833435,Right,NEV_WOL,Undefined,1,Bottom,1,0,0,Slider,Slider,BallCalled,Undefined,Undefined,Undefined,0,0,,78.37266,0.577072,-2.352725,2199.187367,93.955676,9:15,5.20952,1.33173,5.26376,-44.90959,2.00004,-6.5878,2.00967,-1.42878,71.59715,-7.609602,-3.520363,0.492949,,,,,,,,,,,,2.60528,1.26142,-1.11118,50,5.22924,4.92975,-113.61251,-0.38652,3.38126,22.18285,-30.5369,NEV_WOL,SAN_DON,DonWeirField,D1,MW,20260324-DonWeirField-2,31c8e900-27cf-11f1-87ae-c3d7072d108d,76.4631,,,6.77551,,,,,,,19204ca8-c802-4f83-bcdd-d568f66a75e9,2026-03-24,22:17:06.58,2026-03-24T15:17:06.5871872-07:00,2026-03-24T22:17:06.5871872Z,,v3,471377,471434,63251d0db23648cabd526fef61ffaec8,"Burke, Brendan",832137,Right,SAN_DON,01bd1fdd-9dc6-4baf-8dba-b7515d280a26,55.23562,-114.6302,11.09142,5.21483,1.01444,-15.26845,-1.33379,4.77463,1.69063,,,,,,,,,,,,,,,,,,,,,,,,,,,,,,,,,,,,,,,,,,,,,,,,,,,High,High,High,,,,,,,,,,,,,,,,,,,,,,,,,,,,,,,,,,,,
21,2026-03-24,15:17:20.48,2,2,"Gonzales, Thomas",1000221041,Right,SAN_DON,"Dobie, Jayce",833435,Right,NEV_WOL,Undefined,1,Bottom,1,1,0,Fastball,Sinker,StrikeCalled,Undefined,Undefined,Undefined,0,0,,86.61353,-0.008993,-1.736677,1885.112691,239.829816,2:00,5.43594,0.89445,5.74773,-28.36714,8.49741,12.92387,3.06364,0.35408,80.39598,-5.242355,0.576696,0.436994,,,,,,,,,,,,-6.9928,4.64922,-0.75813,50,5.4177,3.28772,-125.98422,-0.98673,-11.41874,21.75556,-24.58219,NEV_WOL,SAN_DON,DonWeirField,D1,MW,20260324-DonWeirField-2,3a0585b0-27cf-11f1-87ae-c3d7072d108d,86.25383,,,6.21755,,,,,,,19204ca8-c802-4f83-bcdd-d568f66a75e9,2026-03-24,22:17:20.48,2026-03-24T15:17:20.4840448-07:00,2026-03-24T22:17:20.4840448Z,,v3,471377,471434,63251d0db23648cabd526fef61ffaec8,"Burke, Brendan",832137,Right,SAN_DON,47dce9e4-3c29-43c7-a14f-9087415380f0,54.75354,-126.80243,10.87778,5.43743,-0.06221,-12.29109,-0.88985,3.71717,-5.70937,,,,,,,,,,,,,,,,,,,,,,,,,,,,,,,,,,,,,,,,,,,,,,,,,,,High,High,High,,,,,,,,,,,,,,,,,,,,,,,,,,,,,,,,,,,,
22,2026-03-24,15:17:41.82,2,3,"Gonzales, Thomas",1000221041,Right,SAN_DON,"Dobie, Jayce",833435,Right,NEV_WOL,Undefined,1,Bottom,1,1,1,Cutter,Sinker,BallCalled,Undefined,Undefined,Undefined,0,0,,87.00562,-0.274946,-4.433146,1959.59762,225.708622,1:30,5.3122,1.11157,5.96671,-25.22974,11.40564,10.59693,2.95404,-2.12393,80.14129,-4.97456,-2.536974,0.435634,,,,,,,,,,,,-6.54146,6.25992,-0.76537,50,5.27619,9.35077,-126.17411,-1.41322,-10.64677,23.3569,-21.98552,NEV_WOL,SAN_DON,DonWeirField,D1,MW,20260324-DonWeirField-2,46bde680-27cf-11f1-87ae-c3d7072d108d,86.52318,,,6.86432,,,,,,,19204ca8-c802-4f83-bcdd-d568f66a75e9,2026-03-24,22:17:41.82,2026-03-24T15:17:41.8234880-07:00,2026-03-24T22:17:41.8234880Z,,v3,471377,471434,63251d0db23648cabd526fef61ffaec8,"Burke, Brendan",832137,Right,SAN_DON,5ca73a7c-8479-4a9d-8497-8d38555093f6,54.53312,-127.0105,11.67845,5.3127,-0.62594,-10.99276,-1.10704,9.73201,-5.32339,,,,,,,,,,,,,,,,,,,,,,,,,,,,,,,,,,,,,,,,,,,,,,,,,,,High,High,High,,,,,,,,,,,,,,,,,,,,,,,,,,,,,,,,,,,,
23,2026-03-24,15:17:59.90,2,4,"Gonzales, Thomas",1000221041,Right,SAN_DON,"Dobie, Jayce",833435,Right,NEV_WOL,Undefined,1,Bottom,1,2,1,Cutter,Sinker,BallCalled,Undefined,Undefined,Undefined,0,0,,87.83855,-1.411197,-3.654397,2003.957422,225.956493,1:30,5.42531,0.91691,5.7889,-24.5769,10.6326,10.23174,2.06147,-1.63471,83.15645,-5.911704,-1.825846,0.427072,,,,,,,,,,,,-5.89244,5.93969,-0.62191,50,5.29364,7.75275,-127.7928,-3.99333,-10.11329,16.96342,-21.97963,NEV_WOL,SAN_DON,DonWeirField,D1,MW,20260324-DonWeirField-2,51854cc0-27cf-11f1-87ae-c3d7072d108d,88.25778,,,4.6821,,,,,,,19204ca8-c802-4f83-bcdd-d568f66a75e9,2026-03-24,22:17:59.90,2026-03-24T15:17:59.9086080-07:00,2026-03-24T22:17:59.9086080Z,,v3,471377,471434,63251d0db23648cabd526fef61ffaec8,"Burke, Brendan",832137,Right,SAN_DON,fcfdfc7c-c569-493c-89d5-2c1f78bb48b6,54.71456,-128.4171,8.48171,5.42572,-3.18443,-10.98982,-0.91407,8.12494,-5.05665,,,,,,,,,,,,,,,,,,,,,,,,,,,,,,,,,,,,,,,,,,,,,,,,,,,High,High,High,,,,,,,,,,,,,,,,,,,,,,,,,,,,,,,,,,,,
24,2026-03-24,15:18:22.89,2,5,"Gonzales, Thomas",1000221041,Right,SAN_DON,"Dobie, Jayce",833435,Right,NEV_WOL,Undefined,1,Bottom,1,3,1,Slider,Slider,StrikeCalled,Undefined,Undefined,Undefined,0,0,,79.26352,1.771835,-0.389987,2271.888324,117.305944,10:00,5.15349,1.26618,5.13219,-40.94049,4.44673,-6.09764,3.41098,0.39077,73.09877,-5.681247,-1.468872,0.484884,,,,,,,,,,,,2.93815,2.16445,-1.22466,50,5.288,1.03262,-115.09659,2.12504,3.97639,19.57946,-29.24473,NEV_WOL,SAN_DON,DonWeirField,D1,MW,20260324-DonWeirField-2,5f43d2f0-27cf-11f1-87ae-c3d7072d108d,77.7349,,,6.16475,,,,,,,19204ca8-c802-4f83-bcdd-d568f66a75e9,2026-03-24,22:18:22.89,2026-03-24T15:18:22.8905984-07:00,2026-03-24T22:18:22.8905984Z,,v3,471377,471434,63251d0db23648cabd526fef61ffaec8,"Burke, Brendan",832137,Right,SAN_DON,97977914-d832-4239-8ee5-499408dd4e6e,55.36791,-116.00615,9.78973,5.15772,3.4836,-14.62237,-1.26834,0.8479,1.9882,,,,,,,,,,,,,,,,,,,,,,,,,,,,,,,,,,,,,,,,,,,,,,,,,,,High,High,High,,,,,,,,,,,,,,,,,,,,,,,,,,,,,,,,,,,,
25,2026-03-24,15:18:46.88,2,6,"Gonzales, Thomas",1000221041,Right,SAN_DON,"Dobie, Jayce",833435,Right,NEV_WOL,Undefined,1,Bottom,1,3,2,ChangeUp,Changeup,BallCalled,Walk,Undefined,Undefined,0,0,,79.61145,-1.309885,-4.834721,2039.04559,265.15398,2:45,5.10211,1.19636,5.56595,-41.63931,2.95693,18.98481,0.40392,-1.74883,73.60464,-8.896117,-1.456426,0.480641,,,,,,,,,,,,-11.04044,2.14169,-0.79187,50,4.96074,9.04878,-115.34231,-4.01156,-14.9604,20.27498,-29.27192,NEV_WOL,SAN_DON,DonWeirField,D1,MW,20260324-DonWeirField-2,6d8bfb80-27cf-11f1-87ae-c3d7072d108d,78.42124,,,6.00681,,,,,,,19204ca8-c802-4f83-bcdd-d568f66a75e9,2026-03-24,22:18:46.88,2026-03-24T15:18:46.8843008-07:00,2026-03-24T22:18:46.8843008Z,,v3,471377,471434,63251d0db23648cabd526fef61ffaec8,"Burke, Brendan",832137,Right,SAN_DON,c5f56815-7bde-43d3-a7f6-4e14bd91d517,54.93768,-116.20702,10.13749,5.10521,-2.76313,-14.63596,-1.1914,9.68682,-7.4802,,,,,,,,,,,,,,,,,,,,,,,,,,,,,,,,,,,,,,,,,,,,,,,,,,,High,High,High,,,,,,,,,,,,,,,,,,,,,,,,,,,,,,,,,,,,
26,2026-03-24,15:19:23.65,3,1,"Gonzales, Thomas",1000221041,Right,SAN_DON,"Matsuzaki, Lee",1000128685,Left,NEV_WOL,Undefined,1,Bottom,1,0,0,ChangeUp,Changeup,BallCalled,Undefined,Undefined,Undefined,0,0,,80.92357,-0.31249,-3.569227,2060.482089,262.606535,2:45,5.0626,1.20595,5.70535,-39.38124,2.60894,12.43154,1.4891,-1.08802,76.09771,-7.481437,-1.348461,0.466386,,,,,,,,,,,,-7.1413,1.65114,-0.91464,50,5.0111,6.88191,-117.68532,-1.93991,-10.2796,16.80265,-29.79731,NEV_WOL,SAN_DON,DonWeirField,D1,MW,20260324-DonWeirField-2,83756b20-27cf-11f1-87ae-c3d7072d108d,80.81817,,,4.82586,,,,,,,19204ca8-c802-4f83-bcdd-d568f66a75e9,2026-03-24,22:19:23.65,2026-03-24T15:19:23.6570112-07:00,2026-03-24T22:19:23.6570112Z,,v3,471377,471434,63251d0db23648cabd526fef61ffaec8,"Burke, Brendan",832137,Right,SAN_DON,45e1df42-aa27-4205-bf2b-9dd38855de12,54.79896,-118.36851,8.40133,5.06535,-0.72836,-14.89865,-1.20296,7.29988,-5.1398,,,,,,,,,,,,,,,,,,,,,,,,,,,,,,,,,,,,,,,,,,,,,,,,,,,High,High,High,,,,,,,,,,,,,,,,,,,,,,,,,,,,,,,,,,,,
27,2026-03-24,15:19:46.05,3,2,"Gonzales, Thomas",1000221041,Right,SAN_DON,"Matsuzaki, Lee",1000128685,Left,NEV_WOL,Undefined,1,Bottom,1,1,0,Curveball,Sinker,StrikeCalled,Undefined,Undefined,Undefined,0,0,,79.49703,1.715859,-3.138991,2001.942302,297.777266,4:00,5.02968,1.17539,5.5682,-52.88149,-7.73713,17.55304,2.22864,-0.29706,72.42458,-7.941693,-0.008611,0.483585,,,,,,,,,,,,-9.8291,-4.00012,-0.91646,50,5.14291,5.62952,-115.25028,1.64361,-13.11232,23.05308,-37.51034,NEV_WOL,SAN_DON,DonWeirField,D1,MW,20260324-DonWeirField-2,90da5fa0-27cf-11f1-87ae-c3d7072d108d,77.9437,,,7.07245,,,,,,,19204ca8-c802-4f83-bcdd-d568f66a75e9,2026-03-24,22:19:46.05,2026-03-24T15:19:46.0592640-07:00,2026-03-24T22:19:46.0592640Z,,v3,471377,471434,63251d0db23648cabd526fef61ffaec8,"Burke, Brendan",832137,Right,SAN_DON,0a0d7344-279c-4658-8ee5-d0114c319673,54.93412,-116.23304,11.52654,5.03876,3.24269,-18.75517,-1.16836,6.1885,-6.55616,,,,,,,,,,,,,,,,,,,,,,,,,,,,,,,,,,,,,,,,,,,,,,,,,,,High,High,High,,,,,,,,,,,,,,,,,,,,,,,,,,,,,,,,,,,,
28,2026-03-24,15:20:07.63,3,3,"Gonzales, Thomas",1000221041,Right,SAN_DON,"Matsuzaki, Lee",1000128685,Left,NEV_WOL,Undefined,1,Bottom,1,1,1,Curveball,Curveball,InPlay,Undefined,GroundBall,Out,2,0,,78.18137,1.245201,-1.124767,2394.787175,43.42172,7:30,5.14274,1.38767,5.28965,-50.34637,-3.19311,-4.52351,2.11686,-0.04558,71.23395,-7.926475,-1.928271,0.494228,78.4885,-7.391631,18.052433,,,,,20.62466,18.7673,17.093733,0.161134,1.93288,-1.57366,-1.28174,50,5.21911,2.40478,-113.39005,0.73331,2.49149,22.65559,-34.20253,NEV_WOL,SAN_DON,DonWeirField,D1,MW,20260324-DonWeirField-2,9db340c0-27cf-11f1-87ae-c3d7072d108d,76.2653,2.31783,,6.94742,,,,2.35146,2.31783,0.08793,19204ca8-c802-4f83-bcdd-d568f66a75e9,2026-03-24,22:20:07.63,2026-03-24T15:20:07.6316160-07:00,2026-03-24T22:20:07.6316160Z,GroundBall,v3,471377,471434,63251d0db23648cabd526fef61ffaec8,"Burke, Brendan",832137,Right,SAN_DON,051d162d-cc1b-4dcd-b00e-80727ccc1f8c,55.21072,-114.42643,11.3278,5.14978,2.2979,-17.10127,-1.38913,2.29081,1.24574,214.036005,2.35131,108.55241,-4.97202,,,,,,,2.31778,-14.80556,2.61962,,,,,,,0.08779,35.38821,10.49252,,,,,,,,,,,,,,,,,,,,,,,,,,,,,High,High,High,High,High,,,,,,,,,,,,,,,,,,,,,,,,,,,,,,,,,,
29,2026-03-24,15:22:36.52,1,1,"Dobie, Jayce",833435,Right,NEV_WOL,"Bellisimo, Matteo",813814,Right,SAN_DON,Undefined,2,Top,0,0,0,Slider,Cutter,StrikeSwinging,Undefined,Undefined,Undefined,0,0,,84.43825,-0.455251,-1.972428,2315.449874,194.425274,12:30,6.14683,1.57894,6.35708,-21.44733,16.7578,4.02358,3.94029,0.09816,77.75433,-4.521229,-1.244533,0.444869,,,,,,,,,,,,-2.59051,9.193,-1.43773,50,6.10348,4.07576,-122.76274,-1.55129,-3.98447,22.50808,-18.0343,NEV_WOL,SAN_DON,DonWeirField,D1,MW,20260324-DonWeirField-2,f67321d0-27cf-11f1-87ae-c3d7072d108d,84.72703,,,6.68393,,,,,,,19204ca8-c802-4f83-bcdd-d568f66a75e9,2026-03-24,22:22:36.52,2026-03-24T15:22:36.5271552-07:00,2026-03-24T22:22:36.5271552Z,,v3,471377,471434,63251d0db23648cabd526fef61ffaec8,"Snakenborg, Nate",833445,Right,NEV_WOL,4fab818c-a063-4fb5-959c-440de7ac7598,54.14132,-123.51971,11.25404,6.14545,-0.94478,-9.01715,-1.57705,4.20976,-1.99223,,,,,,,,,,,,,,,,,,,,,,,,,,,,,,,,,,,,,,,,,,,,,,,,,,,High,High,High,,,,,,,,,,,,,,,,,,,,,,,,,,,,,,,,,,,,
30,2026-03-24,15:22:53.58,1,2,"Dobie, Jayce",833435,Right,NEV_WOL,"Bellisimo, Matteo",813814,Right,SAN_DON,Undefined,2,Top,0,0,1,Slider,Slider,BallCalled,Undefined,Undefined,Undefined,0,0,,84.46989,-3.999628,-3.295884,2380.389094,197.332599,12:30,6.1212,1.43939,6.2405,-33.07273,5.73642,1.41713,-0.33627,-1.48603,78.14733,-10.075353,-3.039862,0.448372,,,,,,,,,,,,-1.65902,4.39496,-1.19441,50,5.80575,6.9967,-122.37823,-9.58283,-2.51766,23.99552,-25.50442,NEV_WOL,SAN_DON,DonWeirField,D1,MW,20260324-DonWeirField-2,008fc920-27d0-11f1-87ae-c3d7072d108d,84.06513,,,6.32256,,,,,,,19204ca8-c802-4f83-bcdd-d568f66a75e9,2026-03-24,22:22:53.58,2026-03-24T15:22:53.5839232-07:00,2026-03-24T22:22:53.5839232Z,,v3,471377,471434,63251d0db23648cabd526fef61ffaec8,"Snakenborg, Nate",833445,Right,NEV_WOL,fe8750b0-64ee-4735-bb07-48b7efbead04,54.26145,-123.21096,11.99776,6.12296,-8.69773,-12.75221,-1.43873,7.08408,-1.25883,,,,,,,,,,,,,,,,,,,,,,,,,,,,,,,,,,,,,,,,,,,,,,,,,,,High,High,High,,,,,,,,,,,,,,,,,,,,,,,,,,,,,,,,,,,,
31,2026-03-24,15:23:11.61,1,3,"Dobie, Jayce",833435,Right,NEV_WOL,"Bellisimo, Matteo",813814,Right,SAN_DON,Undefined,2,Top,0,1,1,Slider,Cutter,BallCalled,Undefined,Undefined,Undefined,0,0,,84.99457,-3.474145,-2.799756,2388.861738,193.472112,12:30,6.07193,1.52329,6.10686,-22.19304,16.14741,3.58563,1.00204,-0.76901,78.37713,-7.624168,-2.154304,0.445656,,,,,,,,,,,,-2.60768,9.64044,-1.31001,50,5.79274,5.89127,-123.23879,-8.13507,-4.02936,23.40749,-17.27771,NEV_WOL,SAN_DON,DonWeirField,D1,MW,20260324-DonWeirField-2,0b5581b0-27d0-11f1-87ae-c3d7072d108d,84.57738,,,6.61745,,,,,,,19204ca8-c802-4f83-bcdd-d568f66a75e9,2026-03-24,22:23:11.61,2026-03-24T15:23:11.6116480-07:00,2026-03-24T22:23:11.6116480Z,,v3,471377,471434,63251d0db23648cabd526fef61ffaec8,"Snakenborg, Nate",833445,Right,NEV_WOL,9db62a67-8ffd-4db3-a9aa-8765ae7f8669,54.39349,-124.07046,11.70375,6.07087,-7.52118,-8.63886,-1.52188,6.03444,-2.01468,,,,,,,,,,,,,,,,,,,,,,,,,,,,,,,,,,,,,,,,,,,,,,,,,,,High,High,High,,,,,,,,,,,,,,,,,,,,,,,,,,,,,,,,,,,,
32,2026-03-24,15:23:29.49,1,4,"Dobie, Jayce",833435,Right,NEV_WOL,"Bellisimo, Matteo",813814,Right,SAN_DON,Undefined,2,Top,0,2,1,Fastball,Four-Seam,InPlay,Undefined,FlyBall,Out,1,0,,88.68623,-2.076602,-2.462494,2209.046958,207.476077,1:00,6.09866,1.25725,6.79408,-16.20005,18.1432,8.86682,2.85067,-0.25287,81.13709,-5.209596,-0.845375,0.421786,96.74806,35.278489,21.272638,4962.232129,99.46638,80.10061,46.97262,291.60638,168.60089,31.458487,5.651426,-5.42457,10.5565,-1.10066,50,5.95747,5.2237,-128.87127,-5.05805,-9.11419,27.01143,-14.43738,NEV_WOL,SAN_DON,DonWeirField,D1,MW,20260324-DonWeirField-2,15f514a0-27d0-11f1-87ae-c3d7072d108d,89.3639,105.98359,,7.54914,,,,0.84538,2.77453,0.21802,19204ca8-c802-4f83-bcdd-d568f66a75e9,2026-03-24,22:23:29.49,2026-03-24T15:23:29.4938112-07:00,2026-03-24T22:23:29.4938112Z,FlyBall,v3,471377,471434,63251d0db23648cabd526fef61ffaec8,"Snakenborg, Nate",833445,Right,NEV_WOL,9aff4690-b029-4a95-a48d-3553ad84435b,53.70637,-129.6458,13.50571,6.09657,-4.64407,-7.21869,-1.2542,5.48504,-4.5571,198.090984,0.85211,107.8114,-32.96945,8.80388,-1.63481,0.17394,-0.0031,-0.00116,8E-05,2.7683,82.05997,-16.96325,-0.36726,0.47118,-0.14681,0.03054,-0.00364,0.00018,0.21874,42.01648,-4.87132,0.38967,0.10298,-0.04609,0.00796,-0.00065,2E-05,,,,,,,,,,,,,,,,,,,,,,,High,High,High,Medium,Low,,,,,,,,,,,,,,,,,,,,,,,,,,,,,,,,,,
33,2026-03-24,15:24:07.35,2,1,"Dobie, Jayce",833435,Right,NEV_WOL,"Walsh, Nick",832135,Left,SAN_DON,Undefined,2,Top,1,0,0,Fastball,Four-Seam,FoulBallNotFieldable,Undefined,Undefined,Undefined,0,0,,87.9509,-2.259368,-2.705388,2158.931352,207.105836,1:00,6.16969,1.28832,6.9639,-21.3121,13.13064,6.20713,2.33479,-0.65757,81.24569,-6.310055,-1.569552,0.422396,,,,,,,,,,,,-4.02618,7.91217,-1.12277,50,6.02213,5.82952,-127.87635,-5.59286,-6.71701,24.50767,-18.97394,NEV_WOL,SAN_DON,DonWeirField,D1,MW,20260324-DonWeirField-2,2c8ac9d0-27d0-11f1-87ae-c3d7072d108d,89.23474,,,6.70521,,,,,,,19204ca8-c802-4f83-bcdd-d568f66a75e9,2026-03-24,22:24:07.35,2026-03-24T15:24:07.3525760-07:00,2026-03-24T22:24:07.3525760Z,,v3,471377,471434,63251d0db23648cabd526fef61ffaec8,"Snakenborg, Nate",833445,Right,NEV_WOL,a9420969-816a-4c75-9855-881044e164a7,53.53712,-128.55245,12.25384,6.1692,-5.06941,-9.48697,-1.28615,6.01483,-3.35851,,,,,,,,,,,,,,,,,,,,,,,,,,,,,,,,,,,,,,,,,,,,,,,,,,,High,High,High,,,,,,,,,,,,,,,,,,,,,,,,,,,,,,,,,,,,
34,2026-03-24,15:24:27.91,2,2,"Dobie, Jayce",833435,Right,NEV_WOL,"Walsh, Nick",832135,Left,SAN_DON,Undefined,2,Top,1,0,1,ChangeUp,Changeup,BallCalled,Undefined,Undefined,Undefined,0,0,,82.64008,-2.983346,-2.171734,1466.709885,246.5729,2:15,5.87151,1.44706,6.97544,-31.99789,6.87256,13.35938,0.48702,0.58402,77.00923,-8.963898,0.27982,0.448726,,,,,,,,,,,,-7.74457,4.73217,-1.31733,50,5.67628,4.13831,-120.20285,-7.09708,-11.45314,20.94617,-25.17582,NEV_WOL,SAN_DON,DonWeirField,D1,MW,20260324-DonWeirField-2,38d21950-27d0-11f1-87ae-c3d7072d108d,83.99877,,,5.63084,,,,,,,19204ca8-c802-4f83-bcdd-d568f66a75e9,2026-03-24,22:24:27.91,2026-03-24T15:24:27.9184896-07:00,2026-03-24T22:24:27.9184896Z,,v3,471377,471434,63251d0db23648cabd526fef61ffaec8,"Snakenborg, Nate",833445,Right,NEV_WOL,c893f34a-d973-4124-9fa1-d42f57e85d26,53.5273,-120.81595,10.47308,5.87323,-6.36018,-12.58791,-1.44336,4.47354,-5.72657,,,,,,,,,,,,,,,,,,,,,,,,,,,,,,,,,,,,,,,,,,,,,,,,,,,High,High,High,,,,,,,,,,,,,,,,,,,,,,,,,,,,,,,,,,,,
35,2026-03-24,15:24:46.19,2,3,"Dobie, Jayce",833435,Right,NEV_WOL,"Walsh, Nick",832135,Left,SAN_DON,Undefined,2,Top,1,1,1,Curveball,Curveball,StrikeCalled,Undefined,Undefined,Undefined,0,0,,77.22971,1.411464,-1.442455,2207.084762,9.505142,6:15,6.0927,1.2752,6.15311,-55.08034,-8.94902,-1.72252,2.80745,-0.20135,71.45751,-8.709757,-1.753573,0.488843,,,,,,,,,,,,0.50346,-4.56957,-1.16471,50,6.17203,2.88919,-112.32896,1.08063,0.64554,19.67666,-38.03306,NEV_WOL,SAN_DON,DonWeirField,D1,MW,20260324-DonWeirField-2,43c104c0-27d0-11f1-87ae-c3d7072d108d,77.1054,,,5.7722,,,,,,,19204ca8-c802-4f83-bcdd-d568f66a75e9,2026-03-24,22:24:46.19,2026-03-24T15:24:46.1977600-07:00,2026-03-24T22:24:46.1977600Z,,v3,471377,471434,63251d0db23648cabd526fef61ffaec8,"Snakenborg, Nate",833445,Right,NEV_WOL,2daa2ae6-6be8-4b7b-9c2c-86f44421f732,54.34988,-113.08836,9.83833,6.102,2.54848,-19.01653,-1.27573,2.86427,0.32277,,,,,,,,,,,,,,,,,,,,,,,,,,,,,,,,,,,,,,,,,,,,,,,,,,,High,High,High,,,,,,,,,,,,,,,,,,,,,,,,,,,,,,,,,,,,
36,2026-03-24,15:25:03.76,2,4,"Dobie, Jayce",833435,Right,NEV_WOL,"Walsh, Nick",832135,Left,SAN_DON,Undefined,2,Top,1,1,2,Curveball,Curveball,BallCalled,Undefined,Undefined,Undefined,0,0,,78.66497,2.233585,-1.09558,2078.851734,351.982729,5:45,6.05712,1.24417,6.17291,-53.31751,-8.26237,1.37598,3.67833,0.34685,71.60081,-7.623781,-0.84711,0.483107,,,,,,,,,,,,-1.04154,-4.39882,-1.16192,50,6.20011,2.13294,-114.20822,2.77671,-1.36176,23.01695,-37.92531,NEV_WOL,SAN_DON,DonWeirField,D1,MW,20260324-DonWeirField-2,4e3764d0-27d0-11f1-87ae-c3d7072d108d,78.02082,,,7.06416,,,,,,,19204ca8-c802-4f83-bcdd-d568f66a75e9,2026-03-24,22:25:03.76,2026-03-24T15:25:03.7634560-07:00,2026-03-24T22:25:03.7634560Z,,v3,471377,471434,63251d0db23648cabd526fef61ffaec8,"Snakenborg, Nate",833445,Right,NEV_WOL,de296e96-d87d-4132-a613-e1cd8ce273e4,54.32703,-115.07697,11.50847,6.0683,4.20815,-18.96266,-1.2434,2.18434,-0.68088,,,,,,,,,,,,,,,,,,,,,,,,,,,,,,,,,,,,,,,,,,,,,,,,,,,High,High,High,,,,,,,,,,,,,,,,,,,,,,,,,,,,,,,,,,,,
37,2026-03-24,15:25:23.92,2,5,"Dobie, Jayce",833435,Right,NEV_WOL,"Walsh, Nick",832135,Left,SAN_DON,Undefined,2,Top,1,2,2,Curveball,Curveball,StrikeSwinging,Strikeout,Undefined,Undefined,0,0,,76.85922,0.000618,-1.770338,2203.540031,2.829024,6:00,6.03874,1.16861,6.19823,-58.6898,-11.94249,-0.66035,1.1485,-0.52121,71.13624,-10.750686,-1.889953,0.492096,,,,,,,,,,,,-0.1639,-5.88977,-1.03509,50,6.00897,3.47736,-111.78668,-1.75568,-0.20671,20.79357,-39.60139,NEV_WOL,SAN_DON,DonWeirField,D1,MW,20260324-DonWeirField-2,5a357650-27d0-11f1-87ae-c3d7072d108d,76.59573,,,5.72298,,,,,,,19204ca8-c802-4f83-bcdd-d568f66a75e9,2026-03-24,22:25:23.92,2026-03-24T15:25:23.9291392-07:00,2026-03-24T22:25:23.9291392Z,,v3,471377,471434,63251d0db23648cabd526fef61ffaec8,"Snakenborg, Nate",833445,Right,NEV_WOL,09852149-5456-4d1c-992e-24e66272539b,54.3059,-112.58478,10.39679,6.04718,-0.2357,-19.8007,-1.16871,3.4853,-0.10335,,,,,,,,,,,,,,,,,,,,,,,,,,,,,,,,,,,,,,,,,,,,,,,,,,,High,High,High,,,,,,,,,,,,,,,,,,,,,,,,,,,,,,,,,,,,
38,2026-03-24,15:25:59.46,3,1,"Dobie, Jayce",833435,Right,NEV_WOL,"Lewis, Jordan",702590,Right,SAN_DON,Undefined,2,Top,2,0,0,Slider,Slider,BallCalled,Undefined,Undefined,Undefined,0,0,,84.23081,0.088299,-2.460639,2419.4387,184.495041,12:15,6.01106,1.56638,6.17833,-27.34872,12.08572,0.84161,3.81362,-0.63727,76.17408,-5.073748,-2.309001,0.45197,,,,,,,,,,,,-1.20236,6.63622,-1.38074,50,6.00402,5.21545,-122.14785,-0.61563,-1.79447,26.79093,-22.2699,NEV_WOL,SAN_DON,DonWeirField,D1,MW,20260324-DonWeirField-2,6f677cd0-27d0-11f1-87ae-c3d7072d108d,83.39596,,,8.05673,,,,,,,19204ca8-c802-4f83-bcdd-d568f66a75e9,2026-03-24,22:25:59.46,2026-03-24T15:25:59.4685440-07:00,2026-03-24T22:25:59.4685440Z,,v3,471377,471434,63251d0db23648cabd526fef61ffaec8,"Snakenborg, Nate",833445,Right,NEV_WOL,bb3400d3-010e-49b5-ada4-daaee954e940,54.31688,-123.09104,13.39546,6.01189,0.16839,-11.13495,-1.56547,5.27863,-0.89723,,,,,,,,,,,,,,,,,,,,,,,,,,,,,,,,,,,,,,,,,,,,,,,,,,,High,High,High,,,,,,,,,,,,,,,,,,,,,,,,,,,,,,,,,,,,
39,2026-03-24,15:26:15.40,3,2,"Dobie, Jayce",833435,Right,NEV_WOL,"Lewis, Jordan",702590,Right,SAN_DON,Undefined,2,Top,2,1,0,ChangeUp,Changeup,BallCalled,Undefined,Undefined,Undefined,0,0,,83.38163,-0.398079,-1.089861,2274.17535,250.850931,2:15,6.05262,1.50087,6.30107,-33.41722,6.0937,14.00485,2.90101,1.66367,76.50556,-6.630844,1.445681,0.452408,,,,,,,,,,,,-7.75733,3.57382,-1.42799,50,6.007,1.81704,-121.28206,-1.83507,-11.52859,24.21351,-26.8628,NEV_WOL,SAN_DON,DonWeirField,D1,MW,20260324-DonWeirField-2,78dff4e0-27d0-11f1-87ae-c3d7072d108d,83.31518,,,6.87607,,,,,,,19204ca8-c802-4f83-bcdd-d568f66a75e9,2026-03-24,22:26:15.40,2026-03-24T15:26:15.4081280-07:00,2026-03-24T22:26:15.4081280Z,,v3,471377,471434,63251d0db23648cabd526fef61ffaec8,"Snakenborg, Nate",833445,Right,NEV_WOL,bf27f03d-f5c5-4adb-bd21-7e1e638ac322,54.20175,-122.11804,12.10676,6.05435,-0.90762,-13.4314,-1.4976,2.21507,-5.76429,,,,,,,,,,,,,,,,,,,,,,,,,,,,,,,,,,,,,,,,,,,,,,,,,,,High,High,High,,,,,,,,,,,,,,,,,,,,,,,,,,,,,,,,,,,,
40,2026-03-24,15:26:33.82,3,3,"Dobie, Jayce",833435,Right,NEV_WOL,"Lewis, Jordan",702590,Right,SAN_DON,Undefined,2,Top,2,2,0,Fastball,Cutter,InPlay,Undefined,GroundBall,Single,0,0,,88.28036,-2.161341,-2.654156,2352.325401,194.891929,12:30,6.16515,1.39086,6.70358,-20.32757,14.22729,3.51347,2.49196,-0.74486,81.45962,-6.01648,-2.014596,0.423083,96.9683,-0.438881,17.901528,2246.815927,,,,45.39515,44.34329,19.362748,0.327651,-2.54937,8.4026,-1.21581,50,6.01315,5.82057,-128.30363,-5.38921,-4.27965,24.78902,-18.06845,NEV_WOL,SAN_DON,DonWeirField,D1,MW,20260324-DonWeirField-2,83d7e100-27d0-11f1-87ae-c3d7072d108d,89.08988,2.41511,,6.82074,,,,0.53543,2.41511,0.72871,19204ca8-c802-4f83-bcdd-d568f66a75e9,2026-03-24,22:26:33.82,2026-03-24T15:26:33.8292736-07:00,2026-03-24T22:26:33.8292736Z,GroundBall,v3,471377,471434,63251d0db23648cabd526fef61ffaec8,"Snakenborg, Nate",833445,Right,NEV_WOL,9e5cd085-c16c-410d-9746-bd7f206637b4,53.79693,-129.03513,12.39451,6.16431,-4.85603,-9.03423,-1.38944,5.94686,-2.13982,300.949382,0.53991,135.14852,-18.61309,,,,,,,2.41857,-1.22987,-18.80663,,,,,,,0.72771,43.7552,-0.11671,,,,,,,,,,,,,,,,,,,,,,,,,,,,,High,High,High,High,High,,,,,,,,,,,,,,,,,,,,,,,,,,,,,,,,,,
41,2026-03-24,15:28:15.20,4,1,"Dobie, Jayce",833435,Right,NEV_WOL,"Landry, Isaiah",822879,Right,SAN_DON,Undefined,2,Top,2,0,0,Fastball,Four-Seam,InPlay,Undefined,GroundBall,Double,0,1,,88.53672,-1.957542,-1.603422,2025.361749,210.264753,1:00,6.17683,1.18847,6.67705,-21.67962,12.59024,6.77335,2.57806,0.28574,81.86329,-6.053876,-0.369272,0.421335,91.65543,-6.470693,-41.918835,,,,,24.70317,21.18609,-39.879699,0.173982,-4.00547,7.45804,-1.08383,50,6.03695,3.36101,-128.80864,-5.00335,-6.78946,24.52298,-19.53231,NEV_WOL,SAN_DON,DonWeirField,D1,MW,20260324-DonWeirField-2,c045b270-27d0-11f1-87ae-c3d7072d108d,89.45958,2.64025,,6.67343,,,,1.63532,2.64025,-0.28697,19204ca8-c802-4f83-bcdd-d568f66a75e9,2026-03-24,22:28:15.20,2026-03-24T15:28:15.2078336-07:00,2026-03-24T22:28:15.2078336Z,GroundBall,v3,471377,471434,63251d0db23648cabd526fef61ffaec8,"Snakenborg, Nate",833445,Right,NEV_WOL,dccd4f2c-78f2-4817-8977-088ffe6585d3,53.82419,-129.53466,12.26149,6.17652,-4.42509,-9.76616,-1.18631,3.56202,-3.39473,180,1.63053,99.56028,,,,,,,,2.64097,-15.17538,,,,,,,,-0.28267,-89.38943,,,,,,,,,,,,,,,,,,,,,,,,,,,,,,High,High,High,High,Medium,,,,,,,,,,,,,,,,,,,,,,,,,,,,,,,,,,
42,2026-03-24,15:29:01.83,5,1,"Dobie, Jayce",833435,Right,NEV_WOL,"Lewis, Jared",702591,Left,SAN_DON,Undefined,2,Top,2,0,0,Curveball,Curveball,StrikeCalled,Undefined,Undefined,Undefined,0,0,,77.60127,0.998362,-1.355273,2199.421651,359.603119,6:00,6.0673,1.54701,6.1589,-52.72979,-7.05079,0.05807,2.59582,0.29957,71.78981,-8.697948,-1.344776,0.48644,,,,,,,,,,,,-0.39366,-3.49071,-1.44416,50,6.11632,2.66842,-112.87595,0.35512,-0.50962,19.89667,-36.6928,NEV_WOL,SAN_DON,DonWeirField,D1,MW,20260324-DonWeirField-2,dc1599c0-27d0-11f1-87ae-c3d7072d108d,77.48623,,,5.81146,,,,,,,19204ca8-c802-4f83-bcdd-d568f66a75e9,2026-03-24,22:29:01.83,2026-03-24T15:29:01.8333184-07:00,2026-03-24T22:29:01.8333184Z,,v3,471377,471434,63251d0db23648cabd526fef61ffaec8,"Snakenborg, Nate",833445,Right,NEV_WOL,8c2cab95-acc3-47ca-84ba-20e9acd9f02a,54.34354,-113.639,9.94833,6.07572,1.76233,-18.3464,-1.54687,2.68796,-0.25481,,,,,,,,,,,,,,,,,,,,,,,,,,,,,,,,,,,,,,,,,,,,,,,,,,,High,High,High,,,,,,,,,,,,,,,,,,,,,,,,,,,,,,,,,,,,
43,2026-03-24,15:29:19.11,5,2,"Dobie, Jayce",833435,Right,NEV_WOL,"Lewis, Jared",702591,Left,SAN_DON,Undefined,2,Top,2,0,1,ChangeUp,Changeup,BallCalled,Undefined,Undefined,Undefined,0,0,,82.5922,-2.615935,-3.541959,1475.359784,253.815669,2:30,5.83089,1.5365,6.84526,-34.01742,5.29953,14.30627,0.60453,-0.50518,76.63108,-8.962927,-0.927565,0.451296,,,,,,,,,,,,-8.64776,3.78752,-1.31503,50,5.65054,6.97425,-119.98875,-6.39929,-12.69084,21.77724,-26.61573,NEV_WOL,SAN_DON,DonWeirField,D1,MW,20260324-DonWeirField-2,e65cfa90-27d0-11f1-87ae-c3d7072d108d,83.52045,,,5.96112,,,,,,,19204ca8-c802-4f83-bcdd-d568f66a75e9,2026-03-24,22:29:19.11,2026-03-24T15:29:19.1116288-07:00,2026-03-24T22:29:19.1116288Z,,v3,471377,471434,63251d0db23648cabd526fef61ffaec8,"Snakenborg, Nate",833445,Right,NEV_WOL,e11ce904-2966-4a35-8279-b5b150439fee,53.65808,-120.65084,10.88862,5.8328,-5.5901,-13.30786,-1.53293,7.36009,-6.34542,,,,,,,,,,,,,,,,,,,,,,,,,,,,,,,,,,,,,,,,,,,,,,,,,,,High,High,High,,,,,,,,,,,,,,,,,,,,,,,,,,,,,,,,,,,,
44,2026-03-24,15:29:39.86,5,3,"Dobie, Jayce",833435,Right,NEV_WOL,"Lewis, Jared",702591,Left,SAN_DON,Undefined,2,Top,2,1,1,ChangeUp,Changeup,FoulBallNotFieldable,Undefined,Undefined,Undefined,0,0,,82.52089,-1.0666,-3.249999,1506.369519,236.540536,2:00,5.88246,1.50074,6.45939,-29.65013,9.71882,13.21044,2.43016,-0.387,77.21246,-6.583602,-0.856203,0.451594,99.28508,26.204189,48.378983,3447.421602,67.49652,45.09776,86.85718,283.50247,240.8731,59.602376,3.928228,-7.70831,5.62788,-1.27689,50,5.79335,6.37179,-120.07631,-3.07998,-11.5002,18.48431,-23.77772,NEV_WOL,SAN_DON,DonWeirField,D1,MW,20260324-DonWeirField-2,f2be88d0-27d0-11f1-87ae-c3d7072d108d,83.46527,55.34058,,5.30843,,,,2.8635,2.71395,0.49462,19204ca8-c802-4f83-bcdd-d568f66a75e9,2026-03-24,22:29:39.86,2026-03-24T15:29:39.8640640-07:00,2026-03-24T22:29:39.8640640Z,FlyBall,v3,471377,471434,63251d0db23648cabd526fef61ffaec8,"Snakenborg, Nate",833445,Right,NEV_WOL,7c2877f5-ccc7-4f40-a5bd-fc3892c9dad6,54.04403,-120.69723,9.24215,5.8834,-2.28124,-11.88886,-1.49742,6.7581,-5.7501,,2.86499,86.7385,-25.1534,5.84826,-1.12756,0.11466,-0.00691,0.00308,-0.00043,2.71365,64.30843,-23.69202,3.21071,-0.68365,0.15097,-0.02856,0.00385,-0.00024,0.49445,97.67946,-7.9238,-0.82991,0.30724,0.02964,-0.05519,0.01312,-0.00096,,,,,,,,,,,,,,,,,,,,,,,High,High,High,Medium,Medium,,,,,,,,,,,,,,,,,,,,,,,,,,,,,,,,,,
45,2026-03-24,15:30:05.43,5,4,"Dobie, Jayce",833435,Right,NEV_WOL,"Lewis, Jared",702591,Left,SAN_DON,Undefined,2,Top,2,1,2,Curveball,Curveball,BallCalled,Undefined,Undefined,Undefined,0,0,,77.99828,1.68259,-0.192351,2272.96504,34.159168,7:15,6.06561,1.24369,6.18338,-52.47735,-7.07811,-5.7524,3.24666,0.58671,71.66939,-7.999355,-1.232009,0.484949,,,,,,,,,,,,2.9102,-3.66004,-1.22643,50,6.16661,0.58757,-113.39681,1.71448,3.78235,21.0934,-36.93094,NEV_WOL,SAN_DON,DonWeirField,D1,MW,20260324-DonWeirField-2,021e14d0-27d1-11f1-87ae-c3d7072d108d,77.72462,,,6.32889,,,,,,,19204ca8-c802-4f83-bcdd-d568f66a75e9,2026-03-24,22:30:05.43,2026-03-24T15:30:05.4378496-07:00,2026-03-24T22:30:05.4378496Z,,v3,471377,471434,63251d0db23648cabd526fef61ffaec8,"Snakenborg, Nate",833445,Right,NEV_WOL,f00fb06a-bec2-4a0b-8616-1a692bc94746,54.31812,-114.19721,10.5467,6.07497,3.11585,-18.46547,-1.246,0.44404,1.89117,,,,,,,,,,,,,,,,,,,,,,,,,,,,,,,,,,,,,,,,,,,,,,,,,,,High,High,High,,,,,,,,,,,,,,,,,,,,,,,,,,,,,,,,,,,,
46,2026-03-24,15:30:24.70,5,5,"Dobie, Jayce",833435,Right,NEV_WOL,"Lewis, Jared",702591,Left,SAN_DON,Undefined,2,Top,2,2,2,Curveball,Curveball,FoulBallNotFieldable,Undefined,Undefined,Undefined,0,0,,76.0451,1.640647,-0.020861,2257.550518,37.737784,7:15,6.00428,1.27984,6.0897,-56.31897,-8.33276,-7.6039,2.82911,0.62689,69.90952,-8.721915,-1.393249,0.498574,65.19742,48.52152,-118.502213,5735.377898,,,,,22.54763,,,3.9391,-4.39044,-1.27418,50,6.10089,0.30269,-110.55816,1.47082,4.85755,20.38799,-37.58818,NEV_WOL,SAN_DON,DonWeirField,D1,MW,20260324-DonWeirField-2,0d856490-27d1-11f1-87ae-c3d7072d108d,75.60049,25.22566,,6.13559,,,,1.16608,2.89841,-0.68222,19204ca8-c802-4f83-bcdd-d568f66a75e9,2026-03-24,22:30:24.70,2026-03-24T15:30:24.7053824-07:00,2026-03-24T22:30:24.7053824Z,,v3,471377,471434,63251d0db23648cabd526fef61ffaec8,"Snakenborg, Nate",833445,Right,NEV_WOL,23bf9792-0d16-4fcc-ab11-2279fd88104b,54.41322,-111.36903,10.194,6.01267,2.96577,-18.79409,-1.28237,0.10949,2.42877,,1.17712,-30.62776,-5.76053,,,,,,,2.91147,71.16808,-29.72785,,,,,,,-0.68938,-55.40006,11.16302,,,,,,,,,,,,,,,,,,,,,,,,,,,,,High,High,High,Medium,Undefined,,,,,,,,,,,,,,,,,,,,,,,,,,,,,,,,,,
47,2026-03-24,15:30:50.37,5,6,"Dobie, Jayce",833435,Right,NEV_WOL,"Lewis, Jared",702591,Left,SAN_DON,Undefined,2,Top,2,2,2,Slider,Cutter,FoulBallNotFieldable,Undefined,Undefined,Undefined,0,0,,83.57219,-2.268283,-2.714159,2339.323072,198.482357,12:30,5.99439,1.48468,6.3269,-22.47556,17.27501,5.31418,2.02913,-0.57382,75.98158,-6.540745,-1.75368,0.453778,36.85303,-11.245071,41.336309,,,,,7.35786,6.53595,47.269073,0.098971,-3.61701,10.10725,-1.28901,50,5.81794,5.55081,-121.19898,-5.40266,-5.3287,25.79767,-17.28365,NEV_WOL,SAN_DON,DonWeirField,D1,MW,20260324-DonWeirField-2,1cc75670-27d1-11f1-87ae-c3d7072d108d,83.06368,1.0488,,7.59061,,,,1.03199,1.0488,1.92067,19204ca8-c802-4f83-bcdd-d568f66a75e9,2026-03-24,22:30:50.37,2026-03-24T15:30:50.3708672-07:00,2026-03-24T22:30:50.3708672Z,GroundBall,v3,471377,471434,63251d0db23648cabd526fef61ffaec8,"Snakenborg, Nate",833445,Right,NEV_WOL,a39eacec-c6cb-49e7-acdd-d7e2fd86c208,54.17201,-122.08377,12.89884,5.99307,-4.80988,-8.64182,-1.48252,5.73357,-2.66435,180,1.02857,40.01922,,,,,,,,1.0497,-10.59704,,,,,,,,1.91766,35.2027,,,,,,,,,,,,,,,,,,,,,,,,,,,,,,High,High,High,High,High,,,,,,,,,,,,,,,,,,,,,,,,,,,,,,,,,,
48,2026-03-24,15:31:28.98,5,7,"Dobie, Jayce",833435,Right,NEV_WOL,"Lewis, Jared",702591,Left,SAN_DON,Undefined,2,Top,2,2,2,Curveball,Curveball,BallCalled,Undefined,Undefined,Undefined,0,0,,78.28023,-2.257837,-1.759054,2151.225233,0.526998,6:00,5.95724,1.36759,6.3008,-55.27456,-10.09253,-0.10598,-0.7313,-0.26246,72.46529,-12.353557,-1.778328,0.483787,,,,,,,,,,,,-0.47984,-4.44067,-1.23835,50,5.764,3.4964,-113.73661,-6.10105,-0.62271,22.66411,-37.93704,NEV_WOL,SAN_DON,DonWeirField,D1,MW,20260324-DonWeirField-2,33c8ecd0-27d1-11f1-87ae-c3d7072d108d,77.91122,,,5.81494,,,,,,,19204ca8-c802-4f83-bcdd-d568f66a75e9,2026-03-24,22:31:28.98,2026-03-24T15:31:28.9820672-07:00,2026-03-24T22:31:28.9820672Z,,v3,471377,471434,63251d0db23648cabd526fef61ffaec8,"Snakenborg, Nate",833445,Right,NEV_WOL,220a690c-8346-4c62-89f3-12e7b01ba4ab,54.20343,-114.57116,11.33205,5.96293,-4.70411,-18.96852,-1.36752,3.51933,-0.31135,,,,,,,,,,,,,,,,,,,,,,,,,,,,,,,,,,,,,,,,,,,,,,,,,,,High,High,High,,,,,,,,,,,,,,,,,,,,,,,,,,,,,,,,,,,,
49,2026-03-24,15:31:52.13,5,8,"Dobie, Jayce",833435,Right,NEV_WOL,"Lewis, Jared",702591,Left,SAN_DON,Undefined,2,Top,2,3,2,Fastball,Four-Seam,BallCalled,Walk,Undefined,Undefined,0,0,,88.76668,-3.72838,-2.902484,1929.149902,211.643865,1:00,6.00922,1.37793,6.70652,-20.99816,12.55257,7.26059,0.84141,-0.67296,83.79629,-7.640235,-1.580198,0.416891,,,,,,,,,,,,-4.47252,7.64571,-1.18819,50,5.75256,6.29966,-129.07923,-9.01224,-7.77334,19.26338,-18.8857,NEV_WOL,SAN_DON,DonWeirField,D1,MW,20260324-DonWeirField-2,418d8d80-27d1-11f1-87ae-c3d7072d108d,90.41321,,,4.97039,,,,,,,19204ca8-c802-4f83-bcdd-d568f66a75e9,2026-03-24,22:31:52.13,2026-03-24T15:31:52.1322496-07:00,2026-03-24T22:31:52.1322496Z,,v3,471377,471434,63251d0db23648cabd526fef61ffaec8,"Snakenborg, Nate",833445,Right,NEV_WOL,79a00382-21d9-4b10-b733-f5071f82f0be,53.79774,-129.64475,9.63169,6.009,-8.4578,-9.44285,-1.37648,6.52787,-3.88667,,,,,,,,,,,,,,,,,,,,,,,,,,,,,,,,,,,,,,,,,,,,,,,,,,,High,High,High,,,,,,,,,,,,,,,,,,,,,,,,,,,,,,,,,,,,
50,2026-03-24,15:32:23.99,6,1,"Dobie, Jayce",833435,Right,NEV_WOL,"Rogers, TJ",1000114247,Right,SAN_DON,Undefined,2,Top,2,0,0,Curveball,Curveball,StrikeCalled,Undefined,Undefined,Undefined,0,0,,76.40037,1.91754,-0.405181,2112.375786,20.271695,6:45,6.10416,1.18563,6.08772,-54.00956,-7.00363,-3.06477,3.37794,0.55541,70.92085,-8.002309,-0.957939,0.493455,,,,,,,,,,,,1.4787,-3.67488,-1.15279,50,6.22364,0.8933,-111.16326,2.07742,1.86774,18.1674,-36.81581,NEV_WOL,SAN_DON,DonWeirField,D1,MW,20260324-DonWeirField-2,549d2930-27d1-11f1-87ae-c3d7072d108d,76.38471,,,5.47952,,,,,,,19204ca8-c802-4f83-bcdd-d568f66a75e9,2026-03-24,22:32:23.99,2026-03-24T15:32:23.9900672-07:00,2026-03-24T22:32:23.9900672Z,,v3,471377,471434,63251d0db23648cabd526fef61ffaec8,"Snakenborg, Nate",833445,Right,NEV_WOL,42bf9a68-4b9a-4432-8dd1-10e486bd9059,54.41544,-111.88255,9.0837,6.11254,3.53504,-18.40791,-1.1867,0.81935,0.93387,,,,,,,,,,,,,,,,,,,,,,,,,,,,,,,,,,,,,,,,,,,,,,,,,,,High,High,High,,,,,,,,,,,,,,,,,,,,,,,,,,,,,,,,,,,,
51,2026-03-24,15:32:42.15,6,2,"Dobie, Jayce",833435,Right,NEV_WOL,"Rogers, TJ",1000114247,Right,SAN_DON,Undefined,2,Top,2,0,1,Fastball,Four-Seam,StrikeCalled,Undefined,Undefined,Undefined,0,0,,89.16733,-1.976237,-2.607326,1994.837824,209.173282,1:00,6.0253,1.40107,6.94172,-21.0782,12.42174,6.39516,2.46749,-0.44075,82.38222,-5.980573,-1.437469,0.416575,,,,,,,,,,,,-4.07858,7.43615,-1.2406,50,5.89454,5.67867,-129.67365,-5.02848,-7.00359,24.96157,-19.40497,NEV_WOL,SAN_DON,DonWeirField,D1,MW,20260324-DonWeirField-2,5f60e5f0-27d1-11f1-87ae-c3d7072d108d,90.48175,,,6.78511,,,,,,,19204ca8-c802-4f83-bcdd-d568f66a75e9,2026-03-24,22:32:42.15,2026-03-24T15:32:42.1527552-07:00,2026-03-24T22:32:42.1527552Z,,v3,471377,471434,63251d0db23648cabd526fef61ffaec8,"Snakenborg, Nate",833445,Right,NEV_WOL,eacbfe77-0c8f-4d6e-a967-c1af1bced30e,53.55885,-130.35691,12.48078,6.02491,-4.49732,-9.70249,-1.39866,5.87037,-3.5018,,,,,,,,,,,,,,,,,,,,,,,,,,,,,,,,,,,,,,,,,,,,,,,,,,,High,High,High,,,,,,,,,,,,,,,,,,,,,,,,,,,,,,,,,,,,
52,2026-03-24,15:33:03.51,6,3,"Dobie, Jayce",833435,Right,NEV_WOL,"Rogers, TJ",1000114247,Right,SAN_DON,Undefined,2,Top,2,0,2,ChangeUp,Changeup,FoulBallNotFieldable,Undefined,Undefined,Undefined,0,0,,84.87517,-0.931132,-2.265635,2362.785398,255.802097,2:30,6.00907,1.49177,6.36407,-33.07813,5.05166,15.18599,2.39494,0.67122,77.79773,-7.100047,0.486129,0.44443,,,,,,,,,,,,-8.62264,3.23736,-1.33487,50,5.92619,4.32148,-123.34675,-3.01089,-13.25108,25.10571,-27.19895,NEV_WOL,SAN_DON,DonWeirField,D1,MW,20260324-DonWeirField-2,6c1cf040-27d1-11f1-87ae-c3d7072d108d,84.81071,,,7.07744,,,,,,,19204ca8-c802-4f83-bcdd-d568f66a75e9,2026-03-24,22:33:03.51,2026-03-24T15:33:03.5171328-07:00,2026-03-24T22:33:03.5171328Z,,v3,471377,471434,63251d0db23648cabd526fef61ffaec8,"Snakenborg, Nate",833445,Right,NEV_WOL,fc89443d-6cc8-49c0-9422-13e574033e7e,54.13723,-124.18598,12.55285,6.01164,-2.10169,-13.59948,-1.48673,4.76443,-6.62554,,,,,,,,,,,,,,,,,,,,,,,,,,,,,,,,,,,,,,,,,,,,,,,,,,,High,High,High,,,,,,,,,,,,,,,,,,,,,,,,,,,,,,,,,,,,
53,2026-03-24,15:33:27.55,6,4,"Dobie, Jayce",833435,Right,NEV_WOL,"Rogers, TJ",1000114247,Right,SAN_DON,Undefined,2,Top,2,0,2,Curveball,Curveball,InPlay,Undefined,FlyBall,Out,1,0,,77.50052,1.874985,-1.054525,2101.71576,355.556313,5:45,5.92881,1.45078,6.33531,-55.18794,-9.83406,0.86343,3.05712,0.55166,71.82779,-8.299101,-0.898033,0.484706,84.5985,33.437743,-18.461256,2312.285876,104.2461,62.22431,-35.11049,347.54603,340.43566,-20.465143,4.869333,-0.7261,-5.27874,-1.37439,50,6.03924,2.0471,-112.79059,2.06118,-0.94134,19.28609,-39.01768,NEV_WOL,SAN_DON,DonWeirField,D1,MW,20260324-DonWeirField-2,7a7ce690-27d1-11f1-87ae-c3d7072d108d,77.76347,78.08068,,5.67274,,,,1.21301,3.10752,-0.56813,19204ca8-c802-4f83-bcdd-d568f66a75e9,2026-03-24,22:33:27.55,2026-03-24T15:33:27.5534336-07:00,2026-03-24T22:33:27.5534336Z,FlyBall,v3,471377,471434,63251d0db23648cabd526fef61ffaec8,"Snakenborg, Nate",833445,Right,NEV_WOL,f464a2e0-81f7-4e18-bec0-92e4f640febe,54.16884,-113.50118,9.64304,5.93681,3.49878,-19.50884,-1.45045,2.08178,-0.47067,180.974263,1.21511,98.16148,-14.02388,2.65064,-0.18573,-0.09254,0.03545,-0.00498,0.00026,3.10449,68.43596,-17.64953,1.46694,-0.46203,0.13416,-0.02037,0.0012,-0,-0.56882,-32.76753,4.88897,-1.20027,0.10744,0.04361,-0.01972,0.00304,-0.00017,,,,,,,,,,,,,,,,,,,,,,,High,High,High,High,Medium,,,,,,,,,,,,,,,,,,,,,,,,,,,,,,,,,,
54,2026-03-24,15:35:39.55,1,1,"Gonzales, Thomas",1000221041,Right,SAN_DON,"Doyle, Jacob",833448,Right,NEV_WOL,Undefined,2,Bottom,0,0,0,Fastball,Sinker,StrikeCalled,Undefined,Undefined,Undefined,0,0,,88.69984,-1.415666,-3.249941,2072.482613,225.842844,1:30,5.50752,0.81872,5.80414,-21.96391,13.01579,12.48272,2.35821,-1.16682,82.72644,-5.484433,-1.017002,0.425676,,,,,,,,,,,,-7.10209,7.25181,-0.55929,50,5.3778,6.80576,-128.91472,-3.9199,-12.21506,21.26199,-19.70144,NEV_WOL,SAN_DON,DonWeirField,D1,MW,20260324-DonWeirField-2,c92661e0-27d1-11f1-87ae-c3d7072d108d,88.54718,,,5.9734,,,,,,,19204ca8-c802-4f83-bcdd-d568f66a75e9,2026-03-24,22:35:39.55,2026-03-24T15:35:39.5505664-07:00,2026-03-24T22:35:39.5505664Z,,v3,471377,471434,63251d0db23648cabd526fef61ffaec8,"Burke, Brendan",832137,Right,SAN_DON,1527f1fe-44eb-492d-85d7-5412bd577397,54.69789,-129.68723,10.63099,5.50721,-3.20409,-9.85072,-0.81463,7.24957,-6.10753,,,,,,,,,,,,,,,,,,,,,,,,,,,,,,,,,,,,,,,,,,,,,,,,,,,High,High,High,,,,,,,,,,,,,,,,,,,,,,,,,,,,,,,,,,,,
55,2026-03-24,15:35:55.00,1,2,"Gonzales, Thomas",1000221041,Right,SAN_DON,"Doyle, Jacob",833448,Right,NEV_WOL,Undefined,2,Bottom,0,0,1,Fastball,Sinker,BallCalled,Undefined,Undefined,Undefined,0,0,,89.68042,-1.092242,-4.555418,1997.886154,245.76847,2:15,5.5139,0.81805,5.66069,-25.27789,9.12701,18.36336,2.38551,-1.90869,83.76659,-5.734032,-1.285542,0.422164,,,,,,,,,,,,-10.31965,5.1426,-0.44395,50,5.40492,9.59614,-130.1975,-3.38922,-18.15296,20.97723,-23.12789,NEV_WOL,SAN_DON,DonWeirField,D1,MW,20260324-DonWeirField-2,d2583400-27d1-11f1-87ae-c3d7072d108d,89.28378,,,5.91383,,,,,,,19204ca8-c802-4f83-bcdd-d568f66a75e9,2026-03-24,22:35:55.00,2026-03-24T15:35:55.0044160-07:00,2026-03-24T22:35:55.0044160Z,,v3,471377,471434,63251d0db23648cabd526fef61ffaec8,"Burke, Brendan",832137,Right,SAN_DON,82b3aa5e-d7b5-448e-aed0-bb9f2df84ad8,54.84273,-130.97542,10.48862,5.51471,-2.53153,-11.56394,-0.8123,10.26934,-9.07648,,,,,,,,,,,,,,,,,,,,,,,,,,,,,,,,,,,,,,,,,,,,,,,,,,,High,High,High,,,,,,,,,,,,,,,,,,,,,,,,,,,,,,,,,,,,
56,2026-03-24,15:36:14.21,1,3,"Gonzales, Thomas",1000221041,Right,SAN_DON,"Doyle, Jacob",833448,Right,NEV_WOL,Undefined,2,Bottom,0,1,1,ChangeUp,Changeup,BallCalled,Undefined,Undefined,Undefined,0,0,,80.21704,-0.259455,-4.211445,2014.061741,254.255674,2:30,5.20075,1.10158,5.45303,-37.40309,6.62398,18.77851,1.84028,-1.28321,73.90312,-7.105662,-0.876688,0.477564,,,,,,,,,,,,-10.58938,3.79217,-0.74292,50,5.15195,7.82204,-116.2929,-1.77932,-14.59772,20.45706,-26.94644,NEV_WOL,SAN_DON,DonWeirField,D1,MW,20260324-DonWeirField-2,ddcd8d80-27d1-11f1-87ae-c3d7072d108d,78.9265,,,6.31392,,,,,,,19204ca8-c802-4f83-bcdd-d568f66a75e9,2026-03-24,22:36:14.21,2026-03-24T15:36:14.2111232-07:00,2026-03-24T22:36:14.2111232Z,,v3,471377,471434,63251d0db23648cabd526fef61ffaec8,"Burke, Brendan",832137,Right,SAN_DON,2a6ea3a0-6a30-476a-acb3-8abdb4dbb929,55.04862,-117.17763,10.22853,5.2037,-0.61392,-13.47322,-1.09486,8.45337,-7.29886,,,,,,,,,,,,,,,,,,,,,,,,,,,,,,,,,,,,,,,,,,,,,,,,,,,High,High,High,,,,,,,,,,,,,,,,,,,,,,,,,,,,,,,,,,,,
57,2026-03-24,15:36:33.28,1,4,"Gonzales, Thomas",1000221041,Right,SAN_DON,"Doyle, Jacob",833448,Right,NEV_WOL,Undefined,2,Bottom,0,2,1,Fastball,Sinker,InPlay,Undefined,Popup,Double,0,0,,88.89424,-0.606443,-2.382083,1997.682611,245.366775,2:15,5.48041,0.93973,5.80282,-26.36868,9.30985,17.70544,2.71849,0.19845,80.85259,-5.522885,0.789786,0.429907,87.72233,37.169554,4.13838,,109.25708,75.03138,12.75971,303.15662,279.49995,10.658531,5.533753,-9.76166,5.27803,-0.75484,50,5.41491,4.61404,-128.99694,-2.25945,-16.34399,28.4235,-23.33704,NEV_WOL,SAN_DON,DonWeirField,D1,MW,20260324-DonWeirField-2,e9265e50-27d1-11f1-87ae-c3d7072d108d,87.67571,95.38036,,8.04164,,,,0.87706,2.6974,-0.21545,19204ca8-c802-4f83-bcdd-d568f66a75e9,2026-03-24,22:36:33.28,2026-03-24T15:36:33.2813312-07:00,2026-03-24T22:36:33.2813312Z,FlyBall,v3,471377,471434,63251d0db23648cabd526fef61ffaec8,"Burke, Brendan",832137,Right,SAN_DON,21c60f71-8be3-42f7-9c3a-3315ec32b240,54.697,-130.02777,14.21175,5.4815,-1.41308,-11.66852,-0.93292,5.20678,-8.172,199.468273,0.88577,102.08623,-18.72143,2.93983,0.09775,-0.24607,0.06762,-0.00787,0.00034,2.69523,77.76153,-19.0792,1.65327,-0.31025,0.02918,0.0087,-0.00237,0.00016,-0.2171,7.42569,2.7882,-0.83403,0.05415,0.03555,-0.01,0.00089,-2E-05,,,,,,,,,,,,,,,,,,,,,,,High,High,High,High,Medium,,,,,,,,,,,,,,,,,,,,,,,,,,,,,,,,,,
58,2026-03-24,15:37:22.73,2,1,"Gonzales, Thomas",1000221041,Right,SAN_DON,"Harvey, Jake",833440,Right,NEV_WOL,Undefined,2,Bottom,0,0,0,Slider,Slider,BallCalled,Undefined,Undefined,Undefined,0,0,,80.46296,0.098023,-2.302035,2370.596814,86.907,9:00,5.15855,1.3854,5.23183,-43.20431,1.14583,-4.73685,1.65042,-1.17444,73.83306,-7.755224,-3.141616,0.479313,,,,,,,,,,,,1.72087,0.94252,-1.16962,50,5.13523,4.88485,-116.70703,-1.32674,2.36801,22.43702,-30.87711,NEV_WOL,SAN_DON,DonWeirField,D1,MW,20260324-DonWeirField-2,06af6750-27d2-11f1-87ae-c3d7072d108d,78.63853,,,6.6299,,,,,,,19204ca8-c802-4f83-bcdd-d568f66a75e9,2026-03-24,22:37:22.73,2026-03-24T15:37:22.7372544-07:00,2026-03-24T22:37:22.7372544Z,,v3,471377,471434,63251d0db23648cabd526fef61ffaec8,"Burke, Brendan",832137,Right,SAN_DON,fc1dcd25-43eb-48bb-8de2-a851646bb60c,55.26814,-117.71548,11.21851,5.16368,0.06106,-15.43855,-1.38678,4.77842,1.18401,,,,,,,,,,,,,,,,,,,,,,,,,,,,,,,,,,,,,,,,,,,,,,,,,,,High,High,High,,,,,,,,,,,,,,,,,,,,,,,,,,,,,,,,,,,,
59,2026-03-24,15:37:40.43,2,2,"Gonzales, Thomas",1000221041,Right,SAN_DON,"Harvey, Jake",833440,Right,NEV_WOL,Undefined,2,Bottom,0,1,0,Fastball,Changeup,StrikeCalled,Undefined,Undefined,Undefined,0,0,,86.62344,-0.952173,-2.477426,1973.208224,241.999337,2:00,5.34601,0.94581,5.72886,-27.50584,9.2439,15.6193,2.16615,-0.06135,80.8352,-6.011483,0.316888,0.436314,,,,,,,,,,,,-8.54504,5.21764,-0.74902,50,5.24932,4.81951,-125.99846,-3.03288,-14.02332,20.59346,-23.61139,NEV_WOL,SAN_DON,DonWeirField,D1,MW,20260324-DonWeirField-2,1131fc60-27d2-11f1-87ae-c3d7072d108d,86.38843,,,5.78824,,,,,,,19204ca8-c802-4f83-bcdd-d568f66a75e9,2026-03-24,22:37:40.43,2026-03-24T15:37:40.4319744-07:00,2026-03-24T22:37:40.4319744Z,,v3,471377,471434,63251d0db23648cabd526fef61ffaec8,"Burke, Brendan",832137,Right,SAN_DON,39b404ae-9c55-4d73-a355-2037be837c0a,54.77387,-126.77631,10.29673,5.34703,-2.14104,-11.8057,-0.94107,5.34919,-7.01166,,,,,,,,,,,,,,,,,,,,,,,,,,,,,,,,,,,,,,,,,,,,,,,,,,,High,High,High,,,,,,,,,,,,,,,,,,,,,,,,,,,,,,,,,,,,
60,2026-03-24,15:38:22.36,2,3,"Gonzales, Thomas",1000221041,Right,SAN_DON,"Harvey, Jake",833440,Right,NEV_WOL,Undefined,2,Bottom,0,1,1,Fastball,Changeup,StrikeCalled,Undefined,Undefined,Undefined,0,0,,87.29972,-1.200481,-3.073551,1953.947136,242.086563,2:00,5.47856,0.88324,5.80828,-26.58281,10.22536,17.09481,2.14517,-0.55319,79.92432,-6.142631,-0.012621,0.43666,,,,,,,,,,,,-9.57004,5.90552,-0.64119,50,5.36414,6.08709,-126.66309,-3.54158,-15.5566,25.72543,-22.57437,NEV_WOL,SAN_DON,DonWeirField,D1,MW,20260324-DonWeirField-2,2a27e8b0-27d2-11f1-87ae-c3d7072d108d,86.31987,,,7.37541,,,,,,,19204ca8-c802-4f83-bcdd-d568f66a75e9,2026-03-24,22:38:22.36,2026-03-24T15:38:22.3604224-07:00,2026-03-24T22:38:22.3604224Z,,v3,471377,471434,63251d0db23648cabd526fef61ffaec8,"Burke, Brendan",832137,Right,SAN_DON,ce85f269-38f2-4ed5-9e18-2378e802219c,54.6917,-127.61243,12.86271,5.47947,-2.70853,-11.28718,-0.87642,6.66117,-7.7783,,,,,,,,,,,,,,,,,,,,,,,,,,,,,,,,,,,,,,,,,,,,,,,,,,,High,High,High,,,,,,,,,,,,,,,,,,,,,,,,,,,,,,,,,,,,
61,2026-03-24,15:38:41.01,2,4,"Gonzales, Thomas",1000221041,Right,SAN_DON,"Harvey, Jake",833440,Right,NEV_WOL,Undefined,2,Bottom,0,1,2,Slider,Slider,InPlay,Undefined,GroundBall,Single,0,1,,79.50118,2.040001,-1.109902,2427.135595,98.188795,9:15,5.2421,1.25979,5.13618,-43.04849,2.26134,-6.36422,3.57693,-0.31587,73.05576,-5.79367,-2.235577,0.484471,96.68018,-1.149858,16.174918,2667.405405,,,,50.9757,49.59885,18.1522,0.376184,2.8848,0.97146,-1.15054,50,5.4,2.49465,-115.37019,2.59136,3.90576,20.55421,-30.85876,NEV_WOL,SAN_DON,DonWeirField,D1,MW,20260324-DonWeirField-2,354f7050-27d2-11f1-87ae-c3d7072d108d,77.80123,3.46193,,6.44542,,,,0.37067,3.46193,0.35205,19204ca8-c802-4f83-bcdd-d568f66a75e9,2026-03-24,22:38:41.01,2026-03-24T15:38:41.0187776-07:00,2026-03-24T22:38:41.0187776Z,GroundBall,v3,471377,471434,63251d0db23648cabd526fef61ffaec8,"Burke, Brendan",832137,Right,SAN_DON,12be2bdb-0edc-45e0-867f-d178ee8fc0e3,55.36431,-116.32196,10.2771,5.24693,4.02028,-15.42938,-1.26187,2.31379,1.95288,279.352028,0.37944,135.84605,-21.56832,,,,,,,3.46631,-3.00094,-16.54696,,,,,,,0.34719,39.66632,4.3575,,,,,,,,,,,,,,,,,,,,,,,,,,,,,High,High,High,High,High,,,,,,,,,,,,,,,,,,,,,,,,,,,,,,,,,,
62,2026-03-24,15:39:28.38,3,1,"Gonzales, Thomas",1000221041,Right,SAN_DON,"Cruz Jr., Mikey",1000138361,Right,NEV_WOL,Undefined,2,Bottom,0,0,0,Fastball,Changeup,FoulBallNotFieldable,Undefined,Undefined,Undefined,0,0,,86.48749,-0.455808,-2.384122,1983.055881,243.073941,2:00,5.52861,0.91998,5.85525,-26.87966,9.95701,17.65725,2.86476,0.17497,80.29731,-5.430544,0.781972,0.436829,67.98749,26.271878,162.819437,3869.942658,,,,,46.52728,,,-9.64855,5.51063,-0.73695,50,5.47564,4.53397,-125.79361,-1.88822,-15.70516,21.73189,-23.20426,NEV_WOL,SAN_DON,DonWeirField,D1,MW,20260324-DonWeirField-2,518b5fe0-27d2-11f1-87ae-c3d7072d108d,86.28649,20.56876,,6.19019,,,,1.01054,2.8468,-0.17429,19204ca8-c802-4f83-bcdd-d568f66a75e9,2026-03-24,22:39:28.38,2026-03-24T15:39:28.3876352-07:00,2026-03-24T22:39:28.3876352Z,,v3,471377,471434,63251d0db23648cabd526fef61ffaec8,"Burke, Brendan",832137,Right,SAN_DON,f2ebdb49-7c62-46d8-89c5-4f558f964ebd,54.64736,-126.59393,10.86595,5.52944,-1.03367,-11.60213,-0.91457,5.11235,-7.85258,297.690449,1.01054,-85.42486,4.45204,0.45427,-0.02538,-0.04568,0.20168,-0.25247,0.12385,2.8468,44.13687,-23.07543,2.03826,-0.33151,-0.14576,0.52574,-0.64645,0.31824,-0.17429,26.41165,-9.60482,1.36612,-0.25891,-0.1099,0.37223,-0.45718,0.22513,,,,,,,,,,,,,,,,,,,,,,,High,High,High,High,Undefined,,,,,,,,,,,,,,,,,,,,,,,,,,,,,,,,,,
63,2026-03-24,15:39:49.22,3,2,"Gonzales, Thomas",1000221041,Right,SAN_DON,"Cruz Jr., Mikey",1000138361,Right,NEV_WOL,Undefined,2,Bottom,0,0,1,Fastball,Sinker,BallCalled,Undefined,Undefined,Undefined,1,0,,87.56146,0.525499,-3.022962,1956.91849,226.488376,1:30,5.50274,0.83933,5.82104,-21.44749,14.91859,14.57343,4.20471,-0.75936,80.30306,-3.502195,-0.41563,0.43403,,,,,,,,,,,,-8.19087,7.80678,-0.6004,50,5.53302,6.09798,-127.11597,0.49533,-13.491,24.43674,-19.31566,NEV_WOL,SAN_DON,DonWeirField,D1,MW,20260324-DonWeirField-2,5df24550-27d2-11f1-87ae-c3d7072d108d,86.84293,,,7.25839,,,,,,,19204ca8-c802-4f83-bcdd-d568f66a75e9,2026-03-24,22:39:49.22,2026-03-24T15:39:49.2290000-07:00,2026-03-24T22:39:49.2290000Z,,v3,471377,471434,63251d0db23648cabd526fef61ffaec8,"Burke, Brendan",832137,Right,SAN_DON,aa1f9154-747e-4675-aa4e-f609a93cbce6,54.6783,-128.01217,12.21837,5.50187,1.20371,-9.65783,-0.83311,6.59275,-6.7455,,,,,,,,,,,,,,,,,,,,,,,,,,,,,80.41219,1.926774,0.723405,1.203369,-1.58451,4.0142,0.77729,-1.08199,5.60858,1.35709,127.27581,-1.2031,1.01724,-1.00674,116.57659,-8.3666,5.63449,9.76166,-12.86369,1.33351,-2.65435,2.01163,High,High,High,,,High,High,Medium,,,,,,,,,,,,,,,,,,,,,,,,,,,,,,,
64,2026-03-24,15:40:28.22,3,3,"Gonzales, Thomas",1000221041,Right,SAN_DON,"Cruz Jr., Mikey",1000138361,Right,NEV_WOL,Undefined,2,Bottom,1,1,1,Fastball,Changeup,InPlay,Undefined,LineDrive,Out,1,0,,86.48283,-1.119824,-1.74047,1834.751639,231.96745,1:45,5.51357,0.76337,5.77087,-24.10588,12.65115,14.98564,2.46202,0.39198,80.74611,-5.57554,0.943561,0.436357,92.74776,14.690293,14.454632,4398.861874,104.77323,22.68272,33.50362,257.20905,253.19669,22.809997,2.712613,-8.09764,7.00737,-0.62895,50,5.40614,3.22914,-125.8602,-3.25427,-13.26742,20.40999,-20.693,NEV_WOL,SAN_DON,DonWeirField,D1,MW,20260324-DonWeirField-2,7533cae0-27d2-11f1-87ae-c3d7072d108d,86.37989,24.08272,,5.73672,,,,0.98101,2.44862,-0.39414,19204ca8-c802-4f83-bcdd-d568f66a75e9,2026-03-24,22:40:28.22,2026-03-24T15:40:28.2248704-07:00,2026-03-24T22:40:28.2248704Z,LineDrive,v3,471377,471434,63251d0db23648cabd526fef61ffaec8,"Burke, Brendan",832137,Right,SAN_DON,17bb37d4-f415-4f34-908c-f0ec64f7c8aa,54.73204,-126.62524,10.205,5.51358,-2.47862,-10.3465,-0.75931,3.72645,-6.63371,232.695731,0.98096,127.41977,-22.72399,4.42694,-0.73067,0.03969,0.01947,-0.00588,0.00056,2.44869,34.49361,-14.30421,0.47077,-0.09578,0.09262,-0.03952,0.00875,-0.00078,-0.39403,32.84059,4.56236,-2.038,0.39291,0.0428,-0.04909,0.0125,-0.00115,,,,,,,,,,,,,,,,,,,,,,,High,High,High,High,High,,,,,,,,,,,,,,,,,,,,,,,,,,,,,,,,,,
65,2026-03-24,15:41:10.39,4,1,"Gonzales, Thomas",1000221041,Right,SAN_DON,"Waller, Jackson",702970,Right,NEV_WOL,Undefined,2,Bottom,2,0,0,Fastball,Sinker,InPlay,Undefined,GroundBall,Out,1,0,,88.21163,-0.302247,-2.571358,2140.774559,242.040026,2:00,5.54704,0.92847,5.72869,-25.00694,10.69457,18.27214,3.18135,0.05473,81.56419,-4.93609,0.696086,0.430046,96.10457,-38.653787,-4.375172,,,,,5.09797,5.09797,-3.942177,0.035491,-9.99048,5.8267,-0.7256,50,5.50627,5.00147,-128.22527,-1.52661,-16.84133,23.40383,-22.35173,NEV_WOL,SAN_DON,DonWeirField,D1,MW,20260324-DonWeirField-2,8e54e5e0-27d2-11f1-87ae-c3d7072d108d,87.64748,3.13216,,6.64745,,,,1.18128,3.13216,-0.05174,19204ca8-c802-4f83-bcdd-d568f66a75e9,2026-03-24,22:41:10.39,2026-03-24T15:41:10.3988224-07:00,2026-03-24T22:41:10.3988224Z,GroundBall,v3,471377,471434,63251d0db23648cabd526fef61ffaec8,"Burke, Brendan",832137,Right,SAN_DON,020d8f0a-00dc-45f4-b6da-cea21157474b,54.77369,-129.09363,11.70191,5.54753,-0.69729,-11.17586,-0.92277,5.62634,-8.42067,,1.17977,110.01801,,,,,,,,3.13336,-88.25263,,,,,,,,-0.05163,-8.41747,,,,,,,,,,,,,,,,,,,,,,,,,,,,,,High,High,High,Low,Low,,,,,,,,,,,,,,,,,,,,,,,,,,,,,,,,,,
66,2026-03-24,15:43:23.20,1,1,"Dobie, Jayce",833435,Right,NEV_WOL,"Esquivel, Eddison",832131,Left,SAN_DON,Undefined,3,Top,0,0,0,Cutter,Four-Seam,BallCalled,Undefined,Undefined,Undefined,0,0,,87.18109,-2.988809,-3.452872,2237.975512,210.337725,1:00,6.12369,1.47691,6.65013,-19.50166,16.20501,8.83784,1.75555,-0.95071,80.19686,-6.69736,-1.84719,0.430077,,,,,,,,,,,,-5.62012,9.70245,-1.24762,50,5.91377,7.31614,-126.50004,-7.12166,-9.14018,24.9197,-16.39468,NEV_WOL,SAN_DON,DonWeirField,D1,MW,20260324-DonWeirField-2,dd7f29f0-27d2-11f1-87ae-c3d7072d108d,87.64113,,,6.98423,,,,,,,19204ca8-c802-4f83-bcdd-d568f66a75e9,2026-03-24,22:43:23.20,2026-03-24T15:43:23.2047616-07:00,2026-03-24T22:43:23.2047616Z,,v3,471377,471434,63251d0db23648cabd526fef61ffaec8,"Snakenborg, Nate",833445,Right,NEV_WOL,32f397b2-c994-4278-b074-5561855e7a69,53.85074,-127.25635,12.45985,6.12236,-6.62408,-8.19734,-1.47387,7.59354,-4.57009,,,,,,,,,,,,,,,,,,,,,,,,,,,,,,,,,,,,,,,,,,,,,,,,,,,High,High,High,,,,,,,,,,,,,,,,,,,,,,,,,,,,,,,,,,,,
67,2026-03-24,15:43:39.83,1,2,"Dobie, Jayce",833435,Right,NEV_WOL,"Esquivel, Eddison",832131,Left,SAN_DON,Undefined,3,Top,0,1,0,Curveball,Curveball,InPlay,Undefined,LineDrive,Single,0,0,,77.48073,0.362807,-1.460289,2333.040034,5.880642,6:15,6.19685,1.17909,5.87837,-53.95464,-6.99406,-0.88248,2.03769,-0.25096,70.85847,-9.527824,-1.619002,0.493217,102.729,9.985224,27.187664,1289.920398,96.67356,10.40235,52.47974,185.39394,185.39394,29.631013,1.479613,-0.00035,-3.29051,-1.06056,50,6.19482,2.9002,-112.51017,-0.99385,-0.00046,22.59914,-36.34347,NEV_WOL,SAN_DON,DonWeirField,D1,MW,20260324-DonWeirField-2,e7720220-27d2-11f1-87ae-c3d7072d108d,76.42158,10.70336,,6.62225,,,,1.54816,2.07623,0.2821,19204ca8-c802-4f83-bcdd-d568f66a75e9,2026-03-24,22:43:39.83,2026-03-24T15:43:39.8372352-07:00,2026-03-24T22:43:39.8372352Z,LineDrive,v3,471377,471434,63251d0db23648cabd526fef61ffaec8,"Snakenborg, Nate",833445,Right,NEV_WOL,c12c735f-d320-4068-9de9-813da3b857ad,54.62296,-113.43495,11.29957,6.20506,0.49336,-18.17174,-1.17924,2.90022,-0.00023,,1.54816,131.99215,-21.89245,5.10125,-1.20434,0.28151,-0.06343,0.01116,-0.00105,2.07623,26.12512,-21.01479,2.11609,-0.43088,0.08832,-0.01715,0.00295,-0.00027,0.2821,67.79884,-4.86619,0.59589,-0.03895,-0.00814,0.00412,-0.00099,0.00011,,,,,,,,,,,,,,,,,,,,,,,High,High,High,High,High,,,,,,,,,,,,,,,,,,,,,,,,,,,,,,,,,,
68,2026-03-24,15:44:17.42,2,1,"Dobie, Jayce",833435,Right,NEV_WOL,"Nystrom, Jackson",824263,Right,SAN_DON,Undefined,3,Top,0,0,0,Curveball,Curveball,BallCalled,Undefined,Undefined,Undefined,0,0,,76.22616,-0.142947,-2.426976,2379.274965,2.622475,6:00,6.12502,1.25161,6.01971,-57.11692,-8.92571,-0.48055,1.23275,-1.0378,70.10034,-10.59597,-2.513631,0.499638,,,,,,,,,,,,-0.4915,-4.14347,-1.06115,50,6.08267,4.7085,-110.6954,-2.02167,-0.60419,21.46901,-37.26761,NEV_WOL,SAN_DON,DonWeirField,D1,MW,20260324-DonWeirField-2,fdd73170-27d2-11f1-87ae-c3d7072d108d,75.43955,,,6.12582,,,,,,,19204ca8-c802-4f83-bcdd-d568f66a75e9,2026-03-24,22:44:17.42,2026-03-24T15:44:17.4232576-07:00,2026-03-24T22:44:17.4232576Z,,v3,471377,471434,63251d0db23648cabd526fef61ffaec8,"Snakenborg, Nate",833445,Right,NEV_WOL,cdfa7f00-bfac-40e0-b0cb-aaadc16edbe8,54.48252,-111.56139,10.7345,6.1339,-0.51843,-18.6338,-1.25156,4.73287,-0.3021,,,,,,,,,,,,,,,,,,,,,,,,,,,,,,,,,,,,,,,,,,,,,,,,,,,High,High,High,,,,,,,,,,,,,,,,,,,,,,,,,,,,,,,,,,,,
69,2026-03-24,15:44:36.46,2,2,"Dobie, Jayce",833435,Right,NEV_WOL,"Nystrom, Jackson",824263,Right,SAN_DON,Undefined,3,Top,0,1,0,ChangeUp,Changeup,StrikeSwinging,Undefined,Undefined,Undefined,0,0,,83.92248,-1.501151,-2.280103,2277.690848,246.751678,2:15,6.17021,1.67129,6.23874,-34.04699,4.81225,8.58756,1.94683,0.28255,77.72502,-7.80077,-0.727573,0.448661,,,,,,,,,,,,-5.08398,3.20213,-1.50563,50,6.0412,4.54469,-122.00392,-4.25032,-7.71977,22.3338,-27.3118,NEV_WOL,SAN_DON,DonWeirField,D1,MW,20260324-DonWeirField-2,092a5cf0-27d3-11f1-87ae-c3d7072d108d,84.0109,,,6.19745,,,,,,,19204ca8-c802-4f83-bcdd-d568f66a75e9,2026-03-24,22:44:36.46,2026-03-24T15:44:36.4670464-07:00,2026-03-24T22:44:36.4670464Z,,v3,471377,471434,63251d0db23648cabd526fef61ffaec8,"Snakenborg, Nate",833445,Right,NEV_WOL,2e72af38-f155-4c9b-9100-fb7725553c40,54.2631,-122.78183,11.1669,6.17268,-3.29902,-13.6559,-1.66861,4.81358,-3.85989,,,,,,,,,,,,,,,,,,,,,,,,,,,,,,,,,,,,,,,,,,,,,,,,,,,High,High,High,,,,,,,,,,,,,,,,,,,,,,,,,,,,,,,,,,,,
70,2026-03-24,15:44:57.64,2,3,"Dobie, Jayce",833435,Right,NEV_WOL,"Nystrom, Jackson",824263,Right,SAN_DON,Undefined,3,Top,0,1,1,Slider,Slider,StrikeSwinging,Undefined,Undefined,Undefined,0,0,,83.88559,-2.653333,-2.615447,2272.488651,227.055191,1:30,6.13115,1.42133,6.33003,-32.8786,5.7337,5.03315,0.94366,-0.56933,78.27518,-8.716634,-1.704019,0.447233,,,,,,,,,,,,-3.28099,3.92528,-1.23295,50,5.92145,5.39124,-121.91064,-6.64748,-5.00451,20.92844,-26.18676,NEV_WOL,SAN_DON,DonWeirField,D1,MW,20260324-DonWeirField-2,15c3eb20-27d3-11f1-87ae-c3d7072d108d,84.27911,,,5.61041,,,,,,,19204ca8-c802-4f83-bcdd-d568f66a75e9,2026-03-24,22:44:57.64,2026-03-24T15:44:57.6467456-07:00,2026-03-24T22:44:57.6467456Z,,v3,471377,471434,63251d0db23648cabd526fef61ffaec8,"Snakenborg, Nate",833445,Right,NEV_WOL,03cb2084-5c6b-4428-80e0-e7b884f01fa8,54.17245,-122.62483,10.46422,6.13305,-5.75385,-13.09338,-1.41984,5.56202,-2.50225,,,,,,,,,,,,,,,,,,,,,,,,,,,,,,,,,,,,,,,,,,,,,,,,,,,High,High,High,,,,,,,,,,,,,,,,,,,,,,,,,,,,,,,,,,,,
71,2026-03-24,15:45:20.64,2,4,"Dobie, Jayce",833435,Right,NEV_WOL,"Nystrom, Jackson",824263,Right,SAN_DON,Undefined,3,Top,0,1,2,ChangeUp,Changeup,FoulBallNotFieldable,Undefined,Undefined,Undefined,0,0,,82.76112,-1.851417,-2.529385,2289.391323,232.482622,1:45,5.99468,1.49532,6.16455,-30.91769,8.91749,10.20477,1.70573,0.00771,77.09208,-7.569229,-0.688034,0.45426,77.01084,-16.421107,-59.745354,,,,,7.11778,7.11778,-46.753,0.055149,-5.933,5.3841,-1.30882,50,5.83805,4.94806,-120.32899,-4.82847,-8.82781,20.10158,-24.16297,NEV_WOL,SAN_DON,DonWeirField,D1,MW,20260324-DonWeirField-2,237bba90-27d3-11f1-87ae-c3d7072d108d,82.97545,1.76447,,5.66904,,,,1.86019,1.76447,-0.0131,19204ca8-c802-4f83-bcdd-d568f66a75e9,2026-03-24,22:45:20.64,2026-03-24T15:45:20.6400512-07:00,2026-03-24T22:45:20.6400512Z,GroundBall,v3,471377,471434,63251d0db23648cabd526fef61ffaec8,"Snakenborg, Nate",833445,Right,NEV_WOL,0d3a63e0-d2bf-4044-a9d5-84e1320859cb,54.33769,-121.05145,10.05079,5.99598,-3.96004,-12.08148,-1.49236,5.26534,-4.4139,,1.85922,54.69774,,,,,,,,1.76504,-31.99466,,,,,,,,-0.01142,-93.77429,,,,,,,,,,,,,,,,,,,,,,,,,,,,,,High,High,High,Estimated,Estimated,,,,,,,,,,,,,,,,,,,,,,,,,,,,,,,,,,
72,2026-03-24,15:45:46.47,2,5,"Dobie, Jayce",833435,Right,NEV_WOL,"Nystrom, Jackson",824263,Right,SAN_DON,Undefined,3,Top,0,1,2,Curveball,Curveball,FoulBallNotFieldable,Undefined,Undefined,Undefined,0,0,,77.68107,2.148884,-1.631693,2084.549223,11.442649,6:30,6.04993,1.32442,5.89948,-56.84554,-10.37233,-2.39843,3.30949,-0.39066,71.16128,-8.273623,-2.062506,0.490651,,,,,,,,,,,,0.74642,-5.45607,-1.1918,50,6.19057,3.30217,-112.79502,2.39863,0.95667,21.50436,-39.16687,NEV_WOL,SAN_DON,DonWeirField,D1,MW,20260324-DonWeirField-2,32e9ec90-27d3-11f1-87ae-c3d7072d108d,76.8213,,,6.51979,,,,,,,19204ca8-c802-4f83-bcdd-d568f66a75e9,2026-03-24,22:45:46.47,2026-03-24T15:45:46.4749056-07:00,2026-03-24T22:45:46.4749056Z,,v3,471377,471434,63251d0db23648cabd526fef61ffaec8,"Snakenborg, Nate",833445,Right,NEV_WOL,a3c203cf-69fd-4b84-9442-b830ca59aa60,54.60256,-113.66911,10.75218,6.06072,3.99065,-19.58344,-1.32523,3.26328,0.47834,,,,,,,,,,,,,,,,,,,,,,,,,,,,,,,,,,,,,,,,,,,,,,,,,,,High,High,High,,,,,,,,,,,,,,,,,,,,,,,,,,,,,,,,,,,,
73,2026-03-24,15:46:12.54,2,6,"Dobie, Jayce",833435,Right,NEV_WOL,"Nystrom, Jackson",824263,Right,SAN_DON,Undefined,3,Top,0,1,2,ChangeUp,Changeup,BallCalled,Undefined,Undefined,Undefined,0,0,,83.87608,-2.256065,-2.913311,2371.004513,253.383193,2:30,6.01233,1.51408,6.28729,-34.48222,4.19146,10.51926,1.05588,-0.29652,78.22173,-8.610615,-1.01005,0.447589,,,,,,,,,,,,-6.23351,3.01347,-1.30451,50,5.82885,5.82952,-121.90929,-5.86574,-9.50829,20.91703,-27.57744,NEV_WOL,SAN_DON,DonWeirField,D1,MW,20260324-DonWeirField-2,4269f8e0-27d3-11f1-87ae-c3d7072d108d,84.2122,,,5.65435,,,,,,,19204ca8-c802-4f83-bcdd-d568f66a75e9,2026-03-24,22:46:12.54,2026-03-24T15:46:12.5473280-07:00,2026-03-24T22:46:12.5473280Z,,v3,471377,471434,63251d0db23648cabd526fef61ffaec8,"Snakenborg, Nate",833445,Right,NEV_WOL,f5dcddcc-952b-4da0-b47f-ec364f4cc71f,54.21563,-122.63047,10.45851,6.01469,-4.91493,-13.78872,-1.51115,6.15735,-4.75415,,,,,,,,,,,,,,,,,,,,,,,,,,,,,,,,,,,,,,,,,,,,,,,,,,,High,High,High,,,,,,,,,,,,,,,,,,,,,,,,,,,,,,,,,,,,
74,2026-03-24,15:46:32.30,2,7,"Dobie, Jayce",833435,Right,NEV_WOL,"Nystrom, Jackson",824263,Right,SAN_DON,Undefined,3,Top,0,2,2,Curveball,Curveball,StrikeSwinging,Strikeout,Undefined,Undefined,0,0,,78.21995,0.177372,-1.325299,2337.56964,0.546298,6:00,6.03351,1.26624,6.26934,-51.61026,-7.3165,-0.08067,1.89622,0.0375,73.2406,-9.288972,-1.339914,0.479008,,,,,,,,,,,,-0.27319,-3.58768,-1.16816,50,6.02098,2.63871,-113.94082,-1.18372,-0.36417,18.18345,-36.95663,NEV_WOL,SAN_DON,DonWeirField,D1,MW,20260324-DonWeirField-2,4e3820c0-27d3-11f1-87ae-c3d7072d108d,78.68854,,,4.97935,,,,,,,19204ca8-c802-4f83-bcdd-d568f66a75e9,2026-03-24,22:46:32.30,2026-03-24T15:46:32.3021824-07:00,2026-03-24T22:46:32.3021824Z,,v3,471377,471434,63251d0db23648cabd526fef61ffaec8,"Snakenborg, Nate",833445,Right,NEV_WOL,68a62860-30ae-4715-9ad5-31a96cb2034e,54.23523,-114.61471,9.09173,6.03947,0.18593,-18.47831,-1.2662,2.6522,-0.18209,,,,,,,,,,,,,,,,,,,,,,,,,,,,,,,,,,,,,,,,,,,,,,,,,,,High,High,High,,,,,,,,,,,,,,,,,,,,,,,,,,,,,,,,,,,,
75,2026-03-24,15:47:04.41,3,1,"Dobie, Jayce",833435,Right,NEV_WOL,"Burke, Brendan",832137,Right,SAN_DON,Undefined,3,Top,1,0,0,Slider,Slider,BallCalled,Undefined,Undefined,Undefined,0,0,,83.70817,-2.330843,-3.537164,2280.600821,196.142999,12:30,5.98038,1.47309,6.31356,-31.4836,7.28744,1.81162,1.20445,-1.63829,78.19638,-8.139771,-3.209982,0.448152,,,,,,,,,,,,-1.77563,4.65359,-1.21473,50,5.79403,7.45133,-121.58537,-5.9032,-2.70062,20.2581,-25.09632,NEV_WOL,SAN_DON,DonWeirField,D1,MW,20260324-DonWeirField-2,615c2ed0-27d3-11f1-87ae-c3d7072d108d,84.1064,,,5.51178,,,,,,,19204ca8-c802-4f83-bcdd-d568f66a75e9,2026-03-24,22:47:04.41,2026-03-24T15:47:04.4161536-07:00,2026-03-24T22:47:04.4161536Z,,v3,471377,471434,63251d0db23648cabd526fef61ffaec8,"Snakenborg, Nate",833445,Right,NEV_WOL,1e3ce2e0-416e-42f9-a213-07836c26d433,54.18852,-122.28126,10.12905,5.982,-5.04112,-12.54816,-1.47229,7.5441,-1.35031,,,,,,,,,,,,,,,,,,,,,,,,,,,,,,,,,,,,,,,,,,,,,,,,,,,High,High,High,,,,,,,,,,,,,,,,,,,,,,,,,,,,,,,,,,,,
76,2026-03-24,15:47:24.37,3,2,"Dobie, Jayce",833435,Right,NEV_WOL,"Burke, Brendan",832137,Right,SAN_DON,Undefined,3,Top,1,1,0,Slider,Slider,BallCalled,Undefined,Undefined,Undefined,0,0,,83.6278,-2.882618,-2.996661,2281.134567,200.270019,12:45,6.00897,1.60944,6.24683,-32.86092,5.81217,1.79917,0.60604,-1.00697,78.7676,-8.904182,-2.671619,0.447585,,,,,,,,,,,,-1.585,3.90811,-1.38732,50,5.77747,6.30062,-121.56028,-7.13427,-2.42688,18.62632,-26.19017,NEV_WOL,SAN_DON,DonWeirField,D1,MW,20260324-DonWeirField-2,6d3b94c0-27d3-11f1-87ae-c3d7072d108d,84.21285,,,4.8602,,,,,,,19204ca8-c802-4f83-bcdd-d568f66a75e9,2026-03-24,22:47:24.37,2026-03-24T15:47:24.3700736-07:00,2026-03-24T22:47:24.3700736Z,,v3,471377,471434,63251d0db23648cabd526fef61ffaec8,"Snakenborg, Nate",833445,Right,NEV_WOL,edf4f744-027b-42dc-8aed-f34418e46f3e,54.25652,-122.21076,9.31316,6.01065,-6.21965,-13.09508,-1.60884,6.38537,-1.21344,,,,,,,,,,,,,,,,,,,,,,,,,,,,,,,,,,,,,,,,,,,,,,,,,,,High,High,High,,,,,,,,,,,,,,,,,,,,,,,,,,,,,,,,,,,,
77,2026-03-24,15:47:43.89,3,3,"Dobie, Jayce",833435,Right,NEV_WOL,"Burke, Brendan",832137,Right,SAN_DON,Undefined,3,Top,1,2,0,Fastball,Four-Seam,BallCalled,Undefined,Undefined,Undefined,0,0,,88.66129,-3.334038,-2.613483,2264.31461,201.875436,12:45,6.03262,1.4746,6.69513,-18.52761,15.31501,5.80571,1.43313,-0.43321,83.01439,-6.821366,-1.556513,0.4187,,,,,,,,,,,,-3.65622,9.11784,-1.30283,50,5.80259,5.67996,-128.90948,-8.01508,-6.29195,21.09468,-16.48323,NEV_WOL,SAN_DON,DonWeirField,D1,MW,20260324-DonWeirField-2,78de8df0-27d3-11f1-87ae-c3d7072d108d,90.02246,,,5.6469,,,,,,,19204ca8-c802-4f83-bcdd-d568f66a75e9,2026-03-24,22:47:43.89,2026-03-24T15:47:43.8968832-07:00,2026-03-24T22:47:43.8968832Z,,v3,471377,471434,63251d0db23648cabd526fef61ffaec8,"Snakenborg, Nate",833445,Right,NEV_WOL,a8f86a5a-ca84-4895-875e-8339c6890caa,53.80743,-129.53102,10.54734,6.0316,-7.52941,-8.24161,-1.47292,5.86535,-3.14597,,,,,,,,,,,,,,,,,,,,,,,,,,,,,,,,,,,,,,,,,,,,,,,,,,,High,High,High,,,,,,,,,,,,,,,,,,,,,,,,,,,,,,,,,,,,
78,2026-03-24,15:48:03.90,3,4,"Dobie, Jayce",833435,Right,NEV_WOL,"Burke, Brendan",832137,Right,SAN_DON,Undefined,3,Top,1,3,0,Fastball,Four-Seam,BallCalled,Walk,Undefined,Undefined,0,0,,89.10789,-3.887664,-2.638297,2175.307444,205.479506,12:45,6.10659,1.27012,6.81735,-21.74773,11.52422,5.11154,0.73819,-0.71264,83.88612,-7.944663,-1.704997,0.415155,,,,,,,,,,,,-3.29047,7.1978,-1.10197,50,5.84713,5.7964,-129.54646,-9.41471,-5.73829,20.40991,-19.62177,NEV_WOL,SAN_DON,DonWeirField,D1,MW,20260324-DonWeirField-2,84cbfda0-27d3-11f1-87ae-c3d7072d108d,90.7912,,,5.22176,,,,,,,19204ca8-c802-4f83-bcdd-d568f66a75e9,2026-03-24,22:48:03.90,2026-03-24T15:48:03.9077376-07:00,2026-03-24T22:48:03.9077376Z,,v3,471377,471434,63251d0db23648cabd526fef61ffaec8,"Snakenborg, Nate",833445,Right,NEV_WOL,ffc05d6e-c5ee-4d4b-bfb1-70bb84b48647,53.68611,-130.1259,10.20495,6.10651,-8.85764,-9.81088,-1.26885,5.95931,-2.86915,,,,,,,,,,,,,,,,,,,,,,,,,,,,,,,,,,,,,,,,,,,,,,,,,,,High,High,High,,,,,,,,,,,,,,,,,,,,,,,,,,,,,,,,,,,,
79,2026-03-24,15:49:23.51,4,1,"Dobie, Jayce",833435,Right,NEV_WOL,"Bellisimo, Matteo",813814,Right,SAN_DON,Undefined,3,Top,1,0,0,Slider,Slider,InPlay,Undefined,LineDrive,Single,0,1,,84.42894,-1.3157,-2.359248,2303.570538,222.004034,1:30,6.10476,1.72998,6.17693,-30.5047,7.41607,5.848,2.34639,0.03728,79.21757,-6.942103,-1.304075,0.44321,108.28732,11.944443,-22.749877,1529.07238,99.83063,15.58879,-46.19332,236.09613,224.78115,-27.646328,1.81356,-3.5691,4.39929,-1.55467,50,5.98926,4.8529,-122.90043,-3.77153,-5.58788,18.95882,-25.28641,NEV_WOL,SAN_DON,DonWeirField,D1,MW,20260324-DonWeirField-2,b440e2d0-27d3-11f1-87ae-c3d7072d108d,85.04411,15.70172,,5.21137,,,,1.9243,2.39139,0.00447,19204ca8-c802-4f83-bcdd-d568f66a75e9,2026-03-24,22:49:23.51,2026-03-24T15:49:23.5126784-07:00,2026-03-24T22:49:23.5126784Z,LineDrive,v3,471377,471434,63251d0db23648cabd526fef61ffaec8,"Snakenborg, Nate",833445,Right,NEV_WOL,6e727b06-9b90-49a6-8801-ca6e73cf8585,54.3263,-123.56601,9.47941,6.10608,-2.88382,-12.64321,-1.72848,5.04907,-2.79394,85.362807,1.9243,143.29447,-22.05606,4.71769,-1.09823,0.31279,-0.11698,0.03318,-0.00418,2.39139,32.86999,-21.91158,2.28612,-0.44226,0.06671,0.00314,-0.00472,0.00082,0.00446,-60.08732,-1.90201,1.63018,-0.62652,0.25879,-0.11396,0.03459,-0.00452,,,,,,,,,,,,,,,,,,,,,,,High,High,High,High,High,,,,,,,,,,,,,,,,,,,,,,,,,,,,,,,,,,
80,2026-03-24,15:50:05.11,5,1,"Dobie, Jayce",833435,Right,NEV_WOL,"Walsh, Nick",832135,Left,SAN_DON,Undefined,3,Top,1,0,0,Curveball,Curveball,HitByPitch,Undefined,Undefined,Undefined,0,0,,79.99376,-0.79165,-2.884685,2214.032811,353.869738,5:45,6.08574,1.39454,6.08538,-46.62817,-3.96394,0.54205,1.46672,-1.23121,75.04779,-9.302165,-2.786984,0.470114,,,,,,,,,,,,-0.95228,-1.64358,-1.17202,50,5.9991,5.84551,-116.37666,-3.05477,-1.32741,18.48066,-34.46507,NEV_WOL,SAN_DON,DonWeirField,D1,MW,20260324-DonWeirField-2,cd0b5250-27d3-11f1-87ae-c3d7072d108d,80.17718,,,4.94596,,,,,,,19204ca8-c802-4f83-bcdd-d568f66a75e9,2026-03-24,22:50:05.11,2026-03-24T15:50:05.1123712-07:00,2026-03-24T22:50:05.1123712Z,,v3,471377,471434,63251d0db23648cabd526fef61ffaec8,"Snakenborg, Nate",833445,Right,NEV_WOL,3598c3d7-d4d3-4f83-b27e-03e48926630b,54.41895,-117.07629,9.24033,6.09005,-1.75002,-17.23254,-1.39427,5.89576,-0.6637,,,,,,,,,,,,,,,,,,,,,,,,,,,,,,,,,,,,,,,,,,,,,,,,,,,High,High,High,,,,,,,,,,,,,,,,,,,,,,,,,,,,,,,,,,,,
81,2026-03-24,15:54:05.17,6,1,"Oakes, Ryan",1000299833,Right,NEV_WOL,"Lewis, Jordan",702590,Right,SAN_DON,Undefined,3,Top,1,0,0,Slider,Slider,InPlay,Undefined,LineDrive,Single,0,1,,80.09433,0.173819,-3.43301,2250.351324,82.693683,8:45,5.59889,2.78999,5.93811,-42.56341,0.64343,-4.45146,2.21348,-0.76953,74.28274,-7.62847,-4.230698,0.473094,82.80692,7.377992,-29.635797,2114.979141,,,,111.13853,108.78264,-31.290646,0.976631,1.42595,0.61221,-2.5133,50,5.58839,7.13964,-116.32098,-0.98963,1.96895,20.22695,-31.32873,NEV_WOL,SAN_DON,DonWeirField,D1,MW,20260324-DonWeirField-2,5c2ed880-27d4-11f1-87ae-c3d7072d108d,79.67216,5.4427,,5.81159,,,,2.00633,2.26606,0.76295,19204ca8-c802-4f83-bcdd-d568f66a75e9,2026-03-24,22:54:05.17,2026-03-24T15:54:05.1756032-07:00,2026-03-24T22:54:05.1756032Z,GroundBall,v3,471377,471434,63251d0db23648cabd526fef61ffaec8,"Snakenborg, Nate",833445,Right,NEV_WOL,f9c65aa6-1438-45a3-86b1-e4c5fcbff4d0,54.56397,-117.11192,10.11347,5.60313,0.23542,-15.66437,-2.79098,7.06264,0.98448,73.211078,2.00633,104.6894,-9.9124,0.44305,-0.78227,1.4467,-1.7038,1.01379,-0.22874,2.26606,15.59604,-19.75633,1.60811,-0.27915,0.2275,-0.20987,0.13165,-0.03564,0.76295,-59.55797,-1.03512,0.78264,-0.08989,0.01364,0.01981,-0.01008,-0.00071,,,,,,,,,,,,,,,,,,,,,,,High,High,High,High,High,,,,,,,,,,,,,,,,,,,,,,,,,,,,,,,,,,
82,2026-03-24,15:54:48.37,7,1,"Oakes, Ryan",1000299833,Right,NEV_WOL,"Landry, Isaiah",822879,Right,SAN_DON,Undefined,3,Top,1,0,0,Slider,Slider,StrikeSwinging,Undefined,Undefined,Undefined,0,0,,82.08486,-1.266036,-3.369826,2329.008344,142.72361,10:45,5.64903,2.63956,5.9233,-32.92856,8.01701,-5.26941,1.72795,-0.93018,76.51899,-7.312026,-4.313721,0.460548,,,,,,,,,,,,1.92323,4.7554,-2.36658,50,5.52859,7.21657,-119.2273,-3.67705,2.80825,19.83077,-25.23031,NEV_WOL,SAN_DON,DonWeirField,D1,MW,20260324-DonWeirField-2,75e49260-27d4-11f1-87ae-c3d7072d108d,81.84255,,,5.56588,,,,,,,19204ca8-c802-4f83-bcdd-d568f66a75e9,2026-03-24,22:54:48.37,2026-03-24T15:54:48.3771904-07:00,2026-03-24T22:54:48.3771904Z,,v3,471377,471434,63251d0db23648cabd526fef61ffaec8,"Snakenborg, Nate",833445,Right,NEV_WOL,9501a3bb-af7b-4616-a89c-eac136191caa,54.57812,-119.98636,9.91539,5.65085,-2.71133,-12.61515,-2.64075,7.10908,1.40412,,,,,,,,,,,,,,,,,,,,,,,,,,,,,,,,,,,,,,,,,,,,,,,,,,,High,High,High,,,,,,,,,,,,,,,,,,,,,,,,,,,,,,,,,,,,
83,2026-03-24,15:55:08.74,7,2,"Oakes, Ryan",1000299833,Right,NEV_WOL,"Landry, Isaiah",822879,Right,SAN_DON,Undefined,3,Top,1,0,1,Fastball,Sinker,StrikeCalled,Undefined,Undefined,Undefined,0,0,,89.46207,-1.222029,-4.180243,2052.660715,230.28175,1:45,5.73883,2.27409,6.4462,-23.96604,9.3976,10.38753,2.61567,-0.70799,84.08988,-5.676583,-2.302797,0.415727,,,,,,,,,,,,-6.27422,5.42248,-1.98179,50,5.64088,9.11924,-130.09032,-3.5192,-11.07275,19.64854,-22.60442,NEV_WOL,SAN_DON,DonWeirField,D1,MW,20260324-DonWeirField-2,82037250-27d4-11f1-87ae-c3d7072d108d,90.66633,,,5.37219,,,,,,,19204ca8-c802-4f83-bcdd-d568f66a75e9,2026-03-24,22:55:08.74,2026-03-24T15:55:08.7474176-07:00,2026-03-24T22:55:08.7474176Z,,v3,471377,471434,63251d0db23648cabd526fef61ffaec8,"Snakenborg, Nate",833445,Right,NEV_WOL,e8f45c09-3e6d-43c7-a893-72e128ef6e77,54.05676,-130.7016,9.82427,5.73942,-2.81595,-11.30221,-2.27086,9.46372,-5.53637,,,,,,,,,,,,,,,,,,,,,,,,,,,,,,,,,,,,,,,,,,,,,,,,,,,High,High,High,,,,,,,,,,,,,,,,,,,,,,,,,,,,,,,,,,,,
84,2026-03-24,15:55:29.75,7,3,"Oakes, Ryan",1000299833,Right,NEV_WOL,"Landry, Isaiah",822879,Right,SAN_DON,Undefined,3,Top,1,0,2,Slider,Slider,StrikeSwinging,Strikeout,Undefined,Undefined,0,0,,79.78117,-0.286908,-3.318218,2324.502061,94.816873,9:15,5.54711,2.56345,5.94954,-41.4901,2.18264,-10.9593,1.82304,-1.43087,73.89478,-7.894004,-5.282209,0.475638,,,,,,,,,,,,4.76422,1.58008,-2.29303,50,5.50087,7.11789,-115.83351,-1.88147,6.50017,20.78325,-30.01822,NEV_WOL,SAN_DON,DonWeirField,D1,MW,20260324-DonWeirField-2,8e8cfaf0-27d4-11f1-87ae-c3d7072d108d,79.24604,,,5.88639,,,,,,,19204ca8-c802-4f83-bcdd-d568f66a75e9,2026-03-24,22:55:29.75,2026-03-24T15:55:29.7593856-07:00,2026-03-24T22:55:29.7593856Z,,v3,471377,471434,63251d0db23648cabd526fef61ffaec8,"Snakenborg, Nate",833445,Right,NEV_WOL,d5b4b642-7c82-46ad-a590-6da98aea5e03,54.55159,-116.64731,10.39162,5.55153,-0.70605,-15.00911,-2.56676,6.86336,3.25008,,,,,,,,,,,,,,,,,,,,,,,,,,,,,,,,,,,,,,,,,,,,,,,,,,,High,High,High,,,,,,,,,,,,,,,,,,,,,,,,,,,,,,,,,,,,
85,2026-03-24,15:56:01.28,8,1,"Oakes, Ryan",1000299833,Right,NEV_WOL,"Lewis, Jared",702591,Left,SAN_DON,Undefined,3,Top,2,0,0,ChangeUp,Changeup,BallCalled,Undefined,Undefined,Undefined,0,0,,82.79539,-1.651887,-4.03531,2040.695596,255.732445,2:30,5.48959,1.95171,6.09371,-34.7349,5.16941,16.16414,1.06285,-0.44001,77.3017,-8.038317,-1.127394,0.454654,,,,,,,,,,,,-9.39638,3.32756,-1.64933,50,5.34314,7.90582,-120.26563,-4.5581,-14.00209,19.5106,-27.21545,NEV_WOL,SAN_DON,DonWeirField,D1,MW,20260324-DonWeirField-2,a153cdd0-27d4-11f1-87ae-c3d7072d108d,82.90352,,,5.4937,,,,,,,19204ca8-c802-4f83-bcdd-d568f66a75e9,2026-03-24,22:56:01.28,2026-03-24T15:56:01.2811264-07:00,2026-03-24T22:56:01.2811264Z,,v3,471377,471434,63251d0db23648cabd526fef61ffaec8,"Snakenborg, Nate",833445,Right,NEV_WOL,ea358b3f-d199-4f02-b3a9-82d85cc37c1b,54.41025,-120.97899,9.7553,5.4916,-3.56304,-13.60773,-1.94775,8.41777,-7.00105,,,,,,,,,,,,,,,,,,,,,,,,,,,,,,,,,,,,,,,,,,,,,,,,,,,High,High,High,,,,,,,,,,,,,,,,,,,,,,,,,,,,,,,,,,,,
86,2026-03-24,15:56:21.49,8,2,"Oakes, Ryan",1000299833,Right,NEV_WOL,"Lewis, Jared",702591,Left,SAN_DON,Undefined,3,Top,2,1,0,Slider,Slider,BallCalled,Undefined,Undefined,Undefined,0,0,,79.90552,0.288202,-0.493746,2327.595935,76.19684,8:30,5.66081,1.94578,5.65751,-42.88597,0.39476,-2.82902,2.35576,1.24956,74.76891,-7.525975,-0.999994,0.473499,,,,,,,,,,,,1.33114,0.48201,-1.90215,50,5.65765,1.1099,-116.31613,-0.84391,1.85911,17.84086,-31.50084,NEV_WOL,SAN_DON,DonWeirField,D1,MW,20260324-DonWeirField-2,ad684d80-27d4-11f1-87ae-c3d7072d108d,79.60411,,,5.13661,,,,,,,19204ca8-c802-4f83-bcdd-d568f66a75e9,2026-03-24,22:56:21.49,2026-03-24T15:56:21.4946304-07:00,2026-03-24T22:56:21.4946304Z,,v3,471377,471434,63251d0db23648cabd526fef61ffaec8,"Snakenborg, Nate",833445,Right,NEV_WOL,9c8ddf94-b96d-4238-a2fe-f701c8768757,54.8448,-117.05688,8.92043,5.66554,0.464,-15.75042,-1.94663,1.03271,0.92955,,,,,,,,,,,,,,,,,,,,,,,,,,,,,,,,,,,,,,,,,,,,,,,,,,,High,High,High,,,,,,,,,,,,,,,,,,,,,,,,,,,,,,,,,,,,
87,2026-03-24,15:56:41.24,8,3,"Oakes, Ryan",1000299833,Right,NEV_WOL,"Lewis, Jared",702591,Left,SAN_DON,Undefined,3,Top,2,2,0,Fastball,Sinker,FoulBallNotFieldable,Undefined,Undefined,Undefined,0,0,,89.38947,-1.236613,-2.735441,2106.337141,220.003427,1:15,5.70782,1.72583,6.42868,-21.03021,12.31142,9.69174,2.81723,0.01736,84.0221,-5.163923,-0.980288,0.41559,73.07114,14.7652,-46.215457,3572.876436,72.24388,9.7523,-82.95065,150.06903,148.77024,-50.142313,1.630708,-5.64898,6.9543,-1.53536,50,5.60979,5.86165,-130.18179,-3.44317,-9.98131,19.73169,-19.88638,NEV_WOL,SAN_DON,DonWeirField,D1,MW,20260324-DonWeirField-2,b9225120-27d4-11f1-87ae-c3d7072d108d,90.69628,12.55547,,5.36737,,,,0.85383,2.65239,0.15552,19204ca8-c802-4f83-bcdd-d568f66a75e9,2026-03-24,22:56:41.24,2026-03-24T15:56:41.2466688-07:00,2026-03-24T22:56:41.2466688Z,LineDrive,v3,471377,471434,63251d0db23648cabd526fef61ffaec8,"Snakenborg, Nate",833445,Right,NEV_WOL,bcd546b5-f048-4c67-9494-66cd45a962bf,54.07458,-130.79791,9.86585,5.70761,-2.82221,-9.94319,-1.72326,6.17332,-4.99065,,0.85384,71.70629,-10.85833,2.07475,-0.10457,-0.32268,0.26717,-0.09663,0.01336,2.65236,27.31687,-20.09286,2.16972,-1.0225,0.87628,-0.55955,0.18479,-0.02389,0.15552,-74.81635,3.57389,-0.80827,0.06449,0.08092,-0.07708,0.0308,-0.00467,,,,,,,,,,,,,,,,,,,,,,,High,High,High,High,High,,,,,,,,,,,,,,,,,,,,,,,,,,,,,,,,,,
88,2026-03-24,15:57:08.84,8,4,"Oakes, Ryan",1000299833,Right,NEV_WOL,"Lewis, Jared",702591,Left,SAN_DON,Undefined,3,Top,2,2,1,Fastball,Four-Seam,StrikeSwinging,Undefined,Undefined,Undefined,0,0,,88.45448,-0.689186,-1.613504,2049.208397,214.594655,1:15,5.68837,1.71246,6.6176,-21.78828,12.81713,8.11197,3.24123,0.91037,81.12808,-4.827813,-0.137657,0.423393,,,,,,,,,,,,-4.68197,7.25784,-1.60576,50,5.63238,3.31241,-128.63428,-2.14986,-7.86558,26.02021,-19.98101,NEV_WOL,SAN_DON,DonWeirField,D1,MW,20260324-DonWeirField-2,c99bd8a0-27d4-11f1-87ae-c3d7072d108d,89.02481,,,7.3264,,,,,,,19204ca8-c802-4f83-bcdd-d568f66a75e9,2026-03-24,22:57:08.84,2026-03-24T15:57:08.8476672-07:00,2026-03-24T22:57:08.8476672Z,,v3,471377,471434,63251d0db23648cabd526fef61ffaec8,"Snakenborg, Nate",833445,Right,NEV_WOL,0d35be0e-b412-41a3-b6bb-59139c1dbeb7,53.88099,-129.41695,13.01011,5.688,-1.54885,-9.99051,-1.70895,3.549,-3.93279,,,,,,,,,,,,,,,,,,,,,,,,,,,,,,,,,,,,,,,,,,,,,,,,,,,High,High,High,,,,,,,,,,,,,,,,,,,,,,,,,,,,,,,,,,,,
89,2026-03-24,15:57:30.50,8,5,"Oakes, Ryan",1000299833,Right,NEV_WOL,"Lewis, Jared",702591,Left,SAN_DON,Undefined,3,Top,2,2,2,Fastball,Four-Seam,BallCalled,Undefined,Undefined,Undefined,0,0,,89.10091,-1.22385,-1.057548,2185.539479,216.540946,1:15,5.64756,1.80007,6.60551,-21.75525,12.22075,8.32028,2.71317,1.52457,82.12296,-5.33921,0.45663,0.419525,,,,,,,,,,,,-4.6363,7.06166,-1.73107,50,5.55496,2.07509,-129.6381,-3.38442,-7.94478,25.33873,-20.07313,NEV_WOL,SAN_DON,DonWeirField,D1,MW,20260324-DonWeirField-2,d67d6c50-27d4-11f1-87ae-c3d7072d108d,89.84558,,,6.97796,,,,,,,19204ca8-c802-4f83-bcdd-d568f66a75e9,2026-03-24,22:57:30.50,2026-03-24T15:57:30.5067008-07:00,2026-03-24T22:57:30.5067008Z,,v3,471377,471434,63251d0db23648cabd526fef61ffaec8,"Snakenborg, Nate",833445,Right,NEV_WOL,5b9e5734-256f-486e-9df4-9ed723dc1620,53.89395,-130.39698,12.66936,5.64732,-2.78323,-10.03657,-1.79678,2.31303,-3.97239,,,,,,,,,,,,,,,,,,,,,,,,,,,,,,,,,,,,,,,,,,,,,,,,,,,High,High,High,,,,,,,,,,,,,,,,,,,,,,,,,,,,,,,,,,,,
90,2026-03-24,15:57:52.70,8,6,"Oakes, Ryan",1000299833,Right,NEV_WOL,"Lewis, Jared",702591,Left,SAN_DON,Undefined,3,Top,2,3,2,Fastball,Four-Seam,StrikeSwinging,Strikeout,Undefined,Undefined,0,0,,89.20215,-2.087622,-2.544686,2197.367329,212.392455,1:00,5.70303,1.71419,6.56875,-22.47281,11.39835,6.62878,1.91387,-0.06761,82.66094,-6.31017,-1.340405,0.418877,,,,,,,,,,,,-4.13662,6.81095,-1.54187,50,5.54959,5.51996,-129.69882,-5.38324,-7.12681,24.22144,-20.43977,NEV_WOL,SAN_DON,DonWeirField,D1,MW,20260324-DonWeirField-2,e3bbc600-27d4-11f1-87ae-c3d7072d108d,89.98452,,,6.54121,,,,,,,19204ca8-c802-4f83-bcdd-d568f66a75e9,2026-03-24,22:57:52.70,2026-03-24T15:57:52.7080000-07:00,2026-03-24T22:57:52.7080000Z,,v3,471377,471434,63251d0db23648cabd526fef61ffaec8,"Snakenborg, Nate",833445,Right,NEV_WOL,260c64aa-b405-4eec-8c52-2c53c609294a,53.93283,-130.43121,12.11072,5.70302,-4.7652,-10.21989,-1.71204,5.73545,-3.5634,,,,,,,,,,,,,,,,,,,,,,,,,,,,,46.21321,2.850454,1.213491,1.636963,0.98006,1.86543,0.07779,-2.63002,5.71345,4.31245,79.11106,3.73287,-45.68047,-2.615,52.5348,-1.5978,5.79772,24.54187,-15.79991,4.26569,-33.96288,2.12466,High,High,High,,,High,High,High,,,,,,,,,,,,,,,,,,,,,,,,,,,,,,,
91,2026-03-24,16:00:22.90,1,1,"Andreas, Jake",1000357867,Right,SAN_DON,"Snakenborg, Nate",833445,Right,NEV_WOL,Undefined,3,Bottom,0,0,0,Fastball,Four-Seam,InPlay,Undefined,GroundBall,Single,0,0,,89.75352,-2.415259,-2.170572,2055.084368,223.228762,1:30,5.97191,0.93011,6.69385,-19.2854,14.17123,12.38253,2.15315,-0.02395,82.70713,-6.079877,0.085433,0.416306,88.33582,-29.611514,-34.27932,,,,,6.03194,3.44401,-21.017477,0.035854,-7.15548,8.44008,-0.79024,50,5.80304,4.49209,-130.48124,-6.02756,-12.40682,25.97898,-17.53986,NEV_WOL,SAN_DON,DonWeirField,D1,MW,20260324-DonWeirField-2,3d3f6c40-27d5-11f1-87ae-c3d7072d108d,90.54027,2.30004,,7.04639,,,,2.28667,2.30004,0.11596,19204ca8-c802-4f83-bcdd-d568f66a75e9,2026-03-24,23:00:22.90,2026-03-24T16:00:22.9017600-07:00,2026-03-24T23:00:22.9017600Z,GroundBall,v3,471377,471434,63251d0db23648cabd526fef61ffaec8,"Burke, Brendan",832137,Right,SAN_DON,bbd30c18-21ca-45fd-b7dd-6b117e68c3bb,53.80759,-131.23714,12.98949,5.971,-5.5172,-8.76993,-0.9262,4.85309,-6.20341,,2.28556,93.26569,,,,,,,,2.3008,-64.14979,,,,,,,,0.11672,-63.57222,,,,,,,,,,,,,,,,,,,,,,,,,,,,,,High,High,High,Low,Low,,,,,,,,,,,,,,,,,,,,,,,,,,,,,,,,,,
92,2026-03-24,16:01:19.36,2,1,"Andreas, Jake",1000357867,Right,SAN_DON,"Metcho, Jack",824189,Right,NEV_WOL,Undefined,3,Bottom,0,0,0,Fastball,Four-Seam,BallCalled,Undefined,Undefined,Undefined,0,0,,90.17744,-0.937288,-2.894367,2031.388771,208.789709,1:00,6.07895,1.38619,6.67688,-17.8034,15.53765,7.96457,3.73674,-0.60009,82.46261,-4.354158,-1.446053,0.415586,,,,,,,,,,,,-4.97874,8.76347,-1.19523,50,6.0087,6.31494,-131.00755,-2.60419,-8.65828,27.50949,-16.93397,NEV_WOL,SAN_DON,DonWeirField,D1,MW,20260324-DonWeirField-2,5ee92110-27d5-11f1-87ae-c3d7072d108d,90.69705,,,7.71484,,,,,,,19204ca8-c802-4f83-bcdd-d568f66a75e9,2026-03-24,23:01:19.36,2026-03-24T16:01:19.3684480-07:00,2026-03-24T23:01:19.3684480Z,,v3,471377,471434,63251d0db23648cabd526fef61ffaec8,"Burke, Brendan",832137,Right,SAN_DON,c81ea449-ef68-4962-a48c-4c16c80ebf9a,53.82158,-131.80758,13.75474,6.07727,-2.11171,-8.46699,-1.38255,6.56674,-4.32914,,,,,,,,,,,,,,,,,,,,,,,,,,,,,,,,,,,,,,,,,,,,,,,,,,,High,High,High,,,,,,,,,,,,,,,,,,,,,,,,,,,,,,,,,,,,
93,2026-03-24,16:01:36.66,2,2,"Andreas, Jake",1000357867,Right,SAN_DON,"Metcho, Jack",824189,Right,NEV_WOL,Undefined,3,Bottom,0,1,0,Fastball,Four-Seam,BallCalled,Undefined,Undefined,Undefined,0,0,,89.41103,-1.64478,-3.484216,2069.552701,212.639884,1:00,6.00461,1.14423,7.03181,-19.408,13.89957,8.27095,2.88966,-1.33618,82.33445,-5.358827,-1.971005,0.415377,,,,,,,,,,,,-5.32626,8.17347,-0.93481,50,5.89784,7.61827,-129.93642,-4.21633,-9.16417,25.59495,-18.11106,NEV_WOL,SAN_DON,DonWeirField,D1,MW,20260324-DonWeirField-2,694171d0-27d5-11f1-87ae-c3d7072d108d,90.74265,,,7.07659,,,,,,,19204ca8-c802-4f83-bcdd-d568f66a75e9,2026-03-24,23:01:36.66,2026-03-24T16:01:36.6648832-07:00,2026-03-24T23:01:36.6648832Z,,v3,471377,471434,63251d0db23648cabd526fef61ffaec8,"Burke, Brendan",832137,Right,SAN_DON,5eb49b4d-5ed2-41bf-b014-c87cdb1383d0,53.46827,-130.61782,12.79748,6.00367,-3.73417,-9.05553,-1.14087,7.86224,-4.58209,,,,,,,,,,,,,,,,,,,,,,,,,,,,,,,,,,,,,,,,,,,,,,,,,,,High,High,High,,,,,,,,,,,,,,,,,,,,,,,,,,,,,,,,,,,,
94,2026-03-24,16:01:54.85,2,3,"Andreas, Jake",1000357867,Right,SAN_DON,"Metcho, Jack",824189,Right,NEV_WOL,Undefined,3,Bottom,0,2,0,Fastball,Four-Seam,BallCalled,Undefined,Undefined,Undefined,0,0,,90.18798,-3.401846,-2.803673,2025.545056,202.447652,12:45,5.95916,1.0946,6.92946,-18.17796,14.63261,5.65331,1.33998,-0.98874,83.46906,-6.859571,-1.770084,0.412267,,,,,,,,,,,,-3.73437,8.96965,-0.92116,50,5.73952,6.21603,-131.00275,-8.2573,-6.55153,25.20223,-16.43788,NEV_WOL,SAN_DON,DonWeirField,D1,MW,20260324-DonWeirField-2,7411d8c0-27d5-11f1-87ae-c3d7072d108d,91.42732,,,6.71892,,,,,,,19204ca8-c802-4f83-bcdd-d568f66a75e9,2026-03-24,23:01:54.85,2026-03-24T16:01:54.8588544-07:00,2026-03-24T23:01:54.8588544Z,,v3,471377,471434,63251d0db23648cabd526fef61ffaec8,"Burke, Brendan",832137,Right,SAN_DON,d8b5aada-4d1e-4b79-9f7a-0b9187b1ee26,53.57174,-131.68808,12.60112,5.95798,-7.8103,-8.21894,-1.09262,6.39419,-3.27577,,,,,,,,,,,,,,,,,,,,,,,,,,,,,,,,,,,,,,,,,,,,,,,,,,,High,High,High,,,,,,,,,,,,,,,,,,,,,,,,,,,,,,,,,,,,
95,2026-03-24,16:02:14.13,2,4,"Andreas, Jake",1000357867,Right,SAN_DON,"Metcho, Jack",824189,Right,NEV_WOL,Undefined,3,Bottom,0,3,0,Fastball,Four-Seam,StrikeCalled,Undefined,Undefined,Undefined,0,0,,88.56393,-2.199566,-2.867575,2013.98808,208.391645,1:00,5.9333,1.35647,7.01625,-17.6056,16.38769,8.30319,2.46356,-0.56002,81.48115,-5.5872,-1.347446,0.419631,,,,,,,,,,,,-5.17941,9.65493,-1.18376,50,5.79263,6.15229,-128.71507,-5.35679,-8.7345,25.41123,-15.89203,NEV_WOL,SAN_DON,DonWeirField,D1,MW,20260324-DonWeirField-2,7f8e3720-27d5-11f1-87ae-c3d7072d108d,89.82272,,,7.08278,,,,,,,19204ca8-c802-4f83-bcdd-d568f66a75e9,2026-03-24,23:02:14.13,2026-03-24T16:02:14.1356032-07:00,2026-03-24T23:02:14.1356032Z,,v3,471377,471434,63251d0db23648cabd526fef61ffaec8,"Burke, Brendan",832137,Right,SAN_DON,fe5ac85c-642f-4092-8497-f4ad28d8a8e2,53.48323,-129.40091,12.70561,5.93142,-4.92787,-7.94602,-1.35299,6.38803,-4.36725,,,,,,,,,,,,,,,,,,,,,,,,,,,,,,,,,,,,,,,,,,,,,,,,,,,High,High,High,,,,,,,,,,,,,,,,,,,,,,,,,,,,,,,,,,,,
96,2026-03-24,16:02:31.81,2,5,"Andreas, Jake",1000357867,Right,SAN_DON,"Metcho, Jack",824189,Right,NEV_WOL,Undefined,3,Bottom,0,3,1,Fastball,Four-Seam,BallCalled,Walk,Undefined,Undefined,0,0,,89.48866,-1.927156,-2.928001,1994.54739,198.218905,12:30,5.92083,1.15199,7.00519,-18.20765,15.20792,4.66469,2.64867,-1.12333,82.07585,-5.427237,-2.074451,0.41605,,,,,,,,,,,,-3.2787,8.9643,-0.97405,50,5.79626,6.48057,-130.02297,-4.81478,-5.62253,26.81964,-16.80146,NEV_WOL,SAN_DON,DonWeirField,D1,MW,20260324-DonWeirField-2,8a19f3f0-27d5-11f1-87ae-c3d7072d108d,90.59586,,,7.41281,,,,,,,19204ca8-c802-4f83-bcdd-d568f66a75e9,2026-03-24,23:02:31.81,2026-03-24T16:02:31.8115840-07:00,2026-03-24T23:02:31.8115840Z,,v3,471377,471434,63251d0db23648cabd526fef61ffaec8,"Burke, Brendan",832137,Right,SAN_DON,8e4c37f5-c6f1-4c12-b432-0e53d7e2aa99,53.49334,-130.74155,13.40982,5.91923,-4.36462,-8.40073,-1.1497,6.63121,-2.81127,,,,,,,,,,,,,,,,,,,,,,,,,,,,,,,,,,,,,,,,,,,,,,,,,,,High,High,High,,,,,,,,,,,,,,,,,,,,,,,,,,,,,,,,,,,,
97,2026-03-24,16:03:05.04,3,1,"Andreas, Jake",1000357867,Right,SAN_DON,"Quiban, Rominic",1000111279,Left,NEV_WOL,Undefined,3,Bottom,0,0,0,ChangeUp,Changeup,StrikeCalled,Undefined,Undefined,Undefined,0,0,,78.89982,-0.370864,-3.315853,1861.212914,236.845848,2:00,5.72188,1.78313,6.8043,-31.48529,11.35883,15.56891,2.7591,0.05122,73.19067,-6.298814,-0.476921,0.471104,,,,,,,,,,,,-9.06532,6.49544,-1.57374,50,5.68591,6.14945,-114.76411,-1.5332,-12.24667,18.66467,-23.39914,NEV_WOL,SAN_DON,DonWeirField,D1,MW,20260324-DonWeirField-2,9deb0ae0-27d5-11f1-87ae-c3d7072d108d,80.0087,,,5.70915,,,,,,,19204ca8-c802-4f83-bcdd-d568f66a75e9,2026-03-24,23:03:05.04,2026-03-24T16:03:05.0465280-07:00,2026-03-24T23:03:05.0465280Z,,v3,471377,471434,63251d0db23648cabd526fef61ffaec8,"Burke, Brendan",832137,Right,SAN_DON,31b23f3d-3dd1-4d53-83c5-aad450c864ac,53.6971,-115.36382,9.33233,5.7231,-0.78136,-11.69957,-1.77765,6.54294,-6.12334,,,,,,,,,,,,,,,,,,,,,,,,,,,,,,,,,,,,,,,,,,,,,,,,,,,High,High,High,,,,,,,,,,,,,,,,,,,,,,,,,,,,,,,,,,,,
98,2026-03-24,16:03:25.43,3,2,"Andreas, Jake",1000357867,Right,SAN_DON,"Quiban, Rominic",1000111279,Left,NEV_WOL,Undefined,3,Bottom,0,0,1,Fastball,Sinker,BallCalled,Undefined,Undefined,Undefined,0,0,,89.79697,-3.732306,-3.086529,2024.423864,219.937771,1:15,5.91332,1.2771,6.73749,-17.35048,16.09839,12.63824,1.04732,-0.49271,82.87649,-7.036731,-0.784455,0.416258,,,,,,,,,,,,-7.54552,9.81772,-1.07855,50,5.66004,6.57226,-130.31891,-8.96104,-13.06937,25.54329,-15.16911,NEV_WOL,SAN_DON,DonWeirField,D1,MW,20260324-DonWeirField-2,aa09ead0-27d5-11f1-87ae-c3d7072d108d,90.55075,,,6.92049,,,,,,,19204ca8-c802-4f83-bcdd-d568f66a75e9,2026-03-24,23:03:25.43,2026-03-24T16:03:25.4306816-07:00,2026-03-24T23:03:25.4306816Z,,v3,471377,471434,63251d0db23648cabd526fef61ffaec8,"Burke, Brendan",832137,Right,SAN_DON,a67c3d6d-6427-4064-9c6a-9fc1ba460d42,53.76442,-131.05468,12.77165,5.91187,-8.5241,-7.58455,-1.27328,6.94872,-6.53469,,,,,,,,,,,,,,,,,,,,,,,,,,,,,,,,,,,,,,,,,,,,,,,,,,,High,High,High,,,,,,,,,,,,,,,,,,,,,,,,,,,,,,,,,,,,
99,2026-03-24,16:03:46.60,3,3,"Andreas, Jake",1000357867,Right,SAN_DON,"Quiban, Rominic",1000111279,Left,NEV_WOL,Undefined,3,Bottom,0,1,1,Fastball,Four-Seam,InPlay,Undefined,Bunt,Single,0,0,,89.73392,-2.53109,-2.692928,2076.414711,217.713273,1:15,5.99563,1.45532,6.82226,-19.16611,14.31627,10.26044,2.0854,-0.14809,82.33325,-6.190551,-0.82021,0.416466,,,,,,,,,,,,-6.24052,8.63272,-1.28558,50,5.82521,5.76498,-130.36665,-6.26644,-10.7478,27.21283,-17.30626,NEV_WOL,SAN_DON,DonWeirField,D1,MW,20260324-DonWeirField-2,b6ac52a0-27d5-11f1-87ae-c3d7072d108d,90.50544,,,7.40066,,,,,,,19204ca8-c802-4f83-bcdd-d568f66a75e9,2026-03-24,23:03:46.60,2026-03-24T16:03:46.6077184-07:00,2026-03-24T23:03:46.6077184Z,,v3,471377,471434,63251d0db23648cabd526fef61ffaec8,"Burke, Brendan",832137,Right,SAN_DON,0bc4e626-f245-4c3a-ae82-9bd256aafb57,53.67892,-131.13234,13.60642,5.99468,-5.77949,-8.65313,-1.45205,6.06739,-5.3739,,,,,,,,,,,,,,,,,,,,,,,,,,,,,,,,,,,,,,,,,,,,,,,,,,,High,High,High,,,,,,,,,,,,,,,,,,,,,,,,,,,,,,,,,,,,
100,2026-03-24,16:04:27.84,4,1,"Andreas, Jake",1000357867,Right,SAN_DON,"Dobie, Jayce",833435,Right,NEV_WOL,Undefined,3,Bottom,0,0,0,ChangeUp,Changeup,StrikeCalled,Undefined,Undefined,Undefined,0,0,,79.7668,-0.155363,-3.443269,1914.745631,226.529175,1:30,5.70543,1.83457,6.66668,-29.77698,12.28886,11.76485,3.0816,-0.33931,74.087,-5.751756,-1.305138,0.466806,,,,,,,,,,,,-7.00445,6.89103,-1.6077,50,5.68279,6.58694,-115.99342,-1.08578,-9.69276,18.50362,-22.63824,NEV_WOL,SAN_DON,DonWeirField,D1,MW,20260324-DonWeirField-2,cf41f680-27d5-11f1-87ae-c3d7072d108d,80.74543,,,5.6798,,,,,,,19204ca8-c802-4f83-bcdd-d568f66a75e9,2026-03-24,23:04:27.84,2026-03-24T16:04:27.8426112-07:00,2026-03-24T23:04:27.8426112Z,,v3,471377,471434,63251d0db23648cabd526fef61ffaec8,"Burke, Brendan",832137,Right,SAN_DON,e423f644-d3fe-40e5-8955-6dc9d1c81185,53.83403,-116.60344,9.25181,5.70629,-0.33946,-11.31912,-1.83012,6.90648,-4.84638,,,,,,,,,,,,,,,,,,,,,,,,,,,,,,,,,,,,,,,,,,,,,,,,,,,High,High,High,,,,,,,,,,,,,,,,,,,,,,,,,,,,,,,,,,,,
101,2026-03-24,16:04:46.37,4,2,"Andreas, Jake",1000357867,Right,SAN_DON,"Dobie, Jayce",833435,Right,NEV_WOL,Undefined,3,Bottom,0,0,1,Fastball,Four-Seam,BallCalled,Undefined,Undefined,Undefined,0,0,,89.25254,-0.752851,-3.535936,2002.034362,208.063111,1:00,6.01122,1.2374,6.89306,-17.77359,15.63233,7.83981,3.84287,-1.33468,82.51511,-4.155742,-2.106129,0.41599,,,,,,,,,,,,-5.01414,8.79217,-1.01636,50,5.95676,7.73383,-129.76658,-2.14487,-8.65888,23.91318,-16.99095,NEV_WOL,SAN_DON,DonWeirField,D1,MW,20260324-DonWeirField-2,da4fdba0-27d5-11f1-87ae-c3d7072d108d,90.60895,,,6.73743,,,,,,,19204ca8-c802-4f83-bcdd-d568f66a75e9,2026-03-24,23:04:46.37,2026-03-24T16:04:46.3768576-07:00,2026-03-24T23:04:46.3768576Z,,v3,471377,471434,63251d0db23648cabd526fef61ffaec8,"Burke, Brendan",832137,Right,SAN_DON,d7700e39-a5bf-4197-bcc7-e9e198cc3fb9,53.60706,-130.42958,11.95659,6.0097,-1.67378,-8.49548,-1.23412,7.9739,-4.32944,,,,,,,,,,,,,,,,,,,,,,,,,,,,,,,,,,,,,,,,,,,,,,,,,,,High,High,High,,,,,,,,,,,,,,,,,,,,,,,,,,,,,,,,,,,,
102,2026-03-24,16:05:06.20,4,3,"Andreas, Jake",1000357867,Right,SAN_DON,"Dobie, Jayce",833435,Right,NEV_WOL,Undefined,3,Bottom,0,1,1,Fastball,Four-Seam,BallCalled,Undefined,Undefined,Undefined,0,0,,89.67901,-3.854756,-3.712817,2054.083926,206.350505,1:00,5.95474,1.27828,7.10113,-18.81013,14.06784,6.52185,0.87682,-1.55192,83.47286,-7.422158,-2.518154,0.41269,,,,,,,,,,,,-4.42477,8.77843,-1.0592,50,5.71844,8.2343,-130.18894,-9.2551,-7.70653,23.54055,-16.88481,NEV_WOL,SAN_DON,DonWeirField,D1,MW,20260324-DonWeirField-2,e61ccb00-27d5-11f1-87ae-c3d7072d108d,91.33353,,,6.20616,,,,,,,19204ca8-c802-4f83-bcdd-d568f66a75e9,2026-03-24,23:05:06.20,2026-03-24T16:05:06.2089216-07:00,2026-03-24T23:05:06.2089216Z,,v3,471377,471434,63251d0db23648cabd526fef61ffaec8,"Burke, Brendan",832137,Right,SAN_DON,be2bba9c-84c5-4a71-ac53-4ae26902239a,53.40166,-130.80257,11.77028,5.95395,-8.81496,-8.44241,-1.27646,8.43519,-3.85327,,,,,,,,,,,,,,,,,,,,,,,,,,,,,,,,,,,,,,,,,,,,,,,,,,,High,High,High,,,,,,,,,,,,,,,,,,,,,,,,,,,,,,,,,,,,
103,2026-03-24,16:05:27.73,4,4,"Andreas, Jake",1000357867,Right,SAN_DON,"Dobie, Jayce",833435,Right,NEV_WOL,Undefined,3,Bottom,0,2,1,Fastball,Four-Seam,BallCalled,Undefined,Undefined,Undefined,0,0,,90.27821,-3.44826,-3.184777,2133.802237,198.808935,12:45,5.98267,1.24785,6.78059,-14.03792,18.72347,6.07205,1.65596,-1.15678,83.91158,-6.139013,-2.079037,0.411958,,,,,,,,,,,,-3.98217,11.04894,-1.04267,50,5.75202,7.07894,-131.12713,-8.24876,-7.0462,23.49939,-12.62372,NEV_WOL,SAN_DON,DonWeirField,D1,MW,20260324-DonWeirField-2,f2f33b20-27d5-11f1-87ae-c3d7072d108d,91.49591,,,6.36664,,,,,,,19204ca8-c802-4f83-bcdd-d568f66a75e9,2026-03-24,23:05:27.73,2026-03-24T16:05:27.7394432-07:00,2026-03-24T23:05:27.7394432Z,,v3,471377,471434,63251d0db23648cabd526fef61ffaec8,"Burke, Brendan",832137,Right,SAN_DON,21e6fb8e-64bf-4d37-b752-40c2f1100847,53.7214,-131.79236,11.7497,5.98047,-7.8914,-6.31186,-1.24589,7.2784,-3.5231,,,,,,,,,,,,,,,,,,,,,,,,,,,,,,,,,,,,,,,,,,,,,,,,,,,High,High,High,,,,,,,,,,,,,,,,,,,,,,,,,,,,,,,,,,,,
104,2026-03-24,16:05:51.26,4,5,"Andreas, Jake",1000357867,Right,SAN_DON,"Dobie, Jayce",833435,Right,NEV_WOL,Undefined,3,Bottom,0,3,1,Fastball,Four-Seam,StrikeCalled,Undefined,Undefined,Undefined,0,0,,88.19106,-1.296067,-2.727797,1980.312696,204.003425,12:45,5.93958,1.22582,7.08181,-17.91355,16.40434,6.82555,3.26878,-0.68335,80.70842,-4.761642,-1.476683,0.42163,,,,,,,,,,,,-4.39425,9.4678,-1.0642,50,5.85566,5.86544,-128.19981,-3.30404,-7.31404,26.46943,-16.41533,NEV_WOL,SAN_DON,DonWeirField,D1,MW,20260324-DonWeirField-2,00fecfe0-27d6-11f1-87ae-c3d7072d108d,89.39692,,,7.48264,,,,,,,19204ca8-c802-4f83-bcdd-d568f66a75e9,2026-03-24,23:05:51.26,2026-03-24T16:05:51.2611840-07:00,2026-03-24T23:05:51.2611840Z,,v3,471377,471434,63251d0db23648cabd526fef61ffaec8,"Burke, Brendan",832137,Right,SAN_DON,6c44883c-ef8c-4a73-83a1-b32eedc7ea91,53.41661,-128.9033,13.23471,5.93767,-2.86776,-8.20766,-1.22267,6.05983,-3.65702,,,,,,,,,,,,,,,,,,,,,,,,,,,,,,,,,,,,,,,,,,,,,,,,,,,High,High,High,,,,,,,,,,,,,,,,,,,,,,,,,,,,,,,,,,,,
105,2026-03-24,16:06:11.43,4,6,"Andreas, Jake",1000357867,Right,SAN_DON,"Dobie, Jayce",833435,Right,NEV_WOL,Undefined,3,Bottom,0,3,2,Fastball,Four-Seam,InPlay,Undefined,GroundBall,Single,0,2,,90.43161,-3.307861,-1.788522,2086.584946,212.719767,1:00,5.96024,1.21688,6.70766,-15.95958,16.73926,10.17784,1.60121,0.42934,84.0312,-6.344558,0.06647,0.411564,93.30729,-1.638489,-28.672758,,,,,52.23489,24.53783,-28.24038,0.362246,-5.8663,9.95682,-1.10219,50,5.73394,3.74127,-131.49965,-8.01865,-10.42384,24.02178,-14.4818,NEV_WOL,SAN_DON,DonWeirField,D1,MW,20260324-DonWeirField-2,0cff2b50-27d6-11f1-87ae-c3d7072d108d,91.58342,1.41746,,6.40041,,,,2.54439,1.41746,-0.94217,19204ca8-c802-4f83-bcdd-d568f66a75e9,2026-03-24,23:06:11.43,2026-03-24T16:06:11.4361344-07:00,2026-03-24T23:06:11.4361344Z,GroundBall,v3,471377,471434,63251d0db23648cabd526fef61ffaec8,"Burke, Brendan",832137,Right,SAN_DON,809783b3-9c8c-42d6-af40-4836aa721dbd,53.79497,-132.19108,12.01089,5.95875,-7.60181,-7.2409,-1.21419,4.04131,-5.21192,180,2.545,120.0096,,,,,,,,1.41744,-3.91264,,,,,,,,-0.9425,-65.62919,,,,,,,,,,,,,,,,,,,,,,,,,,,,,,High,High,High,Low,Low,,,,,,,,,,,,,,,,,,,,,,,,,,,,,,,,,,
106,2026-03-24,16:07:50.41,5,1,"Andreas, Jake",1000357867,Right,SAN_DON,"Matsuzaki, Lee",1000128685,Left,NEV_WOL,Undefined,3,Bottom,0,0,0,ChangeUp,Changeup,BallCalled,Undefined,Undefined,Undefined,0,0,,80.19616,-2.144303,-5.003517,1922.284781,249.714766,2:15,5.72234,2.04113,6.5851,-34.83955,6.9628,15.85631,0.84559,-1.23439,75.05019,-8.599326,-2.130189,0.465341,,,,,,,,,,,,-9.58339,4.45622,-1.70449,50,5.55989,9.68164,-116.38588,-5.32558,-13.3947,17.95315,-25.9456,NEV_WOL,SAN_DON,DonWeirField,D1,MW,20260324-DonWeirField-2,47ffb120-27d6-11f1-87ae-c3d7072d108d,80.99955,,,5.14597,,,,,,,19204ca8-c802-4f83-bcdd-d568f66a75e9,2026-03-24,23:07:50.41,2026-03-24T16:07:50.4148992-07:00,2026-03-24T23:07:50.4148992Z,,v3,471377,471434,63251d0db23648cabd526fef61ffaec8,"Burke, Brendan",832137,Right,SAN_DON,ae4a29f2-4c52-4b83-9b7f-d3a5c2c1abab,53.9188,-116.98882,8.97658,5.72411,-4.45423,-12.9728,-2.03719,10.13148,-6.69735,,,,,,,,,,,,,,,,,,,,,,,,,,,,,,,,,,,,,,,,,,,,,,,,,,,High,High,High,,,,,,,,,,,,,,,,,,,,,,,,,,,,,,,,,,,,
107,2026-03-24,16:08:10.75,5,2,"Andreas, Jake",1000357867,Right,SAN_DON,"Matsuzaki, Lee",1000128685,Left,NEV_WOL,Undefined,3,Bottom,0,1,0,Fastball,Four-Seam,BallCalled,Undefined,Undefined,Undefined,0,0,,88.91556,-2.770978,-4.197315,2150.983096,218.274341,1:15,6.04951,1.2354,6.98158,-19.04883,14.96603,10.95804,1.93323,-1.67562,81.52503,-6.421171,-2.196495,0.419765,,,,,,,,,,,,-6.99126,9.08012,-0.97965,50,5.87155,9.0706,-128.95113,-6.72,-11.78645,26.50268,-16.86598,NEV_WOL,SAN_DON,DonWeirField,D1,MW,20260324-DonWeirField-2,54217740-27d6-11f1-87ae-c3d7072d108d,89.79424,,,7.39054,,,,,,,19204ca8-c802-4f83-bcdd-d568f66a75e9,2026-03-24,23:08:10.75,2026-03-24T16:08:10.7550208-07:00,2026-03-24T23:08:10.7550208Z,,v3,471377,471434,63251d0db23648cabd526fef61ffaec8,"Burke, Brendan",832137,Right,SAN_DON,9efa9fc1-6eb4-436d-9f03-ccaaba639e12,53.51801,-129.67215,13.25134,6.04813,-6.26115,-8.43299,-1.23078,9.39126,-5.89323,,,,,,,,,,,,,,,,,,,,,,,,,,,,,,,,,,,,,,,,,,,,,,,,,,,High,High,High,,,,,,,,,,,,,,,,,,,,,,,,,,,,,,,,,,,,
108,2026-03-24,16:08:30.50,5,3,"Andreas, Jake",1000357867,Right,SAN_DON,"Matsuzaki, Lee",1000128685,Left,NEV_WOL,Undefined,3,Bottom,0,2,0,Fastball,Four-Seam,FoulBallNotFieldable,Undefined,Undefined,Undefined,0,0,,88.34703,-2.240172,-2.679601,2029.062601,211.664831,1:00,5.96152,1.17766,6.86157,-18.303,15.75406,9.14044,2.39092,-0.50506,82.00054,-5.726757,-1.010484,0.420025,91.30017,-28.596883,90.303422,,,,,6.31933,5.69527,65.275982,0.04977,-5.55012,9.23674,-1.0102,50,5.81175,5.70162,-128.51973,-5.49401,-9.41362,23.1195,-16.50747,NEV_WOL,SAN_DON,DonWeirField,D1,MW,20260324-DonWeirField-2,5fdd9dc0-27d6-11f1-87ae-c3d7072d108d,89.73859,3.19849,,6.34649,,,,2.67412,3.19849,-0.12706,19204ca8-c802-4f83-bcdd-d568f66a75e9,2026-03-24,23:08:30.50,2026-03-24T16:08:30.5078784-07:00,2026-03-24T23:08:30.5078784Z,GroundBall,v3,471377,471434,63251d0db23648cabd526fef61ffaec8,"Burke, Brendan",832137,Right,SAN_DON,a6205158-da7c-4695-93da-adf559deaf2f,53.64078,-129.17301,11.55975,5.9604,-5.02757,-8.25373,-1.17507,5.96762,-4.70681,,2.67413,-0.62429,,,,,,,,3.19987,-64.26557,,,,,,,,-0.12958,117.88499,,,,,,,,,,,,,,,,,,,,,,,,,,,,,,High,High,High,Low,Low,,,,,,,,,,,,,,,,,,,,,,,,,,,,,,,,,,
109,2026-03-24,16:08:53.74,5,4,"Andreas, Jake",1000357867,Right,SAN_DON,"Matsuzaki, Lee",1000128685,Left,NEV_WOL,Undefined,3,Bottom,0,2,1,ChangeUp,Changeup,BallCalled,Undefined,Undefined,Undefined,0,0,,79.9122,1.167385,-4.282859,1799.790299,247.394014,2:15,5.66196,1.70134,6.92029,-33.68309,7.73481,16.02438,3.92111,-0.8703,74.37083,-5.161699,-1.361226,0.463197,,,,,,,,,,,,-9.49241,4.20709,-1.43756,50,5.72332,8.19166,-116.17758,1.51886,-13.22998,17.7331,-26.31048,NEV_WOL,SAN_DON,DonWeirField,D1,MW,20260324-DonWeirField-2,6dc556d0-27d6-11f1-87ae-c3d7072d108d,81.37458,,,5.54137,,,,,,,19204ca8-c802-4f83-bcdd-d568f66a75e9,2026-03-24,23:08:53.74,2026-03-24T16:08:53.7476608-07:00,2026-03-24T23:08:53.7476608Z,,v3,471377,471434,63251d0db23648cabd526fef61ffaec8,"Burke, Brendan",832137,Right,SAN_DON,eeaee123-8dc4-4ea3-b6f1-a666cf202e03,53.58223,-116.72308,8.86655,5.66415,2.32822,-13.15524,-1.69581,8.59864,-6.61499,,,,,,,,,,,,,,,,,,,,,,,,,,,,,,,,,,,,,,,,,,,,,,,,,,,High,High,High,,,,,,,,,,,,,,,,,,,,,,,,,,,,,,,,,,,,
110,2026-03-24,16:09:15.07,5,5,"Andreas, Jake",1000357867,Right,SAN_DON,"Matsuzaki, Lee",1000128685,Left,NEV_WOL,Undefined,3,Bottom,0,3,1,Fastball,Four-Seam,InPlay,Undefined,GroundBall,Out,1,0,,88.75162,-1.535962,-2.289051,2059.011323,219.215444,1:15,5.98894,1.0528,7.02371,-21.34509,11.92883,9.05556,2.81295,-0.27382,82.93066,-5.575723,-0.629237,0.415167,97.82874,-8.982928,45.242568,,,,,20.60462,18.8274,41.303004,0.132283,-5.41685,7.00666,-0.91646,50,5.88802,4.87232,-129.30511,-4.02288,-9.36218,21.69222,-20.06414,NEV_WOL,SAN_DON,DonWeirField,D1,MW,20260324-DonWeirField-2,7a7245f0-27d6-11f1-87ae-c3d7072d108d,90.78854,2.96902,,5.82096,,,,2.25436,2.96902,0.263,19204ca8-c802-4f83-bcdd-d568f66a75e9,2026-03-24,23:09:15.07,2026-03-24T16:09:15.0774784-07:00,2026-03-24T23:09:15.0774784Z,GroundBall,v3,471377,471434,63251d0db23648cabd526fef61ffaec8,"Burke, Brendan",832137,Right,SAN_DON,5d10f98e-e44e-424e-b71d-00641225de33,53.4797,-129.88755,10.84611,5.98881,-3.48415,-10.03207,-1.05065,5.1237,-4.68109,180,2.25045,99.971,,,,,,,,2.9699,-22.44449,,,,,,,,0.25906,100.82108,,,,,,,,,,,,,,,,,,,,,,,,,,,,,,High,High,High,Low,Low,,,,,,,,,,,,,,,,,,,,,,,,,,,,,,,,,,
111,2026-03-24,16:11:54.59,6,1,"Amborn, Cal",824249,Right,SAN_DON,"Doyle, Jacob",833448,Right,NEV_WOL,Undefined,3,Bottom,1,0,0,Fastball,Four-Seam,InPlay,Undefined,LineDrive,Sacrifice,1,1,,88.08424,-2.295887,-2.203014,2008.807712,220.172589,1:15,6.63382,1.69826,6.33634,-20.26702,14.62056,11.54926,2.8283,0.63131,81.91838,-6.100528,-0.113181,0.425115,101.21284,16.730738,-23.108833,1363.546766,100.00253,29.0468,-45.81898,338.56188,331.42335,-27.329687,3.190646,-6.58528,8.47205,-1.54332,50,6.45665,4.4961,-128.10639,-5.72977,-11.12199,22.41866,-17.86546,NEV_WOL,SAN_DON,DonWeirField,D1,MW,20260324-DonWeirField-2,d98b36a0-27d6-11f1-87ae-c3d7072d108d,88.664,35.36119,,6.16586,,,,1.10377,2.89194,-0.59693,19204ca8-c802-4f83-bcdd-d568f66a75e9,2026-03-24,23:11:54.59,2026-03-24T16:11:54.5990656-07:00,2026-03-24T23:11:54.5990656Z,LineDrive,v3,471377,471434,63251d0db23648cabd526fef61ffaec8,"Burke, Brendan",832137,Right,SAN_DON,f964a19c-3996-4a1e-9c94-16901d62a798,54.16597,-128.83337,11.20933,6.63306,-5.15044,-8.93273,-1.69497,4.85676,-5.56099,,1.10398,130.74911,-21.08611,4.92847,-0.94856,0.17662,-0.03517,0.00539,-0.00038,2.89159,42.74221,-14.30966,0.12157,0.05462,-0.0403,0.01954,-0.00427,0.00036,-0.59691,-55.79573,3.88642,-0.74371,0.0957,-0.00444,-0.00183,0.00054,-5E-05,,,,,,,,,,,,,,,,,,,,,,,High,High,High,High,High,,,,,,,,,,,,,,,,,,,,,,,,,,,,,,,,,,
112,2026-03-24,16:12:32.94,7,1,"Amborn, Cal",824249,Right,SAN_DON,"Harvey, Jake",833440,Right,NEV_WOL,Undefined,3,Bottom,2,0,0,Fastball,Four-Seam,BallCalled,Undefined,Undefined,Undefined,0,0,,89.11103,-3.583843,-3.4909,1850.282649,215.904976,1:15,6.60034,1.68067,6.65972,-20.3534,13.45883,9.07752,1.6143,-0.76132,82.98519,-7.406673,-1.840859,0.418512,,,,,,,,,,,,-5.63237,8.24339,-1.44947,50,6.3504,7.56382,-129.35616,-8.68156,-9.70002,22.83451,-17.97737,NEV_WOL,SAN_DON,DonWeirField,D1,MW,20260324-DonWeirField-2,f0637310-27d6-11f1-87ae-c3d7072d108d,90.0629,,,6.12584,,,,,,,19204ca8-c802-4f83-bcdd-d568f66a75e9,2026-03-24,23:12:32.94,2026-03-24T16:12:32.9402880-07:00,2026-03-24T23:12:32.9402880Z,,v3,471377,471434,63251d0db23648cabd526fef61ffaec8,"Burke, Brendan",832137,Right,SAN_DON,9211d5f9-3c48-49f7-84c1-7cdf25b54ba2,53.84232,-130.03265,11.41726,6.59971,-8.14896,-8.98868,-1.67781,7.85119,-4.85001,,,,,,,,,,,,,,,,,,,,,,,,,,,,,,,,,,,,,,,,,,,,,,,,,,,High,High,High,,,,,,,,,,,,,,,,,,,,,,,,,,,,,,,,,,,,
113,2026-03-24,16:12:48.61,7,2,"Amborn, Cal",824249,Right,SAN_DON,"Harvey, Jake",833440,Right,NEV_WOL,Undefined,3,Bottom,2,1,0,Slider,Slider,StrikeCalled,Undefined,Undefined,Undefined,0,0,,85.2438,-1.09132,-1.473762,2099.519767,189.160579,12:15,6.60911,1.83536,6.05866,-27.77159,10.14501,1.45748,3.28425,0.59242,78.68797,-6.256514,-1.211275,0.443186,,,,,,,,,,,,-1.12898,5.86134,-1.72167,50,6.50939,3.13093,-123.91355,-3.23197,-1.76857,23.01688,-22.99224,NEV_WOL,SAN_DON,DonWeirField,D1,MW,20260324-DonWeirField-2,f9bc5530-27d6-11f1-87ae-c3d7072d108d,85.04876,,,6.55583,,,,,,,19204ca8-c802-4f83-bcdd-d568f66a75e9,2026-03-24,23:12:48.61,2026-03-24T16:12:48.6111232-07:00,2026-03-24T23:12:48.6111232Z,,v3,471377,471434,63251d0db23648cabd526fef61ffaec8,"Burke, Brendan",832137,Right,SAN_DON,e09b7c53-d780-4f3a-8365-83e3a873b3c3,54.44077,-124.73569,11.50844,6.61016,-2.4107,-11.49612,-1.83463,3.1941,-0.88429,,,,,,,,,,,,,,,,,,,,,,,,,,,,,,,,,,,,,,,,,,,,,,,,,,,High,High,High,,,,,,,,,,,,,,,,,,,,,,,,,,,,,,,,,,,,
114,2026-03-24,16:13:05.18,7,3,"Amborn, Cal",824249,Right,SAN_DON,"Harvey, Jake",833440,Right,NEV_WOL,Undefined,3,Bottom,2,1,1,Fastball,Changeup,InPlay,Undefined,Popup,Out,1,0,,87.75381,-2.330124,-1.565071,1890.911128,212.372839,1:00,6.63045,1.58276,6.60446,-20.16072,14.78686,8.74386,2.81389,0.87736,81.24479,-6.143982,0.025873,0.425481,82.58228,65.793164,11.574316,,,,,130.1438,57.2626,6.6431,6.005232,-5.0276,8.69319,-1.47964,50,6.46294,3.17227,-127.64665,-5.74248,-8.3821,23.69293,-17.68067,NEV_WOL,SAN_DON,DonWeirField,D1,MW,20260324-DonWeirField-2,039c1a90-27d7-11f1-87ae-c3d7072d108d,88.58784,148.48594,,6.50902,,,,1.59962,2.81895,-0.8789,19204ca8-c802-4f83-bcdd-d568f66a75e9,2026-03-24,23:13:05.18,2026-03-24T16:13:05.1844096-07:00,2026-03-24T23:13:05.1844096Z,Popup,v3,471377,471434,63251d0db23648cabd526fef61ffaec8,"Burke, Brendan",832137,Right,SAN_DON,f7ba65e2-7428-4888-966e-97b647f2f58b,53.89704,-128.36795,11.84646,6.62957,-5.20421,-8.84033,-1.5801,3.42745,-4.19105,177.11333,1.59757,48.66516,-15.77113,4.27529,-0.60943,0.00302,0.01576,-0.00255,0.00013,2.80077,110.76771,-27.10402,4.25036,-1.47066,0.43262,-0.08129,0.00811,-0.00032,-0.88115,9.9961,-4.63226,1.4344,-0.28578,0.03664,-0.00223,-6E-05,1E-05,,,,,,,,,,,,,,,,,,,,,,,High,High,High,Medium,Low,,,,,,,,,,,,,,,,,,,,,,,,,,,,,,,,,,
115,2026-03-24,16:15:29.06,1,1,"Oakes, Ryan",1000299833,Right,NEV_WOL,"Rogers, TJ",1000114247,Right,SAN_DON,Undefined,4,Top,0,0,0,Fastball,Four-Seam,BallCalled,Undefined,Undefined,Undefined,0,0,,88.41863,-0.855466,-5.201075,2214.302907,214.957722,1:15,5.82255,2.3282,6.70941,-18.79084,15.64339,10.25812,3.47126,-1.58501,81.66876,-4.432847,-3.343653,0.422344,,,,,,,,,,,,-6.63819,8.76693,-1.98585,50,5.75772,11.28761,-128.22954,-2.4045,-11.19787,23.25087,-17.3852,NEV_WOL,SAN_DON,DonWeirField,D1,MW,20260324-DonWeirField-2,595b17b0-27d7-11f1-87ae-c3d7072d108d,89.24576,,,6.74988,,,,,,,19204ca8-c802-4f83-bcdd-d568f66a75e9,2026-03-24,23:15:29.06,2026-03-24T16:15:29.0610176-07:00,2026-03-24T23:15:29.0610176Z,,v3,471377,471434,63251d0db23648cabd526fef61ffaec8,"Snakenborg, Nate",833445,Right,NEV_WOL,0189652e-28f0-4496-a32c-8f2794edd120,53.79031,-128.91498,11.62544,5.82105,-1.89199,-8.6926,-2.32347,11.61772,-5.59893,,,,,,,,,,,,,,,,,,,,,,,,,,,,,,,,,,,,,,,,,,,,,,,,,,,High,High,High,,,,,,,,,,,,,,,,,,,,,,,,,,,,,,,,,,,,
116,2026-03-24,16:15:45.59,1,2,"Oakes, Ryan",1000299833,Right,NEV_WOL,"Rogers, TJ",1000114247,Right,SAN_DON,Undefined,4,Top,0,1,0,Slider,Slider,BallCalled,Undefined,Undefined,Undefined,0,0,,78.9561,0.729738,-3.31374,2266.009627,104.300969,9:30,5.70421,2.5095,5.85382,-40.99833,4.16481,-10.7226,2.9669,-1.46647,72.30899,-6.826855,-5.230041,0.483686,,,,,,,,,,,,4.49477,2.37756,-2.23392,50,5.73987,7.03509,-114.4808,0.17515,5.93748,22.04497,-29.03332,NEV_WOL,SAN_DON,DonWeirField,D1,MW,20260324-DonWeirField-2,633c3ca0-27d7-11f1-87ae-c3d7072d108d,77.9275,,,6.64711,,,,,,,19204ca8-c802-4f83-bcdd-d568f66a75e9,2026-03-24,23:15:45.59,2026-03-24T16:15:45.5944192-07:00,2026-03-24T23:15:45.5944192Z,,v3,471377,471434,63251d0db23648cabd526fef61ffaec8,"Snakenborg, Nate",833445,Right,NEV_WOL,49c88131-86c7-4e72-bb22-5dea248b6793,54.64474,-115.37174,11.02249,5.70907,1.34853,-14.51666,-2.51339,6.79512,2.96874,,,,,,,,,,,,,,,,,,,,,,,,,,,,,,,,,,,,,,,,,,,,,,,,,,,High,High,High,,,,,,,,,,,,,,,,,,,,,,,,,,,,,,,,,,,,
117,2026-03-24,16:16:03.57,1,3,"Oakes, Ryan",1000299833,Right,NEV_WOL,"Rogers, TJ",1000114247,Right,SAN_DON,Undefined,4,Top,0,2,0,Fastball,Four-Seam,StrikeSwinging,Undefined,Undefined,Undefined,0,0,,87.79927,-1.058643,-3.124209,2221.302245,212.787005,1:00,5.86672,2.35747,6.72863,-19.51722,15.2593,9.19335,3.27126,0.26557,81.09624,-4.775989,-1.451165,0.424438,,,,,,,,,,,,-5.61945,8.64075,-2.15432,50,5.78878,6.63011,-127.65096,-2.86563,-9.37444,23.56208,-17.75941,NEV_WOL,SAN_DON,DonWeirField,D1,MW,20260324-DonWeirField-2,6df43990-27d7-11f1-87ae-c3d7072d108d,88.80547,,,6.70303,,,,,,,19204ca8-c802-4f83-bcdd-d568f66a75e9,2026-03-24,23:16:03.57,2026-03-24T16:16:03.5726336-07:00,2026-03-24T23:16:03.5726336Z,,v3,471377,471434,63251d0db23648cabd526fef61ffaec8,"Snakenborg, Nate",833445,Right,NEV_WOL,f43bba3c-1ecf-4dd7-bf69-8af037185a48,53.77139,-128.3452,11.78104,5.86551,-2.34236,-8.87971,-2.35374,6.90632,-4.68722,,,,,,,,,,,,,,,,,,,,,,,,,,,,,,,,,,,,,,,,,,,,,,,,,,,High,High,High,,,,,,,,,,,,,,,,,,,,,,,,,,,,,,,,,,,,
118,2026-03-24,16:16:22.84,1,4,"Oakes, Ryan",1000299833,Right,NEV_WOL,"Rogers, TJ",1000114247,Right,SAN_DON,Undefined,4,Top,0,2,1,Fastball,Four-Seam,BallCalled,Undefined,Undefined,Undefined,0,0,,87.59861,-0.082881,-2.497041,2163.644072,211.857386,1:00,5.90616,2.35461,6.57697,-20.49501,14.49111,8.41638,4.12221,0.7659,81.10334,-3.967299,-0.968781,0.425715,,,,,,,,,,,,-5.00055,7.9404,-2.18636,50,5.89147,5.24242,-127.45275,-0.74114,-8.34542,22.61376,-18.92237,NEV_WOL,SAN_DON,DonWeirField,D1,MW,20260324-DonWeirField-2,796ca050-27d7-11f1-87ae-c3d7072d108d,88.53908,,,6.49527,,,,,,,19204ca8-c802-4f83-bcdd-d568f66a75e9,2026-03-24,23:16:22.84,2026-03-24T16:16:22.8451840-07:00,2026-03-24T23:16:22.8451840Z,,v3,471377,471434,63251d0db23648cabd526fef61ffaec8,"Snakenborg, Nate",833445,Right,NEV_WOL,2817fdbd-a279-4954-9e04-c1884473a032,53.92309,-128.14692,11.30688,5.90531,-0.16028,-9.46119,-2.35121,5.49861,-4.17271,,,,,,,,,,,,,,,,,,,,,,,,,,,,,,,,,,,,,,,,,,,,,,,,,,,High,High,High,,,,,,,,,,,,,,,,,,,,,,,,,,,,,,,,,,,,
119,2026-03-24,16:16:43.23,1,5,"Oakes, Ryan",1000299833,Right,NEV_WOL,"Rogers, TJ",1000114247,Right,SAN_DON,Undefined,4,Top,0,3,1,Fastball,Four-Seam,StrikeCalled,Undefined,Undefined,Undefined,0,0,,88.01903,-2.104659,-4.439783,2078.666779,210.039836,1:00,5.68637,2.44596,6.8389,-19.20438,15.63233,8.41575,2.15999,-0.90977,80.79448,-5.777023,-2.908907,0.424805,,,,,,,,,,,,-5.66662,9.20193,-2.16381,50,5.54373,9.60943,-127.66126,-5.18172,-9.38058,25.51559,-16.94107,NEV_WOL,SAN_DON,DonWeirField,D1,MW,20260324-DonWeirField-2,8597b540-27d7-11f1-87ae-c3d7072d108d,88.72875,,,7.22455,,,,,,,19204ca8-c802-4f83-bcdd-d568f66a75e9,2026-03-24,23:16:43.23,2026-03-24T16:16:43.2330240-07:00,2026-03-24T23:16:43.2330240Z,,v3,471377,471434,63251d0db23648cabd526fef61ffaec8,"Snakenborg, Nate",833445,Right,NEV_WOL,6a8b6ded-ca13-4c7e-9bf8-f75ef5114de3,53.66088,-128.39087,12.7578,5.68498,-4.69729,-8.47054,-2.44242,9.87767,-4.69029,,,,,,,,,,,,,,,,,,,,,,,,,,,,,,,,,,,,,,,,,,,,,,,,,,,High,High,High,,,,,,,,,,,,,,,,,,,,,,,,,,,,,,,,,,,,
120,2026-03-24,16:17:03.52,1,6,"Oakes, Ryan",1000299833,Right,NEV_WOL,"Rogers, TJ",1000114247,Right,SAN_DON,Undefined,4,Top,0,3,2,Fastball,Four-Seam,StrikeSwinging,Strikeout,Undefined,Undefined,0,0,,88.31898,-0.261232,-2.253013,2085.845301,213.68225,1:00,5.77647,2.36017,6.74674,-19.01048,15.19796,9.50619,3.95342,1.093,81.70703,-3.886302,-0.520631,0.420957,,,,,,,,,,,,-5.55969,8.40296,-2.21538,50,5.75152,4.70863,-128.54905,-1.07625,-9.42783,23.30104,-17.92477,NEV_WOL,SAN_DON,DonWeirField,D1,MW,20260324-DonWeirField-2,91ab98b0-27d7-11f1-87ae-c3d7072d108d,89.53981,,,6.61196,,,,,,,19204ca8-c802-4f83-bcdd-d568f66a75e9,2026-03-24,23:17:03.52,2026-03-24T16:17:03.5200000-07:00,2026-03-24T23:17:03.5200000Z,,v3,471377,471434,63251d0db23648cabd526fef61ffaec8,"Snakenborg, Nate",833445,Right,NEV_WOL,92096dd3-b3cd-4414-8531-b166fca16f64,53.7536,-129.22764,11.65052,5.77527,-0.55423,-8.96239,-2.35651,4.98319,-4.71391,,,,,,,,,,,,,,,,,,,,,,,,,,,,,50.83679,3.02052,1.472717,1.547803,-1.67462,3.7368,-1.06767,-5.85771,3.54123,6.37643,70.88253,13.90187,-53.94064,-5.83334,51.93156,-1.52757,3.6724,31.39909,-15.99671,6.31648,-41.93491,1.93446,High,High,High,,,High,High,High,,,,,,,,,,,,,,,,,,,,,,,,,,,,,,,
121,2026-03-24,16:17:33.45,2,1,"Oakes, Ryan",1000299833,Right,NEV_WOL,"Esquivel, Eddison",832131,Left,SAN_DON,Undefined,4,Top,1,0,0,Fastball,Four-Seam,BallCalled,Undefined,Undefined,Undefined,0,0,,88.65864,0.05596,-1.717925,2063.714215,215.315085,1:15,5.73731,1.63875,6.62046,-20.35942,13.57414,8.99831,4.09196,0.8149,82.40442,-3.795936,-0.081304,0.419263,,,,,,,,,,,,-5.10977,7.42272,-1.52542,50,5.73233,3.53438,-129.1147,-0.43553,-8.78677,22.17583,-19.40996,NEV_WOL,SAN_DON,DonWeirField,D1,MW,20260324-DonWeirField-2,a37d8440-27d7-11f1-87ae-c3d7072d108d,89.90172,,,6.25422,,,,,,,19204ca8-c802-4f83-bcdd-d568f66a75e9,2026-03-24,23:17:33.45,2026-03-24T16:17:33.4533120-07:00,2026-03-24T23:17:33.4533120Z,,v3,471377,471434,63251d0db23648cabd526fef61ffaec8,"Snakenborg, Nate",833445,Right,NEV_WOL,6dc082d3-b047-45a0-9fc0-f98e1ddf6467,53.88009,-129.7794,11.08792,5.73667,0.14627,-9.70498,-1.63531,3.79776,-4.39338,,,,,,,,,,,,,,,,,,,,,,,,,,,,,,,,,,,,,,,,,,,,,,,,,,,High,High,High,,,,,,,,,,,,,,,,,,,,,,,,,,,,,,,,,,,,
122,2026-03-24,16:17:51.05,2,2,"Oakes, Ryan",1000299833,Right,NEV_WOL,"Esquivel, Eddison",832131,Left,SAN_DON,Undefined,4,Top,1,1,0,Slider,Slider,FoulBallNotFieldable,Undefined,Undefined,Undefined,0,0,,79.59419,1.055407,-0.656403,2256.223597,107.015435,9:30,5.73412,1.72763,5.85862,-39.88108,3.71205,-8.25701,3.39142,0.42967,73.83974,-6.281264,-2.13781,0.475204,,,,,,,,,,,,4.0713,2.01567,-1.66951,50,5.79631,1.63418,-115.78227,0.86916,5.59429,19.13599,-29.40433,NEV_WOL,SAN_DON,DonWeirField,D1,MW,20260324-DonWeirField-2,ae052260-27d7-11f1-87ae-c3d7072d108d,79.3184,,,5.75445,,,,,,,19204ca8-c802-4f83-bcdd-d568f66a75e9,2026-03-24,23:17:51.05,2026-03-24T16:17:51.0579712-07:00,2026-03-24T23:17:51.0579712Z,,v3,471377,471434,63251d0db23648cabd526fef61ffaec8,"Snakenborg, Nate",833445,Right,NEV_WOL,3f154b2d-8fc5-4397-9ece-3359f16a47b1,54.64255,-116.54704,9.568,5.73809,2.04431,-14.70217,-1.73036,1.4106,2.79715,,,,,,,,,,,,,,,,,,,,,,,,,,,,,,,,,,,,,,,,,,,,,,,,,,,High,High,High,,,,,,,,,,,,,,,,,,,,,,,,,,,,,,,,,,,,
123,2026-03-24,16:18:12.09,2,3,"Oakes, Ryan",1000299833,Right,NEV_WOL,"Esquivel, Eddison",832131,Left,SAN_DON,Undefined,4,Top,1,1,1,Fastball,Four-Seam,StrikeCalled,Undefined,Undefined,Undefined,0,0,,90.52864,-2.541343,-1.694978,2040.630801,208.769538,1:00,5.60666,1.44699,6.70629,-22.13438,10.25906,5.1887,1.43609,0.32924,84.73585,-6.68402,-0.748827,0.409638,,,,,,,,,,,,-3.11713,6.2515,-1.33637,50,5.42889,3.70902,-131.77866,-6.49452,-5.60141,22.24979,-20.94026,NEV_WOL,SAN_DON,DonWeirField,D1,MW,20260324-DonWeirField-2,ba8d2460-27d7-11f1-87ae-c3d7072d108d,92.01406,,,5.79279,,,,,,,19204ca8-c802-4f83-bcdd-d568f66a75e9,2026-03-24,23:18:12.09,2026-03-24T16:18:12.0926720-07:00,2026-03-24T23:18:12.0926720Z,,v3,471377,471434,63251d0db23648cabd526fef61ffaec8,"Snakenborg, Nate",833445,Right,NEV_WOL,f9041e74-436c-41b6-b08d-8366c6089b22,53.79549,-132.41794,11.1249,5.60685,-5.89285,-10.47013,-1.44526,3.86996,-2.80071,,,,,,,,,,,,,,,,,,,,,,,,,,,,,,,,,,,,,,,,,,,,,,,,,,,High,High,High,,,,,,,,,,,,,,,,,,,,,,,,,,,,,,,,,,,,
124,2026-03-24,16:18:30.40,2,4,"Oakes, Ryan",1000299833,Right,NEV_WOL,"Esquivel, Eddison",832131,Left,SAN_DON,Undefined,4,Top,1,1,2,Fastball,Four-Seam,StrikeSwinging,Strikeout,Undefined,Undefined,0,0,,90.99037,-1.436459,-1.450491,2138.701866,217.947767,1:15,5.73992,1.46906,6.89802,-18.77048,13.11331,9.58146,2.8665,0.94594,84.69953,-5.000804,0.302502,0.406403,,,,,,,,,,,,-5.42091,7.58256,-1.3805,50,5.64229,3.00587,-132.54377,-3.82117,-9.81912,23.49151,-18.43946,NEV_WOL,SAN_DON,DonWeirField,D1,MW,20260324-DonWeirField-2,c56f1780-27d7-11f1-87ae-c3d7072d108d,92.74657,,,6.29084,,,,,,,19204ca8-c802-4f83-bcdd-d568f66a75e9,2026-03-24,23:18:30.40,2026-03-24T16:18:30.4030000-07:00,2026-03-24T23:18:30.4030000Z,,v3,471377,471434,63251d0db23648cabd526fef61ffaec8,"Snakenborg, Nate",833445,Right,NEV_WOL,6f0c98af-5e15-40fe-ab69-c22d64569ac3,53.60308,-133.18084,11.74575,5.73914,-3.32111,-9.21973,-1.46562,3.27215,-4.90956,,,,,,,,,,,,,,,,,,,,,,,,,,,,,47.37682,2.669745,1.092352,1.577393,-2.11915,2.54868,-0.96827,-3.99419,6.13836,2.0129,73.09367,7.09703,-51.71002,-3.91639,52.68964,-2.46016,6.23537,24.08555,-14.93305,1.96338,-36.5439,1.60072,High,High,High,,,High,High,High,,,,,,,,,,,,,,,,,,,,,,,,,,,,,,,
125,2026-03-24,16:19:02.08,3,1,"Oakes, Ryan",1000299833,Right,NEV_WOL,"Nystrom, Jackson",824263,Right,SAN_DON,Undefined,4,Top,2,0,0,Slider,Slider,BallCalled,Undefined,Undefined,Undefined,0,0,,81.28512,-2.361773,-3.738645,2256.217262,115.99961,9:45,5.65585,2.07317,6.11018,-36.54502,5.73607,-8.99815,0.42065,-2.13865,74.82478,-9.081825,-5.355869,0.467998,,,,,,,,,,,,3.56992,4.06362,-1.78121,50,5.45507,8.02705,-117.77704,-5.98225,4.99049,23.36452,-26.49338,NEV_WOL,SAN_DON,DonWeirField,D1,MW,20260324-DonWeirField-2,d85e59f0-27d7-11f1-87ae-c3d7072d108d,80.53966,,,6.46034,,,,,,,19204ca8-c802-4f83-bcdd-d568f66a75e9,2026-03-24,23:19:02.08,2026-03-24T16:19:02.0838400-07:00,2026-03-24T23:19:02.0838400Z,,v3,471377,471434,63251d0db23648cabd526fef61ffaec8,"Snakenborg, Nate",833445,Right,NEV_WOL,e803b412-5d7e-466f-a603-5bccc5465345,54.38928,-118.64458,11.68226,5.65893,-4.99853,-13.24669,-2.07582,7.84175,2.49525,,,,,,,,,,,,,,,,,,,,,,,,,,,,,,,,,,,,,,,,,,,,,,,,,,,High,High,High,,,,,,,,,,,,,,,,,,,,,,,,,,,,,,,,,,,,
126,2026-03-24,16:19:19.83,3,2,"Oakes, Ryan",1000299833,Right,NEV_WOL,"Nystrom, Jackson",824263,Right,SAN_DON,Undefined,4,Top,2,1,0,Slider,Slider,StrikeSwinging,Undefined,Undefined,Undefined,0,0,,81.43347,-1.338955,-2.676211,2249.11381,100.705723,9:15,5.66751,2.50018,6.11184,-38.2703,4.07295,-13.89977,1.23867,-1.1345,74.2875,-8.412965,-5.178331,0.468342,,,,,,,,,,,,6.36422,2.93799,-2.28747,50,5.54477,6.03415,-118.10603,-3.9365,8.86187,25.47052,-28.08301,NEV_WOL,SAN_DON,DonWeirField,D1,MW,20260324-DonWeirField-2,e2f00a30-27d7-11f1-87ae-c3d7072d108d,80.48052,,,7.14598,,,,,,,19204ca8-c802-4f83-bcdd-d568f66a75e9,2026-03-24,23:19:19.83,2026-03-24T16:19:19.8375936-07:00,2026-03-24T23:19:19.8375936Z,,v3,471377,471434,63251d0db23648cabd526fef61ffaec8,"Snakenborg, Nate",833445,Right,NEV_WOL,9786fe3c-16ff-4090-8d1a-a73007e1e444,54.38768,-119.0485,12.73526,5.6712,-2.89736,-14.04151,-2.50469,5.70623,4.43094,,,,,,,,,,,,,,,,,,,,,,,,,,,,,,,,,,,,,,,,,,,,,,,,,,,High,High,High,,,,,,,,,,,,,,,,,,,,,,,,,,,,,,,,,,,,
127,2026-03-24,16:19:39.27,3,3,"Oakes, Ryan",1000299833,Right,NEV_WOL,"Nystrom, Jackson",824263,Right,SAN_DON,Undefined,4,Top,2,1,1,Fastball,Four-Seam,FoulBallNotFieldable,Undefined,Undefined,Undefined,0,0,,90.87726,-2.374411,-3.315585,2103.54033,213.557172,1:00,5.77696,2.14701,6.70443,-18.48407,14.03068,8.69619,2.06078,-0.16317,84.10686,-5.880367,-1.733787,0.410404,75.34503,29.25564,141.037953,4239.155998,,,,,44.90127,,,-5.41977,8.2956,-1.92985,50,5.61139,7.32477,-132.03585,-5.98668,-9.68008,25.01771,-17.35755,NEV_WOL,SAN_DON,DonWeirField,D1,MW,20260324-DonWeirField-2,ee82d6c0-27d7-11f1-87ae-c3d7072d108d,91.84232,22.57223,,6.7704,,,,0.05931,1.88223,0.17312,19204ca8-c802-4f83-bcdd-d568f66a75e9,2026-03-24,23:19:39.27,2026-03-24T16:19:39.2759808-07:00,2026-03-24T23:19:39.2759808Z,,v3,471377,471434,63251d0db23648cabd526fef61ffaec8,"Snakenborg, Nate",833445,Right,NEV_WOL,0487d034-4078-4028-a4f3-1cb45a5d652b,53.79666,-132.75328,12.50885,5.77594,-5.48892,-8.67877,-2.14388,7.60236,-4.84004,,0.05931,-74.96529,3.9955,0.95878,-0.6405,0.24017,-0.07406,0.02004,-0.00351,1.88223,54.00501,-26.93719,3.25537,-0.55461,0.08052,-0.01172,0.00358,-0.00136,0.17312,60.62352,-19.9951,5.95983,-1.51293,0.3434,-0.07832,0.01584,-0.00215,,,,,,,,,,,,,,,,,,,,,,,High,High,High,High,Undefined,,,,,,,,,,,,,,,,,,,,,,,,,,,,,,,,,,
128,2026-03-24,16:20:01.27,3,4,"Oakes, Ryan",1000299833,Right,NEV_WOL,"Nystrom, Jackson",824263,Right,SAN_DON,Undefined,4,Top,2,1,2,Slider,Slider,BallCalled,Undefined,Undefined,Undefined,0,0,,81.54231,-1.375575,-3.461896,2273.057924,104.148952,9:30,5.59703,2.3536,6.14825,-38.11207,4.03607,-10.39445,1.1474,-1.71535,74.51289,-8.41704,-5.331712,0.467262,,,,,,,,,,,,4.32162,2.91973,-2.08459,50,5.47266,7.53236,-118.19838,-4.00626,6.041,25.03231,-28.0927,NEV_WOL,SAN_DON,DonWeirField,D1,MW,20260324-DonWeirField-2,fba3bd60-27d7-11f1-87ae-c3d7072d108d,80.66658,,,7.02942,,,,,,,19204ca8-c802-4f83-bcdd-d568f66a75e9,2026-03-24,23:20:01.27,2026-03-24T16:20:01.2752384-07:00,2026-03-24T23:20:01.2752384Z,,v3,471377,471434,63251d0db23648cabd526fef61ffaec8,"Snakenborg, Nate",833445,Right,NEV_WOL,20be6421-21bb-460c-9a9a-aee7e60e62de,54.35119,-119.11632,12.51616,5.60068,-2.97609,-14.04635,-2.35674,7.31084,3.0205,,,,,,,,,,,,,,,,,,,,,,,,,,,,,,,,,,,,,,,,,,,,,,,,,,,High,High,High,,,,,,,,,,,,,,,,,,,,,,,,,,,,,,,,,,,,
129,2026-03-24,16:20:20.50,3,5,"Oakes, Ryan",1000299833,Right,NEV_WOL,"Nystrom, Jackson",824263,Right,SAN_DON,Undefined,4,Top,2,2,2,Slider,Slider,StrikeSwinging,Strikeout,Undefined,Undefined,0,0,,81.39814,-1.168882,-2.543887,2327.849243,146.379085,11:00,5.66186,2.47434,6.16978,-33.70545,8.32914,-4.61091,1.77223,-0.26109,74.37505,-7.443358,-3.375033,0.466632,,,,,,,,,,,,1.62543,5.08185,-2.27935,50,5.55621,5.41847,-118.11026,-3.41464,2.27907,24.05248,-25.04867,NEV_WOL,SAN_DON,DonWeirField,D1,MW,20260324-DonWeirField-2,07179040-27d8-11f1-87ae-c3d7072d108d,80.77547,,,7.02309,,,,,,,19204ca8-c802-4f83-bcdd-d568f66a75e9,2026-03-24,23:20:20.50,2026-03-24T16:20:20.5000000-07:00,2026-03-24T23:20:20.5000000Z,,v3,471377,471434,63251d0db23648cabd526fef61ffaec8,"Snakenborg, Nate",833445,Right,NEV_WOL,549d2d76-481e-4221-bb9e-1a218d7309b8,54.32848,-118.98846,12.02624,5.66419,-2.50006,-12.52434,-2.47567,5.33526,1.13954,,,,,,,,,,,,,,,,,,,,,,,,,,,,,51.21495,2.697537,1.18953,1.508008,0.31163,1.62618,0.32642,-2.44732,5.33867,4.73453,79.37049,10.62235,-45.44332,-2.3999,58.05378,-2.5435,5.4531,27.04775,-15.67234,4.6592,-37.291,2.70296,High,High,High,,,High,High,High,,,,,,,,,,,,,,,,,,,,,,,,,,,,,,,
130,2026-03-24,16:22:16.58,1,1,"Amborn, Cal",824249,Right,SAN_DON,"Cruz Jr., Mikey",1000138361,Right,NEV_WOL,Undefined,4,Bottom,0,0,0,Fastball,Four-Seam,BallCalled,Undefined,Undefined,Undefined,0,0,,89.49236,-0.576831,-2.500464,1911.188035,205.470892,12:45,6.77066,1.57841,6.39298,-17.84741,16.46292,7.3154,4.75231,-0.11323,81.55229,-3.997422,-1.176805,0.421584,,,,,,,,,,,,-4.49957,9.06835,-1.40174,50,6.72069,5.37857,-129.9571,-1.78679,-7.6775,27.81438,-16.70099,NEV_WOL,SAN_DON,DonWeirField,D1,MW,20260324-DonWeirField-2,4c462280-27d8-11f1-87ae-c3d7072d108d,89.40676,,,7.94007,,,,,,,19204ca8-c802-4f83-bcdd-d568f66a75e9,2026-03-24,23:22:16.58,2026-03-24T16:22:16.5891584-07:00,2026-03-24T23:22:16.5891584Z,,v3,471377,471434,63251d0db23648cabd526fef61ffaec8,"Burke, Brendan",832137,Right,SAN_DON,bed0c36d-a8f4-4b12-88d7-ef620b0edda7,54.10443,-130.83261,13.90719,6.76866,-1.2611,-8.35049,-1.57484,5.62023,-3.83875,,,,,,,,,,,,,,,,,,,,,,,,,,,,,,,,,,,,,,,,,,,,,,,,,,,High,High,High,,,,,,,,,,,,,,,,,,,,,,,,,,,,,,,,,,,,
131,2026-03-24,16:22:30.02,1,2,"Amborn, Cal",824249,Right,SAN_DON,"Cruz Jr., Mikey",1000138361,Right,NEV_WOL,Undefined,4,Bottom,0,1,0,Slider,Slider,InPlay,Undefined,GroundBall,Single,0,0,,83.59505,-1.074444,-1.482627,1965.080085,175.29083,11:45,6.53008,1.8343,6.22445,-29.87817,9.19977,-0.66673,3.04841,0.41043,77.43482,-6.630375,-1.603089,0.449922,99.54516,4.531683,-26.08528,1816.116129,,,,96.71881,94.47984,-27.262931,0.707299,-0.02311,5.37386,-1.72311,50,6.43461,3.17151,-121.60438,-3.17745,-0.03492,21.77729,-24.05268,NEV_WOL,SAN_DON,DonWeirField,D1,MW,20260324-DonWeirField-2,5445dd40-27d8-11f1-87ae-c3d7072d108d,83.77549,4.46955,,6.16023,,,,1.78942,3.06486,-0.37337,19204ca8-c802-4f83-bcdd-d568f66a75e9,2026-03-24,23:22:30.02,2026-03-24T16:22:30.0220928-07:00,2026-03-24T23:22:30.0220928Z,GroundBall,v3,471377,471434,63251d0db23648cabd526fef61ffaec8,"Burke, Brendan",832137,Right,SAN_DON,0c8d2a64-4990-4b48-af40-299a62e26556,54.27712,-122.36794,10.88865,6.53124,-2.33411,-12.02634,-1.83433,3.17274,-0.01746,,1.81995,130.13479,-15.82735,,,,,,,3.1053,10.7627,-21.4992,,,,,,,-0.3686,-64.08943,2.77912,,,,,,,,,,,,,,,,,,,,,,,,,,,,,High,High,High,High,High,,,,,,,,,,,,,,,,,,,,,,,,,,,,,,,,,,
132,2026-03-24,16:23:09.18,2,1,"Amborn, Cal",824249,Right,SAN_DON,"Waller, Jackson",702970,Right,NEV_WOL,Undefined,4,Bottom,0,0,0,Slider,Slider,BallCalled,Undefined,Undefined,Undefined,0,0,,85.77315,-3.170243,-2.927175,1993.82323,188.500471,12:15,6.4936,1.70612,6.18211,-27.40328,10.02941,1.33441,1.27569,-0.88807,79.44263,-8.242029,-2.686539,0.440349,,,,,,,,,,,,-1.45248,6.35276,-1.48565,50,6.23965,6.31336,-124.44594,-7.74433,-2.29397,23.31266,-22.1409,NEV_WOL,SAN_DON,DonWeirField,D1,MW,20260324-DonWeirField-2,6b9c4a60-27d8-11f1-87ae-c3d7072d108d,85.59675,,,6.33052,,,,,,,19204ca8-c802-4f83-bcdd-d568f66a75e9,2026-03-24,23:23:09.18,2026-03-24T16:23:09.1868672-07:00,2026-03-24T23:23:09.1868672Z,,v3,471377,471434,63251d0db23648cabd526fef61ffaec8,"Burke, Brendan",832137,Right,SAN_DON,cb5de585-c2ff-4a82-9728-88df8b7787ef,54.31895,-125.25241,11.65633,6.4943,-6.97841,-11.07045,-1.70542,6.39271,-1.14699,,,,,,,,,,,,,,,,,,,,,,,,,,,,,,,,,,,,,,,,,,,,,,,,,,,High,High,High,,,,,,,,,,,,,,,,,,,,,,,,,,,,,,,,,,,,
133,2026-03-24,16:23:26.87,2,2,"Amborn, Cal",824249,Right,SAN_DON,"Waller, Jackson",702970,Right,NEV_WOL,Undefined,4,Bottom,0,1,0,Slider,Cutter,InPlay,Undefined,FlyBall,Out,1,0,,86.20622,-2.024644,-2.29112,2020.357232,181.259183,12:00,6.44925,1.81759,6.14228,-27.82797,8.88524,0.17382,2.25696,-0.28633,80.36064,-7.168367,-2.259781,0.436096,91.56703,33.3512,4.347791,4841.101957,109.37733,65.72769,11.68672,324.39702,319.11273,8.0625,5.197796,-0.6248,5.37429,-1.64304,50,6.28016,5.00832,-125.34335,-5.31106,-1.00978,21.57027,-23.48852,NEV_WOL,SAN_DON,DonWeirField,D1,MW,20260324-DonWeirField-2,7629b4e0-27d8-11f1-87ae-c3d7072d108d,86.43144,87.21513,,5.84558,,,,1.68511,2.34599,0.26667,19204ca8-c802-4f83-bcdd-d568f66a75e9,2026-03-24,23:23:26.87,2026-03-24T16:23:26.8712448-07:00,2026-03-24T23:23:26.8712448Z,FlyBall,v3,471377,471434,63251d0db23648cabd526fef61ffaec8,"Burke, Brendan",832137,Right,SAN_DON,d9792d88-e54e-4905-a03d-c2bc8e2ddcd0,54.35967,-126.09137,10.78513,6.45022,-4.49652,-11.74426,-1.81733,5.04334,-0.50489,195.510334,1.6882,111.79746,-21.91295,4.74262,-0.7917,0.0797,-0.00265,-4E-05,-1E-05,2.34597,73.82614,-18.12692,0.99039,0.04406,-0.08912,0.03035,-0.00446,0.00024,0.26592,8.52062,1.76753,-0.84984,0.1892,-0.01847,-0.00108,0.00035,-2E-05,,,,,,,,,,,,,,,,,,,,,,,High,High,High,High,Medium,,,,,,,,,,,,,,,,,,,,,,,,,,,,,,,,,,
134,2026-03-24,16:23:58.63,3,1,"Amborn, Cal",824249,Right,SAN_DON,"Snakenborg, Nate",833445,Right,NEV_WOL,Undefined,4,Bottom,1,0,0,Slider,Slider,FoulBallNotFieldable,Undefined,Undefined,Undefined,0,0,,85.54551,-1.534485,-2.436132,2100.759848,205.624687,12:45,6.48354,1.84904,6.15369,-32.1575,5.43776,2.07988,2.38438,-0.22979,79.07652,-7.481753,-2.060987,0.441304,,,,,,,,,,,,-1.72457,3.52599,-1.66492,50,6.35007,5.21033,-124.30507,-4.35359,-2.71379,23.57987,-26.62549,NEV_WOL,SAN_DON,DonWeirField,D1,MW,20260324-DonWeirField-2,89159bf0-27d8-11f1-87ae-c3d7072d108d,85.41146,,,6.46899,,,,,,,19204ca8-c802-4f83-bcdd-d568f66a75e9,2026-03-24,23:23:58.63,2026-03-24T16:23:58.6351616-07:00,2026-03-24T23:23:58.6351616Z,,v3,471377,471434,63251d0db23648cabd526fef61ffaec8,"Burke, Brendan",832137,Right,SAN_DON,e9fe33a9-ee44-4c03-8013-f3b8c467a8ad,54.34776,-125.12709,11.78994,6.48566,-3.42539,-13.31275,-1.84821,5.30493,-1.35689,,,,,,,,,,,,,,,,,,,,,,,,,,,,,,,,,,,,,,,,,,,,,,,,,,,High,High,High,,,,,,,,,,,,,,,,,,,,,,,,,,,,,,,,,,,,
135,2026-03-24,16:24:23.28,3,2,"Amborn, Cal",824249,Right,SAN_DON,"Snakenborg, Nate",833445,Right,NEV_WOL,Undefined,4,Bottom,1,0,1,Slider,Slider,BallCalled,Undefined,Undefined,Undefined,0,0,,87.78686,-3.313826,-2.063725,2073.278688,161.526098,11:30,6.55095,1.72726,6.17721,-28.94643,6.44611,-1.84307,1.07298,-0.33302,82.10933,-8.628975,-2.396586,0.428181,,,,,,,,,,,,0.4887,4.38713,-1.57027,50,6.28503,4.66575,-127.55354,-8.32516,0.81837,22.19825,-24.82759,NEV_WOL,SAN_DON,DonWeirField,D1,MW,20260324-DonWeirField-2,97c782d0-27d8-11f1-87ae-c3d7072d108d,88.02928,,,5.67753,,,,,,,19204ca8-c802-4f83-bcdd-d568f66a75e9,2026-03-24,23:24:23.28,2026-03-24T16:24:23.2852480-07:00,2026-03-24T23:24:23.2852480Z,,v3,471377,471434,63251d0db23648cabd526fef61ffaec8,"Burke, Brendan",832137,Right,SAN_DON,7187060b-4aa7-40ce-aa51-f2752a311566,54.3253,-128.30407,11.09912,6.55231,-7.48574,-12.4138,-1.72755,4.63808,0.40919,,,,,,,,,,,,,,,,,,,,,,,,,,,,,,,,,,,,,,,,,,,,,,,,,,,High,High,High,,,,,,,,,,,,,,,,,,,,,,,,,,,,,,,,,,,,
136,2026-03-24,16:24:40.14,3,3,"Amborn, Cal",824249,Right,SAN_DON,"Snakenborg, Nate",833445,Right,NEV_WOL,Undefined,4,Bottom,1,1,1,Fastball,Four-Seam,InPlay,Undefined,LineDrive,Single,0,0,,88.98706,-2.533781,-2.156764,1935.766669,213.955832,1:15,6.63245,1.47781,6.51898,-20.34281,13.66898,8.57674,2.60918,0.21267,82.66453,-6.361336,-0.599347,0.419746,104.7091,6.128289,-17.726524,1076.384753,103.46808,5.02684,-37.33967,152.17711,150.21262,-20.844441,1.122147,-5.05839,8.08961,-1.33131,50,6.44676,4.55918,-129.40949,-6.30993,-8.70032,23.39513,-18.26006,NEV_WOL,SAN_DON,DonWeirField,D1,MW,20260324-DonWeirField-2,a1d1daa0-27d8-11f1-87ae-c3d7072d108d,89.79827,6.48066,,6.32253,,,,1.87857,2.67734,-0.20177,19204ca8-c802-4f83-bcdd-d568f66a75e9,2026-03-24,23:24:40.14,2026-03-24T16:24:40.1446400-07:00,2026-03-24T23:24:40.1446400Z,GroundBall,v3,471377,471434,63251d0db23648cabd526fef61ffaec8,"Burke, Brendan",832137,Right,SAN_DON,2b8f533a-f25a-49b7-b8e9-407cc6f18ce1,53.98315,-130.12758,11.69757,6.63184,-5.74945,-9.13003,-1.47534,4.82623,-4.35016,90.219215,1.87857,145.44559,-21.42586,3.62539,-0.78637,0.16094,-0.03382,0.00621,-0.00066,2.67734,16.3947,-18.46925,1.88994,-0.39268,0.09313,-0.01925,0.00355,-0.0004,-0.20177,-46.49181,-2.31796,1.07469,-0.31003,0.08221,-0.01962,0.00392,-0.00045,,,,,,,,,,,,,,,,,,,,,,,High,High,High,High,High,,,,,,,,,,,,,,,,,,,,,,,,,,,,,,,,,,
137,2026-03-24,16:25:19.36,4,1,"Amborn, Cal",824249,Right,SAN_DON,"Metcho, Jack",824189,Right,NEV_WOL,Undefined,4,Bottom,1,0,0,Slider,Slider,BallCalled,Undefined,Undefined,Undefined,0,0,,84.96177,0.431053,-2.192019,1897.916549,179.966214,12:00,6.46968,1.89383,6.21754,-30.04206,7.37626,-0.00382,4.36425,-0.13029,79.40748,-5.135864,-2.192707,0.440264,,,,,,,,,,,,-0.46709,4.04107,-1.72963,50,6.48675,4.73418,-123.67956,-0.00448,-0.73991,19.41248,-25.77251,NEV_WOL,SAN_DON,DonWeirField,D1,MW,20260324-DonWeirField-2,b936c6b0-27d8-11f1-87ae-c3d7072d108d,85.61319,,,5.55428,,,,,,,19204ca8-c802-4f83-bcdd-d568f66a75e9,2026-03-24,23:25:19.36,2026-03-24T16:25:19.3684992-07:00,2026-03-24T23:25:19.3684992Z,,v3,471377,471434,63251d0db23648cabd526fef61ffaec8,"Burke, Brendan",832137,Right,SAN_DON,d8bf2fa5-0571-4108-a1ec-933873449dc6,54.28386,-124.35013,9.70624,6.47153,0.88578,-12.88625,-1.8936,4.75974,-0.36995,,,,,,,,,,,,,,,,,,,,,,,,,,,,,,,,,,,,,,,,,,,,,,,,,,,High,High,High,,,,,,,,,,,,,,,,,,,,,,,,,,,,,,,,,,,,
138,2026-03-24,16:25:37.03,4,2,"Amborn, Cal",824249,Right,SAN_DON,"Metcho, Jack",824189,Right,NEV_WOL,Undefined,4,Bottom,1,1,0,Slider,Slider,StrikeCalled,Undefined,Undefined,Undefined,0,0,,85.12647,-1.920445,-1.738272,2050.877382,175.968168,11:45,6.45157,1.79111,6.23732,-27.5495,9.64662,-0.61665,2.38276,0.13574,79.95152,-7.011395,-1.849705,0.438955,,,,,,,,,,,,-0.04083,5.71347,-1.66122,50,6.29436,3.78325,-123.92017,-5.00079,-0.06506,19.08014,-23.07237,NEV_WOL,SAN_DON,DonWeirField,D1,MW,20260324-DonWeirField-2,c3c4f480-27d8-11f1-87ae-c3d7072d108d,85.86851,,,5.17495,,,,,,,19204ca8-c802-4f83-bcdd-d568f66a75e9,2026-03-24,23:25:37.03,2026-03-24T16:25:37.0387968-07:00,2026-03-24T23:25:37.0387968Z,,v3,471377,471434,63251d0db23648cabd526fef61ffaec8,"Burke, Brendan",832137,Right,SAN_DON,6ce66251-bef0-4381-b3e1-ac152360ed44,54.26489,-124.57511,9.54007,6.45243,-4.20881,-11.53619,-1.79112,3.78549,-0.03253,,,,,,,,,,,,,,,,,,,,,,,,,,,,,,,,,,,,,,,,,,,,,,,,,,,High,High,High,,,,,,,,,,,,,,,,,,,,,,,,,,,,,,,,,,,,
139,2026-03-24,16:25:54.40,4,3,"Amborn, Cal",824249,Right,SAN_DON,"Metcho, Jack",824189,Right,NEV_WOL,Undefined,4,Bottom,1,1,1,Slider,Slider,InPlay,Undefined,GroundBall,FieldersChoice,1,0,,84.95276,-1.959816,-2.249936,1974.645296,185.422091,12:15,6.38572,1.7493,6.25718,-29.73132,7.51638,0.63122,2.09884,-0.27387,80.05083,-7.434668,-2.135855,0.439259,100.12289,-1.570257,-6.835191,,,,,37.29035,34.85705,-6.774157,0.253023,-0.78709,4.57827,-1.58263,50,6.22515,4.83645,-123.67296,-5.15101,-1.25192,18.41948,-24.89202,NEV_WOL,SAN_DON,DonWeirField,D1,MW,20260324-DonWeirField-2,ce192690-27d8-11f1-87ae-c3d7072d108d,85.80907,2.18795,,4.90193,,,,1.25515,2.18795,0.21662,19204ca8-c802-4f83-bcdd-d568f66a75e9,2026-03-24,23:25:54.40,2026-03-24T16:25:54.4007168-07:00,2026-03-24T23:25:54.4007168Z,GroundBall,v3,471377,471434,63251d0db23648cabd526fef61ffaec8,"Burke, Brendan",832137,Right,SAN_DON,277c94a1-5101-45b4-a5df-f7fe75869439,54.24603,-124.30374,9.20974,6.38696,-4.29858,-12.44601,-1.749,4.87932,-0.62596,59.724799,1.25676,145.66407,-16.94188,,,,,,,2.18924,-4.0913,-18.05054,,,,,,,0.21725,-17.50307,-2.93348,,,,,,,,,,,,,,,,,,,,,,,,,,,,,High,High,High,High,High,,,,,,,,,,,,,,,,,,,,,,,,,,,,,,,,,,
140,2026-03-24,16:28:56.38,5,1,"Wheeler, Paul",1000163972,Left,SAN_DON,"Quiban, Rominic",1000111279,Left,NEV_WOL,Undefined,4,Bottom,2,0,0,Fastball,Sinker,StrikeCalled,Undefined,Undefined,Undefined,0,0,,91.27332,0.193317,3.929849,2297.659997,122.479804,10:00,5.0951,-2.28669,6.04992,-24.79753,8.42741,-11.68721,3.20803,0.38309,83.80227,-4.430193,1.832784,0.414862,,,,,,,,,,,,7.02689,4.59788,1.98663,50,5.09678,-8.60381,-132.44301,-0.38631,12.56358,26.54058,-23.95338,NEV_WOL,SAN_DON,DonWeirField,D1,MW,20260324-DonWeirField-2,3a8aafb0-27d9-11f1-87ae-c3d7072d108d,90.85536,,,7.47105,,,,,,,19204ca8-c802-4f83-bcdd-d568f66a75e9,2026-03-24,23:28:56.38,2026-03-24T16:28:56.3871744-07:00,2026-03-24T23:28:56.3871744Z,,v3,471377,471434,63251d0db23648cabd526fef61ffaec8,"Burke, Brendan",832137,Right,SAN_DON,ed06b01a-8ed5-4ca5-a282-8c92695a564c,54.45014,-133.33181,13.27029,5.09629,0.41585,-11.97669,2.2818,-9.02454,6.28179,,,,,,,,,,,,,,,,,,,,,,,,,,,,,,,,,,,,,,,,,,,,,,,,,,,High,High,High,,,,,,,,,,,,,,,,,,,,,,,,,,,,,,,,,,,,
141,2026-03-24,16:29:11.24,5,2,"Wheeler, Paul",1000163972,Left,SAN_DON,"Quiban, Rominic",1000111279,Left,NEV_WOL,Undefined,4,Bottom,2,0,1,Slider,Slider,BallCalled,Undefined,Undefined,Undefined,0,0,,79.36088,0.830813,2.516281,2285.767621,247.817305,2:15,5.11106,-2.12617,5.7532,-39.82278,4.62587,8.13406,2.56672,0.89561,73.14506,-6.49136,3.96977,0.479845,,,,,,,,,,,,-3.47666,2.54122,1.91223,50,5.15575,-5.37233,-115.23033,0.40118,-4.6933,20.60563,-28.74356,NEV_WOL,SAN_DON,DonWeirField,D1,MW,20260324-DonWeirField-2,43703690-27d9-11f1-87ae-c3d7072d108d,78.55134,,,6.21581,,,,,,,19204ca8-c802-4f83-bcdd-d568f66a75e9,2026-03-24,23:29:11.24,2026-03-24T16:29:11.2494592-07:00,2026-03-24T23:29:11.2494592Z,,v3,471377,471434,63251d0db23648cabd526fef61ffaec8,"Burke, Brendan",832137,Right,SAN_DON,b0babd10-f2e3-431b-bb5c-6fdfc6faecc7,54.74677,-116.07605,10.30281,5.11508,1.58091,-14.37178,2.12878,-5.1797,-2.34665,,,,,,,,,,,,,,,,,,,,,,,,,,,,,,,,,,,,,,,,,,,,,,,,,,,High,High,High,,,,,,,,,,,,,,,,,,,,,,,,,,,,,,,,,,,,
142,2026-03-24,16:29:30.69,5,3,"Wheeler, Paul",1000163972,Left,SAN_DON,"Quiban, Rominic",1000111279,Left,NEV_WOL,Undefined,4,Bottom,2,1,1,Fastball,Sinker,InPlay,Undefined,LineDrive,Single,0,1,,90.23751,0.659974,3.052105,2315.709755,122.685645,10:00,5.13356,-2.26171,5.96012,-25.28537,8.46922,-11.79075,3.63934,-0.41137,83.56023,-4.032825,0.9371,0.418155,90.82498,3.832659,-32.227587,3965.628014,,,,97.5297,88.78237,-35.067213,0.80191,6.79241,4.47831,2.02595,50,5.17167,-6.50679,-131.1653,0.65528,12.01941,23.6513,-24.24948,NEV_WOL,SAN_DON,DonWeirField,D1,MW,20260324-DonWeirField-2,4f004400-27d9-11f1-87ae-c3d7072d108d,90.13978,4.61664,,6.67728,,,,0.30564,3.46523,0.496,19204ca8-c802-4f83-bcdd-d568f66a75e9,2026-03-24,23:29:30.69,2026-03-24T16:29:30.6966528-07:00,2026-03-24T23:29:30.6966528Z,GroundBall,v3,471377,471434,63251d0db23648cabd526fef61ffaec8,"Burke, Brendan",832137,Right,SAN_DON,2fe7228a-d1bd-41c7-8ec0-31e000578e15,54.54167,-131.98169,11.82565,5.13461,1.49232,-12.12474,2.25772,-6.92168,6.0097,90.029258,0.35939,111.52669,-15.57779,,,,,,,3.49277,8.44101,-15.99781,,,,,,,0.51234,-71.16004,0.78149,,,,,,,,,,,,,,,,,,,,,,,,,,,,,High,High,High,High,High,,,,,,,,,,,,,,,,,,,,,,,,,,,,,,,,,,
143,2026-03-24,16:30:35.80,6,1,"Wheeler, Paul",1000163972,Left,SAN_DON,"Dobie, Jayce",833435,Right,NEV_WOL,Undefined,4,Bottom,2,0,0,Fastball,Sinker,BallCalled,Undefined,Undefined,Undefined,0,0,,91.82122,-0.140433,2.288251,2258.297309,127.967351,10:15,5.20222,-2.34186,5.95619,-21.78135,11.39221,-13.21107,3.25678,-1.3196,83.54413,-4.23721,-0.084129,0.414541,,,,,,,,,,,,7.38638,6.20827,2.1671,50,5.17891,-4.74178,-133.27618,-1.04527,13.23848,29.58869,-21.04704,NEV_WOL,SAN_DON,DonWeirField,D1,MW,20260324-DonWeirField-2,75cea720-27d9-11f1-87ae-c3d7072d108d,90.92573,,,8.27709,,,,,,,19204ca8-c802-4f83-bcdd-d568f66a75e9,2026-03-24,23:30:35.80,2026-03-24T16:30:35.8032384-07:00,2026-03-24T23:30:35.8032384Z,,v3,471377,471434,63251d0db23648cabd526fef61ffaec8,"Burke, Brendan",832137,Right,SAN_DON,f40e30e0-fe23-4b98-9637-aa2152005c48,54.54166,-134.28069,14.79435,5.20227,-0.33074,-10.52352,2.33571,-5.19121,6.61924,,,,,,,,,,,,,,,,,,,,,,,,,,,,,,,,,,,,,,,,,,,,,,,,,,,High,High,High,,,,,,,,,,,,,,,,,,,,,,,,,,,,,,,,,,,,
144,2026-03-24,16:30:51.90,6,2,"Wheeler, Paul",1000163972,Left,SAN_DON,"Dobie, Jayce",833435,Right,NEV_WOL,Undefined,4,Bottom,2,1,0,Fastball,Sinker,BallCalled,Undefined,Undefined,Undefined,0,0,,90.25571,-0.391387,2.669614,2292.306398,100.490975,9:15,5.08379,-2.46554,5.74003,-30.39628,4.2839,-16.93843,2.18593,-1.38949,82.18421,-6.012211,-0.361417,0.42385,,,,,,,,,,,,9.34674,2.6613,2.25351,50,5.03276,-5.35158,-130.93458,-2.00137,16.14328,28.96009,-27.57757,NEV_WOL,SAN_DON,DonWeirField,D1,MW,20260324-DonWeirField-2,7f694d30-27d9-11f1-87ae-c3d7072d108d,88.92873,,,8.0715,,,,,,,19204ca8-c802-4f83-bcdd-d568f66a75e9,2026-03-24,23:30:51.90,2026-03-24T16:30:51.9062016-07:00,2026-03-24T23:30:51.9062016Z,,v3,471377,471434,63251d0db23648cabd526fef61ffaec8,"Burke, Brendan",832137,Right,SAN_DON,1b810a8f-4ea8-45f3-90f3-e59a8cde83d0,54.75893,-131.98296,14.48004,5.08715,-1.00304,-13.78878,2.45782,-5.93599,8.07164,,,,,,,,,,,,,,,,,,,,,,,,,,,,,,,,,,,,,,,,,,,,,,,,,,,High,High,High,,,,,,,,,,,,,,,,,,,,,,,,,,,,,,,,,,,,
145,2026-03-24,16:31:12.11,6,3,"Wheeler, Paul",1000163972,Left,SAN_DON,"Dobie, Jayce",833435,Right,NEV_WOL,Undefined,4,Bottom,2,2,0,Fastball,Sinker,StrikeCalled,Undefined,Undefined,Undefined,0,0,,90.19973,-1.271901,3.818533,2430.017692,132.689936,10:30,5.18054,-2.30857,5.95084,-21.93359,11.938,-11.93477,2.17028,0.24366,83.60608,-5.353817,1.679974,0.41888,,,,,,,,,,,,7.07524,6.72717,2.01139,50,5.06667,-8.25545,-130.98025,-3.63592,12.47863,23.71055,-20.30933,NEV_WOL,SAN_DON,DonWeirField,D1,MW,20260324-DonWeirField-2,8b7408e0-27d9-11f1-87ae-c3d7072d108d,89.98396,,,6.59365,,,,,,,19204ca8-c802-4f83-bcdd-d568f66a75e9,2026-03-24,23:31:12.11,2026-03-24T16:31:12.1163264-07:00,2026-03-24T23:31:12.1163264Z,,v3,471377,471434,63251d0db23648cabd526fef61ffaec8,"Burke, Brendan",832137,Right,SAN_DON,f22de8a5-df51-404a-9ce1-5dc02a611b78,54.55128,-131.80156,11.85527,5.18043,-2.93242,-10.15467,2.30484,-8.6877,6.23931,,,,,,,,,,,,,,,,,,,,,,,,,,,,,,,,,,,,,,,,,,,,,,,,,,,High,High,High,,,,,,,,,,,,,,,,,,,,,,,,,,,,,,,,,,,,
146,2026-03-24,16:31:28.65,6,4,"Wheeler, Paul",1000163972,Left,SAN_DON,"Dobie, Jayce",833435,Right,NEV_WOL,Undefined,4,Bottom,2,2,1,Fastball,Sinker,StrikeSwinging,Undefined,Undefined,Undefined,0,0,,90.11449,0.043424,3.480052,2407.706677,123.240492,10:00,5.09673,-2.35495,6.01164,-24.55651,9.75064,-13.22135,3.09066,-0.22883,82.27174,-4.552351,1.107093,0.421564,,,,,,,,,,,,7.7204,5.33477,2.0885,50,5.08675,-7.3851,-130.73177,-0.71106,13.36641,27.45699,-22.9379,NEV_WOL,SAN_DON,DonWeirField,D1,MW,20260324-DonWeirField-2,954faf90-27d9-11f1-87ae-c3d7072d108d,89.41093,,,7.84275,,,,,,,19204ca8-c802-4f83-bcdd-d568f66a75e9,2026-03-24,23:31:28.65,2026-03-24T16:31:28.6593024-07:00,2026-03-24T23:31:28.6593024Z,,v3,471377,471434,63251d0db23648cabd526fef61ffaec8,"Burke, Brendan",832137,Right,SAN_DON,48ea5589-44c9-49a6-98de-cd89bbbed187,54.48707,-131.67079,13.72849,5.09765,0.07341,-11.46895,2.34888,-7.84223,6.68321,,,,,,,,,,,,,,,,,,,,,,,,,,,,,,,,,,,,,,,,,,,,,,,,,,,High,High,High,,,,,,,,,,,,,,,,,,,,,,,,,,,,,,,,,,,,
147,2026-03-24,16:31:46.88,6,5,"Wheeler, Paul",1000163972,Left,SAN_DON,"Dobie, Jayce",833435,Right,NEV_WOL,Undefined,4,Bottom,2,2,2,Fastball,Sinker,InPlay,Undefined,Popup,Out,1,0,,90.07211,-1.341596,3.348186,2457.749149,131.299076,10:30,5.13578,-2.2514,5.84763,-23.87907,10.20178,-10.55103,1.8968,-0.01575,83.54302,-5.762131,1.459473,0.420171,78.39782,44.234712,28.178169,,90.6122,80.93679,62.36463,242.61984,200.29904,39.799155,4.846863,6.22579,5.82803,1.98521,50,5.01228,-7.21746,-130.8335,-3.88289,10.95335,23.718,-21.92048,NEV_WOL,SAN_DON,DonWeirField,D1,MW,20260324-DonWeirField-2,a0301c10-27d9-11f1-87ae-c3d7072d108d,89.70729,86.163,,6.52909,,,,1.75457,1.96034,0.00868,19204ca8-c802-4f83-bcdd-d568f66a75e9,2026-03-24,23:31:46.88,2026-03-24T16:31:46.8802048-07:00,2026-03-24T23:31:46.8802048Z,FlyBall,v3,471377,471434,63251d0db23648cabd526fef61ffaec8,"Burke, Brendan",832137,Right,SAN_DON,908eb325-c4fc-4f5c-82d8-ba21c57839cf,54.65429,-131.67454,11.859,5.13619,-3.10559,-10.96024,2.24803,-7.60587,5.47667,216.86702,1.82475,71.15796,-10.49863,-5.94493,7.34571,-3.42887,0.81316,-0.09551,0.0044,1.96707,80.03549,-21.35445,0.11231,1.47889,-0.8805,0.25552,-0.03658,0.00205,-0.01485,39.35476,-1.48208,1.40462,-1.42077,0.57224,-0.1046,0.00738,-5E-05,,,,,,,,,,,,,,,,,,,,,,,High,High,High,High,Medium,,,,,,,,,,,,,,,,,,,,,,,,,,,,,,,,,,
148,2026-03-24,16:33:58.29,1,1,"Oakes, Ryan",1000299833,Right,NEV_WOL,"Burke, Brendan",832137,Right,SAN_DON,Undefined,5,Top,0,0,0,Fastball,Four-Seam,StrikeSwinging,Undefined,Undefined,Undefined,0,0,,88.31071,-1.226386,-3.440635,2085.575643,215.563655,1:15,5.74827,2.21245,6.84116,-22.42529,11.73839,7.72126,2.75893,-0.28549,81.85925,-5.467668,-2.032976,0.420682,,,,,,,,,,,,-4.92922,6.83481,-1.9945,50,5.66115,7.4446,-128.40496,-3.35685,-8.34055,23.23044,-20.60909,NEV_WOL,SAN_DON,DonWeirField,D1,MW,20260324-DonWeirField-2,ee869560-27d9-11f1-87ae-c3d7072d108d,89.59848,,,6.45146,,,,,,,19204ca8-c802-4f83-bcdd-d568f66a75e9,2026-03-24,23:33:58.29,2026-03-24T16:33:58.2910464-07:00,2026-03-24T23:33:58.2910464Z,,v3,471377,471434,63251d0db23648cabd526fef61ffaec8,"Snakenborg, Nate",833445,Right,NEV_WOL,617115fa-4750-4f1d-bf62-0d670000b5a0,53.65972,-129.06537,11.61522,5.74825,-2.77097,-10.30454,-2.20951,7.6817,-4.17028,,,,,,,,,,,,,,,,,,,,,,,,,,,,,,,,,,,,,,,,,,,,,,,,,,,High,High,High,,,,,,,,,,,,,,,,,,,,,,,,,,,,,,,,,,,,
149,2026-03-24,16:34:15.50,1,2,"Oakes, Ryan",1000299833,Right,NEV_WOL,"Burke, Brendan",832137,Right,SAN_DON,Undefined,5,Top,0,0,1,Fastball,Four-Seam,BallCalled,Undefined,Undefined,Undefined,0,0,,88.82808,-0.240209,-4.245037,2141.096442,217.467222,1:15,5.85205,2.31681,6.50517,-21.27938,12.80808,9.13847,3.8577,-0.82484,82.55449,-4.24378,-2.592835,0.420212,,,,,,,,,,,,-5.73079,7.05969,-2.02339,50,5.82562,9.23171,-129.05812,-1.15411,-9.8534,21.96358,-20.03577,NEV_WOL,SAN_DON,DonWeirField,D1,MW,20260324-DonWeirField-2,f8c73f70-27d9-11f1-87ae-c3d7072d108d,89.69856,,,6.27359,,,,,,,19204ca8-c802-4f83-bcdd-d568f66a75e9,2026-03-24,23:34:15.50,2026-03-24T16:34:15.5013120-07:00,2026-03-24T23:34:15.5013120Z,,v3,471377,471434,63251d0db23648cabd526fef61ffaec8,"Snakenborg, Nate",833445,Right,NEV_WOL,4f43dda8-0aa8-4bac-9f94-1d5185cd7d3b,53.99576,-129.73635,10.98179,5.85171,-0.53541,-10.01789,-2.31316,9.53598,-4.9267,,,,,,,,,,,,,,,,,,,,,,,,,,,,,,,,,,,,,,,,,,,,,,,,,,,High,High,High,,,,,,,,,,,,,,,,,,,,,,,,,,,,,,,,,,,,
150,2026-03-24,16:34:31.76,1,3,"Oakes, Ryan",1000299833,Right,NEV_WOL,"Burke, Brendan",832137,Right,SAN_DON,Undefined,5,Top,0,1,1,Slider,Slider,FoulBallNotFieldable,Undefined,Undefined,Undefined,0,0,,80.69019,0.03317,-3.926078,2224.527953,157.56988,11:15,5.63582,2.47299,5.96909,-33.82116,9.31776,-3.26603,2.84822,-1.44493,73.67052,-6.25105,-4.510563,0.472722,62.28631,-1.614405,153.343904,2389.722089,,,,27.22769,27.22769,150.273248,0.308798,0.52701,5.18492,-2.15969,50,5.61964,8.14695,-116.93273,-0.95447,0.72545,23.23874,-25.03669,NEV_WOL,SAN_DON,DonWeirField,D1,MW,20260324-DonWeirField-2,027f0a70-27da-11f1-87ae-c3d7072d108d,79.73487,2.81278,,7.01968,,,,1.50562,2.81278,1.43129,19204ca8-c802-4f83-bcdd-d568f66a75e9,2026-03-24,23:34:31.76,2026-03-24T16:34:31.7652480-07:00,2026-03-24T23:34:31.7652480Z,GroundBall,v3,471377,471434,63251d0db23648cabd526fef61ffaec8,"Snakenborg, Nate",833445,Right,NEV_WOL,72fcc56f-289c-4ffd-b116-9864266a5ef4,54.52983,-117.82953,11.61937,5.63783,0.01172,-12.51834,-2.47355,8.11896,0.36273,,1.50686,-81.66415,0.68255,,,,,,,2.81358,-2.60808,-21.0707,,,,,,,1.43105,40.97813,-6.11933,,,,,,,,,,,,,,,,,,,,,,,,,,,,,High,High,High,High,High,,,,,,,,,,,,,,,,,,,,,,,,,,,,,,,,,,
151,2026-03-24,16:34:53.00,1,4,"Oakes, Ryan",1000299833,Right,NEV_WOL,"Burke, Brendan",832137,Right,SAN_DON,Undefined,5,Top,0,1,2,Fastball,Sinker,BallCalled,Undefined,Undefined,Undefined,0,0,,89.60614,-1.769393,-4.552394,2053.276456,224.388397,1:30,5.74982,2.17314,6.69788,-21.78942,11.30508,10.28001,2.31042,-1.1418,83.94986,-5.852474,-2.687129,0.414047,,,,,,,,,,,,-6.38079,6.6141,-1.87357,50,5.62281,9.99338,-130.19629,-4.65597,-11.23759,20.65814,-20.52555,NEV_WOL,SAN_DON,DonWeirField,D1,MW,20260324-DonWeirField-2,0f1c9040-27da-11f1-87ae-c3d7072d108d,91.03426,,,5.65628,,,,,,,19204ca8-c802-4f83-bcdd-d568f66a75e9,2026-03-24,23:34:53.00,2026-03-24T16:34:53.0089472-07:00,2026-03-24T23:34:53.0089472Z,,v3,471377,471434,63251d0db23648cabd526fef61ffaec8,"Snakenborg, Nate",833445,Right,NEV_WOL,b80c52ad-a5eb-498e-936f-c87a8d665cd2,53.80456,-130.79856,10.32907,5.74983,-4.05756,-10.26277,-2.16969,10.321,-5.61879,,,,,,,,,,,,,,,,,,,,,,,,,,,,,,,,,,,,,,,,,,,,,,,,,,,High,High,High,,,,,,,,,,,,,,,,,,,,,,,,,,,,,,,,,,,,
152,2026-03-24,16:35:10.98,1,5,"Oakes, Ryan",1000299833,Right,NEV_WOL,"Burke, Brendan",832137,Right,SAN_DON,Undefined,5,Top,0,2,2,Slider,Slider,InPlay,Undefined,FlyBall,Out,1,0,,79.98094,0.651913,-2.455251,2252.077079,92.192687,9:00,5.67404,2.49069,5.86753,-41.9525,1.94268,-14.81749,2.78416,-1.02622,73.34835,-7.070143,-5.108503,0.476848,91.00834,38.008034,22.586823,5235.040507,98.70695,83.80777,48.54831,290.68023,269.7196,30.237009,5.566212,6.89272,1.20165,-2.28302,50,5.70248,5.53442,-116.10183,-0.01131,9.36278,22.7198,-30.54179,NEV_WOL,SAN_DON,DonWeirField,D1,MW,20260324-DonWeirField-2,19de7840-27da-11f1-87ae-c3d7072d108d,79.04499,105.65087,,6.63259,,,,0.70546,2.68202,1.03496,19204ca8-c802-4f83-bcdd-d568f66a75e9,2026-03-24,23:35:10.98,2026-03-24T16:35:10.9842944-07:00,2026-03-24T23:35:10.9842944Z,FlyBall,v3,471377,471434,63251d0db23648cabd526fef61ffaec8,"Snakenborg, Nate",833445,Right,NEV_WOL,65440092-e4d7-4aca-a22b-1eff86a73e36,54.63307,-117.00496,11.3599,5.6788,1.20275,-15.2709,-2.49562,5.16224,4.68139,194.7953,0.71096,96.99651,-26.27614,6.74332,-1.17617,0.10976,0.00062,-0.00101,6E-05,2.67839,82.25244,-17.58874,0.13092,0.30167,-0.12137,0.02864,-0.00358,0.00018,1.03627,40.37144,-5.40135,0.82409,-0.02729,-0.02288,0.00541,-0.00049,2E-05,,,,,,,,,,,,,,,,,,,,,,,High,High,High,High,Low,,,,,,,,,,,,,,,,,,,,,,,,,,,,,,,,,,
153,2026-03-24,16:35:45.96,2,1,"Oakes, Ryan",1000299833,Right,NEV_WOL,"Bellisimo, Matteo",813814,Right,SAN_DON,Undefined,5,Top,1,0,0,Fastball,Four-Seam,BallCalled,Undefined,Undefined,Undefined,0,0,,89.0961,-1.658238,-4.903442,2080.54371,207.287801,1:00,5.74223,2.23318,6.85204,-22.02753,11.45733,5.46689,2.38875,-1.79283,83.10336,-5.802475,-3.910119,0.416482,,,,,,,,,,,,-3.98937,6.74713,-1.92131,50,5.62769,10.9014,-129.34514,-4.35777,-6.89539,21.8528,-20.51212,NEV_WOL,SAN_DON,DonWeirField,D1,MW,20260324-DonWeirField-2,2eabc980-27da-11f1-87ae-c3d7072d108d,90.50206,,,5.99274,,,,,,,19204ca8-c802-4f83-bcdd-d568f66a75e9,2026-03-24,23:35:45.96,2026-03-24T16:35:45.9632128-07:00,2026-03-24T23:35:45.9632128Z,,v3,471377,471434,63251d0db23648cabd526fef61ffaec8,"Snakenborg, Nate",833445,Right,NEV_WOL,f5aeeac4-1bd0-4de2-8f14-845ce5936a9c,53.64916,-129.9602,10.9264,5.74222,-3.78044,-10.25606,-2.23087,11.09548,-3.44769,,,,,,,,,,,,,,,,,,,,,,,,,,,,,,,,,,,,,,,,,,,,,,,,,,,High,High,High,,,,,,,,,,,,,,,,,,,,,,,,,,,,,,,,,,,,
154,2026-03-24,16:36:02.75,2,2,"Oakes, Ryan",1000299833,Right,NEV_WOL,"Bellisimo, Matteo",813814,Right,SAN_DON,Undefined,5,Top,1,1,0,Slider,Slider,StrikeSwinging,Undefined,Undefined,Undefined,0,0,,78.05108,1.566091,-1.62543,2142.486309,102.003105,9:30,5.71107,2.43657,5.89525,-43.16357,2.44382,-5.24772,3.56907,0.48975,71.95519,-6.388143,-2.566786,0.486059,,,,,,,,,,,,2.25476,1.27374,-2.30272,50,5.81247,3.41214,-113.40164,1.75809,2.95265,19.64546,-30.50607,NEV_WOL,SAN_DON,DonWeirField,D1,MW,20260324-DonWeirField-2,38b955a0-27da-11f1-87ae-c3d7072d108d,77.54705,,,6.09589,,,,,,,19204ca8-c802-4f83-bcdd-d568f66a75e9,2026-03-24,23:36:02.75,2026-03-24T16:36:02.7590144-07:00,2026-03-24T23:36:02.7590144Z,,v3,471377,471434,63251d0db23648cabd526fef61ffaec8,"Snakenborg, Nate",833445,Right,NEV_WOL,42bc9245-542a-4255-94b8-66162757f81e,54.6047,-114.19656,9.82273,5.71636,2.99248,-15.25304,-2.43837,3.29266,1.47633,,,,,,,,,,,,,,,,,,,,,,,,,,,,,,,,,,,,,,,,,,,,,,,,,,,High,High,High,,,,,,,,,,,,,,,,,,,,,,,,,,,,,,,,,,,,
155,2026-03-24,16:36:20.47,2,3,"Oakes, Ryan",1000299833,Right,NEV_WOL,"Bellisimo, Matteo",813814,Right,SAN_DON,Undefined,5,Top,1,1,1,Slider,Slider,BallCalled,Undefined,Undefined,Undefined,0,0,,80.62827,-1.32603,-3.191633,2397.426968,110.811117,9:45,5.74118,2.49266,6.04696,-37.5086,5.08925,-10.14162,1.38572,-1.31031,74.74125,-8.216872,-5.013404,0.469748,,,,,,,,,,,,4.40571,3.35221,-2.23849,50,5.61749,6.89686,-117.05917,-3.86711,6.14145,21.13901,-27.50112,NEV_WOL,SAN_DON,DonWeirField,D1,MW,20260324-DonWeirField-2,434c3e60-27da-11f1-87ae-c3d7072d108d,80.23963,,,5.88703,,,,,,,19204ca8-c802-4f83-bcdd-d568f66a75e9,2026-03-24,23:36:20.47,2026-03-24T16:36:20.4731392-07:00,2026-03-24T23:36:20.4731392Z,,v3,471377,471434,63251d0db23648cabd526fef61ffaec8,"Snakenborg, Nate",833445,Right,NEV_WOL,7213ef4e-3949-4aaf-a958-ce55289b43c9,54.45388,-117.86073,10.5695,5.74435,-2.82432,-13.75056,-2.49559,6.66399,3.07073,,,,,,,,,,,,,,,,,,,,,,,,,,,,,,,,,,,,,,,,,,,,,,,,,,,High,High,High,,,,,,,,,,,,,,,,,,,,,,,,,,,,,,,,,,,,
156,2026-03-24,16:36:38.61,2,4,"Oakes, Ryan",1000299833,Right,NEV_WOL,"Bellisimo, Matteo",813814,Right,SAN_DON,Undefined,5,Top,1,2,1,Slider,Slider,FoulBallNotFieldable,Undefined,Undefined,Undefined,0,0,,79.74325,0.397336,-2.050605,2140.949005,159.068924,11:15,5.7164,2.41016,5.90894,-33.27254,10.64414,-3.54685,3.31274,0.21041,73.06033,-5.791383,-2.686679,0.476964,63.26993,34.843709,166.556664,3678.982373,-108.42114,29.24264,18.56775,162.22134,57.05735,172.102871,2.518653,1.25492,5.7454,-2.24343,50,5.72925,4.27716,-115.79947,-0.19587,1.70265,21.78301,-24.3788,NEV_WOL,SAN_DON,DonWeirField,D1,MW,20260324-DonWeirField-2,4e1886a0-27da-11f1-87ae-c3d7072d108d,79.02568,32.8343,,6.68292,,,,1.66723,3.38499,-0.23356,19204ca8-c802-4f83-bcdd-d568f66a75e9,2026-03-24,23:36:38.61,2026-03-24T16:36:38.6192384-07:00,2026-03-24T23:36:38.6192384Z,FlyBall,v3,471377,471434,63251d0db23648cabd526fef61ffaec8,"Snakenborg, Nate",833445,Right,NEV_WOL,7f269f1a-0eb9-41de-ad19-21f8e16fbfb5,54.59063,-116.65981,10.8915,5.71797,0.767,-12.1894,-2.41103,4.20991,0.85133,335.647705,1.66734,-74.07985,2.43614,0.53961,0.33625,-0.45804,0.26066,-0.07046,0.00729,3.3851,53.01088,-26.49887,2.69331,-0.2911,-0.06556,0.03439,-0.00236,-0.00046,-0.23357,17.707,-4.48184,0.6919,-0.26982,0.18272,-0.10187,0.02936,-0.00323,,,,,,,,,,,,,,,,,,,,,,,High,High,High,High,Medium,,,,,,,,,,,,,,,,,,,,,,,,,,,,,,,,,,
157,2026-03-24,16:37:01.57,2,5,"Oakes, Ryan",1000299833,Right,NEV_WOL,"Bellisimo, Matteo",813814,Right,SAN_DON,Undefined,5,Top,1,2,2,Fastball,Four-Seam,StrikeSwinging,Strikeout,Undefined,Undefined,0,0,,89.547,-0.921581,-3.203059,2071.796664,210.832634,1:00,5.78232,2.15883,6.73316,-19.96824,13.68103,7.55741,3.27476,-0.14142,82.18299,-4.728677,-1.827902,0.417503,,,,,,,,,,,,-4.83449,7.79185,-1.95011,50,5.71346,6.99515,-130.10791,-2.62773,-8.31984,26.28579,-18.76482,NEV_WOL,SAN_DON,DonWeirField,D1,MW,20260324-DonWeirField-2,5bbf8d30-27da-11f1-87ae-c3d7072d108d,90.28073,,,7.36402,,,,,,,19204ca8-c802-4f83-bcdd-d568f66a75e9,2026-03-24,23:37:01.57,2026-03-24T16:37:01.5790000-07:00,2026-03-24T23:37:01.5790000Z,,v3,471377,471434,63251d0db23648cabd526fef61ffaec8,"Snakenborg, Nate",833445,Right,NEV_WOL,86722f8c-5c06-43a6-b2e9-5855cc10b38f,53.76592,-130.86653,13.14289,5.78148,-2.08617,-9.38241,-2.15546,7.23526,-4.15992,,,,,,,,,,,,,,,,,,,,,,,,,,,,,49.08662,2.643301,1.112832,1.530469,-1.64701,3.01435,0.23704,-3.34775,5.89987,3.17739,71.91785,11.5779,-52.89676,-3.25777,52.73074,-2.35089,6.01982,26.6831,-15.04528,3.11561,-39.13503,1.65157,High,High,High,,,High,High,High,,,,,,,,,,,,,,,,,,,,,,,,,,,,,,,
158,2026-03-24,16:37:33.45,3,1,"Oakes, Ryan",1000299833,Right,NEV_WOL,"Walsh, Nick",832135,Left,SAN_DON,Undefined,5,Top,2,0,0,ChangeUp,Changeup,BallCalled,Undefined,Undefined,Undefined,0,0,,81.12783,-1.130142,-3.047913,1985.782627,255.393828,2:30,5.5741,1.96929,6.16105,-36.41659,5.36437,15.85458,1.49376,0.4722,75.02425,-7.865175,-0.187601,0.465222,,,,,,,,,,,,-9.04623,3.4291,-1.74604,50,5.46941,5.70505,-117.87167,-3.43148,-12.80974,21.04063,-27.31836,NEV_WOL,SAN_DON,DonWeirField,D1,MW,20260324-DonWeirField-2,6ec82400-27da-11f1-87ae-c3d7072d108d,81.02027,,,6.10358,,,,,,,19204ca8-c802-4f83-bcdd-d568f66a75e9,2026-03-24,23:37:33.45,2026-03-24T16:37:33.4564864-07:00,2026-03-24T23:37:33.4564864Z,,v3,471377,471434,63251d0db23648cabd526fef61ffaec8,"Snakenborg, Nate",833445,Right,NEV_WOL,cad25ce7-a2b0-4d77-8c44-516bd9e7251a,54.34092,-118.64401,10.52032,5.57697,-2.42869,-13.65918,-1.96409,6.17526,-6.40487,,,,,,,,,,,,,,,,,,,,,,,,,,,,,,,,,,,,,,,,,,,,,,,,,,,High,High,High,,,,,,,,,,,,,,,,,,,,,,,,,,,,,,,,,,,,
159,2026-03-24,16:37:51.16,3,2,"Oakes, Ryan",1000299833,Right,NEV_WOL,"Walsh, Nick",832135,Left,SAN_DON,Undefined,5,Top,2,1,0,Slider,Slider,StrikeCalled,Undefined,Undefined,Undefined,0,0,,79.22498,-0.092373,-0.780513,2323.250217,109.325034,9:45,5.6338,1.87608,5.9196,-41.17242,3.92433,-6.59067,2.11704,0.60249,71.77708,-7.726436,-1.96546,0.48333,,,,,,,,,,,,3.10492,2.54571,-1.80994,50,5.60345,1.81818,-114.93139,-1.46974,4.08566,24.52622,-28.82426,NEV_WOL,SAN_DON,DonWeirField,D1,MW,20260324-DonWeirField-2,7952a850-27da-11f1-87ae-c3d7072d108d,77.98484,,,7.4479,,,,,,,19204ca8-c802-4f83-bcdd-d568f66a75e9,2026-03-24,23:37:51.16,2026-03-24T16:37:51.1634432-07:00,2026-03-24T23:37:51.1634432Z,,v3,471377,471434,63251d0db23648cabd526fef61ffaec8,"Snakenborg, Nate",833445,Right,NEV_WOL,38c952ec-dfe5-4dc6-8013-76ae8de41693,54.57707,-115.90402,12.26311,5.63907,-0.32667,-14.41213,-1.87883,1.65615,2.04283,,,,,,,,,,,,,,,,,,,,,,,,,,,,,,,,,,,,,,,,,,,,,,,,,,,High,High,High,,,,,,,,,,,,,,,,,,,,,,,,,,,,,,,,,,,,
160,2026-03-24,16:38:09.83,3,3,"Oakes, Ryan",1000299833,Right,NEV_WOL,"Walsh, Nick",832135,Left,SAN_DON,Undefined,5,Top,2,1,1,Fastball,Four-Seam,StrikeSwinging,Undefined,Undefined,Undefined,0,0,,89.47873,-0.470502,-2.161037,2144.135241,206.913095,1:00,5.73189,1.70121,6.52454,-19.76639,13.96808,6.60343,3.65272,0.26791,82.52363,-4.220213,-0.962638,0.418031,,,,,,,,,,,,-3.98933,7.7454,-1.55345,50,5.69032,4.65437,-130.14966,-1.62174,-6.91035,24.78636,-18.75747,NEV_WOL,SAN_DON,DonWeirField,D1,MW,20260324-DonWeirField-2,84709300-27da-11f1-87ae-c3d7072d108d,90.16666,,,6.9551,,,,,,,19204ca8-c802-4f83-bcdd-d568f66a75e9,2026-03-24,23:38:09.83,2026-03-24T16:38:09.8374656-07:00,2026-03-24T23:38:09.8374656Z,,v3,471377,471434,63251d0db23648cabd526fef61ffaec8,"Snakenborg, Nate",833445,Right,NEV_WOL,1bac0add-82d5-40c8-96c3-59872d0e707a,53.97484,-130.90446,12.39318,5.731,-1.05053,-9.37874,-1.69839,4.8648,-3.45518,,,,,,,,,,,,,,,,,,,,,,,,,,,,,,,,,,,,,,,,,,,,,,,,,,,High,High,High,,,,,,,,,,,,,,,,,,,,,,,,,,,,,,,,,,,,
161,2026-03-24,16:38:28.67,3,4,"Oakes, Ryan",1000299833,Right,NEV_WOL,"Walsh, Nick",832135,Left,SAN_DON,Undefined,5,Top,2,1,2,Fastball,Four-Seam,FoulBallNotFieldable,Undefined,Undefined,Undefined,0,0,,89.59413,-1.118549,-1.716062,2221.23897,197.337644,12:30,5.75737,1.57377,6.6649,-19.19123,14.73284,4.2517,3.13404,0.35741,81.59484,-4.797906,-0.942038,0.419204,73.39368,63.252319,-66.908486,5147.365691,12.97732,103.51303,-109.23167,172.24417,55.80284,-85.186687,4.957671,-2.75732,8.44036,-1.46024,50,5.67439,3.7413,-130.21488,-3.04988,-4.70672,28.82751,-17.76656,NEV_WOL,SAN_DON,DonWeirField,D1,MW,20260324-DonWeirField-2,8fa958b0-27da-11f1-87ae-c3d7072d108d,89.91431,107.10455,,7.99929,,,,-0.36375,2.92565,-0.2263,19204ca8-c802-4f83-bcdd-d568f66a75e9,2026-03-24,23:38:28.67,2026-03-24T16:38:28.6729728-07:00,2026-03-24T23:38:28.6729728Z,Popup,v3,471377,471434,63251d0db23648cabd526fef61ffaec8,"Snakenborg, Nate",833445,Right,NEV_WOL,21717371-c11e-42af-ae35-c8e3ebacc907,53.83432,-131.06099,14.41375,5.75626,-2.52842,-8.88328,-1.57207,3.87944,-2.35336,151.943198,-0.35451,18.75547,-9.11811,0.56936,1.79935,-1.11274,0.30706,-0.041,0.00214,2.94399,95.74097,-25.43644,0.43591,1.60949,-0.85197,0.20467,-0.0241,0.00112,-0.23446,-44.41635,1.6817,0.73975,-0.41735,0.06257,0.01446,-0.00518,0.00041,,,,,,,,,,,,,,,,,,,,,,,High,High,High,High,Low,,,,,,,,,,,,,,,,,,,,,,,,,,,,,,,,,,
162,2026-03-24,16:38:52.73,3,5,"Oakes, Ryan",1000299833,Right,NEV_WOL,"Walsh, Nick",832135,Left,SAN_DON,Undefined,5,Top,2,1,2,ChangeUp,Changeup,BallCalled,Undefined,Undefined,Undefined,0,0,,81.91731,-2.732984,-3.16185,2127.108742,262.652107,2:45,5.60211,1.8447,6.20215,-37.56494,3.54949,17.82406,-0.05682,0.40844,75.8121,-9.647351,0.060415,0.461497,,,,,,,,,,,,-10.26882,2.86902,-1.61632,50,5.37696,5.94647,-118.90307,-6.82023,-14.73891,22.24748,-28.05612,NEV_WOL,SAN_DON,DonWeirField,D1,MW,20260324-DonWeirField-2,9e075330-27da-11f1-87ae-c3d7072d108d,81.67435,,,6.10521,,,,,,,19204ca8-c802-4f83-bcdd-d568f66a75e9,2026-03-24,23:38:52.73,2026-03-24T16:38:52.7370752-07:00,2026-03-24T23:38:52.7370752Z,,v3,471377,471434,63251d0db23648cabd526fef61ffaec8,"Snakenborg, Nate",833445,Right,NEV_WOL,8d99f712-875e-4d4c-8966-b514a4714f46,54.30133,-119.70517,11.12374,5.60462,-5.80871,-14.02806,-1.84029,6.47786,-7.36946,,,,,,,,,,,,,,,,,,,,,,,,,,,,,,,,,,,,,,,,,,,,,,,,,,,High,High,High,,,,,,,,,,,,,,,,,,,,,,,,,,,,,,,,,,,,
163,2026-03-24,16:39:13.30,3,6,"Oakes, Ryan",1000299833,Right,NEV_WOL,"Walsh, Nick",832135,Left,SAN_DON,Undefined,5,Top,2,2,2,Slider,Slider,InPlay,Undefined,LineDrive,Out,1,0,,80.28238,0.2751,-0.317526,2237.731449,140.398203,10:45,5.70582,1.69053,5.944,-35.89577,7.80225,-5.2004,2.96969,0.96262,72.81175,-6.415549,-1.252403,0.475776,101.7435,15.81081,3.546719,978.513248,109.85196,26.73552,5.69873,319.60994,314.71408,2.589136,2.960613,2.57134,4.355,-1.6623,50,5.70769,0.84302,-116.52745,-0.53794,3.49173,24.42996,-26.26024,NEV_WOL,SAN_DON,DonWeirField,D1,MW,20260324-DonWeirField-2,aa4a35e0-27da-11f1-87ae-c3d7072d108d,79.2231,31.16841,,7.47063,,,,1.07968,2.91772,-0.93604,19204ca8-c802-4f83-bcdd-d568f66a75e9,2026-03-24,23:39:13.30,2026-03-24T16:39:13.3010944-07:00,2026-03-24T23:39:13.3010944Z,LineDrive,v3,471377,471434,63251d0db23648cabd526fef61ffaec8,"Snakenborg, Nate",833445,Right,NEV_WOL,2975c351-91af-4520-869d-b442bada1076,54.55378,-117.47827,12.21498,5.70874,0.48411,-13.13012,-1.69247,0.70712,1.74586,180.947956,1.07981,143.30063,-21.22938,4.9806,-1.04898,0.25581,-0.06885,0.01291,-0.00105,2.91754,40.66085,-15.07628,0.24069,0.15951,-0.13623,0.06092,-0.01325,0.00114,-0.93611,8.88326,-1.16367,-0.16057,0.11663,-0.06259,0.02477,-0.00537,0.00047,,,,,,,,,,,,,,,,,,,,,,,High,High,High,High,Medium,,,,,,,,,,,,,,,,,,,,,,,,,,,,,,,,,,
164,2026-03-24,16:41:36.21,1,1,"Wheeler, Paul",1000163972,Left,SAN_DON,"Matsuzaki, Lee",1000128685,Left,NEV_WOL,Undefined,5,Bottom,0,0,0,Curveball,Curveball,StrikeSwinging,Undefined,Undefined,Undefined,0,0,,77.38069,1.149492,1.040639,2278.77964,306.671311,4:15,5.10254,-2.11729,5.71037,-54.14298,-6.58638,11.04812,1.66188,-0.22699,70.41901,-8.769918,3.019588,0.496337,,,,,,,,,,,,-5.33469,-3.34768,2.02298,50,5.16488,-2.44758,-112.30061,0.51023,-6.70801,23.24987,-36.38354,NEV_WOL,SAN_DON,DonWeirField,D1,MW,20260324-DonWeirField-2,ff7ea640-27da-11f1-87ae-c3d7072d108d,75.94121,,,6.96168,,,,,,,19204ca8-c802-4f83-bcdd-d568f66a75e9,2026-03-24,23:41:36.21,2026-03-24T16:41:36.2116608-07:00,2026-03-24T23:41:36.2116608Z,,v3,471377,471434,63251d0db23648cabd526fef61ffaec8,"Burke, Brendan",832137,Right,SAN_DON,f8e6d7a4-61ec-482b-bb05-c2771b5e98eb,54.79116,-113.28819,11.62493,5.11038,2.05569,-18.19177,2.12089,-2.16264,-3.354,,,,,,,,,,,,,,,,,,,,,,,,,,,,,,,,,,,,,,,,,,,,,,,,,,,High,High,High,,,,,,,,,,,,,,,,,,,,,,,,,,,,,,,,,,,,
165,2026-03-24,16:41:53.05,1,2,"Wheeler, Paul",1000163972,Left,SAN_DON,"Matsuzaki, Lee",1000128685,Left,NEV_WOL,Undefined,5,Bottom,0,0,1,Fastball,Sinker,StrikeCalled,Undefined,Undefined,Undefined,0,0,,88.6872,0.415417,3.68577,2272.596961,108.235297,9:30,5.03013,-2.22259,6.42728,-28.86474,6.35874,-15.59135,3.00736,-0.12942,80.21403,-5.020292,0.865572,0.427157,,,,,,,,,,,,9.1891,3.58071,1.96584,50,5.04706,-7.64834,-128.5926,0.03333,15.22402,29.29728,-26.24175,NEV_WOL,SAN_DON,DonWeirField,D1,MW,20260324-DonWeirField-2,097e4fb0-27db-11f1-87ae-c3d7072d108d,88.24028,,,8.47317,,,,,,,19204ca8-c802-4f83-bcdd-d568f66a75e9,2026-03-24,23:41:53.05,2026-03-24T16:41:53.0530816-07:00,2026-03-24T23:41:53.0530816Z,,v3,471377,471434,63251d0db23648cabd526fef61ffaec8,"Burke, Brendan",832137,Right,SAN_DON,69f4d7c3-647a-4b5a-a133-986fb388e137,54.07018,-129.51659,14.64864,5.03296,0.86095,-13.12087,2.21463,-8.12848,7.61201,,,,,,,,,,,,,,,,,,,,,,,,,,,,,,,,,,,,,,,,,,,,,,,,,,,High,High,High,,,,,,,,,,,,,,,,,,,,,,,,,,,,,,,,,,,,
166,2026-03-24,16:42:10.98,1,3,"Wheeler, Paul",1000163972,Left,SAN_DON,"Matsuzaki, Lee",1000128685,Left,NEV_WOL,Undefined,5,Bottom,0,0,2,Slider,Curveball,BallCalled,Undefined,Undefined,Undefined,0,0,,74.5162,4.236087,-2.978977,2239.763493,285.044442,3:30,5.04507,-2.26918,5.38913,-55.37298,-3.41961,19.24009,4.41364,-3.46046,67.46605,-5.886827,0.432334,0.518774,,,,,,,,,,,,-10.27402,-2.19788,2.5228,50,5.38712,4.82306,-107.7097,6.13416,-11.99229,19.82631,-34.73948,NEV_WOL,SAN_DON,DonWeirField,D1,MW,20260324-DonWeirField-2,143dedc0-27db-11f1-87ae-c3d7072d108d,72.65674,,,7.05014,,,,,,,19204ca8-c802-4f83-bcdd-d568f66a75e9,2026-03-24,23:42:10.98,2026-03-24T16:42:10.9804544-07:00,2026-03-24T23:42:10.9804544Z,,v3,471377,471434,63251d0db23648cabd526fef61ffaec8,"Burke, Brendan",832137,Right,SAN_DON,365df60e-d632-4a91-80a6-727fa48f0daf,55.10911,-108.64608,9.91316,5.05867,7.77486,-17.36974,2.28164,5.38944,-5.99614,,,,,,,,,,,,,,,,,,,,,,,,,,,,,,,,,,,,,,,,,,,,,,,,,,,High,High,High,,,,,,,,,,,,,,,,,,,,,,,,,,,,,,,,,,,,
167,2026-03-24,16:42:33.78,1,4,"Wheeler, Paul",1000163972,Left,SAN_DON,"Matsuzaki, Lee",1000128685,Left,NEV_WOL,Undefined,5,Bottom,0,1,2,Fastball,Sinker,InPlay,Undefined,GroundBall,Out,1,0,,89.55318,0.385962,3.51191,2320.663137,99.948047,9:15,5.13047,-2.32157,6.29865,-30.90726,3.72736,-14.54375,2.91116,-0.29364,81.20824,-5.395771,0.886479,0.423571,73.99975,-75.462139,74.971537,,,,,1.05495,0.43641,61.665901,0.029435,8.61453,2.17173,2.06993,50,5.1442,-7.38127,-129.8991,-0.1363,14.58675,29.49633,-28.4967,NEV_WOL,SAN_DON,DonWeirField,D1,MW,20260324-DonWeirField-2,21c92ef0-27db-11f1-87ae-c3d7072d108d,88.98721,3.10514,,8.34494,,,,0.2919,3.10514,0.15087,19204ca8-c802-4f83-bcdd-d568f66a75e9,2026-03-24,23:42:33.78,2026-03-24T16:42:33.7886720-07:00,2026-03-24T23:42:33.7886720Z,GroundBall,v3,471377,471434,63251d0db23648cabd526fef61ffaec8,"Burke, Brendan",832137,Right,SAN_DON,32b024ac-f9fd-4368-8c65-b6f527d0f4bc,54.20068,-130.84947,14.74817,5.1338,0.78187,-14.24835,2.31532,-7.85126,7.29338,,0.29176,7.09339,,,,,,,,3.10719,-105.4903,,,,,,,,0.15035,26.42037,,,,,,,,,,,,,,,,,,,,,,,,,,,,,,High,High,High,Low,Low,,,,,,,,,,,,,,,,,,,,,,,,,,,,,,,,,,
168,2026-03-24,16:43:08.75,2,1,"Wheeler, Paul",1000163972,Left,SAN_DON,"Doyle, Jacob",833448,Right,NEV_WOL,Undefined,5,Bottom,1,0,0,Fastball,Sinker,BallCalled,Undefined,Undefined,Undefined,0,0,,89.81098,-1.050297,5.108652,2254.393553,100.561359,9:15,5.02353,-2.36067,6.20383,-31.37269,3.3411,-11.54796,1.43569,1.40507,81.60143,-6.883041,3.034117,0.424055,,,,,,,,,,,,7.59307,2.36477,1.98182,50,4.92852,-11.15829,-129.97848,-3.43354,12.86881,29.61213,-28.16623,NEV_WOL,SAN_DON,DonWeirField,D1,MW,20260324-DonWeirField-2,3696f560-27db-11f1-87ae-c3d7072d108d,88.88567,,,8.20955,,,,,,,19204ca8-c802-4f83-bcdd-d568f66a75e9,2026-03-24,23:43:08.75,2026-03-24T16:43:08.7559168-07:00,2026-03-24T23:43:08.7559168Z,,v3,471377,471434,63251d0db23648cabd526fef61ffaec8,"Burke, Brendan",832137,Right,SAN_DON,a64a0c03-0c32-4ce9-8e4e-07bad47481da,54.29663,-130.95369,14.80606,5.02632,-2.50594,-14.08311,2.35627,-11.58209,6.4344,,,,,,,,,,,,,,,,,,,,,,,,,,,,,,,,,,,,,,,,,,,,,,,,,,,High,High,High,,,,,,,,,,,,,,,,,,,,,,,,,,,,,,,,,,,,
169,2026-03-24,16:43:22.77,2,2,"Wheeler, Paul",1000163972,Left,SAN_DON,"Doyle, Jacob",833448,Right,NEV_WOL,Undefined,5,Bottom,1,1,0,Fastball,Four-Seam,InPlay,Undefined,Popup,Out,1,0,,88.17894,0.03266,3.458434,2435.869953,134.297516,10:30,5.12708,-2.29041,6.20194,-22.92462,13.11587,-12.12182,3.2469,-0.10426,79.46834,-4.32331,1.275503,0.432083,81.1185,82.756573,9.798367,,,,,,9.63442,,,7.4037,7.15185,2.03625,50,5.11809,-7.23721,-127.81138,-0.60562,12.07109,29.87298,-20.51358,NEV_WOL,SAN_DON,DonWeirField,D1,MW,20260324-DonWeirField-2,3ef8a640-27db-11f1-87ae-c3d7072d108d,87.23434,99.01502,,8.7106,,,,2.45948,3.32485,0.12787,19204ca8-c802-4f83-bcdd-d568f66a75e9,2026-03-24,23:43:22.77,2026-03-24T16:43:22.7710976-07:00,2026-03-24T23:43:22.7710976Z,,v3,471377,471434,63251d0db23648cabd526fef61ffaec8,"Burke, Brendan",832137,Right,SAN_DON,c8659a4e-6403-47da-9496-79ad1336976c,54.29638,-128.81164,14.93649,5.12687,0.08125,-10.25679,2.28535,-7.6414,6.03554,,2.45947,14.78377,-8.98919,2.8874,-1.14528,0.42129,0.58847,-0.79867,0.26884,3.32485,118.02394,-28.70339,3.74383,-0.70084,0.03506,0.03316,0.00679,-0.00861,0.12787,2.55296,-0.70423,0.20421,-0.07179,0.02405,0.03498,-0.04646,0.01554,,,,,,,,,,,,,,,,,,,,,,,High,High,High,Medium,Undefined,,,,,,,,,,,,,,,,,,,,,,,,,,,,,,,,,,
170,2026-03-24,16:44:03.72,3,1,"Wheeler, Paul",1000163972,Left,SAN_DON,"Harvey, Jake",833440,Right,NEV_WOL,Undefined,5,Bottom,2,0,0,Fastball,Sinker,BallCalled,Undefined,Undefined,Undefined,0,0,,90.22916,-1.259211,4.225916,2471.478386,136.294702,10:30,5.16271,-2.32208,5.87092,-22.65915,11.57209,-10.09004,2.10144,0.76949,83.05905,-5.477888,2.422441,0.421097,,,,,,,,,,,,6.27418,6.55894,1.98553,50,5.04729,-9.24571,-130.83935,-3.63878,10.96077,25.59341,-20.71584,NEV_WOL,SAN_DON,DonWeirField,D1,MW,20260324-DonWeirField-2,57600e30-27db-11f1-87ae-c3d7072d108d,89.51001,,,7.1701,,,,,,,19204ca8-c802-4f83-bcdd-d568f66a75e9,2026-03-24,23:44:03.72,2026-03-24T16:44:03.7289472-07:00,2026-03-24T23:44:03.7289472Z,,v3,471377,471434,63251d0db23648cabd526fef61ffaec8,"Burke, Brendan",832137,Right,SAN_DON,450fe98e-8c9f-40b9-b88c-2cc697569c50,54.62994,-131.7419,12.7967,5.16273,-2.90824,-10.35792,2.3184,-9.63223,5.48038,,,,,,,,,,,,,,,,,,,,,,,,,,,,,,,,,,,,,,,,,,,,,,,,,,,High,High,High,,,,,,,,,,,,,,,,,,,,,,,,,,,,,,,,,,,,
171,2026-03-24,16:44:23.47,3,2,"Wheeler, Paul",1000163972,Left,SAN_DON,"Harvey, Jake",833440,Right,NEV_WOL,Undefined,5,Bottom,2,1,0,Fastball,Sinker,StrikeCalled,Undefined,Undefined,Undefined,0,0,,88.55271,-0.337869,3.990488,2326.103075,130.738878,10:15,5.07008,-2.28121,6.40957,-27.18899,7.32536,-7.43241,2.49292,0.77445,82.19662,-5.404107,2.64805,0.422835,,,,,,,,,,,,4.82918,4.19969,1.99864,50,5.03326,-8.69347,-128.66293,-1.60372,8.22147,22.78772,-25.02421,NEV_WOL,SAN_DON,DonWeirField,D1,MW,20260324-DonWeirField-2,63213dc0-27db-11f1-87ae-c3d7072d108d,89.14213,,,6.35609,,,,,,,19204ca8-c802-4f83-bcdd-d568f66a75e9,2026-03-24,23:44:23.47,2026-03-24T16:44:23.4786816-07:00,2026-03-24T23:44:23.4786816Z,,v3,471377,471434,63251d0db23648cabd526fef61ffaec8,"Burke, Brendan",832137,Right,SAN_DON,da147de0-bf64-4d5d-8561-cb003c736e27,54.09199,-129.38564,11.39386,5.07154,-0.81009,-12.51211,2.27848,-8.95422,4.11073,,,,,,,,,,,,,,,,,,,,,,,,,,,,,,,,,,,,,,,,,,,,,,,,,,,High,High,High,,,,,,,,,,,,,,,,,,,,,,,,,,,,,,,,,,,,
172,2026-03-24,16:44:40.83,3,3,"Wheeler, Paul",1000163972,Left,SAN_DON,"Harvey, Jake",833440,Right,NEV_WOL,Undefined,5,Bottom,2,1,1,Fastball,Sinker,FoulBallNotFieldable,Undefined,Undefined,Undefined,0,0,,88.34498,-0.364456,3.227963,2365.827058,131.415808,10:30,5.12991,-2.38051,6.0452,-24.06989,11.63186,-11.88083,2.78613,-0.37891,80.56983,-4.884665,1.093452,0.430047,74.17074,55.910684,108.321218,,,,,,40.92386,,,7.06855,6.43642,2.13535,50,5.0885,-6.7494,-128.19664,-1.57493,11.73562,27.08085,-21.48794,NEV_WOL,SAN_DON,DonWeirField,D1,MW,20260324-DonWeirField-2,6d7dfb50-27db-11f1-87ae-c3d7072d108d,87.64719,52.51087,,7.77515,,,,2.14629,2.84804,0.39302,19204ca8-c802-4f83-bcdd-d568f66a75e9,2026-03-24,23:44:40.83,2026-03-24T16:44:40.8340480-07:00,2026-03-24T23:44:40.8340480Z,,v3,471377,471434,63251d0db23648cabd526fef61ffaec8,"Burke, Brendan",832137,Right,SAN_DON,a9cae725-5838-4058-b217-35bc8cc3ff66,54.45474,-129.13426,13.54042,5.13015,-0.83096,-10.74397,2.37607,-7.15572,5.86781,,2.14629,-19.16603,-0.35335,1.12152,-0.48893,0.16197,-0.04797,0.01196,-0.00179,2.84804,90.09073,-34.26655,4.98437,-0.91237,0.14073,-0.01797,0.00043,0.0004,0.39302,57.88082,-11.43961,4.92734,-1.46443,0.39094,-0.10001,0.02224,-0.00307,,,,,,,,,,,,,,,,,,,,,,,High,High,High,Low,Undefined,,,,,,,,,,,,,,,,,,,,,,,,,,,,,,,,,,
173,2026-03-24,16:45:01.93,3,4,"Wheeler, Paul",1000163972,Left,SAN_DON,"Harvey, Jake",833440,Right,NEV_WOL,Undefined,5,Bottom,2,1,2,Fastball,Four-Seam,BallCalled,Undefined,Undefined,Undefined,0,0,,89.00458,1.377908,3.295283,2399.508897,151.698206,11:00,5.21902,-2.38175,6.29713,-23.02726,11.46245,-5.64697,4.57206,0.18736,81.88949,-2.952539,2.277114,0.422684,,,,,,,,,,,,3.74382,5.92162,2.14184,50,5.30921,-7.21498,-129.25494,2.41537,6.39581,24.46292,-22.05783,NEV_WOL,SAN_DON,DonWeirField,D1,MW,20260324-DonWeirField-2,7a100f70-27db-11f1-87ae-c3d7072d108d,89.17395,,,7.11508,,,,,,,19204ca8-c802-4f83-bcdd-d568f66a75e9,2026-03-24,23:45:01.93,2026-03-24T16:45:01.9334656-07:00,2026-03-24T23:45:01.9334656Z,,v3,471377,471434,63251d0db23648cabd526fef61ffaec8,"Burke, Brendan",832137,Right,SAN_DON,14f22871-dfa1-49ad-8631-2ade8e44c439,54.20193,-130.04776,12.23146,5.21934,3.13025,-11.02891,2.37903,-7.42227,3.19791,,,,,,,,,,,,,,,,,,,,,,,,,,,,,,,,,,,,,,,,,,,,,,,,,,,High,High,High,,,,,,,,,,,,,,,,,,,,,,,,,,,,,,,,,,,,
174,2026-03-24,16:45:18.18,3,5,"Wheeler, Paul",1000163972,Left,SAN_DON,"Harvey, Jake",833440,Right,NEV_WOL,Undefined,5,Bottom,2,2,2,Fastball,Sinker,BallCalled,Undefined,Undefined,Undefined,0,0,,88.85429,-0.431131,1.944386,2415.739802,124.274997,10:15,5.21079,-2.35358,6.00496,-25.47179,9.80579,-12.73241,2.68845,-1.6124,81.12974,-5.196355,-0.345476,0.427485,,,,,,,,,,,,7.05087,5.51237,2.20739,50,5.163,-3.84197,-129.03277,-1.80411,11.86853,27.24408,-22.89527,NEV_WOL,SAN_DON,DonWeirField,D1,MW,20260324-DonWeirField-2,83c4f440-27db-11f1-87ae-c3d7072d108d,88.17257,,,7.72455,,,,,,,19204ca8-c802-4f83-bcdd-d568f66a75e9,2026-03-24,23:45:18.18,2026-03-24T16:45:18.1852672-07:00,2026-03-24T23:45:18.1852672Z,,v3,471377,471434,63251d0db23648cabd526fef61ffaec8,"Burke, Brendan",832137,Right,SAN_DON,d2259756-4b37-4b12-ac5c-599bc11d8d45,54.49327,-129.97802,13.62204,5.21182,-1.00974,-11.44764,2.34783,-4.25376,5.93427,,,,,,,,,,,,,,,,,,,,,,,,,,,,,,,,,,,,,,,,,,,,,,,,,,,High,High,High,,,,,,,,,,,,,,,,,,,,,,,,,,,,,,,,,,,,
175,2026-03-24,16:45:38.68,3,6,"Wheeler, Paul",1000163972,Left,SAN_DON,"Harvey, Jake",833440,Right,NEV_WOL,Undefined,5,Bottom,2,3,2,Fastball,Sinker,InPlay,Undefined,GroundBall,Out,1,0,,89.16849,0.074594,3.211785,2415.964808,123.832095,10:15,5.12962,-2.31845,6.20746,-25.24844,9.29036,-12.33906,3.09454,-0.37917,81.95882,-4.650626,0.988066,0.422985,86.6746,-16.104826,-15.639629,,,,,12.19126,12.19126,-11.92453,0.087858,7.26902,5.10323,2.08339,50,5.12242,-6.7819,-129.54153,-0.6311,12.42877,25.48382,-23.4484,NEV_WOL,SAN_DON,DonWeirField,D1,MW,20260324-DonWeirField-2,8ffc6540-27db-11f1-87ae-c3d7072d108d,89.11057,3.10671,,7.20967,,,,1.5665,3.10671,0.38176,19204ca8-c802-4f83-bcdd-d568f66a75e9,2026-03-24,23:45:38.68,2026-03-24T16:45:38.6882560-07:00,2026-03-24T23:45:38.6882560Z,GroundBall,v3,471377,471434,63251d0db23648cabd526fef61ffaec8,"Burke, Brendan",832137,Right,SAN_DON,c4cd97e3-7af1-46f0-9540-aafd08914cf4,54.29378,-130.38348,12.74191,5.13047,0.1436,-11.7242,2.31424,-7.19253,6.21439,,1.5619,117.93729,,,,,,,,3.10809,-35.3608,,,,,,,,0.38305,-33.01663,,,,,,,,,,,,,,,,,,,,,,,,,,,,,,High,High,High,Estimated,Estimated,,,,,,,,,,,,,,,,,,,,,,,,,,,,,,,,,,
176,2026-03-24,16:47:42.25,1,1,"Oakes, Ryan",1000299833,Right,NEV_WOL,"Lewis, Jordan",702590,Right,SAN_DON,Undefined,6,Top,0,0,0,Slider,Slider,BallCalled,Undefined,Undefined,Undefined,0,0,,79.2079,0.787555,-3.276888,2161.539857,115.857967,9:45,5.64378,2.36888,5.94407,-40.0162,4.10858,-5.94363,3.04087,-1.16932,73.38873,-6.575087,-4.341397,0.478093,,,,,,,,,,,,2.22291,2.31697,-2.10434,50,5.68409,6.8054,-115.01908,0.33981,3.00646,19.41378,-29.04039,NEV_WOL,SAN_DON,DonWeirField,D1,MW,20260324-DonWeirField-2,d9a53500-27db-11f1-87ae-c3d7072d108d,78.8391,,,5.81918,,,,,,,19204ca8-c802-4f83-bcdd-d568f66a75e9,2026-03-24,23:47:42.25,2026-03-24T16:47:42.2587904-07:00,2026-03-24T23:47:42.2587904Z,,v3,471377,471434,63251d0db23648cabd526fef61ffaec8,"Snakenborg, Nate",833445,Right,NEV_WOL,f6bb77d8-024c-4231-9c77-5003ee0d7d7e,54.5561,-115.78554,9.70689,5.64804,1.48633,-14.5202,-2.37067,6.68671,1.50323,,,,,,,,,,,,,,,,,,,,,,,,,,,,,,,,,,,,,,,,,,,,,,,,,,,High,High,High,,,,,,,,,,,,,,,,,,,,,,,,,,,,,,,,,,,,
177,2026-03-24,16:47:57.09,1,2,"Oakes, Ryan",1000299833,Right,NEV_WOL,"Lewis, Jordan",702590,Right,SAN_DON,Undefined,6,Top,0,1,0,Slider,Slider,FoulBallNotFieldable,Undefined,Undefined,Undefined,0,0,,79.47295,-0.206296,-2.940577,2203.659714,99.191588,9:15,5.69763,2.43099,5.91597,-41.67128,2.26941,-6.27611,2.03331,-0.82348,73.66882,-7.848847,-4.0659,0.477095,,,,,,,,,,,,2.48839,1.54839,-2.19143,50,5.65696,6.15637,-115.4535,-1.7161,3.37986,20.22847,-30.07096,NEV_WOL,SAN_DON,DonWeirField,D1,MW,20260324-DonWeirField-2,e28c1b70-27db-11f1-87ae-c3d7072d108d,79.00403,,,5.80413,,,,,,,19204ca8-c802-4f83-bcdd-d568f66a75e9,2026-03-24,23:47:57.09,2026-03-24T16:47:57.0971648-07:00,2026-03-24T23:47:57.0971648Z,,v3,471377,471434,63251d0db23648cabd526fef61ffaec8,"Snakenborg, Nate",833445,Right,NEV_WOL,bea97fa8-05f3-4a16-8891-2e95bbd16542,54.58603,-116.25424,10.11423,5.70133,-0.52575,-15.03548,-2.43248,6.02259,1.68993,,,,,,,,,,,,,,,,,,,,,,,,,,,,,,,,,,,,,,,,,,,,,,,,,,,High,High,High,,,,,,,,,,,,,,,,,,,,,,,,,,,,,,,,,,,,
178,2026-03-24,16:48:18.62,1,3,"Oakes, Ryan",1000299833,Right,NEV_WOL,"Lewis, Jordan",702590,Right,SAN_DON,Undefined,6,Top,0,1,1,Fastball,Four-Seam,BallCalled,Undefined,Undefined,Undefined,0,0,,88.32429,0.483334,-3.034419,2093.791763,216.605187,1:15,5.7746,2.22429,6.70054,-20.91387,14.10387,9.60071,4.47436,0.24715,80.01676,-3.532827,-1.28844,0.425908,,,,,,,,,,,,-5.91394,7.63063,-2.02542,50,5.79823,6.41963,-128.1965,0.54033,-9.76434,28.44532,-19.57529,NEV_WOL,SAN_DON,DonWeirField,D1,MW,20260324-DonWeirField-2,ef4eb570-27db-11f1-a2d7-53166a682b59,88.4991,,,8.30753,,,,,,,19204ca8-c802-4f83-bcdd-d568f66a75e9,2026-03-24,23:48:18.62,2026-03-24T16:48:18.6226688-07:00,2026-03-24T23:48:18.6226688Z,,v3,471377,471434,63251d0db23648cabd526fef61ffaec8,"Snakenborg, Nate",833445,Right,NEV_WOL,72d696ad-1a22-405c-b87f-4cc31d5e9602,53.79559,-129.03595,14.22266,5.77376,1.11802,-9.78765,-2.21912,6.70779,-4.88217,,,,,,,,,,,,,,,,,,,,,,,,,,,,,,,,,,,,,,,,,,,,,,,,,,,High,High,High,,,,,,,,,,,,,,,,,,,,,,,,,,,,,,,,,,,,
179,2026-03-24,16:48:34.88,1,4,"Oakes, Ryan",1000299833,Right,NEV_WOL,"Lewis, Jordan",702590,Right,SAN_DON,Undefined,6,Top,0,2,1,Slider,Slider,FoulBallNotFieldable,Undefined,Undefined,Undefined,0,0,,80.63844,-0.981446,-2.969826,2304.747187,158.414633,11:15,5.66111,2.3281,6.0822,-37.57817,5.27355,-1.54224,1.62028,-0.55048,73.97244,-7.932503,-3.247332,0.471146,,,,,,,,,,,,-0.06114,3.39055,-2.09771,50,5.5652,6.12703,-117.0198,-3.14922,-0.08443,22.95893,-27.49261,NEV_WOL,SAN_DON,DonWeirField,D1,MW,20260324-DonWeirField-2,f905e430-27db-11f1-a2d7-53166a682b59,80.00163,,,6.666,,,,,,,19204ca8-c802-4f83-bcdd-d568f66a75e9,2026-03-24,23:48:34.88,2026-03-24T16:48:34.8847104-07:00,2026-03-24T23:48:34.8847104Z,,v3,471377,471434,63251d0db23648cabd526fef61ffaec8,"Snakenborg, Nate",833445,Right,NEV_WOL,6588907b-0428-4c54-b753-eb3dc6373241,54.41782,-117.88338,11.47947,5.66421,-2.11512,-13.74631,-2.32823,6.1302,-0.04221,,,,,,,,,,,,,,,,,,,,,,,,,,,,,,,,,,,,,,,,,,,,,,,,,,,High,High,High,,,,,,,,,,,,,,,,,,,,,,,,,,,,,,,,,,,,
180,2026-03-24,16:48:56.14,1,5,"Oakes, Ryan",1000299833,Right,NEV_WOL,"Lewis, Jordan",702590,Right,SAN_DON,Undefined,6,Top,0,2,2,Slider,Slider,StrikeSwinging,Strikeout,Undefined,Undefined,0,0,,80.35458,-1.034372,-2.960752,2252.911204,115.982643,9:45,5.65307,2.18719,5.89813,-37.6936,5.87709,-9.15422,1.55026,-1.32683,73.63872,-7.980599,-4.601121,0.475082,,,,,,,,,,,,3.82894,3.73327,-1.94348,50,5.54816,6.371,-116.54012,-3.28296,5.23131,23.24443,-27.07347,NEV_WOL,SAN_DON,DonWeirField,D1,MW,20260324-DonWeirField-2,05b21000-27dc-11f1-a2d7-53166a682b59,79.33878,,,6.71586,,,,,,,19204ca8-c802-4f83-bcdd-d568f66a75e9,2026-03-24,23:48:56.14,2026-03-24T16:48:56.1440000-07:00,2026-03-24T23:48:56.1440000Z,,v3,471377,471434,63251d0db23648cabd526fef61ffaec8,"Snakenborg, Nate",833445,Right,NEV_WOL,546d4b73-603c-4283-aeab-28f67d45f34e,54.6012,-117.45426,11.62222,5.65634,-2.21823,-13.53674,-2.18999,6.16526,2.61565,,,,,,,,,,,,,,,,,,,,,,,,,,,,,50.68629,2.593912,1.107046,1.486865,1.44916,1.55482,1.32421,-3.75427,4.78161,5.00256,72.14329,10.73751,-52.66778,-3.71944,53.86734,-1.91437,4.8759,27.2048,-15.64533,4.9474,-42.06929,2.23363,High,High,High,,,High,High,High,,,,,,,,,,,,,,,,,,,,,,,,,,,,,,,
181,2026-03-24,16:49:26.09,2,1,"Oakes, Ryan",1000299833,Right,NEV_WOL,"Landry, Isaiah",822879,Right,SAN_DON,Undefined,6,Top,1,0,0,Fastball,Four-Seam,BallCalled,Undefined,Undefined,Undefined,0,0,,89.60971,-2.274675,-4.795164,2081.600972,199.685796,12:45,5.73882,1.99869,6.83045,-18.91816,14.5456,4.85799,2.07917,-1.98044,82.78938,-5.869278,-3.912744,0.41635,,,,,,,,,,,,-3.77358,8.59859,-1.69177,50,5.58489,10.72234,-129.9438,-5.66683,-6.51588,24.7119,-17.3269,NEV_WOL,SAN_DON,DonWeirField,D1,MW,20260324-DonWeirField-2,178a8b40-27dc-11f1-a2d7-53166a682b59,90.53062,,,6.82033,,,,,,,19204ca8-c802-4f83-bcdd-d568f66a75e9,2026-03-24,23:49:26.09,2026-03-24T16:49:26.0934144-07:00,2026-03-24T23:49:26.0934144Z,,v3,471377,471434,63251d0db23648cabd526fef61ffaec8,"Snakenborg, Nate",833445,Right,NEV_WOL,de12b3bf-3658-446b-bb44-0fb63845492d,53.66937,-130.63975,12.35595,5.73761,-5.17886,-8.66345,-1.99632,10.90585,-3.25794,,,,,,,,,,,,,,,,,,,,,,,,,,,,,,,,,,,,,,,,,,,,,,,,,,,High,High,High,,,,,,,,,,,,,,,,,,,,,,,,,,,,,,,,,,,,
182,2026-03-24,16:49:42.86,2,2,"Oakes, Ryan",1000299833,Right,NEV_WOL,"Landry, Isaiah",822879,Right,SAN_DON,Undefined,6,Top,1,1,0,Slider,Slider,StrikeSwinging,Undefined,Undefined,Undefined,0,0,,79.49303,-0.10452,-2.587317,2188.134321,102.069675,9:30,5.59749,2.44429,5.99533,-41.45049,2.87799,-6.70181,2.04633,-0.51346,72.741,-7.758593,-3.791381,0.479196,,,,,,,,,,,,2.6715,1.95563,-2.23678,50,5.56664,5.46215,-115.35564,-1.49492,3.57507,22.83322,-29.55697,NEV_WOL,SAN_DON,DonWeirField,D1,MW,20260324-DonWeirField-2,21907640-27dc-11f1-a2d7-53166a682b59,78.65773,,,6.75204,,,,,,,19204ca8-c802-4f83-bcdd-d568f66a75e9,2026-03-24,23:49:42.86,2026-03-24T16:49:42.8698112-07:00,2026-03-24T23:49:42.8698112Z,,v3,471377,471434,63251d0db23648cabd526fef61ffaec8,"Snakenborg, Nate",833445,Right,NEV_WOL,23b0bd4b-d0f3-4112-89a5-2207624ddab0,54.50354,-116.24364,11.41661,5.60242,-0.34543,-14.77848,-2.4465,5.32311,1.78754,,,,,,,,,,,,,,,,,,,,,,,,,,,,,,,,,,,,,,,,,,,,,,,,,,,High,High,High,,,,,,,,,,,,,,,,,,,,,,,,,,,,,,,,,,,,
183,2026-03-24,16:50:02.27,2,3,"Oakes, Ryan",1000299833,Right,NEV_WOL,"Landry, Isaiah",822879,Right,SAN_DON,Undefined,6,Top,1,1,1,Slider,Slider,BallCalled,Undefined,Undefined,Undefined,0,0,,81.00872,-1.417894,-2.421765,2218.324707,120.174511,10:00,5.61705,2.47377,5.96432,-36.68195,5.42764,-7.30367,1.24407,-0.38174,75.30432,-8.149821,-3.734005,0.467048,,,,,,,,,,,,3.18292,3.4802,-2.27741,50,5.4837,5.24364,-117.7252,-4.0597,4.50593,20.51799,-27.24726,NEV_WOL,SAN_DON,DonWeirField,D1,MW,20260324-DonWeirField-2,2d19a5e0-27dc-11f1-a2d7-53166a682b59,80.70349,,,5.70441,,,,,,,19204ca8-c802-4f83-bcdd-d568f66a75e9,2026-03-24,23:50:02.27,2026-03-24T16:50:02.2712320-07:00,2026-03-24T23:50:02.2712320Z,,v3,471377,471434,63251d0db23648cabd526fef61ffaec8,"Snakenborg, Nate",833445,Right,NEV_WOL,2e5e7db3-8c68-496c-8367-a61551f181d0,54.53761,-118.51341,10.259,5.61955,-3.01299,-13.62363,-2.47552,5.07054,2.25297,,,,,,,,,,,,,,,,,,,,,,,,,,,,,,,,,,,,,,,,,,,,,,,,,,,High,High,High,,,,,,,,,,,,,,,,,,,,,,,,,,,,,,,,,,,,
184,2026-03-24,16:50:20.66,2,4,"Oakes, Ryan",1000299833,Right,NEV_WOL,"Landry, Isaiah",822879,Right,SAN_DON,Undefined,6,Top,1,2,1,Slider,Slider,StrikeSwinging,Undefined,Undefined,Undefined,0,0,,80.95124,-0.219691,-3.062004,2142.981693,132.451289,10:30,5.65627,2.30622,6.00296,-35.5127,6.70264,-6.00504,2.49303,-1.03402,74.89015,-6.773777,-4.139522,0.467635,,,,,,,,,,,,2.30543,3.88547,-2.062,50,5.61941,6.51234,-117.56923,-1.5492,3.25,20.79198,-26.6966,NEV_WOL,SAN_DON,DonWeirField,D1,MW,20260324-DonWeirField-2,381366c0-27dc-11f1-a2d7-53166a682b59,80.60234,,,6.06109,,,,,,,19204ca8-c802-4f83-bcdd-d568f66a75e9,2026-03-24,23:50:20.66,2026-03-24T16:50:20.6694912-07:00,2026-03-24T23:50:20.6694912Z,,v3,471377,471434,63251d0db23648cabd526fef61ffaec8,"Snakenborg, Nate",833445,Right,NEV_WOL,29f4c0b7-9ef7-40a4-b441-0d69702a93f4,54.49716,-118.36188,10.39599,5.65907,-0.53145,-13.3483,-2.3079,6.38844,1.625,,,,,,,,,,,,,,,,,,,,,,,,,,,,,,,,,,,,,,,,,,,,,,,,,,,High,High,High,,,,,,,,,,,,,,,,,,,,,,,,,,,,,,,,,,,,
185,2026-03-24,16:50:39.70,2,5,"Oakes, Ryan",1000299833,Right,NEV_WOL,"Landry, Isaiah",822879,Right,SAN_DON,Undefined,6,Top,1,2,2,Slider,Slider,StrikeSwinging,Strikeout,Undefined,Undefined,0,0,,79.9001,-0.577611,-3.320972,2248.574392,94.071886,9:15,5.58585,2.35486,5.95656,-41.74872,1.6278,-5.78024,1.57021,-1.21003,74.23658,-8.223007,-4.357796,0.474022,,,,,,,,,,,,2.14732,1.31732,-2.08747,50,5.51617,6.94226,-116.04948,-2.47793,2.95151,20.10875,-30.3634,NEV_WOL,SAN_DON,DonWeirField,D1,MW,20260324-DonWeirField-2,436e8180-27dc-11f1-a2d7-53166a682b59,79.5162,,,5.66352,,,,,,,19204ca8-c802-4f83-bcdd-d568f66a75e9,2026-03-24,23:50:39.70,2026-03-24T16:50:39.7060000-07:00,2026-03-24T23:50:39.7060000Z,,v3,471377,471434,63251d0db23648cabd526fef61ffaec8,"Snakenborg, Nate",833445,Right,NEV_WOL,04e4ed23-a8e4-40c6-b740-305bab1d5ca5,54.54546,-116.83445,10.05437,5.58977,-1.29266,-15.1817,-2.35622,6.82704,1.47575,,,,,,,,,,,,,,,,,,,,,,,,,,,,,49.19882,2.576516,1.069875,1.506641,1.9684,1.64976,1.16803,-4.32631,4.77705,5.36344,71.05086,9.29824,-53.75856,-4.31699,51.83856,-1.20492,4.84837,27.06961,-16.00632,5.337,-41.56745,1.55632,High,High,High,,,High,High,High,,,,,,,,,,,,,,,,,,,,,,,,,,,,,,,
186,2026-03-24,16:51:43.77,3,1,"Oakes, Ryan",1000299833,Right,NEV_WOL,"Nagy, Zachary",10304661,Right,SAN_DON,Undefined,6,Top,2,0,0,Slider,Slider,StrikeCalled,Undefined,Undefined,Undefined,0,0,,79.24172,0.169851,-2.208822,2235.653736,82.158862,8:45,5.66223,2.41032,5.94266,-44.23617,0.54721,-6.853,2.13356,-0.21069,72.35548,-7.986857,-3.439714,0.481648,,,,,,,,,,,,2.8437,0.66784,-2.23041,50,5.65101,4.69086,-114.99861,-1.04765,3.77123,23.25286,-31.2884,NEV_WOL,SAN_DON,DonWeirField,D1,MW,20260324-DonWeirField-2,69a42710-27dc-11f1-a2d7-53166a682b59,78.25723,,,6.88624,,,,,,,19204ca8-c802-4f83-bcdd-d568f66a75e9,2026-03-24,23:51:43.77,2026-03-24T16:51:43.7749760-07:00,2026-03-24T23:51:43.7749760Z,,v3,471377,471434,63251d0db23648cabd526fef61ffaec8,"Snakenborg, Nate",833445,Right,NEV_WOL,a9cb60cf-e071-4335-9b05-7be095ff5f71,54.55665,-115.9163,11.62643,5.66799,0.18718,-15.6442,-2.4126,4.54202,1.88561,,,,,,,,,,,,,,,,,,,,,,,,,,,,,,,,,,,,,,,,,,,,,,,,,,,High,High,High,,,,,,,,,,,,,,,,,,,,,,,,,,,,,,,,,,,,
187,2026-03-24,16:52:01.92,3,2,"Oakes, Ryan",1000299833,Right,NEV_WOL,"Nagy, Zachary",10304661,Right,SAN_DON,Undefined,6,Top,2,0,1,Fastball,Four-Seam,StrikeCalled,Undefined,Undefined,Undefined,0,0,,89.71461,-1.956274,-3.272555,2059.856802,213.434645,1:00,5.71616,2.19374,6.66283,-20.80052,12.20229,7.52552,2.1891,-0.1769,84.03754,-5.858768,-1.904667,0.413473,,,,,,,,,,,,-4.6715,7.12744,-1.97677,50,5.5759,7.18934,-130.51801,-5.05709,-8.25826,21.0724,-19.57422,NEV_WOL,SAN_DON,DonWeirField,D1,MW,20260324-DonWeirField-2,746e2560-27dc-11f1-a2d7-53166a682b59,91.16067,,,5.67706,,,,,,,19204ca8-c802-4f83-bcdd-d568f66a75e9,2026-03-24,23:52:01.92,2026-03-24T16:52:01.9264512-07:00,2026-03-24T23:52:01.9264512Z,,v3,471377,471434,63251d0db23648cabd526fef61ffaec8,"Snakenborg, Nate",833445,Right,NEV_WOL,09e6fdc9-9f8d-476a-80d8-52d47203573b,53.83946,-131.13643,10.5362,5.71588,-4.48263,-9.78711,-2.19132,7.4317,-4.12913,,,,,,,,,,,,,,,,,,,,,,,,,,,,,,,,,,,,,,,,,,,,,,,,,,,High,High,High,,,,,,,,,,,,,,,,,,,,,,,,,,,,,,,,,,,,
188,2026-03-24,16:52:19.37,3,3,"Oakes, Ryan",1000299833,Right,NEV_WOL,"Nagy, Zachary",10304661,Right,SAN_DON,Undefined,6,Top,2,0,2,Slider,Slider,InPlay,Undefined,GroundBall,Single,0,0,,80.82278,-0.149681,-3.155876,2198.988696,105.802304,9:30,5.53945,2.40281,6.09461,-39.16254,2.8154,-5.97807,2.13725,-1.01737,75.25939,-7.349725,-4.230604,0.466318,75.21583,-58.909935,2.226969,,,,,3.06851,2.16347,20.155175,0.022746,2.34504,1.81287,-2.1563,50,5.50694,6.691,-117.47778,-1.51426,3.31772,19.67525,-29.60922,NEV_WOL,SAN_DON,DonWeirField,D1,MW,20260324-DonWeirField-2,7ed89e90-27dc-11f1-a2d7-53166a682b59,80.82996,2.15475,,5.56339,,,,1.58227,2.15475,1.00681,19204ca8-c802-4f83-bcdd-d568f66a75e9,2026-03-24,23:52:19.37,2026-03-24T16:52:19.3786368-07:00,2026-03-24T23:52:19.3786368Z,GroundBall,v3,471377,471434,63251d0db23648cabd526fef61ffaec8,"Snakenborg, Nate",833445,Right,NEV_WOL,12f3da90-6464-48be-ad99-8bc02e8465a9,54.40755,-118.21365,9.83762,5.54286,-0.40684,-14.80461,-2.40423,6.56691,1.65886,,1.58169,57.0797,,,,,,,,2.15571,-94.73075,,,,,,,,1.00679,2.21969,,,,,,,,,,,,,,,,,,,,,,,,,,,,,,High,High,High,Estimated,Estimated,,,,,,,,,,,,,,,,,,,,,,,,,,,,,,,,,,
189,2026-03-24,16:53:06.13,4,1,"Oakes, Ryan",1000299833,Right,NEV_WOL,"Rogers, TJ",1000114247,Right,SAN_DON,Undefined,6,Top,2,0,0,Fastball,Four-Seam,StrikeCalled,Undefined,Undefined,Undefined,0,0,,88.26221,-0.986222,-3.460873,2017.409196,200.926954,12:45,5.8238,2.19098,6.7945,-20.93466,13.10363,4.68173,3.17735,-0.5816,82.31347,-4.939937,-2.608523,0.419909,,,,,,,,,,,,-3.24221,7.45674,-1.96798,50,5.75151,7.59787,-128.3972,-2.77457,-5.52523,21.38909,-19.46657,NEV_WOL,SAN_DON,DonWeirField,D1,MW,20260324-DonWeirField-2,9aafd8e0-27dc-11f1-a2d7-53166a682b59,89.76336,,,5.94874,,,,,,,19204ca8-c802-4f83-bcdd-d568f66a75e9,2026-03-24,23:53:06.13,2026-03-24T16:53:06.1349376-07:00,2026-03-24T23:53:06.1349376Z,,v3,471377,471434,63251d0db23648cabd526fef61ffaec8,"Snakenborg, Nate",833445,Right,NEV_WOL,ac4ffbf0-deb0-4e9f-b1aa-2e12854eacbd,53.7066,-129.01318,10.69455,5.82334,-2.21395,-9.73329,-2.18909,7.75699,-2.76262,,,,,,,,,,,,,,,,,,,,,,,,,,,,,,,,,,,,,,,,,,,,,,,,,,,High,High,High,,,,,,,,,,,,,,,,,,,,,,,,,,,,,,,,,,,,
190,2026-03-24,16:53:25.00,4,2,"Oakes, Ryan",1000299833,Right,NEV_WOL,"Rogers, TJ",1000114247,Right,SAN_DON,Undefined,6,Top,2,0,1,Fastball,Four-Seam,FoulBallNotFieldable,Undefined,Undefined,Undefined,0,0,,89.04991,-1.534274,-2.51439,1995.083882,211.543512,1:00,5.8022,2.15555,6.75175,-20.75198,12.76178,7.29898,2.66964,0.46547,82.93834,-5.452369,-1.184057,0.416661,73.32158,20.303466,159.849108,3307.654962,-107.32478,17.00732,24.11197,162.2287,46.55463,170.463971,1.977363,-4.46252,7.40012,-1.9933,50,5.69319,5.43308,-129.62184,-4.04303,-7.7308,22.46316,-19.35424,NEV_WOL,SAN_DON,DonWeirField,D1,MW,20260324-DonWeirField-2,a5ece450-27dc-11f1-a2d7-53166a682b59,90.46305,19.04484,,6.11157,,,,1.08136,2.63199,-0.52774,19204ca8-c802-4f83-bcdd-d568f66a75e9,2026-03-24,23:53:25.00,2026-03-24T16:53:25.0073600-07:00,2026-03-24T23:53:25.0073600Z,LineDrive,v3,471377,471434,63251d0db23648cabd526fef61ffaec8,"Snakenborg, Nate",833445,Right,NEV_WOL,d040499a-a407-455c-b936-c294910ebd0f,53.75038,-130.27015,11.23158,5.80182,-3.48445,-9.67712,-2.15332,5.6562,-3.8654,,1.08805,-94.77261,6.73139,,,,,,,3.13284,33.83654,-18.02364,,,,,,,0.1671,29.79691,-8.38005,,,,,,,,,,,,,,,,,,,,,,,,,,,,,High,High,High,High,Medium,,,,,,,,,,,,,,,,,,,,,,,,,,,,,,,,,,
191,2026-03-24,16:53:48.60,4,3,"Oakes, Ryan",1000299833,Right,NEV_WOL,"Rogers, TJ",1000114247,Right,SAN_DON,Undefined,6,Top,2,0,2,Fastball,Four-Seam,BallCalled,Undefined,Undefined,Undefined,0,0,,89.059,-1.084013,-3.792788,2028.195165,209.45397,1:00,5.81116,1.94707,6.95741,-20.36824,13.36005,6.97394,3.12519,-0.92786,81.85728,-4.974926,-2.519757,0.417993,,,,,,,,,,,,-4.70197,7.72355,-1.71361,50,5.7365,8.32289,-129.36614,-2.96813,-8.00889,25.69723,-19.01846,NEV_WOL,SAN_DON,DonWeirField,D1,MW,20260324-DonWeirField-2,b3fc70b0-27dc-11f1-a2d7-53166a682b59,90.17491,,,7.20173,,,,,,,19204ca8-c802-4f83-bcdd-d568f66a75e9,2026-03-24,23:53:48.60,2026-03-24T16:53:48.6050304-07:00,2026-03-24T23:53:48.6050304Z,,v3,471377,471434,63251d0db23648cabd526fef61ffaec8,"Snakenborg, Nate",833445,Right,NEV_WOL,6aeb5048-db9a-4214-a20c-79a32a5089e4,53.54175,-130.06777,12.84861,5.81045,-2.44886,-9.50923,-1.94384,8.54157,-4.00445,,,,,,,,,,,,,,,,,,,,,,,,,,,,,,,,,,,,,,,,,,,,,,,,,,,High,High,High,,,,,,,,,,,,,,,,,,,,,,,,,,,,,,,,,,,,
192,2026-03-24,16:54:10.42,4,4,"Oakes, Ryan",1000299833,Right,NEV_WOL,"Rogers, TJ",1000114247,Right,SAN_DON,Undefined,6,Top,2,1,2,Slider,Slider,StrikeSwinging,Strikeout,Undefined,Undefined,0,0,,80.76885,-0.241891,-2.95847,2156.597431,151.496213,11:00,5.71049,2.291,6.07693,-36.18278,7.21107,-3.04528,2.47115,-0.70257,72.82428,-6.998954,-3.505961,0.474117,,,,,,,,,,,,0.56303,4.29229,-2.06052,50,5.67303,6.16381,-116.99259,-1.5897,0.76491,26.14222,-26.34268,NEV_WOL,SAN_DON,DonWeirField,D1,MW,20260324-DonWeirField-2,c1075e50-27dc-11f1-a2d7-53166a682b59,79.50029,,,7.94457,,,,,,,19204ca8-c802-4f83-bcdd-d568f66a75e9,2026-03-24,23:54:10.42,2026-03-24T16:54:10.4220000-07:00,2026-03-24T23:54:10.4220000Z,,v3,471377,471434,63251d0db23648cabd526fef61ffaec8,"Snakenborg, Nate",833445,Right,NEV_WOL,58f35012-d37d-4a9a-9189-42e584306ded,54.41825,-117.97572,13.07111,5.71419,-0.59903,-13.17134,-2.29178,6.13504,0.38245,,,,,,,,,,,,,,,,,,,,,,,,,,,,,49.58629,2.734189,1.161728,1.572461,-0.33492,2.25181,0.81016,-3.39016,5.18521,4.66927,75.95564,11.2026,-48.8596,-3.33994,54.11547,-2.349,5.31078,28.63141,-15.83444,4.6083,-37.39068,2.15913,High,High,High,,,High,High,High,,,,,,,,,,,,,,,,,,,,,,,,,,,,,,,
193,2026-03-24,16:57:06.61,1,1,"Rossi, Gino",1000367359,Right,SAN_DON,"Cruz Jr., Mikey",1000138361,Right,NEV_WOL,Undefined,6,Bottom,0,0,0,Fastball,Sinker,StrikeCalled,Undefined,Undefined,Undefined,0,0,,90.89257,-1.108202,-5.002429,2201.159101,244.850968,2:15,5.69256,2.38583,6.69532,-23.44568,8.94028,17.21666,2.72133,-0.76568,84.4887,-5.509004,-1.879892,0.40959,,,,,,,,,,,,-10.20965,5.25225,-2.05825,50,5.60905,10.90327,-131.96858,-3.2547,-18.34703,23.08228,-22.73562,NEV_WOL,SAN_DON,DonWeirField,D1,MW,20260324-DonWeirField-2,2a0a2680-27dd-11f1-a2d7-53166a682b59,92.02472,,,6.40386,,,,,,,19204ca8-c802-4f83-bcdd-d568f66a75e9,2026-03-24,23:57:06.61,2026-03-24T16:57:06.6106880-07:00,2026-03-24T23:57:06.6106880Z,,v3,471377,471434,63251d0db23648cabd526fef61ffaec8,"Burke, Brendan",832137,Right,SAN_DON,89e22de4-1fe9-409a-b2ce-02d1ee098387,53.80724,-132.63283,11.54114,5.69329,-2.60044,-11.36781,-2.37962,11.43125,-9.17352,,,,,,,,,,,,,,,,,,,,,,,,,,,,,,,,,,,,,,,,,,,,,,,,,,,High,High,High,,,,,,,,,,,,,,,,,,,,,,,,,,,,,,,,,,,,
194,2026-03-24,16:57:24.83,1,2,"Rossi, Gino",1000367359,Right,SAN_DON,"Cruz Jr., Mikey",1000138361,Right,NEV_WOL,Undefined,6,Bottom,0,0,1,Slider,Slider,BallCalled,Undefined,Undefined,Undefined,0,0,,81.81059,-1.194396,-3.80619,2214.065744,198.644135,12:30,5.8207,2.33973,5.8948,-39.85644,2.34,0.31315,1.38779,-1.17321,74.78053,-8.523237,-3.750101,0.46753,,,,,,,,,,,,-1.31646,1.96028,-2.03305,50,5.70144,7.87322,-118.52374,-3.76343,-1.85638,24.48939,-29.40977,NEV_WOL,SAN_DON,DonWeirField,D1,MW,20260324-DonWeirField-2,34ea1dd0-27dd-11f1-a2d7-53166a682b59,80.62037,,,7.03005,,,,,,,19204ca8-c802-4f83-bcdd-d568f66a75e9,2026-03-24,23:57:24.83,2026-03-24T16:57:24.8334336-07:00,2026-03-24T23:57:24.8334336Z,,v3,471377,471434,63251d0db23648cabd526fef61ffaec8,"Burke, Brendan",832137,Right,SAN_DON,69d85a2b-03b3-4f91-9f38-a387d32a1677,54.60457,-119.47135,12.2447,5.82505,-2.62543,-14.70489,-2.33909,7.94505,-0.92819,,,,,,,,,,,,,,,,,,,,,,,,,,,,,,,,,,,,,,,,,,,,,,,,,,,High,High,High,,,,,,,,,,,,,,,,,,,,,,,,,,,,,,,,,,,,
195,2026-03-24,16:57:39.85,1,3,"Rossi, Gino",1000367359,Right,SAN_DON,"Cruz Jr., Mikey",1000138361,Right,NEV_WOL,Undefined,6,Bottom,0,1,1,Slider,Curveball,BallCalled,Undefined,Undefined,Undefined,0,0,,79.03357,0.742935,-1.133362,2150.069301,56.994949,8:00,5.78695,2.48033,5.97644,-46.55904,-1.69209,-4.88736,2.59592,1.02227,72.16483,-7.847415,-2.012848,0.482097,,,,,,,,,,,,2.16417,-0.6387,-2.38802,50,5.82012,2.45281,-114.77352,0.02034,2.86226,22.92793,-33.01876,NEV_WOL,SAN_DON,DonWeirField,D1,MW,20260324-DonWeirField-2,3de4b350-27dd-11f1-a2d7-53166a682b59,78.1843,,,6.86874,,,,,,,19204ca8-c802-4f83-bcdd-d568f66a75e9,2026-03-24,23:57:39.85,2026-03-24T16:57:39.8542336-07:00,2026-03-24T23:57:39.8542336Z,,v3,471377,471434,63251d0db23648cabd526fef61ffaec8,"Burke, Brendan",832137,Right,SAN_DON,b6686b99-7e29-4a0a-9649-029936044004,54.52305,-115.67355,11.46397,5.79388,1.31648,-16.50938,-2.4821,2.34046,1.43113,,,,,,,,,,,,,,,,,,,,,,,,,,,,,,,,,,,,,,,,,,,,,,,,,,,High,High,High,,,,,,,,,,,,,,,,,,,,,,,,,,,,,,,,,,,,
196,2026-03-24,16:57:55.24,1,4,"Rossi, Gino",1000367359,Right,SAN_DON,"Cruz Jr., Mikey",1000138361,Right,NEV_WOL,Undefined,6,Bottom,0,2,1,Fastball,Sinker,BallCalled,Undefined,Undefined,Undefined,0,0,,89.55281,-0.586946,-4.971962,2144.839652,250.16905,2:15,5.69407,2.2297,6.78464,-25.76899,7.91717,19.08741,3.00878,-0.73007,82.12708,-5.4526,-1.5034,0.417732,,,,,,,,,,,,-11.3515,4.68118,-1.91164,50,5.64613,10.57394,-129.90132,-2.07923,-19.48116,26.0971,-24.14029,NEV_WOL,SAN_DON,DonWeirField,D1,MW,20260324-DonWeirField-2,4706a6f0-27dd-11f1-a2d7-53166a682b59,90.23124,,,7.42573,,,,,,,19204ca8-c802-4f83-bcdd-d568f66a75e9,2026-03-24,23:57:55.24,2026-03-24T16:57:55.2444928-07:00,2026-03-24T23:57:55.2444928Z,,v3,471377,471434,63251d0db23648cabd526fef61ffaec8,"Burke, Brendan",832137,Right,SAN_DON,0298dfd1-741d-40a3-95b3-ae23bc72ef53,53.71594,-130.64572,13.04855,5.69561,-1.39065,-12.07014,-2.22117,11.12962,-9.74058,,,,,,,,,,,,,,,,,,,,,,,,,,,,,,,,,,,,,,,,,,,,,,,,,,,High,High,High,,,,,,,,,,,,,,,,,,,,,,,,,,,,,,,,,,,,
197,2026-03-24,16:58:16.19,1,5,"Rossi, Gino",1000367359,Right,SAN_DON,"Cruz Jr., Mikey",1000138361,Right,NEV_WOL,Undefined,6,Bottom,0,3,1,Fastball,Sinker,FoulBallNotFieldable,Undefined,Undefined,Undefined,0,0,,90.6311,-0.941425,-2.851468,2192.61655,246.681694,2:15,5.62836,2.37252,6.66324,-23.54867,9.34217,19.37214,2.8034,1.37553,83.26186,-5.389537,0.674398,0.412771,76.89645,2.637944,-44.961429,2302.696817,,,,59.02784,57.34742,-45.922993,0.528827,-11.06158,5.47803,-2.18855,50,5.55547,5.84241,-131.79251,-2.85601,-19.52196,27.11066,-22.50617,NEV_WOL,SAN_DON,DonWeirField,D1,MW,20260324-DonWeirField-2,537eca70-27dd-11f1-a2d7-53166a682b59,91.31568,3.06565,,7.36923,,,,1.5164,2.73183,-1.32204,19204ca8-c802-4f83-bcdd-d568f66a75e9,2026-03-24,23:58:16.19,2026-03-24T16:58:16.1927680-07:00,2026-03-24T23:58:16.1927680Z,GroundBall,v3,471377,471434,63251d0db23648cabd526fef61ffaec8,"Burke, Brendan",832137,Right,SAN_DON,4d646371-46c0-4242-984d-8c3371edf4ff,53.8391,-132.57989,13.55533,5.62892,-2.20236,-11.25309,-2.36646,6.40938,-9.76098,,1.52157,79.58614,-9.12756,,,,,,,2.74129,4.95227,-19.19948,,,,,,,-1.321,-79.63639,3.67582,,,,,,,,,,,,,,,,,,,,,,,,,,,,,High,High,High,High,High,,,,,,,,,,,,,,,,,,,,,,,,,,,,,,,,,,
198,2026-03-24,16:58:36.21,1,6,"Rossi, Gino",1000367359,Right,SAN_DON,"Cruz Jr., Mikey",1000138361,Right,NEV_WOL,Undefined,6,Bottom,0,3,2,Fastball,Sinker,BallCalled,Walk,Undefined,Undefined,0,0,,90.34855,-0.325137,-6.065972,2189.498491,255.791712,2:30,5.67829,2.35963,6.64501,-27.3408,6.10717,19.95659,3.1006,-1.55064,82.61348,-5.462225,-2.4599,0.416252,,,,,,,,,,,,-12.07564,3.64299,-1.95605,50,5.64531,13.11412,-130.78176,-1.57983,-20.96991,26.89529,-25.84782,NEV_WOL,SAN_DON,DonWeirField,D1,MW,20260324-DonWeirField-2,5f786f20-27dd-11f1-a2d7-53166a682b59,90.55196,,,7.73507,,,,,,,19204ca8-c802-4f83-bcdd-d568f66a75e9,2026-03-24,23:58:36.21,2026-03-24T16:58:36.2162176-07:00,2026-03-24T23:58:36.2162176Z,,v3,471377,471434,63251d0db23648cabd526fef61ffaec8,"Burke, Brendan",832137,Right,SAN_DON,011766a6-89bd-423d-a7d2-d9e29b3194b4,53.85574,-131.5723,13.44765,5.68058,-0.82008,-12.92391,-2.35058,13.73049,-10.48495,,,,,,,,,,,,,,,,,,,,,,,,,,,,,,,,,,,,,,,,,,,,,,,,,,,High,High,High,,,,,,,,,,,,,,,,,,,,,,,,,,,,,,,,,,,,
199,2026-03-24,16:59:12.83,2,1,"Rossi, Gino",1000367359,Right,SAN_DON,"Waller, Jackson",702970,Right,NEV_WOL,Undefined,6,Bottom,0,0,0,Slider,Slider,BallCalled,Undefined,Undefined,Undefined,0,0,,83.19109,-1.626225,-3.877046,2055.965033,229.187641,1:45,5.72186,2.34053,6.09482,-37.15144,3.42248,2.36319,1.11787,-1.0541,75.90232,-8.492152,-3.452137,0.458453,,,,,,,,,,,,-2.42421,2.64984,-2.04275,50,5.57675,8.07827,-120.51618,-4.5999,-3.528,25.70991,-28.31767,NEV_WOL,SAN_DON,DonWeirField,D1,MW,20260324-DonWeirField-2,7543f680-27dd-11f1-a2d7-53166a682b59,82.21657,,,7.28877,,,,,,,19204ca8-c802-4f83-bcdd-d568f66a75e9,2026-03-24,23:59:12.83,2026-03-24T16:59:12.8329728-07:00,2026-03-24T23:59:12.8329728Z,,v3,471377,471434,63251d0db23648cabd526fef61ffaec8,"Burke, Brendan",832137,Right,SAN_DON,545dabb3-2dae-44a2-9227-a907920e65b8,54.40462,-121.45219,12.85496,5.72545,-3.56895,-14.15884,-2.33919,8.20672,-1.764,,,,,,,,,,,,,,,,,,,,,,,,,,,,,,,,,,,,,,,,,,,,,,,,,,,High,High,High,,,,,,,,,,,,,,,,,,,,,,,,,,,,,,,,,,,,
200,2026-03-24,16:59:30.86,2,2,"Rossi, Gino",1000367359,Right,SAN_DON,"Waller, Jackson",702970,Right,NEV_WOL,Undefined,6,Bottom,0,1,0,Fastball,Sinker,StrikeCalled,Undefined,Undefined,Undefined,0,0,,90.65727,-1.736975,-5.076414,2253.941776,257.643949,2:30,5.5967,2.65084,6.6009,-28.29222,4.90902,17.67973,1.64098,-0.53865,83.20028,-7.029303,-1.873616,0.414714,,,,,,,,,,,,-10.72713,3.35847,-2.31078,50,5.46599,10.99988,-131.39953,-4.8755,-18.79167,27.32874,-26.29073,NEV_WOL,SAN_DON,DonWeirField,D1,MW,20260324-DonWeirField-2,80012390-27dd-11f1-a2d7-53166a682b59,90.88784,,,7.45699,,,,,,,19204ca8-c802-4f83-bcdd-d568f66a75e9,2026-03-24,23:59:30.86,2026-03-24T16:59:30.8610048-07:00,2026-03-24T23:59:30.8610048Z,,v3,471377,471434,63251d0db23648cabd526fef61ffaec8,"Burke, Brendan",832137,Right,SAN_DON,2e8fd792-8b07-4afa-8f80-ecf78a3de8db,53.90101,-132.20838,13.66437,5.59877,-4.09737,-13.14536,-2.64458,11.55606,-9.39583,,,,,,,,,,,,,,,,,,,,,,,,,,,,,,,,,,,,,,,,,,,,,,,,,,,High,High,High,,,,,,,,,,,,,,,,,,,,,,,,,,,,,,,,,,,,
201,2026-03-24,16:59:49.42,2,3,"Rossi, Gino",1000367359,Right,SAN_DON,"Waller, Jackson",702970,Right,NEV_WOL,Undefined,6,Bottom,0,1,1,Fastball,Sinker,BallCalled,Undefined,Undefined,Undefined,0,0,,90.02615,-0.357403,-3.080294,2182.411683,253.564728,2:30,5.63826,2.5885,6.58111,-26.78781,6.37225,18.52288,3.07792,1.30637,83.39001,-5.372229,0.284831,0.414456,,,,,,,,,,,,-10.48256,3.72843,-2.38437,50,5.60241,6.34283,-130.97518,-1.64099,-18.45029,24.22814,-25.6117,NEV_WOL,SAN_DON,DonWeirField,D1,MW,20260324-DonWeirField-2,8b11a0c0-27dd-11f1-a2d7-53166a682b59,90.94428,,,6.63614,,,,,,,19204ca8-c802-4f83-bcdd-d568f66a75e9,2026-03-24,23:59:49.42,2026-03-24T16:59:49.4267904-07:00,2026-03-24T23:59:49.4267904Z,,v3,471377,471434,63251d0db23648cabd526fef61ffaec8,"Burke, Brendan",832137,Right,SAN_DON,9067ad44-8683-409a-89ea-bb99dccb3f08,53.92138,-131.69857,12.11407,5.63999,-0.87629,-12.80585,-2.58197,6.89371,-9.22514,,,,,,,,,,,,,,,,,,,,,,,,,,,,,,,,,,,,,,,,,,,,,,,,,,,High,High,High,,,,,,,,,,,,,,,,,,,,,,,,,,,,,,,,,,,,
202,2026-03-24,17:00:11.74,2,4,"Rossi, Gino",1000367359,Right,SAN_DON,"Waller, Jackson",702970,Right,NEV_WOL,Undefined,6,Bottom,0,2,1,Fastball,Sinker,BallCalled,Undefined,Undefined,Undefined,0,0,,89.36694,-2.190052,-5.902976,2179.969292,262.262395,2:45,5.6576,2.50127,6.71982,-30.35435,3.73201,19.63477,1.11462,-1.27724,82.13824,-7.860996,-2.343498,0.420205,,,,,,,,,,,,-12.05875,2.85984,-2.117,50,5.50007,12.6626,-129.36832,-5.88275,-20.48996,26.32195,-27.31468,NEV_WOL,SAN_DON,DonWeirField,D1,MW,20260324-DonWeirField-2,985a5ab0-27dd-11f1-a2d7-53166a682b59,89.70006,,,7.2287,,,,,,,19204ca8-c802-4f83-bcdd-d568f66a75e9,2026-03-25,00:00:11.74,2026-03-24T17:00:11.7480960-07:00,2026-03-25T00:00:11.7480960Z,,v3,471377,471434,63251d0db23648cabd526fef61ffaec8,"Burke, Brendan",832137,Right,SAN_DON,9f56005f-f6cc-4fb9-a5b4-4fe6f96891b8,53.783,-130.13576,13.16097,5.65997,-5.08637,-13.65734,-2.49489,13.25999,-10.24498,,,,,,,,,,,,,,,,,,,,,,,,,,,,,,,,,,,,,,,,,,,,,,,,,,,High,High,High,,,,,,,,,,,,,,,,,,,,,,,,,,,,,,,,,,,,
203,2026-03-24,17:00:31.48,2,5,"Rossi, Gino",1000367359,Right,SAN_DON,"Waller, Jackson",702970,Right,NEV_WOL,Undefined,6,Bottom,0,3,1,Fastball,Sinker,InPlay,Undefined,GroundBall,FieldersChoice,1,0,,90.01876,-0.970117,-3.279765,2180.566972,242.758525,2:00,5.77692,2.5843,6.39794,-25.64848,7.84682,13.40946,2.74582,0.68219,83.25779,-5.761928,-0.85333,0.416546,98.89292,-16.679756,-44.987506,,,,,11.99716,11.34638,-40.079575,0.06993,-7.86508,4.62264,-2.35494,50,5.69524,6.98509,-130.85546,-3.02184,-13.78759,24.76056,-24.07046,NEV_WOL,SAN_DON,DonWeirField,D1,MW,20260324-DonWeirField-2,a423eeb0-27dd-11f1-a2d7-53166a682b59,90.48803,2.91697,,6.76097,,,,2.29428,2.91697,-0.84203,19204ca8-c802-4f83-bcdd-d568f66a75e9,2026-03-25,00:00:31.48,2026-03-24T17:00:31.4866688-07:00,2026-03-25T00:00:31.4866688Z,GroundBall,v3,471377,471434,63251d0db23648cabd526fef61ffaec8,"Burke, Brendan",832137,Right,SAN_DON,5108325d-1352-4221-8c99-3e570d82a34e,54.10431,-131.62979,12.38028,5.77797,-2.26909,-12.03523,-2.58012,7.41626,-6.89379,180,2.2921,98.46074,,,,,,,,2.91789,-41.71264,,,,,,,,-0.83985,-98.4178,,,,,,,,,,,,,,,,,,,,,,,,,,,,,,High,High,High,Medium,Medium,,,,,,,,,,,,,,,,,,,,,,,,,,,,,,,,,,
204,2026-03-24,17:01:07.63,3,1,"Rossi, Gino",1000367359,Right,SAN_DON,"Snakenborg, Nate",833445,Right,NEV_WOL,Undefined,6,Bottom,1,0,0,Fastball,Sinker,BallCalled,Undefined,Undefined,Undefined,0,0,,89.95817,-1.084478,-7.318418,2202.63416,253.419425,2:30,5.62453,2.46302,6.70154,-26.89226,6.99587,19.80899,2.38365,-2.61455,82.14559,-6.140645,-3.750072,0.418982,,,,,,,,,,,,-12.43961,4.32709,-1.98108,50,5.54135,15.92185,-129.86533,-3.27441,-21.26878,26.89632,-24.77574,NEV_WOL,SAN_DON,DonWeirField,D1,MW,20260324-DonWeirField-2,b9b15ba0-27dd-11f1-a2d7-53166a682b59,89.96201,,,7.81258,,,,,,,19204ca8-c802-4f83-bcdd-d568f66a75e9,2026-03-25,00:01:07.63,2026-03-24T17:01:07.6332544-07:00,2026-03-25T00:01:07.6332544Z,,v3,471377,471434,63251d0db23648cabd526fef61ffaec8,"Burke, Brendan",832137,Right,SAN_DON,c5b7107c-8fd9-45d5-bf6d-1a75119e0d4a,53.79952,-130.64987,13.44816,5.62632,-2.55172,-12.38787,-2.45456,16.54225,-10.63439,,,,,,,,,,,,,,,,,,,,,,,,,,,,,,,,,,,,,,,,,,,,,,,,,,,High,High,High,,,,,,,,,,,,,,,,,,,,,,,,,,,,,,,,,,,,
205,2026-03-24,17:01:51.11,3,2,"Rossi, Gino",1000367359,Right,SAN_DON,"Snakenborg, Nate",833445,Right,NEV_WOL,Undefined,6,Bottom,1,1,0,Fastball,Sinker,FoulBallNotFieldable,Undefined,Undefined,Undefined,0,0,,89.69309,-0.350737,-3.676989,2224.920979,246.708777,2:15,5.77524,2.47965,6.16637,-24.65785,9.99591,20.49403,3.39577,0.78637,81.38677,-4.992646,0.013165,0.423689,102.75328,-16.519401,-55.250831,,,,,14.43048,14.43048,-48.609674,0.086995,-11.76674,5.61213,-2.21126,50,5.73601,7.5304,-130.09732,-1.57736,-20.01388,29.22359,-22.62847,NEV_WOL,SAN_DON,DonWeirField,D1,MW,20260324-DonWeirField-2,d3985eb0-27dd-11f1-a2d7-53166a682b59,88.96262,3.73654,,8.30632,,,,2.36017,3.73654,-0.47431,19204ca8-c802-4f83-bcdd-d568f66a75e9,2026-03-25,00:01:51.11,2026-03-24T17:01:51.1131648-07:00,2026-03-25T00:01:51.1131648Z,GroundBall,v3,471377,471434,63251d0db23648cabd526fef61ffaec8,"Burke, Brendan",832137,Right,SAN_DON,baefb97e-9f4f-492f-a61f-1902462e1f5d,54.33443,-131.06734,14.6118,5.77591,-0.82626,-11.31424,-2.47224,8.19472,-10.00694,,2.35749,82.54529,,,,,,,,3.73793,-42.95103,,,,,,,,-0.47045,-118.99223,,,,,,,,,,,,,,,,,,,,,,,,,,,,,,High,High,High,Low,Low,,,,,,,,,,,,,,,,,,,,,,,,,,,,,,,,,,
206,2026-03-24,17:02:33.97,3,3,"Rossi, Gino",1000367359,Right,SAN_DON,"Snakenborg, Nate",833445,Right,NEV_WOL,Undefined,6,Bottom,1,1,1,Slider,Slider,FoulBallNotFieldable,Undefined,Undefined,Undefined,0,0,,81.05411,-0.004361,-1.85794,2217.695459,225.694255,1:30,5.78263,2.51362,5.90041,-38.77671,4.31823,2.8537,2.54719,1.02602,73.39615,-7.199376,-1.345479,0.472481,,,,,,,,,,,,-2.07705,2.60917,-2.36588,50,5.76005,3.70614,-117.57705,-1.23016,-2.86159,25.58096,-28.57929,NEV_WOL,SAN_DON,DonWeirField,D1,MW,20260324-DonWeirField-2,ed2bc380-27dd-11f1-a2d7-53166a682b59,79.77554,,,7.65796,,,,,,,19204ca8-c802-4f83-bcdd-d568f66a75e9,2026-03-25,00:02:33.97,2026-03-24T17:02:33.9778048-07:00,2026-03-25T00:02:33.9778048Z,,v3,471377,471434,63251d0db23648cabd526fef61ffaec8,"Burke, Brendan",832137,Right,SAN_DON,11be6fbe-c813-4cb0-bc63-b2c0e9025a17,54.59868,-118.57336,12.79048,5.78628,-0.11708,-14.28965,-2.51239,3.81759,-1.4308,,,,,,,,,,,,,,,,,,,,,,,,,,,,,,,,,,,,,,,,,,,,,,,,,,,High,High,High,,,,,,,,,,,,,,,,,,,,,,,,,,,,,,,,,,,,
207,2026-03-24,17:03:04.68,3,4,"Rossi, Gino",1000367359,Right,SAN_DON,"Snakenborg, Nate",833445,Right,NEV_WOL,Undefined,6,Bottom,1,1,2,Fastball,Sinker,BallCalled,Undefined,Undefined,Undefined,0,0,,89.46841,-0.394487,-6.491255,2178.251732,235.392618,1:45,5.75248,2.62889,6.41687,-23.19072,11.04741,14.55509,3.45491,-2.15145,82.33211,-4.74746,-3.879335,0.42114,,,,,,,,,,,,-9.1854,6.17989,-2.16957,50,5.71342,14.15058,-129.41133,-1.59086,-15.74161,24.3329,-21.58319,NEV_WOL,SAN_DON,DonWeirField,D1,MW,20260324-DonWeirField-2,ff74dae0-27dd-11f1-a2d7-53166a682b59,89.50101,,,7.1363,,,,,,,19204ca8-c802-4f83-bcdd-d568f66a75e9,2026-03-25,00:03:04.68,2026-03-24T17:03:04.6819328-07:00,2026-03-25T00:03:04.6819328Z,,v3,471377,471434,63251d0db23648cabd526fef61ffaec8,"Burke, Brendan",832137,Right,SAN_DON,4863c50e-e27b-45af-b2e2-8a0dff7c1470,54.08369,-130.17691,12.16645,5.75279,-0.91179,-10.79159,-2.62258,14.64585,-7.8708,,,,,,,,,,,,,,,,,,,,,,,,,,,,,,,,,,,,,,,,,,,,,,,,,,,High,High,High,,,,,,,,,,,,,,,,,,,,,,,,,,,,,,,,,,,,
208,2026-03-24,17:03:25.79,3,5,"Rossi, Gino",1000367359,Right,SAN_DON,"Snakenborg, Nate",833445,Right,NEV_WOL,Undefined,6,Bottom,1,2,2,Fastball,Sinker,BallCalled,Undefined,Undefined,Undefined,0,0,,88.4229,-1.847128,-5.596442,2122.175622,243.965116,2:15,5.70885,2.43147,6.6302,-26.53186,9.00493,15.75217,1.79793,-1.39634,79.74566,-6.869726,-2.746846,0.429052,,,,,,,,,,,,-10.10056,5.72036,-2.05733,50,5.57248,11.92034,-127.81324,-4.90542,-16.44075,30.28152,-22.86297,NEV_WOL,SAN_DON,DonWeirField,D1,MW,20260324-DonWeirField-2,0c084e90-27de-11f1-a2d7-53166a682b59,87.85042,,,8.67723,,,,,,,19204ca8-c802-4f83-bcdd-d568f66a75e9,2026-03-25,00:03:25.79,2026-03-24T17:03:25.7902080-07:00,2026-03-25T00:03:25.7902080Z,,v3,471377,471434,63251d0db23648cabd526fef61ffaec8,"Burke, Brendan",832137,Right,SAN_DON,5f7ee16a-4b94-4022-9ae2-510919928a2c,53.8682,-128.72643,15.14076,5.71002,-4.21595,-11.43149,-2.42428,12.41614,-8.22037,,,,,,,,,,,,,,,,,,,,,,,,,,,,,,,,,,,,,,,,,,,,,,,,,,,High,High,High,,,,,,,,,,,,,,,,,,,,,,,,,,,,,,,,,,,,
209,2026-03-24,17:03:44.58,3,6,"Rossi, Gino",1000367359,Right,SAN_DON,"Snakenborg, Nate",833445,Right,NEV_WOL,Undefined,6,Bottom,1,3,2,Fastball,Sinker,InPlay,Undefined,FlyBall,Double,0,1,,89.53114,-0.854062,-4.058695,2222.614534,242.220367,2:00,5.68826,2.74598,6.48655,-23.78194,10.43654,17.70808,2.92028,0.48907,81.68221,-5.348626,-0.853223,0.421019,91.33126,27.406674,-12.548673,2653.449385,107.39124,50.21472,-23.81301,363.45409,357.61527,-13.131245,4.490536,-10.48123,6.03622,-2.46824,50,5.61761,8.53794,-129.91076,-2.64429,-17.86913,27.82166,-21.88308,NEV_WOL,SAN_DON,DonWeirField,D1,MW,20260324-DonWeirField-2,1735f0b0-27de-11f1-a2d7-53166a682b59,89.52671,66.19033,,7.84894,,,,1.72975,2.96931,-0.505,19204ca8-c802-4f83-bcdd-d568f66a75e9,2026-03-25,00:03:44.58,2026-03-24T17:03:44.5818880-07:00,2026-03-25T00:03:44.5818880Z,FlyBall,v3,471377,471434,63251d0db23648cabd526fef61ffaec8,"Burke, Brendan",832137,Right,SAN_DON,fe3866d0-893c-4d74-ad34-8ea641e4d193,54.0145,-130.76767,13.91083,5.68868,-1.97028,-10.94154,-2.73969,9.08831,-8.93457,182.862391,1.72973,116.07928,-17.40722,3.9251,-0.84418,0.1864,-0.0371,0.0049,-0.00028,2.97009,61.63723,-16.27929,0.54355,0.17523,-0.13419,0.04169,-0.00615,0.00035,-0.50517,-25.83299,4.32179,-1.17823,0.24311,-0.0373,0.00351,-0.0002,1E-05,,,,,,,,,,,,,,,,,,,,,,,High,High,High,High,Medium,,,,,,,,,,,,,,,,,,,,,,,,,,,,,,,,,,
210,2026-03-24,17:04:37.68,4,1,"Rossi, Gino",1000367359,Right,SAN_DON,"Metcho, Jack",824189,Right,NEV_WOL,Undefined,6,Bottom,1,0,0,Fastball,Changeup,StrikeSwinging,Undefined,Undefined,Undefined,0,0,,87.42492,-0.085753,-4.019885,1998.002148,255.993653,2:30,5.80396,2.38355,6.52202,-30.4838,5.0954,16.16036,3.18478,0.03596,80.37933,-5.787648,-1.092155,0.429308,,,,,,,,,,,,-9.50355,3.03583,-2.10979,50,5.78492,8.30688,-126.95145,-1.12275,-15.59441,24.65924,-27.19252,NEV_WOL,SAN_DON,DonWeirField,D1,MW,20260324-DonWeirField-2,36e0a130-27de-11f1-a2d7-53166a682b59,87.79805,,,7.04558,,,,,,,19204ca8-c802-4f83-bcdd-d568f66a75e9,2026-03-25,00:04:37.68,2026-03-24T17:04:37.6806400-07:00,2026-03-25T00:04:37.6806400Z,,v3,471377,471434,63251d0db23648cabd526fef61ffaec8,"Burke, Brendan",832137,Right,SAN_DON,9b00bec8-d137-4165-90c7-c328d69dbb4b,53.97895,-127.72199,12.32962,5.80673,-0.27305,-13.59626,-2.37697,8.79417,-7.79721,,,,,,,,,,,,,,,,,,,,,,,,,,,,,,,,,,,,,,,,,,,,,,,,,,,High,High,High,,,,,,,,,,,,,,,,,,,,,,,,,,,,,,,,,,,,
211,2026-03-24,17:05:05.87,4,2,"Rossi, Gino",1000367359,Right,SAN_DON,"Metcho, Jack",824189,Right,NEV_WOL,Undefined,6,Bottom,1,0,1,Fastball,Sinker,FoulBallNotFieldable,Undefined,Undefined,Undefined,0,0,,88.7139,-0.572431,-4.223346,2044.536877,253.598812,2:30,5.44829,2.66925,6.5401,-28.15013,6.15953,17.67403,2.57598,0.26149,82.1046,-5.832197,-1.021014,0.421579,,,,,,,,,,,,-10.40245,3.64662,-2.38386,50,5.39623,8.87212,-128.89865,-2.14575,-17.71636,23.71002,-25.96355,NEV_WOL,SAN_DON,DonWeirField,D1,MW,20260324-DonWeirField-2,47b36c40-27de-11f1-a2d7-53166a682b59,89.40767,,,6.6093,,,,,,,19204ca8-c802-4f83-bcdd-d568f66a75e9,2026-03-25,00:05:05.87,2026-03-24T17:05:05.8712576-07:00,2026-03-25T00:05:05.8712576Z,,v3,471377,471434,63251d0db23648cabd526fef61ffaec8,"Burke, Brendan",832137,Right,SAN_DON,7e561ca5-d2bb-439a-9705-a85aa9ed1361,53.96326,-129.62561,11.85501,5.44981,-1.34969,-12.98178,-2.66421,9.41531,-8.85818,,,,,,,,,,,,,,,,,,,,,,,,,,,,,,,,,,,,,,,,,,,,,,,,,,,High,High,High,,,,,,,,,,,,,,,,,,,,,,,,,,,,,,,,,,,,
212,2026-03-24,17:05:38.99,4,3,"Rossi, Gino",1000367359,Right,SAN_DON,"Metcho, Jack",824189,Right,NEV_WOL,Undefined,6,Bottom,1,0,2,Slider,Slider,BallCalled,Undefined,Undefined,Undefined,0,0,,82.76793,-1.588326,-3.805133,2088.75162,204.895936,12:45,5.74428,2.54183,5.97902,-35.77274,5.15988,1.77953,1.28725,-0.84232,75.89054,-8.185051,-3.485913,0.460475,,,,,,,,,,,,-2.02591,3.48961,-2.24166,50,5.59855,7.91064,-119.9543,-4.46896,-2.93934,24.12115,-27.11107,NEV_WOL,SAN_DON,DonWeirField,D1,MW,20260324-DonWeirField-2,5b712240-27de-11f1-a2d7-53166a682b59,81.85552,,,6.87739,,,,,,,19204ca8-c802-4f83-bcdd-d568f66a75e9,2026-03-25,00:05:38.99,2026-03-24T17:05:38.9963264-07:00,2026-03-25T00:05:38.9963264Z,,v3,471377,471434,63251d0db23648cabd526fef61ffaec8,"Burke, Brendan",832137,Right,SAN_DON,f94d0f89-032a-4bab-8eea-0ef12e64c62d,54.52081,-120.85995,12.06057,5.74723,-3.45105,-13.55554,-2.54074,8.02099,-1.46967,,,,,,,,,,,,,,,,,,,,,,,,,,,,,,,,,,,,,,,,,,,,,,,,,,,High,High,High,,,,,,,,,,,,,,,,,,,,,,,,,,,,,,,,,,,,
213,2026-03-24,17:05:57.91,4,4,"Rossi, Gino",1000367359,Right,SAN_DON,"Metcho, Jack",824189,Right,NEV_WOL,Undefined,6,Bottom,1,1,2,Fastball,Sinker,FoulBallNotFieldable,Undefined,Undefined,Undefined,0,0,,86.72309,-0.601138,-4.70196,2020.311288,249.191606,2:15,5.53783,2.43669,6.66743,-29.41285,6.1987,13.83501,2.53487,-0.72217,80.67683,-6.092885,-2.192639,0.429504,,,,,,,,,,,,-8.4063,3.70169,-2.1261,50,5.48541,9.87092,-125.97272,-2.1831,-13.74712,21.34754,-26.12051,NEV_WOL,SAN_DON,DonWeirField,D1,MW,20260324-DonWeirField-2,66b64400-27de-11f1-a2d7-53166a682b59,87.75814,,,6.04626,,,,,,,19204ca8-c802-4f83-bcdd-d568f66a75e9,2026-03-25,00:05:57.91,2026-03-24T17:05:57.9186176-07:00,2026-03-25T00:05:57.9186176Z,,v3,471377,471434,63251d0db23648cabd526fef61ffaec8,"Burke, Brendan",832137,Right,SAN_DON,48c34b14-bda4-4d9f-b1cd-6ba5b787262a,53.8353,-126.62099,10.67377,5.53966,-1.38989,-13.06026,-2.43219,10.28839,-6.87356,,,,,,,,,,,,,,,,,,,,,,,,,,,,,,,,,,,,,,,,,,,,,,,,,,,High,High,High,,,,,,,,,,,,,,,,,,,,,,,,,,,,,,,,,,,,
214,2026-03-24,17:06:20.65,4,5,"Rossi, Gino",1000367359,Right,SAN_DON,"Metcho, Jack",824189,Right,NEV_WOL,Undefined,6,Bottom,1,1,2,Fastball,Sinker,FoulBallNotFieldable,Undefined,Undefined,Undefined,0,0,,88.01523,-0.825156,-4.402551,2129.734164,220.769714,1:15,5.85227,2.42815,6.55029,-19.09222,16.19005,12.99276,3.50229,-0.53422,80.38909,-4.478399,-2.051544,0.427513,73.75535,42.437115,147.333319,4548.294342,,,,,43.10041,,,-8.04012,9.06516,-2.12862,50,5.78669,9.33534,-127.65527,-2.34291,-13.27246,26.18085,-17.20949,NEV_WOL,SAN_DON,DonWeirField,D1,MW,20260324-DonWeirField-2,74457cd0-27de-11f1-a2d7-53166a682b59,88.1667,35.81527,,7.62614,,,,0.40411,3.40274,0.70169,19204ca8-c802-4f83-bcdd-d568f66a75e9,2026-03-25,00:06:20.65,2026-03-24T17:06:20.6529024-07:00,2026-03-25T00:06:20.6529024Z,,v3,471377,471434,63251d0db23648cabd526fef61ffaec8,"Burke, Brendan",832137,Right,SAN_DON,de5002eb-9432-4f07-9b0c-b679f3945f13,53.94938,-128.46269,13.09042,5.85076,-1.81216,-8.60474,-2.42283,9.74467,-6.63623,,0.40411,-67.20708,1.85287,0.85414,1.53963,-5.31723,8.84614,-7.89383,2.96036,3.40274,72.99372,-29.87339,3.64001,0.55979,-3.66235,6.15614,-5.46946,2.041,0.70169,43.09066,-10.02607,1.79283,0.62951,-2.82011,4.67692,-4.15332,1.55059,,,,,,,,,,,,,,,,,,,,,,,High,High,High,High,Undefined,,,,,,,,,,,,,,,,,,,,,,,,,,,,,,,,,,
215,2026-03-24,17:06:43.71,4,6,"Rossi, Gino",1000367359,Right,SAN_DON,"Metcho, Jack",824189,Right,NEV_WOL,Undefined,6,Bottom,1,1,2,Fastball,Changeup,HitByPitch,Undefined,Undefined,Undefined,0,0,,86.52573,0.154837,-2.841527,2020.607605,252.638446,2:30,5.72702,2.65654,6.43679,-29.27907,7.47567,20.01848,3.42957,1.71129,78.71283,-5.355478,0.785914,0.436343,,,,,,,,,,,,-11.49194,4.17575,-2.46382,50,5.72468,5.51042,-125.70071,-0.52826,-18.24744,27.28432,-25.54358,NEV_WOL,SAN_DON,DonWeirField,D1,MW,20260324-DonWeirField-2,81f9f0e0-27de-11f1-a2d7-53166a682b59,86.38255,,,7.8129,,,,,,,19204ca8-c802-4f83-bcdd-d568f66a75e9,2026-03-25,00:06:43.71,2026-03-24T17:06:43.7139968-07:00,2026-03-25T00:06:43.7139968Z,,v3,471377,471434,63251d0db23648cabd526fef61ffaec8,"Burke, Brendan",832137,Right,SAN_DON,3d2631c7-f05c-4ee5-a1d2-ec1eb1a6cf6a,54.06553,-126.58009,13.64216,5.72844,0.29501,-12.77179,-2.6509,6.09854,-9.12372,,,,,,,,,,,,,,,,,,,,,,,,,,,,,,,,,,,,,,,,,,,,,,,,,,,High,High,High,,,,,,,,,,,,,,,,,,,,,,,,,,,,,,,,,,,,
216,2026-03-24,17:09:25.06,5,1,"Wellen, Braden",1000121426,Right,SAN_DON,"Quiban, Rominic",1000111279,Left,NEV_WOL,Undefined,6,Bottom,1,0,0,Fastball,Four-Seam,BallCalled,Undefined,Undefined,Undefined,0,0,,89.72884,-1.586746,-2.369414,2480.036241,190.080142,12:15,6.18708,1.18851,7.39643,-15.45824,17.38253,2.90189,3.46568,-0.70865,81.88503,-4.617726,-1.834162,0.412456,,,,,,,,,,,,-2.2441,10.18292,-1.0602,50,6.09583,5.29821,-130.47688,-3.90996,-3.85501,28.35078,-14.68139,NEV_WOL,SAN_DON,DonWeirField,D1,MW,20260324-DonWeirField-2,e2305f80-27de-11f1-a2d7-53166a682b59,91.38526,,,7.84381,,,,,,,19204ca8-c802-4f83-bcdd-d568f66a75e9,2026-03-25,00:09:25.06,2026-03-24T17:09:25.0627584-07:00,2026-03-25T00:09:25.0627584Z,,v3,471377,471434,63251d0db23648cabd526fef61ffaec8,"Burke, Brendan",832137,Right,SAN_DON,274f56b7-fbab-4ef8-bb19-d83eea79bc16,53.10125,-131.149,14.17539,6.1844,-3.5619,-7.3407,-1.18689,5.3896,-1.92751,,,,,,,,,,,,,,,,,,,,,,,,,,,,,,,,,,,,,,,,,,,,,,,,,,,High,High,High,,,,,,,,,,,,,,,,,,,,,,,,,,,,,,,,,,,,
217,2026-03-24,17:09:45.39,5,2,"Wellen, Braden",1000121426,Right,SAN_DON,"Quiban, Rominic",1000111279,Left,NEV_WOL,Undefined,6,Bottom,1,1,0,Fastball,Four-Seam,BallCalled,Undefined,Undefined,Undefined,0,0,,88.9986,-0.954895,-2.069664,2481.614855,205.370244,12:45,6.15203,1.17189,7.48305,-16.92068,15.85363,7.08748,3.88124,-0.10249,82.31133,-4.237382,-0.759418,0.412039,,,,,,,,,,,,-4.35705,9.15516,-1.06366,50,6.09662,4.45498,-129.65367,-2.50548,-7.50088,24.21952,-16.41293,NEV_WOL,SAN_DON,DonWeirField,D1,MW,20260324-DonWeirField-2,ee49e840-27de-11f1-a2d7-53166a682b59,91.47788,,,6.68727,,,,,,,19204ca8-c802-4f83-bcdd-d568f66a75e9,2026-03-25,00:09:45.39,2026-03-24T17:09:45.3966848-07:00,2026-03-25T00:09:45.3966848Z,,v3,471377,471434,63251d0db23648cabd526fef61ffaec8,"Burke, Brendan",832137,Right,SAN_DON,0c2cd2fc-d1ab-4fd8-bbdd-b5950081d11d,53.01725,-130.21608,12.10976,6.15038,-2.12435,-8.20646,-1.16913,4.62916,-3.75044,,,,,,,,,,,,,,,,,,,,,,,,,,,,,,,,,,,,,,,,,,,,,,,,,,,High,High,High,,,,,,,,,,,,,,,,,,,,,,,,,,,,,,,,,,,,
218,2026-03-24,17:10:03.52,5,3,"Wellen, Braden",1000121426,Right,SAN_DON,"Quiban, Rominic",1000111279,Left,NEV_WOL,Undefined,6,Bottom,1,2,0,Fastball,Four-Seam,BallCalled,Undefined,Undefined,Undefined,0,0,,89.41318,-0.854786,-1.360368,2412.836745,200.307984,12:45,6.16189,1.15386,7.20785,-17.55296,15.38426,5.34059,3.92484,0.36683,82.36615,-4.245407,-0.37776,0.413062,,,,,,,,,,,,-3.21106,8.79804,-1.07659,50,6.10679,2.90528,-130.2033,-2.33559,-5.55205,25.49219,-16.96191,NEV_WOL,SAN_DON,DonWeirField,D1,MW,20260324-DonWeirField-2,f917de30-27de-11f1-a2d7-53166a682b59,91.2514,,,7.04703,,,,,,,19204ca8-c802-4f83-bcdd-d568f66a75e9,2026-03-25,00:10:03.52,2026-03-24T17:10:03.5267584-07:00,2026-03-25T00:10:03.5267584Z,,v3,471377,471434,63251d0db23648cabd526fef61ffaec8,"Burke, Brendan",832137,Right,SAN_DON,8a6b37af-9b9b-41ee-a7b8-e9d51fffe6a1,53.29136,-130.84612,12.7461,6.1603,-1.90787,-8.48096,-1.15161,3.04529,-2.77603,,,,,,,,,,,,,,,,,,,,,,,,,,,,,,,,,,,,,,,,,,,,,,,,,,,High,High,High,,,,,,,,,,,,,,,,,,,,,,,,,,,,,,,,,,,,
219,2026-03-24,17:10:22.19,5,4,"Wellen, Braden",1000121426,Right,SAN_DON,"Quiban, Rominic",1000111279,Left,NEV_WOL,Undefined,6,Bottom,1,3,0,Fastball,Four-Seam,BallCalled,Walk,Undefined,Undefined,0,0,,89.56518,-1.630291,-2.593811,2421.816973,186.83107,12:15,6.21756,0.91633,7.25424,-17.55721,15.26753,1.71488,3.2776,-1.28902,82.6013,-5.015177,-2.278437,0.412356,,,,,,,,,,,,-1.58465,8.94886,-0.76928,50,6.11917,5.84295,-130.29592,-4.10153,-2.74482,25.43136,-16.6733,NEV_WOL,SAN_DON,DonWeirField,D1,MW,20260324-DonWeirField-2,04377690-27df-11f1-a2d7-53166a682b59,91.40759,,,6.96388,,,,,,,19204ca8-c802-4f83-bcdd-d568f66a75e9,2026-03-25,00:10:22.19,2026-03-24T17:10:22.1978624-07:00,2026-03-25T00:10:22.1978624Z,,v3,471377,471434,63251d0db23648cabd526fef61ffaec8,"Burke, Brendan",832137,Right,SAN_DON,8b5de437-f42c-4703-ac41-9d2dab577945,53.24474,-130.9277,12.71568,6.21592,-3.68732,-8.33665,-0.91529,5.91113,-1.37241,,,,,,,,,,,,,,,,,,,,,,,,,,,,,,,,,,,,,,,,,,,,,,,,,,,High,High,High,,,,,,,,,,,,,,,,,,,,,,,,,,,,,,,,,,,,
220,2026-03-24,17:11:04.63,6,1,"Wellen, Braden",1000121426,Right,SAN_DON,"Dobie, Jayce",833435,Right,NEV_WOL,Undefined,6,Bottom,1,0,0,Fastball,Four-Seam,StrikeCalled,Undefined,Undefined,Undefined,0,0,,90.42513,-1.61379,-1.712544,2501.325872,194.313171,12:30,6.26596,1.0762,7.44443,-15.61591,16.39958,3.93996,3.50894,-0.13961,83.12417,-4.658701,-0.984531,0.407241,,,,,,,,,,,,-2.58091,9.62441,-0.98516,50,6.17477,3.80085,-131.63281,-4.01755,-4.54796,26.80932,-15.21435,NEV_WOL,SAN_DON,DonWeirField,D1,MW,20260324-DonWeirField-2,1d8546e0-27df-11f1-a2d7-53166a682b59,92.55561,,,7.30096,,,,,,,19204ca8-c802-4f83-bcdd-d568f66a75e9,2026-03-25,00:11:04.63,2026-03-24T17:11:04.6386176-07:00,2026-03-25T00:11:04.6386176Z,,v3,471377,471434,63251d0db23648cabd526fef61ffaec8,"Burke, Brendan",832137,Right,SAN_DON,59d781c2-c66c-4bf8-87f4-d857e1c548f1,53.05431,-132.25341,13.40466,6.2637,-3.66536,-7.60717,-1.07437,3.90613,-2.27398,,,,,,,,,,,,,,,,,,,,,,,,,,,,,,,,,,,,,,,,,,,,,,,,,,,High,High,High,,,,,,,,,,,,,,,,,,,,,,,,,,,,,,,,,,,,
221,2026-03-24,17:11:20.51,6,2,"Wellen, Braden",1000121426,Right,SAN_DON,"Dobie, Jayce",833435,Right,NEV_WOL,Undefined,6,Bottom,1,0,1,Slider,Slider,BallCalled,Undefined,Undefined,Undefined,0,0,,81.21694,-0.594937,-2.410774,2550.044852,62.132026,8:00,6.23776,0.99843,6.61192,-42.22301,-0.94047,-4.20607,2.17376,-1.56147,74.73375,-8.444196,-3.176284,0.462439,,,,,,,,,,,,1.52599,0.05634,-0.83283,50,6.18019,5.11448,-118.05787,-2.44209,2.1463,23.1964,-32.0948,NEV_WOL,SAN_DON,DonWeirField,D1,MW,20260324-DonWeirField-2,27038b50-27df-11f1-a2d7-53166a682b59,81.5079,,,6.48319,,,,,,,19204ca8-c802-4f83-bcdd-d568f66a75e9,2026-03-25,00:11:20.51,2026-03-24T17:11:20.5121536-07:00,2026-03-25T00:11:20.5121536Z,,v3,471377,471434,63251d0db23648cabd526fef61ffaec8,"Burke, Brendan",832137,Right,SAN_DON,97b70c42-481b-47e8-8871-ea3f5bfd69a7,53.88881,-118.8195,11.5982,6.24308,-1.38829,-16.0474,-0.99961,5.04401,1.07315,,,,,,,,,,,,,,,,,,,,,,,,,,,,,,,,,,,,,,,,,,,,,,,,,,,High,High,High,,,,,,,,,,,,,,,,,,,,,,,,,,,,,,,,,,,,
222,2026-03-24,17:11:36.70,6,3,"Wellen, Braden",1000121426,Right,SAN_DON,"Dobie, Jayce",833435,Right,NEV_WOL,Undefined,6,Bottom,1,1,1,Fastball,Four-Seam,BallCalled,Undefined,Undefined,Undefined,0,0,,91.0036,-3.226181,-2.868881,2454.018545,198.121613,12:30,6.14192,0.98629,7.67173,-12.74107,19.23127,5.92024,2.1782,-1.09713,82.33471,-5.775925,-1.77164,0.406966,,,,,,,,,,,,-4.15307,11.89788,-0.84477,50,5.97797,6.42456,-132.1112,-7.63872,-7.23544,31.88374,-11.44567,NEV_WOL,SAN_DON,DonWeirField,D1,MW,20260324-DonWeirField-2,30a73210-27df-11f1-a2d7-53166a682b59,92.61808,,,8.66889,,,,,,,19204ca8-c802-4f83-bcdd-d568f66a75e9,2026-03-25,00:11:36.70,2026-03-24T17:11:36.7030784-07:00,2026-03-25T00:11:36.7030784Z,,v3,471377,471434,63251d0db23648cabd526fef61ffaec8,"Burke, Brendan",832137,Right,SAN_DON,6efef0f6-dca7-4e2a-82f2-029a909f25a9,52.82625,-132.79154,15.94187,6.13836,-7.39449,-5.72283,-0.98351,6.57895,-3.61772,,,,,,,,,,,,,,,,,,,,,,,,,,,,,,,,,,,,,,,,,,,,,,,,,,,High,High,High,,,,,,,,,,,,,,,,,,,,,,,,,,,,,,,,,,,,
223,2026-03-24,17:11:55.95,6,4,"Wellen, Braden",1000121426,Right,SAN_DON,"Dobie, Jayce",833435,Right,NEV_WOL,Undefined,6,Bottom,1,2,1,Fastball,Four-Seam,BallCalled,Undefined,Undefined,Undefined,0,0,,91.15983,0.110733,-2.164372,2514.040549,191.525114,12:30,6.22264,1.03816,7.41592,-15.87202,15.68351,3.00709,4.99991,-0.66421,83.59802,-2.987124,-1.609474,0.404305,,,,,,,,,,,,-2.19512,8.75087,-0.92172,50,6.22361,4.90931,-132.69489,-0.06311,-3.92819,27.42387,-16.51444,NEV_WOL,SAN_DON,DonWeirField,D1,MW,20260324-DonWeirField-2,3c1adde0-27df-11f1-a2d7-53166a682b59,93.22772,,,7.56181,,,,,,,19204ca8-c802-4f83-bcdd-d568f66a75e9,2026-03-25,00:11:55.95,2026-03-24T17:11:55.9599104-07:00,2026-03-25T00:11:55.9599104Z,,v3,471377,471434,63251d0db23648cabd526fef61ffaec8,"Burke, Brendan",832137,Right,SAN_DON,0bfda60c-f944-46da-b41f-4b929b0a9340,53.08218,-133.33036,13.71194,6.22063,0.31956,-8.25722,-1.03653,5.00034,-1.96409,,,,,,,,,,,,,,,,,,,,,,,,,,,,,,,,,,,,,,,,,,,,,,,,,,,High,High,High,,,,,,,,,,,,,,,,,,,,,,,,,,,,,,,,,,,,
224,2026-03-24,17:12:15.78,6,5,"Wellen, Braden",1000121426,Right,SAN_DON,"Dobie, Jayce",833435,Right,NEV_WOL,Undefined,6,Bottom,1,3,1,Fastball,Four-Seam,BallCalled,Walk,Undefined,Undefined,0,1,,90.44812,-2.148226,-2.869473,2517.926065,183.450852,12:00,6.11116,0.99266,7.37731,-16.01469,16.2271,0.91858,2.83434,-1.52285,82.9868,-5.261209,-2.700228,0.408678,,,,,,,,,,,,-1.28358,9.68689,-0.83593,50,5.9886,6.55904,-131.48531,-5.26582,-2.24996,27.54614,-15.19431,NEV_WOL,SAN_DON,DonWeirField,D1,MW,20260324-DonWeirField-2,47f16a30-27df-11f1-a2d7-53166a682b59,92.23027,,,7.46132,,,,,,,19204ca8-c802-4f83-bcdd-d568f66a75e9,2026-03-25,00:12:15.78,2026-03-24T17:12:15.7840896-07:00,2026-03-25T00:12:15.7840896Z,,v3,471377,471434,63251d0db23648cabd526fef61ffaec8,"Burke, Brendan",832137,Right,SAN_DON,ba3f701a-cac7-4ffa-9191-07fbf30de779,53.12155,-132.13766,13.77307,6.10904,-4.90598,-7.59716,-0.99189,6.61232,-1.12498,,,,,,,,,,,,,,,,,,,,,,,,,,,,,,,,,,,,,,,,,,,,,,,,,,,High,High,High,,,,,,,,,,,,,,,,,,,,,,,,,,,,,,,,,,,,
225,2026-03-24,17:13:46.77,7,1,"Wellen, Braden",1000121426,Right,SAN_DON,"Matsuzaki, Lee",1000128685,Left,NEV_WOL,Undefined,6,Bottom,1,0,0,Fastball,Four-Seam,BallCalled,Undefined,Undefined,Undefined,0,0,,90.90527,-2.876388,-0.479384,2424.503783,194.30112,12:30,6.22641,1.22451,7.36169,-14.63269,17.46489,4.18173,2.40783,1.14017,82.91651,-5.744278,0.292678,0.407763,,,,,,,,,,,,-2.39256,10.60942,-1.19886,50,6.06355,0.95904,-132.16468,-6.91961,-4.20856,29.61556,-13.51177,NEV_WOL,SAN_DON,DonWeirField,D1,MW,20260324-DonWeirField-2,7e30be70-27df-11f1-a2d7-53166a682b59,92.43721,,,7.98876,,,,,,,19204ca8-c802-4f83-bcdd-d568f66a75e9,2026-03-25,00:13:46.77,2026-03-24T17:13:46.7715072-07:00,2026-03-25T00:13:46.7715072Z,,v3,471377,471434,63251d0db23648cabd526fef61ffaec8,"Burke, Brendan",832137,Right,SAN_DON,e8047c3c-d5db-431e-9f60-a927fbe133aa,53.13627,-132.8656,14.80778,6.22354,-6.59982,-6.75588,-1.22274,1.05865,-2.10428,,,,,,,,,,,,,,,,,,,,,,,,,,,,,,,,,,,,,,,,,,,,,,,,,,,High,High,High,,,,,,,,,,,,,,,,,,,,,,,,,,,,,,,,,,,,
226,2026-03-24,17:14:03.49,7,2,"Wellen, Braden",1000121426,Right,SAN_DON,"Matsuzaki, Lee",1000128685,Left,NEV_WOL,Undefined,6,Bottom,1,1,0,Fastball,Four-Seam,InPlay,Undefined,Popup,Out,1,0,,89.37455,-2.802172,-2.006977,2488.432989,194.214666,12:30,6.16392,0.9192,7.47535,-15.78513,17.25714,4.09823,2.32057,-0.54802,81.64776,-5.890315,-1.249354,0.41372,97.26117,68.993346,11.61174,,,,,,52.88664,,,-2.82543,10.55221,-0.81367,50,6.01082,4.42067,-129.94105,-6.66724,-4.8078,28.43802,-14.21826,NEV_WOL,SAN_DON,DonWeirField,D1,MW,20260324-DonWeirField-2,881edbb0-27df-11f1-a2d7-53166a682b59,91.10621,131.81906,,7.72679,,,,2.46311,2.42788,0.52506,19204ca8-c802-4f83-bcdd-d568f66a75e9,2026-03-25,00:14:03.49,2026-03-24T17:14:03.4937856-07:00,2026-03-25T00:14:03.4937856Z,,v3,471377,471434,63251d0db23648cabd526fef61ffaec8,"Burke, Brendan",832137,Right,SAN_DON,cca5ded7-e3b9-4d7b-9a20-c1841f1c9ae8,53.02448,-130.60129,14.21901,6.16178,-6.33714,-7.10913,-0.9176,4.53229,-2.4039,,2.4631,50.09144,-12.77772,3.47558,-0.55335,-0.2395,0.30065,-0.13392,0.02327,2.42788,133.16803,-31.83512,4.55711,-1.10143,0.42948,-0.22576,0.0835,-0.01374,0.52504,10.29527,-11.17737,3.61528,-0.48897,-0.50234,0.53124,-0.23152,0.04003,,,,,,,,,,,,,,,,,,,,,,,High,High,High,Medium,Undefined,,,,,,,,,,,,,,,,,,,,,,,,,,,,,,,,,,
227,2026-03-24,17:14:46.06,8,1,"Wellen, Braden",1000121426,Right,SAN_DON,"Doyle, Jacob",833448,Right,NEV_WOL,Undefined,6,Bottom,2,0,0,Slider,Curveball,BallCalled,Undefined,Undefined,Undefined,0,0,,78.52715,1.27628,0.282148,2500.769085,45.909588,7:30,6.31636,0.97585,6.53438,-47.50861,-3.62713,-5.04756,3.52823,0.81404,72.59233,-7.546596,-0.636033,0.476773,,,,,,,,,,,,2.71764,-1.81921,-0.99346,50,6.38501,-0.39154,-114.30197,1.18087,3.61397,20.04598,-34.59326,NEV_WOL,SAN_DON,DonWeirField,D1,MW,20260324-DonWeirField-2,a18da180-27df-11f1-a2d7-53166a682b59,79.05735,,,5.93482,,,,,,,19204ca8-c802-4f83-bcdd-d568f66a75e9,2026-03-25,00:14:46.06,2026-03-24T17:14:46.0620288-07:00,2026-03-25T00:14:46.0620288Z,,v3,471377,471434,63251d0db23648cabd526fef61ffaec8,"Burke, Brendan",832137,Right,SAN_DON,88baa3a9-8bd3-4663-9eaa-fdd0a44009fc,53.96734,-114.99564,10.02299,6.32344,2.37794,-17.29663,-0.97774,-0.51659,1.80698,,,,,,,,,,,,,,,,,,,,,,,,,,,,,,,,,,,,,,,,,,,,,,,,,,,High,High,High,,,,,,,,,,,,,,,,,,,,,,,,,,,,,,,,,,,,
228,2026-03-24,17:15:07.77,8,2,"Wellen, Braden",1000121426,Right,SAN_DON,"Doyle, Jacob",833448,Right,NEV_WOL,Undefined,6,Bottom,2,1,0,Fastball,Four-Seam,BallCalled,Undefined,Undefined,Undefined,0,0,,89.07112,-2.393958,-2.937482,2471.842439,193.150766,12:30,6.20517,1.0037,7.60731,-19.43985,13.36335,2.89752,2.43,-1.39663,82.20967,-6.141347,-2.401018,0.41222,,,,,,,,,,,,-2.35473,8.24815,-0.85529,50,6.07888,6.55766,-129.56473,-5.83291,-4.02635,25.572,-18.07045,NEV_WOL,SAN_DON,DonWeirField,D1,MW,20260324-DonWeirField-2,ae74da80-27df-11f1-a2d7-53166a682b59,91.43757,,,6.86145,,,,,,,19204ca8-c802-4f83-bcdd-d568f66a75e9,2026-03-25,00:15:07.77,2026-03-24T17:15:07.7765632-07:00,2026-03-25T00:15:07.7765632Z,,v3,471377,471434,63251d0db23648cabd526fef61ffaec8,"Burke, Brendan",832137,Right,SAN_DON,a639a3da-04e3-4fd5-a848-eca1d2e5e49e,52.89308,-130.13448,12.786,6.20435,-5.4303,-9.03523,-1.0024,6.64737,-2.01318,,,,,,,,,,,,,,,,,,,,,,,,,,,,,,,,,,,,,,,,,,,,,,,,,,,High,High,High,,,,,,,,,,,,,,,,,,,,,,,,,,,,,,,,,,,,
229,2026-03-24,17:15:25.49,8,3,"Wellen, Braden",1000121426,Right,SAN_DON,"Doyle, Jacob",833448,Right,NEV_WOL,Undefined,6,Bottom,2,2,0,Fastball,Four-Seam,BallCalled,Undefined,Undefined,Undefined,0,0,,89.07131,-1.932162,-2.895029,2463.133849,186.973055,12:15,6.21304,1.12998,7.29029,-18.33926,14.87686,1.69973,2.93504,-1.34796,82.07933,-5.463474,-2.582342,0.414807,,,,,,,,,,,,-1.67331,8.85249,-0.96762,50,6.09866,6.49261,-129.52641,-4.78341,-2.85918,25.58947,-17.04798,NEV_WOL,SAN_DON,DonWeirField,D1,MW,20260324-DonWeirField-2,b9088690-27df-11f1-a2d7-53166a682b59,90.86748,,,6.99198,,,,,,,19204ca8-c802-4f83-bcdd-d568f66a75e9,2026-03-25,00:15:25.49,2026-03-24T17:15:25.4989312-07:00,2026-03-25T00:15:25.4989312Z,,v3,471377,471434,63251d0db23648cabd526fef61ffaec8,"Burke, Brendan",832137,Right,SAN_DON,373d6885-bfad-4ca1-970d-6c1b23131e87,53.20917,-130.15888,12.79473,6.21168,-4.36205,-8.52399,-1.12897,6.56327,-1.42959,,,,,,,,,,,,,,,,,,,,,,,,,,,,,,,,,,,,,,,,,,,,,,,,,,,High,High,High,,,,,,,,,,,,,,,,,,,,,,,,,,,,,,,,,,,,
230,2026-03-24,17:15:46.99,8,4,"Wellen, Braden",1000121426,Right,SAN_DON,"Doyle, Jacob",833448,Right,NEV_WOL,Undefined,6,Bottom,2,3,0,Fastball,Four-Seam,BallCalled,Walk,Undefined,Undefined,0,1,,89.05961,-0.640365,-0.419706,2318.423066,193.569095,12:30,6.23409,0.8844,7.5587,-19.89332,12.61438,2.83599,4.00033,0.74324,82.64643,-4.470551,0.105886,0.41036,,,,,,,,,,,,-1.64256,7.3263,-0.86316,50,6.19596,0.86026,-129.86425,-1.88431,-2.84473,23.59212,-19.48578,NEV_WOL,SAN_DON,DonWeirField,D1,MW,20260324-DonWeirField-2,c5d22570-27df-11f1-a2d7-53166a682b59,91.85221,,,6.41318,,,,,,,19204ca8-c802-4f83-bcdd-d568f66a75e9,2026-03-25,00:15:46.99,2026-03-24T17:15:46.9980160-07:00,2026-03-25T00:15:46.9980160Z,,v3,471377,471434,63251d0db23648cabd526fef61ffaec8,"Burke, Brendan",832137,Right,SAN_DON,98b22619-bcb3-4af1-aa8e-590c74eb8cb4,52.94151,-130.39753,11.79606,6.23358,-1.44385,-9.74289,-0.88333,0.92456,-1.42236,,,,,,,,,,,,,,,,,,,,,,,,,,,,,,,,,,,,,,,,,,,,,,,,,,,High,High,High,,,,,,,,,,,,,,,,,,,,,,,,,,,,,,,,,,,,
231,2026-03-24,17:16:21.95,9,1,"Wellen, Braden",1000121426,Right,SAN_DON,"Harvey, Jake",833440,Right,NEV_WOL,Undefined,6,Bottom,2,0,0,Fastball,Four-Seam,BallCalled,Undefined,Undefined,Undefined,0,0,,89.87902,-0.299465,-1.926319,2449.719133,192.389917,12:30,6.30655,0.92491,7.18036,-16.25603,16.50532,3.41063,4.68041,-0.53677,82.43247,-3.459395,-1.299579,0.411957,,,,,,,,,,,,-2.33677,9.24351,-0.8137,50,6.28347,4.27731,-130.8039,-1.03172,-4.06273,26.68264,-16.1031,NEV_WOL,SAN_DON,DonWeirField,D1,MW,20260324-DonWeirField-2,daa9afe0-27df-11f1-a2d7-53166a682b59,91.49596,,,7.44655,,,,,,,19204ca8-c802-4f83-bcdd-d568f66a75e9,2026-03-25,00:16:21.95,2026-03-24T17:16:21.9582976-07:00,2026-03-25T00:16:21.9582976Z,,v3,471377,471434,63251d0db23648cabd526fef61ffaec8,"Burke, Brendan",832137,Right,SAN_DON,33a09a17-61ca-4d99-ab40-a4eedfeb66a6,53.31796,-131.47899,13.34132,6.30442,-0.6243,-8.05155,-0.92322,4.3801,-2.03137,,,,,,,,,,,,,,,,,,,,,,,,,,,,,,,,,,,,,,,,,,,,,,,,,,,High,High,High,,,,,,,,,,,,,,,,,,,,,,,,,,,,,,,,,,,,
232,2026-03-24,17:16:39.32,9,2,"Wellen, Braden",1000121426,Right,SAN_DON,"Harvey, Jake",833440,Right,NEV_WOL,Undefined,6,Bottom,2,1,0,Fastball,Four-Seam,StrikeCalled,Undefined,Undefined,Undefined,0,0,,90.117,-1.591364,-1.486999,2455.371147,200.146455,12:45,6.18203,1.08008,7.23934,-18.31493,13.89981,4.77796,3.21478,0.13225,83.57774,-5.102914,-0.607239,0.408506,,,,,,,,,,,,-2.93071,8.16682,-0.99627,50,6.08537,3.24424,-131.26652,-4.07769,-5.18213,24.29466,-17.73342,NEV_WOL,SAN_DON,DonWeirField,D1,MW,20260324-DonWeirField-2,e505d130-27df-11f1-a2d7-53166a682b59,92.26896,,,6.53926,,,,,,,19204ca8-c802-4f83-bcdd-d568f66a75e9,2026-03-25,00:16:39.32,2026-03-24T17:16:39.3212416-07:00,2026-03-25T00:16:39.3212416Z,,v3,471377,471434,63251d0db23648cabd526fef61ffaec8,"Burke, Brendan",832137,Right,SAN_DON,d1c28a0f-897d-462f-987e-3182c96ff4ac,53.26118,-131.86871,12.14733,6.181,-3.63813,-8.86671,-1.07827,3.37269,-2.59106,,,,,,,,,,,,,,,,,,,,,,,,,,,,,,,,,,,,,,,,,,,,,,,,,,,High,High,High,,,,,,,,,,,,,,,,,,,,,,,,,,,,,,,,,,,,
233,2026-03-24,17:16:57.41,9,3,"Wellen, Braden",1000121426,Right,SAN_DON,"Harvey, Jake",833440,Right,NEV_WOL,Undefined,6,Bottom,2,1,1,Fastball,Four-Seam,FoulBallNotFieldable,Undefined,Undefined,Undefined,0,0,,89.79361,-1.635197,-1.349669,2474.944486,186.744403,12:15,6.21806,0.77424,7.26972,-17.5482,15.43446,1.69768,3.27595,-0.30521,81.85325,-5.045792,-1.036919,0.413346,82.63109,52.720058,49.0412,4894.297523,58.09493,117.34253,93.40758,227.08371,82.85169,62.940079,5.605231,-1.31563,9.14331,-0.69832,50,6.12009,3.01905,-130.6216,-4.11229,-2.25931,29.06839,-16.47259,NEV_WOL,SAN_DON,DonWeirField,D1,MW,20260324-DonWeirField-2,efc9dc10-27df-11f1-a2d7-53166a682b59,91.18852,121.12385,,7.94036,,,,0.6477,3.42503,0.3156,19204ca8-c802-4f83-bcdd-d568f66a75e9,2026-03-25,00:16:57.41,2026-03-24T17:16:57.4123520-07:00,2026-03-25T00:16:57.4123520Z,Popup,v3,471377,471434,63251d0db23648cabd526fef61ffaec8,"Burke, Brendan",832137,Right,SAN_DON,3ed4289d-9cf5-4f44-b34c-5458e36f08fe,53.22916,-131.33825,14.5342,6.21647,-3.70618,-8.2363,-0.77344,3.07475,-1.12965,,0.6503,48.04974,-16.74107,4.24026,-0.33686,-0.17549,0.06494,-0.00868,0.00042,3.41684,96.56696,-23.99408,2.68037,-0.67973,0.14615,-0.0161,0.00036,4E-05,0.31527,55.43461,-8.33068,1.68945,-0.19902,-0.00823,0.00735,-0.00101,5E-05,,,,,,,,,,,,,,,,,,,,,,,High,High,High,High,Low,,,,,,,,,,,,,,,,,,,,,,,,,,,,,,,,,,
234,2026-03-24,17:17:27.91,9,4,"Wellen, Braden",1000121426,Right,SAN_DON,"Harvey, Jake",833440,Right,NEV_WOL,Undefined,6,Bottom,2,1,2,Fastball,Four-Seam,BallCalled,Undefined,Undefined,Undefined,0,0,,90.23771,-1.123628,-2.638481,2504.503456,193.982869,12:30,6.28998,0.78005,7.05558,-14.5404,18.35851,4.30811,4.0566,-1.25886,82.28597,-3.970931,-1.849395,0.412821,,,,,,,,,,,,-3.04417,10.44158,-0.62199,50,6.21665,5.88474,-131.14841,-2.86988,-5.28694,28.47083,-14.03987,NEV_WOL,SAN_DON,DonWeirField,D1,MW,20260324-DonWeirField-2,01f902d0-27e0-11f1-a2d7-53166a682b59,91.30448,,,7.95175,,,,,,,19204ca8-c802-4f83-bcdd-d568f66a75e9,2026-03-25,00:17:27.91,2026-03-24T17:17:27.9108608-07:00,2026-03-25T00:17:27.9108608Z,,v3,471377,471434,63251d0db23648cabd526fef61ffaec8,"Burke, Brendan",832137,Right,SAN_DON,6081adb1-e874-424d-abfe-def7737542a7,53.44214,-131.89354,14.23541,6.28696,-2.50243,-7.01993,-0.77781,6.0231,-2.64347,,,,,,,,,,,,,,,,,,,,,,,,,,,,,,,,,,,,,,,,,,,,,,,,,,,High,High,High,,,,,,,,,,,,,,,,,,,,,,,,,,,,,,,,,,,,
235,2026-03-24,17:17:47.10,9,5,"Wellen, Braden",1000121426,Right,SAN_DON,"Harvey, Jake",833440,Right,NEV_WOL,Undefined,6,Bottom,2,2,2,Fastball,Four-Seam,InPlay,Undefined,FlyBall,Double,0,3,,89.56905,-2.322386,-2.419543,2489.011275,195.465181,12:30,6.21859,0.92798,7.07025,-16.40316,16.94934,4.39425,2.74007,-0.90391,81.93236,-5.501133,-1.613955,0.415657,90.58027,25.954437,16.515386,3800.783757,104.1623,46.94811,35.35787,342.58754,336.94494,22.694235,4.406069,-3.03843,10.06382,-0.78387,50,6.07324,5.3438,-130.15809,-5.64733,-5.20326,27.76171,-14.93987,NEV_WOL,SAN_DON,DonWeirField,D1,MW,20260324-DonWeirField-2,0d7253f0-27e0-11f1-a2d7-53166a682b59,90.68151,60.55683,,7.63669,,,,0.62955,2.65765,0.91251,19204ca8-c802-4f83-bcdd-d568f66a75e9,2026-03-25,00:17:47.10,2026-03-24T17:17:47.1034880-07:00,2026-03-25T00:17:47.1034880Z,LineDrive,v3,471377,471434,63251d0db23648cabd526fef61ffaec8,"Burke, Brendan",832137,Right,SAN_DON,ba3f5af9-94f2-47be-94fe-14427ed4164b,53.4289,-130.8874,13.88085,6.21645,-5.25486,-7.46993,-0.92606,5.48049,-2.60163,204.589303,0.62921,114.53368,-18.78609,4.05633,-0.93294,0.222,-0.04557,0.006,-0.00034,2.65842,58.12168,-16.05419,0.78482,0.06022,-0.0927,0.03238,-0.00499,0.00029,0.91234,33.96098,-1.25478,0.09967,-0.02802,0.01957,-0.00704,0.00115,-7E-05,,,,,,,,,,,,,,,,,,,,,,,High,High,High,High,High,,,,,,,,,,,,,,,,,,,,,,,,,,,,,,,,,,
236,2026-03-24,17:21:28.28,10,1,"Gomez, Alex",1000255926,Right,SAN_DON,"Cruz Jr., Mikey",1000138361,Right,NEV_WOL,Undefined,6,Bottom,2,0,0,Slider,Slider,StrikeCalled,Undefined,Undefined,Undefined,0,0,,78.18982,-0.549753,-0.723767,2271.153466,158.007103,11:15,6.15551,-0.53992,6.28741,-38.27971,6.23969,-2.015,2.45883,-1.37489,72.60445,-7.64458,-1.088598,0.480226,,,,,,,,,,,,0.87004,3.7754,0.59418,50,6.09642,1.50656,-113.78502,-2.18609,1.15185,18.95874,-27.17584,NEV_WOL,SAN_DON,DonWeirField,D1,MW,20260324-DonWeirField-2,914d35f0-27e0-11f1-a2d7-53166a682b59,78.48891,,,5.58537,,,,,,,19204ca8-c802-4f83-bcdd-d568f66a75e9,2026-03-25,00:21:28.28,2026-03-24T17:21:28.2866176-07:00,2026-03-25T00:21:28.2866176Z,,v3,471377,471434,63251d0db23648cabd526fef61ffaec8,"Burke, Brendan",832137,Right,SAN_DON,e28854c6-a43f-4bd2-a79f-c4f0516fd855,54.2132,-114.48487,9.47937,6.1586,-1.18291,-13.58792,0.53935,1.46404,0.57593,,,,,,,,,,,,,,,,,,,,,,,,,,,,,,,,,,,,,,,,,,,,,,,,,,,High,High,High,,,,,,,,,,,,,,,,,,,,,,,,,,,,,,,,,,,,
237,2026-03-24,17:21:47.05,10,2,"Gomez, Alex",1000255926,Right,SAN_DON,"Cruz Jr., Mikey",1000138361,Right,NEV_WOL,Undefined,6,Bottom,2,0,1,Fastball,Cutter,BallCalled,Undefined,Undefined,Undefined,0,0,,87.17147,-3.29145,3.029324,2290.002637,169.219931,11:45,6.33254,-1.0688,6.48678,-22.02808,13.76938,-2.42158,1.46739,1.51325,80.65877,-7.423336,2.590442,0.430623,,,,,,,,,,,,2.05563,8.40099,0.85708,50,6.0911,-6.60734,-126.51338,-7.90613,3.35802,23.89872,-18.45056,NEV_WOL,SAN_DON,DonWeirField,D1,MW,20260324-DonWeirField-2,9c74e4a0-27e0-11f1-a2d7-53166a682b59,87.52995,,,6.5127,,,,,,,19204ca8-c802-4f83-bcdd-d568f66a75e9,2026-03-25,00:21:47.05,2026-03-24T17:21:47.0582272-07:00,2026-03-25T00:21:47.0582272Z,,v3,471377,471434,63251d0db23648cabd526fef61ffaec8,"Burke, Brendan",832137,Right,SAN_DON,8852da7a-0374-4c53-ba40-775e1ceb3e89,54.01443,-127.26945,11.94936,6.33199,-7.32241,-9.22528,1.0678,-6.71358,1.67901,,,,,,,,,,,,,,,,,,,,,,,,,,,,,,,,,,,,,,,,,,,,,,,,,,,High,High,High,,,,,,,,,,,,,,,,,,,,,,,,,,,,,,,,,,,,
238,2026-03-24,17:22:06.50,10,3,"Gomez, Alex",1000255926,Right,SAN_DON,"Cruz Jr., Mikey",1000138361,Right,NEV_WOL,Undefined,6,Bottom,2,1,1,Slider,Curveball,BallCalled,Undefined,Undefined,Undefined,0,0,,76.4074,0.363264,-0.882364,1908.399094,161.764432,11:30,6.13585,-0.49243,6.39707,-41.18116,4.74996,-1.19303,3.03822,-1.4034,71.64086,-7.257824,-1.09873,0.487781,,,,,,,,,,,,0.43311,2.77252,0.55626,50,6.14281,1.75343,-111.32129,-0.43297,0.5551,15.98038,-28.62058,NEV_WOL,SAN_DON,DonWeirField,D1,MW,20260324-DonWeirField-2,a8156cd0-27e0-11f1-a2d7-53166a682b59,77.27329,,,4.76654,,,,,,,19204ca8-c802-4f83-bcdd-d568f66a75e9,2026-03-25,00:22:06.50,2026-03-24T17:22:06.5015808-07:00,2026-03-25T00:22:06.5015808Z,,v3,471377,471434,63251d0db23648cabd526fef61ffaec8,"Burke, Brendan",832137,Right,SAN_DON,ff185643-da76-4d01-8f52-87700a0f52ee,54.10482,-111.909,7.99019,6.13938,0.6196,-14.31029,0.49215,1.73301,0.27755,,,,,,,,,,,,,,,,,,,,,,,,,,,,,,,,,,,,,,,,,,,,,,,,,,,High,High,High,,,,,,,,,,,,,,,,,,,,,,,,,,,,,,,,,,,,
239,2026-03-24,17:22:29.54,10,4,"Gomez, Alex",1000255926,Right,SAN_DON,"Cruz Jr., Mikey",1000138361,Right,NEV_WOL,Undefined,6,Bottom,2,2,1,Slider,Slider,BallCalled,Undefined,Undefined,Undefined,0,0,,78.59668,-4.886252,0.833055,2121.360635,208.637908,1:00,6.03927,-0.46045,6.64125,-35.51616,8.22678,3.81457,-1.4047,0.62007,73.61126,-11.415086,1.529906,0.47602,,,,,,,,,,,,-1.85784,5.88248,0.40259,50,5.69374,-1.77262,-114.07741,-10.67784,-2.46946,19.27636,-24.35488,NEV_WOL,SAN_DON,DonWeirField,D1,MW,20260324-DonWeirField-2,b5c01ce0-27e0-11f1-a2d7-53166a682b59,79.18244,,,4.98542,,,,,,,19204ca8-c802-4f83-bcdd-d568f66a75e9,2026-03-25,00:22:29.54,2026-03-24T17:22:29.5406592-07:00,2026-03-25T00:22:29.5406592Z,,v3,471377,471434,63251d0db23648cabd526fef61ffaec8,"Burke, Brendan",832137,Right,SAN_DON,f70b1241-9ff3-4d90-824e-35060a85b847,53.86256,-114.72824,9.63818,6.04037,-9.85555,-12.17744,0.46103,-1.68925,-1.23473,,,,,,,,,,,,,,,,,,,,,,,,,,,,,,,,,,,,,,,,,,,,,,,,,,,High,High,High,,,,,,,,,,,,,,,,,,,,,,,,,,,,,,,,,,,,
240,2026-03-24,17:23:07.92,10,5,"Gomez, Alex",1000255926,Right,SAN_DON,"Cruz Jr., Mikey",1000138361,Right,NEV_WOL,Undefined,6,Bottom,2,3,1,Slider,Slider,InPlay,Undefined,LineDrive,Single,0,1,,77.39564,-0.164042,-0.023328,2171.440252,100.312618,9:15,6.07761,-0.4433,6.27616,-43.63451,2.21752,-4.45177,2.29019,-0.83578,71.32496,-8.249371,-0.82968,0.487361,95.74221,13.018481,-7.407668,1022.79793,108.86065,17.8847,-15.78681,247.00369,247.00369,-10.351911,2.220929,2.33252,1.55921,0.44722,50,6.04407,0.19511,-112.57841,-1.56895,2.99153,20.55991,-30.17428,NEV_WOL,SAN_DON,DonWeirField,D1,MW,20260324-DonWeirField-2,ccac2f70-27e0-11f1-a2d7-53166a682b59,77.33989,18.30402,,6.07068,,,,2.15458,2.36023,0.79386,19204ca8-c802-4f83-bcdd-d568f66a75e9,2026-03-25,00:23:07.92,2026-03-24T17:23:07.9239168-07:00,2026-03-25T00:23:07.9239168Z,LineDrive,v3,471377,471434,63251d0db23648cabd526fef61ffaec8,"Burke, Brendan",832137,Right,SAN_DON,83069a18-e3b6-4d01-b354-08fe6bdfe175,54.22534,-113.34744,10.27996,6.08165,-0.44029,-15.08714,0.44201,0.08321,1.49577,126.192958,2.15458,135.67061,-16.74428,2.96101,-0.6008,0.11137,-0.0196,0.00276,-0.0002,2.36023,31.63212,-16.76036,1.22113,-0.20798,0.04214,-0.00579,0.00073,-6E-05,0.79386,-17.63902,-2.24476,0.77727,-0.21634,0.0494,-0.00962,0.00134,-0.0001,,,,,,,,,,,,,,,,,,,,,,,High,High,High,High,High,,,,,,,,,,,,,,,,,,,,,,,,,,,,,,,,,,
241,2026-03-24,17:23:48.72,11,1,"Gomez, Alex",1000255926,Right,SAN_DON,"Waller, Jackson",702970,Right,NEV_WOL,Undefined,6,Bottom,2,0,0,Cutter,Sinker,StrikeCalled,Undefined,Undefined,Undefined,0,0,,85.05718,-2.172467,1.023989,2252.393421,155.646137,11:15,6.26308,-1.08803,6.62576,-23.31336,14.04202,-5.84768,2.32974,-0.63759,78.40856,-6.57887,-0.040939,0.439894,,,,,,,,,,,,3.35272,8.32575,1.02083,50,6.10602,-2.00094,-123.68046,-5.3137,5.21873,23.53518,-19.21453,NEV_WOL,SAN_DON,DonWeirField,D1,MW,20260324-DonWeirField-2,e4f8e370-27e0-11f1-a2d7-53166a682b59,85.68532,,,6.64862,,,,,,,19204ca8-c802-4f83-bcdd-d568f66a75e9,2026-03-25,00:23:48.72,2026-03-24T17:23:48.7229952-07:00,2026-03-25T00:23:48.7229952Z,,v3,471377,471434,63251d0db23648cabd526fef61ffaec8,"Burke, Brendan",832137,Right,SAN_DON,aab7be78-9154-4218-b0f1-2a830a98ebe1,53.87382,-124.41542,11.76759,6.26259,-4.71366,-9.60726,1.08586,-2.16391,2.60937,,,,,,,,,,,,,,,,,,,,,,,,,,,,,,,,,,,,,,,,,,,,,,,,,,,High,High,High,,,,,,,,,,,,,,,,,,,,,,,,,,,,,,,,,,,,
242,2026-03-24,17:24:08.49,11,2,"Gomez, Alex",1000255926,Right,SAN_DON,"Waller, Jackson",702970,Right,NEV_WOL,Undefined,6,Bottom,2,0,1,Slider,Slider,InPlay,Undefined,FlyBall,HomeRun,0,2,,77.04373,0.846153,1.113523,2227.912798,174.202863,11:45,6.11395,-0.62522,6.26733,-43.4414,2.32244,-0.11063,3.27414,0.39229,71.65499,-7.188183,1.093514,0.486892,89.9351,33.248632,-28.051635,3707.933114,95.87137,64.14583,-53.93125,368.88983,336.01037,-33.519289,4.985794,0.32795,1.33598,0.54286,50,6.155,-2.17627,-112.15355,0.41637,0.42293,17.90761,-30.45115,NEV_WOL,SAN_DON,DonWeirField,D1,MW,20260324-DonWeirField-2,f0c53690-27e0-11f1-a2d7-53166a682b59,77.41437,85.7343,,5.38874,,,,2.39271,3.37976,-0.33027,19204ca8-c802-4f83-bcdd-d568f66a75e9,2026-03-25,00:24:08.49,2026-03-24T17:24:08.4965376-07:00,2026-03-25T00:24:08.4965376Z,FlyBall,v3,471377,471434,63251d0db23648cabd526fef61ffaec8,"Burke, Brendan",832137,Right,SAN_DON,8bea0a21-d4af-417b-a3f4-e03c9f940665,54.23508,-112.82774,8.9538,6.11774,1.56281,-15.22558,0.6251,-2.19219,0.21146,161.440644,2.3952,97.30298,-17.0033,3.82475,-0.63434,0.0851,-0.01222,0.00163,-0.0001,3.37972,72.31259,-17.55473,0.77106,0.14254,-0.14434,0.04453,-0.00622,0.00033,-0.33107,-51.85946,5.34079,-1.16544,0.1618,-0.01203,0.00053,-0.00012,1E-05,,,,,,,,,,,,,,,,,,,,,,,High,High,High,High,Medium,,,,,,,,,,,,,,,,,,,,,,,,,,,,,,,,,,
243,2026-03-24,17:25:00.69,12,1,"Gomez, Alex",1000255926,Right,SAN_DON,"Snakenborg, Nate",833445,Right,NEV_WOL,Undefined,6,Bottom,2,0,0,Fastball,Cutter,InPlay,Undefined,Popup,Out,1,0,,87.77492,-2.769719,1.459195,2368.253397,174.432023,11:45,6.34312,-1.06608,6.57163,-22.3643,12.3956,-1.11984,1.93783,0.17844,81.94116,-6.954466,1.255515,0.424337,85.7538,56.132073,3.233638,4083.873646,109.33845,131.59953,12.04352,223.92422,220.41291,6.574026,5.95594,0.9289,7.45827,0.9663,50,6.14293,-3.21382,-127.7168,-6.81726,1.56151,21.92544,-19.6363,NEV_WOL,SAN_DON,DonWeirField,D1,MW,20260324-DonWeirField-2,0fd99a80-27e1-11f1-a2d7-53166a682b59,88.82671,137.11513,,5.83376,,,,2.35027,2.07731,-0.1763,19204ca8-c802-4f83-bcdd-d568f66a75e9,2026-03-25,00:25:00.69,2026-03-24T17:25:00.6900736-07:00,2026-03-25T00:25:00.6900736Z,FlyBall,v3,471377,471434,63251d0db23648cabd526fef61ffaec8,"Burke, Brendan",832137,Right,SAN_DON,49cc347b-cd61-40a5-bb06-034ff1080af4,53.93092,-128.38986,10.96272,6.34295,-6.21447,-9.81815,1.06569,-3.26176,0.78075,189.905026,2.35052,69.95232,-15.66833,3.53447,-0.41616,-0.03014,0.01942,-0.00261,0.00012,2.07434,104.4757,-25.38175,3.12235,-0.67264,0.10316,-0.00658,-0.00036,5E-05,-0.17514,3.94685,1.61268,-0.5261,-0.0161,0.06166,-0.01927,0.0025,-0.00012,,,,,,,,,,,,,,,,,,,,,,,High,High,High,High,Medium,,,,,,,,,,,,,,,,,,,,,,,,,,,,,,,,,,
244,2026-03-24,17:27:44.88,1,1,"Pollock, Aiden",833437,Right,NEV_WOL,"Esquivel, Eddison",832131,Left,SAN_DON,Undefined,7,Top,0,0,0,Curveball,Curveball,StrikeSwinging,Undefined,Undefined,Undefined,0,0,,73.7082,1.763555,-1.24895,2820.691876,28.461155,7:00,5.56023,1.67443,5.87943,-64.28937,-13.02564,-7.8717,1.84152,-0.14164,68.31665,-9.962946,-2.664307,0.515319,,,,,,,,,,,,3.70516,-6.75378,-1.56889,50,5.66521,2.60703,-107.18196,1.34186,4.31534,18.31608,-40.04011,NEV_WOL,SAN_DON,DonWeirField,D1,MW,20260324-DonWeirField-2,71cad880-27e1-11f1-a2d7-53166a682b59,73.14384,,,5.39155,,,,,,,19204ca8-c802-4f83-bcdd-d568f66a75e9,2026-03-25,00:27:44.88,2026-03-24T17:27:44.8849920-07:00,2026-03-25T00:27:44.8849920Z,,v3,471377,471434,63251d0db23648cabd526fef61ffaec8,"Snakenborg, Nate",833445,Right,NEV_WOL,068ef34a-0878-4084-b6e4-694f1a54fc72,54.62556,-107.96952,9.15804,5.5705,3.06351,-20.02006,-1.677,2.42148,2.15767,,,,,,,,,,,,,,,,,,,,,,,,,,,,,,,,,,,,,,,,,,,,,,,,,,,High,High,High,,,,,,,,,,,,,,,,,,,,,,,,,,,,,,,,,,,,
245,2026-03-24,17:28:05.49,1,2,"Pollock, Aiden",833437,Right,NEV_WOL,"Esquivel, Eddison",832131,Left,SAN_DON,Undefined,7,Top,0,0,1,Fastball,Four-Seam,BallCalled,Undefined,Undefined,Undefined,0,0,,90.31353,-3.056492,-2.034276,2127.963375,220.435097,1:15,5.61689,1.55636,5.8294,-21.70761,12.33453,9.68075,0.96217,0.47126,83.6746,-7.077875,-0.298363,0.419933,,,,,,,,,,,,-5.50189,7.37126,-1.39619,50,5.35404,4.25786,-131.12993,-7.73425,-9.68744,24.80926,-19.19508,NEV_WOL,SAN_DON,DonWeirField,D1,MW,20260324-DonWeirField-2,7e03f730-27e1-11f1-a2d7-53166a682b59,89.75826,,,6.63893,,,,,,,19204ca8-c802-4f83-bcdd-d568f66a75e9,2026-03-25,00:28:05.49,2026-03-24T17:28:05.4910976-07:00,2026-03-25T00:28:05.4910976Z,,v3,471377,471434,63251d0db23648cabd526fef61ffaec8,"Snakenborg, Nate",833445,Right,NEV_WOL,83d6d306-1784-462f-a7fe-c31d0ddbd0d7,54.67244,-132.01097,12.40463,5.61659,-7.05258,-9.59754,-1.55351,4.60189,-4.84372,,,,,,,,,,,,,,,,,,,,,,,,,,,,,,,,,,,,,,,,,,,,,,,,,,,High,High,High,,,,,,,,,,,,,,,,,,,,,,,,,,,,,,,,,,,,
246,2026-03-24,17:28:19.14,1,3,"Pollock, Aiden",833437,Right,NEV_WOL,"Esquivel, Eddison",832131,Left,SAN_DON,Undefined,7,Top,0,1,1,Curveball,Curveball,HitByPitch,Undefined,Undefined,Undefined,0,0,,72.18792,1.147394,-2.477097,2818.117386,26.841128,7:00,5.54643,1.54923,5.68004,-68.1233,-13.63162,-7.78957,0.94023,-1.41047,66.48986,-11.223617,-3.872153,0.531296,,,,,,,,,,,,3.23917,-6.9341,-1.33525,50,5.59968,4.79871,-104.7878,0.02827,3.56383,19.4403,-39.80312,NEV_WOL,SAN_DON,DonWeirField,D1,MW,20260324-DonWeirField-2,8634d410-27e1-11f1-a2d7-53166a682b59,70.94434,,,5.69807,,,,,,,19204ca8-c802-4f83-bcdd-d568f66a75e9,2026-03-25,00:28:19.14,2026-03-24T17:28:19.1424000-07:00,2026-03-25T00:28:19.1424000Z,,v3,471377,471434,63251d0db23648cabd526fef61ffaec8,"Snakenborg, Nate",833445,Right,NEV_WOL,55e34c85-ed85-4ea8-888e-8807fbaf7990,54.82435,-105.67902,9.72015,5.55656,1.85302,-19.90156,-1.5515,4.63533,1.78191,,,,,,,,,,,,,,,,,,,,,,,,,,,,,,,,,,,,,,,,,,,,,,,,,,,High,High,High,,,,,,,,,,,,,,,,,,,,,,,,,,,,,,,,,,,,
247,2026-03-24,17:28:55.55,2,1,"Pollock, Aiden",833437,Right,NEV_WOL,"Nystrom, Jackson",824263,Right,SAN_DON,Undefined,7,Top,0,0,0,Slider,Slider,BallCalled,Undefined,Undefined,Undefined,0,0,,80.94291,1.929813,-1.872521,2448.216097,130.033994,10:15,5.56042,1.45969,5.53542,-38.18211,4.53843,-4.02855,4.18405,-0.62692,74.93778,-5.063183,-2.589703,0.470424,,,,,,,,,,,,1.58449,2.20563,-1.29441,50,5.7025,4.0047,-117.5829,2.67304,2.24848,19.45431,-29.04418,NEV_WOL,SAN_DON,DonWeirField,D1,MW,20260324-DonWeirField-2,9be6b8f0-27e1-11f1-a2d7-53166a682b59,80.12434,,,6.00512,,,,,,,19204ca8-c802-4f83-bcdd-d568f66a75e9,2026-03-25,00:28:55.55,2026-03-24T17:28:55.5561984-07:00,2026-03-25T00:28:55.5561984Z,,v3,471377,471434,63251d0db23648cabd526fef61ffaec8,"Snakenborg, Nate",833445,Right,NEV_WOL,39b8fed5-d798-4c57-a96f-ea0a1bb16b90,54.96491,-118.40151,9.72716,5.56431,3.89517,-14.52209,-1.46093,3.91009,1.12424,,,,,,,,,,,,,,,,,,,,,,,,,,,,,,,,,,,,,,,,,,,,,,,,,,,High,High,High,,,,,,,,,,,,,,,,,,,,,,,,,,,,,,,,,,,,
248,2026-03-24,17:29:13.48,2,2,"Pollock, Aiden",833437,Right,NEV_WOL,"Nystrom, Jackson",824263,Right,SAN_DON,Undefined,7,Top,0,1,0,Slider,Slider,BallCalled,Undefined,Undefined,Undefined,0,0,,80.07153,-0.872856,-2.572303,2460.042937,130.948567,10:15,5.46675,1.50729,5.56034,-39.27124,4.60512,-3.83921,1.37777,-1.2175,74.17478,-8.037575,-3.256811,0.476746,,,,,,,,,,,,1.2898,2.92543,-1.28241,50,5.36521,5.37066,-116.26335,-3.07344,1.7772,20.43696,-28.14315,NEV_WOL,SAN_DON,DonWeirField,D1,MW,20260324-DonWeirField-2,a6920bb0-27e1-11f1-a2d7-53166a682b59,79.06195,,,5.89675,,,,,,,19204ca8-c802-4f83-bcdd-d568f66a75e9,2026-03-25,00:29:13.48,2026-03-24T17:29:13.4867968-07:00,2026-03-25T00:29:13.4867968Z,,v3,471377,471434,63251d0db23648cabd526fef61ffaec8,"Snakenborg, Nate",833445,Right,NEV_WOL,77d86444-8fcc-4c17-835a-b80ab911e343,54.94056,-117.12859,10.21848,5.47011,-1.88194,-14.07157,-1.5082,5.29542,0.8886,,,,,,,,,,,,,,,,,,,,,,,,,,,,,,,,,,,,,,,,,,,,,,,,,,,High,High,High,,,,,,,,,,,,,,,,,,,,,,,,,,,,,,,,,,,,
249,2026-03-24,17:29:32.07,2,3,"Pollock, Aiden",833437,Right,NEV_WOL,"Nystrom, Jackson",824263,Right,SAN_DON,Undefined,7,Top,0,2,0,Fastball,Four-Seam,FoulBallNotFieldable,Undefined,Undefined,Undefined,0,0,,89.25463,-0.562523,-1.528471,2301.395655,220.402014,1:15,5.62865,1.33886,5.98331,-21.0067,13.65851,10.76371,3.35649,0.81877,82.16252,-4.505439,0.406469,0.423758,,,,,,,,,,,,-5.92744,7.48067,-1.22409,50,5.5725,3.01725,-129.76205,-1.9363,-10.18436,25.19439,-19.32092,NEV_WOL,SAN_DON,DonWeirField,D1,MW,20260324-DonWeirField-2,b1a10240-27e1-11f1-a2d7-53166a682b59,88.94795,,,7.09211,,,,,,,19204ca8-c802-4f83-bcdd-d568f66a75e9,2026-03-25,00:29:32.07,2026-03-24T17:29:32.0722432-07:00,2026-03-25T00:29:32.0722432Z,,v3,471377,471434,63251d0db23648cabd526fef61ffaec8,"Snakenborg, Nate",833445,Right,NEV_WOL,257d1261-5971-4a63-bea3-584903678d17,54.51676,-130.63608,12.5972,5.62804,-1.26603,-9.66046,-1.33489,3.37055,-5.09218,,,,,,,,,,,,,,,,,,,,,,,,,,,,,,,,,,,,,,,,,,,,,,,,,,,High,High,High,,,,,,,,,,,,,,,,,,,,,,,,,,,,,,,,,,,,
250,2026-03-24,17:29:56.98,2,4,"Pollock, Aiden",833437,Right,NEV_WOL,"Nystrom, Jackson",824263,Right,SAN_DON,Undefined,7,Top,0,2,1,Fastball,Four-Seam,BallCalled,Undefined,Undefined,Undefined,0,0,,88.83246,-2.76436,-3.145828,2400.53736,217.447888,1:15,5.62808,1.2799,6.24174,-19.43918,15.55402,11.06264,1.45251,-0.70281,81.45259,-6.439787,-1.150131,0.425759,,,,,,,,,,,,-6.57012,9.15689,-1.05057,50,5.41203,6.63244,-128.82407,-6.78759,-11.06386,26.24213,-16.75417,NEV_WOL,SAN_DON,DonWeirField,D1,MW,20260324-DonWeirField-2,c07a2030-27e1-11f1-a2d7-53166a682b59,88.53008,,,7.37987,,,,,,,19204ca8-c802-4f83-bcdd-d568f66a75e9,2026-03-25,00:29:56.98,2026-03-24T17:29:56.9871360-07:00,2026-03-25T00:29:56.9871360Z,,v3,471377,471434,63251d0db23648cabd526fef61ffaec8,"Snakenborg, Nate",833445,Right,NEV_WOL,8614e4d0-0e0a-4186-9818-00648202ff81,54.25699,-129.68834,13.12107,5.62649,-6.2358,-8.37709,-1.27501,6.99682,-5.53193,,,,,,,,,,,,,,,,,,,,,,,,,,,,,,,,,,,,,,,,,,,,,,,,,,,High,High,High,,,,,,,,,,,,,,,,,,,,,,,,,,,,,,,,,,,,
251,2026-03-24,17:30:13.87,2,5,"Pollock, Aiden",833437,Right,NEV_WOL,"Nystrom, Jackson",824263,Right,SAN_DON,Undefined,7,Top,0,3,1,Fastball,Four-Seam,BallCalled,Walk,Undefined,Undefined,0,0,,89.10793,-0.684549,-1.342028,2351.618575,223.869456,1:30,5.56987,1.45506,6.02522,-20.79726,13.8469,12.36209,3.20256,1.24206,82.22273,-4.58741,0.882436,0.42363,,,,,,,,,,,,-6.68016,7.60863,-1.35658,50,5.50485,2.52396,-129.58763,-2.19698,-11.47494,24.49944,-19.10427,NEV_WOL,SAN_DON,DonWeirField,D1,MW,20260324-DonWeirField-2,ca8b2ec0-27e1-11f1-a2d7-53166a682b59,88.97497,,,6.8852,,,,,,,19204ca8-c802-4f83-bcdd-d568f66a75e9,2026-03-25,00:30:13.87,2026-03-24T17:30:13.8740736-07:00,2026-03-25T00:30:13.8740736Z,,v3,471377,471434,63251d0db23648cabd526fef61ffaec8,"Snakenborg, Nate",833445,Right,NEV_WOL,6df87c29-6ec3-4aa7-b178-5ca42fd17203,54.4747,-130.43086,12.24972,5.56915,-1.53944,-9.55213,-1.45025,2.91891,-5.73747,,,,,,,,,,,,,,,,,,,,,,,,,,,,,,,,,,,,,,,,,,,,,,,,,,,High,High,High,,,,,,,,,,,,,,,,,,,,,,,,,,,,,,,,,,,,
252,2026-03-24,17:31:12.69,3,1,"Pollock, Aiden",833437,Right,NEV_WOL,"Burke, Brendan",832137,Right,SAN_DON,Undefined,7,Top,0,0,0,Curveball,Curveball,StrikeCalled,Undefined,Undefined,Undefined,0,0,,74.70839,2.37874,-1.57078,2930.410781,35.967184,7:15,5.61165,1.32064,5.79242,-60.11448,-10.47209,-8.55016,2.81699,-0.85342,69.63993,-8.568723,-3.10295,0.507105,,,,,,,,,,,,3.98008,-5.49859,-1.18619,50,5.77129,3.28227,-108.64958,2.62947,4.81483,16.89146,-38.82586,NEV_WOL,SAN_DON,DonWeirField,D1,MW,20260324-DonWeirField-2,eda6ea20-27e1-11f1-a2d7-53166a682b59,74.32869,,,5.06846,,,,,,,19204ca8-c802-4f83-bcdd-d568f66a75e9,2026-03-25,00:31:12.69,2026-03-24T17:31:12.6922752-07:00,2026-03-25T00:31:12.6922752Z,,v3,471377,471434,63251d0db23648cabd526fef61ffaec8,"Snakenborg, Nate",833445,Right,NEV_WOL,9c185d94-1c90-4450-b931-2c3908f4d2e9,54.71256,-109.37978,8.44573,5.62135,4.30785,-19.41293,-1.32358,3.07413,2.40742,,,,,,,,,,,,,,,,,,,,,,,,,,,,,,,,,,,,,,,,,,,,,,,,,,,High,High,High,,,,,,,,,,,,,,,,,,,,,,,,,,,,,,,,,,,,
253,2026-03-24,17:31:30.66,3,2,"Pollock, Aiden",833437,Right,NEV_WOL,"Burke, Brendan",832137,Right,SAN_DON,Undefined,7,Top,0,0,1,Fastball,Sinker,BallCalled,Undefined,Undefined,Undefined,0,0,,91.30697,-1.284461,-3.885017,2365.03085,227.620139,1:30,5.59734,1.26074,6.20186,-20.29572,12.36296,12.59646,2.71744,-1.28125,84.81432,-5.082268,-1.617585,0.411311,,,,,,,,,,,,-7.40264,6.98193,-0.97447,50,5.49013,8.49314,-132.63786,-3.61915,-13.42969,23.48526,-19.5076,NEV_WOL,SAN_DON,DonWeirField,D1,MW,20260324-DonWeirField-2,f84a74b0-27e1-11f1-a2d7-53166a682b59,91.63969,,,6.49265,,,,,,,19204ca8-c802-4f83-bcdd-d568f66a75e9,2026-03-25,00:31:30.66,2026-03-24T17:31:30.6665472-07:00,2026-03-25T00:31:30.6665472Z,,v3,471377,471434,63251d0db23648cabd526fef61ffaec8,"Snakenborg, Nate",833445,Right,NEV_WOL,e0559c0d-7604-4be6-948a-28f13f1a1597,54.2995,-133.39697,11.74263,5.59692,-2.98861,-9.7538,-1.25601,8.92723,-6.71485,,,,,,,,,,,,,,,,,,,,,,,,,,,,,,,,,,,,,,,,,,,,,,,,,,,High,High,High,,,,,,,,,,,,,,,,,,,,,,,,,,,,,,,,,,,,
254,2026-03-24,17:31:47.70,3,3,"Pollock, Aiden",833437,Right,NEV_WOL,"Burke, Brendan",832137,Right,SAN_DON,Undefined,7,Top,0,1,1,Curveball,Curveball,InPlay,Undefined,FlyBall,HomeRun,0,3,,73.91864,2.075691,-1.257808,2810.064061,19.204259,6:45,5.54736,1.33888,5.91399,-60.80846,-10.20638,-4.04071,2.40776,-0.16541,68.74543,-9.031502,-1.984297,0.511983,98.88084,23.99487,-23.987904,1826.283971,98.88551,41.64909,-48.1834,399.97801,372.97136,-31.895037,4.039366,1.77189,-5.45229,-1.23563,50,5.67842,2.49667,-107.52222,2.07291,2.09162,17.18802,-38.61011,NEV_WOL,SAN_DON,DonWeirField,D1,MW,20260324-DonWeirField-2,02809770-27e2-11f1-a2d7-53166a682b59,73.62048,55.90262,,5.17321,,,,1.85581,2.47665,0.1882,19204ca8-c802-4f83-bcdd-d568f66a75e9,2026-03-25,00:31:47.70,2026-03-24T17:31:47.7048832-07:00,2026-03-25T00:31:47.7048832Z,FlyBall,v3,471377,471434,63251d0db23648cabd526fef61ffaec8,"Snakenborg, Nate",833445,Right,NEV_WOL,4c4363f1-dfb4-4af8-a19d-fc854a57f2c8,54.59093,-108.25362,8.59401,5.55525,3.71588,-19.30505,-1.33998,2.40766,1.04581,128.477381,1.85542,121.06264,-17.33287,3.9145,-1.00825,0.29552,-0.07628,0.012,-0.00078,2.47744,58.9506,-17.90207,0.87999,0.18246,-0.18551,0.06475,-0.01033,0.00063,0.18807,-53.85967,-0.46006,0.68199,-0.27889,0.08202,-0.01623,0.00171,-7E-05,,,,,,,,,,,,,,,,,,,,,,,High,High,High,High,Medium,,,,,,,,,,,,,,,,,,,,,,,,,,,,,,,,,,
255,2026-03-24,17:32:35.85,4,1,"Pollock, Aiden",833437,Right,NEV_WOL,"Bellisimo, Matteo",813814,Right,SAN_DON,Undefined,7,Top,0,0,0,Slider,Slider,StrikeSwinging,Undefined,Undefined,Undefined,0,0,,81.99947,-0.368144,-1.639661,2556.484608,133.542779,10:30,5.55844,1.36624,5.60632,-37.38219,4.37839,-3.31236,2.09946,-0.44079,75.70886,-7.215865,-2.231224,0.465109,,,,,,,,,,,,1.25315,2.68851,-1.22375,50,5.50264,3.54149,-119.1285,-2.02842,1.8107,21.7106,-28.28939,NEV_WOL,SAN_DON,DonWeirField,D1,MW,20260324-DonWeirField-2,1f2fe240-27e2-11f1-a2d7-53166a682b59,81.04001,,,6.29061,,,,,,,19204ca8-c802-4f83-bcdd-d568f66a75e9,2026-03-25,00:32:35.85,2026-03-24T17:32:35.8598656-07:00,2026-03-25T00:32:35.8598656Z,,v3,471377,471434,63251d0db23648cabd526fef61ffaec8,"Snakenborg, Nate",833445,Right,NEV_WOL,57e2c642-ac5a-408d-bf18-164a0264cec5,54.89388,-120.01707,10.8553,5.56196,-0.87059,-14.1447,-1.36718,3.46738,0.90535,,,,,,,,,,,,,,,,,,,,,,,,,,,,,,,,,,,,,,,,,,,,,,,,,,,High,High,High,,,,,,,,,,,,,,,,,,,,,,,,,,,,,,,,,,,,
256,2026-03-24,17:32:51.80,4,2,"Pollock, Aiden",833437,Right,NEV_WOL,"Bellisimo, Matteo",813814,Right,SAN_DON,Undefined,7,Top,0,0,1,Fastball,Four-Seam,StrikeCalled,Undefined,Undefined,Undefined,0,0,,90.30799,-1.779045,-2.513482,2313.985632,223.773811,1:30,5.68819,1.37935,5.9289,-20.34446,13.63568,12.10457,2.34002,0.05444,83.22788,-5.586837,-0.340921,0.41955,,,,,,,,,,,,-6.87473,7.76453,-1.18535,50,5.53425,5.25312,-131.16834,-4.73281,-12.07488,25.62828,-18.53631,NEV_WOL,SAN_DON,DonWeirField,D1,MW,20260324-DonWeirField-2,28add890-27e2-11f1-a2d7-53166a682b59,89.84009,,,7.08012,,,,,,,19204ca8-c802-4f83-bcdd-d568f66a75e9,2026-03-25,00:32:51.80,2026-03-24T17:32:51.8049280-07:00,2026-03-25T00:32:51.8049280Z,,v3,471377,471434,63251d0db23648cabd526fef61ffaec8,"Snakenborg, Nate",833445,Right,NEV_WOL,ce2f4ba3-2234-4af2-923d-61525861bb95,54.57192,-132.0586,12.81414,5.68747,-4.08891,-9.26815,-1.37511,5.67257,-6.03744,,,,,,,,,,,,,,,,,,,,,,,,,,,,,,,,,,,,,,,,,,,,,,,,,,,High,High,High,,,,,,,,,,,,,,,,,,,,,,,,,,,,,,,,,,,,
257,2026-03-24,17:33:06.49,4,3,"Pollock, Aiden",833437,Right,NEV_WOL,"Bellisimo, Matteo",813814,Right,SAN_DON,Undefined,7,Top,0,0,2,Slider,Slider,BallCalled,Undefined,Undefined,Undefined,0,0,,82.61299,-1.172917,-3.568178,2612.843185,110.313231,9:45,5.71729,1.27084,5.6382,-38.98604,2.46295,-3.19028,1.37194,-2.32815,76.07907,-8.290207,-4.136892,0.463371,,,,,,,,,,,,0.62366,1.98709,-0.96517,50,5.59261,7.59593,-119.751,-3.79004,0.90568,23.10744,-29.28839,NEV_WOL,SAN_DON,DonWeirField,D1,MW,20260324-DonWeirField-2,317af570-27e2-11f1-a2d7-53166a682b59,81.34405,,,6.53392,,,,,,,19204ca8-c802-4f83-bcdd-d568f66a75e9,2026-03-25,00:33:06.49,2026-03-24T17:33:06.4996864-07:00,2026-03-25T00:33:06.4996864Z,,v3,471377,471434,63251d0db23648cabd526fef61ffaec8,"Snakenborg, Nate",833445,Right,NEV_WOL,70172273-70ad-4e85-9aef-950007413daa,54.861,-120.68535,11.55372,5.72191,-2.60577,-14.6442,-1.27157,7.55931,0.45284,,,,,,,,,,,,,,,,,,,,,,,,,,,,,,,,,,,,,,,,,,,,,,,,,,,High,High,High,,,,,,,,,,,,,,,,,,,,,,,,,,,,,,,,,,,,
258,2026-03-24,17:33:20.72,4,4,"Pollock, Aiden",833437,Right,NEV_WOL,"Bellisimo, Matteo",813814,Right,SAN_DON,Undefined,7,Top,0,1,2,Curveball,Curveball,StrikeSwinging,Strikeout,Undefined,Undefined,0,0,,74.40108,1.220036,-0.505174,2925.619345,32.388573,7:00,5.57895,1.33921,5.59975,-66.18358,-14.59076,-10.36375,1.20289,0.00393,68.08732,-10.813406,-2.361818,0.516971,,,,,,,,,,,,5.13642,-7.42075,-1.28887,50,5.63989,1.32448,-108.03151,0.18614,5.97879,21.46425,-40.81176,NEV_WOL,SAN_DON,DonWeirField,D1,MW,20260324-DonWeirField-2,39f1dc00-27e2-11f1-a2d7-53166a682b59,72.91019,,,6.31375,,,,,,,19204ca8-c802-4f83-bcdd-d568f66a75e9,2026-03-25,00:33:20.72,2026-03-24T17:33:20.7240000-07:00,2026-03-25T00:33:20.7240000Z,,v3,471377,471434,63251d0db23648cabd526fef61ffaec8,"Snakenborg, Nate",833445,Right,NEV_WOL,429a346d-1a54-49df-bbf2-bb1a134e2221,54.90416,-109.00154,10.73213,5.5898,2.03053,-20.40588,-1.34262,1.05428,2.9894,,,,,,,,,,,,,,,,,,,,,,,,,,,,,49.63161,,,1.60752,,,,-5.03274,3.96385,6.24005,68.96245,13.77249,-55.86024,-4.95287,49.00548,-1.8766,4.09642,30.3192,-15.10412,6.12513,-42.28042,2.30736,High,High,High,,,High,Medium,High,,,,,,,,,,,,,,,,,,,,,,,,,,,,,,,
259,2026-03-24,17:33:51.12,5,1,"Pollock, Aiden",833437,Right,NEV_WOL,"Walsh, Nick",832135,Left,SAN_DON,Undefined,7,Top,1,0,0,Fastball,Four-Seam,StrikeSwinging,Undefined,Undefined,Undefined,0,0,,89.46332,-2.117021,-2.793653,2308.624232,223.774435,1:30,5.49896,1.54524,5.94843,-21.43474,13.14249,11.62749,1.74595,-0.07899,82.62097,-6.116557,-0.70636,0.42322,,,,,,,,,,,,-6.72103,7.60052,-1.32954,50,5.3181,5.86731,-129.91762,-5.49791,-11.59615,24.79945,-19.06049,NEV_WOL,SAN_DON,DonWeirField,D1,MW,20260324-DonWeirField-2,4c076040-27e2-11f1-a2d7-53166a682b59,89.06103,,,6.84235,,,,,,,19204ca8-c802-4f83-bcdd-d568f66a75e9,2026-03-25,00:33:51.12,2026-03-24T17:33:51.1271936-07:00,2026-03-25T00:33:51.1271936Z,,v3,471377,471434,63251d0db23648cabd526fef61ffaec8,"Snakenborg, Nate",833445,Right,NEV_WOL,78073b7e-bc0b-42fc-a370-15faed8e98fe,54.55311,-130.78386,12.39972,5.49851,-4.83213,-9.53025,-1.54156,6.27236,-5.79808,,,,,,,,,,,,,,,,,,,,,,,,,,,,,,,,,,,,,,,,,,,,,,,,,,,High,High,High,,,,,,,,,,,,,,,,,,,,,,,,,,,,,,,,,,,,
260,2026-03-24,17:34:08.80,5,2,"Pollock, Aiden",833437,Right,NEV_WOL,"Walsh, Nick",832135,Left,SAN_DON,Undefined,7,Top,1,0,1,ChangeUp,Changeup,BallCalled,Undefined,Undefined,Undefined,0,0,,82.92281,-1.19764,-3.375554,2282.25844,251.075155,2:15,5.27956,1.71464,5.95345,-32.01305,8.49032,21.083,1.499,0.33739,76.20232,-7.131773,0.410434,0.458054,,,,,,,,,,,,-11.76737,5.06075,-1.458,50,5.16617,6.28732,-120.35583,-3.52787,-17.30074,22.85248,-24.73359,NEV_WOL,SAN_DON,DonWeirField,D1,MW,20260324-DonWeirField-2,569789e0-27e2-11f1-a2d7-53166a682b59,82.28812,,,6.72049,,,,,,,19204ca8-c802-4f83-bcdd-d568f66a75e9,2026-03-25,00:34:08.80,2026-03-24T17:34:08.8066048-07:00,2026-03-25T00:34:08.8066048Z,,v3,471377,471434,63251d0db23648cabd526fef61ffaec8,"Snakenborg, Nate",833445,Right,NEV_WOL,32999959-2e90-4bba-93c8-560f18b0f8cc,54.54802,-121.2163,11.42624,5.28147,-2.59657,-12.36679,-1.707,6.93875,-8.65037,,,,,,,,,,,,,,,,,,,,,,,,,,,,,,,,,,,,,,,,,,,,,,,,,,,High,High,High,,,,,,,,,,,,,,,,,,,,,,,,,,,,,,,,,,,,
261,2026-03-24,17:34:23.88,5,3,"Pollock, Aiden",833437,Right,NEV_WOL,"Walsh, Nick",832135,Left,SAN_DON,Undefined,7,Top,1,1,1,Curveball,Curveball,StrikeCalled,Undefined,Undefined,Undefined,0,0,,74.64194,2.128463,-0.840303,2872.667755,27.83643,7:00,5.5273,1.54963,5.79099,-65.66181,-14.5493,-8.63008,2.03662,0.0487,67.86429,-9.886425,-2.389688,0.514559,,,,,,,,,,,,4.11295,-7.57103,-1.47526,50,5.66351,1.90256,-108.30466,1.94373,4.79592,22.14193,-41.00225,NEV_WOL,SAN_DON,DonWeirField,D1,MW,20260324-DonWeirField-2,5fa02920-27e2-11f1-a2d7-53166a682b59,73.25196,,,6.77765,,,,,,,19204ca8-c802-4f83-bcdd-d568f66a75e9,2026-03-25,00:34:23.88,2026-03-24T17:34:23.8806016-07:00,2026-03-25T00:34:23.8806016Z,,v3,471377,471434,63251d0db23648cabd526fef61ffaec8,"Snakenborg, Nate",833445,Right,NEV_WOL,251000ed-e392-44d8-85cd-6acebff8cecd,54.71143,-109.26362,11.07096,5.54087,3.71953,-20.50113,-1.55316,1.69485,2.39796,,,,,,,,,,,,,,,,,,,,,,,,,,,,,,,,,,,,,,,,,,,,,,,,,,,High,High,High,,,,,,,,,,,,,,,,,,,,,,,,,,,,,,,,,,,,
262,2026-03-24,17:34:39.86,5,4,"Pollock, Aiden",833437,Right,NEV_WOL,"Walsh, Nick",832135,Left,SAN_DON,Undefined,7,Top,1,1,2,Fastball,Four-Seam,InPlay,Undefined,GroundBall,Out,1,0,,91.09486,-1.445565,-2.796518,2331.540741,222.960065,1:30,5.60405,1.58266,5.96689,-19.67533,13.74898,11.8656,2.62225,-0.02349,83.71381,-5.141222,-0.66638,0.416105,77.05635,-36.040109,41.455419,,,,,3.81464,1.94197,36.393297,0.036031,-6.83697,7.75241,-1.36753,50,5.4783,5.96064,-132.27578,-3.97018,-12.1848,26.65612,-18.35777,NEV_WOL,SAN_DON,DonWeirField,D1,MW,20260324-DonWeirField-2,6916cc70-27e2-11f1-a2d7-53166a682b59,90.58399,2.40271,,7.38105,,,,0.59575,2.40271,0.07715,19204ca8-c802-4f83-bcdd-d568f66a75e9,2026-03-25,00:34:39.86,2026-03-24T17:34:39.8604800-07:00,2026-03-25T00:34:39.8604800Z,GroundBall,v3,471377,471434,63251d0db23648cabd526fef61ffaec8,"Snakenborg, Nate",833445,Right,NEV_WOL,7b8cb7f2-db27-49bf-86b4-04929e6b793c,54.5334,-133.18621,13.32806,5.6032,-3.34318,-9.17888,-1.57822,6.3768,-6.0924,,0.59461,68.6883,,,,,,,,2.40382,-66.685,,,,,,,,0.07614,60.67506,,,,,,,,,,,,,,,,,,,,,,,,,,,,,,High,High,High,Low,Low,,,,,,,,,,,,,,,,,,,,,,,,,,,,,,,,,,
263,2026-03-24,17:35:11.12,6,1,"Pollock, Aiden",833437,Right,NEV_WOL,"Lewis, Jordan",702590,Right,SAN_DON,Undefined,7,Top,2,0,0,Slider,Slider,BallCalled,Undefined,Undefined,Undefined,0,0,,82.274,-0.465271,-1.147895,2449.520253,177.123261,12:00,5.64185,1.40689,5.50776,-37.87754,3.61906,-0.1222,2.05017,0.32306,76.18281,-7.38133,-1.169694,0.463637,,,,,,,,,,,,-0.22886,2.29358,-1.30663,50,5.57553,2.40092,-119.57924,-2.27746,-0.33421,21.2015,-28.82452,NEV_WOL,SAN_DON,DonWeirField,D1,MW,20260324-DonWeirField-2,7bbe7e90-27e2-11f1-a2d7-53166a682b59,81.29736,,,6.09119,,,,,,,19204ca8-c802-4f83-bcdd-d568f66a75e9,2026-03-25,00:35:11.12,2026-03-24T17:35:11.1249920-07:00,2026-03-25T00:35:11.1249920Z,,v3,471377,471434,63251d0db23648cabd526fef61ffaec8,"Snakenborg, Nate",833445,Right,NEV_WOL,3ea288a9-1ed2-4871-9e43-7273e743370f,54.9932,-120.46129,10.60075,5.64533,-1.07828,-14.41226,-1.4068,2.41482,-0.16711,,,,,,,,,,,,,,,,,,,,,,,,,,,,,,,,,,,,,,,,,,,,,,,,,,,High,High,High,,,,,,,,,,,,,,,,,,,,,,,,,,,,,,,,,,,,
264,2026-03-24,17:35:23.94,6,2,"Pollock, Aiden",833437,Right,NEV_WOL,"Lewis, Jordan",702590,Right,SAN_DON,Undefined,7,Top,2,1,0,Fastball,Four-Seam,StrikeSwinging,Undefined,Undefined,Undefined,0,0,,88.4211,-3.009311,-4.103972,2307.629095,216.203368,1:15,5.56082,1.27603,6.21294,-20.3284,15.46257,10.40375,1.07983,-1.65099,80.32514,-6.861794,-2.231428,0.430584,,,,,,,,,,,,-6.61587,9.28752,-0.97287,50,5.32428,8.75788,-127.93967,-7.32532,-10.87543,28.42436,-16.90684,NEV_WOL,SAN_DON,DonWeirField,D1,MW,20260324-DonWeirField-2,835b58d0-27e2-11f1-a2d7-53166a682b59,87.53793,,,8.09596,,,,,,,19204ca8-c802-4f83-bcdd-d568f66a75e9,2026-03-25,00:35:23.94,2026-03-24T17:35:23.9465984-07:00,2026-03-25T00:35:23.9465984Z,,v3,471377,471434,63251d0db23648cabd526fef61ffaec8,"Snakenborg, Nate",833445,Right,NEV_WOL,6bd1cd56-e5a9-48ef-b13a-f6babf8257ff,54.28484,-128.88812,14.21218,5.55929,-6.76118,-8.45342,-1.27116,9.12077,-5.43772,,,,,,,,,,,,,,,,,,,,,,,,,,,,,,,,,,,,,,,,,,,,,,,,,,,High,High,High,,,,,,,,,,,,,,,,,,,,,,,,,,,,,,,,,,,,
265,2026-03-24,17:35:38.14,6,3,"Pollock, Aiden",833437,Right,NEV_WOL,"Lewis, Jordan",702590,Right,SAN_DON,Undefined,7,Top,2,1,1,Slider,Slider,StrikeCalled,Undefined,Undefined,Undefined,0,0,,83.7121,-0.754425,-2.557462,2538.296296,187.077659,12:15,5.57268,1.49374,5.58108,-37.12061,3.11193,0.23598,1.77398,-0.87664,77.16922,-7.542327,-2.515362,0.45652,,,,,,,,,,,,-0.80539,2.14024,-1.27387,50,5.48339,5.41791,-121.51349,-2.89188,-1.2084,23.02885,-28.96283,NEV_WOL,SAN_DON,DonWeirField,D1,MW,20260324-DonWeirField-2,8bd15500-27e2-11f1-a2d7-53166a682b59,82.56464,,,6.54287,,,,,,,19204ca8-c802-4f83-bcdd-d568f66a75e9,2026-03-25,00:35:38.14,2026-03-24T17:35:38.1440512-07:00,2026-03-25T00:35:38.1440512Z,,v3,471377,471434,63251d0db23648cabd526fef61ffaec8,"Snakenborg, Nate",833445,Right,NEV_WOL,9751f84b-5859-44f9-8a1e-030ea8b5530f,54.91908,-122.4422,11.51443,5.57646,-1.72387,-14.48141,-1.49334,5.46664,-0.6042,,,,,,,,,,,,,,,,,,,,,,,,,,,,,,,,,,,,,,,,,,,,,,,,,,,High,High,High,,,,,,,,,,,,,,,,,,,,,,,,,,,,,,,,,,,,
266,2026-03-24,17:35:54.13,6,4,"Pollock, Aiden",833437,Right,NEV_WOL,"Lewis, Jordan",702590,Right,SAN_DON,Undefined,7,Top,2,1,2,Curveball,Curveball,BallCalled,Undefined,Undefined,Undefined,0,0,,75.93695,0.412017,-2.244282,2987.997925,29.279364,7:00,5.6532,1.30207,5.76788,-62.64933,-13.7691,-8.5715,0.81617,-1.50195,70.14497,-10.966176,-3.78271,0.503197,,,,,,,,,,,,3.74512,-6.82532,-1.11093,50,5.64877,4.62723,-110.31585,-1.19463,4.58342,20.88265,-40.52712,NEV_WOL,SAN_DON,DonWeirField,D1,MW,20260324-DonWeirField-2,95676730-27e2-11f1-a2d7-53166a682b59,74.90593,,,5.79197,,,,,,,19204ca8-c802-4f83-bcdd-d568f66a75e9,2026-03-25,00:35:54.13,2026-03-24T17:35:54.1304832-07:00,2026-03-25T00:35:54.1304832Z,,v3,471377,471434,63251d0db23648cabd526fef61ffaec8,"Snakenborg, Nate",833445,Right,NEV_WOL,005cdd25-70f2-47aa-88b2-8e894c73cba8,54.73659,-111.20886,10.44133,5.6628,0.53845,-20.26356,-1.30462,4.43123,2.29171,,,,,,,,,,,,,,,,,,,,,,,,,,,,,,,,,,,,,,,,,,,,,,,,,,,High,High,High,,,,,,,,,,,,,,,,,,,,,,,,,,,,,,,,,,,,
267,2026-03-24,17:36:13.01,6,5,"Pollock, Aiden",833437,Right,NEV_WOL,"Lewis, Jordan",702590,Right,SAN_DON,Undefined,7,Top,2,2,2,Slider,Slider,StrikeSwinging,Strikeout,Undefined,Undefined,0,0,,82.99663,-1.327944,-2.546327,2368.825788,171.311627,11:45,5.65848,1.28144,5.6808,-32.34888,8.2993,-1.08665,1.72342,-1.1843,76.74869,-7.269619,-2.740463,0.458872,,,,,,,,,,,,-0.10028,4.92209,-1.0661,50,5.52606,5.4018,-120.50463,-3.86524,-0.14853,21.82957,-24.88405,NEV_WOL,SAN_DON,DonWeirField,D1,MW,20260324-DonWeirField-2,a0a3fd70-27e2-11f1-a2d7-53166a682b59,82.14145,,,6.24794,,,,,,,19204ca8-c802-4f83-bcdd-d568f66a75e9,2026-03-25,00:36:13.01,2026-03-24T17:36:13.0110000-07:00,2026-03-25T00:36:13.0110000Z,,v3,471377,471434,63251d0db23648cabd526fef61ffaec8,"Snakenborg, Nate",833445,Right,NEV_WOL,9e976922-3700-4fcd-9844-e8612085e6e4,54.81945,-121.37454,10.91479,5.66033,-2.87361,-12.44202,-1.28148,5.40772,-0.07427,,,,,,,,,,,,,,,,,,,,,,,,,,,,,52.51801,2.465527,1.062451,1.403076,0.48285,1.60322,1.22903,-3.17006,4.362,5.79878,70.90717,6.2084,-53.89273,-3.16246,55.41489,-1.87121,4.44659,23.84488,-16.11423,5.75101,-46.94986,3.17252,High,High,High,,,High,High,High,,,,,,,,,,,,,,,,,,,,,,,,,,,,,,,
268,2026-03-24,17:39:03.17,1,1,"Gonzalez, Alan",1000357637,Right,SAN_DON,"Metcho, Jack",824189,Right,NEV_WOL,Undefined,7,Bottom,0,0,0,Slider,Slider,StrikeSwinging,Undefined,Undefined,Undefined,0,0,,85.22918,-2.612895,-2.315494,2076.712892,191.730741,12:30,6.50326,1.2389,5.72357,-28.31005,10.14808,1.87547,1.70668,-0.7627,78.97252,-7.815654,-1.979922,0.44634,,,,,,,,,,,,-1.54433,6.17252,-1.04667,50,6.2672,4.92694,-123.70411,-6.5908,-2.41496,22.55981,-22.52171,NEV_WOL,SAN_DON,DonWeirField,D1,MW,20260324-DonWeirField-2,060ada30-27e3-11f1-a2d7-53166a682b59,84.44789,,,6.25666,,,,,,,19204ca8-c802-4f83-bcdd-d568f66a75e9,2026-03-25,00:39:03.17,2026-03-24T17:39:03.1704064-07:00,2026-03-25T00:39:03.1704064Z,,v3,471377,471434,63251d0db23648cabd526fef61ffaec8,"Burke, Brendan",832137,Right,SAN_DON,d6a81637-4574-4688-a63d-3a53585be78d,54.777,-124.57224,11.27991,6.50414,-5.72414,-11.26085,-1.23806,5.01987,-1.20748,,,,,,,,,,,,,,,,,,,,,,,,,,,,,,,,,,,,,,,,,,,,,,,,,,,High,High,High,,,,,,,,,,,,,,,,,,,,,,,,,,,,,,,,,,,,
269,2026-03-24,17:39:19.49,1,2,"Gonzalez, Alan",1000357637,Right,SAN_DON,"Metcho, Jack",824189,Right,NEV_WOL,Undefined,7,Bottom,0,0,1,Fastball,Four-Seam,BallCalled,Undefined,Undefined,Undefined,0,0,,91.23165,-1.099014,-1.172881,2015.554165,195.886477,12:30,6.72017,1.01428,5.60072,-16.21733,17.61592,4.71583,4.34237,0.31215,83.5302,-4.165926,-0.33126,0.418642,,,,,,,,,,,,-2.69106,9.52075,-0.9169,50,6.61561,2.49843,-132.46734,-3.05048,-4.79798,27.39573,-15.19927,NEV_WOL,SAN_DON,DonWeirField,D1,MW,20260324-DonWeirField-2,0fbc63a0-27e3-11f1-a2d7-53166a682b59,90.03494,,,7.70146,,,,,,,19204ca8-c802-4f83-bcdd-d568f66a75e9,2026-03-25,00:39:19.49,2026-03-24T17:39:19.4920448-07:00,2026-03-25T00:39:19.4920448Z,,v3,471377,471434,63251d0db23648cabd526fef61ffaec8,"Burke, Brendan",832137,Right,SAN_DON,3e40d578-257e-419c-8b79-e962503df9db,54.89719,-133.4763,13.69786,6.71765,-2.49071,-7.59964,-1.01216,2.67513,-2.39899,,,,,,,,,,,,,,,,,,,,,,,,,,,,,,,,,,,,,,,,,,,,,,,,,,,High,High,High,,,,,,,,,,,,,,,,,,,,,,,,,,,,,,,,,,,,
270,2026-03-24,17:39:34.05,1,3,"Gonzalez, Alan",1000357637,Right,SAN_DON,"Metcho, Jack",824189,Right,NEV_WOL,Undefined,7,Bottom,0,1,1,Slider,Slider,StrikeSwinging,Undefined,Undefined,Undefined,0,0,,85.29525,-2.299058,-1.850343,2155.93513,156.586935,11:15,6.44105,1.35843,5.69528,-30.63978,7.87067,-2.91449,1.74292,-0.60943,78.88082,-7.91884,-2.371813,0.446643,,,,,,,,,,,,1.00906,4.94729,-1.20109,50,6.22852,4.11781,-123.82911,-6.01164,1.57612,23.3416,-24.44646,NEV_WOL,SAN_DON,DonWeirField,D1,MW,20260324-DonWeirField-2,1873fcb0-27e3-11f1-a2d7-53166a682b59,84.39051,,,6.41443,,,,,,,19204ca8-c802-4f83-bcdd-d568f66a75e9,2026-03-25,00:39:34.05,2026-03-24T17:39:34.0505600-07:00,2026-03-25T00:39:34.0505600Z,,v3,471377,471434,63251d0db23648cabd526fef61ffaec8,"Burke, Brendan",832137,Right,SAN_DON,fce92ed9-9fe0-4a5e-98a4-9bcad75110b3,54.80519,-124.73159,11.6708,6.44268,-5.06644,-12.22323,-1.35912,4.05686,0.78806,,,,,,,,,,,,,,,,,,,,,,,,,,,,,,,,,,,,,,,,,,,,,,,,,,,High,High,High,,,,,,,,,,,,,,,,,,,,,,,,,,,,,,,,,,,,
271,2026-03-24,17:39:53.77,1,4,"Gonzalez, Alan",1000357637,Right,SAN_DON,"Metcho, Jack",824189,Right,NEV_WOL,Undefined,7,Bottom,0,1,2,Slider,Slider,BallCalled,Undefined,Undefined,Undefined,0,0,,85.75488,-3.072716,-2.935042,2192.924557,144.339923,10:45,6.44131,1.26048,5.59914,-30.75033,7.62453,-4.65114,1.00357,-1.86968,79.38446,-8.679274,-3.764559,0.445856,,,,,,,,,,,,1.60929,5.00709,-1.00566,50,6.15739,6.56119,-124.30589,-7.74167,2.53048,23.76392,-24.30084,NEV_WOL,SAN_DON,DonWeirField,D1,MW,20260324-DonWeirField-2,242f38d0-27e3-11f1-a2d7-53166a682b59,84.53947,,,6.37042,,,,,,,19204ca8-c802-4f83-bcdd-d568f66a75e9,2026-03-25,00:39:53.77,2026-03-24T17:39:53.7785344-07:00,2026-03-25T00:39:53.7785344Z,,v3,471377,471434,63251d0db23648cabd526fef61ffaec8,"Burke, Brendan",832137,Right,SAN_DON,ae29f830-e154-4f7f-9dba-ad62e9d173df,54.902,-125.23952,11.88196,6.44279,-6.78696,-12.15042,-1.26148,6.46178,1.26524,,,,,,,,,,,,,,,,,,,,,,,,,,,,,,,,,,,,,,,,,,,,,,,,,,,High,High,High,,,,,,,,,,,,,,,,,,,,,,,,,,,,,,,,,,,,
272,2026-03-24,17:40:13.12,1,5,"Gonzalez, Alan",1000357637,Right,SAN_DON,"Metcho, Jack",824189,Right,NEV_WOL,Undefined,7,Bottom,0,2,2,Slider,Slider,BallCalled,Undefined,Undefined,Undefined,0,0,,83.88725,-1.302682,-2.279878,2153.435845,113.598456,9:45,6.58622,1.0103,5.39573,-36.52266,3.66772,-5.7528,2.32068,-1.60683,77.74162,-7.939328,-3.302898,0.456281,,,,,,,,,,,,2.32193,2.52673,-0.8026,50,6.44409,5.08659,-121.79315,-4.07686,3.51449,22.19727,-28.34957,NEV_WOL,SAN_DON,DonWeirField,D1,MW,20260324-DonWeirField-2,2fbd2360-27e3-11f1-a2d7-53166a682b59,82.60792,,,6.14563,,,,,,,19204ca8-c802-4f83-bcdd-d568f66a75e9,2026-03-25,00:40:13.12,2026-03-24T17:40:13.1231744-07:00,2026-03-25T00:40:13.1231744Z,,v3,471377,471434,63251d0db23648cabd526fef61ffaec8,"Burke, Brendan",832137,Right,SAN_DON,c21706cb-aa48-4c63-bafa-18b1a084cb00,55.10501,-122.72004,11.09864,6.58961,-2.89308,-14.17479,-1.01193,4.93983,1.75724,,,,,,,,,,,,,,,,,,,,,,,,,,,,,,,,,,,,,,,,,,,,,,,,,,,High,High,High,,,,,,,,,,,,,,,,,,,,,,,,,,,,,,,,,,,,
273,2026-03-24,17:40:32.73,1,6,"Gonzalez, Alan",1000357637,Right,SAN_DON,"Metcho, Jack",824189,Right,NEV_WOL,Undefined,7,Bottom,0,3,2,Slider,Slider,FoulBallNotFieldable,Undefined,Undefined,Undefined,0,0,,84.64017,-2.787581,-1.313521,2117.276918,144.258076,10:45,6.57507,1.19058,5.46694,-32.93289,6.20146,-3.70295,1.21899,-0.34755,79.03793,-8.760817,-1.973981,0.450247,,,,,,,,,,,,1.58232,4.08831,-1.07232,50,6.30673,2.96768,-122.94956,-7.1461,2.45745,21.03991,-25.82458,NEV_WOL,SAN_DON,DonWeirField,D1,MW,20260324-DonWeirField-2,3b6cedd0-27e3-11f1-a2d7-53166a682b59,83.71511,,,5.60224,,,,,,,19204ca8-c802-4f83-bcdd-d568f66a75e9,2026-03-25,00:40:32.73,2026-03-24T17:40:32.7367168-07:00,2026-03-25T00:40:32.7367168Z,,v3,471377,471434,63251d0db23648cabd526fef61ffaec8,"Burke, Brendan",832137,Right,SAN_DON,f0943f58-742b-4983-8b31-1c5ca719b18e,55.03539,-123.80825,10.51996,6.57688,-6.09213,-12.91229,-1.19139,2.86739,1.22873,,,,,,,,,,,,,,,,,,,,,,,,,,,,,,,,,,,,,,,,,,,,,,,,,,,High,High,High,,,,,,,,,,,,,,,,,,,,,,,,,,,,,,,,,,,,
274,2026-03-24,17:40:54.41,1,7,"Gonzalez, Alan",1000357637,Right,SAN_DON,"Metcho, Jack",824189,Right,NEV_WOL,Undefined,7,Bottom,0,3,2,Fastball,Four-Seam,BallCalled,Walk,Undefined,Undefined,0,0,,90.76097,-1.399578,-2.393156,2128.004811,197.906132,12:30,6.72963,1.03252,5.73032,-18.72261,14.81481,4.50445,3.86457,-0.82219,84.45466,-4.88378,-1.588074,0.416808,,,,,,,,,,,,-2.825,8.14367,-0.83567,50,6.60116,5.31968,-131.93763,-3.84816,-5.07861,22.83934,-17.53391,NEV_WOL,SAN_DON,DonWeirField,D1,MW,20260324-DonWeirField-2,48518ec0-27e3-11f1-a2d7-53166a682b59,90.43114,,,6.30631,,,,,,,19204ca8-c802-4f83-bcdd-d568f66a75e9,2026-03-25,00:40:54.41,2026-03-24T17:40:54.4196608-07:00,2026-03-25T00:40:54.4196608Z,,v3,471377,471434,63251d0db23648cabd526fef61ffaec8,"Burke, Brendan",832137,Right,SAN_DON,dd3a6b6f-c0e5-4392-8dac-b1b67823d809,54.77024,-132.76082,11.41967,6.72847,-3.21619,-8.76696,-1.03071,5.50273,-2.5393,,,,,,,,,,,,,,,,,,,,,,,,,,,,,,,,,,,,,,,,,,,,,,,,,,,High,High,High,,,,,,,,,,,,,,,,,,,,,,,,,,,,,,,,,,,,
275,2026-03-24,17:41:27.53,2,1,"Gonzalez, Alan",1000357637,Right,SAN_DON,"Quiban, Rominic",1000111279,Left,NEV_WOL,Undefined,7,Bottom,0,0,0,Slider,Slider,InPlay,Undefined,FlyBall,Out,1,0,,83.54775,-0.585633,-1.166789,2021.224047,159.231038,11:15,6.53198,1.41266,5.56479,-33.36112,6.69071,-2.11413,3.20466,0.14632,77.47239,-6.697579,-1.544152,0.455494,100.29459,54.020339,-33.88738,4431.267218,85.32149,141.1072,-69.42753,295.14665,118.82978,-45.30598,6.645355,0.79378,3.85138,-1.31053,50,6.45924,2.55794,-121.47136,-2.38009,1.19932,21.29772,-26.35516,NEV_WOL,SAN_DON,DonWeirField,D1,MW,20260324-DonWeirField-2,5c178220-27e3-11f1-a2d7-53166a682b59,82.75073,172.0859,,6.07535,,,,1.47837,3.30572,0.0292,19204ca8-c802-4f83-bcdd-d568f66a75e9,2026-03-25,00:41:27.53,2026-03-24T17:41:27.5360768-07:00,2026-03-25T00:41:27.5360768Z,FlyBall,v3,471377,471434,63251d0db23648cabd526fef61ffaec8,"Burke, Brendan",832137,Right,SAN_DON,35f56d02-7afc-480b-af34-e6de72eb2cba,54.93675,-122.33387,10.64886,6.53401,-1.31277,-13.17758,-1.41314,2.50937,0.59966,,1.48628,71.62206,-20.06604,5.02515,-0.81124,0.0636,0.00238,-0.00079,4E-05,3.29871,119.10122,-27.20153,3.30369,-0.54918,0.0393,0.00592,-0.00144,8E-05,0.02483,-48.11899,6.35128,-1.16662,0.12399,-0.00407,1E-05,-9E-05,1E-05,,,,,,,,,,,,,,,,,,,,,,,High,High,High,Medium,Low,,,,,,,,,,,,,,,,,,,,,,,,,,,,,,,,,,
276,2026-03-24,17:42:16.04,3,1,"Gonzalez, Alan",1000357637,Right,SAN_DON,"Dobie, Jayce",833435,Right,NEV_WOL,Undefined,7,Bottom,1,0,0,Slider,Slider,StrikeCalled,Undefined,Undefined,Undefined,0,0,,86.17053,-1.308267,-2.045921,2127.448653,193.362539,12:30,6.55632,1.38506,5.62303,-32.83301,4.68941,0.87224,2.5984,-0.45228,80.16189,-7.305645,-1.890095,0.440876,,,,,,,,,,,,-0.93032,3.01051,-1.21115,50,6.42341,4.43794,-125.23853,-4.0238,-1.49851,21.93493,-27.32489,NEV_WOL,SAN_DON,DonWeirField,D1,MW,20260324-DonWeirField-2,790360c0-27e3-11f1-a2d7-53166a682b59,85.49436,,,6.00864,,,,,,,19204ca8-c802-4f83-bcdd-d568f66a75e9,2026-03-25,00:42:16.04,2026-03-24T17:42:16.0457728-07:00,2026-03-25T00:42:16.0457728Z,,v3,471377,471434,63251d0db23648cabd526fef61ffaec8,"Burke, Brendan",832137,Right,SAN_DON,1de6b069-f515-4a9b-b844-6f468d3dd2fd,54.87802,-126.08999,10.96747,6.55902,-2.96311,-13.66244,-1.38456,4.49611,-0.74925,,,,,,,,,,,,,,,,,,,,,,,,,,,,,,,,,,,,,,,,,,,,,,,,,,,High,High,High,,,,,,,,,,,,,,,,,,,,,,,,,,,,,,,,,,,,
277,2026-03-24,17:43:09.90,3,2,"Gonzalez, Alan",1000357637,Right,SAN_DON,"Dobie, Jayce",833435,Right,NEV_WOL,Undefined,7,Bottom,1,0,1,Fastball,Four-Seam,BallCalled,Undefined,Undefined,Undefined,0,0,,89.05066,-0.028913,-0.505013,2039.847963,196.177082,12:30,6.72914,1.29559,5.55604,-18.66068,16.59501,4.52772,5.14707,1.20102,82.16335,-3.523239,0.302463,0.427352,,,,,,,,,,,,-2.40465,8.70402,-1.25496,50,6.71436,0.94164,-129.45217,-0.67236,-4.13015,23.94159,-17.22435,NEV_WOL,SAN_DON,DonWeirField,D1,MW,20260324-DonWeirField-2,9912ed90-27e3-11f1-a2d7-53166a682b59,88.19997,,,6.88731,,,,,,,19204ca8-c802-4f83-bcdd-d568f66a75e9,2026-03-25,00:43:09.90,2026-03-24T17:43:09.9073536-07:00,2026-03-25T00:43:09.9073536Z,,v3,471377,471434,63251d0db23648cabd526fef61ffaec8,"Burke, Brendan",832137,Right,SAN_DON,c049ae7a-47ee-4a3b-adb3-c71174256215,54.94291,-130.36313,11.9708,6.72747,-0.01698,-8.61218,-1.29377,1.09879,-2.06508,,,,,,,,,,,,,,,,,,,,,,,,,,,,,,,,,,,,,,,,,,,,,,,,,,,High,High,High,,,,,,,,,,,,,,,,,,,,,,,,,,,,,,,,,,,,
278,2026-03-24,17:43:30.10,3,3,"Gonzalez, Alan",1000357637,Right,SAN_DON,"Dobie, Jayce",833435,Right,NEV_WOL,Undefined,7,Bottom,1,1,1,Fastball,Four-Seam,BallCalled,Undefined,Undefined,Undefined,0,0,,89.14948,-1.033519,-1.361399,1945.82369,190.292725,12:15,6.63197,1.29865,5.99342,-19.35375,15.3865,2.60973,4.061,0.25425,82.09763,-4.677551,-0.89221,0.424217,,,,,,,,,,,,-1.68252,8.48583,-1.19276,50,6.53971,2.97022,-129.57657,-2.92828,-2.88403,24.99872,-17.62854,NEV_WOL,SAN_DON,DonWeirField,D1,MW,20260324-DonWeirField-2,a51ebab0-27e3-11f1-a2d7-53166a682b59,88.85179,,,7.05185,,,,,,,19204ca8-c802-4f83-bcdd-d568f66a75e9,2026-03-25,00:43:30.10,2026-03-24T17:43:30.1071360-07:00,2026-03-25T00:43:30.1071360Z,,v3,471377,471434,63251d0db23648cabd526fef61ffaec8,"Burke, Brendan",832137,Right,SAN_DON,3d9a6cd2-bf67-4546-8fdc-39e12cf34d0b,54.50521,-130.44285,12.49936,6.6306,-2.3174,-8.81427,-1.29742,3.07016,-1.44201,,,,,,,,,,,,,,,,,,,,,,,,,,,,,,,,,,,,,,,,,,,,,,,,,,,High,High,High,,,,,,,,,,,,,,,,,,,,,,,,,,,,,,,,,,,,
279,2026-03-24,17:43:50.37,3,4,"Gonzalez, Alan",1000357637,Right,SAN_DON,"Dobie, Jayce",833435,Right,NEV_WOL,Undefined,7,Bottom,1,2,1,Slider,Slider,InPlay,Undefined,GroundBall,Out,2,0,,84.7284,-1.996542,-1.777922,2144.619396,151.808634,11:00,6.49354,1.40788,5.49258,-30.45242,9.0889,-4.20492,2.0865,-0.60624,77.8652,-7.585151,-2.527244,0.452582,75.14961,-9.048003,-20.671519,,,,,16.3279,14.8647,-16.756674,0.134883,1.64512,5.50532,-1.24923,50,6.29806,3.9883,-122.92452,-5.33329,2.51669,24.40886,-23.75199,NEV_WOL,SAN_DON,DonWeirField,D1,MW,20260324-DonWeirField-2,b138dfb0-27e3-11f1-a2d7-53166a682b59,83.28321,2.27632,,6.8632,,,,2.3035,2.27632,0.52656,19204ca8-c802-4f83-bcdd-d568f66a75e9,2026-03-25,00:43:50.37,2026-03-24T17:43:50.3790080-07:00,2026-03-25T00:43:50.3790080Z,GroundBall,v3,471377,471434,63251d0db23648cabd526fef61ffaec8,"Burke, Brendan",832137,Right,SAN_DON,f2c268a8-cde4-4480-a7ab-61c2950ae52e,55.00744,-123.91485,12.20443,6.4949,-4.36962,-11.876,-1.40897,3.88619,1.25834,143.877334,2.30408,101.78301,-21.92175,,,,,,,2.27581,-17.28305,3.07251,,,,,,,0.52681,-38.44909,-2.66026,,,,,,,,,,,,,,,,,,,,,,,,,,,,,High,High,High,High,High,,,,,,,,,,,,,,,,,,,,,,,,,,,,,,,,,,
280,2026-03-24,17:46:31.91,1,1,"Schat, Luke",1000302831,Right,NEV_WOL,"Landry, Isaiah",822879,Right,SAN_DON,Undefined,8,Top,0,0,0,Fastball,Four-Seam,StrikeCalled,Undefined,Undefined,Undefined,0,0,,89.29567,-1.402227,-3.568637,2315.613619,225.811016,1:30,5.42836,1.60908,6.5836,-21.80096,11.87044,11.28064,2.32383,-0.72547,82.93807,-5.503878,-1.522043,0.41764,,,,,,,,,,,,-6.79248,6.86528,-1.36891,50,5.3227,7.679,-129.81496,-3.81086,-11.77977,23.02821,-20.268,NEV_WOL,SAN_DON,DonWeirField,D1,MW,20260324-DonWeirField-2,118176c0-27e4-11f1-a2d7-53166a682b59,90.25103,,,6.3576,,,,,,,19204ca8-c802-4f83-bcdd-d568f66a75e9,2026-03-25,00:46:31.91,2026-03-24T17:46:31.9121920-07:00,2026-03-25T00:46:31.9121920Z,,v3,471377,471434,63251d0db23648cabd526fef61ffaec8,"Snakenborg, Nate",833445,Right,NEV_WOL,37c13e90-c311-47dd-850b-49934f075340,53.9184,-130.50821,11.5141,5.42824,-3.20071,-10.134,-1.60542,8.03362,-5.88989,,,,,,,,,,,,,,,,,,,,,,,,,,,,,,,,,,,,,,,,,,,,,,,,,,,High,High,High,,,,,,,,,,,,,,,,,,,,,,,,,,,,,,,,,,,,
281,2026-03-24,17:46:50.71,1,2,"Schat, Luke",1000302831,Right,NEV_WOL,"Landry, Isaiah",822879,Right,SAN_DON,Undefined,8,Top,0,0,1,Slider,Slider,StrikeSwinging,Undefined,Undefined,Undefined,0,0,,77.92869,-0.176562,-2.112678,2602.048243,128.79043,10:15,5.42238,1.81174,5.91347,-39.8912,6.23674,-5.91772,1.93413,-0.6431,71.43569,-7.548413,-3.174762,0.488825,,,,,,,,,,,,2.42004,3.70177,-1.63892,50,5.38559,4.39088,-113.1238,-1.55874,3.12354,21.40023,-27.3962,NEV_WOL,SAN_DON,DonWeirField,D1,MW,20260324-DonWeirField-2,1cb97920-27e4-11f1-a2d7-53166a682b59,77.10822,,,6.493,,,,,,,19204ca8-c802-4f83-bcdd-d568f66a75e9,2026-03-25,00:46:50.71,2026-03-24T17:46:50.7194880-07:00,2026-03-25T00:46:50.7194880Z,,v3,471377,471434,63251d0db23648cabd526fef61ffaec8,"Snakenborg, Nate",833445,Right,NEV_WOL,0bc757f0-85bc-4711-a23e-2fd917634956,54.58514,-113.98789,10.70012,5.42619,-0.45254,-13.6981,-1.81367,4.26476,1.56177,,,,,,,,,,,,,,,,,,,,,,,,,,,,,,,,,,,,,,,,,,,,,,,,,,,High,High,High,,,,,,,,,,,,,,,,,,,,,,,,,,,,,,,,,,,,
282,2026-03-24,17:47:10.59,1,3,"Schat, Luke",1000302831,Right,NEV_WOL,"Landry, Isaiah",822879,Right,SAN_DON,Undefined,8,Top,0,0,2,Slider,Slider,InPlay,Undefined,FlyBall,Error,0,0,,78.26509,-0.39692,-1.891193,2660.608317,118.072474,10:00,5.39645,1.95014,5.8469,-40.15845,4.39803,-6.31441,1.68086,-0.33414,73.79977,-7.722914,-3.02374,0.480426,88.88566,33.935393,-17.058516,3844.23289,104.82027,65.35451,-33.35719,364.75973,362.34888,-19.681463,5.179859,2.88209,2.6313,-1.79238,50,5.33994,3.9848,-113.96962,-2.03621,3.88916,15.84376,-28.62328,NEV_WOL,SAN_DON,DonWeirField,D1,MW,20260324-DonWeirField-2,28973160-27e4-11f1-a2d7-53166a682b59,78.45623,88.21085,,4.46532,,,,1.29032,1.73576,0.32099,19204ca8-c802-4f83-bcdd-d568f66a75e9,2026-03-25,00:47:10.59,2026-03-24T17:47:10.5987072-07:00,2026-03-25T00:47:10.5987072Z,FlyBall,v3,471377,471434,63251d0db23648cabd526fef61ffaec8,"Snakenborg, Nate",833445,Right,NEV_WOL,a9b8ab3a-83c4-46b6-9fc7-8b1a59e7f190,54.65649,-114.61513,7.92188,5.39915,-0.87004,-14.31164,-1.9515,3.82635,1.94458,170.777761,1.29343,103.33991,-16.97959,3.65796,-0.5232,0.03231,0.00218,-0.00035,1E-05,1.73431,72.7976,-16.96883,0.84078,-0.00859,-0.06272,0.02341,-0.00352,0.00019,0.32031,-31.71506,3.39846,-0.64795,0.06501,0.00479,-0.00227,0.00022,-1E-05,,,,,,,,,,,,,,,,,,,,,,,High,High,High,High,High,,,,,,,,,,,,,,,,,,,,,,,,,,,,,,,,,,
283,2026-03-24,17:48:10.18,2,1,"Schat, Luke",1000302831,Right,NEV_WOL,"Hiromoto, Jake",1000542611,Right,SAN_DON,Undefined,8,Top,0,0,0,Slider,Slider,StrikeSwinging,Undefined,Undefined,Undefined,0,0,,79.27353,-0.051702,-3.629024,2505.399466,183.562169,12:00,5.64175,1.72933,5.92668,-33.17525,10.71945,0.59358,2.82908,-1.59303,73.67791,-6.177311,-3.522782,0.476845,,,,,,,,,,,,-1.15598,5.90181,-1.43915,50,5.61866,7.2787,-115.11011,-1.10449,-1.57475,18.30133,-24.13412,NEV_WOL,SAN_DON,DonWeirField,D1,MW,20260324-DonWeirField-2,4c1a6120-27e4-11f1-a2d7-53166a682b59,79.04543,,,5.59562,,,,,,,19204ca8-c802-4f83-bcdd-d568f66a75e9,2026-03-25,00:48:10.18,2026-03-24T17:48:10.1880832-07:00,2026-03-25T00:48:10.1880832Z,,v3,471377,471434,63251d0db23648cabd526fef61ffaec8,"Snakenborg, Nate",833445,Right,NEV_WOL,c22cc24c-0c48-4561-9676-2dfda2dfe67c,54.57288,-115.83487,9.15067,5.64347,-0.14875,-12.06706,-1.72863,7.34106,-0.78738,,,,,,,,,,,,,,,,,,,,,,,,,,,,,,,,,,,,,,,,,,,,,,,,,,,High,High,High,,,,,,,,,,,,,,,,,,,,,,,,,,,,,,,,,,,,
284,2026-03-24,17:48:27.54,2,2,"Schat, Luke",1000302831,Right,NEV_WOL,"Hiromoto, Jake",1000542611,Right,SAN_DON,Undefined,8,Top,0,0,1,Slider,Slider,StrikeSwinging,Undefined,Undefined,Undefined,0,0,,78.44742,-0.469187,-2.499122,2641.367599,129.951595,10:15,5.56292,1.71882,5.85633,-38.61101,6.36414,-6.1241,1.90899,-1.11496,72.97962,-7.554213,-3.596468,0.482678,,,,,,,,,,,,2.53646,3.75358,-1.51219,50,5.50202,5.19856,-114.01554,-2.12538,3.37783,18.66988,-27.17534,NEV_WOL,SAN_DON,DonWeirField,D1,MW,20260324-DonWeirField-2,5676d090-27e4-11f1-a2d7-53166a682b59,78.09019,,,5.4678,,,,,,,19204ca8-c802-4f83-bcdd-d568f66a75e9,2026-03-25,00:48:27.54,2026-03-24T17:48:27.5464704-07:00,2026-03-25T00:48:27.5464704Z,,v3,471377,471434,63251d0db23648cabd526fef61ffaec8,"Snakenborg, Nate",833445,Right,NEV_WOL,39270629-0cab-4dd9-b036-e73195bd9e41,54.64465,-114.77357,9.33494,5.56592,-1.022,-13.58767,-1.72048,5.06141,1.68892,,,,,,,,,,,,,,,,,,,,,,,,,,,,,,,,,,,,,,,,,,,,,,,,,,,High,High,High,,,,,,,,,,,,,,,,,,,,,,,,,,,,,,,,,,,,
285,2026-03-24,17:48:47.31,2,3,"Schat, Luke",1000302831,Right,NEV_WOL,"Hiromoto, Jake",1000542611,Right,SAN_DON,Undefined,8,Top,0,0,2,Slider,Slider,StrikeSwinging,Strikeout,Undefined,Undefined,0,0,,77.70046,0.336731,-2.667401,2569.992147,112.935869,9:45,5.55695,1.72985,5.89275,-41.66719,4.19394,-6.908,2.39768,-1.32423,72.14468,-7.314139,-3.905368,0.487409,,,,,,,,,,,,2.87843,2.4687,-1.51089,50,5.56001,5.51011,-112.90678,-0.6153,3.75285,18.62802,-28.95539,NEV_WOL,SAN_DON,DonWeirField,D1,MW,20260324-DonWeirField-2,62384e40-27e4-11f1-a2d7-53166a682b59,77.33222,,,5.55578,,,,,,,19204ca8-c802-4f83-bcdd-d568f66a75e9,2026-03-25,00:48:47.31,2026-03-24T17:48:47.3158144-07:00,2026-03-25T00:48:47.3158144Z,,v3,471377,471434,63251d0db23648cabd526fef61ffaec8,"Snakenborg, Nate",833445,Right,NEV_WOL,6d759327-96d7-42c1-a753-6cd94cc00495,54.60798,-113.66449,9.31401,5.56109,0.56248,-14.4777,-1.73191,5.35746,1.87643,,,,,,,,,,,,,,,,,,,,,,,,,,,,,,,,,,,,,,,,,,,,,,,,,,,High,High,High,,,,,,,,,,,,,,,,,,,,,,,,,,,,,,,,,,,,
286,2026-03-24,17:49:17.50,3,1,"Schat, Luke",1000302831,Right,NEV_WOL,"Rogers, TJ",1000114247,Right,SAN_DON,Undefined,8,Top,1,0,0,Slider,Slider,StrikeCalled,Undefined,Undefined,Undefined,0,0,,77.16333,-0.35202,-1.880918,2625.940266,110.566858,9:45,5.54803,1.70501,5.84632,-41.74628,4.93693,-9.57847,1.74186,-0.84174,71.5448,-8.012051,-3.598594,0.491758,,,,,,,,,,,,4.4352,3.01866,-1.54621,50,5.4947,4.02651,-112.15243,-1.96446,5.68485,19.07779,-28.30487,NEV_WOL,SAN_DON,DonWeirField,D1,MW,20260324-DonWeirField-2,743baa10-27e4-11f1-a2d7-53166a682b59,76.64832,,,5.61853,,,,,,,19204ca8-c802-4f83-bcdd-d568f66a75e9,2026-03-25,00:49:17.50,2026-03-24T17:49:17.5036416-07:00,2026-03-25T00:49:17.5036416Z,,v3,471377,471434,63251d0db23648cabd526fef61ffaec8,"Snakenborg, Nate",833445,Right,NEV_WOL,38abebf3-cdc7-4ef0-a246-85c14f36308e,54.65465,-112.94143,9.53889,5.55174,-0.79385,-14.15243,-1.70787,3.79139,2.84242,,,,,,,,,,,,,,,,,,,,,,,,,,,,,,,,,,,,,,,,,,,,,,,,,,,High,High,High,,,,,,,,,,,,,,,,,,,,,,,,,,,,,,,,,,,,
287,2026-03-24,17:49:34.36,3,2,"Schat, Luke",1000302831,Right,NEV_WOL,"Rogers, TJ",1000114247,Right,SAN_DON,Undefined,8,Top,1,0,1,Fastball,Sinker,BallCalled,Undefined,Undefined,Undefined,0,0,,88.30584,-2.068639,-4.345441,2253.131603,224.086191,1:30,5.51826,1.68411,6.6033,-21.04324,13.43249,12.10548,1.86334,-1.29551,82.06143,-6.031812,-2.151537,0.422599,,,,,,,,,,,,-7.39347,7.85508,-1.39218,50,5.36779,9.29947,-128.2152,-5.23048,-12.51598,22.29823,-18.87661,NEV_WOL,SAN_DON,DonWeirField,D1,MW,20260324-DonWeirField-2,7e45dad0-27e4-11f1-a2d7-53166a682b59,89.19204,,,6.24441,,,,,,,19204ca8-c802-4f83-bcdd-d568f66a75e9,2026-03-25,00:49:34.36,2026-03-24T17:49:34.3626752-07:00,2026-03-25T00:49:34.3626752Z,,v3,471377,471434,63251d0db23648cabd526fef61ffaec8,"Snakenborg, Nate",833445,Right,NEV_WOL,aead75d6-1973-4cc1-a6bd-7a334c95482a,53.8985,-128.89141,11.14912,5.51772,-4.65803,-9.43831,-1.67995,9.67903,-6.25799,,,,,,,,,,,,,,,,,,,,,,,,,,,,,,,,,,,,,,,,,,,,,,,,,,,High,High,High,,,,,,,,,,,,,,,,,,,,,,,,,,,,,,,,,,,,
288,2026-03-24,17:49:52.27,3,3,"Schat, Luke",1000302831,Right,NEV_WOL,"Rogers, TJ",1000114247,Right,SAN_DON,Undefined,8,Top,1,1,1,Slider,Slider,BallCalled,Undefined,Undefined,Undefined,0,0,,78.59981,-0.738215,-3.89637,2495.902782,178.35788,12:00,5.58687,1.73322,5.91582,-35.71104,9.11926,-0.22563,1.92421,-1.90729,73.01731,-7.309585,-3.936746,0.4819,,,,,,,,,,,,-0.83622,5.25685,-1.42037,50,5.50708,7.77719,-114.06614,-2.55182,-1.11488,18.6381,-25.16551,NEV_WOL,SAN_DON,DonWeirField,D1,MW,20260324-DonWeirField-2,88f52530-27e4-11f1-a2d7-53166a682b59,78.21626,,,5.5825,,,,,,,19204ca8-c802-4f83-bcdd-d568f66a75e9,2026-03-25,00:49:52.27,2026-03-24T17:49:52.2790912-07:00,2026-03-25T00:49:52.2790912Z,,v3,471377,471434,63251d0db23648cabd526fef61ffaec8,"Snakenborg, Nate",833445,Right,NEV_WOL,0428eafa-17dd-4741-a221-e4310a8b1393,54.58423,-114.81274,9.31905,5.58911,-1.54373,-12.58276,-1.7328,7.82185,-0.55744,,,,,,,,,,,,,,,,,,,,,,,,,,,,,,,,,,,,,,,,,,,,,,,,,,,High,High,High,,,,,,,,,,,,,,,,,,,,,,,,,,,,,,,,,,,,
289,2026-03-24,17:50:11.49,3,4,"Schat, Luke",1000302831,Right,NEV_WOL,"Rogers, TJ",1000114247,Right,SAN_DON,Undefined,8,Top,1,2,1,Slider,Slider,BallCalled,Undefined,Undefined,Undefined,0,0,,79.62712,-1.239339,-3.533585,2531.364798,108.384745,9:30,5.61661,1.76528,5.80214,-41.30093,3.16697,-5.28453,1.01984,-1.96572,73.25469,-8.801082,-4.478665,0.479948,,,,,,,,,,,,1.69685,2.36244,-1.47147,50,5.48981,7.32463,-115.43917,-3.81266,2.28088,22.26904,-28.99852,NEV_WOL,SAN_DON,DonWeirField,D1,MW,20260324-DonWeirField-2,94694630-27e4-11f1-a2d7-53166a682b59,78.53435,,,6.37243,,,,,,,19204ca8-c802-4f83-bcdd-d568f66a75e9,2026-03-25,00:50:11.49,2026-03-24T17:50:11.4922496-07:00,2026-03-25T00:50:11.4922496Z,,v3,471377,471434,63251d0db23648cabd526fef61ffaec8,"Snakenborg, Nate",833445,Right,NEV_WOL,b07dc1b8-a803-4aa6-90cf-61d37387d56a,54.69825,-116.34197,11.13452,5.62055,-2.63705,-14.49926,-1.76654,7.23216,1.14044,,,,,,,,,,,,,,,,,,,,,,,,,,,,,,,,,,,,,,,,,,,,,,,,,,,High,High,High,,,,,,,,,,,,,,,,,,,,,,,,,,,,,,,,,,,,
290,2026-03-24,17:50:30.57,3,5,"Schat, Luke",1000302831,Right,NEV_WOL,"Rogers, TJ",1000114247,Right,SAN_DON,Undefined,8,Top,1,3,1,Fastball,Sinker,StrikeCalled,Undefined,Undefined,Undefined,0,0,,88.81895,-2.413219,-3.575795,2202.714314,226.979105,1:30,5.52208,1.69323,6.55199,-19.3667,14.86713,14.88828,1.68971,-0.34925,82.22057,-6.077492,-0.875445,0.421113,,,,,,,,,,,,-8.72808,8.71493,-1.45215,50,5.34653,7.50899,-129.00653,-5.98073,-14.89152,23.71786,-17.30495,NEV_WOL,SAN_DON,DonWeirField,D1,MW,20260324-DonWeirField-2,9fc10590-27e4-11f1-a2d7-53166a682b59,89.50661,,,6.59838,,,,,,,19204ca8-c802-4f83-bcdd-d568f66a75e9,2026-03-25,00:50:30.57,2026-03-24T17:50:30.5797120-07:00,2026-03-25T00:50:30.5797120Z,,v3,471377,471434,63251d0db23648cabd526fef61ffaec8,"Snakenborg, Nate",833445,Right,NEV_WOL,e82932a2-f057-4383-9a28-b302f96cb32e,53.94992,-129.73069,11.85893,5.52106,-5.45237,-8.65248,-1.68836,7.96366,-7.44576,,,,,,,,,,,,,,,,,,,,,,,,,,,,,,,,,,,,,,,,,,,,,,,,,,,High,High,High,,,,,,,,,,,,,,,,,,,,,,,,,,,,,,,,,,,,
291,2026-03-24,17:50:47.09,3,6,"Schat, Luke",1000302831,Right,NEV_WOL,"Rogers, TJ",1000114247,Right,SAN_DON,Undefined,8,Top,1,3,2,Slider,Slider,StrikeSwinging,Strikeout,Undefined,Undefined,0,0,,78.97623,-0.173709,-2.279222,2721.870515,87.258064,9:00,5.54034,1.83976,5.80484,-44.03774,0.73579,-11.93292,1.70886,-1.27547,73.1012,-8.228768,-4.416469,0.481595,,,,,,,,,,,,5.50268,0.8137,-1.64537,50,5.49968,5.0096,-114.74095,-1.75588,7.35972,20.58323,-31.08574,NEV_WOL,SAN_DON,DonWeirField,D1,MW,20260324-DonWeirField-2,a9a33bf0-27e4-11f1-a2d7-53166a682b59,78.26582,,,5.87503,,,,,,,19204ca8-c802-4f83-bcdd-d568f66a75e9,2026-03-25,00:50:47.09,2026-03-24T17:50:47.0982656-07:00,2026-03-25T00:50:47.0982656Z,,v3,471377,471434,63251d0db23648cabd526fef61ffaec8,"Snakenborg, Nate",833445,Right,NEV_WOL,37ac0271-c5b8-4db0-a756-47d367a96590,54.69653,-115.58039,10.29161,5.54544,-0.48812,-15.54287,-1.84356,4.70945,3.67986,,,,,,,,,,,,,,,,,,,,,,,,,,,,,,,,,,,,,,,,,,,,,,,,,,,High,High,High,,,,,,,,,,,,,,,,,,,,,,,,,,,,,,,,,,,,
292,2026-03-24,17:51:18.91,4,1,"Schat, Luke",1000302831,Right,NEV_WOL,"Esquivel, Eddison",832131,Left,SAN_DON,Undefined,8,Top,2,0,0,Fastball,Sinker,InPlay,Undefined,FlyBall,Double,0,1,,88.68053,-0.177769,-3.329419,2415.446585,226.247906,1:30,5.37141,2.07564,6.63797,-20.10395,13.79705,13.51024,3.53307,0.15007,82.52328,-3.979358,-0.875486,0.419061,86.60635,38.440001,-34.235359,,87.84854,75.30401,-66.20144,324.39285,294.40839,-41.136853,5.084281,-7.88638,7.60217,-1.85576,50,5.35081,7.01568,-129.04574,-0.95425,-13.57076,21.70045,-19.09234,NEV_WOL,SAN_DON,DonWeirField,D1,MW,20260324-DonWeirField-2,bc927e60-27e4-11f1-a2d7-53166a682b59,89.94493,92.30736,,6.15725,,,,0.02732,3.42617,-0.09589,19204ca8-c802-4f83-bcdd-d568f66a75e9,2026-03-25,00:51:18.91,2026-03-24T17:51:18.9191680-07:00,2026-03-25T00:51:18.9191680Z,FlyBall,v3,471377,471434,63251d0db23648cabd526fef61ffaec8,"Snakenborg, Nate",833445,Right,NEV_WOL,22f84a8d-46b4-4a40-b658-c5931a47cf70,53.86443,-129.69396,10.85023,5.3708,-0.38394,-9.54617,-2.07138,7.42106,-6.78538,154.518638,0.03094,82.17493,-15.31344,3.12247,-0.34733,-0.02045,0.01235,-0.00137,5E-05,3.42496,78.99157,-20.57966,1.92419,-0.33171,0.01053,0.01293,-0.00271,0.00017,-0.09651,-55.9627,5.55608,-1.03502,0.15249,-0.01721,0.00245,-0.00039,3E-05,,,,,,,,,,,,,,,,,,,,,,,High,High,High,High,Low,,,,,,,,,,,,,,,,,,,,,,,,,,,,,,,,,,
293,2026-03-24,17:52:12.91,5,1,"Schat, Luke",1000302831,Right,NEV_WOL,"Kallinger, Myles",824264,Right,SAN_DON,Undefined,8,Top,2,0,0,Slider,Slider,BallCalled,Undefined,Undefined,Undefined,0,0,,77.8244,1.489996,-2.473244,2453.22435,185.946733,12:15,5.52125,1.94277,5.9135,-36.53738,9.52638,0.84551,3.86096,-0.28365,71.32345,-5.298159,-2.321719,0.488485,,,,,,,,,,,,-1.1035,4.91898,-1.74483,50,5.6201,4.84691,-112.94184,1.85275,-1.42848,20.14706,-25.80644,NEV_WOL,SAN_DON,DonWeirField,D1,MW,20260324-DonWeirField-2,dcc8cd10-27e4-11f1-a2d7-53166a682b59,77.16197,,,6.50095,,,,,,,19204ca8-c802-4f83-bcdd-d568f66a75e9,2026-03-25,00:52:12.91,2026-03-24T17:52:12.9140224-07:00,2026-03-25T00:52:12.9140224Z,,v3,471377,471434,63251d0db23648cabd526fef61ffaec8,"Snakenborg, Nate",833445,Right,NEV_WOL,f44fe2f1-8c47-4ab4-8615-def1745ba718,54.58442,-113.75669,10.07353,5.52406,2.89649,-12.90322,-1.94203,4.90469,-0.71424,,,,,,,,,,,,,,,,,,,,,,,,,,,,,,,,,,,,,,,,,,,,,,,,,,,High,High,High,,,,,,,,,,,,,,,,,,,,,,,,,,,,,,,,,,,,
294,2026-03-24,17:52:31.78,5,2,"Schat, Luke",1000302831,Right,NEV_WOL,"Kallinger, Myles",824264,Right,SAN_DON,Undefined,8,Top,2,1,0,Slider,Slider,InPlay,Undefined,GroundBall,Double,0,1,,77.21217,0.42085,-2.255686,2510.634329,176.755947,12:00,5.3408,1.78869,5.82424,-35.94494,11.14221,-0.54638,2.73695,-0.35497,70.65801,-6.25403,-2.353512,0.493881,76.89949,3.351783,-42.261139,3534.398088,,,,57.20062,54.71901,-41.618329,0.526031,-0.36209,6.00693,-1.60389,50,5.35393,4.43418,-112.07018,-0.23779,-0.45938,20.71167,-24.55291,NEV_WOL,SAN_DON,DonWeirField,D1,MW,20260324-DonWeirField-2,e80c8f40-27e4-11f1-a2d7-53166a682b59,76.31884,3.12341,,6.55416,,,,2.22507,2.65309,0.40338,19204ca8-c802-4f83-bcdd-d568f66a75e9,2026-03-25,00:52:31.78,2026-03-24T17:52:31.7895680-07:00,2026-03-25T00:52:31.7895680Z,GroundBall,v3,471377,471434,63251d0db23648cabd526fef61ffaec8,"Snakenborg, Nate",833445,Right,NEV_WOL,3585c5fd-7e4e-44c2-b8f4-fa9930cc7658,54.67496,-112.93086,10.35583,5.34262,0.78251,-12.27645,-1.78855,4.45326,-0.22969,,2.23322,83.12016,-11.57298,,,,,,,2.66917,6.18423,-21.4577,,,,,,,0.40417,-75.74047,5.2267,,,,,,,,,,,,,,,,,,,,,,,,,,,,,High,High,High,High,High,,,,,,,,,,,,,,,,,,,,,,,,,,,,,,,,,,
295,2026-03-24,17:53:23.46,6,1,"Schat, Luke",1000302831,Right,NEV_WOL,"Burke, Brendan",832137,Right,SAN_DON,Undefined,8,Top,2,0,0,Slider,Slider,BallCalled,Undefined,Undefined,Undefined,0,0,,79.58124,-1.494182,-3.206802,2519.077107,184.661347,12:15,5.43805,1.76,5.95481,-36.9086,7.10831,0.46929,0.97415,-1.17797,73.4121,-8.29308,-3.122573,0.477509,,,,,,,,,,,,-1.12295,4.43575,-1.50521,50,5.29822,6.45306,-115.47723,-4.13822,-1.51846,21.22122,-26.17602,NEV_WOL,SAN_DON,DonWeirField,D1,MW,20260324-DonWeirField-2,06d25e00-27e5-11f1-a2d7-53166a682b59,78.93561,,,6.16914,,,,,,,19204ca8-c802-4f83-bcdd-d568f66a75e9,2026-03-25,00:53:23.46,2026-03-24T17:53:23.4680832-07:00,2026-03-25T00:53:23.4680832Z,,v3,471377,471434,63251d0db23648cabd526fef61ffaec8,"Snakenborg, Nate",833445,Right,NEV_WOL,70a687a5-caaa-41c5-bd27-bdb11b5c0c34,54.54603,-116.30966,10.61061,5.4404,-3.11144,-13.08801,-1.7595,6.51262,-0.75923,,,,,,,,,,,,,,,,,,,,,,,,,,,,,,,,,,,,,,,,,,,,,,,,,,,High,High,High,,,,,,,,,,,,,,,,,,,,,,,,,,,,,,,,,,,,
296,2026-03-24,17:53:44.08,6,2,"Schat, Luke",1000302831,Right,NEV_WOL,"Burke, Brendan",832137,Right,SAN_DON,Undefined,8,Top,2,1,0,Slider,Slider,FoulBallNotFieldable,Undefined,Undefined,Undefined,0,0,,78.96025,-0.286214,-2.543476,2645.070868,192.832171,12:30,5.49762,1.82228,5.87656,-34.8988,10.10343,1.96917,2.3233,-0.37745,72.2268,-6.765049,-2.190488,0.482823,,,,,,,,,,,,-1.74488,5.68237,-1.61775,50,5.45428,5.01678,-114.57965,-1.6233,-2.3115,21.86537,-24.64645,NEV_WOL,SAN_DON,DonWeirField,D1,MW,20260324-DonWeirField-2,13226010-27e5-11f1-a2d7-53166a682b59,78.06671,,,6.73345,,,,,,,19204ca8-c802-4f83-bcdd-d568f66a75e9,2026-03-25,00:53:44.08,2026-03-24T17:53:44.0877056-07:00,2026-03-25T00:53:44.0877056Z,,v3,471377,471434,63251d0db23648cabd526fef61ffaec8,"Snakenborg, Nate",833445,Right,NEV_WOL,a78d46be-bb8a-41eb-995c-cd616f8cd16b,54.62225,-115.45835,10.93269,5.49962,-0.63284,-12.32323,-1.82122,5.10968,-1.15575,,,,,,,,,,,,,,,,,,,,,,,,,,,,,,,,,,,,,,,,,,,,,,,,,,,High,High,High,,,,,,,,,,,,,,,,,,,,,,,,,,,,,,,,,,,,
297,2026-03-24,17:54:05.75,6,3,"Schat, Luke",1000302831,Right,NEV_WOL,"Burke, Brendan",832137,Right,SAN_DON,Undefined,8,Top,2,1,1,Fastball,Sinker,StrikeCalled,Undefined,Undefined,Undefined,0,0,,88.31967,-2.035563,-3.716644,2483.710426,228.038826,1:30,5.33346,1.81873,6.59376,-20.56946,14.1128,14.55934,1.74955,-0.37813,81.46679,-5.931502,-1.074577,0.423863,,,,,,,,,,,,-8.61784,8.2639,-1.57017,50,5.18522,7.79015,-128.25317,-5.13152,-14.47843,24.37217,-18.29025,NEV_WOL,SAN_DON,DonWeirField,D1,MW,20260324-DonWeirField-2,202bee20-27e5-11f1-a2d7-53166a682b59,88.92609,,,6.85287,,,,,,,19204ca8-c802-4f83-bcdd-d568f66a75e9,2026-03-25,00:54:05.75,2026-03-24T17:54:05.7597952-07:00,2026-03-25T00:54:05.7597952Z,,v3,471377,471434,63251d0db23648cabd526fef61ffaec8,"Snakenborg, Nate",833445,Right,NEV_WOL,fd4b70a1-9cbc-4bcb-b880-8d4ea32405f9,53.9074,-128.99356,12.18608,5.33266,-4.57589,-9.14512,-1.81351,8.22998,-7.23922,,,,,,,,,,,,,,,,,,,,,,,,,,,,,,,,,,,,,,,,,,,,,,,,,,,High,High,High,,,,,,,,,,,,,,,,,,,,,,,,,,,,,,,,,,,,
298,2026-03-24,17:54:24.05,6,4,"Schat, Luke",1000302831,Right,NEV_WOL,"Burke, Brendan",832137,Right,SAN_DON,Undefined,8,Top,2,1,2,Slider,Slider,FoulBallNotFieldable,Undefined,Undefined,Undefined,0,0,,79.51804,-1.102965,-2.538066,2533.386231,151.398125,11:00,5.59038,1.70724,5.89415,-35.66065,8.03571,-3.72693,1.59348,-0.96135,74.00787,-7.654973,-3.206533,0.475767,,,,,,,,,,,,1.30772,4.75177,-1.50055,50,5.4807,5.25763,-115.56402,-3.32344,1.79019,19.0597,-25.66918,NEV_WOL,SAN_DON,DonWeirField,D1,MW,20260324-DonWeirField-2,2af30640-27e5-11f1-a2d7-53166a682b59,79.2246,,,5.51018,,,,,,,19204ca8-c802-4f83-bcdd-d568f66a75e9,2026-03-25,00:54:24.05,2026-03-24T17:54:24.0517632-07:00,2026-03-25T00:54:24.0517632Z,,v3,471377,471434,63251d0db23648cabd526fef61ffaec8,"Snakenborg, Nate",833445,Right,NEV_WOL,4710e3fa-3367-4e32-b2b6-e75dd76f48dd,54.60707,-116.32137,9.52985,5.5925,-2.30346,-12.83459,-1.70806,5.1865,0.8951,,,,,,,,,,,,,,,,,,,,,,,,,,,,,,,,,,,,,,,,,,,,,,,,,,,High,High,High,,,,,,,,,,,,,,,,,,,,,,,,,,,,,,,,,,,,
299,2026-03-24,17:54:47.39,6,5,"Schat, Luke",1000302831,Right,NEV_WOL,"Burke, Brendan",832137,Right,SAN_DON,Undefined,8,Top,2,1,2,Slider,Slider,BallCalled,Undefined,Undefined,Undefined,0,0,,80.44952,0.937787,-2.420921,2740.995044,124.958836,10:15,5.66528,1.48547,5.85771,-36.97352,6.18048,-6.98343,3.4563,-1.34707,73.92781,-5.894334,-3.671157,0.472805,,,,,,,,,,,,2.90138,3.32571,-1.28489,50,5.71998,5.20685,-116.79539,0.74374,4.01763,21.48833,-27.56886,NEV_WOL,SAN_DON,DonWeirField,D1,MW,20260324-DonWeirField-2,38db3480-27e5-11f1-a2d7-53166a682b59,79.72091,,,6.5217,,,,,,,19204ca8-c802-4f83-bcdd-d568f66a75e9,2026-03-25,00:54:47.39,2026-03-24T17:54:47.3981952-07:00,2026-03-25T00:54:47.3981952Z,,v3,471377,471434,63251d0db23648cabd526fef61ffaec8,"Snakenborg, Nate",833445,Right,NEV_WOL,030d9bd0-809b-45cc-ad31-021ef3931e08,54.64105,-117.64616,10.74416,5.66892,1.83526,-13.78443,-1.48789,5.04779,2.00882,,,,,,,,,,,,,,,,,,,,,,,,,,,,,,,,,,,,,,,,,,,,,,,,,,,High,High,High,,,,,,,,,,,,,,,,,,,,,,,,,,,,,,,,,,,,
300,2026-03-24,17:55:07.07,6,6,"Schat, Luke",1000302831,Right,NEV_WOL,"Burke, Brendan",832137,Right,SAN_DON,Undefined,8,Top,2,2,2,Fastball,Four-Seam,StrikeCalled,Strikeout,Undefined,Undefined,0,0,,89.7226,-2.354093,-3.735173,2408.886466,222.09865,1:30,5.55737,1.50561,6.67253,-20.22411,13.47327,11.22957,1.71255,-0.98063,82.38474,-6.194391,-1.694738,0.417801,,,,,,,,,,,,-6.93776,8.06709,-1.25935,50,5.39105,8.07785,-130.20243,-5.91572,-11.94567,26.56215,-18.28383,NEV_WOL,SAN_DON,DonWeirField,D1,MW,20260324-DonWeirField-2,44900800-27e5-11f1-a2d7-53166a682b59,90.21626,,,7.33786,,,,,,,19204ca8-c802-4f83-bcdd-d568f66a75e9,2026-03-25,00:55:07.07,2026-03-24T17:55:07.0730000-07:00,2026-03-25T00:55:07.0730000Z,,v3,471377,471434,63251d0db23648cabd526fef61ffaec8,"Snakenborg, Nate",833445,Right,NEV_WOL,01760f52-821f-4424-b4bb-82db69739992,53.82765,-130.98097,13.28107,5.55658,-5.37982,-9.14191,-1.50124,8.42798,-5.97283,,,,,,,,,,,,,,,,,,,,,,,,,,,,,51.86338,2.782667,1.29751,1.485156,1.28865,1.69863,0.98441,-4.14522,3.86039,5.76102,72.0105,9.80078,-52.79796,-4.1279,54.21239,-1.98671,3.96226,27.7323,-16.04738,5.68953,-44.17717,3.24286,High,High,High,,,High,High,High,,,,,,,,,,,,,,,,,,,,,,,,,,,,,,,
301,2026-03-24,17:58:27.30,1,1,"Busby, Trevor",1000459266,Right,SAN_DON,"Blythe, Noah",1000392576,Right,NEV_WOL,Undefined,8,Bottom,0,0,0,Fastball,,InPlay,Undefined,LineDrive,Double,0,0,,,,,,,,,,,,,,,,,,,,,,,,,,,,,,,,,,,,,,,,,,NEV_WOL,SAN_DON,DonWeirField,D1,MW,20260324-DonWeirField-2,abd71670-27e5-11f1-a2d7-53166a682b59,,,,,,,,,,,19204ca8-c802-4f83-bcdd-d568f66a75e9,2026-03-25,00:58:27.30,2026-03-24T17:58:27.3046400-07:00,2026-03-25T00:58:27.3046400Z,,v3,471377,471434,63251d0db23648cabd526fef61ffaec8,"Burke, Brendan",832137,Right,SAN_DON,94a48b14-161a-4ade-8d24-74d426e0fa6e,,,,,,,,,,,,,,,,,,,,,,,,,,,,,,,,,,,,,,,,,,,,,,,,,,,,,,,,,,,,,,,,,,,,,,,,,,,,,,,,,,,,,,,,,,,,,,,,,,
302,2026-03-24,17:58:28.30,2,1,"Busby, Trevor",1000459266,Right,SAN_DON,"Doyle, Jacob",833448,Right,NEV_WOL,Undefined,8,Bottom,0,0,0,Fastball,Sinker,FoulBallNotFieldable,Undefined,Undefined,Undefined,0,0,,90.01419,-1.078192,-2.940279,2239.78249,232.489173,1:45,5.6032,2.03664,6.10838,-19.82237,14.29257,17.24946,2.95288,0.75279,82.49936,-4.821627,0.164671,0.420382,108.70762,43.916621,-45.926439,2757.868656,74.64764,97.34431,-80.79411,,170.66544,,,-9.75445,7.99835,-1.81989,50,5.50984,6.01597,-130.73495,-3.06839,-16.93304,26.78235,-18.28947,NEV_WOL,SAN_DON,DonWeirField,D1,MW,20260324-DonWeirField-2,bc80fcc0-27e5-11f1-a2d7-53166a682b59,89.66244,134.49045,,7.51483,,,,1.82024,3.22165,-0.84063,19204ca8-c802-4f83-bcdd-d568f66a75e9,2026-03-25,00:58:28.30,2026-03-24T17:58:28.3046400-07:00,2026-03-25T00:58:28.3046400Z,,v3,471377,471434,63251d0db23648cabd526fef61ffaec8,"Burke, Brendan",832137,Right,SAN_DON,5b4a4ac4-2cc0-4e9a-9645-1cf07bb42533,54.39292,-131.6318,13.39117,5.60234,-2.45594,-9.14473,-2.03084,6.58301,-8.46652,,1.82029,79.88279,-16.91976,3.6896,0.01801,-1.04316,0.82525,-0.28862,0.03869,3.2216,110.59284,-27.55314,4.56663,-1.98843,1.48078,-0.89355,0.29083,-0.03788,-0.84063,-82.51379,12.72909,-2.98281,0.61143,-0.04226,-0.05373,0.02578,-0.00381,,,,,,,,,,,,,,,,,,,,,,,High,High,High,Medium,Undefined,,,,,,,,,,,,,,,,,,,,,,,,,,,,,,,,,,
303,2026-03-24,17:58:48.06,2,2,"Busby, Trevor",1000459266,Right,SAN_DON,"Doyle, Jacob",833448,Right,NEV_WOL,Undefined,8,Bottom,0,0,1,Fastball,Sinker,BallCalled,Undefined,Undefined,Undefined,0,0,,88.59504,1.06433,-3.499238,2142.220947,236.587334,2:00,5.58588,1.77186,6.85355,-24.50001,9.45646,12.91875,4.51649,-0.34583,81.79102,-3.571632,-1.144296,0.419404,,,,,,,,,,,,-7.68107,5.06713,-1.5523,50,5.64482,7.40516,-128.81541,1.72143,-13.06831,23.60898,-23.55303,NEV_WOL,SAN_DON,DonWeirField,D1,MW,20260324-DonWeirField-2,c84ab7d0-27e5-11f1-a2d7-53166a682b59,89.87142,,,6.80402,,,,,,,19204ca8-c802-4f83-bcdd-d568f66a75e9,2026-03-25,00:58:48.06,2026-03-24T17:58:48.0627200-07:00,2026-03-25T00:58:48.0627200Z,,v3,471377,471434,63251d0db23648cabd526fef61ffaec8,"Burke, Brendan",832137,Right,SAN_DON,23ece738-29df-4e2f-8545-4cbd81801aba,53.64719,-129.48213,11.80449,5.58681,2.38657,-11.77652,-1.76663,7.77421,-6.53416,,,,,,,,,,,,,,,,,,,,,,,,,,,,,,,,,,,,,,,,,,,,,,,,,,,High,High,High,,,,,,,,,,,,,,,,,,,,,,,,,,,,,,,,,,,,
304,2026-03-24,17:59:08.19,2,3,"Busby, Trevor",1000459266,Right,SAN_DON,"Doyle, Jacob",833448,Right,NEV_WOL,Undefined,8,Bottom,0,1,1,Slider,Slider,StrikeCalled,Undefined,Undefined,Undefined,0,0,,77.4429,1.579094,-1.314615,2242.548932,103.375212,9:30,5.70967,1.43932,5.77423,-45.21951,1.7024,-0.86055,3.41156,0.14408,70.81138,-6.754811,-1.46872,0.493014,,,,,,,,,,,,0.05909,0.90516,-1.33019,50,5.81311,2.61219,-112.40846,1.66943,0.07537,20.95483,-31.01944,NEV_WOL,SAN_DON,DonWeirField,D1,MW,20260324-DonWeirField-2,d4501c50-27e5-11f1-a2d7-53166a682b59,76.45307,,,6.63152,,,,,,,19204ca8-c802-4f83-bcdd-d568f66a75e9,2026-03-25,00:59:08.19,2026-03-24T17:59:08.1935360-07:00,2026-03-25T00:59:08.1935360Z,,v3,471377,471434,63251d0db23648cabd526fef61ffaec8,"Burke, Brendan",832137,Right,SAN_DON,703c8e16-a9bd-4b73-a34e-55ab3519a369,54.72426,-113.28571,10.47742,5.71604,2.96804,-15.50972,-1.43948,2.60904,0.03769,,,,,,,,,,,,,,,,,,,,,,,,,,,,,,,,,,,,,,,,,,,,,,,,,,,High,High,High,,,,,,,,,,,,,,,,,,,,,,,,,,,,,,,,,,,,
305,2026-03-24,17:59:24.72,2,4,"Busby, Trevor",1000459266,Right,SAN_DON,"Doyle, Jacob",833448,Right,NEV_WOL,Undefined,8,Bottom,0,1,2,Fastball,Four-Seam,FoulBallNotFieldable,Undefined,Undefined,Undefined,0,0,,89.42864,-0.930435,-3.976851,2278.823015,222.989534,1:30,5.641,1.80981,6.51572,-17.35662,17.09395,14.83619,3.33871,-0.60889,81.04241,-4.280868,-1.291213,0.422444,76.08875,9.121237,174.662881,2033.707702,,,,125.1792,45.77788,178.331753,1.274229,-8.80087,9.52552,-1.5372,50,5.56792,8.39397,-129.62215,-2.54061,-14.87559,28.74874,-16.07359,NEV_WOL,SAN_DON,DonWeirField,D1,MW,20260324-DonWeirField-2,de222610-27e5-11f1-a2d7-53166a682b59,89.22461,7.99878,,8.38623,,,,1.66427,3.24667,0.62635,19204ca8-c802-4f83-bcdd-d568f66a75e9,2026-03-25,00:59:24.72,2026-03-24T17:59:24.7268864-07:00,2026-03-25T00:59:24.7268864Z,GroundBall,v3,471377,471434,63251d0db23648cabd526fef61ffaec8,"Burke, Brendan",832137,Right,SAN_DON,8c58777d-5ee3-4a73-a79d-060c4f932847,53.97977,-130.50183,14.37437,5.63813,-2.04878,-8.03679,-1.80101,8.84915,-7.4378,265.031289,1.60417,-109.05935,7.56912,,,,,,,3.31506,16.96559,-15.39575,,,,,,,0.71626,9.27485,-5.52453,,,,,,,,,,,,,,,,,,,,,,,,,,,,,High,High,High,High,Medium,,,,,,,,,,,,,,,,,,,,,,,,,,,,,,,,,,
306,2026-03-24,17:59:44.25,2,5,"Busby, Trevor",1000459266,Right,SAN_DON,"Doyle, Jacob",833448,Right,NEV_WOL,Undefined,8,Bottom,0,1,2,Fastball,Sinker,BallCalled,Undefined,Undefined,Undefined,0,0,,90.76954,-1.907385,-5.844545,2218.498256,233.912649,1:45,5.72616,1.70814,6.2871,-21.34241,12.07075,15.19454,2.17996,-2.43072,83.59567,-5.912167,-3.117393,0.416035,,,,,,,,,,,,-9.40949,7.06611,-1.28345,50,5.57439,12.84408,-131.37027,-5.05274,-16.59528,25.42818,-19.71175,NEV_WOL,SAN_DON,DonWeirField,D1,MW,20260324-DonWeirField-2,e9c6f400-27e5-11f1-a2d7-53166a682b59,90.59911,,,7.17387,,,,,,,19204ca8-c802-4f83-bcdd-d568f66a75e9,2026-03-25,00:59:44.25,2026-03-24T17:59:44.2519040-07:00,2026-03-25T00:59:44.2519040Z,,v3,471377,471434,63251d0db23648cabd526fef61ffaec8,"Burke, Brendan",832137,Right,SAN_DON,08c0ec79-33c6-411a-9ffa-679e5aaff577,54.21454,-132.18352,12.71409,5.72591,-4.42231,-9.85588,-1.70272,13.37484,-8.29764,,,,,,,,,,,,,,,,,,,,,,,,,,,,,,,,,,,,,,,,,,,,,,,,,,,High,High,High,,,,,,,,,,,,,,,,,,,,,,,,,,,,,,,,,,,,
307,2026-03-24,18:00:00.68,2,6,"Busby, Trevor",1000459266,Right,SAN_DON,"Doyle, Jacob",833448,Right,NEV_WOL,Undefined,8,Bottom,0,2,2,Fastball,Sinker,BallCalled,Undefined,Undefined,Undefined,0,0,,89.5363,-1.982911,-4.322597,2141.076856,236.949423,2:00,5.66488,1.7904,6.44582,-22.95426,10.98256,15.36465,1.92415,-0.90847,82.70724,-6.290226,-1.544758,0.419283,,,,,,,,,,,,-9.13319,6.54886,-1.49,50,5.51338,9.23013,-129.92607,-5.19784,-15.77279,24.59328,-20.86434,NEV_WOL,SAN_DON,DonWeirField,D1,MW,20260324-DonWeirField-2,f3937f80-27e5-11f1-a2d7-53166a682b59,89.89743,,,6.82906,,,,,,,19204ca8-c802-4f83-bcdd-d568f66a75e9,2026-03-25,01:00:00.68,2026-03-24T18:00:00.6860800-07:00,2026-03-25T01:00:00.6860800Z,,v3,471377,471434,63251d0db23648cabd526fef61ffaec8,"Burke, Brendan",832137,Right,SAN_DON,0bf5a886-4f04-4892-8828-c9c6edadf9a6,54.05576,-130.69152,12.29664,5.66505,-4.54845,-10.43217,-1.78492,9.72105,-7.88639,,,,,,,,,,,,,,,,,,,,,,,,,,,,,,,,,,,,,,,,,,,,,,,,,,,High,High,High,,,,,,,,,,,,,,,,,,,,,,,,,,,,,,,,,,,,
308,2026-03-24,18:00:23.46,2,7,"Busby, Trevor",1000459266,Right,SAN_DON,"Doyle, Jacob",833448,Right,NEV_WOL,Undefined,8,Bottom,0,3,2,Fastball,Sinker,FoulBallFieldable,Undefined,Undefined,Undefined,0,0,,89.27245,-0.966539,-3.464094,2225.270759,228.788572,1:45,5.62737,1.54773,6.36197,-20.75005,13.79225,14.47509,3.00699,-0.43787,81.44624,-4.906061,-0.848422,0.423007,79.92979,80.101219,56.341207,,,,,,14.0617,,,-8.55186,7.8004,-1.30336,50,5.54751,7.27506,-129.57136,-2.78855,-14.50986,27.56995,-18.93918,NEV_WOL,SAN_DON,DonWeirField,D1,MW,20260324-DonWeirField-2,0125eca0-27e6-11f1-a2d7-53166a682b59,89.10604,99.13827,,7.8262,,,,1.6717,3.02884,0.43406,19204ca8-c802-4f83-bcdd-d568f66a75e9,2026-03-25,01:00:23.46,2026-03-24T18:00:23.4694144-07:00,2026-03-25T01:00:23.4694144Z,,v3,471377,471434,63251d0db23648cabd526fef61ffaec8,"Burke, Brendan",832137,Right,SAN_DON,e31cd21c-19a1-4cc0-9fc1-f4f456adeaa3,54.13814,-130.4489,13.78498,5.62667,-2.18573,-9.46959,-1.54227,7.7369,-7.25493,,1.6717,11.16898,-9.73054,3.00421,0.21021,-2.33104,3.19606,-2.01865,0.49425,3.02884,115.48495,-28.90158,3.63829,-0.74515,0.28188,-0.24825,0.15513,-0.0391,0.43406,16.77389,-6.7061,1.92262,0.08582,-1.31179,1.80326,-1.1384,0.27858,,,,,,,,,,,,,,,,,,,,,,,High,High,High,Medium,Undefined,,,,,,,,,,,,,,,,,,,,,,,,,,,,,,,,,,
309,2026-03-24,18:01:05.65,2,8,"Busby, Trevor",1000459266,Right,SAN_DON,"Doyle, Jacob",833448,Right,NEV_WOL,Undefined,8,Bottom,0,3,2,Slider,Curveball,FoulBallNotFieldable,Undefined,Undefined,Undefined,0,0,,78.58888,1.300426,-1.247093,2130.980427,60.225355,8:00,5.55662,1.64083,6.19101,-46.55243,-1.87988,-5.67051,2.87839,0.0167,72.23045,-7.309707,-2.271008,0.481052,95.09022,57.577625,-48.525043,3696.707247,,,,,94.7327,,,2.6076,-0.98209,-1.54398,50,5.63096,2.68525,-114.24958,1.1984,3.44335,21.23395,-33.47087,NEV_WOL,SAN_DON,DonWeirField,D1,MW,20260324-DonWeirField-2,1a55d4b0-27e6-11f1-a2d7-53166a682b59,78.35425,130.726,,6.35843,,,,2.48502,3.01376,-0.05887,19204ca8-c802-4f83-bcdd-d568f66a75e9,2026-03-25,01:01:05.65,2026-03-24T18:01:05.6552960-07:00,2026-03-25T01:01:05.6552960Z,,v3,471377,471434,63251d0db23648cabd526fef61ffaec8,"Burke, Brendan",832137,Right,SAN_DON,14058b0d-78eb-486c-a34c-82ca1dda6101,54.31066,-115.04796,10.61698,5.56224,2.45686,-16.73544,-1.64251,2.55578,1.72167,,2.48502,49.52264,-13.96516,3.83199,-0.84847,0.06814,0.08669,-0.05165,0.00986,3.01376,117.7256,-28.08182,3.76012,-0.86129,0.25268,-0.10494,0.03601,-0.00581,-0.05887,-56.02503,7.51914,-1.70437,0.35941,-0.07944,0.01609,-0.00231,0.00016,,,,,,,,,,,,,,,,,,,,,,,High,High,High,Medium,Undefined,,,,,,,,,,,,,,,,,,,,,,,,,,,,,,,,,,
310,2026-03-24,18:01:27.38,2,9,"Busby, Trevor",1000459266,Right,SAN_DON,"Doyle, Jacob",833448,Right,NEV_WOL,Undefined,8,Bottom,0,3,2,Fastball,Sinker,BallCalled,Walk,Undefined,Undefined,0,0,,90.3044,-3.247133,-4.325634,2261.686595,226.654754,1:30,5.76628,1.68318,6.18201,-18.84812,14.7708,14.64883,1.18531,-1.0981,83.78631,-6.779438,-1.690965,0.417314,,,,,,,,,,,,-8.67272,8.73221,-1.36362,50,5.51044,9.32696,-130.92369,-8.02162,-15.28226,23.7018,-16.78702,NEV_WOL,SAN_DON,DonWeirField,D1,MW,20260324-DonWeirField-2,273c4a60-27e6-11f1-a2d7-53166a682b59,90.32148,,,6.51809,,,,,,,19204ca8-c802-4f83-bcdd-d568f66a75e9,2026-03-25,01:01:27.38,2026-03-24T18:01:27.3814528-07:00,2026-03-25T01:01:27.3814528Z,,v3,471377,471434,63251d0db23648cabd526fef61ffaec8,"Burke, Brendan",832137,Right,SAN_DON,fe3fff99-8ff4-4dda-a3c5-86273bb23e52,54.32052,-131.70353,11.8509,5.76528,-7.46929,-8.39351,-1.67877,9.82978,-7.64113,,,,,,,,,,,,,,,,,,,,,,,,,,,,,,,,,,,,,,,,,,,,,,,,,,,High,High,High,,,,,,,,,,,,,,,,,,,,,,,,,,,,,,,,,,,,
311,2026-03-24,18:01:57.26,3,1,"Busby, Trevor",1000459266,Right,SAN_DON,"Harvey, Jake",833440,Right,NEV_WOL,Undefined,8,Bottom,0,0,0,Fastball,Sinker,StrikeCalled,Undefined,Undefined,Undefined,0,0,,88.82891,-1.625778,-4.29069,2239.873397,230.887265,1:45,5.63745,1.69862,6.76498,-22.30478,11.67071,13.17418,2.2894,-1.12936,82.19929,-5.839486,-1.895059,0.419522,,,,,,,,,,,,-8.03335,6.88351,-1.42237,50,5.52216,9.20089,-129.00027,-4.28487,-13.70285,23.75227,-20.43257,NEV_WOL,SAN_DON,DonWeirField,D1,MW,20260324-DonWeirField-2,390dc0c0-27e6-11f1-a2d7-53166a682b59,89.84625,,,6.62962,,,,,,,19204ca8-c802-4f83-bcdd-d568f66a75e9,2026-03-25,01:01:57.26,2026-03-24T18:01:57.2624384-07:00,2026-03-25T01:01:57.2624384Z,,v3,471377,471434,63251d0db23648cabd526fef61ffaec8,"Burke, Brendan",832137,Right,SAN_DON,97b76d52-9490-4463-90d5-99ff199109a7,53.73649,-129.68643,11.87614,5.63742,-3.69461,-10.21628,-1.69388,9.59674,-6.85142,,,,,,,,,,,,,,,,,,,,,,,,,,,,,,,,,,,,,,,,,,,,,,,,,,,High,High,High,,,,,,,,,,,,,,,,,,,,,,,,,,,,,,,,,,,,
312,2026-03-24,18:02:11.79,3,2,"Busby, Trevor",1000459266,Right,SAN_DON,"Harvey, Jake",833440,Right,NEV_WOL,Undefined,8,Bottom,0,0,1,Fastball,Four-Seam,StrikeCalled,Undefined,Undefined,Undefined,0,0,,88.65733,-2.093709,-3.689204,2245.42653,217.822771,1:15,5.70564,1.57574,6.32597,-20.20438,14.54288,10.50497,2.08895,-0.951,81.86779,-5.900335,-1.793177,0.42426,,,,,,,,,,,,-6.38843,8.41441,-1.3109,50,5.54263,7.88687,-128.68578,-5.29947,-10.82211,24.1473,-17.91985,NEV_WOL,SAN_DON,DonWeirField,D1,MW,20260324-DonWeirField-2,41bc5920-27e6-11f1-a2d7-53166a682b59,88.84286,,,6.78953,,,,,,,19204ca8-c802-4f83-bcdd-d568f66a75e9,2026-03-25,01:02:11.79,2026-03-24T18:02:11.7945856-07:00,2026-03-25T01:02:11.7945856Z,,v3,471377,471434,63251d0db23648cabd526fef61ffaec8,"Burke, Brendan",832137,Right,SAN_DON,0f394d55-7c7f-40c5-a13d-fb6a68ca5fae,54.17437,-129.46671,12.07365,5.70465,-4.71993,-8.95992,-1.57162,8.23686,-5.41105,,,,,,,,,,,,,,,,,,,,,,,,,,,,,,,,,,,,,,,,,,,,,,,,,,,High,High,High,,,,,,,,,,,,,,,,,,,,,,,,,,,,,,,,,,,,
313,2026-03-24,18:02:27.44,3,3,"Busby, Trevor",1000459266,Right,SAN_DON,"Harvey, Jake",833440,Right,NEV_WOL,Undefined,8,Bottom,0,0,2,Fastball,Sinker,InPlay,Undefined,GroundBall,FieldersChoice,1,0,,88.69882,-1.909825,-4.17849,2213.227991,236.219377,1:45,5.60398,1.61845,6.45064,-23.05308,11.65516,15.84599,1.92293,-0.90681,81.58888,-6.248711,-1.312517,0.424021,69.28725,-39.198349,-18.640677,,,,,3.56961,2.25244,3.186675,0.03009,-9.41745,6.92406,-1.32893,50,5.45786,8.79845,-128.69219,-4.9789,-15.8806,25.32723,-20.49804,NEV_WOL,SAN_DON,DonWeirField,D1,MW,20260324-DonWeirField-2,4b081be0-27e6-11f1-a2d7-53166a682b59,88.8928,1.93812,,7.10994,,,,1.31225,1.93812,0.95804,19204ca8-c802-4f83-bcdd-d568f66a75e9,2026-03-25,01:02:27.44,2026-03-24T18:02:27.4441728-07:00,2026-03-25T01:02:27.4441728Z,GroundBall,v3,471377,471434,63251d0db23648cabd526fef61ffaec8,"Burke, Brendan",832137,Right,SAN_DON,24a0f430-9906-487f-9b79-32020f49565c,54.05065,-129.48692,12.66362,5.604,-4.3357,-10.24902,-1.61283,9.29676,-7.9403,,1.3112,74.83791,,,,,,,,1.93902,-64.41164,,,,,,,,0.95839,-25.2449,,,,,,,,,,,,,,,,,,,,,,,,,,,,,,High,High,High,Low,Low,,,,,,,,,,,,,,,,,,,,,,,,,,,,,,,,,,
314,2026-03-24,18:03:04.11,4,1,"Busby, Trevor",1000459266,Right,SAN_DON,"Cruz Jr., Mikey",1000138361,Right,NEV_WOL,Undefined,8,Bottom,1,0,0,Fastball,Four-Seam,InPlay,Undefined,Popup,Out,1,0,,89.61661,-1.505824,-2.582294,2194.593561,216.019887,1:15,5.70516,1.7184,6.42105,-17.68174,16.33391,11.11201,2.84572,0.269,82.15413,-4.881417,-0.570086,0.419769,84.07161,72.235017,33.109122,,,,,,31.84257,,,-6.56103,9.28815,-1.53915,50,5.58945,5.44845,-130.21797,-3.91093,-11.29069,26.77223,-16.19028,NEV_WOL,SAN_DON,DonWeirField,D1,MW,20260324-DonWeirField-2,60e1fb20-27e6-11f1-a2d7-53166a682b59,89.7932,113.23177,,7.46247,,,,1.86953,3.27858,-0.18383,19204ca8-c802-4f83-bcdd-d568f66a75e9,2026-03-25,01:03:04.11,2026-03-24T18:03:04.1107456-07:00,2026-03-25T01:03:04.1107456Z,,v3,471377,471434,63251d0db23648cabd526fef61ffaec8,"Burke, Brendan",832137,Right,SAN_DON,2edd7975-0425-421c-8042-ccd5eaa9acac,54.08,-131.05411,13.38612,5.7037,-3.40528,-8.09514,-1.71482,5.80108,-5.64535,,1.86954,31.50941,-14.74656,3.81002,1.56472,-4.13412,3.96543,-1.89413,0.36173,3.27858,117.42612,-28.48929,3.62927,-1.34553,1.30941,-1.1135,0.51917,-0.09865,-0.18383,20.54917,-6.08882,1.48898,0.4584,-1.31763,1.27052,-0.60745,0.11602,,,,,,,,,,,,,,,,,,,,,,,High,High,High,Medium,Undefined,,,,,,,,,,,,,,,,,,,,,,,,,,,,,,,,,,
315,2026-03-24,18:03:46.13,5,1,"Busby, Trevor",1000459266,Right,SAN_DON,"Waller, Jackson",702970,Right,NEV_WOL,Undefined,8,Bottom,2,0,0,Fastball,Sinker,BallCalled,Undefined,Undefined,Undefined,0,0,,87.79057,-2.958444,-4.948988,2224.99229,235.670048,1:45,5.53841,1.75897,6.43367,-22.78434,12.80827,17.13832,0.9082,-1.37248,80.76955,-7.242658,-1.854527,0.429389,,,,,,,,,,,,-10.34863,7.82032,-1.41396,50,5.31664,10.37292,-127.1464,-7.25224,-17.02431,24.86407,-19.309,NEV_WOL,SAN_DON,DonWeirField,D1,MW,20260324-DonWeirField-2,79f42200-27e6-11f1-a2d7-53166a682b59,87.78149,,,7.02102,,,,,,,19204ca8-c802-4f83-bcdd-d568f66a75e9,2026-03-25,01:03:46.13,2026-03-24T18:03:46.1349376-07:00,2026-03-25T01:03:46.1349376Z,,v3,471377,471434,63251d0db23648cabd526fef61ffaec8,"Burke, Brendan",832137,Right,SAN_DON,5de604be-f224-44c7-ab5f-96a3e68eeef8,54.06833,-127.93951,12.43203,5.53814,-6.63633,-9.6545,-1.75349,10.91596,-8.51216,,,,,,,,,,,,,,,,,,,,,,,,,,,,,,,,,,,,,,,,,,,,,,,,,,,High,High,High,,,,,,,,,,,,,,,,,,,,,,,,,,,,,,,,,,,,
316,2026-03-24,18:04:19.63,5,2,"Busby, Trevor",1000459266,Right,SAN_DON,"Waller, Jackson",702970,Right,NEV_WOL,Undefined,8,Bottom,2,1,0,Fastball,Four-Seam,StrikeCalled,Undefined,Undefined,Undefined,0,0,,89.30985,-1.402325,-3.23394,2171.281875,213.188914,1:00,5.67359,1.71753,6.55763,-17.74651,16.68233,10.1493,2.90665,-0.40496,81.09642,-4.81975,-1.393179,0.422311,,,,,,,,,,,,-6.21721,9.48697,-1.49785,50,5.56878,6.91051,-129.55291,-3.62413,-10.49885,28.68304,-16.15364,NEV_WOL,SAN_DON,DonWeirField,D1,MW,20260324-DonWeirField-2,8de62e70-27e6-11f1-a2d7-53166a682b59,89.25275,,,8.21343,,,,,,,19204ca8-c802-4f83-bcdd-d568f66a75e9,2026-03-25,01:04:19.63,2026-03-24T18:04:19.6360000-07:00,2026-03-25T01:04:19.6360000Z,,v3,471377,471434,63251d0db23648cabd526fef61ffaec8,"Burke, Brendan",832137,Right,SAN_DON,7fc28859-37ab-4b0b-9056-4538e8592e40,53.93859,-130.422,14.34152,5.67117,-3.13469,-8.07682,-1.71206,7.22862,-5.24943,,,,,,,,,,,,,,,,,,,,,,,,,,,,,79.31457,1.952238,0.709171,1.243066,-1.56422,2.64922,0.47474,-1.73223,5.66756,1.13013,127.27879,0.07556,2.95668,-1.63689,114.5995,-8.85318,5.70091,11.68836,-13.07867,1.11473,0.20243,1.04372,High,High,High,,,High,High,Medium,,,,,,,,,,,,,,,,,,,,,,,,,,,,,,,
317,2026-03-24,18:04:43.40,5,3,"Busby, Trevor",1000459266,Right,SAN_DON,"Waller, Jackson",702970,Right,NEV_WOL,Undefined,8,Bottom,2,1,1,Fastball,Sinker,InPlay,Undefined,GroundBall,Out,1,0,,89.86177,-1.834457,-4.166126,2400.512279,234.249743,1:45,5.64691,1.5856,6.31327,-20.52548,13.47016,17.26796,2.24161,-0.81976,82.55343,-5.708583,-1.051425,0.419646,74.9817,-39.094197,-11.527149,,,,,4.68075,4.68075,3.026241,0.032939,-10.14004,7.81654,-1.28834,50,5.50227,8.82065,-130.36813,-4.79552,-17.54355,26.04781,-18.65045,NEV_WOL,SAN_DON,DonWeirField,D1,MW,20260324-DonWeirField-2,9c137c00-27e6-11f1-a2d7-53166a682b59,89.81964,2.29091,,7.30834,,,,1.91155,2.29091,0.81055,19204ca8-c802-4f83-bcdd-d568f66a75e9,2026-03-25,01:04:43.40,2026-03-24T18:04:43.4016256-07:00,2026-03-25T01:04:43.4016256Z,GroundBall,v3,471377,471434,63251d0db23648cabd526fef61ffaec8,"Burke, Brendan",832137,Right,SAN_DON,0ba656ca-d6da-4954-89ed-59b1224b6e76,54.18844,-131.20232,13.0239,5.64628,-4.19824,-9.32522,-1.57982,9.38249,-8.77177,,1.91025,83.87379,,,,,,,,2.29198,-69.55111,,,,,,,,0.81081,-17.10571,,,,,,,,,,,,,,,,,,,,,,,,,,,,,,High,High,High,Estimated,Estimated,,,,,,,,,,,,,,,,,,,,,,,,,,,,,,,,,,
318,2026-03-24,18:07:01.89,1,1,"Castro, Andres",1000394817,Right,NEV_WOL,"Bellisimo, Matteo",813814,Right,SAN_DON,Undefined,9,Top,0,0,0,Fastball,Sinker,BallCalled,Undefined,Undefined,Undefined,0,0,,90.4001,-2.462368,-1.4842,2144.408905,228.76525,1:45,5.8756,1.42106,6.54364,-19.09832,13.90083,14.79426,2.02365,1.29243,83.7037,-6.069909,1.205032,0.41345,,,,,,,,,,,,-8.17398,8.21583,-1.32442,50,5.69666,2.8466,-131.49399,-6.19689,-14.46732,25.04145,-17.63266,NEV_WOL,SAN_DON,DonWeirField,D1,MW,20260324-DonWeirField-2,ee9fafc0-27e6-11f1-a2d7-53166a682b59,91.16572,,,6.6964,,,,,,,19204ca8-c802-4f83-bcdd-d568f66a75e9,2026-03-25,01:07:01.89,2026-03-24T18:07:01.8957824-07:00,2026-03-25T01:07:01.8957824Z,,v3,471377,471434,63251d0db23648cabd526fef61ffaec8,"Snakenborg, Nate",833445,Right,NEV_WOL,8d66d60b-43b2-4e7f-9456-498b4d9a84cf,53.95815,-132.24562,12.52073,5.87472,-5.66763,-8.81633,-1.41637,3.28085,-7.23366,,,,,,,,,,,,,,,,,,,,,,,,,,,,,,,,,,,,,,,,,,,,,,,,,,,High,High,High,,,,,,,,,,,,,,,,,,,,,,,,,,,,,,,,,,,,
319,2026-03-24,18:07:20.31,1,2,"Castro, Andres",1000394817,Right,NEV_WOL,"Bellisimo, Matteo",813814,Right,SAN_DON,Undefined,9,Top,0,1,0,Slider,Slider,FoulBallNotFieldable,Undefined,Undefined,Undefined,0,0,,82.35011,0.267435,-0.436784,1870.536203,157.236506,11:15,5.82712,1.18077,6.20774,-36.47644,4.07918,-1.19539,3.03426,0.678,75.70033,-6.510436,-0.652802,0.45835,71.3174,25.565165,177.791185,2005.819697,,,,,45.43983,,,0.50075,2.4191,-1.14741,50,5.82895,0.95732,-119.75167,-0.56295,0.7284,22.75248,-28.65517,NEV_WOL,SAN_DON,DonWeirField,D1,MW,20260324-DonWeirField-2,f9a3f7f0-27e6-11f1-a2d7-53166a682b59,82.23509,20.47415,,6.64978,,,,2.87657,3.20194,-0.70743,19204ca8-c802-4f83-bcdd-d568f66a75e9,2026-03-25,01:07:20.31,2026-03-24T18:07:20.3198976-07:00,2026-03-25T01:07:20.3198976Z,,v3,471377,471434,63251d0db23648cabd526fef61ffaec8,"Snakenborg, Nate",833445,Right,NEV_WOL,b4ce4f20-c652-4e33-8420-7ad32d34081e,54.29208,-120.56439,11.37624,5.83078,0.46062,-14.32759,-1.18114,0.9313,0.3642,340.535244,2.87657,-94.28785,6.22073,-0.2432,0.10821,-0.20312,0.5836,-0.84134,0.4878,3.20194,45.13822,-24.90342,2.43928,-0.29977,-0.85273,2.58156,-3.66025,2.08772,-0.70743,3.6367,-2.30075,0.42159,-0.04013,-0.2136,0.62437,-0.88553,0.50567,,,,,,,,,,,,,,,,,,,,,,,High,High,High,High,Undefined,,,,,,,,,,,,,,,,,,,,,,,,,,,,,,,,,,
320,2026-03-24,18:07:43.01,1,3,"Castro, Andres",1000394817,Right,NEV_WOL,"Bellisimo, Matteo",813814,Right,SAN_DON,Undefined,9,Top,0,1,1,Fastball,Four-Seam,InPlay,Undefined,FlyBall,Out,1,0,,90.4503,-0.942723,-2.180266,2218.510246,220.778516,1:15,5.91394,1.19098,6.63514,-20.56997,12.82241,10.09729,3.33599,0.03538,82.20811,-4.872422,-0.343311,0.415906,91.0941,40.97409,22.551512,5374.603249,98.40706,89.88129,49.15308,310.4969,158.93479,32.325034,5.678688,-5.98335,7.36961,-1.04735,50,5.84164,4.61438,-131.41024,-2.7329,-10.38344,29.81572,-19.38491,NEV_WOL,SAN_DON,DonWeirField,D1,MW,20260324-DonWeirField-2,0721cba0-27e7-11f1-a2d7-53166a682b59,90.62736,113.85881,,8.24219,,,,0.84729,3.25899,-0.06179,19204ca8-c802-4f83-bcdd-d568f66a75e9,2026-03-25,01:07:43.01,2026-03-24T18:07:43.0175232-07:00,2026-03-25T01:07:43.0175232Z,FlyBall,v3,471377,471434,63251d0db23648cabd526fef61ffaec8,"Snakenborg, Nate",833445,Right,NEV_WOL,da418f93-6b0d-426d-8256-6028c57b0e4f,53.86397,-132.28403,14.90786,5.91341,-2.1648,-9.69246,-1.18704,4.91868,-5.19172,200.598633,0.85314,93.04226,-22.47822,5.01132,-0.52446,-0.0681,0.03109,-0.00388,0.00017,3.25568,87.65838,-19.99811,1.52832,-0.30594,0.04486,0.00059,-0.00093,7E-05,-0.06088,38.67154,-2.7834,0.23395,0.01059,-0.00416,-0.00034,0.00016,-1E-05,,,,,,,,,,,,,,,,,,,,,,,High,High,High,High,Low,,,,,,,,,,,,,,,,,,,,,,,,,,,,,,,,,,
321,2026-03-24,18:08:18.67,2,1,"Castro, Andres",1000394817,Right,NEV_WOL,"Walsh, Nick",832135,Left,SAN_DON,Undefined,9,Top,1,0,0,ChangeUp,Changeup,InPlay,Undefined,GroundBall,Out,1,0,,80.53449,-0.70307,-1.076898,1511.082767,237.248887,2:00,5.82363,1.22684,6.47599,-33.7501,8.64485,11.22174,2.36535,1.17295,73.41351,-7.044469,0.961597,0.468628,74.19359,-9.696572,14.819871,,,,,16.66607,13.41072,10.432627,0.144581,-6.24079,5.14721,-1.15586,50,5.75926,1.8111,-117.04071,-2.36839,-8.5757,24.02012,-25.10108,NEV_WOL,SAN_DON,DonWeirField,D1,MW,20260324-DonWeirField-2,1c6907d0-27e7-11f1-a2d7-53166a682b59,80.43143,2.58896,,7.12098,,,,1.42935,2.58896,-1.05626,19204ca8-c802-4f83-bcdd-d568f66a75e9,2026-03-25,01:08:18.67,2026-03-24T18:08:18.6756608-07:00,2026-03-25T01:08:18.6756608Z,GroundBall,v3,471377,471434,63251d0db23648cabd526fef61ffaec8,"Snakenborg, Nate",833445,Right,NEV_WOL,bb9e441b-4005-4a79-a945-1346f5d1ad87,54.02364,-117.86358,12.01006,5.82567,-1.50849,-12.55054,-1.22294,2.10488,-4.28785,196.497473,1.42929,103.69991,-1.51633,,,,,,,2.58895,-18.32674,2.90843,,,,,,,-1.0563,27.43904,5.1213,,,,,,,,,,,,,,,,,,,,,,,,,,,,,High,High,High,High,Medium,,,,,,,,,,,,,,,,,,,,,,,,,,,,,,,,,,
322,2026-03-24,18:08:52.20,3,1,"Castro, Andres",1000394817,Right,NEV_WOL,"Lewis, Jordan",702590,Right,SAN_DON,Undefined,9,Top,2,0,0,Fastball,Four-Seam,StrikeCalled,Undefined,Undefined,Undefined,0,0,,90.87576,-2.894178,-2.627199,2110.328238,220.407247,1:15,5.89271,1.11403,6.71687,-17.32387,15.53276,12.32654,1.79846,-0.26195,83.19457,-6.212274,-0.381679,0.412556,,,,,,,,,,,,-7.25599,9.34296,-0.94444,50,5.69378,5.58584,-131.93365,-7.12407,-12.78136,28.23161,-15.71647,NEV_WOL,SAN_DON,DonWeirField,D1,MW,20260324-DonWeirField-2,305dd360-27e7-11f1-a2d7-53166a682b59,91.36322,,,7.68119,,,,,,,19204ca8-c802-4f83-bcdd-d568f66a75e9,2026-03-25,01:08:52.20,2026-03-24T18:08:52.2031616-07:00,2026-03-25T01:08:52.2031616Z,,v3,471377,471434,63251d0db23648cabd526fef61ffaec8,"Snakenborg, Nate",833445,Right,NEV_WOL,876ffc34-8fe2-4362-a3f9-d696278c6d75,53.78305,-132.74069,14.1158,5.89101,-6.67479,-7.85824,-1.10934,5.95121,-6.39068,,,,,,,,,,,,,,,,,,,,,,,,,,,,,,,,,,,,,,,,,,,,,,,,,,,High,High,High,,,,,,,,,,,,,,,,,,,,,,,,,,,,,,,,,,,,
323,2026-03-24,18:09:24.79,3,2,"Castro, Andres",1000394817,Right,NEV_WOL,"Lewis, Jordan",702590,Right,SAN_DON,Undefined,9,Top,2,0,1,Fastball,Four-Seam,BallCalled,Undefined,Undefined,Undefined,0,0,,92.07343,-0.272627,-2.526273,2253.76799,216.473474,1:15,6.00585,1.30362,6.625,-17.36989,14.72284,10.12812,4.30847,-0.16717,83.93507,-3.609979,-0.685402,0.407732,,,,,,,,,,,,-6.00044,8.11926,-1.1358,50,5.97986,5.49271,-133.77755,-1.09826,-10.85588,29.30819,-17.48488,NEV_WOL,SAN_DON,DonWeirField,D1,MW,20260324-DonWeirField-2,43c74ee0-27e7-11f1-a2d7-53166a682b59,92.44412,,,8.13835,,,,,,,19204ca8-c802-4f83-bcdd-d568f66a75e9,2026-03-25,01:09:24.79,2026-03-24T18:09:24.7930368-07:00,2026-03-25T01:09:24.7930368Z,,v3,471377,471434,63251d0db23648cabd526fef61ffaec8,"Snakenborg, Nate",833445,Right,NEV_WOL,98c760b8-12e1-422c-8f81-89902e743391,53.87288,-134.62336,14.6541,6.00427,-0.59367,-8.74244,-1.29883,5.80599,-5.42794,,,,,,,,,,,,,,,,,,,,,,,,,,,,,,,,,,,,,,,,,,,,,,,,,,,High,High,High,,,,,,,,,,,,,,,,,,,,,,,,,,,,,,,,,,,,
324,2026-03-24,18:09:44.43,3,3,"Castro, Andres",1000394817,Right,NEV_WOL,"Lewis, Jordan",702590,Right,SAN_DON,Undefined,9,Top,2,1,1,Slider,Slider,InPlay,Undefined,GroundBall,Error,0,0,,84.42637,-2.035786,-1.205067,2120.279139,172.904118,11:45,5.73833,1.30178,6.41163,-32.86246,5.61559,-0.54772,1.12684,0.14801,77.59527,-8.151223,-1.304494,0.446455,56.92265,-53.189218,-104.343498,,,,,2.43898,2.41694,-24.598532,0.01993,-0.05583,3.87036,-1.21538,50,5.57774,2.60053,-122.67794,-5.34501,-0.08484,24.82624,-26.29029,NEV_WOL,SAN_DON,DonWeirField,D1,MW,20260324-DonWeirField-2,4f879410-27e7-11f1-a2d7-53166a682b59,84.42602,1.33615,,6.8311,,,,2.46536,1.33615,-0.04646,19204ca8-c802-4f83-bcdd-d568f66a75e9,2026-03-25,01:09:44.43,2026-03-24T18:09:44.4360704-07:00,2026-03-25T01:09:44.4360704Z,GroundBall,v3,471377,471434,63251d0db23648cabd526fef61ffaec8,"Snakenborg, Nate",833445,Right,NEV_WOL,42ee4c18-ac46-4584-b736-89fb549e0f1c,54.08842,-123.50254,12.41312,5.74077,-4.47178,-13.14514,-1.30181,2.60335,-0.04242,,2.46548,-12.42962,,,,,,,,1.33679,-67.04148,,,,,,,,-0.04599,-48.60912,,,,,,,,,,,,,,,,,,,,,,,,,,,,,,High,High,High,Low,Low,,,,,,,,,,,,,,,,,,,,,,,,,,,,,,,,,,
325,2026-03-24,18:10:27.02,4,1,"Castro, Andres",1000394817,Right,NEV_WOL,"Landry, Isaiah",822879,Right,SAN_DON,Undefined,9,Top,2,0,0,Slider,Slider,StrikeCalled,Undefined,Undefined,Undefined,0,0,,84.16337,-1.416307,-2.599732,2077.36705,223.328601,1:30,5.70199,1.40048,6.60008,-33.53333,4.78024,3.41374,1.60843,-0.69838,77.57891,-7.673099,-1.978828,0.4455,,,,,,,,,,,,-2.51051,3.25351,-1.22439,50,5.59143,5.43308,-122.31848,-3.9994,-3.81099,23.68711,-27.23517,NEV_WOL,SAN_DON,DonWeirField,D1,MW,20260324-DonWeirField-2,68e60630-27e7-11f1-a2d7-53166a682b59,84.60704,,,6.58446,,,,,,,19204ca8-c802-4f83-bcdd-d568f66a75e9,2026-03-25,01:10:27.02,2026-03-24T18:10:27.0225408-07:00,2026-03-25T01:10:27.0225408Z,,v3,471377,471434,63251d0db23648cabd526fef61ffaec8,"Snakenborg, Nate",833445,Right,NEV_WOL,e6d0669e-01dc-402b-a106-3708a6f94cdf,53.90032,-123.07146,11.84355,5.7048,-3.13363,-13.61759,-1.39903,5.55423,-1.9055,,,,,,,,,,,,,,,,,,,,,,,,,,,,,,,,,,,,,,,,,,,,,,,,,,,High,High,High,,,,,,,,,,,,,,,,,,,,,,,,,,,,,,,,,,,,
326,2026-03-24,18:10:44.86,4,2,"Castro, Andres",1000394817,Right,NEV_WOL,"Landry, Isaiah",822879,Right,SAN_DON,Undefined,9,Top,2,0,1,Fastball,Four-Seam,InPlay,Undefined,Popup,Single,1,0,,90.3495,-1.274926,-2.013506,2163.586331,216.761237,1:15,6.0301,1.20436,6.42391,-15.70477,18.15422,12.68327,3.54853,0.40971,81.75938,-4.320917,0.284571,0.418802,52.66866,37.004296,26.800095,4506.582835,,,,135.52192,129.81865,30.053674,2.994202,-7.23591,10.21489,-1.06615,50,5.93183,4.10009,-131.16546,-3.31409,-12.47002,30.53362,-14.57016,NEV_WOL,SAN_DON,DonWeirField,D1,MW,20260324-DonWeirField-2,73868380-27e7-11f1-a2d7-53166a682b59,90.00072,34.98137,,8.59012,,,,0.04619,3.43632,-0.41172,19204ca8-c802-4f83-bcdd-d568f66a75e9,2026-03-25,01:10:44.86,2026-03-24T18:10:44.8612352-07:00,2026-03-25T01:10:44.8612352Z,LineDrive,v3,471377,471434,63251d0db23648cabd526fef61ffaec8,"Snakenborg, Nate",833445,Right,NEV_WOL,81884c3e-fe2c-4b2d-ad01-de9872feec74,54.07417,-132.11047,15.26681,6.02742,-2.86315,-7.28508,-1.19902,4.48603,-6.23501,204.90465,0.04616,55.06617,-9.21191,2.30428,-0.75445,0.38875,-0.17615,0.04334,-0.00408,3.43647,46.48588,-18.40467,0.98037,0.11994,-0.22629,0.10853,-0.0222,0.00164,-0.41176,27.81599,-2.1326,0.1663,-0.02641,0.0271,-0.01704,0.00541,-0.00064,,,,,,,,,,,,,,,,,,,,,,,High,High,High,High,High,,,,,,,,,,,,,,,,,,,,,,,,,,,,,,,,,,