player_name,display_name,active,notes,id,pitcher,date,rel_speed,horz_break,induced_vert_break,original_pitch_type,new_pitch_type,new_pitcher,modified_at,pitch_key,created_at,PitchNo,Date,Time,PAofInning,PitchofPA,Pitcher,PitcherId,PitcherThrows,PitcherTeam,Batter,BatterId,BatterSide,BatterTeam,PitcherSet,Inning,Top/Bottom,Outs,Balls,Strikes,TaggedPitchType,AutoPitchType,PitchCall,KorBB,TaggedHitType,PlayResult,OutsOnPlay,RunsScored,Notes,RelSpeed,VertRelAngle,HorzRelAngle,SpinRate,SpinAxis,Tilt,RelHeight,RelSide,Extension,VertBreak,InducedVertBreak,HorzBreak,PlateLocHeight,PlateLocSide,ZoneSpeed,VertApprAngle,HorzApprAngle,ZoneTime,ExitSpeed,Angle,Direction,HitSpinRate,PositionAt110X,PositionAt110Y,PositionAt110Z,Distance,LastTrackedDistance,Bearing,HangTime,pfxx,pfxz,x0,y0,z0,vx0,vy0,vz0,ax0,ay0,az0,HomeTeam,AwayTeam,Stadium,Level,League,GameID,PitchUID,EffectiveVelo,MaxHeight,MeasuredDuration,SpeedDrop,PitchLastMeasuredX,PitchLastMeasuredY,PitchLastMeasuredZ,ContactPositionX,ContactPositionY,ContactPositionZ,GameUID,UTCDate,UTCTime,LocalDateTime,UTCDateTime,AutoHitType,System,HomeTeamForeignID,AwayTeamForeignID,GameForeignID,Catcher,CatcherId,CatcherThrows,CatcherTeam,PlayID,PitchTrajectoryXc0,PitchTrajectoryXc1,PitchTrajectoryXc2,PitchTrajectoryYc0,PitchTrajectoryYc1,PitchTrajectoryYc2,PitchTrajectoryZc0,PitchTrajectoryZc1,PitchTrajectoryZc2,HitSpinAxis,HitTrajectoryXc0,HitTrajectoryXc1,HitTrajectoryXc2,HitTrajectoryXc3,HitTrajectoryXc4,HitTrajectoryXc5,HitTrajectoryXc6,HitTrajectoryXc7,HitTrajectoryXc8,HitTrajectoryYc0,HitTrajectoryYc1,HitTrajectoryYc2,HitTrajectoryYc3,HitTrajectoryYc4,HitTrajectoryYc5,HitTrajectoryYc6,HitTrajectoryYc7,HitTrajectoryYc8,HitTrajectoryZc0,HitTrajectoryZc1,HitTrajectoryZc2,HitTrajectoryZc3,HitTrajectoryZc4,HitTrajectoryZc5,HitTrajectoryZc6,HitTrajectoryZc7,HitTrajectoryZc8,ThrowSpeed,PopTime,ExchangeTime,TimeToBase,CatchPositionX,CatchPositionY,CatchPositionZ,ThrowPositionX,ThrowPositionY,ThrowPositionZ,BasePositionX,BasePositionY,BasePositionZ,ThrowTrajectoryXc0,ThrowTrajectoryXc1,ThrowTrajectoryXc2,ThrowTrajectoryYc0,ThrowTrajectoryYc1,ThrowTrajectoryYc2,ThrowTrajectoryZc0,ThrowTrajectoryZc1,ThrowTrajectoryZc2,PitchReleaseConfidence,PitchLocationConfidence,PitchMovementConfidence,HitLaunchConfidence,HitLandingConfidence,CatcherThrowCatchConfidence,CatcherThrowReleaseConfidence,CatcherThrowLocationConfidence,SpinAxis3dTransverseAngle,SpinAxis3dLongitudinalAngle,SpinAxis3dActiveSpinRate,SpinAxis3dSpinEfficiency,SpinAxis3dTilt,SpinAxis3dVectorX,SpinAxis3dVectorY,SpinAxis3dVectorZ,SpinAxis3dSeamOrientationRotationX,SpinAxis3dSeamOrientationRotationY,SpinAxis3dSeamOrientationRotationZ,SpinAxis3dSeamOrientationBallYAmb1,SpinAxis3dSeamOrientationBallAngleHorizontalAmb1,SpinAxis3dSeamOrientationBallZAmb1,SpinAxis3dSeamOrientationBallAngleVerticalAmb2,SpinAxis3dSeamOrientationBallZAmb2,SpinAxis3dSeamOrientationBallXAmb4,SpinAxis3dSeamOrientationBallYAmb4,SpinAxis3dSeamOrientationBallAngleHorizontalAmb2,SpinAxis3dSeamOrientationBallAngleVerticalAmb1,SpinAxis3dSeamOrientationBallXAmb1,SpinAxis3dSeamOrientationBallYAmb2,SpinAxis3dSeamOrientationBallAngleHorizontalAmb4,SpinAxis3dSeamOrientationBallAngleVerticalAmb4,SpinAxis3dSeamOrientationBallXAmb2,SpinAxis3dSeamOrientationBallAngleVerticalAmb3,SpinAxis3dSeamOrientationBallAngleHorizontalAmb3,SpinAxis3dSeamOrientationBallXAmb3,SpinAxis3dSeamOrientationBallYAmb3,SpinAxis3dSeamOrientationBallZAmb3,SpinAxis3dSeamOrientationBallZAmb4,session_id,play_id,camera_slot,camera_name,camera_target,video_type,azure_blob,azure_md5,cloudinary_url,cloudinary_public_id,uploaded_at
NA,NA,NA,NA,NA,NA,NA,NA,NA,NA,NA,NA,NA,NA,NA,NA,108,2026-02-07,16:55:58,1,2,"Ray, Johnathon",1000242321,Right,TIF_UNI,"French, Isaiah",10050808,Right,LEE_UNI,Undefined,3,Bottom,0,0,1,Slider,Slider,StrikeCalled,Undefined,Undefined,Undefined,0,0,NA,76.49267,0.454601,-0.605025,2442.383608,84.444194,08:45:00,5.7101,1.69913,4.38471,-49.55475,0.47772,-9.66686,2.01463,0.31586,71.01396,-8.380653,-2.294775,0.509093,NA,NA,NA,NA,NA,NA,NA,NA,NA,NA,NA,4.54146,0.5487,-1.6243,50,5.70937,1.5827,-111.03974,-0.98874,5.72683,18.02046,-31.48213,LEE_UNI,TIF_UNI,LeeUniversity,D2,Team,20260207-LeeUniversity-2,cdb1ab50-046f-11f1-a4d3-8b26f3e68120,74.03837,NA,NA,5.4787,NA,NA,NA,NA,NA,NA,8c003a57-e22a-4906-b3d2-4bbc25b7dc7a,2026-02-07,21:55:58,2026-02-07T21:55:58Z,2026-02-07T21:55:58Z,NA,v3,NA,NA,NA,"Ruhe, Dylan",1000428755,Right,TIF_UNI,e68de292-600c-45ce-bc7f-47bef3299b9a,56.11657,-112.02799,9.01023,5.71625,0.73775,-15.74106,-1.70249,1.26864,2.86341,NA,NA,NA,NA,NA,NA,NA,NA,NA,NA,NA,NA,NA,NA,NA,NA,NA,NA,NA,NA,NA,NA,NA,NA,NA,NA,NA,NA,NA,NA,NA,NA,NA,NA,NA,NA,NA,NA,NA,NA,NA,NA,NA,NA,NA,NA,NA,NA,NA,NA,High,High,High,NA,NA,NA,NA,NA,124.772313,73.438744,696.177693,0.28504,10:15:00,-0.958291,0.241737,-0.152453,94.271806,-19.038913,41.204307,0.021806,144.49793,-0.813901,35.492353,0.813901,-0.580594,-0.021806,1.534683,1.249478,0.580594,0.580594,-144.49793,-1.249478,0.021806,-35.492353,-1.534683,-0.021806,-0.580594,0.813901,-0.813901,NA,NA,NA,NA,NA,NA,NA,NA,NA,NA,NA
NA,NA,NA,NA,NA,NA,NA,NA,NA,NA,NA,NA,NA,NA,NA,NA,109,2026-02-07,16:56:17,1,3,"Ray, Johnathon",1000242321,Right,TIF_UNI,"French, Isaiah",10050808,Right,LEE_UNI,Undefined,3,Bottom,0,0,2,Slider,Slider,BallCalled,Undefined,Undefined,Undefined,0,0,NA,76.44023,-1.490354,-1.909051,2537.722021,98.789971,09:15:00,5.7513,1.74302,4.64496,-48.0757,3.04016,-7.39418,0.32767,-0.68792,69.38728,-10.138881,-3.208001,0.514576,NA,NA,NA,NA,NA,NA,NA,NA,NA,NA,NA,2.98382,2.5202,-1.54044,50,5.55528,3.99287,-110.52394,-4.60354,3.61989,23.23182,-29.11661,LEE_UNI,TIF_UNI,LeeUniversity,D2,Team,20260207-LeeUniversity-2,d91b4500-046f-11f1-a4d3-8b26f3e68120,73.24958,NA,NA,7.05296,NA,NA,NA,NA,NA,NA,8c003a57-e22a-4906-b3d2-4bbc25b7dc7a,2026-02-07,21:56:17,2026-02-07T21:56:17Z,2026-02-07T21:56:17Z,NA,v3,NA,NA,NA,"Ruhe, Dylan",1000428755,Right,TIF_UNI,df2e8a3f-8619-4bce-bf86-be403aaca28a,55.85213,-111.74727,11.61591,5.75733,-3.07033,-14.5583,-1.74568,3.80226,1.80995,NA,NA,NA,NA,NA,NA,NA,NA,NA,NA,NA,NA,NA,NA,NA,NA,NA,NA,NA,NA,NA,NA,NA,NA,NA,NA,NA,NA,NA,NA,NA,NA,NA,NA,NA,NA,NA,NA,NA,NA,NA,NA,NA,NA,NA,NA,NA,NA,NA,NA,High,High,High,NA,NA,NA,NA,NA,114.568544,72.209736,775.359103,0.305533,09:45:00,-0.962786,0.253013,-0.095015,106.386748,-18.685598,40.621751,0.143494,145.071781,-0.811385,34.515178,0.811385,-0.566625,-0.143494,10.029097,8.250081,0.566625,0.566625,-145.071781,-8.250081,0.143494,-34.515178,-10.029097,-0.143494,-0.566625,0.811385,-0.811385,NA,NA,NA,NA,NA,NA,NA,NA,NA,NA,NA
NA,NA,NA,NA,NA,NA,NA,NA,NA,NA,NA,NA,NA,NA,NA,NA,110,2026-02-07,16:56:39,1,4,"Ray, Johnathon",1000242321,Right,TIF_UNI,"French, Isaiah",10050808,Right,LEE_UNI,Undefined,3,Bottom,0,1,2,Fastball,Changeup,InPlay,Undefined,GroundBall,Error,0,0,NA,86.33055,0.358804,-4.073292,1963.064284,248.80353,02:15:00,5.8427,1.31409,5.1846,-29.07651,9.9369,22.07147,3.7581,-0.6854,77.96298,-5.014804,-0.174517,0.44955,89.13552,-23.299916,-13.422909,NA,NA,NA,NA,10.01549,10.01549,-7.480076,0.071597,-12.28229,5.22713,-0.95284,50,5.8544,7.90986,-124.9004,-0.26554,-19.20478,27.54418,-24.00087,LEE_UNI,TIF_UNI,LeeUniversity,D2,Team,20260207-LeeUniversity-2,e63b6850-046f-11f1-a4d3-8b26f3e68120,83.84477,3.71422,NA,8.36757,NA,NA,NA,1.5415,3.71422,0.6982,8c003a57-e22a-4906-b3d2-4bbc25b7dc7a,2026-02-07,21:56:39,2026-02-07T21:56:39Z,2026-02-07T21:56:39Z,GroundBall,v3,NA,NA,NA,"Ruhe, Dylan",1000428755,Right,TIF_UNI,aff10a82-c5d3-4615-8305-1be78de2aa46,55.31509,-126.06709,13.77209,5.84412,0.75105,-12.00043,-1.3051,8.72331,-9.60239,180,1.53716,117.16715,NA,NA,NA,NA,NA,NA,NA,3.71614,-51.87706,NA,NA,NA,NA,NA,NA,NA,0.69924,-27.96266,NA,NA,NA,NA,NA,NA,NA,NA,NA,NA,NA,NA,NA,NA,NA,NA,NA,NA,NA,NA,NA,NA,NA,NA,NA,NA,NA,NA,NA,High,High,High,High,High,NA,NA,NA,249.284204,5.443845,1954.210193,0.99549,02:15:00,-0.125458,-0.930515,-0.344095,-55.531385,-55.334991,-27.432469,0.123927,174.052122,-0.986949,5.901864,0.986949,-0.102825,-0.123927,7.156955,7.118823,0.102825,0.102825,-174.052122,-7.118823,0.123927,-5.901864,-7.156955,-0.123927,-0.102825,0.986949,-0.986949,NA,NA,NA,NA,NA,NA,NA,NA,NA,NA,NA
NA,NA,NA,NA,NA,NA,NA,NA,NA,NA,NA,NA,NA,NA,NA,NA,111,2026-02-07,16:57:18,2,1,"Ray, Johnathon",1000242321,Right,TIF_UNI,"Caraballo, Nate",1000188954,Right,LEE_UNI,Undefined,3,Bottom,0,0,0,Slider,Changeup,BallCalled,Undefined,Undefined,Undefined,0,0,NA,74.55752,1.338814,-3.132643,1469.16748,273.801777,03:15:00,5.80647,1.69693,4.61623,-53.24849,0.44299,23.12556,2.64412,0.6427,67.34689,-8.283523,0.920309,0.527381,NA,NA,NA,NA,NA,NA,NA,NA,NA,NA,NA,-12.1865,0.42429,-1.39696,50,5.89582,4.92379,-107.77694,0.61577,-14.10549,21.51892,-31.68296,LEE_UNI,TIF_UNI,LeeUniversity,D2,Team,20260207-LeeUniversity-2,fd8c3020-046f-11f1-a4d3-8b26f3e68120,71.47104,NA,NA,7.21063,NA,NA,NA,NA,NA,NA,8c003a57-e22a-4906-b3d2-4bbc25b7dc7a,2026-02-07,21:57:18,2026-02-07T21:57:18Z,2026-02-07T21:57:18Z,NA,v3,NA,NA,NA,"Ruhe, Dylan",1000428755,Right,TIF_UNI,ca7d140f-e695-4133-9f7d-b762228182f7,55.88218,-108.94505,10.75946,5.81572,2.33562,-15.84148,-1.68502,5.68948,-7.05274,NA,NA,NA,NA,NA,NA,NA,NA,NA,NA,NA,NA,NA,NA,NA,NA,NA,NA,NA,NA,NA,NA,NA,NA,NA,NA,NA,NA,69.66195,2.218061,0.768256,1.449805,-1.91722,2.13937,-0.70352,-0.51461,5.97745,1.92899,127.28271,2.66313,12.91003,-0.3468,98.56935,-7.29989,6.07269,17.93292,-14.01062,1.9319,7.96457,-0.27124,High,High,High,NA,NA,High,High,High,279.238014,-16.263216,1410.379159,0.959985,03:15:00,0.265872,-0.953819,0.139792,50.327691,-31.304927,51.059712,0.418145,167.735354,-0.887648,11.125867,0.887648,-0.192965,-0.418145,25.223722,24.717504,0.192965,0.192965,-167.735354,-24.717504,0.418145,-11.125867,-25.223722,-0.418145,-0.192965,0.887648,-0.887648,NA,NA,NA,NA,NA,NA,NA,NA,NA,NA,NA
NA,NA,NA,NA,NA,NA,NA,NA,NA,NA,NA,NA,NA,NA,NA,NA,112,2026-02-07,16:57:52,2,2,"Ray, Johnathon",1000242321,Right,TIF_UNI,"Caraballo, Nate",1000188954,Right,LEE_UNI,Undefined,3,Bottom,0,1,0,Slider,Curveball,BallCalled,Undefined,Undefined,Undefined,0,0,NA,76.07188,-0.032915,-2.85648,2589.858823,79.809589,08:45:00,5.83101,1.67213,4.72021,-50.9894,-0.27012,-10.48162,1.55062,-1.91423,69.98767,-9.176341,-4.695533,0.512576,NA,NA,NA,NA,NA,NA,NA,NA,NA,NA,NA,4.30733,0.38413,-1.37358,50,5.78239,5.93016,-110.18345,-1.90017,5.27592,20.24247,-31.70354,LEE_UNI,TIF_UNI,LeeUniversity,D2,Team,20260207-LeeUniversity-2,11feb730-0470-11f1-a4d3-8b26f3e68120,73.53536,NA,NA,6.08421,NA,NA,NA,NA,NA,NA,8c003a57-e22a-4906-b3d2-4bbc25b7dc7a,2026-02-07,21:57:52,2026-02-07T21:57:52Z,2026-02-07T21:57:52Z,NA,v3,NA,NA,NA,"Ruhe, Dylan",1000428755,Right,TIF_UNI,c0894256-9cd7-4a89-9260-d64169feb0ad,55.77932,-111.24013,10.12123,5.83838,-0.2452,-15.85177,-1.67595,5.65475,2.63796,NA,NA,NA,NA,NA,NA,NA,NA,NA,NA,NA,NA,NA,NA,NA,NA,NA,NA,NA,NA,NA,NA,NA,NA,NA,NA,NA,NA,NA,NA,NA,NA,NA,NA,NA,NA,NA,NA,NA,NA,NA,NA,NA,NA,NA,NA,NA,NA,NA,NA,High,High,High,NA,NA,NA,NA,NA,103.774981,66.561982,1030.133871,0.397757,09:30:00,-0.921292,0.385789,-0.048858,86.777652,-7.22805,39.786321,-0.059337,152.317756,-0.883977,-27.629296,0.883977,-0.463749,0.059337,3.840188,-3.401729,0.463749,-0.463749,-152.317756,3.401729,0.059337,27.629296,-3.840188,-0.059337,0.463749,0.883977,-0.883977,NA,NA,NA,NA,NA,NA,NA,NA,NA,NA,NA
NA,NA,NA,NA,NA,NA,NA,NA,NA,NA,NA,NA,NA,NA,NA,NA,113,2026-02-07,16:58:11,2,3,"Ray, Johnathon",1000242321,Right,TIF_UNI,"Caraballo, Nate",1000188954,Right,LEE_UNI,Undefined,3,Bottom,0,2,0,Fastball,Sinker,BallCalled,Undefined,Undefined,Undefined,0,0,NA,87.70381,0.941959,-3.677985,2079.386545,247.422574,02:15:00,5.86043,1.45186,5.02737,-28.16663,10.01851,20.73517,4.40394,-0.29547,78.76727,-4.265601,-0.024666,0.444753,NA,NA,NA,NA,NA,NA,NA,NA,NA,NA,NA,-11.31619,5.06981,-1.11674,50,5.92873,7.15733,-126.78419,1.03378,-18.16247,29.2919,-24.03702,LEE_UNI,TIF_UNI,LeeUniversity,D2,Team,20260207-LeeUniversity-2,1d587260-0470-11f1-a4d3-8b26f3e68120,84.74918,NA,NA,8.93654,NA,NA,NA,NA,NA,NA,8c003a57-e22a-4906-b3d2-4bbc25b7dc7a,2026-02-07,21:58:11,2026-02-07T21:58:11Z,2026-02-07T21:58:11Z,NA,v3,NA,NA,NA,"Ruhe, Dylan",1000428755,Right,TIF_UNI,0c926218-c793-48a3-b59d-6696ba9c0126,55.46893,-128.04149,14.64595,5.86221,2.06551,-12.01851,-1.44069,7.93691,-9.08123,NA,NA,NA,NA,NA,NA,NA,NA,NA,NA,NA,NA,NA,NA,NA,NA,NA,NA,NA,NA,NA,NA,NA,NA,NA,NA,NA,NA,NA,NA,NA,NA,NA,NA,NA,NA,NA,NA,NA,NA,NA,NA,NA,NA,NA,NA,NA,NA,NA,NA,High,High,High,NA,NA,NA,NA,NA,242.619867,14.203773,2015.818022,0.969429,02:00:00,-0.287555,-0.856679,-0.428268,-66.759349,-44.756208,-32.213062,-0.071571,171.369137,-0.98614,-8.608562,0.98614,-0.149683,0.071571,4.151043,-4.104197,0.149683,-0.149683,-171.369137,4.104197,0.071571,8.608562,-4.151043,-0.071571,0.149683,0.98614,-0.98614,NA,NA,NA,NA,NA,NA,NA,NA,NA,NA,NA
NA,NA,NA,NA,NA,NA,NA,NA,NA,NA,NA,NA,NA,NA,NA,NA,114,2026-02-07,16:58:27,2,4,"Ray, Johnathon",1000242321,Right,TIF_UNI,"Caraballo, Nate",1000188954,Right,LEE_UNI,Undefined,3,Bottom,0,3,0,Slider,Slider,StrikeCalled,Undefined,Undefined,Undefined,0,0,NA,75.83921,0.154975,0.351989,2508.882123,110.634828,09:45:00,5.715,1.6534,4.24675,-47.00329,4.74008,-8.15075,1.94641,1.3111,69.57284,-8.258541,-1.069292,0.517725,NA,NA,NA,NA,NA,NA,NA,NA,NA,NA,NA,4.01303,2.75921,-1.68292,50,5.68381,-0.32154,-109.88762,-1.46768,4.9016,19.66997,-28.8039,LEE_UNI,TIF_UNI,LeeUniversity,D2,Team,20260207-LeeUniversity-2,26edc140-0470-11f1-a4d3-8b26f3e68120,72.80404,NA,NA,6.26637,NA,NA,NA,NA,NA,NA,8c003a57-e22a-4906-b3d2-4bbc25b7dc7a,2026-02-07,21:58:27,2026-02-07T21:58:27Z,2026-02-07T21:58:27Z,NA,v3,NA,NA,NA,"Ruhe, Dylan",1000428755,Right,TIF_UNI,32ed506b-2bb6-490f-a6cb-cc1d9d11e0cf,56.25124,-111.00096,9.83498,5.72074,0.16264,-14.40195,-1.65686,-0.59898,2.4508,NA,NA,NA,NA,NA,NA,NA,NA,NA,NA,NA,NA,NA,NA,NA,NA,NA,NA,NA,NA,NA,NA,NA,NA,NA,NA,NA,NA,NA,NA,NA,NA,NA,NA,NA,NA,NA,NA,NA,NA,NA,NA,NA,NA,NA,NA,NA,NA,NA,NA,High,High,High,NA,NA,NA,NA,NA,107.653668,66.274125,1009.476946,0.402361,09:30:00,-0.913674,0.385888,-0.127637,86.418349,-18.027267,35.384477,-0.092527,147.498074,-0.839755,-32.345464,0.839755,-0.535023,0.092527,6.287704,-5.309026,0.535023,-0.535023,-147.498074,5.309026,0.092527,32.345464,-6.287704,-0.092527,0.535023,0.839755,-0.839755,NA,NA,NA,NA,NA,NA,NA,NA,NA,NA,NA
NA,NA,NA,NA,NA,NA,NA,NA,NA,NA,NA,NA,NA,NA,NA,NA,115,2026-02-07,16:58:45,2,5,"Ray, Johnathon",1000242321,Right,TIF_UNI,"Caraballo, Nate",1000188954,Right,LEE_UNI,Undefined,3,Bottom,0,3,1,Slider,Changeup,FoulBallNotFieldable,Undefined,Undefined,Undefined,0,0,NA,85.85974,-1.256252,-3.661155,2055.64761,241.554288,02:00:00,5.86138,1.44002,5.25359,-26.85171,12.62099,20.6258,2.44072,-0.286,77.43852,-6.242829,-0.008998,0.452189,74.34529,68.844956,42.323943,5279.093751,NA,NA,NA,NA,120.11093,NA,NA,-11.48056,7.11725,-1.11991,50,5.72655,7.03375,-124.19723,-3.66174,-17.68095,28.12279,-21.21297,LEE_UNI,TIF_UNI,LeeUniversity,D2,Team,20260207-LeeUniversity-2,31630fe0-0470-11f1-a4d3-8b26f3e68120,83.35551,76.85339,NA,8.42121,NA,NA,NA,1.32308,2.43047,0.28601,8c003a57-e22a-4906-b3d2-4bbc25b7dc7a,2026-02-07,21:58:45,2026-02-07T21:58:45Z,2026-02-07T21:58:45Z,NA,v3,NA,NA,NA,"Ruhe, Dylan",1000428755,Right,TIF_UNI,2139c4f7-e48c-4591-bffd-468ecbf3a0ef,55.24488,-125.37924,14.06139,5.86172,-2.77015,-10.60648,-1.43116,7.77688,-8.84047,195.109441,1.32307,29.09518,-11.73344,3.52272,-0.62975,-1.09343,2.68564,-2.38012,0.75957,2.43047,101.69094,-25.7861,2.83522,-0.51871,0.27263,-0.49814,0.45611,-0.15016,0.28601,26.49623,-2.23104,0.31262,-0.02967,0.09145,-0.21809,0.19999,-0.06523,NA,NA,NA,NA,NA,NA,NA,NA,NA,NA,NA,NA,NA,NA,NA,NA,NA,NA,NA,NA,NA,NA,High,High,High,Medium,Undefined,NA,NA,NA,248.536635,3.613967,2051.559732,0.998011,02:15:00,-0.065887,-0.92996,-0.36171,-54.788172,-48.269526,-30.408732,-0.032264,179.664248,-0.999462,-0.335577,0.999462,-0.005857,0.032264,1.848918,-1.848887,0.005857,-0.005857,-179.664248,1.848887,0.032264,0.335577,-1.848918,-0.032264,0.005857,0.999462,-0.999462,NA,NA,NA,NA,NA,NA,NA,NA,NA,NA,NA
NA,NA,NA,NA,NA,NA,NA,NA,NA,NA,NA,NA,NA,NA,NA,NA,116,2026-02-07,16:59:22,2,6,"Ray, Johnathon",1000242321,Right,TIF_UNI,"Caraballo, Nate",1000188954,Right,LEE_UNI,Undefined,3,Bottom,0,3,2,Slider,Changeup,BallCalled,Walk,Undefined,Undefined,0,0,NA,76.94494,0.213098,-6.122215,1806.607931,272.351011,03:00:00,5.69726,1.56334,5.02369,-48.88692,1.02008,20.01308,1.82559,-2.5682,69.58196,-8.656154,-2.610678,0.508455,NA,NA,NA,NA,NA,NA,NA,NA,NA,NA,NA,-11.77745,1.02319,-0.99192,50,5.67882,11.06468,-110.89129,-1.29494,-14.46719,22.32751,-30.9172,LEE_UNI,TIF_UNI,LeeUniversity,D2,Team,20260207-LeeUniversity-2,4765faf0-0470-11f1-a4d3-8b26f3e68120,74.13137,NA,NA,7.36298,NA,NA,NA,NA,NA,NA,8c003a57-e22a-4906-b3d2-4bbc25b7dc7a,2026-02-07,21:59:22,2026-02-07T21:59:22Z,2026-02-07T21:59:22Z,NA,v3,NA,NA,NA,"Ruhe, Dylan",1000428755,Right,TIF_UNI,a172d6ef-6094-4857-a161-e7684a8d187b,55.474850000000004,-111.98821,11.16375,5.70513,0.22397,-15.4586,-1.55296,11.77542,-7.23359,NA,NA,NA,NA,NA,NA,NA,NA,NA,NA,NA,NA,NA,NA,NA,NA,NA,NA,NA,NA,NA,NA,NA,NA,NA,NA,NA,NA,NA,NA,NA,NA,NA,NA,NA,NA,NA,NA,NA,NA,NA,NA,NA,NA,NA,NA,NA,NA,NA,NA,High,High,High,NA,NA,NA,NA,NA,273.399942,-16.990384,1727.756381,0.956354,03:00:00,0.293061,-0.955751,0.025608,46.81039,-26.306831,50.821304,0.486584,154.735202,-0.790067,21.892667,0.790067,-0.372869,-0.486584,31.627946,29.116274,0.372869,0.372869,-154.735202,-29.116274,0.486584,-21.892667,-31.627946,-0.486584,-0.372869,0.790067,-0.790067,NA,NA,NA,NA,NA,NA,NA,NA,NA,NA,NA
NA,NA,NA,NA,NA,NA,NA,NA,NA,NA,NA,NA,NA,NA,NA,NA,117,2026-02-07,17:00:18,3,1,"Ray, Johnathon",1000242321,Right,TIF_UNI,"McClary, Aiden",1000374973,Left,LEE_UNI,Undefined,3,Bottom,0,0,0,Fastball,Changeup,BallCalled,Undefined,Undefined,Undefined,0,0,NA,83.61925,-0.610808,-1.566512,1972.222339,251.107099,02:15:00,5.85183,1.7604,4.91968,-33.3188,8.77725,21.14568,2.49753,2.0411,75.46032,-6.718841,2.163678,0.466973,NA,NA,NA,NA,NA,NA,NA,NA,NA,NA,NA,-10.92434,4.97587,-1.62618,50,5.76507,2.35925,-121.07493,-2.51825,-15.95389,27.20371,-24.90728,LEE_UNI,TIF_UNI,LeeUniversity,D2,Team,20260207-LeeUniversity-2,68b3ad10-0470-11f1-a4d3-8b26f3e68120,80.71648,NA,NA,8.15893,NA,NA,NA,NA,NA,NA,8c003a57-e22a-4906-b3d2-4bbc25b7dc7a,2026-02-07,22:00:18,2026-02-07T22:00:18Z,2026-02-07T22:00:18Z,NA,v3,NA,NA,NA,"Ruhe, Dylan",1000428755,Right,TIF_UNI,1d5c1e20-d288-4a9b-84de-cbf8a3a1e821,55.57811,-122.32183,13.60185,5.85433,-1.37662,-12.45364,-1.75107,3.09051,-7.97695,NA,NA,NA,NA,NA,NA,NA,NA,NA,NA,NA,NA,NA,NA,NA,NA,NA,NA,NA,NA,NA,NA,NA,NA,NA,NA,NA,NA,NA,NA,NA,NA,NA,NA,NA,NA,NA,NA,NA,NA,NA,NA,NA,NA,NA,NA,NA,NA,NA,NA,High,High,High,NA,NA,NA,NA,NA,248.12849,-0.470267,1972.155908,0.999966,02:15:00,0.00791,-0.92785,-0.372869,-41.779774,-57.276359,-41.456741,-0.032846,178.746377,-0.999221,-1.252947,0.999221,-0.021866,0.032846,1.882743,-1.882292,0.021866,-0.021866,-178.746377,1.882292,0.032846,1.252947,-1.882743,-0.032846,0.021866,0.999221,-0.999221,NA,NA,NA,NA,NA,NA,NA,NA,NA,NA,NA
NA,NA,NA,NA,NA,NA,NA,NA,NA,NA,NA,NA,NA,NA,NA,NA,118,2026-02-07,17:00:37,3,2,"Ray, Johnathon",1000242321,Right,TIF_UNI,"McClary, Aiden",1000374973,Left,LEE_UNI,Undefined,3,Bottom,0,1,0,Fastball,Changeup,InPlay,Undefined,GroundBall,Out,2,0,NA,84.99128,-1.032962,-2.268835,2092.513907,246.007045,02:15:00,5.88111,1.60167,4.98662,-28.50935,12.49107,24.44021,2.52904,1.49479,76.01355,-6.31688,2.045332,0.460856,72.38952,-15.260551,1.20211,NA,NA,NA,NA,9.65387,9.65387,-8.580317,0.081038,-12.89816,6.98658,-1.40412,50,5.75911,3.76137,-122.91481,-3.23528,-19.24935,29.91942,-21.74723,LEE_UNI,TIF_UNI,LeeUniversity,D2,Team,20260207-LeeUniversity-2,74815fc0-0470-11f1-a4d3-8b26f3e68120,81.78783,2.27558,NA,8.97772,NA,NA,NA,1.29152,2.27558,-1.56106,8c003a57-e22a-4906-b3d2-4bbc25b7dc7a,2026-02-07,22:00:37,2026-02-07T22:00:37Z,2026-02-07T22:00:37Z,GroundBall,v3,NA,NA,NA,"Ruhe, Dylan",1000428755,Right,TIF_UNI,b3a94462-0395-4914-b965-4e32e499e246,55.51091,-124.24902,14.95971,5.88176,-2.2655,-10.87362,-1.59099,4.61976,-9.62468,147.370316,1.29153,102.40316,-6.7415,NA,NA,NA,NA,NA,NA,2.27556,-27.94181,-1.70431,NA,NA,NA,NA,NA,NA,-1.56104,2.14435,-8.08296,NA,NA,NA,NA,NA,NA,NA,NA,NA,NA,NA,NA,NA,NA,NA,NA,NA,NA,NA,NA,NA,NA,NA,NA,NA,NA,NA,NA,High,High,High,High,High,NA,NA,NA,245.889866,0.699233,2092.358083,0.999926,02:15:00,-0.011922,-0.912766,-0.40831,-41.510316,-58.979844,-42.197997,0.029622,177.778351,-0.99881,2.220673,0.99881,-0.038748,-0.029622,1.698767,1.69749,0.038748,0.038748,-177.778351,-1.69749,0.029622,-2.220673,-1.698767,-0.029622,-0.038748,0.99881,-0.99881,NA,NA,NA,NA,NA,NA,NA,NA,NA,NA,NA
NA,NA,NA,NA,NA,NA,NA,NA,NA,NA,NA,NA,NA,NA,NA,NA,119,2026-02-07,17:01:07,4,1,"Ray, Johnathon",1000242321,Right,TIF_UNI,"Valdes, Ryan",10106808,Right,LEE_UNI,Undefined,3,Bottom,2,0,0,Fastball,Sinker,StrikeCalled,Undefined,Undefined,Undefined,0,0,NA,86.6872,-1.438724,-4.628157,2026.066573,241.718609,02:00:00,5.95477,1.50104,5.41834,-26.74423,12.02733,19.58403,2.37365,-1.21188,77.76374,-6.425984,-1.15635,0.448155,NA,NA,NA,NA,NA,NA,NA,NA,NA,NA,NA,-11.26268,6.94843,-1.10276,50,5.80845,9.24413,-125.16447,-4.06975,-17.53866,29.58889,-21.35369,LEE_UNI,TIF_UNI,LeeUniversity,D2,Team,20260207-LeeUniversity-2,85bbed50-0470-11f1-a4d3-8b26f3e68120,84.10584,NA,NA,8.92346,NA,NA,NA,NA,NA,NA,8c003a57-e22a-4906-b3d2-4bbc25b7dc7a,2026-02-07,22:01:07,2026-02-07T22:01:07Z,2026-02-07T22:01:07Z,NA,v3,NA,NA,NA,"Ruhe, Dylan",1000428755,Right,TIF_UNI,ce1cc134-5e83-49a3-b8a2-25f482c2e7d2,55.0773,-126.35904,14.79445,5.95535,-3.20765,-10.67684,-1.49026,9.9522,-8.76933,NA,NA,NA,NA,NA,NA,NA,NA,NA,NA,NA,NA,NA,NA,NA,NA,NA,NA,NA,NA,NA,NA,NA,NA,NA,NA,NA,NA,NA,NA,NA,NA,NA,NA,NA,NA,NA,NA,NA,NA,NA,NA,NA,NA,NA,NA,NA,NA,NA,NA,High,High,High,NA,NA,NA,NA,NA,245.883929,1.175102,2025.64047,0.99979,02:15:00,-0.030559,-0.912755,-0.407363,-52.109278,-48.307371,-28.905202,0.041537,178.368473,-0.998732,1.630119,0.998732,-0.028447,-0.041537,2.381573,2.380608,0.028447,0.028447,-178.368473,-2.380608,0.041537,-1.630119,-2.381573,-0.041537,-0.028447,0.998732,-0.998732,NA,NA,NA,NA,NA,NA,NA,NA,NA,NA,NA
NA,NA,NA,NA,NA,NA,NA,NA,NA,NA,NA,NA,NA,NA,NA,NA,120,2026-02-07,17:01:22,4,2,"Ray, Johnathon",1000242321,Right,TIF_UNI,"Valdes, Ryan",10106808,Right,LEE_UNI,Undefined,3,Bottom,2,0,1,Slider,Slider,BallCalled,Undefined,Undefined,Undefined,0,0,NA,76.82289,1.151654,0.50786,2415.131219,78.418813,08:30:00,5.77268,1.68262,4.2577,-50.55026,-0.10969,-8.46052,2.66251,1.46362,70.35164,-7.887413,-0.967204,0.511165,NA,NA,NA,NA,NA,NA,NA,NA,NA,NA,NA,4.21244,0.11732,-1.72872,50,5.84635,-0.61572,-111.3104,0.29381,5.27502,20.33163,-32.02713,LEE_UNI,TIF_UNI,LeeUniversity,D2,Team,20260207-LeeUniversity-2,8ecf8910-0470-11f1-a4d3-8b26f3e68120,73.73826,NA,NA,6.47125,NA,NA,NA,NA,NA,NA,8c003a57-e22a-4906-b3d2-4bbc25b7dc7a,2026-02-07,22:01:22,2026-02-07T22:01:22Z,2026-02-07T22:01:22Z,NA,v3,NA,NA,NA,"Ruhe, Dylan",1000428755,Right,TIF_UNI,ed044bcf-2b2e-43d9-99d6-ab75d04282ac,56.24155,-112.44468,10.16582,5.78011,2.08058,-16.01356,-1.68616,-0.91001,2.63751,NA,NA,NA,NA,NA,NA,NA,NA,NA,NA,NA,NA,NA,NA,NA,NA,NA,NA,NA,NA,NA,NA,NA,NA,NA,NA,NA,NA,NA,NA,NA,NA,NA,NA,NA,NA,NA,NA,NA,NA,NA,NA,NA,NA,NA,NA,NA,NA,NA,NA,High,High,High,NA,NA,NA,NA,NA,112.088729,71.57114,763.488078,0.316127,09:45:00,-0.941547,0.311933,-0.127228,78.996724,-16.431754,48.674366,-0.161529,155.603338,-0.898748,-24.055865,0.898748,-0.407627,0.161529,10.188777,-9.295634,0.407627,-0.407627,-155.603338,9.295634,0.161529,24.055865,-10.188777,-0.161529,0.407627,0.898748,-0.898748,NA,NA,NA,NA,NA,NA,NA,NA,NA,NA,NA
NA,NA,NA,NA,NA,NA,NA,NA,NA,NA,NA,NA,NA,NA,NA,NA,121,2026-02-07,17:01:36,4,3,"Ray, Johnathon",1000242321,Right,TIF_UNI,"Valdes, Ryan",10106808,Right,LEE_UNI,Undefined,3,Bottom,2,1,1,Fastball,Sinker,BallCalled,Undefined,Undefined,Undefined,0,0,NA,87.45081,-0.210586,-4.079525,2098.53839,236.318866,02:00:00,5.90574,1.3362,5.20654,-24.52612,13.86918,18.58513,3.66334,-0.95815,78.16098,-4.801005,-0.796366,0.445975,NA,NA,NA,NA,NA,NA,NA,NA,NA,NA,NA,-10.4993,7.39012,-0.97231,50,5.86843,8.13058,-126.30628,-1.31549,-16.62825,30.43211,-20.47,LEE_UNI,TIF_UNI,LeeUniversity,D2,Team,20260207-LeeUniversity-2,974b51a0-0470-11f1-a4d3-8b26f3e68120,84.51694,NA,NA,9.28984,NA,NA,NA,NA,NA,NA,8c003a57-e22a-4906-b3d2-4bbc25b7dc7a,2026-02-07,22:01:36,2026-02-07T22:01:36Z,2026-02-07T22:01:36Z,NA,v3,NA,NA,NA,"Ruhe, Dylan",1000428755,Right,TIF_UNI,08573cc9-6f0e-470d-bb69-72959a9e3d62,55.28781,-127.57395,15.21605,5.90547,-0.4628,-10.235,-1.32542,8.82325,-8.31413,NA,NA,NA,NA,NA,NA,NA,NA,NA,NA,NA,NA,NA,NA,NA,NA,NA,NA,NA,NA,NA,NA,NA,NA,NA,NA,NA,NA,NA,NA,NA,NA,NA,NA,NA,NA,NA,NA,NA,NA,NA,NA,NA,NA,NA,NA,NA,NA,NA,NA,High,High,High,NA,NA,NA,NA,NA,242.105275,11.976709,2052.857482,0.978232,02:00:00,-0.236376,-0.865327,-0.441968,-57.499507,-44.191516,-35.77159,-6.51e-4,175.26667,-0.996589,-4.733329,0.996589,-0.082518,6.51e-4,0.037407,-0.037279,0.082518,-0.082518,-175.26667,0.037279,6.51e-4,4.733329,-0.037407,-6.51e-4,0.082518,0.996589,-0.996589,NA,NA,NA,NA,NA,NA,NA,NA,NA,NA,NA
NA,NA,NA,NA,NA,NA,NA,NA,NA,NA,NA,NA,NA,NA,NA,NA,122,2026-02-07,17:01:50,4,4,"Ray, Johnathon",1000242321,Right,TIF_UNI,"Valdes, Ryan",10106808,Right,LEE_UNI,Undefined,3,Bottom,2,2,1,Fastball,Sinker,InPlay,Undefined,GroundBall,Out,1,0,NA,86.68126,-1.05779,-3.79367,2049.369682,239.277038,02:00:00,5.87759,1.32991,5.20854,-26.35623,12.79981,18.93867,2.68417,-0.66474,77.44522,-5.973534,-0.444556,0.450371,91.34331,-0.233069,-18.5976,2333.627272,NA,NA,NA,41.29978,41.29978,-17.875204,0.312919,-10.7526,7.17615,-0.99357,50,5.76039,7.44498,-125.22364,-3.23734,-16.67832,30.74438,-21.04315,LEE_UNI,TIF_UNI,LeeUniversity,D2,Team,20260207-LeeUniversity-2,9fbfc730-0470-11f1-a4d3-8b26f3e68120,83.69189,2.60214,NA,9.23604,NA,NA,NA,1.47332,2.60214,0.67859,8c003a57-e22a-4906-b3d2-4bbc25b7dc7a,2026-02-07,22:01:50,2026-02-07T22:01:50Z,2026-02-07T22:01:50Z,GroundBall,v3,NA,NA,NA,"Ruhe, Dylan",1000428755,Right,TIF_UNI,4708a371-daa8-4125-9448-b3200ef0695a,55.28815,-126.51531,15.37219,5.87783,-2.35325,-10.52158,-1.32108,8.14569,-8.33916,34.496185,1.47647,126.83932,-19.03403,NA,NA,NA,NA,NA,NA,2.60742,-0.77006,-24.21977,NA,NA,NA,NA,NA,NA,0.67988,-42.78049,0.29563,NA,NA,NA,NA,NA,NA,NA,NA,NA,NA,NA,NA,NA,NA,NA,NA,NA,NA,NA,NA,NA,NA,NA,NA,NA,NA,NA,NA,High,High,High,Medium,High,NA,NA,NA,242.801335,8.691348,2025.836189,0.988517,02:00:00,-0.164454,-0.881853,-0.441916,-59.019806,-43.553538,-27.54615,0.012226,173.393562,-0.993286,6.605942,0.993286,-0.11504,-0.012226,0.705209,0.700526,0.11504,0.11504,-173.393562,-0.700526,0.012226,-6.605942,-0.705209,-0.012226,-0.11504,0.993286,-0.993286,NA,NA,NA,NA,NA,NA,NA,NA,NA,NA,NA
NA,NA,NA,NA,NA,NA,NA,NA,NA,NA,NA,NA,NA,NA,NA,NA,123,2026-02-07,17:04:05,1,1,"Shaver, Gage",1000294062,Left,LEE_UNI,"Skrelja, Jovanny",1000428762,Right,TIF_UNI,Undefined,4,Top,0,0,0,Fastball,Changeup,BallCalled,Undefined,Undefined,Undefined,0,0,NA,84.74201,-0.376955,1.010953,1976.463419,153.119621,11:00:00,5.37189,-1.85764,5.81423,-22.98332,16.44536,-7.63496,3.10604,-1.55376,76.61379,-4.726793,-0.357406,0.451937,NA,NA,NA,NA,NA,NA,NA,NA,NA,NA,NA,4.17331,8.89812,1.77922,50,5.32752,-1.84881,-122.91217,-1.4909,6.31254,26.91653,-18.7148,LEE_UNI,TIF_UNI,LeeUniversity,D2,Team,20260207-LeeUniversity-2,efea6440-0470-11f1-a4d3-8b26f3e68120,83.40202,NA,NA,8.12822,NA,NA,NA,NA,NA,NA,8c003a57-e22a-4906-b3d2-4bbc25b7dc7a,2026-02-07,22:04:05,2026-02-07T22:04:05Z,2026-02-07T22:04:05Z,NA,v3,NA,NA,NA,"Caraballo, Nate",1000188954,Right,LEE_UNI,cef6a659-ace5-4f34-82de-8baad282283b,54.68107,-123.93303,13.45826,5.37061,-0.7811,-9.3574,1.85387,-2.08822,3.15627,NA,NA,NA,NA,NA,NA,NA,NA,NA,NA,NA,NA,NA,NA,NA,NA,NA,NA,NA,NA,NA,NA,NA,NA,NA,NA,NA,NA,NA,NA,NA,NA,NA,NA,NA,NA,NA,NA,NA,NA,NA,NA,NA,NA,NA,NA,NA,NA,NA,NA,High,High,High,NA,NA,NA,NA,NA,132.108241,-41.813058,1473.105769,0.745324,10:30:00,0.671764,0.557315,-0.487988,47.457778,-67.63258,-11.448483,0.050852,165.926391,-0.968729,14.055026,0.968729,-0.242854,-0.050852,3.004922,2.914885,0.242854,0.242854,-165.926391,-2.914885,0.050852,-14.055026,-3.004922,-0.050852,-0.242854,0.968729,-0.968729,NA,NA,NA,NA,NA,NA,NA,NA,NA,NA,NA
NA,NA,NA,NA,NA,NA,NA,NA,NA,NA,NA,NA,NA,NA,NA,NA,124,2026-02-07,17:04:20,1,2,"Shaver, Gage",1000294062,Left,LEE_UNI,"Skrelja, Jovanny",1000428762,Right,TIF_UNI,Undefined,4,Top,0,1,0,Fastball,Changeup,StrikeSwinging,Undefined,Undefined,Undefined,0,0,NA,84.63257,-0.212357,3.397771,1962.710462,142.86401,10:45:00,5.21014,-2.01116,5.97629,-26.27116,12.80808,-8.7317,2.82367,0.4147,77.11876,-5.139882,1.831932,0.44993,NA,NA,NA,NA,NA,NA,NA,NA,NA,NA,NA,5.41988,7.02221,1.74677,50,5.17881,-6.93101,-122.71172,-1.25822,8.24142,24.90866,-21.49619,LEE_UNI,TIF_UNI,LeeUniversity,D2,Team,20260207-LeeUniversity-2,f8e43670-0470-11f1-a4d3-8b26f3e68120,83.77408,NA,NA,7.51381,NA,NA,NA,NA,NA,NA,8c003a57-e22a-4906-b3d2-4bbc25b7dc7a,2026-02-07,22:04:20,2026-02-07T22:04:20Z,2026-02-07T22:04:20Z,NA,v3,NA,NA,NA,"Caraballo, Nate",1000188954,Right,LEE_UNI,7cc3fe6c-7df8-4e5d-854b-884fd2f882d7,54.52081,-123.62597,12.45433,5.21051,-0.46922,-10.7481,2.00671,-7.23351,4.12071,NA,NA,NA,NA,NA,NA,NA,NA,NA,NA,NA,NA,NA,NA,NA,NA,NA,NA,NA,NA,NA,NA,NA,NA,NA,NA,NA,NA,NA,NA,NA,NA,NA,NA,NA,NA,NA,NA,NA,NA,NA,NA,NA,NA,NA,NA,NA,NA,NA,NA,High,High,High,NA,NA,NA,NA,NA,130.648263,-44.460788,1400.845284,0.71373,10:15:00,0.724737,0.544116,-0.422723,71.711416,-66.496894,-39.545858,0.068484,162.325709,-0.950561,17.631433,0.950561,-0.302893,-0.068484,4.120785,3.926898,0.302893,0.302893,-162.325709,-3.926898,0.068484,-17.631433,-4.120785,-0.068484,-0.302893,0.950561,-0.950561,NA,NA,NA,NA,NA,NA,NA,NA,NA,NA,NA
NA,NA,NA,NA,NA,NA,NA,NA,NA,NA,NA,NA,NA,NA,NA,NA,125,2026-02-07,17:04:35,1,3,"Shaver, Gage",1000294062,Left,LEE_UNI,"Skrelja, Jovanny",1000428762,Right,TIF_UNI,Undefined,4,Top,0,1,1,Cutter,Slider,BallCalled,Undefined,Undefined,Undefined,0,0,NA,79.05919,1.170625,-0.773335,2158.662781,223.371915,01:30:00,5.04672,-2.10179,5.27762,-41.89597,4.39201,2.61536,2.65511,-2.61022,71.57241,-6.52304,-0.309064,0.489672,NA,NA,NA,NA,NA,NA,NA,NA,NA,NA,NA,-1.53843,2.34937,2.17043,50,5.12334,1.43767,-114.56028,0.90402,-2.02001,23.52946,-29.08924,LEE_UNI,TIF_UNI,LeeUniversity,D2,Team,20260207-LeeUniversity-2,0268e380-0471-11f1-a4d3-8b26f3e68120,76.97485,NA,NA,7.48678,NA,NA,NA,NA,NA,NA,8c003a57-e22a-4906-b3d2-4bbc25b7dc7a,2026-02-07,22:04:35,2026-02-07T22:04:35Z,2026-02-07T22:04:35Z,NA,v3,NA,NA,NA,"Caraballo, Nate",1000188954,Right,LEE_UNI,41dd1f17-11de-4a25-9fdc-151839897ae4,55.21835,-115.6271,11.76473,5.05245,2.22292,-14.54462,2.10317,1.52926,-1.01,NA,NA,NA,NA,NA,NA,NA,NA,NA,NA,NA,NA,NA,NA,NA,NA,NA,NA,NA,NA,NA,NA,NA,NA,NA,NA,NA,NA,NA,NA,NA,NA,NA,NA,NA,NA,NA,NA,NA,NA,NA,NA,NA,NA,NA,NA,NA,NA,NA,NA,High,High,High,NA,NA,NA,NA,NA,186.132041,-80.671726,349.899344,0.162091,12:15:00,0.983951,-0.037471,-0.174459,84.723987,-7.189882,-52.679146,-0.180707,142.4553,-0.779825,-36.823216,0.779825,-0.599348,0.180707,13.046708,-10.410916,0.599348,-0.599348,-142.4553,10.410916,0.180707,36.823216,-13.046708,-0.180707,0.599348,0.779825,-0.779825,NA,NA,NA,NA,NA,NA,NA,NA,NA,NA,NA
NA,NA,NA,NA,NA,NA,NA,NA,NA,NA,NA,NA,NA,NA,NA,NA,126,2026-02-07,17:04:49,1,4,"Shaver, Gage",1000294062,Left,LEE_UNI,"Skrelja, Jovanny",1000428762,Right,TIF_UNI,Undefined,4,Top,0,2,1,Fastball,Sinker,FoulBallNotFieldable,Undefined,Undefined,Undefined,0,0,NA,85.43608,-1.158737,3.006617,2225.354522,133.630702,10:30:00,5.26675,-1.90069,6.03023,-24.52686,13.70426,-13.06032,2.14813,-0.20213,77.94915,-5.768667,0.659404,0.44502,58.10072,52.359757,121.612456,4832.001266,NA,NA,NA,NA,28.47904,NA,NA,7.60933,7.76197,1.67268,50,5.16277,-5.99643,-123.95848,-3.24988,11.80163,25.52129,-20.13566,LEE_UNI,TIF_UNI,LeeUniversity,D2,Team,20260207-LeeUniversity-2,0aa66a90-0471-11f1-a4d3-8b26f3e68120,84.69822,32.65956,NA,7.48694,NA,NA,NA,1.5188,2.20616,0.20497,8c003a57-e22a-4906-b3d2-4bbc25b7dc7a,2026-02-07,22:04:49,2026-02-07T22:04:49Z,2026-02-07T22:04:49Z,NA,v3,NA,NA,NA,"Caraballo, Nate",1000188954,Right,LEE_UNI,bb926417-5314-4c99-b940-41ad60072d27,54.46937,-124.87527,12.76065,5.26652,-2.52655,-10.06783,1.8957,-6.42038,5.90081,332.90924,1.5188,-27.27853,-2.53594,1.22994,1.53794,-7.32631,15.04805,-15.17984,6.02911,2.20616,67.47762,-27.05742,3.00463,0.32882,-3.54835,7.31956,-7.27814,2.84413,0.20497,44.31827,-4.70929,0.66066,0.22179,-1.20383,2.406,-2.35627,0.90715,NA,NA,NA,NA,NA,NA,NA,NA,NA,NA,NA,NA,NA,NA,NA,NA,NA,NA,NA,NA,NA,NA,High,High,High,High,Undefined,NA,NA,NA,132.146308,-40.979035,1680.030467,0.75495,10:30:00,0.670014,0.572892,-0.472098,66.248925,-64.766203,-32.432572,0.058794,161.481438,-0.946581,18.485366,0.946581,-0.317062,-0.058794,3.55418,3.370583,0.317062,0.317062,-161.481438,-3.370583,0.058794,-18.485366,-3.55418,-0.058794,-0.317062,0.946581,-0.946581,NA,NA,NA,NA,NA,NA,NA,NA,NA,NA,NA
NA,NA,NA,NA,NA,NA,NA,NA,NA,NA,NA,NA,NA,NA,NA,NA,127,2026-02-07,17:05:08,1,5,"Shaver, Gage",1000294062,Left,LEE_UNI,"Skrelja, Jovanny",1000428762,Right,TIF_UNI,Undefined,4,Top,0,2,2,Slider,Curveball,BallCalled,Undefined,Undefined,Undefined,0,0,NA,73.92788,2.308936,-2.212224,2304.731109,299.457737,04:00:00,5.06418,-2.10728,5.20266,-63.07456,-9.66981,20.54903,1.98238,-2.47655,66.91226,-9.148803,1.433067,0.52597,NA,NA,NA,NA,NA,NA,NA,NA,NA,NA,NA,-10.86284,-4.88311,2.29638,50,5.23113,3.32282,-107.04969,2.17265,-12.37939,21.56908,-37.73887,LEE_UNI,TIF_UNI,LeeUniversity,D2,Team,20260207-LeeUniversity-2,15f131a0-0471-11f1-a4d3-8b26f3e68120,71.66267,NA,NA,7.01561,NA,NA,NA,NA,NA,NA,8c003a57-e22a-4906-b3d2-4bbc25b7dc7a,2026-02-07,22:05:08,2026-02-07T22:05:08Z,2026-02-07T22:05:08Z,NA,v3,NA,NA,NA,"Caraballo, Nate",1000188954,Right,LEE_UNI,03ebc694-d8ff-491b-a36f-25caec280625,55.29853,-108.112,10.78454,5.07835,4.03135,-18.86944,2.11772,3.93253,-6.1897,NA,NA,NA,NA,NA,NA,NA,NA,NA,NA,NA,NA,NA,NA,NA,NA,NA,NA,NA,NA,NA,NA,NA,NA,NA,NA,NA,NA,NA,NA,NA,NA,NA,NA,NA,NA,NA,NA,NA,NA,NA,NA,NA,NA,NA,NA,NA,NA,NA,NA,High,High,High,NA,NA,NA,NA,NA,305.176017,-38.855711,1794.759393,0.778728,04:15:00,0.618077,-0.66128,0.425076,15.651401,61.363575,-58.381224,0.051714,154.010261,-0.89767,25.952369,0.89767,-0.437624,-0.051714,3.297132,2.96433,0.437624,0.437624,-154.010261,-2.96433,0.051714,-25.952369,-3.297132,-0.051714,-0.437624,0.89767,-0.89767,NA,NA,NA,NA,NA,NA,NA,NA,NA,NA,NA
NA,NA,NA,NA,NA,NA,NA,NA,NA,NA,NA,NA,NA,NA,NA,NA,128,2026-02-07,17:05:22,1,6,"Shaver, Gage",1000294062,Left,LEE_UNI,"Skrelja, Jovanny",1000428762,Right,TIF_UNI,Undefined,4,Top,0,3,2,Fastball,Changeup,FoulBallNotFieldable,Undefined,Undefined,Undefined,0,0,NA,85.67756,-1.197917,3.488183,2163.196064,123.99584,10:15:00,5.23676,-1.99198,6.12375,-25.96017,12.03394,-15.95336,1.96378,-0.0928,78.00804,-6.0757,0.617148,0.443639,56.99762,10.892159,118.160238,3727.150188,NA,NA,NA,57.19472,27.91754,119.956626,0.782144,9.29579,6.94347,1.73308,50,5.13141,-6.95062,-124.25286,-3.38683,14.4497,26.21975,-21.38089,LEE_UNI,TIF_UNI,LeeUniversity,D2,Team,20260207-LeeUniversity-2,1e0f70e0-0471-11f1-a4d3-8b26f3e68120,84.96198,4.42952,NA,7.66951,NA,NA,NA,2.72057,1.89389,-0.17585,8c003a57-e22a-4906-b3d2-4bbc25b7dc7a,2026-02-07,22:05:22,2026-02-07T22:05:22Z,2026-02-07T22:05:22Z,GroundBall,v3,NA,NA,NA,"Caraballo, Nate",1000188954,Right,LEE_UNI,e6f53328-0866-42c5-b2d4-b30a6cc88988,54.3761,-125.17289,13.10988,5.23709,-2.63659,-10.69045,1.98587,-7.45765,7.22485,301.699343,2.75656,-39.3713,-0.90743,NA,NA,NA,NA,NA,NA,1.95186,14.78848,-22.1859,NA,NA,NA,NA,NA,NA,-0.16251,72.13991,-10.98388,NA,NA,NA,NA,NA,NA,NA,NA,NA,NA,NA,NA,NA,NA,NA,NA,NA,NA,NA,NA,NA,NA,NA,NA,NA,NA,NA,NA,High,High,High,Medium,Low,NA,NA,NA,131.855244,-45.851287,1506.71603,0.696523,10:30:00,0.7335,0.533681,-0.420907,77.745025,-47.185183,-55.745643,0.067167,160.813927,-0.942323,19.141056,0.942323,-0.327895,-0.067167,4.077066,3.851312,0.327895,0.327895,-160.813927,-3.851312,0.067167,-19.141056,-4.077066,-0.067167,-0.327895,0.942323,-0.942323,NA,NA,NA,NA,NA,NA,NA,NA,NA,NA,NA
NA,NA,NA,NA,NA,NA,NA,NA,NA,NA,NA,NA,NA,NA,NA,NA,129,2026-02-07,17:05:45,1,7,"Shaver, Gage",1000294062,Left,LEE_UNI,"Skrelja, Jovanny",1000428762,Right,TIF_UNI,Undefined,4,Top,0,3,2,Slider,Slider,FoulBallNotFieldable,Undefined,Undefined,Undefined,0,0,NA,79.67699,0.010082,1.770861,2131.112519,188.478733,12:15:00,5.15282,-2.14902,5.73436,-36.01281,9.31036,1.12658,2.16114,-0.40551,71.41664,-6.710679,1.972433,0.484542,NA,NA,NA,NA,NA,NA,NA,NA,NA,NA,NA,0.05043,5.26799,2.00078,50,5.1322,-3.61196,-115.35462,-1.10391,0.06634,26.22086,-25.24479,LEE_UNI,TIF_UNI,LeeUniversity,D2,Team,20260207-LeeUniversity-2,2b935f10-0471-11f1-a4d3-8b26f3e68120,77.78983,NA,NA,8.26035,NA,NA,NA,NA,NA,NA,8c003a57-e22a-4906-b3d2-4bbc25b7dc7a,2026-02-07,22:05:45,2026-02-07T22:05:45Z,2026-02-07T22:05:45Z,NA,v3,NA,NA,NA,"Caraballo, Nate",1000188954,Right,LEE_UNI,2ec4b86d-a1c7-4321-8b15-641bd0abab9e,54.75864,-116.43126,13.11043,5.15624,-0.06734,-12.6224,2.14915,-3.61468,0.03317,NA,NA,NA,NA,NA,NA,NA,NA,NA,NA,NA,NA,NA,NA,NA,NA,NA,NA,NA,NA,NA,NA,NA,NA,NA,NA,NA,NA,NA,NA,NA,NA,NA,NA,NA,NA,NA,NA,NA,NA,NA,NA,NA,NA,NA,NA,NA,NA,NA,NA,High,High,High,NA,NA,NA,NA,NA,169.99553,-80.741603,342.868755,0.160887,11:45:00,0.991403,0.027776,-0.127865,82.451346,1.151366,-52.580814,-0.009459,144.328467,-0.812337,-35.669693,0.812337,-0.583112,0.009459,0.667139,-0.541974,0.583112,-0.583112,-144.328467,0.541974,0.009459,35.669693,-0.667139,-0.009459,0.583112,0.812337,-0.812337,NA,NA,NA,NA,NA,NA,NA,NA,NA,NA,NA
NA,NA,NA,NA,NA,NA,NA,NA,NA,NA,NA,NA,NA,NA,NA,NA,130,2026-02-07,17:06:06,1,8,"Shaver, Gage",1000294062,Left,LEE_UNI,"Skrelja, Jovanny",1000428762,Right,TIF_UNI,Undefined,4,Top,0,3,2,ChangeUp,Curveball,BallCalled,Walk,Undefined,Undefined,0,0,NA,78.8755,0.632014,1.032786,2152.221659,267.330562,03:00:00,4.9967,-2.12674,5.69962,-44.46337,1.91142,2.17941,1.88048,-0.98261,70.66592,-7.60172,1.422901,0.490131,NA,NA,NA,NA,NA,NA,NA,NA,NA,NA,NA,-0.72559,1.34969,2.03875,50,5.02294,-2.1469,-114.21892,-0.19023,-0.93338,26.17961,-30.43782,LEE_UNI,TIF_UNI,LeeUniversity,D2,Team,20260207-LeeUniversity-2,383ec790-0471-11f1-a4d3-8b26f3e68120,76.90275,NA,NA,8.20958,NA,NA,NA,NA,NA,NA,8c003a57-e22a-4906-b3d2-4bbc25b7dc7a,2026-02-07,22:06:06,2026-02-07T22:06:06Z,2026-02-07T22:06:06Z,NA,v3,NA,NA,NA,"Caraballo, Nate",1000188954,Right,LEE_UNI,5f2dcba5-04f7-4cb2-8930-b3dd32ee4775,54.79427,-115.31256,13.0898,5.00432,1.08129,-15.21891,2.12762,-2.10791,-0.46669,NA,NA,NA,NA,NA,NA,NA,NA,NA,NA,NA,NA,NA,NA,NA,NA,NA,NA,NA,NA,NA,NA,NA,NA,NA,NA,NA,NA,NA,NA,NA,NA,NA,NA,NA,NA,NA,NA,NA,NA,NA,NA,NA,NA,NA,NA,NA,NA,NA,NA,High,High,High,NA,NA,NA,NA,NA,189.080659,-84.363793,211.373559,0.098212,12:15:00,0.99652,-0.026476,-0.079032,90.922298,-4.386428,-50.066174,-0.141559,138.819226,-0.745057,-40.677936,0.745057,-0.651806,0.141559,10.757806,-8.138047,0.651806,-0.651806,-138.819226,8.138047,0.141559,40.677936,-10.757806,-0.141559,0.651806,0.745057,-0.745057,NA,NA,NA,NA,NA,NA,NA,NA,NA,NA,NA
NA,NA,NA,NA,NA,NA,NA,NA,NA,NA,NA,NA,NA,NA,NA,NA,131,2026-02-07,17:06:36,2,1,"Shaver, Gage",1000294062,Left,LEE_UNI,"Westerman, Luke",1000428766,Right,TIF_UNI,Undefined,4,Top,0,0,0,Fastball,Sinker,InPlay,Undefined,LineDrive,Single,0,0,NA,85.26233,-0.386651,3.233146,2142.466458,135.984101,10:30:00,5.22305,-1.95355,6.21207,-24.59804,13.90418,-12.10717,2.81579,0.02458,76.96405,-5.054873,1.051179,0.446596,93.35642,10.568352,-18.698418,860.824669,102.95448,8.8669,-38.7339,158.50914,158.46786,-21.501292,1.395746,7.33599,7.72453,1.71696,50,5.18178,-6.51632,-123.61834,-1.54079,11.19235,27.8721,-20.3889,LEE_UNI,TIF_UNI,LeeUniversity,D2,Team,20260207-LeeUniversity-2,49e27730-0471-11f1-a4d3-8b26f3e68120,84.39949,10.36711,NA,8.29827,NA,NA,NA,1.68456,2.84492,-0.02945,8c003a57-e22a-4906-b3d2-4bbc25b7dc7a,2026-02-07,22:06:36,2026-02-07T22:06:36Z,2026-02-07T22:06:36Z,LineDrive,v3,NA,NA,NA,"Caraballo, Nate",1000188954,Right,LEE_UNI,f9426235-85e9-418c-8b10-62588870a6c0,54.28657,-124.58108,13.93605,5.22283,-0.83654,-10.19445,1.94872,-6.90292,5.59617,73.357283,1.68456,127.49559000000001,-20.66709,3.88348,-0.78966,0.12468,-0.01941,0.00263,-1.8e-4,2.84492,25.11274,-22.45052,2.75999,-0.57541,0.12396,-0.02332,0.00395,-4e-4,-0.02945,-43.15096,-0.77326,2.0861,-0.75524,0.21766,-0.05075,0.00929,-9.1e-4,NA,NA,NA,NA,NA,NA,NA,NA,NA,NA,NA,NA,NA,NA,NA,NA,NA,NA,NA,NA,NA,NA,High,High,High,High,High,NA,NA,NA,134.835687,-42.505495,1579.453152,0.737213,10:30:00,0.700364,0.527328,-0.481057,63.205735,-42.428594,-44.451675,0.005432,166.796912,-0.973552,13.202889,0.973552,-0.2284,-0.005432,0.319704,0.311253,0.2284,0.2284,-166.796912,-0.311253,0.005432,-13.202889,-0.319704,-0.005432,-0.2284,0.973552,-0.973552,NA,NA,NA,NA,NA,NA,NA,NA,NA,NA,NA
NA,NA,NA,NA,NA,NA,NA,NA,NA,NA,NA,NA,NA,NA,NA,NA,132,2026-02-07,17:07:28,3,1,"Shaver, Gage",1000294062,Left,LEE_UNI,"Marceric, Gavin",1000428756,Right,TIF_UNI,Undefined,4,Top,0,0,0,Slider,Slider,StrikeSwinging,Undefined,Undefined,Undefined,0,0,NA,79.59397,0.494195,2.204897,2174.079978,200.294962,12:45:00,5.10102,-2.18441,5.7424,-40.06864,5.99024,1.4874,2.22246,-0.00646,70.41858,-6.991332,2.470937,0.488459,NA,NA,NA,NA,NA,NA,NA,NA,NA,NA,NA,0.11681,3.47957,2.00009,50,5.11872,-4.48991,-115.0232,-0.28377,0.15059,28.79704,-27.68768,LEE_UNI,TIF_UNI,LeeUniversity,D2,Team,20260207-LeeUniversity-2,68f2e380-0471-11f1-a4d3-8b26f3e68120,77.16602,NA,NA,9.17539,NA,NA,NA,NA,NA,NA,8c003a57-e22a-4906-b3d2-4bbc25b7dc7a,2026-02-07,22:07:28,2026-02-07T22:07:28Z,2026-02-07T22:07:28Z,NA,v3,NA,NA,NA,"Caraballo, Nate",1000188954,Right,LEE_UNI,7ea0395e-e95b-47ea-9cc9-af1d6cc3e8f2,54.74784,-116.20578,14.39852,5.10702,0.85326,-13.84384,2.1846,-4.4961,0.0753,NA,NA,NA,NA,NA,NA,NA,NA,NA,NA,NA,NA,NA,NA,NA,NA,NA,NA,NA,NA,NA,NA,NA,NA,NA,NA,NA,NA,NA,NA,NA,NA,NA,NA,NA,NA,NA,NA,NA,NA,NA,NA,NA,NA,NA,NA,NA,NA,NA,NA,High,High,High,NA,NA,NA,NA,NA,205.668356,-85.324908,177.1989,0.081505,12:45:00,0.99842,-0.0439,-0.035076,88.651198,-16.525111,-46.956162,-0.22012,136.269851,-0.70488,-42.400434,0.70488,-0.674308,0.22012,17.342554,-12.716089,0.674308,-0.674308,-136.269851,12.716089,0.22012,42.400434,-17.342554,-0.22012,0.674308,0.70488,-0.70488,NA,NA,NA,NA,NA,NA,NA,NA,NA,NA,NA
NA,NA,NA,NA,NA,NA,NA,NA,NA,NA,NA,NA,NA,NA,NA,NA,133,2026-02-07,17:07:43,3,2,"Shaver, Gage",1000294062,Left,LEE_UNI,"Marceric, Gavin",1000428756,Right,TIF_UNI,Undefined,4,Top,0,0,1,Cutter,Slider,FoulBallNotFieldable,Undefined,Undefined,Undefined,0,0,NA,79.20827,-0.18027,2.646972,2228.165657,222.658158,01:30:00,5.04469,-2.18298,5.59417,-42.04605,3.30752,1.66697,1.37236,0.42914,72.40704,-7.892375,2.944341,0.484705,36.42154,-2.720866,-77.297222,NA,NA,NA,NA,11.94569,11.94569,-65.881568,0.2004,-0.05945,2.13197,1.95471,50,5.00179,-5.37432,-114.86948,-1.73242,-0.07888,22.69663,-29.34579,LEE_UNI,TIF_UNI,LeeUniversity,D2,Team,20260207-LeeUniversity-2,71eb5620-0471-11f1-a4d3-8b26f3e68120,77.76374,1.19396,NA,6.80123,NA,NA,NA,2.71732,1.19396,-0.46772,8c003a57-e22a-4906-b3d2-4bbc25b7dc7a,2026-02-07,22:07:43,2026-02-07T22:07:43Z,2026-02-07T22:07:43Z,GroundBall,v3,NA,NA,NA,"Caraballo, Nate",1000188954,Right,LEE_UNI,43833c19-a645-492f-a792-57669065ed42,54.90564,-115.83471,11.34832,5.04892,-0.48442,-14.67289,2.18319,-5.37096,-0.03944,84.393425,2.71728,11.73554,-4.67471,NA,NA,NA,NA,NA,NA,1.19402,-2.54013,-17.05786,NA,NA,NA,NA,NA,NA,-0.46754,-52.06326,-0.05046,NA,NA,NA,NA,NA,NA,NA,NA,NA,NA,NA,NA,NA,NA,NA,NA,NA,NA,NA,NA,NA,NA,NA,NA,NA,NA,NA,NA,High,High,High,Low,Low,NA,NA,NA,225.128942,-84.392896,217.705815,0.097706,01:30:00,0.99755,-0.066113,-0.022889,79.01644,-25.844096,-50.444649,-0.17531,141.888407,-0.774625,-37.418824,0.774625,-0.607637,0.17531,12.752104,-10.096679,0.607637,-0.607637,-141.888407,10.096679,0.17531,37.418824,-12.752104,-0.17531,0.607637,0.774625,-0.774625,NA,NA,NA,NA,NA,NA,NA,NA,NA,NA,NA
NA,NA,NA,NA,NA,NA,NA,NA,NA,NA,NA,NA,NA,NA,NA,NA,134,2026-02-07,17:08:04,3,3,"Shaver, Gage",1000294062,Left,LEE_UNI,"Marceric, Gavin",1000428756,Right,TIF_UNI,Undefined,4,Top,0,0,2,Slider,Curveball,FoulBallNotFieldable,Undefined,Undefined,Undefined,0,0,NA,75.45183,0.719726,1.908853,2239.970028,295.988882,03:45:00,5.0925,-2.16086,5.60548,-55.52487,-4.74579,13.63953,1.13769,0.75833,68.16059,-9.448585,4.345365,0.512878,93.79212,11.594709,-43.498961,3461.703034,75.50036,10.37183,-79.99706,170.60644,157.5131,-48.991547,1.520617,-6.25563,-2.15004,1.98837,50,5.11835,-4.1507,-109.31562,-0.39479,-7.37438,23.90233,-34.70858,LEE_UNI,TIF_UNI,LeeUniversity,D2,Team,20260207-LeeUniversity-2,7e5ee5c0-0471-11f1-a4d3-8b26f3e68120,73.49207,11.03946,NA,7.29124,NA,NA,NA,2.2864,1.63106,-0.91739,8c003a57-e22a-4906-b3d2-4bbc25b7dc7a,2026-02-07,22:08:04,2026-02-07T22:08:04Z,2026-02-07T22:08:04Z,LineDrive,v3,NA,NA,NA,"Caraballo, Nate",1000188954,Right,LEE_UNI,591f4687-cb0b-495a-823b-22478132ef1c,54.89389,-110.38051,11.95117,5.1015,1.15153,-17.35429,2.16597,-3.82216,-3.68719,NA,2.2864,97.74911,-21.71717,4.34394,-0.99599,0.21031,-0.04372,0.00738,-6.6e-4,1.63106,27.64815,-21.83383,2.55929,-0.55505,0.126,-0.0252,0.00427,-4e-4,-0.91739,-92.75708,5.71772,0.17094,-0.19604,0.07842,-0.02012,0.00381,-3.7e-4,NA,NA,NA,NA,NA,NA,NA,NA,NA,NA,NA,NA,NA,NA,NA,NA,NA,NA,NA,NA,NA,NA,High,High,High,High,High,NA,NA,NA,302.784303,-48.861266,1473.64164,0.657885,04:00:00,0.733832,-0.56251,0.380885,37.672212,66.589089,-34.011031,0.017132,145.551074,-0.82451,34.443158,0.82451,-0.565588,-0.017132,1.190314,0.981615,0.565588,0.565588,-145.551074,-0.981615,0.017132,-34.443158,-1.190314,-0.017132,-0.565588,0.82451,-0.82451,NA,NA,NA,NA,NA,NA,NA,NA,NA,NA,NA
NA,NA,NA,NA,NA,NA,NA,NA,NA,NA,NA,NA,NA,NA,NA,NA,135,2026-02-07,17:08:24,3,4,"Shaver, Gage",1000294062,Left,LEE_UNI,"Marceric, Gavin",1000428756,Right,TIF_UNI,Undefined,4,Top,0,0,2,Fastball,Sinker,StrikeSwinging,Strikeout,Undefined,Undefined,0,0,NA,85.7653,-0.634744,2.069662,2178.685495,132.26335,10:30:00,5.22013,-1.98826,6.23308,-25.45458,12.11564,-11.99658,2.51293,-1.0778,78.29326,-5.42868,-0.096854,0.441157,NA,NA,NA,NA,NA,NA,NA,NA,NA,NA,NA,6.79,6.8328,1.83941,50,5.16011,-4.03084,-124.56925,-2.13521,10.64052,25.65052,-21.46645,LEE_UNI,TIF_UNI,LeeUniversity,D2,Team,20260207-LeeUniversity-2,8a45ecd0-0471-11f1-a4d3-8b26f3e68120,85.43993,NA,NA,7.47204,NA,NA,NA,NA,NA,NA,8c003a57-e22a-4906-b3d2-4bbc25b7dc7a,2026-02-07,22:08:24,2026-02-07T22:08:24Z,2026-02-07T22:08:24Z,NA,v3,NA,NA,NA,"Caraballo, Nate",1000188954,Right,LEE_UNI,1d7d5716-ce19-4b10-8157-5a4ec7ca1904,54.26545,-125.44449,12.82526,5.22048,-1.40274,-10.73323,1.98314,-4.39391,5.32026,NA,NA,NA,NA,NA,NA,NA,NA,NA,NA,NA,NA,NA,NA,NA,NA,NA,NA,NA,NA,NA,NA,NA,NA,NA,NA,NA,NA,NA,NA,NA,NA,NA,NA,NA,NA,NA,NA,NA,NA,NA,NA,NA,NA,NA,NA,NA,NA,NA,NA,High,High,High,NA,NA,NA,NA,NA,135.43436,-42.595423,1603.841854,0.736151,10:30:00,0.689556,0.524043,-0.499892,55.279446,-55.993243,-29.598864,0.008624,167.077949,-0.974639,12.921562,0.974639,-0.223617,-0.008624,0.506981,0.494142,0.223617,0.223617,-167.077949,-0.494142,0.008624,-12.921562,-0.506981,-0.008624,-0.223617,0.974639,-0.974639,NA,NA,NA,NA,NA,NA,NA,NA,NA,NA,NA
NA,NA,NA,NA,NA,NA,NA,NA,NA,NA,NA,NA,NA,NA,NA,NA,136,2026-02-07,17:08:48,4,1,"Shaver, Gage",1000294062,Left,LEE_UNI,"Hernandez, Julian",1000428763,Right,TIF_UNI,Undefined,4,Top,1,0,0,Cutter,Curveball,BallCalled,Undefined,Undefined,Undefined,0,0,NA,77.16651,1.926151,0.074516,2092.693339,291.948852,03:45:00,4.98947,-2.10734,5.67299,-48.07581,-0.31807,4.82103,2.77961,-1.63612,70.08587,-6.927543,0.936692,0.497386,NA,NA,NA,NA,NA,NA,NA,NA,NA,NA,NA,-2.40504,-0.21453,2.09804,50,5.1222,-0.33184,-111.92326,2.21165,-3.01967,22.12052,-32.44339,LEE_UNI,TIF_UNI,LeeUniversity,D2,Team,20260207-LeeUniversity-2,98be9b40-0471-11f1-a4d3-8b26f3e68120,75.7811,NA,NA,7.08064,NA,NA,NA,NA,NA,NA,8c003a57-e22a-4906-b3d2-4bbc25b7dc7a,2026-02-07,22:08:48,2026-02-07T22:08:48Z,2026-02-07T22:08:48Z,NA,v3,NA,NA,NA,"Caraballo, Nate",1000188954,Right,LEE_UNI,82fff6ae-129a-4de7-ac02-43396cd0d68b,54.82488,-112.87282,11.06026,4.99738,3.60434,-16.2217,2.10951,-0.20221,-1.50984,NA,NA,NA,NA,NA,NA,NA,NA,NA,NA,NA,NA,NA,NA,NA,NA,NA,NA,NA,NA,NA,NA,NA,NA,NA,NA,NA,NA,NA,NA,NA,NA,NA,NA,NA,NA,NA,NA,NA,NA,NA,NA,NA,NA,NA,NA,NA,NA,NA,NA,High,High,High,NA,NA,NA,NA,NA,254.214073,-78.981363,399.972877,0.191128,02:30:00,0.974895,-0.216808,-0.050727,92.769236,-9.715899,-60.897711,-0.197918,138.808206,-0.737624,-40.207226,0.737624,-0.645554,0.197918,15.019742,-11.415239,0.645554,-0.645554,-138.808206,11.415239,0.197918,40.207226,-15.019742,-0.197918,0.645554,0.737624,-0.737624,NA,NA,NA,NA,NA,NA,NA,NA,NA,NA,NA
NA,NA,NA,NA,NA,NA,NA,NA,NA,NA,NA,NA,NA,NA,NA,NA,137,2026-02-07,17:09:03,4,2,"Shaver, Gage",1000294062,Left,LEE_UNI,"Hernandez, Julian",1000428763,Right,TIF_UNI,Undefined,4,Top,1,1,0,Fastball,Sinker,StrikeCalled,Undefined,Undefined,Undefined,0,0,NA,85.81468,-1.226687,4.052681,2205.18261,138.430875,10:30:00,5.17879,-1.80234,5.69375,-22.92828,15.49147,-12.62524,2.12185,0.92877,78.30098,-5.521382,1.802512,0.446117,NA,NA,NA,NA,NA,NA,NA,NA,NA,NA,NA,7.51689,8.58398,1.46917,50,5.06126,-8.27271,-124.29066,-3.38806,11.75073,25.06646,-18.75522,LEE_UNI,TIF_UNI,LeeUniversity,D2,Team,20260207-LeeUniversity-2,a16a7480-0471-11f1-a4d3-8b26f3e68120,84.49004,NA,NA,7.51369,NA,NA,NA,NA,NA,NA,8c003a57-e22a-4906-b3d2-4bbc25b7dc7a,2026-02-07,22:09:03,2026-02-07T22:09:03Z,2026-02-07T22:09:03Z,NA,v3,NA,NA,NA,"Caraballo, Nate",1000188954,Right,LEE_UNI,4d06d284-ecd2-4996-bee2-eb140ef80c0c,54.8043,-125.25582,12.53323,5.17782,-2.66591,-9.37761,1.79642,-8.72516,5.87536,NA,NA,NA,NA,NA,NA,NA,NA,NA,NA,NA,NA,NA,NA,NA,NA,NA,NA,NA,NA,NA,NA,NA,NA,NA,NA,NA,NA,NA,NA,NA,NA,NA,NA,NA,NA,NA,NA,NA,NA,NA,NA,NA,NA,NA,NA,NA,NA,NA,NA,High,High,High,NA,NA,NA,NA,NA,132.418995,-38.86837,1716.932461,0.77859,10:30:00,0.650664,0.588082,-0.480412,36.692169,-66.656663,1.855354,0.026491,169.864222,-0.984048,10.132183,0.984048,-0.17592,-0.026491,1.542032,1.517978,0.17592,0.17592,-169.864222,-1.517978,0.026491,-10.132183,-1.542032,-0.026491,-0.17592,0.984048,-0.984048,NA,NA,NA,NA,NA,NA,NA,NA,NA,NA,NA
NA,NA,NA,NA,NA,NA,NA,NA,NA,NA,NA,NA,NA,NA,NA,NA,138,2026-02-07,17:09:19,4,3,"Shaver, Gage",1000294062,Left,LEE_UNI,"Hernandez, Julian",1000428763,Right,TIF_UNI,Undefined,4,Top,1,1,1,Cutter,Slider,FoulBallNotFieldable,Undefined,Undefined,Undefined,0,0,NA,79.12525,0.963673,1.426396,2234.375866,249.692114,02:15:00,5.04508,-2.1635,5.55539,-42.70908,2.88894,3.62815,2.38678,-0.52811,71.94595,-6.893839,2.073578,0.486009,NA,NA,NA,NA,NA,NA,NA,NA,NA,NA,NA,-1.41095,1.55847,2.03767,50,5.10009,-2.99752,-114.78037,0.5337,-1.86258,23.32242,-30.11675,LEE_UNI,TIF_UNI,LeeUniversity,D2,Team,20260207-LeeUniversity-2,ab6a9320-0471-11f1-a4d3-8b26f3e68120,77.55499,NA,NA,7.1793,NA,NA,NA,NA,NA,NA,8c003a57-e22a-4906-b3d2-4bbc25b7dc7a,2026-02-07,22:09:19,2026-02-07T22:09:19Z,2026-02-07T22:09:19Z,NA,v3,NA,NA,NA,"Caraballo, Nate",1000188954,Right,LEE_UNI,12fb5df2-522e-4fca-b31a-773975ccb694,54.94439,-115.78067,11.66121,5.0495,1.82541,-15.05837,2.16452,-2.91764,-0.93129,NA,NA,NA,NA,NA,NA,NA,NA,NA,NA,NA,NA,NA,NA,NA,NA,NA,NA,NA,NA,NA,NA,NA,NA,NA,NA,NA,NA,NA,NA,NA,NA,NA,NA,NA,NA,NA,NA,NA,NA,NA,NA,NA,NA,NA,NA,NA,NA,NA,NA,High,High,High,NA,NA,NA,NA,NA,187.50245,-83.168346,265.784658,0.118953,12:15:00,0.995126,-0.032228,-0.093192,78.125189,-19.349524,-51.322849,-0.140197,144.18513,-0.802903,-35.407566,0.802903,-0.579389,0.140197,9.904715,-8.059253,0.579389,-0.579389,-144.18513,8.059253,0.140197,35.407566,-9.904715,-0.140197,0.579389,0.802903,-0.802903,NA,NA,NA,NA,NA,NA,NA,NA,NA,NA,NA
NA,NA,NA,NA,NA,NA,NA,NA,NA,NA,NA,NA,NA,NA,NA,NA,139,2026-02-07,17:09:55,4,4,"Shaver, Gage",1000294062,Left,LEE_UNI,"Hernandez, Julian",1000428763,Right,TIF_UNI,Undefined,4,Top,1,1,2,Slider,Curveball,InPlay,Undefined,GroundBall,Single,0,1,NA,75.47878,1.141467,0.930288,2274.875974,283.837683,03:30:00,4.98672,-2.06032,5.7094,-52.54389,-2.93563,18.35836,1.67183,0.33635,69.23747,-8.478472,4.216428,0.50693,NA,NA,NA,NA,NA,NA,NA,NA,NA,NA,NA,-9.11343,-1.41272,1.97062,50,5.04952,-2.44213,-109.62762,0.54419,-11.00978,20.70147,-33.88074,LEE_UNI,TIF_UNI,LeeUniversity,D2,Team,20260207-LeeUniversity-2,c0a7bd30-0471-11f1-a4d3-8b26f3e68120,74.35428,NA,NA,6.24131,NA,NA,NA,NA,NA,NA,8c003a57-e22a-4906-b3d2-4bbc25b7dc7a,2026-02-07,22:09:55,2026-02-07T22:09:55Z,2026-02-07T22:09:55Z,NA,v3,NA,NA,NA,"Caraballo, Nate",1000188954,Right,LEE_UNI,3ace9946-aaf9-447f-bfae-6ea0afd6c7e9,54.79282,-110.52896,10.35074,4.99371,2.01936,-16.94037,2.06651,-1.96277,-5.50489,NA,NA,NA,NA,NA,NA,NA,NA,NA,NA,NA,NA,NA,NA,NA,NA,NA,NA,NA,NA,NA,NA,NA,NA,NA,NA,NA,NA,NA,NA,NA,NA,NA,NA,NA,NA,NA,NA,NA,NA,NA,NA,NA,NA,NA,NA,NA,NA,NA,NA,High,High,High,NA,NA,NA,NA,NA,305.370605,-43.676338,1645.309528,0.723252,04:15:00,0.671811,-0.603398,0.429628,32.187519,62.118203,-44.488136,0.041772,145.49019,-0.82331,34.475433,0.82331,-0.566053,-0.041772,2.904539,2.394083,0.566053,0.566053,-145.49019,-2.394083,0.041772,-34.475433,-2.904539,-0.041772,-0.566053,0.82331,-0.82331,NA,NA,NA,NA,NA,NA,NA,NA,NA,NA,NA
NA,NA,NA,NA,NA,NA,NA,NA,NA,NA,NA,NA,NA,NA,NA,NA,140,2026-02-07,17:10:58,5,1,"Shaver, Gage",1000294062,Left,LEE_UNI,"Deitschel, Adam",1000242344,Left,TIF_UNI,Undefined,4,Top,1,0,0,Fastball,Changeup,BallCalled,Undefined,Undefined,Undefined,0,0,NA,84.63186,-0.325373,4.51782,2048.018391,137.392886,10:30:00,5.08159,-2.04877,6.02676,-26.79017,12.10989,-10.01997,2.54679,1.30907,77.49443,-5.333066,2.723241,0.448897,NA,NA,NA,NA,NA,NA,NA,NA,NA,NA,NA,6.35359,6.69197,1.69998,50,5.0415,-9.29106,-122.63333,-1.51823,9.701,23.65403,-21.95636,LEE_UNI,TIF_UNI,LeeUniversity,D2,Team,20260207-LeeUniversity-2,e68ecd90-0471-11f1-a4d3-8b26f3e68120,83.96683,NA,NA,7.13743,NA,NA,NA,NA,NA,NA,8c003a57-e22a-4906-b3d2-4bbc25b7dc7a,2026-02-07,22:10:58,2026-02-07T22:10:58Z,2026-02-07T22:10:58Z,NA,v3,NA,NA,NA,"Caraballo, Nate",1000188954,Right,LEE_UNI,5b4c987d-0f7f-4c6e-bb36-7e29d17aba37,54.47178,-123.49286,11.82701,5.08217,-0.7204,-10.97818,2.044,-9.64357,4.8505,NA,NA,NA,NA,NA,NA,NA,NA,NA,NA,NA,NA,NA,NA,NA,NA,NA,NA,NA,NA,NA,NA,NA,NA,NA,NA,NA,NA,NA,NA,NA,NA,NA,NA,NA,NA,NA,NA,NA,NA,NA,NA,NA,NA,NA,NA,NA,NA,NA,NA,High,High,High,NA,NA,NA,NA,NA,135.955322,-41.037235,1544.785587,0.754283,10:30:00,0.694237,0.528112,-0.489012,49.097906,-62.697017,-19.109409,0.018153,167.722186,-0.976967,12.27576,0.976967,-0.212617,-0.018153,1.064501,1.040159,0.212617,0.212617,-167.722186,-1.040159,0.018153,-12.27576,-1.064501,-0.018153,-0.212617,0.976967,-0.976967,NA,NA,NA,NA,NA,NA,NA,NA,NA,NA,NA
NA,NA,NA,NA,NA,NA,NA,NA,NA,NA,NA,NA,NA,NA,NA,NA,141,2026-02-07,17:11:14,5,2,"Shaver, Gage",1000294062,Left,LEE_UNI,"Deitschel, Adam",1000242344,Left,TIF_UNI,Undefined,4,Top,1,1,0,Fastball,Sinker,BallCalled,Undefined,Undefined,Undefined,0,0,NA,84.97668,-1.26183,4.989967,2134.260089,140.892568,10:45:00,5.16752,-1.86395,5.86454,-23.9606,14.62706,-10.97418,1.99395,1.86883,78.4186,-5.724314,3.032492,0.447091,NA,NA,NA,NA,NA,NA,NA,NA,NA,NA,NA,6.86898,8.1502,1.4651,50,5.05082,-10.31482,-123.10994,-3.46365,10.65581,21.96625,-19.53068,LEE_UNI,TIF_UNI,LeeUniversity,D2,Team,20260207-LeeUniversity-2,f0150140-0471-11f1-a4d3-8b26f3e68120,84.30605,NA,NA,6.55808,NA,NA,NA,NA,NA,NA,8c003a57-e22a-4906-b3d2-4bbc25b7dc7a,2026-02-07,22:11:14,2026-02-07T22:11:14Z,2026-02-07T22:11:14Z,NA,v3,NA,NA,NA,"Caraballo, Nate",1000188954,Right,LEE_UNI,824b3b1f-85f6-4f95-bbc6-8c9c9d6067b6,54.63611,-123.93439,10.98312,5.16707,-2.73061,-9.76534,1.85974,-10.71476,5.3279,NA,NA,NA,NA,NA,NA,NA,NA,NA,NA,NA,NA,NA,NA,NA,NA,NA,NA,NA,NA,NA,NA,NA,NA,NA,NA,NA,NA,NA,NA,NA,NA,NA,NA,NA,NA,NA,NA,NA,NA,NA,NA,NA,NA,NA,NA,NA,NA,NA,NA,High,High,High,NA,NA,NA,NA,NA,138.888586,-42.288589,1578.851164,0.739765,10:45:00,0.707962,0.501114,-0.49767,47.600137,-64.877545,-17.398753,0.042688,166.859005,-0.972926,13.128802,0.972926,-0.227141,-0.042688,2.512267,2.44656,0.227141,0.227141,-166.859005,-2.44656,0.042688,-13.128802,-2.512267,-0.042688,-0.227141,0.972926,-0.972926,NA,NA,NA,NA,NA,NA,NA,NA,NA,NA,NA
NA,NA,NA,NA,NA,NA,NA,NA,NA,NA,NA,NA,NA,NA,NA,NA,142,2026-02-07,17:11:39,5,3,"Shaver, Gage",1000294062,Left,LEE_UNI,"Deitschel, Adam",1000242344,Left,TIF_UNI,Undefined,4,Top,1,2,0,Cutter,Slider,StrikeCalled,Undefined,Undefined,Undefined,0,0,NA,79.24805,0.735861,1.185,2129.176096,143.330911,10:45:00,5.08634,-1.81226,5.59923,-40.43238,4.42752,-2.27504,2.40416,-0.89537,72.81178,-6.692561,0.778706,0.482059,NA,NA,NA,NA,NA,NA,NA,NA,NA,NA,NA,1.4691,2.48492,1.71222,50,5.12326,-2.29137,-115.08884,0.15032,1.9751,20.88129,-28.83322,LEE_UNI,TIF_UNI,LeeUniversity,D2,Team,20260207-LeeUniversity-2,fe8bdaf0-0471-11f1-a4d3-8b26f3e68120,78.19044,NA,NA,6.43627,NA,NA,NA,NA,NA,NA,8c003a57-e22a-4906-b3d2-4bbc25b7dc7a,2026-02-07,22:11:39,2026-02-07T22:11:39Z,2026-02-07T22:11:39Z,NA,v3,NA,NA,NA,"Caraballo, Nate",1000188954,Right,LEE_UNI,b373db24-5f11-4607-81d8-80013ad43a34,54.89961,-115.9744,10.44064,5.09096,1.37311,-14.41661,1.81117,-2.37513,0.98755,NA,NA,NA,NA,NA,NA,NA,NA,NA,NA,NA,NA,NA,NA,NA,NA,NA,NA,NA,NA,NA,NA,NA,NA,NA,NA,NA,NA,NA,NA,NA,NA,NA,NA,NA,NA,NA,NA,NA,NA,NA,NA,NA,NA,NA,NA,NA,NA,NA,NA,High,High,High,NA,NA,NA,NA,NA,170.121596,-78.788841,413.965926,0.194425,11:45:00,0.985016,0.020755,-0.171209,82.279666,-11.771542,-45.941906,-0.203975,140.640135,-0.756923,-38.378671,0.756923,-0.620856,0.203975,15.081731,-11.769478,0.620856,-0.620856,-140.640135,11.769478,0.203975,38.378671,-15.081731,-0.203975,0.620856,0.756923,-0.756923,NA,NA,NA,NA,NA,NA,NA,NA,NA,NA,NA
NA,NA,NA,NA,NA,NA,NA,NA,NA,NA,NA,NA,NA,NA,NA,NA,143,2026-02-07,17:11:56,5,4,"Shaver, Gage",1000294062,Left,LEE_UNI,"Deitschel, Adam",1000242344,Left,TIF_UNI,Undefined,4,Top,1,2,1,Fastball,Changeup,StrikeCalled,Undefined,Undefined,Undefined,0,0,NA,84.6612,-0.931359,4.239114,1998.859781,135.23993,10:30:00,5.17559,-1.94911,5.87741,-25.74986,13.15493,-11.88347,2.16232,1.00486,77.88346,-5.727974,2.114656,0.448924,NA,NA,NA,NA,NA,NA,NA,NA,NA,NA,NA,7.15835,7.33461,1.61277,50,5.08515,-8.62082,-122.74407,-2.80503,11.00007,22.64402,-20.90314,LEE_UNI,TIF_UNI,LeeUniversity,D2,Team,20260207-LeeUniversity-2,08cc36e0-0472-11f1-a4d3-8b26f3e68120,83.96172,NA,NA,6.77774,NA,NA,NA,NA,NA,NA,8c003a57-e22a-4906-b3d2-4bbc25b7dc7a,2026-02-07,22:11:56,2026-02-07T22:11:56Z,2026-02-07T22:11:56Z,NA,v3,NA,NA,NA,"Caraballo, Nate",1000188954,Right,LEE_UNI,51e70d3a-9b16-4495-9d91-5d67de8d4eba,54.6221,-123.59382,11.32201,5.1757,-2.0206,-10.45157,1.94402,-9.03362,5.50004,NA,NA,NA,NA,NA,NA,NA,NA,NA,NA,NA,NA,NA,NA,NA,NA,NA,NA,NA,NA,NA,NA,NA,NA,NA,NA,NA,NA,NA,NA,NA,NA,NA,NA,NA,NA,NA,NA,NA,NA,NA,NA,NA,NA,NA,NA,NA,NA,NA,NA,High,High,High,NA,NA,NA,NA,NA,135.268683,-42.538744,1472.800524,0.73682,10:30:00,0.704437,0.529483,-0.47267,-95.569301,18.625446,-54.022981,0.137177,158.369452,-0.920792,21.41592,0.920792,-0.365135,-0.137177,8.473456,7.884538,0.365135,0.365135,-158.369452,-7.884538,0.137177,-21.41592,-8.473456,-0.137177,-0.365135,0.920792,-0.920792,NA,NA,NA,NA,NA,NA,NA,NA,NA,NA,NA
NA,NA,NA,NA,NA,NA,NA,NA,NA,NA,NA,NA,NA,NA,NA,NA,144,2026-02-07,17:12:19,5,5,"Shaver, Gage",1000294062,Left,LEE_UNI,"Deitschel, Adam",1000242344,Left,TIF_UNI,Undefined,4,Top,1,2,2,Slider,Curveball,FoulBallNotFieldable,Undefined,Undefined,Undefined,0,0,NA,78.50241,1.140027,0.974849,2136.439113,306.563812,04:15:00,4.98261,-2.16607,5.66489,-46.35006,-0.41043,2.57484,2.18343,-1.0424,71.70435,-7.373109,1.435384,0.487826,96.28293,2.237677,56.615378,4625.542431,NA,NA,NA,71.14965,68.54787,58.358178,0.523076,-1.0374,-0.23504,2.08193,50,5.0492,-2.03447,-113.9836,0.779,-1.35513,22.33978,-32.48108,LEE_UNI,TIF_UNI,LeeUniversity,D2,Team,20260207-LeeUniversity-2,16b77260-0472-11f1-a4d3-8b26f3e68120,77.26613,2.58865,NA,6.79806,NA,NA,NA,2.23347,2.19512,1.25134,8c003a57-e22a-4906-b3d2-4bbc25b7dc7a,2026-02-07,22:12:19,2026-02-07T22:12:19Z,2026-02-07T22:12:19Z,GroundBall,v3,NA,NA,NA,"Caraballo, Nate",1000188954,Right,LEE_UNI,8bea1ec8-bfaa-49b5-9110-79d802762bdd,54.8368,-114.92766,11.16989,4.98727,2.15162,-16.24054,2.16669,-1.9772,-0.67757,NA,2.23347,77.64511,-22.25584,4.4511,-1.12075,0.71584,-1.30716,1.63014,-0.82282,2.19512,5.51372,-19.62675,2.25759,-0.49446,0.16708,-0.15401,0.17063999999999999,-0.08454,1.25134,117.82375,-8.59876,0.25874,0.16476,-0.36637,0.79513,-1.00735,0.51129,NA,NA,NA,NA,NA,NA,NA,NA,NA,NA,NA,NA,NA,NA,NA,NA,NA,NA,NA,NA,NA,NA,High,High,High,Medium,High,NA,NA,NA,258.414921,-80.623907,348.056481,0.162914,02:30:00,0.983684,-0.179194,-0.015983,88.079777000000007,-17.548979,-58.189048,-0.192234,139.672099,-0.748135,-39.426731,0.748135,-0.635091,0.192234,14.410475,-11.083195,0.635091,-0.635091,-139.672099,11.083195,0.192234,39.426731,-14.410475,-0.192234,0.635091,0.748135,-0.748135,NA,NA,NA,NA,NA,NA,NA,NA,NA,NA,NA
NA,NA,NA,NA,NA,NA,NA,NA,NA,NA,NA,NA,NA,NA,NA,NA,145,2026-02-07,17:13:01,5,6,"Shaver, Gage",1000294062,Left,LEE_UNI,"Deitschel, Adam",1000242344,Left,TIF_UNI,Undefined,4,Top,1,2,2,Slider,Curveball,FoulBallNotFieldable,Undefined,Undefined,Undefined,0,0,NA,74.56542,2.458015,1.77327,2309.761384,290.708138,03:45:00,4.94283,-2.15617,5.44831,-57.98917,-5.67504,20.10918,2.4142,1.18032,67.22796,-8.151165,5.347624,0.520572,61.41823,52.688666,-66.578732,4222.922566,39.40979,60.9079,-102.69778,153.09818,62.3631,-73.231765,4.003782,-9.51902,-3.19347,1.98513,50,5.12032,-4.09919,-107.95238,2.76492,-10.95726,23.09217,-35.85003,LEE_UNI,TIF_UNI,LeeUniversity,D2,Team,20260207-LeeUniversity-2,2fcd1bb0-0472-11f1-a4d3-8b26f3e68120,72.40579,68.00416,NA,7.33745,NA,NA,NA,1.93519,2.48827,-1.13195,8c003a57-e22a-4906-b3d2-4bbc25b7dc7a,2026-02-07,22:13:01,2026-02-07T22:13:01Z,2026-02-07T22:13:01Z,Popup,v3,NA,NA,NA,"Caraballo, Nate",1000188954,Right,LEE_UNI,8867bbdc-bc63-4992-bb29-227b7fb9c86d,55.05204,-109.02771,11.54608,4.95269,4.43434,-17.92502,2.16413,-3.58895,-5.47863,NA,1.93102,21.82286,-4.139,1.82768,-1.58973,0.90031,-0.28514,0.04523,-0.00281,2.48642,71.70717,-22.65015,2.93748,-1.49881,0.75565,-0.24631,0.04233,-0.00289,-1.13761,-49.95512,5.73392,0.00779,-1.05582,0.6075,-0.15196,0.01627,-5.1e-4,NA,NA,NA,NA,NA,NA,NA,NA,NA,NA,NA,NA,NA,NA,NA,NA,NA,NA,NA,NA,NA,NA,High,High,High,High,Low,NA,NA,NA,302.696822,-42.012864,1716.140176,0.742995,04:00:00,0.629139,-0.653389,0.421031,7.694427,55.525504,-65.351086,0.137843,154.705047,-0.89549,25.03675,0.89549,-0.423199,-0.137843,8.750854,7.923031,0.423199,0.423199,-154.705047,-7.923031,0.137843,-25.03675,-8.750854,-0.137843,-0.423199,0.89549,-0.89549,NA,NA,NA,NA,NA,NA,NA,NA,NA,NA,NA
NA,NA,NA,NA,NA,NA,NA,NA,NA,NA,NA,NA,NA,NA,NA,NA,146,2026-02-07,17:13:25,5,7,"Shaver, Gage",1000294062,Left,LEE_UNI,"Deitschel, Adam",1000242344,Left,TIF_UNI,Undefined,4,Top,1,2,2,Slider,Slider,InPlay,Undefined,GroundBall,Single,1,1,NA,77.99536,0.145538,2.27541,2208.882948,211.12585,01:00:00,4.99727,-1.93293,5.56276,-41.81026,5.32414,2.21138,1.64916,0.37825,70.76257,-7.556379,2.669719,0.494129,70.04674,21.328473,25.243613,1684.86183,97.95365,24.79189,50.05035,205.79545,205.79545,29.302306,2.599006,-0.39732,3.09937,1.73494,50,4.98243,-4.57609,-113.03974,-1.04895,-0.50678,23.34273,-28.22087,LEE_UNI,TIF_UNI,LeeUniversity,D2,Team,20260207-LeeUniversity-2,3de6e140-0472-11f1-a4d3-8b26f3e68120,76.28058,24.79217,NA,7.23279,NA,NA,NA,2.24536,1.83487,-0.3041,8c003a57-e22a-4906-b3d2-4bbc25b7dc7a,2026-02-07,22:13:25,2026-02-07T22:13:25Z,2026-02-07T22:13:25Z,LineDrive,v3,NA,NA,NA,"Caraballo, Nate",1000188954,Right,LEE_UNI,9be4e882-1357-46ba-aa27-b2b26cb4f1b2,54.93563,-114.0544,11.67137,5.00137,0.17775,-14.11044,1.93337,-4.55406,-0.25339,218.56969900000001,2.24532,86.56186,-11.89343,2.80717,-0.44059,-0.0081,0.0321,-0.0098,0.00112,1.83491,37.36387,-15.77141,0.58054,-0.20744,0.16038,-0.07883,0.02098,-0.00224,-0.3041,40.81231,-1.38684,0.34248,-0.05035,0.00918,-0.00328,9e-4,-9e-5,NA,NA,NA,NA,NA,NA,NA,NA,NA,NA,NA,NA,NA,NA,NA,NA,NA,NA,NA,NA,NA,NA,High,High,High,High,High,NA,NA,NA,248.430232,-82.381967,292.827981,0.132568,02:15:00,0.992011,-0.125802,-0.009358,88.68818,-18.294209,-52.311744,-0.213947,136.884885,-0.713079,-41.885245,0.713079,-0.667641,0.213947,16.700975,-12.353775,0.667641,-0.667641,-136.884885,12.353775,0.213947,41.885245,-16.700975,-0.213947,0.667641,0.713079,-0.713079,NA,NA,NA,NA,NA,NA,NA,NA,NA,NA,NA
NA,NA,NA,NA,NA,NA,NA,NA,NA,NA,NA,NA,NA,NA,NA,NA,147,2026-02-07,17:16:29,6,1,"Engert, Cason",1000091637,Right,LEE_UNI,"Ruhe, Dylan",1000428755,Left,TIF_UNI,Undefined,4,Top,2,0,0,Fastball,Four-Seam,BallCalled,Undefined,Undefined,Undefined,0,0,NA,85.77612,-2.68281,-0.760127,2326.434873,199.049928,12:45:00,6.05717,1.18881,5.57382,-16.62556,22.32631,7.22134,2.16379,1.08055,77.53401,-5.867018,0.52835,0.449196,NA,NA,NA,NA,NA,NA,NA,NA,NA,NA,NA,-3.85477,12.49772,-1.12804,50,5.81539,1.33293,-124.22299,-6.27049,-5.95182,27.64503,-12.87742,LEE_UNI,TIF_UNI,LeeUniversity,D2,Team,20260207-LeeUniversity-2,ab667f00-0472-11f1-a4d3-8b26f3e68120,83.91096,NA,NA,8.24211,NA,NA,NA,NA,NA,NA,8c003a57-e22a-4906-b3d2-4bbc25b7dc7a,2026-02-07,22:16:29,2026-02-07T22:16:29Z,2026-02-07T22:16:29Z,NA,v3,NA,NA,NA,"Caraballo, Nate",1000188954,Right,LEE_UNI,129600eb-32f7-4a3f-862b-9e59b126f86b,54.9212,-125.31339,13.82252,6.0527,-5.76257,-6.43871,-1.18525,1.56769,-2.97591,NA,NA,NA,NA,NA,NA,NA,NA,NA,NA,NA,NA,NA,NA,NA,NA,NA,NA,NA,NA,NA,NA,NA,NA,NA,NA,NA,NA,78.32986,2.093866,0.826214,1.267651,-2.21714,1.78183,-1.11683,-0.27325,5.85931,0.82146,127.28285,2.32748,4.9604,-0.13911,112.82561,-9.83215,5.86285,11.05757,-10.93049,0.78549,0.80658,1.99396,High,High,High,NA,NA,High,High,High,205.839783,31.139248,1991.225976,0.855913,12:45:00,-0.509267,-0.396851,-0.763647,-3.316109,30.828808,35.693857,-0.032186,170.622864,-0.986126,-9.372233,0.986126,-0.162848,0.032186,1.869426,-1.844462,0.162848,-0.162848,-170.622864,1.844462,0.032186,9.372233,-1.869426,-0.032186,0.162848,0.986126,-0.986126,NA,NA,NA,NA,NA,NA,NA,NA,NA,NA,NA
NA,NA,NA,NA,NA,NA,NA,NA,NA,NA,NA,NA,NA,NA,NA,NA,148,2026-02-07,17:16:55,6,2,"Engert, Cason",1000091637,Right,LEE_UNI,"Ruhe, Dylan",1000428755,Left,TIF_UNI,Undefined,4,Top,2,1,0,Fastball,Four-Seam,InPlay,Undefined,FlyBall,Out,1,0,NA,86.72568,-3.019843,-3.054671,2432.191003,210.411077,01:00:00,6.0915,1.45715,5.93293,-17.79741,20.05351,10.93158,1.80005,-0.46863,78.07598,-6.435374,-1.094322,0.442802,79.84095,44.073859,-31.20788,NA,85.21682,77.23524,-69.55604,244.92086,119.89701,-47.692077,4.464197,-6.61528,11.68575,-1.21927,50,5.84001,6.24513,-125.46344,-7.10883,-10.3612,29.49857,-13.87129,LEE_UNI,TIF_UNI,LeeUniversity,D2,Team,20260207-LeeUniversity-2,bb24a5c0-0472-11f1-a4d3-8b26f3e68120,85.12251,81.9564,NA,8.64969,NA,NA,NA,1.49154,1.9044,0.471,8c003a57-e22a-4906-b3d2-4bbc25b7dc7a,2026-02-07,22:16:55,2026-02-07T22:16:55Z,2026-02-07T22:16:55Z,FlyBall,v3,NA,NA,NA,"Caraballo, Nate",1000188954,Right,LEE_UNI,3dcd8e1f-77b0-4de5-9ea9-da1ab293255c,54.56428,-126.53202,14.74929,6.08843,-6.60634,-6.93564,-1.4523,6.62047,-5.1806,130.788975,1.46257,72.65802,-20.12393,10.53721,-7.04045,3.38945,-0.95925,0.14134,-0.00832,1.89463,81.65547,-25.24795,3.80477,-1.41806,0.42524,-0.0664,0.00282,2.1e-4,0.46134,-43.32569,-3.57526,4.52131,-3.50207,1.81535,-0.54995,0.08692,-0.00549,NA,NA,NA,NA,NA,NA,NA,NA,NA,NA,NA,NA,NA,NA,NA,NA,NA,NA,NA,NA,NA,NA,High,High,High,Medium,Low,NA,NA,NA,206.277391,31.986508,2062.918383,0.848173,01:00:00,-0.549006,-0.402886,-0.732308,-6.851895,33.554018,37.186414,-0.128193,170.563748,-0.978329,-9.357692,0.978329,-0.162597,0.128193,7.46511,-7.365213,0.162597,-0.162597,-170.563748,7.365213,0.128193,9.357692,-7.46511,-0.128193,0.162597,0.978329,-0.978329,NA,NA,NA,NA,NA,NA,NA,NA,NA,NA,NA
NA,NA,NA,NA,NA,NA,NA,NA,NA,NA,NA,NA,NA,NA,NA,NA,149,2026-02-07,17:19:11,1,1,"Ray, Johnathon",1000242321,Right,TIF_UNI,"Dunfee, Nathan",1000077934,Left,LEE_UNI,Undefined,4,Bottom,0,0,0,Fastball,Changeup,InPlay,Undefined,FlyBall,Out,1,0,NA,84.29575,-0.975523,-3.252669,1974.839559,245.683255,02:15:00,5.87544,1.58204,5.05293,-29.76025,11.66359,22.32344,2.4738,0.37132,75.71852,-6.478194,0.688621,0.46323,80.89902,45.966651,-18.84361,NA,99.00641,90.90286,-47.93457,262.66165,209.50328,-32.260551,5.173946,-12.23603,6.54252,-1.2911300000000001,50,5.75936,5.94599,-121.90576,-3.13367,-18.0559,28.30125,-22.51968,LEE_UNI,TIF_UNI,LeeUniversity,D2,Team,20260207-LeeUniversity-2,0c710680-0473-11f1-a4d3-8b26f3e68120,81.36875,99.2363,NA,8.57723,NA,NA,NA,1.55344,2.64477,-0.36046,8c003a57-e22a-4906-b3d2-4bbc25b7dc7a,2026-02-07,22:19:11,2026-02-07T22:19:11Z,2026-02-07T22:19:11Z,FlyBall,v3,NA,NA,NA,"Ruhe, Dylan",1000428755,Right,TIF_UNI,10a4c1e9-668d-4c49-880f-406a928928fc,55.44596,-123.16359,14.15062,5.87639,-2.13281,-11.25984,-1.57323,6.74847,-9.02795,147.903607,1.56428,77.82047,-16.29105,2.49404,0.6375,-0.50937,0.13222,-0.01585,7.3e-4,2.64134,85.35546,-22.21747,2.09034,-0.32868000000000003,-0.01957,0.02872,-0.00571,3.6e-4,-0.35698,-26.70836,-1.90423,0.57506,0.13975,-0.12087,0.02974,-0.00321,1.3e-4,NA,NA,NA,NA,NA,NA,NA,NA,NA,NA,NA,NA,NA,NA,NA,NA,NA,NA,NA,NA,NA,NA,High,High,High,Medium,Medium,NA,NA,NA,245.992256,6.622011,1961.664491,0.993329,02:15:00,-0.122623,-0.909228,-0.397829,-57.138808,-46.252594,-27.781826,0.045741,176.005706,-0.996527,3.990106,0.996527,-0.069584,-0.045741,2.628031,2.621656,0.069584,0.069584,-176.005706,-2.621656,0.045741,-3.990106,-2.628031,-0.045741,-0.069584,0.996527,-0.996527,NA,NA,NA,NA,NA,NA,NA,NA,NA,NA,NA
NA,NA,NA,NA,NA,NA,NA,NA,NA,NA,NA,NA,NA,NA,NA,NA,150,2026-02-07,17:19:39,2,1,"Ray, Johnathon",1000242321,Right,TIF_UNI,"Franklin, Landon",1000077936,Right,LEE_UNI,Undefined,4,Bottom,1,0,0,Fastball,Changeup,InPlay,Undefined,GroundBall,Single,0,0,NA,85.27328,-1.235347,-2.5137,2121.333529,249.487149,02:15:00,5.91847,1.23547,5.09853,-30.16447,10.17284,23.14316,2.23935,0.79378,76.75503,-6.79973,1.58022,0.457114,86.68257,-13.166698,-41.924554,NA,NA,NA,NA,12.17524,2.41165,-38.245724,0.08094,-12.38961,5.88382,-1.01733,50,5.77864,4.3897,-123.4118,-3.75026,-18.74975,28.85242,-23.26982,LEE_UNI,TIF_UNI,LeeUniversity,D2,Team,20260207-LeeUniversity-2,1cbd1560-0473-11f1-a4d3-8b26f3e68120,82.45734,2.34876,NA,8.51824,NA,NA,NA,2.0918,2.34876,-0.82851,8c003a57-e22a-4906-b3d2-4bbc25b7dc7a,2026-02-07,22:19:39,2026-02-07T22:19:39Z,2026-02-07T22:19:39Z,GroundBall,v3,NA,NA,NA,"Ruhe, Dylan",1000428755,Right,TIF_UNI,cae61ee0-48d3-4bc4-a78b-5609bdcda615,55.40044,-124.66797,14.42621,5.91986,-2.73714,-11.63491,-1.22622,5.20602,-9.37488,NA,2.08935,92.29239,NA,NA,NA,NA,NA,NA,NA,2.34953,-29.01837,NA,NA,NA,NA,NA,NA,NA,-0.82631,-82.88065,NA,NA,NA,NA,NA,NA,NA,NA,NA,NA,NA,NA,NA,NA,NA,NA,NA,NA,NA,NA,NA,NA,NA,NA,NA,NA,NA,NA,NA,High,High,High,Low,Low,NA,NA,NA,246.488109,-0.576803,2121.226034,0.999949,02:15:00,0.012308,-0.916501,-0.399844,-42.570908,-55.205158,-31.968362,0.138893,177.336545,-0.989238,2.637621,0.989238,-0.046019,-0.138893,7.992322,7.9838,0.046019,0.046019,-177.336545,-7.9838,0.138893,-2.637621,-7.992322,-0.138893,-0.046019,0.989238,-0.989238,NA,NA,NA,NA,NA,NA,NA,NA,NA,NA,NA
NA,NA,NA,NA,NA,NA,NA,NA,NA,NA,NA,NA,NA,NA,NA,NA,151,2026-02-07,17:20:16,3,1,"Ray, Johnathon",1000242321,Right,TIF_UNI,"Collier, Luke",1000234418,Right,LEE_UNI,Undefined,4,Bottom,1,0,0,Slider,Slider,InPlay,Undefined,LineDrive,HomeRun,0,2,NA,75.27326,0.76456,-1.31234,2270.540869,136.983172,10:30:00,5.84811,1.91146,4.53164,-47.63558,4.6639,-2.69721,2.60675,0.43682,68.61562,-7.829252,-1.784588,0.520499,101.70594,37.973128,-31.782082,3614.119042,92.70053,83.71222,-59.21618,377.03806,343.25349,-34.985439,5.953586,0.93091,2.48677,-1.7718,50,5.88295,2.60786,-109.02685,-0.2399,1.11136,20.62547,-29.20515,LEE_UNI,TIF_UNI,LeeUniversity,D2,Team,20260207-LeeUniversity-2,32f408c0-0473-11f1-a4d3-8b26f3e68120,72.41595,125.78907,NA,6.65763,NA,NA,NA,2.86163,3.00846,-0.49363,8c003a57-e22a-4906-b3d2-4bbc25b7dc7a,2026-02-07,22:20:16,2026-02-07T22:20:16Z,2026-02-07T22:20:16Z,FlyBall,v3,NA,NA,NA,"Ruhe, Dylan",1000428755,Right,TIF_UNI,cd108965-65e5-4676-b35e-d30ba43a9b54,55.96781,-110.15005,10.31273,5.85271,1.35051,-14.60258,-1.91217,2.54734,0.55568,169.794218,2.86675,99.86359,-23.85339,5.80806,-0.86958,0.04881,0.00648,-0.00118,5e-5,3.00783,91.7814,-19.20605,0.86987,0.00102,-0.04248,0.01394,-0.00189,9e-5,-0.49694,-61.87556,11.3608,-2.45155,0.31809,-0.00951,-0.00345,4.4e-4,-2e-5,NA,NA,NA,NA,NA,NA,NA,NA,NA,NA,NA,NA,NA,NA,NA,NA,NA,NA,NA,NA,NA,NA,High,High,High,High,Medium,NA,NA,NA,162.297444,74.439267,609.094525,0.26826,11:30:00,-0.967773,0.094419,-0.233454,75.37024,-3.883648,49.04773,-0.011875,144.730695,-0.816389,-35.266448,0.816389,-0.57738,0.011875,0.83332,-0.680378,0.57738,-0.57738,-144.730695,0.680378,0.011875,35.266448,-0.83332,-0.011875,0.57738,0.816389,-0.816389,NA,NA,NA,NA,NA,NA,NA,NA,NA,NA,NA
NA,NA,NA,NA,NA,NA,NA,NA,NA,NA,NA,NA,NA,NA,NA,NA,152,2026-02-07,17:21:04,4,1,"Ray, Johnathon",1000242321,Right,TIF_UNI,"Turner, Cody",10017359,Left,LEE_UNI,Undefined,4,Bottom,1,0,0,Fastball,Sinker,StrikeCalled,Undefined,Undefined,Undefined,0,0,NA,86.92782,-1.752916,-3.818438,2038.564138,240.025063,02:00:00,5.96069,1.41724,5.29969,-26.24746,11.79591,18.2604,2.12353,-0.65124,79.31003,-6.598396,-0.583155,0.443926,NA,NA,NA,NA,NA,NA,NA,NA,NA,NA,NA,-10.18725,6.78083,-1.08335,50,5.78215,7.58232,-125.84359,-4.78995,-16.30573,25.98708,-21.32067,LEE_UNI,TIF_UNI,LeeUniversity,D2,Team,20260207-LeeUniversity-2,4fb3ce50-0473-11f1-a4d3-8b26f3e68120,84.90696,NA,NA,7.61779,NA,NA,NA,NA,NA,NA,8c003a57-e22a-4906-b3d2-4bbc25b7dc7a,2026-02-07,22:21:04,2026-02-07T22:21:04Z,2026-02-07T22:21:04Z,NA,v3,NA,NA,NA,"Ruhe, Dylan",1000428755,Right,TIF_UNI,0613c156-084d-4582-8793-d909a00ade5f,55.19927,-126.91272,12.99354,5.96116,-3.91281,-10.66033,-1.40909,8.25315,-8.15286,NA,NA,NA,NA,NA,NA,NA,NA,NA,NA,NA,NA,NA,NA,NA,NA,NA,NA,NA,NA,NA,NA,NA,NA,NA,NA,NA,NA,NA,NA,NA,NA,NA,NA,NA,NA,NA,NA,NA,NA,NA,NA,NA,NA,NA,NA,NA,NA,NA,NA,High,High,High,NA,NA,NA,NA,NA,246.481655,4.050048,2033.473308,0.997503,02:15:00,-0.06903,-0.916375,-0.394324,-58.212532,-54.545614,-24.58205,0.039197,172.167945,-0.98991,7.825998,0.98991,-0.136165,-0.039197,2.267521,2.246391,0.136165,0.136165,-172.167945,-2.246391,0.039197,-7.825998,-2.267521,-0.039197,-0.136165,0.98991,-0.98991,NA,NA,NA,NA,NA,NA,NA,NA,NA,NA,NA
NA,NA,NA,NA,NA,NA,NA,NA,NA,NA,NA,NA,NA,NA,NA,NA,153,2026-02-07,17:21:22,4,2,"Ray, Johnathon",1000242321,Right,TIF_UNI,"Turner, Cody",10017359,Left,LEE_UNI,Undefined,4,Bottom,1,0,1,Slider,Changeup,InPlay,Undefined,GroundBall,Out,1,0,NA,77.81374,-0.438479,-3.323362,1540.463727,273.879772,03:15:00,5.75737,1.78234,4.85069,-47.92731,0.42681,17.63993,1.34763,0.10269,71.1877,-9.084409,-0.216626,0.500482,85.58938,-27.695121,49.074671,NA,NA,NA,NA,4.93654,4.05633,24.920737,0.026087,-9.74221,0.75276,-1.47002,50,5.67289,5.82144,-112.68712,-2.58394,-12.44962,21.65774,-31.2121,LEE_UNI,TIF_UNI,LeeUniversity,D2,Team,20260207-LeeUniversity-2,5a32e0f0-0473-11f1-a4d3-8b26f3e68120,75.31234,1.5242,NA,6.62604,NA,NA,NA,2.57471,1.5242,-0.11391,8c003a57-e22a-4906-b3d2-4bbc25b7dc7a,2026-02-07,22:21:22,2026-02-07T22:21:22Z,2026-02-07T22:21:22Z,GroundBall,v3,NA,NA,NA,"Ruhe, Dylan",1000428755,Right,TIF_UNI,4e06e813-67ca-4d5d-884e-a6b91ae7cca2,55.65069,-113.76797,10.82887,5.76298,-1.02628,-15.60605,-1.77604,6.44275,-6.22481,NA,2.57427,72.91734,NA,NA,NA,NA,NA,NA,NA,1.52456,-58.42773,NA,NA,NA,NA,NA,NA,NA,-0.11442,84.10293,NA,NA,NA,NA,NA,NA,NA,NA,NA,NA,NA,NA,NA,NA,NA,NA,NA,NA,NA,NA,NA,NA,NA,NA,NA,NA,NA,NA,NA,High,High,High,Estimated,Estimated,NA,NA,NA,277.775319,-17.280576,1470.929595,0.954862,03:15:00,0.31126,-0.943782,0.111325,41.290496,-18.440966,60.924625,0.603305,154.840168,-0.721847,19.819468,0.721847,-0.339058,-0.603305,39.888171,37.106951,0.339058,0.339058,-154.840168,-37.106951,0.603305,-19.819468,-39.888171,-0.603305,-0.339058,0.721847,-0.721847,NA,NA,NA,NA,NA,NA,NA,NA,NA,NA,NA
NA,NA,NA,NA,NA,NA,NA,NA,NA,NA,NA,NA,NA,NA,NA,NA,154,2026-02-07,17:21:57,5,1,"Ray, Johnathon",1000242321,Right,TIF_UNI,"Williams, JJ",1000234411,Right,LEE_UNI,Undefined,4,Bottom,2,0,0,Fastball,Changeup,StrikeCalled,Undefined,Undefined,Undefined,0,0,NA,86.07243,0.249938,-2.724332,2049.549467,252.885119,02:30:00,5.87957,1.47394,5.03328,-31.63328,7.76811,20.73281,3.47954,0.62938,77.83027,-5.560833,0.935597,0.45178,NA,NA,NA,NA,NA,NA,NA,NA,NA,NA,NA,-11.01308,4.19634,-1.23059,50,5.87864,4.96559,-124.62821,-0.64698,-17.14407,27.43947,-25.6416,LEE_UNI,TIF_UNI,LeeUniversity,D2,Team,20260207-LeeUniversity-2,6f51ad90-0473-11f1-a4d3-8b26f3e68120,83.43091,NA,NA,8.24216,NA,NA,NA,NA,NA,NA,8c003a57-e22a-4906-b3d2-4bbc25b7dc7a,2026-02-07,22:21:57,2026-02-07T22:21:57Z,2026-02-07T22:21:57Z,NA,v3,NA,NA,NA,"Ruhe, Dylan",1000428755,Right,TIF_UNI,537d6661-cc02-47c4-a3ba-7b2b1d2da650,55.46424,-125.82553,13.71973,5.88245,0.47188,-12.8208,-1.46358,5.71367,-8.57204,NA,NA,NA,NA,NA,NA,NA,NA,NA,NA,NA,NA,NA,NA,NA,NA,NA,NA,NA,NA,NA,NA,NA,NA,NA,NA,NA,NA,NA,NA,NA,NA,NA,NA,NA,NA,NA,NA,NA,NA,NA,NA,NA,NA,NA,NA,NA,NA,NA,NA,High,High,High,NA,NA,NA,NA,NA,249.990159,-0.734886,2049.380883,0.999918,02:15:00,-0.007545,-0.939604,-0.342181,-47.543031,-52.665367,-42.416962,0.04984,173.721986,-0.992768,6.27018,0.992768,-0.109217,-0.04984,2.874031,2.856824,0.109217,0.109217,-173.721986,-2.856824,0.04984,-6.27018,-2.874031,-0.04984,-0.109217,0.992768,-0.992768,NA,NA,NA,NA,NA,NA,NA,NA,NA,NA,NA
NA,NA,NA,NA,NA,NA,NA,NA,NA,NA,NA,NA,NA,NA,NA,NA,155,2026-02-07,17:22:23,5,2,"Ray, Johnathon",1000242321,Right,TIF_UNI,"Williams, JJ",1000234411,Right,LEE_UNI,Undefined,4,Bottom,2,0,1,Fastball,Changeup,FoulBallNotFieldable,Undefined,Undefined,Undefined,0,0,NA,85.67999,-0.482812,-1.991145,2031.626006,247.971063,02:15:00,5.8387,1.46599,4.73871,-30.00088,10.12701,21.57753,2.88033,1.37451,77.65593,-5.971299,1.800489,0.455926,52.79731,84.908545,-149.30652,4548.860253,NA,NA,NA,NA,44.73597,NA,NA,-11.22694,5.50925,-1.28589,50,5.76407,3.31574,-124.10108,-2.19318,-17.33878,27.08475,-23.66557,LEE_UNI,TIF_UNI,LeeUniversity,D2,Team,20260207-LeeUniversity-2,7e35ef10-0473-11f1-a4d3-8b26f3e68120,82.6722,32.75913,NA,8.02406,NA,NA,NA,1.20911,3.00446,-1.36841,8c003a57-e22a-4906-b3d2-4bbc25b7dc7a,2026-02-07,22:22:23,2026-02-07T22:22:23Z,2026-02-07T22:22:23Z,NA,v3,NA,NA,NA,"Ruhe, Dylan",1000428755,Right,TIF_UNI,15ae2992-8136-4279-9505-02b324f87262,55.76073,-125.35204,13.54238,5.84012,-1.10014,-11.83279,-1.45752,4.11657,-8.66939,1.740973,1.22041,-6.2517,-5.13344,NA,NA,NA,NA,NA,NA,3.01442,76.83212,-22.74361,NA,NA,NA,NA,NA,NA,-1.36639,-3.56914,-0.78983,NA,NA,NA,NA,NA,NA,NA,NA,NA,NA,NA,NA,NA,NA,NA,NA,NA,NA,NA,NA,NA,NA,NA,NA,NA,NA,NA,NA,High,High,High,High,Undefined,NA,NA,NA,247.585143,5.606702,2021.906663,0.995216,02:15:00,-0.103074,-0.920815,-0.376132,-61.511434,-35.242988,-28.858177,0.041945,175.824363,-0.996468,4.171955,0.996468,-0.07275,-0.041945,2.410377,2.403986,0.07275,0.07275,-175.824363,-2.403986,0.041945,-4.171955,-2.410377,-0.041945,-0.07275,0.996468,-0.996468,NA,NA,NA,NA,NA,NA,NA,NA,NA,NA,NA
NA,NA,NA,NA,NA,NA,NA,NA,NA,NA,NA,NA,NA,NA,NA,NA,156,2026-02-07,17:22:58,5,3,"Ray, Johnathon",1000242321,Right,TIF_UNI,"Williams, JJ",1000234411,Right,LEE_UNI,Undefined,4,Bottom,2,0,2,Fastball,Sinker,BallCalled,Undefined,Undefined,Undefined,0,0,NA,87.78855,0.753738,-5.674064,2080.683355,239.500395,02:00:00,5.86119,1.30634,5.19915,-26.69899,11.49697,17.05497,4.34877,-2.62686,78.49591,-4.209357,-2.674898,0.444816,NA,NA,NA,NA,NA,NA,NA,NA,NA,NA,NA,-10.21922,5.89351,-0.79195,50,5.91185,11.75919,-126.51477,0.71499,-16.28609,29.83696,-22.78175,LEE_UNI,TIF_UNI,LeeUniversity,D2,Team,20260207-LeeUniversity-2,93c24a90-0473-11f1-a4d3-8b26f3e68120,84.73719,NA,NA,9.29264,NA,NA,NA,NA,NA,NA,8c003a57-e22a-4906-b3d2-4bbc25b7dc7a,2026-02-07,22:22:58,2026-02-07T22:22:58Z,2026-02-07T22:22:58Z,NA,v3,NA,NA,NA,"Ruhe, Dylan",1000428755,Right,TIF_UNI,c42cabce-f8ce-48be-a9cb-810b5a56d833,55.29527,-127.75749,14.91848,5.86231,1.66386,-11.39088,-1.29585,12.43752,-8.14304,NA,NA,NA,NA,NA,NA,NA,NA,NA,NA,NA,NA,NA,NA,NA,NA,NA,NA,NA,NA,NA,NA,NA,NA,NA,NA,NA,NA,NA,NA,NA,NA,NA,NA,NA,NA,NA,NA,NA,NA,NA,NA,NA,NA,NA,NA,NA,NA,NA,NA,High,High,High,NA,NA,NA,NA,NA,244.422304,8.522399,2057.708456,0.988958,02:15:00,-0.201348,-0.890014,-0.409065,-64.943641,-39.260602,-24.38429,-0.013588,173.293832,-0.993066,-6.705546,0.993066,-0.116767,0.013588,0.783946,-0.778583,0.116767,-0.116767,-173.293832,0.778583,0.013588,6.705546,-0.783946,-0.013588,0.116767,0.993066,-0.993066,NA,NA,NA,NA,NA,NA,NA,NA,NA,NA,NA
NA,NA,NA,NA,NA,NA,NA,NA,NA,NA,NA,NA,NA,NA,NA,NA,157,2026-02-07,17:23:14,5,4,"Ray, Johnathon",1000242321,Right,TIF_UNI,"Williams, JJ",1000234411,Right,LEE_UNI,Undefined,4,Bottom,2,1,2,Slider,Slider,BallCalled,Undefined,Undefined,Undefined,0,0,NA,79.27509,0.165581,-2.842898,2491.243,103.735364,09:30:00,5.81876,1.71639,4.73582,-44.29577,3.15154,-5.64512,2.28472,-1.45323,71.47388,-7.865942,-3.833175,0.495766,NA,NA,NA,NA,NA,NA,NA,NA,NA,NA,NA,1.79228,2.04201,-1.42454,50,5.79688,5.9371,-114.55958,-1.30639,2.33501,25.04333,-29.5137,LEE_UNI,TIF_UNI,LeeUniversity,D2,Team,20260207-LeeUniversity-2,9d4793e0-0473-11f1-a4d3-8b26f3e68120,76.02862,NA,NA,7.80121,NA,NA,NA,NA,NA,NA,8c003a57-e22a-4906-b3d2-4bbc25b7dc7a,2026-02-07,22:23:14,2026-02-07T22:23:14Z,2026-02-07T22:23:14Z,NA,v3,NA,NA,NA,"Ruhe, Dylan",1000428755,Right,TIF_UNI,094915d5-c0ef-43ec-bf20-2b28b4d54ab8,55.75925,-115.81174,12.52166,5.82531,0.16928,-14.75685,-1.71848,5.82035,1.1675,NA,NA,NA,NA,NA,NA,NA,NA,NA,NA,NA,NA,NA,NA,NA,NA,NA,NA,NA,NA,NA,NA,NA,NA,NA,NA,NA,NA,NA,NA,NA,NA,NA,NA,NA,NA,NA,NA,NA,NA,NA,NA,NA,NA,NA,NA,NA,NA,NA,NA,High,High,High,NA,NA,NA,NA,NA,137.598397,72.494374,749.364531,0.300799,10:30:00,-0.962941,0.205591,-0.174577,79.212553,-20.676822,46.89363,-0.173802,146.961354,-0.825545,-32.473326,0.825545,-0.536907,0.173802,11.888874,-10.008955,0.536907,-0.536907,-146.961354,10.008955,0.173802,32.473326,-11.888874,-0.173802,0.536907,0.825545,-0.825545,NA,NA,NA,NA,NA,NA,NA,NA,NA,NA,NA
NA,NA,NA,NA,NA,NA,NA,NA,NA,NA,NA,NA,NA,NA,NA,NA,158,2026-02-07,17:23:33,5,5,"Ray, Johnathon",1000242321,Right,TIF_UNI,"Williams, JJ",1000234411,Right,LEE_UNI,Undefined,4,Bottom,2,2,2,Fastball,Sinker,StrikeSwinging,Strikeout,Undefined,Undefined,0,0,NA,87.15898,0.168441,-2.356619,2062.612096,242.179811,02:00:00,5.8791,1.36116,5.02785,-26.24702,12.4669,20.87407,3.85092,0.87577,78.14679,-4.709799,1.328026,0.447821,NA,NA,NA,NA,NA,NA,NA,NA,NA,NA,NA,-11.03276,6.52882,-1.15307,50,5.8749,4.20414,-126.11155,-0.58064,-17.44448,29.99982,-21.85101,LEE_UNI,TIF_UNI,LeeUniversity,D2,Team,20260207-LeeUniversity-2,a82408c0-0473-11f1-a4d3-8b26f3e68120,84.16846,NA,NA,9.01218,NA,NA,NA,NA,NA,NA,8c003a57-e22a-4906-b3d2-4bbc25b7dc7a,2026-02-07,22:23:33,2026-02-07T22:23:33Z,2026-02-07T22:23:33Z,NA,v3,NA,NA,NA,"Ruhe, Dylan",1000428755,Right,TIF_UNI,fd106d2f-ee00-4e21-a688-92b778472161,55.46826,-127.40572,14.99991,5.87962,0.36199,-10.92551,-1.35066,4.95668,-8.72224,NA,NA,NA,NA,NA,NA,NA,NA,NA,NA,NA,NA,NA,NA,NA,NA,NA,NA,NA,NA,NA,NA,NA,NA,NA,NA,NA,NA,57.16688,NA,NA,1.178076,NA,NA,NA,1.35525,4.44373,0.78541,71.81357,3.98699,52.96865,1.38728,65.1406,-4.61492,4.48042,17.39531,-15.20505,0.81357,48.73492,-3.84627,High,High,High,NA,NA,High,Medium,Medium,246.096325,2.361141,2060.86094,0.999151,02:15:00,-0.060493,-0.913327,-0.402709,-47.388823,-52.097709,-40.82715,0.007098,178.79755,-0.999755,1.20242,0.999755,-0.020985,-0.007098,0.406795,0.406705,0.020985,0.020985,-178.79755,-0.406705,0.007098,-1.20242,-0.406795,-0.007098,-0.020985,0.999755,-0.999755,NA,NA,NA,NA,NA,NA,NA,NA,NA,NA,NA
NA,NA,NA,NA,NA,NA,NA,NA,NA,NA,NA,NA,NA,NA,NA,NA,159,2026-02-07,17:25:46,1,1,"Engert, Cason",1000091637,Right,LEE_UNI,"Cady, Griffin",1000428757,Right,TIF_UNI,Undefined,5,Top,0,0,0,Slider,Curveball,BallCalled,Undefined,Undefined,Undefined,0,0,NA,72.85901,3.765478,1.144227,2511.555785,83.184527,08:45:00,5.8594,1.49631,4.92749,-55.45019,-0.30602,-17.96328,4.804,1.08118,66.12868,-6.306881,-2.018933,0.534467,NA,NA,NA,NA,NA,NA,NA,NA,NA,NA,NA,9.11099,-0.65295,-1.59225,50,6.18097,-1.3889,-105.41346,5.06605,10.18165,19.06257,-32.90374,LEE_UNI,TIF_UNI,LeeUniversity,D2,Team,20260207-LeeUniversity-2,f78c6740-0473-11f1-a4d3-8b26f3e68120,70.52339,NA,NA,6.73034,NA,NA,NA,NA,NA,NA,8c003a57-e22a-4906-b3d2-4bbc25b7dc7a,2026-02-07,22:25:46,2026-02-07T22:25:46Z,2026-02-07T22:25:46Z,NA,v3,NA,NA,NA,"Caraballo, Nate",1000188954,Right,LEE_UNI,66f7a427-c3d4-4b2b-a123-3b77037bb86c,55.57162,-106.41624,9.53128,5.86895,6.79694,-16.45187,-1.5051,-1.9245,5.09083,NA,NA,NA,NA,NA,NA,NA,NA,NA,NA,NA,NA,NA,NA,NA,NA,NA,NA,NA,NA,NA,NA,NA,NA,NA,NA,NA,NA,NA,NA,NA,NA,NA,NA,NA,NA,NA,NA,NA,NA,NA,NA,NA,NA,NA,NA,NA,NA,NA,NA,High,High,High,NA,NA,NA,NA,NA,74.54641,61.511148,1197.981354,0.476988,08:30:00,-0.849189,0.516471,0.110161,-42.432021,-18.189521,0.593343,-0.76736,167.475298,-0.625957,-7.993139,0.625957,-0.139055,0.76736,50.794912,-50.117417,0.139055,-0.139055,-167.475298,50.117417,0.76736,7.993139,-50.794912,-0.76736,0.139055,0.625957,-0.625957,NA,NA,NA,NA,NA,NA,NA,NA,NA,NA,NA
NA,NA,NA,NA,NA,NA,NA,NA,NA,NA,NA,NA,NA,NA,NA,NA,160,2026-02-07,17:26:00,1,2,"Engert, Cason",1000091637,Right,LEE_UNI,"Cady, Griffin",1000428757,Right,TIF_UNI,Undefined,5,Top,0,1,0,Fastball,Cutter,BallCalled,Undefined,Undefined,Undefined,0,0,NA,84.69348,-0.345154,-1.821226,2357.362339,193.427058,12:30:00,6.03695,1.12283,5.87702,-20.1419,19.30477,4.27484,4.03773,-0.21297,76.43458,-4.195315,-1.054822,0.45204,NA,NA,NA,NA,NA,NA,NA,NA,NA,NA,NA,-2.73764,10.35993,-0.97798,50,5.99748,3.72665,-122.79349,-1.29425,-4.12857,27.10154,-16.55042,LEE_UNI,TIF_UNI,LeeUniversity,D2,Team,20260207-LeeUniversity-2,ffca1560-0473-11f1-a4d3-8b26f3e68120,83.38303,NA,NA,8.25891,NA,NA,NA,NA,NA,NA,8c003a57-e22a-4906-b3d2-4bbc25b7dc7a,2026-02-07,22:26:00,2026-02-07T22:26:00Z,2026-02-07T22:26:00Z,NA,v3,NA,NA,NA,"Caraballo, Nate",1000188954,Right,LEE_UNI,ffcfde23-c6a6-43f8-9606-53a84b2b7559,54.61795,-123.80852,13.55077,6.03434,-0.67439,-8.27521,-1.12045,3.88128,-2.06428,NA,NA,NA,NA,NA,NA,NA,NA,NA,NA,NA,NA,NA,NA,NA,NA,NA,NA,NA,NA,NA,NA,NA,NA,NA,NA,NA,NA,NA,NA,NA,NA,NA,NA,NA,NA,NA,NA,NA,NA,NA,NA,NA,NA,NA,NA,NA,NA,NA,NA,High,High,High,NA,NA,NA,NA,NA,207.429841,34.980782,1931.491593,0.819344,01:00:00,-0.593841,-0.380888,-0.708715,-30.903541,25.314439,-2.044068,-0.11112,167.144992,-0.968898,-12.774047,0.968898,-0.221107,0.11112,6.542483,-6.379872,0.221107,-0.221107,-167.144992,6.379872,0.11112,12.774047,-6.542483,-0.11112,0.221107,0.968898,-0.968898,NA,NA,NA,NA,NA,NA,NA,NA,NA,NA,NA
NA,NA,NA,NA,NA,NA,NA,NA,NA,NA,NA,NA,NA,NA,NA,NA,161,2026-02-07,17:26:14,1,3,"Engert, Cason",1000091637,Right,LEE_UNI,"Cady, Griffin",1000428757,Right,TIF_UNI,Undefined,5,Top,0,2,0,Fastball,Four-Seam,StrikeSwinging,Undefined,Undefined,Undefined,0,0,NA,87.68616,-1.457296,-2.486021,2421.224331,197.468196,12:30:00,6.13229,1.26249,5.78271,-16.38099,20.6519,6.07607,3.40977,-0.54562,79.02345,-4.612741,-1.399282,0.437991,77.01433,69.762344,70.958827,NA,NA,NA,NA,NA,27.13242,NA,NA,-3.90418,11.39272,-1.06112,50,6.00249,5.25945,-127.04512,-3.68394,-6.28778,29.57392,-13.82574,LEE_UNI,TIF_UNI,LeeUniversity,D2,Team,20260207-LeeUniversity-2,0835ff70-0474-11f1-a4d3-8b26f3e68120,86.05754,68.99482,NA,8.66271,NA,NA,NA,2.20177,3.47274,0.52633,8c003a57-e22a-4906-b3d2-4bbc25b7dc7a,2026-02-07,22:26:14,2026-02-07T22:26:14Z,2026-02-07T22:26:14Z,NA,v3,NA,NA,NA,"Caraballo, Nate",1000188954,Right,LEE_UNI,7a204178-81b4-42b7-9adb-60d14315bdee,54.71475,-128.13794,14.78696,6.12918,-3.17305,-6.91287,-1.25976,5.49179,-3.14389,NA,2.20177,12.74802,-5.08593,1.42517,-1.65883,4.36221,-7.06981,5.85729,-1.89704,3.47274,105.98088,-26.15382,3.21233,-0.39527,-0.8024,1.52208,-1.28467,0.41827,0.52633,36.93486,-4.88867,1.15375,-0.6207,1.29624,-2.0579,1.7002,-0.55016,NA,NA,NA,NA,NA,NA,NA,NA,NA,NA,NA,NA,NA,NA,NA,NA,NA,NA,NA,NA,NA,NA,High,High,High,Low,Undefined,NA,NA,NA,206.447468,29.431364,2108.753112,0.870945,01:00:00,-0.514728,-0.40027,-0.758181,-10.699579,30.617204,30.883277,-0.104406,170.090105,-0.979696,-9.855193,0.979696,-0.171159,0.104406,6.083058,-5.992962,0.171159,-0.171159,-170.090105,5.992962,0.104406,9.855193,-6.083058,-0.104406,0.171159,0.979696,-0.979696,NA,NA,NA,NA,NA,NA,NA,NA,NA,NA,NA
NA,NA,NA,NA,NA,NA,NA,NA,NA,NA,NA,NA,NA,NA,NA,NA,162,2026-02-07,17:26:34,1,4,"Engert, Cason",1000091637,Right,LEE_UNI,"Cady, Griffin",1000428757,Right,TIF_UNI,Undefined,5,Top,0,2,1,Fastball,Four-Seam,BallCalled,Undefined,Undefined,Undefined,0,0,NA,86.62214,-0.220577,-2.680273,2351.925161,204.52086,12:45:00,6.10205,1.19857,5.8793,-15.33902,22.2869,9.57249,4.61873,-0.49474,78.28153,-3.197457,-0.965625,0.441484,NA,NA,NA,NA,NA,NA,NA,NA,NA,NA,NA,-5.66398,11.79796,-0.98724,50,6.07529,5.4714,-125.57192,-0.86077,-8.96207,27.57036,-13.50618,LEE_UNI,TIF_UNI,LeeUniversity,D2,Team,20260207-LeeUniversity-2,146a8a40-0474-11f1-a4d3-8b26f3e68120,85.37667,NA,NA,8.34061,NA,NA,NA,NA,NA,NA,8c003a57-e22a-4906-b3d2-4bbc25b7dc7a,2026-02-07,22:26:34,2026-02-07T22:26:34Z,2026-02-07T22:26:34Z,NA,v3,NA,NA,NA,"Caraballo, Nate",1000188954,Right,LEE_UNI,ff8bef28-6e1f-481a-816b-df93294b8ba1,54.61654,-126.58146,13.78518,6.09776,-0.36622,-6.75309,-1.19359,5.79957,-4.48103,NA,NA,NA,NA,NA,NA,NA,NA,NA,NA,NA,NA,NA,NA,NA,NA,NA,NA,NA,NA,NA,NA,NA,NA,NA,NA,NA,NA,NA,NA,NA,NA,NA,NA,NA,NA,NA,NA,NA,NA,NA,NA,NA,NA,NA,NA,NA,NA,NA,NA,High,High,High,NA,NA,NA,NA,NA,205.951711,28.359162,2069.664402,0.879987,12:45:00,-0.509994,-0.38692,-0.768244,-21.983879,33.991757,24.908284,-0.243219,174.707306,-0.965836,-5.133329,0.965836,-0.089474,0.243219,14.134468,-14.076606,0.089474,-0.089474,-174.707306,14.076606,0.243219,5.133329,-14.134468,-0.243219,0.089474,0.965836,-0.965836,NA,NA,NA,NA,NA,NA,NA,NA,NA,NA,NA
NA,NA,NA,NA,NA,NA,NA,NA,NA,NA,NA,NA,NA,NA,NA,NA,163,2026-02-07,17:26:49,1,5,"Engert, Cason",1000091637,Right,LEE_UNI,"Cady, Griffin",1000428757,Right,TIF_UNI,Undefined,5,Top,0,3,1,Fastball,Four-Seam,BallCalled,Walk,Undefined,Undefined,0,0,NA,87.80381,-2.736701,-3.633696,2388.080909,202.981851,12:45:00,6.10188,1.16985,5.69275,-16.96753,19.67781,7.84445,2.13032,-1.56749,80.35843,-5.946848,-2.235221,0.435693,NA,NA,NA,NA,NA,NA,NA,NA,NA,NA,NA,-4.9639,11.09268,-0.86902,50,5.86078,7.73784,-127.14465,-6.58646,-8.14087,25.61246,-13.98198,LEE_UNI,TIF_UNI,LeeUniversity,D2,Team,20260207-LeeUniversity-2,1ce6ef10-0474-11f1-a4d3-8b26f3e68120,86.5114,NA,NA,7.44539,NA,NA,NA,NA,NA,NA,8c003a57-e22a-4906-b3d2-4bbc25b7dc7a,2026-02-07,22:26:49,2026-02-07T22:26:49Z,2026-02-07T22:26:49Z,NA,v3,NA,NA,NA,"Caraballo, Nate",1000188954,Right,LEE_UNI,aafab5a3-d9b1-46e9-a6ed-06a0f31f7964,54.80547,-128.10902,12.80623,6.09886,-6.06001,-6.99099,-1.16614,8.04437,-4.07043,NA,NA,NA,NA,NA,NA,NA,NA,NA,NA,NA,NA,NA,NA,NA,NA,NA,NA,NA,NA,NA,NA,NA,NA,NA,NA,NA,NA,NA,NA,NA,NA,NA,NA,NA,NA,NA,NA,NA,NA,NA,NA,NA,NA,NA,NA,NA,NA,NA,NA,High,High,High,NA,NA,NA,NA,NA,207.483612,28.017554,2108.206704,0.882804,01:00:00,-0.498485,-0.429373,-0.753094,14.65922,26.107029,58.727204,0.04402,166.675816,-0.972138,13.311031,0.972138,-0.230237,-0.04402,2.592665,2.522967,0.230237,0.230237,-166.675816,-2.522967,0.04402,-13.311031,-2.592665,-0.04402,-0.230237,0.972138,-0.972138,NA,NA,NA,NA,NA,NA,NA,NA,NA,NA,NA
NA,NA,NA,NA,NA,NA,NA,NA,NA,NA,NA,NA,NA,NA,NA,NA,164,2026-02-07,17:27:22,2,1,"Engert, Cason",1000091637,Right,LEE_UNI,"Patellis, Michael",1000428768,Right,TIF_UNI,Undefined,5,Top,0,0,0,Fastball,Four-Seam,BallCalled,Undefined,Undefined,Undefined,0,0,NA,86.00167,-3.10087,-1.745535,2362.071257,197.081331,12:30:00,6.09061,1.35575,5.78416,-18.6058,19.58316,5.62016,1.65099,0.1996,78.4212,-6.62153,-0.739107,0.444775,NA,NA,NA,NA,NA,NA,NA,NA,NA,NA,NA,-3.35933,11.25875,-1.21517,50,5.82353,3.56288,-124.62217,-7.2865,-5.26125,26.00801,-14.54099,LEE_UNI,TIF_UNI,LeeUniversity,D2,Team,20260207-LeeUniversity-2,3082ec40-0474-11f1-a4d3-8b26f3e68120,84.74495,NA,NA,7.58046,NA,NA,NA,NA,NA,NA,8c003a57-e22a-4906-b3d2-4bbc25b7dc7a,2026-02-07,22:27:22,2026-02-07T22:27:22Z,2026-02-07T22:27:22Z,NA,v3,NA,NA,NA,"Caraballo, Nate",1000188954,Right,LEE_UNI,c1d87130-9be1-4181-bac1-2d6deb348e87,54.71299,-125.6019,13.004,6.08769,-6.73874,-7.2705,-1.35312,3.76108,-2.63062,NA,NA,NA,NA,NA,NA,NA,NA,NA,NA,NA,NA,NA,NA,NA,NA,NA,NA,NA,NA,NA,NA,NA,NA,NA,NA,NA,NA,NA,NA,NA,NA,NA,NA,NA,NA,NA,NA,NA,NA,NA,NA,NA,NA,NA,NA,NA,NA,NA,NA,High,High,High,NA,NA,NA,NA,NA,207.507768,34.429549,1948.288385,0.824822,01:00:00,-0.565989,-0.410986,-0.714666,-1.349424,34.235277,37.202595,-0.038246,169.849668,-0.983629,-10.142827,0.983629,-0.176103,0.038246,2.226688,-2.191872,0.176103,-0.176103,-169.849668,2.191872,0.038246,10.142827,-2.226688,-0.038246,0.176103,0.983629,-0.983629,NA,NA,NA,NA,NA,NA,NA,NA,NA,NA,NA
NA,NA,NA,NA,NA,NA,NA,NA,NA,NA,NA,NA,NA,NA,NA,NA,165,2026-02-07,17:27:58,2,2,"Engert, Cason",1000091637,Right,LEE_UNI,"Patellis, Michael",1000428768,Right,TIF_UNI,Undefined,5,Top,0,1,0,Fastball,Four-Seam,BallCalled,Undefined,Undefined,Undefined,0,0,NA,84.87925,-0.492892,-0.595165,2381.611112,204.274858,12:45:00,6.14332,1.34796,5.74738,-20.76852,18.17355,7.64268,3.95369,1.43072,77.59208,-4.413119,0.772856,0.449139,NA,NA,NA,NA,NA,NA,NA,NA,NA,NA,NA,-4.04162,9.75351,-1.30317,50,6.08976,0.96467,-123.27439,-1.67536,-6.22317,24.36232,-17.15588,LEE_UNI,TIF_UNI,LeeUniversity,D2,Team,20260207-LeeUniversity-2,46a6ccd0-0474-11f1-a4d3-8b26f3e68120,83.92154,NA,NA,7.28716,NA,NA,NA,NA,NA,NA,8c003a57-e22a-4906-b3d2-4bbc25b7dc7a,2026-02-07,22:27:58,2026-02-07T22:27:58Z,2026-02-07T22:27:58Z,NA,v3,NA,NA,NA,"Caraballo, Nate",1000188954,Right,LEE_UNI,7fb83864-3538-4169-8817-b7fbebbed13b,54.7504,-124.20965,12.18116,6.14143,-1.01675,-8.57794,-1.34479,1.20357,-3.11158,NA,NA,NA,NA,NA,NA,NA,NA,NA,NA,NA,NA,NA,NA,NA,NA,NA,NA,NA,NA,NA,NA,NA,NA,NA,NA,NA,NA,NA,NA,NA,NA,NA,NA,NA,NA,NA,NA,NA,NA,NA,NA,NA,NA,NA,NA,NA,NA,NA,NA,High,High,High,NA,NA,NA,NA,NA,207.184351,38.36821,1867.273541,0.784038,01:00:00,-0.62482,-0.363518,-0.690981,-40.643304,39.878418,-7.129171,0.252402,179.906241,-0.967621,0.090723,0.967621,-0.001583,-0.252402,14.619714,14.619695,0.001583,0.001583,-179.906241,-14.619695,0.252402,-0.090723,-14.619714,-0.252402,-0.001583,0.967621,-0.967621,NA,NA,NA,NA,NA,NA,NA,NA,NA,NA,NA
NA,NA,NA,NA,NA,NA,NA,NA,NA,NA,NA,NA,NA,NA,NA,NA,166,2026-02-07,17:28:17,2,3,"Engert, Cason",1000091637,Right,LEE_UNI,"Patellis, Michael",1000428768,Right,TIF_UNI,Undefined,5,Top,0,2,0,Fastball,Four-Seam,BallCalled,Undefined,Undefined,Undefined,0,0,NA,87.28536,-0.714022,-1.612458,2394.457895,211.003035,01:00:00,5.97542,1.27613,5.56582,-17.32796,19.89974,11.22524,3.86409,0.70484,79.44277,-4.009043,0.389102,0.439142,NA,NA,NA,NA,NA,NA,NA,NA,NA,NA,NA,-6.08878,10.5989,-1.14437,50,5.90261,3.06972,-126.639,-2.08661,-9.86372,26.45201,-15.00399,LEE_UNI,TIF_UNI,LeeUniversity,D2,Team,20260207-LeeUniversity-2,51a2b090-0474-11f1-a4d3-8b26f3e68120,85.8321,NA,NA,7.8426,NA,NA,NA,NA,NA,NA,8c003a57-e22a-4906-b3d2-4bbc25b7dc7a,2026-02-07,22:28:17,2026-02-07T22:28:17Z,2026-02-07T22:28:17Z,NA,v3,NA,NA,NA,"Caraballo, Nate",1000188954,Right,LEE_UNI,74dea823-efc7-49f7-b226-540db6a251a2,54.9311,-127.66484,13.22601,5.97224,-1.50474,-7.50199,-1.27083,3.45225,-4.93186,NA,NA,NA,NA,NA,NA,NA,NA,NA,NA,NA,NA,NA,NA,NA,NA,NA,NA,NA,NA,NA,NA,NA,NA,NA,NA,NA,NA,NA,NA,NA,NA,NA,NA,NA,NA,NA,NA,NA,NA,NA,NA,NA,NA,NA,NA,NA,NA,NA,NA,High,High,High,NA,NA,NA,NA,NA,211.397687,26.557028,2141.818173,0.89449,01:00:00,-0.462556,-0.471542,-0.750793,-21.103925,35.350545,30.953359,-0.19824,174.918153,-0.976301,-4.980734,0.976301,-0.086821,0.19824,11.477959,-11.434032,0.086821,-0.086821,-174.918153,11.434032,0.19824,4.980734,-11.477959,-0.19824,0.086821,0.976301,-0.976301,NA,NA,NA,NA,NA,NA,NA,NA,NA,NA,NA
NA,NA,NA,NA,NA,NA,NA,NA,NA,NA,NA,NA,NA,NA,NA,NA,167,2026-02-07,17:28:38,2,4,"Engert, Cason",1000091637,Right,LEE_UNI,"Patellis, Michael",1000428768,Right,TIF_UNI,Undefined,5,Top,0,3,0,Fastball,Four-Seam,BallCalled,Walk,Undefined,Undefined,0,0,NA,85.5228,-0.107358,-1.706458,2335.715434,203.075619,12:45:00,6.02563,1.37083,5.78383,-18.96316,19.38785,7.74205,4.34543,0.42787,78.0431,-3.709837,-0.32069,0.445718,NA,NA,NA,NA,NA,NA,NA,NA,NA,NA,NA,-4.39992,10.26371,-1.23471,50,6.00539,3.37636,-124.16191,-0.77399,-6.86956,24.82306,-16.1494,LEE_UNI,TIF_UNI,LeeUniversity,D2,Team,20260207-LeeUniversity-2,5de7b620-0474-11f1-a4d3-8b26f3e68120,84.56573,NA,NA,7.47969,NA,NA,NA,NA,NA,NA,8c003a57-e22a-4906-b3d2-4bbc25b7dc7a,2026-02-07,22:28:38,2026-02-07T22:28:38Z,2026-02-07T22:28:38Z,NA,v3,NA,NA,NA,"Caraballo, Nate",1000188954,Right,LEE_UNI,1248f32b-aabe-4e0c-b708-e59965ec4afb,54.71367,-125.10074,12.41153,6.02311,-0.16321,-8.0747,-1.36732,3.63617,-3.43478,NA,NA,NA,NA,NA,NA,NA,NA,NA,NA,NA,NA,NA,NA,NA,NA,NA,NA,NA,NA,NA,NA,NA,NA,NA,NA,NA,NA,NA,NA,NA,NA,NA,NA,NA,NA,NA,NA,NA,NA,NA,NA,NA,NA,NA,NA,NA,NA,NA,NA,High,High,High,NA,NA,NA,NA,NA,207.345297,35.890533,1892.253047,0.810139,01:00:00,-0.60671,-0.373237,-0.701853,-21.714714,30.720535,6.027412,-0.058875,168.779454,-0.979184,-11.200831,0.979184,-0.194249,0.058875,3.440831,-3.375215,0.194249,-0.194249,-168.779454,3.375215,0.058875,11.200831,-3.440831,-0.058875,0.194249,0.979184,-0.979184,NA,NA,NA,NA,NA,NA,NA,NA,NA,NA,NA
NA,NA,NA,NA,NA,NA,NA,NA,NA,NA,NA,NA,NA,NA,NA,NA,168,2026-02-07,17:29:56,3,1,"Engert, Cason",1000091637,Right,LEE_UNI,"Clark, Brayden",1000428745,Right,TIF_UNI,Undefined,5,Top,0,0,0,Fastball,Four-Seam,BallCalled,Undefined,Undefined,Undefined,1,0,NA,85.5152,0.391839,-0.560927,2398.803257,202.989017,12:45:00,6.03537,1.45465,5.64178,-18.0382,20.47005,8.1754,4.89774,1.61264,78.07031,-3.037948,0.899155,0.44663,NA,NA,NA,NA,NA,NA,NA,NA,NA,NA,NA,-4.27299,10.61193,-1.41219,50,6.05724,0.86801,-124.17629,0.33417,-6.67995,24.58407,-15.58447,LEE_UNI,TIF_UNI,LeeUniversity,D2,Team,20260207-LeeUniversity-2,8c4b0440-0474-11f1-a4d3-8b26f3e68120,84.39291,NA,NA,7.4449,NA,NA,NA,NA,NA,NA,8c003a57-e22a-4906-b3d2-4bbc25b7dc7a,2026-02-07,22:29:56,2026-02-07T22:29:56Z,2026-02-07T22:29:56Z,NA,v3,NA,NA,NA,"Caraballo, Nate",1000188954,Right,LEE_UNI,51d6d3b1-c5f5-4135-b9f0-7fdef337b021,54.85548,-125.13387,12.29204,6.03241,0.94121,-7.79223,-1.45107,1.12821,-3.33997,NA,NA,NA,NA,NA,NA,NA,NA,NA,NA,NA,NA,NA,NA,NA,NA,NA,NA,NA,NA,NA,NA,NA,NA,NA,NA,NA,NA,76.31712,1.666018,0.841677,0.824341,-2.86279,4.6583,-1.68417,-0.02573,5.38544,-3.93732,63.69419,5.13347,-61.09007,-0.00609,81.91054,-5.65125,5.39573,10.49992,-13.13825,-3.96237,-74.77303,6.67225,High,High,High,NA,NA,High,High,High,209.547476,34.666975,1972.9486,0.822472,01:00:00,-0.578543,-0.401698,-0.709878,-40.389939,33.538288,-8.271807,-0.201385,177.858191,-0.978828,-2.097908,0.978828,-0.036607,0.201385,11.625881,-11.61798,0.036607,-0.036607,-177.858191,11.61798,0.201385,2.097908,-11.625881,-0.201385,0.036607,0.978828,-0.978828,NA,NA,NA,NA,NA,NA,NA,NA,NA,NA,NA
NA,NA,NA,NA,NA,NA,NA,NA,NA,NA,NA,NA,NA,NA,NA,NA,169,2026-02-07,17:30:27,3,2,"Engert, Cason",1000091637,Right,LEE_UNI,"Clark, Brayden",1000428745,Right,TIF_UNI,Undefined,5,Top,1,1,0,Fastball,Four-Seam,InPlay,Undefined,FlyBall,Out,1,0,NA,86.43538,-2.369425,-3.119733,2481.427089,207.262729,01:00:00,6.04347,1.31803,5.97965,-17.21347,19.96367,9.69906,2.40814,-0.76845,79.44752,-5.637941,-1.379543,0.438843,96.72821,47.491726,18.713137,4279.308013,104.75549,112.56155,33.55989,321.33579,310.53678,16.277581,6.32145,-5.83461,11.25512,-1.07677,50,5.84633,6.45229,-125.40378,-5.67583,-9.34277,24.04274,-14.15163,LEE_UNI,TIF_UNI,LeeUniversity,D2,Team,20260207-LeeUniversity-2,9ee85620-0474-11f1-a4d3-8b26f3e68120,85.89048,148.0827,NA,6.98786,NA,NA,NA,1.76396,2.58348,0.81138,8c003a57-e22a-4906-b3d2-4bbc25b7dc7a,2026-02-07,22:30:27,2026-02-07T22:30:27Z,2026-02-07T22:30:27Z,FlyBall,v3,NA,NA,NA,"Caraballo, Nate",1000188954,Right,LEE_UNI,b1a56403-008b-46c5-b378-e55d97999379,54.52091,-126.26756,12.02137,6.04111,-5.16741,-7.07581,-1.31462,6.78795,-4.67138,174.702434,1.77219,90.66622,-19.62608,4.64838,-0.76195,0.08418,-0.00641,4.1e-4,-2e-5,2.58502,104.52952,-22.72218,1.75865,-0.00681,-0.10416,0.02929,-0.00346,1.5e-4,0.81446,30.70863,-8.13915,2.04581,-0.36363,0.04536,-0.00382,2.2e-4,-1e-5,NA,NA,NA,NA,NA,NA,NA,NA,NA,NA,NA,NA,NA,NA,NA,NA,NA,NA,NA,NA,NA,NA,High,High,High,High,Low,NA,NA,NA,210.506142,33.979418,2057.694607,0.829238,01:00:00,-0.579095,-0.443693,-0.683949,-33.218128,41.385441,10.338616,-0.238169,177.924572,-0.970587,-2.01568,0.970587,-0.035173,0.238169,13.787183,-13.778484,0.035173,-0.035173,-177.924572,13.778484,0.238169,2.01568,-13.787183,-0.238169,0.035173,0.970587,-0.970587,NA,NA,NA,NA,NA,NA,NA,NA,NA,NA,NA
NA,NA,NA,NA,NA,NA,NA,NA,NA,NA,NA,NA,NA,NA,NA,NA,170,2026-02-07,17:31:10,4,1,"Engert, Cason",1000091637,Right,LEE_UNI,"Skrelja, Jovanny",1000428762,Right,TIF_UNI,Undefined,5,Top,2,0,0,Slider,Curveball,StrikeCalled,Undefined,Undefined,Undefined,0,0,NA,75.04537,2.438443,-0.417205,2619.278991,69.795965,08:15:00,5.84254,1.54095,5.28386,-55.09676,-4.25311,-15.84619,3.54255,-0.17137,68.84589,-7.578175,-3.229613,0.513204,NA,NA,NA,NA,NA,NA,NA,NA,NA,NA,NA,7.77386,-2.29512,-1.49101,50,6.02469,1.40715,-108.89241,2.79004,9.317,19.4476,-34.92474,LEE_UNI,TIF_UNI,LeeUniversity,D2,Team,20260207-LeeUniversity-2,b8c37250-0474-11f1-a4d3-8b26f3e68120,73.44538,NA,NA,6.19948,NA,NA,NA,NA,NA,NA,8c003a57-e22a-4906-b3d2-4bbc25b7dc7a,2026-02-07,22:31:10,2026-02-07T22:31:10Z,2026-02-07T22:31:10Z,NA,v3,NA,NA,NA,"Caraballo, Nate",1000188954,Right,LEE_UNI,19dd6a77-dd2f-4918-8b2d-da3e01c0b80d,55.21763,-109.82029,9.7238,5.85182,4.45637,-17.46237,-1.54754,0.96261,4.6585,NA,NA,NA,NA,NA,NA,NA,NA,NA,NA,NA,NA,NA,NA,NA,NA,NA,NA,NA,NA,NA,NA,NA,NA,NA,NA,NA,NA,NA,NA,NA,NA,NA,NA,NA,NA,NA,NA,NA,NA,NA,NA,NA,NA,NA,NA,NA,NA,NA,NA,High,High,High,NA,NA,NA,NA,NA,89.690173,67.501557,1002.28891,0.382658,09:00:00,-0.906734,0.421614,0.008672,-62.734579,-15.925993,15.162841,-0.733228,171.432693,-0.672396,-5.813913,0.672396,-0.101298,0.733228,47.478069,-47.157659,0.101298,-0.101298,-171.432693,47.157659,0.733228,5.813913,-47.478069,-0.733228,0.101298,0.672396,-0.672396,NA,NA,NA,NA,NA,NA,NA,NA,NA,NA,NA
NA,NA,NA,NA,NA,NA,NA,NA,NA,NA,NA,NA,NA,NA,NA,NA,171,2026-02-07,17:31:25,4,2,"Engert, Cason",1000091637,Right,LEE_UNI,"Skrelja, Jovanny",1000428762,Right,TIF_UNI,Undefined,5,Top,2,0,1,Slider,Curveball,StrikeCalled,Undefined,Undefined,Undefined,0,0,NA,73.21956,1.651612,-0.450312,2584.837902,72.923547,08:30:00,5.72553,1.48775,5.34553,-56.96739,-3.72705,-17.49765,2.52799,-0.3928,67.40232,-8.698788,-3.562283,0.52516,NA,NA,NA,NA,NA,NA,NA,NA,NA,NA,NA,8.64213,-1.82685,-1.43426,50,5.83354,1.48529,-106.31404,1.22783,9.86859,18.61242,-34.26016,LEE_UNI,TIF_UNI,LeeUniversity,D2,Team,20260207-LeeUniversity-2,c1f125c0-0474-11f1-a4d3-8b26f3e68120,71.77322,NA,NA,5.81724,NA,NA,NA,NA,NA,NA,8c003a57-e22a-4906-b3d2-4bbc25b7dc7a,2026-02-07,22:31:25,2026-02-07T22:31:25Z,2026-02-07T22:31:25Z,NA,v3,NA,NA,NA,"Caraballo, Nate",1000188954,Right,LEE_UNI,8c17ea44-ed03-4341-a53c-812d81ae9789,55.15659,-107.213,9.30621,5.73428,2.88257,-17.13008,-1.49449,1.00864,4.93429,NA,NA,NA,NA,NA,NA,NA,NA,NA,NA,NA,NA,NA,NA,NA,NA,NA,NA,NA,NA,NA,NA,NA,NA,NA,NA,NA,NA,NA,NA,NA,NA,NA,NA,NA,NA,NA,NA,NA,NA,NA,NA,NA,NA,NA,NA,NA,NA,NA,NA,High,High,High,NA,NA,NA,NA,NA,77.388184,61.737344,1223.957543,0.473514,08:30:00,-0.866263,0.487283,0.110201,-46.368664,-24.13442,6.316842,-0.691841,172.962158,-0.71661,-5.075539,0.71661,-0.088469,0.691841,43.992516,-43.776014,0.088469,-0.088469,-172.962158,43.776014,0.691841,5.075539,-43.992516,-0.691841,0.088469,0.71661,-0.71661,NA,NA,NA,NA,NA,NA,NA,NA,NA,NA,NA
NA,NA,NA,NA,NA,NA,NA,NA,NA,NA,NA,NA,NA,NA,NA,NA,172,2026-02-07,17:31:42,4,3,"Engert, Cason",1000091637,Right,LEE_UNI,"Skrelja, Jovanny",1000428762,Right,TIF_UNI,Undefined,5,Top,2,0,2,Slider,Curveball,StrikeSwinging,Strikeout,Undefined,Undefined,0,0,NA,72.40609,1.357366,-0.34506,2580.178309,71.006748,08:15:00,5.80752,1.27814,5.16639,-59.36661,-4.43843,-17.94647,2.13806,-0.54216,66.61331,-9.385472,-3.527895,0.53342,NA,NA,NA,NA,NA,NA,NA,NA,NA,NA,NA,8.8139,-2.04244,-1.23181,50,5.88876,1.31016,-105.09417,0.54235,9.81187,18.58001,-34.44776,LEE_UNI,TIF_UNI,LeeUniversity,D2,Team,20260207-LeeUniversity-2,cc11ebc0-0474-11f1-a4d3-8b26f3e68120,70.6619,NA,NA,5.79277,NA,NA,NA,NA,NA,NA,8c003a57-e22a-4906-b3d2-4bbc25b7dc7a,2026-02-07,22:31:42,2026-02-07T22:31:42Z,2026-02-07T22:31:42Z,NA,v3,NA,NA,NA,"Caraballo, Nate",1000188954,Right,LEE_UNI,1bad6100-7411-4bc3-9eda-4927fb135afc,55.33546,-106.03325,9.29001,5.81735,2.28343,-17.22388,-1.2855,0.81425,4.90594,NA,NA,NA,NA,NA,NA,NA,NA,NA,NA,NA,NA,NA,NA,NA,NA,NA,NA,NA,NA,NA,NA,NA,NA,NA,NA,NA,NA,NA,NA,NA,NA,NA,NA,NA,NA,NA,NA,NA,NA,NA,NA,NA,NA,NA,NA,NA,NA,NA,NA,High,High,High,NA,NA,NA,NA,NA,71.723913,56.955434,1406.948541,0.545291,08:30:00,-0.824701,0.537496,0.175971,-26.350141,-29.533694,-7.657779,-0.68661,170.766377,-0.717605,-6.699318,0.717605,-0.116659,0.68661,43.735505,-43.362349,0.116659,-0.116659,-170.766377,43.362349,0.68661,6.699318,-43.735505,-0.68661,0.116659,0.717605,-0.717605,NA,NA,NA,NA,NA,NA,NA,NA,NA,NA,NA
NA,NA,NA,NA,NA,NA,NA,NA,NA,NA,NA,NA,NA,NA,NA,NA,173,2026-02-07,17:33:54,1,1,"Birch, Ryan",1000287334,Right,TIF_UNI,"French, Isaiah",10050808,Right,LEE_UNI,Undefined,5,Bottom,0,0,0,Slider,Curveball,BallCalled,Undefined,Undefined,Undefined,0,0,NA,69.56608,1.677191,-1.9291,2265.96931,38.47858,07:15:00,5.96344,0.58133,4.97032,-73.03441,-12.69875,-11.67028,1.46283,-2.21407,64.01968,-11.428906,-3.992242,0.55906,NA,NA,NA,NA,NA,NA,NA,NA,NA,NA,NA,5.15315,-6.13307,-0.38491,50,6.06585,3.83063,-100.85418,0.55765,5.25093,18.03827,-38.42347,LEE_UNI,TIF_UNI,LeeUniversity,D2,Team,20260207-LeeUniversity-2,1a51f6e0-0475-11f1-a4d3-8b26f3e68120,67.4211,NA,NA,5.5464,NA,NA,NA,NA,NA,NA,8c003a57-e22a-4906-b3d2-4bbc25b7dc7a,2026-02-07,22:33:54,2026-02-07T22:33:54Z,2026-02-07T22:33:54Z,NA,v3,NA,NA,NA,"Ruhe, Dylan",1000428755,Right,TIF_UNI,b054c00f-28f2-4461-a3fe-1713b06d2004,55.5331,-101.839,9.01914,5.97814,2.65542,-19.21174,-0.58622,3.54395,2.62546,NA,NA,NA,NA,NA,NA,NA,NA,NA,NA,NA,NA,NA,NA,NA,NA,NA,NA,NA,NA,NA,NA,NA,NA,NA,NA,NA,NA,NA,NA,NA,NA,NA,NA,NA,NA,NA,NA,NA,NA,NA,NA,NA,NA,NA,NA,NA,NA,NA,NA,High,High,High,NA,NA,NA,NA,NA,57.307894,56.67218,1244.98829,0.549429,08:00:00,-0.811194,0.486648,0.324251,-59.672714,-40.489234,37.939601,-0.048474,177.611807,-0.997957,-2.385384,0.997957,-0.041621,0.048474,2.780878,-2.778466,0.041621,-0.041621,-177.611807,2.778466,0.048474,2.385384,-2.780878,-0.048474,0.041621,0.997957,-0.997957,NA,NA,NA,NA,NA,NA,NA,NA,NA,NA,NA
NA,NA,NA,NA,NA,NA,NA,NA,NA,NA,NA,NA,NA,NA,NA,NA,174,2026-02-07,17:34:07,1,2,"Birch, Ryan",1000287334,Right,TIF_UNI,"French, Isaiah",10050808,Right,LEE_UNI,Undefined,5,Bottom,0,1,0,Fastball,Slider,StrikeCalled,Undefined,Undefined,Undefined,0,0,NA,83.10553,-1.071573,-1.451139,2168.772511,174.608642,11:45:00,6.05734,0.60393,5.77528,-25.08938,15.49202,-1.34205,2.96899,-0.85853,76.18753,-5.760327,-1.691438,0.458495,NA,NA,NA,NA,NA,NA,NA,NA,NA,NA,NA,0.28449,8.5789,-0.48325,50,5.95371,3.11061,-120.65756,-3.02266,0.42001,23.13884,-19.50784,LEE_UNI,TIF_UNI,LeeUniversity,D2,Team,20260207-LeeUniversity-2,220120a0-0475-11f1-a4d3-8b26f3e68120,82.209,NA,NA,6.918,NA,NA,NA,NA,NA,NA,8c003a57-e22a-4906-b3d2-4bbc25b7dc7a,2026-02-07,22:34:07,2026-02-07T22:34:07Z,2026-02-07T22:34:07Z,NA,v3,NA,NA,NA,"Ruhe, Dylan",1000428755,Right,TIF_UNI,a996a02e-47b5-45da-91d2-0ff27ee8b9b1,54.72228,-121.55979,11.56942,6.05674,-2.26201,-9.75392,-0.60422,3.09423,0.21001,NA,NA,NA,NA,NA,NA,NA,NA,NA,NA,NA,NA,NA,NA,NA,NA,NA,NA,NA,NA,NA,NA,NA,NA,NA,NA,NA,NA,NA,NA,NA,NA,NA,NA,NA,NA,NA,NA,NA,NA,NA,NA,NA,NA,NA,NA,NA,NA,NA,NA,High,High,High,NA,NA,NA,NA,NA,202.130494,43.072384,1584.269938,0.730492,12:45:00,-0.694575,-0.287912,-0.659297,45.152001,41.615479,82.054075,-0.072194,171.183253,-0.985605,-8.793558,0.985605,-0.152875,0.072194,4.189365,-4.140035,0.152875,-0.152875,-171.183253,4.140035,0.072194,8.793558,-4.189365,-0.072194,0.152875,0.985605,-0.985605,NA,NA,NA,NA,NA,NA,NA,NA,NA,NA,NA
NA,NA,NA,NA,NA,NA,NA,NA,NA,NA,NA,NA,NA,NA,NA,NA,175,2026-02-07,17:34:22,1,3,"Birch, Ryan",1000287334,Right,TIF_UNI,"French, Isaiah",10050808,Right,LEE_UNI,Undefined,5,Bottom,0,1,1,Slider,Curveball,StrikeCalled,Undefined,Undefined,Undefined,0,0,NA,72.84613,0.49675,0.221796,2357.921968,75.120778,08:30:00,6.01032,0.6556,4.93113,-56.6609,-1.98307,-14.00788,1.75815,-0.30207,67.09765,-9.712289,-2.254,0.532203,NA,NA,NA,NA,NA,NA,NA,NA,NA,NA,NA,6.95733,-0.55118,-0.6651,50,6.01175,0.13657,-105.70337,-1.00425,7.84849,18.51049,-32.79582,LEE_UNI,TIF_UNI,LeeUniversity,D2,Team,20260207-LeeUniversity-2,2b29f210-0475-11f1-a4d3-8b26f3e68120,70.82347,NA,NA,5.74848,NA,NA,NA,NA,NA,NA,8c003a57-e22a-4906-b3d2-4bbc25b7dc7a,2026-02-07,22:34:22,2026-02-07T22:34:22Z,2026-02-07T22:34:22Z,NA,v3,NA,NA,NA,"Ruhe, Dylan",1000428755,Right,TIF_UNI,2bcac885-1d83-4790-b26f-63dc12ca095c,55.56935,-106.6742,9.25524,6.01931,0.71581,-16.39791,-0.66147,-0.27507,3.92425,NA,NA,NA,NA,NA,NA,NA,NA,NA,NA,NA,NA,NA,NA,NA,NA,NA,NA,NA,NA,NA,NA,NA,NA,NA,NA,NA,NA,NA,NA,NA,NA,NA,NA,NA,NA,NA,NA,NA,NA,NA,NA,NA,NA,NA,NA,NA,NA,NA,NA,High,High,High,NA,NA,NA,NA,NA,69.656722,62.647352,1083.384708,0.459466,08:15:00,-0.885039,0.438492,0.156306,15.585758,30.287136,80.471603,0.168203,90.888757,-0.01529,80.276356,0.01529,-0.985634,-0.168203,84.805918,9.683331,0.985634,0.985634,-90.888757,-9.683331,0.168203,-80.276356,-84.805918,-0.168203,-0.985634,0.01529,-0.01529,NA,NA,NA,NA,NA,NA,NA,NA,NA,NA,NA
NA,NA,NA,NA,NA,NA,NA,NA,NA,NA,NA,NA,NA,NA,NA,NA,176,2026-02-07,17:34:39,1,4,"Birch, Ryan",1000287334,Right,TIF_UNI,"French, Isaiah",10050808,Right,LEE_UNI,Undefined,5,Bottom,0,1,2,Fastball,Cutter,InPlay,Undefined,GroundBall,Out,1,0,NA,83.75598,-1.919011,-2.137645,2180.363354,185.426017,12:15:00,6.11864,0.49963,5.84463,-21.01068,18.93812,1.67713,2.58247,-1.34808,76.67774,-5.879811,-1.837175,0.454908,82.63691,4.108028,-4.065865,4310.588142,NA,NA,NA,74.2637,74.2637,-2.859199,0.652554,-1.45992,10.62316,-0.32661,50,5.95011,4.4709,-121.53651,-4.68117,-2.18272,23.91301,-16.29139,LEE_UNI,TIF_UNI,LeeUniversity,D2,Team,20260207-LeeUniversity-2,350d8800-0475-11f1-a4d3-8b26f3e68120,82.85736,3.5015,NA,7.07824,NA,NA,NA,1.41537,2.57274,1.3411,8c003a57-e22a-4906-b3d2-4bbc25b7dc7a,2026-02-07,22:34:39,2026-02-07T22:34:39Z,2026-02-07T22:34:39Z,GroundBall,v3,NA,NA,NA,"Ruhe, Dylan",1000428755,Right,TIF_UNI,7ff7a746-4391-42b3-861a-750217a26bd2,54.65469,-122.44892,11.95651,6.11686,-4.05956,-8.1457,-0.49879,4.55418,-1.09136,354.48348,1.43769,120.12212,-13.32302,NA,NA,NA,NA,NA,NA,2.59754,8.16967,-18.67406,NA,NA,NA,NA,NA,NA,1.33863,-8.52009,1.21898,NA,NA,NA,NA,NA,NA,NA,NA,NA,NA,NA,NA,NA,NA,NA,NA,NA,NA,NA,NA,NA,NA,NA,NA,NA,NA,NA,NA,High,High,High,High,High,NA,NA,NA,204.832723,33.697259,1814.020148,0.831981,12:45:00,-0.570579,-0.36779,-0.734282,41.562663,20.565852,85.095457,0.15048,172.384298,-0.979893,7.528477,0.979893,-0.131019,-0.15048,8.730566,8.654727,0.131019,0.131019,-172.384298,-8.654727,0.15048,-7.528477,-8.730566,-0.15048,-0.131019,0.979893,-0.979893,NA,NA,NA,NA,NA,NA,NA,NA,NA,NA,NA
NA,NA,NA,NA,NA,NA,NA,NA,NA,NA,NA,NA,NA,NA,NA,NA,177,2026-02-07,17:35:12,2,1,"Birch, Ryan",1000287334,Right,TIF_UNI,"Caraballo, Nate",1000188954,Right,LEE_UNI,Undefined,5,Bottom,1,0,0,Slider,Curveball,StrikeCalled,Undefined,Undefined,Undefined,0,0,NA,70.94066,1.86709,0.526114,2201.729322,63.678959,08:00:00,6.003,0.72431,4.95384,-62.78184,-4.41626,-13.12635,2.53603,0.12757,64.46247,-9.499186,-1.793001,0.549857,NA,NA,NA,NA,NA,NA,NA,NA,NA,NA,NA,6.60449,-2.0939,-0.76407,50,6.13273,-0.43736,-102.74755,1.27146,6.95074,19.48859,-34.37772,LEE_UNI,TIF_UNI,LeeUniversity,D2,Team,20260207-LeeUniversity-2,490316e0-0475-11f1-a4d3-8b26f3e68120,68.54952,NA,NA,6.4782,NA,NA,NA,NA,NA,NA,8c003a57-e22a-4906-b3d2-4bbc25b7dc7a,2026-02-07,22:35:12,2026-02-07T22:35:12Z,2026-02-07T22:35:12Z,NA,v3,NA,NA,NA,"Ruhe, Dylan",1000428755,Right,TIF_UNI,8d08a727-4fa8-4213-b6b0-83998ee226e8,55.54516,-103.79399,9.74429,6.0149,3.11738,-17.18886,-0.73057,-0.81058,3.47537,NA,NA,NA,NA,NA,NA,NA,NA,NA,NA,NA,NA,NA,NA,NA,NA,NA,NA,NA,NA,NA,NA,NA,NA,NA,NA,NA,NA,NA,NA,NA,NA,NA,NA,NA,NA,NA,NA,NA,NA,NA,NA,NA,NA,NA,NA,NA,NA,NA,NA,High,High,High,NA,NA,NA,NA,NA,64.054726,59.232418,1126.309554,0.511557,08:15:00,-0.845826,0.487749,0.216055,23.727284,30.784983,83.945596,0.973318,90.929891,-0.003724,13.263427,0.003724,-0.229428,-0.973318,89.78079,76.734795,0.229428,0.229428,-90.929891,-76.734795,0.973318,-13.263427,-89.78079,-0.973318,-0.229428,0.003724,-0.003724,NA,NA,NA,NA,NA,NA,NA,NA,NA,NA,NA
NA,NA,NA,NA,NA,NA,NA,NA,NA,NA,NA,NA,NA,NA,NA,NA,178,2026-02-07,17:35:27,2,2,"Birch, Ryan",1000287334,Right,TIF_UNI,"Caraballo, Nate",1000188954,Right,LEE_UNI,Undefined,5,Bottom,1,0,1,Slider,Curveball,BallCalled,Undefined,Undefined,Undefined,0,0,NA,74.5379,-1.775027,-3.62318,2338.981648,81.880412,08:45:00,6.00745,0.51304,5.00413,-52.52463,0.25606,-10.73658,-0.04909,-3.80648,68.52646,-11.190745,-5.516842,0.522888,NA,NA,NA,NA,NA,NA,NA,NA,NA,NA,NA,4.23819,1.13847,-0.15534,50,5.79399,7.23633,-107.80781,-5.10932,4.92684,20.88448,-30.85061,LEE_UNI,TIF_UNI,LeeUniversity,D2,Team,20260207-LeeUniversity-2,51fb6270-0475-11f1-a4d3-8b26f3e68120,72.08508,NA,NA,6.01144,NA,NA,NA,NA,NA,NA,8c003a57-e22a-4906-b3d2-4bbc25b7dc7a,2026-02-07,22:35:27,2026-02-07T22:35:27Z,2026-02-07T22:35:27Z,NA,v3,NA,NA,NA,"Ruhe, Dylan",1000428755,Right,TIF_UNI,35f6e16a-5c80-4764-9939-9a79ad329705,55.49623,-108.86733,10.44224,6.01349,-3.54419,-15.42531,-0.51612,6.98638,2.46342,NA,NA,NA,NA,NA,NA,NA,NA,NA,NA,NA,NA,NA,NA,NA,NA,NA,NA,NA,NA,NA,NA,NA,NA,NA,NA,NA,NA,NA,NA,NA,NA,NA,NA,NA,NA,NA,NA,NA,NA,NA,NA,NA,NA,NA,NA,NA,NA,NA,NA,High,High,High,NA,NA,NA,NA,NA,74.334505,67.421687,898.042307,0.383946,08:30:00,-0.925944,0.340906,0.162513,17.439068,28.753691,86.242782,0.985835,96.788038,-0.019824,9.586819,0.019824,-0.166542,-0.985835,88.848024,80.344859,0.166542,0.166542,-96.788038,-80.344859,0.985835,-9.586819,-88.848024,-0.985835,-0.166542,0.019824,-0.019824,NA,NA,NA,NA,NA,NA,NA,NA,NA,NA,NA
NA,NA,NA,NA,NA,NA,NA,NA,NA,NA,NA,NA,NA,NA,NA,NA,179,2026-02-07,17:35:48,2,3,"Birch, Ryan",1000287334,Right,TIF_UNI,"Caraballo, Nate",1000188954,Right,LEE_UNI,Undefined,5,Bottom,1,1,1,Fastball,Cutter,FoulBallNotFieldable,Undefined,Undefined,Undefined,0,0,NA,82.74306,-2.012228,-1.799754,2129.115019,185.569083,12:15:00,6.1119,0.32158,5.90028,-21.48552,19.73887,1.78358,2.4517,-1.20113,75.07552,-6.090141,-1.479753,0.462113,76.86835,59.667775,39.994041,NA,NA,NA,NA,NA,53.64597,NA,NA,-1.4702,11.16134,-0.17786,50,5.93784,3.69991,-119.96638,-4.81039,-2.12051,25.43876,-16.07574,LEE_UNI,TIF_UNI,LeeUniversity,D2,Team,20260207-LeeUniversity-2,5e9df150-0475-11f1-a4d3-8b26f3e68120,81.56536,83.05443,NA,7.66753,NA,NA,NA,1.19049,2.72895,1.26578,8c003a57-e22a-4906-b3d2-4bbc25b7dc7a,2026-02-07,22:35:48,2026-02-07T22:35:48Z,2026-02-07T22:35:48Z,NA,v3,NA,NA,NA,"Ruhe, Dylan",1000428755,Right,TIF_UNI,75e41415-c916-420e-b88c-f3010f66ca22,54.59728,-120.9373,12.71938,6.10972,-4.19683,-8.03787,-0.32062,3.78084,-1.06025,202.677717,1.1905,43.61766,-14.11884,3.98919,-1.52087,2.36606,-3.03129,1.93293,-0.47847,2.72895,97.30768,-24.85632,2.60209,-0.304,-0.54816,0.88406,-0.58832,0.14802,1.26578,36.59299,-2.34693,0.16872,0.15599,-0.47752,0.65667,-0.4262,0.10631,NA,NA,NA,NA,NA,NA,NA,NA,NA,NA,NA,NA,NA,NA,NA,NA,NA,NA,NA,NA,NA,NA,High,High,High,High,Undefined,NA,NA,NA,202.046899,35.736315,1728.231415,0.811714,12:45:00,-0.596343,-0.325009,-0.733992,46.715803,28.084004,88.097118,-0.188722,177.582841,-0.981157,-2.373699,0.981157,-0.041417,0.188722,10.887652,-10.878196,0.041417,-0.041417,-177.582841,10.878196,0.188722,2.373699,-10.887652,-0.188722,0.041417,0.981157,-0.981157,NA,NA,NA,NA,NA,NA,NA,NA,NA,NA,NA
NA,NA,NA,NA,NA,NA,NA,NA,NA,NA,NA,NA,NA,NA,NA,NA,180,2026-02-07,17:36:22,2,4,"Birch, Ryan",1000287334,Right,TIF_UNI,"Caraballo, Nate",1000188954,Right,LEE_UNI,Undefined,5,Bottom,1,1,2,Slider,Curveball,BallCalled,Undefined,Undefined,Undefined,0,0,NA,70.44369,-1.023571,-0.424449,2333.194478,31.129993,07:00:00,6.02495,0.53581,5.22309,-76.92595,-17.58103,-11.98343,-1.348,-0.86187,64.36813,-14.808867,-2.56764,0.554451,NA,NA,NA,NA,NA,NA,NA,NA,NA,NA,NA,5.97398,-8.20508,-0.48697,50,5.87183,1.17014,-102.08599,-4.22863,6.09725,21.94333,-40.54846,LEE_UNI,TIF_UNI,LeeUniversity,D2,Team,20260207-LeeUniversity-2,72933210-0475-11f1-a4d3-8b26f3e68120,67.98156,NA,NA,6.07556,NA,NA,NA,NA,NA,NA,8c003a57-e22a-4906-b3d2-4bbc25b7dc7a,2026-02-07,22:36:22,2026-02-07T22:36:22Z,2026-02-07T22:36:22Z,NA,v3,NA,NA,NA,"Ruhe, Dylan",1000428755,Right,TIF_UNI,b0b0f190-bf75-4e45-836e-b790d523f17d,55.28126,-103.21495,10.97166,6.03572,-2.14245,-20.27423,-0.5391,0.85644,3.04862,NA,NA,NA,NA,NA,NA,NA,NA,NA,NA,NA,NA,NA,NA,NA,NA,NA,NA,NA,NA,NA,NA,NA,NA,NA,NA,NA,NA,NA,NA,NA,NA,NA,NA,NA,NA,NA,NA,NA,NA,NA,NA,NA,NA,NA,NA,NA,NA,NA,NA,High,High,High,NA,NA,NA,NA,NA,53.831663,54.049948,1369.771246,0.58708,07:45:00,-0.815277,0.459405,0.35252,-58.843918,-33.577959,41.20827,-0.063837,176.644833,-0.99625,-3.348316,0.99625,-0.058406,0.063837,3.66635,-3.660082,0.058406,-0.058406,-176.644833,3.660082,0.063837,3.348316,-3.66635,-0.063837,0.058406,0.99625,-0.99625,NA,NA,NA,NA,NA,NA,NA,NA,NA,NA,NA
NA,NA,NA,NA,NA,NA,NA,NA,NA,NA,NA,NA,NA,NA,NA,NA,181,2026-02-07,17:36:41,2,5,"Birch, Ryan",1000287334,Right,TIF_UNI,"Caraballo, Nate",1000188954,Right,LEE_UNI,Undefined,5,Bottom,1,2,2,Fastball,Four-Seam,BallCalled,Undefined,Undefined,Undefined,0,0,NA,83.63466,-3.278651,-2.50453,2092.411997,208.321238,01:00:00,6.02937,0.46063,5.86395,-21.50151,18.97899,9.45634,1.18552,-1.07948,76.01748,-7.337395,-0.809236,0.457925,NA,NA,NA,NA,NA,NA,NA,NA,NA,NA,NA,-5.57839,11.1154,-0.26298,50,5.75073,4.91518,-121.07973,-7.55122,-8.20876,25.57089,-15.81743,LEE_UNI,TIF_UNI,LeeUniversity,D2,Team,20260207-LeeUniversity-2,7e1c3aa0-0475-11f1-a4d3-8b26f3e68120,82.31137,NA,NA,7.61719,NA,NA,NA,NA,NA,NA,8c003a57-e22a-4906-b3d2-4bbc25b7dc7a,2026-02-07,22:36:41,2026-02-07T22:36:41Z,2026-02-07T22:36:41Z,NA,v3,NA,NA,NA,"Ruhe, Dylan",1000428755,Right,TIF_UNI,089085e7-441d-4a88-8e01-7dce1c5f0e6d,54.633,-122.05425,12.78544,6.02703,-6.94841,-7.90872,-0.45626,5.22803,-4.10438,NA,NA,NA,NA,NA,NA,NA,NA,NA,NA,NA,NA,NA,NA,NA,NA,NA,NA,NA,NA,NA,NA,NA,NA,NA,NA,NA,NA,NA,NA,NA,NA,NA,NA,NA,NA,NA,NA,NA,NA,NA,NA,NA,NA,NA,NA,NA,NA,NA,NA,High,High,High,NA,NA,NA,NA,NA,202.348373,36.280447,1686.756643,0.80613,12:45:00,-0.605272,-0.339862,-0.719819,-48.13332,-22.308864,-84.017661,-0.148143,178.906144,-0.988786,-1.081785,0.988786,-0.01888,0.148143,8.520879,-8.519349,0.01888,-0.01888,-178.906144,8.519349,0.148143,1.081785,-8.520879,-0.148143,0.01888,0.988786,-0.988786,NA,NA,NA,NA,NA,NA,NA,NA,NA,NA,NA
NA,NA,NA,NA,NA,NA,NA,NA,NA,NA,NA,NA,NA,NA,NA,NA,182,2026-02-07,17:36:57,2,6,"Birch, Ryan",1000287334,Right,TIF_UNI,"Caraballo, Nate",1000188954,Right,LEE_UNI,Undefined,5,Bottom,1,3,2,Slider,Curveball,StrikeCalled,Strikeout,Undefined,Undefined,0,0,NA,70.98381,2.321124,2.091416,2294.966998,76.36076,08:30:00,5.9742,0.55481,4.90227,-61.92747,-2.73201,-20.93415,3.0114899999999998,0.78917,63.59132,-8.941083,-1.599818,0.553752,NA,NA,NA,NA,NA,NA,NA,NA,NA,NA,NA,10.93505,-1.39071,-0.74126,50,6.15047,-2.91854,-102.5658,2.10303,11.33158,21.26255,-33.61519,LEE_UNI,TIF_UNI,LeeUniversity,D2,Team,20260207-LeeUniversity-2,879ffd50-0475-11f1-a4d3-8b26f3e68120,68.06732,NA,NA,7.3925,NA,NA,NA,NA,NA,NA,8c003a57-e22a-4906-b3d2-4bbc25b7dc7a,2026-02-07,22:36:57,2026-02-07T22:36:57Z,2026-02-07T22:36:57Z,NA,v3,NA,NA,NA,"Ruhe, Dylan",1000428755,Right,TIF_UNI,3c79130a-5255-4355-9052-2a0cb42d3fcc,55.59477,-103.71915,10.63127,5.98694,3.92642,-16.8076,-0.56628,-3.5332,5.66579,NA,NA,NA,NA,NA,NA,NA,NA,NA,NA,NA,NA,NA,NA,NA,NA,NA,NA,NA,NA,NA,NA,NA,NA,NA,NA,NA,NA,NA,NA,NA,NA,NA,NA,NA,NA,NA,NA,NA,NA,NA,NA,NA,NA,NA,NA,NA,NA,NA,NA,High,High,High,NA,NA,NA,NA,NA,58.191744,54.885418,1320.095914,0.575213,08:00:00,-0.808068,0.521554,0.273875,28.685025,48.169573,82.343399,0.069371,90.552952,-0.009627,85.983971,0.009627,-0.997544,-0.069371,82.098822,3.977841,0.997544,0.997544,-90.552952,-3.977841,0.069371,-85.983971,-82.098822,-0.069371,-0.997544,0.009627,-0.009627,NA,NA,NA,NA,NA,NA,NA,NA,NA,NA,NA
NA,NA,NA,NA,NA,NA,NA,NA,NA,NA,NA,NA,NA,NA,NA,NA,183,2026-02-07,17:37:23,3,1,"Birch, Ryan",1000287334,Right,TIF_UNI,"McClary, Aiden",1000374973,Left,LEE_UNI,Undefined,5,Bottom,2,0,0,Fastball,Four-Seam,BallCalled,Undefined,Undefined,Undefined,0,0,NA,84.99052,-4.542787,-1.835365,2110.480399,202.252783,12:45:00,5.99008,0.5422,6.08729,-21.63844,17.08131,6.45752,-0.02657,-0.61812,77.86285,-8.59777,-0.671528,0.447855,NA,NA,NA,NA,NA,NA,NA,NA,NA,NA,NA,-3.88862,10.5354,-0.40405,50,5.62728,3.69691,-123.06115,-10.40102,-5.94145,25.25109,-16.07693,LEE_UNI,TIF_UNI,LeeUniversity,D2,Team,20260207-LeeUniversity-2,9703cf10-0475-11f1-a4d3-8b26f3e68120,84.16213,NA,NA,7.12766,NA,NA,NA,NA,NA,NA,8c003a57-e22a-4906-b3d2-4bbc25b7dc7a,2026-02-07,22:37:23,2026-02-07T22:37:23Z,2026-02-07T22:37:23Z,NA,v3,NA,NA,NA,"Ruhe, Dylan",1000428755,Right,TIF_UNI,d13acec8-9761-4569-a3dd-6ca376d4ad24,54.41243,-123.96324,12.62555,5.9886,-9.82668,-8.03846,-0.53991,3.90916,-2.97073,NA,NA,NA,NA,NA,NA,NA,NA,NA,NA,NA,NA,NA,NA,NA,NA,NA,NA,NA,NA,NA,NA,NA,NA,NA,NA,NA,NA,NA,NA,NA,NA,NA,NA,NA,NA,NA,NA,NA,NA,NA,NA,NA,NA,NA,NA,NA,NA,NA,NA,High,High,High,NA,NA,NA,NA,NA,201.170886,34.682223,1735.491564,0.822321,12:45:00,-0.567995,-0.341118,-0.749013,-38.794486,-30.891093,-86.410986,-0.042352,172.957256,-0.991564,-7.036393,0.991564,-0.1225,0.042352,2.445774,-2.427342,0.1225,-0.1225,-172.957256,2.427342,0.042352,7.036393,-2.445774,-0.042352,0.1225,0.991564,-0.991564,NA,NA,NA,NA,NA,NA,NA,NA,NA,NA,NA
NA,NA,NA,NA,NA,NA,NA,NA,NA,NA,NA,NA,NA,NA,NA,NA,184,2026-02-07,17:37:39,3,2,"Birch, Ryan",1000287334,Right,TIF_UNI,"McClary, Aiden",1000374973,Left,LEE_UNI,Undefined,5,Bottom,2,1,0,Fastball,Changeup,StrikeCalled,Undefined,Undefined,Undefined,0,0,NA,83.24525,-1.281168,-1.579927,2037.927397,205.949967,12:45:00,6.05844,0.67543,5.68854,-22.10769,18.88706,8.49721,3.02137,-0.08941,75.48486,-5.46119,-0.060948,0.460825,25.39599,-1.07508,-46.730222,1681.700754,NA,NA,NA,17.77064,17.77064,-39.02141,0.421625,-4.84134,10.42729,-0.54811,50,5.93718,2.99208,-120.73953,-3.35127,-7.07503,25.70825,-16.93579,LEE_UNI,TIF_UNI,LeeUniversity,D2,Team,20260207-LeeUniversity-2,a0e6c8c0-0475-11f1-a4d3-8b26f3e68120,81.79347,3.02566,NA,7.76039,NA,NA,NA,3.38074,3.02566,0.11015,8c003a57-e22a-4906-b3d2-4bbc25b7dc7a,2026-02-07,22:37:39,2026-02-07T22:37:39Z,2026-02-07T22:37:39Z,GroundBall,v3,NA,NA,NA,"Ruhe, Dylan",1000428755,Right,TIF_UNI,856777bf-97bc-4d24-a251-950588f053f3,54.81033,-121.75945,12.85413,6.05681,-2.67938,-8.4679,-0.67238,3.27277,-3.53751,108.802756,3.38118,25.51114,-1.86471,NA,NA,NA,NA,NA,NA,3.02743,-0.75388,-15.25246,NA,NA,NA,NA,NA,NA,0.10987,-27.1072,0.73617,NA,NA,NA,NA,NA,NA,NA,NA,NA,NA,NA,NA,NA,NA,NA,NA,NA,NA,NA,NA,NA,NA,NA,NA,NA,NA,NA,NA,High,High,High,Medium,High,NA,NA,NA,205.571549,32.152005,1725.389308,0.846639,12:45:00,-0.544721,-0.377249,-0.748974,41.906115,19.887153,88.266586,0.163457,173.273234,-0.979759,6.635884,0.979759,-0.115559,-0.163457,9.471666,9.407633,0.115559,0.115559,-173.273234,-9.407633,0.163457,-6.635884,-9.471666,-0.163457,-0.115559,0.979759,-0.979759,NA,NA,NA,NA,NA,NA,NA,NA,NA,NA,NA
NA,NA,NA,NA,NA,NA,NA,NA,NA,NA,NA,NA,NA,NA,NA,NA,185,2026-02-07,17:38:15,3,3,"Birch, Ryan",1000287334,Right,TIF_UNI,"McClary, Aiden",1000374973,Left,LEE_UNI,Undefined,5,Bottom,2,1,1,Slider,Curveball,InPlay,Undefined,LineDrive,Double,0,0,NA,71.42289,1.107071,-0.075179,2276.950198,75.262433,08:30:00,5.96808,1.06891,5.21313,-60.41606,-3.24067,-20.20454,1.97457,-0.6855,64.86852,-9.877774,-3.663474,0.544222,99.22877,20.096376,26.411631,1816.217899,95.80735,34.21206,54.04566,328.48676,320.56259,35.061413,3.405109,10.11839,-1.46158,-1.04588,50,6.02493,0.87468,-103.5258,0.08857,10.75676,20.57615,-33.72784,LEE_UNI,TIF_UNI,LeeUniversity,D2,Team,20260207-LeeUniversity-2,b6252b50-0475-11f1-a4d3-8b26f3e68120,69.25934,41.9231,NA,6.55438,NA,NA,NA,2.09313,2.17745,0.65467,8c003a57-e22a-4906-b3d2-4bbc25b7dc7a,2026-02-07,22:38:15,2026-02-07T22:38:15Z,2026-02-07T22:38:15Z,LineDrive,v3,NA,NA,NA,"Ruhe, Dylan",1000428755,Right,TIF_UNI,086188a6-8bdc-452b-b420-498f93f8c71e,55.28779,-104.57149,10.28808,5.97688,1.80263,-16.86392,-1.07643,0.32802,5.37838,228.121465,2.09318,122.40855,-25.06456,6.40132,-1.38517,0.24751,-0.03384,0.00278,-7e-5,2.17734,50.00767,-16.20178,0.07427,0.19781,-0.03766,-0.00423,0.00298,-3.4e-4,0.65468,60.79382,-1.22675,-0.6762,0.37198,-0.11344,0.02329,-0.00291,1.7e-4,NA,NA,NA,NA,NA,NA,NA,NA,NA,NA,NA,NA,NA,NA,NA,NA,NA,NA,NA,NA,NA,NA,High,High,High,High,High,NA,NA,NA,70.428386,58.264296,1197.679768,0.526002,08:15:00,-0.840517,0.511951,0.177306,-36.094174,-49.074132,-89.100267,0.974806,109.838096,-0.075697,12.111692,0.075697,-0.209818,-0.974806,85.55971,77.111455,0.209818,0.209818,-109.838096,-77.111455,0.974806,-12.111692,-85.55971,-0.974806,-0.209818,0.075697,-0.075697,NA,NA,NA,NA,NA,NA,NA,NA,NA,NA,NA
NA,NA,NA,NA,NA,NA,NA,NA,NA,NA,NA,NA,NA,NA,NA,NA,186,2026-02-07,17:38:56,4,1,"Birch, Ryan",1000287334,Right,TIF_UNI,"Valdes, Ryan",10106808,Right,LEE_UNI,Undefined,5,Bottom,2,0,0,Slider,Curveball,BallCalled,Undefined,Undefined,Undefined,0,0,NA,70.9842,0.912651,0.392381,2294.610905,68.403158,08:15:00,6.02046,0.96181,5.0175,-64.90126,-6.47099,-21.78966,1.47344,-0.48367,64.47693,-10.818176,-3.467622,0.550162,NA,NA,NA,NA,NA,NA,NA,NA,NA,NA,NA,10.8741,-2.82925,-0.98117,50,6.05605,0.12609,-102.84187,-0.49672,11.38624,20.600460000000002,-35.13654,LEE_UNI,TIF_UNI,LeeUniversity,D2,Team,20260207-LeeUniversity-2,cead88c0-0475-11f1-a4d3-8b26f3e68120,68.51157,NA,NA,6.50727,NA,NA,NA,NA,NA,NA,8c003a57-e22a-4906-b3d2-4bbc25b7dc7a,2026-02-07,22:38:56,2026-02-07T22:38:56Z,2026-02-07T22:38:56Z,NA,v3,NA,NA,NA,"Ruhe, Dylan",1000428755,Right,TIF_UNI,872a8c61-7341-44f5-9919-554edf5b732c,55.48301,-103.93438,10.300230000000001,6.03298,1.36669,-17.56827,-0.97184,-0.47777,5.69312,NA,NA,NA,NA,NA,NA,NA,NA,NA,NA,NA,NA,NA,NA,NA,NA,NA,NA,NA,NA,NA,NA,NA,NA,NA,NA,NA,NA,NA,NA,NA,NA,NA,NA,NA,NA,NA,NA,NA,NA,NA,NA,NA,NA,NA,NA,NA,NA,NA,NA,High,High,High,NA,NA,NA,NA,NA,68.089423,59.912866,1150.326211,0.501316,08:15:00,-0.859007,0.478828,0.181192,24.774156,32.132621,83.59184,0.97259,104.302306,-0.057443,13.021716,0.057443,-0.22532,-0.97259,86.619924,76.554088,0.22532,0.22532,-104.302306,-76.554088,0.97259,-13.021716,-86.619924,-0.97259,-0.22532,0.057443,-0.057443,NA,NA,NA,NA,NA,NA,NA,NA,NA,NA,NA
NA,NA,NA,NA,NA,NA,NA,NA,NA,NA,NA,NA,NA,NA,NA,NA,187,2026-02-07,17:39:19,4,2,"Birch, Ryan",1000287334,Right,TIF_UNI,"Valdes, Ryan",10106808,Right,LEE_UNI,Undefined,5,Bottom,2,1,0,Fastball,Cutter,BallCalled,Undefined,Undefined,Undefined,0,0,NA,83.59714,-3.660079,-2.653925,2170.295367,191.624205,12:30:00,6.04672,0.74099,5.97196,-21.59155,18.47903,3.5311,0.84591,-1.42695,76.66233,-7.711994,-2.019859,0.4556,NA,NA,NA,NA,NA,NA,NA,NA,NA,NA,NA,-2.56177,10.92603,-0.53274,50,5.7443,5.47623,-121.09185,-8.3663,-3.80102,23.80128,-15.96252,LEE_UNI,TIF_UNI,LeeUniversity,D2,Team,20260207-LeeUniversity-2,dbec3090-0475-11f1-a4d3-8b26f3e68120,82.73136,NA,NA,6.93481,NA,NA,NA,NA,NA,NA,8c003a57-e22a-4906-b3d2-4bbc25b7dc7a,2026-02-07,22:39:19,2026-02-07T22:39:19Z,2026-02-07T22:39:19Z,NA,v3,NA,NA,NA,"Ruhe, Dylan",1000428755,Right,TIF_UNI,4b554c09-0d0b-481b-9aa0-46a1be454c7d,54.52675,-121.97836,11.90064,6.04484,-7.77175,-7.98126,-0.73934,5.61781,-1.90051,NA,NA,NA,NA,NA,NA,NA,NA,NA,NA,NA,NA,NA,NA,NA,NA,NA,NA,NA,NA,NA,NA,NA,NA,NA,NA,NA,NA,NA,NA,NA,NA,NA,NA,NA,NA,NA,NA,NA,NA,NA,NA,NA,NA,NA,NA,NA,NA,NA,NA,High,High,High,NA,NA,NA,NA,NA,197.655458,40.681656,1645.82846,0.758343,12:30:00,-0.668621,-0.271143,-0.692407,-44.833464,-27.560484,-89.728513,-0.045149,175.226169,-0.995515,-4.768952,0.995515,-0.083138,0.045149,2.596697,-2.587701,0.083138,-0.083138,-175.226169,2.587701,0.045149,4.768952,-2.596697,-0.045149,0.083138,0.995515,-0.995515,NA,NA,NA,NA,NA,NA,NA,NA,NA,NA,NA
NA,NA,NA,NA,NA,NA,NA,NA,NA,NA,NA,NA,NA,NA,NA,NA,188,2026-02-07,17:39:42,4,3,"Birch, Ryan",1000287334,Right,TIF_UNI,"Valdes, Ryan",10106808,Right,LEE_UNI,Undefined,5,Bottom,2,2,0,Fastball,Four-Seam,InPlay,Undefined,LineDrive,Double,0,1,NA,83.8581,-1.818624,-1.958804,2201.305113,214.443733,01:15:00,6.05793,0.71380999999999994,5.90716,-21.81714,18.39088,11.62489,2.55018,-0.13638,75.86929,-5.960989,0.127722,0.456381,102.41105,17.219455,-17.727596,1056.436114,103.41869,28.17306,-37.47529,304.19022,304.19022,-23.327482,3.049351,-6.573,10.41119,-0.56316,50,5.8995,3.69369,-121.56929,-4.47834,-9.71257,26.64087,-16.79001,LEE_UNI,TIF_UNI,LeeUniversity,D2,Team,20260207-LeeUniversity-2,ea24efd0-0475-11f1-a4d3-8b26f3e68120,82.58983,32.54912,NA,7.98881,NA,NA,NA,1.39508,2.56828,0.11928,8c003a57-e22a-4906-b3d2-4bbc25b7dc7a,2026-02-07,22:39:42,2026-02-07T22:39:42Z,2026-02-07T22:39:42Z,LineDrive,v3,NA,NA,NA,"Ruhe, Dylan",1000428755,Right,TIF_UNI,3e8db8ff-8edb-491b-92be-ecafd7f4bb68,54.59033,-122.57109,13.32043,6.05603,-3.84697,-8.395,-0.70892,4.05892,-4.85628,122.431577,1.39502,136.65962,-24.9356,5.73642,-1.28342,0.24574,-0.04042,0.00407,-1.2e-4,2.56831,44.46413,-18.09819,1.27101,-0.07161,-0.0039,-5.3e-4,0.00166,-3.1e-4,0.11932,-43.6871,-1.61874,2.38614,-0.87738,0.22661,-0.04326,0.00542,-3.2e-4,NA,NA,NA,NA,NA,NA,NA,NA,NA,NA,NA,NA,NA,NA,NA,NA,NA,NA,NA,NA,NA,NA,High,High,High,Medium,High,NA,NA,NA,203.310644,30.378659,1899.070522,0.862702,12:45:00,-0.521416,-0.357262,-0.774913,38.567002,23.31623,75.493996,0.236494,172.250613,-0.962759,7.528267,0.962759,-0.131015,-0.236494,13.800992,13.679708,0.131015,0.131015,-172.250613,-13.679708,0.236494,-7.528267,-13.800992,-0.236494,-0.131015,0.962759,-0.962759,NA,NA,NA,NA,NA,NA,NA,NA,NA,NA,NA
NA,NA,NA,NA,NA,NA,NA,NA,NA,NA,NA,NA,NA,NA,NA,NA,189,2026-02-07,17:40:30,5,1,"Birch, Ryan",1000287334,Right,TIF_UNI,"Dunfee, Nathan",1000077934,Left,LEE_UNI,Undefined,5,Bottom,2,0,0,Slider,Curveball,BallCalled,Undefined,Undefined,Undefined,0,0,NA,69.35124,1.00175,0.066407,2255.854508,50.700533,07:45:00,6.08851,0.63351,5.1294,-70.54319,-10.19477,-14.93406,1.15346,-0.54845,63.76044,-11.708471,-2.586865,0.559119,NA,NA,NA,NA,NA,NA,NA,NA,NA,NA,NA,7.46796,-4.81268,-0.62762,50,6.12766,0.42005,-100.63034,-0.47701,7.56123,18.25019,-37.04682,LEE_UNI,TIF_UNI,LeeUniversity,D2,Team,20260207-LeeUniversity-2,06574270-0476-11f1-a4d3-8b26f3e68120,67.41396,NA,NA,5.5908,NA,NA,NA,NA,NA,NA,8c003a57-e22a-4906-b3d2-4bbc25b7dc7a,2026-02-07,22:40:30,2026-02-07T22:40:30Z,2026-02-07T22:40:30Z,NA,v3,NA,NA,NA,"Ruhe, Dylan",1000428755,Right,TIF_UNI,b75c3098-3f47-45e9-bc4c-6b14d3e3584f,55.37377,-101.60024,9.1251,6.1007,1.49184,-18.52341,-0.63927,0.01821,3.78061,NA,NA,NA,NA,NA,NA,NA,NA,NA,NA,NA,NA,NA,NA,NA,NA,NA,NA,NA,NA,NA,NA,NA,NA,NA,NA,NA,NA,NA,NA,NA,NA,NA,NA,NA,NA,NA,NA,NA,NA,NA,NA,NA,NA,NA,NA,NA,NA,NA,NA,High,High,High,NA,NA,NA,NA,NA,54.723327,55.086505,1291.113585,0.572339,07:45:00,-0.812106,0.481507,0.329599,-63.580426,-26.876978,38.937887,0.144252,179.84065,-0.989537,0.157684,0.989537,-0.002752,-0.144252,8.294016,8.293984,0.002752,0.002752,-179.84065,-8.293984,0.144252,-0.157684,-8.294016,-0.144252,-0.002752,0.989537,-0.989537,NA,NA,NA,NA,NA,NA,NA,NA,NA,NA,NA
NA,NA,NA,NA,NA,NA,NA,NA,NA,NA,NA,NA,NA,NA,NA,NA,190,2026-02-07,17:40:47,5,2,"Birch, Ryan",1000287334,Right,TIF_UNI,"Dunfee, Nathan",1000077934,Left,LEE_UNI,Undefined,5,Bottom,2,1,0,Fastball,Curveball,StrikeCalled,Undefined,Undefined,Undefined,0,0,NA,71.13378,2.597148,1.318331,2328.931349,77.337179,08:30:00,5.94455,0.82064,4.96573,-60.80027,-2.70752,-21.28292,3.33361,0.29266,64.43362,-8.440876,-2.438142,0.54857,NA,NA,NA,NA,NA,NA,NA,NA,NA,NA,NA,10.87237,-1.51673,-0.92991,50,6.14643,-1.54861,-102.97227,2.67049,11.49105,19.59315,-33.77708,LEE_UNI,TIF_UNI,LeeUniversity,D2,Team,20260207-LeeUniversity-2,109888c0-0476-11f1-a4d3-8b26f3e68120,68.71032,NA,NA,6.70017,NA,NA,NA,NA,NA,NA,8c003a57-e22a-4906-b3d2-4bbc25b7dc7a,2026-02-07,22:40:47,2026-02-07T22:40:47Z,2026-02-07T22:40:47Z,NA,v3,NA,NA,NA,"Ruhe, Dylan",1000428755,Right,TIF_UNI,ab872ec3-c40a-49d4-b236-4c1689e65fbf,55.53413,-104.01996,9.7965699999999991,5.95535,4.47661,-16.88854,-0.83068,-2.16305,5.74553,NA,NA,NA,NA,NA,NA,NA,NA,NA,NA,NA,NA,NA,NA,NA,NA,NA,NA,NA,NA,NA,NA,NA,NA,NA,NA,NA,NA,NA,NA,NA,NA,NA,NA,NA,NA,NA,NA,NA,NA,NA,NA,NA,NA,NA,NA,NA,NA,NA,NA,High,High,High,NA,NA,NA,NA,NA,71.818996,59.245384,1190.927759,0.511362,08:30:00,-0.839917,0.524274,0.140268,32.352338,49.96535,85.015246,0.977667,119.934772,-0.104872,10.493434,0.104872,-0.182123,-0.977667,83.877407,77.868309,0.182123,0.182123,-119.934772,-77.868309,0.977667,-10.493434,-83.877407,-0.977667,-0.182123,0.104872,-0.104872,NA,NA,NA,NA,NA,NA,NA,NA,NA,NA,NA
NA,NA,NA,NA,NA,NA,NA,NA,NA,NA,NA,NA,NA,NA,NA,NA,191,2026-02-07,17:41:07,5,3,"Birch, Ryan",1000287334,Right,TIF_UNI,"Dunfee, Nathan",1000077934,Left,LEE_UNI,Undefined,5,Bottom,2,1,1,Slider,Curveball,InPlay,Undefined,GroundBall,Out,1,0,NA,71.1308,1.669386,0.941317,2200.863061,60.349991,08:00:00,5.8502,1.04146,4.91094,-64.58082,-6.0067,-14.44784,2.04773,0.72768,64.2457,-10.020593,-1.610553,0.550839,64.28313,-64.758887,-74.19017,NA,NA,NA,NA,2.27944,1.93903,-46.120082,0.024307,7.4513,-2.91591,-1.12059,50,5.95943,-1.13776,-102.9502,0.85823,7.80801,20.85694,-35.22955,LEE_UNI,TIF_UNI,LeeUniversity,D2,Team,20260207-LeeUniversity-2,1cbd5c20-0476-11f1-a4d3-8b26f3e68120,68.42738,2.08051,NA,6.8851,NA,NA,NA,1.31276,2.08051,-0.69927,8c003a57-e22a-4906-b3d2-4bbc25b7dc7a,2026-02-07,22:41:07,2026-02-07T22:41:07Z,2026-02-07T22:41:07Z,GroundBall,v3,NA,NA,NA,"Ruhe, Dylan",1000428755,Right,TIF_UNI,85e4174b-edf5-4cf7-ab4c-26cf4f51d264,55.58857,-104.07624,10.42847,5.86175,2.76024,-17.61478,-1.04779,-1.5593,3.90401,NA,1.31261,10.99364,NA,NA,NA,NA,NA,NA,NA,2.08173,-85.59231,NA,NA,NA,NA,NA,NA,NA,-0.69871,-38.82527,NA,NA,NA,NA,NA,NA,NA,NA,NA,NA,NA,NA,NA,NA,NA,NA,NA,NA,NA,NA,NA,NA,NA,NA,NA,NA,NA,NA,NA,High,High,High,Low,Low,NA,NA,NA,70.007484,61.672854,1044.321233,0.474505,08:15:00,-0.869437,0.471365,0.147969,18.341003,48.762664,77.316314,0.997719,102.735563,-0.014883,3.77561,0.014883,-0.065849,-0.997719,89.145398,86.129015,0.065849,0.065849,-102.735563,-86.129015,0.997719,-3.77561,-89.145398,-0.997719,-0.065849,0.014883,-0.014883,NA,NA,NA,NA,NA,NA,NA,NA,NA,NA,NA
NA,NA,NA,NA,NA,NA,NA,NA,NA,NA,NA,NA,NA,NA,NA,NA,192,2026-02-07,17:45:58,1,1,"Hawkins, Bryce",10001993,Right,LEE_UNI,"Westerman, Luke",1000428766,Right,TIF_UNI,Undefined,6,Top,0,0,0,Fastball,Four-Seam,StrikeSwinging,Undefined,Undefined,Undefined,0,0,NA,91.96818,-1.531779,-2.393413,1944.548075,214.104027,01:15:00,6.02363,1.4709700000000001,5.37507,-14.09698,20.04391,12.73946,3.41122,0.28742,82.88765,-4.242652,-0.131265,0.420542,NA,NA,NA,NA,NA,NA,NA,NA,NA,NA,NA,-7.0689,10.84367,-1.2655,50,5.87672,4.95202,-133.1558,-3.97506,-12.54134,31.74802,-12.93564,LEE_UNI,TIF_UNI,LeeUniversity,D2,Team,20260207-LeeUniversity-2,c9e5d210-0476-11f1-a4d3-8b26f3e68120,89.62833,NA,NA,9.08052,NA,NA,NA,NA,NA,NA,8c003a57-e22a-4906-b3d2-4bbc25b7dc7a,2026-02-07,22:45:58,2026-02-07T22:45:58Z,2026-02-07T22:45:58Z,NA,v3,NA,NA,NA,"Caraballo, Nate",1000188954,Right,LEE_UNI,744e33f1-49f7-4103-b891-fac6998a9bea,55.12039,-134.3711,15.87401,6.01941,-3.47989,-6.46782,-1.46425,5.43209,-6.27067,NA,NA,NA,NA,NA,NA,NA,NA,NA,NA,NA,NA,NA,NA,NA,NA,NA,NA,NA,NA,NA,NA,NA,NA,NA,NA,NA,NA,NA,NA,NA,NA,NA,NA,NA,NA,NA,NA,NA,NA,NA,NA,NA,NA,NA,NA,NA,NA,NA,NA,High,High,High,NA,NA,NA,NA,NA,220.398743,6.117914,1933.473235,0.994305,01:15:00,-0.120855,-0.647031,-0.752825,-11.648114,31.697292,49.283508,0.134723,174.862449,-0.986903,5.090589,0.986903,-0.088731,-0.134723,7.773438,7.742588,0.088731,0.088731,-174.862449,-7.742588,0.134723,-5.090589,-7.773438,-0.134723,-0.088731,0.986903,-0.986903,NA,NA,NA,NA,NA,NA,NA,NA,NA,NA,NA
NA,NA,NA,NA,NA,NA,NA,NA,NA,NA,NA,NA,NA,NA,NA,NA,193,2026-02-07,17:46:19,1,2,"Hawkins, Bryce",10001993,Right,LEE_UNI,"Westerman, Luke",1000428766,Right,TIF_UNI,Undefined,6,Top,0,0,1,Fastball,NA,StrikeSwinging,Undefined,Undefined,Undefined,0,0,NA,NA,NA,NA,NA,NA,NA,NA,NA,NA,NA,NA,NA,NA,NA,NA,NA,NA,NA,NA,NA,NA,NA,NA,NA,NA,NA,NA,NA,NA,NA,NA,NA,NA,NA,NA,NA,NA,NA,NA,NA,LEE_UNI,TIF_UNI,LeeUniversity,D2,Team,20260207-LeeUniversity-2,d00ed100-0476-11f1-a4d3-8b26f3e68120,NA,NA,NA,NA,NA,NA,NA,NA,NA,NA,8c003a57-e22a-4906-b3d2-4bbc25b7dc7a,2026-02-07,22:46:19,2026-02-07T22:46:19Z,2026-02-07T22:46:19Z,NA,v3,NA,NA,NA,"Caraballo, Nate",1000188954,Right,LEE_UNI,64ed2103-cc40-43c6-b8fa-e8344cf4e705,NA,NA,NA,NA,NA,NA,NA,NA,NA,NA,NA,NA,NA,NA,NA,NA,NA,NA,NA,NA,NA,NA,NA,NA,NA,NA,NA,NA,NA,NA,NA,NA,NA,NA,NA,NA,NA,NA,NA,NA,NA,NA,NA,NA,NA,NA,NA,NA,NA,NA,NA,NA,NA,NA,NA,NA,NA,NA,NA,NA,NA,NA,NA,NA,NA,NA,NA,NA,NA,NA,NA,NA,NA,NA,NA,NA,NA,NA,NA,NA,NA,NA,NA,NA,NA,NA,NA,NA,NA,NA,NA,NA,NA,NA,NA,NA,NA,NA,NA,NA,NA,NA,NA,NA,NA,NA,NA,NA,NA
NA,NA,NA,NA,NA,NA,NA,NA,NA,NA,NA,NA,NA,NA,NA,NA,194,2026-02-07,17:46:20,1,3,"Hawkins, Bryce",10001993,Right,LEE_UNI,"Westerman, Luke",1000428766,Right,TIF_UNI,Undefined,6,Top,0,0,2,Fastball,Four-Seam,BallCalled,Undefined,Undefined,Undefined,0,0,NA,89.61842,-3.029491,-4.545813,1842.361384,213.706221,01:00:00,6.03737,1.43606,5.87037,-12.52292,23.18848,14.54351,2.16828,-1.58333,80.29334,-5.501974,-1.94884,0.430105,NA,NA,NA,NA,NA,NA,NA,NA,NA,NA,NA,-8.84646,13.17749,-1.07545,50,5.7839,9.63641,-129.36216,-7.13865,-14.71896,31.54953,-10.24902,LEE_UNI,TIF_UNI,LeeUniversity,D2,Team,20260207-LeeUniversity-2,d6e59c20-0476-11f1-a4d3-8b26f3e68120,87.63535,NA,NA,9.32508,NA,NA,NA,NA,NA,NA,8c003a57-e22a-4906-b3d2-4bbc25b7dc7a,2026-02-07,22:46:20,2026-02-07T22:46:20Z,2026-02-07T22:46:20Z,NA,v3,NA,NA,NA,"Caraballo, Nate",1000188954,Right,LEE_UNI,bc4f22a8-0c32-4236-86e5-2f64da17cac4,54.62466,-130.48517,15.77477,6.03151,-6.77383,-5.12451,-1.42779,10.16033,-7.35948,NA,NA,NA,NA,NA,NA,NA,NA,NA,NA,NA,NA,NA,NA,NA,NA,NA,NA,NA,NA,NA,NA,NA,NA,NA,NA,NA,NA,NA,NA,NA,NA,NA,NA,NA,NA,NA,NA,NA,NA,NA,NA,NA,NA,NA,NA,NA,NA,NA,NA,High,High,High,NA,NA,NA,NA,NA,221.814417,6.515458,1830.462086,0.993541,01:30:00,-0.136747,-0.667485,-0.731959,-36.198477,27.626647,25.24169,-0.055394,178.702213,-0.998208,-1.295794,0.998208,-0.022614,0.055394,3.176293,-3.17548,0.022614,-0.022614,-178.702213,3.17548,0.055394,1.295794,-3.176293,-0.055394,0.022614,0.998208,-0.998208,NA,NA,NA,NA,NA,NA,NA,NA,NA,NA,NA
NA,NA,NA,NA,NA,NA,NA,NA,NA,NA,NA,NA,NA,NA,NA,NA,195,2026-02-07,17:46:36,1,4,"Hawkins, Bryce",10001993,Right,LEE_UNI,"Westerman, Luke",1000428766,Right,TIF_UNI,Undefined,6,Top,0,1,2,Slider,Curveball,BallCalled,Undefined,Undefined,Undefined,0,0,NA,77.77288,1.815377,-1.401567,2525.04172,74.048213,08:30:00,5.55329,1.84942,5.04753,-54.60834,-5.58906,-26.1149,2.71601,-1.64909,69.82985,-8.108347,-6.011974,0.503912,NA,NA,NA,NA,NA,NA,NA,NA,NA,NA,NA,12.2882,-2.77327,-1.69455,50,5.68367,3.86024,-112.50619,1.59851,15.29378,25.91892,-35.62561,LEE_UNI,TIF_UNI,LeeUniversity,D2,Team,20260207-LeeUniversity-2,e0f85860-0476-11f1-a4d3-8b26f3e68120,74.79963,NA,NA,7.94302,NA,NA,NA,NA,NA,NA,8c003a57-e22a-4906-b3d2-4bbc25b7dc7a,2026-02-07,22:46:36,2026-02-07T22:46:36Z,2026-02-07T22:46:36Z,NA,v3,NA,NA,NA,"Caraballo, Nate",1000188954,Right,LEE_UNI,96aa02a4-f07f-4119-a145-ade6e5467e4d,55.45095,-113.75504,12.95946,5.56529,3.31505,-17.81281,-1.8628,3.12334,7.64689,NA,NA,NA,NA,NA,NA,NA,NA,NA,NA,NA,NA,NA,NA,NA,NA,NA,NA,NA,NA,NA,NA,NA,NA,NA,NA,NA,NA,NA,NA,NA,NA,NA,NA,NA,NA,NA,NA,NA,NA,NA,NA,NA,NA,NA,NA,NA,NA,NA,NA,High,High,High,NA,NA,NA,NA,NA,43.896086,45.00456,1785.332007,0.70705,07:30:00,-0.678609,0.512391,0.526255,31.481781,55.537377,66.058274,-0.944818,97.539869,-0.042986,-18.951281,0.042986,-0.324764,0.944818,87.395037,-70.877041,0.324764,-0.324764,-97.539869,70.877041,0.944818,18.951281,-87.395037,-0.944818,0.324764,0.042986,-0.042986,NA,NA,NA,NA,NA,NA,NA,NA,NA,NA,NA
NA,NA,NA,NA,NA,NA,NA,NA,NA,NA,NA,NA,NA,NA,NA,NA,196,2026-02-07,17:46:55,1,5,"Hawkins, Bryce",10001993,Right,LEE_UNI,"Westerman, Luke",1000428766,Right,TIF_UNI,Undefined,6,Top,0,2,2,Fastball,Four-Seam,FoulBallNotFieldable,Undefined,Undefined,Undefined,0,0,NA,93.98751,-1.675337,-3.405296,2062.29887,218.411307,01:15:00,6.11393,1.3703,5.67759,-13.16934,19.17655,14.28355,3.45148,-0.61768,84.72531,-4.22468,-0.857907,0.409337,78.71353,28.356499,152.795001,3648.329291,NA,NA,NA,NA,40.80551,NA,NA,-8.18804,10.52052,-1.09147,50,5.96416,7.40632,-136.02852,-4.34545,-15.17363,32.89341,-12.67797,LEE_UNI,TIF_UNI,LeeUniversity,D2,Team,20260207-LeeUniversity-2,ebf04480-0476-11f1-a4d3-8b26f3e68120,92.08172,22.46252,NA,9.26219,NA,NA,NA,0.13217,3.18326,0.51809,8c003a57-e22a-4906-b3d2-4bbc25b7dc7a,2026-02-07,22:46:55,2026-02-07T22:46:55Z,2026-02-07T22:46:55Z,NA,v3,NA,NA,NA,"Caraballo, Nate",1000188954,Right,LEE_UNI,34f1a83c-dbb5-4cdb-970a-94b7d21bc33b,54.81762,-137.18853,16.4467,6.10952,-3.89835,-6.33899,-1.3621,7.94143,-7.58681,280.171656,0.13017,-90.29618,8.31609,NA,NA,NA,NA,NA,NA,3.19302,54.52702,-22.44107,NA,NA,NA,NA,NA,NA,0.53852,45.80402,-17.16699,NA,NA,NA,NA,NA,NA,NA,NA,NA,NA,NA,NA,NA,NA,NA,NA,NA,NA,NA,NA,NA,NA,NA,NA,NA,NA,NA,NA,High,High,High,Medium,Undefined,NA,NA,NA,215.867663,9.080541,2036.453033,0.987467,01:15:00,-0.188123,-0.582939,-0.790438,-35.520818,-28.747372,-44.980953,-0.036872,172.220341,-0.990122,-7.774335,0.990122,-0.135272,0.036872,2.132726,-2.113114,0.135272,-0.135272,-172.220341,2.113114,0.036872,7.774335,-2.132726,-0.036872,0.135272,0.990122,-0.990122,NA,NA,NA,NA,NA,NA,NA,NA,NA,NA,NA
NA,NA,NA,NA,NA,NA,NA,NA,NA,NA,NA,NA,NA,NA,NA,NA,197,2026-02-07,17:47:13,1,6,"Hawkins, Bryce",10001993,Right,LEE_UNI,"Westerman, Luke",1000428766,Right,TIF_UNI,Undefined,6,Top,0,2,2,Fastball,Sinker,BallCalled,Undefined,Undefined,Undefined,0,0,NA,92.61576,-2.537555,-5.707477,1916.687992,244.551106,02:15:00,5.56191,2.22231,5.79213,-23.35186,10.03166,18.53367,1.24209,-1.56015,83.67909,-6.898641,-2.407652,0.415851,NA,NA,NA,NA,NA,NA,NA,NA,NA,NA,NA,-11.13997,6.25906,-1.76195,50,5.3381,12.50777,-133.62578,-6.76252,-19.9198,31.75978,-20.98196,LEE_UNI,TIF_UNI,LeeUniversity,D2,Team,20260207-LeeUniversity-2,f6f06e00-0476-11f1-a4d3-8b26f3e68120,90.63935,NA,NA,8.93667,NA,NA,NA,NA,NA,NA,8c003a57-e22a-4906-b3d2-4bbc25b7dc7a,2026-02-07,22:47:13,2026-02-07T22:47:13Z,2026-02-07T22:47:13Z,NA,v3,NA,NA,NA,"Caraballo, Nate",1000188954,Right,LEE_UNI,a8468e4a-ebeb-469c-ba8c-370ca421a242,54.70562,-134.73955,15.87989,5.56235,-6.02671,-10.49098,-2.21282,13.20633,-9.9599,NA,NA,NA,NA,NA,NA,NA,NA,NA,NA,NA,NA,NA,NA,NA,NA,NA,NA,NA,NA,NA,NA,NA,NA,NA,NA,NA,NA,NA,NA,NA,NA,NA,NA,NA,NA,NA,NA,NA,NA,NA,NA,NA,NA,NA,NA,NA,NA,NA,NA,High,High,High,NA,NA,NA,NA,NA,234.928062,8.594682,1895.164078,0.98877,01:45:00,-0.169409,-0.815063,-0.554051,-38.952645,35.722259,27.877331,0.02084,173.825282,-0.993983,6.173372,0.993983,-0.107537,-0.02084,1.201074,1.194108,0.107537,0.107537,-173.825282,-1.194108,0.02084,-6.173372,-1.201074,-0.02084,-0.107537,0.993983,-0.993983,NA,NA,NA,NA,NA,NA,NA,NA,NA,NA,NA
NA,NA,NA,NA,NA,NA,NA,NA,NA,NA,NA,NA,NA,NA,NA,NA,198,2026-02-07,17:47:30,1,7,"Hawkins, Bryce",10001993,Right,LEE_UNI,"Westerman, Luke",1000428766,Right,TIF_UNI,Undefined,6,Top,0,3,2,Fastball,Sinker,StrikeSwinging,Strikeout,Undefined,Undefined,0,0,NA,91.74571,-0.996883,-3.833555,1837.970318,231.104576,01:45:00,5.98044,1.35591,5.71101,-19.43123,14.45977,16.42682,3.43024,-0.85206,82.79408,-4.672013,-0.903196,0.419,NA,NA,NA,NA,NA,NA,NA,NA,NA,NA,NA,-9.46634,7.99229,-1.04459,50,5.88494,8.14597,-132.80479,-2.94724,-16.72195,31.33687,-18.05596,LEE_UNI,TIF_UNI,LeeUniversity,D2,Team,20260207-LeeUniversity-2,00a552d0-0477-11f1-a4d3-8b26f3e68120,89.95816,NA,NA,8.95163,NA,NA,NA,NA,NA,NA,8c003a57-e22a-4906-b3d2-4bbc25b7dc7a,2026-02-07,22:47:30,2026-02-07T22:47:30Z,2026-02-07T22:47:30Z,NA,v3,NA,NA,NA,"Caraballo, Nate",1000188954,Right,LEE_UNI,1fba1683-1760-49a9-a18a-91efc74ab7d7,54.78605,-133.92935,15.66844,5.97908,-2.29928,-9.02798,-1.34768,8.74606,-8.36097,NA,NA,NA,NA,NA,NA,NA,NA,NA,NA,NA,NA,NA,NA,NA,NA,NA,NA,NA,NA,NA,NA,NA,NA,NA,NA,NA,NA,NA,NA,NA,NA,NA,NA,NA,NA,NA,NA,NA,NA,NA,NA,NA,NA,NA,NA,NA,NA,NA,NA,High,High,High,NA,NA,NA,NA,NA,226.517464,6.4289,1826.412368,0.993712,01:30:00,-0.144905,-0.72286,-0.67563,-36.906422,16.908421,19.718695,0.050577,170.368697,-0.984643,9.618859,0.984643,-0.167093,-0.050577,2.940438,2.899063,0.167093,0.167093,-170.368697,-2.899063,0.050577,-9.618859,-2.940438,-0.050577,-0.167093,0.984643,-0.984643,NA,NA,NA,NA,NA,NA,NA,NA,NA,NA,NA
NA,NA,NA,NA,NA,NA,NA,NA,NA,NA,NA,NA,NA,NA,NA,NA,199,2026-02-07,17:47:53,2,1,"Hawkins, Bryce",10001993,Right,LEE_UNI,"Marceric, Gavin",1000428756,Right,TIF_UNI,Undefined,6,Top,1,0,0,Slider,Curveball,BallCalled,Undefined,Undefined,Undefined,0,0,NA,79.3061,1.358038,-2.360302,2527.468132,55.607014,07:45:00,5.47813,1.94151,5.25008,-58.95283,-12.04772,-20.24359,1.84286,-1.96467,71.26106,-9.338055,-5.948236,0.492926,NA,NA,NA,NA,NA,NA,NA,NA,NA,NA,NA,9.12095,-5.8474,-1.70972,50,5.56006,5.58543,-114.72144,0.56825,11.77224,27.4525,-39.72117,LEE_UNI,TIF_UNI,LeeUniversity,D2,Team,20260207-LeeUniversity-2,0e60f2d0-0477-11f1-a4d3-8b26f3e68120,76.46679,NA,NA,8.04504,NA,NA,NA,NA,NA,NA,8c003a57-e22a-4906-b3d2-4bbc25b7dc7a,2026-02-07,22:47:53,2026-02-07T22:47:53Z,2026-02-07T22:47:53Z,NA,v3,NA,NA,NA,"Caraballo, Nate",1000188954,Right,LEE_UNI,e3979c11-32b9-4bab-8708-216556a9b937,55.24888,-115.97068,13.72625,5.49307,2.37578,-19.86058,-1.9517,5.04973,5.88612,NA,NA,NA,NA,NA,NA,NA,NA,NA,NA,NA,NA,NA,NA,NA,NA,NA,NA,NA,NA,NA,NA,NA,NA,NA,NA,NA,NA,NA,NA,NA,NA,NA,NA,NA,NA,NA,NA,NA,NA,NA,NA,NA,NA,NA,NA,NA,NA,NA,NA,High,High,High,NA,NA,NA,NA,NA,43.322523,52.498237,1538.686795,0.608786,07:30:00,-0.764308,0.436375,0.474773,98.684534,12.60442,-34.205128,-0.959998,95.474219,-0.026712,-16.184483,0.026712,-0.278731,0.959998,88.406142,-73.739313,0.278731,-0.278731,-95.474219,73.739313,0.959998,16.184483,-88.406142,-0.959998,0.278731,0.026712,-0.026712,NA,NA,NA,NA,NA,NA,NA,NA,NA,NA,NA
NA,NA,NA,NA,NA,NA,NA,NA,NA,NA,NA,NA,NA,NA,NA,NA,200,2026-02-07,17:48:07,2,2,"Hawkins, Bryce",10001993,Right,LEE_UNI,"Marceric, Gavin",1000428756,Right,TIF_UNI,Undefined,6,Top,1,1,0,Fastball,Sinker,InPlay,Undefined,GroundBall,Out,1,0,NA,93.61122,-2.049215,-2.875157,2048.486219,231.408604,01:45:00,5.92852,1.48951,5.6755,-19.76556,12.86292,14.64253,2.36774,0.02705,84.49587,-5.768516,-0.260089,0.411121,96.40911,-5.639588,0.853222,NA,NA,NA,NA,23.67604,22.51077,0.249515,0.167241,-8.35756,7.52126,-1.25633,50,5.74324,6.13776,-135.55995,-5.5322,-15.3415,33.37356,-18.3677,LEE_UNI,TIF_UNI,LeeUniversity,D2,Team,20260207-LeeUniversity-2,16fb8e00-0477-11f1-a4d3-8b26f3e68120,91.68207,2.5994,NA,9.11535,NA,NA,NA,0.60961,2.5994,-0.01562,8c003a57-e22a-4906-b3d2-4bbc25b7dc7a,2026-02-07,22:48:07,2026-02-07T22:48:07Z,2026-02-07T22:48:07Z,GroundBall,v3,NA,NA,NA,"Caraballo, Nate",1000188954,Right,LEE_UNI,88381dc1-ef42-4fe6-88f2-d8a4824a326d,54.82282,-136.74212,16.68678,5.92769,-4.88157,-9.18385,-1.48336,6.68119,-7.67075,118.517378,0.61012,140.65902,-16.40433,NA,NA,NA,NA,NA,NA,2.59941,-13.89595,-9.84783,NA,NA,NA,NA,NA,NA,-0.01522,2.06425,-8.12617,NA,NA,NA,NA,NA,NA,NA,NA,NA,NA,NA,NA,NA,NA,NA,NA,NA,NA,NA,NA,NA,NA,NA,NA,NA,NA,NA,NA,High,High,High,High,High,NA,NA,NA,221.141185,8.1630490000000009,2027.730973,0.989868,01:15:00,-0.155855,-0.655912,-0.738572,-30.016911,19.991213,22.486671,0.057958,173.188236,-0.991272,6.80026,0.991272,-0.118408,-0.057958,3.346187,3.32262,0.118408,0.118408,-173.188236,-3.32262,0.057958,-6.80026,-3.346187,-0.057958,-0.118408,0.991272,-0.991272,NA,NA,NA,NA,NA,NA,NA,NA,NA,NA,NA
NA,NA,NA,NA,NA,NA,NA,NA,NA,NA,NA,NA,NA,NA,NA,NA,201,2026-02-07,17:49:02,3,1,"Hawkins, Bryce",10001993,Right,LEE_UNI,"Thompson, Weston",1000275280,Right,TIF_UNI,Undefined,6,Top,2,0,0,Fastball,Four-Seam,BallCalled,Undefined,Undefined,Undefined,0,0,NA,92.3279,-1.1399,-3.4280910000000002,1999.387734,218.340248,01:15:00,6.02334,1.44937,5.71431,-17.0143,16.34769,12.01166,3.54152,-0.74706,83.52297,-4.375812,-1.284602,0.415717,NA,NA,NA,NA,NA,NA,NA,NA,NA,NA,NA,-7.08835,8.96997,-1.16957,50,5.91741,7.45647,-133.71637,-3.19503,-12.72658,31.08146,-16.06917,LEE_UNI,TIF_UNI,LeeUniversity,D2,Team,20260207-LeeUniversity-2,37b2a570-0477-11f1-a4d3-8b26f3e68120,90.66861,NA,NA,8.80493,NA,NA,NA,NA,NA,NA,8c003a57-e22a-4906-b3d2-4bbc25b7dc7a,2026-02-07,22:49:02,2026-02-07T22:49:02Z,2026-02-07T22:49:02Z,NA,v3,NA,NA,NA,"Caraballo, Nate",1000188954,Right,LEE_UNI,d6c41320-b9fc-48fb-8e94-4c756e386be2,54.78232,-134.8234,15.54073,6.02101,-2.62269,-8.03458,-1.44322,7.90975,-6.36329,NA,NA,NA,NA,NA,NA,NA,NA,NA,NA,NA,NA,NA,NA,NA,NA,NA,NA,NA,NA,NA,NA,NA,NA,NA,NA,NA,NA,NA,NA,NA,NA,NA,NA,NA,NA,NA,NA,NA,NA,NA,NA,NA,NA,NA,NA,NA,NA,NA,NA,High,High,High,NA,NA,NA,NA,NA,221.391241,9.192491,1973.710015,0.987157,01:30:00,-0.190756,-0.655754,-0.730478,-13.94387,49.818061,54.945794,0.018554,171.885926,-0.989819,8.112668,0.989819,-0.14112,-0.018554,1.073888,1.06314,0.14112,0.14112,-171.885926,-1.06314,0.018554,-8.112668,-1.073888,-0.018554,-0.14112,0.989819,-0.989819,NA,NA,NA,NA,NA,NA,NA,NA,NA,NA,NA
NA,NA,NA,NA,NA,NA,NA,NA,NA,NA,NA,NA,NA,NA,NA,NA,202,2026-02-07,17:49:16,3,2,"Hawkins, Bryce",10001993,Right,LEE_UNI,"Thompson, Weston",1000275280,Right,TIF_UNI,Undefined,6,Top,2,1,0,Slider,Curveball,BallCalled,Undefined,Undefined,Undefined,0,0,NA,79.17501,0.20512,-2.365358,2457.489517,59.879718,08:00:00,5.56245,1.95019,5.14438,-59.24913,-11.99788,-23.8032,0.81832,-2.26176,71.42689,-10.48329,-6.580682,0.494741,NA,NA,NA,NA,NA,NA,NA,NA,NA,NA,NA,10.85288,-5.38882,-1.71011,50,5.53689,5.74112,-114.55124,-1.77233,13.95387,27.53716,-39.10261,LEE_UNI,TIF_UNI,LeeUniversity,D2,Team,20260207-LeeUniversity-2,3fd09690-0477-11f1-a4d3-8b26f3e68120,76.18616,NA,NA,7.74813,NA,NA,NA,NA,NA,NA,8c003a57-e22a-4906-b3d2-4bbc25b7dc7a,2026-02-07,22:49:16,2026-02-07T22:49:16Z,2026-02-07T22:49:16Z,NA,v3,NA,NA,NA,"Caraballo, Nate",1000188954,Right,LEE_UNI,5d641e68-0231-4063-ab80-20e0302917f4,55.35539,-115.83148,13.76858,5.57703,0.0456,-19.55131,-1.96195,5.09238,6.97694,NA,NA,NA,NA,NA,NA,NA,NA,NA,NA,NA,NA,NA,NA,NA,NA,NA,NA,NA,NA,NA,NA,NA,NA,NA,NA,NA,NA,NA,NA,NA,NA,NA,NA,NA,NA,NA,NA,NA,NA,NA,NA,NA,NA,NA,NA,NA,NA,NA,NA,High,High,High,NA,NA,NA,NA,NA,40.382679,45.646437,1717.991726,0.699084,07:15:00,-0.690828,0.455486,0.561506,25.159946,60.422016,68.283171,-0.405772,92.37882,-0.037936,-65.949522,0.037936,-0.913187,0.405772,84.658928,-23.939506,0.913187,-0.913187,-92.37882,23.939506,0.405772,65.949522,-84.658928,-0.405772,0.913187,0.037936,-0.037936,NA,NA,NA,NA,NA,NA,NA,NA,NA,NA,NA
NA,NA,NA,NA,NA,NA,NA,NA,NA,NA,NA,NA,NA,NA,NA,NA,203,2026-02-07,17:49:35,3,3,"Hawkins, Bryce",10001993,Right,LEE_UNI,"Thompson, Weston",1000275280,Right,TIF_UNI,Undefined,6,Top,2,2,0,Slider,Curveball,BallCalled,Undefined,Undefined,Undefined,0,0,NA,76.61411,1.361014,-0.464528,2427.731052,60.681028,08:00:00,5.47408,2.17763,5.22505,-58.81377,-9.22028,-19.55296,1.85275,0.11149,69.56768,-9.308521,-3.937237,0.50685500000000006,NA,NA,NA,NA,NA,NA,NA,NA,NA,NA,NA,9.54394,-4.4574,-2.11984,50,5.55594,1.68859,-111.06846,0.58122,11.70053,23.33941,-37.6387,LEE_UNI,TIF_UNI,LeeUniversity,D2,Team,20260207-LeeUniversity-2,4b6fe640-0477-11f1-a4d3-8b26f3e68120,74.36533,NA,NA,7.04642,NA,NA,NA,NA,NA,NA,8c003a57-e22a-4906-b3d2-4bbc25b7dc7a,2026-02-07,22:49:35,2026-02-07T22:49:35Z,2026-02-07T22:49:35Z,NA,v3,NA,NA,NA,"Caraballo, Nate",1000188954,Right,LEE_UNI,136b8a23-beb4-4723-a1d8-ac72ec09676d,55.2759,-112.17164,11.66971,5.48643,2.36027,-18.81935,-2.18658,1.13554,5.85027,NA,NA,NA,NA,NA,NA,NA,NA,NA,NA,NA,NA,NA,NA,NA,NA,NA,NA,NA,NA,NA,NA,NA,NA,NA,NA,NA,NA,NA,NA,NA,NA,NA,NA,NA,NA,NA,NA,NA,NA,NA,NA,NA,NA,NA,NA,NA,NA,NA,NA,High,High,High,NA,NA,NA,NA,NA,44.91744,50.442713,1546.099082,0.636849,07:30:00,-0.756409,0.467857,0.457117,100.350627,13.717988,-27.528063,-0.21764,96.240992,-0.106105,-75.987899,0.106105,-0.970245,0.21764,64.009663,-12.570459,0.970245,-0.970245,-96.240992,12.570459,0.21764,75.987899,-64.009663,-0.21764,0.970245,0.106105,-0.106105,NA,NA,NA,NA,NA,NA,NA,NA,NA,NA,NA
NA,NA,NA,NA,NA,NA,NA,NA,NA,NA,NA,NA,NA,NA,NA,NA,204,2026-02-07,17:49:51,3,4,"Hawkins, Bryce",10001993,Right,LEE_UNI,"Thompson, Weston",1000275280,Right,TIF_UNI,Undefined,6,Top,2,3,0,Fastball,Sinker,FoulBallNotFieldable,Undefined,Undefined,Undefined,0,0,NA,93.75243,-1.12929,-3.218659,2075.626846,226.341412,01:30:00,5.94372,1.52913,5.63757,-17.9908,14.65725,14.10225,3.38914,-0.30163,84.27975,-4.54304,-0.704173,0.411244,71.90367,52.860394,137.053515,5079.342153,NA,NA,NA,NA,36.23198,NA,NA,-8.18808,8.13524,-1.26453,50,5.83643,6.97777,-135.72749,-3.27493,-15.03268,34.08884,-17.23832,LEE_UNI,TIF_UNI,LeeUniversity,D2,Team,20260207-LeeUniversity-2,54a0a6f0-0477-11f1-a4d3-8b26f3e68120,91.6546,43.61897,NA,9.47269,NA,NA,NA,0.73376,3.4236,0.32407,8c003a57-e22a-4906-b3d2-4bbc25b7dc7a,2026-02-07,22:49:51,2026-02-07T22:49:51Z,2026-02-07T22:49:51Z,NA,v3,NA,NA,NA,"Caraballo, Nate",1000188954,Right,LEE_UNI,e4c3f396-45a3-4a94-8b58-7e2b1060f2c8,54.85996,-136.94266,17.04442,5.94222,-2.66044,-8.61916,-1.52282,7.51364,-7.51634,326.005674,0.73376,-46.60697,-2.43427,2.63568,-0.94724,0.27645,-0.07316,0.01723,-0.00244,3.4236,84.06804,-31.64231,4.44627,-0.87331,0.14946,-0.0275,0.00572,-0.00115,0.32407,43.38039,-11.19245,3.11098,-0.7321,0.15545,-0.03435,0.00717,-0.00115,NA,NA,NA,NA,NA,NA,NA,NA,NA,NA,NA,NA,NA,NA,NA,NA,NA,NA,NA,NA,NA,NA,High,High,High,High,Undefined,NA,NA,NA,220.947066,11.775365,2031.945744,0.978955,01:15:00,-0.232605,-0.645467,-0.727508,-32.943672,35.658843,28.603175,0.102384,179.60922,-0.994722,0.388727,0.994722,-0.006785,-0.102384,5.876576,5.87644,0.006785,0.006785,-179.60922,-5.87644,0.102384,-0.388727,-5.876576,-0.102384,-0.006785,0.994722,-0.994722,NA,NA,NA,NA,NA,NA,NA,NA,NA,NA,NA
NA,NA,NA,NA,NA,NA,NA,NA,NA,NA,NA,NA,NA,NA,NA,NA,205,2026-02-07,17:50:13,3,5,"Hawkins, Bryce",10001993,Right,LEE_UNI,"Thompson, Weston",1000275280,Right,TIF_UNI,Undefined,6,Top,2,3,1,Fastball,Four-Seam,StrikeCalled,Undefined,Undefined,Undefined,0,0,NA,94.16474,-2.795129,-4.382817,1951.457037,200.96326,12:45:00,5.98197,1.4137,5.60873,-12.79379,20.1106,7.19264,2.29701,-2.08599,83.79034,-5.294985,-3.105051,0.412856,NA,NA,NA,NA,NA,NA,NA,NA,NA,NA,NA,-5.14685,11.48343,-1.04283,50,5.7342,10.05816,-135.78173,-6.98302,-9.36172,36.85164,-11.28663,LEE_UNI,TIF_UNI,LeeUniversity,D2,Team,20260207-LeeUniversity-2,620e4e00-0477-11f1-a4d3-8b26f3e68120,91.29688,NA,NA,10.3744,NA,NA,NA,NA,NA,NA,8c003a57-e22a-4906-b3d2-4bbc25b7dc7a,2026-02-07,22:50:13,2026-02-07T22:50:13Z,2026-02-07T22:50:13Z,NA,v3,NA,NA,NA,"Caraballo, Nate",1000188954,Right,LEE_UNI,e4ade394-fe47-4b37-a47b-a7891ec5fe33,54.88428,-137.10093,18.42582,5.97694,-6.57899,-5.64332,-1.40888,10.39329,-4.68086,NA,NA,NA,NA,NA,NA,NA,NA,NA,NA,NA,NA,NA,NA,NA,NA,NA,NA,NA,NA,NA,NA,NA,NA,NA,NA,NA,NA,NA,NA,NA,NA,NA,NA,NA,NA,NA,NA,NA,NA,NA,NA,NA,NA,NA,NA,NA,NA,NA,NA,High,High,High,NA,NA,NA,NA,NA,219.607562,16.509714,1871.001523,0.958772,01:15:00,-0.309739,-0.624372,-0.717092,-29.592673,42.897865,16.951555,-0.020765,172.075617,-0.990237,-7.922663,0.990237,-0.137836,0.020765,1.201306,-1.189838,0.137836,-0.137836,-172.075617,1.189838,0.020765,7.922663,-1.201306,-0.020765,0.137836,0.990237,-0.990237,NA,NA,NA,NA,NA,NA,NA,NA,NA,NA,NA
NA,NA,NA,NA,NA,NA,NA,NA,NA,NA,NA,NA,NA,NA,NA,NA,206,2026-02-07,17:50:37,3,6,"Hawkins, Bryce",10001993,Right,LEE_UNI,"Thompson, Weston",1000275280,Right,TIF_UNI,Undefined,6,Top,2,3,2,Slider,Curveball,FoulBallNotFieldable,Undefined,Undefined,Undefined,0,0,NA,79.87954,1.804068,-0.639128,2568.161362,72.906542,08:30:00,5.62053,2.10805,5.19089,-52.57042,-5.70327,-25.10675,2.93747,-0.58545,70.58391,-7.824586,-5.087675,0.492726,58.96475,37.519358,162.685303,4250.022532,NA,NA,NA,NA,37.03456,NA,NA,12.26879,-3.05559,-2.02863,50,5.74852,2.34452,-115.43293,1.7535,15.82031,30.33885,-36.11415,LEE_UNI,TIF_UNI,LeeUniversity,D2,Team,20260207-LeeUniversity-2,70180e00-0477-11f1-a4d3-8b26f3e68120,76.49775,24.94188,NA,9.29563,NA,NA,NA,2.05615,3.02252,0.52411,8c003a57-e22a-4906-b3d2-4bbc25b7dc7a,2026-02-07,22:50:37,2026-02-07T22:50:37Z,2026-02-07T22:50:37Z,NA,v3,NA,NA,NA,"Caraballo, Nate",1000188954,Right,LEE_UNI,a6624cd1-075f-4301-b5f6-c787cd3c1c03,55.30674,-116.81936,15.16942,5.63068,3.40385,-18.05708,-2.11926,1.62156,7.91015,348.395209,2.05615,-65.48427,3.72841,0.89701,-0.32983,0.11276,-0.02502,0.00552,-9.1e-4,3.02252,52.66977,-28.24059,3.58185,-0.7387,0.13961,-0.02385,0.00602,-0.00114,0.52411,20.41451,-3.03761,0.1981,-0.00942,-0.01144,0.00234,-1e-5,-1.4e-4,NA,NA,NA,NA,NA,NA,NA,NA,NA,NA,NA,NA,NA,NA,NA,NA,NA,NA,NA,NA,NA,NA,High,High,High,High,Undefined,NA,NA,NA,43.001998,47.167303,1745.989945,0.67986,07:30:00,-0.71279,0.486538,0.505184,82.187187,8.331723,-35.190591,-0.927092,99.845634,-0.064094,-21.673204,0.064094,-0.369312,0.927092,86.045167,-67.986026,0.369312,-0.369312,-99.845634,67.986026,0.927092,21.673204,-86.045167,-0.927092,0.369312,0.064094,-0.064094,NA,NA,NA,NA,NA,NA,NA,NA,NA,NA,NA
NA,NA,NA,NA,NA,NA,NA,NA,NA,NA,NA,NA,NA,NA,NA,NA,207,2026-02-07,17:51:01,3,7,"Hawkins, Bryce",10001993,Right,LEE_UNI,"Thompson, Weston",1000275280,Right,TIF_UNI,Undefined,6,Top,2,3,2,Fastball,Four-Seam,BallCalled,Walk,Undefined,Undefined,0,0,NA,93.71552,0.29497,-1.649425,1975.097023,212.443582,01:00:00,6.12534,1.32504,5.38921,-16.00273,17.06969,10.0576,5.06836,0.61679,83.74577,-2.769454,0.1378,0.413909,NA,NA,NA,NA,NA,NA,NA,NA,NA,NA,NA,-5.50918,8.76693,-1.18458,50,6.14086,3.40202,-135.6442,0.19288,-10.0652,35.0384,-16.15702,LEE_UNI,TIF_UNI,LeeUniversity,D2,Team,20260207-LeeUniversity-2,7ecdc570-0477-11f1-a4d3-8b26f3e68120,91.06464,NA,NA,9.96976,NA,NA,NA,NA,NA,NA,8c003a57-e22a-4906-b3d2-4bbc25b7dc7a,2026-02-07,22:51:01,2026-02-07T22:51:01Z,2026-02-07T22:51:01Z,NA,v3,NA,NA,NA,"Caraballo, Nate",1000188954,Right,LEE_UNI,ad6f1048-6601-4886-8162-b82e8eafa32d,55.10329,-136.95609,17.5192,6.12231,0.79782,-8.07851,-1.31901,3.77888,-5.0326,NA,NA,NA,NA,NA,NA,NA,NA,NA,NA,NA,NA,NA,NA,NA,NA,NA,NA,NA,NA,NA,NA,NA,NA,NA,NA,NA,NA,NA,NA,NA,NA,NA,NA,NA,NA,NA,NA,NA,NA,NA,NA,NA,NA,NA,NA,NA,NA,NA,NA,High,High,High,NA,NA,NA,NA,NA,210.689884,13.928361,1917.024141,0.970597,01:00:00,-0.26718,-0.494139,-0.82731,-13.457968,37.031012,22.888351,-0.126711,171.379622,-0.980734,-8.550372,0.980734,-0.148679,0.126711,7.361852,-7.279583,0.148679,-0.148679,-171.379622,7.279583,0.126711,8.550372,-7.361852,-0.126711,0.148679,0.980734,-0.980734,NA,NA,NA,NA,NA,NA,NA,NA,NA,NA,NA
NA,NA,NA,NA,NA,NA,NA,NA,NA,NA,NA,NA,NA,NA,NA,NA,208,2026-02-07,17:51:37,4,1,"Hawkins, Bryce",10001993,Right,LEE_UNI,"Deitschel, Adam",1000242344,Left,TIF_UNI,Undefined,6,Top,2,0,0,Fastball,Four-Seam,BallCalled,Undefined,Undefined,Undefined,0,0,NA,92.04676,-3.995429,-4.969153,2051.072286,211.872238,01:00:00,6.15911,1.15836,5.67043,-12.18741,21.9145,12.81981,1.3982,-2.41801,82.78874,-6.375888,-2.691176,0.420301,NA,NA,NA,NA,NA,NA,NA,NA,NA,NA,NA,-8.00658,12.69926,-0.74568,50,5.81244,10.93381,-132.64836,-9.59504,-14.06484,32.1006,-9.86577,LEE_UNI,TIF_UNI,LeeUniversity,D2,Team,20260207-LeeUniversity-2,940bb2d0-0477-11f1-a4d3-8b26f3e68120,89.67955,NA,NA,9.25801,NA,NA,NA,NA,NA,NA,8c003a57-e22a-4906-b3d2-4bbc25b7dc7a,2026-02-07,22:51:37,2026-02-07T22:51:37Z,2026-02-07T22:51:37Z,NA,v3,NA,NA,NA,"Caraballo, Nate",1000188954,Right,LEE_UNI,cb9c7082-7024-4567-99d6-e58be922e9e7,54.8248,-133.81086,16.0503,6.15345,-9.23775,-4.93289,-1.15086,11.44315,-7.03242,NA,NA,NA,NA,NA,NA,NA,NA,NA,NA,NA,NA,NA,NA,NA,NA,NA,NA,NA,NA,NA,NA,NA,NA,NA,NA,NA,NA,NA,NA,NA,NA,NA,NA,NA,NA,NA,NA,NA,NA,NA,NA,NA,NA,NA,NA,NA,NA,NA,NA,High,High,High,NA,NA,NA,NA,NA,210.725573,15.941472,1972.193703,0.961543,01:00:00,-0.310453,-0.509221,-0.802691,-7.609624,33.507798,46.95335,-0.011999,177.49083,-0.998969,-2.508989,0.998969,-0.043776,0.011999,0.688148,-0.687488,0.043776,-0.043776,-177.49083,0.687488,0.011999,2.508989,-0.688148,-0.011999,0.043776,0.998969,-0.998969,NA,NA,NA,NA,NA,NA,NA,NA,NA,NA,NA
NA,NA,NA,NA,NA,NA,NA,NA,NA,NA,NA,NA,NA,NA,NA,NA,209,2026-02-07,17:52:02,4,2,"Hawkins, Bryce",10001993,Right,LEE_UNI,"Deitschel, Adam",1000242344,Left,TIF_UNI,Undefined,6,Top,2,1,0,Fastball,Sinker,BallCalled,Undefined,Undefined,Undefined,0,0,NA,92.67679,-0.470282,-2.820951,1996.213043,230.275056,01:45:00,6.13191,1.49069,5.44551,-18.71198,14.79143,16.36769,4.13171,0.21132,83.55825,-4.002145,0.088668,0.416597,NA,NA,NA,NA,NA,NA,NA,NA,NA,NA,NA,-9.02642,7.9126,-1.25256,50,6.07778,5.82729,-134.22517,-1.73823,-16.28079,32.12452,-17.90218,LEE_UNI,TIF_UNI,LeeUniversity,D2,Team,20260207-LeeUniversity-2,a28c5080-0477-11f1-a4d3-8b26f3e68120,90.477,NA,NA,9.11854,NA,NA,NA,NA,NA,NA,8c003a57-e22a-4906-b3d2-4bbc25b7dc7a,2026-02-07,22:52:02,2026-02-07T22:52:02Z,2026-02-07T22:52:02Z,NA,v3,NA,NA,NA,"Caraballo, Nate",1000188954,Right,LEE_UNI,f31cc0dd-23e3-4679-a15e-ccc5e0b1b8da,55.05084,-135.42861,16.06226,6.13033,-1.06759,-8.95109,-1.48229,6.43719,-8.1404,NA,NA,NA,NA,NA,NA,NA,NA,NA,NA,NA,NA,NA,NA,NA,NA,NA,NA,NA,NA,NA,NA,NA,NA,NA,NA,NA,NA,NA,NA,NA,NA,NA,NA,NA,NA,NA,NA,NA,NA,NA,NA,NA,NA,NA,NA,NA,NA,NA,NA,High,High,High,NA,NA,NA,NA,NA,220.948215,9.405701,1969.375768,0.986556,01:15:00,-0.194593,-0.647885,-0.736463,-35.64212,-29.793459,-33.475343,0.097255,168.618285,-0.975687,11.327044,0.975687,-0.196409,-0.097255,5.69237,5.581139,0.196409,0.196409,-168.618285,-5.581139,0.097255,-11.327044,-5.69237,-0.097255,-0.196409,0.975687,-0.975687,NA,NA,NA,NA,NA,NA,NA,NA,NA,NA,NA
NA,NA,NA,NA,NA,NA,NA,NA,NA,NA,NA,NA,NA,NA,NA,NA,210,2026-02-07,17:52:20,4,3,"Hawkins, Bryce",10001993,Right,LEE_UNI,"Deitschel, Adam",1000242344,Left,TIF_UNI,Undefined,6,Top,2,2,0,Fastball,Four-Seam,FoulBallNotFieldable,Undefined,Undefined,Undefined,0,0,NA,91.84667,-2.82671,-3.182426,1928.227084,217.767804,01:15:00,5.98174,1.42251,5.67517,-16.23194,17.96532,12.89245,1.9876,-0.47308,82.29751,-5.937826,-0.881827,0.420888,NA,NA,NA,NA,NA,NA,NA,NA,NA,NA,NA,-7.48465,10.37973,-1.1615,50,5.73274,6.76611,-132.7161,-7.03678,-13.09219,33.50474,-14.01778,LEE_UNI,TIF_UNI,LeeUniversity,D2,Team,20260207-LeeUniversity-2,adaecf10-0477-11f1-a4d3-8b26f3e68120,89.55445,NA,NA,9.54916,NA,NA,NA,NA,NA,NA,8c003a57-e22a-4906-b3d2-4bbc25b7dc7a,2026-02-07,22:52:20,2026-02-07T22:52:20Z,2026-02-07T22:52:20Z,NA,v3,NA,NA,NA,"Caraballo, Nate",1000188954,Right,LEE_UNI,a0c44944-2240-4a6d-995e-fd9f35e04b1d,54.81791,-133.92688,16.75237,5.97787,-6.53021,-7.00889,-1.41456,7.23923,-6.5461,NA,NA,NA,NA,NA,NA,NA,NA,NA,NA,NA,NA,NA,NA,NA,NA,NA,NA,NA,NA,NA,NA,NA,NA,NA,NA,NA,NA,NA,NA,NA,NA,NA,NA,NA,NA,NA,NA,NA,NA,NA,NA,NA,NA,NA,NA,NA,NA,NA,NA,High,High,High,NA,NA,NA,NA,NA,221.033074,10.240236,1897.512371,0.984071,01:15:00,-0.186685,-0.654018,-0.733082,-23.171066,36.80092,48.10761,-0.101641,177.077256,-0.993527,-2.907595,0.993527,-0.050725,0.101641,5.841248,-5.833702,0.050725,-0.050725,-177.077256,5.833702,0.101641,2.907595,-5.841248,-0.101641,0.050725,0.993527,-0.993527,NA,NA,NA,NA,NA,NA,NA,NA,NA,NA,NA
NA,NA,NA,NA,NA,NA,NA,NA,NA,NA,NA,NA,NA,NA,NA,NA,211,2026-02-07,17:53:19,4,4,"Hawkins, Bryce",10001993,Right,LEE_UNI,"Deitschel, Adam",1000242344,Left,TIF_UNI,Undefined,6,Top,2,2,1,Fastball,Four-Seam,FoulBallNotFieldable,Undefined,Undefined,Undefined,0,0,NA,91.79173,-2.155351,-3.147887,1730.321129,210.085703,01:00:00,6.15129,1.1072,5.65841,-15.67773,18.22288,9.85922,2.83081,-1.00977,82.97404,-5.150426,-1.389645,0.419059,62.08668,62.040008,-145.607786,4388.830681,NA,NA,NA,NA,25.74266,NA,NA,-5.99882,10.27619,-0.84702,50,5.95897,6.86907,-132.9019,-5.4851,-10.61102,31.41265,-13.99705,LEE_UNI,TIF_UNI,LeeUniversity,D2,Team,20260207-LeeUniversity-2,d0d5d510-0477-11f1-a4d3-8b26f3e68120,89.94544,42.98896,NA,8.8177,NA,NA,NA,1.35188,2.90574,0.99834,8c003a57-e22a-4906-b3d2-4bbc25b7dc7a,2026-02-07,22:53:19,2026-02-07T22:53:19Z,2026-02-07T22:53:19Z,NA,v3,NA,NA,NA,"Caraballo, Nate",1000188954,Right,LEE_UNI,2cdae7c9-97da-4121-87bb-c8b6a7b38acd,54.84001,-134.041,15.70633,6.14867,-4.97753,-6.99853,-1.10308,7.25385,-5.30551,11.224589,1.35188,-35.23074,-2.50069,2.06916,-0.64474,0.17724,-0.04269,0.01017,-0.00157,2.90574,80.43132,-30.6313,4.17092,-0.83603,0.14431,-0.02418,0.00406,-2.3e-4,0.99834,-24.11596,2.14736,0.69283,-0.29016,0.09163,-0.02182,0.00538,-8.1e-4,NA,NA,NA,NA,NA,NA,NA,NA,NA,NA,NA,NA,NA,NA,NA,NA,NA,NA,NA,NA,NA,NA,High,High,High,High,Undefined,NA,NA,NA,221.612115,10.78833,1699.738391,0.982325,01:30:00,-0.2026,-0.658925,-0.724411,-15.548647,37.09353,46.702239,0.038305,176.784978,-0.997693,3.21266,0.997693,-0.056042,-0.038305,2.198703,2.195246,0.056042,0.056042,-176.784978,-2.195246,0.038305,-3.21266,-2.198703,-0.038305,-0.056042,0.997693,-0.997693,NA,NA,NA,NA,NA,NA,NA,NA,NA,NA,NA
NA,NA,NA,NA,NA,NA,NA,NA,NA,NA,NA,NA,NA,NA,NA,NA,212,2026-02-07,17:53:40,4,5,"Hawkins, Bryce",10001993,Right,LEE_UNI,"Deitschel, Adam",1000242344,Left,TIF_UNI,Undefined,6,Top,2,2,2,Slider,Curveball,BallCalled,Undefined,Undefined,Undefined,0,0,NA,79.71379,2.110441,0.932325,2390.112087,51.423539,07:45:00,5.46958,2.05657,4.80357,-57.61275,-10.38363,-15.41024,2.66931,1.65583,71.05849,-8.319089,-1.782229,0.494625,NA,NA,NA,NA,NA,NA,NA,NA,NA,NA,NA,7.84036,-5.23563,-2.13537,50,5.63014,-1.18816,-115.20375,2.02299,10.206480000000001,27.64928,-38.98973,LEE_UNI,TIF_UNI,LeeUniversity,D2,Team,20260207-LeeUniversity-2,dd1adaa0-0477-11f1-a4d3-8b26f3e68120,76.20401,NA,NA,8.6553,NA,NA,NA,NA,NA,NA,8c003a57-e22a-4906-b3d2-4bbc25b7dc7a,2026-02-07,22:53:40,2026-02-07T22:53:40Z,2026-02-07T22:53:40Z,NA,v3,NA,NA,NA,"Caraballo, Nate",1000188954,Right,LEE_UNI,d33b21f4-5d18-47b2-9067-76d8751760d0,55.69392,-116.5623,13.82464,5.48367,3.93875,-19.49487,-2.06467,-1.68966,5.1032400000000004,NA,NA,NA,NA,NA,NA,NA,NA,NA,NA,NA,NA,NA,NA,NA,NA,NA,NA,NA,NA,NA,NA,NA,NA,NA,NA,NA,NA,NA,NA,NA,NA,NA,NA,NA,NA,NA,NA,NA,NA,NA,NA,NA,NA,NA,NA,NA,NA,NA,NA,High,High,High,NA,NA,NA,NA,NA,45.109325,45.062838,1688.209903,0.706331,07:30:00,-0.696994,0.526132,0.487221,15.030545,56.843338,52.589688,-0.41076,91.620151,-0.025778,-65.696637,0.025778,-0.911379,0.41076,86.409018,-24.252572,0.911379,-0.911379,-91.620151,24.252572,0.41076,65.696637,-86.409018,-0.41076,0.911379,0.025778,-0.025778,NA,NA,NA,NA,NA,NA,NA,NA,NA,NA,NA
NA,NA,NA,NA,NA,NA,NA,NA,NA,NA,NA,NA,NA,NA,NA,NA,213,2026-02-07,17:54:00,4,6,"Hawkins, Bryce",10001993,Right,LEE_UNI,"Deitschel, Adam",1000242344,Left,TIF_UNI,Undefined,6,Top,2,3,2,Fastball,Four-Seam,FoulBallFieldable,Undefined,Undefined,Undefined,0,0,NA,94.00038,-1.273826,-3.347173,2057.450427,215.733167,01:15:00,5.93978,1.35477,5.55661,-15.27812,17.61942,11.73575,3.47418,-0.79823,83.69076,-4.219871,-1.258908,0.412813,NA,NA,NA,NA,NA,NA,NA,NA,NA,NA,NA,-7.07622,9.6941,-1.07311,50,5.81995,7.38536,-135.87818,-3.49079,-12.89866,36.70972,-14.50348,LEE_UNI,TIF_UNI,LeeUniversity,D2,Team,20260207-LeeUniversity-2,e93092d0-0477-11f1-a4d3-8b26f3e68120,91.3064,NA,NA,10.30962,NA,NA,NA,NA,NA,NA,8c003a57-e22a-4906-b3d2-4bbc25b7dc7a,2026-02-07,22:54:00,2026-02-07T22:54:00Z,2026-02-07T22:54:00Z,NA,v3,NA,NA,NA,"Caraballo, Nate",1000188954,Right,LEE_UNI,583f1077-b346-4b26-b3a7-0aa43a855e72,54.93842,-137.20589,18.35486,5.93672,-2.96623,-7.25174,-1.34866,7.85187,-6.44933,NA,NA,NA,NA,NA,NA,NA,NA,NA,NA,NA,NA,NA,NA,NA,NA,NA,NA,NA,NA,NA,NA,NA,NA,NA,NA,NA,NA,NA,NA,NA,NA,NA,NA,NA,NA,NA,NA,NA,NA,NA,NA,NA,NA,NA,NA,NA,NA,NA,NA,High,High,High,NA,NA,NA,NA,NA,222.148298,13.768308,1998.331795,0.971266,01:30:00,-0.265111,-0.6569,-0.705832,-32.376898,29.381546,32.821159,-0.136162,170.828995,-0.978023,-9.084865,0.978023,-0.157897,0.136162,7.925894,-7.825841,0.157897,-0.157897,-170.828995,7.825841,0.136162,9.084865,-7.925894,-0.136162,0.157897,0.978023,-0.978023,NA,NA,NA,NA,NA,NA,NA,NA,NA,NA,NA
NA,NA,NA,NA,NA,NA,NA,NA,NA,NA,NA,NA,NA,NA,NA,NA,214,2026-02-07,17:54:22,4,7,"Hawkins, Bryce",10001993,Right,LEE_UNI,"Deitschel, Adam",1000242344,Left,TIF_UNI,Undefined,6,Top,2,3,2,Fastball,Four-Seam,FoulBallNotFieldable,Undefined,Undefined,Undefined,0,0,NA,93.82024,-1.198812,-3.424751,2031.463075,210.121262,01:00:00,5.8523,1.59337,5.44929,-13.72883,19.13875,10.39863,3.58371,-0.75022,84.23245,-3.847595,-1.578754,0.412625,61.09864,64.513722,-103.322219,4544.730157,NA,NA,NA,NA,9.31328,NA,NA,-6.34721,10.36591,-1.29812,50,5.73742,7.62942,-135.73169,-3.25701,-11.65156,34.14097,-13.14536,LEE_UNI,TIF_UNI,LeeUniversity,D2,Team,20260207-LeeUniversity-2,f68e8270-0477-11f1-a4d3-8b26f3e68120,91.34797,23.15223,NA,9.58778,NA,NA,NA,0.6274,3.50035,0.76742,8c003a57-e22a-4906-b3d2-4bbc25b7dc7a,2026-02-07,22:54:22,2026-02-07T22:54:22Z,2026-02-07T22:54:22Z,NA,v3,NA,NA,NA,"Caraballo, Nate",1000188954,Right,LEE_UNI,5ff8eff3-7b72-4f55-974c-e3d457f6f21c,55.04779,-136.99549,17.07048,5.84899,-2.77041,-6.57268,-1.58852,8.06073,-5.82578,22.536489,0.62959,-8.99481,-4.91723,NA,NA,NA,NA,NA,NA,3.5035,80.73367,-26.12313,NA,NA,NA,NA,NA,NA,0.76747,-37.52451,2.17214,NA,NA,NA,NA,NA,NA,NA,NA,NA,NA,NA,NA,NA,NA,NA,NA,NA,NA,NA,NA,NA,NA,NA,NA,NA,NA,NA,NA,High,High,High,High,Undefined,NA,NA,NA,221.344277,16.966572,1943.043996,0.956475,01:30:00,-0.32093,-0.637797,-0.700156,-29.654497,42.439938,37.091339,-0.195874,179.980256,-0.980629,-0.019361,0.980629,-3.38e-4,0.195874,11.295778,-11.295778,3.38e-4,-3.38e-4,-179.980256,11.295778,0.195874,0.019361,-11.295778,-0.195874,3.38e-4,0.980629,-0.980629,NA,NA,NA,NA,NA,NA,NA,NA,NA,NA,NA
NA,NA,NA,NA,NA,NA,NA,NA,NA,NA,NA,NA,NA,NA,NA,NA,215,2026-02-07,17:54:44,4,8,"Hawkins, Bryce",10001993,Right,LEE_UNI,"Deitschel, Adam",1000242344,Left,TIF_UNI,Undefined,6,Top,2,3,2,Fastball,Four-Seam,BallCalled,Walk,Undefined,Undefined,0,0,NA,93.2532,-3.405654,-4.443579,1994.090477,215.986223,01:15:00,5.92448,1.3536300000000001,5.71597,-16.79276,16.50095,11.03158,1.33918,-1.87487,83.47738,-6.608919,-2.478383,0.415291,NA,NA,NA,NA,NA,NA,NA,NA,NA,NA,NA,-7.25248,9.98473,-0.98864,50,5.62863,9.97387,-134.57542,-8.56183,-12.98922,35.57003,-14.29142,LEE_UNI,TIF_UNI,LeeUniversity,D2,Team,20260207-LeeUniversity-2,03bdc0f0-0478-11f1-a4d3-8b26f3e68120,90.76154,NA,NA,9.77582,NA,NA,NA,NA,NA,NA,8c003a57-e22a-4906-b3d2-4bbc25b7dc7a,2026-02-07,22:54:44,2026-02-07T22:54:44Z,2026-02-07T22:54:44Z,NA,v3,NA,NA,NA,"Caraballo, Nate",1000188954,Right,LEE_UNI,7a605d77-902d-4d50-a016-755e3f9d403f,54.78345,-135.83386,17.78501,5.9226,-8.0562,-7.14571,-1.34964,10.43342,-6.49461,NA,NA,NA,NA,NA,NA,NA,NA,NA,NA,NA,NA,NA,NA,NA,NA,NA,NA,NA,NA,NA,NA,NA,NA,NA,NA,NA,NA,NA,NA,NA,NA,NA,NA,NA,NA,NA,NA,NA,NA,NA,NA,NA,NA,NA,NA,NA,NA,NA,NA,High,High,High,NA,NA,NA,NA,NA,220.934912,10.154152,1962.857028,0.984337,01:15:00,-0.194873,-0.654273,-0.73072,-20.435914,32.582157,49.583893,-0.073283,172.379756,-0.988504,-7.599634,0.988504,-0.13225,0.073283,4.239898,-4.202589,0.13225,-0.13225,-172.379756,4.202589,0.073283,7.599634,-4.239898,-0.073283,0.13225,0.988504,-0.988504,NA,NA,NA,NA,NA,NA,NA,NA,NA,NA,NA
NA,NA,NA,NA,NA,NA,NA,NA,NA,NA,NA,NA,NA,NA,NA,NA,216,2026-02-07,17:56:24,5,1,"Hawkins, Bryce",10001993,Right,LEE_UNI,"Ruhe, Dylan",1000428755,Left,TIF_UNI,Undefined,6,Top,2,0,0,Fastball,Four-Seam,BallCalled,Undefined,Undefined,Undefined,0,0,NA,92.56511,-5.013557,-4.511643,2043.037275,207.3197,01:00:00,6.02573,1.25542,5.87992,-14.14347,19.5584,9.41221,0.16457,-2.15889,82.98151,-7.743511,-2.830598,0.417829,NA,NA,NA,NA,NA,NA,NA,NA,NA,NA,NA,-6.35016,12.09304,-0.89577,50,5.61062,10.09891,-133.29142,-12.11045,-11.18023,34.3564,-10.88278,LEE_UNI,TIF_UNI,LeeUniversity,D2,Team,20260207-LeeUniversity-2,3f3ec160-0478-11f1-a4d3-8b26f3e68120,90.21024,NA,NA,9.5836,NA,NA,NA,NA,NA,NA,8c003a57-e22a-4906-b3d2-4bbc25b7dc7a,2026-02-07,22:56:24,2026-02-07T22:56:24Z,2026-02-07T22:56:24Z,NA,v3,NA,NA,NA,"Caraballo, Nate",1000188954,Right,LEE_UNI,eb0f6477-87b0-4087-880e-0d3e5d643499,54.61659,-134.47609,17.1782,6.02175,-11.73519,-5.44139,-1.25064,10.48443,-5.59012,NA,NA,NA,NA,NA,NA,NA,NA,NA,NA,NA,NA,NA,NA,NA,NA,NA,NA,NA,NA,NA,NA,NA,NA,NA,NA,NA,NA,NA,NA,NA,NA,NA,NA,NA,NA,NA,NA,NA,NA,NA,NA,NA,NA,NA,NA,NA,NA,NA,NA,High,High,High,NA,NA,NA,NA,NA,216.587741,7.463544,2025.728075,0.991528,01:15:00,-0.140135,-0.600094,-0.787559,-28.516847,22.619846,32.618215,-0.050544,174.002505,-0.993255,-5.989801,0.993255,-0.104351,0.050544,2.913127,-2.897209,0.104351,-0.104351,-174.002505,2.897209,0.050544,5.989801,-2.913127,-0.050544,0.104351,0.993255,-0.993255,NA,NA,NA,NA,NA,NA,NA,NA,NA,NA,NA
NA,NA,NA,NA,NA,NA,NA,NA,NA,NA,NA,NA,NA,NA,NA,NA,217,2026-02-07,17:56:57,5,2,"Hawkins, Bryce",10001993,Right,LEE_UNI,"Ruhe, Dylan",1000428755,Left,TIF_UNI,Undefined,6,Top,2,1,0,Fastball,Sinker,InPlay,Undefined,FlyBall,Out,1,0,NA,92.76895,-1.966552,-3.159228,1984.095536,221.849319,01:30:00,5.94875,1.58101,5.468,-17.87903,15.9793,13.11304,2.61483,-0.28593,82.8013,-5.367622,-0.828205,0.418797,83.81819,31.814091,-27.47866,4574.716141,92.99318,54.92294,-58.75587,260.39179,255.14291,-38.759758,4.016947,-7.68615,9.09772,-1.31211,50,5.76383,6.77988,-134.08447,-5.19684,-13.65951,35.4305,-16.00596,LEE_UNI,TIF_UNI,LeeUniversity,D2,Team,20260207-LeeUniversity-2,52a83ce0-0478-11f1-a4d3-8b26f3e68120,90.0016,60.21082,NA,9.96765,NA,NA,NA,0.85965,2.69483,0.30138,8c003a57-e22a-4906-b3d2-4bbc25b7dc7a,2026-02-07,22:56:57,2026-02-07T22:56:57Z,2026-02-07T22:56:57Z,FlyBall,v3,NA,NA,NA,"Caraballo, Nate",1000188954,Right,LEE_UNI,d7cb1b92-e4bc-4ee3-8a82-bd85f64b5c2a,55.02774,-135.40649,17.71525,5.9466,-4.59961,-8.00298,-1.5746,7.28956,-6.82975,136.845967,0.85858,92.71311,-22.07055,6.00862,-1.67265,0.48184,-0.11751,0.01735,-0.00105,2.69546,64.78643,-20.2227,1.09496,0.12034,-0.11776,0.03365,-0.00396,1.4e-4,0.3017,-48.20887,1.05382,0.85331,-0.27546,0.01323,0.01504,-0.00422,3.5e-4,NA,NA,NA,NA,NA,NA,NA,NA,NA,NA,NA,NA,NA,NA,NA,NA,NA,NA,NA,NA,NA,NA,High,High,High,High,High,NA,NA,NA,219.736133,10.217175,1952.632703,0.984142,01:15:00,-0.197158,-0.634832,-0.747072,-27.808716,31.804204,43.730094,-0.154003,174.158403,-0.982939,-5.771671,0.982939,-0.100564,0.154003,8.904496,-8.858991,0.100564,-0.100564,-174.158403,8.858991,0.154003,5.771671,-8.904496,-0.154003,0.100564,0.982939,-0.982939,NA,NA,NA,NA,NA,NA,NA,NA,NA,NA,NA
NA,NA,NA,NA,NA,NA,NA,NA,NA,NA,NA,NA,NA,NA,NA,NA,218,2026-02-07,17:59:36,1,1,"Bush, Hayden",1000279789,Left,TIF_UNI,"Franklin, Landon",1000077936,Right,LEE_UNI,Undefined,6,Bottom,0,0,0,Fastball,Changeup,FoulBallNotFieldable,Undefined,Undefined,Undefined,0,0,NA,82.38505,-1.265057,3.782035,1714.110397,126.771272,10:15:00,5.84228,-2.03868,6.33352,-26.55537,14.41206,-17.35997,2.46176,0.00217,74.70832,-6.294625,0.646818,0.460671,66.84094,49.812182,143.796613,3713.37926,NA,NA,NA,NA,42.24077,NA,NA,10.2478,8.31252,1.77084,50,5.73734,-7.26095,-119.42833,-3.36831,14.643370000000001,25.28413,-20.29607,LEE_UNI,TIF_UNI,LeeUniversity,D2,Team,20260207-LeeUniversity-2,b1b08bc0-0478-11f1-a4d3-8b26f3e68120,81.82078,41.786,NA,7.67673,NA,NA,NA,1.75945,2.57794,0.0055,8c003a57-e22a-4906-b3d2-4bbc25b7dc7a,2026-02-07,22:59:36,2026-02-07T22:59:36Z,2026-02-07T22:59:36Z,NA,v3,NA,NA,NA,"Ruhe, Dylan",1000428755,Right,TIF_UNI,62ab186d-f74f-4e99-9f75-8ff04172d6c0,54.16603,-120.30708,12.64206,5.84215,-2.66292,-10.14804,2.03204,-7.76988,7.32168,341.247149,1.75945,-51.0464,-0.23921,1.94304,-0.7014,0.20018,-0.04981,0.01165,-0.00161,2.57794,74.89083,-30.81606,4.31612,-0.87974,0.1565,-0.02808,0.00431,-2.7e-4,0.0055,37.36495,-5.03844,1.22174,-0.24088,0.0378,-0.0059,5.8e-4,-1e-5,NA,NA,NA,NA,NA,NA,NA,NA,NA,NA,NA,NA,NA,NA,NA,NA,NA,NA,NA,NA,NA,NA,High,High,High,High,Undefined,NA,NA,NA,141.101635,-3.211026,1711.419249,0.99843,10:45:00,0.093321,0.628039,-0.772566,-75.371628,17.134075,-75.109775,-0.32934,90.838563,-0.013819,-70.753693,0.013819,-0.94411,0.32934,87.59735,-19.228722,0.94411,-0.94411,-90.838563,19.228722,0.32934,70.753693,-87.59735,-0.32934,0.94411,0.013819,-0.013819,NA,NA,NA,NA,NA,NA,NA,NA,NA,NA,NA
NA,NA,NA,NA,NA,NA,NA,NA,NA,NA,NA,NA,NA,NA,NA,NA,219,2026-02-07,17:59:54,1,2,"Bush, Hayden",1000279789,Left,TIF_UNI,"Franklin, Landon",1000077936,Right,LEE_UNI,Undefined,6,Bottom,0,0,1,Slider,Curveball,BallCalled,Undefined,Undefined,Undefined,0,0,NA,72.67201,2.850467,0.715174,2182.204506,267.4081,03:00:00,5.89763,-2.48721,5.564,-51.72101,2.67232,16.98296,4.25291,-0.4038,65.74651,-6.682793,3.741621,0.530816,NA,NA,NA,NA,NA,NA,NA,NA,NA,NA,NA,-8.26863,1.05941,2.4144,50,6.1104,-1.94494,-105.26156,3.66376,-9.14005,20.3304,-31.003,LEE_UNI,TIF_UNI,LeeUniversity,D2,Team,20260207-LeeUniversity-2,bc4f5b60-0478-11f1-a4d3-8b26f3e68120,71.00845,NA,NA,6.92549,NA,NA,NA,NA,NA,NA,8c003a57-e22a-4906-b3d2-4bbc25b7dc7a,2026-02-07,22:59:54,2026-02-07T22:59:54Z,2026-02-07T22:59:54Z,NA,v3,NA,NA,NA,"Ruhe, Dylan",1000428755,Right,TIF_UNI,0343ad27-d2d4-4323-8288-f38d671d5f97,54.93342,-106.21013,10.1652,5.90571,5.1103,-15.5015,2.49519,-1.51849,-4.57003,NA,NA,NA,NA,NA,NA,NA,NA,NA,NA,NA,NA,NA,NA,NA,NA,NA,NA,NA,NA,NA,NA,NA,NA,NA,NA,NA,NA,NA,NA,NA,NA,NA,NA,NA,NA,NA,NA,NA,NA,NA,NA,NA,NA,NA,NA,NA,NA,NA,NA,High,High,High,NA,NA,NA,NA,NA,307.576288,-49.754571,1409.84179,0.646063,04:15:00,0.731902,-0.549356,0.403147,31.088326,1.344817,-38.363431,0.905332,145.763723,-0.351114,13.824101,0.351114,-0.238942,-0.905332,68.80226,64.868012,0.238942,0.238942,-145.763723,-64.868012,0.905332,-13.824101,-68.80226,-0.905332,-0.238942,0.351114,-0.351114,NA,NA,NA,NA,NA,NA,NA,NA,NA,NA,NA
NA,NA,NA,NA,NA,NA,NA,NA,NA,NA,NA,NA,NA,NA,NA,NA,220,2026-02-07,18:00:15,1,3,"Bush, Hayden",1000279789,Left,TIF_UNI,"Franklin, Landon",1000077936,Right,LEE_UNI,Undefined,6,Bottom,0,1,1,Fastball,Changeup,StrikeSwinging,Undefined,Undefined,Undefined,0,0,NA,83.24293,-1.982335,3.313794,1767.448402,148.726476,11:00:00,5.89088,-2.11039,6.32064,-17.94655,22.31623,-12.66721,2.56579,-0.11054,75.18049,-5.46452,1.026852,0.456692,NA,NA,NA,NA,NA,NA,NA,NA,NA,NA,NA,7.55937,12.60721,1.87332,50,5.7368,-6.4912,-120.5907,-4.58605,10.99265,26.18048,-13.84101,LEE_UNI,TIF_UNI,LeeUniversity,D2,Team,20260207-LeeUniversity-2,c8fa4eb0-0478-11f1-a4d3-8b26f3e68120,82.53365,NA,NA,8.06244,NA,NA,NA,NA,NA,NA,8c003a57-e22a-4906-b3d2-4bbc25b7dc7a,2026-02-07,23:00:15,2026-02-07T23:00:15Z,2026-02-07T23:00:15Z,NA,v3,NA,NA,NA,"Ruhe, Dylan",1000428755,Right,TIF_UNI,66bca45e-a9d3-4c4d-a2fe-7a2b592c5b68,54.17506,-121.49373,13.09024,5.88675,-4.10864,-6.92051,2.10376,-6.87037,5.49632,NA,NA,NA,NA,NA,NA,NA,NA,NA,NA,NA,NA,NA,NA,NA,NA,NA,NA,NA,NA,NA,NA,NA,NA,NA,NA,NA,NA,NA,NA,NA,NA,NA,NA,NA,NA,NA,NA,NA,NA,NA,NA,NA,NA,NA,NA,NA,NA,NA,NA,High,High,High,NA,NA,NA,NA,NA,145.600558,-1.76745,1766.607527,0.999524,10:45:00,0.058945,0.565419,-0.822695,-71.055172,12.700573,-76.138013,-0.932822,108.876038,-0.116577,-19.93534,0.116577,-0.340959,0.932822,82.876525,-68.879034,0.340959,-0.340959,-108.876038,68.879034,0.932822,19.93534,-82.876525,-0.932822,0.340959,0.116577,-0.116577,NA,NA,NA,NA,NA,NA,NA,NA,NA,NA,NA
NA,NA,NA,NA,NA,NA,NA,NA,NA,NA,NA,NA,NA,NA,NA,NA,221,2026-02-07,18:00:32,1,4,"Bush, Hayden",1000279789,Left,TIF_UNI,"Franklin, Landon",1000077936,Right,LEE_UNI,Undefined,6,Bottom,0,1,2,Fastball,Changeup,FoulBallNotFieldable,Undefined,Undefined,Undefined,0,0,NA,84.25688,-1.170558,3.340739,1853.252743,151.719773,11:00:00,6.10222,-2.19636,6.11133,-20.38848,19.42017,-9.64378,3.31882,0.09256,75.6787,-5.090005,1.606867,0.454109,64.78406,53.28876,155.184433,3349.593318,NA,NA,NA,NA,40.87024,NA,NA,6.12111,10.85335,1.94484,50,6.00177,-6.74942,-122.02945,-3.03414,9.05247,28.31901,-16.12308,LEE_UNI,TIF_UNI,LeeUniversity,D2,Team,20260207-LeeUniversity-2,d2d4bce0-0478-11f1-a4d3-8b26f3e68120,83.0031,45.03054,NA,8.57818,NA,NA,NA,1.51781,3.42205,-0.07932,8c003a57-e22a-4906-b3d2-4bbc25b7dc7a,2026-02-07,23:00:32,2026-02-07T23:00:32Z,2026-02-07T23:00:32Z,NA,v3,NA,NA,NA,"Ruhe, Dylan",1000428755,Right,TIF_UNI,fa2c8b51-1c3a-4a8f-a219-c8183442d286,54.38626,-123.04314,14.1595,6.10005,-2.457,-8.06154,2.19224,-7.07346,4.52624,357.624089,1.51781,-51.55454,0.34866,1.58093,-0.56047,0.16426,-0.03998,0.00921,-0.00127,3.42205,76.17075,-31.15047,4.36832,-0.89659,0.16197,-0.02907,0.00527,-5.2e-4,-0.07932,23.83854,-0.75074,-0.81596,0.29716,-0.08754,0.02092,-0.00487,6.8e-4,NA,NA,NA,NA,NA,NA,NA,NA,NA,NA,NA,NA,NA,NA,NA,NA,NA,NA,NA,NA,NA,NA,High,High,High,High,Undefined,NA,NA,NA,147.667305,-11.929331,1813.22859,0.978403,11:00:00,0.243814,0.527397,-0.813884,15.795987,-22.522619,46.7438,-0.084688,168.581132,-0.976685,-11.377297,0.976685,-0.197269,0.084688,4.955674,-4.858055,0.197269,-0.197269,-168.581132,4.858055,0.084688,11.377297,-4.955674,-0.084688,0.197269,0.976685,-0.976685,NA,NA,NA,NA,NA,NA,NA,NA,NA,NA,NA
NA,NA,NA,NA,NA,NA,NA,NA,NA,NA,NA,NA,NA,NA,NA,NA,222,2026-02-07,18:00:49,1,5,"Bush, Hayden",1000279789,Left,TIF_UNI,"Franklin, Landon",1000077936,Right,LEE_UNI,Undefined,6,Bottom,0,1,2,Slider,Curveball,BallCalled,Undefined,Undefined,Undefined,0,0,NA,70.53922,2.902393,2.0563,2181.561165,305.092849,04:15:00,6.22755,-1.97159,5.46555,-68.20189,-10.14634,17.30615,3.26459,1.39597,64.20435,-9.515587,5.134805,0.548395,NA,NA,NA,NA,NA,NA,NA,NA,NA,NA,NA,-8.00245,-5.41512,1.77852,50,6.43703,-4.28989,-102.1747,3.06947,-8.31277,19.56007,-37.79916,LEE_UNI,TIF_UNI,LeeUniversity,D2,Team,20260207-LeeUniversity-2,dd153fe0-0478-11f1-a4d3-8b26f3e68120,68.73231,NA,NA,6.33487,NA,NA,NA,NA,NA,NA,8c003a57-e22a-4906-b3d2-4bbc25b7dc7a,2026-02-07,23:00:49,2026-02-07T23:00:49Z,2026-02-07T23:00:49Z,NA,v3,NA,NA,NA,"Ruhe, Dylan",1000428755,Right,TIF_UNI,2fb990fb-624f-48bc-a572-2a1707ea0727,55.03655,-103.13438,9.78004,6.24094,4.92401,-18.89958,1.97899,-3.88203,-4.15638,NA,NA,NA,NA,NA,NA,NA,NA,NA,NA,NA,NA,NA,NA,NA,NA,NA,NA,NA,NA,NA,NA,NA,NA,NA,NA,NA,NA,NA,NA,NA,NA,NA,NA,NA,NA,NA,NA,NA,NA,NA,NA,NA,NA,NA,NA,NA,NA,NA,NA,High,High,High,NA,NA,NA,NA,NA,326.449144,-30.741551,1875.012123,0.859482,05:00:00,0.460444,-0.500289,0.733282,-112.890425,-11.393873,-22.621148,-0.439142,123.402306,-0.494592,-48.592303,0.494592,-0.750022,0.439142,41.601467,-26.04914,0.750022,-0.750022,-123.402306,26.04914,0.439142,48.592303,-41.601467,-0.439142,0.750022,0.494592,-0.494592,NA,NA,NA,NA,NA,NA,NA,NA,NA,NA,NA
NA,NA,NA,NA,NA,NA,NA,NA,NA,NA,NA,NA,NA,NA,NA,NA,223,2026-02-07,18:01:07,1,6,"Bush, Hayden",1000279789,Left,TIF_UNI,"Franklin, Landon",1000077936,Right,LEE_UNI,Undefined,6,Bottom,0,2,2,Fastball,Changeup,StrikeSwinging,Strikeout,Undefined,Undefined,0,0,NA,84.99783,-0.573622,3.571684,1753.062335,130.409526,10:15:00,6.06297,-2.1273,6.27797,-21.67186,16.8406,-18.2095,3.7272,-0.34826,76.94562,-4.714639,0.286858,0.446655,NA,NA,NA,NA,NA,NA,NA,NA,NA,NA,NA,10.44875,9.29032,1.87128,50,6.00988,-6.97008,-123.2313,-1.81603,15.924,26.52917,-18.01552,LEE_UNI,TIF_UNI,LeeUniversity,D2,Team,20260207-LeeUniversity-2,e7851040-0478-11f1-a4d3-8b26f3e68120,84.38828,NA,NA,8.05221,NA,NA,NA,NA,NA,NA,8c003a57-e22a-4906-b3d2-4bbc25b7dc7a,2026-02-07,23:01:07,2026-02-07T23:01:07Z,2026-02-07T23:01:07Z,NA,v3,NA,NA,NA,"Ruhe, Dylan",1000428755,Right,TIF_UNI,74fa4356-2f6d-4991-bac5-d249aa1f7927,54.21941,-124.13633,13.26458,6.06135,-1.20144,-9.00776,2.11833,-7.51331,7.962,NA,NA,NA,NA,NA,NA,NA,NA,NA,NA,NA,NA,NA,NA,NA,NA,NA,NA,NA,NA,NA,NA,NA,NA,NA,NA,NA,NA,NA,NA,NA,NA,NA,NA,NA,NA,NA,NA,NA,NA,NA,NA,NA,NA,NA,NA,NA,NA,NA,NA,High,High,High,NA,NA,NA,NA,NA,148.193986,-13.201684,1706.732736,0.973572,11:00:00,0.274341,0.515377,-0.811864,-69.561141,14.521823,-75.65435,-0.214093,93.296438,-0.056169,-77.212356,0.056169,-0.975197,0.214093,75.299368,-12.362302,0.975197,-0.975197,-93.296438,12.362302,0.214093,77.212356,-75.299368,-0.214093,0.975197,0.056169,-0.056169,NA,NA,NA,NA,NA,NA,NA,NA,NA,NA,NA
NA,NA,NA,NA,NA,NA,NA,NA,NA,NA,NA,NA,NA,NA,NA,NA,224,2026-02-07,18:01:29,2,1,"Bush, Hayden",1000279789,Left,TIF_UNI,"Collier, Luke",1000234418,Right,LEE_UNI,Undefined,6,Bottom,1,0,0,Fastball,Changeup,BallCalled,Undefined,Undefined,Undefined,0,0,NA,83.00792,-0.637222,1.640239,1652.844951,147.436689,11:00:00,5.96299,-1.9604,6.11741,-20.26788,19.97603,-11.92867,3.68458,-1.43755,75.74358,-4.505557,-0.508974,0.456585,NA,NA,NA,NA,NA,NA,NA,NA,NA,NA,NA,6.59717,10.87201,1.84066,50,5.90341,-2.99139,-120.56488,-1.87096,9.69406,23.80955,-16.19843,LEE_UNI,TIF_UNI,LeeUniversity,D2,Team,20260207-LeeUniversity-2,f4e2ffe0-0478-11f1-a4d3-8b26f3e68120,82.55298,NA,NA,7.26434,NA,NA,NA,NA,NA,NA,8c003a57-e22a-4906-b3d2-4bbc25b7dc7a,2026-02-07,23:01:29,2026-02-07T23:01:29Z,2026-02-07T23:01:29Z,NA,v3,NA,NA,NA,"Ruhe, Dylan",1000428755,Right,TIF_UNI,04ea4c4e-349a-4f4f-a79e-804dbed8cb62,54.38055,-121.42689,11.90477,5.96053,-1.28451,-8.09922,1.95531,-3.34235,4.84703,NA,NA,NA,NA,NA,NA,NA,NA,NA,NA,NA,NA,NA,NA,NA,NA,NA,NA,NA,NA,NA,NA,NA,NA,NA,NA,NA,NA,NA,NA,NA,NA,NA,NA,NA,NA,NA,NA,NA,NA,NA,NA,NA,NA,NA,NA,NA,NA,NA,NA,High,High,High,NA,NA,NA,NA,NA,146.398844,-10.178973,1626.830048,0.984261,11:00:00,0.194051,0.54663,-0.81458,-63.136777,3.56093,-53.963411,-0.276613,93.013202,-0.050515,-73.668884,0.050515,-0.959653,0.276613,79.650712,-16.058175,0.959653,-0.959653,-93.013202,16.058175,0.276613,73.668884,-79.650712,-0.276613,0.959653,0.050515,-0.050515,NA,NA,NA,NA,NA,NA,NA,NA,NA,NA,NA
NA,NA,NA,NA,NA,NA,NA,NA,NA,NA,NA,NA,NA,NA,NA,NA,225,2026-02-07,18:01:42,2,2,"Bush, Hayden",1000279789,Left,TIF_UNI,"Collier, Luke",1000234418,Right,LEE_UNI,Undefined,6,Bottom,1,1,0,Fastball,Changeup,FoulBallNotFieldable,Undefined,Undefined,Undefined,0,0,NA,84.04787,-1.120201,2.765898,1815.243772,143.66009,10:45:00,6.10271,-2.0556,6.15833,-18.94418,20.60592,-14.14221,3.4878,-0.67688,76.09473,-4.765928,0.218364,0.452632,69.66385,34.504784,153.881868,3012.265225,NA,NA,NA,NA,39.7042,NA,NA,8.10418,11.3726,1.8523,50,6.00771,-5.32986,-121.88651,-2.86124,12.07636,26.0706,-15.22726,LEE_UNI,TIF_UNI,LeeUniversity,D2,Team,20260207-LeeUniversity-2,fc652630-0478-11f1-a4d3-8b26f3e68120,83.27394,25.20966,NA,7.95314,NA,NA,NA,0.74859,3.30859,0.63591,8c003a57-e22a-4906-b3d2-4bbc25b7dc7a,2026-02-07,23:01:42,2026-02-07T23:01:42Z,2026-02-07T23:01:42Z,NA,v3,NA,NA,NA,"Ruhe, Dylan",1000428755,Right,TIF_UNI,8b8dfd19-39cf-41a0-9aac-2c67a59265dd,54.33858,-122.81099,13.0353,6.0996,-2.32127,-7.61363,2.04889,-5.7581,6.03818,329.273262,0.75104,-75.67084,4.74323,NA,NA,NA,NA,NA,NA,3.33163,57.25452,-26.87802,NA,NA,NA,NA,NA,NA,0.64563,36.80338,-7.15749,NA,NA,NA,NA,NA,NA,NA,NA,NA,NA,NA,NA,NA,NA,NA,NA,NA,NA,NA,NA,NA,NA,NA,NA,NA,NA,NA,NA,High,High,High,High,Undefined,NA,NA,NA,146.725191,-9.797579,1788.768603,0.985415,11:00:00,0.199135,0.543877,-0.815195,-62.290712,1.1457,-56.120528,-0.324168,91.983807,-0.032748,-70.984863,0.032748,-0.945433,0.324168,84.231506,-18.915178,0.945433,-0.945433,-91.983807,18.915178,0.324168,70.984863,-84.231506,-0.324168,0.945433,0.032748,-0.032748,NA,NA,NA,NA,NA,NA,NA,NA,NA,NA,NA
NA,NA,NA,NA,NA,NA,NA,NA,NA,NA,NA,NA,NA,NA,NA,NA,226,2026-02-07,18:01:59,2,3,"Bush, Hayden",1000279789,Left,TIF_UNI,"Collier, Luke",1000234418,Right,LEE_UNI,Undefined,6,Bottom,1,1,1,Slider,Curveball,InPlay,Undefined,FlyBall,Out,1,0,NA,75.12791,0.595012,1.239199,2160.417557,255.154314,02:30:00,5.79027,-2.41769,5.71065,-44.88526,5.10252,13.23292,2.60433,-0.16026,68.90177,-7.66326,3.606401,0.508866,85.03638,41.665265,28.754237,6159.516175,89.54097,80.12821,63.89311,288.35203,148.39396,44.673018,4.985821,-6.4026,2.87662,2.30546,50,5.81222,-2.83525,-109.09015,-0.22595,-7.67983,20.0203,-28.72357,LEE_UNI,TIF_UNI,LeeUniversity,D2,Team,20260207-LeeUniversity-2,06d4f690-0479-11f1-a4d3-8b26f3e68120,74.07148,91.9741,NA,6.22613,NA,NA,NA,1.2582,2.65882,0.1759,8c003a57-e22a-4906-b3d2-4bbc25b7dc7a,2026-02-07,23:01:59,2026-02-07T23:01:59Z,2026-02-07T23:01:59Z,FlyBall,v3,NA,NA,NA,"Ruhe, Dylan",1000428755,Right,TIF_UNI,3deefdc4-6934-4436-a4a2-a21cd85ce466,54.78948,-109.96561,10.01015,5.79464,1.03009,-14.36178,2.4221,-2.49943,-3.83991,220.348867,1.2657,81.5396,-18.68937,3.8309,-0.39025,1e-5,-0.01105,0.00471,-4.3e-4,2.66547,82.76352,-21.93741,0.9364,0.66821,-0.44589,0.12631,-0.01696,8.7e-4,0.18066,44.71674,0.95433,-1.65931,0.94286,-0.38154,0.09529,-0.01256,6.6e-4,NA,NA,NA,NA,NA,NA,NA,NA,NA,NA,NA,NA,NA,NA,NA,NA,NA,NA,NA,NA,NA,NA,High,High,High,Medium,Low,NA,NA,NA,301.229197,-60.857079,1052.101307,0.48699,04:00:00,0.863372,-0.425473,0.271221,-2.796832,9.317563,-40.689258,0.875923,152.931277,-0.429603,12.682211,0.429603,-0.219543,-0.875923,63.874,61.15444,0.219543,0.219543,-152.931277,-61.15444,0.875923,-12.682211,-63.874,-0.875923,-0.219543,0.429603,-0.429603,NA,NA,NA,NA,NA,NA,NA,NA,NA,NA,NA
NA,NA,NA,NA,NA,NA,NA,NA,NA,NA,NA,NA,NA,NA,NA,NA,227,2026-02-07,18:02:35,3,1,"Bush, Hayden",1000279789,Left,TIF_UNI,"Turner, Cody",10017359,Left,LEE_UNI,Undefined,6,Bottom,2,0,0,Slider,Curveball,BallCalled,Undefined,Undefined,Undefined,0,0,NA,71.74726,1.285837,1.261453,2046.713661,320.621138,04:45:00,6.23623,-1.91894,6.26975,-70.11394,-15.26591,14.22422,1.5793,0.42953,65.03352,-11.639322,3.841701,0.53303,NA,NA,NA,NA,NA,NA,NA,NA,NA,NA,NA,-6.85174,-7.62477,1.81947,50,6.29939,-2.7736,-104.13638,0.32844,-7.29865,22.36448,-40.29616,LEE_UNI,TIF_UNI,LeeUniversity,D2,Team,20260207-LeeUniversity-2,1c6549b0-0479-11f1-a4d3-8b26f3e68120,70.7135,NA,NA,6.71374,NA,NA,NA,NA,NA,NA,8c003a57-e22a-4906-b3d2-4bbc25b7dc7a,2026-02-07,23:02:35,2026-02-07T23:02:35Z,2026-02-07T23:02:35Z,NA,v3,NA,NA,NA,"Ruhe, Dylan",1000428755,Right,TIF_UNI,2a7a71f8-7b3c-47f0-925b-4a5b6757d86c,54.23192,-105.0413,11.18224,6.25312,1.95891,-20.14808,1.92572,-2.47828,-3.64933,NA,NA,NA,NA,NA,NA,NA,NA,NA,NA,NA,NA,NA,NA,NA,NA,NA,NA,NA,NA,NA,NA,NA,NA,NA,NA,NA,NA,NA,NA,NA,NA,NA,NA,NA,NA,NA,NA,NA,NA,NA,NA,NA,NA,NA,NA,NA,NA,NA,NA,High,High,High,NA,NA,NA,NA,NA,325.884415,-37.202709,1630.210152,0.796501,04:45:00,0.579799,-0.460185,0.672357,82.284588,53.177261,2.190736,-0.201721,127.180693,-0.591908,-51.293112,0.591908,-0.780355,0.201721,18.818986,-11.637596,0.780355,-0.780355,-127.180693,11.637596,0.201721,51.293112,-18.818986,-0.201721,0.780355,0.591908,-0.591908,NA,NA,NA,NA,NA,NA,NA,NA,NA,NA,NA
NA,NA,NA,NA,NA,NA,NA,NA,NA,NA,NA,NA,NA,NA,NA,NA,228,2026-02-07,18:02:55,3,2,"Bush, Hayden",1000279789,Left,TIF_UNI,"Turner, Cody",10017359,Left,LEE_UNI,Undefined,6,Bottom,2,1,0,Fastball,Changeup,BallCalled,Undefined,Undefined,Undefined,0,0,NA,85.17388,-2.53615,5.294427,1861.645833,138.336421,10:30:00,6.0437,-1.88901,5.88826,-20.00096,19.0447,-15.73989,2.01036,1.72955,77.40139,-6.329293,2.486585,0.449736,NA,NA,NA,NA,NA,NA,NA,NA,NA,NA,NA,9.56969,10.87351,1.46994,50,5.82677,-10.75954,-123.05394,-6.03735,14.60184,25.52935,-15.5828,LEE_UNI,TIF_UNI,LeeUniversity,D2,Team,20260207-LeeUniversity-2,284c77d0-0479-11f1-a4d3-8b26f3e68120,83.81014,NA,NA,7.7725,NA,NA,NA,NA,NA,NA,8c003a57-e22a-4906-b3d2-4bbc25b7dc7a,2026-02-07,23:02:55,2026-02-07T23:02:55Z,2026-02-07T23:02:55Z,NA,v3,NA,NA,NA,"Ruhe, Dylan",1000428755,Right,TIF_UNI,dfe1731d-ddfd-4f7b-87f2-decd2cb6aa48,54.60996,-124.00665,12.76468,6.04122,-5.45583,-7.7914,1.88164,-11.30446,7.30092,NA,NA,NA,NA,NA,NA,NA,NA,NA,NA,NA,NA,NA,NA,NA,NA,NA,NA,NA,NA,NA,NA,NA,NA,NA,NA,NA,NA,NA,NA,NA,NA,NA,NA,NA,NA,NA,NA,NA,NA,NA,NA,NA,NA,NA,NA,NA,NA,NA,NA,High,High,High,NA,NA,NA,NA,NA,145.519172,-10.754337,1828.948402,0.982436,10:45:00,0.235841,0.563899,-0.791452,-64.070724,13.459619,-70.357747,-0.966805,92.816527,-0.012555,-14.785803,0.012555,-0.255206,0.966805,89.255968,-75.195906,0.255206,-0.255206,-92.816527,75.195906,0.966805,14.785803,-89.255968,-0.966805,0.255206,0.012555,-0.012555,NA,NA,NA,NA,NA,NA,NA,NA,NA,NA,NA
NA,NA,NA,NA,NA,NA,NA,NA,NA,NA,NA,NA,NA,NA,NA,NA,229,2026-02-07,18:03:10,3,3,"Bush, Hayden",1000279789,Left,TIF_UNI,"Turner, Cody",10017359,Left,LEE_UNI,Undefined,6,Bottom,2,2,0,Slider,Changeup,InPlay,Undefined,Popup,Out,1,0,NA,85.49734,-2.425738,3.821016,1794.532941,128.554648,10:15:00,6.05339,-2.01555,6.26525,-23.01383,15.02221,-17.21977,1.89277,0.07759,77.85971,-6.778358,0.714891,0.443883,93.37473,31.575597,-25.497132,4755.792693,95.27321,60.22299,-54.98176,305.36635,298.16154,-37.899195,4.649463,10.08406,8.90367,1.74041,50,5.86199,-7.6126,-123.884,-5.9089,15.57734,26.13462,-18.4201,LEE_UNI,TIF_UNI,LeeUniversity,D2,Team,20260207-LeeUniversity-2,31455fa0-0479-11f1-a4d3-8b26f3e68120,84.91516,75.58655,NA,7.63763,NA,NA,NA,1.06656,1.92148,-0.06626,8c003a57-e22a-4906-b3d2-4bbc25b7dc7a,2026-02-07,23:03:10,2026-02-07T23:03:10Z,2026-02-07T23:03:10Z,FlyBall,v3,NA,NA,NA,"Ruhe, Dylan",1000428755,Right,TIF_UNI,49141a5c-197b-4172-8b73-d3965eaf7240,54.23438,-124.77409,13.06731,6.05256,-5.28155,-9.21005,2.00872,-8.14313,7.78867,143.182815,1.06496,105.34791,-26.61952,6.94763,-1.66111,0.39008,-0.08263,0.01143,-6.7e-4,1.92467,71.63699,-19.07317,0.51122,0.40371,-0.22725,0.06115,-0.00791,3.9e-4,-0.06727,-50.20426,1.54024,0.81098,-0.33476,0.06905,-0.00747,1.4e-4,3e-5,NA,NA,NA,NA,NA,NA,NA,NA,NA,NA,NA,NA,NA,NA,NA,NA,NA,NA,NA,NA,NA,NA,High,High,High,High,Medium,NA,NA,NA,143.977372,-5.0749320000000004,1787.498127,0.99608,10:45:00,0.11713,0.589018,-0.799586,-76.904885,6.607248,-74.022365,-0.438056,94.698912000000007,-0.073641,-63.627662,0.073641,-0.895926,0.438056,80.457253,-25.979905,0.895926,-0.895926,-94.698912000000007,25.979905,0.438056,63.627662,-80.457253,-0.438056,0.895926,0.073641,-0.073641,NA,NA,NA,NA,NA,NA,NA,NA,NA,NA,NA
NA,NA,NA,NA,NA,NA,NA,NA,NA,NA,NA,NA,NA,NA,NA,NA,230,2026-02-07,18:05:29,1,1,"Hawkins, Bryce",10001993,Right,LEE_UNI,"Cady, Griffin",1000428757,Right,TIF_UNI,Undefined,7,Top,0,0,0,Fastball,Four-Seam,StrikeCalled,Undefined,Undefined,Undefined,0,0,NA,91.41275,-1.563308,-3.434888,2033.870612,214.80838,01:15:00,5.872,1.58878,5.70561,-13.24194,21.15666,13.79654,3.30892,-0.46579,81.83657,-4.153739,-0.97342,0.422126,NA,NA,NA,NA,NA,NA,NA,NA,NA,NA,NA,-8.07567,11.58512,-1.30898,50,5.73271,7.29804,-132.21989,-3.94799,-14.029,33.09986,-12.048400000000001,LEE_UNI,TIF_UNI,LeeUniversity,D2,Team,20260207-LeeUniversity-2,8408a8f0-0479-11f1-a4d3-8b26f3e68120,89.29195,NA,NA,9.57618,NA,NA,NA,NA,NA,NA,8c003a57-e22a-4906-b3d2-4bbc25b7dc7a,2026-02-07,23:05:29,2026-02-07T23:05:29Z,2026-02-07T23:05:29Z,NA,v3,NA,NA,NA,"Caraballo, Nate",1000188954,Right,LEE_UNI,fcb27dfc-650b-4f27-9084-5c64ec24019b,54.78943,-133.41348,16.54993,5.86724,-3.51352,-6.0242000000000004,-1.58127,7.80393,-7.0145,NA,NA,NA,NA,NA,NA,NA,NA,NA,NA,NA,NA,NA,NA,NA,NA,NA,NA,NA,NA,NA,NA,NA,NA,NA,NA,NA,NA,NA,NA,NA,NA,NA,NA,NA,NA,NA,NA,NA,NA,NA,NA,NA,NA,NA,NA,NA,NA,NA,NA,High,High,High,NA,NA,NA,NA,NA,224.585075,8.795522,2009.952977,0.98824,01:30:00,-0.175855,-0.697626,-0.694545,-36.100302,40.883932,34.457057,0.132674,177.306893,-0.990065,2.669282,0.990065,-0.046571,-0.132674,7.632482,7.624152,0.046571,0.046571,-177.306893,-7.624152,0.132674,-2.669282,-7.632482,-0.132674,-0.046571,0.990065,-0.990065,NA,NA,NA,NA,NA,NA,NA,NA,NA,NA,NA
NA,NA,NA,NA,NA,NA,NA,NA,NA,NA,NA,NA,NA,NA,NA,NA,231,2026-02-07,18:05:45,1,2,"Hawkins, Bryce",10001993,Right,LEE_UNI,"Cady, Griffin",1000428757,Right,TIF_UNI,Undefined,7,Top,0,0,1,Slider,Curveball,BallCalled,Undefined,Undefined,Undefined,0,0,NA,79.18897,1.103847,-1.783435,2412.636433,57.698634,08:00:00,5.42572,2.1555,5.17877,-59.2744,-12.68162,-22.64131,1.52548,-1.40992,72.00759,-9.599798,-5.795923,0.491282,NA,NA,NA,NA,NA,NA,NA,NA,NA,NA,NA,10.65918,-6.18319,-1.97178,50,5.48344,4.51008,-114.7724,0.05088,13.92548,25.31679,-40.25197,LEE_UNI,TIF_UNI,LeeUniversity,D2,Team,20260207-LeeUniversity-2,8d8e4060-0479-11f1-a4d3-8b26f3e68120,76.72263,NA,NA,7.18138,NA,NA,NA,NA,NA,NA,8c003a57-e22a-4906-b3d2-4bbc25b7dc7a,2026-02-07,23:05:45,2026-02-07T23:05:45Z,2026-02-07T23:05:45Z,NA,v3,NA,NA,NA,"Caraballo, Nate",1000188954,Right,LEE_UNI,84d02385-c13e-4f6f-9341-832612e30f39,55.32381,-115.94079,12.6584,5.43822,1.90855,-20.12599,-2.1651,3.8674,6.96274,NA,NA,NA,NA,NA,NA,NA,NA,NA,NA,NA,NA,NA,NA,NA,NA,NA,NA,NA,NA,NA,NA,NA,NA,NA,NA,NA,NA,NA,NA,NA,NA,NA,NA,NA,NA,NA,NA,NA,NA,NA,NA,NA,NA,NA,NA,NA,NA,NA,NA,High,High,High,NA,NA,NA,NA,NA,45.363428,50.485461,1535.097846,0.636274,07:30:00,-0.748315,0.467536,0.470568,-11.535387,75.954045,43.640929,-0.509499,94.999394,-0.074986,-59.003352,0.074986,-0.857197,0.509499,81.627562,-30.630493,0.857197,-0.857197,-94.999394,30.630493,0.509499,59.003352,-81.627562,-0.509499,0.857197,0.074986,-0.074986,NA,NA,NA,NA,NA,NA,NA,NA,NA,NA,NA
NA,NA,NA,NA,NA,NA,NA,NA,NA,NA,NA,NA,NA,NA,NA,NA,232,2026-02-07,18:05:59,1,3,"Hawkins, Bryce",10001993,Right,LEE_UNI,"Cady, Griffin",1000428757,Right,TIF_UNI,Undefined,7,Top,0,1,1,Fastball,Four-Seam,BallCalled,Undefined,Undefined,Undefined,0,0,NA,91.86753,-0.829471,-4.247105,1920.426254,209.548484,01:00:00,5.8238,1.67404,5.66845,-17.45391,16.15265,8.53241,3.59373,-1.58216,83.59522,-4.12822,-2.728894,0.417238,NA,NA,NA,NA,NA,NA,NA,NA,NA,NA,NA,-5.51575,8.74937,-1.3201,50,5.74268,9.49088,-133.01519,-2.48784,-9.86292,29.0463,-16.52896,LEE_UNI,TIF_UNI,LeeUniversity,D2,Team,20260207-LeeUniversity-2,95fa5180-0479-11f1-a4d3-8b26f3e68120,90.33806,NA,NA,8.27231,NA,NA,NA,NA,NA,NA,8c003a57-e22a-4906-b3d2-4bbc25b7dc7a,2026-02-07,23:05:59,2026-02-07T23:05:59Z,2026-02-07T23:05:59Z,NA,v3,NA,NA,NA,"Caraballo, Nate",1000188954,Right,LEE_UNI,49d4b975-79b2-47a3-98ef-62bace3c21cc,54.82935,-134.06562,14.52315,5.82184,-1.89009,-8.26448,-1.66977,9.84756,-4.93146,NA,NA,NA,NA,NA,NA,NA,NA,NA,NA,NA,NA,NA,NA,NA,NA,NA,NA,NA,NA,NA,NA,NA,NA,NA,NA,NA,NA,NA,NA,NA,NA,NA,NA,NA,NA,NA,NA,NA,NA,NA,NA,NA,NA,NA,NA,NA,NA,NA,NA,High,High,High,NA,NA,NA,NA,NA,219.933648,19.179666,1813.829199,0.944493,01:15:00,-0.372477,-0.610963,-0.69856,-22.544238,37.603848,43.432568,-0.200852,172.924112,-0.972161,-6.930978,0.972161,-0.120674,0.200852,11.673257,-11.586765,0.120674,-0.120674,-172.924112,11.586765,0.200852,6.930978,-11.673257,-0.200852,0.120674,0.972161,-0.972161,NA,NA,NA,NA,NA,NA,NA,NA,NA,NA,NA
NA,NA,NA,NA,NA,NA,NA,NA,NA,NA,NA,NA,NA,NA,NA,NA,233,2026-02-07,18:06:14,1,4,"Hawkins, Bryce",10001993,Right,LEE_UNI,"Cady, Griffin",1000428757,Right,TIF_UNI,Undefined,7,Top,0,2,1,Fastball,Four-Seam,FoulBallNotFieldable,Undefined,Undefined,Undefined,0,0,NA,92.54102,-1.498796,-2.707271,1992.846814,213.807375,01:15:00,5.7883,1.63173,5.45744,-15.03926,18.50454,11.59997,3.13015,0.06229,83.62143,-4.371864,-0.645025,0.416848,74.84891,31.533548,147.0997,4246.836209,NA,NA,NA,NA,39.21187,NA,NA,-6.68394,10.12575,-1.40123,50,5.64622,5.80037,-134.04673,-3.98053,-12.03745,31.73397,-13.93808,LEE_UNI,TIF_UNI,LeeUniversity,D2,Team,20260207-LeeUniversity-2,9ec48830-0479-11f1-a4d3-8b26f3e68120,90.42254,24.06375,NA,8.91959,NA,NA,NA,0.86464,3.05571,-0.10134,8c003a57-e22a-4906-b3d2-4bbc25b7dc7a,2026-02-07,23:06:14,2026-02-07T23:06:14Z,2026-02-07T23:06:14Z,NA,v3,NA,NA,NA,"Caraballo, Nate",1000188954,Right,LEE_UNI,d92213a7-e78c-4056-b4e5-d6b7cd8df375,55.0407,-135.23479,15.86699,5.78548,-3.45871,-6.96904,-1.62682,6.25103,-6.01872,294.649164,0.8647,-78.56658,5.75724,NA,NA,NA,NA,NA,NA,3.07047,56.97849,-24.12962,NA,NA,NA,NA,NA,NA,-0.08184,50.24716,-14.32577,NA,NA,NA,NA,NA,NA,NA,NA,NA,NA,NA,NA,NA,NA,NA,NA,NA,NA,NA,NA,NA,NA,NA,NA,NA,NA,NA,NA,High,High,High,High,Undefined,NA,NA,NA,223.317809,12.494409,1945.650466,0.976317,01:30:00,-0.23208,-0.675227,-0.700148,-29.306878,34.019342,38.875371,-0.119417,173.649226,-0.986751,-6.3051450000000004,0.986751,-0.109824,0.119417,6.900371,-6.85843,0.109824,-0.109824,-173.649226,6.85843,0.119417,6.3051450000000004,-6.900371,-0.119417,0.109824,0.986751,-0.986751,NA,NA,NA,NA,NA,NA,NA,NA,NA,NA,NA
NA,NA,NA,NA,NA,NA,NA,NA,NA,NA,NA,NA,NA,NA,NA,NA,234,2026-02-07,18:06:37,1,5,"Hawkins, Bryce",10001993,Right,LEE_UNI,"Cady, Griffin",1000428757,Right,TIF_UNI,Undefined,7,Top,0,2,2,Fastball,Four-Seam,StrikeSwinging,Strikeout,Undefined,Undefined,0,0,NA,92.81198,-0.185985,-2.742667,1931.891183,212.159692,01:00:00,5.80155,1.55932,5.60192,-15.78269,17.48107,10.24103,4.31249,-0.14965,83.50406,-3.209162,-0.917593,0.415104,NA,NA,NA,NA,NA,NA,NA,NA,NA,NA,NA,-5.99784,9.21571,-1.33089,50,5.77564,5.95527,-134.42246,-0.91732,-10.83022,32.70911,-15.53337,LEE_UNI,TIF_UNI,LeeUniversity,D2,Team,20260207-LeeUniversity-2,ac800120-0479-11f1-a4d3-8b26f3e68120,90.80236,NA,NA,9.30792,NA,NA,NA,NA,NA,NA,8c003a57-e22a-4906-b3d2-4bbc25b7dc7a,2026-02-07,23:06:37,2026-02-07T23:06:37Z,2026-02-07T23:06:37Z,NA,v3,NA,NA,NA,"Caraballo, Nate",1000188954,Right,LEE_UNI,984da1f4-ad06-4a75-ad43-80a16ad994f3,54.8935,-135.60798,16.35456,5.79868,-0.35432,-7.76668,-1.55385,6.3478,-5.41511,NA,NA,NA,NA,NA,NA,NA,NA,NA,NA,NA,NA,NA,NA,NA,NA,NA,NA,NA,NA,NA,NA,NA,NA,NA,NA,NA,NA,NA,NA,NA,NA,NA,NA,NA,NA,NA,NA,NA,NA,NA,NA,NA,NA,NA,NA,NA,NA,NA,NA,High,High,High,NA,NA,NA,NA,NA,222.746187,13.262232,1880.368237,0.97333,01:30:00,-0.261205,-0.661391,-0.703089,-22.623016,37.627768,36.814676,-0.012334,177.110965,-0.998653,-2.888816,0.998653,-0.050398,0.012334,0.707609,-0.70671,0.050398,-0.050398,-177.110965,0.70671,0.012334,2.888816,-0.707609,-0.012334,0.050398,0.998653,-0.998653,NA,NA,NA,NA,NA,NA,NA,NA,NA,NA,NA
NA,NA,NA,NA,NA,NA,NA,NA,NA,NA,NA,NA,NA,NA,NA,NA,235,2026-02-07,18:07:10,2,1,"Hawkins, Bryce",10001993,Right,LEE_UNI,"Miller, Will",10306924,Left,TIF_UNI,Undefined,7,Top,1,0,0,Fastball,Four-Seam,InPlay,Undefined,GroundBall,Out,1,0,NA,90.53273,-1.938753,-3.436747,1851.185908,209.600993,01:00:00,6.04297,1.66462,5.88781,-16.06599,18.21399,9.70485,2.89995,-0.72172,82.48041,-5.002884,-1.699524,0.421397,44.91011,-55.87643,-38.820326,NA,NA,NA,NA,1.8218,1.38009,-16.254051,0.061752,-5.95776,10.21969,-1.39286,50,5.87715,7.46529,-131.21215,-4.91726,-10.35975,28.43387,-14.40334,LEE_UNI,TIF_UNI,LeeUniversity,D2,Team,20260207-LeeUniversity-2,c041fce0-0479-11f1-a4d3-8b26f3e68120,89.44632,3.40846,NA,8.05232,NA,NA,NA,-0.05058,3.40846,0.93802,8c003a57-e22a-4906-b3d2-4bbc25b7dc7a,2026-02-07,23:07:10,2026-02-07T23:07:10Z,2026-02-07T23:07:10Z,GroundBall,v3,NA,NA,NA,"Caraballo, Nate",1000188954,Right,LEE_UNI,961a5cce-cde6-4f6f-bd8a-2bc0e5333731,54.61127,-132.20765,14.21694,6.04048,-4.41299,-7.20167,-1.66058,7.828,-5.17988,NA,-0.05409,29.14178,NA,NA,NA,NA,NA,NA,NA,3.4151,-55.19606,NA,NA,NA,NA,NA,NA,NA,0.94084,-23.44762,NA,NA,NA,NA,NA,NA,NA,NA,NA,NA,NA,NA,NA,NA,NA,NA,NA,NA,NA,NA,NA,NA,NA,NA,NA,NA,NA,NA,NA,High,High,High,Low,Low,NA,NA,NA,220.290139,14.49671,1792.247877,0.968162,01:15:00,-0.272859,-0.634181,-0.723438,-40.125218,-31.64303,-38.140303,0.053313,166.760004,-0.972035,13.220825,0.972035,-0.228705,-0.053313,3.139362,3.056076,0.228705,0.228705,-166.760004,-3.056076,0.053313,-13.220825,-3.139362,-0.053313,-0.228705,0.972035,-0.972035,NA,NA,NA,NA,NA,NA,NA,NA,NA,NA,NA
NA,NA,NA,NA,NA,NA,NA,NA,NA,NA,NA,NA,NA,NA,NA,NA,236,2026-02-07,18:07:40,3,1,"Hawkins, Bryce",10001993,Right,LEE_UNI,"Clark, Brayden",1000428745,Right,TIF_UNI,Undefined,7,Top,2,0,0,Fastball,Four-Seam,BallCalled,Undefined,Undefined,Undefined,0,0,NA,92.92708,-0.085255,-2.166495,1979.695208,205.903635,12:45:00,5.82434,1.68376,5.44877,-16.09824,16.9732,7.71059,4.40295,0.29701,84.31506,-3.138759,-0.795485,0.413903,NA,NA,NA,NA,NA,NA,NA,NA,NA,NA,NA,-4.46642,8.8593,-1.49766,50,5.80598,4.7265,-134.7283,-0.72002,-8.17546,30.40426,-15.95771,LEE_UNI,TIF_UNI,LeeUniversity,D2,Team,20260207-LeeUniversity-2,d2374ef0-0479-11f1-a4d3-8b26f3e68120,91.06598,NA,NA,8.61202,NA,NA,NA,NA,NA,NA,8c003a57-e22a-4906-b3d2-4bbc25b7dc7a,2026-02-07,23:07:40,2026-02-07T23:07:40Z,2026-02-07T23:07:40Z,NA,v3,NA,NA,NA,"Caraballo, Nate",1000188954,Right,LEE_UNI,faeaf7c3-41ca-4157-9c59-b39933372c34,55.04727,-135.86255,15.20213,5.82173,-0.12471,-7.97885,-1.67968,5.03149,-4.08773,NA,NA,NA,NA,NA,NA,NA,NA,NA,NA,NA,NA,NA,NA,NA,NA,NA,NA,NA,NA,NA,NA,NA,NA,NA,NA,NA,NA,NA,NA,NA,NA,NA,NA,NA,NA,NA,NA,NA,NA,NA,NA,NA,NA,NA,NA,NA,NA,NA,NA,High,High,High,NA,NA,NA,NA,NA,220.048374,18.668639,1875.534785,0.947386,01:15:00,-0.346375,-0.610056,-0.71264,-28.963549,37.673636,26.3653,-0.10193,178.56589,-0.99448,-1.426639,0.99448,-0.024897,0.10193,5.852166,-5.850346,0.024897,-0.024897,-178.56589,5.850346,0.10193,1.426639,-5.852166,-0.10193,0.024897,0.99448,-0.99448,NA,NA,NA,NA,NA,NA,NA,NA,NA,NA,NA
NA,NA,NA,NA,NA,NA,NA,NA,NA,NA,NA,NA,NA,NA,NA,NA,237,2026-02-07,18:07:54,3,2,"Hawkins, Bryce",10001993,Right,LEE_UNI,"Clark, Brayden",1000428745,Right,TIF_UNI,Undefined,7,Top,2,1,0,Fastball,Four-Seam,StrikeCalled,Undefined,Undefined,Undefined,0,0,NA,92.6814,-0.949192,-3.006243,1997.85825,215.816351,01:15:00,5.70133,1.94129,5.50358,-18.86147,14.42328,9.5913,3.24049,-0.07366,84.03396,-4.495822,-1.300337,0.415235,NA,NA,NA,NA,NA,NA,NA,NA,NA,NA,NA,-5.67973,7.8728,-1.68494,50,5.60586,6.59593,-134.26258,-2.87025,-10.30424,30.72676,-17.89105,LEE_UNI,TIF_UNI,LeeUniversity,D2,Team,20260207-LeeUniversity-2,da1291c0-0479-11f1-a4d3-8b26f3e68120,90.77373,NA,NA,8.64744,NA,NA,NA,NA,NA,NA,8c003a57-e22a-4906-b3d2-4bbc25b7dc7a,2026-02-07,23:07:54,2026-02-07T23:07:54Z,2026-02-07T23:07:54Z,NA,v3,NA,NA,NA,"Caraballo, Nate",1000188954,Right,LEE_UNI,38d1fe28-5d9e-4365-916f-c2ce1cea5c96,54.99277,-135.40038,15.36338,5.69988,-2.20775,-8.94553,-1.93626,6.9775,-5.15212,NA,NA,NA,NA,NA,NA,NA,NA,NA,NA,NA,NA,NA,NA,NA,NA,NA,NA,NA,NA,NA,NA,NA,NA,NA,NA,NA,NA,NA,NA,NA,NA,NA,NA,NA,NA,NA,NA,NA,NA,NA,NA,NA,NA,NA,NA,NA,NA,NA,NA,High,High,High,NA,NA,NA,NA,NA,226.240116,18.968991,1889.363832,0.945695,01:30:00,-0.347568,-0.688314,-0.636726,-53.149389,-28.377719,-23.887911,0.028607,160.305647,-0.941118,19.685959,0.941118,-0.336865,-0.028607,1.741072,1.639283,0.336865,0.336865,-160.305647,-1.639283,0.028607,-19.685959,-1.741072,-0.028607,-0.336865,0.941118,-0.941118,NA,NA,NA,NA,NA,NA,NA,NA,NA,NA,NA
NA,NA,NA,NA,NA,NA,NA,NA,NA,NA,NA,NA,NA,NA,NA,NA,238,2026-02-07,18:08:16,3,3,"Hawkins, Bryce",10001993,Right,LEE_UNI,"Clark, Brayden",1000428745,Right,TIF_UNI,Undefined,7,Top,2,1,1,Fastball,Four-Seam,BallCalled,Undefined,Undefined,Undefined,0,0,NA,92.96129,-2.137966,-4.805962,2078.286443,220.795931,01:15:00,5.85993,1.74889,5.68925,-14.81186,18.32064,14.78355,2.625,-1.50899,83.89828,-4.980035,-2.176108,0.414284,NA,NA,NA,NA,NA,NA,NA,NA,NA,NA,NA,-9.10729,10.35906,-1.35368,50,5.67064,10.64654,-134.37553,-5.48401,-16.46046,32.24565,-13.45111,LEE_UNI,TIF_UNI,LeeUniversity,D2,Team,20260207-LeeUniversity-2,e760c9f0-0479-11f1-a4d3-8b26f3e68120,90.98209,NA,NA,9.06301,NA,NA,NA,NA,NA,NA,8c003a57-e22a-4906-b3d2-4bbc25b7dc7a,2026-02-07,23:08:16,2026-02-07T23:08:16Z,2026-02-07T23:08:16Z,NA,v3,NA,NA,NA,"Caraballo, Nate",1000188954,Right,LEE_UNI,b693b82e-a8fd-4c32-bbeb-4e03bafad6ea,54.81108,-135.52512,16.12282,5.85761,-5.00447,-6.72555,-1.74369,11.23337,-8.23023,NA,NA,NA,NA,NA,NA,NA,NA,NA,NA,NA,NA,NA,NA,NA,NA,NA,NA,NA,NA,NA,NA,NA,NA,NA,NA,NA,NA,NA,NA,NA,NA,NA,NA,NA,NA,NA,NA,NA,NA,NA,NA,NA,NA,NA,NA,NA,NA,NA,NA,High,High,High,NA,NA,NA,NA,NA,224.580362,12.690091,2027.519204,0.975573,01:30:00,-0.251514,-0.692482,-0.676173,-51.516206,-21.572047,-24.878386,-0.053263,169.027587,-0.980325,-10.956645,0.980325,-0.190066,0.053263,3.109921,-3.053177,0.190066,-0.190066,-169.027587,3.053177,0.053263,10.956645,-3.109921,-0.053263,0.190066,0.980325,-0.980325,NA,NA,NA,NA,NA,NA,NA,NA,NA,NA,NA
NA,NA,NA,NA,NA,NA,NA,NA,NA,NA,NA,NA,NA,NA,NA,NA,239,2026-02-07,18:08:32,3,4,"Hawkins, Bryce",10001993,Right,LEE_UNI,"Clark, Brayden",1000428745,Right,TIF_UNI,Undefined,7,Top,2,2,1,Fastball,Four-Seam,StrikeSwinging,Undefined,Undefined,Undefined,0,0,NA,92.22102,-1.494117,-3.446068,2005.121195,220.176619,01:15:00,5.79782,1.94641,5.60583,-16.51111,16.92954,13.34646,3.02432,-0.16213,83.78798,-4.625116,-1.068984,0.416206,78.08044,65.657064,-82.322387,5006.018547,NA,NA,NA,NA,32.17706,NA,NA,-7.78902,9.34906,-1.66025,50,5.65938,7.44603,-133.61805,-4.01945,-14.01747,30.01548,-15.34906,LEE_UNI,TIF_UNI,LeeUniversity,D2,Team,20260207-LeeUniversity-2,f0f6dc20-0479-11f1-a4d3-8b26f3e68120,90.5619,65.61967,NA,8.43304,NA,NA,NA,1.81206,3.05622,0.15469,8c003a57-e22a-4906-b3d2-4bbc25b7dc7a,2026-02-07,23:08:32,2026-02-07T23:08:32Z,2026-02-07T23:08:32Z,NA,v3,NA,NA,NA,"Caraballo, Nate",1000188954,Right,LEE_UNI,63e39290-c9d0-41b0-85bf-587be9788121,54.89363,-134.71285,15.00774,5.79577,-3.4596,-7.67453,-1.94116,7.95731,-7.00873,NA,1.81206,6.30639,-4.86758,-1.36993,0.61772,-0.21942,0.05659,-0.01444,0.00238,3.05622,104.33654,-32.10928,5.04287,-1.06909,0.20595,-0.03663,0.00677,-3.8e-4,0.15469,-46.78075,7.29791,-2.39234,0.626,-0.14835,0.03275,-0.00706,8e-4,NA,NA,NA,NA,NA,NA,NA,NA,NA,NA,NA,NA,NA,NA,NA,NA,NA,NA,NA,NA,NA,NA,High,High,High,Low,Undefined,NA,NA,NA,229.082388,10.816045,1969.499692,0.982235,01:45:00,-0.206606,-0.746868,-0.632061,-33.156359,34.010828,34.154472,-0.04645,172.21513,-0.989714,-7.776415,0.989714,-0.135308,0.04645,2.687092,-2.662362,0.135308,-0.135308,-172.21513,2.662362,0.04645,7.776415,-2.687092,-0.04645,0.135308,0.989714,-0.989714,NA,NA,NA,NA,NA,NA,NA,NA,NA,NA,NA
NA,NA,NA,NA,NA,NA,NA,NA,NA,NA,NA,NA,NA,NA,NA,NA,240,2026-02-07,18:09:06,3,5,"Hawkins, Bryce",10001993,Right,LEE_UNI,"Clark, Brayden",1000428745,Right,TIF_UNI,Undefined,7,Top,2,2,2,Slider,Curveball,StrikeSwinging,Strikeout,Undefined,Undefined,0,0,NA,79.23041,1.625074,0.026223,2496.174391,73.119424,08:30:00,5.68607,2.19774,5.31501,-51.53436,-4.56547,-21.34229,2.91719,0.44383,70.56141,-7.824959,-3.766979,0.493261,NA,NA,NA,NA,NA,NA,NA,NA,NA,NA,NA,10.52272,-2.20886,-2.18473,50,5.79718,0.85875,-114.60897,1.41738,13.52231,27.85541,-35.01254,LEE_UNI,TIF_UNI,LeeUniversity,D2,Team,20260207-LeeUniversity-2,05791aa0-047a-11f1-a4d3-8b26f3e68120,76.41486,NA,NA,8.669,NA,NA,NA,NA,NA,NA,8c003a57-e22a-4906-b3d2-4bbc25b7dc7a,2026-02-07,23:09:06,2026-02-07T23:09:06Z,2026-02-07T23:09:06Z,NA,v3,NA,NA,NA,"Caraballo, Nate",1000188954,Right,LEE_UNI,a88c9ccf-cc68-41c1-a11a-5a7d5caaa4f3,55.18063,-115.86127,13.9277,5.69807,2.99144,-17.50627,-2.20968,0.25083,6.76116,NA,NA,NA,NA,NA,NA,NA,NA,NA,NA,NA,NA,NA,NA,NA,NA,NA,NA,NA,NA,NA,NA,NA,NA,NA,NA,NA,NA,NA,NA,NA,NA,NA,NA,NA,NA,NA,NA,NA,NA,NA,NA,NA,NA,NA,NA,NA,NA,NA,NA,High,High,High,NA,NA,NA,NA,NA,45.32587,49.490568,1621.448037,0.649573,07:30:00,-0.747102,0.483298,0.456356,76.433842,12.191795,-30.691992,-0.96552,95.974708,-0.027097,-15.005585,0.027097,-0.258913,0.96552,88.392416,-74.910515,0.258913,-0.258913,-95.974708,74.910515,0.96552,15.005585,-88.392416,-0.96552,0.258913,0.027097,-0.027097,NA,NA,NA,NA,NA,NA,NA,NA,NA,NA,NA
