PitchNo,Date,Time,PAofInning,PitchofPA,Pitcher,PitcherId,PitcherThrows,PitcherTeam,Batter,BatterId,BatterSide,BatterTeam,PitcherSet,Inning,Top/Bottom,Outs,Balls,Strikes,TaggedPitchType,AutoPitchType,PitchCall,KorBB,TaggedHitType,PlayResult,OutsOnPlay,RunsScored,Notes,RelSpeed,VertRelAngle,HorzRelAngle,SpinRate,SpinAxis,Tilt,RelHeight,RelSide,Extension,VertBreak,InducedVertBreak,HorzBreak,PlateLocHeight,PlateLocSide,ZoneSpeed,VertApprAngle,HorzApprAngle,ZoneTime,ExitSpeed,Angle,Direction,HitSpinRate,PositionAt110X,PositionAt110Y,PositionAt110Z,Distance,LastTrackedDistance,Bearing,HangTime,pfxx,pfxz,x0,y0,z0,vx0,vy0,vz0,ax0,ay0,az0,HomeTeam,AwayTeam,Stadium,Level,League,GameID,PitchUID,EffectiveVelo,MaxHeight,MeasuredDuration,SpeedDrop,PitchLastMeasuredX,PitchLastMeasuredY,PitchLastMeasuredZ,ContactPositionX,ContactPositionY,ContactPositionZ,GameUID,UTCDate,UTCTime,LocalDateTime,UTCDateTime,AutoHitType,System,HomeTeamForeignID,AwayTeamForeignID,GameForeignID,Catcher,CatcherId,CatcherThrows,CatcherTeam,PlayID,PitchTrajectoryXc0,PitchTrajectoryXc1,PitchTrajectoryXc2,PitchTrajectoryYc0,PitchTrajectoryYc1,PitchTrajectoryYc2,PitchTrajectoryZc0,PitchTrajectoryZc1,PitchTrajectoryZc2,HitSpinAxis,HitTrajectoryXc0,HitTrajectoryXc1,HitTrajectoryXc2,HitTrajectoryXc3,HitTrajectoryXc4,HitTrajectoryXc5,HitTrajectoryXc6,HitTrajectoryXc7,HitTrajectoryXc8,HitTrajectoryYc0,HitTrajectoryYc1,HitTrajectoryYc2,HitTrajectoryYc3,HitTrajectoryYc4,HitTrajectoryYc5,HitTrajectoryYc6,HitTrajectoryYc7,HitTrajectoryYc8,HitTrajectoryZc0,HitTrajectoryZc1,HitTrajectoryZc2,HitTrajectoryZc3,HitTrajectoryZc4,HitTrajectoryZc5,HitTrajectoryZc6,HitTrajectoryZc7,HitTrajectoryZc8,ThrowSpeed,PopTime,ExchangeTime,TimeToBase,CatchPositionX,CatchPositionY,CatchPositionZ,ThrowPositionX,ThrowPositionY,ThrowPositionZ,BasePositionX,BasePositionY,BasePositionZ,ThrowTrajectoryXc0,ThrowTrajectoryXc1,ThrowTrajectoryXc2,ThrowTrajectoryYc0,ThrowTrajectoryYc1,ThrowTrajectoryYc2,ThrowTrajectoryZc0,ThrowTrajectoryZc1,ThrowTrajectoryZc2,PitchReleaseConfidence,PitchLocationConfidence,PitchMovementConfidence,HitLaunchConfidence,HitLandingConfidence,CatcherThrowCatchConfidence,CatcherThrowReleaseConfidence,CatcherThrowLocationConfidence,SpinAxis3dTransverseAngle,SpinAxis3dLongitudinalAngle,SpinAxis3dActiveSpinRate,SpinAxis3dSpinEfficiency,SpinAxis3dTilt,SpinAxis3dVectorX,SpinAxis3dVectorY,SpinAxis3dVectorZ,SpinAxis3dSeamOrientationRotationX,SpinAxis3dSeamOrientationRotationY,SpinAxis3dSeamOrientationRotationZ,SpinAxis3dSeamOrientationBallAngleHorizontalAmb1,SpinAxis3dSeamOrientationBallAngleVerticalAmb1,SpinAxis3dSeamOrientationBallXAmb1,SpinAxis3dSeamOrientationBallYAmb1,SpinAxis3dSeamOrientationBallZAmb1,SpinAxis3dSeamOrientationBallAngleHorizontalAmb2,SpinAxis3dSeamOrientationBallAngleVerticalAmb2,SpinAxis3dSeamOrientationBallXAmb2,SpinAxis3dSeamOrientationBallYAmb2,SpinAxis3dSeamOrientationBallZAmb2,SpinAxis3dSeamOrientationBallAngleHorizontalAmb3,SpinAxis3dSeamOrientationBallAngleVerticalAmb3,SpinAxis3dSeamOrientationBallXAmb3,SpinAxis3dSeamOrientationBallYAmb3,SpinAxis3dSeamOrientationBallZAmb3,SpinAxis3dSeamOrientationBallAngleHorizontalAmb4,SpinAxis3dSeamOrientationBallAngleVerticalAmb4,SpinAxis3dSeamOrientationBallXAmb4,SpinAxis3dSeamOrientationBallYAmb4,SpinAxis3dSeamOrientationBallZAmb4
1,2026-03-20,18:05:29.06,1,1,"Harris, Grayden",1000390608,Left,SOU_GOL,"Meier, Steven",1000136981,Left,TRO_TRJ,Undefined,1,Top,0,0,0,TwoSeamFastBall,Sinker,StrikeCalled,Undefined,Undefined,Undefined,0,0,,92.11383,-1.095981,3.931137,2170.76637,111.663846,9:45,4.95603,-2.74834,6.3765,-24.92202,7.82059,-16.80343,1.86838,-0.52623,83.37823,-5.792794,0.894254,0.41184,,,,,,,,,,,,9.96331,4.75555,2.47184,50,4.86539,-8.47961,-133.51798,-3.35416,17.78503,31.7394,-23.68517,SOU_GOL,TRO_TRJ,HillDensonField,D1,SBELT,20260320-HillDensonField-1,4a64d710-24b1-11f1-b0f9-cffb574f71cc,91.52212,,,8.73559,,,,,,,73f695f1-acc7-4437-a517-846b8f7664b0,2026-03-20,23:05:29.06,2026-03-20T18:05:29.0615808-05:00,2026-03-20T23:05:29.0615808Z,,v3,471449,471470,36ca09f5531f47ca8911e9f965eba1cf,"Stockman, Tucker",838152,Right,SOU_GOL,47a14abb-d44b-4830-b77e-8b4472bfd070,54.12137,-134.49412,15.8697,4.95735,-2.62573,-11.84258,2.74104,-9.02658,8.89251,,,,,,,,,,,,,,,,,,,,,,,,,,,,,,,,,,,,,,,,,,,,,,,,,,,High,High,High,,,,,,,,,,,,,,,,,,,,,,,,,,,,,,,,,,,,
2,2026-03-20,18:05:42.78,1,2,"Harris, Grayden",1000390608,Left,SOU_GOL,"Meier, Steven",1000136981,Left,TRO_TRJ,Undefined,1,Top,0,0,1,TwoSeamFastBall,Sinker,BallCalled,Undefined,Undefined,Undefined,0,0,,91.28285,0.212751,3.767746,2177.848837,108.118732,9:30,4.92821,-2.91224,6.33151,-26.55238,7.0254,-17.70473,2.91183,-0.91329,82.02118,-4.799528,0.570963,0.417059,,,,,,,,,,,,10.38497,3.95118,2.64498,50,4.93143,-7.96348,-132.26381,-0.36146,18.07932,32.74164,-25.29539,SOU_GOL,TRO_TRJ,HillDensonField,D1,SBELT,20260320-HillDensonField-1,5297fde0-24b1-11f1-b0f9-cffb574f71cc,90.37681,,,9.26167,,,,,,,73f695f1-acc7-4437-a517-846b8f7664b0,2026-03-20,23:05:42.78,2026-03-20T18:05:42.7897344-05:00,2026-03-20T23:05:42.7897344Z,,v3,471449,471470,36ca09f5531f47ca8911e9f965eba1cf,"Stockman, Tucker",838152,Right,SOU_GOL,f2a369b9-91fe-4335-b191-c8e0257af6ea,54.16494,-133.29084,16.37082,4.93032,0.432,-12.6477,2.90367,-8.53059,9.03966,,,,,,,,,,,,,,,,,,,,,,,,,,,,,,,,,,,,,,,,,,,,,,,,,,,High,High,High,,,,,,,,,,,,,,,,,,,,,,,,,,,,,,,,,,,,
3,2026-03-20,18:05:57.79,1,3,"Harris, Grayden",1000390608,Left,SOU_GOL,"Meier, Steven",1000136981,Left,TRO_TRJ,Undefined,1,Top,0,1,1,TwoSeamFastBall,Sinker,StrikeSwinging,Undefined,Undefined,Undefined,0,0,,90.87305,0.715498,4.49466,2195.855208,110.19091,9:45,4.95848,-2.82573,6.23976,-26.15308,8.28126,-18.75489,3.4411,-0.23424,80.66777,-4.244819,1.119915,0.422345,,,,,,,,,,,,11.21186,4.43477,2.49866,50,4.99941,-9.50714,-131.35781,0.80905,19.04576,35.02311,-24.64066,SOU_GOL,TRO_TRJ,HillDensonField,D1,SBELT,20260320-HillDensonField-1,5b8bb590-24b1-11f1-b0f9-cffb574f71cc,89.2456,,,10.20528,,,,,,,73f695f1-acc7-4437-a517-846b8f7664b0,2026-03-20,23:05:57.79,2026-03-20T18:05:57.7970176-05:00,2026-03-20T23:05:57.7970176Z,,v3,471449,471470,36ca09f5531f47ca8911e9f965eba1cf,"Stockman, Tucker",838152,Right,SOU_GOL,f595d19d-5836-4d43-80b8-ce4882d7ad1b,54.25406,-132.48719,17.51155,4.96051,1.60363,-12.32033,2.81514,-10.1213,9.52288,,,,,,,,,,,,,,,,,,,,,,,,,,,,,,,,,,,,,,,,,,,,,,,,,,,High,High,High,,,,,,,,,,,,,,,,,,,,,,,,,,,,,,,,,,,,
4,2026-03-20,18:06:34.79,1,4,"Harris, Grayden",1000390608,Left,SOU_GOL,"Meier, Steven",1000136981,Left,TRO_TRJ,Undefined,1,Top,0,1,2,FourSeamFastBall,Four-Seam,BallCalled,Undefined,Undefined,Undefined,0,0,,93.62045,-0.395807,2.645917,2186.251887,137.338506,10:30,5.30268,-2.57715,6.27848,-17.58162,14.3982,-12.17662,3.47233,-1.15133,83.9713,-3.780002,0.447187,0.407014,,,,,,,,,,,,7.14559,7.92859,2.38714,50,5.26487,-5.73818,-135.7217,-1.44402,13.08163,34.83347,-17.65899,SOU_GOL,TRO_TRJ,HillDensonField,D1,SBELT,20260320-HillDensonField-1,7193f7d0-24b1-11f1-b0f9-cffb574f71cc,92.60724,,,9.64915,,,,,,,73f695f1-acc7-4437-a517-846b8f7664b0,2026-03-20,23:06:34.79,2026-03-20T18:06:34.7909120-05:00,2026-03-20T23:06:34.7909120Z,,v3,471449,471470,36ca09f5531f47ca8911e9f965eba1cf,"Stockman, Tucker",838152,Right,SOU_GOL,59e8afd9-215d-4c66-a453-298b82db5aee,54.21616,-136.79952,17.41673,5.30109,-0.89762,-8.8295,2.57095,-6.14295,6.54082,,,,,,,,,,,,,,,,,,,,,,,,,,,,,,,,,,,,,,,,,,,,,,,,,,,High,High,High,,,,,,,,,,,,,,,,,,,,,,,,,,,,,,,,,,,,
5,2026-03-20,18:06:48.92,1,5,"Harris, Grayden",1000390608,Left,SOU_GOL,"Meier, Steven",1000136981,Left,TRO_TRJ,Undefined,1,Top,0,2,2,TwoSeamFastBall,Sinker,StrikeCalled,Strikeout,Undefined,Undefined,0,0,,91.80461,-0.407118,5.040207,2186.606043,115.075521,9:45,4.84689,-2.78639,6.29391,-23.926,9.23008,-17.22729,2.47646,0.43435,82.91243,-4.923629,1.940639,0.414432,,,,,,,,,,,,10.42044,5.26866,2.42239,50,4.80545,-10.98082,-132.84912,-1.70721,18.42841,31.23235,-22.85648,SOU_GOL,TRO_TRJ,HillDensonField,D1,SBELT,20260320-HillDensonField-1,7a0909a0-24b1-11f1-b0f9-cffb574f71cc,90.9497,,,8.89219,,,,,,,73f695f1-acc7-4437-a517-846b8f7664b0,2026-03-20,23:06:48.92,2026-03-20T18:06:48.9250000-05:00,2026-03-20T23:06:48.9250000Z,,v3,471449,471470,36ca09f5531f47ca8911e9f965eba1cf,"Stockman, Tucker",838152,Right,SOU_GOL,fa0dc15b-48fc-4141-b9c7-5ededf047e95,54.20271,-133.83351,15.61618,4.84791,-0.98681,-11.42824,2.77764,-11.56165,9.2142,,,,,,,,,,,,,,,,,,,,,,,,,,,,,69.59957,2.503153,1.518387,0.984766,-1.39417,2.22741,-0.52553,0.11911,5.5933,-1.28353,75.98694,7.18334,-48.78758,0.18498,83.36421,-6.47647,5.63486,15.12854,-13.75714,-1.36405,-54.63679,6.56541,High,High,High,,,High,High,High,,,,,,,,,,,,,,,,,,,,,,,,,,,,,,,
6,2026-03-20,18:07:18.70,2,1,"Harris, Grayden",1000390608,Left,SOU_GOL,"Pyne, Josh",695635,Right,TRO_TRJ,Undefined,1,Top,1,0,0,TwoSeamFastBall,Sinker,FoulBallNotFieldable,Undefined,Undefined,Undefined,0,0,,92.22363,-0.771861,3.504437,2073.923154,103.9458,9:30,4.92269,-2.7696,6.549,-27.69277,5.02646,-15.28737,1.90579,-0.82595,82.78407,-6.003312,0.730188,0.411692,68.0095,69.30076,101.500286,1414.786044,,,,,10.71283,,,9.25119,3.23917,2.53339,50,4.85767,-7.57386,-133.69017,-2.67717,16.37768,34.6864,-26.43964,SOU_GOL,TRO_TRJ,HillDensonField,D1,SBELT,20260320-HillDensonField-1,8bbe9390-24b1-11f1-b0f9-cffb574f71cc,91.55484,27.586,,9.43956,,,,2.28316,2.01285,0.81305,73f695f1-acc7-4437-a517-846b8f7664b0,2026-03-20,23:07:18.70,2026-03-20T18:07:18.7023360-05:00,2026-03-20T23:07:18.7023360Z,,v3,471449,471470,36ca09f5531f47ca8911e9f965eba1cf,"Stockman, Tucker",838152,Right,SOU_GOL,5aaba1f9-f689-4fa2-a898-c237dd4a5682,53.94864,-134.71076,17.3432,4.925,-1.89923,-13.21982,2.76333,-8.05574,8.18884,338.928229,2.28533,-7.12672,-4.03134,,,,,,,2.01623,93.15735,-24.36301,,,,,,,0.81436,34.49063,-4.168,,,,,,,,,,,,,,,,,,,,,,,,,,,,,High,High,High,Medium,Undefined,,,,,,,,,,,,,,,,,,,,,,,,,,,,,,,,,,
7,2026-03-20,18:07:35.11,2,2,"Harris, Grayden",1000390608,Left,SOU_GOL,"Pyne, Josh",695635,Right,TRO_TRJ,Undefined,1,Top,1,0,1,TwoSeamFastBall,Sinker,BallCalled,Undefined,Undefined,Undefined,0,0,,91.13633,1.194939,2.70773,2017.667559,111.053868,9:45,4.92035,-2.67444,6.40824,-25.20915,8.70276,-19.10623,3.91968,-1.77511,80.9344,-3.613065,-0.750991,0.419129,,,,,,,,,,,,10.7856,4.50126,2.4879,50,4.9948,-5.41683,-132.00544,1.97829,18.48987,35.54584,-24.45746,SOU_GOL,TRO_TRJ,HillDensonField,D1,SBELT,20260320-HillDensonField-1,958cccc0-24b1-11f1-b0f9-cffb574f71cc,89.93044,,,10.20192,,,,,,,73f695f1-acc7-4437-a517-846b8f7664b0,2026-03-20,23:07:35.11,2026-03-20T18:07:35.1122944-05:00,2026-03-20T23:07:35.1122944Z,,v3,471449,471470,36ca09f5531f47ca8911e9f965eba1cf,"Stockman, Tucker",838152,Right,SOU_GOL,a87f3da3-5bbc-431e-9f14-babcc31d4281,54.08498,-133.10087,17.77292,4.92222,2.73201,-12.22873,2.66361,-5.98664,9.24493,,,,,,,,,,,,,,,,,,,,,,,,,,,,,,,,,,,,,,,,,,,,,,,,,,,High,High,High,,,,,,,,,,,,,,,,,,,,,,,,,,,,,,,,,,,,
8,2026-03-20,18:07:49.96,2,3,"Harris, Grayden",1000390608,Left,SOU_GOL,"Pyne, Josh",695635,Right,TRO_TRJ,Undefined,1,Top,1,1,1,TwoSeamFastBall,Sinker,FoulBallNotFieldable,Undefined,Undefined,Undefined,0,0,,91.61182,0.136368,3.430239,2075.767279,99.720556,9:15,4.84804,-2.86146,6.07724,-28.90289,4.49634,-19.53844,2.56587,-1.31208,82.95238,-5.258273,-0.08382,0.415948,87.8886,7.115207,45.537233,2370.950852,,,,132.83159,123.82138,49.471927,1.186885,11.09843,2.61795,2.60613,50,4.8434,-7.12397,-132.85326,-0.68372,19.63928,31.09177,-27.54145,SOU_GOL,TRO_TRJ,HillDensonField,D1,SBELT,20260320-HillDensonField-1,9e624e10-24b1-11f1-b0f9-cffb574f71cc,90.61806,6.5602,,8.65943,,,,0.58663,2.53935,1.3605,73f695f1-acc7-4437-a517-846b8f7664b0,2026-03-20,23:07:49.96,2026-03-20T18:07:49.9639808-05:00,2026-03-20T23:07:49.9639808Z,GroundBall,v3,471449,471470,36ca09f5531f47ca8911e9f965eba1cf,"Stockman, Tucker",838152,Right,SOU_GOL,1fd69c50-854b-4824-a500-8e6849512898,54.42128,-133.88397,15.54589,4.85094,0.2293,-13.77073,2.85308,-7.77503,9.81964,,0.58662,89.59464,-18.13475,3.51679,-0.11894,-0.88402,0.86537,-0.40753,0.07847,2.53935,15.96635,-16.34983,1.20713,-0.56487,0.62886,-0.51541,0.23569,-0.04502,1.3605,91.29011,-7.03417,0.91843,-0.5405,0.7216,-0.62106,0.28666,-0.0549,,,,,,,,,,,,,,,,,,,,,,,High,High,High,High,High,,,,,,,,,,,,,,,,,,,,,,,,,,,,,,,,,,
9,2026-03-20,18:08:12.78,2,4,"Harris, Grayden",1000390608,Left,SOU_GOL,"Pyne, Josh",695635,Right,TRO_TRJ,Undefined,1,Top,1,1,2,FourSeamFastBall,Four-Seam,FoulBallNotFieldable,Undefined,Undefined,Undefined,0,0,,93.42685,-1.055841,3.190018,2192.028452,147.440736,11:00,5.14415,-2.53188,6.73523,-16.01828,15.43032,-9.13469,2.84291,-0.3752,84.21455,-4.169042,1.527718,0.40362,72.70366,41.994627,157.324878,3178.91209,-103.12474,52.38199,38.27854,194.41882,82.29088,160.837846,3.226416,5.8689,8.82788,2.32489,50,5.0681,-7.1949,-135.55421,-2.9057,10.75417,33.82995,-15.9979,SOU_GOL,TRO_TRJ,HillDensonField,D1,SBELT,20260320-HillDensonField-1,abfbc010-24b1-11f1-b0f9-cffb574f71cc,93.38607,52.51987,,9.2123,,,,1.79444,2.89999,0.38699,73f695f1-acc7-4437-a517-846b8f7664b0,2026-03-20,23:08:12.78,2026-03-20T18:08:12.7802368-05:00,2026-03-20T23:08:12.7802368Z,FlyBall,v3,471449,471470,36ca09f5531f47ca8911e9f965eba1cf,"Stockman, Tucker",838152,Right,SOU_GOL,bbe9807f-fda8-478c-958c-1eca97841a7c,53.762,-136.48986,16.91497,5.14235,-2.46324,-7.99895,2.528,-7.49233,5.37709,338.863006,1.79447,-73.12705,3.59938,0.52639,0.10943,-0.22626,0.12021,-0.02765,0.00235,2.90001,71.34402,-29.93865,3.84367,-0.75005,0.13229,-0.02506,0.00526,-0.00054,0.38694,30.55459,-5.52587,1.16032,-0.30095,0.11549,-0.04489,0.01008,-0.00089,,,,,,,,,,,,,,,,,,,,,,,High,High,High,High,Medium,,,,,,,,,,,,,,,,,,,,,,,,,,,,,,,,,,
10,2026-03-20,18:08:33.46,2,5,"Harris, Grayden",1000390608,Left,SOU_GOL,"Pyne, Josh",695635,Right,TRO_TRJ,Undefined,1,Top,1,1,2,ChangeUp,Changeup,InPlay,Undefined,GroundBall,Single,0,0,,86.89413,-0.684306,3.482737,1561.479594,98.214614,9:15,4.7491,-2.91683,6.35009,-33.43683,3.76729,-16.26005,1.33162,-1.06211,77.99022,-6.958534,0.541738,0.439002,82.86601,-10.824642,-25.357144,,,,,10.07409,9.42014,-12.256799,0.064897,9.7204,2.57795,2.67135,50,4.6839,-7.0316,-125.9098,-2.5519,15.23567,31.1931,-28.13339,SOU_GOL,TRO_TRJ,HillDensonField,D1,SBELT,20260320-HillDensonField-1,b85007e0-24b1-11f1-b0f9-cffb574f71cc,85.85932,1.48333,,8.90391,,,,2.83413,1.48333,1.18366,73f695f1-acc7-4437-a517-846b8f7664b0,2026-03-20,23:08:33.46,2026-03-20T18:08:33.4628352-05:00,2026-03-20T23:08:33.4628352Z,GroundBall,v3,471449,471470,36ca09f5531f47ca8911e9f965eba1cf,"Stockman, Tucker",838152,Right,SOU_GOL,99771e92-d80a-470d-be14-3186c0649999,54.14763,-126.93318,15.59655,4.75248,-1.6289,-14.0667,2.91024,-7.53145,7.61783,180,2.83258,108.02186,,,,,,,,1.48365,-22.85652,,,,,,,,1.1844,-51.19357,,,,,,,,,,,,,,,,,,,,,,,,,,,,,,High,High,High,High,High,,,,,,,,,,,,,,,,,,,,,,,,,,,,,,,,,,
11,2026-03-20,18:09:09.54,3,1,"Harris, Grayden",1000390608,Left,SOU_GOL,"Piasecki, Aaron",1000189116,Left,TRO_TRJ,Undefined,1,Top,1,0,0,TwoSeamFastBall,Sinker,StrikeCalled,Undefined,Undefined,Undefined,0,0,,92.33764,-0.835561,3.784456,2194.960382,120.148077,10:00,4.93024,-2.72236,6.5831,-22.30088,10.15772,-15.45879,2.30439,-0.53742,83.14968,-5.086659,0.980112,0.410049,,,,,,,,,,,,9.29835,5.94977,2.46846,50,4.86361,-8.21935,-133.84385,-2.61443,16.5996,33.16344,-21.5524,SOU_GOL,TRO_TRJ,HillDensonField,D1,SBELT,20260320-HillDensonField-1,cdd166e0-24b1-11f1-b0f9-cffb574f71cc,91.92172,,,9.18796,,,,,,,73f695f1-acc7-4437-a517-846b8f7664b0,2026-03-20,23:09:09.54,2026-03-20T18:09:09.5463424-05:00,2026-03-20T23:09:09.5463424Z,,v3,471449,471470,36ca09f5531f47ca8911e9f965eba1cf,"Stockman, Tucker",838152,Right,SOU_GOL,3c16c6aa-cca8-472c-9142-4cf6e20c26e1,53.91325,-134.80998,16.58172,4.93063,-1.98656,-10.7762,2.71495,-8.70294,8.2998,,,,,,,,,,,,,,,,,,,,,,,,,,,,,,,,,,,,,,,,,,,,,,,,,,,High,High,High,,,,,,,,,,,,,,,,,,,,,,,,,,,,,,,,,,,,
12,2026-03-20,18:09:26.17,3,2,"Harris, Grayden",1000390608,Left,SOU_GOL,"Piasecki, Aaron",1000189116,Left,TRO_TRJ,Undefined,1,Top,1,0,1,TwoSeamFastBall,Sinker,FoulBallNotFieldable,Undefined,Undefined,Undefined,0,0,,92.21783,-0.08346,4.522864,2123.579335,110.028975,9:45,4.85484,-2.73683,6.3922,-24.86639,7.98886,-18.60588,2.70564,-0.11879,82.87204,-4.789204,1.164283,0.412547,,,,,,,,,,,,11.19875,4.53299,2.41959,50,4.83749,-9.79655,-133.54214,-0.97891,19.88055,33.30119,-24.12684,SOU_GOL,TRO_TRJ,HillDensonField,D1,SBELT,20260320-HillDensonField-1,d7b969a0-24b1-11f1-b0f9-cffb574f71cc,91.36513,,,9.34579,,,,,,,73f695f1-acc7-4437-a517-846b8f7664b0,2026-03-20,23:09:26.17,2026-03-20T18:09:26.1792256-05:00,2026-03-20T23:09:26.1792256Z,,v3,471449,471470,36ca09f5531f47ca8911e9f965eba1cf,"Stockman, Tucker",838152,Right,SOU_GOL,1530c7b1-1d28-4e44-9568-dcddac4eba87,54.10576,-134.56209,16.6506,4.85616,-0.23995,-12.06342,2.72896,-10.40546,9.94027,,,,,,,,,,,,,,,,,,,,,,,,,,,,,,,,,,,,,,,,,,,,,,,,,,,High,High,High,,,,,,,,,,,,,,,,,,,,,,,,,,,,,,,,,,,,
13,2026-03-20,18:09:47.33,3,3,"Harris, Grayden",1000390608,Left,SOU_GOL,"Piasecki, Aaron",1000189116,Left,TRO_TRJ,Undefined,1,Top,1,0,2,ChangeUp,Changeup,BallCalled,Undefined,Undefined,Undefined,0,0,,86.15788,-0.581475,5.467676,1508.281278,84.868624,8:45,4.84801,-2.7465,6.43096,-37.74982,0.20787,-14.0143,1.16532,1.1261,77.27377,-7.634777,2.939991,0.443426,,,,,,,,,,,,9.18449,0.765,2.36212,50,4.79012,-11.36728,-124.49694,-2.4625,14.07054,30.56017,-31.00205,SOU_GOL,TRO_TRJ,HillDensonField,D1,SBELT,20260320-HillDensonField-1,e457d9d0-24b1-11f1-b0f9-cffb574f71cc,85.00274,,,8.8841,,,,,,,73f695f1-acc7-4437-a517-846b8f7664b0,2026-03-20,23:09:47.33,2026-03-20T18:09:47.3344512-05:00,2026-03-20T23:09:47.3344512Z,,v3,471449,471470,36ca09f5531f47ca8911e9f965eba1cf,"Stockman, Tucker",838152,Right,SOU_GOL,927d1dc8-d272-4197-8501-cbda146a6f05,54.0653,-125.49088,15.28009,4.85382,-1.45419,-15.50103,2.73927,-11.82491,7.03527,,,,,,,,,,,,,,,,,,,,,,,,,,,,,,,,,,,,,,,,,,,,,,,,,,,High,High,High,,,,,,,,,,,,,,,,,,,,,,,,,,,,,,,,,,,,
14,2026-03-20,18:10:06.94,3,4,"Harris, Grayden",1000390608,Left,SOU_GOL,"Piasecki, Aaron",1000189116,Left,TRO_TRJ,Undefined,1,Top,1,1,2,TwoSeamFastBall,Sinker,InPlay,Undefined,GroundBall,Single,0,0,,92.10231,0.406651,4.618578,2159.338329,110.960314,9:45,4.93307,-2.53581,6.58616,-26.08175,6.18918,-13.44013,3.13345,0.58563,83.87998,-4.505361,2.185655,0.408862,69.08312,-78.460402,120.684636,,,,,1.31657,1.56961,-1.889679,0.032203,8.39666,3.44292,2.22435,50,4.9501,-10.25893,-133.55257,0.14093,15.12261,29.51778,-25.97324,SOU_GOL,TRO_TRJ,HillDensonField,D1,SBELT,20260320-HillDensonField-1,f0061da0-24b1-11f1-b0f9-cffb574f71cc,92.18862,3.21252,,8.22233,,,,1.65058,3.21252,-0.60749,73f695f1-acc7-4437-a517-846b8f7664b0,2026-03-20,23:10:06.94,2026-03-20T18:10:06.9412864-05:00,2026-03-20T23:10:06.9412864Z,GroundBall,v3,471449,471470,36ca09f5531f47ca8911e9f965eba1cf,"Stockman, Tucker",838152,Right,SOU_GOL,28f1a560-6c82-4d4e-be8f-fec05cea8c09,53.91301,-134.41464,14.75889,4.93491,0.89948,-12.98662,2.53041,-10.70058,7.5613,,1.65084,-10.39409,,,,,,,,3.21504,-99.75945,,,,,,,,-0.60793,17.51634,,,,,,,,,,,,,,,,,,,,,,,,,,,,,,High,High,High,Low,Low,,,,,,,,,,,,,,,,,,,,,,,,,,,,,,,,,,
15,2026-03-20,18:10:48.16,4,1,"Harris, Grayden",1000390608,Left,SOU_GOL,"Janicki, Jimmy",1000359452,Right,TRO_TRJ,Undefined,1,Top,1,0,0,ChangeUp,Changeup,StrikeCalled,Undefined,Undefined,Undefined,0,0,,84.00998,0.719896,4.781546,1651.627461,114.419034,9:45,4.651,-2.91773,6.12937,-31.76191,8.33823,-15.08221,2.67196,0.25543,75.42157,-5.246561,2.075616,0.455769,,,,,,,,,,,,9.27875,4.51551,2.55889,50,4.69008,-9.55412,-121.47573,0.55577,13.62408,27.64653,-25.54386,SOU_GOL,TRO_TRJ,HillDensonField,D1,SBELT,20260320-HillDensonField-1,089ef5d0-24b2-11f1-b0f9-cffb574f71cc,82.70081,,,8.5884,,,,,,,73f695f1-acc7-4437-a517-846b8f7664b0,2026-03-20,23:10:48.16,2026-03-20T18:10:48.1641472-05:00,2026-03-20T23:10:48.1641472Z,,v3,471449,471470,36ca09f5531f47ca8911e9f965eba1cf,"Stockman, Tucker",838152,Right,SOU_GOL,41784a7f-3754-4219-86f1-00f4f1f138c3,54.36563,-122.46527,13.82326,4.65383,1.47005,-12.77193,2.90958,-10.04177,6.81204,,,,,,,,,,,,,,,,,,,,,,,,,,,,,,,,,,,,,,,,,,,,,,,,,,,High,High,High,,,,,,,,,,,,,,,,,,,,,,,,,,,,,,,,,,,,
16,2026-03-20,18:11:06.33,4,2,"Harris, Grayden",1000390608,Left,SOU_GOL,"Janicki, Jimmy",1000359452,Right,TRO_TRJ,Undefined,1,Top,1,0,1,TwoSeamFastBall,Sinker,FoulBallNotFieldable,Undefined,Undefined,Undefined,0,0,,91.22366,-0.2196,3.725864,2234.320109,101.707287,9:30,4.83697,-2.726,6.40928,-28.77655,4.69201,-16.80139,2.23659,-0.69556,82.19892,-5.63254,0.686576,0.41638,88.57142,31.518022,58.595893,4310.549242,47.74582,53.04184,99.09738,253.56734,152.67918,70.385893,3.982909,9.95272,2.87839,2.46629,50,4.80838,-7.91982,-132.23554,-1.43978,17.33911,32.43457,-27.15944,SOU_GOL,TRO_TRJ,HillDensonField,D1,SBELT,20260320-HillDensonField-1,13721be0-24b2-11f1-b0f9-cffb574f71cc,90.52413,60.12068,,9.02474,,,,0.44529,2.03992,0.62171,73f695f1-acc7-4437-a517-846b8f7664b0,2026-03-20,23:11:06.33,2026-03-20T18:11:06.3362048-05:00,2026-03-20T23:11:06.3362048Z,FlyBall,v3,471449,471470,36ca09f5531f47ca8911e9f965eba1cf,"Stockman, Tucker",838152,Right,SOU_GOL,d06b264e-a5bd-45f0-853c-748704256605,54.08813,-133.2345,16.21728,4.83984,-0.60329,-13.57972,2.71844,-8.45385,8.66956,,0.44752,57.6482,-19.5574,5.05006,-1.06172,0.19997,-0.0665,0.01814,-0.00174,2.03773,67.97338,-23.93741,3.54523,-1.33763,0.58354,-0.17421,0.02775,-0.00175,0.61929,94.59025,-10.03397,1.05943,-0.79074,0.54192,-0.19942,0.03411,-0.00216,,,,,,,,,,,,,,,,,,,,,,,High,High,High,High,Low,,,,,,,,,,,,,,,,,,,,,,,,,,,,,,,,,,
17,2026-03-20,18:11:30.46,4,3,"Harris, Grayden",1000390608,Left,SOU_GOL,"Janicki, Jimmy",1000359452,Right,TRO_TRJ,Undefined,1,Top,1,0,2,FourSeamFastBall,Four-Seam,InPlay,Undefined,LineDrive,Out,1,0,,93.06137,-0.655905,3.363185,2089.157567,150.113206,11:00,5.17346,-2.51192,6.52517,-22.17493,9.77115,-4.96713,2.72275,0.16316,84.03197,-4.869301,2.463219,0.406799,95.26648,22.49645,-12.229617,2220.878209,107.99119,38.96105,-20.92611,326.13521,323.08282,-8.736476,3.668546,3.68878,5.66063,2.27998,50,5.11827,-7.73069,-134.96798,-2.21741,6.7062,33.32903,-21.88311,SOU_GOL,TRO_TRJ,HillDensonField,D1,SBELT,20260320-HillDensonField-1,21ce1a90-24b2-11f1-b0f9-cffb574f71cc,92.65608,47.76033,,9.02941,,,,1.61284,2.71092,-0.13359,73f695f1-acc7-4437-a517-846b8f7664b0,2026-03-20,23:11:30.46,2026-03-20T18:11:30.4600576-05:00,2026-03-20T23:11:30.4600576Z,LineDrive,v3,471449,471470,36ca09f5531f47ca8911e9f965eba1cf,"Stockman, Tucker",838152,Right,SOU_GOL,be37537e-00b2-4d15-9ab8-bb39aecb8175,53.97196,-135.94528,16.66451,5.17388,-1.57574,-10.94156,2.50955,-7.92734,3.3531,203.30379,1.61327,126.14656,-19.90113,4.3642,-0.74959,0.08649,-0.00275,-0.00095,0.00011,2.71011,53.49028,-17.59221,1.5567,-0.54571,0.19152,-0.04708,0.00689,-0.00044,-0.1339,-27.33453,7.33977,-1.65755,0.26603,-0.02138,-0.00146,0.00055,-4E-05,,,,,,,,,,,,,,,,,,,,,,,High,High,High,High,High,,,,,,,,,,,,,,,,,,,,,,,,,,,,,,,,,,
18,2026-03-20,18:12:09.39,5,1,"Harris, Grayden",1000390608,Left,SOU_GOL,"Nelson, Drew",1000091974,Left,TRO_TRJ,Undefined,1,Top,2,0,0,TwoSeamFastBall,Sinker,InPlay,Undefined,GroundBall,Out,1,0,,92.88841,-0.998287,3.808658,2193.845236,110.026957,9:45,5.08636,-2.63512,6.45484,-25.05336,6.92555,-16.03556,2.07939,-0.46744,84.37574,-5.715162,0.905825,0.407008,68.28993,-75.902662,-41.485967,,,,,1.2874,1.05846,1.387286,0.021674,9.54607,4.23768,2.37219,50,5.00447,-8.31732,-134.73658,-3.15172,17.41162,31.40379,-24.44468,SOU_GOL,TRO_TRJ,HillDensonField,D1,SBELT,20260320-HillDensonField-1,3900fa20-24b2-11f1-b0f9-cffb574f71cc,92.60855,2.11239,,8.51266,,,,0.88962,2.11239,0.38259,73f695f1-acc7-4437-a517-846b8f7664b0,2026-03-20,23:12:09.39,2026-03-20T18:12:09.3917696-05:00,2026-03-20T23:12:09.3917696Z,GroundBall,v3,471449,471470,36ca09f5531f47ca8911e9f965eba1cf,"Stockman, Tucker",838152,Right,SOU_GOL,f23723f9-3732-49a3-89c7-307e74934239,54.04402,-135.67587,15.70189,5.08781,-2.42058,-12.22234,2.62876,-8.8381,8.70581,,0.88941,18.33544,,,,,,,,2.1135,-97.46234,,,,,,,,0.38277,-16.21382,,,,,,,,,,,,,,,,,,,,,,,,,,,,,,High,High,High,Low,Low,,,,,,,,,,,,,,,,,,,,,,,,,,,,,,,,,,
19,2026-03-20,18:15:19.25,1,1,"Stubbs, Benjamin",807876,Left,TRO_TRJ,"Urban, Joseph",1000116546,Right,SOU_GOL,Undefined,1,Bottom,0,0,0,FourSeamFastBall,Four-Seam,StrikeCalled,Undefined,Undefined,Undefined,0,0,,93.3379,-2.935082,2.708403,2216.831985,143.813044,10:45,5.8468,-0.96166,5.30566,-15.15465,18.05379,-12.34457,1.82324,0.55391,84.47844,-5.808423,0.519359,0.414759,,,,,,,,,,,,6.99118,10.26839,0.72494,50,5.56941,-5.79531,-135.0357,-7.42495,12.7903,31.92623,-13.38813,SOU_GOL,TRO_TRJ,HillDensonField,D1,SBELT,20260320-HillDensonField-1,aa2de870-24b2-11f1-b0f9-cffb574f71cc,90.87796,,,8.85945,,,,,,,73f695f1-acc7-4437-a517-846b8f7664b0,2026-03-20,23:15:19.25,2026-03-20T18:15:19.2540000-05:00,2026-03-20T23:15:19.2540000Z,,v3,471449,471470,36ca09f5531f47ca8911e9f965eba1cf,"Janicki, Jimmy",1000359452,Right,TRO_TRJ,fb985eff-5ef5-446a-ae70-7135afb721af,55.19067,-136.25739,15.96311,5.84373,-6.91263,-6.69407,0.95607,-6.28474,6.39515,,,,,,,,,,,,,,,,,,,,,,,,,,,,,,,,,,,,,,,,,,,,,,,,,,,High,High,High,,,,,,,,,,,,,,,,,,,,,,,,,,,,,,,,,,,,
20,2026-03-20,18:15:38.24,1,2,"Stubbs, Benjamin",807876,Left,TRO_TRJ,"Urban, Joseph",1000116546,Right,SOU_GOL,Undefined,1,Bottom,0,0,1,FourSeamFastBall,Four-Seam,BallCalled,Undefined,Undefined,Undefined,0,0,,92.98043,-2.650377,2.930829,2196.099622,140.728512,10:45,5.85381,-0.81148,5.3634,-16.09517,17.10989,-13.07398,2.02227,0.84965,84.59874,-5.684379,0.610504,0.414738,,,,,,,,,,,,7.38512,9.67292,0.55775,50,5.60439,-6.27216,-134.62136,-6.77561,13.50541,30.17609,-14.48488,SOU_GOL,TRO_TRJ,HillDensonField,D1,SBELT,20260320-HillDensonField-1,b58384f0-24b2-11f1-b0f9-cffb574f71cc,90.8826,,,8.38169,,,,,,,73f695f1-acc7-4437-a517-846b8f7664b0,2026-03-20,23:15:38.24,2026-03-20T18:15:38.2400000-05:00,2026-03-20T23:15:38.2400000Z,,v3,471449,471470,36ca09f5531f47ca8911e9f965eba1cf,"Janicki, Jimmy",1000359452,Right,TRO_TRJ,49befeec-3b38-48ac-926a-9456816c414e,55.13364,-135.76722,15.08805,5.85124,-6.22558,-7.24244,0.80566,-6.78499,6.75271,,,,,,,,,,,,,,,,,,,,,,,,,,,,,,,,,,,,,,,,,,,,,,,,,,,High,High,High,,,,,,,,,,,,,,,,,,,,,,,,,,,,,,,,,,,,
21,2026-03-20,18:15:56.94,1,3,"Stubbs, Benjamin",807876,Left,TRO_TRJ,"Urban, Joseph",1000116546,Right,SOU_GOL,Undefined,1,Bottom,0,1,1,ChangeUp,Changeup,FoulBallNotFieldable,Undefined,Undefined,Undefined,0,0,,87.70693,-2.093113,1.44498,1718.994806,126.121003,10:15,5.78467,-0.81532,5.81949,-24.74986,11.88635,-14.60457,1.77465,-0.68864,79.96029,-6.710151,-1.174771,0.435639,72.31346,46.42063,118.190351,4503.99082,,,,,43.97107,,,7.93418,7.05579,0.70605,50,5.59875,-2.60692,-127.2622,-5.45891,12.92707,27.7067,-20.6781,SOU_GOL,TRO_TRJ,HillDensonField,D1,SBELT,20260320-HillDensonField-1,c0a7b130-24b2-11f1-b0f9-cffb574f71cc,86.5222,40.43091,,7.74664,,,,1.5041,1.67713,0.61932,73f695f1-acc7-4437-a517-846b8f7664b0,2026-03-20,23:15:56.94,2026-03-20T18:15:56.9450000-05:00,2026-03-20T23:15:56.9450000Z,,v3,471449,471470,36ca09f5531f47ca8911e9f965eba1cf,"Janicki, Jimmy",1000359452,Right,TRO_TRJ,9a54af30-7bcd-4bf6-b700-e2f8a8a6ba81,54.67919,-128.27687,13.85335,5.7848,-4.70164,-10.33905,0.81018,-3.08033,6.46354,318.121547,1.5041,-34.53879,-4.48274,2.26293,-0.74489,0.2101,-0.05572,0.01321,-0.00208,1.67713,76.83169,-27.5433,3.15034,-0.48636,0.05107,-0.00166,-0.00171,0.00053,0.61932,64.44064,-11.81228,3.91552,-0.94541,0.20713,-0.04494,0.00916,-0.00137,,,,,,,,,,,,,,,,,,,,,,,High,High,High,High,Undefined,,,,,,,,,,,,,,,,,,,,,,,,,,,,,,,,,,
22,2026-03-20,18:16:21.31,1,4,"Stubbs, Benjamin",807876,Left,TRO_TRJ,"Urban, Joseph",1000116546,Right,SOU_GOL,Undefined,1,Bottom,0,1,2,Curveball,Slider,StrikeSwinging,Strikeout,Undefined,Undefined,0,0,,83.11191,-0.862634,0.535072,2605.974796,313.101793,4:30,5.927,-0.68517,4.82847,-48.61971,-6.27044,8.18524,1.05832,0.50368,76.1828,-9.586096,1.980085,0.468376,,,,,,,,,,,,-3.90642,-2.50445,0.62463,50,5.79924,-1.48279,-120.53129,-3.71574,-5.7017,25.13955,-35.82946,SOU_GOL,TRO_TRJ,HillDensonField,D1,SBELT,20260320-HillDensonField-1,cf35e370-24b2-11f1-b0f9-cffb574f71cc,80.47479,,,6.92911,,,,,,,73f695f1-acc7-4437-a517-846b8f7664b0,2026-03-20,23:16:21.31,2026-03-20T18:16:21.3170000-05:00,2026-03-20T23:16:21.3170000Z,,v3,471449,471470,36ca09f5531f47ca8911e9f965eba1cf,"Janicki, Jimmy",1000359452,Right,TRO_TRJ,576bd97c-a007-4686-93c8-728a1aac2f2a,55.67187,-121.70854,12.56977,5.93395,-2.0379,-17.91473,0.68781,-1.21579,-2.85085,,,,,,,,,,,,,,,,,,,,,,,,,,,,,60.96087,,,1.036743,,,,5.053,4.91661,1.9647,66.82334,6.34745,57.95427,5.09415,65.29242,-5.57785,4.95451,17.08954,-15.21803,1.98598,57.60517,-3.50799,High,High,High,,,High,High,High,,,,,,,,,,,,,,,,,,,,,,,,,,,,,,,
23,2026-03-20,18:16:56.41,2,1,"Stubbs, Benjamin",807876,Left,TRO_TRJ,"Morrison, Kyle",835275,Left,SOU_GOL,Undefined,1,Bottom,1,0,0,Slider,Slider,BallCalled,Undefined,Undefined,Undefined,0,0,,85.893,-1.580032,2.225275,2735.473194,269.988595,3:00,5.67845,-1.04067,5.0795,-37.7825,1.16012,6.8026,1.03899,1.62493,79.37786,-8.394721,3.42846,0.449142,,,,,,,,,,,,-2.80366,1.33508,0.82417,50,5.49872,-5.14056,-124.59826,-4.89559,-4.42468,24.11935,-30.06704,SOU_GOL,TRO_TRJ,HillDensonField,D1,SBELT,20260320-HillDensonField-1,e4233fd0-24b2-11f1-b0f9-cffb574f71cc,83.92092,,,6.51514,,,,,,,73f695f1-acc7-4437-a517-846b8f7664b0,2026-03-20,23:16:56.41,2026-03-20T18:16:56.4150000-05:00,2026-03-20T23:16:56.4150000Z,,v3,471449,471470,36ca09f5531f47ca8911e9f965eba1cf,"Janicki, Jimmy",1000359452,Right,TRO_TRJ,5a8c18f3-c49e-4ea1-bea4-36f3be628d90,55.42009,-125.64309,12.05968,5.68258,-3.59312,-15.03352,1.0427,-4.94889,-2.21234,,,,,,,,,,,,,,,,,,,,,,,,,,,,,,,,,,,,,,,,,,,,,,,,,,,High,High,High,,,,,,,,,,,,,,,,,,,,,,,,,,,,,,,,,,,,
24,2026-03-20,18:17:15.48,2,2,"Stubbs, Benjamin",807876,Left,TRO_TRJ,"Morrison, Kyle",835275,Left,SOU_GOL,Undefined,1,Bottom,1,1,0,FourSeamFastBall,Sinker,StrikeSwinging,Undefined,Undefined,Undefined,0,0,,93.61897,-0.454772,1.633014,2178.216716,135.360167,10:30,5.77762,-1.04658,5.14857,-17.70418,15.37961,-14.05501,3.87395,-0.68002,84.61698,-3.782572,-0.854258,0.41398,,,,,,,,,,,,7.42103,8.10441,0.90487,50,5.722,-3.16459,-135.65443,-1.70656,13.70642,32.11876,-17.20545,SOU_GOL,TRO_TRJ,HillDensonField,D1,SBELT,20260320-HillDensonField-1,ef781900-24b2-11f1-b0f9-cffb574f71cc,91.04901,,,9.00199,,,,,,,73f695f1-acc7-4437-a517-846b8f7664b0,2026-03-20,23:17:15.48,2026-03-20T18:17:15.4860000-05:00,2026-03-20T23:17:15.4860000Z,,v3,471449,471470,36ca09f5531f47ca8911e9f965eba1cf,"Janicki, Jimmy",1000359452,Right,TRO_TRJ,f1e1f2e8-a026-4a57-b54d-bdf76a85195b,55.3464,-136.91444,16.05938,5.77571,-1.03159,-8.60273,1.03956,-3.70229,6.85321,,,,,,,,,,,,,,,,,,,,,,,,,,,,,,,,,,,,,,,,,,,,,,,,,,,High,High,High,,,,,,,,,,,,,,,,,,,,,,,,,,,,,,,,,,,,
25,2026-03-20,18:17:35.31,2,3,"Stubbs, Benjamin",807876,Left,TRO_TRJ,"Morrison, Kyle",835275,Left,SOU_GOL,Undefined,1,Bottom,1,1,1,Slider,Slider,InPlay,Undefined,FlyBall,HomeRun,0,1,,86.39465,-0.357951,1.036551,2722.31208,260.515442,2:45,5.74773,-1.06167,5.07014,-36.71494,2.05083,4.69461,2.35061,0.30693,78.89564,-7.034433,1.867204,0.448121,98.68529,33.021895,-2.39939,3367.242999,109.59119,66.60136,-9.47069,388.68325,386.19539,-10.619694,5.327786,-2.04445,1.46126,0.95936,50,5.68466,-2.47595,-125.31808,-2.19645,-3.23408,26.57167,-29.86249,SOU_GOL,TRO_TRJ,HillDensonField,D1,SBELT,20260320-HillDensonField-1,fb50c830-24b2-11f1-b0f9-cffb574f71cc,84.11211,97.68826,,7.49901,,,,1.60703,2.39556,-0.29604,73f695f1-acc7-4437-a517-846b8f7664b0,2026-03-20,23:17:35.31,2026-03-20T18:17:35.3100000-05:00,2026-03-20T23:17:35.3100000Z,FlyBall,v3,471449,471470,36ca09f5531f47ca8911e9f965eba1cf,"Janicki, Jimmy",1000359452,Right,TRO_TRJ,855b89fc-c0bd-4199-b6fe-6221193a677d,55.42858,-126.46388,13.28584,5.75161,-0.90874,-14.93125,1.06312,-2.3365,-1.61704,157.269249,1.61004,121.1962,-23.18286,5.50593,-1.08154,0.19473,-0.03118,0.00344,-0.00017,2.39675,78.84385,-18.12377,0.62063,0.2987,-0.19408,0.05084,-0.0063,0.0003,-0.29533,-5.09357,-4.41212,1.27233,-0.30686,0.06415,-0.01033,0.00104,-5E-05,,,,,,,,,,,,,,,,,,,,,,,High,High,High,High,High,,,,,,,,,,,,,,,,,,,,,,,,,,,,,,,,,,
26,2026-03-20,18:18:24.86,3,1,"Stubbs, Benjamin",807876,Left,TRO_TRJ,"Gillespie, Davis",825097,Right,SOU_GOL,Undefined,1,Bottom,1,0,0,TwoSeamFastBall,Sinker,InPlay,Undefined,GroundBall,Triple,0,0,,94.03518,-1.533358,2.073341,2082.213039,127.724683,10:15,5.83434,-0.84204,5.37196,-21.34478,10.88686,-12.75068,2.61673,0.04011,85.98487,-5.487075,-0.192897,0.408613,102.96121,3.138614,40.119826,3039.801911,,,,114.65338,105.92225,44.178031,0.868254,6.99347,6.19985,0.6656,50,5.68189,-4.33802,-136.41826,-4.45575,13.18442,29.89056,-20.48581,SOU_GOL,TRO_TRJ,HillDensonField,D1,SBELT,20260320-HillDensonField-1,18d6eb00-24b3-11f1-b0f9-cffb574f71cc,92.24476,3.73194,,8.05031,,,,0.07341,2.423,-0.04282,73f695f1-acc7-4437-a517-846b8f7664b0,2026-03-20,23:18:24.86,2026-03-20T18:18:24.8660000-05:00,2026-03-20T23:18:24.8660000Z,GroundBall,v3,471449,471470,36ca09f5531f47ca8911e9f965eba1cf,"Janicki, Jimmy",1000359452,Right,TRO_TRJ,87fc81a0-1772-4530-abc4-cbfd5ecd96aa,55.12666,-137.53698,14.94528,5.83431,-3.68903,-10.2429,0.83719,-4.83147,6.59221,,0.22022,112.98221,-21.5191,,,,,,,2.43888,8.0236,-12.49647,,,,,,,-0.04179,97.16275,-5.86628,,,,,,,,,,,,,,,,,,,,,,,,,,,,,High,High,High,High,High,,,,,,,,,,,,,,,,,,,,,,,,,,,,,,,,,,
27,2026-03-20,18:19:17.27,4,1,"Stubbs, Benjamin",807876,Left,TRO_TRJ,"Russo, Matthew",1000243142,Left,SOU_GOL,Undefined,1,Bottom,1,0,0,Slider,Slider,InPlay,Undefined,LineDrive,Sacrifice,1,1,,86.42398,-0.035561,1.740931,2669.035926,282.548716,3:30,5.76553,-1.11074,4.99967,-38.28699,0.2239,4.13792,2.54137,0.87811,79.62145,-6.958871,2.471593,0.446646,95.51689,22.885883,-10.427753,3653.549825,106.57822,40.68777,-27.22168,345.83886,337.99155,-21.110563,3.945283,-1.60473,0.42032,0.9398,50,5.73077,-3.99668,-125.45171,-1.57869,-2.56823,24.36643,-31.50136,SOU_GOL,TRO_TRJ,HillDensonField,D1,SBELT,20260320-HillDensonField-1,3812ad10-24b3-11f1-b0f9-cffb574f71cc,84.39002,52.03768,,6.80254,,,,1.75811,2.5617,-0.86408,73f695f1-acc7-4437-a517-846b8f7664b0,2026-03-20,23:19:17.27,2026-03-20T18:19:17.2780000-05:00,2026-03-20T23:19:17.2780000Z,LineDrive,v3,471449,471470,36ca09f5531f47ca8911e9f965eba1cf,"Janicki, Jimmy",1000359452,Right,TRO_TRJ,49b156b3-ffb8-4db2-8c5b-b55cc5ba7c9e,55.50048,-126.51556,12.18322,5.76967,-0.20333,-15.75068,1.11185,-3.88455,-1.28412,134.707925,1.75742,126.94971,-22.59096,5.18444,-1.0817,0.21912,-0.04293,0.00601,-0.00037,2.56266,54.45599,-15.63772,0.20345,0.15469,-0.06156,0.01459,-0.00144,2E-05,-0.86448,-23.3503,-5.98401,2.19532,-0.52032,0.07759,-0.00635,0.0001,2E-05,,,,,,,,,,,,,,,,,,,,,,,High,High,High,High,High,,,,,,,,,,,,,,,,,,,,,,,,,,,,,,,,,,
28,2026-03-20,18:20:01.64,5,1,"Stubbs, Benjamin",807876,Left,TRO_TRJ,"Barrett, Drey",838145,Right,SOU_GOL,Undefined,1,Bottom,2,0,0,ChangeUp,Sinker,BallCalled,Undefined,Undefined,Undefined,0,0,,88.19968,0.589947,0.978878,1923.475049,110.697427,9:45,5.79608,-1.05823,5.84871,-28.37474,7.93248,-17.69674,3.97982,-1.62327,79.83198,-4.710015,-2.195311,0.433678,,,,,,,,,,,,9.27611,4.25201,0.98872,50,5.82768,-1.4217,-128.00102,0.35774,15.21994,29.1424,-25.19749,SOU_GOL,TRO_TRJ,HillDensonField,D1,SBELT,20260320-HillDensonField-1,52899410-24b3-11f1-b0f9-cffb574f71cc,86.91333,,,8.3677,,,,,,,73f695f1-acc7-4437-a517-846b8f7664b0,2026-03-20,23:20:01.64,2026-03-20T18:20:01.6470000-05:00,2026-03-20T23:20:01.6470000Z,,v3,471449,471470,36ca09f5531f47ca8911e9f965eba1cf,"Janicki, Jimmy",1000359452,Right,TRO_TRJ,99538f5a-398d-492e-8d1f-fdab204dca85,54.64782,-129.05487,14.5712,5.79827,1.26893,-12.59875,1.05008,-1.97209,7.60997,,,,,,,,,,,,,,,,,,,,,,,,,,,,,,,,,,,,,,,,,,,,,,,,,,,High,High,High,,,,,,,,,,,,,,,,,,,,,,,,,,,,,,,,,,,,
29,2026-03-20,18:20:20.74,5,2,"Stubbs, Benjamin",807876,Left,TRO_TRJ,"Barrett, Drey",838145,Right,SOU_GOL,Undefined,1,Bottom,2,1,0,ChangeUp,Changeup,BallCalled,Undefined,Undefined,Undefined,0,0,,87.89413,-1.3251,0.9426,1881.728663,109.090538,9:45,5.70601,-0.97799,5.94894,-29.66545,7.00504,-16.37028,2.0045,-1.46786,79.33114,-6.858717,-2.002512,0.435843,,,,,,,,,,,,8.64961,4.44055,0.91184,50,5.58428,-1.40013,-127.46778,-3.94122,13.97646,30.57297,-24.99879,SOU_GOL,TRO_TRJ,HillDensonField,D1,SBELT,20260320-HillDensonField-1,5de91ba0-24b3-11f1-b0f9-cffb574f71cc,86.48176,,,8.56299,,,,,,,73f695f1-acc7-4437-a517-846b8f7664b0,2026-03-20,23:20:20.74,2026-03-20T18:20:20.7420000-05:00,2026-03-20T23:20:20.7420000Z,,v3,471449,471470,36ca09f5531f47ca8911e9f965eba1cf,"Janicki, Jimmy",1000359452,Right,TRO_TRJ,3e2996be-7b71-4cfa-8f46-b4f0fb3814a5,54.54675,-128.55369,15.28649,5.70849,-3.0533,-12.4994,0.97039,-1.89656,6.98823,,,,,,,,,,,,,,,,,,,,,,,,,,,,,,,,,,,,,,,,,,,,,,,,,,,High,High,High,,,,,,,,,,,,,,,,,,,,,,,,,,,,,,,,,,,,
30,2026-03-20,18:20:42.05,5,3,"Stubbs, Benjamin",807876,Left,TRO_TRJ,"Barrett, Drey",838145,Right,SOU_GOL,Undefined,1,Bottom,2,2,0,TwoSeamFastBall,Sinker,FoulBallNotFieldable,Undefined,Undefined,Undefined,0,0,,94.33305,-1.906058,2.444064,2157.215018,124.087502,10:15,5.72352,-0.80948,5.30851,-21.73989,10.61784,-14.06095,2.12044,0.3143,85.68981,-5.935551,-0.051717,0.409412,95.10106,3.741367,46.473691,3394.965769,,,,116.9086,113.28161,50.219192,0.946098,7.77095,6.2091,0.59825,50,5.53493,-5.15685,-136.66755,-5.37776,14.59885,32.00838,-20.50935,SOU_GOL,TRO_TRJ,HillDensonField,D1,SBELT,20260320-HillDensonField-1,6a9a5080-24b3-11f1-b0f9-cffb574f71cc,92.06486,3.71871,,8.64325,,,,0.27767,1.98945,-0.15474,73f695f1-acc7-4437-a517-846b8f7664b0,2026-03-20,23:20:42.05,2026-03-20T18:20:42.0560000-05:00,2026-03-20T23:20:42.0560000Z,GroundBall,v3,471449,471470,36ca09f5531f47ca8911e9f965eba1cf,"Janicki, Jimmy",1000359452,Right,TRO_TRJ,31a8a665-ab51-4eaa-a4d6-02e8328e89e6,55.18901,-137.87749,16.00419,5.72356,-4.60249,-10.25467,0.80362,-5.70869,7.29942,,0.40381,94.02894,-16.39381,,,,,,,1.99819,8.98297,-11.73735,,,,,,,-0.14186,100.74183,-5.96476,,,,,,,,,,,,,,,,,,,,,,,,,,,,,High,High,High,High,High,,,,,,,,,,,,,,,,,,,,,,,,,,,,,,,,,,
31,2026-03-20,18:21:07.71,5,4,"Stubbs, Benjamin",807876,Left,TRO_TRJ,"Barrett, Drey",838145,Right,SOU_GOL,Undefined,1,Bottom,2,2,1,FourSeamFastBall,Sinker,StrikeSwinging,Undefined,Undefined,Undefined,0,0,,94.15326,-1.108464,1.920111,2091.859031,129.030788,10:15,5.75469,-0.74866,5.37556,-18.34135,14.23816,-16.1141,3.18636,-0.29075,84.82878,-4.563812,-0.943737,0.410812,,,,,,,,,,,,8.63272,7.82276,0.58822,50,5.64282,-3.78416,-136.39204,-3.28297,16.04155,33.78808,-17.63756,SOU_GOL,TRO_TRJ,HillDensonField,D1,SBELT,20260320-HillDensonField-1,79e012f0-24b3-11f1-b0f9-cffb574f71cc,91.75096,,,9.32448,,,,,,,73f695f1-acc7-4437-a517-846b8f7664b0,2026-03-20,23:21:07.71,2026-03-20T18:21:07.7130000-05:00,2026-03-20T23:21:07.7130000Z,,v3,471449,471470,36ca09f5531f47ca8911e9f965eba1cf,"Janicki, Jimmy",1000359452,Right,TRO_TRJ,fec8480b-4f93-4d7a-b1f0-918bc3ca82d8,55.11972,-137.65449,16.89404,5.75317,-2.62396,-8.81878,0.74081,-4.38353,8.02077,,,,,,,,,,,,,,,,,,,,,,,,,,,,,,,,,,,,,,,,,,,,,,,,,,,High,High,High,,,,,,,,,,,,,,,,,,,,,,,,,,,,,,,,,,,,
32,2026-03-20,18:21:30.24,5,5,"Stubbs, Benjamin",807876,Left,TRO_TRJ,"Barrett, Drey",838145,Right,SOU_GOL,Undefined,1,Bottom,2,2,2,Curveball,Slider,InPlay,Undefined,GroundBall,Out,1,0,,82.9698,0.459065,0.981395,2709.79516,314.709355,4:30,5.92089,-0.60298,4.90043,-46.7501,-4.3713,5.82937,2.45929,0.81108,75.75303,-7.980045,2.010079,0.468539,,,,,,,,,,,,-2.59173,-1.90721,0.50177,50,5.92635,-2.31716,-120.31259,-0.84731,-3.7713,24.92788,-34.94929,SOU_GOL,TRO_TRJ,HillDensonField,D1,SBELT,20260320-HillDensonField-1,8759a0e0-24b3-11f1-b0f9-cffb574f71cc,80.44678,,,7.21678,,,,,,,73f695f1-acc7-4437-a517-846b8f7664b0,2026-03-20,23:21:30.24,2026-03-20T18:21:30.2400000-05:00,2026-03-20T23:21:30.2400000Z,,v3,471449,471470,36ca09f5531f47ca8911e9f965eba1cf,"Janicki, Jimmy",1000359452,Right,TRO_TRJ,986f8809-edaf-46fd-8d3b-bcaceb308a12,55.59862,-121.46704,12.46394,5.92811,0.77125,-17.47464,0.60504,-2.14251,-1.88565,,,,,,,,,,,,,,,,,,,,,,,,,,,,,,,,,,,,,,,,,,,,,,,,,,,High,High,High,,,,,,,,,,,,,,,,,,,,,,,,,,,,,,,,,,,,
33,2026-03-20,18:23:39.58,1,1,"Harris, Grayden",1000390608,Left,SOU_GOL,"Cavill, Blake",693293,Left,TRO_TRJ,Undefined,2,Top,0,0,0,TwoSeamFastBall,Sinker,StrikeCalled,Undefined,Undefined,Undefined,0,0,,89.43123,0.02726,3.881801,2127.366842,106.462482,9:30,4.89991,-2.75362,6.44782,-28.72631,5.61457,-15.2593,2.53115,-0.45328,81.57806,-5.36059,1.120988,0.421771,,,,,,,,,,,,9.04166,3.27599,2.48441,50,4.88916,-8.19682,-129.77045,-0.8429,15.3834,27.73201,-26.60031,SOU_GOL,TRO_TRJ,HillDensonField,D1,SBELT,20260320-HillDensonField-1,d46dd630-24b3-11f1-b0f9-cffb574f71cc,89.36697,,,7.85317,,,,,,,73f695f1-acc7-4437-a517-846b8f7664b0,2026-03-20,23:23:39.58,2026-03-20T18:23:39.5820000-05:00,2026-03-20T23:23:39.5820000Z,,v3,471449,471470,36ca09f5531f47ca8911e9f965eba1cf,"Stockman, Tucker",838152,Right,SOU_GOL,d2ef9623-4da3-4534-b4f3-6fc72f60f714,54.05062,-130.6332,13.866,4.90251,-0.01535,-13.30016,2.74686,-8.6754,7.6917,,,,,,,,,,,,,,,,,,,,,,,,,,,,,,,,,,,,,,,,,,,,,,,,,,,High,High,High,,,,,,,,,,,,,,,,,,,,,,,,,,,,,,,,,,,,
34,2026-03-20,18:23:54.04,1,2,"Harris, Grayden",1000390608,Left,SOU_GOL,"Cavill, Blake",693293,Left,TRO_TRJ,Undefined,2,Top,0,0,1,TwoSeamFastBall,Sinker,FoulBallNotFieldable,Undefined,Undefined,Undefined,0,0,,91.82294,-0.194942,3.617719,2182.902452,102.867735,9:30,4.98635,-2.67825,6.26513,-27.70206,5.43551,-18.63517,2.49776,-0.89135,82.87312,-5.395546,0.255142,0.414316,64.33989,-8.681081,-71.690496,,,,,13.00059,12.6695,-68.785599,0.149429,10.7941,3.23205,2.41873,50,4.95857,-7.63053,-133.12004,-1.37485,19.10322,32.23932,-26.45405,SOU_GOL,TRO_TRJ,HillDensonField,D1,SBELT,20260320-HillDensonField-1,dd0982d0-24b3-11f1-b0f9-cffb574f71cc,90.97509,2.34515,,8.94983,,,,0.52532,2.34515,0.98664,73f695f1-acc7-4437-a517-846b8f7664b0,2026-03-20,23:23:54.04,2026-03-20T18:23:54.0480000-05:00,2026-03-20T23:23:54.0480000Z,GroundBall,v3,471449,471470,36ca09f5531f47ca8911e9f965eba1cf,"Stockman, Tucker",838152,Right,SOU_GOL,ce8c6d4e-6e64-4f7c-8538-3228580ecd3d,54.23269,-134.1412,16.11966,4.98885,-0.53693,-13.22702,2.67,-8.23561,9.55161,94.970649,0.52551,29.28817,-8.85931,,,,,,,2.34516,-14.24427,-9.70386,,,,,,,0.98656,-88.55397,5.66338,,,,,,,,,,,,,,,,,,,,,,,,,,,,,High,High,High,High,High,,,,,,,,,,,,,,,,,,,,,,,,,,,,,,,,,,
35,2026-03-20,18:24:15.98,1,3,"Harris, Grayden",1000390608,Left,SOU_GOL,"Cavill, Blake",693293,Left,TRO_TRJ,Undefined,2,Top,0,0,2,FourSeamFastBall,Four-Seam,FoulBallNotFieldable,Undefined,Undefined,Undefined,0,0,,92.84715,-0.401283,3.695789,2185.225494,151.786821,11:00,5.29946,-2.36044,6.28654,-21.25434,11.09449,-5.34815,3.15768,0.60459,83.92719,-4.430393,2.731935,0.409355,94.22522,35.632233,-47.820659,4653.784494,66.96047,70.9719,-87.27133,347.36269,185.66985,-61.781943,5.192346,3.93036,6.21819,2.09035,50,5.25961,-8.46691,-134.56976,-1.60496,7.12261,32.40109,-20.90538,SOU_GOL,TRO_TRJ,HillDensonField,D1,SBELT,20260320-HillDensonField-1,ea1b9c60-24b3-11f1-b0f9-cffb574f71cc,92.07754,93.76938,,8.91997,,,,0.39568,2.95476,-0.39328,73f695f1-acc7-4437-a517-846b8f7664b0,2026-03-20,23:24:15.98,2026-03-20T18:24:15.9890000-05:00,2026-03-20T23:24:15.9890000Z,FlyBall,v3,471449,471470,36ca09f5531f47ca8911e9f965eba1cf,"Stockman, Tucker",838152,Right,SOU_GOL,0789fbc8-3031-4743-a792-37c6189effcb,54.21,-135.57963,16.20055,5.29948,-0.95339,-10.45269,2.3577,-8.68891,3.56131,,0.39986,75.3416,-20.34213,4.88157,-0.95454,0.16174,-0.02739,0.00366,-0.00022,2.95654,80.46562,-20.54443,1.24741,0.18814,-0.194,0.05843,-0.00789,0.0004,-0.39581,-83.18708,8.94103,-1.23868,-0.00908,0.06725,-0.01693,0.00173,-6E-05,,,,,,,,,,,,,,,,,,,,,,,High,High,High,Medium,Low,,,,,,,,,,,,,,,,,,,,,,,,,,,,,,,,,,
36,2026-03-20,18:24:38.00,1,4,"Harris, Grayden",1000390608,Left,SOU_GOL,"Cavill, Blake",693293,Left,TRO_TRJ,Undefined,2,Top,0,0,2,Slider,Slider,BallCalled,Undefined,Undefined,Undefined,0,0,,79.73801,1.195631,5.582017,2139.344787,289.745675,3:45,4.78195,-2.7853,5.89316,-47.8592,-2.1911,11.07855,1.90922,3.337,71.36668,-7.625555,7.550697,0.486382,,,,,,,,,,,,-3.51658,-0.94217,2.3285,50,4.85238,-11.67304,-114.94254,0.85873,-4.55618,27.56264,-33.39475,SOU_GOL,TRO_TRJ,HillDensonField,D1,SBELT,20260320-HillDensonField-1,f7492d30-24b3-11f1-b0f9-cffb574f71cc,77.4955,,,8.37133,,,,,,,73f695f1-acc7-4437-a517-846b8f7664b0,2026-03-20,23:24:38.00,2026-03-20T18:24:38.0000000-05:00,2026-03-20T23:24:38.0000000Z,,v3,471449,471470,36ca09f5531f47ca8911e9f965eba1cf,"Stockman, Tucker",838152,Right,SOU_GOL,53d7b418-a520-4ced-af8d-857d2995ee37,54.60029,-116.04043,13.78132,4.79168,2.18892,-16.69738,2.78985,-11.49156,-2.27809,,,,,,,,,,,,,,,,,,,,,,,,,,,,,,,,,,,,,,,,,,,,,,,,,,,High,High,High,,,,,,,,,,,,,,,,,,,,,,,,,,,,,,,,,,,,
37,2026-03-20,18:24:56.93,1,5,"Harris, Grayden",1000390608,Left,SOU_GOL,"Cavill, Blake",693293,Left,TRO_TRJ,Undefined,2,Top,0,1,2,Slider,Slider,FoulBallNotFieldable,Undefined,Undefined,Undefined,0,0,,78.23957,2.809144,2.624471,2119.053271,300.783226,4:00,4.82855,-2.92575,5.74824,-51.32672,-4.30587,10.15556,3.17142,0.36558,70.26504,-6.654189,4.437212,0.493534,61.26566,36.061609,-136.165078,2999.007025,-85.19161,34.4373,-69.58703,167.8705,54.34547,-144.816747,2.873622,-4.24815,-2.65354,2.70139,50,5.03126,-5.58008,-113.2007,3.89287,-5.38419,25.14387,-35.53721,SOU_GOL,TRO_TRJ,HillDensonField,D1,SBELT,20260320-HillDensonField-1,0291d160-24b4-11f1-b0f9-cffb574f71cc,76.37259,36.84553,,7.97454,,,,0.83849,3.14088,-0.44146,73f695f1-acc7-4437-a517-846b8f7664b0,2026-03-20,23:24:56.93,2026-03-20T18:24:56.9360000-05:00,2026-03-20T23:24:56.9360000Z,Popup,v3,471449,471470,36ca09f5531f47ca8911e9f965eba1cf,"Stockman, Tucker",838152,Right,SOU_GOL,30aa020e-d999-4cd4-9eee-962eaa940375,54.74893,-114.25065,12.57193,4.83771,5.37682,-17.76861,2.92971,-5.35525,-2.69209,45.587529,0.83839,-52.39161,0.88828,0.46837,-0.26115,0.15689,-0.05913,0.0115,-0.0009,3.14087,52.89295,-22.90955,1.89044,-0.14723,-0.07918,0.05812,-0.01529,0.00145,-0.44179,-50.29189,5.85973,0.21123,-0.53608,0.48485,-0.20544,0.04177,-0.00334,,,,,,,,,,,,,,,,,,,,,,,High,High,High,High,Low,,,,,,,,,,,,,,,,,,,,,,,,,,,,,,,,,,
38,2026-03-20,18:25:17.58,1,6,"Harris, Grayden",1000390608,Left,SOU_GOL,"Cavill, Blake",693293,Left,TRO_TRJ,Undefined,2,Top,0,1,2,TwoSeamFastBall,Sinker,BallCalled,Undefined,Undefined,Undefined,0,0,,93.10899,-1.175231,5.277892,2146.537601,108.840401,9:45,4.91775,-2.58551,6.5986,-24.8795,6.79977,-16.84473,1.76304,0.85977,84.75432,-5.862273,2.230065,0.405097,,,,,,,,,,,,10.32312,4.24512,2.23053,50,4.82705,-11.7664,-134.82974,-3.55613,18.92798,30.39597,-24.39042,SOU_GOL,TRO_TRJ,HillDensonField,D1,SBELT,20260320-HillDensonField-1,0ed661c0-24b4-11f1-b0f9-cffb574f71cc,93.04543,,,8.35467,,,,,,,73f695f1-acc7-4437-a517-846b8f7664b0,2026-03-20,23:25:17.58,2026-03-20T18:25:17.5890000-05:00,2026-03-20T23:25:17.5890000Z,,v3,471449,471470,36ca09f5531f47ca8911e9f965eba1cf,"Stockman, Tucker",838152,Right,SOU_GOL,51d3d73f-cf35-4420-a97f-4356de6cfa3f,53.89962,-135.70601,15.19799,4.91944,-2.85299,-12.19521,2.57761,-12.31208,9.46399,,,,,,,,,,,,,,,,,,,,,,,,,,,,,,,,,,,,,,,,,,,,,,,,,,,High,High,High,,,,,,,,,,,,,,,,,,,,,,,,,,,,,,,,,,,,
39,2026-03-20,18:25:34.16,1,7,"Harris, Grayden",1000390608,Left,SOU_GOL,"Cavill, Blake",693293,Left,TRO_TRJ,Undefined,2,Top,0,2,2,TwoSeamFastBall,Sinker,BallCalled,Undefined,Undefined,Undefined,0,0,,93.247,-1.349438,4.479761,2173.136234,110.275586,9:45,4.92733,-2.60326,6.57376,-24.2147,7.57323,-17.45064,1.66856,0.05693,84.3016,-5.930265,1.317326,0.405791,,,,,,,,,,,,10.56166,4.73229,2.30182,50,4.82432,-9.87388,-135.09286,-3.94211,19.27501,32.85226,-23.53762,SOU_GOL,TRO_TRJ,HillDensonField,D1,SBELT,20260320-HillDensonField-1,18b47970-24b4-11f1-b0f9-cffb574f71cc,92.88635,,,8.9454,,,,,,,73f695f1-acc7-4437-a517-846b8f7664b0,2026-03-20,23:25:34.16,2026-03-20T18:25:34.1690000-05:00,2026-03-20T23:25:34.1690000Z,,v3,471449,471470,36ca09f5531f47ca8911e9f965eba1cf,"Stockman, Tucker",838152,Right,SOU_GOL,d9a25e8c-ece8-4779-b1dc-ff28fc6b0493,53.92433,-136.04384,16.42613,4.92857,-3.26076,-11.76881,2.59572,-10.43184,9.63751,,,,,,,,,,,,,,,,,,,,,,,,,,,,,,,,,,,,,,,,,,,,,,,,,,,High,High,High,,,,,,,,,,,,,,,,,,,,,,,,,,,,,,,,,,,,
40,2026-03-20,18:25:50.52,1,8,"Harris, Grayden",1000390608,Left,SOU_GOL,"Cavill, Blake",693293,Left,TRO_TRJ,Undefined,2,Top,0,3,2,TwoSeamFastBall,Sinker,InPlay,Undefined,GroundBall,Out,1,0,,93.10473,-0.310832,3.712273,2205.947838,112.877607,9:45,4.87358,-2.65929,6.50095,-24.0832,7.63189,-15.58666,2.58075,-0.54612,84.59609,-4.857701,0.888742,0.405326,82.00199,6.636526,-0.800781,1397.700541,,,,95.6847,94.47472,-2.884943,0.872089,9.30323,4.39544,2.40594,50,4.84127,-8.14042,-135.11409,-1.48941,17.08589,31.22864,-24.10156,SOU_GOL,TRO_TRJ,HillDensonField,D1,SBELT,20260320-HillDensonField-1,22714d80-24b4-11f1-b0f9-cffb574f71cc,92.99292,4.89846,,8.50864,,,,1.2158,2.51331,0.5531,73f695f1-acc7-4437-a517-846b8f7664b0,2026-03-20,23:25:50.52,2026-03-20T18:25:50.5250000-05:00,2026-03-20T23:25:50.5250000Z,GroundBall,v3,471449,471470,36ca09f5531f47ca8911e9f965eba1cf,"Stockman, Tucker",838152,Right,SOU_GOL,05867b7f-df45-4f01-baa5-35e86d269332,53.99833,-136.03507,15.61432,4.87472,-0.77862,-12.05078,2.65345,-8.64431,8.54295,63.582631,1.25702,118.80786,-12.28366,,,,,,,2.56621,13.0754,-18.43157,,,,,,,0.58879,-2.23036,-4.5912,,,,,,,,,,,,,,,,,,,,,,,,,,,,,High,High,High,High,High,,,,,,,,,,,,,,,,,,,,,,,,,,,,,,,,,,
41,2026-03-20,18:26:31.97,2,1,"Harris, Grayden",1000390608,Left,SOU_GOL,"Diaz, Zaid",1000136342,Left,TRO_TRJ,Undefined,2,Top,1,0,0,TwoSeamFastBall,Sinker,BallCalled,Undefined,Undefined,Undefined,0,0,,93.43539,-1.354895,5.707778,2191.726093,121.837977,10:00,4.80315,-2.53281,6.68341,-21.31415,10.0154,-14.48709,1.7813,1.49794,85.19908,-5.395764,3.087093,0.402855,,,,,,,,,,,,9.18823,5.97536,2.15548,50,4.70373,-12.92837,-135.22533,-3.84121,16.99385,29.80172,-21.12252,SOU_GOL,TRO_TRJ,HillDensonField,D1,SBELT,20260320-HillDensonField-1,3b2d8c30-24b4-11f1-b0f9-cffb574f71cc,93.56337,,,8.23631,,,,,,,73f695f1-acc7-4437-a517-846b8f7664b0,2026-03-20,23:26:31.97,2026-03-20T18:26:31.9720000-05:00,2026-03-20T23:26:31.9720000Z,,v3,471449,471470,36ca09f5531f47ca8911e9f965eba1cf,"Stockman, Tucker",838152,Right,SOU_GOL,47d8e92a-5ed5-47d6-95e8-5484acaa8b52,53.8144,-136.06337,14.90086,4.8034,-3.24723,-10.56126,2.52575,-13.40625,8.49692,,,,,,,,,,,,,,,,,,,,,,,,,,,,,,,,,,,,,,,,,,,,,,,,,,,High,High,High,,,,,,,,,,,,,,,,,,,,,,,,,,,,,,,,,,,,
42,2026-03-20,18:26:45.48,2,2,"Harris, Grayden",1000390608,Left,SOU_GOL,"Diaz, Zaid",1000136342,Left,TRO_TRJ,Undefined,2,Top,1,1,0,TwoSeamFastBall,Sinker,BallCalled,Undefined,Undefined,Undefined,0,0,,92.58779,-1.595289,4.800878,2240.285474,107.398781,9:30,4.7758,-2.65469,6.55957,-25.89064,6.20819,-16.37473,1.15012,0.39262,84.2712,-6.462846,1.835912,0.407771,,,,,,,,,,,,10.05272,4.04382,2.32978,50,4.65454,-10.61889,-134.14755,-4.56072,18.20484,30.69962,-24.85092,SOU_GOL,TRO_TRJ,HillDensonField,D1,SBELT,20260320-HillDensonField-1,4337f550-24b4-11f1-b0f9-cffb574f71cc,92.43536,,,8.31659,,,,,,,73f695f1-acc7-4437-a517-846b8f7664b0,2026-03-20,23:26:45.48,2026-03-20T18:26:45.4860000-05:00,2026-03-20T23:26:45.4860000Z,,v3,471449,471470,36ca09f5531f47ca8911e9f965eba1cf,"Stockman, Tucker",838152,Right,SOU_GOL,4237f214-5217-4c74-a33e-fea76ee8646b,53.93992,-135.04619,15.34981,4.7774,-3.83328,-12.42546,2.64842,-11.15179,9.10242,,,,,,,,,,,,,,,,,,,,,,,,,,,,,,,,,,,,,,,,,,,,,,,,,,,High,High,High,,,,,,,,,,,,,,,,,,,,,,,,,,,,,,,,,,,,
43,2026-03-20,18:27:01.93,2,3,"Harris, Grayden",1000390608,Left,SOU_GOL,"Diaz, Zaid",1000136342,Left,TRO_TRJ,Undefined,2,Top,1,2,0,TwoSeamFastBall,Sinker,StrikeCalled,Undefined,Undefined,Undefined,0,0,,92.42819,-0.425287,4.644768,2202.697264,111.135074,9:45,4.90263,-2.65989,6.58864,-24.13875,8.18981,-18.22761,2.50009,0.08656,83.44912,-5.00313,1.342941,0.409227,,,,,,,,,,,,10.94595,4.77985,2.34805,50,4.86353,-10.12689,-133.89684,-1.73328,19.63617,32.10823,-23.59939,SOU_GOL,TRO_TRJ,HillDensonField,D1,SBELT,20260320-HillDensonField-1,4d09ff10-24b4-11f1-b0f9-cffb574f71cc,92.10636,,,8.97907,,,,,,,73f695f1-acc7-4437-a517-846b8f7664b0,2026-03-20,23:27:01.93,2026-03-20T18:27:01.9360000-05:00,2026-03-20T23:27:01.9360000Z,,v3,471449,471470,36ca09f5531f47ca8911e9f965eba1cf,"Stockman, Tucker",838152,Right,SOU_GOL,cbed1534-069b-4606-8293-6cefd345bc64,53.90841,-134.83082,16.05411,4.90396,-1.04682,-11.7997,2.65093,-10.69808,9.81809,,,,,,,,,,,,,,,,,,,,,,,,,,,,,,,,,,,,,,,,,,,,,,,,,,,High,High,High,,,,,,,,,,,,,,,,,,,,,,,,,,,,,,,,,,,,
44,2026-03-20,18:27:15.44,2,4,"Harris, Grayden",1000390608,Left,SOU_GOL,"Diaz, Zaid",1000136342,Left,TRO_TRJ,Undefined,2,Top,1,2,1,TwoSeamFastBall,Sinker,FoulBallNotFieldable,Undefined,Undefined,Undefined,0,0,,92.41263,-0.612057,4.723303,2258.344816,106.033963,9:30,4.88913,-2.66343,6.49898,-25.51824,7.04071,-20.37056,2.19888,-0.01572,83.2057,-5.437791,1.038723,0.410683,,,,,,,,,,,,12.12808,4.23603,2.34025,50,4.83524,-10.21085,-133.81516,-2.23699,21.65439,32.99805,-24.61074,SOU_GOL,TRO_TRJ,HillDensonField,D1,SBELT,20260320-HillDensonField-1,551579a0-24b4-11f1-b0f9-cffb574f71cc,91.7799,,,9.20692,,,,,,,73f695f1-acc7-4437-a517-846b8f7664b0,2026-03-20,23:27:15.44,2026-03-20T18:27:15.4420000-05:00,2026-03-20T23:27:15.4420000Z,,v3,471449,471470,36ca09f5531f47ca8911e9f965eba1cf,"Stockman, Tucker",838152,Right,SOU_GOL,8571d448-7799-4e7e-894a-b1289db7a7f9,53.99852,-134.79757,16.49903,4.89093,-1.50429,-12.30537,2.65384,-10.85554,10.8272,,,,,,,,,,,,,,,,,,,,,,,,,,,,,,,,,,,,,,,,,,,,,,,,,,,High,High,High,,,,,,,,,,,,,,,,,,,,,,,,,,,,,,,,,,,,
45,2026-03-20,18:27:32.11,2,5,"Harris, Grayden",1000390608,Left,SOU_GOL,"Diaz, Zaid",1000136342,Left,TRO_TRJ,Undefined,2,Top,1,2,2,TwoSeamFastBall,Sinker,StrikeSwinging,Strikeout,Undefined,Undefined,0,0,,92.96442,-0.038261,3.847725,2116.017382,110.812563,9:45,4.93948,-2.63376,6.62147,-24.10761,7.74221,-17.43111,2.89539,-0.55753,83.9572,-4.613315,0.683511,0.406186,,,,,,,,,,,,10.3493,4.41418,2.37881,50,4.92708,-8.36144,-134.83586,-0.82594,18.81933,32.67222,-24.1472,SOU_GOL,TRO_TRJ,HillDensonField,D1,SBELT,20260320-HillDensonField-1,5f0348c0-24b4-11f1-b0f9-cffb574f71cc,92.79598,,,9.00722,,,,,,,73f695f1-acc7-4437-a517-846b8f7664b0,2026-03-20,23:27:32.11,2026-03-20T18:27:32.1180000-05:00,2026-03-20T23:27:32.1180000Z,,v3,471449,471470,36ca09f5531f47ca8911e9f965eba1cf,"Stockman, Tucker",838152,Right,SOU_GOL,39be121f-6a3b-4610-9e3d-f49cb42f7725,53.87634,-135.77189,16.33611,4.94083,-0.13414,-12.0736,2.62608,-8.90059,9.40967,,,,,,,,,,,,,,,,,,,,,,,,,,,,,68.25445,3.135628,1.593856,1.541772,-1.01355,2.69415,0.53165,-0.78451,5.48039,0.24451,127.28638,14.73157,-25.10034,-0.56643,91.54571,-5.5717,5.61262,27.69985,-14.11538,0.07977,-21.33654,3.23165,High,High,High,,,High,High,High,,,,,,,,,,,,,,,,,,,,,,,,,,,,,,,
46,2026-03-20,18:27:57.90,3,1,"Harris, Grayden",1000390608,Left,SOU_GOL,"Book, Nolan",1000349960,Right,TRO_TRJ,Undefined,2,Top,2,0,0,TwoSeamFastBall,Sinker,BallCalled,Undefined,Undefined,Undefined,0,0,,91.64927,0.119107,5.603072,2132.213042,103.099241,9:30,4.7896,-2.66217,6.51578,-27.18057,5.74504,-19.833,2.63437,0.84282,82.99317,-4.996395,2.02372,0.412989,,,,,,,,,,,,11.9867,3.32575,2.27817,50,4.78641,-12.1965,-132.62668,-0.58451,21.19278,30.31761,-26.29408,SOU_GOL,TRO_TRJ,HillDensonField,D1,SBELT,20260320-HillDensonField-1,6e5df2c0-24b4-11f1-b0f9-cffb574f71cc,91.26744,,,8.65611,,,,,,,73f695f1-acc7-4437-a517-846b8f7664b0,2026-03-20,23:27:57.90,2026-03-20T18:27:57.9060000-05:00,2026-03-20T23:27:57.9060000Z,,v3,471449,471470,36ca09f5531f47ca8911e9f965eba1cf,"Stockman, Tucker",838152,Right,SOU_GOL,24ab058d-2bc1-4626-9af8-80907fec96e1,53.98244,-133.53393,15.15881,4.79213,0.20234,-13.14704,2.65264,-12.8307,10.59639,,,,,,,,,,,,,,,,,,,,,,,,,,,,,,,,,,,,,,,,,,,,,,,,,,,High,High,High,,,,,,,,,,,,,,,,,,,,,,,,,,,,,,,,,,,,
47,2026-03-20,18:28:11.59,3,2,"Harris, Grayden",1000390608,Left,SOU_GOL,"Book, Nolan",1000349960,Right,TRO_TRJ,Undefined,2,Top,2,1,0,TwoSeamFastBall,Sinker,StrikeCalled,Undefined,Undefined,Undefined,0,0,,91.06403,-0.899368,3.125075,2189.794505,110.896471,9:45,4.79175,-2.67795,6.33992,-26.6386,6.52634,-14.34544,1.74256,-0.99344,83.30461,-5.885557,0.531011,0.414487,,,,,,,,,,,,8.35934,3.96681,2.45699,50,4.71369,-6.64138,-132.2371,-2.93921,14.78838,28.43891,-25.15642,SOU_GOL,TRO_TRJ,HillDensonField,D1,SBELT,20260320-HillDensonField-1,768dbe30-24b4-11f1-b0f9-cffb574f71cc,90.93753,,,7.75943,,,,,,,73f695f1-acc7-4437-a517-846b8f7664b0,2026-03-20,23:28:11.59,2026-03-20T18:28:11.5950000-05:00,2026-03-20T23:28:11.5950000Z,,v3,471449,471470,36ca09f5531f47ca8911e9f965eba1cf,"Stockman, Tucker",838152,Right,SOU_GOL,fa83b33c-c538-4707-8593-1302a22e7f12,54.15939,-133.12861,14.21946,4.79347,-2.1506,-12.57821,2.67245,-7.10498,7.39419,,,,,,,,,,,,,,,,,,,,,,,,,,,,,,,,,,,,,,,,,,,,,,,,,,,High,High,High,,,,,,,,,,,,,,,,,,,,,,,,,,,,,,,,,,,,
48,2026-03-20,18:28:26.56,3,3,"Harris, Grayden",1000390608,Left,SOU_GOL,"Book, Nolan",1000349960,Right,TRO_TRJ,Undefined,2,Top,2,1,1,TwoSeamFastBall,Sinker,InPlay,Undefined,GroundBall,Out,1,0,,91.30589,0.385413,4.801687,2160.590993,105.848052,9:30,4.8318,-2.64928,6.42787,-27.01218,6.1602,-17.76784,2.93628,0.29375,82.81168,-4.693617,1.594886,0.414533,80.99139,2.244967,18.03247,3068.979082,,,,68.76828,63.58316,20.682989,0.624255,10.70552,3.42925,2.31427,50,4.84719,-10.39497,-132.29568,0.03358,18.84856,29.95514,-26.13638,SOU_GOL,TRO_TRJ,HillDensonField,D1,SBELT,20260320-HillDensonField-1,7f7763c0-24b4-11f1-b0f9-cffb574f71cc,90.92738,3.2181,,8.49421,,,,0.60482,2.86466,-0.32869,73f695f1-acc7-4437-a517-846b8f7664b0,2026-03-20,23:28:26.56,2026-03-20T18:28:26.5680000-05:00,2026-03-20T23:28:26.5680000Z,GroundBall,v3,471449,471470,36ca09f5531f47ca8911e9f965eba1cf,"Stockman, Tucker",838152,Right,SOU_GOL,9c1f64e3-e994-4856-9dfe-599158dc66c0,54.07113,-133.2143,14.97757,4.83387,0.83509,-13.06819,2.64191,-10.97299,9.42428,263.32748,0.63424,112.23051,-16.38751,,,,,,,2.87578,4.41401,-14.47788,,,,,,,-0.34667,37.13524,3.77233,,,,,,,,,,,,,,,,,,,,,,,,,,,,,High,High,High,High,High,,,,,,,,,,,,,,,,,,,,,,,,,,,,,,,,,,
49,2026-03-20,18:30:44.22,1,1,"Stubbs, Benjamin",807876,Left,TRO_TRJ,"Higdon, Ben",803364,Right,SOU_GOL,Undefined,2,Bottom,0,0,0,TwoSeamFastBall,Sinker,StrikeCalled,Undefined,Undefined,Undefined,0,0,,93.21325,-1.00082,2.587599,2134.185849,126.563247,10:15,5.75519,-0.97059,5.27931,-22.52088,10.56713,-12.76272,2.93747,0.39769,84.76833,-5.173325,0.324588,0.414006,,,,,,,,,,,,7.09642,5.90382,0.74395,50,5.6476,-5.48741,-135.08882,-3.21554,13.06115,30.52514,-21.3079,SOU_GOL,TRO_TRJ,HillDensonField,D1,SBELT,20260320-HillDensonField-1,d185dc00-24b4-11f1-b0f9-cffb574f71cc,91.0432,,,8.44492,,,,,,,73f695f1-acc7-4437-a517-846b8f7664b0,2026-03-20,23:30:44.22,2026-03-20T18:30:44.2270000-05:00,2026-03-20T23:30:44.2270000Z,,v3,471449,471470,36ca09f5531f47ca8911e9f965eba1cf,"Janicki, Jimmy",1000359452,Right,TRO_TRJ,80433b4f-ac21-4265-95ea-88b8b113ecb5,55.21726,-136.26263,15.26257,5.75549,-2.39617,-10.65395,0.96462,-5.98967,6.53058,,,,,,,,,,,,,,,,,,,,,,,,,,,,,,,,,,,,,,,,,,,,,,,,,,,High,High,High,,,,,,,,,,,,,,,,,,,,,,,,,,,,,,,,,,,,
50,2026-03-20,18:31:02.77,1,2,"Stubbs, Benjamin",807876,Left,TRO_TRJ,"Higdon, Ben",803364,Right,SOU_GOL,Undefined,2,Bottom,0,0,1,FourSeamFastBall,Four-Seam,BallCalled,Undefined,Undefined,Undefined,0,0,,94.23021,-3.494644,2.987833,2273.423596,133.940525,10:30,5.69298,-0.97255,5.27153,-17.15702,15.42513,-14.83174,0.97216,0.60049,85.59045,-6.704635,0.359112,0.410829,,,,,,,,,,,,8.31532,9.08839,0.71076,50,5.36073,-6.39975,-136.27461,-8.94126,15.53436,31.77986,-15.19547,SOU_GOL,TRO_TRJ,HillDensonField,D1,SBELT,20260320-HillDensonField-1,dc8fa270-24b4-11f1-b0f9-cffb574f71cc,91.74722,,,8.63976,,,,,,,73f695f1-acc7-4437-a517-846b8f7664b0,2026-03-20,23:31:02.77,2026-03-20T18:31:02.7770000-05:00,2026-03-20T23:31:02.7770000Z,,v3,471449,471470,36ca09f5531f47ca8911e9f965eba1cf,"Janicki, Jimmy",1000359452,Right,TRO_TRJ,e5a9ff4f-56e5-4ebb-b22b-6ca5c8c3bc73,55.22614,-137.48797,15.88993,5.69103,-8.3611,-7.59774,0.96642,-6.99285,7.76718,,,,,,,,,,,,,,,,,,,,,,,,,,,,,,,,,,,,,,,,,,,,,,,,,,,High,High,High,,,,,,,,,,,,,,,,,,,,,,,,,,,,,,,,,,,,
51,2026-03-20,18:31:23.20,1,3,"Stubbs, Benjamin",807876,Left,TRO_TRJ,"Higdon, Ben",803364,Right,SOU_GOL,Undefined,2,Bottom,0,1,1,TwoSeamFastBall,Sinker,BallCalled,Undefined,Undefined,Undefined,0,0,,93.94604,-2.972086,3.057424,2187.464029,126.028047,10:15,5.72056,-0.96696,5.25042,-20.75792,11.923,-14.88658,1.19146,0.66819,85.63066,-6.811275,0.41942,0.411451,,,,,,,,,,,,8.36193,7.14548,0.6979,50,5.43224,-6.55545,-135.97692,-7.85255,15.59721,30.85958,-18.84586,SOU_GOL,TRO_TRJ,HillDensonField,D1,SBELT,20260320-HillDensonField-1,e8c27f90-24b4-11f1-b0f9-cffb574f71cc,91.60849,,,8.31538,,,,,,,73f695f1-acc7-4437-a517-846b8f7664b0,2026-03-20,23:31:23.20,2026-03-20T18:31:23.2090000-05:00,2026-03-20T23:31:23.2090000Z,,v3,471449,471470,36ca09f5531f47ca8911e9f965eba1cf,"Janicki, Jimmy",1000359452,Right,TRO_TRJ,a172a471-6605-4581-af8c-6d147e57478b,55.24826,-137.16283,15.42979,5.72009,-7.12832,-9.42293,0.96133,-7.15484,7.79861,,,,,,,,,,,,,,,,,,,,,,,,,,,,,,,,,,,,,,,,,,,,,,,,,,,High,High,High,,,,,,,,,,,,,,,,,,,,,,,,,,,,,,,,,,,,
52,2026-03-20,18:31:43.43,1,4,"Stubbs, Benjamin",807876,Left,TRO_TRJ,"Higdon, Ben",803364,Right,SOU_GOL,Undefined,2,Bottom,0,2,1,TwoSeamFastBall,Sinker,InPlay,Undefined,GroundBall,Single,0,0,,94.2793,-2.33121,2.184832,2207.044771,123.111361,10:00,5.64117,-1.04467,5.26533,-21.31493,11.12402,-15.36643,1.67217,-0.27176,85.7221,-6.27787,-0.541581,0.409925,103.10814,-31.049028,7.774833,,,,,4.37853,4.37853,8.531883,0.021607,8.37036,6.58028,0.85668,50,5.41228,-4.47703,-136.58951,-6.37442,15.70938,31.9287,-19.82426,SOU_GOL,TRO_TRJ,HillDensonField,D1,SBELT,20260320-HillDensonField-1,f4cf5e20-24b4-11f1-b0f9-cffb574f71cc,91.9495,1.68719,,8.55719,,,,1.55333,1.68719,0.27047,73f695f1-acc7-4437-a517-846b8f7664b0,2026-03-20,23:31:43.43,2026-03-20T18:31:43.4310000-05:00,2026-03-20T23:31:43.4310000Z,GroundBall,v3,471449,471470,36ca09f5531f47ca8911e9f965eba1cf,"Janicki, Jimmy",1000359452,Right,TRO_TRJ,b64a2083-2e17-4362-bdb0-26ccc69b4e3d,55.23305,-137.80734,15.96435,5.64099,-5.61828,-9.91213,1.03887,-5.07622,7.85469,,1.55283,128.50965,,,,,,,,1.68749,-78.08393,,,,,,,,0.27041,17.54613,,,,,,,,,,,,,,,,,,,,,,,,,,,,,,High,High,High,Estimated,Estimated,,,,,,,,,,,,,,,,,,,,,,,,,,,,,,,,,,
53,2026-03-20,18:32:24.73,2,1,"Stubbs, Benjamin",807876,Left,TRO_TRJ,"Stockman, Tucker",838152,Right,SOU_GOL,Undefined,2,Bottom,0,0,0,ChangeUp,Sinker,BallCalled,Undefined,Undefined,Undefined,0,0,,88.24664,-2.425849,2.309567,1828.403849,110.150448,9:45,5.74404,-0.90088,5.83752,-29.71584,6.07115,-13.64662,1.0099,0.10963,81.53066,-7.890309,-0.139645,0.43056,,,,,,,,,,,,7.643,4.0439,0.72093,50,5.52841,-4.61284,-128.12937,-6.45564,12.78086,25.0088,-25.4117,SOU_GOL,TRO_TRJ,HillDensonField,D1,SBELT,20260320-HillDensonField-1,0d710ff0-24b5-11f1-b0f9-cffb574f71cc,87.5428,,,6.71598,,,,,,,73f695f1-acc7-4437-a517-846b8f7664b0,2026-03-20,23:32:24.73,2026-03-20T18:32:24.7390000-05:00,2026-03-20T23:32:24.7390000Z,,v3,471449,471470,36ca09f5531f47ca8911e9f965eba1cf,"Janicki, Jimmy",1000359452,Right,TRO_TRJ,1b26520b-f97d-4e6d-94f5-19e1177f402d,54.66321,-129.03634,12.5044,5.74582,-5.53405,-12.70585,0.89662,-5.07636,6.39043,,,,,,,,,,,,,,,,,,,,,,,,,,,,,,,,,,,,,,,,,,,,,,,,,,,High,High,High,,,,,,,,,,,,,,,,,,,,,,,,,,,,,,,,,,,,
54,2026-03-20,18:32:47.18,2,2,"Stubbs, Benjamin",807876,Left,TRO_TRJ,"Stockman, Tucker",838152,Right,SOU_GOL,Undefined,2,Bottom,0,1,0,TwoSeamFastBall,Sinker,StrikeCalled,Undefined,Undefined,Undefined,0,0,,92.9755,-2.298522,2.774699,2131.869747,120.954694,10:00,5.59874,-1.06518,5.48957,-19.88812,13.50524,-20.45749,1.78747,-0.17222,83.73406,-6.034482,-0.867861,0.415912,,,,,,,,,,,,11.1115,7.89351,0.83594,50,5.38407,-5.54167,-134.54255,-6.09572,20.0548,33.36811,-17.9273,SOU_GOL,TRO_TRJ,HillDensonField,D1,SBELT,20260320-HillDensonField-1,1acf9bd0-24b5-11f1-b0f9-cffb574f71cc,90.626,,,9.24145,,,,,,,73f695f1-acc7-4437-a517-846b8f7664b0,2026-03-20,23:32:47.18,2026-03-20T18:32:47.1810000-05:00,2026-03-20T23:32:47.1810000Z,,v3,471449,471470,36ca09f5531f47ca8911e9f965eba1cf,"Janicki, Jimmy",1000359452,Right,TRO_TRJ,7832c163-1a36-4435-807b-27161f988b74,55.00611,-135.77844,16.68406,5.59754,-5.43172,-8.96365,1.05495,-6.28447,10.0274,,,,,,,,,,,,,,,,,,,,,,,,,,,,,,,,,,,,,,,,,,,,,,,,,,,High,High,High,,,,,,,,,,,,,,,,,,,,,,,,,,,,,,,,,,,,
55,2026-03-20,18:33:09.69,2,3,"Stubbs, Benjamin",807876,Left,TRO_TRJ,"Stockman, Tucker",838152,Right,SOU_GOL,Undefined,2,Bottom,0,1,1,ChangeUp,Changeup,FoulBallNotFieldable,Undefined,Undefined,Undefined,0,0,,88.1454,-1.750244,1.673131,1722.266693,135.858525,10:30,5.64661,-0.97216,5.86212,-24.25127,12.29249,-10.63977,1.99851,-0.30404,79.57505,-6.306652,-0.236249,0.435089,75.84139,67.22912,119.28506,4733.340052,,,,,20.97365,,,5.99654,7.23713,0.84281,50,5.49073,-3.28491,-127.77538,-4.68372,9.75621,30.22994,-20.39947,SOU_GOL,TRO_TRJ,HillDensonField,D1,SBELT,20260320-HillDensonField-1,283d69f0-24b5-11f1-b0f9-cffb574f71cc,86.63156,45.63679,,8.57035,,,,1.65564,1.94875,0.27411,73f695f1-acc7-4437-a517-846b8f7664b0,2026-03-20,23:33:09.69,2026-03-20T18:33:09.6940000-05:00,2026-03-20T23:33:09.6940000Z,,v3,471449,471470,36ca09f5531f47ca8911e9f965eba1cf,"Janicki, Jimmy",1000359452,Right,TRO_TRJ,a7a44657-3567-4522-bd46-94c12a163e2f,54.63443,-128.86716,15.11497,5.64658,-3.94698,-10.19973,0.96781,-3.63726,4.8781,342.717627,1.65564,-21.05921,-6.72571,3.11673,-2.50973,7.81206,-18.61097,23.01327,-11.15822,1.94875,102.56438,-32.88142,4.73197,-1.57071,2.81951,-6.39818,7.80951,-3.73154,0.27411,37.55045,-3.42923,0.40842,0.01186,-0.1918,0.47348,-0.60978,0.31336,,,,,,,,,,,,,,,,,,,,,,,High,High,High,High,Undefined,,,,,,,,,,,,,,,,,,,,,,,,,,,,,,,,,,
56,2026-03-20,18:33:37.90,2,4,"Stubbs, Benjamin",807876,Left,TRO_TRJ,"Stockman, Tucker",838152,Right,SOU_GOL,Undefined,2,Bottom,0,1,2,TwoSeamFastBall,Sinker,BallCalled,Undefined,Undefined,Undefined,0,0,,94.2047,-0.111034,1.267081,2063.792244,124.56341,10:15,5.82871,-1.00516,5.20305,-20.11312,12.65257,-16.65048,4.04817,-1.20082,84.74896,-3.876226,-1.683226,0.411984,,,,,,,,,,,,8.60776,6.67331,0.90057,50,5.8038,-2.17864,-136.46445,-1.0103,15.99869,34.05626,-19.77078,SOU_GOL,TRO_TRJ,HillDensonField,D1,SBELT,20260320-HillDensonField-1,390893e0-24b5-11f1-b0f9-cffb574f71cc,91.48995,,,9.45575,,,,,,,73f695f1-acc7-4437-a517-846b8f7664b0,2026-03-20,23:33:37.90,2026-03-20T18:33:37.9030000-05:00,2026-03-20T23:33:37.9030000Z,,v3,471449,471470,36ca09f5531f47ca8911e9f965eba1cf,"Janicki, Jimmy",1000359452,Right,TRO_TRJ,4c5fdca3-507b-427f-b04e-6883a857e10b,55.29126,-137.77861,17.02813,5.82806,-0.24739,-9.88539,0.99655,-2.79599,7.99934,,,,,,,,,,,,,,,,,,,,,,,,,,,,,,,,,,,,,,,,,,,,,,,,,,,High,High,High,,,,,,,,,,,,,,,,,,,,,,,,,,,,,,,,,,,,
57,2026-03-20,18:34:00.20,2,5,"Stubbs, Benjamin",807876,Left,TRO_TRJ,"Stockman, Tucker",838152,Right,SOU_GOL,Undefined,2,Bottom,0,2,2,Curveball,Slider,FoulBallNotFieldable,Undefined,Undefined,Undefined,0,0,,81.10321,0.521856,-0.328965,2656.045412,313.169018,4:30,5.85161,-0.86849,4.86693,-50.03483,-5.85335,7.72721,2.17593,-0.53588,74.45878,-8.483999,1.034893,0.4784,63.11086,25.868278,157.615882,4875.894259,,,,134.73603,55.95717,160.714757,1.909866,-3.92173,-2.66445,0.8939,50,5.86006,0.3451,-117.69652,-0.8358,-5.48747,22.8541,-35.90224,SOU_GOL,TRO_TRJ,HillDensonField,D1,SBELT,20260320-HillDensonField-1,465e6d30-24b5-11f1-b0f9-cffb574f71cc,78.78848,19.35688,,6.64442,,,,0.46648,1.98386,0.51185,73f695f1-acc7-4437-a517-846b8f7664b0,2026-03-20,23:34:00.20,2026-03-20T18:34:00.2060000-05:00,2026-03-20T23:34:00.2060000Z,FlyBall,v3,471449,471470,36ca09f5531f47ca8911e9f965eba1cf,"Janicki, Jimmy",1000359452,Right,TRO_TRJ,9bc7c530-de4f-476d-8a2e-63c220f2c7a5,55.6335,-118.78539,11.42705,5.85913,0.87473,-17.95112,0.87123,0.60655,-2.74374,334.465824,0.46649,-77.01269,4.87732,0.22811,-0.00934,0.00723,-0.00656,0.00786,-0.00231,1.98386,40.38575,-25.45618,2.66638,-0.55214,0.14873,-0.04458,0.01327,-0.0019,0.51185,31.7176,-5.23497,0.55515,-0.14406,0.03454,-0.0061,-0.00237,0.0011,,,,,,,,,,,,,,,,,,,,,,,High,High,High,High,Medium,,,,,,,,,,,,,,,,,,,,,,,,,,,,,,,,,,
58,2026-03-20,18:34:25.81,2,6,"Stubbs, Benjamin",807876,Left,TRO_TRJ,"Stockman, Tucker",838152,Right,SOU_GOL,Undefined,2,Bottom,0,2,2,ChangeUp,Changeup,BallCalled,Undefined,Undefined,Undefined,0,0,,86.87006,0.131584,1.091771,1663.703089,114.36456,9:45,5.86015,-1.04459,5.6832,-29.78632,8.0389,-14.75776,3.50063,-1.25662,78.35919,-5.417699,-1.547814,0.442652,,,,,,,,,,,,7.74827,4.46248,0.96162,50,5.85299,-1.7489,-125.95336,-0.7346,12.26372,29.09708,-25.11098,SOU_GOL,TRO_TRJ,HillDensonField,D1,SBELT,20260320-HillDensonField-1,5599cf60-24b5-11f1-b0f9-cffb574f71cc,85.15147,,,8.51087,,,,,,,73f695f1-acc7-4437-a517-846b8f7664b0,2026-03-20,23:34:25.81,2026-03-20T18:34:25.8140000-05:00,2026-03-20T23:34:25.8140000Z,,v3,471449,471470,36ca09f5531f47ca8911e9f965eba1cf,"Janicki, Jimmy",1000359452,Right,TRO_TRJ,64c632be-ab47-4e73-be1d-bbfba4bf891c,54.81124,-127.05997,14.54854,5.86277,0.22041,-12.55549,1.037,-2.21531,6.13186,,,,,,,,,,,,,,,,,,,,,,,,,,,,,,,,,,,,,,,,,,,,,,,,,,,High,High,High,,,,,,,,,,,,,,,,,,,,,,,,,,,,,,,,,,,,
59,2026-03-20,18:34:48.17,2,7,"Stubbs, Benjamin",807876,Left,TRO_TRJ,"Stockman, Tucker",838152,Right,SOU_GOL,Undefined,2,Bottom,0,3,2,FourSeamFastBall,Sinker,StrikeSwinging,Strikeout,Undefined,Undefined,0,0,,93.79559,-1.779231,1.378109,2102.839202,132.991533,10:30,5.74701,-0.95105,5.35461,-16.87151,15.60304,-15.60509,2.67138,-0.95876,85.543,-4.94518,-1.395076,0.41015,,,,,,,,,,,,8.17367,8.63422,0.83844,50,5.57522,-2.52113,-136.04958,-4.81109,15.2976,30.25022,-16.01447,SOU_GOL,TRO_TRJ,HillDensonField,D1,SBELT,20260320-HillDensonField-1,62e94010-24b5-11f1-b0f9-cffb574f71cc,91.8991,,,8.25259,,,,,,,73f695f1-acc7-4437-a517-846b8f7664b0,2026-03-20,23:34:48.17,2026-03-20T18:34:48.1790000-05:00,2026-03-20T23:34:48.1790000Z,,v3,471449,471470,36ca09f5531f47ca8911e9f965eba1cf,"Janicki, Jimmy",1000359452,Right,TRO_TRJ,52e37960-9ce8-4746-8d8a-a8af72feb0f8,55.14255,-137.18825,15.12511,5.74497,-4.20828,-8.00723,0.94417,-3.09695,7.6488,,,,,,,,,,,,,,,,,,,,,,,,,,,,,,,,,,,,,,,,,,,,,,,,,,,High,High,High,,,,,,,,,,,,,,,,,,,,,,,,,,,,,,,,,,,,
60,2026-03-20,18:35:22.38,3,1,"Stubbs, Benjamin",807876,Left,TRO_TRJ,"Smith, Seth",835337,Left,SOU_GOL,Undefined,2,Bottom,1,0,0,FourSeamFastBall,Sinker,InPlay,Undefined,GroundBall,Out,2,0,,92.52294,-1.392039,1.593982,2095.631673,133.481498,10:30,5.79345,-0.92348,5.34157,-18.38855,15.2395,-14.83828,2.95447,-0.66434,83.76996,-4.848534,-1.042046,0.417371,71.37132,-3.410765,13.605466,,,,,28.7707,27.58057,14.754242,0.275277,7.94508,8.41099,0.7909,50,5.65521,-3.03631,-134.12004,-3.89817,14.33389,31.59034,-16.99964,SOU_GOL,TRO_TRJ,HillDensonField,D1,SBELT,20260320-HillDensonField-1,77507c80-24b5-11f1-b0f9-cffb574f71cc,90.30921,2.93717,,8.75298,,,,0.69301,2.93717,0.65857,73f695f1-acc7-4437-a517-846b8f7664b0,2026-03-20,23:35:22.38,2026-03-20T18:35:22.3870000-05:00,2026-03-20T23:35:22.3870000Z,GroundBall,v3,471449,471470,36ca09f5531f47ca8911e9f965eba1cf,"Janicki, Jimmy",1000359452,Right,TRO_TRJ,a7403d7d-949f-4e7a-9feb-5a89f02d8504,55.15583,-135.32898,15.79517,5.79194,-3.2476,-8.49982,0.9176,-3.58486,7.16695,307.444106,0.69424,101.50089,-10.74508,,,,,,,2.93829,-6.28148,-15.97104,,,,,,,0.65863,24.57753,-1.28233,,,,,,,,,,,,,,,,,,,,,,,,,,,,,High,High,High,High,High,,,,,,,,,,,,,,,,,,,,,,,,,,,,,,,,,,
61,2026-03-20,18:37:47.31,1,1,"Harris, Grayden",1000390608,Left,SOU_GOL,"Darnell, Sean",822506,Left,TRO_TRJ,Undefined,3,Top,0,0,0,TwoSeamFastBall,Sinker,StrikeCalled,Undefined,Undefined,Undefined,0,0,,90.41683,-0.516243,4.669967,2105.700325,108.379553,9:30,4.96596,-2.63218,6.48426,-26.41104,7.10599,-18.19403,2.28948,0.14883,82.65827,-5.476694,1.380376,0.416681,,,,,,,,,,,,10.81292,4.18449,2.3111,50,4.91798,-9.99411,-131.12532,-2.00529,18.83682,27.57532,-24.88442,SOU_GOL,TRO_TRJ,HillDensonField,D1,SBELT,20260320-HillDensonField-1,cdb97540-24b5-11f1-b0f9-cffb574f71cc,90.45867,,,7.75856,,,,,,,73f695f1-acc7-4437-a517-846b8f7664b0,2026-03-20,23:37:47.31,2026-03-20T18:37:47.3190000-05:00,2026-03-20T23:37:47.3190000Z,,v3,471449,471470,36ca09f5531f47ca8911e9f965eba1cf,"Stockman, Tucker",838152,Right,SOU_GOL,e0510f16-8d99-4945-ac8b-da51ac3cbb9f,54.01553,-131.96707,13.78766,4.9676,-1.24568,-12.44221,2.62495,-10.56912,9.41841,,,,,,,,,,,,,,,,,,,,,,,,,,,,,,,,,,,,,,,,,,,,,,,,,,,High,High,High,,,,,,,,,,,,,,,,,,,,,,,,,,,,,,,,,,,,
62,2026-03-20,18:37:59.56,1,2,"Harris, Grayden",1000390608,Left,SOU_GOL,"Darnell, Sean",822506,Left,TRO_TRJ,Undefined,3,Top,0,0,1,TwoSeamFastBall,Sinker,InPlay,Undefined,GroundBall,Single,0,0,,90.32621,0.570304,4.807721,2054.667369,97.936182,9:15,4.87278,-2.78073,6.22229,-30.37525,4.23272,-20.98792,2.86961,-0.08317,80.89722,-5.129214,1.032854,0.423408,90.01503,-37.306546,5.965393,,,,,4.89235,1.23452,5.487763,0.035455,12.45154,2.37914,2.43041,50,4.90074,-10.1075,-130.6696,0.29462,21.09999,32.64541,-28.14245,SOU_GOL,TRO_TRJ,HillDensonField,D1,SBELT,20260320-HillDensonField-1,d501edf0-24b5-11f1-b0f9-cffb574f71cc,89.02148,2.84402,,9.429,,,,1.15771,2.84402,0.07997,73f695f1-acc7-4437-a517-846b8f7664b0,2026-03-20,23:37:59.56,2026-03-20T18:37:59.5620000-05:00,2026-03-20T23:37:59.5620000Z,GroundBall,v3,471449,471470,36ca09f5531f47ca8911e9f965eba1cf,"Stockman, Tucker",838152,Right,SOU_GOL,c847355b-bf65-4d17-88a1-9795551fa2da,54.27515,-131.73334,16.3227,4.8762,1.21163,-14.07122,2.77096,-10.79504,10.54999,,1.15622,104.70218,,,,,,,,2.84516,-80.21497,,,,,,,,0.07981,10.94071,,,,,,,,,,,,,,,,,,,,,,,,,,,,,,High,High,High,Low,Low,,,,,,,,,,,,,,,,,,,,,,,,,,,,,,,,,,
63,2026-03-20,18:38:40.76,2,1,"Harris, Grayden",1000390608,Left,SOU_GOL,"Meier, Steven",1000136981,Left,TRO_TRJ,Undefined,3,Top,0,0,0,TwoSeamFastBall,Sinker,BallCalled,Undefined,Undefined,Undefined,0,0,,91.62363,0.470437,5.43703,2066.121542,107.313911,9:30,4.872,-2.73958,6.33504,-26.25895,6.84205,-18.37611,3.11887,0.75024,83.07582,-4.460789,2.13192,0.414087,,,,,,,,,,,,11.08516,3.76374,2.35048,50,4.89414,-11.84892,-132.59612,0.24251,19.63313,29.72261,-25.508,SOU_GOL,TRO_TRJ,HillDensonField,D1,SBELT,20260320-HillDensonField-1,ed8ff0b0-24b5-11f1-b0f9-cffb574f71cc,91.02535,,,8.54781,,,,,,,73f695f1-acc7-4437-a517-846b8f7664b0,2026-03-20,23:38:40.76,2026-03-20T18:38:40.7670000-05:00,2026-03-20T23:38:40.7670000Z,,v3,471449,471470,36ca09f5531f47ca8911e9f965eba1cf,"Stockman, Tucker",838152,Right,SOU_GOL,a6ad4c86-2a71-4126-9ce3-c0ad6035a71d,54.16303,-133.52604,14.86131,4.87407,1.04057,-12.754,2.7308,-12.46318,9.81657,,,,,,,,,,,,,,,,,,,,,,,,,,,,,,,,,,,,,,,,,,,,,,,,,,,High,High,High,,,,,,,,,,,,,,,,,,,,,,,,,,,,,,,,,,,,
64,2026-03-20,18:38:55.38,2,2,"Harris, Grayden",1000390608,Left,SOU_GOL,"Meier, Steven",1000136981,Left,TRO_TRJ,Undefined,3,Top,0,1,0,TwoSeamFastBall,Sinker,BallCalled,Undefined,Undefined,Undefined,0,0,,91.06986,-0.61362,5.822716,2030.242581,108.169852,9:30,4.91745,-2.72214,6.42632,-26.66257,7.14516,-17.92792,2.12862,1.15429,81.79977,-5.645064,2.594762,0.418485,,,,,,,,,,,,11.1989,4.30701,2.31333,50,4.86174,-12.67235,-131.57749,-2.25543,19.2989,32.34505,-24.75185,SOU_GOL,TRO_TRJ,HillDensonField,D1,SBELT,20260320-HillDensonField-1,f649fac0-24b5-11f1-b0f9-cffb574f71cc,90.06889,,,9.27009,,,,,,,73f695f1-acc7-4437-a517-846b8f7664b0,2026-03-20,23:38:55.38,2026-03-20T18:38:55.3880000-05:00,2026-03-20T23:38:55.3880000Z,,v3,471449,471470,36ca09f5531f47ca8911e9f965eba1cf,"Stockman, Tucker",838152,Right,SOU_GOL,e738ba7d-4eb5-4a48-92c5-7a185f1ce25e,54.07015,-132.57426,16.17252,4.91949,-1.49266,-12.37593,2.71301,-13.26708,9.64945,,,,,,,,,,,,,,,,,,,,,,,,,,,,,,,,,,,,,,,,,,,,,,,,,,,High,High,High,,,,,,,,,,,,,,,,,,,,,,,,,,,,,,,,,,,,
65,2026-03-20,18:39:11.74,2,3,"Harris, Grayden",1000390608,Left,SOU_GOL,"Meier, Steven",1000136981,Left,TRO_TRJ,Undefined,3,Top,0,2,0,TwoSeamFastBall,Sinker,StrikeCalled,Undefined,Undefined,Undefined,0,0,,90.57523,-0.768242,5.119801,2070.7054,105.409799,9:30,4.84268,-2.74769,6.57421,-27.64592,6.08996,-17.75029,1.83184,0.47827,81.86475,-5.981172,1.90785,0.41804,,,,,,,,,,,,10.88855,3.79894,2.40201,50,4.77834,-11.04,-131.12207,-2.61666,18.72596,30.87434,-25.6407,SOU_GOL,TRO_TRJ,HillDensonField,D1,SBELT,20260320-HillDensonField-1,00087c80-24b6-11f1-b0f9-cffb574f71cc,90.16477,,,8.71048,,,,,,,73f695f1-acc7-4437-a517-846b8f7664b0,2026-03-20,23:39:11.74,2026-03-20T18:39:11.7470000-05:00,2026-03-20T23:39:11.7470000Z,,v3,471449,471470,36ca09f5531f47ca8911e9f965eba1cf,"Stockman, Tucker",838152,Right,SOU_GOL,d1d3cdb8-c5cb-4ab9-8d65-c355e174f72a,53.92361,-132.0427,15.43717,4.84496,-1.85209,-12.82035,2.73954,-11.59838,9.36298,,,,,,,,,,,,,,,,,,,,,,,,,,,,,,,,,,,,,,,,,,,,,,,,,,,High,High,High,,,,,,,,,,,,,,,,,,,,,,,,,,,,,,,,,,,,
66,2026-03-20,18:39:31.08,2,4,"Harris, Grayden",1000390608,Left,SOU_GOL,"Meier, Steven",1000136981,Left,TRO_TRJ,Undefined,3,Top,0,2,1,TwoSeamFastBall,Sinker,FoulBallNotFieldable,Undefined,Undefined,Undefined,0,0,,91.28052,-0.939663,3.734465,2075.185803,104.746904,9:30,4.92989,-2.61636,6.44768,-27.2995,5.85122,-17.93312,1.78968,-0.6748,82.87568,-6.069305,0.487016,0.414398,72.47879,18.537529,-43.268207,4808.882016,74.28219,19.13817,-81.13039,177.85071,164.11116,-50.371509,2.292895,10.49898,3.68118,2.35893,50,4.85109,-7.91777,-132.40642,-3.04612,18.47405,30.59623,-25.6966,SOU_GOL,TRO_TRJ,HillDensonField,D1,SBELT,20260320-HillDensonField-1,0b918510-24b6-11f1-b0f9-cffb574f71cc,90.95707,19.69384,,8.40485,,,,0.41472,1.65402,0.81224,73f695f1-acc7-4437-a517-846b8f7664b0,2026-03-20,23:39:31.08,2026-03-20T18:39:31.0870000-05:00,2026-03-20T23:39:31.0870000Z,LineDrive,v3,471449,471470,36ca09f5531f47ca8911e9f965eba1cf,"Stockman, Tucker",838152,Right,SOU_GOL,186c6e66-411a-4cb8-9f23-64153ebb8cef,54.051,-133.33923,15.29812,4.93202,-2.26269,-12.8483,2.60891,-8.48101,9.23702,,0.41472,73.3881,-16.60369,4.09828,-0.90846,0.1746,-0.03159,0.0045,-0.0003,1.65402,33.79619,-16.51236,0.62712,0.03168,-0.02714,0.00817,-0.00066,-2E-05,0.81224,-69.08067,4.90325,-0.39516,-0.06952,0.04128,-0.01002,0.0012,-7E-05,,,,,,,,,,,,,,,,,,,,,,,High,High,High,High,High,,,,,,,,,,,,,,,,,,,,,,,,,,,,,,,,,,
67,2026-03-20,18:41:08.68,2,5,"Harris, Grayden",1000390608,Left,SOU_GOL,"Meier, Steven",1000136981,Left,TRO_TRJ,Undefined,3,Top,0,2,2,TwoSeamFastBall,Four-Seam,BallCalled,Undefined,Undefined,Undefined,0,0,,90.94166,1.843826,3.78445,2137.813938,138.524974,10:30,4.97263,-2.71028,6.43327,-20.47214,12.93977,-10.45922,4.96543,-0.09881,82.29793,-2.061413,1.895083,0.416028,64.07734,6.961335,-175.53438,2604.470527,,,,78.67456,49.28778,-176.591354,0.892657,6.51099,6.52449,2.44484,50,5.09464,-8.27957,-131.79144,3.66616,11.38095,29.62008,-20.76949,SOU_GOL,TRO_TRJ,HillDensonField,D1,SBELT,20260320-HillDensonField-1,45c25ed0-24b6-11f1-b0f9-cffb574f71cc,90.60079,6.30446,,8.64373,,,,,,,73f695f1-acc7-4437-a517-846b8f7664b0,2026-03-20,23:41:08.68,2026-03-20T18:41:08.6890000-05:00,2026-03-20T23:41:08.6890000Z,GroundBall,v3,471449,471470,36ca09f5531f47ca8911e9f965eba1cf,"Stockman, Tucker",838152,Right,SOU_GOL,aed2bae6-7910-46b3-b532-02d3ab96184b,54.06197,-132.70123,14.81004,4.97223,4.3041,-10.38475,2.70452,-8.62914,5.69048,33.555385,-2.48697,-93.00404,8.77917,-0.06653,0.02625,0.0655,-0.20991,0.29368,-0.13999,4.67527,11.39035,-20.53255,2.44225,-0.45745,0.20323,-0.1631,0.11976,-0.03805,-0.03784,-7.26345,2.92263,-0.82777,0.21206,-0.07224,0.0191,0.01154,-0.012,,,,,,,,,,,,,,,,,,,,,,,High,High,High,High,Medium,,,,,,,,,,,,,,,,,,,,,,,,,,,,,,,,,,
68,2026-03-20,18:41:40.27,2,6,"Harris, Grayden",1000390608,Left,SOU_GOL,"Meier, Steven",1000136981,Left,TRO_TRJ,Undefined,3,Top,0,3,2,TwoSeamFastBall,Sinker,StrikeCalled,Strikeout,Undefined,Undefined,0,0,,92.50791,-1.202953,5.491396,2263.025759,114.588998,9:45,4.74108,-2.63488,6.66241,-22.796,9.34012,-17.9958,1.73544,0.90567,83.87617,-5.529062,2.233605,0.408008,,,,,,,,,,,,11.07327,5.61252,2.27153,50,4.65083,-12.1471,-133.88778,-3.49835,19.95109,30.90729,-22.06177,SOU_GOL,TRO_TRJ,HillDensonField,D1,SBELT,20260320-HillDensonField-1,588d0240-24b6-11f1-b0f9-cffb574f71cc,92.38171,,,8.63174,,,,,,,73f695f1-acc7-4437-a517-846b8f7664b0,2026-03-20,23:41:40.27,2026-03-20T18:41:40.2720000-05:00,2026-03-20T23:41:40.2720000Z,,v3,471449,471470,36ca09f5531f47ca8911e9f965eba1cf,"Stockman, Tucker",838152,Right,SOU_GOL,3183b065-9df8-48c6-89e8-2262b8a1a0d8,53.83558,-134.77029,15.45365,4.74173,-2.8684,-11.03089,2.62651,-12.71678,9.97554,,,,,,,,,,,,,,,,,,,,,,,,,,,,,,,,,,,,,,,,,,,,,,,,,,,High,High,High,,,,,,,,,,,,,,,,,,,,,,,,,,,,,,,,,,,,
69,2026-03-20,18:42:17.33,3,1,"Harris, Grayden",1000390608,Left,SOU_GOL,"Pyne, Josh",695635,Right,TRO_TRJ,Undefined,3,Top,1,0,0,TwoSeamFastBall,Sinker,BallCalled,Undefined,Undefined,Undefined,0,0,,91.84843,-1.647083,4.222876,2308.862944,104.463401,9:30,4.73326,-2.81504,6.32956,-27.61175,5.30662,-16.23859,0.91104,-0.27263,83.53366,-6.809605,1.290918,0.412943,,,,,,,,,,,,9.77945,3.57083,2.51427,50,4.59975,-9.17296,-133.11194,-4.74241,17.40501,30.72283,-25.81886,SOU_GOL,TRO_TRJ,HillDensonField,D1,SBELT,20260320-HillDensonField-1,6ea37550-24b6-11f1-b0f9-cffb574f71cc,91.27749,,,8.31478,,,,,,,73f695f1-acc7-4437-a517-846b8f7664b0,2026-03-20,23:42:17.33,2026-03-20T18:42:17.3330000-05:00,2026-03-20T23:42:17.3330000Z,,v3,471449,471470,36ca09f5531f47ca8911e9f965eba1cf,"Stockman, Tucker",838152,Right,SOU_GOL,5183138f-f718-4fec-879c-5850506e0ad5,54.17,-134.07094,15.36142,4.7352,-3.93649,-12.90943,2.80908,-9.71625,8.7025,,,,,,,,,,,,,,,,,,,,,,,,,,,,,,,,,,,,,,,,,,,,,,,,,,,High,High,High,,,,,,,,,,,,,,,,,,,,,,,,,,,,,,,,,,,,
70,2026-03-20,18:42:34.46,3,2,"Harris, Grayden",1000390608,Left,SOU_GOL,"Pyne, Josh",695635,Right,TRO_TRJ,Undefined,3,Top,1,1,0,ChangeUp,Changeup,InPlay,Undefined,GroundBall,Out,1,0,,83.89424,0.847955,3.133659,1645.716754,105.475365,9:30,4.73144,-2.80093,6.51762,-34.04703,5.46296,-14.44894,2.67346,-1.12684,75.37176,-5.579374,0.513275,0.452402,71.38317,-9.381827,-20.866287,,,,,16.82689,16.15673,-13.430325,0.139932,8.6813,2.96351,2.5886,50,4.77599,-6.13494,-121.66671,0.8196,12.74481,28.45368,-27.8234,SOU_GOL,TRO_TRJ,HillDensonField,D1,SBELT,20260320-HillDensonField-1,78e075e0-24b6-11f1-b0f9-cffb574f71cc,83.31621,2.84705,,8.52248,,,,3.12946,2.84705,1.16814,73f695f1-acc7-4437-a517-846b8f7664b0,2026-03-20,23:42:34.46,2026-03-20T18:42:34.4640000-05:00,2026-03-20T23:42:34.4640000Z,GroundBall,v3,471449,471470,36ca09f5531f47ca8911e9f965eba1cf,"Stockman, Tucker",838152,Right,SOU_GOL,ac39ba1b-20ce-425e-a7f9-db7fb59ae71e,53.98036,-122.59404,14.22684,4.7345,1.7264,-13.9117,2.79531,-6.55031,6.37241,8.882227,3.12953,96.51337,-13.69472,,,,,,,2.84744,-17.10383,-23.20988,,,,,,,1.16815,-36.79352,3.68501,,,,,,,,,,,,,,,,,,,,,,,,,,,,,High,High,High,High,High,,,,,,,,,,,,,,,,,,,,,,,,,,,,,,,,,,
71,2026-03-20,18:43:13.17,4,1,"Harris, Grayden",1000390608,Left,SOU_GOL,"Piasecki, Aaron",1000189116,Left,TRO_TRJ,Undefined,3,Top,2,0,0,TwoSeamFastBall,Sinker,BallCalled,Undefined,Undefined,Undefined,0,0,,92.84471,-0.472681,6.401955,2315.741624,110.488494,9:45,4.75577,-2.59324,6.6864,-24.96427,6.76048,-15.38332,2.24038,2.00457,84.7551,-5.172795,3.625142,0.405388,,,,,,,,,,,,9.80343,4.02205,2.16964,50,4.7143,-14.44334,-134.26421,-1.88113,17.91361,28.79031,-24.82463,SOU_GOL,TRO_TRJ,HillDensonField,D1,SBELT,20260320-HillDensonField-1,8ff4d0f0-24b6-11f1-b0f9-cffb574f71cc,92.97878,,,8.08961,,,,,,,73f695f1-acc7-4437-a517-846b8f7664b0,2026-03-20,23:43:13.17,2026-03-20T18:43:13.1750000-05:00,2026-03-20T23:43:13.1750000Z,,v3,471449,471470,36ca09f5531f47ca8911e9f965eba1cf,"Stockman, Tucker",838152,Right,SOU_GOL,03674c07-23d7-4634-acf3-ce37e9a150a2,53.81187,-135.07912,14.39515,4.7576,-1.17847,-12.41232,2.58563,-14.95039,8.9568,,,,,,,,,,,,,,,,,,,,,,,,,,,,,,,,,,,,,,,,,,,,,,,,,,,High,High,High,,,,,,,,,,,,,,,,,,,,,,,,,,,,,,,,,,,,
72,2026-03-20,18:43:29.03,4,2,"Harris, Grayden",1000390608,Left,SOU_GOL,"Piasecki, Aaron",1000189116,Left,TRO_TRJ,Undefined,3,Top,2,1,0,ChangeUp,Changeup,StrikeCalled,Undefined,Undefined,Undefined,0,0,,86.52002,-0.274403,5.157509,1609.567329,114.483529,9:45,4.7476,-2.65641,6.62138,-30.55506,6.61654,-11.48205,1.94904,1.12249,77.75302,-6.049259,3.079959,0.438811,,,,,,,,,,,,7.71784,3.99461,2.30974,50,4.71679,-10.85347,-125.14509,-1.49263,12.00467,29.7741,-25.96064,SOU_GOL,TRO_TRJ,HillDensonField,D1,SBELT,20260320-HillDensonField-1,99672e80-24b6-11f1-b0f9-cffb574f71cc,85.89682,,,8.767,,,,,,,73f695f1-acc7-4437-a517-846b8f7664b0,2026-03-20,23:43:29.03,2026-03-20T18:43:29.0300000-05:00,2026-03-20T23:43:29.0300000Z,,v3,471449,471470,36ca09f5531f47ca8911e9f965eba1cf,"Stockman, Tucker",838152,Right,SOU_GOL,42ee7979-5753-4c22-90f8-1d0aef33a3b4,53.87396,-126.0634,14.88705,4.75048,-0.69193,-12.98032,2.6502,-11.22372,6.00234,,,,,,,,,,,,,,,,,,,,,,,,,,,,,,,,,,,,,,,,,,,,,,,,,,,High,High,High,,,,,,,,,,,,,,,,,,,,,,,,,,,,,,,,,,,,
73,2026-03-20,18:43:45.88,4,3,"Harris, Grayden",1000390608,Left,SOU_GOL,"Piasecki, Aaron",1000189116,Left,TRO_TRJ,Undefined,3,Top,2,1,1,TwoSeamFastBall,Sinker,BallCalled,Undefined,Undefined,Undefined,0,0,,92.33661,-1.375689,6.071305,2283.887933,117.155483,10:00,4.81169,-2.64052,6.63876,-22.70383,9.70071,-16.70131,1.653,1.54651,83.58905,-5.683873,3.054956,0.409708,,,,,,,,,,,,10.55709,5.86315,2.23482,50,4.70908,-13.51402,-133.45518,-3.89288,18.87421,31.0477,-21.69178,SOU_GOL,TRO_TRJ,HillDensonField,D1,SBELT,20260320-HillDensonField-1,a372e5e0-24b6-11f1-b0f9-cffb574f71cc,91.99828,,,8.74756,,,,,,,73f695f1-acc7-4437-a517-846b8f7664b0,2026-03-20,23:43:45.88,2026-03-20T18:43:45.8860000-05:00,2026-03-20T23:43:45.8860000Z,,v3,471449,471470,36ca09f5531f47ca8911e9f965eba1cf,"Stockman, Tucker",838152,Right,SOU_GOL,97bdbc9e-b000-442f-a136-4838b0aca912,53.85832,-134.3498,15.52385,4.81225,-3.26785,-10.84589,2.63205,-14.05787,9.43711,,,,,,,,,,,,,,,,,,,,,,,,,,,,,,,,,,,,,,,,,,,,,,,,,,,High,High,High,,,,,,,,,,,,,,,,,,,,,,,,,,,,,,,,,,,,
74,2026-03-20,18:44:04.51,4,4,"Harris, Grayden",1000390608,Left,SOU_GOL,"Piasecki, Aaron",1000189116,Left,TRO_TRJ,Undefined,3,Top,2,2,1,TwoSeamFastBall,Four-Seam,BallCalled,Undefined,Undefined,Undefined,0,0,,92.37176,-0.841618,5.009034,2176.464697,139.549893,10:45,4.79292,-2.6246,6.85544,-20.83942,10.69997,-8.32335,2.28604,1.25997,84.90134,-4.796548,3.496817,0.404202,,,,,,,,,,,,5.71134,6.19717,2.30711,50,4.73131,-11.4252,-133.97277,-2.55539,10.44469,27.26319,-20.84087,SOU_GOL,TRO_TRJ,HillDensonField,D1,SBELT,20260320-HillDensonField-1,ae8a8f00-24b6-11f1-b0f9-cffb574f71cc,93.2516,,,7.47042,,,,,,,73f695f1-acc7-4437-a517-846b8f7664b0,2026-03-20,23:44:04.51,2026-03-20T18:44:04.5100000-05:00,2026-03-20T23:44:04.5100000Z,,v3,471449,471470,36ca09f5531f47ca8911e9f965eba1cf,"Stockman, Tucker",838152,Right,SOU_GOL,b11a9086-41fb-4272-8044-ed74cd58fce0,53.64317,-134.71211,13.63159,4.79294,-1.99021,-10.42044,2.62079,-11.70845,5.22234,,,,,,,,,,,,,,,,,,,,,,,,,,,,,,,,,,,,,,,,,,,,,,,,,,,High,High,High,,,,,,,,,,,,,,,,,,,,,,,,,,,,,,,,,,,,
75,2026-03-20,18:44:24.45,4,5,"Harris, Grayden",1000390608,Left,SOU_GOL,"Piasecki, Aaron",1000189116,Left,TRO_TRJ,Undefined,3,Top,2,3,1,TwoSeamFastBall,Sinker,BallCalled,Walk,Undefined,Undefined,0,0,,92.66802,-1.762141,5.046665,2291.170655,103.947772,9:30,4.82707,-2.59439,6.69727,-26.67612,5.0867,-16.36363,0.98595,0.6687,84.73742,-6.771448,2.077227,0.405631,,,,,,,,,,,,10.12142,3.47776,2.2641,50,4.69888,-11.23289,-134.29443,-4.96955,18.45009,29.5815,-25.83453,SOU_GOL,TRO_TRJ,HillDensonField,D1,SBELT,20260320-HillDensonField-1,ba658820-24b6-11f1-b0f9-cffb574f71cc,92.92305,,,7.9306,,,,,,,73f695f1-acc7-4437-a517-846b8f7664b0,2026-03-20,23:44:24.45,2026-03-20T18:44:24.4540000-05:00,2026-03-20T23:44:24.4540000Z,,v3,471449,471470,36ca09f5531f47ca8911e9f965eba1cf,"Stockman, Tucker",838152,Right,SOU_GOL,7ef37fa6-869f-4e4b-8452-e52ed66f0e02,53.80314,-135.12956,14.79075,4.82889,-4.2402,-12.91726,2.58857,-11.75376,9.22504,,,,,,,,,,,,,,,,,,,,,,,,,,,,,,,,,,,,,,,,,,,,,,,,,,,High,High,High,,,,,,,,,,,,,,,,,,,,,,,,,,,,,,,,,,,,
76,2026-03-20,18:45:10.59,5,1,"Harris, Grayden",1000390608,Left,SOU_GOL,"Janicki, Jimmy",1000359452,Right,TRO_TRJ,Undefined,3,Top,2,0,0,TwoSeamFastBall,Sinker,StrikeCalled,Undefined,Undefined,Undefined,0,0,,92.48925,-0.700526,4.650957,2187.545691,124.218943,10:15,4.81431,-2.47261,6.57555,-19.7104,12.82887,-17.06025,2.52756,0.37788,82.87231,-4.491345,1.562481,0.410559,,,,,,,,,,,,10.41646,7.30685,2.15883,50,4.75772,-10.17641,-133.86351,-2.19136,18.54073,34.03337,-19.16828,SOU_GOL,TRO_TRJ,HillDensonField,D1,SBELT,20260320-HillDensonField-1,d5e9c070-24b6-11f1-b0f9-cffb574f71cc,91.80766,,,9.61695,,,,,,,73f695f1-acc7-4437-a517-846b8f7664b0,2026-03-20,23:45:10.59,2026-03-20T18:45:10.5970000-05:00,2026-03-20T23:45:10.5970000Z,,v3,471449,471470,36ca09f5531f47ca8911e9f965eba1cf,"Stockman, Tucker",838152,Right,SOU_GOL,f8a1a8a1-f165-47b3-8fbe-dd7182bebc52,53.9197,-134.85637,17.01668,4.81349,-1.63216,-9.58414,2.4636,-10.7173,9.27037,,,,,,,,,,,,,,,,,,,,,,,,,,,,,,,,,,,,,,,,,,,,,,,,,,,High,High,High,,,,,,,,,,,,,,,,,,,,,,,,,,,,,,,,,,,,
77,2026-03-20,18:45:27.29,5,2,"Harris, Grayden",1000390608,Left,SOU_GOL,"Janicki, Jimmy",1000359452,Right,TRO_TRJ,Undefined,3,Top,2,0,1,TwoSeamFastBall,Sinker,StrikeCalled,Undefined,Undefined,Undefined,0,0,,92.47323,-0.745413,5.030109,2223.362893,112.439682,9:45,4.7506,-2.41435,6.54443,-24.47718,7.92536,-16.40273,2.02455,0.84368,83.49928,-5.377395,2.06426,0.409695,,,,,,,,,,,,10.12323,4.73563,2.07175,50,4.68856,-11.106,-133.86212,-2.50405,18.14604,32.16236,-23.68535,SOU_GOL,TRO_TRJ,HillDensonField,D1,SBELT,20260320-HillDensonField-1,dfe0de60-24b6-11f1-b0f9-cffb574f71cc,92.00114,,,8.97395,,,,,,,73f695f1-acc7-4437-a517-846b8f7664b0,2026-03-20,23:45:27.29,2026-03-20T18:45:27.2940000-05:00,2026-03-20T23:45:27.2940000Z,,v3,471449,471470,36ca09f5531f47ca8911e9f965eba1cf,"Stockman, Tucker",838152,Right,SOU_GOL,606ffd66-8bb5-48a4-9620-219bfb851ea7,53.95261,-134.80845,16.08118,4.75198,-1.80714,-11.84267,2.40638,-11.63992,9.07302,,,,,,,,,,,,,,,,,,,,,,,,,,,,,,,,,,,,,,,,,,,,,,,,,,,High,High,High,,,,,,,,,,,,,,,,,,,,,,,,,,,,,,,,,,,,
78,2026-03-20,18:45:45.16,5,3,"Harris, Grayden",1000390608,Left,SOU_GOL,"Janicki, Jimmy",1000359452,Right,TRO_TRJ,Undefined,3,Top,2,0,2,ChangeUp,Changeup,FoulBallNotFieldable,Undefined,Undefined,Undefined,0,0,,87.22308,-0.490096,3.480996,1659.203126,112.854795,9:45,4.62336,-2.69341,6.33868,-29.70336,7.23142,-13.81142,1.69602,-0.63555,78.19086,-6.093656,0.985228,0.43741,73.0721,-51.852901,-75.368467,,,,,2.46154,2.46154,-16.305111,0.020825,8.38847,4.33185,2.4461,50,4.57389,-7.13909,-126.35797,-1.9935,13.25219,31.2317,-25.33053,SOU_GOL,TRO_TRJ,HillDensonField,D1,SBELT,20260320-HillDensonField-1,ea87eb60-24b6-11f1-b0f9-cffb574f71cc,86.1718,1.75936,,9.03223,,,,2.01348,1.75936,0.64596,73f695f1-acc7-4437-a517-846b8f7664b0,2026-03-20,23:45:45.16,2026-03-20T18:45:45.1630000-05:00,2026-03-20T23:45:45.1630000Z,GroundBall,v3,471449,471470,36ca09f5531f47ca8911e9f965eba1cf,"Stockman, Tucker",838152,Right,SOU_GOL,78cc0c95-e28a-4163-8167-f992a2815f47,54.15758,-127.38145,15.61585,4.62562,-1.16341,-12.66527,2.68717,-7.57337,6.6261,,2.01335,16.7617,,,,,,,,1.76004,-84.48406,,,,,,,,0.64647,-64.20427,,,,,,,,,,,,,,,,,,,,,,,,,,,,,,High,High,High,Estimated,Estimated,,,,,,,,,,,,,,,,,,,,,,,,,,,,,,,,,,
79,2026-03-20,18:46:10.38,5,4,"Harris, Grayden",1000390608,Left,SOU_GOL,"Janicki, Jimmy",1000359452,Right,TRO_TRJ,Undefined,3,Top,2,0,2,ChangeUp,Changeup,InPlay,Undefined,FlyBall,HomeRun,0,3,,86.88122,0.408329,3.713104,1510.201737,95.174824,9:15,4.70681,-2.86575,6.22712,-34.51376,2.75961,-15.22418,2.2082,-0.70384,78.10066,-6.047856,0.968647,0.439411,107.73084,23.25591,-8.174816,3550.718735,109.28688,47.76662,-12.50296,418.69654,411.99953,-3.416881,5.122341,9.15079,1.67449,2.59547,50,4.72045,-7.56393,-125.87247,-0.21476,14.39537,30.18726,-29.53988,SOU_GOL,TRO_TRJ,HillDensonField,D1,SBELT,20260320-HillDensonField-1,f9907dc0-24b6-11f1-b0f9-cffb574f71cc,85.77949,80.14166,,8.78056,,,,1.74858,2.24647,0.71125,73f695f1-acc7-4437-a517-846b8f7664b0,2026-03-20,23:46:10.38,2026-03-20T18:46:10.3890000-05:00,2026-03-20T23:46:10.3890000Z,FlyBall,v3,471449,471470,36ca09f5531f47ca8911e9f965eba1cf,"Stockman, Tucker",838152,Right,SOU_GOL,fac09740-565e-4949-bae9-0d55a669070e,54.27056,-126.89253,15.09363,4.71084,0.78341,-14.76994,2.85928,-8.05036,7.19769,191.89495,1.74852,143.68943,-29.36367,7.05137,-1.39995,0.24254,-0.03566,0.00364,-0.00017,2.24906,62.34086,-11.06592,-1.42096,0.61867,-0.17559,0.0346,-0.00382,0.00017,0.71122,-20.639,7.90945,-2.09929,0.43915,-0.07318,0.00952,-0.00086,4E-05,,,,,,,,,,,,,,,,,,,,,,,High,High,High,High,Medium,,,,,,,,,,,,,,,,,,,,,,,,,,,,,,,,,,
80,2026-03-20,18:46:56.45,6,1,"Harris, Grayden",1000390608,Left,SOU_GOL,"Nelson, Drew",1000091974,Left,TRO_TRJ,Undefined,3,Top,2,0,0,TwoSeamFastBall,Sinker,InPlay,Undefined,GroundBall,Out,1,0,,91.71518,0.063983,4.72317,2239.090801,105.803562,9:30,4.67668,-2.61839,6.66298,-26.3223,6.12618,-17.92237,2.5419,0.21967,83.53279,-4.900183,1.472773,0.409986,90.10053,-28.424778,-8.342727,,,,,5.97647,5.97647,-8.674913,0.040139,10.81477,3.52047,2.30745,50,4.67043,-10.29368,-133.01005,-0.65376,19.31716,29.31462,-25.88587,SOU_GOL,TRO_TRJ,HillDensonField,D1,SBELT,20260320-HillDensonField-1,15012e10-24b7-11f1-b0f9-cffb574f71cc,91.93599,2.53038,,8.18239,,,,1.28256,2.53038,-0.2231,73f695f1-acc7-4437-a517-846b8f7664b0,2026-03-20,23:46:56.45,2026-03-20T18:46:56.4530000-05:00,2026-03-20T23:46:56.4530000Z,GroundBall,v3,471449,471470,36ca09f5531f47ca8911e9f965eba1cf,"Stockman, Tucker",838152,Right,SOU_GOL,e7d4300e-0afa-48e2-9757-79b0ba38c226,53.83682,-133.853,14.65731,4.67852,0.09058,-12.94293,2.61143,-10.84915,9.65858,,1.28094,115.23691,,,,,,,,2.53127,-63.03988,,,,,,,,-0.22286,-16.89902,,,,,,,,,,,,,,,,,,,,,,,,,,,,,,High,High,High,Estimated,Estimated,,,,,,,,,,,,,,,,,,,,,,,,,,,,,,,,,,
81,2026-03-20,18:49:23.87,1,1,"Stubbs, Benjamin",807876,Left,TRO_TRJ,"Tonsmeire Jr., William",1000477968,Right,SOU_GOL,Undefined,3,Bottom,0,0,0,ChangeUp,Changeup,BallCalled,Undefined,Undefined,Undefined,0,0,,86.50292,-1.987125,3.427035,1789.10411,110.803838,9:45,5.78783,-0.93688,5.28555,-31.10706,7.41075,-16.08643,1.32546,0.9446,78.91707,-7.685743,0.573911,0.446686,,,,,,,,,,,,9.07902,4.66874,0.63659,50,5.58377,-6.79501,-125.24272,-5.48822,14.34606,26.5176,-24.7968,SOU_GOL,TRO_TRJ,HillDensonField,D1,SBELT,20260320-HillDensonField-1,6ce66690-24b7-11f1-b0f9-cffb574f71cc,84.38245,,,7.58585,,,,,,,73f695f1-acc7-4437-a517-846b8f7664b0,2026-03-20,23:49:23.87,2026-03-20T18:49:23.8730000-05:00,2026-03-20T23:49:23.8730000Z,,v3,471449,471470,36ca09f5531f47ca8911e9f965eba1cf,"Janicki, Jimmy",1000359452,Right,TRO_TRJ,5e0feec3-c31e-4c02-9722-005b85b44d79,55.21296,-126.34164,13.2588,5.78991,-4.46061,-12.3984,0.9305,-7.38952,7.17303,,,,,,,,,,,,,,,,,,,,,,,,,,,,,,,,,,,,,,,,,,,,,,,,,,,High,High,High,,,,,,,,,,,,,,,,,,,,,,,,,,,,,,,,,,,,
82,2026-03-20,18:49:43.74,1,2,"Stubbs, Benjamin",807876,Left,TRO_TRJ,"Tonsmeire Jr., William",1000477968,Right,SOU_GOL,Undefined,3,Bottom,0,1,0,TwoSeamFastBall,Sinker,InPlay,Undefined,Popup,Out,1,0,,92.59996,-1.860251,1.73919,2135.341801,125.25129,10:15,5.75763,-1.03096,5.22316,-20.30202,13.3906,-17.30832,2.31547,-0.83773,84.0336,-5.639327,-1.329542,0.417771,94.12854,43.49763,12.654475,4920.514128,103.68493,94.92167,36.73444,315.59007,238.26982,28.218205,5.756482,9.23382,7.593,0.88434,50,5.57124,-3.26298,-134.20977,-5.10488,16.70137,31.30793,-18.44044,SOU_GOL,TRO_TRJ,HillDensonField,D1,SBELT,20260320-HillDensonField-1,78b9be90-24b7-11f1-b0f9-cffb574f71cc,90.22266,120.18757,,8.56636,,,,0.66038,2.30911,0.86117,73f695f1-acc7-4437-a517-846b8f7664b0,2026-03-20,23:49:43.74,2026-03-20T18:49:43.7440000-05:00,2026-03-20T23:49:43.7440000Z,FlyBall,v3,471449,471470,36ca09f5531f47ca8911e9f965eba1cf,"Janicki, Jimmy",1000359452,Right,TRO_TRJ,93cc10bd-9d06-4dae-8830-0e83718c475a,55.27554,-135.43484,15.65396,5.75688,-4.38331,-9.22022,1.02481,-3.9165,8.35069,211.762184,0.67541,97.42363,-22.23005,4.02754,0.19654,-0.35406,0.0919,-0.01038,0.00045,2.30284,95.11743,-23.09523,2.32059,-0.43313,0.03433,0.01082,-0.00271,0.00017,0.85518,22.05063,4.2148,-1.22861,-0.03573,0.11039,-0.02854,0.00308,-0.00012,,,,,,,,,,,,,,,,,,,,,,,High,High,High,Medium,Low,,,,,,,,,,,,,,,,,,,,,,,,,,,,,,,,,,
83,2026-03-20,18:50:19.92,2,1,"Stubbs, Benjamin",807876,Left,TRO_TRJ,"Urban, Joseph",1000116546,Right,SOU_GOL,Undefined,3,Bottom,1,0,0,Curveball,Slider,BallCalled,Undefined,Undefined,Undefined,0,0,,80.52578,0.717227,1.526314,2507.96178,312.166399,4:30,5.93608,-0.76796,4.77793,-49.77514,-4.68599,6.76926,2.4683,1.2433,73.78689,-8.234986,2.717487,0.48329,,,,,,,,,,,,-2.88083,-2.0678,0.6091,50,5.96415,-3.40537,-116.75448,-0.44677,-3.96073,22.79821,-35.01699,SOU_GOL,TRO_TRJ,HillDensonField,D1,SBELT,20260320-HillDensonField-1,8e57a640-24b7-11f1-b0f9-cffb574f71cc,77.99141,,,6.73888,,,,,,,73f695f1-acc7-4437-a517-846b8f7664b0,2026-03-20,23:50:19.92,2026-03-20T18:50:19.9290000-05:00,2026-03-20T23:50:19.9290000Z,,v3,471449,471470,36ca09f5531f47ca8911e9f965eba1cf,"Janicki, Jimmy",1000359452,Right,TRO_TRJ,9bcc0845-dc8f-40fe-ba56-008471c0a8ea,55.72117,-117.86633,11.3991,5.94429,1.26099,-17.5085,0.77047,-3.21221,-1.98036,,,,,,,,,,,,,,,,,,,,,,,,,,,,,,,,,,,,,,,,,,,,,,,,,,,High,High,High,,,,,,,,,,,,,,,,,,,,,,,,,,,,,,,,,,,,
84,2026-03-20,18:50:39.47,2,2,"Stubbs, Benjamin",807876,Left,TRO_TRJ,"Urban, Joseph",1000116546,Right,SOU_GOL,Undefined,3,Bottom,1,1,0,Curveball,Curveball,BallCalled,Undefined,Undefined,Undefined,0,0,,80.04346,-0.455008,0.851338,2514.15908,301.757294,4:00,5.9212,-0.71219,4.96593,-48.46459,-3.36977,7.68071,1.45261,0.73213,73.84428,-9.176149,2.209628,0.48332,,,,,,,,,,,,-3.58563,-1.16465,0.62321,50,5.8371,-2.0458,-116.18812,-2.71188,-4.90161,21.76658,-33.76612,SOU_GOL,TRO_TRJ,HillDensonField,D1,SBELT,20260320-HillDensonField-1,99fce960-24b7-11f1-b0f9-cffb574f71cc,77.98651,,,6.19918,,,,,,,73f695f1-acc7-4437-a517-846b8f7664b0,2026-03-20,23:50:39.47,2026-03-20T18:50:39.4700000-05:00,2026-03-20T23:50:39.4700000Z,,v3,471449,471470,36ca09f5531f47ca8911e9f965eba1cf,"Janicki, Jimmy",1000359452,Right,TRO_TRJ,3b1ed320-d666-4319-9710-f3fd43c64580,55.53438,-117.22034,10.88329,5.92773,-1.11062,-16.88306,0.71471,-1.81336,-2.4508,,,,,,,,,,,,,,,,,,,,,,,,,,,,,,,,,,,,,,,,,,,,,,,,,,,High,High,High,,,,,,,,,,,,,,,,,,,,,,,,,,,,,,,,,,,,
85,2026-03-20,18:50:59.01,2,3,"Stubbs, Benjamin",807876,Left,TRO_TRJ,"Urban, Joseph",1000116546,Right,SOU_GOL,Undefined,3,Bottom,1,2,0,TwoSeamFastBall,Sinker,InPlay,Undefined,GroundBall,Out,1,0,,92.41381,-1.789209,2.541093,2109.113008,118.5037,10:00,5.76902,-1.07936,5.21005,-21.373,12.50839,-20.87497,2.30321,-0.4278,83.80885,-5.759649,-1.157429,0.41894,105.1631,-1.256986,5.615835,1761.555691,,,,41.16552,38.38965,6.952895,0.27162,11.2306,7.12556,0.86094,50,5.58778,-4.9544,-133.87753,-4.97826,20.2103,31.18294,-19.35108,SOU_GOL,TRO_TRJ,HillDensonField,D1,SBELT,20260320-HillDensonField-1,a5984170-24b7-11f1-b0f9-cffb574f71cc,89.97091,2.37487,,8.60496,,,,0.9496,2.37487,0.43278,73f695f1-acc7-4437-a517-846b8f7664b0,2026-03-20,23:50:59.01,2026-03-20T18:50:59.0110000-05:00,2026-03-20T23:50:59.0110000Z,GroundBall,v3,471449,471470,36ca09f5531f47ca8911e9f965eba1cf,"Janicki, Jimmy",1000359452,Right,TRO_TRJ,389f709b-e2ab-4888-a3a0-a44105d1dcd6,55.2887,-135.10377,15.59147,5.76859,-4.2173,-9.67554,1.07139,-5.74915,10.10515,298.559562,0.95326,153.28257,-23.43129,,,,,,,2.37738,-3.50663,-19.34641,,,,,,,0.43088,15.18308,5.83005,,,,,,,,,,,,,,,,,,,,,,,,,,,,,High,High,High,High,High,,,,,,,,,,,,,,,,,,,,,,,,,,,,,,,,,,
86,2026-03-20,18:51:38.15,3,1,"Stubbs, Benjamin",807876,Left,TRO_TRJ,"Morrison, Kyle",835275,Left,SOU_GOL,Undefined,3,Bottom,2,0,0,TwoSeamFastBall,Sinker,FoulBallNotFieldable,Undefined,Undefined,Undefined,0,0,,93.40849,-2.069069,2.540281,2006.108306,132.111852,10:30,5.75578,-0.98863,5.18238,-20.05576,12.75465,-12.99111,2.13501,0.32039,85.72958,-5.77427,0.240592,0.412266,89.71596,28.999759,-36.027594,4765.963454,82.64884,48.37571,-72.5889,295.0763,271.83526,-48.690315,3.881217,7.18048,7.21957,0.76286,50,5.54831,-5.39276,-135.44926,-5.65657,13.403,28.27315,-18.69811,SOU_GOL,TRO_TRJ,HillDensonField,D1,SBELT,20260320-HillDensonField-1,bceb0510-24b7-11f1-b0f9-cffb574f71cc,91.42752,55.26846,,7.67891,,,,0.65838,2.05613,-0.26289,73f695f1-acc7-4437-a517-846b8f7664b0,2026-03-20,23:51:38.15,2026-03-20T18:51:38.1500000-05:00,2026-03-20T23:51:38.1500000Z,FlyBall,v3,471449,471470,36ca09f5531f47ca8911e9f965eba1cf,"Janicki, Jimmy",1000359452,Right,TRO_TRJ,1992d886-beda-4001-b695-6a03ac83f067,55.31687,-136.55457,14.13658,5.75516,-4.92558,-9.34906,0.98392,-5.91673,6.7015,123.687914,0.65972,93.03626,-22.87237,5.86267,-1.04069,0.03435,0.03497,-0.00919,0.00084,2.05628,63.78505,-21.75842,1.66527,0.05631,-0.15185,0.0596,-0.0104,0.0007,-0.26224,-67.7105,1.7716,1.10783,-0.35013,-0.00211,0.02886,-0.00734,0.00058,,,,,,,,,,,,,,,,,,,,,,,High,High,High,High,Medium,,,,,,,,,,,,,,,,,,,,,,,,,,,,,,,,,,
87,2026-03-20,18:52:04.32,3,2,"Stubbs, Benjamin",807876,Left,TRO_TRJ,"Morrison, Kyle",835275,Left,SOU_GOL,Undefined,3,Bottom,2,0,1,FourSeamFastBall,Sinker,BallCalled,Undefined,Undefined,Undefined,0,0,,93.21063,-3.332585,2.183915,2072.49849,136.588119,10:30,5.74831,-0.91092,5.31748,-15.9919,17.46036,-15.34497,1.28222,-0.13907,84.02105,-6.360256,-0.540152,0.416279,,,,,,,,,,,,8.39685,10.17583,0.72467,50,5.43503,-4.40975,-134.79731,-8.38332,15.21994,33.36661,-13.72963,SOU_GOL,TRO_TRJ,HillDensonField,D1,SBELT,20260320-HillDensonField-1,cc84b3e0-24b7-11f1-b0f9-cffb574f71cc,90.54618,,,9.18958,,,,,,,73f695f1-acc7-4437-a517-846b8f7664b0,2026-03-20,23:52:04.32,2026-03-20T18:52:04.3260000-05:00,2026-03-20T23:52:04.3260000Z,,v3,471449,471470,36ca09f5531f47ca8911e9f965eba1cf,"Janicki, Jimmy",1000359452,Right,TRO_TRJ,e70ab927-5d8d-42bd-b834-de7f04579124,55.17912,-136.07327,16.6833,5.74557,-7.85829,-6.86482,0.90443,-4.99177,7.60997,,,,,,,,,,,,,,,,,,,,,,,,,,,,,,,,,,,,,,,,,,,,,,,,,,,High,High,High,,,,,,,,,,,,,,,,,,,,,,,,,,,,,,,,,,,,
88,2026-03-20,18:52:22.65,3,3,"Stubbs, Benjamin",807876,Left,TRO_TRJ,"Morrison, Kyle",835275,Left,SOU_GOL,Undefined,3,Bottom,2,1,1,Curveball,Slider,InPlay,Undefined,FlyBall,HomeRun,0,1,,81.11878,0.642486,0.48519,2628.699224,308.062134,4:15,5.86245,-0.76036,4.91748,-49.18928,-4.9352,8.14969,2.37085,0.37753,74.17857,-8.234387,1.924226,0.478793,103.41273,37.194577,-1.374438,3635.708102,109.71667,80.61313,-7.88749,397.10743,392.20194,-9.358324,5.772367,-3.90544,-2.25957,0.70579,50,5.88371,-1.34326,-117.66852,-0.53581,-5.43981,23.68994,-35.32138,SOU_GOL,TRO_TRJ,HillDensonField,D1,SBELT,20260320-HillDensonField-1,d77d3c40-24b7-11f1-b0f9-cffb574f71cc,78.72382,119.908,,6.94021,,,,1.84481,2.47701,-0.37584,73f695f1-acc7-4437-a517-846b8f7664b0,2026-03-20,23:52:22.65,2026-03-20T18:52:22.6590000-05:00,2026-03-20T23:52:22.6590000Z,FlyBall,v3,471449,471470,36ca09f5531f47ca8911e9f965eba1cf,"Janicki, Jimmy",1000359452,Right,TRO_TRJ,6ba42750-466a-45da-a3d5-46de637bac3d,55.58245,-118.78711,11.84497,5.86964,1.13198,-17.66069,0.76316,-1.08641,-2.7199,162.41597,1.85293,120.63101,-27.62079,7.24265,-1.22871,0.10232,0.00317,-0.00126,7E-05,2.47208,91.76683,-19.93322,0.52753,0.28323,-0.13471,0.03208,-0.00391,0.00018,-0.37442,-2.9257,-4.84287,1.55825,-0.35513,0.05486,-0.00528,0.00029,-1E-05,,,,,,,,,,,,,,,,,,,,,,,High,High,High,High,High,,,,,,,,,,,,,,,,,,,,,,,,,,,,,,,,,,
89,2026-03-20,18:53:12.66,4,1,"Stubbs, Benjamin",807876,Left,TRO_TRJ,"Gillespie, Davis",825097,Right,SOU_GOL,Undefined,3,Bottom,2,0,0,ChangeUp,Changeup,BallCalled,Undefined,Undefined,Undefined,0,0,,86.32894,0.41435,1.638737,1724.582665,118.850753,10:00,5.81403,-1.07445,5.71922,-29.83183,8.1039,-12.42217,3.71417,-0.58275,78.47234,-5.131448,-0.583608,0.443298,,,,,,,,,,,,6.74583,4.39315,0.94502,50,5.83048,-3.05009,-125.26687,-0.10875,10.65629,26.68314,-25.23427,SOU_GOL,TRO_TRJ,HillDensonField,D1,SBELT,20260320-HillDensonField-1,f5437550-24b7-11f1-b0f9-cffb574f71cc,85.02736,,,7.8566,,,,,,,73f695f1-acc7-4437-a517-846b8f7664b0,2026-03-20,23:53:12.66,2026-03-20T18:53:12.6690000-05:00,2026-03-20T23:53:12.6690000Z,,v3,471449,471470,36ca09f5531f47ca8911e9f965eba1cf,"Janicki, Jimmy",1000359452,Right,TRO_TRJ,f50120f3-0679-4ecf-ae63-602f6aa2530a,54.77691,-126.28031,13.34157,5.81641,0.84965,-12.61714,1.06855,-3.45482,5.32814,,,,,,,,,,,,,,,,,,,,,,,,,,,,,,,,,,,,,,,,,,,,,,,,,,,High,High,High,,,,,,,,,,,,,,,,,,,,,,,,,,,,,,,,,,,,
90,2026-03-20,18:53:32.52,4,2,"Stubbs, Benjamin",807876,Left,TRO_TRJ,"Gillespie, Davis",825097,Right,SOU_GOL,Undefined,3,Bottom,2,1,0,ChangeUp,Changeup,BallCalled,Undefined,Undefined,Undefined,0,0,,86.19475,-2.049746,1.627271,1679.783287,119.599991,10:00,5.624,-0.89923,5.84223,-29.98277,7.78973,-11.56721,1.21895,-0.35047,78.98612,-7.59399,-0.449523,0.442343,,,,,,,,,,,,6.39174,4.93284,0.77361,50,5.43943,-3.08301,-125.10094,-5.47821,10.10348,25.83737,-24.37662,SOU_GOL,TRO_TRJ,HillDensonField,D1,SBELT,20260320-HillDensonField-1,011aec00-24b8-11f1-b0f9-cffb574f71cc,85.21086,,,7.20864,,,,,,,73f695f1-acc7-4437-a517-846b8f7664b0,2026-03-20,23:53:32.52,2026-03-20T18:53:32.5230000-05:00,2026-03-20T23:53:32.5230000Z,,v3,471449,471470,36ca09f5531f47ca8911e9f965eba1cf,"Janicki, Jimmy",1000359452,Right,TRO_TRJ,580f80cc-d860-4929-8526-94ba42eeae94,54.65624,-126.05893,12.91868,5.62579,-4.57437,-12.18831,0.89487,-3.45763,5.05174,,,,,,,,,,,,,,,,,,,,,,,,,,,,,,,,,,,,,,,,,,,,,,,,,,,High,High,High,,,,,,,,,,,,,,,,,,,,,,,,,,,,,,,,,,,,
91,2026-03-20,18:53:55.61,4,3,"Stubbs, Benjamin",807876,Left,TRO_TRJ,"Gillespie, Davis",825097,Right,SOU_GOL,Undefined,3,Bottom,2,2,0,Slider,Slider,BallCalled,Undefined,Undefined,Undefined,0,0,,86.04797,-2.812381,2.098682,2651.436575,254.104373,2:30,5.62197,-0.96052,5.11774,-35.99396,2.72055,5.5791,-0.03066,1.48221,79.81985,-9.289055,3.086945,0.447825,,,,,,,,,,,,-2.26949,2.37465,0.75843,50,5.32878,-4.81096,-124.78304,-7.49853,-3.59924,23.7327,-28.40798,SOU_GOL,TRO_TRJ,HillDensonField,D1,SBELT,20260320-HillDensonField-1,0edca680-24b8-11f1-b0f9-cffb574f71cc,84.1678,,,6.22812,,,,,,,73f695f1-acc7-4437-a517-846b8f7664b0,2026-03-20,23:53:55.61,2026-03-20T18:53:55.6170000-05:00,2026-03-20T23:53:55.6170000Z,,v3,471449,471470,36ca09f5531f47ca8911e9f965eba1cf,"Janicki, Jimmy",1000359452,Right,TRO_TRJ,aac37e8b-f498-482c-be47-565d2d0ba3e9,55.38314,-125.8027,11.86635,5.62473,-6.278,-14.20399,0.96181,-4.65632,-1.79962,,,,,,,,,,,,,,,,,,,,,,,,,,,,,,,,,,,,,,,,,,,,,,,,,,,High,High,High,,,,,,,,,,,,,,,,,,,,,,,,,,,,,,,,,,,,
92,2026-03-20,18:54:16.21,4,4,"Stubbs, Benjamin",807876,Left,TRO_TRJ,"Gillespie, Davis",825097,Right,SOU_GOL,Undefined,3,Bottom,2,3,0,FourSeamFastBall,Four-Seam,StrikeCalled,Undefined,Undefined,Undefined,0,0,,94.33188,-2.528717,2.729785,2194.061084,145.063605,10:45,5.87446,-0.88681,5.1228,-15.02918,17.71284,-11.55859,2.23599,0.7231,85.2714,-5.372204,0.687327,0.411836,,,,,,,,,,,,6.53185,9.88965,0.63936,50,5.6254,-5.92465,-136.44446,-6.53969,12.19915,32.62799,-13.70368,SOU_GOL,TRO_TRJ,HillDensonField,D1,SBELT,20260320-HillDensonField-1,1b1ec5e0-24b8-11f1-b0f9-cffb574f71cc,91.52296,,,9.06048,,,,,,,73f695f1-acc7-4437-a517-846b8f7664b0,2026-03-20,23:54:16.21,2026-03-20T18:54:16.2120000-05:00,2026-03-20T23:54:16.2120000Z,,v3,471449,471470,36ca09f5531f47ca8911e9f965eba1cf,"Janicki, Jimmy",1000359452,Right,TRO_TRJ,b48db59f-a9fd-4c69-904e-a3c3b0d69fdb,55.37217,-137.72312,16.31399,5.87116,-6.00265,-6.85184,0.88091,-6.40272,6.09958,,,,,,,,,,,,,,,,,,,,,,,,,,,,,,,,,,,,,,,,,,,,,,,,,,,High,High,High,,,,,,,,,,,,,,,,,,,,,,,,,,,,,,,,,,,,
93,2026-03-20,18:54:32.87,4,5,"Stubbs, Benjamin",807876,Left,TRO_TRJ,"Gillespie, Davis",825097,Right,SOU_GOL,Undefined,3,Bottom,2,3,1,FourSeamFastBall,Four-Seam,FoulBallNotFieldable,Undefined,Undefined,Undefined,0,0,,92.50776,-1.929083,2.637687,2109.975935,137.353391,10:30,5.77083,-0.80937,5.29642,-19.02816,14.6065,-12.40339,2.37139,0.6352,84.06363,-5.485345,0.437982,0.417412,75.54664,23.436576,60.983701,3683.246512,46.07041,30.01163,99.88732,210.18781,123.44666,69.889351,2.750005,6.99016,8.21552,0.57881,50,5.58173,-5.589,-134.00769,-5.1939,12.64283,30.41291,-17.31493,SOU_GOL,TRO_TRJ,HillDensonField,D1,SBELT,20260320-HillDensonField-1,251128e0-24b8-11f1-b0f9-cffb574f71cc,90.3003,30.01394,,8.44413,,,,0.40886,2.26884,-0.76012,73f695f1-acc7-4437-a517-846b8f7664b0,2026-03-20,23:54:32.87,2026-03-20T18:54:32.8790000-05:00,2026-03-20T23:54:32.8790000Z,LineDrive,v3,471449,471470,36ca09f5531f47ca8911e9f965eba1cf,"Janicki, Jimmy",1000359452,Right,TRO_TRJ,518dca04-9743-41d4-a0d4-6a725c3cf815,55.20099,-135.1829,15.20646,5.7695,-4.52483,-8.65746,0.80422,-6.07754,6.32142,,0.40888,49.31015,-13.92864,3.13373,-0.60868,0.08687,-0.00185,-0.00217,0.00029,2.26877,44.07352,-18.94972,1.40367,-0.34987,0.1816,-0.07917,0.01843,-0.00171,-0.76009,88.89821,-11.21029,2.88179,-0.53205,0.04237,0.01831,-0.00661,0.00068,,,,,,,,,,,,,,,,,,,,,,,High,High,High,High,Medium,,,,,,,,,,,,,,,,,,,,,,,,,,,,,,,,,,
94,2026-03-20,18:54:58.11,4,6,"Stubbs, Benjamin",807876,Left,TRO_TRJ,"Gillespie, Davis",825097,Right,SOU_GOL,Undefined,3,Bottom,2,3,2,FourSeamFastBall,Sinker,BallCalled,Walk,Undefined,Undefined,0,0,,93.27859,-0.477656,0.82101,2165.090334,130.024369,10:15,5.79646,-0.90794,5.08672,-18.44225,15.05178,-16.50745,3.80935,-1.50968,84.10913,-3.938372,-2.097779,0.416538,,,,,,,,,,,,8.36701,7.94654,0.84354,50,5.7374,-1.10621,-135.1417,-1.79111,15.28387,32.81947,-17.65824,SOU_GOL,TRO_TRJ,HillDensonField,D1,SBELT,20260320-HillDensonField-1,3419e250-24b8-11f1-b0f9-cffb574f71cc,90.4897,,,9.16946,,,,,,,73f695f1-acc7-4437-a517-846b8f7664b0,2026-03-20,23:54:58.11,2026-03-20T18:54:58.1170000-05:00,2026-03-20T23:54:58.1170000Z,,v3,471449,471470,36ca09f5531f47ca8911e9f965eba1cf,"Janicki, Jimmy",1000359452,Right,TRO_TRJ,ed69b2d1-d860-4488-b866-03a7ed441564,55.40792,-136.4487,16.40973,5.79473,-1.08788,-8.82912,0.89972,-1.71488,7.64194,,,,,,,,,,,,,,,,,,,,,,,,,,,,,,,,,,,,,,,,,,,,,,,,,,,High,High,High,,,,,,,,,,,,,,,,,,,,,,,,,,,,,,,,,,,,
95,2026-03-20,18:56:00.38,5,1,"Stubbs, Benjamin",807876,Left,TRO_TRJ,"Russo, Matthew",1000243142,Left,SOU_GOL,Undefined,3,Bottom,2,0,0,FourSeamFastBall,Sinker,StrikeCalled,Undefined,Undefined,Undefined,0,0,,93.88175,-0.976446,2.718469,2172.319337,131.606819,10:30,5.80434,-0.90141,5.22872,-17.81525,15.0206,-15.62438,3.40071,0.35397,84.87565,-4.324879,-0.04833,0.412426,,,,,,,,,,,,8.54319,8.10556,0.66269,50,5.70145,-5.67877,-135.95548,-2.95056,15.85489,32.16112,-17.13134,SOU_GOL,TRO_TRJ,HillDensonField,D1,SBELT,20260320-HillDensonField-1,5934c910-24b8-11f1-b0f9-cffb574f71cc,91.39211,,,9.0061,,,,,,,73f695f1-acc7-4437-a517-846b8f7664b0,2026-03-20,23:56:00.38,2026-03-20T18:56:00.3840000-05:00,2026-03-20T23:56:00.3840000Z,,v3,471449,471470,36ca09f5531f47ca8911e9f965eba1cf,"Janicki, Jimmy",1000359452,Right,TRO_TRJ,fb9b30a9-e83e-42f1-8bff-75012c9ea182,55.26666,-137.19569,16.08056,5.80249,-2.28994,-8.56567,0.89347,-6.29017,7.92745,,,,,,,,,,,,,,,,,,,,,,,,,,,,,,,,,,,,,,,,,,,,,,,,,,,High,High,High,,,,,,,,,,,,,,,,,,,,,,,,,,,,,,,,,,,,
96,2026-03-20,18:56:20.60,5,2,"Stubbs, Benjamin",807876,Left,TRO_TRJ,"Russo, Matthew",1000243142,Left,SOU_GOL,Undefined,3,Bottom,2,0,1,FourSeamFastBall,Sinker,BallCalled,Undefined,Undefined,Undefined,0,0,,93.47742,-2.803077,1.925494,2167.399202,131.960952,10:30,5.66178,-0.98491,5.41411,-17.59706,15.19721,-15.66521,1.56582,-0.48584,85.04672,-6.100997,-0.861378,0.412164,,,,,,,,,,,,8.44445,8.79465,0.82503,50,5.40042,-3.81643,-135.43339,-7.2435,15.60006,31.06048,-15.92703,SOU_GOL,TRO_TRJ,HillDensonField,D1,SBELT,20260320-HillDensonField-1,6545ed60-24b8-11f1-b0f9-cffb574f71cc,91.45005,,,8.43069,,,,,,,73f695f1-acc7-4437-a517-846b8f7664b0,2026-03-20,23:56:20.60,2026-03-20T18:56:20.6030000-05:00,2026-03-20T23:56:20.6030000Z,,v3,471449,471470,36ca09f5531f47ca8911e9f965eba1cf,"Janicki, Jimmy",1000359452,Right,TRO_TRJ,4bda8f51-aa4c-4842-879e-f6d36aa79b9c,55.08367,-136.59431,15.53024,5.66003,-6.64821,-7.96352,0.97857,-4.39949,7.80003,,,,,,,,,,,,,,,,,,,,,,,,,,,,,,,,,,,,,,,,,,,,,,,,,,,High,High,High,,,,,,,,,,,,,,,,,,,,,,,,,,,,,,,,,,,,
97,2026-03-20,18:56:54.02,5,3,"Stubbs, Benjamin",807876,Left,TRO_TRJ,"Russo, Matthew",1000243142,Left,SOU_GOL,Undefined,3,Bottom,2,1,1,FourSeamFastBall,Sinker,BallCalled,Undefined,Undefined,Undefined,0,0,,94.22458,-2.796963,3.17113,2223.26876,135.563564,10:30,5.80845,-0.7599,5.31833,-15.51784,17.00714,-15.56056,1.88427,0.92248,85.39811,-5.730218,0.412299,0.410469,,,,,,,,,,,,8.70083,9.67134,0.48403,50,5.54384,-6.79473,-136.31563,-7.18899,16.25523,31.95421,-14.10566,SOU_GOL,TRO_TRJ,HillDensonField,D1,SBELT,20260320-HillDensonField-1,79320660-24b8-11f1-b0f9-cffb574f71cc,91.82784,,,8.82647,,,,,,,73f695f1-acc7-4437-a517-846b8f7664b0,2026-03-20,23:56:54.02,2026-03-20T18:56:54.0230000-05:00,2026-03-20T23:56:54.0230000Z,,v3,471449,471470,36ca09f5531f47ca8911e9f965eba1cf,"Janicki, Jimmy",1000359452,Right,TRO_TRJ,b2215487-a1eb-4ae1-acfe-4c59228c10f7,55.17824,-137.52412,15.97711,5.80564,-6.65552,-7.05283,0.75263,-7.40949,8.12762,,,,,,,,,,,,,,,,,,,,,,,,,,,,,,,,,,,,,,,,,,,,,,,,,,,High,High,High,,,,,,,,,,,,,,,,,,,,,,,,,,,,,,,,,,,,
98,2026-03-20,18:57:51.01,5,4,"Stubbs, Benjamin",807876,Left,TRO_TRJ,"Russo, Matthew",1000243142,Left,SOU_GOL,Undefined,3,Bottom,2,2,1,Slider,Cutter,BallCalled,Undefined,Undefined,Undefined,0,0,,89.05421,-3.833536,2.7354,2669.511709,174.509997,11:45,5.59191,-1.16781,5.4237,-31.33632,5.04177,-0.36457,-0.61958,1.36586,81.33163,-9.536905,2.670494,0.434102,,,,,,,,,,,,1.03098,4.0302,0.92525,50,5.22912,-6.13799,-128.79534,-9.7936,1.7136,29.37126,-25.47547,SOU_GOL,TRO_TRJ,HillDensonField,D1,SBELT,20260320-HillDensonField-1,9b248400-24b8-11f1-b0f9-cffb574f71cc,86.8286,,,7.72258,,,,,,,73f695f1-acc7-4437-a517-846b8f7664b0,2026-03-20,23:57:51.01,2026-03-20T18:57:51.0170000-05:00,2026-03-20T23:57:51.0170000Z,,v3,471449,471470,36ca09f5531f47ca8911e9f965eba1cf,"Janicki, Jimmy",1000359452,Right,TRO_TRJ,3789a1a8-bf19-4e45-b0a9-99c69f3830c3,55.07576,-129.94769,14.68563,5.59375,-8.79409,-12.73774,1.16739,-6.20522,0.8568,,,,,,,,,,,,,,,,,,,,,,,,,,,,,,,,,,,,,,,,,,,,,,,,,,,High,High,High,,,,,,,,,,,,,,,,,,,,,,,,,,,,,,,,,,,,
99,2026-03-20,18:58:14.83,5,5,"Stubbs, Benjamin",807876,Left,TRO_TRJ,"Russo, Matthew",1000243142,Left,SOU_GOL,Undefined,3,Bottom,2,3,1,FourSeamFastBall,Sinker,InPlay,Undefined,GroundBall,Out,1,0,,93.74355,-1.171887,2.27022,2204.624254,133.493455,10:30,5.69231,-1.0312,5.33394,-16.84934,15.79505,-15.49627,3.1877,-0.1915,85.14141,-4.34533,-0.480537,0.411222,84.74315,-1.299916,28.212986,2832.846713,,,,45.0954,40.99441,27.615498,0.365121,8.47437,8.59445,0.83792,50,5.57479,-4.65828,-135.92218,-3.3675,15.77152,31.23312,-16.17909,SOU_GOL,TRO_TRJ,HillDensonField,D1,SBELT,20260320-HillDensonField-1,a95e54b0-24b8-11f1-b0f9-cffb574f71cc,91.65969,3.24136,,8.60213,,,,2.17742,3.24136,0.12766,73f695f1-acc7-4437-a517-846b8f7664b0,2026-03-20,23:58:14.83,2026-03-20T18:58:14.8320000-05:00,2026-03-20T23:58:14.8320000Z,GroundBall,v3,471449,471470,36ca09f5531f47ca8911e9f965eba1cf,"Janicki, Jimmy",1000359452,Right,TRO_TRJ,beb8ffd4-e5da-4eee-825d-0aab541dd5f3,55.16458,-137.10379,15.61656,5.69061,-2.75541,-8.08954,1.02544,-5.25496,7.88576,291.081608,2.18368,109.26643,-15.95537,,,,,,,3.24503,-2.95357,-16.27869,,,,,,,0.12881,58.70093,-4.94722,,,,,,,,,,,,,,,,,,,,,,,,,,,,,High,High,High,High,High,,,,,,,,,,,,,,,,,,,,,,,,,,,,,,,,,,
100,2026-03-20,19:00:20.57,1,1,"Harris, Grayden",1000390608,Left,SOU_GOL,"Cavill, Blake",693293,Left,TRO_TRJ,Undefined,4,Top,0,0,0,Slider,Slider,BallCalled,Undefined,Undefined,Undefined,0,0,,78.18762,0.122768,2.146563,2100.844059,296.287147,4:00,4.9202,-2.78617,5.70973,-52.15487,-5.30059,14.11674,0.68842,0.39101,71.02773,-9.418456,4.673241,0.492658,,,,,,,,,,,,-6.49429,-2.30654,2.59737,50,4.89816,-4.78037,-113.36467,-1.45333,-8.27751,24.69901,-35.11395,SOU_GOL,TRO_TRJ,HillDensonField,D1,SBELT,20260320-HillDensonField-1,f4583580-24b8-11f1-b0f9-cffb574f71cc,76.50825,,,7.15989,,,,,,,73f695f1-acc7-4437-a517-846b8f7664b0,2026-03-21,00:00:20.57,2026-03-20T19:00:20.5700000-05:00,2026-03-21T00:00:20.5700000Z,,v3,471449,471470,36ca09f5531f47ca8911e9f965eba1cf,"Stockman, Tucker",838152,Right,SOU_GOL,841c2863-4baa-4f36-a0e9-4a162f2357ac,54.78953,-114.40341,12.3495,4.92823,0.02343,-17.55698,2.79109,-4.43225,-4.13875,,,,,,,,,,,,,,,,,,,,,,,,,,,,,,,,,,,,,,,,,,,,,,,,,,,High,High,High,,,,,,,,,,,,,,,,,,,,,,,,,,,,,,,,,,,,
101,2026-03-20,19:00:33.02,1,2,"Harris, Grayden",1000390608,Left,SOU_GOL,"Cavill, Blake",693293,Left,TRO_TRJ,Undefined,4,Top,0,1,0,TwoSeamFastBall,Sinker,FoulBallNotFieldable,Undefined,Undefined,Undefined,0,0,,90.92743,-0.736105,4.5211,2146.492833,119.02065,10:00,4.91111,-2.43423,6.47251,-21.08233,12.53922,-20.40285,2.4761,0.02607,81.87467,-4.765822,0.83229,0.417331,94.95285,23.963381,-62.387987,4207.795496,44.68817,40.89007,-100.51345,281.12905,158.18172,-73.605038,3.480041,12.09162,7.1417,2.12357,50,4.84975,-9.58552,-131.6998,-2.3021,20.92991,31.74866,-19.81217,SOU_GOL,TRO_TRJ,HillDensonField,D1,SBELT,20260320-HillDensonField-1,fbbb1400-24b8-11f1-b0f9-cffb574f71cc,90.31788,46.68091,,9.05277,,,,0.34545,2.2682,0.0501,73f695f1-acc7-4437-a517-846b8f7664b0,2026-03-21,00:00:33.02,2026-03-20T19:00:33.0200000-05:00,2026-03-21T00:00:33.0200000Z,LineDrive,v3,471449,471470,36ca09f5531f47ca8911e9f965eba1cf,"Stockman, Tucker",838152,Right,SOU_GOL,5a806c42-efd3-4148-9247-5fadeec74e3a,54.02517,-132.66659,15.87433,4.91067,-1.69879,-9.90608,2.42516,-10.22286,10.46496,,0.34522,58.98982,-19.97142,5.16389,-1.34418,0.33949,-0.06656,0.0079,-0.00041,2.26884,56.54148,-20.15691,1.51748,-0.00352,-0.10966,0.0335,-0.00422,0.00019,0.05027,-112.7713,19.69367,-5.05934,1.26217,-0.31219,0.06135,-0.0074,0.00039,,,,,,,,,,,,,,,,,,,,,,,High,High,High,High,Low,,,,,,,,,,,,,,,,,,,,,,,,,,,,,,,,,,
102,2026-03-20,19:00:52.54,1,3,"Harris, Grayden",1000390608,Left,SOU_GOL,"Cavill, Blake",693293,Left,TRO_TRJ,Undefined,4,Top,0,1,1,TwoSeamFastBall,Sinker,StrikeCalled,Undefined,Undefined,Undefined,0,0,,91.21702,-0.721566,4.918534,2180.497745,123.58607,10:00,4.99891,-2.55832,6.46069,-22.42856,10.73855,-14.50607,2.46459,0.76187,82.91285,-4.96787,2.300149,0.414501,,,,,,,,,,,,8.97461,6.15599,2.21595,50,4.93775,-10.77873,-132.12467,-2.34204,15.79323,29.3294,-21.3409,SOU_GOL,TRO_TRJ,HillDensonField,D1,SBELT,20260320-HillDensonField-1,0760a540-24b9-11f1-b0f9-cffb574f71cc,90.93455,,,8.30417,,,,,,,73f695f1-acc7-4437-a517-846b8f7664b0,2026-03-21,00:00:52.54,2026-03-20T19:00:52.5400000-05:00,2026-03-21T00:00:52.5400000Z,,v3,471449,471470,36ca09f5531f47ca8911e9f965eba1cf,"Stockman, Tucker",838152,Right,SOU_GOL,00c08428-e1c8-46a2-ad47-04ae0e41c92f,54.03684,-133.01776,14.6647,4.99917,-1.6922,-10.67045,2.55149,-11.25964,7.89661,,,,,,,,,,,,,,,,,,,,,,,,,,,,,,,,,,,,,,,,,,,,,,,,,,,High,High,High,,,,,,,,,,,,,,,,,,,,,,,,,,,,,,,,,,,,
103,2026-03-20,19:01:08.18,1,4,"Harris, Grayden",1000390608,Left,SOU_GOL,"Cavill, Blake",693293,Left,TRO_TRJ,Undefined,4,Top,0,1,2,FourSeamFastBall,Four-Seam,InPlay,Undefined,FlyBall,Single,0,0,,92.59721,-0.72102,2.638359,2223.192303,152.343655,11:00,5.16612,-2.23421,6.53508,-15.76721,16.30973,-7.97272,3.1901,-0.47686,83.8402,-3.773765,1.192056,0.407632,70.62668,32.563426,0.774101,3003.248019,109.8718,48.44126,-5.30756,240.58722,240.58722,-5.990147,3.630218,4.9963,9.10237,2.0544,50,5.10912,-5.87398,-134.43204,-2.10255,9.05353,31.80916,-15.68023,SOU_GOL,TRO_TRJ,HillDensonField,D1,SBELT,20260320-HillDensonField-1,10b01180-24b9-11f1-b0f9-cffb574f71cc,92.46692,49.4084,,8.75702,,,,1.12671,3.22792,0.45582,73f695f1-acc7-4437-a517-846b8f7664b0,2026-03-21,00:01:08.18,2026-03-20T19:01:08.1870000-05:00,2026-03-21T00:01:08.1870000Z,FlyBall,v3,471449,471470,36ca09f5531f47ca8911e9f965eba1cf,"Stockman, Tucker",838152,Right,SOU_GOL,3e79417a-7c14-457e-a0b7-c30017a35c0b,53.96228,-135.36635,15.90458,5.16411,-1.64199,-7.84012,2.23084,-6.13991,4.52676,139.100442,1.12696,87.28728,-12.45081,3.19319,-0.64734,0.13342,-0.03578,0.00749,-0.00065,3.22846,55.73395,-18.03789,0.54963,0.39408,-0.31591,0.11599,-0.0207,0.00143,0.45591,1.17736,-5.20556,1.6101,-0.40449,0.0965,-0.02344,0.00414,-0.00032,,,,,,,,,,,,,,,,,,,,,,,High,High,High,High,High,,,,,,,,,,,,,,,,,,,,,,,,,,,,,,,,,,
104,2026-03-20,19:01:48.16,2,1,"Harris, Grayden",1000390608,Left,SOU_GOL,"Diaz, Zaid",1000136342,Left,TRO_TRJ,Undefined,4,Top,0,0,0,TwoSeamFastBall,Sinker,BallCalled,Undefined,Undefined,Undefined,0,0,,91.43176,-1.829857,5.256418,2209.225574,119.699081,10:00,4.95103,-2.4877,6.43198,-22.986,10.21756,-15.90292,1.34613,1.03155,82.96708,-6.172526,2.388445,0.414728,,,,,,,,,,,,9.88162,6.22729,2.11957,50,4.80994,-11.52617,-132.28653,-4.94248,17.37321,30.28632,-21.22567,SOU_GOL,TRO_TRJ,HillDensonField,D1,SBELT,20260320-HillDensonField-1,2885e7d0-24b9-11f1-b0f9-cffb574f71cc,90.88462,,,8.46469,,,,,,,73f695f1-acc7-4437-a517-846b8f7664b0,2026-03-21,00:01:48.16,2026-03-20T19:01:48.1630000-05:00,2026-03-21T00:01:48.1630000Z,,v3,471449,471470,36ca09f5531f47ca8911e9f965eba1cf,"Stockman, Tucker",838152,Right,SOU_GOL,8d2c2be3-f852-4e3c-8857-1744e8a44926,54.06617,-133.2142,15.14316,4.95137,-4.29233,-10.61283,2.48077,-12.05832,8.6866,,,,,,,,,,,,,,,,,,,,,,,,,,,,,,,,,,,,,,,,,,,,,,,,,,,High,High,High,,,,,,,,,,,,,,,,,,,,,,,,,,,,,,,,,,,,
105,2026-03-20,19:02:02.01,2,2,"Harris, Grayden",1000390608,Left,SOU_GOL,"Diaz, Zaid",1000136342,Left,TRO_TRJ,Undefined,4,Top,0,1,0,TwoSeamFastBall,Sinker,BallCalled,Undefined,Undefined,Undefined,0,0,,92.25564,0.793687,3.656411,2191.797481,119.70642,10:00,4.94223,-2.60195,6.67308,-22.47718,9.79674,-15.19887,3.79676,-0.51895,83.22237,-3.495856,0.895382,0.408881,,,,,,,,,,,,9.08422,5.24642,2.36201,50,4.98648,-7.93212,-133.80518,1.20363,16.27338,32.0755,-22.77564,SOU_GOL,TRO_TRJ,HillDensonField,D1,SBELT,20260320-HillDensonField-1,30c71860-24b9-11f1-b0f9-cffb574f71cc,92.18434,,,9.03327,,,,,,,73f695f1-acc7-4437-a517-846b8f7664b0,2026-03-21,00:02:02.01,2026-03-20T19:02:02.0180000-05:00,2026-03-21T00:02:02.0180000Z,,v3,471449,471470,36ca09f5531f47ca8911e9f965eba1cf,"Stockman, Tucker",838152,Right,SOU_GOL,302ae48f-558d-4f54-acde-09523da37926,53.82335,-134.71859,16.03775,4.94297,1.8522,-11.38782,2.59449,-8.39554,8.13669,,,,,,,,,,,,,,,,,,,,,,,,,,,,,,,,,,,,,,,,,,,,,,,,,,,High,High,High,,,,,,,,,,,,,,,,,,,,,,,,,,,,,,,,,,,,
106,2026-03-20,19:02:18.37,2,3,"Harris, Grayden",1000390608,Left,SOU_GOL,"Diaz, Zaid",1000136342,Left,TRO_TRJ,Undefined,4,Top,0,2,0,TwoSeamFastBall,Sinker,FoulBallNotFieldable,Undefined,Undefined,Undefined,0,0,,90.55272,-0.693307,4.19883,2217.403267,111.478327,9:45,4.88577,-2.65465,6.56828,-26.22013,7.42737,-15.88682,2.06349,-0.12272,81.94854,-5.648491,1.319148,0.417492,,,,,,,,,,,,9.66949,4.45567,2.37179,50,4.827,-9.01591,-131.27579,-2.38646,16.6771,30.81359,-24.4893,SOU_GOL,TRO_TRJ,HillDensonField,D1,SBELT,20260320-HillDensonField-1,3a8720c0-24b9-11f1-b0f9-cffb574f71cc,90.28312,,,8.60418,,,,,,,73f695f1-acc7-4437-a517-846b8f7664b0,2026-03-21,00:02:18.37,2026-03-20T19:02:18.3750000-05:00,2026-03-21T00:02:18.3750000Z,,v3,471449,471470,36ca09f5531f47ca8911e9f965eba1cf,"Stockman, Tucker",838152,Right,SOU_GOL,6488ea1f-58a5-4315-9e5f-fee16e9538f4,53.93014,-132.19507,15.40679,4.8873,-1.65586,-12.24465,2.64819,-9.51345,8.33855,,,,,,,,,,,,,,,,,,,,,,,,,,,,,,,,,,,,,,,,,,,,,,,,,,,High,High,High,,,,,,,,,,,,,,,,,,,,,,,,,,,,,,,,,,,,
107,2026-03-20,19:02:37.47,2,4,"Harris, Grayden",1000390608,Left,SOU_GOL,"Diaz, Zaid",1000136342,Left,TRO_TRJ,Undefined,4,Top,0,2,1,TwoSeamFastBall,Sinker,InPlay,Undefined,Popup,Out,1,0,,90.72122,-0.325751,4.423982,2133.563265,115.412241,9:45,4.8117,-2.57138,6.61974,-24.36072,9.17189,-16.79261,2.48243,0.08865,81.85019,-4.955869,1.379424,0.416778,84.79624,56.697491,-25.707565,5035.856037,90.44406,135.02431,-62.60885,203.21298,203.21298,-38.274173,5.872756,10.27497,5.26855,2.27715,50,4.77953,-9.52027,-131.48158,-1.46289,17.739,31.4589,-23.07826,SOU_GOL,TRO_TRJ,HillDensonField,D1,SBELT,20260320-HillDensonField-1,45e87d10-24b9-11f1-b0f9-cffb574f71cc,90.43763,135.97553,,8.87103,,,,1.40932,2.56453,-0.08544,73f695f1-acc7-4437-a517-846b8f7664b0,2026-03-21,00:02:37.47,2026-03-20T19:02:37.4770000-05:00,2026-03-21T00:02:37.4770000Z,FlyBall,v3,471449,471470,36ca09f5531f47ca8911e9f965eba1cf,"Stockman, Tucker",838152,Right,SOU_GOL,f7bfe782-ec52-498f-b8ba-5631f55e77ab,53.87871,-132.40636,15.72945,4.81257,-0.78447,-11.53913,2.56468,-10.04174,8.8695,164.76526,1.41107,61.48201,-19.21588,5.12914,-0.72013,-0.02034,0.02674,-0.00391,0.00019,2.55864,104.02765,-24.75631,2.50581,-0.42189,0.03451,0.00734,-0.00213,0.00014,-0.08799,-29.58014,2.58155,-0.17797,-0.06728,0.02075,-0.0013,-0.00021,2E-05,,,,,,,,,,,,,,,,,,,,,,,High,High,High,Medium,Low,,,,,,,,,,,,,,,,,,,,,,,,,,,,,,,,,,
108,2026-03-20,19:03:12.87,3,1,"Harris, Grayden",1000390608,Left,SOU_GOL,"Book, Nolan",1000349960,Right,TRO_TRJ,Undefined,4,Top,1,0,0,Slider,Slider,StrikeCalled,Undefined,Undefined,Undefined,0,0,,78.49106,2.486617,2.397279,2062.207081,276.03733,3:15,4.77689,-2.70604,5.81856,-45.91148,0.8485,9.01575,3.26635,0.27545,70.13277,-6.037497,4.009148,0.492162,,,,,,,,,,,,-3.68142,0.15469,2.50471,50,4.95436,-5.10983,-113.51836,3.46669,-4.67657,25.91001,-31.97755,SOU_GOL,TRO_TRJ,HillDensonField,D1,SBELT,20260320-HillDensonField-1,5b0a08d0-24b9-11f1-b0f9-cffb574f71cc,76.58536,,,8.35829,,,,,,,73f695f1-acc7-4437-a517-846b8f7664b0,2026-03-21,00:03:12.87,2026-03-20T19:03:12.8760000-05:00,2026-03-21T00:03:12.8760000Z,,v3,471449,471470,36ca09f5531f47ca8911e9f965eba1cf,"Stockman, Tucker",838152,Right,SOU_GOL,61384140-0240-4304-a535-cf329b7fe85c,54.67466,-114.58036,12.955,4.78541,4.77739,-15.98878,2.71022,-4.91814,-2.33829,,,,,,,,,,,,,,,,,,,,,,,,,,,,,,,,,,,,,,,,,,,,,,,,,,,High,High,High,,,,,,,,,,,,,,,,,,,,,,,,,,,,,,,,,,,,
109,2026-03-20,19:03:27.39,3,2,"Harris, Grayden",1000390608,Left,SOU_GOL,"Book, Nolan",1000349960,Right,TRO_TRJ,Undefined,4,Top,1,0,1,TwoSeamFastBall,Sinker,InPlay,Undefined,GroundBall,Single,0,0,,89.79937,-0.270826,3.84135,2111.774913,102.506356,9:30,4.81181,-2.64559,6.70985,-29.28419,4.62973,-15.67556,2.12331,-0.43486,81.50378,-5.793586,0.989983,0.419141,97.3415,1.824676,19.642615,2873.608825,,,,71.70525,66.77695,21.948754,0.534785,9.43193,2.87477,2.39605,50,4.78259,-8.14825,-130.30613,-1.50012,16.06782,29.73294,-27.27674,SOU_GOL,TRO_TRJ,HillDensonField,D1,SBELT,20260320-HillDensonField-1,63ac4520-24b9-11f1-b0f9-cffb574f71cc,89.92773,2.35717,,8.29559,,,,0.76403,2.03826,0.39138,73f695f1-acc7-4437-a517-846b8f7664b0,2026-03-21,00:03:27.39,2026-03-20T19:03:27.3960000-05:00,2026-03-21T00:03:27.3960000Z,GroundBall,v3,471449,471470,36ca09f5531f47ca8911e9f965eba1cf,"Stockman, Tucker",838152,Right,SOU_GOL,b2f82814-e3ce-44fc-9098-7a5a4eb964f1,53.7886,-131.16775,14.86647,4.81461,-0.70967,-13.63837,2.63892,-8.61388,8.03391,267.675034,0.78946,133.7516,-20.39836,,,,,,,2.04727,4.31985,-15.26625,,,,,,,0.38125,48.22456,2.23812,,,,,,,,,,,,,,,,,,,,,,,,,,,,,High,High,High,High,High,,,,,,,,,,,,,,,,,,,,,,,,,,,,,,,,,,
110,2026-03-20,19:04:04.08,4,1,"Harris, Grayden",1000390608,Left,SOU_GOL,"Darnell, Sean",822506,Left,TRO_TRJ,Undefined,4,Top,1,0,0,Slider,Slider,InPlay,Undefined,GroundBall,Single,0,0,,79.33068,2.235127,2.520881,2084.805652,287.404854,3:30,4.75682,-2.82147,5.67607,-46.15605,-0.58984,7.05902,2.99723,0.11837,71.58003,-6.274326,3.779847,0.485839,100.92215,-1.025626,25.920903,3117.010301,,,,43.96397,41.90489,23.966511,0.296891,-2.76339,-0.59169,2.60424,50,4.91658,-5.33141,-114.87713,2.97708,-3.62858,24.72929,-32.95099,SOU_GOL,TRO_TRJ,HillDensonField,D1,SBELT,20260320-HillDensonField-1,799602e0-24b9-11f1-b0f9-cffb574f71cc,77.58209,3.00839,,7.75065,,,,2.0038,3.00839,-0.17907,73f695f1-acc7-4437-a517-846b8f7664b0,2026-03-21,00:04:04.08,2026-03-20T19:04:04.0890000-05:00,2026-03-21T00:04:04.0890000Z,GroundBall,v3,471449,471470,36ca09f5531f47ca8911e9f965eba1cf,"Stockman, Tucker",838152,Right,SOU_GOL,5ef23db1-f7d2-452c-80e6-2f5551474a64,54.82147,-115.91038,12.36465,4.76343,4.35386,-16.4755,2.82383,-5.1798,-1.81429,30.642944,2.00523,133.04277,-15.11522,,,,,,,3.01284,-2.84931,-24.63486,,,,,,,-0.17664,64.58396,-12.95432,,,,,,,,,,,,,,,,,,,,,,,,,,,,,High,High,High,Medium,Medium,,,,,,,,,,,,,,,,,,,,,,,,,,,,,,,,,,
111,2026-03-20,19:05:36.69,5,1,"Harris, Grayden",1000390608,Left,SOU_GOL,"Meier, Steven",1000136981,Left,TRO_TRJ,Undefined,4,Top,1,0,0,TwoSeamFastBall,Sinker,StrikeCalled,Undefined,Undefined,Undefined,0,0,,91.70022,-0.74459,5.125461,2102.318941,124.887937,10:15,4.81272,-2.64441,6.66364,-22.92919,9.78666,-12.41796,2.21788,1.02313,83.06149,-5.100126,2.876955,0.411671,,,,,,,,,,,,8.0628,5.7204,2.30397,50,4.75338,-11.41222,-132.76938,-2.4004,14.26307,30.80326,-22.05463,SOU_GOL,TRO_TRJ,HillDensonField,D1,SBELT,20260320-HillDensonField-1,b0be3080-24b9-11f1-b0f9-cffb574f71cc,91.55961,,,8.63872,,,,,,,73f695f1-acc7-4437-a517-846b8f7664b0,2026-03-21,00:05:36.69,2026-03-20T19:05:36.6930000-05:00,2026-03-21T00:05:36.6930000Z,,v3,471449,471470,36ca09f5531f47ca8911e9f965eba1cf,"Stockman, Tucker",838152,Right,SOU_GOL,72bfc78b-750d-4732-a62f-610ff9b25511,53.8332,-133.65575,15.40163,4.81332,-1.76577,-11.02732,2.63826,-11.82264,7.13154,,,,,,,,,,,,,,,,,,,,,,,,,,,,,,,,,,,,,,,,,,,,,,,,,,,High,High,High,,,,,,,,,,,,,,,,,,,,,,,,,,,,,,,,,,,,
112,2026-03-20,19:05:52.25,5,2,"Harris, Grayden",1000390608,Left,SOU_GOL,"Meier, Steven",1000136981,Left,TRO_TRJ,Undefined,4,Top,1,0,1,TwoSeamFastBall,Four-Seam,StrikeSwinging,Undefined,Undefined,Undefined,0,0,,92.52575,-1.727467,4.307328,2154.737754,133.753026,10:30,4.88267,-2.43766,6.6406,-20.02001,12.06386,-11.4539,1.62804,0.55824,83.97019,-5.545923,2.230027,0.407676,,,,,,,,,,,,7.32343,7.2,2.15065,50,4.75749,-9.64305,-134.08654,-4.62243,13.2228,31.2279,-19.1741,SOU_GOL,TRO_TRJ,HillDensonField,D1,SBELT,20260320-HillDensonField-1,ba007d60-24b9-11f1-b0f9-cffb574f71cc,92.45695,,,8.55556,,,,,,,73f695f1-acc7-4437-a517-846b8f7664b0,2026-03-21,00:05:52.25,2026-03-20T19:05:52.2520000-05:00,2026-03-21T00:05:52.2520000Z,,v3,471449,471470,36ca09f5531f47ca8911e9f965eba1cf,"Stockman, Tucker",838152,Right,SOU_GOL,5cb2f710-5fd0-4808-8814-b8498e768a3a,53.85689,-134.9818,15.61395,4.88213,-4.07274,-9.58705,2.43253,-10.02213,6.6114,,,,,,,,,,,,,,,,,,,,,,,,,,,,,,,,,,,,,,,,,,,,,,,,,,,High,High,High,,,,,,,,,,,,,,,,,,,,,,,,,,,,,,,,,,,,
113,2026-03-20,19:06:42.16,5,3,"Harris, Grayden",1000390608,Left,SOU_GOL,"Meier, Steven",1000136981,Left,TRO_TRJ,Undefined,4,Top,1,0,2,Slider,Slider,StrikeSwinging,Strikeout,Undefined,Undefined,0,0,,81.41643,1.088164,3.238961,2125.640234,324.438943,4:45,4.76467,-2.61382,5.99937,-48.21341,-5.2689,4.90221,1.75691,0.79911,73.36375,-7.814729,4.118896,0.471656,,,,,,,,,,,,-1.3928,-2.59886,2.35615,50,4.82448,-6.86294,-117.90967,0.66262,-1.91588,27.2062,-35.74891,SOU_GOL,TRO_TRJ,HillDensonField,D1,SBELT,20260320-HillDensonField-1,d7cca9e0-24b9-11f1-b0f9-cffb574f71cc,79.91513,,,8.05268,,,,,,,73f695f1-acc7-4437-a517-846b8f7664b0,2026-03-21,00:06:42.16,2026-03-20T19:06:42.1660000-05:00,2026-03-21T00:06:42.1660000Z,,v3,471449,471470,36ca09f5531f47ca8911e9f965eba1cf,"Stockman, Tucker",838152,Right,SOU_GOL,e0728b23-a7fa-43f2-a254-36d71d1d196d,54.49764,-118.94292,13.6031,4.77353,2.02031,-17.87446,2.61541,-6.79018,-0.95794,,,,,,,,,,,,,,,,,,,,,,,,,,,,,,,,,,,,,,,,,,,,,,,,,,,High,High,High,,,,,,,,,,,,,,,,,,,,,,,,,,,,,,,,,,,,
114,2026-03-20,19:07:13.36,6,1,"Harris, Grayden",1000390608,Left,SOU_GOL,"Pyne, Josh",695635,Right,TRO_TRJ,Undefined,4,Top,2,0,0,TwoSeamFastBall,Sinker,InPlay,Undefined,LineDrive,Double,1,2,,91.99635,-0.279996,3.733274,2216.125744,104.819261,9:30,4.79253,-2.60679,6.81509,-26.84907,5.16185,-15.59485,2.2991,-0.49544,83.86851,-5.352247,0.890827,0.407212,101.67264,12.355846,5.7202,2413.681516,109.01957,20.12293,14.65146,279.08188,279.08188,10.801092,2.648333,9.37249,3.12213,2.37109,50,4.76457,-8.12681,-133.60472,-1.457,16.87074,29.89886,-26.5541,SOU_GOL,TRO_TRJ,HillDensonField,D1,SBELT,20260320-HillDensonField-1,ea67d8e0-24b9-11f1-b0f9-cffb574f71cc,92.56223,22.31667,,8.12784,,,,1.46093,2.26718,0.47044,73f695f1-acc7-4437-a517-846b8f7664b0,2026-03-21,00:07:13.36,2026-03-20T19:07:13.3610000-05:00,2026-03-21T00:07:13.3610000Z,LineDrive,v3,471449,471470,36ca09f5531f47ca8911e9f965eba1cf,"Stockman, Tucker",838152,Right,SOU_GOL,7ef1bb87-3840-4dc9-8213-c5fbb87e5e94,53.68457,-134.42675,14.94943,4.79459,-0.72693,-13.27705,2.6009,-8.59065,8.43537,213.497857,1.46089,144.94182,-25.57251,5.82928,-1.31063,0.28871,-0.05032,0.00485,-0.00012,2.26734,31.90287,-12.96446,0.11455,0.11774,-0.00254,-0.03862,0.01617,-0.00201,0.47047,14.51743,3.14262,-0.80741,0.21704,-0.04242,-0.00014,0.00226,-0.00034,,,,,,,,,,,,,,,,,,,,,,,High,High,High,High,High,,,,,,,,,,,,,,,,,,,,,,,,,,,,,,,,,,
115,2026-03-20,19:09:47.89,1,1,"Stubbs, Benjamin",807876,Left,TRO_TRJ,"Barrett, Drey",838145,Right,SOU_GOL,Undefined,4,Bottom,0,0,0,Curveball,Curveball,FoulBallNotFieldable,Undefined,Undefined,Undefined,0,0,,79.33226,0.677758,0.399041,2477.445996,332.843082,5:00,6.01244,-0.62794,4.81547,-55.21983,-9.20674,5.42229,2.05285,0.20192,73.3566,-9.214596,1.35552,0.488216,80.494,-4.295304,-65.650123,,,,,32.78234,25.70337,-60.672631,0.263848,-2.59209,-4.43673,0.58328,50,6.03111,-1.02637,-115.21495,-0.70884,-3.49392,20.84994,-38.15436,SOU_GOL,TRO_TRJ,HillDensonField,D1,SBELT,20260320-HillDensonField-1,467f7070-24ba-11f1-b0f9-cffb574f71cc,77.20441,2.33705,,5.97566,,,,3.22746,2.33705,-0.23288,73f695f1-acc7-4437-a517-846b8f7664b0,2026-03-21,00:09:47.89,2026-03-20T19:09:47.8980000-05:00,2026-03-21T00:09:47.8980000Z,GroundBall,v3,471449,471470,36ca09f5531f47ca8911e9f965eba1cf,"Janicki, Jimmy",1000359452,Right,TRO_TRJ,8af5e95d-0cee-46e9-a19c-6551b11d279e,55.68703,-116.23955,10.42497,6.01988,1.16613,-19.07718,0.6295,-0.85467,-1.74696,180,3.22386,48.62391,,,,,,,,2.3377,-8.85757,,,,,,,,-0.22494,-107.44055,,,,,,,,,,,,,,,,,,,,,,,,,,,,,,High,High,High,High,Medium,,,,,,,,,,,,,,,,,,,,,,,,,,,,,,,,,,
116,2026-03-20,19:10:16.50,1,2,"Stubbs, Benjamin",807876,Left,TRO_TRJ,"Barrett, Drey",838145,Right,SOU_GOL,Undefined,4,Bottom,0,0,1,ChangeUp,Changeup,InPlay,Undefined,Popup,Out,1,0,,85.775,-1.676542,2.556051,1766.682715,119.38518,10:00,5.78882,-1.02298,5.87426,-30.12962,8.43658,-12.51493,1.71888,0.3097,77.6339,-7.286735,0.310185,0.446966,97.08914,45.898503,-4.447631,3884.255183,109.99393,102.6536,-1.14029,333.86568,322.62229,4.213722,5.762744,7.25575,5.24697,0.82364,50,5.63579,-5.04193,-124.30879,-4.62345,11.18376,28.39271,-24.08658,SOU_GOL,TRO_TRJ,HillDensonField,D1,SBELT,20260320-HillDensonField-1,57897820-24ba-11f1-b0f9-cffb574f71cc,84.32945,130.43881,,8.1411,,,,2.19709,1.8577,-0.29992,73f695f1-acc7-4437-a517-846b8f7664b0,2026-03-21,00:10:16.50,2026-03-20T19:10:16.5030000-05:00,2026-03-21T00:10:16.5030000Z,FlyBall,v3,471449,471470,36ca09f5531f47ca8911e9f965eba1cf,"Janicki, Jimmy",1000359452,Right,TRO_TRJ,10ae5f60-5d20-4b0f-869b-7a2136cd1a8f,54.62325,-125.36032,14.19636,5.7905,-3.7314,-12.04329,1.01803,-5.45612,5.59188,200.358082,2.20833,98.59198,-22.50288,5.85909,-0.79235,-0.02195,0.02697,-0.00377,0.00017,1.85615,102.26341,-24.03524,1.40284,0.31831,-0.24076,0.06592,-0.00871,0.00045,-0.30287,-7.62702,7.54188,-2.37502,0.45866,-0.04191,-0.00192,0.00075,-5E-05,,,,,,,,,,,,,,,,,,,,,,,High,High,High,High,Medium,,,,,,,,,,,,,,,,,,,,,,,,,,,,,,,,,,
117,2026-03-20,19:10:54.83,2,1,"Stubbs, Benjamin",807876,Left,TRO_TRJ,"Higdon, Ben",803364,Right,SOU_GOL,Undefined,4,Bottom,1,0,0,FourSeamFastBall,Sinker,StrikeCalled,Undefined,Undefined,Undefined,0,0,,92.46453,-2.322371,2.09622,2112.760521,131.70019,10:30,5.72964,-1.02333,5.26384,-18.86438,15.17001,-15.61265,1.97323,-0.35425,83.26455,-5.865514,-0.673036,0.419885,,,,,,,,,,,,8.43079,8.68126,0.84329,50,5.50355,-4.14094,-133.79412,-6.08735,15.04836,32.98492,-16.6786,SOU_GOL,TRO_TRJ,HillDensonField,D1,SBELT,20260320-HillDensonField-1,6e6250d0-24ba-11f1-b0f9-cffb574f71cc,89.76846,,,9.19998,,,,,,,73f695f1-acc7-4437-a517-846b8f7664b0,2026-03-21,00:10:54.83,2026-03-20T19:10:54.8360000-05:00,2026-03-21T00:10:54.8360000Z,,v3,471449,471470,36ca09f5531f47ca8911e9f965eba1cf,"Janicki, Jimmy",1000359452,Right,TRO_TRJ,6cde614d-b530-48e7-8e8a-d3621770f5b3,55.23128,-135.07766,16.49246,5.7278,-5.43834,-8.3393,1.01581,-4.72651,7.52418,,,,,,,,,,,,,,,,,,,,,,,,,,,,,,,,,,,,,,,,,,,,,,,,,,,High,High,High,,,,,,,,,,,,,,,,,,,,,,,,,,,,,,,,,,,,
118,2026-03-20,19:11:10.52,2,2,"Stubbs, Benjamin",807876,Left,TRO_TRJ,"Higdon, Ben",803364,Right,SOU_GOL,Undefined,4,Bottom,1,0,1,Slider,Slider,StrikeSwinging,Undefined,Undefined,Undefined,0,0,,85.2042,-0.996644,1.698878,2635.643685,203.272235,12:45,5.62016,-1.18042,5.10586,-36.86821,3.02288,0.72976,1.60827,0.48153,77.79267,-7.702105,1.828071,0.454579,,,,,,,,,,,,0.1398,2.18114,1.01965,50,5.49747,-3.69555,-123.51309,-3.54214,0.21459,26.06321,-28.82611,SOU_GOL,TRO_TRJ,HillDensonField,D1,SBELT,20260320-HillDensonField-1,77be1920-24ba-11f1-b0f9-cffb574f71cc,82.91723,,,7.41153,,,,,,,73f695f1-acc7-4437-a517-846b8f7664b0,2026-03-21,00:11:10.52,2026-03-20T19:11:10.5290000-05:00,2026-03-21T00:11:10.5290000Z,,v3,471449,471470,36ca09f5531f47ca8911e9f965eba1cf,"Janicki, Jimmy",1000359452,Right,TRO_TRJ,eb3536bd-bab7-450a-8d40-e6f6223a5c9e,55.39178,-124.64565,13.0316,5.62418,-2.28952,-14.41305,1.18044,-3.70487,0.10729,,,,,,,,,,,,,,,,,,,,,,,,,,,,,,,,,,,,,,,,,,,,,,,,,,,High,High,High,,,,,,,,,,,,,,,,,,,,,,,,,,,,,,,,,,,,
119,2026-03-20,19:11:27.91,2,3,"Stubbs, Benjamin",807876,Left,TRO_TRJ,"Higdon, Ben",803364,Right,SOU_GOL,Undefined,4,Bottom,1,0,2,Slider,Slider,InPlay,Undefined,GroundBall,Out,1,0,,85.52552,-1.676217,1.555686,2655.848028,189.408497,12:15,5.44376,-1.38636,5.18566,-35.59163,3.75949,0.41291,0.89978,0.11199,78.42243,-8.145876,1.628928,0.451492,62.83954,-39.967669,11.877114,,,,,4.03705,4.03705,2.752165,0.018375,0.23898,2.6941,1.24154,50,5.26092,-3.3863,-124.03289,-4.95556,0.3711,25.55681,-27.99075,SOU_GOL,TRO_TRJ,HillDensonField,D1,SBELT,20260320-HillDensonField-1,8215f4b0-24ba-11f1-b0f9-cffb574f71cc,83.48416,1.09,,7.10309,,,,2.75973,1.09,-0.07382,73f695f1-acc7-4437-a517-846b8f7664b0,2026-03-21,00:11:27.91,2026-03-20T19:11:27.9120000-05:00,2026-03-21T00:11:27.9120000Z,GroundBall,v3,471449,471470,36ca09f5531f47ca8911e9f965eba1cf,"Janicki, Jimmy",1000359452,Right,TRO_TRJ,72a5512d-62ae-4ec1-9cc5-39806b4bf944,55.31344,-125.12293,12.77841,5.44682,-3.76171,-13.99538,1.38631,-3.40213,0.18555,,2.75933,69.26114,,,,,,,,1.09035,-59.3204,,,,,,,,-0.0739,14.56672,,,,,,,,,,,,,,,,,,,,,,,,,,,,,,High,High,High,Estimated,Estimated,,,,,,,,,,,,,,,,,,,,,,,,,,,,,,,,,,
120,2026-03-20,19:12:03.62,3,1,"Stubbs, Benjamin",807876,Left,TRO_TRJ,"Stockman, Tucker",838152,Right,SOU_GOL,Undefined,4,Bottom,2,0,0,ChangeUp,Changeup,InPlay,Undefined,GroundBall,Out,1,0,,86.48486,-0.75264,2.860067,1824.242171,109.906071,9:45,5.68599,-0.91544,6.11174,-30.99226,6.52181,-14.35363,2.40648,0.53514,78.30699,-6.544279,0.2742,0.440827,58.64388,-59.356242,-46.658302,,,,,4.15512,3.19367,-22.925554,0.034853,8.36831,3.96827,0.70351,50,5.61202,-5.70149,-125.43988,-2.63866,13.15278,28.58566,-25.93696,SOU_GOL,TRO_TRJ,HillDensonField,D1,SBELT,20260320-HillDensonField-1,975d09d0-24ba-11f1-b0f9-cffb574f71cc,85.50383,2.59324,,8.17787,,,,2.77247,2.59324,-0.50124,73f695f1-acc7-4437-a517-846b8f7664b0,2026-03-21,00:12:03.62,2026-03-20T19:12:03.6230000-05:00,2026-03-21T00:12:03.6230000Z,GroundBall,v3,471449,471470,36ca09f5531f47ca8911e9f965eba1cf,"Janicki, Jimmy",1000359452,Right,TRO_TRJ,5e428d14-7c57-4fd5-9e56-a4f3ad9a7d13,54.38677,-126.43559,14.29283,5.6882,-1.73521,-12.96848,0.91009,-6.15964,6.57639,,2.77155,30.25419,,,,,,,,2.59552,-74.4054,,,,,,,,-0.50027,-32.05819,,,,,,,,,,,,,,,,,,,,,,,,,,,,,,High,High,High,Low,Low,,,,,,,,,,,,,,,,,,,,,,,,,,,,,,,,,,
121,2026-03-20,19:14:29.94,1,1,"Harris, Grayden",1000390608,Left,SOU_GOL,"Piasecki, Aaron",1000189116,Left,TRO_TRJ,Undefined,5,Top,0,0,0,TwoSeamFastBall,Sinker,StrikeCalled,Undefined,Undefined,Undefined,0,0,,89.44741,-1.25115,4.639181,2169.492074,112.286068,9:45,4.84271,-2.48226,6.64574,-26.70675,7.38331,-15.35371,1.468,0.49388,81.80812,-6.27749,1.854286,0.420228,,,,,,,,,,,,9.40225,4.57016,2.17469,50,4.74728,-9.94444,-129.70873,-3.63407,16.00308,27.37022,-24.39543,SOU_GOL,TRO_TRJ,HillDensonField,D1,SBELT,20260320-HillDensonField-1,ee986dc0-24ba-11f1-b0f9-cffb574f71cc,89.69517,,,7.63929,,,,,,,73f695f1-acc7-4437-a517-846b8f7664b0,2026-03-21,00:14:29.94,2026-03-20T19:14:29.9480000-05:00,2026-03-21T00:14:29.9480000Z,,v3,471449,471470,36ca09f5531f47ca8911e9f965eba1cf,"Stockman, Tucker",838152,Right,SOU_GOL,dac6d2ab-7026-4ce4-aacb-d07b10a5ec94,53.85374,-130.51938,13.68511,4.84422,-2.91152,-12.19772,2.47624,-10.41842,8.00154,,,,,,,,,,,,,,,,,,,,,,,,,,,,,,,,,,,,,,,,,,,,,,,,,,,High,High,High,,,,,,,,,,,,,,,,,,,,,,,,,,,,,,,,,,,,
122,2026-03-20,19:14:44.91,1,2,"Harris, Grayden",1000390608,Left,SOU_GOL,"Piasecki, Aaron",1000189116,Left,TRO_TRJ,Undefined,5,Top,0,0,1,Slider,Slider,StrikeCalled,Undefined,Undefined,Undefined,0,0,,79.22442,0.849053,1.769256,2083.542413,295.25319,3:45,4.78063,-2.6794,5.85423,-48.06392,-2.67858,9.16611,1.56462,-0.27116,71.62463,-8.015112,3.41375,0.484874,,,,,,,,,,,,-4.09481,-1.19228,2.5303,50,4.82177,-3.89666,-114.87419,0.15746,-5.36057,25.30793,-33.73488,SOU_GOL,TRO_TRJ,HillDensonField,D1,SBELT,20260320-HillDensonField-1,f78d0fd0-24ba-11f1-b0f9-cffb574f71cc,77.73651,,,7.59978,,,,,,,73f695f1-acc7-4437-a517-846b8f7664b0,2026-03-21,00:14:44.91,2026-03-20T19:14:44.9130000-05:00,2026-03-21T00:14:44.9130000Z,,v3,471449,471470,36ca09f5531f47ca8911e9f965eba1cf,"Stockman, Tucker",838152,Right,SOU_GOL,f5b60735-927a-4b99-9a0f-95f265ee14e3,54.64344,-115.89267,12.65396,4.78811,1.51507,-16.86744,2.68277,-3.68093,-2.68029,,,,,,,,,,,,,,,,,,,,,,,,,,,,,,,,,,,,,,,,,,,,,,,,,,,High,High,High,,,,,,,,,,,,,,,,,,,,,,,,,,,,,,,,,,,,
123,2026-03-20,19:15:00.67,1,3,"Harris, Grayden",1000390608,Left,SOU_GOL,"Piasecki, Aaron",1000189116,Left,TRO_TRJ,Undefined,5,Top,0,0,2,Slider,Slider,StrikeSwinging,Strikeout,Undefined,Undefined,0,0,,78.38938,1.52204,2.927403,2085.834431,284.825723,3:30,4.8425,-2.75312,5.71209,-47.23298,-0.96925,9.45941,2.32656,0.76474,71.43289,-7.152488,4.615259,0.489544,,,,,,,,,,,,-3.90858,-0.49626,2.50203,50,4.94094,-6.17123,-113.61625,1.49292,-5.05902,22.72012,-32.81638,SOU_GOL,TRO_TRJ,HillDensonField,D1,SBELT,20260320-HillDensonField-1,00f1ffe0-24bb-11f1-b0f9-cffb574f71cc,76.99501,,,6.95649,,,,,,,73f695f1-acc7-4437-a517-846b8f7664b0,2026-03-21,00:15:00.67,2026-03-20T19:15:00.6750000-05:00,2026-03-21T00:15:00.6750000Z,,v3,471449,471470,36ca09f5531f47ca8911e9f965eba1cf,"Stockman, Tucker",838152,Right,SOU_GOL,1e648700-13d8-47ae-b468-3b664cd43401,54.78613,-114.56934,11.36006,4.84944,2.86955,-16.40819,2.75646,-5.95901,-2.52951,,,,,,,,,,,,,,,,,,,,,,,,,,,,,64.73352,2.495696,1.400627,1.095068,-0.19671,2.11933,-0.89571,-0.8303,5.03881,-1.78606,82.66852,5.86166,-42.10816,-0.77752,81.95013,-5.24413,5.10266,16.96261,-14.84929,-1.86294,-42.62624,5.35715,High,High,High,,,High,High,High,,,,,,,,,,,,,,,,,,,,,,,,,,,,,,,
124,2026-03-20,19:15:25.81,2,1,"Harris, Grayden",1000390608,Left,SOU_GOL,"Janicki, Jimmy",1000359452,Right,TRO_TRJ,Undefined,5,Top,1,0,0,Slider,Slider,InPlay,Undefined,LineDrive,Double,0,0,,79.57433,1.037129,2.87762,2089.622492,285.136639,3:30,4.77383,-2.83339,5.82419,-45.43207,-0.33217,7.25882,1.95332,0.44896,71.87265,-7.349892,4.176338,0.483347,114.35402,16.698362,-23.054929,1141.532433,100.88759,29.9376,-43.83708,365.55631,356.41039,-25.461924,3.425175,-2.75744,-0.09079,2.59363,50,4.8319,-6.06966,-115.27632,0.63626,-3.63644,25.41357,-32.29378,SOU_GOL,TRO_TRJ,HillDensonField,D1,SBELT,20260320-HillDensonField-1,0feadad0-24bb-11f1-b0f9-cffb574f71cc,77.98211,40.89765,,7.70169,,,,1.84224,1.92167,-0.18628,73f695f1-acc7-4437-a517-846b8f7664b0,2026-03-21,00:15:25.81,2026-03-20T19:15:25.8140000-05:00,2026-03-21T00:15:25.8140000Z,LineDrive,v3,471449,471470,36ca09f5531f47ca8911e9f965eba1cf,"Stockman, Tucker",838152,Right,SOU_GOL,0c8ea31b-2a4a-4cc6-bd76-35eec860ca6a,54.67351,-116.30207,12.70679,4.77991,1.93971,-16.14689,2.83565,-5.92289,-1.81822,,1.84227,147.81633,-29.13756,7.4065,-1.73573,0.37529,-0.06556,0.00753,-0.0004,1.92171,48.18538,-15.34637,0.04959,0.27198,-0.12319,0.03361,-0.00541,0.00039,-0.1863,-62.91086,9.22607,-2.14903,0.45292,-0.08749,0.01333,-0.00126,5E-05,,,,,,,,,,,,,,,,,,,,,,,High,High,High,Medium,High,,,,,,,,,,,,,,,,,,,,,,,,,,,,,,,,,,
125,2026-03-20,19:16:35.00,3,1,"Harris, Grayden",1000390608,Left,SOU_GOL,"Nelson, Drew",1000091974,Left,TRO_TRJ,Undefined,5,Top,1,0,0,Slider,Curveball,BallCalled,Undefined,Undefined,Undefined,0,0,,77.4648,2.689616,1.310414,1976.919368,264.871609,2:45,4.70749,-2.88302,5.7388,-45.35467,2.61784,8.94347,3.43485,-0.91733,69.33067,-5.732435,2.908971,0.498503,,,,,,,,,,,,-4.03878,0.9889,2.76865,50,4.90449,-2.91557,-112.09889,3.83322,-5.01881,24.68686,-30.9452,SOU_GOL,TRO_TRJ,HillDensonField,D1,SBELT,20260320-HillDensonField-1,39295390-24bb-11f1-b0f9-cffb574f71cc,75.61128,,,8.13413,,,,,,,73f695f1-acc7-4437-a517-846b8f7664b0,2026-03-21,00:16:35.00,2026-03-20T19:16:35.0060000-05:00,2026-03-21T00:16:35.0060000Z,,v3,471449,471470,36ca09f5531f47ca8911e9f965eba1cf,"Stockman, Tucker",838152,Right,SOU_GOL,02ee86e5-6923-4019-a2b7-7ac4ec1eabad,54.75479,-113.14116,12.34343,4.71507,5.13972,-15.4726,2.88727,-2.70368,-2.50941,,,,,,,,,,,,,,,,,,,,,,,,,,,,,,,,,,,,,,,,,,,,,,,,,,,High,High,High,,,,,,,,,,,,,,,,,,,,,,,,,,,,,,,,,,,,
126,2026-03-20,19:16:50.83,3,2,"Harris, Grayden",1000390608,Left,SOU_GOL,"Nelson, Drew",1000091974,Left,TRO_TRJ,Undefined,5,Top,1,1,0,TwoSeamFastBall,Sinker,StrikeSwinging,Undefined,Undefined,Undefined,0,0,,90.82381,-0.459482,3.516505,2194.172852,104.004599,9:30,4.82053,-2.60186,6.47742,-26.81572,6.92615,-22.75529,2.16316,-1.26504,81.6273,-5.53283,-0.608072,0.418077,,,,,,,,,,,,12.95926,4.15607,2.36296,50,4.77665,-7.14704,-131.67326,-1.89575,22.32774,32.81886,-25.01352,SOU_GOL,TRO_TRJ,HillDensonField,D1,SBELT,20260320-HillDensonField-1,428da760-24bb-11f1-b0f9-cffb574f71cc,90.15676,,,9.19651,,,,,,,73f695f1-acc7-4437-a517-846b8f7664b0,2026-03-21,00:16:50.83,2026-03-20T19:16:50.8320000-05:00,2026-03-21T00:16:50.8320000Z,,v3,471449,471470,36ca09f5531f47ca8911e9f965eba1cf,"Stockman, Tucker",838152,Right,SOU_GOL,994e4f92-3f4f-44fb-8d63-a0cfd0078c50,54.01946,-132.67131,16.40943,4.82274,-1.13507,-12.50676,2.59063,-7.82605,11.16387,,,,,,,,,,,,,,,,,,,,,,,,,,,,,,,,,,,,,,,,,,,,,,,,,,,High,High,High,,,,,,,,,,,,,,,,,,,,,,,,,,,,,,,,,,,,
127,2026-03-20,19:17:10.49,3,3,"Harris, Grayden",1000390608,Left,SOU_GOL,"Nelson, Drew",1000091974,Left,TRO_TRJ,Undefined,5,Top,1,1,1,Slider,Slider,StrikeSwinging,Undefined,Undefined,Undefined,0,0,,79.19484,0.261457,2.956889,2199.532518,283.427204,3:30,4.76295,-2.63553,5.76224,-46.42802,-1.05728,10.90922,1.13762,1.0281,72.15427,-8.257331,4.906934,0.484796,,,,,,,,,,,,-4.66138,-0.23224,2.38361,50,4.75633,-6.33888,-114.80946,-0.96848,-6.13353,24.06631,-32.47964,SOU_GOL,TRO_TRJ,HillDensonField,D1,SBELT,20260320-HillDensonField-1,4e4f7330-24bb-11f1-b0f9-cffb574f71cc,77.74903,,,7.04057,,,,,,,73f695f1-acc7-4437-a517-846b8f7664b0,2026-03-21,00:17:10.49,2026-03-20T19:17:10.4930000-05:00,2026-03-21T00:17:10.4930000Z,,v3,471449,471470,36ca09f5531f47ca8911e9f965eba1cf,"Stockman, Tucker",838152,Right,SOU_GOL,34a40521-ea1d-4f1c-b87c-562b4a813d1f,54.73696,-115.79816,12.03315,4.76871,0.36586,-16.23982,2.63885,-6.0869,-3.06677,,,,,,,,,,,,,,,,,,,,,,,,,,,,,,,,,,,,,,,,,,,,,,,,,,,High,High,High,,,,,,,,,,,,,,,,,,,,,,,,,,,,,,,,,,,,
128,2026-03-20,19:17:28.65,3,4,"Harris, Grayden",1000390608,Left,SOU_GOL,"Nelson, Drew",1000091974,Left,TRO_TRJ,Undefined,5,Top,1,1,2,Slider,Slider,BallCalled,Undefined,Undefined,Undefined,0,0,,79.64618,0.52197,2.945292,2195.89337,288.764172,3:45,4.74533,-2.65747,5.99902,-49.02727,-4.38394,17.46836,1.14404,1.52975,72.4154,-8.49616,6.080365,0.480894,,,,,,,,,,,,-8.03296,-2.00752,2.41598,50,4.75974,-6.58829,-115.48448,-0.4975,-10.63986,25.36083,-34.83304,SOU_GOL,TRO_TRJ,HillDensonField,D1,SBELT,20260320-HillDensonField-1,592669d0-24bb-11f1-b0f9-cffb574f71cc,78.37989,,,7.23078,,,,,,,73f695f1-acc7-4437-a517-846b8f7664b0,2026-03-21,00:17:28.65,2026-03-20T19:17:28.6530000-05:00,2026-03-21T00:17:28.6530000Z,,v3,471449,471470,36ca09f5531f47ca8911e9f965eba1cf,"Stockman, Tucker",838152,Right,SOU_GOL,c0a47664-016d-4a49-90af-dcba4f5e5063,54.50048,-116.4686,12.68042,4.75282,0.85419,-17.41652,2.66363,-6.17541,-5.31993,,,,,,,,,,,,,,,,,,,,,,,,,,,,,,,,,,,,,,,,,,,,,,,,,,,High,High,High,,,,,,,,,,,,,,,,,,,,,,,,,,,,,,,,,,,,
129,2026-03-20,19:17:45.88,3,5,"Harris, Grayden",1000390608,Left,SOU_GOL,"Nelson, Drew",1000091974,Left,TRO_TRJ,Undefined,5,Top,1,2,2,TwoSeamFastBall,Sinker,BallCalled,Undefined,Undefined,Undefined,0,0,,91.87128,-1.548107,4.843108,2218.353369,108.133313,9:30,4.7872,-2.51564,6.61898,-26.61498,5.60292,-14.11788,1.14613,0.75369,84.45772,-6.531967,2.284713,0.408526,,,,,,,,,,,,8.72556,3.66355,2.1916,50,4.67083,-10.73991,-133.22204,-4.44169,15.75019,27.44529,-25.56115,SOU_GOL,TRO_TRJ,HillDensonField,D1,SBELT,20260320-HillDensonField-1,63603610-24bb-11f1-b0f9-cffb574f71cc,92.26446,,,7.41355,,,,,,,73f695f1-acc7-4437-a517-846b8f7664b0,2026-03-21,00:17:45.88,2026-03-20T19:17:45.8830000-05:00,2026-03-21T00:17:45.8830000Z,,v3,471449,471470,36ca09f5531f47ca8911e9f965eba1cf,"Stockman, Tucker",838152,Right,SOU_GOL,88b141fb-8753-4363-9f27-7901297458c0,53.88103,-134.01919,13.72264,4.78906,-3.69926,-12.78057,2.51018,-11.19738,7.8751,,,,,,,,,,,,,,,,,,,,,,,,,,,,,,,,,,,,,,,,,,,,,,,,,,,High,High,High,,,,,,,,,,,,,,,,,,,,,,,,,,,,,,,,,,,,
130,2026-03-20,19:18:04.13,3,6,"Harris, Grayden",1000390608,Left,SOU_GOL,"Nelson, Drew",1000091974,Left,TRO_TRJ,Undefined,5,Top,1,3,2,TwoSeamFastBall,Sinker,InPlay,Undefined,GroundBall,Out,1,0,,91.17765,0.733048,4.018303,2276.99326,102.796747,9:30,4.88716,-2.55584,6.56802,-29.00218,3.9852,-12.77745,3.14397,0.06889,82.88527,-4.71706,1.703,0.413376,84.41146,-20.319115,-11.346791,,,,,10.00526,9.77212,-10.06902,0.07337,7.92107,2.18303,2.28429,50,4.92549,-8.79466,-132.28317,0.78495,13.95513,29.73002,-28.32804,SOU_GOL,TRO_TRJ,HillDensonField,D1,SBELT,20260320-HillDensonField-1,6e3cd200-24bb-11f1-b0f9-cffb574f71cc,91.18195,3.16382,,8.29238,,,,1.474,3.16382,-0.06823,73f695f1-acc7-4437-a517-846b8f7664b0,2026-03-21,00:18:04.13,2026-03-20T19:18:04.1360000-05:00,2026-03-21T00:18:04.1360000Z,GroundBall,v3,471449,471470,36ca09f5531f47ca8911e9f965eba1cf,"Stockman, Tucker",838152,Right,SOU_GOL,64e5b5fd-a152-4f46-b5d8-1109b2da97c9,53.9313,-133.16378,14.86501,4.88981,1.62403,-14.16402,2.55092,-9.20801,6.97757,180,1.46991,114.17682,,,,,,,,3.16536,-43.12144,,,,,,,,-0.0674,-22.91176,,,,,,,,,,,,,,,,,,,,,,,,,,,,,,High,High,High,High,High,,,,,,,,,,,,,,,,,,,,,,,,,,,,,,,,,,
131,2026-03-20,19:18:37.74,4,1,"Harris, Grayden",1000390608,Left,SOU_GOL,"Cavill, Blake",693293,Left,TRO_TRJ,Undefined,5,Top,2,0,0,TwoSeamFastBall,Sinker,StrikeCalled,Undefined,Undefined,Undefined,0,0,,91.14457,-0.066251,5.034591,2219.166373,109.806334,9:45,4.81965,-2.50063,6.52106,-24.96588,8.36713,-19.97253,2.67815,0.46612,82.30011,-4.793298,1.42452,0.415536,,,,,,,,,,,,11.9541,4.75402,2.15714,50,4.80436,-10.81162,-131.9744,-0.91422,20.85438,30.9317,-23.88051,SOU_GOL,TRO_TRJ,HillDensonField,D1,SBELT,20260320-HillDensonField-1,824c9fa0-24bb-11f1-b0f9-cffb574f71cc,90.708,,,8.84446,,,,,,,73f695f1-acc7-4437-a517-846b8f7664b0,2026-03-21,00:18:37.74,2026-03-20T19:18:37.7400000-05:00,2026-03-21T00:18:37.7400000Z,,v3,471449,471470,36ca09f5531f47ca8911e9f965eba1cf,"Stockman, Tucker",838152,Right,SOU_GOL,cfe0fecd-d2b2-4836-b842-21525cb94f4a,53.97666,-132.90317,15.46585,4.82105,-0.19717,-11.94025,2.49117,-11.4378,10.42719,,,,,,,,,,,,,,,,,,,,,,,,,,,,,,,,,,,,,,,,,,,,,,,,,,,High,High,High,,,,,,,,,,,,,,,,,,,,,,,,,,,,,,,,,,,,
132,2026-03-20,19:18:54.33,4,2,"Harris, Grayden",1000390608,Left,SOU_GOL,"Cavill, Blake",693293,Left,TRO_TRJ,Undefined,5,Top,2,0,1,TwoSeamFastBall,Sinker,FoulBallNotFieldable,Undefined,Undefined,Undefined,0,0,,89.98609,-0.29631,3.509681,2153.929814,115.899688,9:45,4.84977,-2.60821,6.5561,-23.86127,10.13052,-18.44745,2.58914,-0.9235,81.46277,-4.829634,0.162989,0.419622,,,,,,,,,,,,10.80835,5.74796,2.37336,50,4.81914,-7.29529,-130.58774,-1.37294,18.46472,30.24025,-22.35442,SOU_GOL,TRO_TRJ,HillDensonField,D1,SBELT,20260320-HillDensonField-1,8c297ed0-24bb-11f1-b0f9-cffb574f71cc,89.82472,,,8.52331,,,,,,,73f695f1-acc7-4437-a517-846b8f7664b0,2026-03-21,00:18:54.33,2026-03-20T19:18:54.3360000-05:00,2026-03-21T00:18:54.3360000Z,,v3,471449,471470,36ca09f5531f47ca8911e9f965eba1cf,"Stockman, Tucker",838152,Right,SOU_GOL,aacf3d5d-ab08-44f4-8e30-fb64df9e7746,53.9429,-131.49763,15.12013,4.85033,-0.70033,-11.17721,2.60123,-7.85087,9.23236,,,,,,,,,,,,,,,,,,,,,,,,,,,,,,,,,,,,,,,,,,,,,,,,,,,High,High,High,,,,,,,,,,,,,,,,,,,,,,,,,,,,,,,,,,,,
133,2026-03-20,19:19:12.50,4,3,"Harris, Grayden",1000390608,Left,SOU_GOL,"Cavill, Blake",693293,Left,TRO_TRJ,Undefined,5,Top,2,0,2,Slider,Slider,StrikeCalled,Strikeout,Undefined,Undefined,0,0,,79.27864,1.879572,2.945533,2028.334396,293.821809,3:45,4.68232,-2.60765,6.05991,-49.37617,-4.04847,13.01686,2.31019,1.2057,71.24467,-7.267821,5.282599,0.484566,,,,,,,,,,,,-5.61426,-2.20028,2.37226,50,4.80287,-6.40069,-114.78279,2.21371,-7.29563,26.38529,-35.03326,SOU_GOL,TRO_TRJ,HillDensonField,D1,SBELT,20260320-HillDensonField-1,970e7f30-24bb-11f1-b0f9-cffb574f71cc,77.78592,,,8.03397,,,,,,,73f695f1-acc7-4437-a517-846b8f7664b0,2026-03-21,00:19:12.50,2026-03-20T19:19:12.5010000-05:00,2026-03-21T00:19:12.5010000Z,,v3,471449,471470,36ca09f5531f47ca8911e9f965eba1cf,"Stockman, Tucker",838152,Right,SOU_GOL,090ad35c-4c17-473a-85e4-b4b2161f4915,54.43648,-115.79812,13.19265,4.69175,3.56182,-17.51663,2.61317,-6.11994,-3.64782,,,,,,,,,,,,,,,,,,,,,,,,,,,,,,,,,,,,,,,,,,,,,,,,,,,High,High,High,,,,,,,,,,,,,,,,,,,,,,,,,,,,,,,,,,,,
134,2026-03-20,19:21:39.88,1,1,"Stubbs, Benjamin",807876,Left,TRO_TRJ,"Smith, Seth",835337,Left,SOU_GOL,Undefined,5,Bottom,0,0,0,FourSeamFastBall,Sinker,FoulBallNotFieldable,Undefined,Undefined,Undefined,0,0,,92.43028,-1.515916,2.658229,2204.48831,138.566981,10:30,5.77647,-0.94205,5.45525,-14.89599,18.81442,-15.5321,3.11424,0.25375,83.29283,-4.370627,-0.103672,0.417882,72.39576,40.472974,-149.930288,4468.632009,-101.42084,51.97933,-42.58885,190.31258,64.86481,-161.691734,3.267258,8.69119,10.31382,0.71874,50,5.63303,-5.49726,-133.86852,-4.0063,15.56278,32.46917,-13.70567,SOU_GOL,TRO_TRJ,HillDensonField,D1,SBELT,20260320-HillDensonField-1,eed9a000-24bb-11f1-b0f9-cffb574f71cc,90.19877,52.11141,,9.13744,,,,0.72451,3.04736,-0.254,73f695f1-acc7-4437-a517-846b8f7664b0,2026-03-21,00:21:39.88,2026-03-20T19:21:39.8880000-05:00,2026-03-21T00:21:39.8880000Z,FlyBall,v3,471449,471470,36ca09f5531f47ca8911e9f965eba1cf,"Janicki, Jimmy",1000359452,Right,TRO_TRJ,006bfe6a-6a89-4148-9953-210ae016b1a9,55.04209,-135.08592,16.23458,5.77361,-3.49241,-6.85283,0.93579,-6.08077,7.78139,50.25068,0.72505,-69.92484,3.59196,0.25575,0.28791,-0.31741,0.13177,-0.02452,0.00172,3.04744,68.91632,-28.14974,3.45102,-0.64336,0.10839,-0.02441,0.00517,-0.00046,-0.25393,-40.47118,12.45183,-3.07958,0.70234,-0.19608,0.06999,-0.01574,0.00135,,,,,,,,,,,,,,,,,,,,,,,High,High,High,High,Low,,,,,,,,,,,,,,,,,,,,,,,,,,,,,,,,,,
135,2026-03-20,19:22:01.41,1,2,"Stubbs, Benjamin",807876,Left,TRO_TRJ,"Smith, Seth",835337,Left,SOU_GOL,Undefined,5,Bottom,0,0,1,FourSeamFastBall,Sinker,BallCalled,Undefined,Undefined,Undefined,0,0,,92.68417,-2.143731,3.41956,2115.997416,132.808807,10:30,5.72341,-0.93706,5.4034,-18.54895,15.21418,-15.06595,2.16447,1.01538,83.35588,-5.642756,0.744973,0.418209,,,,,,,,,,,,8.58292,8.67186,0.64271,50,5.51952,-7.27668,-133.9945,-5.65262,15.36861,33.03563,-16.64618,SOU_GOL,TRO_TRJ,HillDensonField,D1,SBELT,20260320-HillDensonField-1,fbae6270-24bb-11f1-b0f9-cffb574f71cc,90.12833,,,9.32829,,,,,,,73f695f1-acc7-4437-a517-846b8f7664b0,2026-03-21,00:22:01.41,2026-03-20T19:22:01.4190000-05:00,2026-03-21T00:22:01.4190000Z,,v3,471449,471470,36ca09f5531f47ca8911e9f965eba1cf,"Janicki, Jimmy",1000359452,Right,TRO_TRJ,f2901695-b680-48eb-b200-012fb439b449,55.09077,-135.24378,16.51782,5.72138,-5.02313,-8.32309,0.92888,-7.85786,7.6843,,,,,,,,,,,,,,,,,,,,,,,,,,,,,,,,,,,,,,,,,,,,,,,,,,,High,High,High,,,,,,,,,,,,,,,,,,,,,,,,,,,,,,,,,,,,
136,2026-03-20,19:22:19.48,1,3,"Stubbs, Benjamin",807876,Left,TRO_TRJ,"Smith, Seth",835337,Left,SOU_GOL,Undefined,5,Bottom,0,1,1,FourSeamFastBall,Sinker,BallCalled,Undefined,Undefined,Undefined,0,0,,92.47472,-3.171471,4.047295,2139.257096,132.766015,10:30,5.71704,-0.99409,5.31818,-17.75198,16.43336,-16.35174,1.25084,1.44793,83.04732,-6.52404,1.151886,0.420815,,,,,,,,,,,,9.4454,9.62008,0.63908,50,5.4166,-8.65099,-133.45403,-8.00695,16.74564,33.25897,-15.1187,SOU_GOL,TRO_TRJ,HillDensonField,D1,SBELT,20260320-HillDensonField-1,0675a1a0-24bc-11f1-b0f9-cffb574f71cc,89.57007,,,9.4274,,,,,,,73f695f1-acc7-4437-a517-846b8f7664b0,2026-03-21,00:22:19.48,2026-03-20T19:22:19.4890000-05:00,2026-03-21T00:22:19.4890000Z,,v3,471449,471470,36ca09f5531f47ca8911e9f965eba1cf,"Janicki, Jimmy",1000359452,Right,TRO_TRJ,8a724e28-e70b-4268-9950-55857052ea46,55.17649,-134.73792,16.62948,5.71443,-7.42332,-7.55935,0.98551,-9.29742,8.37282,,,,,,,,,,,,,,,,,,,,,,,,,,,,,,,,,,,,,,,,,,,,,,,,,,,High,High,High,,,,,,,,,,,,,,,,,,,,,,,,,,,,,,,,,,,,
137,2026-03-20,19:22:40.58,1,4,"Stubbs, Benjamin",807876,Left,TRO_TRJ,"Smith, Seth",835337,Left,SOU_GOL,Undefined,5,Bottom,0,2,1,FourSeamFastBall,Four-Seam,BallCalled,Undefined,Undefined,Undefined,0,0,,92.92282,-3.507054,3.71228,2175.837974,137.774487,10:30,5.66474,-1.0357,5.44623,-17.90946,15.56229,-13.02678,0.87779,1.35924,84.07121,-6.872124,1.398855,0.4164,,,,,,,,,,,,7.63918,9.24646,0.71641,50,5.342,-8.08617,-134.22487,-8.84631,13.79458,31.81383,-15.4771,SOU_GOL,TRO_TRJ,HillDensonField,D1,SBELT,20260320-HillDensonField-1,130321e0-24bc-11f1-b0f9-cffb574f71cc,90.51986,,,8.85161,,,,,,,73f695f1-acc7-4437-a517-846b8f7664b0,2026-03-21,00:22:40.58,2026-03-20T19:22:40.5830000-05:00,2026-03-21T00:22:40.5830000Z,,v3,471449,471470,36ca09f5531f47ca8911e9f965eba1cf,"Janicki, Jimmy",1000359452,Right,TRO_TRJ,e6dbdfc2-a2e7-4ebe-9b14-680c2c6bf9a0,55.0489,-135.41626,15.90691,5.66244,-8.26671,-7.73855,1.0289,-8.60276,6.89729,,,,,,,,,,,,,,,,,,,,,,,,,,,,,,,,,,,,,,,,,,,,,,,,,,,High,High,High,,,,,,,,,,,,,,,,,,,,,,,,,,,,,,,,,,,,
138,2026-03-20,19:23:01.86,1,5,"Stubbs, Benjamin",807876,Left,TRO_TRJ,"Smith, Seth",835337,Left,SOU_GOL,Undefined,5,Bottom,0,3,1,FourSeamFastBall,Sinker,BallCalled,Walk,Undefined,Undefined,0,0,,93.58432,-2.453003,3.664106,2190.469335,130.196701,10:15,5.73993,-0.98676,5.34101,-18.37206,14.87048,-16.12028,1.90167,1.11183,84.11897,-5.913093,0.806481,0.414972,,,,,,,,,,,,9.15563,8.57855,0.66755,50,5.50551,-7.86086,-135.20849,-6.43927,16.68653,33.73481,-16.53931,SOU_GOL,TRO_TRJ,HillDensonField,D1,SBELT,20260320-HillDensonField-1,1fb3e190-24bc-11f1-b0f9-cffb574f71cc,90.83137,,,9.46535,,,,,,,73f695f1-acc7-4437-a517-846b8f7664b0,2026-03-21,00:23:01.86,2026-03-20T19:23:01.8650000-05:00,2026-03-21T00:23:01.8650000Z,,v3,471449,471470,36ca09f5531f47ca8911e9f965eba1cf,"Janicki, Jimmy",1000359452,Right,TRO_TRJ,8917c2b3-a35a-4fa5-a448-42480e15d936,55.15292,-136.4881,16.86741,5.73786,-5.81191,-8.26966,0.97773,-8.4938,8.34326,,,,,,,,,,,,,,,,,,,,,,,,,,,,,,,,,,,,,,,,,,,,,,,,,,,High,High,High,,,,,,,,,,,,,,,,,,,,,,,,,,,,,,,,,,,,
139,2026-03-20,19:23:38.55,2,1,"Stubbs, Benjamin",807876,Left,TRO_TRJ,"Tonsmeire Jr., William",1000477968,Right,SOU_GOL,Undefined,5,Bottom,0,0,0,ChangeUp,Changeup,StrikeCalled,Undefined,Undefined,Undefined,0,0,,86.68429,-0.748879,3.113222,1790.88161,111.219405,9:45,5.71531,-1.08243,5.61672,-32.24895,5.82859,-11.54115,2.32792,0.86416,78.48025,-6.711913,1.054095,0.444126,,,,,,,,,,,,6.77382,3.60851,0.82389,50,5.63089,-6.32432,-125.54736,-2.78101,10.68281,28.24291,-26.48317,SOU_GOL,TRO_TRJ,HillDensonField,D1,SBELT,20260320-HillDensonField-1,35989640-24bc-11f1-b0f9-cffb574f71cc,84.86888,,,8.20404,,,,,,,73f695f1-acc7-4437-a517-846b8f7664b0,2026-03-21,00:23:38.55,2026-03-20T19:23:38.5580000-05:00,2026-03-21T00:23:38.5580000Z,,v3,471449,471470,36ca09f5531f47ca8911e9f965eba1cf,"Janicki, Jimmy",1000359452,Right,TRO_TRJ,e348917e-60d8-45b6-aee3-1f5c453ebf12,54.87891,-126.64015,14.12145,5.71867,-1.75631,-13.24159,1.07659,-6.73767,5.3414,,,,,,,,,,,,,,,,,,,,,,,,,,,,,,,,,,,,,,,,,,,,,,,,,,,High,High,High,,,,,,,,,,,,,,,,,,,,,,,,,,,,,,,,,,,,
140,2026-03-20,19:24:02.19,2,2,"Stubbs, Benjamin",807876,Left,TRO_TRJ,"Tonsmeire Jr., William",1000477968,Right,SOU_GOL,Undefined,5,Bottom,0,0,1,Curveball,Curveball,InPlay,Undefined,Popup,Out,1,0,,80.72082,0.899141,0.839563,2647.585945,324.509789,4:45,5.80565,-0.7264,5.01074,-50.55857,-5.6854,5.17244,2.44125,0.49712,73.27645,-8.257893,1.754313,0.482131,60.79646,44.190876,-2.276877,4473.296189,109.95512,57.26354,3.13635,175.42323,171.83795,3.857639,3.952136,-2.30599,-2.69622,0.64143,50,5.85081,-1.93317,-116.99167,-0.04302,-3.15074,24.98655,-35.85802,SOU_GOL,TRO_TRJ,HillDensonField,D1,SBELT,20260320-HillDensonField-1,43b39450-24bc-11f1-b0f9-cffb574f71cc,78.17889,59.15162,,7.44438,,,,0.3636,2.3488,-0.54335,73f695f1-acc7-4437-a517-846b8f7664b0,2026-03-21,00:24:02.19,2026-03-20T19:24:02.1900000-05:00,2026-03-21T00:24:02.1900000Z,Popup,v3,471449,471470,36ca09f5531f47ca8911e9f965eba1cf,"Janicki, Jimmy",1000359452,Right,TRO_TRJ,09ba7834-56c3-497d-aea8-dab7d41c85b1,55.4881,-118.15798,12.49327,5.81375,1.63074,-17.92901,0.72823,-1.7861,-1.57537,196.056828,0.36406,63.87674,-11.50573,3.00643,-0.51021,0.05755,-0.00939,0.00228,-0.00022,2.34944,62.13019,-18.3815,0.70785,0.23648,-0.22046,0.07791,-0.01305,0.00084,-0.54346,-2.53858,2.94963,-0.72611,0.15227,-0.03614,0.01055,-0.00203,0.00015,,,,,,,,,,,,,,,,,,,,,,,High,High,High,High,High,,,,,,,,,,,,,,,,,,,,,,,,,,,,,,,,,,
141,2026-03-20,19:24:41.22,3,1,"Stubbs, Benjamin",807876,Left,TRO_TRJ,"Urban, Joseph",1000116546,Right,SOU_GOL,Undefined,5,Bottom,1,0,0,Curveball,Curveball,StrikeSwinging,Undefined,Undefined,Undefined,0,0,,80.7193,-0.212689,1.137992,2538.296616,320.431874,4:45,5.835,-0.63648,4.91962,-53.30515,-7.74241,7.83906,1.19178,1.09282,72.75265,-9.836436,2.523714,0.485821,,,,,,,,,,,,-3.47146,-3.26713,0.5186,50,5.76983,-2.65908,-116.81948,-2.45063,-4.67115,27.39197,-36.57024,SOU_GOL,TRO_TRJ,HillDensonField,D1,SBELT,20260320-HillDensonField-1,5af8ea70-24bc-11f1-b0f9-cffb574f71cc,77.58501,,,7.96665,,,,,,,73f695f1-acc7-4437-a517-846b8f7664b0,2026-03-21,00:24:41.22,2026-03-20T19:24:41.2260000-05:00,2026-03-21T00:24:41.2260000Z,,v3,471449,471470,36ca09f5531f47ca8911e9f965eba1cf,"Janicki, Jimmy",1000359452,Right,TRO_TRJ,2826d135-a04e-40ed-bf0b-7a963f3b2f1e,55.57768,-118.1201,13.69598,5.84497,-0.71421,-18.28512,0.63959,-2.43728,-2.33557,,,,,,,,,,,,,,,,,,,,,,,,,,,,,,,,,,,,,,,,,,,,,,,,,,,High,High,High,,,,,,,,,,,,,,,,,,,,,,,,,,,,,,,,,,,,
142,2026-03-20,19:25:08.10,3,2,"Stubbs, Benjamin",807876,Left,TRO_TRJ,"Urban, Joseph",1000116546,Right,SOU_GOL,Undefined,5,Bottom,1,0,1,ChangeUp,Changeup,StrikeSwinging,Undefined,Undefined,Undefined,0,0,,86.8897,-1.945071,2.244069,1708.892484,123.749305,10:00,5.72985,-0.94003,5.82999,-28.09746,9.5976,-12.30587,1.57827,0.12154,78.51981,-7.185254,0.036886,0.441889,,,,,,,,,,,,6.98941,5.93705,0.764,50,5.5546,-4.41301,-125.88075,-5.2044,11.03869,29.3007,-22.79737,SOU_GOL,TRO_TRJ,HillDensonField,D1,SBELT,20260320-HillDensonField-1,6af72770-24bc-11f1-b0f9-cffb574f71cc,85.29835,,,8.3699,,,,,,,73f695f1-acc7-4437-a517-846b8f7664b0,2026-03-21,00:25:08.10,2026-03-20T19:25:08.1060000-05:00,2026-03-21T00:25:08.1060000Z,,v3,471449,471470,36ca09f5531f47ca8911e9f965eba1cf,"Janicki, Jimmy",1000359452,Right,TRO_TRJ,a549faf2-6594-4c94-89e3-df447ac771a9,54.66579,-126.96213,14.65035,5.73116,-4.36303,-11.39869,0.93438,-4.82041,5.51935,,,,,,,,,,,,,,,,,,,,,,,,,,,,,,,,,,,,,,,,,,,,,,,,,,,High,High,High,,,,,,,,,,,,,,,,,,,,,,,,,,,,,,,,,,,,
143,2026-03-20,19:25:29.40,3,3,"Stubbs, Benjamin",807876,Left,TRO_TRJ,"Urban, Joseph",1000116546,Right,SOU_GOL,Undefined,5,Bottom,1,0,2,Curveball,Curveball,BallCalled,Undefined,Undefined,Undefined,0,0,,81.58411,-0.423286,1.618172,2625.594324,330.336411,5:00,5.92564,-0.86378,5.02762,-48.03136,-4.57792,3.38882,1.52346,0.94587,75.01937,-9.078889,2.217879,0.474442,,,,,,,,,,,,-1.22772,-1.7935,0.70613,50,5.84619,-3.48634,-118.36595,-2.67036,-1.73642,23.23786,-34.71072,SOU_GOL,TRO_TRJ,HillDensonField,D1,SBELT,20260320-HillDensonField-1,77b2bc90-24bc-11f1-b0f9-cffb574f71cc,79.44576,,,6.56474,,,,,,,73f695f1-acc7-4437-a517-846b8f7664b0,2026-03-21,00:25:29.40,2026-03-20T19:25:29.4050000-05:00,2026-03-21T00:25:29.4050000Z,,v3,471449,471470,36ca09f5531f47ca8911e9f965eba1cf,"Janicki, Jimmy",1000359452,Right,TRO_TRJ,743def09-0ed5-48bd-a706-fea685f23352,55.47251,-119.43549,11.61893,5.93233,-1.07277,-17.35536,0.86475,-3.40642,-0.86821,,,,,,,,,,,,,,,,,,,,,,,,,,,,,,,,,,,,,,,,,,,,,,,,,,,High,High,High,,,,,,,,,,,,,,,,,,,,,,,,,,,,,,,,,,,,
144,2026-03-20,19:25:53.16,3,4,"Stubbs, Benjamin",807876,Left,TRO_TRJ,"Urban, Joseph",1000116546,Right,SOU_GOL,Undefined,5,Bottom,1,1,2,Curveball,Curveball,BallCalled,Undefined,Undefined,Undefined,0,0,,81.73124,-0.736133,0.144745,2616.773002,333.176039,5:00,5.98382,-0.62396,5.03886,-51.80424,-7.61563,4.70173,0.97233,-0.0956,73.75667,-10.102234,0.978576,0.478439,,,,,,,,,,,,-2.29193,-3.0902,0.60616,50,5.87202,-0.50033,-118.34017,-3.47016,-3.16714,27.95927,-36.44431,SOU_GOL,TRO_TRJ,HillDensonField,D1,SBELT,20260320-HillDensonField-1,85d90540-24bc-11f1-b0f9-cffb574f71cc,78.78212,,,7.97457,,,,,,,73f695f1-acc7-4437-a517-846b8f7664b0,2026-03-21,00:25:53.16,2026-03-20T19:25:53.1600000-05:00,2026-03-21T00:25:53.1600000Z,,v3,471449,471470,36ca09f5531f47ca8911e9f965eba1cf,"Janicki, Jimmy",1000359452,Right,TRO_TRJ,5cc22ce5-6190-40f5-b9e1-e0af2bb7529d,55.4589,-119.62295,13.97963,5.99288,-1.79808,-18.22216,0.62578,-0.35502,-1.58357,,,,,,,,,,,,,,,,,,,,,,,,,,,,,,,,,,,,,,,,,,,,,,,,,,,High,High,High,,,,,,,,,,,,,,,,,,,,,,,,,,,,,,,,,,,,
145,2026-03-20,19:26:17.54,3,5,"Stubbs, Benjamin",807876,Left,TRO_TRJ,"Urban, Joseph",1000116546,Right,SOU_GOL,Undefined,5,Bottom,1,2,2,TwoSeamFastBall,Sinker,InPlay,Undefined,GroundBall,FieldersChoice,1,0,,94.08941,-2.445751,1.986614,2131.306565,123.484711,10:00,5.82679,-0.96036,5.33591,-21.38257,11.38599,-15.39493,1.74759,-0.37873,84.84479,-6.426049,-0.748952,0.412003,78.576,-59.61239,-23.056932,,,,,2.3525,2.3525,-0.544707,0.017535,8.38315,6.84524,0.79262,50,5.5909,-3.98845,-136.1958,-6.61484,15.49839,34.30416,-19.51894,SOU_GOL,TRO_TRJ,HillDensonField,D1,SBELT,20260320-HillDensonField-1,9455d260-24bc-11f1-b0f9-cffb574f71cc,91.48591,1.74682,,9.24462,,,,1.40987,1.74682,0.37882,73f695f1-acc7-4437-a517-846b8f7664b0,2026-03-21,00:26:17.54,2026-03-20T19:26:17.5410000-05:00,2026-03-21T00:26:17.5410000Z,GroundBall,v3,471449,471470,36ca09f5531f47ca8911e9f965eba1cf,"Janicki, Jimmy",1000359452,Right,TRO_TRJ,e93126c2-6bf6-4be2-ad2d-7a4c040c8011,55.16106,-137.48959,17.15208,5.8265,-5.87867,-9.75947,0.95407,-4.57298,7.74919,,1.40956,53.74912,,,,,,,,1.7474,-99.61629,,,,,,,,0.37895,-22.8782,,,,,,,,,,,,,,,,,,,,,,,,,,,,,,High,High,High,Estimated,Estimated,,,,,,,,,,,,,,,,,,,,,,,,,,,,,,,,,,
146,2026-03-20,19:27:01.93,4,1,"Stubbs, Benjamin",807876,Left,TRO_TRJ,"Morrison, Kyle",835275,Left,SOU_GOL,Undefined,5,Bottom,2,0,0,FourSeamFastBall,Sinker,BallCalled,Undefined,Undefined,Undefined,0,0,,93.90475,-3.841881,2.781193,2194.698524,123.637046,10:00,5.7079,-0.93858,5.4692,-20.94879,11.81371,-15.97028,0.35709,0.33539,84.99493,-7.735266,-0.06248,0.411965,,,,,,,,,,,,8.95229,7.513,0.70527,50,5.35528,-5.84843,-135.74759,-9.88487,16.48808,33.31173,-18.33685,SOU_GOL,TRO_TRJ,HillDensonField,D1,SBELT,20260320-HillDensonField-1,aece4000-24bc-11f1-b0f9-cffb574f71cc,91.49436,,,8.90981,,,,,,,73f695f1-acc7-4437-a517-846b8f7664b0,2026-03-21,00:27:01.93,2026-03-20T19:27:01.9350000-05:00,2026-03-21T00:27:01.9350000Z,,v3,471449,471470,36ca09f5531f47ca8911e9f965eba1cf,"Janicki, Jimmy",1000359452,Right,TRO_TRJ,57d89a98-40cd-4831-af7a-3b50d9ab3f2a,55.02838,-136.97597,16.65587,5.70732,-9.20869,-9.16842,0.93214,-6.45644,8.24404,,,,,,,,,,,,,,,,,,,,,,,,,,,,,,,,,,,,,,,,,,,,,,,,,,,High,High,High,,,,,,,,,,,,,,,,,,,,,,,,,,,,,,,,,,,,
147,2026-03-20,19:27:34.16,4,2,"Stubbs, Benjamin",807876,Left,TRO_TRJ,"Morrison, Kyle",835275,Left,SOU_GOL,Undefined,5,Bottom,2,1,0,FourSeamFastBall,Four-Seam,BallCalled,Undefined,Undefined,Undefined,0,0,,93.76548,-3.819275,4.197485,2182.961792,136.52301,10:30,5.64218,-1.1214,5.39452,-18.20414,14.7169,-12.84642,0.53097,1.74881,85.03333,-7.222384,1.920328,0.41296,,,,,,,,,,,,7.72863,8.89331,0.75565,50,5.28764,-9.32796,-135.36751,-9.69841,14.22048,31.86302,-15.81058,SOU_GOL,TRO_TRJ,HillDensonField,D1,SBELT,20260320-HillDensonField-1,c20512c0-24bc-11f1-b0f9-cffb574f71cc,91.27379,,,8.73215,,,,,,,73f695f1-acc7-4437-a517-846b8f7664b0,2026-03-21,00:27:34.16,2026-03-20T19:27:34.1630000-05:00,2026-03-21T00:27:34.1630000Z,,v3,471449,471470,36ca09f5531f47ca8911e9f965eba1cf,"Janicki, Jimmy",1000359452,Right,TRO_TRJ,c5a41797-e0d2-4e38-8b26-6e6615e30c75,55.10267,-136.5633,15.93151,5.64048,-9.10505,-7.90529,1.11573,-9.86164,7.11024,,,,,,,,,,,,,,,,,,,,,,,,,,,,,,,,,,,,,,,,,,,,,,,,,,,High,High,High,,,,,,,,,,,,,,,,,,,,,,,,,,,,,,,,,,,,
148,2026-03-20,19:27:58.47,4,3,"Stubbs, Benjamin",807876,Left,TRO_TRJ,"Morrison, Kyle",835275,Left,SOU_GOL,Undefined,5,Bottom,2,2,0,TwoSeamFastBall,Sinker,StrikeSwinging,Undefined,Undefined,Undefined,0,0,,93.53408,-1.923627,2.315288,2135.593271,117.30561,10:00,5.64251,-1.17768,5.44308,-22.79824,10.41938,-17.70375,1.9394,-0.484,83.80838,-6.181787,-0.836178,0.414816,,,,,,,,,,,,9.64048,6.26386,0.98539,50,5.45707,-4.61753,-135.32604,-5.38507,17.49025,35.49141,-20.80983,SOU_GOL,TRO_TRJ,HillDensonField,D1,SBELT,20260320-HillDensonField-1,d0831860-24bc-11f1-b0f9-cffb574f71cc,90.86539,,,9.7257,,,,,,,73f695f1-acc7-4437-a517-846b8f7664b0,2026-03-21,00:27:58.47,2026-03-20T19:27:58.4740000-05:00,2026-03-21T00:27:58.4740000Z,,v3,471449,471470,36ca09f5531f47ca8911e9f965eba1cf,"Janicki, Jimmy",1000359452,Right,TRO_TRJ,53f3c4a7-6f7a-4f6d-a206-b135a406076d,55.05181,-136.64454,17.74571,5.64276,-4.61199,-10.40492,1.169,-5.26729,8.74512,,,,,,,,,,,,,,,,,,,,,,,,,,,,,,,,,,,,,,,,,,,,,,,,,,,High,High,High,,,,,,,,,,,,,,,,,,,,,,,,,,,,,,,,,,,,
149,2026-03-20,19:28:18.02,4,4,"Stubbs, Benjamin",807876,Left,TRO_TRJ,"Morrison, Kyle",835275,Left,SOU_GOL,Undefined,5,Bottom,2,2,1,TwoSeamFastBall,Sinker,BallCalled,Undefined,Undefined,Undefined,0,0,,94.13053,-0.517914,3.677949,2193.195347,120.834255,10:00,5.65796,-1.18028,5.38812,-22.02399,10.69182,-15.89517,3.33619,0.94708,84.57735,-4.632944,0.858426,0.411671,,,,,,,,,,,,9.05977,5.87803,0.86248,50,5.59653,-7.96487,-136.14418,-2.05075,16.75278,34.0128,-21.30478,SOU_GOL,TRO_TRJ,HillDensonField,D1,SBELT,20260320-HillDensonField-1,dc237980-24bc-11f1-b0f9-cffb574f71cc,91.55966,,,9.55318,,,,,,,73f695f1-acc7-4437-a517-846b8f7664b0,2026-03-21,00:28:18.02,2026-03-20T19:28:18.0200000-05:00,2026-03-21T00:28:18.0200000Z,,v3,471449,471470,36ca09f5531f47ca8911e9f965eba1cf,"Janicki, Jimmy",1000359452,Right,TRO_TRJ,c7654f3d-8d4d-49d3-9ecc-85f4094eae68,55.10624,-137.41395,17.0064,5.65824,-1.2554,-10.65239,1.1715,-8.59029,8.37639,,,,,,,,,,,,,,,,,,,,,,,,,,,,,,,,,,,,,,,,,,,,,,,,,,,High,High,High,,,,,,,,,,,,,,,,,,,,,,,,,,,,,,,,,,,,
150,2026-03-20,19:28:37.64,4,5,"Stubbs, Benjamin",807876,Left,TRO_TRJ,"Morrison, Kyle",835275,Left,SOU_GOL,Undefined,5,Bottom,2,3,1,FourSeamFastBall,Four-Seam,FoulBallNotFieldable,Undefined,Undefined,Undefined,0,0,,93.62124,-2.600327,3.103273,2229.060742,143.272393,10:45,5.76244,-0.90159,5.32411,-14.45331,18.60946,-12.99178,2.11264,0.93067,84.48304,-5.358151,0.800118,0.413848,80.42203,58.579552,-53.434918,5093.538138,37.85143,116.3388,-103.28239,185.53669,87.86073,-73.910198,5.373347,7.50315,10.49351,0.63052,50,5.517,-6.72511,-135.42448,-6.62176,13.76681,32.88848,-12.92054,SOU_GOL,TRO_TRJ,HillDensonField,D1,SBELT,20260320-HillDensonField-1,e7d95e70-24bc-11f1-b0f9-cffb574f71cc,91.07796,116.70539,,9.1382,,,,1.52975,1.87462,-0.79041,73f695f1-acc7-4437-a517-846b8f7664b0,2026-03-21,00:28:37.64,2026-03-20T19:28:37.6410000-05:00,2026-03-21T00:28:37.6410000Z,Popup,v3,471449,471470,36ca09f5531f47ca8911e9f965eba1cf,"Janicki, Jimmy",1000359452,Right,TRO_TRJ,1a61fa87-0bd0-4a30-a4ec-2dd599bef879,55.17302,-136.675,16.44424,5.75944,-6.13048,-6.46027,0.89618,-7.24856,6.88341,154.485763,1.537,36.36789,-16.12602,2.8719,1.35863,-1.09228,0.31221,-0.04121,0.00209,1.85193,101.06919,-28.58792,4.99201,-1.82302,0.52716,-0.08817,0.00727,-0.00022,-0.7821,-49.53652,6.43341,-1.60693,0.59485,-0.19738,0.04097,-0.00456,0.00021,,,,,,,,,,,,,,,,,,,,,,,High,High,High,Medium,Low,,,,,,,,,,,,,,,,,,,,,,,,,,,,,,,,,,
151,2026-03-20,19:29:08.41,4,6,"Stubbs, Benjamin",807876,Left,TRO_TRJ,"Morrison, Kyle",835275,Left,SOU_GOL,Undefined,5,Bottom,2,3,2,TwoSeamFastBall,Sinker,FoulBallNotFieldable,Undefined,Undefined,Undefined,0,0,,94.42896,-0.330894,2.240697,2094.818293,125.596956,10:15,5.73721,-1.12845,5.27298,-17.91245,14.24934,-18.44139,3.93347,-0.55953,85.89153,-3.68617,-1.029281,0.40817,72.70768,64.851614,-165.202316,5033.977086,-109.6665,85.22591,-8.55768,160.87201,55.2088,-176.556892,4.407839,9.88686,7.53481,0.93793,50,5.69421,-4.4727,-136.97015,-1.44073,18.73007,31.04245,-17.89977,SOU_GOL,TRO_TRJ,HillDensonField,D1,SBELT,20260320-HillDensonField-1,fa2e35a0-24bc-11f1-b0f9-cffb574f71cc,92.34489,91.8351,,8.53743,,,,1.12735,3.99457,0.54545,73f695f1-acc7-4437-a517-846b8f7664b0,2026-03-21,00:29:08.41,2026-03-20T19:29:08.4120000-05:00,2026-03-21T00:29:08.4120000Z,Popup,v3,471449,471470,36ca09f5531f47ca8911e9f965eba1cf,"Janicki, Jimmy",1000359452,Right,TRO_TRJ,e35b0941-82dc-484c-b7da-162f6d3e17b9,55.22579,-138.14943,15.52122,5.73602,-0.76073,-8.94989,1.12136,-5.18424,9.36503,16.65145,1.12415,-43.74281,-3.47441,3.38577,-1.31507,0.34476,-0.04656,0.00188,9E-05,3.99721,96.45658,-32.82547,4.06176,-0.10425,-0.30869,0.11218,-0.0168,0.00094,0.54481,-11.55506,6.26371,-1.91406,0.2904,0.03229,-0.02586,0.00464,-0.00029,,,,,,,,,,,,,,,,,,,,,,,High,High,High,High,Low,,,,,,,,,,,,,,,,,,,,,,,,,,,,,,,,,,
152,2026-03-20,19:29:33.66,4,7,"Stubbs, Benjamin",807876,Left,TRO_TRJ,"Morrison, Kyle",835275,Left,SOU_GOL,Undefined,5,Bottom,2,3,2,Slider,Cutter,StrikeSwinging,Strikeout,Undefined,Undefined,0,0,,87.49044,-0.598873,2.079132,2590.435441,239.638808,2:00,5.59758,-1.18194,4.91704,-36.17868,1.91484,1.12028,2.01607,0.87807,79.81955,-7.156331,2.276635,0.444219,,,,,,,,,,,,0.05697,1.45378,0.97803,50,5.5089,-4.65433,-126.79531,-2.76461,0.09219,27.38844,-29.82165,SOU_GOL,TRO_TRJ,HillDensonField,D1,SBELT,20260320-HillDensonField-1,09451fe0-24bd-11f1-b0f9-cffb574f71cc,84.85105,,,7.6709,,,,,,,73f695f1-acc7-4437-a517-846b8f7664b0,2026-03-21,00:29:33.66,2026-03-20T19:29:33.6630000-05:00,2026-03-21T00:29:33.6630000Z,,v3,471449,471470,36ca09f5531f47ca8911e9f965eba1cf,"Janicki, Jimmy",1000359452,Right,TRO_TRJ,9b0743c6-20a3-4c4e-b025-14531e3f418c,55.58152,-127.99526,13.69422,5.6014,-1.45805,-14.91083,1.18204,-4.65837,0.0461,,,,,,,,,,,,,,,,,,,,,,,,,,,,,,,,,,,,,,,,,,,,,,,,,,,High,High,High,,,,,,,,,,,,,,,,,,,,,,,,,,,,,,,,,,,,
153,2026-03-20,19:31:43.37,1,1,"Harris, Grayden",1000390608,Left,SOU_GOL,"Diaz, Zaid",1000136342,Left,TRO_TRJ,Undefined,6,Top,0,0,0,TwoSeamFastBall,Sinker,StrikeSwinging,Undefined,Undefined,Undefined,0,0,,90.76538,-1.008335,3.730207,2093.37828,113.260301,9:45,4.92502,-2.53234,6.40254,-25.56718,7.76733,-15.60635,1.86513,-0.39786,83.00547,-5.807154,0.907439,0.415545,,,,,,,,,,,,9.22489,4.65103,2.27172,50,4.84088,-7.97236,-131.74053,-3.12595,16.19993,28.18332,-24.00632,SOU_GOL,TRO_TRJ,HillDensonField,D1,SBELT,20260320-HillDensonField-1,568ff590-24bd-11f1-b0f9-cffb574f71cc,90.70593,,,7.7599,,,,,,,73f695f1-acc7-4437-a517-846b8f7664b0,2026-03-21,00:31:43.37,2026-03-20T19:31:43.3740000-05:00,2026-03-21T00:31:43.3740000Z,,v3,471449,471470,36ca09f5531f47ca8911e9f965eba1cf,"Stockman, Tucker",838152,Right,SOU_GOL,ffc8202e-fba2-459b-bb55-5c015bc15a07,54.09722,-132.61415,14.09166,4.92625,-2.3818,-12.00316,2.52663,-8.47452,8.09997,,,,,,,,,,,,,,,,,,,,,,,,,,,,,,,,,,,,,,,,,,,,,,,,,,,High,High,High,,,,,,,,,,,,,,,,,,,,,,,,,,,,,,,,,,,,
154,2026-03-20,19:31:58.14,1,2,"Harris, Grayden",1000390608,Left,SOU_GOL,"Diaz, Zaid",1000136342,Left,TRO_TRJ,Undefined,6,Top,0,0,1,Slider,Slider,BallCalled,Undefined,Undefined,Undefined,0,0,,80.15449,-0.073889,4.350348,2191.47108,267.811483,3:00,4.7756,-2.75467,5.83137,-42.41282,1.85949,9.49418,1.17232,2.08808,73.07018,-7.865453,6.043619,0.478892,,,,,,,,,,,,-3.45646,1.46681,2.39361,50,4.74502,-9.19408,-115.99838,-1.51916,-4.65265,24.14274,-30.19958,SOU_GOL,TRO_TRJ,HillDensonField,D1,SBELT,20260320-HillDensonField-1,5f6a58e0-24bd-11f1-b0f9-cffb574f71cc,78.70762,,,7.08432,,,,,,,73f695f1-acc7-4437-a517-846b8f7664b0,2026-03-21,00:31:58.14,2026-03-20T19:31:58.1430000-05:00,2026-03-21T00:31:58.1430000Z,,v3,471449,471470,36ca09f5531f47ca8911e9f965eba1cf,"Stockman, Tucker",838152,Right,SOU_GOL,f17523fb-c98b-48b3-81cb-f62f76e671a9,54.66505,-116.96528,12.07137,4.78164,-0.30968,-15.09979,2.75809,-9.00775,-2.32633,,,,,,,,,,,,,,,,,,,,,,,,,,,,,,,,,,,,,,,,,,,,,,,,,,,High,High,High,,,,,,,,,,,,,,,,,,,,,,,,,,,,,,,,,,,,
155,2026-03-20,19:32:12.67,1,3,"Harris, Grayden",1000390608,Left,SOU_GOL,"Diaz, Zaid",1000136342,Left,TRO_TRJ,Undefined,6,Top,0,1,1,TwoSeamFastBall,Sinker,InPlay,Undefined,LineDrive,Out,1,0,,90.26008,-0.692209,4.089404,2180.120606,119.438979,10:00,4.91005,-2.46003,6.46994,-24.89182,8.86213,-13.74265,2.19836,0.15678,82.22868,-5.385294,1.603353,0.418152,104.22857,10.899243,11.643858,2668.337655,107.00452,12.51082,25.49432,198.90896,153.55193,15.24122,1.622622,8.42611,5.1602,2.1774,50,4.85006,-8.82812,-130.9326,-2.34129,14.56368,28.76642,-23.25518,SOU_GOL,TRO_TRJ,HillDensonField,D1,SBELT,20260320-HillDensonField-1,6801e6d0-24bd-11f1-b0f9-cffb574f71cc,90.1406,12.57606,,8.0314,,,,1.77493,2.21949,-0.14909,73f695f1-acc7-4437-a517-846b8f7664b0,2026-03-21,00:32:12.67,2026-03-20T19:32:12.6760000-05:00,2026-03-21T00:32:12.6760000Z,LineDrive,v3,471449,471470,36ca09f5531f47ca8911e9f965eba1cf,"Stockman, Tucker",838152,Right,SOU_GOL,267fac86-9e98-4b6b-a944-c01fcb0ff921,54.02951,-131.81493,14.38321,4.91094,-1.628,-11.62759,2.45502,-9.27482,7.28184,278.152545,1.77493,147.02182,-23.71626,4.51983,-1.03183,0.22563,-0.04826,0.0081,-0.00072,2.21949,28.90476,-21.83315,2.66619,-0.61129,0.14557,-0.03057,0.0052,-0.00048,-0.14909,30.29587,2.70328,-1.36878,0.42589,-0.11792,0.02801,-0.005,0.00046,,,,,,,,,,,,,,,,,,,,,,,High,High,High,High,Medium,,,,,,,,,,,,,,,,,,,,,,,,,,,,,,,,,,
156,2026-03-20,19:32:53.20,2,1,"Harris, Grayden",1000390608,Left,SOU_GOL,"Book, Nolan",1000349960,Right,TRO_TRJ,Undefined,6,Top,1,0,0,TwoSeamFastBall,Sinker,BallCalled,Undefined,Undefined,Undefined,0,0,,90.52915,-2.457845,5.252401,2213.002102,111.61807,9:45,4.84787,-2.51631,6.68322,-25.72986,7.67808,-16.59107,0.44476,0.91878,82.68829,-7.299845,2.243828,0.416003,,,,,,,,,,,,10.36477,5.07488,2.17127,50,4.67274,-11.43511,-131.0744,-6.4073,17.96227,28.70015,-23.3792,SOU_GOL,TRO_TRJ,HillDensonField,D1,SBELT,20260320-HillDensonField-1,802cbaf0-24bd-11f1-b0f9-cffb574f71cc,90.60625,,,7.84086,,,,,,,73f695f1-acc7-4437-a517-846b8f7664b0,2026-03-21,00:32:53.20,2026-03-20T19:32:53.2060000-05:00,2026-03-21T00:32:53.2060000Z,,v3,471449,471470,36ca09f5531f47ca8911e9f965eba1cf,"Stockman, Tucker",838152,Right,SOU_GOL,8b7c8d8f-4054-492b-ac2c-9ed3b0368c07,53.81733,-131.9076,14.35008,4.8489,-5.72857,-11.6896,2.51081,-11.95657,8.98114,,,,,,,,,,,,,,,,,,,,,,,,,,,,,,,,,,,,,,,,,,,,,,,,,,,High,High,High,,,,,,,,,,,,,,,,,,,,,,,,,,,,,,,,,,,,
157,2026-03-20,19:33:06.15,2,2,"Harris, Grayden",1000390608,Left,SOU_GOL,"Book, Nolan",1000349960,Right,TRO_TRJ,Undefined,6,Top,1,1,0,ChangeUp,Changeup,BallCalled,Undefined,Undefined,Undefined,0,0,,85.94397,0.839409,5.047515,1526.238404,103.68002,9:30,4.6967,-2.73048,6.47224,-33.59998,4.54965,-12.51276,2.67063,0.87417,76.6025,-5.498702,2.789793,0.444546,,,,,,,,,,,,8.27512,2.54059,2.37898,50,4.74181,-10.47523,-124.20495,0.80612,12.58696,30.97163,-28.30966,SOU_GOL,TRO_TRJ,HillDensonField,D1,SBELT,20260320-HillDensonField-1,87ebea40-24bd-11f1-b0f9-cffb574f71cc,84.78864,,,9.34147,,,,,,,73f695f1-acc7-4437-a517-846b8f7664b0,2026-03-21,00:33:06.15,2026-03-20T19:33:06.1510000-05:00,2026-03-21T00:33:06.1510000Z,,v3,471449,471470,36ca09f5531f47ca8911e9f965eba1cf,"Stockman, Tucker",838152,Right,SOU_GOL,55dc7392-7934-4bdd-b947-66b17b410005,54.02207,-125.20388,15.48581,4.70109,1.71919,-14.15483,2.72338,-10.88119,6.29348,,,,,,,,,,,,,,,,,,,,,,,,,,,,,,,,,,,,,,,,,,,,,,,,,,,High,High,High,,,,,,,,,,,,,,,,,,,,,,,,,,,,,,,,,,,,
158,2026-03-20,19:33:19.86,2,3,"Harris, Grayden",1000390608,Left,SOU_GOL,"Book, Nolan",1000349960,Right,TRO_TRJ,Undefined,6,Top,1,2,0,TwoSeamFastBall,Sinker,BallCalled,Undefined,Undefined,Undefined,0,0,,89.6928,-0.042903,5.840303,2121.053459,120.137266,10:00,4.79572,-2.66152,6.61908,-24.27564,9.88914,-15.07973,2.73325,1.44888,81.49791,-4.639433,3.117642,0.420689,,,,,,,,,,,,9.78894,5.5341,2.27024,50,4.78265,-12.72886,-129.829,-0.79502,16.61818,28.54265,-22.77914,SOU_GOL,TRO_TRJ,HillDensonField,D1,SBELT,20260320-HillDensonField-1,900a9eb0-24bd-11f1-b0f9-cffb574f71cc,89.59702,,,8.19489,,,,,,,73f695f1-acc7-4437-a517-846b8f7664b0,2026-03-21,00:33:19.86,2026-03-20T19:33:19.8610000-05:00,2026-03-21T00:33:19.8610000Z,,v3,471449,471470,36ca09f5531f47ca8911e9f965eba1cf,"Stockman, Tucker",838152,Right,SOU_GOL,7c421f1b-e473-4750-9e05-f1b655b9cb1f,53.88178,-130.67961,14.27133,4.79623,-0.11617,-11.38957,2.65696,-13.22411,8.30909,,,,,,,,,,,,,,,,,,,,,,,,,,,,,,,,,,,,,,,,,,,,,,,,,,,High,High,High,,,,,,,,,,,,,,,,,,,,,,,,,,,,,,,,,,,,
159,2026-03-20,19:33:36.26,2,4,"Harris, Grayden",1000390608,Left,SOU_GOL,"Book, Nolan",1000349960,Right,TRO_TRJ,Undefined,6,Top,1,3,0,TwoSeamFastBall,Sinker,StrikeCalled,Undefined,Undefined,Undefined,0,0,,89.18264,-0.662288,4.748419,2096.715616,125.56177,10:15,4.74696,-2.67051,6.66857,-22.05482,12.38847,-15.70276,2.301,0.37531,80.96545,-4.868942,1.901492,0.4224,,,,,,,,,,,,9.62024,7.06685,2.35701,50,4.69346,-10.1243,-129.23844,-2.10322,16.17389,28.43229,-20.29299,SOU_GOL,TRO_TRJ,HillDensonField,D1,SBELT,20260320-HillDensonField-1,99dd44b0-24bd-11f1-b0f9-cffb574f71cc,89.234,,,8.21718,,,,,,,73f695f1-acc7-4437-a517-846b8f7664b0,2026-03-21,00:33:36.26,2026-03-20T19:33:36.2680000-05:00,2026-03-21T00:33:36.2680000Z,,v3,471449,471470,36ca09f5531f47ca8911e9f965eba1cf,"Stockman, Tucker",838152,Right,SOU_GOL,c2522e7d-3a76-4dc4-b624-8a6ec2a16c47,53.82871,-130.07802,14.21615,4.74672,-1.50398,-10.1465,2.66303,-10.6019,8.08695,,,,,,,,,,,,,,,,,,,,,,,,,,,,,,,,,,,,,,,,,,,,,,,,,,,High,High,High,,,,,,,,,,,,,,,,,,,,,,,,,,,,,,,,,,,,
160,2026-03-20,19:33:48.50,2,5,"Harris, Grayden",1000390608,Left,SOU_GOL,"Book, Nolan",1000349960,Right,TRO_TRJ,Undefined,6,Top,1,3,1,TwoSeamFastBall,Sinker,InPlay,Undefined,LineDrive,Double,0,0,,90.17691,-0.399904,4.241766,2151.60794,122.344297,10:00,4.72524,-2.63665,6.53644,-23.04328,10.84469,-15.29328,2.43715,-0.01332,81.70724,-4.777817,1.47284,0.418981,101.5769,25.808166,-3.972285,2562.431596,109.89574,49.21194,-4.78287,399.08531,396.33287,1.386853,4.625761,9.36646,6.14705,2.34856,50,4.68751,-9.10808,-130.75474,-1.58491,16.06668,29.93229,-21.62977,SOU_GOL,TRO_TRJ,HillDensonField,D1,SBELT,20260320-HillDensonField-1,a1239a80-24bd-11f1-b0f9-cffb574f71cc,89.9622,72.06165,,8.46967,,,,1.80858,2.51037,0.01562,73f695f1-acc7-4437-a517-846b8f7664b0,2026-03-21,00:33:48.50,2026-03-20T19:33:48.5070000-05:00,2026-03-21T00:33:48.5070000Z,FlyBall,v3,471449,471470,36ca09f5531f47ca8911e9f965eba1cf,"Stockman, Tucker",838152,Right,SOU_GOL,622c6b56-c069-4d98-8390-2b8802dc3ae9,53.96259,-131.65873,14.96615,4.72551,-0.93167,-10.81489,2.63096,-9.59332,8.03334,199.388399,1.80809,133.81023,-23.33823,5.78429,-1.36895,0.32918,-0.06476,0.00778,-0.0004,2.51184,64.82362,-16.07134,0.16972,0.37942,-0.19818,0.049,-0.00589,0.00028,0.01577,-9.29496,5.52986,-1.44531,0.37461,-0.09377,0.01824,-0.00213,0.0001,,,,,,,,,,,,,,,,,,,,,,,High,High,High,High,High,,,,,,,,,,,,,,,,,,,,,,,,,,,,,,,,,,
161,2026-03-20,19:37:16.04,3,1,"Allen, Colby",834949,Right,SOU_GOL,"Darnell, Sean",822506,Left,TRO_TRJ,Undefined,6,Top,1,0,0,Slider,Slider,StrikeCalled,Undefined,Undefined,Undefined,0,0,,81.92461,-0.996178,-0.430832,2425.379868,115.476667,9:45,5.94868,0.95385,5.72193,-39.24986,2.68681,-2.8439,1.74986,0.31556,75.23741,-8.199384,-0.940664,0.466089,,,,,,,,,,,,1.32417,2.06331,-0.9161,50,5.84134,1.00722,-118.97847,-3.38176,1.89365,23.33048,-29.22344,SOU_GOL,TRO_TRJ,HillDensonField,D1,SBELT,20260320-HillDensonField-1,1ce37190-24be-11f1-b0f9-cffb574f71cc,80.8697,,,6.6872,,,,,,,73f695f1-acc7-4437-a517-846b8f7664b0,2026-03-21,00:37:16.04,2026-03-20T19:37:16.0470000-05:00,2026-03-21T00:37:16.0470000Z,,v3,471449,471470,36ca09f5531f47ca8911e9f965eba1cf,"Stockman, Tucker",838152,Right,SOU_GOL,0bf916a7-504c-48fa-a6a2-4d3bb2437e2b,54.77614,-119.91136,11.66524,5.9532,-2.21323,-14.61172,-0.95487,0.9315,0.94682,,,,,,,,,,,,,,,,,,,,,,,,,,,,,,,,,,,,,,,,,,,,,,,,,,,High,High,High,,,,,,,,,,,,,,,,,,,,,,,,,,,,,,,,,,,,
162,2026-03-20,19:37:33.57,3,2,"Allen, Colby",834949,Right,SOU_GOL,"Darnell, Sean",822506,Left,TRO_TRJ,Undefined,6,Top,1,0,1,Slider,Slider,StrikeSwinging,Undefined,Undefined,Undefined,0,0,,82.65556,-1.701537,-1.094828,2555.972497,89.021801,9:00,5.88555,0.80082,5.7669,-39.92234,1.24547,-3.3952,0.9744,-0.50115,76.04633,-9.008138,-1.704182,0.461796,,,,,,,,,,,,1.4326,1.4665,-0.70811,50,5.72034,2.42489,-120.02137,-4.89871,2.08291,23.93215,-30.04182,SOU_GOL,TRO_TRJ,HillDensonField,D1,SBELT,20260320-HillDensonField-1,27516d30-24be-11f1-b0f9-cffb574f71cc,81.62137,,,6.60923,,,,,,,73f695f1-acc7-4437-a517-846b8f7664b0,2026-03-21,00:37:33.57,2026-03-20T19:37:33.5790000-05:00,2026-03-21T00:37:33.5790000Z,,v3,471449,471470,36ca09f5531f47ca8911e9f965eba1cf,"Stockman, Tucker",838152,Right,SOU_GOL,032afc46-4c9a-42c3-b3a3-03c048731649,54.73281,-120.9614,11.96607,5.88958,-3.71869,-15.02091,-0.80175,2.34308,1.04145,,,,,,,,,,,,,,,,,,,,,,,,,,,,,,,,,,,,,,,,,,,,,,,,,,,High,High,High,,,,,,,,,,,,,,,,,,,,,,,,,,,,,,,,,,,,
163,2026-03-20,19:37:52.23,3,3,"Allen, Colby",834949,Right,SOU_GOL,"Darnell, Sean",822506,Left,TRO_TRJ,Undefined,6,Top,1,0,2,Slider,Slider,StrikeSwinging,Strikeout,Undefined,Undefined,0,0,,82.65413,-1.994663,-0.621056,2563.59087,80.621273,8:45,5.86108,0.87064,5.90171,-40.33908,0.75559,-3.54634,0.64698,-0.00144,75.8685,-9.394427,-1.25953,0.461386,,,,,,,,,,,,1.65264,1.31583,-0.81861,50,5.67738,1.43506,-120.00717,-5.49647,2.39314,24.74985,-30.26866,SOU_GOL,TRO_TRJ,HillDensonField,D1,SBELT,20260320-HillDensonField-1,3270de80-24be-11f1-b0f9-cffb574f71cc,81.69398,,,6.78563,,,,,,,73f695f1-acc7-4437-a517-846b8f7664b0,2026-03-21,00:37:52.23,2026-03-20T19:37:52.2390000-05:00,2026-03-21T00:37:52.2390000Z,,v3,471449,471470,36ca09f5531f47ca8911e9f965eba1cf,"Stockman, Tucker",838152,Right,SOU_GOL,0df3d58d-dc62-491b-8a03-fd0256f018ab,54.59805,-120.95174,12.37492,5.86511,-4.34128,-15.13433,-0.87164,1.34372,1.19657,,,,,,,,,,,,,,,,,,,,,,,,,,,,,,,,,,,,,,,,,,,,,,,,,,,High,High,High,,,,,,,,,,,,,,,,,,,,,,,,,,,,,,,,,,,,
164,2026-03-20,19:38:26.92,4,1,"Allen, Colby",834949,Right,SOU_GOL,"Meier, Steven",1000136981,Left,TRO_TRJ,Undefined,6,Top,2,0,0,TwoSeamFastBall,Sinker,StrikeCalled,Undefined,Undefined,Undefined,0,0,,92.34125,-1.961356,-2.161449,1872.856092,225.635855,1:30,5.99274,0.5827,6.1525,-18.38174,14.08816,13.3452,2.64678,-0.30316,84.4325,-5.44045,0.244901,0.410121,,,,,,,,,,,,-7.48603,8.14355,-0.42497,50,5.834,4.49327,-134.06827,-5.15536,-13.62121,29.0639,-17.35646,SOU_GOL,TRO_TRJ,HillDensonField,D1,SBELT,20260320-HillDensonField-1,471d6150-24be-11f1-b0f9-cffb574f71cc,91.90572,,,7.90875,,,,,,,73f695f1-acc7-4437-a517-846b8f7664b0,2026-03-21,00:38:26.92,2026-03-20T19:38:26.9200000-05:00,2026-03-21T00:38:26.9200000Z,,v3,471449,471470,36ca09f5531f47ca8911e9f965eba1cf,"Stockman, Tucker",838152,Right,SOU_GOL,be86157f-d6b3-4b75-be00-b0c4e22ee25e,54.34557,-135.00703,14.53195,5.99146,-4.59475,-8.67823,-0.57721,4.93324,-6.8106,,,,,,,,,,,,,,,,,,,,,,,,,,,,,,,,,,,,,,,,,,,,,,,,,,,High,High,High,,,,,,,,,,,,,,,,,,,,,,,,,,,,,,,,,,,,
165,2026-03-20,19:38:44.74,4,2,"Allen, Colby",834949,Right,SOU_GOL,"Meier, Steven",1000136981,Left,TRO_TRJ,Undefined,6,Top,2,0,1,Slider,Slider,BallCalled,Undefined,Undefined,Undefined,0,0,,83.28913,-1.650542,-0.98558,2385.038883,80.135496,8:45,5.79827,0.89723,5.95042,-39.93534,0.60819,-4.37886,0.93888,-0.38184,76.10261,-8.99903,-1.774261,0.458281,,,,,,,,,,,,1.96083,1.18067,-0.81634,50,5.64451,2.24773,-120.89801,-4.79098,2.87017,25.99518,-30.44586,SOU_GOL,TRO_TRJ,HillDensonField,D1,SBELT,20260320-HillDensonField-1,51baf870-24be-11f1-b0f9-cffb574f71cc,82.24736,,,7.18652,,,,,,,73f695f1-acc7-4437-a517-846b8f7664b0,2026-03-21,00:38:44.74,2026-03-20T19:38:44.7470000-05:00,2026-03-21T00:38:44.7470000Z,,v3,471449,471470,36ca09f5531f47ca8911e9f965eba1cf,"Stockman, Tucker",838152,Right,SOU_GOL,167667dd-3513-4cb5-93ad-ca297864e34e,54.54853,-121.87209,12.99759,5.80266,-3.65011,-15.22293,-0.89855,2.14018,1.43509,,,,,,,,,,,,,,,,,,,,,,,,,,,,,,,,,,,,,,,,,,,,,,,,,,,High,High,High,,,,,,,,,,,,,,,,,,,,,,,,,,,,,,,,,,,,
166,2026-03-20,19:39:01.75,4,3,"Allen, Colby",834949,Right,SOU_GOL,"Meier, Steven",1000136981,Left,TRO_TRJ,Undefined,6,Top,2,1,1,Slider,Slider,BallCalled,Undefined,Undefined,Undefined,0,0,,83.19972,-2.339653,-1.671989,2521.768523,101.512615,9:30,5.83782,0.83721,6.00663,-38.57423,1.63433,-1.93036,0.45356,-0.87314,76.80748,-9.413352,-2.019959,0.456384,,,,,,,,,,,,0.5365,1.80933,-0.70477,50,5.63249,3.59837,-120.8169,-6.17897,0.79224,23.74587,-29.50225,SOU_GOL,TRO_TRJ,HillDensonField,D1,SBELT,20260320-HillDensonField-1,5bdad410-24be-11f1-b0f9-cffb574f71cc,82.58925,,,6.39225,,,,,,,73f695f1-acc7-4437-a517-846b8f7664b0,2026-03-21,00:39:01.75,2026-03-20T19:39:01.7500000-05:00,2026-03-21T00:39:01.7500000Z,,v3,471449,471470,36ca09f5531f47ca8911e9f965eba1cf,"Stockman, Tucker",838152,Right,SOU_GOL,f093922b-d10b-4a15-b8e9-769dd6e032c3,54.49379,-121.69692,11.87294,5.84122,-5.08561,-14.75112,-0.83759,3.56901,0.39612,,,,,,,,,,,,,,,,,,,,,,,,,,,,,,,,,,,,,,,,,,,,,,,,,,,High,High,High,,,,,,,,,,,,,,,,,,,,,,,,,,,,,,,,,,,,
167,2026-03-20,19:39:22.92,4,4,"Allen, Colby",834949,Right,SOU_GOL,"Meier, Steven",1000136981,Left,TRO_TRJ,Undefined,6,Top,2,2,1,TwoSeamFastBall,Sinker,StrikeCalled,Undefined,Undefined,Undefined,0,0,,91.08531,-2.427098,-2.626776,1883.352883,239.002445,2:00,5.91673,0.64261,6.15787,-23.51281,10.02524,14.83532,1.7114,-0.54951,83.11567,-6.831401,0.04921,0.416812,,,,,,,,,,,,-8.4615,6.22764,-0.45064,50,5.72018,5.44886,-132.13115,-6.36359,-14.88489,29.45264,-21.21878,SOU_GOL,TRO_TRJ,HillDensonField,D1,SBELT,20260320-HillDensonField-1,687a7cc0-24be-11f1-b0f9-cffb574f71cc,90.43033,,,7.96964,,,,,,,73f695f1-acc7-4437-a517-846b8f7664b0,2026-03-21,00:39:22.92,2026-03-20T19:39:22.9260000-05:00,2026-03-21T00:39:22.9260000Z,,v3,471449,471470,36ca09f5531f47ca8911e9f965eba1cf,"Stockman, Tucker",838152,Right,SOU_GOL,3f80c1a4-c8e9-408d-b17e-d5f6dedc0f92,54.34086,-133.09522,14.72632,5.91711,-5.66904,-10.60939,-0.63697,5.93609,-7.44244,,,,,,,,,,,,,,,,,,,,,,,,,,,,,,,,,,,,,,,,,,,,,,,,,,,High,High,High,,,,,,,,,,,,,,,,,,,,,,,,,,,,,,,,,,,,
168,2026-03-20,19:39:43.00,4,5,"Allen, Colby",834949,Right,SOU_GOL,"Meier, Steven",1000136981,Left,TRO_TRJ,Undefined,6,Top,2,2,2,Slider,Slider,BallCalled,Undefined,Undefined,Undefined,0,0,,83.60769,-2.86011,-1.115795,2586.530279,75.932787,8:30,5.77952,0.85776,6.04369,-39.66018,0.30902,-3.91095,-0.17615,-0.50131,76.94705,-10.126947,-1.822034,0.455024,,,,,,,,,,,,1.71599,1.29878,-0.76865,50,5.53485,2.50803,-121.34931,-7.33835,2.54208,25.19358,-30.25007,SOU_GOL,TRO_TRJ,HillDensonField,D1,SBELT,20260320-HillDensonField-1,747273c0-24be-11f1-b0f9-cffb574f71cc,82.83621,,,6.66063,,,,,,,73f695f1-acc7-4437-a517-846b8f7664b0,2026-03-21,00:39:43.00,2026-03-20T19:39:43.0020000-05:00,2026-03-21T00:39:43.0020000Z,,v3,471449,471470,36ca09f5531f47ca8911e9f965eba1cf,"Stockman, Tucker",838152,Right,SOU_GOL,76ceb85f-7d8e-4b6e-b455-79391e16e005,54.45685,-122.27111,12.59679,5.7831,-6.23155,-15.12503,-0.85871,2.41502,1.27104,,,,,,,,,,,,,,,,,,,,,,,,,,,,,,,,,,,,,,,,,,,,,,,,,,,High,High,High,,,,,,,,,,,,,,,,,,,,,,,,,,,,,,,,,,,,
169,2026-03-20,19:40:03.59,4,6,"Allen, Colby",834949,Right,SOU_GOL,"Meier, Steven",1000136981,Left,TRO_TRJ,Undefined,6,Top,2,3,2,TwoSeamFastBall,Sinker,InPlay,Undefined,LineDrive,Out,1,0,,92.08391,-2.403488,-1.688146,1849.004091,247.640287,2:15,5.87085,0.79801,6.23805,-24.94407,7.89441,16.44875,1.57286,0.61109,83.71441,-7.07348,1.286691,0.412442,95.49533,18.369486,1.064356,2162.398055,109.95653,30.4269,-3.08584,317.90566,309.92331,-5.583836,3.373604,-9.07461,5.16945,-0.68014,50,5.67937,3.25525,-133.62488,-6.42647,-16.23391,31.63688,-22.92619,SOU_GOL,TRO_TRJ,HillDensonField,D1,SBELT,20260320-HillDensonField-1,80b8fff0-24be-11f1-b0f9-cffb574f71cc,91.38844,36.79755,,8.36951,,,,1.46892,1.56929,-0.61477,73f695f1-acc7-4437-a517-846b8f7664b0,2026-03-21,00:40:03.59,2026-03-20T19:40:03.5940000-05:00,2026-03-21T00:40:03.5940000Z,LineDrive,v3,471449,471470,36ca09f5531f47ca8911e9f965eba1cf,"Stockman, Tucker",838152,Right,SOU_GOL,8eb49e63-b576-40a4-904e-da325cdd84a6,54.26039,-134.62978,15.81844,5.87193,-5.69825,-11.46309,-0.79173,3.77091,-8.11696,142.277143,1.46903,132.8947,-20.65022,4.36198,-0.76735,0.10032,-0.00647,-0.00053,0.00011,1.5692,44.14569,-14.40206,0.45449,-0.14973,0.09758,-0.03773,0.00796,-0.00067,-0.61474,2.46576,-7.01515,1.91896,-0.38542,0.04705,0.00068,-0.00134,0.00015,,,,,,,,,,,,,,,,,,,,,,,High,High,High,High,Medium,,,,,,,,,,,,,,,,,,,,,,,,,,,,,,,,,,
170,2026-03-20,19:42:06.48,1,1,"Stubbs, Benjamin",807876,Left,TRO_TRJ,"Gillespie, Davis",825097,Right,SOU_GOL,Undefined,6,Bottom,0,0,0,Curveball,Curveball,BallCalled,Undefined,Undefined,Undefined,0,0,,80.40278,2.427436,-0.845614,2517.205181,323.136412,4:45,5.85195,-0.85191,4.85017,-55.43294,-10.49792,8.91048,3.53211,-0.90993,73.75072,-7.542375,0.724438,0.482463,,,,,,,,,,,,-4.59847,-5.36158,0.92745,50,6.04411,1.33309,-116.62209,2.79786,-6.33616,21.83193,-39.56167,SOU_GOL,TRO_TRJ,HillDensonField,D1,SBELT,20260320-HillDensonField-1,c9fc7e30-24be-11f1-b0f9-cffb574f71cc,78.12504,,,6.65206,,,,,,,73f695f1-acc7-4437-a517-846b8f7664b0,2026-03-21,00:42:06.48,2026-03-20T19:42:06.4800000-05:00,2026-03-21T00:42:06.4800000Z,,v3,471449,471470,36ca09f5531f47ca8911e9f965eba1cf,"Janicki, Jimmy",1000359452,Right,TRO_TRJ,1959ac23-3446-44e6-a672-2d981927ddc5,55.65094,-117.67521,10.91596,5.86312,4.70621,-19.78084,0.85577,1.63873,-3.16808,,,,,,,,,,,,,,,,,,,,,,,,,,,,,,,,,,,,,,,,,,,,,,,,,,,High,High,High,,,,,,,,,,,,,,,,,,,,,,,,,,,,,,,,,,,,
171,2026-03-20,19:42:26.03,1,2,"Stubbs, Benjamin",807876,Left,TRO_TRJ,"Gillespie, Davis",825097,Right,SOU_GOL,Undefined,6,Bottom,0,1,0,ChangeUp,Changeup,FoulBallNotFieldable,Undefined,Undefined,Undefined,0,0,,87.57963,-1.349489,2.629204,1808.384258,102.756628,9:30,5.80658,-0.97619,5.59644,-32.38647,5.05618,-16.30198,1.84623,0.12174,79.11228,-7.332063,-0.282049,0.440407,89.78985,10.723317,-42.50711,3080.505126,78.1243,5.78861,-77.43746,138.63038,137.16843,-45.925171,1.252072,9.16867,3.36725,0.76183,50,5.66988,-5.1294,-126.87458,-4.14121,14.69426,30.02025,-26.77753,SOU_GOL,TRO_TRJ,HillDensonField,D1,SBELT,20260320-HillDensonField-1,d59fc580-24be-11f1-b0f9-cffb574f71cc,85.58539,8.62675,,8.46735,,,,2.80511,1.89261,0.15004,73f695f1-acc7-4437-a517-846b8f7664b0,2026-03-21,00:42:26.03,2026-03-20T19:42:26.0320000-05:00,2026-03-21T00:42:26.0320000Z,LineDrive,v3,471449,471470,36ca09f5531f47ca8911e9f965eba1cf,"Janicki, Jimmy",1000359452,Right,TRO_TRJ,7cf6d408-a0be-4962-b482-2e6f5935cd98,54.90173,-128.02914,15.01013,5.80934,-3.11136,-13.38876,0.96997,-5.69453,7.34713,,2.80511,95.38683,-21.08509,4.7836,-1.13627,0.27845,-0.06717,0.01301,-0.00139,1.89261,24.50339,-23.88025,3.24646,-0.80369,0.19802,-0.04697,0.00924,-0.00099,0.15004,-87.42771,7.97862,-1.83136,0.42676,-0.10379,0.0252,-0.00492,0.00053,,,,,,,,,,,,,,,,,,,,,,,High,High,High,Medium,High,,,,,,,,,,,,,,,,,,,,,,,,,,,,,,,,,,
172,2026-03-20,19:42:59.55,1,3,"Stubbs, Benjamin",807876,Left,TRO_TRJ,"Gillespie, Davis",825097,Right,SOU_GOL,Undefined,6,Bottom,0,1,1,FourSeamFastBall,Four-Seam,StrikeSwinging,Undefined,Undefined,Undefined,0,0,,92.9609,-0.793128,2.201207,2160.941903,142.594181,10:45,5.76324,-0.94352,5.34989,-15.94292,17.70174,-12.5643,3.69017,0.07505,83.22185,-3.842381,-0.02937,0.417474,,,,,,,,,,,,6.94748,9.45469,0.75432,50,5.68095,-4.55239,-134.53102,-2.36718,12.49602,34.24007,-15.16849,SOU_GOL,TRO_TRJ,HillDensonField,D1,SBELT,20260320-HillDensonField-1,e99861a0-24be-11f1-b0f9-cffb574f71cc,90.28686,,,9.73905,,,,,,,73f695f1-acc7-4437-a517-846b8f7664b0,2026-03-21,00:42:59.55,2026-03-20T19:42:59.5530000-05:00,2026-03-21T00:42:59.5530000Z,,v3,471449,471470,36ca09f5531f47ca8911e9f965eba1cf,"Janicki, Jimmy",1000359452,Right,TRO_TRJ,89b5aacb-01cc-4837-a33b-7ecfed48c33e,55.14296,-135.83368,17.12004,5.76003,-1.7901,-7.58425,0.93656,-5.0278,6.24801,,,,,,,,,,,,,,,,,,,,,,,,,,,,,,,,,,,,,,,,,,,,,,,,,,,High,High,High,,,,,,,,,,,,,,,,,,,,,,,,,,,,,,,,,,,,
173,2026-03-20,19:43:18.36,1,4,"Stubbs, Benjamin",807876,Left,TRO_TRJ,"Gillespie, Davis",825097,Right,SOU_GOL,Undefined,6,Bottom,0,1,2,FourSeamFastBall,Four-Seam,FoulBallNotFieldable,Undefined,Undefined,Undefined,0,0,,93.6037,-1.029173,2.286321,2189.444034,139.602816,10:45,5.77839,-0.91477,5.23203,-15.79796,17.48714,-13.82174,3.49361,0.08368,83.93289,-4.039998,-0.162114,0.415237,74.09362,3.665259,176.123993,864.966984,,,,66.56371,48.33751,176.461903,0.658402,7.56619,9.38091,0.71466,50,5.67239,-4.71699,-135.45099,-2.95162,13.81926,34.24647,-15.04031,SOU_GOL,TRO_TRJ,HillDensonField,D1,SBELT,20260320-HillDensonField-1,f4d015e0-24be-11f1-b0f9-cffb574f71cc,90.77323,3.87037,,9.6708,,,,-0.3195,3.22895,-0.18719,73f695f1-acc7-4437-a517-846b8f7664b0,2026-03-21,00:43:18.36,2026-03-20T19:43:18.3660000-05:00,2026-03-21T00:43:18.3660000Z,GroundBall,v3,471449,471470,36ca09f5531f47ca8911e9f965eba1cf,"Janicki, Jimmy",1000359452,Right,TRO_TRJ,80c369db-4f1f-4fac-90fc-db32bed2e518,55.26147,-136.77479,17.12324,5.77525,-2.37024,-7.52016,0.90732,-5.25118,6.90963,347.545009,-0.33825,-107.81456,11.31288,,,,,,,3.24939,6.529,-17.45669,,,,,,,-0.18469,7.27949,-1.15953,,,,,,,,,,,,,,,,,,,,,,,,,,,,,High,High,High,High,Medium,,,,,,,,,,,,,,,,,,,,,,,,,,,,,,,,,,
174,2026-03-20,19:43:43.19,1,5,"Stubbs, Benjamin",807876,Left,TRO_TRJ,"Gillespie, Davis",825097,Right,SOU_GOL,Undefined,6,Bottom,0,1,2,Curveball,Curveball,InPlay,Undefined,Popup,Out,1,0,,80.57931,0.553011,0.178232,2500.733357,326.73585,5:00,5.88923,-0.82039,5.05024,-52.75318,-7.79886,6.14504,2.01473,-0.1402,73.25897,-8.988565,1.26684,0.482567,98.47405,37.50902,-7.247463,4964.779297,109.58824,81.66426,-9.50798,346.12406,346.12406,-1.401918,5.661238,-3.00882,-3.65418,0.79822,50,5.8995,-0.62099,-116.82857,-0.82841,-4.09757,25.01753,-37.15049,SOU_GOL,TRO_TRJ,HillDensonField,D1,SBELT,20260320-HillDensonField-1,03a1b9c0-24bf-11f1-b0f9-cffb574f71cc,78.10827,112.28034,,7.32034,,,,1.99664,2.13419,0.14982,73f695f1-acc7-4437-a517-846b8f7664b0,2026-03-21,00:43:43.19,2026-03-20T19:43:43.1910000-05:00,2026-03-21T00:43:43.1910000Z,FlyBall,v3,471449,471470,36ca09f5531f47ca8911e9f965eba1cf,"Janicki, Jimmy",1000359452,Right,TRO_TRJ,75546421-9727-468b-9392-b6e55c996050,55.44926,-117.98969,12.50876,5.89794,0.89584,-18.57524,0.82263,-0.43081,-2.04879,191.861707,2.00308,113.52333,-28.01536,7.46916,-1.2909,0.10595,0.00565,-0.0018,0.0001,2.12748,88.05574,-19.47528,0.52728,0.20611,-0.09056,0.02258,-0.00302,0.00015,0.14825,-14.42069,7.50299,-2.28288,0.48113,-0.06492,0.00439,-4E-05,-1E-05,,,,,,,,,,,,,,,,,,,,,,,High,High,High,High,Medium,,,,,,,,,,,,,,,,,,,,,,,,,,,,,,,,,,
175,2026-03-20,19:44:27.90,2,1,"Stubbs, Benjamin",807876,Left,TRO_TRJ,"Russo, Matthew",1000243142,Left,SOU_GOL,Undefined,6,Bottom,1,0,0,Slider,Slider,StrikeSwinging,Undefined,Undefined,Undefined,0,0,,85.37556,-1.47378,2.184074,2661.886043,281.764516,3:30,5.71218,-1.07033,4.93269,-39.48234,0.37543,4.2578,1.02763,1.3499,78.45047,-8.58759,2.935401,0.454389,,,,,,,,,,,,-1.49484,0.95728,0.85404,50,5.53582,-4.90924,-123.74806,-4.72954,-2.31323,25.17158,-30.69266,SOU_GOL,TRO_TRJ,HillDensonField,D1,SBELT,20260320-HillDensonField-1,1e486350-24bf-11f1-b0f9-cffb574f71cc,82.95191,,,6.92508,,,,,,,73f695f1-acc7-4437-a517-846b8f7664b0,2026-03-21,00:44:27.90,2026-03-20T19:44:27.9090000-05:00,2026-03-21T00:44:27.9090000Z,,v3,471449,471470,36ca09f5531f47ca8911e9f965eba1cf,"Janicki, Jimmy",1000359452,Right,TRO_TRJ,b4b73736-9885-4222-8bf3-45a5373a9be8,55.56624,-124.87515,12.58579,5.71683,-3.35523,-15.34633,1.07154,-4.80566,-1.15661,,,,,,,,,,,,,,,,,,,,,,,,,,,,,,,,,,,,,,,,,,,,,,,,,,,High,High,High,,,,,,,,,,,,,,,,,,,,,,,,,,,,,,,,,,,,
176,2026-03-20,19:44:45.43,2,2,"Stubbs, Benjamin",807876,Left,TRO_TRJ,"Russo, Matthew",1000243142,Left,SOU_GOL,Undefined,6,Bottom,1,0,1,Slider,Slider,InPlay,Undefined,GroundBall,Out,1,0,,86.51185,-0.62853,1.374863,2571.140252,250.483365,2:15,5.76831,-1.12397,4.9337,-36.38128,2.63658,3.70752,2.14226,0.48475,78.73821,-7.234974,2.029089,0.449576,105.98738,-5.938804,8.500099,,,,,26.40679,23.90566,6.839661,0.161644,-1.42854,1.8398,0.98695,50,5.67701,-3.17678,-125.38463,-2.79761,-2.25361,27.49104,-29.27165,SOU_GOL,TRO_TRJ,HillDensonField,D1,SBELT,20260320-HillDensonField-1,28b6ad10-24bf-11f1-b0f9-cffb574f71cc,83.83995,2.37372,,7.77364,,,,1.99713,2.37372,-0.47415,73f695f1-acc7-4437-a517-846b8f7664b0,2026-03-21,00:44:45.43,2026-03-20T19:44:45.4350000-05:00,2026-03-21T00:44:45.4350000Z,GroundBall,v3,471449,471470,36ca09f5531f47ca8911e9f965eba1cf,"Janicki, Jimmy",1000359452,Right,TRO_TRJ,ed131a7a-ef1f-4c88-be26-6afcd23caa88,55.56455,-126.5988,13.74552,5.77202,-1.5048,-14.63583,1.12505,-3.07724,-1.1268,179.898852,1.99762,152.87555,-18.77979,,,,,,,2.37281,-16.00933,8.26253,,,,,,,-0.47407,22.84751,-2.84554,,,,,,,,,,,,,,,,,,,,,,,,,,,,,High,High,High,High,High,,,,,,,,,,,,,,,,,,,,,,,,,,,,,,,,,,
177,2026-03-20,19:45:20.62,3,1,"Stubbs, Benjamin",807876,Left,TRO_TRJ,"Barrett, Drey",838145,Right,SOU_GOL,Undefined,6,Bottom,2,0,0,ChangeUp,Changeup,InPlay,Undefined,LineDrive,Out,1,0,,87.05994,-1.442609,1.694063,1707.445315,126.576899,10:15,5.65119,-1.06491,5.85557,-26.53982,10.69028,-12.68198,2.09833,-0.54732,79.09128,-6.399086,-0.581851,0.439156,86.24118,11.374645,-20.824652,1660.012569,101.23624,9.69621,-43.02582,162.13057,143.37133,-24.6373,1.553872,7.03662,6.27945,0.93497,50,5.51863,-3.21499,-126.31256,-4.04504,11.25791,28.06199,-22.12754,SOU_GOL,TRO_TRJ,HillDensonField,D1,SBELT,20260320-HillDensonField-1,3daedee0-24bf-11f1-b0f9-cffb574f71cc,85.82934,10.8683,,7.96866,,,,2.21325,2.16419,0.56467,73f695f1-acc7-4437-a517-846b8f7664b0,2026-03-21,00:45:20.62,2026-03-20T19:45:20.6270000-05:00,2026-03-21T00:45:20.6270000Z,LineDrive,v3,471449,471470,36ca09f5531f47ca8911e9f965eba1cf,"Janicki, Jimmy",1000359452,Right,TRO_TRJ,3f4e246f-3a6b-4fcb-b900-09c4975fc1fd,54.64243,-127.33976,14.031,5.65187,-3.23506,-11.06377,1.0602,-3.62708,5.62896,99.24311,2.21325,115.90173,-18.85103,3.77694,-0.8012,0.15646,-0.03074,0.00491,-0.00042,2.16419,24.94618,-18.83667,1.53479,-0.27123,0.05144,-0.00812,0.00136,-0.00013,0.56467,-44.08401,-0.74809,0.92828,-0.32845,0.08946,-0.02064,0.00357,-0.00033,,,,,,,,,,,,,,,,,,,,,,,High,High,High,High,High,,,,,,,,,,,,,,,,,,,,,,,,,,,,,,,,,,
178,2026-03-20,19:47:36.34,1,1,"Allen, Colby",834949,Right,SOU_GOL,"Pyne, Josh",695635,Right,TRO_TRJ,Undefined,7,Top,0,0,0,TwoSeamFastBall,Changeup,StrikeCalled,Undefined,Undefined,Undefined,0,0,,90.09678,-1.846765,-1.366646,1753.462774,225.471021,1:30,6.05061,0.81752,6.09235,-21.41808,13.11611,12.09969,2.55648,0.56147,81.59835,-5.896362,0.81422,0.422957,,,,,,,,,,,,-6.63607,7.69512,-0.71831,50,5.89703,2.60452,-130.70297,-4.87505,-11.34483,30.56301,-19.01863,SOU_GOL,TRO_TRJ,HillDensonField,D1,SBELT,20260320-HillDensonField-1,8e98d450-24bf-11f1-b0f9-cffb574f71cc,89.1165,,,8.49843,,,,,,,73f695f1-acc7-4437-a517-846b8f7664b0,2026-03-21,00:47:36.34,2026-03-20T19:47:36.3450000-05:00,2026-03-21T00:47:36.3450000Z,,v3,471449,471470,36ca09f5531f47ca8911e9f965eba1cf,"Stockman, Tucker",838152,Right,SOU_GOL,52451b3d-251c-466f-9146-4ff93860f925,54.40367,-131.72868,15.2815,6.04992,-4.23678,-9.50931,-0.81211,2.98526,-5.67241,,,,,,,,,,,,,,,,,,,,,,,,,,,,,,,,,,,,,,,,,,,,,,,,,,,High,High,High,,,,,,,,,,,,,,,,,,,,,,,,,,,,,,,,,,,,
179,2026-03-20,19:47:48.73,1,2,"Allen, Colby",834949,Right,SOU_GOL,"Pyne, Josh",695635,Right,TRO_TRJ,Undefined,7,Top,0,0,1,TwoSeamFastBall,Sinker,InPlay,Undefined,GroundBall,Out,1,0,,90.14091,-1.984487,-0.895487,1867.835286,228.733603,1:30,6.02724,0.82987,6.22602,-22.20151,11.73099,12.1517,2.34519,1.01623,82.61373,-6.155429,1.301009,0.419256,59.63969,-5.493314,-4.991496,,,,,19.97281,18.91176,-7.641176,0.205476,-6.57756,6.96788,-0.76892,50,5.86782,1.55873,-130.98026,-5.22604,-11.42039,27.80451,-20.07599,SOU_GOL,TRO_TRJ,HillDensonField,D1,SBELT,20260320-HillDensonField-1,95f79420-24bf-11f1-b0f9-cffb574f71cc,89.90316,1.72552,,7.52718,,,,1.92132,1.72552,-1.09465,73f695f1-acc7-4437-a517-846b8f7664b0,2026-03-21,00:47:48.73,2026-03-20T19:47:48.7370000-05:00,2026-03-21T00:47:48.7370000Z,GroundBall,v3,471449,471470,36ca09f5531f47ca8911e9f965eba1cf,"Stockman, Tucker",838152,Right,SOU_GOL,0cde5c4e-d5e7-4594-8c66-2688203f241b,54.27296,-131.88421,13.90225,6.02711,-4.57335,-10.038,-0.82563,1.93002,-5.7102,180,1.91307,86.98877,,,,,,,,1.72632,-8.39767,,,,,,,,-1.09393,-7.59752,,,,,,,,,,,,,,,,,,,,,,,,,,,,,,High,High,High,Low,Low,,,,,,,,,,,,,,,,,,,,,,,,,,,,,,,,,,
180,2026-03-20,19:48:21.28,2,1,"Allen, Colby",834949,Right,SOU_GOL,"Piasecki, Aaron",1000189116,Left,TRO_TRJ,Undefined,7,Top,1,0,0,Slider,Slider,BallCalled,Undefined,Undefined,Undefined,0,0,,83.4299,-2.197363,-1.30572,2336.334074,106.549279,9:30,6.01005,0.80103,5.89889,-37.18947,3.35792,-6.64894,0.86948,-0.96543,76.20277,-9.040093,-2.501603,0.458303,,,,,,,,,,,,3.02106,2.78878,-0.69213,50,5.81194,3.01688,-121.01872,-5.86092,4.42949,26.11643,-28.08512,SOU_GOL,TRO_TRJ,HillDensonField,D1,SBELT,20260320-HillDensonField-1,a95e2970-24bf-11f1-b0f9-cffb574f71cc,82.24347,,,7.22713,,,,,,,73f695f1-acc7-4437-a517-846b8f7664b0,2026-03-21,00:48:21.28,2026-03-20T19:48:21.2840000-05:00,2026-03-21T00:48:21.2840000Z,,v3,471449,471470,36ca09f5531f47ca8911e9f965eba1cf,"Stockman, Tucker",838152,Right,SOU_GOL,a6b2cfc1-89a8-44b0-a607-f4737cdf3a5d,54.59932,-122.00724,13.05822,6.01366,-4.79788,-14.04256,-0.80315,2.84922,2.21475,,,,,,,,,,,,,,,,,,,,,,,,,,,,,,,,,,,,,,,,,,,,,,,,,,,High,High,High,,,,,,,,,,,,,,,,,,,,,,,,,,,,,,,,,,,,
181,2026-03-20,19:48:37.09,2,2,"Allen, Colby",834949,Right,SOU_GOL,"Piasecki, Aaron",1000189116,Left,TRO_TRJ,Undefined,7,Top,1,1,0,TwoSeamFastBall,Sinker,StrikeCalled,Undefined,Undefined,Undefined,0,0,,91.15966,-1.252645,-1.998553,1920.952381,228.723897,1:30,6.07699,0.73376,6.09228,-22.37946,11.23969,11.50284,3.05247,-0.15703,82.77023,-5.4685,0.07372,0.417316,,,,,,,,,,,,-6.5067,6.51461,-0.58554,50,5.96867,4.1235,-132.2879,-3.61107,-11.43707,30.35038,-20.72305,SOU_GOL,TRO_TRJ,HillDensonField,D1,SBELT,20260320-HillDensonField-1,b2cbcc10-24bf-11f1-b0f9-cffb574f71cc,90.32116,,,8.38943,,,,,,,73f695f1-acc7-4437-a517-846b8f7664b0,2026-03-21,00:48:37.09,2026-03-20T19:48:37.0960000-05:00,2026-03-21T00:48:37.0960000Z,,v3,471449,471470,36ca09f5531f47ca8911e9f965eba1cf,"Stockman, Tucker",838152,Right,SOU_GOL,1f82f976-c22a-4e53-945a-5f2f6e087f0d,54.40428,-133.29453,15.17519,6.07704,-2.92375,-10.36153,-0.72859,4.50283,-5.71853,,,,,,,,,,,,,,,,,,,,,,,,,,,,,,,,,,,,,,,,,,,,,,,,,,,High,High,High,,,,,,,,,,,,,,,,,,,,,,,,,,,,,,,,,,,,
182,2026-03-20,19:48:51.49,2,3,"Allen, Colby",834949,Right,SOU_GOL,"Piasecki, Aaron",1000189116,Left,TRO_TRJ,Undefined,7,Top,1,1,1,TwoSeamFastBall,Sinker,StrikeCalled,Undefined,Undefined,Undefined,0,0,,91.22499,-2.862211,-1.542159,1960.856373,224.650508,1:30,6.09763,0.58198,5.96053,-19.89304,13.88036,12.57103,1.78265,0.19921,82.98489,-6.60779,0.718171,0.418272,,,,,,,,,,,,-6.91634,8.3289,-0.46659,50,5.85924,3.02146,-132.27437,-7.24419,-12.15955,30.23967,-17.53113,SOU_GOL,TRO_TRJ,HillDensonField,D1,SBELT,20260320-HillDensonField-1,bb5fd790-24bf-11f1-b0f9-cffb574f71cc,90.11465,,,8.24011,,,,,,,73f695f1-acc7-4437-a517-846b8f7664b0,2026-03-21,00:48:51.49,2026-03-20T19:48:51.4970000-05:00,2026-03-21T00:48:51.4970000Z,,v3,471449,471470,36ca09f5531f47ca8911e9f965eba1cf,"Stockman, Tucker",838152,Right,SOU_GOL,e50d5caf-c32b-4088-8968-a47479477884,54.53688,-133.30752,15.11984,6.09651,-6.64523,-8.76556,-0.57692,3.4369,-6.07977,,,,,,,,,,,,,,,,,,,,,,,,,,,,,,,,,,,,,,,,,,,,,,,,,,,High,High,High,,,,,,,,,,,,,,,,,,,,,,,,,,,,,,,,,,,,
183,2026-03-20,19:49:06.50,2,4,"Allen, Colby",834949,Right,SOU_GOL,"Piasecki, Aaron",1000189116,Left,TRO_TRJ,Undefined,7,Top,1,1,2,Slider,Slider,BallCalled,Undefined,Undefined,Undefined,0,0,,83.37575,-2.153324,-1.2343,2444.67596,112.323822,9:45,5.87689,1.01422,5.82958,-38.46053,2.42807,-2.37047,0.66879,-0.33086,75.81378,-9.228168,-1.66027,0.460228,,,,,,,,,,,,0.81894,2.3274,-0.91201,50,5.67834,2.69745,-120.87852,-5.81984,1.19211,27.11112,-28.78608,SOU_GOL,TRO_TRJ,HillDensonField,D1,SBELT,20260320-HillDensonField-1,c458bf60-24bf-11f1-b0f9-cffb574f71cc,81.89957,,,7.56198,,,,,,,73f695f1-acc7-4437-a517-846b8f7664b0,2026-03-21,00:49:06.50,2026-03-20T19:49:06.5030000-05:00,2026-03-21T00:49:06.5030000Z,,v3,471449,471470,36ca09f5531f47ca8911e9f965eba1cf,"Stockman, Tucker",838152,Right,SOU_GOL,24651fa7-db17-4088-bf14-b1a143528760,54.66827,-121.92104,13.55556,5.88085,-4.71291,-14.39304,-1.01486,2.6516,0.59605,,,,,,,,,,,,,,,,,,,,,,,,,,,,,,,,,,,,,,,,,,,,,,,,,,,High,High,High,,,,,,,,,,,,,,,,,,,,,,,,,,,,,,,,,,,,
184,2026-03-20,19:49:21.98,2,5,"Allen, Colby",834949,Right,SOU_GOL,"Piasecki, Aaron",1000189116,Left,TRO_TRJ,Undefined,7,Top,1,2,2,TwoSeamFastBall,Four-Seam,InPlay,Undefined,LineDrive,Single,0,0,,90.83249,-3.234881,-1.90965,1906.41353,209.765679,1:00,6.03939,0.51338,6.34475,-17.05292,16.44135,8.76343,1.63556,-0.51495,82.85581,-6.487928,-0.323476,0.41654,102.66714,12.880772,23.747745,1829.726913,98.73924,18.28227,48.48246,249.36438,249.36438,29.504863,2.222238,-5.14335,9.85819,-0.37866,50,5.79594,4.04356,-131.76238,-7.92264,-8.99809,29.26902,-14.92754,SOU_GOL,TRO_TRJ,HillDensonField,D1,SBELT,20260320-HillDensonField-1,cd8931f0-24bf-11f1-b0f9-cffb574f71cc,90.48937,19.03345,,7.97668,,,,1.68074,1.67504,0.4602,73f695f1-acc7-4437-a517-846b8f7664b0,2026-03-21,00:49:21.98,2026-03-20T19:49:21.9820000-05:00,2026-03-21T00:49:21.9820000Z,LineDrive,v3,471449,471470,36ca09f5531f47ca8911e9f965eba1cf,"Stockman, Tucker",838152,Right,SOU_GOL,5c1fb9ea-9621-42ca-96d9-b0e63b2fafc2,54.15357,-132.68182,14.63451,6.03745,-7.45372,-7.46377,-0.51012,4.32622,-4.49905,240.604986,1.68074,134.35974,-25.95705,6.21137,-1.41485,0.29736,-0.05143,0.0057,-0.00026,1.67503,33.56764,-17.03576,0.83676,-0.05687,0.00666,-0.00731,0.00302,-0.00038,0.46019,59.11376,-1.72658,-0.30517,0.20944,-0.05845,0.00823,-4E-05,-0.0001,,,,,,,,,,,,,,,,,,,,,,,High,High,High,Medium,High,,,,,,,,,,,,,,,,,,,,,,,,,,,,,,,,,,
185,2026-03-20,19:50:00.97,3,1,"Allen, Colby",834949,Right,SOU_GOL,"Janicki, Jimmy",1000359452,Right,TRO_TRJ,Undefined,7,Top,1,0,0,TwoSeamFastBall,Changeup,BallCalled,Undefined,Undefined,Undefined,0,0,,90.21077,-3.005143,-0.797219,1757.373298,226.065085,1:30,5.98668,0.9052,6.10311,-21.28415,12.98426,12.28946,1.43107,1.19201,82.33363,-7.002202,1.41944,0.421326,,,,,,,,,,,,-6.59378,7.9354,-0.85032,50,5.74435,1.31414,-130.88596,-7.5334,-11.37176,29.12593,-18.48847,SOU_GOL,TRO_TRJ,HillDensonField,D1,SBELT,20260320-HillDensonField-1,e4cb05a0-24bf-11f1-b0f9-cffb574f71cc,89.46145,,,7.87714,,,,,,,73f695f1-acc7-4437-a517-846b8f7664b0,2026-03-21,00:50:00.97,2026-03-20T19:50:00.9720000-05:00,2026-03-21T00:50:00.9720000Z,,v3,471449,471470,36ca09f5531f47ca8911e9f965eba1cf,"Stockman, Tucker",838152,Right,SOU_GOL,5e01d8d4-ef19-4789-ba97-d5a8c422cefd,54.39495,-131.86034,14.56297,5.98602,-6.91489,-9.24423,-0.90065,1.69457,-5.68588,,,,,,,,,,,,,,,,,,,,,,,,,,,,,,,,,,,,,,,,,,,,,,,,,,,High,High,High,,,,,,,,,,,,,,,,,,,,,,,,,,,,,,,,,,,,
186,2026-03-20,19:50:17.24,3,2,"Allen, Colby",834949,Right,SOU_GOL,"Janicki, Jimmy",1000359452,Right,TRO_TRJ,Undefined,7,Top,1,1,0,Slider,Sinker,InPlay,Undefined,LineDrive,Out,1,0,,90.19871,-2.563971,-1.66989,1837.529853,226.712739,1:30,5.9628,0.78862,6.15067,-21.2845,13.01288,12.5691,1.81751,0.2927,82.0345,-6.578025,0.598194,0.421504,97.99052,15.987184,-21.321939,1220.139057,100.72493,25.44624,-44.20892,293.18272,283.35431,-27.484608,2.89811,-7.04335,7.85926,-0.66813,50,5.75677,3.30289,-130.86161,-6.51544,-12.10623,29.88223,-18.66547,SOU_GOL,TRO_TRJ,HillDensonField,D1,SBELT,20260320-HillDensonField-1,ee782240-24bf-11f1-b0f9-cffb574f71cc,89.42365,28.8607,,8.16421,,,,1.64693,1.87261,-0.29597,73f695f1-acc7-4437-a517-846b8f7664b0,2026-03-21,00:50:17.24,2026-03-20T19:50:17.2420000-05:00,2026-03-21T00:50:17.2420000Z,LineDrive,v3,471449,471470,36ca09f5531f47ca8911e9f965eba1cf,"Stockman, Tucker",838152,Right,SOU_GOL,7080dfe1-acf3-4aa9-855d-08d2aa3ce7ee,54.34768,-131.85066,14.94112,5.96219,-5.89764,-9.33274,-0.78408,3.70359,-6.05311,133.441752,1.64691,128.70645,-23.27756,5.49601,-1.16792,0.21704,-0.0353,0.00425,-0.00024,1.87263,39.58049,-14.80712,0.01489,0.21913,-0.07056,0.01439,-0.00134,3E-05,-0.29598,-50.23411,0.18672,1.02575,-0.42777,0.11403,-0.02135,0.00242,-0.00012,,,,,,,,,,,,,,,,,,,,,,,High,High,High,High,High,,,,,,,,,,,,,,,,,,,,,,,,,,,,,,,,,,
187,2026-03-20,19:51:23.20,4,1,"Allen, Colby",834949,Right,SOU_GOL,"Nelson, Drew",1000091974,Left,TRO_TRJ,Undefined,7,Top,2,0,0,Slider,Slider,BallCalled,Undefined,Undefined,Undefined,0,0,,83.24205,-1.741462,-1.066508,2355.002612,142.302707,10:45,5.96191,0.88465,5.84819,-36.001,5.11355,-2.78126,1.34282,-0.33827,75.28963,-8.405011,-1.566165,0.461497,,,,,,,,,,,,1.07039,3.61827,-0.79627,50,5.79937,2.35634,-120.66291,-4.84108,1.54718,27.76678,-26.94408,SOU_GOL,TRO_TRJ,HillDensonField,D1,SBELT,20260320-HillDensonField-1,15cf6470-24c0-11f1-b0f9-cffb574f71cc,81.67425,,,7.95242,,,,,,,73f695f1-acc7-4437-a517-846b8f7664b0,2026-03-21,00:51:23.20,2026-03-20T19:51:23.2000000-05:00,2026-03-21T00:51:23.2000000Z,,v3,471449,471470,36ca09f5531f47ca8911e9f965eba1cf,"Stockman, Tucker",838152,Right,SOU_GOL,5fae755b-e492-4714-9ac8-25c9285962d0,54.64838,-121.72789,13.88339,5.96523,-3.80765,-13.47204,-0.88551,2.297,0.77359,,,,,,,,,,,,,,,,,,,,,,,,,,,,,,,,,,,,,,,,,,,,,,,,,,,High,High,High,,,,,,,,,,,,,,,,,,,,,,,,,,,,,,,,,,,,
188,2026-03-20,19:51:57.71,4,2,"Allen, Colby",834949,Right,SOU_GOL,"Nelson, Drew",1000091974,Left,TRO_TRJ,Undefined,7,Top,2,1,0,TwoSeamFastBall,Changeup,StrikeCalled,Undefined,Undefined,Undefined,0,0,,89.31824,-2.793326,-2.389507,1775.942052,220.98115,1:15,5.93384,0.69119,6.24316,-20.26229,14.45733,11.56737,1.66463,-0.55009,81.6056,-6.622405,-0.300124,0.424091,,,,,,,,,,,,-6.68674,8.64906,-0.51879,50,5.71559,4.94057,-129.56745,-6.92143,-11.33313,27.82493,-17.51507,SOU_GOL,TRO_TRJ,HillDensonField,D1,SBELT,20260320-HillDensonField-1,2a613350-24c0-11f1-b0f9-cffb574f71cc,88.87818,,,7.71264,,,,,,,73f695f1-acc7-4437-a517-846b8f7664b0,2026-03-21,00:51:57.71,2026-03-20T19:51:57.7120000-05:00,2026-03-21T00:51:57.7120000Z,,v3,471449,471470,36ca09f5531f47ca8911e9f965eba1cf,"Stockman, Tucker",838152,Right,SOU_GOL,5196018a-37eb-4f7d-bec9-68a3351b5623,54.25476,-130.47798,13.91246,5.9327,-6.34828,-8.75753,-0.68653,5.31143,-5.66656,,,,,,,,,,,,,,,,,,,,,,,,,,,,,,,,,,,,,,,,,,,,,,,,,,,High,High,High,,,,,,,,,,,,,,,,,,,,,,,,,,,,,,,,,,,,
189,2026-03-20,19:52:17.53,4,3,"Allen, Colby",834949,Right,SOU_GOL,"Nelson, Drew",1000091974,Left,TRO_TRJ,Undefined,7,Top,2,1,1,Slider,Slider,BallCalled,Undefined,Undefined,Undefined,0,0,,81.87149,-1.001188,0.303363,2486.19943,132.197572,10:30,5.91937,0.99909,5.59917,-39.3616,3.30201,-1.9789,1.70444,1.1174,74.35613,-8.239718,-0.050591,0.470111,,,,,,,,,,,,1.09532,2.45358,-1.02378,50,5.80841,-0.54784,-118.72565,-3.41044,1.54186,25.65448,-28.72022,SOU_GOL,TRO_TRJ,HillDensonField,D1,SBELT,20260320-HillDensonField-1,36368720-24c0-11f1-b0f9-cffb574f71cc,80.17778,,,7.51537,,,,,,,73f695f1-acc7-4437-a517-846b8f7664b0,2026-03-21,00:52:17.53,2026-03-20T19:52:17.5350000-05:00,2026-03-21T00:52:17.5350000Z,,v3,471449,471470,36ca09f5531f47ca8911e9f965eba1cf,"Stockman, Tucker",838152,Right,SOU_GOL,aa9f97bc-9275-422a-bfbc-f05fb661ebfe,54.89682,-119.77909,12.82724,5.92424,-2.23111,-14.36011,-0.99998,-0.61116,0.77093,,,,,,,,,,,,,,,,,,,,,,,,,,,,,,,,,,,,,,,,,,,,,,,,,,,High,High,High,,,,,,,,,,,,,,,,,,,,,,,,,,,,,,,,,,,,
190,2026-03-20,19:52:35.92,4,4,"Allen, Colby",834949,Right,SOU_GOL,"Nelson, Drew",1000091974,Left,TRO_TRJ,Undefined,7,Top,2,2,1,Slider,Slider,StrikeSwinging,Undefined,Undefined,Undefined,0,0,,83.14978,-2.369862,-0.253526,2512.680991,69.737044,8:15,5.94775,0.81916,5.91021,-40.19805,0.84343,-1.71406,0.39704,0.44101,75.58419,-9.762447,-0.562331,0.461087,,,,,,,,,,,,0.80461,1.57575,-0.79781,50,5.73454,0.59926,-120.57327,-6.30456,1.16284,27.43407,-29.89668,SOU_GOL,TRO_TRJ,HillDensonField,D1,SBELT,20260320-HillDensonField-1,412a7ba0-24c0-11f1-b0f9-cffb574f71cc,81.74688,,,7.56559,,,,,,,73f695f1-acc7-4437-a517-846b8f7664b0,2026-03-21,00:52:35.92,2026-03-20T19:52:35.9280000-05:00,2026-03-21T00:52:35.9280000Z,,v3,471449,471470,36ca09f5531f47ca8911e9f965eba1cf,"Stockman, Tucker",838152,Right,SOU_GOL,9e02a5e1-c7f7-43e2-8eaa-a8820d64c04e,54.5883,-121.61277,13.71703,5.95196,-5.17176,-14.94834,-0.81968,0.5552,0.58142,,,,,,,,,,,,,,,,,,,,,,,,,,,,,,,,,,,,,,,,,,,,,,,,,,,High,High,High,,,,,,,,,,,,,,,,,,,,,,,,,,,,,,,,,,,,
191,2026-03-20,19:53:00.79,4,5,"Allen, Colby",834949,Right,SOU_GOL,"Nelson, Drew",1000091974,Left,TRO_TRJ,Undefined,7,Top,2,2,2,TwoSeamFastBall,Four-Seam,InPlay,Undefined,LineDrive,Single,0,0,,92.49108,-1.994405,-1.718783,2143.664577,205.775813,12:45,6.04655,0.62312,6.25988,-14.15406,18.24686,8.28461,3.02653,-0.27178,84.04419,-4.73161,-0.222101,0.409685,95.02694,7.676252,-6.99755,2199.603007,108.17692,7.22368,-19.94355,159.41329,157.31219,-12.317871,1.361082,-4.83544,10.4106,-0.49972,50,5.89164,3.68771,-134.27319,-5.05162,-8.76709,30.94165,-13.29866,SOU_GOL,TRO_TRJ,HillDensonField,D1,SBELT,20260320-HillDensonField-1,4ff19830-24c0-11f1-b0f9-cffb574f71cc,92.00345,8.46255,,8.4469,,,,1.96457,3.06571,0.25308,73f695f1-acc7-4437-a517-846b8f7664b0,2026-03-21,00:53:00.79,2026-03-20T19:53:00.7910000-05:00,2026-03-21T00:53:00.7910000Z,GroundBall,v3,471449,471470,36ca09f5531f47ca8911e9f965eba1cf,"Stockman, Tucker",838152,Right,SOU_GOL,c50da45f-4bf3-4131-a353-d0fb57aef87e,54.23831,-135.24633,15.47083,6.04394,-4.63337,-6.64933,-0.62004,3.96344,-4.38355,101.818589,1.96457,137.09586,-22.31486,4.44596,-1.26802,0.71144,-0.42707,0.15292,-0.02297,3.06572,18.61475,-16.68236,1.04276,0.47928,-1.02588,0.81737,-0.32019,0.05052,0.25306,-16.82314,-8.63119,2.87412,-2.06667,2.30931,-1.6889,0.6496,-0.10182,,,,,,,,,,,,,,,,,,,,,,,High,High,High,High,High,,,,,,,,,,,,,,,,,,,,,,,,,,,,,,,,,,
192,2026-03-20,19:53:44.89,5,1,"Allen, Colby",834949,Right,SOU_GOL,"Cavill, Blake",693293,Left,TRO_TRJ,Undefined,7,Top,2,0,0,Slider,Slider,StrikeSwinging,Undefined,Undefined,Undefined,0,0,,83.41819,-0.714289,-0.580804,2390.135119,110.252546,9:45,5.99499,0.90873,5.76177,-37.84687,3.17626,-4.53882,2.17619,-0.0101,75.36109,-7.712709,-1.394744,0.460984,,,,,,,,,,,,2.10988,2.31323,-0.8579,50,5.91324,1.41225,-120.94943,-2.78267,3.06706,27.69577,-28.81139,SOU_GOL,TRO_TRJ,HillDensonField,D1,SBELT,20260320-HillDensonField-1,6a4df250-24c0-11f1-b0f9-cffb574f71cc,81.76517,,,8.0571,,,,,,,73f695f1-acc7-4437-a517-846b8f7664b0,2026-03-21,00:53:44.89,2026-03-20T19:53:44.8950000-05:00,2026-03-21T00:53:44.8950000Z,,v3,471449,471470,36ca09f5531f47ca8911e9f965eba1cf,"Stockman, Tucker",838152,Right,SOU_GOL,391cc4d1-f538-4dc4-97d6-a43378a5028f,54.73365,-122.02855,13.84789,5.9998,-1.66007,-14.4057,-0.91059,1.29275,1.53353,,,,,,,,,,,,,,,,,,,,,,,,,,,,,,,,,,,,,,,,,,,,,,,,,,,High,High,High,,,,,,,,,,,,,,,,,,,,,,,,,,,,,,,,,,,,
193,2026-03-20,19:54:01.37,5,2,"Allen, Colby",834949,Right,SOU_GOL,"Cavill, Blake",693293,Left,TRO_TRJ,Undefined,7,Top,2,0,1,TwoSeamFastBall,Changeup,BallCalled,Undefined,Undefined,Undefined,0,0,,90.32078,-2.778398,-2.830705,1771.914859,225.415251,1:30,5.85807,0.65598,6.22822,-21.1271,12.72713,11.82792,1.52897,-0.97211,82.85372,-6.748749,-0.695798,0.418772,,,,,,,,,,,,-6.92752,7.69461,-0.45021,50,5.63963,6.00193,-131.03775,-7.01335,-12.06039,27.36368,-18.77822,SOU_GOL,TRO_TRJ,HillDensonField,D1,SBELT,20260320-HillDensonField-1,7412dcb0-24c0-11f1-b0f9-cffb574f71cc,90.007,,,7.46706,,,,,,,73f695f1-acc7-4437-a517-846b8f7664b0,2026-03-21,00:54:01.37,2026-03-20T19:54:01.3730000-05:00,2026-03-21T00:54:01.3730000Z,,v3,471449,471470,36ca09f5531f47ca8911e9f965eba1cf,"Stockman, Tucker",838152,Right,SOU_GOL,ac95c6eb-1f65-455c-a913-2ea753fbc676,54.27071,-131.92656,13.68184,5.85752,-6.40341,-9.38911,-0.65153,6.39366,-6.0302,,,,,,,,,,,,,,,,,,,,,,,,,,,,,,,,,,,,,,,,,,,,,,,,,,,High,High,High,,,,,,,,,,,,,,,,,,,,,,,,,,,,,,,,,,,,
194,2026-03-20,19:54:19.73,5,3,"Allen, Colby",834949,Right,SOU_GOL,"Cavill, Blake",693293,Left,TRO_TRJ,Undefined,7,Top,2,1,1,TwoSeamFastBall,Sinker,InPlay,Undefined,GroundBall,Single,0,1,,90.97567,-3.14687,-2.145267,1842.11677,222.265356,1:30,5.9881,0.6953,6.17516,-20.30359,13.1869,11.00564,1.38495,-0.3697,83.33886,-6.963216,-0.159157,0.416517,69.67874,-26.684509,9.932749,,,,,4.82543,4.82543,10.318684,0.031432,-6.33126,8.04437,-0.53867,50,5.73945,4.4965,-131.98183,-7.88708,-11.15668,28.3448,-17.99862,SOU_GOL,TRO_TRJ,HillDensonField,D1,SBELT,20260320-HillDensonField-1,7f052380-24c0-11f1-b0f9-cffb574f71cc,90.49446,1.44556,,7.63681,,,,1.91439,1.44556,0.36824,73f695f1-acc7-4437-a517-846b8f7664b0,2026-03-21,00:54:19.73,2026-03-20T19:54:19.7320000-05:00,2026-03-21T00:54:19.7320000Z,GroundBall,v3,471449,471470,36ca09f5531f47ca8911e9f965eba1cf,"Stockman, Tucker",838152,Right,SOU_GOL,c2e7bc86-ac6e-4010-b58f-0417e5512dcf,54.3239,-132.90719,14.1724,5.98734,-7.29948,-8.99931,-0.69141,4.86073,-5.57834,,1.91344,90.13177,,,,,,,,1.44605,-45.99038,,,,,,,,0.36807,15.7836,,,,,,,,,,,,,,,,,,,,,,,,,,,,,,High,High,High,Estimated,Estimated,,,,,,,,,,,,,,,,,,,,,,,,,,,,,,,,,,
195,2026-03-20,19:57:10.32,6,1,"Allen, Colby",834949,Right,SOU_GOL,"Diaz, Zaid",1000136342,Left,TRO_TRJ,Undefined,7,Top,2,0,0,TwoSeamFastBall,Changeup,StrikeCalled,Undefined,Undefined,Undefined,0,0,,89.99043,-1.22395,-1.438104,1716.268038,229.646103,1:45,6.00012,0.84462,5.95711,-20.64757,13.92221,15.03402,3.14395,0.76357,81.89509,-5.120267,1.264066,0.423175,,,,,,,,,,,,-8.08859,7.84008,-0.73853,50,5.89137,2.63109,-130.63765,-3.43765,-13.90427,28.87822,-18.69696,SOU_GOL,TRO_TRJ,HillDensonField,D1,SBELT,20260320-HillDensonField-1,e4b3b7a0-24c0-11f1-b0f9-cffb574f71cc,89.07063,,,8.09534,,,,,,,73f695f1-acc7-4437-a517-846b8f7664b0,2026-03-21,00:57:10.32,2026-03-20T19:57:10.3270000-05:00,2026-03-21T00:57:10.3270000Z,,v3,471449,471470,36ca09f5531f47ca8911e9f965eba1cf,"Stockman, Tucker",838152,Right,SOU_GOL,0cbef353-3e3d-4dea-b98b-cff285b6e951,54.5397,-131.63735,14.43911,5.99918,-2.79041,-9.34848,-0.83794,3.11242,-6.95214,,,,,,,,,,,,,,,,,,,,,,,,,,,,,,,,,,,,,,,,,,,,,,,,,,,High,High,High,,,,,,,,,,,,,,,,,,,,,,,,,,,,,,,,,,,,
196,2026-03-20,19:57:28.46,6,2,"Allen, Colby",834949,Right,SOU_GOL,"Diaz, Zaid",1000136342,Left,TRO_TRJ,Undefined,7,Top,2,0,1,Slider,Slider,StrikeCalled,Undefined,Undefined,Undefined,0,0,,81.89974,0.160879,-0.483389,2352.308852,191.770919,12:30,5.90664,0.9379,5.76522,-38.69002,3.3598,0.41087,2.8322,0.52225,74.71684,-6.980482,-0.40974,0.466717,,,,,,,,,,,,-0.35102,2.11654,-0.89815,50,5.8968,0.98661,-118.89817,-0.95164,-0.49936,24.11238,-29.16294,SOU_GOL,TRO_TRJ,HillDensonField,D1,SBELT,20260320-HillDensonField-1,ef8eccf0-24c0-11f1-b0f9-cffb574f71cc,80.76084,,,7.18289,,,,,,,73f695f1-acc7-4437-a517-846b8f7664b0,2026-03-21,00:57:28.46,2026-03-20T19:57:28.4680000-05:00,2026-03-21T00:57:28.4680000Z,,v3,471449,471470,36ca09f5531f47ca8911e9f965eba1cf,"Stockman, Tucker",838152,Right,SOU_GOL,583a0184-8230-41b8-b599-bc8449ba74ff,54.73122,-119.85382,12.05619,5.91161,0.20417,-14.58147,-0.93764,1.0064,-0.24968,,,,,,,,,,,,,,,,,,,,,,,,,,,,,,,,,,,,,,,,,,,,,,,,,,,High,High,High,,,,,,,,,,,,,,,,,,,,,,,,,,,,,,,,,,,,
197,2026-03-20,19:57:49.77,6,3,"Allen, Colby",834949,Right,SOU_GOL,"Diaz, Zaid",1000136342,Left,TRO_TRJ,Undefined,7,Top,2,0,2,Slider,Slider,BallCalled,Undefined,Undefined,Undefined,0,0,,82.47252,-2.311461,-0.405644,2283.967185,66.918224,8:15,5.88916,0.85981,5.81339,-42.2792,-0.24319,-4.22807,0.21538,0.13028,74.74853,-10.070938,-1.166096,0.46664,,,,,,,,,,,,2.04146,1.04933,-0.82398,50,5.6746,1.01023,-119.52705,-6.22438,2.88767,27.81479,-30.68976,SOU_GOL,TRO_TRJ,HillDensonField,D1,SBELT,20260320-HillDensonField-1,fc3d42b0-24c0-11f1-b0f9-cffb574f71cc,80.77409,,,7.72399,,,,,,,73f695f1-acc7-4437-a517-846b8f7664b0,2026-03-21,00:57:49.77,2026-03-20T19:57:49.7780000-05:00,2026-03-21T00:57:49.7780000Z,,v3,471449,471470,36ca09f5531f47ca8911e9f965eba1cf,"Stockman, Tucker",838152,Right,SOU_GOL,7de58471-f5a7-4919-9c1b-4e1f034c3368,54.68461,-120.61227,13.9074,5.89409,-5.027,-15.34488,-0.86119,0.89757,1.44384,,,,,,,,,,,,,,,,,,,,,,,,,,,,,,,,,,,,,,,,,,,,,,,,,,,High,High,High,,,,,,,,,,,,,,,,,,,,,,,,,,,,,,,,,,,,
198,2026-03-20,19:58:09.99,6,4,"Allen, Colby",834949,Right,SOU_GOL,"Diaz, Zaid",1000136342,Left,TRO_TRJ,Undefined,7,Top,2,1,2,Slider,Slider,BallCalled,Undefined,Undefined,Undefined,0,0,,84.74521,-3.033773,-1.736872,2514.480962,81.861332,8:45,5.97201,0.72937,5.88264,-38.30797,1.3426,-0.6374,-0.04151,-0.93716,77.02937,-10.063442,-1.851561,0.453206,,,,,,,,,,,,-0.24795,2.02575,-0.58879,50,5.7046,3.74721,-122.75916,-7.7824,-0.37121,28.60336,-29.14146,SOU_GOL,TRO_TRJ,HillDensonField,D1,SBELT,20260320-HillDensonField-1,08460290-24c1-11f1-b0f9-cffb574f71cc,83.16836,,,7.71584,,,,,,,73f695f1-acc7-4437-a517-846b8f7664b0,2026-03-21,00:58:09.99,2026-03-20T19:58:09.9990000-05:00,2026-03-21T00:58:09.9990000Z,,v3,471449,471470,36ca09f5531f47ca8911e9f965eba1cf,"Stockman, Tucker",838152,Right,SOU_GOL,bc3d1bee-d3b8-4938-bcb3-fb5109bcace3,54.61629,-123.83011,14.30168,5.97555,-6.69131,-14.57073,-0.72935,3.76112,-0.18561,,,,,,,,,,,,,,,,,,,,,,,,,,,,,,,,,,,,,,,,,,,,,,,,,,,High,High,High,,,,,,,,,,,,,,,,,,,,,,,,,,,,,,,,,,,,
199,2026-03-20,19:58:30.22,6,5,"Allen, Colby",834949,Right,SOU_GOL,"Diaz, Zaid",1000136342,Left,TRO_TRJ,Undefined,7,Top,2,2,2,Slider,Slider,StrikeSwinging,Strikeout,Undefined,Undefined,0,0,,83.0854,-1.871507,-0.959106,2501.754704,80.638404,8:45,5.9513,0.79132,5.81152,-40.79553,0.41961,-6.35611,0.81054,-0.63029,75.54092,-9.363374,-2.101205,0.462062,,,,,,,,,,,,2.95406,1.21264,-0.70883,50,5.77364,2.26649,-120.48545,-5.29992,4.26798,27.15139,-30.42203,SOU_GOL,TRO_TRJ,HillDensonField,D1,SBELT,20260320-HillDensonField-1,1457c320-24c1-11f1-b0f9-cffb574f71cc,81.57449,,,7.54448,,,,,,,73f695f1-acc7-4437-a517-846b8f7664b0,2026-03-21,00:58:30.22,2026-03-20T19:58:30.2230000-05:00,2026-03-21T00:58:30.2230000Z,,v3,471449,471470,36ca09f5531f47ca8911e9f965eba1cf,"Stockman, Tucker",838152,Right,SOU_GOL,0f6cb37b-66ad-4d5f-90be-a7244e600171,54.68659,-121.53699,13.5757,5.95609,-4.12172,-15.21102,-0.79341,2.10119,2.13399,,,,,,,,,,,,,,,,,,,,,,,,,,,,,,,,,,,,,,,,,,,,,,,,,,,High,High,High,,,,,,,,,,,,,,,,,,,,,,,,,,,,,,,,,,,,
200,2026-03-20,20:00:41.20,1,1,"Stubbs, Benjamin",807876,Left,TRO_TRJ,"Higdon, Ben",803364,Right,SOU_GOL,Undefined,7,Bottom,0,0,0,Slider,Slider,InPlay,Undefined,GroundBall,Out,1,0,,84.01256,-0.50043,2.121334,2704.974235,213.503898,1:00,5.66971,-1.19446,5.07765,-38.77943,2.23272,0.59177,1.96601,0.85552,76.81531,-7.54428,2.225979,0.460922,65.74666,-28.310457,24.058848,,,,,6.13841,5.96455,7.204742,0.045661,0.3239,1.59043,0.99288,50,5.59152,-4.53729,-121.81,-2.50979,0.48415,25.06679,-29.79666,SOU_GOL,TRO_TRJ,HillDensonField,D1,SBELT,20260320-HillDensonField-1,6264fe70-24c1-11f1-b0f9-cffb574f71cc,81.77611,2.09531,,7.19725,,,,2.53814,2.09531,-0.81589,73f695f1-acc7-4437-a517-846b8f7664b0,2026-03-21,01:00:41.20,2026-03-20T20:00:41.2050000-05:00,2026-03-21T01:00:41.2050000Z,GroundBall,v3,471449,471470,36ca09f5531f47ca8911e9f965eba1cf,"Janicki, Jimmy",1000359452,Right,TRO_TRJ,3079ea18-3028-45c8-8680-1559f3614de4,55.4216,-122.92063,12.5334,5.67347,-1.1896,-14.89833,1.19438,-4.55874,0.24208,180,2.53618,77.78682,,,,,,,,2.09647,-45.88868,,,,,,,,-0.81676,34.7287,,,,,,,,,,,,,,,,,,,,,,,,,,,,,,High,High,High,Low,Low,,,,,,,,,,,,,,,,,,,,,,,,,,,,,,,,,,
201,2026-03-20,20:01:21.10,2,1,"Stubbs, Benjamin",807876,Left,TRO_TRJ,"Stockman, Tucker",838152,Right,SOU_GOL,Undefined,7,Bottom,1,0,0,ChangeUp,Changeup,FoulBallNotFieldable,Undefined,Undefined,Undefined,0,0,,86.57792,-0.998793,2.807691,1753.246855,136.440378,10:30,5.6465,-1.10331,5.41266,-24.50497,14.02036,-12.00359,2.66749,0.52885,78.09254,-5.580773,0.674853,0.446729,75.01717,52.896747,-46.073331,,73.00941,106.62845,-82.27771,188.89426,93.7411,-49.619323,5.278,6.9589,7.76874,0.86232,50,5.54097,-5.62676,-125.36418,-3.00947,10.91648,28.7201,-19.98721,SOU_GOL,TRO_TRJ,HillDensonField,D1,SBELT,20260320-HillDensonField-1,7a3137d0-24c1-11f1-b0f9-cffb574f71cc,84.37421,106.63721,,8.48538,,,,2.31249,2.8705,-0.53801,73f695f1-acc7-4437-a517-846b8f7664b0,2026-03-21,01:01:21.10,2026-03-20T20:01:21.1090000-05:00,2026-03-21T01:01:21.1090000Z,FlyBall,v3,471449,471470,36ca09f5531f47ca8911e9f965eba1cf,"Janicki, Jimmy",1000359452,Right,TRO_TRJ,a13250cd-e2db-440b-946e-0c64907dd49e,55.08411,-126.52355,14.36005,5.64617,-2.20262,-9.99361,1.09836,-6.06744,5.45824,172.021511,2.31508,45.9883,-13.25663,3.6064,-0.56911,0.02081,0.00995,-0.00166,8E-05,2.87049,87.74213,-21.22003,1.15403,0.18889,-0.17958,0.05406,-0.00765,0.00041,-0.54051,-47.75032,10.91751,-2.72573,0.37115,0.00322,-0.00986,0.0013,-5E-05,,,,,,,,,,,,,,,,,,,,,,,High,High,High,High,Low,,,,,,,,,,,,,,,,,,,,,,,,,,,,,,,,,,
202,2026-03-20,20:02:02.12,2,2,"Stubbs, Benjamin",807876,Left,TRO_TRJ,"Stockman, Tucker",838152,Right,SOU_GOL,Undefined,7,Bottom,1,0,1,TwoSeamFastBall,Sinker,StrikeSwinging,Undefined,Undefined,Undefined,0,0,,92.65047,-1.161108,2.793415,2159.791051,121.661617,10:00,5.66982,-1.12961,5.35342,-21.00997,12.70784,-18.62017,2.82858,-0.05935,83.46284,-5.09428,-0.512512,0.417928,,,,,,,,,,,,10.11193,7.08418,0.89152,50,5.55072,-5.63663,-134.12234,-3.4755,18.17157,32.65077,-19.44345,SOU_GOL,TRO_TRJ,HillDensonField,D1,SBELT,20260320-HillDensonField-1,92a4adb0-24c1-11f1-b0f9-cffb574f71cc,90.18889,,,9.18763,,,,,,,73f695f1-acc7-4437-a517-846b8f7664b0,2026-03-21,01:02:02.12,2026-03-20T20:02:02.1240000-05:00,2026-03-21T01:02:02.1240000Z,,v3,471449,471470,36ca09f5531f47ca8911e9f965eba1cf,"Janicki, Jimmy",1000359452,Right,TRO_TRJ,1122d208-402a-489b-9208-87a568e4f6f5,55.14157,-135.36822,16.32538,5.66918,-2.73359,-9.72173,1.11983,-6.33002,9.08578,,,,,,,,,,,,,,,,,,,,,,,,,,,,,,,,,,,,,,,,,,,,,,,,,,,High,High,High,,,,,,,,,,,,,,,,,,,,,,,,,,,,,,,,,,,,
203,2026-03-20,20:02:18.48,2,3,"Stubbs, Benjamin",807876,Left,TRO_TRJ,"Stockman, Tucker",838152,Right,SOU_GOL,Undefined,7,Bottom,1,0,2,TwoSeamFastBall,Sinker,InPlay,Undefined,LineDrive,Single,0,0,,93.02621,-0.643535,2.710371,2215.079359,120.269631,10:00,5.75725,-1.08167,5.13214,-22.52856,11.06969,-16.94336,3.27313,0.06073,84.05621,-4.823688,-0.285551,0.417186,99.27521,10.737052,-4.940681,714.215841,109.84124,10.54831,-5.90095,170.71908,170.71908,-2.342311,1.466688,9.27662,6.04418,0.84111,50,5.67985,-5.55695,-134.72656,-2.3766,16.87156,32.13783,-21.18138,SOU_GOL,TRO_TRJ,HillDensonField,D1,SBELT,20260320-HillDensonField-1,9c635680-24c1-11f1-b0f9-cffb574f71cc,90.34926,11.48906,,8.97001,,,,0.84464,3.26888,-0.06363,73f695f1-acc7-4437-a517-846b8f7664b0,2026-03-21,01:02:18.48,2026-03-20T20:02:18.4880000-05:00,2026-03-21T01:02:18.4880000Z,LineDrive,v3,471449,471470,36ca09f5531f47ca8911e9f965eba1cf,"Janicki, Jimmy",1000359452,Right,TRO_TRJ,faf4c3f7-8c63-4fbf-b801-8ff17170a783,55.3653,-136.00038,16.06891,5.75741,-1.53705,-10.59069,1.07461,-6.22568,8.43578,301.797961,0.84464,142.52273,-21.38825,2.60081,-0.32611,-0.01466,0.01474,-0.00318,0.00036,3.26888,27.1262,-24.6361,4.19091,-0.97076,0.23302,-0.04725,0.00802,-0.00078,-0.06363,-12.32044,9.0761,-3.81728,1.10928,-0.28436,0.06127,-0.01097,0.00109,,,,,,,,,,,,,,,,,,,,,,,High,High,High,High,High,,,,,,,,,,,,,,,,,,,,,,,,,,,,,,,,,,
204,2026-03-20,20:02:56.85,3,1,"Stubbs, Benjamin",807876,Left,TRO_TRJ,"Smith, Seth",835337,Left,SOU_GOL,Undefined,7,Bottom,1,0,0,FourSeamFastBall,Four-Seam,FoulBallNotFieldable,Undefined,Undefined,Undefined,0,0,,93.51244,-0.631399,2.583728,2158.496327,139.618035,10:45,5.76305,-1.15931,5.22764,-15.90442,17.31458,-13.70883,3.84349,0.12881,84.16156,-3.654162,0.156484,0.414825,82.68964,69.478289,-135.952669,4961.439474,,,,,24.52556,,,7.65796,9.18166,0.93186,50,5.69362,-5.44495,-135.40205,-2.02665,14.02858,33.2224,-15.35418,SOU_GOL,TRO_TRJ,HillDensonField,D1,SBELT,20260320-HillDensonField-1,b3446c90-24c1-11f1-b0f9-cffb574f71cc,90.86353,59.38115,,9.35088,,,,1.17704,3.84054,-0.13628,73f695f1-acc7-4437-a517-846b8f7664b0,2026-03-21,01:02:56.85,2026-03-20T20:02:56.8510000-05:00,2026-03-21T01:02:56.8510000Z,,v3,471449,471470,36ca09f5531f47ca8911e9f965eba1cf,"Janicki, Jimmy",1000359452,Right,TRO_TRJ,ac9d030f-2790-4b30-aee0-1e1bee1debe7,55.26859,-136.68864,16.6112,5.76059,-1.43203,-7.67709,1.15324,-5.98824,7.01429,15.914324,1.17704,-30.55859,-8.2715,4.49277,-1.45603,0.41726,-0.11241,0.02752,-0.00427,3.84054,113.58159,-35.93151,5.51391,-1.10835,0.19317,-0.03097,0.00243,0.00058,-0.13628,-29.55897,6.36256,-0.90785,0.099,0.00331,-0.00635,0.00371,-0.00107,,,,,,,,,,,,,,,,,,,,,,,High,High,High,High,Undefined,,,,,,,,,,,,,,,,,,,,,,,,,,,,,,,,,,
205,2026-03-20,20:03:18.44,3,2,"Stubbs, Benjamin",807876,Left,TRO_TRJ,"Smith, Seth",835337,Left,SOU_GOL,Undefined,7,Bottom,1,0,1,Slider,Slider,FoulBallNotFieldable,Undefined,Undefined,Undefined,0,0,,85.52038,-0.79585,1.986433,2646.860272,259.180091,2:45,5.77009,-1.21486,5.07306,-38.11955,2.18248,3.3826,1.84266,0.94051,76.87857,-7.755262,2.584683,0.456914,89.86292,24.355486,-53.087831,4801.497888,60.80104,40.63588,-91.669,255.39145,194.6144,-61.810706,3.405803,-0.99051,1.80559,1.02363,50,5.66487,-4.44409,-123.71062,-3.17299,-1.49992,29.93568,-29.4398,SOU_GOL,TRO_TRJ,HillDensonField,D1,SBELT,20260320-HillDensonField-1,c021ba80-24c1-11f1-b0f9-cffb574f71cc,82.49345,44.71302,,8.64181,,,,0.24291,1.56725,-0.63186,73f695f1-acc7-4437-a517-846b8f7664b0,2026-03-21,01:03:18.44,2026-03-20T20:03:18.4480000-05:00,2026-03-21T01:03:18.4480000Z,LineDrive,v3,471449,471470,36ca09f5531f47ca8911e9f965eba1cf,"Janicki, Jimmy",1000359452,Right,TRO_TRJ,a15e990f-3164-48a5-aa66-6796e48dac94,55.42175,-125.0157,14.96784,5.77522,-1.88953,-14.7199,1.21594,-4.3787,-0.74996,,0.24298,72.1104,-21.19898,5.52509,-1.35509,0.34656,-0.07478,0.01002,-0.00059,1.56723,54.35381,-18.35708,0.73215,0.17219,-0.15369,0.04856,-0.00748,0.00047,-0.63192,-96.00061,17.54919,-4.52249,1.06375,-0.2704,0.05965,-0.00819,0.00049,,,,,,,,,,,,,,,,,,,,,,,High,High,High,High,Medium,,,,,,,,,,,,,,,,,,,,,,,,,,,,,,,,,,
206,2026-03-20,20:03:42.66,3,3,"Stubbs, Benjamin",807876,Left,TRO_TRJ,"Smith, Seth",835337,Left,SOU_GOL,Undefined,7,Bottom,1,0,2,Slider,Slider,BallCalled,Undefined,Undefined,Undefined,0,0,,85.30617,-2.428317,1.757218,2819.959964,259.770959,2:45,5.74156,-1.1727,5.11322,-37.44927,2.56658,6.60154,0.33072,1.03336,77.8547,-9.210012,2.926892,0.455289,,,,,,,,,,,,-2.76618,2.39539,1.00179,50,5.48362,-4.07679,-123.52687,-6.64915,-4.22571,27.2051,-28.51478,SOU_GOL,TRO_TRJ,HillDensonField,D1,SBELT,20260320-HillDensonField-1,ce8d97b0-24c1-11f1-b0f9-cffb574f71cc,82.7879,,,7.45148,,,,,,,73f695f1-acc7-4437-a517-846b8f7664b0,2026-03-21,01:03:42.66,2026-03-20T20:03:42.6630000-05:00,2026-03-21T01:03:42.6630000Z,,v3,471449,471470,36ca09f5531f47ca8911e9f965eba1cf,"Janicki, Jimmy",1000359452,Right,TRO_TRJ,04c8f721-e4f3-4264-ac9a-6c7481045c95,55.38504,-124.70722,13.60255,5.74527,-5.41199,-14.25739,1.17469,-3.89345,-2.11286,,,,,,,,,,,,,,,,,,,,,,,,,,,,,,,,,,,,,,,,,,,,,,,,,,,High,High,High,,,,,,,,,,,,,,,,,,,,,,,,,,,,,,,,,,,,
207,2026-03-20,20:05:03.58,3,4,"Stubbs, Benjamin",807876,Left,TRO_TRJ,"Smith, Seth",835337,Left,SOU_GOL,Undefined,7,Bottom,1,1,2,Slider,Slider,StrikeSwinging,Strikeout,Undefined,Undefined,0,0,,86.41353,-2.360831,2.071355,2716.041083,237.885211,2:00,5.77199,-1.18486,5.11096,-36.3927,2.84571,2.26244,0.51241,0.95595,78.33,-8.972678,2.472098,0.450845,,,,,,,,,,,,-0.45213,2.57721,0.98787,50,5.52123,-4.62245,-125.01714,-6.54268,-0.70331,29.21664,-28.16491,SOU_GOL,TRO_TRJ,HillDensonField,D1,SBELT,20260320-HillDensonField-1,fed02d20-24c1-11f1-b0f9-cffb574f71cc,83.60406,,,8.08353,,,,,,,73f695f1-acc7-4437-a517-846b8f7664b0,2026-03-21,01:05:03.58,2026-03-20T20:05:03.5860000-05:00,2026-03-21T01:05:03.5860000Z,,v3,471449,471470,36ca09f5531f47ca8911e9f965eba1cf,"Janicki, Jimmy",1000359452,Right,TRO_TRJ,7895a418-ba6c-4f35-b1a0-b9fc47bb76c2,55.38588,-126.26956,14.60832,5.77581,-5.33535,-14.08245,1.18537,-4.5923,-0.35165,,,,,,,,,,,,,,,,,,,,,,,,,,,,,,,,,,,,,,,,,,,,,,,,,,,High,High,High,,,,,,,,,,,,,,,,,,,,,,,,,,,,,,,,,,,,
208,2026-03-20,20:05:36.58,4,1,"Stubbs, Benjamin",807876,Left,TRO_TRJ,"Tonsmeire Jr., William",1000477968,Right,SOU_GOL,Undefined,7,Bottom,2,0,0,Curveball,Curveball,BallCalled,Undefined,Undefined,Undefined,0,0,,80.61536,2.285602,0.355546,2622.648929,323.547638,4:45,5.86597,-0.90587,4.94834,-54.17393,-9.14079,7.89099,3.51242,0.08768,73.1619,-7.508718,1.748341,0.482989,,,,,,,,,,,,-3.75508,-4.67933,0.86463,50,6.04319,-1.07063,-116.79323,2.5857,-5.1288,24.29011,-38.56521,SOU_GOL,TRO_TRJ,HillDensonField,D1,SBELT,20260320-HillDensonField-1,1282e6a0-24c2-11f1-b0f9-cffb574f71cc,78.0399,,,7.45345,,,,,,,73f695f1-acc7-4437-a517-846b8f7664b0,2026-03-21,01:05:36.58,2026-03-20T20:05:36.5870000-05:00,2026-03-21T01:05:36.5870000Z,,v3,471449,471470,36ca09f5531f47ca8911e9f965eba1cf,"Janicki, Jimmy",1000359452,Right,TRO_TRJ,605c3be3-6d23-47d0-9461-5b0e956ade25,55.55018,-117.94188,12.14506,5.87779,4.40941,-19.28261,0.90953,-0.8281,-2.5644,,,,,,,,,,,,,,,,,,,,,,,,,,,,,,,,,,,,,,,,,,,,,,,,,,,High,High,High,,,,,,,,,,,,,,,,,,,,,,,,,,,,,,,,,,,,
209,2026-03-20,20:05:57.74,4,2,"Stubbs, Benjamin",807876,Left,TRO_TRJ,"Tonsmeire Jr., William",1000477968,Right,SOU_GOL,Undefined,7,Bottom,2,1,0,FourSeamFastBall,Four-Seam,StrikeSwinging,Undefined,Undefined,Undefined,0,0,,91.84468,-2.154601,1.417788,2186.207233,145.553114,10:45,5.6989,-1.15395,5.42331,-14.24576,20.05907,-12.87914,2.49207,-0.89897,82.5219,-4.898067,-0.873334,0.42155,,,,,,,,,,,,6.94453,11.16064,1.03746,50,5.49838,-2.69141,-132.9856,-5.42469,12.22048,33.13635,-12.53441,SOU_GOL,TRO_TRJ,HillDensonField,D1,SBELT,20260320-HillDensonField-1,1f134d10-24c2-11f1-b0f9-cffb574f71cc,89.41397,,,9.32278,,,,,,,73f695f1-acc7-4437-a517-846b8f7664b0,2026-03-21,01:05:57.74,2026-03-20T20:05:57.7470000-05:00,2026-03-21T01:05:57.7470000Z,,v3,471449,471470,36ca09f5531f47ca8911e9f965eba1cf,"Janicki, Jimmy",1000359452,Right,TRO_TRJ,51c133c7-06b7-4e22-9a84-27b27bbc6e03,55.07253,-134.24359,16.56818,5.69529,-4.94884,-6.2672,1.14844,-3.15534,6.11024,,,,,,,,,,,,,,,,,,,,,,,,,,,,,,,,,,,,,,,,,,,,,,,,,,,High,High,High,,,,,,,,,,,,,,,,,,,,,,,,,,,,,,,,,,,,
210,2026-03-20,20:06:16.89,4,3,"Stubbs, Benjamin",807876,Left,TRO_TRJ,"Tonsmeire Jr., William",1000477968,Right,SOU_GOL,Undefined,7,Bottom,2,1,1,ChangeUp,Changeup,StrikeSwinging,Undefined,Undefined,Undefined,0,0,,86.52328,-1.175006,1.752209,1670.49837,99.096615,9:15,5.59172,-1.24963,6.12698,-33.3021,4.28996,-18.22847,1.72974,-1.14847,78.15874,-7.383653,-1.538578,0.441285,,,,,,,,,,,,10.06686,2.97323,1.12523,50,5.48465,-3.12186,-125.53976,-3.65161,15.76001,29.92242,-27.51935,SOU_GOL,TRO_TRJ,HillDensonField,D1,SBELT,20260320-HillDensonField-1,2a7fccf0-24c2-11f1-b0f9-cffb574f71cc,85.41509,,,8.36454,,,,,,,73f695f1-acc7-4437-a517-846b8f7664b0,2026-03-21,01:06:16.89,2026-03-20T20:06:16.8910000-05:00,2026-03-21T01:06:16.8910000Z,,v3,471449,471470,36ca09f5531f47ca8911e9f965eba1cf,"Janicki, Jimmy",1000359452,Right,TRO_TRJ,b22fd107-168b-4e68-9005-d4e2935bd2fd,54.37164,-126.57745,14.96121,5.59474,-2.69725,-13.75968,1.24297,-3.66841,7.88001,,,,,,,,,,,,,,,,,,,,,,,,,,,,,,,,,,,,,,,,,,,,,,,,,,,High,High,High,,,,,,,,,,,,,,,,,,,,,,,,,,,,,,,,,,,,
211,2026-03-20,20:06:36.84,4,4,"Stubbs, Benjamin",807876,Left,TRO_TRJ,"Tonsmeire Jr., William",1000477968,Right,SOU_GOL,Undefined,7,Bottom,2,1,2,ChangeUp,Changeup,BallCalled,Undefined,Undefined,Undefined,0,0,,88.59916,-3.103363,2.014438,1734.352688,101.529817,9:30,5.65741,-1.20332,5.90425,-30.95187,5.43607,-19.88993,0.19277,-0.99012,79.91681,-8.836435,-1.563634,0.43416,,,,,,,,,,,,10.94548,4.22595,1.05311,50,5.39021,-3.68315,-128.27423,-8.01188,17.82878,32.07107,-25.29052,SOU_GOL,TRO_TRJ,HillDensonField,D1,SBELT,20260320-HillDensonField-1,365e4880-24c2-11f1-b0f9-cffb574f71cc,86.81687,,,8.68235,,,,,,,73f695f1-acc7-4437-a517-846b8f7664b0,2026-03-21,01:06:36.84,2026-03-20T20:06:36.8490000-05:00,2026-03-21T01:06:36.8490000Z,,v3,471449,471470,36ca09f5531f47ca8911e9f965eba1cf,"Janicki, Jimmy",1000359452,Right,TRO_TRJ,b23a037f-71d2-4198-bb76-95f25ed8c80d,54.59383,-129.41768,16.03554,5.65979,-7.11018,-12.64526,1.19575,-4.31881,8.91439,,,,,,,,,,,,,,,,,,,,,,,,,,,,,,,,,,,,,,,,,,,,,,,,,,,High,High,High,,,,,,,,,,,,,,,,,,,,,,,,,,,,,,,,,,,,
212,2026-03-20,20:06:59.88,4,5,"Stubbs, Benjamin",807876,Left,TRO_TRJ,"Tonsmeire Jr., William",1000477968,Right,SOU_GOL,Undefined,7,Bottom,2,2,2,FourSeamFastBall,Sinker,FoulBallNotFieldable,Undefined,Undefined,Undefined,0,0,,94.46537,-1.920546,1.917515,2266.847219,135.569684,10:30,5.83513,-1.06946,5.22123,-14.80599,18.00584,-16.40977,2.79396,-0.63346,84.49988,-4.753553,-0.990219,0.412275,78.33539,52.881972,139.248396,3352.756868,,,,,56.88889,,,8.79693,9.97339,0.90527,50,5.64749,-3.75809,-136.65153,-5.06378,16.2862,35.98518,-13.7098,SOU_GOL,TRO_TRJ,HillDensonField,D1,SBELT,20260320-HillDensonField-1,441a0f90-24c2-11f1-b0f9-cffb574f71cc,91.42554,59.67175,,9.9655,,,,0.53777,2.53592,0.55936,73f695f1-acc7-4437-a517-846b8f7664b0,2026-03-21,01:06:59.88,2026-03-20T20:06:59.8820000-05:00,2026-03-21T01:06:59.8820000Z,,v3,471449,471470,36ca09f5531f47ca8911e9f965eba1cf,"Janicki, Jimmy",1000359452,Right,TRO_TRJ,3eca701b-b08f-497f-886e-4218cf58c70c,55.27346,-138.03324,17.99259,5.83182,-4.53738,-6.8549,1.06157,-4.38342,8.1431,340.090696,0.53776,-52.5207,0.57158,0.86699,-3.58442,9.26055,-12.08913,7.96615,-2.11798,2.53592,91.61589,-33.08267,5.35719,-4.62696,9.19914,-11.52377,7.46848,-1.96489,0.55936,45.25773,-6.16882,0.67135,1.9686,-5.75365,7.59697,-5.02142,1.33712,,,,,,,,,,,,,,,,,,,,,,,High,High,High,High,Undefined,,,,,,,,,,,,,,,,,,,,,,,,,,,,,,,,,,
213,2026-03-20,20:07:25.65,4,6,"Stubbs, Benjamin",807876,Left,TRO_TRJ,"Tonsmeire Jr., William",1000477968,Right,SOU_GOL,Undefined,7,Bottom,2,2,2,Curveball,Curveball,InPlay,Undefined,GroundBall,Out,1,0,,81.44008,0.833329,-0.338894,2710.930375,321.764035,4:45,5.8129,-0.80378,5.09052,-53.9357,-10.27331,9.22485,2.10371,-0.35444,74.47833,-8.904932,1.296646,0.475582,99.09229,9.184643,-13.595845,1229.921827,,,,128.30509,125.76749,-13.298738,1.025301,-4.72441,-5.03359,0.82809,50,5.84863,0.31385,-118.18616,-0.29947,-6.62659,24.27572,-39.23427,SOU_GOL,TRO_TRJ,HillDensonField,D1,SBELT,20260320-HillDensonField-1,537d6c20-24c2-11f1-b0f9-cffb574f71cc,79.25543,7.0707,,6.96175,,,,0.98256,1.95088,0.38081,73f695f1-acc7-4437-a517-846b8f7664b0,2026-03-21,01:07:25.65,2026-03-20T20:07:25.6520000-05:00,2026-03-21T01:07:25.6520000Z,LineDrive,v3,471449,471470,36ca09f5531f47ca8911e9f965eba1cf,"Janicki, Jimmy",1000359452,Right,TRO_TRJ,8d26f1e7-2c58-43d2-9b09-177e6766b79a,55.41083,-119.29238,12.13786,5.82154,1.4884,-19.61714,0.80691,0.61581,-3.31329,1.855562,0.98256,139.45143,-21.70075,4.27655,-0.99662,0.22785,-0.0539,0.01079,-0.00123,1.95088,23.1979,-28.02292,4.33218,-1.08068,0.27417,-0.0664,0.01393,-0.00168,0.38081,-33.72615,4.45944,0.09311,-0.14037,0.06014,-0.01798,0.00427,-0.00056,,,,,,,,,,,,,,,,,,,,,,,High,High,High,High,High,,,,,,,,,,,,,,,,,,,,,,,,,,,,,,,,,,
214,2026-03-20,20:09:43.91,1,1,"Allen, Colby",834949,Right,SOU_GOL,"Book, Nolan",1000349960,Right,TRO_TRJ,Undefined,8,Top,0,0,0,Slider,Slider,StrikeSwinging,Undefined,Undefined,Undefined,0,0,,81.79262,-0.999268,-0.527461,2243.890144,178.880138,12:00,6.00727,1.10129,5.84169,-39.78797,2.80343,-0.02398,1.76281,0.60908,73.91047,-8.358347,-0.531776,0.469713,,,,,,,,,,,,-0.16547,2.2289,-1.05834,50,5.90286,1.09278,-118.59738,-3.36551,-0.23095,26.94547,-29.06347,SOU_GOL,TRO_TRJ,HillDensonField,D1,SBELT,20260320-HillDensonField-1,a5ebb7a0-24c2-11f1-b0f9-cffb574f71cc,80.24571,,,7.88216,,,,,,,73f695f1-acc7-4437-a517-846b8f7664b0,2026-03-21,01:09:43.91,2026-03-20T20:09:43.9160000-05:00,2026-03-21T01:09:43.9160000Z,,v3,471449,471470,36ca09f5531f47ca8911e9f965eba1cf,"Stockman, Tucker",838152,Right,SOU_GOL,773e6ed9-6832-4488-a874-2d1c010299f8,54.65424,-119.65015,13.47273,6.01218,-2.22998,-14.53173,-1.10121,1.1018,-0.11548,,,,,,,,,,,,,,,,,,,,,,,,,,,,,,,,,,,,,,,,,,,,,,,,,,,High,High,High,,,,,,,,,,,,,,,,,,,,,,,,,,,,,,,,,,,,
215,2026-03-20,20:09:56.97,1,2,"Allen, Colby",834949,Right,SOU_GOL,"Book, Nolan",1000349960,Right,TRO_TRJ,Undefined,8,Top,0,0,1,Slider,Slider,BallCalled,Undefined,Undefined,Undefined,0,0,,81.00265,-1.085058,-1.948794,2343.618368,117.289942,10:00,6.01303,0.88221,5.84328,-40.68175,2.82354,-2.3415,1.61381,-1.12467,73.20555,-8.601182,-2.369113,0.474726,,,,,,,,,,,,0.53339,2.29209,-0.72218,50,5.90118,4.08556,-117.37398,-3.53831,0.7286,26.53225,-29.04314,SOU_GOL,TRO_TRJ,HillDensonField,D1,SBELT,20260320-HillDensonField-1,adb82d60-24c2-11f1-b0f9-cffb574f71cc,79.39838,,,7.79709,,,,,,,73f695f1-acc7-4437-a517-846b8f7664b0,2026-03-21,01:09:56.97,2026-03-20T20:09:56.9740000-05:00,2026-03-21T01:09:56.9740000Z,,v3,471449,471470,36ca09f5531f47ca8911e9f965eba1cf,"Stockman, Tucker",838152,Right,SOU_GOL,f57acdb7-a6f7-4dab-b15d-be8fb55e591f,54.65231,-118.42096,13.26612,6.01819,-2.39225,-14.52157,-0.88283,4.05681,0.3643,,,,,,,,,,,,,,,,,,,,,,,,,,,,,,,,,,,,,,,,,,,,,,,,,,,High,High,High,,,,,,,,,,,,,,,,,,,,,,,,,,,,,,,,,,,,
216,2026-03-20,20:10:11.87,1,3,"Allen, Colby",834949,Right,SOU_GOL,"Book, Nolan",1000349960,Right,TRO_TRJ,Undefined,8,Top,0,1,1,Slider,Changeup,StrikeSwinging,Undefined,Undefined,Undefined,0,0,,82.54673,-1.583002,-1.257376,1579.361124,322.586045,4:45,6.01701,0.69523,5.89921,-43.5353,-1.73299,2.51055,0.91877,-0.26302,74.71987,-9.594995,-0.805343,0.465341,,,,,,,,,,,,-1.72437,0.0589,-0.59558,50,5.86483,2.52919,-119.67522,-4.74669,-2.44558,27.84746,-32.09054,SOU_GOL,TRO_TRJ,HillDensonField,D1,SBELT,20260320-HillDensonField-1,b68f5c60-24c2-11f1-b0f9-cffb574f71cc,80.99956,,,7.82686,,,,,,,73f695f1-acc7-4437-a517-846b8f7664b0,2026-03-21,01:10:11.87,2026-03-20T20:10:11.8770000-05:00,2026-03-21T01:10:11.8770000Z,,v3,471449,471470,36ca09f5531f47ca8911e9f965eba1cf,"Stockman, Tucker",838152,Right,SOU_GOL,ef22a833-9bd9-4fb1-af1b-7a4d34893538,54.59839,-120.74049,13.92373,6.02293,-3.51911,-16.04527,-0.69412,2.62274,-1.22279,,,,,,,,,,,,,,,,,,,,,,,,,,,,,,,,,,,,,,,,,,,,,,,,,,,High,High,High,,,,,,,,,,,,,,,,,,,,,,,,,,,,,,,,,,,,
217,2026-03-20,20:10:28.55,1,4,"Allen, Colby",834949,Right,SOU_GOL,"Book, Nolan",1000349960,Right,TRO_TRJ,Undefined,8,Top,0,1,2,Slider,Slider,BallCalled,Undefined,Undefined,Undefined,0,0,,81.73877,-1.513449,-2.305753,2401.172104,64.651179,8:15,6.05404,0.70529,5.71264,-43.50235,-0.36244,-4.23118,1.01745,-1.79652,73.75916,-9.49988,-3.063583,0.472728,,,,,,,,,,,,1.33228,0.86177,-0.50968,50,5.90092,4.9358,-118.32218,-4.60044,1.84209,27.76984,-30.98252,SOU_GOL,TRO_TRJ,HillDensonField,D1,SBELT,20260320-HillDensonField-1,c086ef80-24c2-11f1-b0f9-cffb574f71cc,79.73395,,,7.97961,,,,,,,73f695f1-acc7-4437-a517-846b8f7664b0,2026-03-21,01:10:28.55,2026-03-20T20:10:28.5500000-05:00,2026-03-21T01:10:28.5500000Z,,v3,471449,471470,36ca09f5531f47ca8911e9f965eba1cf,"Stockman, Tucker",838152,Right,SOU_GOL,7e8ec72e-5cdf-442a-a37b-89a51398333c,54.78237,-119.43931,13.88492,6.06092,-3.35407,-15.49126,-0.70675,4.8617,0.92105,,,,,,,,,,,,,,,,,,,,,,,,,,,,,,,,,,,,,,,,,,,,,,,,,,,High,High,High,,,,,,,,,,,,,,,,,,,,,,,,,,,,,,,,,,,,
218,2026-03-20,20:10:42.81,1,5,"Allen, Colby",834949,Right,SOU_GOL,"Book, Nolan",1000349960,Right,TRO_TRJ,Undefined,8,Top,0,2,2,TwoSeamFastBall,Sinker,FoulBallNotFieldable,Undefined,Undefined,Undefined,0,0,,89.90977,-2.653019,-0.532662,1859.735367,224.294946,1:30,5.99335,0.76735,6.25245,-19.83544,14.62139,13.09221,1.89198,1.36714,81.59189,-6.417459,1.834829,0.422483,,,,,,,,,,,,-7.00583,8.78351,-0.7342,50,5.78652,0.68851,-130.47183,-6.62324,-11.93264,30.49884,-17.21364,SOU_GOL,TRO_TRJ,HillDensonField,D1,SBELT,20260320-HillDensonField-1,c8f9de70-24c2-11f1-b0f9-cffb574f71cc,89.2165,,,8.31788,,,,,,,73f695f1-acc7-4437-a517-846b8f7664b0,2026-03-21,01:10:42.81,2026-03-20T20:10:42.8100000-05:00,2026-03-21T01:10:42.8100000Z,,v3,471449,471470,36ca09f5531f47ca8911e9f965eba1cf,"Stockman, Tucker",838152,Right,SOU_GOL,71a1600a-039e-4015-a066-b408820dd15d,54.2457,-131.46055,15.24942,5.99219,-6.0652,-8.60682,-0.76279,1.07535,-5.96632,,,,,,,,,,,,,,,,,,,,,,,,,,,,,,,,,,,,,,,,,,,,,,,,,,,High,High,High,,,,,,,,,,,,,,,,,,,,,,,,,,,,,,,,,,,,
219,2026-03-20,20:11:08.62,1,6,"Allen, Colby",834949,Right,SOU_GOL,"Book, Nolan",1000349960,Right,TRO_TRJ,Undefined,8,Top,0,2,2,Slider,Slider,BallCalled,Undefined,Undefined,Undefined,0,0,,82.09329,-2.459754,-1.688393,2421.579156,78.509969,8:30,5.91033,0.93757,5.93203,-41.58053,0.8111,-3.91248,0.1608,-0.95536,74.23823,-10.112207,-2.392999,0.46861,,,,,,,,,,,,1.43559,1.66555,-0.80045,50,5.69027,3.65328,-118.90951,-6.44499,2.00343,28.17926,-29.84975,SOU_GOL,TRO_TRJ,HillDensonField,D1,SBELT,20260320-HillDensonField-1,d8629230-24c2-11f1-b0f9-cffb574f71cc,80.43458,,,7.85507,,,,,,,73f695f1-acc7-4437-a517-846b8f7664b0,2026-03-21,01:11:08.62,2026-03-20T20:11:08.6230000-05:00,2026-03-21T01:11:08.6230000Z,,v3,471449,471470,36ca09f5531f47ca8911e9f965eba1cf,"Stockman, Tucker",838152,Right,SOU_GOL,b0a54c6a-7be5-4b39-af0d-3327ff0f1754,54.56581,-119.98664,14.08963,5.91482,-5.304,-14.92488,-0.93863,3.5767,1.00172,,,,,,,,,,,,,,,,,,,,,,,,,,,,,,,,,,,,,,,,,,,,,,,,,,,High,High,High,,,,,,,,,,,,,,,,,,,,,,,,,,,,,,,,,,,,
220,2026-03-20,20:11:24.02,1,7,"Allen, Colby",834949,Right,SOU_GOL,"Book, Nolan",1000349960,Right,TRO_TRJ,Undefined,8,Top,0,3,2,Slider,Slider,StrikeCalled,Strikeout,Undefined,Undefined,0,0,,82.80574,0.008608,0.042177,2460.550941,75.946264,8:30,6.03483,0.95878,5.7182,-41.40719,0.37476,-4.71229,2.59225,0.60538,74.6129,-7.636964,-0.802281,0.465228,,,,,,,,,,,,2.38862,0.69886,-0.95946,50,6.01057,0.10759,-120.03716,-1.40308,3.41295,27.72149,-31.17548,SOU_GOL,TRO_TRJ,HillDensonField,D1,SBELT,20260320-HillDensonField-1,e1961200-24c2-11f1-b0f9-cffb574f71cc,81.01929,,,8.19284,,,,,,,73f695f1-acc7-4437-a517-846b8f7664b0,2026-03-21,01:11:24.02,2026-03-20T20:11:24.0240000-05:00,2026-03-21T01:11:24.0240000Z,,v3,471449,471470,36ca09f5531f47ca8911e9f965eba1cf,"Stockman, Tucker",838152,Right,SOU_GOL,2f82ee32-900f-4952-b0fe-acae41ae8678,54.77647,-121.13522,13.86075,6.04169,-0.16821,-15.58774,-0.96104,-0.0276,1.70647,,,,,,,,,,,,,,,,,,,,,,,,,,,,,62.24929,,,1.062207,,,,3.91288,5.80512,0.89365,67.11182,6.06595,-57.66482,3.96834,64.15598,-4.42446,5.85842,14.96259,-13.89093,0.80593,-61.44861,6.01131,High,High,High,,,High,High,High,,,,,,,,,,,,,,,,,,,,,,,,,,,,,,,
221,2026-03-20,20:11:52.20,2,1,"Allen, Colby",834949,Right,SOU_GOL,"Darnell, Sean",822506,Left,TRO_TRJ,Undefined,8,Top,1,0,0,TwoSeamFastBall,Sinker,BallCalled,Undefined,Undefined,Undefined,0,0,,90.52756,-2.086612,-3.414534,1930.469558,223.6908,1:30,6.06298,0.60705,6.3245,-18.16308,15.93536,14.03379,2.62351,-1.37171,81.61931,-5.574229,-0.879978,0.42028,,,,,,,,,,,,-8.32382,9.29705,-0.36351,50,5.90158,7.23374,-131.1249,-5.28208,-14.28322,31.45596,-16.22078,SOU_GOL,TRO_TRJ,HillDensonField,D1,SBELT,20260320-HillDensonField-1,f25ccf20-24c2-11f1-b0f9-cffb574f71cc,89.68413,,,8.90825,,,,,,,73f695f1-acc7-4437-a517-846b8f7664b0,2026-03-21,01:11:52.20,2026-03-20T20:11:52.2060000-05:00,2026-03-21T01:11:52.2060000Z,,v3,471449,471470,36ca09f5531f47ca8911e9f965eba1cf,"Stockman, Tucker",838152,Right,SOU_GOL,53c27196-c773-4273-9bf7-9db7caead7a5,54.1707,-132.12163,15.72798,6.06081,-4.76809,-8.11039,-0.59989,7.68633,-7.14161,,,,,,,,,,,,,,,,,,,,,,,,,,,,,,,,,,,,,,,,,,,,,,,,,,,High,High,High,,,,,,,,,,,,,,,,,,,,,,,,,,,,,,,,,,,,
222,2026-03-20,20:12:05.66,2,2,"Allen, Colby",834949,Right,SOU_GOL,"Darnell, Sean",822506,Left,TRO_TRJ,Undefined,8,Top,1,1,0,TwoSeamFastBall,Sinker,BallCalled,Undefined,Undefined,Undefined,0,0,,89.70436,-3.933272,-2.035883,1951.536305,219.063534,1:15,6.00916,0.60635,6.27657,-17.80379,16.78044,12.64981,0.89198,-0.21689,81.66873,-7.320272,0.251253,0.423263,,,,,,,,,,,,-7.21197,10.26843,-0.46203,50,5.70947,4.11559,-129.97494,-9.43633,-12.24079,29.22741,-14.74553,SOU_GOL,TRO_TRJ,HillDensonField,D1,SBELT,20260320-HillDensonField-1,fa620820-24c2-11f1-b0f9-cffb574f71cc,89.05202,,,8.03563,,,,,,,73f695f1-acc7-4437-a517-846b8f7664b0,2026-03-21,01:12:05.66,2026-03-20T20:12:05.6680000-05:00,2026-03-21T01:12:05.6680000Z,,v3,471449,471470,36ca09f5531f47ca8911e9f965eba1cf,"Stockman, Tucker",838152,Right,SOU_GOL,1eb4f975-d8fe-45a7-8548-dc4a0e843bde,54.22165,-130.92081,14.61371,6.00713,-8.95912,-7.37277,-0.60164,4.51173,-6.12039,,,,,,,,,,,,,,,,,,,,,,,,,,,,,,,,,,,,,,,,,,,,,,,,,,,High,High,High,,,,,,,,,,,,,,,,,,,,,,,,,,,,,,,,,,,,
223,2026-03-20,20:12:19.18,2,3,"Allen, Colby",834949,Right,SOU_GOL,"Darnell, Sean",822506,Left,TRO_TRJ,Undefined,8,Top,1,2,0,TwoSeamFastBall,Sinker,BallCalled,Undefined,Undefined,Undefined,0,0,,90.81038,-3.875808,-2.338041,2015.036325,227.303782,1:30,5.98881,0.86348,6.16295,-18.04147,15.85221,15.91418,0.89665,0.02872,82.66705,-7.295678,0.532815,0.419016,,,,,,,,,,,,-8.97414,9.72217,-0.69429,50,5.68511,4.7191,-131.55169,-9.44657,-15.60708,29.8822,-15.26611,SOU_GOL,TRO_TRJ,HillDensonField,D1,SBELT,20260320-HillDensonField-1,026bfc10-24c3-11f1-b0f9-cffb574f71cc,89.95464,,,8.14333,,,,,,,73f695f1-acc7-4437-a517-846b8f7664b0,2026-03-21,01:12:19.18,2026-03-20T20:12:19.1820000-05:00,2026-03-21T01:12:19.1820000Z,,v3,471449,471470,36ca09f5531f47ca8911e9f965eba1cf,"Stockman, Tucker",838152,Right,SOU_GOL,0f6630e4-94dc-47d3-a8ba-978c15131bce,54.33576,-132.5329,14.9411,5.98706,-8.94529,-7.63305,-0.85766,5.23157,-7.80354,,,,,,,,,,,,,,,,,,,,,,,,,,,,,,,,,,,,,,,,,,,,,,,,,,,High,High,High,,,,,,,,,,,,,,,,,,,,,,,,,,,,,,,,,,,,
224,2026-03-20,20:12:37.93,2,4,"Allen, Colby",834949,Right,SOU_GOL,"Darnell, Sean",822506,Left,TRO_TRJ,Undefined,8,Top,1,3,0,TwoSeamFastBall,Sinker,StrikeCalled,Undefined,Undefined,Undefined,0,0,,90.10829,-1.904978,-2.420324,1840.210652,230.324322,1:45,6.00377,0.79802,6.18567,-22.8656,11.82249,12.68548,2.33713,-0.38098,81.04103,-6.236315,-0.13131,0.423898,,,,,,,,,,,,-7.32,7.1278,-0.62135,50,5.84852,4.9788,-130.55934,-5.04897,-12.39426,32.36669,-20.1052,SOU_GOL,TRO_TRJ,HillDensonField,D1,SBELT,20260320-HillDensonField-1,0d9c8460-24c3-11f1-b0f9-cffb574f71cc,88.91863,,,9.06726,,,,,,,73f695f1-acc7-4437-a517-846b8f7664b0,2026-03-21,01:12:37.93,2026-03-20T20:12:37.9390000-05:00,2026-03-21T01:12:37.9390000Z,,v3,471449,471470,36ca09f5531f47ca8911e9f965eba1cf,"Stockman, Tucker",838152,Right,SOU_GOL,9bead7cf-c054-4265-a185-e1f21283cf53,54.30906,-131.62326,16.18334,6.00363,-4.3881,-10.0526,-0.7917,5.38621,-6.19713,,,,,,,,,,,,,,,,,,,,,,,,,,,,,,,,,,,,,,,,,,,,,,,,,,,High,High,High,,,,,,,,,,,,,,,,,,,,,,,,,,,,,,,,,,,,
225,2026-03-20,20:12:51.08,2,5,"Allen, Colby",834949,Right,SOU_GOL,"Darnell, Sean",822506,Left,TRO_TRJ,Undefined,8,Top,1,3,1,TwoSeamFastBall,Sinker,InPlay,Undefined,GroundBall,Out,1,0,,90.04942,-2.59347,-2.433074,1904.369023,221.798684,1:30,5.94816,0.81426,6.25726,-20.55383,13.72572,11.22481,1.84012,-0.49522,81.91075,-6.484279,-0.405187,0.421394,83.52337,-10.623687,20.801401,,,,,10.76392,7.70173,20.835942,0.078523,-6.56567,8.25497,-0.63905,50,5.74544,5.09382,-130.59669,-6.52945,-11.25133,29.49502,-18.02786,SOU_GOL,TRO_TRJ,HillDensonField,D1,SBELT,20260320-HillDensonField-1,1572be20-24c3-11f1-b0f9-cffb574f71cc,89.44694,1.77624,,8.13867,,,,1.20765,1.77624,0.46572,73f695f1-acc7-4437-a517-846b8f7664b0,2026-03-21,01:12:51.08,2026-03-20T20:12:51.0890000-05:00,2026-03-21T01:12:51.0890000Z,GroundBall,v3,471449,471470,36ca09f5531f47ca8911e9f965eba1cf,"Stockman, Tucker",838152,Right,SOU_GOL,f8a5d853-c584-428b-a2dd-a0273e629f37,54.24039,-131.55089,14.74751,5.94724,-5.94623,-9.01393,-0.80973,5.45781,-5.62567,180,1.20535,112.73499,,,,,,,,1.7767,-22.6205,,,,,,,,0.46485,42.82716,,,,,,,,,,,,,,,,,,,,,,,,,,,,,,High,High,High,Low,Low,,,,,,,,,,,,,,,,,,,,,,,,,,,,,,,,,,
226,2026-03-20,20:13:21.97,3,1,"Allen, Colby",834949,Right,SOU_GOL,"Meier, Steven",1000136981,Left,TRO_TRJ,Undefined,8,Top,2,0,0,TwoSeamFastBall,Changeup,BallCalled,Undefined,Undefined,Undefined,0,0,,90.87062,-3.770702,-2.976822,1785.951561,235.897443,1:45,5.99595,0.74539,6.28426,-21.53741,12.19981,16.29619,0.71626,-0.64258,82.73927,-7.82374,-0.030967,0.418048,,,,,,,,,,,,-9.42166,7.83146,-0.53366,50,5.70689,6.18967,-131.61374,-9.34072,-16.38575,30.14786,-18.55389,SOU_GOL,TRO_TRJ,HillDensonField,D1,SBELT,20260320-HillDensonField-1,27d92180-24c3-11f1-b0f9-cffb574f71cc,90.16296,,,8.13135,,,,,,,73f695f1-acc7-4437-a517-846b8f7664b0,2026-03-21,01:13:21.97,2026-03-20T20:13:21.9780000-05:00,2026-03-21T01:13:21.9780000Z,,v3,471449,471470,36ca09f5531f47ca8911e9f965eba1cf,"Stockman, Tucker",838152,Right,SOU_GOL,4b412463-e2f0-46b3-9293-02645727b156,54.21476,-132.57567,15.07393,5.99548,-8.74872,-9.27694,-0.7395,6.71249,-8.19287,,,,,,,,,,,,,,,,,,,,,,,,,,,,,,,,,,,,,,,,,,,,,,,,,,,High,High,High,,,,,,,,,,,,,,,,,,,,,,,,,,,,,,,,,,,,
227,2026-03-20,20:13:35.81,3,2,"Allen, Colby",834949,Right,SOU_GOL,"Meier, Steven",1000136981,Left,TRO_TRJ,Undefined,8,Top,2,1,0,TwoSeamFastBall,Sinker,StrikeCalled,Undefined,Undefined,Undefined,0,0,,89.71019,-2.495735,-2.160865,1900.33426,228.257783,1:30,5.90933,0.97921,6.21321,-21.67548,13.08536,13.27398,1.79672,0.09024,81.21232,-6.597769,0.236407,0.424342,,,,,,,,,,,,-7.54146,7.93154,-0.82354,50,5.7113,4.35858,-130.05669,-6.32317,-12.74866,30.59387,-18.76598,SOU_GOL,TRO_TRJ,HillDensonField,D1,SBELT,20260320-HillDensonField-1,301b8a90-24c3-11f1-b0f9-cffb574f71cc,88.82552,,,8.49786,,,,,,,73f695f1-acc7-4437-a517-846b8f7664b0,2026-03-21,01:13:35.81,2026-03-20T20:13:35.8120000-05:00,2026-03-21T01:13:35.8120000Z,,v3,471449,471470,36ca09f5531f47ca8911e9f965eba1cf,"Stockman, Tucker",838152,Right,SOU_GOL,daa02155-8e86-4103-a522-5fb71ee919ce,54.28329,-131.06039,15.29694,5.90865,-5.70751,-9.38299,-0.9734,4.77683,-6.37433,,,,,,,,,,,,,,,,,,,,,,,,,,,,,,,,,,,,,,,,,,,,,,,,,,,High,High,High,,,,,,,,,,,,,,,,,,,,,,,,,,,,,,,,,,,,
228,2026-03-20,20:13:50.17,3,3,"Allen, Colby",834949,Right,SOU_GOL,"Meier, Steven",1000136981,Left,TRO_TRJ,Undefined,8,Top,2,1,1,TwoSeamFastBall,Four-Seam,BallCalled,Undefined,Undefined,Undefined,0,0,,89.70499,-3.069388,-2.947725,1870.572683,214.685403,1:15,5.88295,0.9211,6.24977,-19.95537,14.97946,9.46599,1.38287,-1.01094,80.87284,-6.869597,-1.239096,0.425403,,,,,,,,,,,,-5.83906,9.1426,-0.7062,50,5.64461,6.29001,-129.83639,-7.54084,-9.79957,31.45048,-16.83024,SOU_GOL,TRO_TRJ,HillDensonField,D1,SBELT,20260320-HillDensonField-1,38abc580-24c3-11f1-b0f9-cffb574f71cc,88.60405,,,8.83215,,,,,,,73f695f1-acc7-4437-a517-846b8f7664b0,2026-03-21,01:13:50.17,2026-03-20T20:13:50.1710000-05:00,2026-03-21T01:13:50.1710000Z,,v3,471449,471470,36ca09f5531f47ca8911e9f965eba1cf,"Stockman, Tucker",838152,Right,SOU_GOL,94aa04f3-a982-4432-985e-2d5968056d43,54.24492,-130.8606,15.72524,5.88126,-6.99275,-8.41512,-0.91623,6.60914,-4.89978,,,,,,,,,,,,,,,,,,,,,,,,,,,,,,,,,,,,,,,,,,,,,,,,,,,High,High,High,,,,,,,,,,,,,,,,,,,,,,,,,,,,,,,,,,,,
229,2026-03-20,20:14:10.12,3,4,"Allen, Colby",834949,Right,SOU_GOL,"Meier, Steven",1000136981,Left,TRO_TRJ,Undefined,8,Top,2,2,1,TwoSeamFastBall,Changeup,StrikeCalled,Undefined,Undefined,Undefined,0,0,,90.22357,-2.351696,-2.293291,1799.39879,238.674461,2:00,5.99378,0.97691,6.0695,-23.58218,10.85347,15.87666,1.84943,0.17668,81.96876,-6.775428,0.566775,0.422353,,,,,,,,,,,,-8.86052,6.66654,-0.80744,50,5.79895,4.56857,-130.82872,-6.13498,-15.21273,30.0208,-20.72815,SOU_GOL,TRO_TRJ,HillDensonField,D1,SBELT,20260320-HillDensonField-1,448e5fc0-24c3-11f1-b0f9-cffb574f71cc,89.2439,,,8.25481,,,,,,,73f695f1-acc7-4437-a517-846b8f7664b0,2026-03-21,01:14:10.12,2026-03-20T20:14:10.1280000-05:00,2026-03-21T01:14:10.1280000Z,,v3,471449,471470,36ca09f5531f47ca8911e9f965eba1cf,"Stockman, Tucker",838152,Right,SOU_GOL,99eb85f1-adc9-434a-97ba-4df2e5a75542,54.42783,-131.84084,15.0104,5.99401,-5.43615,-10.36408,-0.97011,5.08145,-7.60637,,,,,,,,,,,,,,,,,,,,,,,,,,,,,,,,,,,,,,,,,,,,,,,,,,,High,High,High,,,,,,,,,,,,,,,,,,,,,,,,,,,,,,,,,,,,
230,2026-03-20,20:14:26.24,3,5,"Allen, Colby",834949,Right,SOU_GOL,"Meier, Steven",1000136981,Left,TRO_TRJ,Undefined,8,Top,2,2,2,Slider,Slider,BallCalled,Undefined,Undefined,Undefined,0,0,,84.37899,-2.3098,-1.894273,2425.663144,107.933945,9:30,5.97433,0.90522,5.82356,-39.18041,1.90571,-0.29449,0.55962,-0.88101,74.71852,-9.571752,-1.947172,0.461338,,,,,,,,,,,,-0.62925,2.37788,-0.75017,50,5.7626,4.04437,-121.92232,-6.22868,-0.90478,33.9396,-28.75491,SOU_GOL,TRO_TRJ,HillDensonField,D1,SBELT,20260320-HillDensonField-1,4e2b9de0-24c3-11f1-b0f9-cffb574f71cc,81.70247,,,9.66047,,,,,,,73f695f1-acc7-4437-a517-846b8f7664b0,2026-03-21,01:14:26.24,2026-03-20T20:14:26.2440000-05:00,2026-03-21T01:14:26.2440000Z,,v3,471449,471470,36ca09f5531f47ca8911e9f965eba1cf,"Stockman, Tucker",838152,Right,SOU_GOL,0b75d747-0e47-40d4-aca1-f7885c9e9e68,54.67051,-123.21559,16.9698,5.97907,-5.13297,-14.37745,-0.90494,4.07884,-0.45239,,,,,,,,,,,,,,,,,,,,,,,,,,,,,,,,,,,,,,,,,,,,,,,,,,,High,High,High,,,,,,,,,,,,,,,,,,,,,,,,,,,,,,,,,,,,
231,2026-03-20,20:14:45.62,3,6,"Allen, Colby",834949,Right,SOU_GOL,"Meier, Steven",1000136981,Left,TRO_TRJ,Undefined,8,Top,2,3,2,Slider,Slider,StrikeSwinging,Strikeout,Undefined,Undefined,0,0,,83.30949,-1.695296,-2.005263,2380.127254,192.979895,12:30,5.95538,0.97233,5.77395,-36.9873,4.33146,0.63858,1.29416,-0.84117,75.13555,-8.531507,-1.890776,0.462642,,,,,,,,,,,,-1.01453,3.23524,-0.80704,50,5.7932,4.19847,-120.64973,-4.79995,-1.46206,28.34803,-27.51159,SOU_GOL,TRO_TRJ,HillDensonField,D1,SBELT,20260320-HillDensonField-1,59bedfa0-24c3-11f1-b0f9-cffb574f71cc,81.47218,,,8.17394,,,,,,,73f695f1-acc7-4437-a517-846b8f7664b0,2026-03-21,01:14:45.62,2026-03-20T20:14:45.6250000-05:00,2026-03-21T01:14:45.6250000Z,,v3,471449,471470,36ca09f5531f47ca8911e9f965eba1cf,"Stockman, Tucker",838152,Right,SOU_GOL,ca805396-b659-464b-885c-a3af31caf4ca,54.72168,-121.75409,14.17402,5.95931,-3.72818,-13.75579,-0.97171,4.25543,-0.73103,,,,,,,,,,,,,,,,,,,,,,,,,,,,,,,,,,,,,,,,,,,,,,,,,,,High,High,High,,,,,,,,,,,,,,,,,,,,,,,,,,,,,,,,,,,,
232,2026-03-20,20:17:28.50,1,1,"Ellingworth, Cooper",1000462248,Right,TRO_TRJ,"Urban, Joseph",1000116546,Right,SOU_GOL,Undefined,8,Bottom,0,0,0,Cutter,Slider,BallCalled,Undefined,Undefined,Undefined,0,0,,87.23777,-1.214138,-1.211941,2271.149557,154.021829,11:15,4.90913,1.53064,5.96281,-30.99844,6.10555,-2.33244,1.19972,0.21235,78.98805,-6.983172,-1.631511,0.438411,,,,,,,,,,,,0.80795,3.90961,-1.43323,50,4.79571,2.77319,-126.54521,-3.71326,1.29035,29.46293,-25.93015,SOU_GOL,TRO_TRJ,HillDensonField,D1,SBELT,20260320-HillDensonField-1,bacdace0-24c3-11f1-b0f9-cffb574f71cc,85.97506,,,8.24972,,,,,,,73f695f1-acc7-4437-a517-846b8f7664b0,2026-03-21,01:17:28.50,2026-03-20T20:17:28.5020000-05:00,2026-03-21T01:17:28.5020000Z,,v3,471449,471470,36ca09f5531f47ca8911e9f965eba1cf,"Janicki, Jimmy",1000359452,Right,TRO_TRJ,d24148d4-51a0-4430-9318-6b61b1f709ae,54.53361,-127.59639,14.73147,4.91169,-2.78813,-12.96508,-1.53135,2.72716,0.64518,,,,,,,,,,,,,,,,,,,,,,,,,,,,,,,,,,,,,,,,,,,,,,,,,,,High,High,High,,,,,,,,,,,,,,,,,,,,,,,,,,,,,,,,,,,,
233,2026-03-20,20:17:46.25,1,2,"Ellingworth, Cooper",1000462248,Right,TRO_TRJ,"Urban, Joseph",1000116546,Right,SOU_GOL,Undefined,8,Bottom,0,1,0,FourSeamFastBall,Four-Seam,StrikeSwinging,Undefined,Undefined,Undefined,0,0,,94.35524,-1.29073,-3.037441,2306.651811,207.675007,1:00,4.90805,1.4112,6.17829,-11.27997,20.60489,10.14138,2.77422,-0.55132,83.9432,-3.547069,-1.211255,0.406409,,,,,,,,,,,,-6.22839,11.37835,-1.18605,50,4.80428,6.77805,-136.54399,-3.30338,-11.45773,37.23721,-11.24243,SOU_GOL,TRO_TRJ,HillDensonField,D1,SBELT,20260320-HillDensonField-1,c55f3610-24c3-11f1-b0f9-cffb574f71cc,92.74499,,,10.41204,,,,,,,73f695f1-acc7-4437-a517-846b8f7664b0,2026-03-21,01:17:46.25,2026-03-20T20:17:46.2530000-05:00,2026-03-21T01:17:46.2530000Z,,v3,471449,471470,36ca09f5531f47ca8911e9f965eba1cf,"Janicki, Jimmy",1000359452,Right,TRO_TRJ,6a08e510-60ae-4e27-8cd5-b939189f6a74,54.31334,-137.71527,18.61861,4.90263,-2.94975,-5.62122,-1.40492,7.13845,-5.72887,,,,,,,,,,,,,,,,,,,,,,,,,,,,,,,,,,,,,,,,,,,,,,,,,,,High,High,High,,,,,,,,,,,,,,,,,,,,,,,,,,,,,,,,,,,,
234,2026-03-20,20:18:05.13,1,3,"Ellingworth, Cooper",1000462248,Right,TRO_TRJ,"Urban, Joseph",1000116546,Right,SOU_GOL,Undefined,8,Bottom,0,1,1,FourSeamFastBall,Four-Seam,InPlay,Undefined,Popup,Out,1,0,,94.2866,-0.968512,-1.63522,2296.151224,209.656216,1:00,5.03436,1.36073,6.08318,-12.17678,19.81745,10.56237,3.12317,0.72772,83.89238,-3.383687,0.266499,0.407106,70.4232,58.821795,44.656513,,57.99351,92.80355,93.47049,163.93557,143.4131,59.997824,4.996595,-6.015,10.90044,-1.23991,50,4.95322,3.42647,-136.61178,-2.59564,-11.05791,37.72349,-12.13481,SOU_GOL,TRO_TRJ,HillDensonField,D1,SBELT,20260320-HillDensonField-1,d0a01210-24c3-11f1-b0f9-cffb574f71cc,92.58633,99.76118,,10.39421,,,,1.24113,3.20985,-0.7074,73f695f1-acc7-4437-a517-846b8f7664b0,2026-03-21,01:18:05.13,2026-03-20T20:18:05.1350000-05:00,2026-03-21T01:18:05.1350000Z,Popup,v3,471449,471470,36ca09f5531f47ca8911e9f965eba1cf,"Janicki, Jimmy",1000359452,Right,TRO_TRJ,0e164370-9daf-48fc-96fd-54c00b5a7edd,54.41119,-137.82449,18.86175,5.03039,-2.20554,-6.06741,-1.35577,3.78195,-5.52896,203.695457,1.24427,37.9166,-12.88678,2.70591,0.59698,-0.65771,0.20638,-0.02923,0.00158,3.19732,88.62007,-24.93706,3.74126,-1.41583,0.43172,-0.07435,0.00598,-0.00015,-0.71159,37.67156,-3.39014,0.88277,-0.4823,0.21511,-0.05422,0.00697,-0.00036,,,,,,,,,,,,,,,,,,,,,,,High,High,High,High,Low,,,,,,,,,,,,,,,,,,,,,,,,,,,,,,,,,,
235,2026-03-20,20:18:48.12,2,1,"Ellingworth, Cooper",1000462248,Right,TRO_TRJ,"Morrison, Kyle",835275,Left,SOU_GOL,Undefined,8,Bottom,1,0,0,ChangeUp,Changeup,BallCalled,Undefined,Undefined,Undefined,0,0,,82.51027,2.155544,-0.917383,2075.736683,255.220022,2:30,4.80757,1.79837,6.09862,-35.7025,5.53705,15.53481,3.82714,2.24441,74.44754,-4.527775,1.880497,0.462198,,,,,,,,,,,,-8.19843,2.64165,-1.73525,50,4.95523,1.29652,-119.67534,3.38972,-11.73078,25.98083,-28.39421,SOU_GOL,TRO_TRJ,HillDensonField,D1,SBELT,20260320-HillDensonField-1,ea47c230-24c3-11f1-b0f9-cffb574f71cc,81.55036,,,8.06273,,,,,,,73f695f1-acc7-4437-a517-846b8f7664b0,2026-03-21,01:18:48.12,2026-03-20T20:18:48.1280000-05:00,2026-03-21T01:18:48.1280000Z,,v3,471449,471470,36ca09f5531f47ca8911e9f965eba1cf,"Janicki, Jimmy",1000359452,Right,TRO_TRJ,a7e2c35b-1425-4655-a104-16d2674b8b63,54.39678,-120.62608,12.99042,4.81218,4.42878,-14.19711,-1.79054,1.72579,-5.86539,,,,,,,,,,,,,,,,,,,,,,,,,,,,,,,,,,,,,,,,,,,,,,,,,,,High,High,High,,,,,,,,,,,,,,,,,,,,,,,,,,,,,,,,,,,,
236,2026-03-20,20:19:03.82,2,2,"Ellingworth, Cooper",1000462248,Right,TRO_TRJ,"Morrison, Kyle",835275,Left,SOU_GOL,Undefined,8,Bottom,1,1,0,ChangeUp,Changeup,BallCalled,Undefined,Undefined,Undefined,0,0,,83.04241,-0.646151,-4.778531,2231.89597,257.653618,2:30,4.8466,1.60756,6.29427,-34.85994,5.80481,19.72107,1.34411,-1.16244,74.97721,-7.172447,-1.223679,0.458966,,,,,,,,,,,,-11.74674,3.67162,-1.26434,50,4.78249,9.29448,-120.18942,-2.41102,-16.91613,26.66564,-26.8867,SOU_GOL,TRO_TRJ,HillDensonField,D1,SBELT,20260320-HillDensonField-1,f3a81e60-24c3-11f1-b0f9-cffb574f71cc,82.12473,,,8.0652,,,,,,,73f695f1-acc7-4437-a517-846b8f7664b0,2026-03-21,01:19:03.82,2026-03-20T20:19:03.8290000-05:00,2026-03-21T01:19:03.8290000Z,,v3,471449,471470,36ca09f5531f47ca8911e9f965eba1cf,"Janicki, Jimmy",1000359452,Right,TRO_TRJ,160374fd-28d3-4eec-b9ae-709fc9e11577,54.20321,-121.11837,13.33282,4.85016,-1.47437,-13.44335,-1.5984,9.88379,-8.45806,,,,,,,,,,,,,,,,,,,,,,,,,,,,,,,,,,,,,,,,,,,,,,,,,,,High,High,High,,,,,,,,,,,,,,,,,,,,,,,,,,,,,,,,,,,,
237,2026-03-20,20:19:20.95,2,3,"Ellingworth, Cooper",1000462248,Right,TRO_TRJ,"Morrison, Kyle",835275,Left,SOU_GOL,Undefined,8,Bottom,1,2,0,FourSeamFastBall,Four-Seam,FoulBallNotFieldable,Undefined,Undefined,Undefined,0,0,,93.59661,-1.493144,-3.736909,2180.307172,224.787845,1:30,4.91407,1.56193,6.12561,-16.37332,15.91233,14.58339,2.16613,-0.68207,83.89524,-4.649739,-1.114884,0.408956,82.25649,-8.328257,72.557626,,,,,18.27356,13.08347,63.653253,0.139722,-8.823,9.07406,-1.28344,50,4.79129,8.22199,-135.50426,-4.01274,-16.07849,35.09606,-15.63803,SOU_GOL,TRO_TRJ,HillDensonField,D1,SBELT,20260320-HillDensonField-1,fdcd2a20-24c3-11f1-b0f9-cffb574f71cc,92.16756,2.44692,,9.70136,,,,3.09949,2.44692,0.42866,73f695f1-acc7-4437-a517-846b8f7664b0,2026-03-21,01:19:20.95,2026-03-20T20:19:20.9500000-05:00,2026-03-21T01:19:20.9500000Z,GroundBall,v3,471449,471470,36ca09f5531f47ca8911e9f965eba1cf,"Janicki, Jimmy",1000359452,Right,TRO_TRJ,483aee27-bb0a-49e4-9161-1548683a5110,54.37152,-136.63181,17.54803,4.91214,-3.51032,-7.81902,-1.55589,8.73855,-8.03925,180,3.09773,35.85938,,,,,,,,2.44778,-17.51274,,,,,,,,0.42304,114.13156,,,,,,,,,,,,,,,,,,,,,,,,,,,,,,High,High,High,Low,Medium,,,,,,,,,,,,,,,,,,,,,,,,,,,,,,,,,,
238,2026-03-20,20:19:40.99,2,4,"Ellingworth, Cooper",1000462248,Right,TRO_TRJ,"Morrison, Kyle",835275,Left,SOU_GOL,Undefined,8,Bottom,1,2,1,FourSeamFastBall,Four-Seam,FoulBallNotFieldable,Undefined,Undefined,Undefined,0,0,,93.84279,-0.807109,-2.069048,2156.517303,218.571225,1:15,4.89341,1.47098,6.19118,-12.81418,18.93056,14.19859,3.07987,0.74312,84.58603,-3.316172,0.492026,0.405515,80.16459,22.211473,-157.987024,1825.846754,,,,,55.63922,,,-7.99981,10.37678,-1.32203,50,4.82605,4.30496,-136.1717,-2.2388,-14.81771,33.67682,-12.95364,SOU_GOL,TRO_TRJ,HillDensonField,D1,SBELT,20260320-HillDensonField-1,09c39a80-24c4-11f1-b0f9-cffb574f71cc,92.94951,20.06346,,9.25676,,,,1.01345,3.04508,-0.73982,73f695f1-acc7-4437-a517-846b8f7664b0,2026-03-21,01:19:40.99,2026-03-20T20:19:40.9940000-05:00,2026-03-21T01:19:40.9940000Z,,v3,471449,471470,36ca09f5531f47ca8911e9f965eba1cf,"Janicki, Jimmy",1000359452,Right,TRO_TRJ,d9bf9632-e3a9-43d3-81b6-73b7173b697e,54.30575,-137.23243,16.83841,4.89014,-1.8308,-6.47682,-1.46498,4.77168,-7.40886,33.186948,1.01345,-100.91465,8.19956,0.0587,-0.05533,0.03335,-0.01,0.00186,-0.00021,3.04508,44.44625,-25.86995,3.25509,-0.58225,0.13191,-0.02628,0.0076,-0.00218,-0.73982,-40.79875,6.8084,-0.19856,0.04225,0.00515,-0.00291,0.00016,0.0001,,,,,,,,,,,,,,,,,,,,,,,High,High,High,High,Undefined,,,,,,,,,,,,,,,,,,,,,,,,,,,,,,,,,,
239,2026-03-20,20:20:03.25,2,5,"Ellingworth, Cooper",1000462248,Right,TRO_TRJ,"Morrison, Kyle",835275,Left,SOU_GOL,Undefined,8,Bottom,1,2,2,Slider,Curveball,BallCalled,Undefined,Undefined,Undefined,0,0,,82.35386,-0.030373,-1.851334,2497.450545,60.448287,8:00,4.93714,1.49723,6.0846,-46.64432,-5.51953,-12.06233,1.022,-1.22125,75.50661,-8.605577,-4.025991,0.461555,,,,,,,,,,,,5.69705,-2.48744,-1.34792,50,4.91013,4.31865,-119.64435,-1.57725,8.18869,24.89225,-35.7494,SOU_GOL,TRO_TRJ,HillDensonField,D1,SBELT,20260320-HillDensonField-1,1710c140-24c4-11f1-b0f9-cffb574f71cc,81.66407,,,6.84726,,,,,,,73f695f1-acc7-4437-a517-846b8f7664b0,2026-03-21,01:20:03.25,2026-03-20T20:20:03.2580000-05:00,2026-03-21T01:20:03.2580000Z,,v3,471449,471470,36ca09f5531f47ca8911e9f965eba1cf,"Janicki, Jimmy",1000359452,Right,TRO_TRJ,31305107-cc63-4a7b-97e6-aa90c5279fcb,54.41595,-120.5596,12.44613,4.94396,-0.26281,-17.8747,-1.50117,4.01757,4.09434,,,,,,,,,,,,,,,,,,,,,,,,,,,,,,,,,,,,,,,,,,,,,,,,,,,High,High,High,,,,,,,,,,,,,,,,,,,,,,,,,,,,,,,,,,,,
240,2026-03-20,20:20:22.61,2,6,"Ellingworth, Cooper",1000462248,Right,TRO_TRJ,"Morrison, Kyle",835275,Left,SOU_GOL,Undefined,8,Bottom,1,3,2,FourSeamFastBall,Four-Seam,FoulBallNotFieldable,Undefined,Undefined,Undefined,0,0,,93.69023,-1.796739,-3.746537,2256.973634,220.079055,1:15,4.9031,1.35444,6.11386,-14.93123,17.21528,13.48694,1.99346,-0.99064,84.23567,-4.685998,-1.322621,0.408073,97.85571,18.432299,38.18055,3043.624515,81.32521,26.08994,74.06792,252.85103,247.46534,47.917637,2.50029,-8.19276,9.81347,-1.07382,50,4.7573,8.29673,-135.64547,-4.67858,-15.01543,34.1863,-14.18823,SOU_GOL,TRO_TRJ,HillDensonField,D1,SBELT,20260320-HillDensonField-1,22966e70-24c4-11f1-b0f9-cffb574f71cc,92.36679,27.34482,,9.45456,,,,2.30733,2.25833,1.18306,73f695f1-acc7-4437-a517-846b8f7664b0,2026-03-21,01:20:22.61,2026-03-20T20:20:22.6160000-05:00,2026-03-21T01:20:22.6160000Z,LineDrive,v3,471449,471470,36ca09f5531f47ca8911e9f965eba1cf,"Janicki, Jimmy",1000359452,Right,TRO_TRJ,2ccc69e6-74d1-4c21-93b3-c9c15e602edf,54.38306,-136.74566,17.09315,4.90052,-4.22198,-7.09412,-1.3486,8.77996,-7.50772,,2.30733,107.02952,-25.49836,6.13526,-1.42263,0.28247,-0.05017,0.0064,-0.0004,2.25833,45.37915,-22.90699,2.5261,-0.44623,0.0749,-0.01037,0.00135,-0.00011,1.18306,84.16558,-1.91726,-1.89664,0.85198,-0.25755,0.05551,-0.00786,0.00052,,,,,,,,,,,,,,,,,,,,,,,High,High,High,High,Medium,,,,,,,,,,,,,,,,,,,,,,,,,,,,,,,,,,
241,2026-03-20,20:20:46.34,2,7,"Ellingworth, Cooper",1000462248,Right,TRO_TRJ,"Morrison, Kyle",835275,Left,SOU_GOL,Undefined,8,Bottom,1,3,2,FourSeamFastBall,Four-Seam,BallCalled,Walk,Undefined,Undefined,0,0,,93.60662,-2.517913,-3.158168,2184.432852,218.070769,1:15,4.83242,1.4534,6.28271,-14.50957,17.76981,12.9128,1.29763,-0.38422,83.5037,-5.353667,-0.827582,0.408916,,,,,,,,,,,,-7.81563,10.47445,-1.22633,50,4.6394,6.91733,-135.45225,-6.33561,-14.14506,36.71231,-13.217,SOU_GOL,TRO_TRJ,HillDensonField,D1,SBELT,20260320-HillDensonField-1,30b6c3b0-24c4-11f1-b0f9-cffb574f71cc,92.17651,,,10.10293,,,,,,,73f695f1-acc7-4437-a517-846b8f7664b0,2026-03-21,01:20:46.34,2026-03-20T20:20:46.3450000-05:00,2026-03-21T01:20:46.3450000Z,,v3,471449,471470,36ca09f5531f47ca8911e9f965eba1cf,"Janicki, Jimmy",1000359452,Right,TRO_TRJ,9bd4b74c-806f-4dcc-adf8-6eedb0dbcbb2,54.21252,-136.58922,18.35615,4.82928,-5.92629,-6.6085,-1.44734,7.35539,-7.07253,,,,,,,,,,,,,,,,,,,,,,,,,,,,,,,,,,,,,,,,,,,,,,,,,,,High,High,High,,,,,,,,,,,,,,,,,,,,,,,,,,,,,,,,,,,,
242,2026-03-20,20:21:20.48,3,1,"Ellingworth, Cooper",1000462248,Right,TRO_TRJ,"Gillespie, Davis",825097,Right,SOU_GOL,Undefined,8,Bottom,1,0,0,Cutter,Slider,BallCalled,Undefined,Undefined,Undefined,0,0,,86.02305,-1.003418,-2.91709,2410.312983,190.467845,12:15,4.9095,1.49664,5.90483,-28.70151,9.63272,1.52536,1.58499,-1.08637,77.74797,-6.365897,-2.643672,0.44562,,,,,,,,,,,,-1.71929,5.66032,-1.26304,50,4.81262,6.28759,-124.62411,-3.10964,-2.66326,28.56022,-23.40603,SOU_GOL,TRO_TRJ,HillDensonField,D1,SBELT,20260320-HillDensonField-1,45121940-24c4-11f1-b0f9-cffb574f71cc,84.58421,,,8.27508,,,,,,,73f695f1-acc7-4437-a517-846b8f7664b0,2026-03-21,01:21:20.48,2026-03-20T20:21:20.4820000-05:00,2026-03-21T01:21:20.4820000Z,,v3,471449,471470,36ca09f5531f47ca8911e9f965eba1cf,"Janicki, Jimmy",1000359452,Right,TRO_TRJ,7c9e79d4-a33e-437d-8d3e-78c5475d1fdd,54.59071,-125.67176,14.28011,4.91094,-2.25106,-11.70302,-1.49547,6.38528,-1.33163,,,,,,,,,,,,,,,,,,,,,,,,,,,,,,,,,,,,,,,,,,,,,,,,,,,High,High,High,,,,,,,,,,,,,,,,,,,,,,,,,,,,,,,,,,,,
243,2026-03-20,20:21:41.13,3,2,"Ellingworth, Cooper",1000462248,Right,TRO_TRJ,"Gillespie, Davis",825097,Right,SOU_GOL,Undefined,8,Bottom,1,1,0,FourSeamFastBall,Four-Seam,BallCalled,Undefined,Undefined,Undefined,0,0,,92.9213,-1.430433,-3.948155,2383.941423,224.31113,1:30,4.89691,1.41024,6.26748,-16.72706,15.66123,14.1554,2.18084,-1.05578,83.80636,-4.647571,-1.397411,0.409605,,,,,,,,,,,,-8.51071,8.88906,-1.12391,50,4.7825,8.67143,-134.57181,-3.8349,-15.41505,32.55209,-16.0737,SOU_GOL,TRO_TRJ,HillDensonField,D1,SBELT,20260320-HillDensonField-1,515dae80-24c4-11f1-b0f9-cffb574f71cc,92.02139,,,9.11494,,,,,,,73f695f1-acc7-4437-a517-846b8f7664b0,2026-03-21,01:21:41.13,2026-03-20T20:21:41.1350000-05:00,2026-03-21T01:21:41.1350000Z,,v3,471449,471470,36ca09f5531f47ca8911e9f965eba1cf,"Janicki, Jimmy",1000359452,Right,TRO_TRJ,957e59d1-5aec-4ed8-a6e4-1bcb5d5e7a9a,54.22794,-135.59066,16.27604,4.89466,-3.33181,-8.03685,-1.40287,9.15391,-7.70752,,,,,,,,,,,,,,,,,,,,,,,,,,,,,,,,,,,,,,,,,,,,,,,,,,,High,High,High,,,,,,,,,,,,,,,,,,,,,,,,,,,,,,,,,,,,
244,2026-03-20,20:22:00.83,3,3,"Ellingworth, Cooper",1000462248,Right,TRO_TRJ,"Gillespie, Davis",825097,Right,SOU_GOL,Undefined,8,Bottom,1,2,0,FourSeamFastBall,Four-Seam,BallCalled,Undefined,Undefined,Undefined,0,0,,93.70122,-2.40762,-3.367219,2297.811039,222.094305,1:30,4.93315,1.22594,6.24445,-14.12249,17.78828,15.01977,1.53053,-0.63165,84.46005,-5.15063,-0.658893,0.406575,,,,,,,,,,,,-8.82158,10.30942,-0.98213,50,4.74655,7.33261,-135.71023,-6.08245,-16.2232,33.54919,-13.21471,SOU_GOL,TRO_TRJ,HillDensonField,D1,SBELT,20260320-HillDensonField-1,5d1d3060-24c4-11f1-b0f9-cffb574f71cc,92.70732,,,9.24117,,,,,,,73f695f1-acc7-4437-a517-846b8f7664b0,2026-03-21,01:22:00.83,2026-03-20T20:22:00.8350000-05:00,2026-03-21T01:22:00.8350000Z,,v3,471449,471470,36ca09f5531f47ca8911e9f965eba1cf,"Janicki, Jimmy",1000359452,Right,TRO_TRJ,4234a130-898b-47bc-aafa-ced8c61b7588,54.25186,-136.7573,16.7746,4.92994,-5.67002,-6.60736,-1.21888,7.83894,-8.1116,,,,,,,,,,,,,,,,,,,,,,,,,,,,,,,,,,,,,,,,,,,,,,,,,,,High,High,High,,,,,,,,,,,,,,,,,,,,,,,,,,,,,,,,,,,,
245,2026-03-20,20:22:20.03,3,4,"Ellingworth, Cooper",1000462248,Right,TRO_TRJ,"Gillespie, Davis",825097,Right,SOU_GOL,Undefined,8,Bottom,1,3,0,FourSeamFastBall,Four-Seam,StrikeCalled,Undefined,Undefined,Undefined,0,0,,93.55859,-1.489827,-3.212796,2261.004434,218.132455,1:15,4.90458,1.43026,6.1964,-14.27737,17.81426,13.05906,2.33698,-0.45052,84.11515,-4.267114,-0.860159,0.407725,,,,,,,,,,,,-7.7387,10.00906,-1.1944,50,4.78496,7.0307,-135.53824,-3.90048,-14.17002,33.95587,-13.84683,SOU_GOL,TRO_TRJ,HillDensonField,D1,SBELT,20260320-HillDensonField-1,688e1d10-24c4-11f1-b0f9-cffb574f71cc,92.44576,,,9.44344,,,,,,,73f695f1-acc7-4437-a517-846b8f7664b0,2026-03-21,01:22:20.03,2026-03-20T20:22:20.0300000-05:00,2026-03-21T01:22:20.0300000Z,,v3,471449,471470,36ca09f5531f47ca8911e9f965eba1cf,"Janicki, Jimmy",1000359452,Right,TRO_TRJ,b9b9380c-b3df-41a3-a9fd-ba4c4549bd29,54.29861,-136.61091,16.97794,4.90127,-3.46305,-6.92341,-1.42357,7.47833,-7.08501,,,,,,,,,,,,,,,,,,,,,,,,,,,,,,,,,,,,,,,,,,,,,,,,,,,High,High,High,,,,,,,,,,,,,,,,,,,,,,,,,,,,,,,,,,,,
246,2026-03-20,20:22:38.82,3,5,"Ellingworth, Cooper",1000462248,Right,TRO_TRJ,"Gillespie, Davis",825097,Right,SOU_GOL,Undefined,8,Bottom,1,3,1,FourSeamFastBall,Four-Seam,FoulBallNotFieldable,Undefined,Undefined,Undefined,0,0,,93.60351,-0.547276,-2.503355,2329.531285,210.060202,1:00,4.90715,1.33681,6.23762,-12.0417,19.94001,10.86394,3.39835,-0.06853,84.03463,-2.92839,-0.54331,0.407026,76.88195,63.487228,137.180969,5031.409676,,,,,37.30653,,,-6.45516,10.85166,-1.15538,50,4.86033,5.46816,-135.74549,-1.57444,-11.83621,34.51305,-12.27637,SOU_GOL,TRO_TRJ,HillDensonField,D1,SBELT,20260320-HillDensonField-1,73c0c840-24c4-11f1-b0f9-cffb574f71cc,92.60448,64.81732,,9.56888,,,,0.89696,3.40535,0.07783,73f695f1-acc7-4437-a517-846b8f7664b0,2026-03-21,01:22:38.82,2026-03-20T20:22:38.8200000-05:00,2026-03-21T01:22:38.8200000Z,,v3,471449,471470,36ca09f5531f47ca8911e9f965eba1cf,"Janicki, Jimmy",1000359452,Right,TRO_TRJ,30393876-2d3d-4ead-b6ab-48b4e60f1874,54.25868,-136.82397,17.25653,4.90353,-1.19082,-6.13818,-1.33203,5.83802,-5.9181,334.611315,0.89696,-36.92082,-4.96393,2.84772,-0.20828,-1.54549,2.34743,-1.70466,0.50528,3.40535,100.90169,-31.48396,4.25941,-0.66479,-0.16,0.35562,-0.26368,0.0782,0.07783,34.21291,-9.16736,2.76978,-0.16931,-1.09543,1.63223,-1.1795,0.34901,,,,,,,,,,,,,,,,,,,,,,,High,High,High,High,Undefined,,,,,,,,,,,,,,,,,,,,,,,,,,,,,,,,,,
247,2026-03-20,20:23:02.77,3,6,"Ellingworth, Cooper",1000462248,Right,TRO_TRJ,"Gillespie, Davis",825097,Right,SOU_GOL,Undefined,8,Bottom,1,3,2,FourSeamFastBall,Four-Seam,InPlay,Undefined,Popup,Out,1,0,,92.98055,-0.019717,-3.115454,2223.59249,217.372908,1:15,4.91331,1.38504,6.23632,-14.37391,18.31253,13.01717,3.69727,-0.40692,82.82252,-2.841377,-0.768698,0.411486,84.24772,38.557049,8.904684,4214.603607,107.52026,79.08809,23.22348,285.88562,283.91573,15.468921,5.120442,-7.82205,9.84103,-1.15876,50,4.90472,6.76613,-134.67117,-0.40546,-14.00715,36.03802,-14.55145,SOU_GOL,TRO_TRJ,HillDensonField,D1,SBELT,20260320-HillDensonField-1,820bd700-24c4-11f1-b0f9-cffb574f71cc,91.60078,91.89693,,10.15803,,,,0.95088,3.77108,0.42493,73f695f1-acc7-4437-a517-846b8f7664b0,2026-03-21,01:23:02.77,2026-03-20T20:23:02.7760000-05:00,2026-03-21T01:23:02.7760000Z,FlyBall,v3,471449,471470,36ca09f5531f47ca8911e9f965eba1cf,"Janicki, Jimmy",1000359452,Right,TRO_TRJ,169ec8ec-a7d4-4990-bdcb-634143ae6442,54.2586,-135.80599,18.01901,4.91028,0.05276,-7.27573,-1.37877,7.2072,-7.00357,196.424245,0.9549,95.37347,-21.62181,5.36884,-0.79198,0.00833,0.02092,-0.00335,0.00017,3.76809,77.07013,-18.56561,0.73316,0.06969,-0.0655,0.02233,-0.00354,0.0002,0.42497,14.95725,1.10298,-0.68863,0.21209,-0.04141,0.00456,-0.00021,0,,,,,,,,,,,,,,,,,,,,,,,High,High,High,High,High,,,,,,,,,,,,,,,,,,,,,,,,,,,,,,,,,,
248,2026-03-20,20:23:40.14,4,1,"Ellingworth, Cooper",1000462248,Right,TRO_TRJ,"Russo, Matthew",1000243142,Left,SOU_GOL,Undefined,8,Bottom,2,0,0,ChangeUp,Changeup,BallCalled,Undefined,Undefined,Undefined,0,0,,82.55287,0.351236,-1.912279,2151.320527,248.900257,2:15,4.73128,1.82673,6.14875,-32.11435,9.14268,19.78509,2.37981,1.70791,74.34019,-5.690761,1.65634,0.462296,,,,,,,,,,,,-10.75375,5.06563,-1.69064,50,4.74186,3.21843,-119.74475,-0.229,-15.33529,26.97125,-24.95021,SOU_GOL,TRO_TRJ,HillDensonField,D1,SBELT,20260320-HillDensonField-1,98547da0-24c4-11f1-b0f9-cffb574f71cc,81.53307,,,8.21268,,,,,,,73f695f1-acc7-4437-a517-846b8f7664b0,2026-03-21,01:23:40.14,2026-03-20T20:23:40.1490000-05:00,2026-03-21T01:23:40.1490000Z,,v3,471449,471470,36ca09f5531f47ca8911e9f965eba1cf,"Janicki, Jimmy",1000359452,Right,TRO_TRJ,a27cb39e-324f-47af-8116-2af0cf0f7791,54.34687,-120.71987,13.48562,4.73384,0.67304,-12.47511,-1.81702,3.77286,-7.66764,,,,,,,,,,,,,,,,,,,,,,,,,,,,,,,,,,,,,,,,,,,,,,,,,,,High,High,High,,,,,,,,,,,,,,,,,,,,,,,,,,,,,,,,,,,,
249,2026-03-20,20:23:58.33,4,2,"Ellingworth, Cooper",1000462248,Right,TRO_TRJ,"Russo, Matthew",1000243142,Left,SOU_GOL,Undefined,8,Bottom,2,1,0,ChangeUp,Changeup,StrikeCalled,Undefined,Undefined,Undefined,0,0,,83.54564,-0.966927,-3.707378,2211.970245,245.053613,2:15,4.73873,1.53281,6.46418,-29.48769,10.27957,19.0167,1.39137,-0.2924,75.51851,-6.540774,-0.262652,0.453873,,,,,,,,,,,,-11.10603,6.10591,-1.27864,50,4.65742,7.1388,-121.11487,-2.8786,-16.25786,26.84816,-23.23571,SOU_GOL,TRO_TRJ,HillDensonField,D1,SBELT,20260320-HillDensonField-1,a32d21f0-24c4-11f1-b0f9-cffb574f71cc,83.04625,,,8.02713,,,,,,,73f695f1-acc7-4437-a517-846b8f7664b0,2026-03-21,01:23:58.33,2026-03-20T20:23:58.3350000-05:00,2026-03-21T01:23:58.3350000Z,,v3,471449,471470,36ca09f5531f47ca8911e9f965eba1cf,"Janicki, Jimmy",1000359452,Right,TRO_TRJ,22d8a6d4-a825-4b8d-a6a0-66963c56e191,54.03319,-122.00565,13.42408,4.74013,-2.10767,-11.61785,-1.52444,7.67821,-8.12893,,,,,,,,,,,,,,,,,,,,,,,,,,,,,,,,,,,,,,,,,,,,,,,,,,,High,High,High,,,,,,,,,,,,,,,,,,,,,,,,,,,,,,,,,,,,
250,2026-03-20,20:24:16.42,4,3,"Ellingworth, Cooper",1000462248,Right,TRO_TRJ,"Russo, Matthew",1000243142,Left,SOU_GOL,Undefined,8,Bottom,2,1,1,FourSeamFastBall,Four-Seam,BallCalled,Undefined,Undefined,Undefined,0,0,,93.59567,-0.172919,-3.915302,2283.909155,214.467081,1:15,4.85994,1.49624,6.22479,-15.59843,16.47899,10.50662,3.40015,-1.24635,84.01597,-3.193088,-2.024583,0.407635,,,,,,,,,,,,-6.83481,8.98004,-1.20867,50,4.83943,8.84828,-135.59774,-0.84906,-12.49376,34.68414,-15.75892,SOU_GOL,TRO_TRJ,HillDensonField,D1,SBELT,20260320-HillDensonField-1,adec98f0-24c4-11f1-b0f9-cffb574f71cc,92.46623,,,9.5797,,,,,,,73f695f1-acc7-4437-a517-846b8f7664b0,2026-03-21,01:24:16.42,2026-03-20T20:24:16.4200000-05:00,2026-03-21T01:24:16.4200000Z,,v3,471449,471470,36ca09f5531f47ca8911e9f965eba1cf,"Janicki, Jimmy",1000359452,Right,TRO_TRJ,d592d41a-6399-4576-bfd3-dc79f228633c,54.27406,-136.68662,17.34207,4.85832,-0.35432,-7.87946,-1.49261,9.24052,-6.24688,,,,,,,,,,,,,,,,,,,,,,,,,,,,,,,,,,,,,,,,,,,,,,,,,,,High,High,High,,,,,,,,,,,,,,,,,,,,,,,,,,,,,,,,,,,,
251,2026-03-20,20:24:36.42,4,4,"Ellingworth, Cooper",1000462248,Right,TRO_TRJ,"Russo, Matthew",1000243142,Left,SOU_GOL,Undefined,8,Bottom,2,2,1,FourSeamFastBall,Sinker,InPlay,Undefined,LineDrive,Double,0,0,,93.36274,-0.352963,-3.079478,2164.368637,226.816933,1:30,4.86488,1.51427,6.10615,-17.08674,15.49725,15.15709,3.11411,-0.07308,83.20084,-3.653757,-0.352728,0.410841,80.30699,11.66715,-39.473347,2350.242469,81.6186,13.45916,-73.74542,182.52498,179.6138,-44.255322,1.966594,-8.88193,8.46552,-1.28529,50,4.82892,6.60416,-135.20103,-1.32799,-16.02944,36.34075,-16.89611,SOU_GOL,TRO_TRJ,HillDensonField,D1,SBELT,20260320-HillDensonField-1,b9e0e670-24c4-11f1-b0f9-cffb574f71cc,91.74466,13.83828,,10.16189,,,,0.99763,3.07046,0.14298,73f695f1-acc7-4437-a517-846b8f7664b0,2026-03-21,01:24:36.42,2026-03-20T20:24:36.4230000-05:00,2026-03-21T01:24:36.4230000Z,LineDrive,v3,471449,471470,36ca09f5531f47ca8911e9f965eba1cf,"Janicki, Jimmy",1000359452,Right,TRO_TRJ,92c41ab3-9810-48e0-b39b-402a06894593,54.38906,-136.37567,18.17037,4.86302,-0.78186,-8.44805,-1.50713,7.12228,-8.01472,131.361098,0.99767,89.03718,-16.8242,3.43035,-0.34992,-0.17972,0.12021,-0.03056,0.00292,3.0704,23.82436,-13.44578,0.51439,-0.49937,0.4402,-0.20289,0.04718,-0.00422,0.143,-73.33204,5.74087,-1.00073,0.28977,-0.16334,0.07002,-0.0155,0.00128,,,,,,,,,,,,,,,,,,,,,,,High,High,High,High,High,,,,,,,,,,,,,,,,,,,,,,,,,,,,,,,,,,
252,2026-03-20,20:26:03.01,5,1,"Ellingworth, Cooper",1000462248,Right,TRO_TRJ,"Barrett, Drey",838145,Right,SOU_GOL,Undefined,8,Bottom,2,0,0,Cutter,Slider,FoulBallNotFieldable,Undefined,Undefined,Undefined,0,0,,86.67775,0.223401,-1.447274,2370.389586,148.675044,11:00,4.902,1.46482,5.97857,-32.28069,5.2963,-2.40977,2.4191,-0.07784,78.2716,-5.797731,-1.880489,0.441197,81.38196,43.680904,39.473846,,76.32649,88.32841,79.21013,248.26143,175.98152,52.07124,5.160468,0.77114,3.02445,-1.34909,50,4.90192,3.27521,-125.75026,-0.57653,1.21505,29.30316,-27.4086,SOU_GOL,TRO_TRJ,HillDensonField,D1,SBELT,20260320-HillDensonField-1,ed7eb4d0-24c4-11f1-b0f9-cffb574f71cc,85.43225,95.63769,,8.40615,,,,1.1024,2.34755,0.02566,73f695f1-acc7-4437-a517-846b8f7664b0,2026-03-21,01:26:03.01,2026-03-20T20:26:03.0100000-05:00,2026-03-21T01:26:03.0100000Z,FlyBall,v3,471449,471470,36ca09f5531f47ca8911e9f965eba1cf,"Janicki, Jimmy",1000359452,Right,TRO_TRJ,adb82b2d-1356-42b4-bd31-e42ace34859d,54.51822,-126.79875,14.65158,4.905,0.40417,-13.7043,-1.4655,3.23173,0.60752,206.541301,1.10927,66.4809,-19.59504,4.66853,-0.35832,-0.19832,0.07402,-0.01006,0.0005,2.34226,82.5306,-21.01633,1.60983,-0.25004,0.01613,0.01129,-0.00297,0.00021,0.02651,54.85698,-6.36886,0.83781,0.05506,-0.07111,0.01922,-0.00239,0.00011,,,,,,,,,,,,,,,,,,,,,,,High,High,High,Medium,Low,,,,,,,,,,,,,,,,,,,,,,,,,,,,,,,,,,
253,2026-03-20,20:26:43.20,5,2,"Ellingworth, Cooper",1000462248,Right,TRO_TRJ,"Barrett, Drey",838145,Right,SOU_GOL,Undefined,8,Bottom,2,0,1,FourSeamFastBall,Four-Seam,FoulBallNotFieldable,Undefined,Undefined,Undefined,0,0,,93.47426,-1.415377,-2.920075,2239.833612,217.994457,1:15,4.90435,1.4324,6.19966,-14.66855,17.62706,12.80371,2.37346,-0.19849,83.62821,-4.274308,-0.612303,0.409019,75.09776,49.454006,130.803865,4931.112678,,,,,55.56235,,,-7.62552,9.95674,-1.21898,50,4.79047,6.35293,-135.41139,-3.73704,-13.84911,35.59389,-14.09109,SOU_GOL,TRO_TRJ,HillDensonField,D1,SBELT,20260320-HillDensonField-1,056f6620-24c5-11f1-b0f9-cffb574f71cc,92.1533,55.30149,,9.84605,,,,1.32425,2.27267,0.13587,73f695f1-acc7-4437-a517-846b8f7664b0,2026-03-21,01:26:43.20,2026-03-20T20:26:43.2090000-05:00,2026-03-21T01:26:43.2090000Z,,v3,471449,471470,36ca09f5531f47ca8911e9f965eba1cf,"Janicki, Jimmy",1000359452,Right,TRO_TRJ,680cfe77-baea-4194-b554-b8d3c25be3b9,54.29615,-136.53599,17.79695,4.90151,-3.29182,-7.04555,-1.42661,6.7905,-6.92456,315.961672,1.32425,-46.78825,-1.94092,1.05889,-0.40978,0.13101,-0.03677,0.0084,-0.00112,2.27267,83.6961,-27.80611,3.10134,-0.43844,0.03238,0.00398,-0.00273,0.00052,0.13587,54.19731,-13.89001,4.8735,-1.26004,0.2984,-0.06776,0.01323,-0.00159,,,,,,,,,,,,,,,,,,,,,,,High,High,High,High,Undefined,,,,,,,,,,,,,,,,,,,,,,,,,,,,,,,,,,
254,2026-03-20,20:27:05.50,5,3,"Ellingworth, Cooper",1000462248,Right,TRO_TRJ,"Barrett, Drey",838145,Right,SOU_GOL,Undefined,8,Bottom,2,0,2,Slider,Curveball,BallCalled,Undefined,Undefined,Undefined,0,0,,81.81545,1.316797,-1.98551,2547.700915,47.720307,7:30,4.97471,1.38106,6.05576,-51.15928,-9.3893,-11.80977,1.93123,-1.44164,74.81993,-8.086785,-4.111714,0.465161,,,,,,,,,,,,5.47083,-4.8117,-1.22062,50,5.05006,4.56981,-118.81824,1.04003,7.74953,24.70632,-38.98994,SOU_GOL,TRO_TRJ,HillDensonField,D1,SBELT,20260320-HillDensonField-1,12bed6d0-24c5-11f1-b0f9-cffb574f71cc,81.03091,,,6.99553,,,,,,,73f695f1-acc7-4437-a517-846b8f7664b0,2026-03-21,01:27:05.50,2026-03-20T20:27:05.5000000-05:00,2026-03-21T01:27:05.5000000Z,,v3,471449,471470,36ca09f5531f47ca8911e9f965eba1cf,"Janicki, Jimmy",1000359452,Right,TRO_TRJ,ee201445-0352-4ce7-b89d-4baa5c0cddf3,54.44487,-119.73891,12.35316,4.98423,2.49297,-19.49497,-1.38553,4.28102,3.87477,,,,,,,,,,,,,,,,,,,,,,,,,,,,,,,,,,,,,,,,,,,,,,,,,,,High,High,High,,,,,,,,,,,,,,,,,,,,,,,,,,,,,,,,,,,,
255,2026-03-20,20:27:25.41,5,4,"Ellingworth, Cooper",1000462248,Right,TRO_TRJ,"Barrett, Drey",838145,Right,SOU_GOL,Undefined,8,Bottom,2,1,2,FourSeamFastBall,Four-Seam,InPlay,Undefined,LineDrive,Double,0,2,,93.00738,-0.333233,-3.341577,2198.236489,218.887861,1:15,4.89509,1.4268,6.26297,-15.6343,16.96151,12.66875,3.28447,-0.60189,83.01179,-3.378264,-1.057221,0.410915,95.28101,25.733622,10.427833,3514.769855,106.96118,49.70852,25.6755,349.8852,349.8852,18.956018,4.57396,-7.72087,9.26193,-1.18497,50,4.86275,7.32127,-134.71039,-1.19928,-13.85661,35.62624,-15.55167,SOU_GOL,TRO_TRJ,HillDensonField,D1,SBELT,20260320-HillDensonField-1,1e919290-24c5-11f1-b0f9-cffb574f71cc,91.72803,66.94456,,9.99559,,,,1.38156,3.35279,0.59323,73f695f1-acc7-4437-a517-846b8f7664b0,2026-03-21,01:27:25.41,2026-03-20T20:27:25.4110000-05:00,2026-03-21T01:27:25.4110000Z,FlyBall,v3,471449,471470,36ca09f5531f47ca8911e9f965eba1cf,"Janicki, Jimmy",1000359452,Right,TRO_TRJ,7ee518c0-94b9-4b92-994e-2b00c3bc808c,54.23241,-135.8251,17.81312,4.89266,-0.71268,-7.77584,-1.42083,7.75483,-6.92831,209.872107,1.38188,123.79696,-24.37468,5.54801,-1.05751,0.17924,-0.0298,0.00395,-0.00024,3.35392,60.6514,-15.01727,0.00901,0.28194,-0.14013,0.04096,-0.00592,0.00032,0.5928,22.79816,2.86178,-1.24554,0.24528,-0.01654,-0.00259,0.00056,-3E-05,,,,,,,,,,,,,,,,,,,,,,,High,High,High,High,High,,,,,,,,,,,,,,,,,,,,,,,,,,,,,,,,,,
256,2026-03-20,20:28:35.10,6,1,"Ellingworth, Cooper",1000462248,Right,TRO_TRJ,"Stelly, Caleb",703679,Right,SOU_GOL,Undefined,8,Bottom,2,0,0,Cutter,Slider,BallCalled,Undefined,Undefined,Undefined,0,0,,86.19219,-0.39503,-3.327557,2347.37524,140.941309,10:45,4.89375,1.43082,5.95107,-31.85143,6.14426,-3.92992,1.87248,-1.98626,78.25476,-6.311706,-4.031794,0.443648,,,,,,,,,,,,0.97165,3.68268,-1.16385,50,4.84472,7.42402,-124.89334,-1.91642,1.51776,27.75225,-26.42168,SOU_GOL,TRO_TRJ,HillDensonField,D1,SBELT,20260320-HillDensonField-1,4825cc70-24c5-11f1-b0f9-cffb574f71cc,84.96025,,,7.93743,,,,,,,73f695f1-acc7-4437-a517-846b8f7664b0,2026-03-21,01:28:35.10,2026-03-20T20:28:35.1070000-05:00,2026-03-21T01:28:35.1070000Z,,v3,471449,471470,36ca09f5531f47ca8911e9f965eba1cf,"Janicki, Jimmy",1000359452,Right,TRO_TRJ,02c1c647-323f-4cfe-b133-4e62f0587861,54.54459,-125.89914,13.87613,4.89683,-0.95885,-13.21084,-1.43192,7.36901,0.75888,,,,,,,,,,,,,,,,,,,,,,,,,,,,,,,,,,,,,,,,,,,,,,,,,,,High,High,High,,,,,,,,,,,,,,,,,,,,,,,,,,,,,,,,,,,,
257,2026-03-20,20:28:53.50,6,2,"Ellingworth, Cooper",1000462248,Right,TRO_TRJ,"Stelly, Caleb",703679,Right,SOU_GOL,Undefined,8,Bottom,2,1,0,Cutter,Slider,InPlay,Undefined,LineDrive,Out,1,0,,85.43113,0.117347,-2.014923,2360.137518,133.740243,10:30,4.87396,1.5345,5.80467,-33.63466,5.2004,-4.03366,2.18028,-0.67628,77.45348,-6.120374,-2.737292,0.448522,88.83489,33.220115,12.599469,4075.529026,105.56444,64.01917,30.92144,307.16994,304.72105,22.436069,4.831061,1.42933,3.00465,-1.36665,50,4.86368,4.52473,-123.90735,-0.87823,2.19498,27.58277,-27.55998,SOU_GOL,TRO_TRJ,HillDensonField,D1,SBELT,20260320-HillDensonField-1,531d6a70-24c5-11f1-b0f9-cffb574f71cc,84.03704,80.05294,,7.97765,,,,1.17929,2.21841,0.70856,73f695f1-acc7-4437-a517-846b8f7664b0,2026-03-21,01:28:53.50,2026-03-20T20:28:53.5010000-05:00,2026-03-21T01:28:53.5010000Z,FlyBall,v3,471449,471470,36ca09f5531f47ca8911e9f965eba1cf,"Janicki, Jimmy",1000359452,Right,TRO_TRJ,bd5b02ea-7618-40f8-bc8c-8faee58acb08,54.69225,-124.94751,13.79138,4.8772,0.16108,-13.77999,-1.53572,4.44196,1.09749,206.175341,1.17989,106.36327,-22.61208,5.46103,-1.21255,0.26499,-0.04974,0.00605,-0.00032,2.22015,71.33788,-18.06754,0.63445,0.31732,-0.21115,0.05837,-0.00769,0.00039,0.70826,23.78216,1.30682,-0.71108,0.22069,-0.05109,0.0082,-0.0008,4E-05,,,,,,,,,,,,,,,,,,,,,,,High,High,High,High,High,,,,,,,,,,,,,,,,,,,,,,,,,,,,,,,,,,
258,2026-03-20,20:31:16.37,1,1,"Allen, Colby",834949,Right,SOU_GOL,"Pyne, Josh",695635,Right,TRO_TRJ,Undefined,9,Top,0,0,0,TwoSeamFastBall,Changeup,BallCalled,Undefined,Undefined,Undefined,0,0,,88.88826,-0.694567,-1.435355,1731.08157,229.077775,1:45,6.05005,0.6941,6.20829,-22.14852,13.01528,13.64418,3.56306,0.50608,80.70167,-4.890607,1.028557,0.426795,,,,,,,,,,,,-7.45075,7.30059,-0.59274,50,5.98683,2.66923,-129.07417,-2.22793,-12.46987,28.8541,-19.95547,SOU_GOL,TRO_TRJ,HillDensonField,D1,SBELT,20260320-HillDensonField-1,a83ec800-24c5-11f1-b0f9-cffb574f71cc,88.31509,,,8.1866,,,,,,,73f695f1-acc7-4437-a517-846b8f7664b0,2026-03-21,01:31:16.37,2026-03-20T20:31:16.3730000-05:00,2026-03-21T01:31:16.3730000Z,,v3,471449,471470,36ca09f5531f47ca8911e9f965eba1cf,"Stockman, Tucker",838152,Right,SOU_GOL,dfcd0b51-cf2b-4925-8912-b84be37f1808,54.28803,-130.02921,14.42705,6.04965,-1.56742,-9.97774,-0.68792,3.08197,-6.23493,,,,,,,,,,,,,,,,,,,,,,,,,,,,,,,,,,,,,,,,,,,,,,,,,,,High,High,High,,,,,,,,,,,,,,,,,,,,,,,,,,,,,,,,,,,,
259,2026-03-20,20:31:33.19,1,2,"Allen, Colby",834949,Right,SOU_GOL,"Pyne, Josh",695635,Right,TRO_TRJ,Undefined,9,Top,0,1,0,Slider,Slider,StrikeCalled,Undefined,Undefined,Undefined,0,0,,80.65153,0.449613,-0.408441,2219.095516,162.297207,11:30,5.97423,0.98724,5.82555,-40.13423,3.02469,-0.52158,3.0477,0.56407,73.75117,-6.959656,-0.502035,0.472832,,,,,,,,,,,,0.14717,1.85984,-0.95357,50,5.98744,0.85535,-117.13214,-0.38225,0.20367,22.92766,-29.60026,SOU_GOL,TRO_TRJ,HillDensonField,D1,SBELT,20260320-HillDensonField-1,b2572990-24c5-11f1-b0f9-cffb574f71cc,79.71638,,,6.90035,,,,,,,73f695f1-acc7-4437-a517-846b8f7664b0,2026-03-21,01:31:33.19,2026-03-20T20:31:33.1930000-05:00,2026-03-21T01:31:33.1930000Z,,v3,471449,471470,36ca09f5531f47ca8911e9f965eba1cf,"Stockman, Tucker",838152,Right,SOU_GOL,77256b02-66ad-4886-97ef-42c92be459c4,54.67168,-118.04304,11.46383,5.97927,0.79374,-14.80013,-0.98739,0.84726,0.10183,,,,,,,,,,,,,,,,,,,,,,,,,,,,,,,,,,,,,,,,,,,,,,,,,,,High,High,High,,,,,,,,,,,,,,,,,,,,,,,,,,,,,,,,,,,,
260,2026-03-20,20:31:47.85,1,3,"Allen, Colby",834949,Right,SOU_GOL,"Pyne, Josh",695635,Right,TRO_TRJ,Undefined,9,Top,0,1,1,TwoSeamFastBall,Sinker,BallCalled,Undefined,Undefined,Undefined,0,0,,89.48792,-3.50406,-2.540921,1877.710271,222.815658,1:30,5.9965,0.68197,6.22634,-20.63694,14.11871,11.99005,1.03656,-0.66474,81.61946,-7.395741,-0.375746,0.424311,,,,,,,,,,,,-7.00386,8.71859,-0.49798,50,5.7239,5.27699,-129.69021,-8.56106,-11.85511,28.68411,-17.41651,SOU_GOL,TRO_TRJ,HillDensonField,D1,SBELT,20260320-HillDensonField-1,bb046260-24c5-11f1-b0f9-cffb574f71cc,88.83215,,,7.86847,,,,,,,73f695f1-acc7-4437-a517-846b8f7664b0,2026-03-21,01:31:47.85,2026-03-20T20:31:47.8550000-05:00,2026-03-21T01:31:47.8550000Z,,v3,471449,471470,36ca09f5531f47ca8911e9f965eba1cf,"Stockman, Tucker",838152,Right,SOU_GOL,7a1cbe73-9d40-4242-91a8-755465fd0394,54.27221,-130.63169,14.34206,5.99552,-7.98941,-8.70825,-0.67757,5.66611,-5.92755,,,,,,,,,,,,,,,,,,,,,,,,,,,,,,,,,,,,,,,,,,,,,,,,,,,High,High,High,,,,,,,,,,,,,,,,,,,,,,,,,,,,,,,,,,,,
261,2026-03-20,20:32:03.32,1,4,"Allen, Colby",834949,Right,SOU_GOL,"Pyne, Josh",695635,Right,TRO_TRJ,Undefined,9,Top,0,2,1,TwoSeamFastBall,Changeup,StrikeCalled,Undefined,Undefined,Undefined,0,0,,89.33761,-1.66145,-1.272359,1802.334,227.892127,1:30,5.99635,1.05047,6.08053,-21.1219,13.83879,14.01131,2.69824,1.04072,81.27808,-5.651322,1.252457,0.425561,,,,,,,,,,,,-7.55815,7.97481,-0.95922,50,5.85675,2.28992,-129.6816,-4.40563,-12.78601,28.79196,-18.68324,SOU_GOL,TRO_TRJ,HillDensonField,D1,SBELT,20260320-HillDensonField-1,c43e71e0-24c5-11f1-b0f9-cffb574f71cc,88.57124,,,8.05953,,,,,,,73f695f1-acc7-4437-a517-846b8f7664b0,2026-03-21,01:32:03.32,2026-03-20T20:32:03.3230000-05:00,2026-03-21T01:32:03.3230000Z,,v3,471449,471470,36ca09f5531f47ca8911e9f965eba1cf,"Stockman, Tucker",838152,Right,SOU_GOL,15d6708a-2275-48b5-b694-ced46eaf51d1,54.41606,-130.65838,14.39598,5.99546,-3.7718,-9.34162,-1.04427,2.72369,-6.39301,,,,,,,,,,,,,,,,,,,,,,,,,,,,,,,,,,,,,,,,,,,,,,,,,,,High,High,High,,,,,,,,,,,,,,,,,,,,,,,,,,,,,,,,,,,,
262,2026-03-20,20:32:18.91,1,5,"Allen, Colby",834949,Right,SOU_GOL,"Pyne, Josh",695635,Right,TRO_TRJ,Undefined,9,Top,0,2,2,TwoSeamFastBall,Sinker,BallCalled,Undefined,Undefined,Undefined,0,0,,89.61511,-3.276746,-0.674834,1839.15635,226.91485,1:30,5.97997,0.97553,6.07682,-22.62056,12.05922,11.68879,1.05961,1.32518,82.08623,-7.501335,1.43297,0.423848,,,,,,,,,,,,-6.24296,7.50331,-0.92955,50,5.71434,1.05383,-130.02445,-8.15984,-10.65692,27.99346,-19.36565,SOU_GOL,TRO_TRJ,HillDensonField,D1,SBELT,20260320-HillDensonField-1,cd877580-24c5-11f1-b0f9-cffb574f71cc,88.92925,,,7.52888,,,,,,,73f695f1-acc7-4437-a517-846b8f7664b0,2026-03-21,01:32:18.91,2026-03-20T20:32:18.9130000-05:00,2026-03-21T01:32:18.9130000Z,,v3,471449,471470,36ca09f5531f47ca8911e9f965eba1cf,"Stockman, Tucker",838152,Right,SOU_GOL,8571c1ff-afd5-4375-89ca-dc17b8e7a613,54.4217,-130.97295,13.99673,5.9797,-7.50367,-9.68283,-0.97138,1.41492,-5.32846,,,,,,,,,,,,,,,,,,,,,,,,,,,,,,,,,,,,,,,,,,,,,,,,,,,High,High,High,,,,,,,,,,,,,,,,,,,,,,,,,,,,,,,,,,,,
263,2026-03-20,20:32:33.45,1,6,"Allen, Colby",834949,Right,SOU_GOL,"Pyne, Josh",695635,Right,TRO_TRJ,Undefined,9,Top,0,3,2,TwoSeamFastBall,Changeup,InPlay,Undefined,LineDrive,Single,0,0,,90.12429,-2.49091,-1.78346,1773.311252,223.083483,1:30,5.99612,0.85718,6.19765,-19.80218,14.51434,12.4667,2.04392,0.24916,81.86022,-6.246691,0.467493,0.421622,71.87493,29.511093,0.010662,3773.21788,109.88154,45.6273,5.10166,243.09671,243.09671,6.194306,3.780859,-7.04926,8.6406,-0.72934,50,5.79866,3.56839,-130.75621,-6.27687,-12.086,30.06236,-17.35971,SOU_GOL,TRO_TRJ,HillDensonField,D1,SBELT,20260320-HillDensonField-1,d62d0d30-24c5-11f1-b0f9-cffb574f71cc,89.39874,47.80664,,8.26407,,,,2.09158,2.16688,-0.24144,73f695f1-acc7-4437-a517-846b8f7664b0,2026-03-21,01:32:33.45,2026-03-20T20:32:33.4530000-05:00,2026-03-21T01:32:33.4530000Z,FlyBall,v3,471449,471470,36ca09f5531f47ca8911e9f965eba1cf,"Stockman, Tucker",838152,Right,SOU_GOL,c52bf0d3-4ffd-4c33-b141-15e814c0a340,54.30079,-131.7413,15.03118,5.99502,-5.70803,-8.67985,-0.85276,3.96443,-6.043,203.488146,2.09127,91.74957,-14.30009,3.27348,-0.77143,0.21702,-0.05631,0.00905,-0.00061,2.16735,51.91322,-15.70716,0.48665,0.15371,-0.13502,0.0471,-0.00768,0.00048,-0.2414,0.01601,3.63181,-0.8995,0.21652,-0.05317,0.01186,-0.00177,0.00011,,,,,,,,,,,,,,,,,,,,,,,High,High,High,High,High,,,,,,,,,,,,,,,,,,,,,,,,,,,,,,,,,,
264,2026-03-20,20:36:37.97,2,1,"Clark, Camden",10094760,Right,SOU_GOL,"Piasecki, Aaron",1000189116,Left,TRO_TRJ,Undefined,9,Top,0,0,0,FourSeamFastBall,Four-Seam,StrikeCalled,Undefined,Undefined,Undefined,0,0,,93.79781,-2.049084,-3.801648,2370.277773,208.513172,1:00,5.44937,1.83882,6.55776,-8.70918,22.72108,11.73012,2.83996,-0.67434,84.55344,-3.826996,-1.676968,0.403502,,,,,,,,,,,,-7.30276,12.84552,-1.58073,50,5.30337,8.5385,-135.89955,-4.98599,-13.48717,33.24397,-8.45024,SOU_GOL,TRO_TRJ,HillDensonField,D1,SBELT,20260320-HillDensonField-1,67f32ab0-24c6-11f1-b0f9-cffb574f71cc,93.41329,,,9.24437,,,,,,,73f695f1-acc7-4437-a517-846b8f7664b0,2026-03-21,01:36:37.97,2026-03-20T20:36:37.9710000-05:00,2026-03-21T01:36:37.9710000Z,,v3,471449,471470,36ca09f5531f47ca8911e9f965eba1cf,"Stockman, Tucker",838152,Right,SOU_GOL,f5c553e3-047d-4874-9896-3a84284533e0,53.93824,-136.85954,16.62199,5.44383,-4.74198,-4.22512,-1.83291,8.92797,-6.74358,,,,,,,,,,,,,,,,,,,,,,,,,,,,,,,,,,,,,,,,,,,,,,,,,,,High,High,High,,,,,,,,,,,,,,,,,,,,,,,,,,,,,,,,,,,,
265,2026-03-20,20:36:54.49,2,2,"Clark, Camden",10094760,Right,SOU_GOL,"Piasecki, Aaron",1000189116,Left,TRO_TRJ,Undefined,9,Top,0,0,1,ChangeUp,Changeup,BallCalled,Undefined,Undefined,Undefined,0,0,,83.85078,-2.799483,-3.758102,1897.71052,238.354862,2:00,5.29298,2.02937,6.67165,-27.76698,11.1054,15.91958,0.41035,-0.08709,76.71777,-8.030896,-0.8618,0.448737,,,,,,,,,,,,-9.59004,7.0567,-1.78369,50,5.09383,7.44083,-121.59522,-6.70408,-14.28429,24.98562,-21.66317,SOU_GOL,TRO_TRJ,HillDensonField,D1,SBELT,20260320-HillDensonField-1,71cbc420-24c6-11f1-b0f9-cffb574f71cc,83.9967,,,7.133,,,,,,,73f695f1-acc7-4437-a517-846b8f7664b0,2026-03-21,01:36:54.49,2026-03-20T20:36:54.4990000-05:00,2026-03-21T01:36:54.4990000Z,,v3,471449,471470,36ca09f5531f47ca8911e9f965eba1cf,"Stockman, Tucker",838152,Right,SOU_GOL,497cf89e-f853-44ce-b7c2-4fa80dc70912,53.82843,-122.37936,12.49281,5.29356,-6.0242,-10.83158,-2.02425,7.88913,-7.14214,,,,,,,,,,,,,,,,,,,,,,,,,,,,,,,,,,,,,,,,,,,,,,,,,,,High,High,High,,,,,,,,,,,,,,,,,,,,,,,,,,,,,,,,,,,,
266,2026-03-20,20:37:16.82,2,3,"Clark, Camden",10094760,Right,SOU_GOL,"Piasecki, Aaron",1000189116,Left,TRO_TRJ,Undefined,9,Top,0,1,1,FourSeamFastBall,Four-Seam,InPlay,Undefined,Popup,Out,1,0,,93.63469,-2.644228,-3.243609,2326.3121,207.945627,1:00,5.42309,1.96328,6.69662,-8.74217,22.54682,11.37532,2.27102,-0.058,84.66121,-4.424815,-1.175662,0.402594,88.09698,35.246835,-22.109221,4367.747727,97.18923,66.39775,-51.51916,298.29547,293.42113,-36.581566,4.649684,-7.01229,13.04501,-1.75142,50,5.24286,7.24177,-135.77318,-6.40354,-12.94738,32.74191,-8.08788,SOU_GOL,TRO_TRJ,HillDensonField,D1,SBELT,20260320-HillDensonField-1,7f156870-24c6-11f1-b0f9-cffb574f71cc,93.62397,78.64495,,8.97348,,,,1.07102,2.32889,0.06382,73f695f1-acc7-4437-a517-846b8f7664b0,2026-03-21,01:37:16.82,2026-03-20T20:37:16.8260000-05:00,2026-03-21T01:37:16.8260000Z,FlyBall,v3,471449,471470,36ca09f5531f47ca8911e9f965eba1cf,"Stockman, Tucker",838152,Right,SOU_GOL,249d7fda-3d00-4aae-96a4-6e2dda0f1025,53.80115,-136.68675,16.37096,5.41839,-6.17787,-4.04394,-1.95852,7.60303,-6.47369,139.425204,1.0722,97.7467,-23.40196,6.05879,-1.33838,0.2788,-0.05728,0.00843,-0.00053,2.33169,74.49265,-20.03819,0.46466,0.62678,-0.35998,0.09987,-0.01361,0.00072,0.0631,-39.69476,-2.18308,1.80612,-0.69467,0.19691,-0.0394,0.00463,-0.00023,,,,,,,,,,,,,,,,,,,,,,,High,High,High,High,High,,,,,,,,,,,,,,,,,,,,,,,,,,,,,,,,,,
267,2026-03-20,20:37:59.57,3,1,"Clark, Camden",10094760,Right,SOU_GOL,"Janicki, Jimmy",1000359452,Right,TRO_TRJ,Undefined,9,Top,1,0,0,FourSeamFastBall,Four-Seam,BallCalled,Undefined,Undefined,Undefined,0,0,,93.24633,-3.993788,-3.847575,2327.69372,200.464121,12:45,5.48012,1.87041,6.59568,-9.96221,21.81604,7.72036,0.97665,-1.01664,84.47548,-5.983723,-2.448674,0.405729,,,,,,,,,,,,-5.25103,13.04327,-1.6104,50,5.20196,8.76585,-134.91922,-9.62013,-9.58302,32.07314,-8.37043,SOU_GOL,TRO_TRJ,HillDensonField,D1,SBELT,20260320-HillDensonField-1,98903c30-24c6-11f1-b0f9-cffb574f71cc,92.90049,,,8.77085,,,,,,,73f695f1-acc7-4437-a517-846b8f7664b0,2026-03-21,01:37:59.57,2026-03-20T20:37:59.5760000-05:00,2026-03-21T01:37:59.5760000Z,,v3,471449,471470,36ca09f5531f47ca8911e9f965eba1cf,"Stockman, Tucker",838152,Right,SOU_GOL,51da85a9-ba31-4f9e-a1d1-2624386fd27b,53.90211,-135.84366,16.03657,5.47576,-9.37887,-4.18522,-1.86704,9.04206,-4.79151,,,,,,,,,,,,,,,,,,,,,,,,,,,,,,,,,,,,,,,,,,,,,,,,,,,High,High,High,,,,,,,,,,,,,,,,,,,,,,,,,,,,,,,,,,,,
268,2026-03-20,20:38:34.79,3,2,"Clark, Camden",10094760,Right,SOU_GOL,"Janicki, Jimmy",1000359452,Right,TRO_TRJ,Undefined,9,Top,1,1,0,ChangeUp,Changeup,StrikeSwinging,Undefined,Undefined,Undefined,0,0,,82.13578,-1.465703,-3.695731,1715.780633,240.708134,2:00,5.46494,2.02012,6.57915,-31.28147,9.3939,14.30501,1.51177,-0.17955,74.9338,-7.351436,-1.098472,0.459026,,,,,,,,,,,,-8.61859,5.78359,-1.77195,50,5.35119,7.19005,-119.14975,-3.91404,-12.30656,24.32815,-23.91559,SOU_GOL,TRO_TRJ,HillDensonField,D1,SBELT,20260320-HillDensonField-1,ad9df1d0-24c6-11f1-b0f9-cffb574f71cc,82.11397,,,7.20198,,,,,,,73f695f1-acc7-4437-a517-846b8f7664b0,2026-03-21,01:38:34.79,2026-03-20T20:38:34.7970000-05:00,2026-03-21T01:38:34.7970000Z,,v3,471449,471470,36ca09f5531f47ca8911e9f965eba1cf,"Stockman, Tucker",838152,Right,SOU_GOL,2e5c9afa-faf5-4c85-a080-7a1527abf8b8,53.91903,-119.94727,12.16408,5.46665,-3.13004,-11.9578,-2.01427,7.59348,-6.15328,,,,,,,,,,,,,,,,,,,,,,,,,,,,,,,,,,,,,,,,,,,,,,,,,,,High,High,High,,,,,,,,,,,,,,,,,,,,,,,,,,,,,,,,,,,,
269,2026-03-20,20:38:57.47,3,3,"Clark, Camden",10094760,Right,SOU_GOL,"Janicki, Jimmy",1000359452,Right,TRO_TRJ,Undefined,9,Top,1,1,1,FourSeamFastBall,Four-Seam,BallCalled,Undefined,Undefined,Undefined,0,0,,94.09398,-2.938132,-3.991989,2367.31412,212.762575,1:00,5.35147,1.67883,6.67137,-11.04607,20.1584,12.23548,1.73406,-0.95961,84.76523,-5.140797,-1.771296,0.40205,,,,,,,,,,,,-7.67725,11.85918,-1.4153,50,5.14909,8.99932,-136.21143,-7.21282,-14.21585,33.93898,-10.21456,SOU_GOL,TRO_TRJ,HillDensonField,D1,SBELT,20260320-HillDensonField-1,bb181c00-24c6-11f1-b0f9-cffb574f71cc,93.75069,,,9.32875,,,,,,,73f695f1-acc7-4437-a517-846b8f7664b0,2026-03-21,01:38:57.47,2026-03-20T20:38:57.4740000-05:00,2026-03-21T01:38:57.4740000Z,,v3,471449,471470,36ca09f5531f47ca8911e9f965eba1cf,"Stockman, Tucker",838152,Right,SOU_GOL,c18ede33-6ebd-419c-8216-bbe68c7aea5e,53.82447,-137.16104,16.96949,5.34691,-6.92701,-5.10728,-1.67266,9.39708,-7.10792,,,,,,,,,,,,,,,,,,,,,,,,,,,,,,,,,,,,,,,,,,,,,,,,,,,High,High,High,,,,,,,,,,,,,,,,,,,,,,,,,,,,,,,,,,,,
270,2026-03-20,20:39:18.67,3,4,"Clark, Camden",10094760,Right,SOU_GOL,"Janicki, Jimmy",1000359452,Right,TRO_TRJ,Undefined,9,Top,1,2,1,FourSeamFastBall,Four-Seam,StrikeSwinging,Undefined,Undefined,Undefined,0,0,,93.64558,-2.142309,-4.16161,2319.840206,208.988031,1:00,5.41074,1.96945,6.68553,-10.93694,20.50265,10.72859,2.53383,-0.9495,84.38274,-4.328253,-2.215008,0.403561,,,,,,,,,,,,-6.93126,11.77847,-1.69495,50,5.26237,9.42601,-135.62157,-5.28172,-12.73473,33.40769,-10.53355,SOU_GOL,TRO_TRJ,HillDensonField,D1,SBELT,20260320-HillDensonField-1,c7c02920-24c6-11f1-b0f9-cffb574f71cc,93.3995,,,9.26284,,,,,,,73f695f1-acc7-4437-a517-846b8f7664b0,2026-03-21,01:39:18.67,2026-03-20T20:39:18.6720000-05:00,2026-03-21T01:39:18.6720000Z,,v3,471449,471470,36ca09f5531f47ca8911e9f965eba1cf,"Stockman, Tucker",838152,Right,SOU_GOL,87efb575-3bf0-45c5-8026-fb08435f8f1d,53.81006,-136.55688,16.70385,5.40611,-4.98681,-5.26678,-1.96385,9.78254,-6.36737,,,,,,,,,,,,,,,,,,,,,,,,,,,,,,,,,,,,,,,,,,,,,,,,,,,High,High,High,,,,,,,,,,,,,,,,,,,,,,,,,,,,,,,,,,,,
271,2026-03-20,20:39:41.34,3,5,"Clark, Camden",10094760,Right,SOU_GOL,"Janicki, Jimmy",1000359452,Right,TRO_TRJ,Undefined,9,Top,1,2,2,FourSeamFastBall,Four-Seam,StrikeSwinging,Strikeout,Undefined,Undefined,0,0,,94.86205,-2.438336,-3.098612,2370.070852,200.495715,12:45,5.50274,1.74213,6.50435,-7.44989,23.27017,8.29225,2.63942,-0.41348,85.68656,-3.976814,-1.596708,0.398917,,,,,,,,,,,,-5.24969,13.18217,-1.52853,50,5.32794,7.08549,-137.49527,-5.92957,-9.94394,33.47866,-7.20451,SOU_GOL,TRO_TRJ,HillDensonField,D1,SBELT,20260320-HillDensonField-1,d53e9910-24c6-11f1-b0f9-cffb574f71cc,94.48696,,,9.17548,,,,,,,73f695f1-acc7-4437-a517-846b8f7664b0,2026-03-21,01:39:41.34,2026-03-20T20:39:41.3480000-05:00,2026-03-21T01:39:41.3480000Z,,v3,471449,471470,36ca09f5531f47ca8911e9f965eba1cf,"Stockman, Tucker",838152,Right,SOU_GOL,e5aa0452-520b-41c3-ba31-ad161d6d014a,53.9909,-138.4636,16.73933,5.49643,-5.72119,-3.60225,-1.73763,7.37311,-4.97197,,,,,,,,,,,,,,,,,,,,,,,,,,,,,,,,,,,,,,,,,,,,,,,,,,,High,High,High,,,,,,,,,,,,,,,,,,,,,,,,,,,,,,,,,,,,
272,2026-03-20,20:40:32.93,4,1,"Clark, Camden",10094760,Right,SOU_GOL,"Nelson, Drew",1000091974,Left,TRO_TRJ,Undefined,9,Top,2,0,0,FourSeamFastBall,Four-Seam,StrikeSwinging,Undefined,Undefined,Undefined,0,0,,94.18246,-1.858726,-2.888185,2402.937272,203.677468,12:45,5.36485,1.76231,6.50071,-7.88406,23.40123,9.75823,2.99905,-0.07767,84.65054,-3.489928,-1.120078,0.40257,,,,,,,,,,,,-6.00886,13.1367,-1.56394,50,5.23057,6.47334,-136.53729,-4.51676,-11.16209,34.53934,-7.77119,SOU_GOL,TRO_TRJ,HillDensonField,D1,SBELT,20260320-HillDensonField-1,f3fd62f0-24c6-11f1-b0f9-cffb574f71cc,93.62953,,,9.53192,,,,,,,73f695f1-acc7-4437-a517-846b8f7664b0,2026-03-21,01:40:32.93,2026-03-20T20:40:32.9360000-05:00,2026-03-21T01:40:32.9360000Z,,v3,471449,471470,36ca09f5531f47ca8911e9f965eba1cf,"Stockman, Tucker",838152,Right,SOU_GOL,49bad3bf-c73c-4981-a56a-3e020228dea1,53.99469,-137.5441,17.26967,5.35894,-4.29023,-3.88559,-1.75738,6.79871,-5.58104,,,,,,,,,,,,,,,,,,,,,,,,,,,,,,,,,,,,,,,,,,,,,,,,,,,High,High,High,,,,,,,,,,,,,,,,,,,,,,,,,,,,,,,,,,,,
273,2026-03-20,20:40:53.22,4,2,"Clark, Camden",10094760,Right,SOU_GOL,"Nelson, Drew",1000091974,Left,TRO_TRJ,Undefined,9,Top,2,0,1,FourSeamFastBall,Four-Seam,BallCalled,Undefined,Undefined,Undefined,0,0,,92.83153,-0.603796,-1.786295,2321.911873,201.964989,12:45,5.38685,2.04882,6.41,-9.31729,22.89848,8.76949,4.05497,1.1367,83.49893,-2.497722,-0.198032,0.408513,,,,,,,,,,,,-5.11374,12.42642,-1.92461,50,5.33883,3.82869,-134.72496,-1.55664,-9.25731,33.38173,-9.67866,SOU_GOL,TRO_TRJ,HillDensonField,D1,SBELT,20260320-HillDensonField-1,00162860-24c7-11f1-b0f9-cffb574f71cc,92.26751,,,9.3326,,,,,,,73f695f1-acc7-4437-a517-846b8f7664b0,2026-03-21,01:40:53.22,2026-03-20T20:40:53.2250000-05:00,2026-03-21T01:40:53.2250000Z,,v3,471449,471470,36ca09f5531f47ca8911e9f965eba1cf,"Stockman, Tucker",838152,Right,SOU_GOL,3a6a7f0b-d485-4c4d-8f38-06f4ed9887d3,54.08503,-135.73337,16.69087,5.38143,-1.26426,-4.83933,-2.04449,4.10833,-4.62866,,,,,,,,,,,,,,,,,,,,,,,,,,,,,,,,,,,,,,,,,,,,,,,,,,,High,High,High,,,,,,,,,,,,,,,,,,,,,,,,,,,,,,,,,,,,
274,2026-03-20,20:41:08.90,4,3,"Clark, Camden",10094760,Right,SOU_GOL,"Nelson, Drew",1000091974,Left,TRO_TRJ,Undefined,9,Top,2,1,1,FourSeamFastBall,Four-Seam,StrikeSwinging,Undefined,Undefined,Undefined,0,0,,93.15236,-1.296306,-2.386119,2299.394467,207.093547,1:00,5.50426,2.16111,6.50798,-11.29694,20.67631,9.97579,3.37197,0.80137,83.66546,-3.552385,-0.57688,0.406972,,,,,,,,,,,,-6.00142,11.58453,-1.99845,50,5.40844,5.21772,-135.1303,-3.2822,-10.89969,34.32723,-11.13441,SOU_GOL,TRO_TRJ,HillDensonField,D1,SBELT,20260320-HillDensonField-1,096b12e0-24c7-11f1-b0f9-cffb574f71cc,92.61674,,,9.48691,,,,,,,73f695f1-acc7-4437-a517-846b8f7664b0,2026-03-21,01:41:08.90,2026-03-20T20:41:08.9040000-05:00,2026-03-21T01:41:08.9040000Z,,v3,471449,471470,36ca09f5531f47ca8911e9f965eba1cf,"Stockman, Tucker",838152,Right,SOU_GOL,ada94b6d-d328-48c6-a728-ae6825544a17,53.98801,-136.1396,17.16362,5.50013,-2.95483,-5.5672,-2.15658,5.5382,-5.44985,,,,,,,,,,,,,,,,,,,,,,,,,,,,,,,,,,,,,,,,,,,,,,,,,,,High,High,High,,,,,,,,,,,,,,,,,,,,,,,,,,,,,,,,,,,,
275,2026-03-20,20:41:30.17,4,4,"Clark, Camden",10094760,Right,SOU_GOL,"Nelson, Drew",1000091974,Left,TRO_TRJ,Undefined,9,Top,2,1,2,FourSeamFastBall,Four-Seam,BallCalled,Undefined,Undefined,Undefined,1,0,,94.17128,0.186626,-1.467812,2254.817136,214.044685,1:15,5.42497,1.90178,6.5153,-12.33973,18.91072,12.00894,4.56796,1.55537,84.48473,-2.259321,0.712276,0.402346,,,,,,,,,,,,-6.73603,10.1428,-1.80406,50,5.4322,2.99314,-136.6986,0.17941,-12.51298,35.27113,-13.33262,SOU_GOL,TRO_TRJ,HillDensonField,D1,SBELT,20260320-HillDensonField-1,161a7300-24c7-11f1-b0f9-cffb574f71cc,93.68171,,,9.68655,,,,,,,73f695f1-acc7-4437-a517-846b8f7664b0,2026-03-21,01:41:30.17,2026-03-20T20:41:30.1730000-05:00,2026-03-21T01:41:30.1730000Z,,v3,471449,471470,36ca09f5531f47ca8911e9f965eba1cf,"Stockman, Tucker",838152,Right,SOU_GOL,f8d62acf-5d77-4718-ad81-a0e5dcc48fc9,53.97992,-137.72167,17.63556,5.42139,0.56614,-6.66631,-1.89614,3.35609,-6.25649,,,,,,,,,,,,,,,,,,,,,,,,,,,,,83.37459,1.94704,0.760883,1.186157,-0.26454,4.50017,-1.5773,0.20845,6.04463,-0.68366,127.28077,3.92199,1.9381,0.35726,120.19464,-11.22102,6.025,9.57214,-9.55407,-0.72266,-0.34858,2.21065,High,High,High,,,High,High,High,,,,,,,,,,,,,,,,,,,,,,,,,,,,,,,
276,2026-03-20,20:45:53.11,1,1,"Ellingworth, Cooper",1000462248,Right,TRO_TRJ,"Stockman, Tucker",838152,Right,SOU_GOL,Undefined,9,Bottom,0,0,0,Cutter,Slider,InPlay,Undefined,GroundBall,Out,1,0,,86.50755,-0.677383,-2.361045,2371.309431,181.276467,12:00,4.90085,1.73836,5.93293,-27.48116,9.67682,0.19059,1.98174,-0.43748,79.50777,-5.785353,-2.326846,0.43873,75.74609,-7.746918,15.393874,,,,,14.91963,13.79584,16.282825,0.130912,-0.7326,5.48614,-1.54991,50,4.83113,5.17297,-125.64635,-2.37703,-1.17498,24.67364,-23.37508,SOU_GOL,TRO_TRJ,HillDensonField,D1,SBELT,20260320-HillDensonField-1,b2d659c0-24c7-11f1-b0f9-cffb574f71cc,85.91259,1.97136,,6.99978,,,,0.63592,1.97136,0.44142,73f695f1-acc7-4437-a517-846b8f7664b0,2026-03-21,01:45:53.11,2026-03-20T20:45:53.1180000-05:00,2026-03-21T01:45:53.1180000Z,GroundBall,v3,471449,471470,36ca09f5531f47ca8911e9f965eba1cf,"Janicki, Jimmy",1000359452,Right,TRO_TRJ,60df3857-8ab5-47a7-96ee-689ec770766d,54.56594,-126.5398,12.33682,4.90187,-1.5306,-11.68754,-1.738,5.21551,-0.58749,173.542237,0.63613,106.11014,-12.03485,,,,,,,1.97114,-14.95305,-0.78084,,,,,,,0.44152,29.21159,-4.82065,,,,,,,,,,,,,,,,,,,,,,,,,,,,,High,High,High,High,High,,,,,,,,,,,,,,,,,,,,,,,,,,,,,,,,,,
277,2026-03-20,20:46:29.79,2,1,"Ellingworth, Cooper",1000462248,Right,TRO_TRJ,"Smith, Seth",835337,Left,SOU_GOL,Undefined,9,Bottom,1,0,0,ChangeUp,Changeup,BallCalled,Undefined,Undefined,Undefined,0,0,,83.61909,-0.436349,-4.766031,2113.163142,242.329917,2:00,4.81097,1.65905,6.21575,-28.89171,11.22323,18.66103,1.99925,-1.19422,75.53393,-5.880437,-1.410222,0.455853,,,,,,,,,,,,-11.04134,6.37914,-1.30975,50,4.76397,9.34991,-121.00909,-1.77325,-16.17962,26.20124,-22.82625,SOU_GOL,TRO_TRJ,HillDensonField,D1,SBELT,20260320-HillDensonField-1,c8bdcd90-24c7-11f1-b0f9-cffb574f71cc,82.6856,,,8.08516,,,,,,,73f695f1-acc7-4437-a517-846b8f7664b0,2026-03-21,01:46:29.79,2026-03-20T20:46:29.7940000-05:00,2026-03-21T01:46:29.7940000Z,,v3,471449,471470,36ca09f5531f47ca8911e9f965eba1cf,"Janicki, Jimmy",1000359452,Right,TRO_TRJ,d8078954-776d-40e1-b953-7d2567593e64,54.28009,-121.9323,13.10062,4.81228,-0.96895,-11.41313,-1.64924,9.92001,-8.08981,,,,,,,,,,,,,,,,,,,,,,,,,,,,,,,,,,,,,,,,,,,,,,,,,,,High,High,High,,,,,,,,,,,,,,,,,,,,,,,,,,,,,,,,,,,,
278,2026-03-20,20:46:45.41,2,2,"Ellingworth, Cooper",1000462248,Right,TRO_TRJ,"Smith, Seth",835337,Left,SOU_GOL,Undefined,9,Bottom,1,1,0,ChangeUp,Changeup,InPlay,Undefined,GroundBall,Out,1,0,,83.47577,0.694228,-3.290932,2119.302774,241.24994,2:00,4.73987,1.83395,5.98,-29.00364,11.32973,18.14166,2.9675,0.29191,75.62962,-4.749827,-0.035402,0.457092,57.63501,-40.18638,26.384947,,,,,6.37993,6.3146,11.895207,0.055087,-10.36969,5.99922,-1.584,50,4.77879,6.25699,-121.04761,0.58582,-15.2493,25.58448,-23.35183,SOU_GOL,TRO_TRJ,HillDensonField,D1,SBELT,20260320-HillDensonField-1,d2017a00-24c7-11f1-b0f9-cffb574f71cc,82.46136,3.02449,,7.84616,,,,3.03521,3.02449,-0.27623,73f695f1-acc7-4437-a517-846b8f7664b0,2026-03-21,01:46:45.41,2026-03-20T20:46:45.4140000-05:00,2026-03-21T01:46:45.4140000Z,GroundBall,v3,471449,471470,36ca09f5531f47ca8911e9f965eba1cf,"Janicki, Jimmy",1000359452,Right,TRO_TRJ,801efc7d-4f15-4c45-8b3f-b274c6c0e13b,54.51877,-121.99895,12.79224,4.74087,1.45414,-11.67592,-1.8272,6.82403,-7.62465,180,3.03184,58.23021,,,,,,,,3.02766,-54.90405,,,,,,,,-0.2779,28.88666,,,,,,,,,,,,,,,,,,,,,,,,,,,,,,High,High,High,Medium,High,,,,,,,,,,,,,,,,,,,,,,,,,,,,,,,,,,
279,2026-03-20,20:49:59.11,3,1,"Ellingworth, Cooper",1000462248,Right,TRO_TRJ,"Eubanks, Gray",838141,Left,SOU_GOL,Undefined,9,Bottom,2,0,0,ChangeUp,Changeup,InPlay,Undefined,GroundBall,Out,1,0,,81.88961,0.057987,-3.557244,2186.983009,248.856691,2:15,4.80689,1.91483,6.13934,-33.33998,8.605,18.31403,2.08226,0.14933,73.88038,-6.196776,-0.260093,0.466135,80.54684,-5.233724,45.728684,,,,,19.79807,18.75902,41.842402,0.158712,-10.65969,4.84784,-1.65287,50,4.79421,6.69069,-118.68175,-0.87178,-14.96082,26.10069,-25.37012,SOU_GOL,TRO_TRJ,HillDensonField,D1,SBELT,20260320-HillDensonField-1,457cec30-24c8-11f1-b0f9-cffb574f71cc,80.86169,2.24343,,8.00923,,,,2.25173,2.24343,-0.1223,73f695f1-acc7-4437-a517-846b8f7664b0,2026-03-21,01:49:59.11,2026-03-20T20:49:59.1110000-05:00,2026-03-21T01:49:59.1110000Z,GroundBall,v3,471449,471470,36ca09f5531f47ca8911e9f965eba1cf,"Janicki, Jimmy",1000359452,Right,TRO_TRJ,0b1c0687-46c9-4d00-8afe-4cc94982e658,54.35878,-119.6365,13.05034,4.80912,0.05625,-12.68506,-1.90762,7.23795,-7.48041,291.837033,2.25224,82.0787,-21.05514,,,,,,,2.24395,-10.81998,-20.93508,,,,,,,-0.12264,84.26556,-1.74578,,,,,,,,,,,,,,,,,,,,,,,,,,,,,High,High,High,High,High,,,,,,,,,,,,,,,,,,,,,,,,,,,,,,,,,,