player_name,display_name,active,notes,id,pitcher,date,rel_speed,horz_break,induced_vert_break,original_pitch_type,new_pitch_type,new_pitcher,modified_at,pitch_key,created_at,PitchNo,Date,Time,PAofInning,PitchofPA,Pitcher,PitcherId,PitcherThrows,PitcherTeam,Batter,BatterId,BatterSide,BatterTeam,PitcherSet,Inning,Top/Bottom,Outs,Balls,Strikes,TaggedPitchType,AutoPitchType,PitchCall,KorBB,TaggedHitType,PlayResult,OutsOnPlay,RunsScored,Notes,RelSpeed,VertRelAngle,HorzRelAngle,SpinRate,SpinAxis,Tilt,RelHeight,RelSide,Extension,VertBreak,InducedVertBreak,HorzBreak,PlateLocHeight,PlateLocSide,ZoneSpeed,VertApprAngle,HorzApprAngle,ZoneTime,ExitSpeed,Angle,Direction,HitSpinRate,PositionAt110X,PositionAt110Y,PositionAt110Z,Distance,LastTrackedDistance,Bearing,HangTime,pfxx,pfxz,x0,y0,z0,vx0,vy0,vz0,ax0,ay0,az0,HomeTeam,AwayTeam,Stadium,Level,League,GameID,PitchUID,EffectiveVelo,MaxHeight,MeasuredDuration,SpeedDrop,PitchLastMeasuredX,PitchLastMeasuredY,PitchLastMeasuredZ,ContactPositionX,ContactPositionY,ContactPositionZ,GameUID,UTCDate,UTCTime,LocalDateTime,UTCDateTime,AutoHitType,System,HomeTeamForeignID,AwayTeamForeignID,GameForeignID,Catcher,CatcherId,CatcherThrows,CatcherTeam,PlayID,PitchTrajectoryXc0,PitchTrajectoryXc1,PitchTrajectoryXc2,PitchTrajectoryYc0,PitchTrajectoryYc1,PitchTrajectoryYc2,PitchTrajectoryZc0,PitchTrajectoryZc1,PitchTrajectoryZc2,HitSpinAxis,HitTrajectoryXc0,HitTrajectoryXc1,HitTrajectoryXc2,HitTrajectoryXc3,HitTrajectoryXc4,HitTrajectoryXc5,HitTrajectoryXc6,HitTrajectoryXc7,HitTrajectoryXc8,HitTrajectoryYc0,HitTrajectoryYc1,HitTrajectoryYc2,HitTrajectoryYc3,HitTrajectoryYc4,HitTrajectoryYc5,HitTrajectoryYc6,HitTrajectoryYc7,HitTrajectoryYc8,HitTrajectoryZc0,HitTrajectoryZc1,HitTrajectoryZc2,HitTrajectoryZc3,HitTrajectoryZc4,HitTrajectoryZc5,HitTrajectoryZc6,HitTrajectoryZc7,HitTrajectoryZc8,ThrowSpeed,PopTime,ExchangeTime,TimeToBase,CatchPositionX,CatchPositionY,CatchPositionZ,ThrowPositionX,ThrowPositionY,ThrowPositionZ,BasePositionX,BasePositionY,BasePositionZ,ThrowTrajectoryXc0,ThrowTrajectoryXc1,ThrowTrajectoryXc2,ThrowTrajectoryYc0,ThrowTrajectoryYc1,ThrowTrajectoryYc2,ThrowTrajectoryZc0,ThrowTrajectoryZc1,ThrowTrajectoryZc2,PitchReleaseConfidence,PitchLocationConfidence,PitchMovementConfidence,HitLaunchConfidence,HitLandingConfidence,CatcherThrowCatchConfidence,CatcherThrowReleaseConfidence,CatcherThrowLocationConfidence,SpinAxis3dTransverseAngle,SpinAxis3dLongitudinalAngle,SpinAxis3dActiveSpinRate,SpinAxis3dSpinEfficiency,SpinAxis3dTilt,SpinAxis3dVectorX,SpinAxis3dVectorY,SpinAxis3dVectorZ,SpinAxis3dSeamOrientationRotationX,SpinAxis3dSeamOrientationRotationY,SpinAxis3dSeamOrientationRotationZ,SpinAxis3dSeamOrientationBallYAmb1,SpinAxis3dSeamOrientationBallAngleHorizontalAmb1,SpinAxis3dSeamOrientationBallZAmb1,SpinAxis3dSeamOrientationBallAngleVerticalAmb2,SpinAxis3dSeamOrientationBallZAmb2,SpinAxis3dSeamOrientationBallXAmb4,SpinAxis3dSeamOrientationBallYAmb4,SpinAxis3dSeamOrientationBallAngleHorizontalAmb2,SpinAxis3dSeamOrientationBallAngleVerticalAmb1,SpinAxis3dSeamOrientationBallXAmb1,SpinAxis3dSeamOrientationBallYAmb2,SpinAxis3dSeamOrientationBallAngleHorizontalAmb4,SpinAxis3dSeamOrientationBallAngleVerticalAmb4,SpinAxis3dSeamOrientationBallXAmb2,SpinAxis3dSeamOrientationBallAngleVerticalAmb3,SpinAxis3dSeamOrientationBallAngleHorizontalAmb3,SpinAxis3dSeamOrientationBallXAmb3,SpinAxis3dSeamOrientationBallYAmb3,SpinAxis3dSeamOrientationBallZAmb3,SpinAxis3dSeamOrientationBallZAmb4,session_id,play_id,camera_slot,camera_name,camera_target,video_type,azure_blob,azure_md5,cloudinary_url,cloudinary_public_id,uploaded_at
NA,NA,NA,NA,NA,NA,NA,NA,NA,NA,NA,NA,NA,NA,NA,NA,1,2026-02-10,13:00:16,1,1,"Rasic, Anthony",1000289210,Right,ORA_COA,"Siqueiros, Will",10914754,Right,MT._SAN,Undefined,1,Top,0,0,0,Fastball,Changeup,BallCalled,Undefined,Undefined,Undefined,0,0,NA,85.89564,-2.494033,-3.195508,2107.013873,226.194393,01:30:00,5.84234,0.80403,5.91749,-25.21371,13.08005,12.23934,1.42155,-1.14469,78.04326,-7.214045,-0.999964,0.445385,NA,NA,NA,NA,NA,NA,NA,NA,NA,NA,NA,-7.24882,7.85996,-0.55475,50,5.62789,6.44726,-124.39978,-6.21012,-11.25239,27.14556,-19.973020000000002,ORA_COA,MT._SAN,JohnAltobelliPark,JUCO,NJCAA,20260210-JohnAltobelliPark-1,8078b620-06c3-11f1-9622-2f53c37c9706,84.62895,NA,NA,7.85238,NA,NA,NA,NA,NA,NA,f8462b57-8140-48a2-876f-4518772dfcbd,2026-02-10,21:00:16,2026-02-10T21:00:16Z,2026-02-10T21:00:16Z,NA,v3,NA,NA,NA,"Barnes, Flynn",1000398235,Right,ORA_COA,4088cb8c-afcc-4975-960a-2a43ea88f78e,54.58083,-125.39539,13.57278,5.84222,-5.47758,-9.9865100000000009,-0.79878,6.85996,-5.6262,NA,NA,NA,NA,NA,NA,NA,NA,NA,NA,NA,NA,NA,NA,NA,NA,NA,NA,NA,NA,NA,NA,NA,NA,NA,NA,NA,NA,NA,NA,NA,NA,NA,NA,NA,NA,NA,NA,NA,NA,NA,NA,NA,NA,NA,NA,NA,NA,NA,NA,High,High,High,NA,NA,NA,NA,NA,231.908268,23.172074,1937.035244,0.919327,01:45:00,-0.392689,-0.73997,-0.546113,-62.095058,-30.647535,-1.956129,0.103022,143.320221,-0.797719,36.453039,0.797719,-0.594164,-0.103022,7.358791,5.913233,0.594164,0.594164,-143.320221,-5.913233,0.103022,-36.453039,-7.358791,-0.103022,-0.594164,0.797719,-0.797719,NA,NA,NA,NA,NA,NA,NA,NA,NA,NA,NA
NA,NA,NA,NA,NA,NA,NA,NA,NA,NA,NA,NA,NA,NA,NA,NA,2,2026-02-10,13:00:33,1,2,"Rasic, Anthony",1000289210,Right,ORA_COA,"Siqueiros, Will",10914754,Right,MT._SAN,Undefined,1,Top,0,1,0,Fastball,Changeup,BallCalled,Undefined,Undefined,Undefined,0,0,NA,85.05818,-0.236536,-3.231814,2191.566226,214.372792,01:15:00,5.82712,0.79885,6.26678,-21.47123,17.12737,10.77611,3.81943,-1.28589,76.73393,-4.349056,-1.288396,0.447154,NA,NA,NA,NA,NA,NA,NA,NA,NA,NA,NA,-6.57091,9.34587,-0.56423,50,5.79903,6.53577,-123.2968,-1.08066,-9.98523,27.45093,-17.97191,ORA_COA,MT._SAN,JohnAltobelliPark,JUCO,NJCAA,20260210-JohnAltobelliPark-1,8ae79c20-06c3-11f1-9622-2f53c37c9706,84.2941,NA,NA,8.32425,NA,NA,NA,NA,NA,NA,f8462b57-8140-48a2-876f-4518772dfcbd,2026-02-10,21:00:33,2026-02-10T21:00:33Z,2026-02-10T21:00:33Z,NA,v3,NA,NA,NA,"Barnes, Flynn",1000398235,Right,ORA_COA,327b3f56-d32c-4e96-8515-b289a970ada3,54.22953,-124.2349,13.72546,5.82547,-0.46649,-8.98596,-0.79341,6.877,-4.99261,NA,NA,NA,NA,NA,NA,NA,NA,NA,NA,NA,NA,NA,NA,NA,NA,NA,NA,NA,NA,NA,NA,NA,NA,NA,NA,NA,NA,NA,NA,NA,NA,NA,NA,NA,NA,NA,NA,NA,NA,NA,NA,NA,NA,NA,NA,NA,NA,NA,NA,High,High,High,NA,NA,NA,NA,NA,227.654919,23.05377,2016.542833,0.920138,01:30:00,-0.423107,-0.681686,-0.596896,99.545541,31.327081,-6.564625,-0.018521,146.079743,-0.829673,-33.913648,0.829673,-0.557943,0.018521,1.278818,-1.061237,0.557943,-0.557943,-146.079743,1.061237,0.018521,33.913648,-1.278818,-0.018521,0.557943,0.829673,-0.829673,NA,NA,NA,NA,NA,NA,NA,NA,NA,NA,NA
NA,NA,NA,NA,NA,NA,NA,NA,NA,NA,NA,NA,NA,NA,NA,NA,3,2026-02-10,13:00:52,1,3,"Rasic, Anthony",1000289210,Right,ORA_COA,"Siqueiros, Will",10914754,Right,MT._SAN,Undefined,1,Top,0,2,0,Fastball,Changeup,StrikeCalled,Undefined,Undefined,Undefined,0,0,NA,84.17945,-1.127557,-3.206779,2114.888611,224.503035,01:30:00,5.9141,0.80768,6.04264,-21.3993,18.70194,16.85465,3.08509,-0.75991,75.34889,-5.235598,-0.178138,0.455775,NA,NA,NA,NA,NA,NA,NA,NA,NA,NA,NA,-9.65213,10.41012,-0.56595,50,5.81462,6.13258,-121.8486,-2.97169,-14.20243,28.69195,-16.85626,ORA_COA,MT._SAN,JohnAltobelliPark,JUCO,NJCAA,20260210-JohnAltobelliPark-1,95f27400-06c3-11f1-9622-2f53c37c9706,82.69967,NA,NA,8.83056,NA,NA,NA,NA,NA,NA,f8462b57-8140-48a2-876f-4518772dfcbd,2026-02-10,21:00:52,2026-02-10T21:00:52Z,2026-02-10T21:00:52Z,NA,v3,NA,NA,NA,"Barnes, Flynn",1000398235,Right,ORA_COA,eeb3486f-ca8e-4d07-8f21-9f42aac86f96,54.45197,-122.89244,14.34598,5.91158,-2.35844,-8.42813,-0.79845,6.64928,-7.10121,NA,NA,NA,NA,NA,NA,NA,NA,NA,NA,NA,NA,NA,NA,NA,NA,NA,NA,NA,NA,NA,NA,NA,NA,NA,NA,NA,NA,NA,NA,NA,NA,NA,NA,NA,NA,NA,NA,NA,NA,NA,NA,NA,NA,NA,NA,NA,NA,NA,NA,High,High,High,NA,NA,NA,NA,NA,228.884024,13.842873,2053.462774,0.970956,01:45:00,-0.260184,-0.736065,-0.62491,-59.349321,-41.011214,-10.192012,0.058279,149.619193,-0.861217,30.323732,0.861217,-0.504885,-0.058279,3.871341,3.341041,0.504885,0.504885,-149.619193,-3.341041,0.058279,-30.323732,-3.871341,-0.058279,-0.504885,0.861217,-0.861217,NA,NA,NA,NA,NA,NA,NA,NA,NA,NA,NA
NA,NA,NA,NA,NA,NA,NA,NA,NA,NA,NA,NA,NA,NA,NA,NA,4,2026-02-10,13:01:09,1,4,"Rasic, Anthony",1000289210,Right,ORA_COA,"Siqueiros, Will",10914754,Right,MT._SAN,Undefined,1,Top,0,2,1,Fastball,Changeup,InPlay,Undefined,GroundBall,Out,1,0,NA,84.28905,-2.016877,-2.914773,2075.47015,246.636814,02:15:00,5.84024,1.08898,5.87133,-29.2225,10.70068,21.44828,1.52845,0.16659,76.37552,-7.467309,0.933853,0.454762,78.77532,-21.15884,-45.857615,NA,NA,NA,NA,5.9473,5.9473,-32.09409,0.038787,-11.93127,6.52662,-0.86561,50,5.65996,5.36045,-122.13363,-5.22896,-17.77581,27.11757,-22.45037,ORA_COA,MT._SAN,JohnAltobelliPark,JUCO,NJCAA,20260210-JohnAltobelliPark-1,9fe4fe10-06c3-11f1-9622-2f53c37c9706,82.88395,1.62048,NA,7.91354,NA,NA,NA,2.12257,1.62048,-0.1554,f8462b57-8140-48a2-876f-4518772dfcbd,2026-02-10,21:01:09,2026-02-10T21:01:09Z,2026-02-10T21:01:09Z,GroundBall,v3,NA,NA,NA,"Barnes, Flynn",1000398235,Right,ORA_COA,56341948-0462-4bb3-a7f7-9c06047eb989,54.62833,-123.15698,13.55879,5.84131,-4.38174,-11.22519,-1.08056,6.03127,-8.88791,NA,2.12173,75.17609,NA,NA,NA,NA,NA,NA,NA,1.62095,-41.77907,NA,NA,NA,NA,NA,NA,NA,-0.15453,-77.46097,NA,NA,NA,NA,NA,NA,NA,NA,NA,NA,NA,NA,NA,NA,NA,NA,NA,NA,NA,NA,NA,NA,NA,NA,NA,NA,NA,NA,NA,High,High,High,Estimated,Estimated,NA,NA,NA,233.927854,15.667081,1998.360329,0.962847,01:45:00,-0.271005,-0.787268,-0.553864,89.914951,33.140846,-87.579248,-0.951823,172.396404,-0.303953,-2.325438,0.303953,-0.040575,0.951823,72.289748,-72.142583,0.040575,-0.040575,-172.396404,72.142583,0.951823,2.325438,-72.289748,-0.951823,0.040575,0.303953,-0.303953,NA,NA,NA,NA,NA,NA,NA,NA,NA,NA,NA
NA,NA,NA,NA,NA,NA,NA,NA,NA,NA,NA,NA,NA,NA,NA,NA,5,2026-02-10,13:01:43,2,1,"Rasic, Anthony",1000289210,Right,ORA_COA,"Felipe, Steven",10914758,Left,MT._SAN,Undefined,1,Top,1,0,0,Fastball,Changeup,InPlay,Undefined,LineDrive,Single,0,0,NA,85.52162,-2.016647,-2.256941,2110.554733,239.001134,02:00:00,5.92371,0.81467,5.91277,-26.22714,12.29552,18.25115,1.86418,0.23977,77.77199,-6.921975,1.021231,0.446714,98.53925,4.899796,-11.089062,2067.631179,NA,NA,NA,130.14557,129.31177,-15.309416,1.015907,-10.03339,7.30595,-0.64399,50,5.74697,4.14666,-124.02235,-5.19107,-15.48779,26.87325,-20.89641,ORA_COA,MT._SAN,JohnAltobelliPark,JUCO,NJCAA,20260210-JohnAltobelliPark-1,b482dae0-06c3-11f1-9622-2f53c37c9706,84.37712,4.57305,NA,7.74963,NA,NA,NA,0.57266,1.93739,-0.20155,f8462b57-8140-48a2-876f-4518772dfcbd,2026-02-10,21:01:43,2026-02-10T21:01:43Z,2026-02-10T21:01:43Z,GroundBall,v3,NA,NA,NA,"Barnes, Flynn",1000398235,Right,ORA_COA,d2161a87-ba99-4ab3-92c4-d768660ee06b,54.58633,-125.01216,13.43662,5.92399,-4.42139,-10.44821,-0.80723,4.71712,-7.74389,104.553345,0.6954,139.65796,-16.62608,NA,NA,NA,NA,NA,NA,1.9694,11.91965,-13.67043,NA,NA,NA,NA,NA,NA,-0.12228,-28.77589,-4.91873,NA,NA,NA,NA,NA,NA,NA,NA,NA,NA,NA,NA,NA,NA,NA,NA,NA,NA,NA,NA,NA,NA,NA,NA,NA,NA,NA,NA,High,High,High,High,High,NA,NA,NA,229.013219,23.310783,1938.27421,0.918372,01:45:00,-0.394511,-0.706739,-0.587266,-59.482543,-35.161112,-8.125539,0.11412,144.567979,-0.809481,35.166134,0.809481,-0.575949,-0.11412,8.024598,6.552843,0.575949,0.575949,-144.567979,-6.552843,0.11412,-35.166134,-8.024598,-0.11412,-0.575949,0.809481,-0.809481,NA,NA,NA,NA,NA,NA,NA,NA,NA,NA,NA
NA,NA,NA,NA,NA,NA,NA,NA,NA,NA,NA,NA,NA,NA,NA,NA,6,2026-02-10,13:02:18,3,1,"Rasic, Anthony",1000289210,Right,ORA_COA,"Pintal, Alex",1000295295,Right,MT._SAN,Undefined,1,Top,1,0,0,Cutter,Slider,StrikeCalled,Undefined,Undefined,Undefined,0,0,NA,79.57236,0.193457,-2.186258,2381.87283,182.613567,12:00:00,5.80951,0.85959,5.87714,-34.76234,10.06355,0.38567,3.09246,-1.13975,71.87671,-6.299033,-2.117112,0.481877,NA,NA,NA,NA,NA,NA,NA,NA,NA,NA,NA,-0.90035,5.5776,-0.68304,50,5.8054500000000004,4.38733,-115.31897,-0.66426,-1.19399,24.4864,-24.77737,ORA_COA,MT._SAN,JohnAltobelliPark,JUCO,NJCAA,20260210-JohnAltobelliPark-1,c9932890-06c3-11f1-9622-2f53c37c9706,78.22011,NA,NA,7.69565,NA,NA,NA,NA,NA,NA,f8462b57-8140-48a2-876f-4518772dfcbd,2026-02-10,21:02:18,2026-02-10T21:02:18Z,2026-02-10T21:02:18Z,NA,v3,NA,NA,NA,"Barnes, Flynn",1000398235,Right,ORA_COA,14094086-f9a7-47c6-9b41-71a4cc5cdf5c,54.61788,-116.29538,12.2432,5.81224,0.32376,-12.38869,-0.85894,4.43494,-0.597,NA,NA,NA,NA,NA,NA,NA,NA,NA,NA,NA,NA,NA,NA,NA,NA,NA,NA,NA,NA,NA,NA,NA,NA,NA,NA,NA,NA,NA,NA,NA,NA,NA,NA,NA,NA,NA,NA,NA,NA,NA,NA,NA,NA,NA,NA,NA,NA,NA,NA,High,High,High,NA,NA,NA,NA,NA,215.781805,71.309998,763.265688,0.320448,01:15:00,-0.957121,-0.184166,-0.223613,51.762083,46.11906,58.963162,0.041461,163.103724,-0.95601,16.881311,0.95601,-0.29039,-0.041461,2.483281,2.37621,0.29039,0.29039,-163.103724,-2.37621,0.041461,-16.881311,-2.483281,-0.041461,-0.29039,0.95601,-0.95601,NA,NA,NA,NA,NA,NA,NA,NA,NA,NA,NA
NA,NA,NA,NA,NA,NA,NA,NA,NA,NA,NA,NA,NA,NA,NA,NA,7,2026-02-10,13:02:38,3,2,"Rasic, Anthony",1000289210,Right,ORA_COA,"Pintal, Alex",1000295295,Right,MT._SAN,Undefined,1,Top,1,0,1,ChangeUp,Changeup,BallCalled,Undefined,Undefined,Undefined,0,0,NA,76.71415,1.630045,-1.906645,981.594278,264.492551,02:45:00,5.78637,1.02946,6.01598,-44.95821,3.16843,14.47143,3.55106,0.46858,69.06753,-6.746261,0.696456,0.499303,NA,NA,NA,NA,NA,NA,NA,NA,NA,NA,NA,-7.99945,1.65591,-0.8874,50,5.89042,3.16118,-111.19024,1.81939,-9.82303,23.49322,-30.14063,ORA_COA,MT._SAN,JohnAltobelliPark,JUCO,NJCAA,20260210-JohnAltobelliPark-1,d4ea4bb0-06c3-11f1-9622-2f53c37c9706,75.49011,NA,NA,7.64663,NA,NA,NA,NA,NA,NA,f8462b57-8140-48a2-876f-4518772dfcbd,2026-02-10,21:02:38,2026-02-10T21:02:38Z,2026-02-10T21:02:38Z,NA,v3,NA,NA,NA,"Barnes, Flynn",1000398235,Right,ORA_COA,f5a4c9bf-c893-45e3-bb3a-baca231c711d,54.48072,-112.13297,11.74661,5.79315,3.02887,-15.07032,-1.02216,3.55535,-4.91152,NA,NA,NA,NA,NA,NA,NA,NA,NA,NA,NA,NA,NA,NA,NA,NA,NA,NA,NA,NA,NA,NA,NA,NA,NA,NA,NA,NA,NA,NA,NA,NA,NA,NA,NA,NA,NA,NA,NA,NA,NA,NA,NA,NA,NA,NA,NA,NA,NA,NA,High,High,High,NA,NA,NA,NA,NA,253.978836,-5.253486,977.470953,0.995799,02:30:00,0.055119,-0.95934,-0.27682,-15.406227,-19.839863,39.086005,0.733046,113.751241,-0.273953,38.504039,0.273953,-0.62257,-0.733046,69.508318,47.14236,0.62257,0.62257,-113.751241,-47.14236,0.733046,-38.504039,-69.508318,-0.733046,-0.62257,0.273953,-0.273953,NA,NA,NA,NA,NA,NA,NA,NA,NA,NA,NA
NA,NA,NA,NA,NA,NA,NA,NA,NA,NA,NA,NA,NA,NA,NA,NA,8,2026-02-10,13:03:40,3,3,"Rasic, Anthony",1000289210,Right,ORA_COA,"Pintal, Alex",1000295295,Right,MT._SAN,Undefined,1,Top,1,1,1,Curveball,Curveball,BallCalled,Undefined,Undefined,Undefined,0,0,NA,73.04823,4.13716,-0.514561,2195.665851,29.210672,07:00:00,5.81637,0.68015,5.90295,-63.37224,-9.95032,-6.64477,4.38273,-0.35126,65.80027,-7.548273,-1.706584,0.526055,NA,NA,NA,NA,NA,NA,NA,NA,NA,NA,NA,3.17914,-5.72544,-0.63521,50,6.11441,1.19234,-105.74595,5.70772,3.53208,21.19593,-38.53507,ORA_COA,MT._SAN,JohnAltobelliPark,JUCO,NJCAA,20260210-JohnAltobelliPark-1,fa175ae0-06c3-11f1-9622-2f53c37c9706,71.65114,NA,NA,7.24796,NA,NA,NA,NA,NA,NA,f8462b57-8140-48a2-876f-4518772dfcbd,2026-02-10,21:03:40,2026-02-10T21:03:40Z,2026-02-10T21:03:40Z,NA,v3,NA,NA,NA,"Barnes, Flynn",1000398235,Right,ORA_COA,bc880720-1739-4d21-9ebb-7c991031f4c8,54.59649,-106.66331,10.59797,5.83129,7.3755,-19.26754,-0.6835,1.03947,1.76604,NA,NA,NA,NA,NA,NA,NA,NA,NA,NA,NA,NA,NA,NA,NA,NA,NA,NA,NA,NA,NA,NA,NA,NA,NA,NA,NA,NA,NA,NA,NA,NA,NA,NA,NA,NA,NA,NA,NA,NA,NA,NA,NA,NA,NA,NA,NA,NA,NA,NA,High,High,High,NA,NA,NA,NA,NA,30.947482,54.15974,1285.622592,0.585527,07:00:00,-0.782275,0.358808,0.509217,95.563516,-7.720543,47.970208,-0.457044,167.887771,-0.869644,-10.756158,0.869644,-0.18663,0.457044,27.724301,-27.196514,0.18663,-0.18663,-167.887771,27.196514,0.457044,10.756158,-27.724301,-0.457044,0.18663,0.869644,-0.869644,NA,NA,NA,NA,NA,NA,NA,NA,NA,NA,NA
NA,NA,NA,NA,NA,NA,NA,NA,NA,NA,NA,NA,NA,NA,NA,NA,9,2026-02-10,13:04:00,3,4,"Rasic, Anthony",1000289210,Right,ORA_COA,"Pintal, Alex",1000295295,Right,MT._SAN,Undefined,1,Top,1,2,1,Cutter,Slider,StrikeCalled,Undefined,Undefined,Undefined,1,0,Caught Stealing,80.33233,-1.264349,-2.434147,2455.99389,176.717297,12:00:00,5.81874,0.79537,5.83229,-36.47486,6.95221,-0.32071,1.60266,-1.49534,73.90248,-7.982548,-2.491635,0.474298,NA,NA,NA,NA,NA,NA,NA,NA,NA,NA,NA,-0.51346,4.31866,-0.59644,50,5.69395,4.96828,-116.58844,-3.72507,-0.70666,21.94011,-26.23037,ORA_COA,MT._SAN,JohnAltobelliPark,JUCO,NJCAA,20260210-JohnAltobelliPark-1,05f75d10-06c4-11f1-9622-2f53c37c9706,79.46987,NA,NA,6.42985,NA,NA,NA,NA,NA,NA,f8462b57-8140-48a2-876f-4518772dfcbd,2026-02-10,21:04:00,2026-02-10T21:04:00Z,2026-02-10T21:04:00Z,NA,v3,NA,NA,NA,"Barnes, Flynn",1000398235,Right,ORA_COA,f6362388-1d78-4132-b2cb-1216bb7323f4,54.66707,-117.46343,10.97006,5.82165,-2.67899,-13.11518,-0.79514,4.99646,-0.35333,NA,NA,NA,NA,NA,NA,NA,NA,NA,NA,NA,NA,NA,NA,NA,NA,NA,NA,NA,NA,NA,NA,NA,NA,NA,NA,NA,NA,79.05898,2.095235,0.814131,1.281104,0.1642,1.42492,1.54986,-2.12741,5.78995,2.35257,127.28037,0.88976,-0.45974,-1.9828,113.61148,-10.03295,5.8128,11.35499,-11.88419,2.30323,-5.43778,2.59813,High,High,High,NA,NA,High,High,High,217.300401,67.404061,943.666265,0.38423,01:15:00,-0.930028,-0.253156,-0.266384,42.192899,44.310149,58.296038,-0.029757,161.471157,-0.947744,-18.520339,0.947744,-0.317641,0.029757,1.798395,-1.705229,0.317641,-0.317641,-161.471157,1.705229,0.029757,18.520339,-1.798395,-0.029757,0.317641,0.947744,-0.947744,NA,NA,NA,NA,NA,NA,NA,NA,NA,NA,NA
NA,NA,NA,NA,NA,NA,NA,NA,NA,NA,NA,NA,NA,NA,NA,NA,10,2026-02-10,13:04:34,3,5,"Rasic, Anthony",1000289210,Right,ORA_COA,"Pintal, Alex",1000295295,Right,MT._SAN,Undefined,1,Top,2,2,2,Slider,Curveball,InPlay,Undefined,Popup,Out,1,0,NA,75.76276,0.449915,-0.86173,2273.084778,28.505875,07:00:00,5.90962,0.60309,5.57593,-58.31483,-8.49839,-5.54398,1.47033,-0.66384,69.20303,-10.174094,-1.853898,0.507993,67.54745,59.995897,18.249057,NA,NA,NA,NA,136.02141,64.42656,24.76428,4.962233,2.54169,-3.99406,-0.52515,50,5.90999,1.85966,-109.95626,-1.03146,3.06664,22.13329,-36.99301,ORA_COA,MT._SAN,JohnAltobelliPark,JUCO,NJCAA,20260210-JohnAltobelliPark-1,1a3f2aa0-06c4-11f1-9622-2f53c37c9706,74.19873,97.312,NA,6.55973,NA,NA,NA,1.59416,1.53618,0.64858,f8462b57-8140-48a2-876f-4518772dfcbd,2026-02-10,21:04:34,2026-02-10T21:04:34Z,2026-02-10T21:04:34Z,Popup,v3,NA,NA,NA,"Barnes, Flynn",1000398235,Right,ORA_COA,9789c47e-1065-4ac3-b391-d4cec5c53b3a,54.92553,-110.9433,11.06665,5.91921,0.61825,-18.4965,-0.60503,1.7229,1.53332,188.345821,1.59864,46.94805,-13.36284,3.42577,-0.24551,-0.15561,0.05786,-0.00809,4.1e-4,1.5345,85.81592,-22.3786,1.71021,-0.01657,-0.14577,0.05792,-0.00986,6.2e-4,0.64996,15.48561,-1.6626,0.14739,0.09847,-0.05111,0.01052,-9.6e-4,3e-5,NA,NA,NA,NA,NA,NA,NA,NA,NA,NA,NA,NA,NA,NA,NA,NA,NA,NA,NA,NA,NA,NA,High,High,High,High,Low,NA,NA,NA,25.645929,55.382302,1291.334862,0.568098,06:45:00,-0.81321,0.252332,0.524422,116.616478,-23.159509,32.202621,-0.33561,161.261965,-0.892072,-17.614433,0.892072,-0.30261,0.33561,20.617015,-19.609654,0.30261,-0.30261,-161.261965,19.609654,0.33561,17.614433,-20.617015,-0.33561,0.30261,0.892072,-0.892072,NA,NA,NA,NA,NA,NA,NA,NA,NA,NA,NA
NA,NA,NA,NA,NA,NA,NA,NA,NA,NA,NA,NA,NA,NA,NA,NA,11,2026-02-10,13:06:43,1,1,"Polk, Kian",NA,Right,MT._SAN,"Choo, Alan",1000374695,Right,ORA_COA,Undefined,1,Bottom,0,0,0,ChangeUp,Changeup,BallCalled,Undefined,Undefined,Undefined,0,0,NA,75.21408,3.408955,0.212858,1383.631058,235.930163,01:45:00,5.40106,1.09766,5.78353,-41.03376,9.44083,11.30839,5.15699,2.23807,67.61622,-4.253737,2.235306,0.511338,NA,NA,NA,NA,NA,NA,NA,NA,NA,NA,NA,-5.58402,4.28949,-1.12155,50,5.65848,-0.83945,-108.85116,5.27486,-6.59957,21.77066,-27.10445,ORA_COA,MT._SAN,JohnAltobelliPark,JUCO,NJCAA,20260210-JohnAltobelliPark-1,67644fe0-06c4-11f1-9622-2f53c37c9706,73.71341,NA,NA,7.59786,NA,NA,NA,NA,NA,NA,f8462b57-8140-48a2-876f-4518772dfcbd,2026-02-10,21:06:43,2026-02-10T21:06:43Z,2026-02-10T21:06:43Z,NA,v3,NA,NA,NA,"Fielder, M",NA,Right,MT._SAN,54ec95c4-4b17-4a94-aebc-e4622cbbec85,54.70999,-109.78914,10.88533,5.40606,6.44263,-13.55222,-1.09151,-0.55511,-3.29978,NA,NA,NA,NA,NA,NA,NA,NA,NA,NA,NA,NA,NA,NA,NA,NA,NA,NA,NA,NA,NA,NA,NA,NA,NA,NA,NA,NA,NA,NA,NA,NA,NA,NA,NA,NA,NA,NA,NA,NA,NA,NA,NA,NA,NA,NA,NA,NA,NA,NA,High,High,High,NA,NA,NA,NA,NA,254.816877,5.607261,1377.010419,0.995215,02:30:00,-0.153679,-0.952966,-0.261224,4.81052,37.857038,75.020929,0.164011,142.673921,-0.784429,36.736763,0.784429,-0.598139,-0.164011,11.809494,9.439814,0.598139,0.598139,-142.673921,-9.439814,0.164011,-36.736763,-11.809494,-0.164011,-0.598139,0.784429,-0.784429,NA,NA,NA,NA,NA,NA,NA,NA,NA,NA,NA
NA,NA,NA,NA,NA,NA,NA,NA,NA,NA,NA,NA,NA,NA,NA,NA,12,2026-02-10,13:07:01,1,2,"Polk, Kian",NA,Right,MT._SAN,"Choo, Alan",1000374695,Right,ORA_COA,Undefined,1,Bottom,0,1,0,Fastball,Changeup,BallCalled,Undefined,Undefined,Undefined,0,0,NA,84.61274,-2.342652,-3.690466,1855.218363,247.094644,02:15:00,5.57363,1.04226,5.74977,-30.30498,9.55898,19.22182,0.86151,-0.79642,76.70909,-7.966468,-0.252495,0.454424,NA,NA,NA,NA,NA,NA,NA,NA,NA,NA,NA,-10.94867,6.02378,-0.74731,50,5.36029,7.10831,-122.4467,-6.01093,-16.4116,27.04314,-23.14465,ORA_COA,MT._SAN,JohnAltobelliPark,JUCO,NJCAA,20260210-JohnAltobelliPark-1,71d2c0b0-06c4-11f1-9622-2f53c37c9706,82.94548,NA,NA,7.90365,NA,NA,NA,NA,NA,NA,f8462b57-8140-48a2-876f-4518772dfcbd,2026-02-10,21:07:01,2026-02-10T21:07:01Z,2026-02-10T21:07:01Z,NA,v3,NA,NA,NA,"Fielder, M",NA,Right,MT._SAN,33ee76df-ffcb-4434-af5f-e255884b46fc,54.74918,-123.49114,13.52157,5.57518,-5.11706,-11.57232,-1.03408,7.74214,-8.2058,NA,NA,NA,NA,NA,NA,NA,NA,NA,NA,NA,NA,NA,NA,NA,NA,NA,NA,NA,NA,NA,NA,NA,NA,NA,NA,NA,NA,NA,NA,NA,NA,NA,NA,NA,NA,NA,NA,NA,NA,NA,NA,NA,NA,NA,NA,NA,NA,NA,NA,High,High,High,NA,NA,NA,NA,NA,238.654384,1.699569,1854.402221,0.99956,02:00:00,-0.028219,-0.854168,-0.519231,61.190282,57.000037,69.96889,0.972788,178.333862,-0.2316,0.385989,0.2316,-0.006737,-0.972788,76.608413,76.602953,0.006737,0.006737,-178.333862,-76.602953,0.972788,-0.385989,-76.608413,-0.972788,-0.006737,0.2316,-0.2316,NA,NA,NA,NA,NA,NA,NA,NA,NA,NA,NA
NA,NA,NA,NA,NA,NA,NA,NA,NA,NA,NA,NA,NA,NA,NA,NA,13,2026-02-10,13:07:17,1,3,"Polk, Kian",NA,Right,MT._SAN,"Choo, Alan",1000374695,Right,ORA_COA,Undefined,1,Bottom,0,2,0,Fastball,Changeup,BallCalled,Undefined,Undefined,Undefined,0,0,NA,84.30455,-1.398299,-4.249918,1874.891633,243.548447,02:00:00,5.46587,0.98279,5.98157,-27.55324,12.06953,21.49226,1.86981,-1.17281,76.55213,-6.561167,-0.395524,0.453048,NA,NA,NA,NA,NA,NA,NA,NA,NA,NA,NA,-12.22843,7.02666,-0.65791,50,5.33997,8.20124,-122.08035,-3.83332,-18.31502,25.72905,-21.64992,ORA_COA,MT._SAN,JohnAltobelliPark,JUCO,NJCAA,20260210-JohnAltobelliPark-1,7bb6f2e0-06c4-11f1-9622-2f53c37c9706,83.19753,NA,NA,7.75242,NA,NA,NA,NA,NA,NA,f8462b57-8140-48a2-876f-4518772dfcbd,2026-02-10,21:07:17,2026-02-10T21:07:17Z,2026-02-10T21:07:17Z,NA,v3,NA,NA,NA,"Fielder, M",NA,Right,MT._SAN,32310db0-e680-43ab-8f32-55f927ad8100,54.51718,-123.02869,12.86452,5.46655,-3.03534,-10.82496,-0.97263,8.8763,-9.15751,NA,NA,NA,NA,NA,NA,NA,NA,NA,NA,NA,NA,NA,NA,NA,NA,NA,NA,NA,NA,NA,NA,NA,NA,NA,NA,NA,NA,NA,NA,NA,NA,NA,NA,NA,NA,NA,NA,NA,NA,NA,NA,NA,NA,NA,NA,NA,NA,NA,NA,High,High,High,NA,NA,NA,NA,NA,239.212437,10.029327,1846.240929,0.984719,02:00:00,-0.190388,-0.849941,-0.491276,74.630186,28.453538000000002,-82.689141,-0.953969,156.584064,-0.275206,-6.844968,0.275206,-0.119183,0.953969,73.907917,-72.548093,0.119183,-0.119183,-156.584064,72.548093,0.953969,6.844968,-73.907917,-0.953969,0.119183,0.275206,-0.275206,NA,NA,NA,NA,NA,NA,NA,NA,NA,NA,NA
NA,NA,NA,NA,NA,NA,NA,NA,NA,NA,NA,NA,NA,NA,NA,NA,14,2026-02-10,13:07:36,1,4,"Polk, Kian",NA,Right,MT._SAN,"Choo, Alan",1000374695,Right,ORA_COA,Undefined,1,Bottom,0,3,0,Fastball,Changeup,StrikeCalled,Undefined,Undefined,Undefined,0,0,NA,83.33394,-0.953942,-4.147035,1844.117871,246.028141,02:15:00,5.40267,1.13783,5.92281,-29.98187,10.84016,21.06214,2.01656,-0.96199,75.31979,-6.565132,-0.373229,0.459853,NA,NA,NA,NA,NA,NA,NA,NA,NA,NA,NA,-12.0002,6.29311,-0.81694,50,5.30936,7.89025,-120.63093,-2.94495,-17.45947,26.22914,-23.01801,ORA_COA,MT._SAN,JohnAltobelliPark,JUCO,NJCAA,20260210-JohnAltobelliPark-1,86bdfa30-06c4-11f1-9622-2f53c37c9706,81.96634,NA,NA,8.01415,NA,NA,NA,NA,NA,NA,f8462b57-8140-48a2-876f-4518772dfcbd,2026-02-10,21:07:36,2026-02-10T21:07:36Z,2026-02-10T21:07:36Z,NA,v3,NA,NA,NA,"Fielder, M",NA,Right,MT._SAN,69d7ea66-4589-49b6-aeb8-b7a5d14c7fea,54.57499,-121.62161,13.11457,5.40418,-2.07556,-11.509,-1.12741,8.5497,-8.72973,NA,NA,NA,NA,NA,NA,NA,NA,NA,NA,NA,NA,NA,NA,NA,NA,NA,NA,NA,NA,NA,NA,NA,NA,NA,NA,NA,NA,NA,NA,NA,NA,NA,NA,NA,NA,NA,NA,NA,NA,NA,NA,NA,NA,NA,NA,NA,NA,NA,NA,High,High,High,NA,NA,NA,NA,NA,243.239206,8.52369,1823.748971,0.988955,02:00:00,-0.165349,-0.885377,-0.434473,83.830397,23.895903,-86.651306,-0.975339,162.533436,-0.210538,-3.798466,0.210538,-0.066247,0.975339,77.818977,-77.249017,0.066247,-0.066247,-162.533436,77.249017,0.975339,3.798466,-77.818977,-0.975339,0.066247,0.210538,-0.210538,NA,NA,NA,NA,NA,NA,NA,NA,NA,NA,NA
NA,NA,NA,NA,NA,NA,NA,NA,NA,NA,NA,NA,NA,NA,NA,NA,15,2026-02-10,13:07:53,1,5,"Polk, Kian",NA,Right,MT._SAN,"Choo, Alan",1000374695,Right,ORA_COA,Undefined,1,Bottom,0,3,1,Fastball,Changeup,BallCalled,Walk,Undefined,Undefined,0,0,NA,86.1612,-3.142654,-4.372751,1955.436266,247.89172,02:15:00,5.44211,1.00999,5.97093,-28.61305,9.48264,20.04064,0.13265,-1.38189,78.38708,-8.46105,-0.777154,0.444231,NA,NA,NA,NA,NA,NA,NA,NA,NA,NA,NA,-11.72375,6.21059,-0.67464,50,5.1764,8.73674,-124.61929,-7.7749,-18.25615,27.32976,-22.50294,ORA_COA,MT._SAN,JohnAltobelliPark,JUCO,NJCAA,20260210-JohnAltobelliPark-1,90e68860-06c4-11f1-9622-2f53c37c9706,84.84864,NA,NA,7.77412,NA,NA,NA,NA,NA,NA,f8462b57-8140-48a2-876f-4518772dfcbd,2026-02-10,21:07:53,2026-02-10T21:07:53Z,2026-02-10T21:07:53Z,NA,v3,NA,NA,NA,"Fielder, M",NA,Right,MT._SAN,741c9aba-49a9-460f-bf19-19f50f6eb36e,54.53002,-125.60882,13.66488,5.44315,-6.96013,-11.25147,-1.00294,9.39774,-9.12807,NA,NA,NA,NA,NA,NA,NA,NA,NA,NA,NA,NA,NA,NA,NA,NA,NA,NA,NA,NA,NA,NA,NA,NA,NA,NA,NA,NA,NA,NA,NA,NA,NA,NA,NA,NA,NA,NA,NA,NA,NA,NA,NA,NA,NA,NA,NA,NA,NA,NA,High,High,High,NA,NA,NA,NA,NA,241.890919,-0.962481,1955.160372,0.999859,02:00:00,0.029014,-0.879681,-0.474679,42.538695,53.114107,47.582662,-0.986202,179.405852,-0.165536,-0.098356,0.165536,-0.001717,0.986202,80.471617,-80.471114,0.001717,-0.001717,-179.405852,80.471114,0.986202,0.098356,-80.471617,-0.986202,0.001717,0.165536,-0.165536,NA,NA,NA,NA,NA,NA,NA,NA,NA,NA,NA
NA,NA,NA,NA,NA,NA,NA,NA,NA,NA,NA,NA,NA,NA,NA,NA,16,2026-02-10,13:08:27,2,1,"Polk, Kian",NA,Right,MT._SAN,"Covington, Tyler",1000398214,Right,ORA_COA,Undefined,1,Bottom,0,0,0,Fastball,Changeup,StrikeCalled,Undefined,Undefined,Undefined,0,0,NA,83.22658,-0.448549,-3.810735,1843.1734060000001,248.440205,02:15:00,5.46907,1.11105,5.88442,-30.79639,9.72709,21.26438,2.48524,-0.66089,75.96818,-6.179813,-0.001581,0.458168,NA,NA,NA,NA,NA,NA,NA,NA,NA,NA,NA,-11.90048,5.51174,-0.81515,50,5.4151300000000004,7.18423,-120.67192,-1.92251,-17.51338,23.90859,-24.0627,ORA_COA,MT._SAN,JohnAltobelliPark,JUCO,NJCAA,20260210-JohnAltobelliPark-1,a4f19b10-06c4-11f1-9622-2f53c37c9706,82.26769,NA,NA,7.2584,NA,NA,NA,NA,NA,NA,f8462b57-8140-48a2-876f-4518772dfcbd,2026-02-10,21:08:27,2026-02-10T21:08:27Z,2026-02-10T21:08:27Z,NA,v3,NA,NA,NA,"Fielder, M",NA,Right,MT._SAN,2b28aadd-8f75-450c-a955-0c376994cb2f,54.6154,-121.58292,11.95429,5.47092,-1.00563,-12.03135,-1.10161,7.85155,-8.75669,NA,NA,NA,NA,NA,NA,NA,NA,NA,NA,NA,NA,NA,NA,NA,NA,NA,NA,NA,NA,NA,NA,NA,NA,NA,NA,NA,NA,NA,NA,NA,NA,NA,NA,NA,NA,NA,NA,NA,NA,NA,NA,NA,NA,NA,NA,NA,NA,NA,NA,High,High,High,NA,NA,NA,NA,NA,240.726747,7.850593,1825.898475,0.990628,02:00:00,-0.161727,-0.865165,-0.474693,93.316639,23.690833,-85.096801,-0.967353,161.547809,-0.240402,-4.60088,0.240402,-0.080214,0.967353,76.04388,-75.31937,0.080214,-0.080214,-161.547809,75.31937,0.967353,4.60088,-76.04388,-0.967353,0.080214,0.240402,-0.240402,NA,NA,NA,NA,NA,NA,NA,NA,NA,NA,NA
NA,NA,NA,NA,NA,NA,NA,NA,NA,NA,NA,NA,NA,NA,NA,NA,17,2026-02-10,13:08:44,2,2,"Polk, Kian",NA,Right,MT._SAN,"Covington, Tyler",1000398214,Right,ORA_COA,Undefined,1,Bottom,0,0,1,Cutter,Slider,FoulBallNotFieldable,Undefined,Undefined,Undefined,0,0,NA,73.70914,1.046331,-1.831913,2220.850092,142.813769,10:45:00,5.43515,1.26159,5.57558,-47.01829,6.13201,-3.13445,2.49486,-0.71123,66.37562,-7.647963,-2.39094,0.524716,56.22106,41.742405,163.301365,3932.850876,NA,NA,NA,128.82544,42.44716,166.114994,2.541759,0.96213,3.28677,-1.10171,50,5.49481,3.5286,-106.7441,0.53666,1.08547,22.17097,-28.46586,ORA_COA,MT._SAN,JohnAltobelliPark,JUCO,NJCAA,20260210-JohnAltobelliPark-1,af740910-06c4-11f1-9622-2f53c37c9706,71.83398,32.65854,NA,7.33352,NA,NA,NA,2.50633,2.60286,0.6606,f8462b57-8140-48a2-876f-4518772dfcbd,2026-02-10,21:08:44,2026-02-10T21:08:44Z,2026-02-10T21:08:44Z,Popup,v3,NA,NA,NA,"Fielder, M",NA,Right,MT._SAN,191d2f57-b56d-4b23-8369-cb687214ab51,54.92145,-107.76144,11.08549,5.44022,1.84286,-14.23293,-1.26249,3.47879,0.54274,NA,2.50651,-58.9419,1.49509,1.24877,0.09752,-0.53033,0.33604,-0.09099,0.0092,2.60292,54.89619,-28.82413,4.05165,-0.76056,0.13713,-0.04845,0.01762,-0.00245,0.66061,17.67801,-4.78649,1.6401,-0.40414,0.11287,-0.0471,0.01461,-0.00178,NA,NA,NA,NA,NA,NA,NA,NA,NA,NA,NA,NA,NA,NA,NA,NA,NA,NA,NA,NA,NA,NA,High,High,High,High,Medium,NA,NA,NA,75.053948,72.083176,683.213479,0.307636,08:30:00,-0.942898,0.314554,0.10954,58.757561,57.210268,-16.2615,0.643648,124.601092,-0.434595,39.046873,0.434595,-0.629956,-0.643648,55.97252,40.064368,0.629956,0.629956,-124.601092,-40.064368,0.643648,-39.046873,-55.97252,-0.643648,-0.629956,0.434595,-0.434595,NA,NA,NA,NA,NA,NA,NA,NA,NA,NA,NA
NA,NA,NA,NA,NA,NA,NA,NA,NA,NA,NA,NA,NA,NA,NA,NA,18,2026-02-10,13:09:06,2,3,"Polk, Kian",NA,Right,MT._SAN,"Covington, Tyler",1000398214,Right,ORA_COA,Undefined,1,Bottom,0,0,2,Sinker,Slider,BallCalled,Undefined,Undefined,Undefined,0,0,NA,74.56176,1.080222,-3.54305,2269.64411,113.482529,09:45:00,5.44639,1.2495,5.57362,-48.42916,3.80103,-4.15331,2.42166,-2.41022,67.02192,-7.84984,-4.281699,0.520154,NA,NA,NA,NA,NA,NA,NA,NA,NA,NA,NA,0.84311,2.17878,-0.94132,50,5.50865,6.83145,-107.77282,0.53395,0.96779,22.92364,-29.67307,ORA_COA,MT._SAN,JohnAltobelliPark,JUCO,NJCAA,20260210-JohnAltobelliPark-1,bcb34d20-06c4-11f1-9622-2f53c37c9706,72.46397,NA,NA,7.53984,NA,NA,NA,NA,NA,NA,f8462b57-8140-48a2-876f-4518772dfcbd,2026-02-10,21:09:06,2026-02-10T21:09:06Z,2026-02-10T21:09:06Z,NA,v3,NA,NA,NA,"Fielder, M",NA,Right,MT._SAN,719f9a7b-f867-41ed-bd19-fe9b3d870983,54.92101,-108.8145,11.46182,5.45375,1.88233,-14.83654,-1.25075,6.78748,0.48389,NA,NA,NA,NA,NA,NA,NA,NA,NA,NA,NA,NA,NA,NA,NA,NA,NA,NA,NA,NA,NA,NA,NA,NA,NA,NA,NA,NA,NA,NA,NA,NA,NA,NA,NA,NA,NA,NA,NA,NA,NA,NA,NA,NA,NA,NA,NA,NA,NA,NA,High,High,High,NA,NA,NA,NA,NA,70.171353,71.446882,722.163769,0.318184,08:15:00,-0.933747,0.317138,0.165952,31.722673,53.771045,-34.458946,0.578154,121.602341,-0.427563,44.021626,0.427563,-0.69493,-0.578154,53.515947,35.320841,0.69493,0.69493,-121.602341,-35.320841,0.578154,-44.021626,-53.515947,-0.578154,-0.69493,0.427563,-0.427563,NA,NA,NA,NA,NA,NA,NA,NA,NA,NA,NA
NA,NA,NA,NA,NA,NA,NA,NA,NA,NA,NA,NA,NA,NA,NA,NA,19,2026-02-10,13:09:25,2,4,"Polk, Kian",NA,Right,MT._SAN,"Covington, Tyler",1000398214,Right,ORA_COA,Undefined,1,Bottom,0,1,2,Slider,Slider,BallCalled,Undefined,Undefined,Undefined,0,0,Passed ball,75.51476,-0.254559,-3.98846,2239.712219,100.467009,09:15:00,5.25712,1.45424,5.57533,-45.7366,4.90532,-16.86812,1.2074,-3.68277,68.68547,-8.625608,-6.983055,0.512184,NA,NA,NA,NA,NA,NA,NA,NA,NA,NA,NA,7.15268,3.14599,-1.09942,50,5.20587,8.25589,-109.21435,-1.91365,8.48096,22.51866,-28.44385,ORA_COA,MT._SAN,JohnAltobelliPark,JUCO,NJCAA,20260210-JohnAltobelliPark-1,c7efbc50-06c4-11f1-9622-2f53c37c9706,73.59153,NA,NA,6.82929,NA,NA,NA,NA,NA,NA,f8462b57-8140-48a2-876f-4518772dfcbd,2026-02-10,21:09:25,2026-02-10T21:09:25Z,2026-02-10T21:09:25Z,NA,v3,NA,NA,NA,"Fielder, M",NA,Right,MT._SAN,48d67317-ec7c-425a-9661-635d26c1eb51,54.92147,-110.22443,11.25933,5.26309,-0.6378,-14.22192,-1.46121,7.87548,4.24048,NA,NA,NA,NA,NA,NA,NA,NA,NA,NA,NA,NA,NA,NA,NA,NA,NA,NA,NA,NA,NA,NA,NA,NA,NA,NA,NA,NA,NA,NA,NA,NA,NA,NA,NA,NA,NA,NA,NA,NA,NA,NA,NA,NA,NA,NA,NA,NA,NA,NA,High,High,High,NA,NA,NA,NA,NA,65.542978,72.496361,673.630121,0.300766,08:15:00,-0.943931,0.269539,0.190638,39.841918,-13.012152,27.161535,-0.737463,103.977041,-0.163128,-40.949323,0.163128,-0.655391,0.737463,77.526892,-47.515733,0.655391,-0.655391,-103.977041,47.515733,0.737463,40.949323,-77.526892,-0.737463,0.655391,0.163128,-0.163128,NA,NA,NA,NA,NA,NA,NA,NA,NA,NA,NA
NA,NA,NA,NA,NA,NA,NA,NA,NA,NA,NA,NA,NA,NA,NA,NA,20,2026-02-10,13:09:57,2,5,"Polk, Kian",NA,Right,MT._SAN,"Covington, Tyler",1000398214,Right,ORA_COA,Undefined,1,Bottom,0,2,2,Fastball,Changeup,FoulBallNotFieldable,Undefined,Undefined,Undefined,0,0,NA,85.89987,-0.138192,-3.463385,1918.775553,240.457489,02:00:00,5.62049,0.8606,6.09379,-24.65643,13.15705,20.98643,3.43773,-0.59797,78.05774,-4.789803,0.310804,0.442583,81.18227,48.69757,57.903242,4767.9686600000005,NA,NA,NA,NA,62.7323,NA,NA,-11.85197,7.19713,-0.60448,50,5.59683,6.7086,-124.61308,-1.03955,-18.53336,26.33234,-20.91964,ORA_COA,MT._SAN,JohnAltobelliPark,JUCO,NJCAA,20260210-JohnAltobelliPark-1,dae9fb40-06c4-11f1-9622-2f53c37c9706,85.16464,67.93767,NA,7.84213,NA,NA,NA,0.18688,3.71133,0.68177,f8462b57-8140-48a2-876f-4518772dfcbd,2026-02-10,21:09:57,2026-02-10T21:09:57Z,2026-02-10T21:09:57Z,NA,v3,NA,NA,NA,"Fielder, M",NA,Right,MT._SAN,9d77da49-0639-4673-9771-670f0a140a88,54.40645,-125.54077,13.16617,5.62047,-0.30256,-10.45982,-0.85232,7.36153,-9.26668,NA,0.18688,41.75794,-19.1784,6.2316,-1.66112,0.40614,-0.0965,0.0193,-0.00233,3.71133,89.44754,-24.89756,2.26206,-0.20102,-0.02903,0.02037,-0.00591,9.1e-4,0.68177,66.57624,-9.20442,1.49306,-0.14789,-0.01248,0.01127,-0.00357,5.2e-4,NA,NA,NA,NA,NA,NA,NA,NA,NA,NA,NA,NA,NA,NA,NA,NA,NA,NA,NA,NA,NA,NA,High,High,High,High,Undefined,NA,NA,NA,233.228155,13.409779,1866.462654,0.972736,01:45:00,-0.264791,-0.779744,-0.567349,-94.377472,-26.757956,83.924667,-0.972739,145.764725,-0.191721,-7.496524,0.191721,-0.130466,0.972739,78.850262,-76.590953,0.130466,-0.130466,-145.764725,76.590953,0.972739,7.496524,-78.850262,-0.972739,0.130466,0.191721,-0.191721,NA,NA,NA,NA,NA,NA,NA,NA,NA,NA,NA
NA,NA,NA,NA,NA,NA,NA,NA,NA,NA,NA,NA,NA,NA,NA,NA,21,2026-02-10,13:10:24,2,6,"Polk, Kian",NA,Right,MT._SAN,"Covington, Tyler",1000398214,Right,ORA_COA,Undefined,1,Bottom,0,2,2,Fastball,Changeup,InPlay,Undefined,GroundBall,Single,0,1,NA,85.86708,-1.982875,-3.233824,1969.136335,238.089075,02:00:00,5.72252,0.80166,5.99539,-24.57391,13.36493,19.44536,1.83352,-0.57782,78.3947,-6.589896,0.259851,0.443316,100.61611,-0.023023,4.994597,1703.015163,NA,NA,NA,40.03059,37.55753,6.139011,0.277467,-10.96481,7.81619,-0.55758,50,5.55254,6.26365,-124.52623,-5.07017,-17.1585,25.80167,-19.94274,ORA_COA,MT._SAN,JohnAltobelliPark,JUCO,NJCAA,20260210-JohnAltobelliPark-1,eb127c90-06c4-11f1-9622-2f53c37c9706,85.02383,1.76093,NA,7.47238,NA,NA,NA,0.67029,1.76093,0.57622,f8462b57-8140-48a2-876f-4518772dfcbd,2026-02-10,21:10:24,2026-02-10T21:10:24Z,2026-02-10T21:10:24Z,GroundBall,v3,NA,NA,NA,"Fielder, M",NA,Right,MT._SAN,e574775d-5872-4ece-9242-5178a69de4a4,54.50522,-125.45623,12.90084,5.72234,-4.35135,-9.97137,-0.79449,6.88212,-8.57925,332.183697,0.67345,146.85797,-21.09128,NA,NA,NA,NA,NA,NA,1.76425,-0.21857,-22.16979,NA,NA,NA,NA,NA,NA,0.57548,12.88323,1.70762,NA,NA,NA,NA,NA,NA,NA,NA,NA,NA,NA,NA,NA,NA,NA,NA,NA,NA,NA,NA,NA,NA,NA,NA,NA,NA,NA,NA,High,High,High,High,High,NA,NA,NA,233.398236,4.322436,1963.535513,0.997156,01:45:00,-0.081089,-0.802644,-0.59092,41.435595,43.536944,37.111498,-0.97693,177.573121,-0.21337,-0.51814,0.21337,-0.009043,0.97693,77.679585,-77.668863,0.009043,-0.009043,-177.573121,77.668863,0.97693,0.51814,-77.679585,-0.97693,0.009043,0.21337,-0.21337,NA,NA,NA,NA,NA,NA,NA,NA,NA,NA,NA
NA,NA,NA,NA,NA,NA,NA,NA,NA,NA,NA,NA,NA,NA,NA,NA,22,2026-02-10,13:11:05,3,1,"Polk, Kian",NA,Right,MT._SAN,"Boynton, Zach",1000398241,Left,ORA_COA,Undefined,1,Bottom,0,0,0,ChangeUp,Changeup,BallCalled,Undefined,Undefined,Undefined,0,0,NA,76.45062,1.704482,-0.780719,1433.696756,258.193853,02:30:00,5.53315,1.11982,5.4941700000000004,-43.76089,5.78768,18.77576,3.4814600000000002,1.95411,68.63384,-6.39716,2.564493,0.506626,NA,NA,NA,NA,NA,NA,NA,NA,NA,NA,NA,-9.57957,2.94823,-1.06393,50,5.65363,0.75406,-110.69886,1.89333,-11.63356,23.68883,-28.59368,ORA_COA,MT._SAN,JohnAltobelliPark,JUCO,NJCAA,20260210-JohnAltobelliPark-1,037c5580-06c5-11f1-9622-2f53c37c9706,74.39901,NA,NA,7.81679,NA,NA,NA,NA,NA,NA,f8462b57-8140-48a2-876f-4518772dfcbd,2026-02-10,21:11:05,2026-02-10T21:11:05Z,2026-02-10T21:11:05Z,NA,v3,NA,NA,NA,"Fielder, M",NA,Right,MT._SAN,27819d15-741a-4144-9229-2a5b01dfd1ac,55.00079,-111.76387,11.84442,5.53961,3.17886,-14.29684,-1.10959,1.27708,-5.81678,NA,NA,NA,NA,NA,NA,NA,NA,NA,NA,NA,NA,NA,NA,NA,NA,NA,NA,NA,NA,NA,NA,NA,NA,NA,NA,NA,NA,NA,NA,NA,NA,NA,NA,NA,NA,NA,NA,NA,NA,NA,NA,NA,NA,NA,NA,NA,NA,NA,NA,High,High,High,NA,NA,NA,NA,NA,258.34456,-5.304689,1427.556427,0.995717,02:30:00,0.060658,-0.977504,-0.202006,-24.229123,-41.89346,-79.814639,0.225103,142.798125,-0.776068,36.093696,0.776068,-0.589107,-0.225103,16.17512,13.008941,0.589107,0.589107,-142.798125,-13.008941,0.225103,-36.093696,-16.17512,-0.225103,-0.589107,0.776068,-0.776068,NA,NA,NA,NA,NA,NA,NA,NA,NA,NA,NA
NA,NA,NA,NA,NA,NA,NA,NA,NA,NA,NA,NA,NA,NA,NA,NA,23,2026-02-10,13:11:22,3,2,"Polk, Kian",NA,Right,MT._SAN,"Boynton, Zach",1000398241,Left,ORA_COA,Undefined,1,Bottom,0,1,0,Fastball,Changeup,StrikeCalled,Undefined,Undefined,Undefined,0,0,NA,83.15095,-0.592088,-4.355583,1877.706375,246.364751,02:15:00,5.54531,1.21818,5.78638,-30.14545,10.91249,21.66371,2.48073,-1.0365,75.39442,-6.213805,-0.486243,0.461179,NA,NA,NA,NA,NA,NA,NA,NA,NA,NA,NA,-12.26851,6.16839,-0.8714,50,5.47847,8.27931,-120.37397,-2.20492,-17.8545,25.1419,-23.1971,ORA_COA,MT._SAN,JohnAltobelliPark,JUCO,NJCAA,20260210-JohnAltobelliPark-1,0dbd26a0-06c5-11f1-9622-2f53c37c9706,81.73055,NA,NA,7.75653,NA,NA,NA,NA,NA,NA,f8462b57-8140-48a2-876f-4518772dfcbd,2026-02-10,21:11:22,2026-02-10T21:11:22Z,2026-02-10T21:11:22Z,NA,v3,NA,NA,NA,"Fielder, M",NA,Right,MT._SAN,0ec124a1-f2a1-437b-8868-5c0ba1b19a5d,54.7122,-121.35419,12.57095,5.54681,-1.30052,-11.59855,-1.20776,8.97542,-8.92725,NA,NA,NA,NA,NA,NA,NA,NA,NA,NA,NA,NA,NA,NA,NA,NA,NA,NA,NA,NA,NA,NA,NA,NA,NA,NA,NA,NA,NA,NA,NA,NA,NA,NA,NA,NA,NA,NA,NA,NA,NA,NA,NA,NA,NA,NA,NA,NA,NA,NA,High,High,High,NA,NA,NA,NA,NA,239.917109,6.516716,1865.574111,0.993539,02:00:00,-0.142123,-0.860837,-0.488631,90.513954,29.299034,-85.484974,-0.977759,177.308733,-0.2095,-0.564244,0.2095,-0.009848,0.977759,77.906354,-77.893395,0.009848,-0.009848,-177.308733,77.893395,0.977759,0.564244,-77.906354,-0.977759,0.009848,0.2095,-0.2095,NA,NA,NA,NA,NA,NA,NA,NA,NA,NA,NA
NA,NA,NA,NA,NA,NA,NA,NA,NA,NA,NA,NA,NA,NA,NA,NA,24,2026-02-10,13:11:41,3,3,"Polk, Kian",NA,Right,MT._SAN,"Boynton, Zach",1000398241,Left,ORA_COA,Undefined,1,Bottom,0,1,1,Fastball,Changeup,BallCalled,Undefined,Undefined,Undefined,0,0,NA,86.03552,-2.154843,-3.344534,1979.66661,247.091363,02:15:00,5.56734,1.22485,5.73363,-27.99147,10.86327,22.16493,1.22363,-0.04624,77.30574,-7.38521,0.620116,0.448635,NA,NA,NA,NA,NA,NA,NA,NA,NA,NA,NA,-12.34548,6.6887,-0.95946,50,5.37058,6.32504,-124.45236,-5.60709,-18.95764,29.84147,-21.90287,ORA_COA,MT._SAN,JohnAltobelliPark,JUCO,NJCAA,20260210-JohnAltobelliPark-1,18faf560-06c5-11f1-9622-2f53c37c9706,84.01576,NA,NA,8.72977,NA,NA,NA,NA,NA,NA,f8462b57-8140-48a2-876f-4518772dfcbd,2026-02-10,21:11:41,2026-02-10T21:11:41Z,2026-02-10T21:11:41Z,NA,v3,NA,NA,NA,"Fielder, M",NA,Right,MT._SAN,c46d2462-f00b-4390-a7e7-d7934f26332a,54.76371,-125.58942,14.92073,5.56833,-4.77252,-10.95144,-1.21422,7.04739,-9.47882,NA,NA,NA,NA,NA,NA,NA,NA,NA,NA,NA,NA,NA,NA,NA,NA,NA,NA,NA,NA,NA,NA,NA,NA,NA,NA,NA,NA,NA,NA,NA,NA,NA,NA,NA,NA,NA,NA,NA,NA,NA,NA,NA,NA,NA,NA,NA,NA,NA,NA,High,High,High,NA,NA,NA,NA,NA,238.269885,6.445369,1967.153814,0.993679,02:00:00,-0.110749,-0.848782,-0.517014,66.249227,61.250491,71.048839,-0.96948,168.163696,-0.239957,-2.882526,0.239957,-0.050288,0.96948,76.09805,-75.80812,0.050288,-0.050288,-168.163696,75.80812,0.96948,2.882526,-76.09805,-0.96948,0.050288,0.239957,-0.239957,NA,NA,NA,NA,NA,NA,NA,NA,NA,NA,NA
NA,NA,NA,NA,NA,NA,NA,NA,NA,NA,NA,NA,NA,NA,NA,NA,25,2026-02-10,13:12:02,3,4,"Polk, Kian",NA,Right,MT._SAN,"Boynton, Zach",1000398241,Left,ORA_COA,Undefined,1,Bottom,0,2,1,Slider,Slider,FoulBallNotFieldable,Undefined,Undefined,Undefined,0,0,NA,72.08443,1.828692,-1.539851,2075.895883,158.046188,11:15:00,5.47383,1.26865,5.47781,-52.88192,4.26567,-0.68413,2.77935,-0.22958,63.41091,-7.998617,-1.661677,0.54409,87.11293,17.60456,41.222341,2860.958033,78.06286,22.46534,77.49926,209.76279,175.75978,49.256603,2.280494,-0.29748,2.03795,-1.13296,50,5.59926,2.82306,-104.08027,1.74531,-0.31111,25.02439,-30.04263,ORA_COA,MT._SAN,JohnAltobelliPark,JUCO,NJCAA,20260210-JohnAltobelliPark-1,2559c480-06c5-11f1-9622-2f53c37c9706,69.27616,22.47999,NA,8.67352,NA,NA,NA,2.98858,3.03614,0.25495,f8462b57-8140-48a2-876f-4518772dfcbd,2026-02-10,21:12:02,2026-02-10T21:12:02Z,2026-02-10T21:12:02Z,LineDrive,v3,NA,NA,NA,"Fielder, M",NA,Right,MT._SAN,9906eb06-c660-4ff3-b14d-6afe2a4d70d1,55.01607,-105.27939,12.5122,5.48114,3.1849,-15.02131,-1.26859,2.83797,-0.15555,NA,2.98858,91.59904,-21.93254,5.18416,-1.19782,0.23249,-0.04163,0.00557,-3.7e-4,3.03614,38.64209,-21.05138,2.10659,-0.34676,0.0562,-0.00691,9e-4,-1e-4,0.25495,80.25219,-3.82793,-1.06782,0.56683,-0.17967,0.0394,-0.00575,3.8e-4,NA,NA,NA,NA,NA,NA,NA,NA,NA,NA,NA,NA,NA,NA,NA,NA,NA,NA,NA,NA,NA,NA,High,High,High,High,Medium,NA,NA,NA,69.948857,72.829174,612.849316,0.295222,08:15:00,-0.943031,0.307675,0.126606,62.27534,58.580473,-4.586234,0.562575,132.373331,-0.557193,37.645534,0.557193,-0.610775,-0.562575,45.275392,34.234061,0.610775,0.610775,-132.373331,-34.234061,0.562575,-37.645534,-45.275392,-0.562575,-0.610775,0.557193,-0.557193,NA,NA,NA,NA,NA,NA,NA,NA,NA,NA,NA
NA,NA,NA,NA,NA,NA,NA,NA,NA,NA,NA,NA,NA,NA,NA,NA,26,2026-02-10,13:12:27,3,5,"Polk, Kian",NA,Right,MT._SAN,"Boynton, Zach",1000398241,Left,ORA_COA,Undefined,1,Bottom,0,2,2,ChangeUp,Changeup,FoulBallNotFieldable,Undefined,Undefined,Undefined,0,0,NA,75.93725,1.21818,-2.448522,1452.588639,240.924568,02:00:00,5.45693,1.08869,6.04269,-40.19459,8.35351,12.08701,3.23645,-0.17244,69.06209,-6.27819,-0.274856,0.501484,52.34336,37.846793,-59.443955,3698.715225,47.47061,24.36352,-99.22962,141.35964,89.37646,-65.922562,2.840682,-6.95906,4.41193,-0.90425,50,5.53039,4.28244,-110.17115,1.19829,-8.48605,21.00906,-26.794,ORA_COA,MT._SAN,JohnAltobelliPark,JUCO,NJCAA,20260210-JohnAltobelliPark-1,340edfb0-06c5-11f1-9622-2f53c37c9706,75.16172,33.79936,NA,6.87516,NA,NA,NA,0.70815,3.24567,0.15326,f8462b57-8140-48a2-876f-4518772dfcbd,2026-02-10,21:12:27,2026-02-10T21:12:27Z,2026-02-10T21:12:27Z,LineDrive,v3,NA,NA,NA,"Fielder, M",NA,Right,MT._SAN,c1034b09-5e62-46c2-a176-e10e001440b6,54.45603,-111.01764,10.50453,5.46036,2.27786,-13.397,-1.08368,4.62436,-4.24303,129.678794,0.70805,30.8237,-6.09085,1.46397,-0.47305,0.21328,-0.08662,0.01946,-0.00169,3.24575,47.09874,-19.62777,1.35596,-0.15123,-0.055,0.03575,-0.00699,4.6e-4,0.15337,-52.20837,3.44418,-0.66763,0.28351,-0.1853,0.08483,-0.02005,0.00183,NA,NA,NA,NA,NA,NA,NA,NA,NA,NA,NA,NA,NA,NA,NA,NA,NA,NA,NA,NA,NA,NA,High,High,High,High,Medium,NA,NA,NA,253.770201,19.741769,1367.212092,0.941225,02:30:00,-0.36783,-0.89633,-0.247575,-12.252042,51.36457,55.450975,0.010655,156.550539,-0.917359,23.44805,0.917359,-0.397917,-0.010655,0.665439,0.610486,0.397917,0.397917,-156.550539,-0.610486,0.010655,-23.44805,-0.665439,-0.010655,-0.397917,0.917359,-0.917359,NA,NA,NA,NA,NA,NA,NA,NA,NA,NA,NA
NA,NA,NA,NA,NA,NA,NA,NA,NA,NA,NA,NA,NA,NA,NA,NA,27,2026-02-10,13:12:57,3,6,"Polk, Kian",NA,Right,MT._SAN,"Boynton, Zach",1000398241,Left,ORA_COA,Undefined,1,Bottom,0,2,2,ChangeUp,Changeup,BallCalled,Undefined,Undefined,Undefined,0,0,NA,74.72949,1.340421,-3.133513,1451.727974,226.606119,01:30:00,5.48346,1.26369,6.04466,-37.97392,13.68465,12.14209,3.56205,-0.62846,66.0024,-5.863568,-0.952785,0.5173,NA,NA,NA,NA,NA,NA,NA,NA,NA,NA,NA,-7.3267,7.15678,-1.02523,50,5.56844,5.45293,-107.95669,1.50921,-8.33676,25.06211,-24.03062,ORA_COA,MT._SAN,JohnAltobelliPark,JUCO,NJCAA,20260210-JohnAltobelliPark-1,460235f0-06c5-11f1-9622-2f53c37c9706,72.86377,NA,NA,8.72709,NA,NA,NA,NA,NA,NA,f8462b57-8140-48a2-876f-4518772dfcbd,2026-02-10,21:12:57,2026-02-10T21:12:57Z,2026-02-10T21:12:57Z,NA,v3,NA,NA,NA,"Fielder, M",NA,Right,MT._SAN,0ac20930-6e8c-47a1-a412-07cd55a667c0,54.44524,-108.98377,12.53106,5.48641,2.49401,-12.01531,-1.25569,5.79458,-4.16838,NA,NA,NA,NA,NA,NA,NA,NA,NA,NA,NA,NA,NA,NA,NA,NA,NA,NA,NA,NA,NA,NA,NA,NA,NA,NA,NA,NA,NA,NA,NA,NA,NA,NA,NA,NA,NA,NA,NA,NA,NA,NA,NA,NA,NA,NA,NA,NA,NA,NA,High,High,High,NA,NA,NA,NA,NA,253.835094,18.710814,1375.003786,0.94715,02:30:00,-0.355887,-0.901951,-0.244601,-2.501579,41.822467,71.543479,-0.088621,145.894526,-0.824749,-33.952949,0.824749,-0.558512,0.088621,6.133007,-5.084269,0.558512,-0.558512,-145.894526,5.084269,0.088621,33.952949,-6.133007,-0.088621,0.558512,0.824749,-0.824749,NA,NA,NA,NA,NA,NA,NA,NA,NA,NA,NA
NA,NA,NA,NA,NA,NA,NA,NA,NA,NA,NA,NA,NA,NA,NA,NA,28,2026-02-10,13:13:14,3,7,"Polk, Kian",NA,Right,MT._SAN,"Boynton, Zach",1000398241,Left,ORA_COA,Undefined,1,Bottom,0,3,2,Fastball,Changeup,BallCalled,Walk,Undefined,Undefined,0,0,NA,84.51957,-1.736246,-4.633729,1931.686286,241.587186,02:00:00,5.56513,1.25277,5.88345,-28.7088,11.19607,17.96879,1.5546,-1.56231,76.28129,-7.105697,-1.419883,0.454658,NA,NA,NA,NA,NA,NA,NA,NA,NA,NA,NA,-10.63721,6.71528,-0.88824,50,5.40818,9.16721,-122.19022,-4.61826,-15.8443,27.39683,-22.17151,ORA_COA,MT._SAN,JohnAltobelliPark,JUCO,NJCAA,20260210-JohnAltobelliPark-1,505b9820-06c5-11f1-9622-2f53c37c9706,82.90292,NA,NA,8.23828,NA,NA,NA,NA,NA,NA,f8462b57-8140-48a2-876f-4518772dfcbd,2026-02-10,21:13:14,2026-02-10T21:13:14Z,2026-02-10T21:13:14Z,NA,v3,NA,NA,NA,"Fielder, M",NA,Right,MT._SAN,90976ea1-16e8-49dd-a158-9cb10cd163f5,54.61417,-123.22044,13.69842,5.56617,-3.78453,-11.08575,-1.24416,9.76302,-7.92215,NA,NA,NA,NA,NA,NA,NA,NA,NA,NA,NA,NA,NA,NA,NA,NA,NA,NA,NA,NA,NA,NA,NA,NA,NA,NA,NA,NA,NA,NA,NA,NA,NA,NA,NA,NA,NA,NA,NA,NA,NA,NA,NA,NA,NA,NA,NA,NA,NA,NA,High,High,High,NA,NA,NA,NA,NA,239.638474,7.636776,1914.553091,0.99113,02:00:00,-0.147042,-0.858834,-0.490696,59.593796,57.034835,57.498111,0.982354,172.091578,-0.185253,1.474597,0.185253,-0.025734,-0.982354,79.320536,79.220383,0.025734,0.025734,-172.091578,-79.220383,0.982354,-1.474597,-79.320536,-0.982354,-0.025734,0.185253,-0.185253,NA,NA,NA,NA,NA,NA,NA,NA,NA,NA,NA
NA,NA,NA,NA,NA,NA,NA,NA,NA,NA,NA,NA,NA,NA,NA,NA,29,2026-02-10,13:14:26,4,1,"Polk, Kian",NA,Right,MT._SAN,"Chorbagian, Andrew",1000398220,Right,ORA_COA,Undefined,1,Bottom,0,0,0,Fastball,Changeup,StrikeCalled,Undefined,Undefined,Undefined,0,0,NA,81.73054,0.045111,-3.672463,1885.793957,249.237312,02:15:00,5.60586,0.9962,5.9744,-33.15899,9.17997,20.18741,2.88452,-0.73076,73.79246,-6.158354,-0.049982,0.468319,NA,NA,NA,NA,NA,NA,NA,NA,NA,NA,NA,-11.46331,5.15264,-0.71612,50,5.5913,6.80325,-118.39556,-0.92391,-16.04549,25.53079,-24.96175,ORA_COA,MT._SAN,JohnAltobelliPark,JUCO,NJCAA,20260210-JohnAltobelliPark-1,7b267d40-06c5-11f1-9622-2f53c37c9706,80.4846,NA,NA,7.93808,NA,NA,NA,NA,NA,NA,f8462b57-8140-48a2-876f-4518772dfcbd,2026-02-10,21:14:26,2026-02-10T21:14:26Z,2026-02-10T21:14:26Z,NA,v3,NA,NA,NA,"Fielder, M",NA,Right,MT._SAN,606507f9-e37e-4eb2-b167-85f0803b22fc,54.52361,-119.36705,12.7654,5.60838,0.02593,-12.48088,-0.98661,7.4138,-8.02275,NA,NA,NA,NA,NA,NA,NA,NA,NA,NA,NA,NA,NA,NA,NA,NA,NA,NA,NA,NA,NA,NA,NA,NA,NA,NA,NA,NA,NA,NA,NA,NA,NA,NA,NA,NA,NA,NA,NA,NA,NA,NA,NA,NA,NA,NA,NA,NA,NA,NA,High,High,High,NA,NA,NA,NA,NA,238.390087,3.536391,1882.203071,0.998096,02:00:00,-0.095732,-0.849966,-0.518067,85.229448,27.73606,-82.520854,-0.976029,155.914653,-0.198692,-5.095628,0.198692,-0.088818,0.976029,78.493419,-77.429534,0.088818,-0.088818,-155.914653,77.429534,0.976029,5.095628,-78.493419,-0.976029,0.088818,0.198692,-0.198692,NA,NA,NA,NA,NA,NA,NA,NA,NA,NA,NA
NA,NA,NA,NA,NA,NA,NA,NA,NA,NA,NA,NA,NA,NA,NA,NA,30,2026-02-10,13:14:47,4,2,"Polk, Kian",NA,Right,MT._SAN,"Chorbagian, Andrew",1000398220,Right,ORA_COA,Undefined,1,Bottom,0,0,1,Slider,Slider,BallCalled,Undefined,Undefined,Undefined,0,0,NA,75.50212,0.766205,-3.488434,2210.659434,98.445664,09:15:00,5.36276,1.25353,5.81905,-48.68333,2.52366,-2.21929,2.01957,-2.17885,66.93177,-8.28388,-3.885251,0.515034,NA,NA,NA,NA,NA,NA,NA,NA,NA,NA,NA,-0.26291,1.64193,-0.96644,50,5.39766,6.73046,-109.03232,-0.01284,-0.30387,26.28375,-30.27636,ORA_COA,MT._SAN,JohnAltobelliPark,JUCO,NJCAA,20260210-JohnAltobelliPark-1,87b62060-06c5-11f1-9622-2f53c37c9706,73.18436,NA,NA,8.57035,NA,NA,NA,NA,NA,NA,f8462b57-8140-48a2-876f-4518772dfcbd,2026-02-10,21:14:47,2026-02-10T21:14:47Z,2026-02-10T21:14:47Z,NA,v3,NA,NA,NA,"Fielder, M",NA,Right,MT._SAN,84e45b95-7058-4fde-8d63-a3f2c3f4ea50,54.67407,-110.15331,13.14187,5.37068,1.27843,-15.13818,-1.25377,6.74342,-0.15194,NA,NA,NA,NA,NA,NA,NA,NA,NA,NA,NA,NA,NA,NA,NA,NA,NA,NA,NA,NA,NA,NA,NA,NA,NA,NA,NA,NA,NA,NA,NA,NA,NA,NA,NA,NA,NA,NA,NA,NA,NA,NA,NA,NA,NA,NA,NA,NA,NA,NA,High,High,High,NA,NA,NA,NA,NA,72.835854,78.65939,434.706593,0.196641,08:30:00,-0.972533,0.200978,0.117424,18.854406,59.449301,-34.340335,0.597704,135.005479,-0.566953,34.530514,0.566953,-0.566845,-0.597704,46.512446,36.705656,0.566845,0.566845,-135.005479,-36.705656,0.597704,-34.530514,-46.512446,-0.597704,-0.566845,0.566953,-0.566953,NA,NA,NA,NA,NA,NA,NA,NA,NA,NA,NA
NA,NA,NA,NA,NA,NA,NA,NA,NA,NA,NA,NA,NA,NA,NA,NA,31,2026-02-10,13:15:08,4,3,"Polk, Kian",NA,Right,MT._SAN,"Chorbagian, Andrew",1000398220,Right,ORA_COA,Undefined,1,Bottom,0,1,1,Fastball,Changeup,StrikeCalled,Undefined,Undefined,Undefined,0,0,NA,83.91223,-0.665208,-4.104556,1968.286848,232.402832,01:45:00,5.74113,0.94693,5.90631,-26.10679,14.5891,16.87402,2.94647,-1.46347,74.99102,-5.61099,-1.084333,0.459141,NA,NA,NA,NA,NA,NA,NA,NA,NA,NA,NA,-9.96375,8.13788,-0.62602,50,5.67297,8.00554,-121.31723,-2.18583,-14.51102,28.77483,-20.32218,ORA_COA,MT._SAN,JohnAltobelliPark,JUCO,NJCAA,20260210-JohnAltobelliPark-1,9410f7e0-06c5-11f1-9622-2f53c37c9706,82.0933,NA,NA,8.92121,NA,NA,NA,NA,NA,NA,f8462b57-8140-48a2-876f-4518772dfcbd,2026-02-10,21:15:08,2026-02-10T21:15:08Z,2026-02-10T21:15:08Z,NA,v3,NA,NA,NA,"Fielder, M",NA,Right,MT._SAN,d228fc69-89bb-413f-a152-094a0fc45e7d,54.58868,-122.40076,14.38741,5.74087,-1.42058,-10.16109,-0.93777,8.55196,-7.25551,NA,NA,NA,NA,NA,NA,NA,NA,NA,NA,NA,NA,NA,NA,NA,NA,NA,NA,NA,NA,NA,NA,NA,NA,NA,NA,NA,NA,NA,NA,NA,NA,NA,NA,NA,NA,NA,NA,NA,NA,NA,NA,NA,NA,NA,NA,NA,NA,NA,NA,High,High,High,NA,NA,NA,NA,NA,230.277295,10.399249,1935.955447,0.983574,01:45:00,-0.216262,-0.758557,-0.614672,73.839516,33.898625,-89.444105,-0.97072,142.264369,-0.189972,-8.454032,0.189972,-0.147016,0.97072,78.927034,-76.100793,0.147016,-0.147016,-142.264369,76.100793,0.97072,8.454032,-78.927034,-0.97072,0.147016,0.189972,-0.189972,NA,NA,NA,NA,NA,NA,NA,NA,NA,NA,NA
NA,NA,NA,NA,NA,NA,NA,NA,NA,NA,NA,NA,NA,NA,NA,NA,32,2026-02-10,13:15:31,4,4,"Polk, Kian",NA,Right,MT._SAN,"Chorbagian, Andrew",1000398220,Right,ORA_COA,Undefined,1,Bottom,0,1,2,Slider,Slider,InPlay,Undefined,Popup,Out,1,0,NA,73.48473,1.314399,-2.808932,2244.695547,103.002438,09:30:00,5.52144,1.30071,5.62146,-51.51507,2.7089,-1.90197,2.45683,-1.48123,65.33059,-8.227767,-3.148102,0.529989,78.35034,53.042462,17.465385,NA,102.97598,113.88866,38.67747,192.05685,156.66809,21.421303,5.451077,-0.12453,1.47378,-1.05971,50,5.60114,5.28005,-106.18813,0.88727,-0.13694,24.40411,-30.55317,ORA_COA,MT._SAN,JohnAltobelliPark,JUCO,NJCAA,20260210-JohnAltobelliPark-1,a1cd3420-06c5-11f1-9622-2f53c37c9706,71.11927,114.02478,NA,8.15415,NA,NA,NA,2.32026,2.58001,1.38659,f8462b57-8140-48a2-876f-4518772dfcbd,2026-02-10,21:15:31,2026-02-10T21:15:31Z,2026-02-10T21:15:31Z,Popup,v3,NA,NA,NA,"Fielder, M",NA,Right,MT._SAN,d504d5a3-b6d8-4ae2-962d-061818fe1b87,54.87377,-107.30237,12.20205,5.52878,2.28226,-15.27659,-1.30094,5.2863,-0.06847,185.551843,2.32438,65.81716,-18.62481,5.0285,-0.81901,0.04917,0.00754,-0.00142,6e-5,2.58049,91.80581,-21.76224,1.10709,0.2885,-0.2197,0.06214,-0.00846,4.4e-4,1.38779,20.71203,-3.87313,0.85392,-0.09305,-0.00615,0.00303,-2.7e-4,0,NA,NA,NA,NA,NA,NA,NA,NA,NA,NA,NA,NA,NA,NA,NA,NA,NA,NA,NA,NA,NA,NA,High,High,High,Medium,Low,NA,NA,NA,69.525656,75.114325,576.64247,0.256891,08:15:00,-0.955108,0.262769,0.136827,52.66556,58.742628,-12.328797,0.583918,129.102555,-0.512019,39.048755,0.512019,-0.629981,-0.583918,48.753529,35.726587,0.629981,0.629981,-129.102555,-35.726587,0.583918,-39.048755,-48.753529,-0.583918,-0.629981,0.512019,-0.512019,NA,NA,NA,NA,NA,NA,NA,NA,NA,NA,NA
NA,NA,NA,NA,NA,NA,NA,NA,NA,NA,NA,NA,NA,NA,NA,NA,33,2026-02-10,13:16:11,5,1,"Polk, Kian",NA,Right,MT._SAN,"Wood, Jake",1000511810,Right,ORA_COA,Undefined,1,Bottom,1,0,0,Fastball,Changeup,StrikeCalled,Undefined,Undefined,Undefined,0,0,NA,83.97422,-1.501671,-4.343206,1965.644374,241.998179,02:00:00,5.6344900000000004,1.15818,5.79901,-28.85596,11.72253,19.18977,1.82875,-1.29012,75.65503,-6.900556,-0.914316,0.458479,NA,NA,NA,NA,NA,NA,NA,NA,NA,NA,NA,-11.17741,6.90296,-0.81213,50,5.49372,8.43614,-121.43349,-4.10166,-16.41398,27.44846,-22.03704,ORA_COA,MT._SAN,JohnAltobelliPark,JUCO,NJCAA,20260210-JohnAltobelliPark-1,b9a10ea0-06c5-11f1-9622-2f53c37c9706,82.21194,NA,NA,8.31918,NA,NA,NA,NA,NA,NA,f8462b57-8140-48a2-876f-4518772dfcbd,2026-02-10,21:16:11,2026-02-10T21:16:11Z,2026-02-10T21:16:11Z,NA,v3,NA,NA,NA,"Fielder, M",NA,Right,MT._SAN,650678dd-fb38-4753-9581-2d11d6fd20e4,54.69884,-122.491,13.72423,5.63539,-3.25264,-11.01852,-1.14933,9.06852,-8.20699,NA,NA,NA,NA,NA,NA,NA,NA,NA,NA,NA,NA,NA,NA,NA,NA,NA,NA,NA,NA,NA,NA,NA,NA,NA,NA,NA,NA,NA,NA,NA,NA,NA,NA,NA,NA,NA,NA,NA,NA,NA,NA,NA,NA,NA,NA,NA,NA,NA,NA,High,High,High,NA,NA,NA,NA,NA,238.895731,5.954688,1955.03825,0.994604,02:00:00,-0.120066,-0.854035,-0.506171,67.218131,56.860828,70.579266,0.973906,170.24687,-0.223672,2.203364,0.223672,-0.038446,-0.973906,77.065465,76.882293,0.038446,0.038446,-170.24687,-76.882293,0.973906,-2.203364,-77.065465,-0.973906,-0.038446,0.223672,-0.223672,NA,NA,NA,NA,NA,NA,NA,NA,NA,NA,NA
NA,NA,NA,NA,NA,NA,NA,NA,NA,NA,NA,NA,NA,NA,NA,NA,34,2026-02-10,13:16:29,5,2,"Polk, Kian",NA,Right,MT._SAN,"Wood, Jake",1000511810,Right,ORA_COA,Undefined,1,Bottom,1,0,1,Slider,Slider,StrikeCalled,Undefined,Undefined,Undefined,0,0,Stolen base,73.08864,1.713617,-2.112578,2089.136093,117.426555,10:00:00,5.40162,1.25761,5.76062,-51.23192,3.91528,-2.70984,2.72887,-0.93546,64.16029,-7.859489,-2.59732,0.534482,NA,NA,NA,NA,NA,NA,NA,NA,NA,NA,NA,0.46618,2.06882,-1.08094,50,5.51413,3.99423,-105.48842,1.64288,0.50037,25.86144,-29.95359,ORA_COA,MT._SAN,JohnAltobelliPark,JUCO,NJCAA,20260210-JohnAltobelliPark-1,c4c5b010-06c5-11f1-9622-2f53c37c9706,70.52142,NA,NA,8.92835,NA,NA,NA,NA,NA,NA,f8462b57-8140-48a2-876f-4518772dfcbd,2026-02-10,21:16:29,2026-02-10T21:16:29Z,2026-02-10T21:16:29Z,NA,v3,NA,NA,NA,"Fielder, M",NA,Right,MT._SAN,50695737-9dcd-47ce-b691-bedeb4a7b64a,54.72879,-106.64143,12.93072,5.41112,2.97832,-14.9768,-1.25853,3.97192,0.25019,NA,NA,NA,NA,NA,NA,NA,NA,NA,NA,NA,NA,NA,NA,NA,NA,NA,NA,NA,NA,NA,NA,NA,NA,NA,NA,NA,NA,77.27926,1.703756,0.858419,0.845337,-0.53264,2.4526,1.02419,-1.54889,5.65153,-1.77126,64.50053,4.70582,-60.27881,-1.53789,82.0053,-4.61163,5.67096,11.31988,-14.77148,-1.80572,-76.62331,8.8664,High,High,High,NA,NA,High,High,High,75.380511,75.982535,506.025637,0.242218,08:30:00,-0.959871,0.263284,0.096585,-1.61009,46.627338,-50.625147,0.559957,130.683475,-0.540096,38.923802,0.540096,-0.628286,-0.559957,46.034345,34.052853,0.628286,0.628286,-130.683475,-34.052853,0.559957,-38.923802,-46.034345,-0.559957,-0.628286,0.540096,-0.540096,NA,NA,NA,NA,NA,NA,NA,NA,NA,NA,NA
NA,NA,NA,NA,NA,NA,NA,NA,NA,NA,NA,NA,NA,NA,NA,NA,35,2026-02-10,13:17:00,5,3,"Polk, Kian",NA,Right,MT._SAN,"Wood, Jake",1000511810,Right,ORA_COA,Undefined,1,Bottom,1,0,2,Slider,Slider,BallCalled,Undefined,Undefined,Undefined,0,0,NA,72.70329,1.172342,-3.785261,2170.378904,105.028953,09:30:00,5.44223,1.05887,5.76801,-51.43861,3.62516,-5.11252,2.24927,-2.89509,64.87028,-8.362219,-4.697323,0.534078,NA,NA,NA,NA,NA,NA,NA,NA,NA,NA,NA,1.1465,2.09669,-0.74227,50,5.50925,7.13332,-104.99303,0.64559,1.23655,23.3656,-29.91268,ORA_COA,MT._SAN,JohnAltobelliPark,JUCO,NJCAA,20260210-JohnAltobelliPark-1,d7484e00-06c5-11f1-9622-2f53c37c9706,70.57482,NA,NA,7.833,NA,NA,NA,NA,NA,NA,f8462b57-8140-48a2-876f-4518772dfcbd,2026-02-10,21:17:00,2026-02-10T21:17:00Z,2026-02-10T21:17:00Z,NA,v3,NA,NA,NA,"Fielder, M",NA,Right,MT._SAN,0423d1b1-7ec8-4bd8-951a-edde0350f80f,54.72561,-106.03948,11.6828,5.45034,1.98524,-14.95634,-1.0605,7.07795,0.61827,NA,NA,NA,NA,NA,NA,NA,NA,NA,NA,NA,NA,NA,NA,NA,NA,NA,NA,NA,NA,NA,NA,NA,NA,NA,NA,NA,NA,NA,NA,NA,NA,NA,NA,NA,NA,NA,NA,NA,NA,NA,NA,NA,NA,NA,NA,NA,NA,NA,NA,High,High,High,NA,NA,NA,NA,NA,66.982885,74.379146,584.418707,0.26927,08:15:00,-0.948752,0.267485,0.168287,43.223594,59.121792,-16.601543,0.530819,129.871976,-0.543301,40.57379,0.543301,-0.650427,-0.530819,44.334231,32.060824,0.650427,0.650427,-129.871976,-32.060824,0.530819,-40.57379,-44.334231,-0.530819,-0.650427,0.543301,-0.543301,NA,NA,NA,NA,NA,NA,NA,NA,NA,NA,NA
NA,NA,NA,NA,NA,NA,NA,NA,NA,NA,NA,NA,NA,NA,NA,NA,36,2026-02-10,13:17:24,5,4,"Polk, Kian",NA,Right,MT._SAN,"Wood, Jake",1000511810,Right,ORA_COA,Undefined,1,Bottom,1,1,2,Fastball,Changeup,FoulBallNotFieldable,Undefined,Undefined,Undefined,0,0,NA,85.03456,-0.894391,-4.234193,1955.90271,243.054017,02:00:00,5.70893,0.85214,5.95827,-27.71222,11.86312,20.27033,2.56784,-1.39235,76.00187,-6.123432,-0.601388,0.452776,66.7153,62.947931,112.508612,5227.243638,NA,NA,NA,NA,30.39283,NA,NA,-11.93729,6.82607,-0.52698,50,5.62248,8.29121,-122.98205,-2.77375,-17.83251,29.9807,-21.97693,ORA_COA,MT._SAN,JohnAltobelliPark,JUCO,NJCAA,20260210-JohnAltobelliPark-1,e54563d0-06c5-11f1-9622-2f53c37c9706,83.24735,53.50335,NA,9.0327,NA,NA,NA,2.45667,2.4391,1.17785,f8462b57-8140-48a2-876f-4518772dfcbd,2026-02-10,21:17:24,2026-02-10T21:17:24Z,2026-02-10T21:17:24Z,NA,v3,NA,NA,NA,"Fielder, M",NA,Right,MT._SAN,994649ff-b38a-4b09-b255-047c25c4c0d1,54.54015,-124.08392,14.99035,5.70958,-1.96604,-10.98846,-0.84374,8.9466,-8.91625,NA,2.45667,-17.03624,-7.94325,4.55713,-1.53771,0.44876,-0.12203,0.02809,-0.00382,2.4391,87.14364,-33.05096,4.6567,-0.78624,0.09744,-0.006,-0.00178,4.5e-4,1.17785,41.11165,-14.96563,4.46173,-1.11991,0.26095,-0.06025,0.01183,-0.00149,NA,NA,NA,NA,NA,NA,NA,NA,NA,NA,NA,NA,NA,NA,NA,NA,NA,NA,NA,NA,NA,NA,High,High,High,Medium,Undefined,NA,NA,NA,231.978908,11.309644,1917.92233,0.980582,01:45:00,-0.228122,-0.775454,-0.588755,-89.918753,-26.463116,87.769635,-0.963965,137.960262,-0.197574,-10.261708,0.197574,-0.178145,0.963965,78.417096,-74.571947,0.178145,-0.178145,-137.960262,74.571947,0.963965,10.261708,-78.417096,-0.963965,0.178145,0.197574,-0.197574,NA,NA,NA,NA,NA,NA,NA,NA,NA,NA,NA
NA,NA,NA,NA,NA,NA,NA,NA,NA,NA,NA,NA,NA,NA,NA,NA,37,2026-02-10,13:17:50,5,5,"Polk, Kian",NA,Right,MT._SAN,"Wood, Jake",1000511810,Right,ORA_COA,Undefined,1,Bottom,1,1,2,Slider,Curveball,InPlay,Undefined,GroundBall,Out,1,1,NA,70.95303,1.413065,-2.331158,2062.082862,43.087677,07:30:00,5.38536,1.25057,5.74561,-58.52779,-0.54701,-2.81134,1.82504,-1.15532,63.12595,-9.420973,-2.834307,0.548042,93.75409,-8.51625,-9.236004,NA,NA,NA,NA,17.01686,10.42806,-4.697221,0.104765,0.51079,-0.21335,-1.05495,50,5.46763,4.2742000000000004,-102.5897,0.84525,0.52264,23.26619,-32.39236,ORA_COA,MT._SAN,JohnAltobelliPark,JUCO,NJCAA,20260210-JohnAltobelliPark-1,f4a14650-06c5-11f1-9622-2f53c37c9706,68.77661,2.13641,NA,7.82708,NA,NA,NA,2.87727,2.13641,0.89643,f8462b57-8140-48a2-876f-4518772dfcbd,2026-02-10,21:17:50,2026-02-10T21:17:50Z,2026-02-10T21:17:50Z,GroundBall,v3,NA,NA,NA,"Fielder, M",NA,Right,MT._SAN,1ff43614-5160-42e0-a9c4-25956f565fb3,54.75072,-103.66151,11.6331,5.39432,2.33748,-16.19618,-1.2513,4.25012,0.26132,180,2.87402,134.41957,NA,NA,NA,NA,NA,NA,NA,2.13691,-20.39249,NA,NA,NA,NA,NA,NA,NA,0.89696,-21.85791,NA,NA,NA,NA,NA,NA,NA,NA,NA,NA,NA,NA,NA,NA,NA,NA,NA,NA,NA,NA,NA,NA,NA,NA,NA,NA,NA,NA,NA,High,High,High,High,Medium,NA,NA,NA,73.417736,75.034877,532.493772,0.258231,08:30:00,-0.955894,0.27124,0.112671,2.512765,55.976457,-44.624427,0.506904,137.63759,-0.636932,35.509136,0.636932,-0.580833,-0.506904,38.514611,30.457801,0.580833,0.580833,-137.63759,-30.457801,0.506904,-35.509136,-38.514611,-0.506904,-0.580833,0.636932,-0.636932,NA,NA,NA,NA,NA,NA,NA,NA,NA,NA,NA
NA,NA,NA,NA,NA,NA,NA,NA,NA,NA,NA,NA,NA,NA,NA,NA,38,2026-02-10,13:18:26,6,1,"Polk, Kian",NA,Right,MT._SAN,"Barnes, Flynn",1000398235,Right,ORA_COA,Undefined,1,Bottom,2,0,0,Fastball,Changeup,InPlay,Undefined,GroundBall,Single,0,1,NA,81.93163,-0.381359,-3.360406,1812.083828,242.272713,02:00:00,5.52803,1.30309,5.7722,-29.75498,12.98824,21.58544,2.69295,-0.02885,73.43946,-5.974837,0.500036,0.470549,100.02738,3.093032,-20.340964,2160.842051,NA,NA,NA,81.31841,77.84715,-21.717216,0.588222,-12.22694,7.19922,-1.0387,50,5.47879,6.11503,-118.61689,-1.69761,-17.03441,27.37219,-22.14423,ORA_COA,MT._SAN,JohnAltobelliPark,JUCO,NJCAA,20260210-JohnAltobelliPark-1,0a2675e0-06c6-11f1-9622-2f53c37c9706,80.10308,3.40735,NA,8.49216,NA,NA,NA,2.09377,2.71188,0.14007,f8462b57-8140-48a2-876f-4518772dfcbd,2026-02-10,21:18:26,2026-02-10T21:18:26Z,2026-02-10T21:18:26Z,GroundBall,v3,NA,NA,NA,"Fielder, M",NA,Right,MT._SAN,b610363d-cfb2-419c-878e-e4daf31db25f,54.7267,-119.70266,13.6861,5.52871,-0.81922,-11.07211,-1.29467,6.7907400000000004,-8.5172,60.916221,2.12347,136.67703,-20.23425,NA,NA,NA,NA,NA,NA,2.73733,7.33163,-20.44404,NA,NA,NA,NA,NA,NA,0.15067,-51.16756,-0.44036,NA,NA,NA,NA,NA,NA,NA,NA,NA,NA,NA,NA,NA,NA,NA,NA,NA,NA,NA,NA,NA,NA,NA,NA,NA,NA,NA,NA,High,High,High,High,High,NA,NA,NA,242.425009,8.795411,1790.774867,0.988241,02:00:00,-0.173635,-0.87698,-0.448058,87.39454,17.794204,-89.766997,-0.971248,135.470764,-0.169717,-9.610603,0.169717,-0.166951,0.971248,80.088122,-76.227417,0.166951,-0.166951,-135.470764,76.227417,0.971248,9.610603,-80.088122,-0.971248,0.166951,0.169717,-0.169717,NA,NA,NA,NA,NA,NA,NA,NA,NA,NA,NA
NA,NA,NA,NA,NA,NA,NA,NA,NA,NA,NA,NA,NA,NA,NA,NA,39,2026-02-10,13:19:09,7,1,"Polk, Kian",NA,Right,MT._SAN,"Corridan, Kael",1000302588,Right,ORA_COA,Undefined,1,Bottom,2,0,0,Slider,Curveball,StrikeCalled,Undefined,Undefined,Undefined,0,0,NA,71.93134,1.981936,-2.052853,2082.246283,62.709071,08:00:00,5.40407,1.05087,5.64157,-56.65161,-0.16878,-4.86843,2.53391,-1.27068,64.01916,-8.496384,-2.92208,0.540916,NA,NA,NA,NA,NA,NA,NA,NA,NA,NA,NA,1.64894,-0.07657,-0.87341,50,5.53764,3.90743,-103.96246,1.89036,1.74097,23.15389,-32.25489,ORA_COA,MT._SAN,JohnAltobelliPark,JUCO,NJCAA,20260210-JohnAltobelliPark-1,23e55780-06c6-11f1-9622-2f53c37c9706,69.68266,NA,NA,7.91218,NA,NA,NA,NA,NA,NA,f8462b57-8140-48a2-876f-4518772dfcbd,2026-02-10,21:19:09,2026-02-10T21:19:09Z,2026-02-10T21:19:09Z,NA,v3,NA,NA,NA,"Fielder, M",NA,Right,MT._SAN,0981f017-8691-4118-a1bd-69f10f7b295a,54.85195,-105.0375,11.57695,5.41511,3.38796,-16.12744,-1.05296,3.82659,0.87048,NA,NA,NA,NA,NA,NA,NA,NA,NA,NA,NA,NA,NA,NA,NA,NA,NA,NA,NA,NA,NA,NA,NA,NA,NA,NA,NA,NA,NA,NA,NA,NA,NA,NA,NA,NA,NA,NA,NA,NA,NA,NA,NA,NA,NA,NA,NA,NA,NA,NA,High,High,High,NA,NA,NA,NA,NA,76.883675,77.684756,444.123013,0.21329,08:30:00,-0.966864,0.24139,0.083089,35.56146,54.902174,-19.078489,0.51632,131.781984,-0.570615,39.687638,0.570615,-0.638602,-0.51632,42.140346,31.085744,0.638602,0.638602,-131.781984,-31.085744,0.51632,-39.687638,-42.140346,-0.51632,-0.638602,0.570615,-0.570615,NA,NA,NA,NA,NA,NA,NA,NA,NA,NA,NA
NA,NA,NA,NA,NA,NA,NA,NA,NA,NA,NA,NA,NA,NA,NA,NA,40,2026-02-10,13:19:26,7,2,"Polk, Kian",NA,Right,MT._SAN,"Corridan, Kael",1000302588,Right,ORA_COA,Undefined,1,Bottom,2,0,1,Fastball,Changeup,BallCalled,Undefined,Undefined,Undefined,0,0,NA,83.00641,0.497973,-3.892453,1899.615671,235.317232,01:45:00,5.68673,0.96564,5.93074,-27.07068,14.45394,18.55147,3.89395,-1.10546,74.07984,-4.636825,-0.570105,0.463793,NA,NA,NA,NA,NA,NA,NA,NA,NA,NA,NA,-10.69611,7.67741,-0.66404,50,5.71162,7.39699,-120.03896,0.25262,-15.25563,28.10875,-21.22396,ORA_COA,MT._SAN,JohnAltobelliPark,JUCO,NJCAA,20260210-JohnAltobelliPark-1,2dfd6af0-06c6-11f1-9622-2f53c37c9706,81.26994,NA,NA,8.92657,NA,NA,NA,NA,NA,NA,f8462b57-8140-48a2-876f-4518772dfcbd,2026-02-10,21:19:26,2026-02-10T21:19:26Z,2026-02-10T21:19:26Z,NA,v3,NA,NA,NA,"Fielder, M",NA,Right,MT._SAN,ccbda13f-91a6-4b7d-9714-30aa9f623300,54.56352,-121.10286,14.05437,5.68686,1.05593,-10.61198,-0.95493,7.9744,-7.62782,NA,NA,NA,NA,NA,NA,NA,NA,NA,NA,NA,NA,NA,NA,NA,NA,NA,NA,NA,NA,NA,NA,NA,NA,NA,NA,NA,NA,NA,NA,NA,NA,NA,NA,NA,NA,NA,NA,NA,NA,NA,NA,NA,NA,NA,NA,NA,NA,NA,NA,High,High,High,NA,NA,NA,NA,NA,233.485259,14.621931,1838.092088,0.967613,01:45:00,-0.297676,-0.775451,-0.556835,73.357438,64.811232,64.177069,-0.964623,144.818214,-0.215474,-8.736921,0.215474,-0.151898,0.964623,77.408183,-74.714293,0.151898,-0.151898,-144.818214,74.714293,0.964623,8.736921,-77.408183,-0.964623,0.151898,0.215474,-0.215474,NA,NA,NA,NA,NA,NA,NA,NA,NA,NA,NA
NA,NA,NA,NA,NA,NA,NA,NA,NA,NA,NA,NA,NA,NA,NA,NA,41,2026-02-10,13:19:46,7,3,"Polk, Kian",NA,Right,MT._SAN,"Corridan, Kael",1000302588,Right,ORA_COA,Undefined,1,Bottom,2,1,1,Fastball,Changeup,StrikeCalled,Undefined,Undefined,Undefined,0,0,NA,82.09205,-0.729928,-4.281856,1879.590782,246.417179,02:15:00,5.51928,1.05932,5.88718,-31.84332,10.61367,20.57013,2.18595,-1.20995,73.65695,-6.697963,-0.599875,0.468971,NA,NA,NA,NA,NA,NA,NA,NA,NA,NA,NA,-11.85284,6.15685,-0.72478,50,5.44233,8.05119,-118.70734,-2.49865,-16.56919,27.02969,-23.56736,ORA_COA,MT._SAN,JohnAltobelliPark,JUCO,NJCAA,20260210-JohnAltobelliPark-1,39aa7640-06c6-11f1-9622-2f53c37c9706,80.37263,NA,NA,8.4351,NA,NA,NA,NA,NA,NA,f8462b57-8140-48a2-876f-4518772dfcbd,2026-02-10,21:19:46,2026-02-10T21:19:46Z,2026-02-10T21:19:46Z,NA,v3,NA,NA,NA,"Fielder, M",NA,Right,MT._SAN,e097147c-bab0-4a81-9666-22691eb7dcb1,54.60903,-119.75222,13.51485,5.52131,-1.58761,-11.78368,-1.0484,8.6917,-8.28459,NA,NA,NA,NA,NA,NA,NA,NA,NA,NA,NA,NA,NA,NA,NA,NA,NA,NA,NA,NA,NA,NA,NA,NA,NA,NA,NA,NA,NA,NA,NA,NA,NA,NA,NA,NA,NA,NA,NA,NA,NA,NA,NA,NA,NA,NA,NA,NA,NA,NA,High,High,High,NA,NA,NA,NA,NA,238.974234,9.080454,1856.035195,0.987468,02:00:00,-0.184619,-0.848138,-0.496566,90.230275,23.89639,-88.347412,-0.97142,151.908698,-0.209406,-6.417458,0.209406,-0.111772,0.97142,77.835053,-76.268704,0.111772,-0.111772,-151.908698,76.268704,0.97142,6.417458,-77.835053,-0.97142,0.111772,0.209406,-0.209406,NA,NA,NA,NA,NA,NA,NA,NA,NA,NA,NA
NA,NA,NA,NA,NA,NA,NA,NA,NA,NA,NA,NA,NA,NA,NA,NA,42,2026-02-10,13:20:06,7,4,"Polk, Kian",NA,Right,MT._SAN,"Corridan, Kael",1000302588,Right,ORA_COA,Undefined,1,Bottom,2,1,2,Slider,Curveball,StrikeSwinging,Strikeout,Undefined,Undefined,0,0,NA,72.1185,0.835402,-2.666037,2078.885365,61.360876,08:00:00,5.27325,1.29126,5.43222,-56.30912,0.54744,-3.44851,1.3641,-1.49471,64.13796,-9.527268,-3.279502,0.542702,NA,NA,NA,NA,NA,NA,NA,NA,NA,NA,NA,0.66358,0.71626,-1.05253,50,5.30953,4.98047,-104.14741,-0.22575,0.70045,23.83375,-31.41802,ORA_COA,MT._SAN,JohnAltobelliPark,JUCO,NJCAA,20260210-JohnAltobelliPark-1,45bafe50-06c6-11f1-9622-2f53c37c9706,69.45324,NA,NA,7.98054,NA,NA,NA,NA,NA,NA,f8462b57-8140-48a2-876f-4518772dfcbd,2026-02-10,21:20:06,2026-02-10T21:20:06Z,2026-02-10T21:20:06Z,NA,v3,NA,NA,NA,"Fielder, M",NA,Right,MT._SAN,7a183066-08ce-4252-8906-9593744f2d19,55.06063,-105.29915,11.91687,5.28376,1.29248,-15.70901,-1.29239,4.94662,0.35022,NA,NA,NA,NA,NA,NA,NA,NA,NA,NA,NA,NA,NA,NA,NA,NA,NA,NA,NA,NA,NA,NA,NA,NA,NA,NA,NA,NA,NA,NA,NA,NA,NA,NA,NA,NA,NA,NA,NA,NA,NA,NA,NA,NA,NA,NA,NA,NA,NA,NA,High,High,High,NA,NA,NA,NA,NA,85.333979,80.982746,325.827623,0.156732,08:45:00,-0.983599,0.170596,0.058565,67.831345,54.225373,8.925704,0.557489,133.726906,-0.573842,36.864654,0.573842,-0.599927,-0.557489,44.171859,33.882294,0.599927,0.599927,-133.726906,-33.882294,0.557489,-36.864654,-44.171859,-0.557489,-0.599927,0.573842,-0.573842,NA,NA,NA,NA,NA,NA,NA,NA,NA,NA,NA
NA,NA,NA,NA,NA,NA,NA,NA,NA,NA,NA,NA,NA,NA,NA,NA,43,2026-02-10,13:22:16,1,1,"Rasic, Anthony",1000289210,Right,ORA_COA,"Thompson, Dayton",NA,Right,MT._SAN,Undefined,2,Top,0,0,0,Cutter,Slider,StrikeCalled,Undefined,Undefined,Undefined,0,0,NA,77.73849,0.4041,-1.751821,2307.453195,171.50608,11:45:00,5.80672,0.88929,5.5342,-39.75742,7.61162,-0.8911,2.87151,-0.82297,70.57433,-6.935869,-1.910669,0.495357,NA,NA,NA,NA,NA,NA,NA,NA,NA,NA,NA,-0.09547,4.23803,-0.7366,50,5.81582,3.48151,-112.67877,-0.47685,-0.12141,22.5257,-26.78387,ORA_COA,MT._SAN,JohnAltobelliPark,JUCO,NJCAA,20260210-JohnAltobelliPark-1,9344ffe0-06c6-11f1-9622-2f53c37c9706,76.0914,NA,NA,7.16416,NA,NA,NA,NA,NA,NA,f8462b57-8140-48a2-876f-4518772dfcbd,2026-02-10,21:22:16,2026-02-10T21:22:16Z,2026-02-10T21:22:16Z,NA,v3,NA,NA,NA,"Barnes, Flynn",1000398235,Right,ORA_COA,42fc6942-5f0e-4f78-b526-dec26e52f181,54.96162,-113.66632,11.26285,5.81098,0.69739,-13.39194,-0.88935,3.48683,-0.06071,NA,NA,NA,NA,NA,NA,NA,NA,NA,NA,NA,NA,NA,NA,NA,NA,NA,NA,NA,NA,NA,NA,NA,NA,NA,NA,NA,NA,NA,NA,NA,NA,NA,NA,NA,NA,NA,NA,NA,NA,NA,NA,NA,NA,NA,NA,NA,NA,NA,NA,High,High,High,NA,NA,NA,NA,NA,216.161231,74.764477,606.369705,0.262787,01:15:00,-0.971958,-0.148251,-0.182536,54.645002,38.213407,62.90715,-0.054576,160.158043,-0.939231,-19.811147,0.939231,-0.33892,0.054576,3.325532,-3.128507,0.33892,-0.33892,-160.158043,3.128507,0.054576,19.811147,-3.325532,-0.054576,0.33892,0.939231,-0.939231,NA,NA,NA,NA,NA,NA,NA,NA,NA,NA,NA
NA,NA,NA,NA,NA,NA,NA,NA,NA,NA,NA,NA,NA,NA,NA,NA,44,2026-02-10,13:22:31,1,2,"Rasic, Anthony",1000289210,Right,ORA_COA,"Thompson, Dayton",NA,Right,MT._SAN,Undefined,2,Top,0,0,1,Curveball,Curveball,StrikeCalled,Undefined,Undefined,Undefined,0,0,NA,74.29379,2.177397,-1.679337,2348.017881,25.211409,06:45:00,5.87527,0.79778,5.59799,-63.14149,-11.00737,-6.06638,2.64821,-1.27607,67.30899,-9.361663,-2.763139,0.519676,NA,NA,NA,NA,NA,NA,NA,NA,NA,NA,NA,2.4802399999999998,-5.63516,-0.64993,50,6.02173,3.38548,-107.65734,2.04597,2.85382,22.1043,-38.65803,ORA_COA,MT._SAN,JohnAltobelliPark,JUCO,NJCAA,20260210-JohnAltobelliPark-1,9c5f2b50-06c6-11f1-9622-2f53c37c9706,72.5307,NA,NA,6.9848,NA,NA,NA,NA,NA,NA,f8462b57-8140-48a2-876f-4518772dfcbd,2026-02-10,21:22:31,2026-02-10T21:22:31Z,2026-02-10T21:22:31Z,NA,v3,NA,NA,NA,"Barnes, Flynn",1000398235,Right,ORA_COA,7cd41bff-4bfc-4457-afd4-3880476d8605,54.90211,-108.65918,11.05215,5.8893,3.79808,-19.32902,-0.80044,3.25614,1.42691,NA,NA,NA,NA,NA,NA,NA,NA,NA,NA,NA,NA,NA,NA,NA,NA,NA,NA,NA,NA,NA,NA,NA,NA,NA,NA,NA,NA,NA,NA,NA,NA,NA,NA,NA,NA,NA,NA,NA,NA,NA,NA,NA,NA,NA,NA,NA,NA,NA,NA,High,High,High,NA,NA,NA,NA,NA,30.706895,61.668494,1114.304244,0.474572,07:00:00,-0.858042,0.275606,0.433365,97.541044,-14.69217,58.424746,-0.354688,173.98128,-0.929831,-5.626103,0.929831,-0.098036,0.354688,20.879597,-20.774351,0.098036,-0.098036,-173.98128,20.774351,0.354688,5.626103,-20.879597,-0.354688,0.098036,0.929831,-0.929831,NA,NA,NA,NA,NA,NA,NA,NA,NA,NA,NA
NA,NA,NA,NA,NA,NA,NA,NA,NA,NA,NA,NA,NA,NA,NA,NA,45,2026-02-10,13:22:54,1,3,"Rasic, Anthony",1000289210,Right,ORA_COA,"Thompson, Dayton",NA,Right,MT._SAN,Undefined,2,Top,0,0,2,Fastball,Sinker,InPlay,Undefined,FlyBall,Out,1,0,NA,87.3105,-2.119708,-2.70216,2082.349877,230.742164,01:45:00,5.9344,0.59337,5.91976,-21.39978,15.93765,17.77505,2.18089,-0.43487,78.50279,-6.184034,0.488024,0.439788,82.67456,43.484248,8.184543,NA,107.55647,86.97939,23.056,260.62628,257.22552,14.029917,5.193103,-10.02934,9.2778,-0.38709,50,5.75249,5.22951,-126.44169,-5.32167,-15.9254,30.38763,-17.44197,ORA_COA,MT._SAN,JohnAltobelliPark,JUCO,NJCAA,20260210-JohnAltobelliPark-1,a9eeb240-06c6-11f1-9622-2f53c37c9706,85.70589,96.84234,NA,8.8077,NA,NA,NA,1.35938,2.32198,0.47972,f8462b57-8140-48a2-876f-4518772dfcbd,2026-02-10,21:22:54,2026-02-10T21:22:54Z,2026-02-10T21:22:54Z,FlyBall,v3,NA,NA,NA,"Barnes, Flynn",1000398235,Right,ORA_COA,1cbf185f-0703-41ce-bedc-cb343a11d696,54.57832,-127.53725,15.19382,5.93302,-4.69283,-8.72098,-0.58598,5.80366,-7.9627,NA,1.3711,86.82899,-17.41683,2.5148,0.79986,-0.61447,0.16303,-0.0201,9.6e-4,2.31591,83.54517,-21.77176,2.2071,-0.5021,0.06065,0.0117,-0.00401,3e-4,0.47419,12.63771,1.7361,-0.33924,-0.38024,0.23552,-0.05816,0.00669,-3e-4,NA,NA,NA,NA,NA,NA,NA,NA,NA,NA,NA,NA,NA,NA,NA,NA,NA,NA,NA,NA,NA,NA,High,High,High,High,Medium,NA,NA,NA,229.146773,14.54258,2015.634094,0.967961,01:45:00,-0.253448,-0.740941,-0.621909,-54.055201,-36.777399,-1.552348,0.148714,145.575158,-0.815696,33.989326,0.815696,-0.559038,-0.148714,10.332402,8.552391,0.559038,0.559038,-145.575158,-8.552391,0.148714,-33.989326,-10.332402,-0.148714,-0.559038,0.815696,-0.815696,NA,NA,NA,NA,NA,NA,NA,NA,NA,NA,NA
NA,NA,NA,NA,NA,NA,NA,NA,NA,NA,NA,NA,NA,NA,NA,NA,46,2026-02-10,13:23:27,2,1,"Rasic, Anthony",1000289210,Right,ORA_COA,"Rezkalah, Matthew",1000305129,Right,MT._SAN,Undefined,2,Top,1,0,0,Cutter,Slider,StrikeCalled,Undefined,Undefined,Undefined,0,0,NA,77.92059,0.613385,-2.075086,2406.345394,190.936667,12:15:00,5.81339,0.94169,5.72047,-40.17896,6.10028,0.90185,3.03691,-0.91691,71.54299,-6.791105,-1.913817,0.489626,NA,NA,NA,NA,NA,NA,NA,NA,NA,NA,NA,-1.02921,3.37929,-0.76881,50,5.83991,4.06463,-113.12017,-0.04866,-1.33494,20.43957,-27.79095,ORA_COA,MT._SAN,JohnAltobelliPark,JUCO,NJCAA,20260210-JohnAltobelliPark-1,bda82280-06c6-11f1-9622-2f53c37c9706,76.98212,NA,NA,6.3776,NA,NA,NA,NA,NA,NA,f8462b57-8140-48a2-876f-4518772dfcbd,2026-02-10,21:23:27,2026-02-10T21:23:27Z,2026-02-10T21:23:27Z,NA,v3,NA,NA,NA,"Barnes, Flynn",1000398235,Right,ORA_COA,f78ba4d3-6cf0-4dcb-abe0-7d3c5cca17e4,54.7785,-113.98032,10.21978,5.81735,1.12086,-13.89547,-0.94104,4.1208,-0.66747,NA,NA,NA,NA,NA,NA,NA,NA,NA,NA,NA,NA,NA,NA,NA,NA,NA,NA,NA,NA,NA,NA,NA,NA,NA,NA,NA,NA,NA,NA,NA,NA,NA,NA,NA,NA,NA,NA,NA,NA,NA,NA,NA,NA,NA,NA,NA,NA,NA,NA,High,High,High,NA,NA,NA,NA,NA,209.817075,75.5221,601.602116,0.250007,01:00:00,-0.976738,-0.113939,-0.181662,45.069542,45.666527,58.845979,-0.153796,162.854178,-0.944189,-16.935635,0.944189,-0.291297,0.153796,9.251476,-8.846969,0.291297,-0.291297,-162.854178,8.846969,0.153796,16.935635,-9.251476,-0.153796,0.291297,0.944189,-0.944189,NA,NA,NA,NA,NA,NA,NA,NA,NA,NA,NA
NA,NA,NA,NA,NA,NA,NA,NA,NA,NA,NA,NA,NA,NA,NA,NA,47,2026-02-10,13:23:42,2,2,"Rasic, Anthony",1000289210,Right,ORA_COA,"Rezkalah, Matthew",1000305129,Right,MT._SAN,Undefined,2,Top,1,0,1,Cutter,Curveball,InPlay,Undefined,LineDrive,Single,0,0,NA,74.18667,1.228716,-1.65025,2278.714421,18.064516,06:30:00,5.84978,0.79249,5.60569,-60.19944,-7.60485,-3.13792,1.98081,-1.00993,66.85584,-9.799701,-2.211436,0.521966,69.03837,31.242942,-3.529616,3470.535223,109.89856,46.23411,-4.71616,239.33864,239.33864,-2.419688,3.723783,1.00472,-3.78173,-0.64915,50,5.91602,3.21108,-107.47103,0.4079,1.14304,23.35751,-36.47638,ORA_COA,MT._SAN,JohnAltobelliPark,JUCO,NJCAA,20260210-JohnAltobelliPark-1,c6588fa0-06c6-11f1-9622-2f53c37c9706,72.21249,47.69775,NA,7.33083,NA,NA,NA,2.5569,2.25524,0.95606,f8462b57-8140-48a2-876f-4518772dfcbd,2026-02-10,21:23:42,2026-02-10T21:23:42Z,2026-02-10T21:23:42Z,FlyBall,v3,NA,NA,NA,"Barnes, Flynn",1000398235,Right,ORA_COA,06a21638-c956-4643-b6dd-41badc03744d,54.89393,-108.52946,11.67876,5.86009,2.06079,-18.23819,-0.79348,3.15929,0.57152,185.542054,2.55696,86.40698,-11.77926,2.65665,-0.555,0.14041,-0.039,0.00717,-5.4e-4,2.25556,52.50744,-16.22737,0.61527,0.11607,-0.13958,0.0548,-0.00987,6.8e-4,0.95605,-5.32917,1.39708,-0.36531,0.07134,-0.01057,0.00105,-1e-4,1e-5,NA,NA,NA,NA,NA,NA,NA,NA,NA,NA,NA,NA,NA,NA,NA,NA,NA,NA,NA,NA,NA,NA,High,High,High,High,High,NA,NA,NA,27.146369,58.86944,1178.072477,0.51699,07:00:00,-0.837135,0.254186,0.484349,107.22134,-22.056243,40.258169,-0.381535,163.810579,-0.887699,-14.934983,0.887699,-0.257723,0.381535,23.258114,-22.428778,0.257723,-0.257723,-163.810579,22.428778,0.381535,14.934983,-23.258114,-0.381535,0.257723,0.887699,-0.887699,NA,NA,NA,NA,NA,NA,NA,NA,NA,NA,NA
NA,NA,NA,NA,NA,NA,NA,NA,NA,NA,NA,NA,NA,NA,NA,NA,48,2026-02-10,13:24:16,3,1,"Rasic, Anthony",1000289210,Right,ORA_COA,"Campos, Miguel",NA,Right,MT._SAN,Undefined,2,Top,1,0,0,Fastball,Changeup,InPlay,Undefined,GroundBall,Out,1,0,NA,84.61485,-1.030454,-2.546456,2096.707843,241.563797,02:00:00,5.81863,0.87071,6.174,-26.74442,12.74383,20.71143,2.63719,0.24328,75.80298,-6.102675,1.189934,0.452278,66.76318,-43.119516,-56.205,NA,NA,NA,NA,4.55743,2.84301,-33.701156,0.040392,-11.62012,7.38016,-0.68836,50,5.72721,4.64294,-122.63206,-2.98473,-17.26685,29.72411,-21.20753,ORA_COA,MT._SAN,JohnAltobelliPark,JUCO,NJCAA,20260210-JohnAltobelliPark-1,db09a650-06c6-11f1-9622-2f53c37c9706,83.33912,2.7153,NA,8.81187,NA,NA,NA,2.17867,2.7153,-0.11904000000000001,f8462b57-8140-48a2-876f-4518772dfcbd,2026-02-10,21:24:16,2026-02-10T21:24:16Z,2026-02-10T21:24:16Z,GroundBall,v3,NA,NA,NA,"Barnes, Flynn",1000398235,Right,ORA_COA,cb44394e-41ed-4d14-a5df-6c48f9bd4ebf,54.32403,-123.6757,14.86205,5.81893,-2.24012,-10.60376,-0.86202,5.2492,-8.63343,NA,2.17754,39.93006,NA,NA,NA,NA,NA,NA,NA,2.7172,-67.22376,NA,NA,NA,NA,NA,NA,NA,-0.11735,-59.65807,NA,NA,NA,NA,NA,NA,NA,NA,NA,NA,NA,NA,NA,NA,NA,NA,NA,NA,NA,NA,NA,NA,NA,NA,NA,NA,NA,NA,NA,High,High,High,Low,Low,NA,NA,NA,230.710498,22.206503,1941.190193,0.925828,01:45:00,-0.390686,-0.723231,-0.569475,62.829851,56.742786,48.466834,-0.958657,172.5185,-0.282141,-2.123405,0.282141,-0.037052,0.958657,73.60038,-73.467228,0.037052,-0.037052,-172.5185,73.467228,0.958657,2.123405,-73.60038,-0.958657,0.037052,0.282141,-0.282141,NA,NA,NA,NA,NA,NA,NA,NA,NA,NA,NA
NA,NA,NA,NA,NA,NA,NA,NA,NA,NA,NA,NA,NA,NA,NA,NA,49,2026-02-10,13:24:54,4,1,"Rasic, Anthony",1000289210,Right,ORA_COA,"Fielder, M",NA,Right,MT._SAN,Undefined,2,Top,2,0,0,Fastball,Four-Seam,FoulBallNotFieldable,Undefined,Undefined,Undefined,0,0,NA,85.33469,-1.249828,-3.31348,2119.716418,231.917995,01:45:00,5.85028,0.78285,5.95195,-22.243,16.82237,19.57556,2.83542,-0.66236,76.58442,-5.488475,0.198561,0.44985,NA,NA,NA,NA,NA,NA,NA,NA,NA,NA,NA,-11.0815,9.45182,-0.5298,50,5.73845,6.34232,-123.54866,-3.33635,-16.80087,29.00355,-17.84398,ORA_COA,MT._SAN,JohnAltobelliPark,JUCO,NJCAA,20260210-JohnAltobelliPark-1,f19103a0-06c6-11f1-9622-2f53c37c9706,83.78899,NA,NA,8.75027,NA,NA,NA,NA,NA,NA,f8462b57-8140-48a2-876f-4518772dfcbd,2026-02-10,21:24:54,2026-02-10T21:24:54Z,2026-02-10T21:24:54Z,NA,v3,NA,NA,NA,"Barnes, Flynn",1000398235,Right,ORA_COA,6f854e1c-a594-49e2-9bf6-a6dc6424acd6,54.5448,-124.611,14.50178,5.84868,-2.68276,-8.92199,-0.77338,6.9577,-8.40044,NA,NA,NA,NA,NA,NA,NA,NA,NA,NA,NA,NA,NA,NA,NA,NA,NA,NA,NA,NA,NA,NA,NA,NA,NA,NA,NA,NA,NA,NA,NA,NA,NA,NA,NA,NA,NA,NA,NA,NA,NA,NA,NA,NA,NA,NA,NA,NA,NA,NA,High,High,High,NA,NA,NA,NA,NA,230.625783,20.232319,1988.925884,0.938298,01:45:00,-0.363777,-0.732693,-0.575176,-87.631499,-35.795065,86.11955,-0.949277,173.17352,-0.312211,-2.141944,0.312211,-0.037375,0.949277,71.794305,-71.672976,0.037375,-0.037375,-173.17352,71.672976,0.949277,2.141944,-71.794305,-0.949277,0.037375,0.312211,-0.312211,NA,NA,NA,NA,NA,NA,NA,NA,NA,NA,NA
NA,NA,NA,NA,NA,NA,NA,NA,NA,NA,NA,NA,NA,NA,NA,NA,50,2026-02-10,13:25:13,4,2,"Rasic, Anthony",1000289210,Right,ORA_COA,"Fielder, M",NA,Right,MT._SAN,Undefined,2,Top,2,0,1,Fastball,Sinker,FoulBallNotFieldable,Undefined,Undefined,Undefined,0,0,NA,86.28607,-1.591466,-2.32807,2118.492162,238.474554,02:00:00,5.8217,0.88144,6.07287,-24.11135,13.65721,20.0556,2.33818,0.3973,78.02087,-6.146291,1.283792,0.44232,NA,NA,NA,NA,NA,NA,NA,NA,NA,NA,NA,-11.01796,7.93559,-0.71137,50,5.68567,4.26638,-125.12304,-4.19921,-17.22823,28.46534,-19.76558,ORA_COA,MT._SAN,JohnAltobelliPark,JUCO,NJCAA,20260210-JohnAltobelliPark-1,fcd27be0-06c6-11f1-9622-2f53c37c9706,85.21527,NA,NA,8.26521,NA,NA,NA,NA,NA,NA,f8462b57-8140-48a2-876f-4518772dfcbd,2026-02-10,21:25:13,2026-02-10T21:25:13Z,2026-02-10T21:25:13Z,NA,v3,NA,NA,NA,"Barnes, Flynn",1000398235,Right,ORA_COA,82207a24-4386-4e62-9f37-b7ba4b006628,54.42512,-126.12573,14.23267,5.82133,-3.50297,-9.88279,-0.87235,4.87324,-8.61411,NA,NA,NA,NA,NA,NA,NA,NA,NA,NA,NA,NA,NA,NA,NA,NA,NA,NA,NA,NA,NA,NA,NA,NA,NA,NA,NA,NA,NA,NA,NA,NA,NA,NA,NA,NA,NA,NA,NA,NA,NA,NA,NA,NA,NA,NA,NA,NA,NA,NA,High,High,High,NA,NA,NA,NA,NA,229.301028,17.118385,2024.640023,0.955699,01:45:00,-0.299199,-0.732454,-0.611547,92.973637,36.995368,-86.926171,-0.939455,173.231155,-0.340284,-2.314733,0.340284,-0.040389,0.939455,70.088909,-69.960238,0.040389,-0.040389,-173.231155,69.960238,0.939455,2.314733,-70.088909,-0.939455,0.040389,0.340284,-0.340284,NA,NA,NA,NA,NA,NA,NA,NA,NA,NA,NA
NA,NA,NA,NA,NA,NA,NA,NA,NA,NA,NA,NA,NA,NA,NA,NA,51,2026-02-10,13:25:36,4,3,"Rasic, Anthony",1000289210,Right,ORA_COA,"Fielder, M",NA,Right,MT._SAN,Undefined,2,Top,2,0,2,Fastball,Four-Seam,StrikeSwinging,Strikeout,Undefined,Undefined,0,0,NA,87.26984,-0.900123,-3.096893,2183.710453,214.96702,01:15:00,6.03774,0.42172,6.26517,-18.64887,18.01666,11.68331,3.65249,-1.46273,78.73642,-4.490696,-0.98928,0.435813,NA,NA,NA,NA,NA,NA,NA,NA,NA,NA,NA,-6.95662,9.97567,-0.19721,50,5.96164,6.3615,-126.49379,-2.4733,-11.13144,28.7917,-16.21173,ORA_COA,MT._SAN,JohnAltobelliPark,JUCO,NJCAA,20260210-JohnAltobelliPark-1,0a8f7b70-06c7-11f1-9622-2f53c37c9706,86.4876,NA,NA,8.53343,NA,NA,NA,NA,NA,NA,f8462b57-8140-48a2-876f-4518772dfcbd,2026-02-10,21:25:36,2026-02-10T21:25:36Z,2026-02-10T21:25:36Z,NA,v3,NA,NA,NA,"Barnes, Flynn",1000398235,Right,ORA_COA,1cbe5dcc-8733-4b40-a056-6bb0d57d78f9,54.23024,-127.45301,14.39585,6.03505,-1.93319,-8.10587,-0.41533,6.73235,-5.56572,NA,NA,NA,NA,NA,NA,NA,NA,NA,NA,NA,NA,NA,NA,NA,NA,NA,NA,NA,NA,NA,NA,NA,NA,NA,NA,NA,NA,NA,NA,NA,NA,NA,NA,NA,NA,NA,NA,NA,NA,NA,NA,NA,NA,NA,NA,NA,NA,NA,NA,High,High,High,NA,NA,NA,NA,NA,221.994039,26.853405,1948.230414,0.892165,01:30:00,-0.477453,-0.603928,-0.638208,-60.906402,-38.119868,-21.681414,0.038946,145.405135,-0.822563,34.564888,0.822563,-0.567339,-0.038946,2.710795,2.232028,0.567339,0.567339,-145.405135,-2.232028,0.038946,-34.564888,-2.710795,-0.038946,-0.567339,0.822563,-0.822563,NA,NA,NA,NA,NA,NA,NA,NA,NA,NA,NA
NA,NA,NA,NA,NA,NA,NA,NA,NA,NA,NA,NA,NA,NA,NA,NA,52,2026-02-10,13:27:38,1,1,"Polk, Kian",NA,Right,MT._SAN,"Farias, Ryan",1000511816,Right,ORA_COA,Undefined,2,Bottom,0,0,0,Fastball,Changeup,StrikeCalled,Undefined,Undefined,Undefined,0,0,NA,82.32078,-0.800309,-4.594039,1800.539033,256.707803,02:30:00,5.58037,0.89263,5.83906,-35.73384,5.94614,19.24828,1.85628,-1.7823,75.08556,-7.406422,-1.152601,0.46466,NA,NA,NA,NA,NA,NA,NA,NA,NA,NA,NA,-11.14965,3.69544,-0.52885,50,5.49403,8.81636,-119.20152,-2.82801,-15.96774,23.90659,-26.88172,ORA_COA,MT._SAN,JohnAltobelliPark,JUCO,NJCAA,20260210-JohnAltobelliPark-1,537fa990-06c7-11f1-9622-2f53c37c9706,81.11835,NA,NA,7.23522,NA,NA,NA,NA,NA,NA,f8462b57-8140-48a2-876f-4518772dfcbd,2026-02-10,21:27:38,2026-02-10T21:27:38Z,2026-02-10T21:27:38Z,NA,v3,NA,NA,NA,"Fielder, M",NA,Right,MT._SAN,170f4430-18ea-4e43-8e2d-61af7f15254e,54.66101,-120.13268,11.95329,5.58379,-1.78097,-13.44086,-0.88435,9.4383,-7.98387,NA,NA,NA,NA,NA,NA,NA,NA,NA,NA,NA,NA,NA,NA,NA,NA,NA,NA,NA,NA,NA,NA,NA,NA,NA,NA,NA,NA,NA,NA,NA,NA,NA,NA,NA,NA,NA,NA,NA,NA,NA,NA,NA,NA,NA,NA,NA,NA,NA,NA,High,High,High,NA,NA,NA,NA,NA,241.511077,7.060863,1786.883989,0.992416,02:00:00,-0.148288,-0.873876,-0.462982,34.445137,54.81275,30.86896,-0.972795,168.392652,-0.226928,-2.671635,0.226928,-0.046612,0.972795,76.869201,-76.604848,0.046612,-0.046612,-168.392652,76.604848,0.972795,2.671635,-76.869201,-0.972795,0.046612,0.226928,-0.226928,NA,NA,NA,NA,NA,NA,NA,NA,NA,NA,NA
NA,NA,NA,NA,NA,NA,NA,NA,NA,NA,NA,NA,NA,NA,NA,NA,53,2026-02-10,13:27:51,1,2,"Polk, Kian",NA,Right,MT._SAN,"Farias, Ryan",1000511816,Right,ORA_COA,Undefined,2,Bottom,0,0,1,Slider,Slider,BallCalled,Undefined,Undefined,Undefined,0,0,NA,72.66814,1.055862,-3.019481,2093.752626,87.809518,09:00:00,5.33678,1.00345,5.43337,-52.86389,1.88106,-1.90705,1.92176,-1.98582,65.95684,-8.622642,-3.35836,0.532529,NA,NA,NA,NA,NA,NA,NA,NA,NA,NA,NA,-0.02051,1.19945,-0.73445,50,5.39423,5.61916,-105.18935,0.30036,-0.02262,20.42564,-30.85101,ORA_COA,MT._SAN,JohnAltobelliPark,JUCO,NJCAA,20260210-JohnAltobelliPark-1,5b3a6c10-06c7-11f1-9622-2f53c37c9706,70.78005,NA,NA,6.7113,NA,NA,NA,NA,NA,NA,f8462b57-8140-48a2-876f-4518772dfcbd,2026-02-10,21:27:51,2026-02-10T21:27:51Z,2026-02-10T21:27:51Z,NA,v3,NA,NA,NA,"Fielder, M",NA,Right,MT._SAN,450b457b-47bf-4f68-be48-e28212a1f149,55.06402,-106.16813,10.21282,5.34441,1.77871,-15.42551,-1.00374,5.62024,-0.01131,NA,NA,NA,NA,NA,NA,NA,NA,NA,NA,NA,NA,NA,NA,NA,NA,NA,NA,NA,NA,NA,NA,NA,NA,NA,NA,NA,NA,NA,NA,NA,NA,NA,NA,NA,NA,NA,NA,NA,NA,NA,NA,NA,NA,NA,NA,NA,NA,NA,NA,High,High,High,NA,NA,NA,NA,NA,97.067485,79.755174,372.38371,0.177855,09:15:00,-0.980428,0.194607,0.029803,62.63613,53.917197,-0.236041,0.60117,131.108131,-0.525408,37.021451,0.525408,-0.602114,-0.60117,48.847322,36.953727,0.602114,0.602114,-131.108131,-36.953727,0.60117,-37.021451,-48.847322,-0.60117,-0.602114,0.525408,-0.525408,NA,NA,NA,NA,NA,NA,NA,NA,NA,NA,NA
NA,NA,NA,NA,NA,NA,NA,NA,NA,NA,NA,NA,NA,NA,NA,NA,54,2026-02-10,13:28:05,1,3,"Polk, Kian",NA,Right,MT._SAN,"Farias, Ryan",1000511816,Right,ORA_COA,Undefined,2,Bottom,0,1,1,Slider,Slider,BallCalled,Undefined,Undefined,Undefined,0,0,NA,73.02496,1.00724,-3.825776,2113.094129,105.364464,09:30:00,5.35663,1.19617,5.62967,-51.57141,2.36721,-1.56784,2.00104,-2.50953,66.21741,-8.46811,-4.104916,0.528593,NA,NA,NA,NA,NA,NA,NA,NA,NA,NA,NA,-0.4576,1.46791,-0.86897,50,5.40999,7.12156,-105.64167,0.30117,-0.50864,20.75596,-30.54244,ORA_COA,MT._SAN,JohnAltobelliPark,JUCO,NJCAA,20260210-JohnAltobelliPark-1,632c1d10-06c7-11f1-9622-2f53c37c9706,71.30715,NA,NA,6.80754,NA,NA,NA,NA,NA,NA,f8462b57-8140-48a2-876f-4518772dfcbd,2026-02-10,21:28:05,2026-02-10T21:28:05Z,2026-02-10T21:28:05Z,NA,v3,NA,NA,NA,"Fielder, M",NA,Right,MT._SAN,e15dd084-32d5-47aa-a440-9874d3a4c34d,54.8674,-106.5937,10.37798,5.36405,1.70209,-15.27122,-1.19615,7.14489,-0.25432,NA,NA,NA,NA,NA,NA,NA,NA,NA,NA,NA,NA,NA,NA,NA,NA,NA,NA,NA,NA,NA,NA,NA,NA,NA,NA,NA,NA,NA,NA,NA,NA,NA,NA,NA,NA,NA,NA,NA,NA,NA,NA,NA,NA,NA,NA,NA,NA,NA,NA,High,High,High,NA,NA,NA,NA,NA,112.69739,81.049242,328.766937,0.155586,09:45:00,-0.986957,0.160879,0.005831,19.949693,55.222496,-24.655718,0.518575,139.535269,-0.650513,33.703728,0.650513,-0.554899,-0.518575,38.561103,31.236725,0.554899,0.554899,-139.535269,-31.236725,0.518575,-33.703728,-38.561103,-0.518575,-0.554899,0.650513,-0.650513,NA,NA,NA,NA,NA,NA,NA,NA,NA,NA,NA
NA,NA,NA,NA,NA,NA,NA,NA,NA,NA,NA,NA,NA,NA,NA,NA,55,2026-02-10,13:28:18,1,4,"Polk, Kian",NA,Right,MT._SAN,"Farias, Ryan",1000511816,Right,ORA_COA,Undefined,2,Bottom,0,2,1,Fastball,Changeup,StrikeCalled,Undefined,Undefined,Undefined,0,0,NA,81.80355,-0.3411,-4.439427,1862.294521,245.498829,02:15:00,5.3787,1.1045,6.00966,-32.371,9.23402,17.41308,2.36416,-1.56552,75.04268,-6.357479,-1.317627,0.464242,NA,NA,NA,NA,NA,NA,NA,NA,NA,NA,NA,-10.11863,5.24256,-0.76463,50,5.33414,8.53908,-118.58947,-1.70172,-14.45715,21.97847,-24.68365,ORA_COA,MT._SAN,JohnAltobelliPark,JUCO,NJCAA,20260210-JohnAltobelliPark-1,6b027de0-06c7-11f1-9622-2f53c37c9706,81.19138,NA,NA,6.76087,NA,NA,NA,NA,NA,NA,f8462b57-8140-48a2-876f-4518772dfcbd,2026-02-10,21:28:18,2026-02-10T21:28:18Z,2026-02-10T21:28:18Z,NA,v3,NA,NA,NA,"Fielder, M",NA,Right,MT._SAN,b1f01b37-87d7-4c79-ba5b-b2ac3d4a7d3d,54.49054,-119.41881,10.98923,5.38078,-0.7703,-12.34182,-1.09714,9.08461,-7.22858,NA,NA,NA,NA,NA,NA,NA,NA,NA,NA,NA,NA,NA,NA,NA,NA,NA,NA,NA,NA,NA,NA,NA,NA,NA,NA,NA,NA,NA,NA,NA,NA,NA,NA,NA,NA,NA,NA,NA,NA,NA,NA,NA,NA,NA,NA,NA,NA,NA,NA,High,High,High,NA,NA,NA,NA,NA,240.120403,15.183762,1797.283242,0.965091,02:00:00,-0.293374,-0.83835,-0.459458,-92.965551,-15.967989,84.157274,-0.956867,138.316436,-0.216972,-11.139811,0.216972,-0.193204,0.956867,77.224061,-73.110616,0.193204,-0.193204,-138.316436,73.110616,0.956867,11.139811,-77.224061,-0.956867,0.193204,0.216972,-0.216972,NA,NA,NA,NA,NA,NA,NA,NA,NA,NA,NA
NA,NA,NA,NA,NA,NA,NA,NA,NA,NA,NA,NA,NA,NA,NA,NA,56,2026-02-10,13:28:33,1,5,"Polk, Kian",NA,Right,MT._SAN,"Farias, Ryan",1000511816,Right,ORA_COA,Undefined,2,Bottom,0,2,2,Slider,Slider,FoulBallNotFieldable,Undefined,Undefined,Undefined,0,0,NA,73.44227,1.165438,-2.034971,2161.667236,144.113739,10:45:00,5.3319,1.17879,5.43694,-49.39487,4.12355,-1.59654,2.30786,-0.86068,66.53486,-7.910069,-2.319007,0.52653,NA,NA,NA,NA,NA,NA,NA,NA,NA,NA,NA,0.1489,2.15595,-0.99744,50,5.40092,3.83849,-106.4085,0.65032,0.16786,21.08795,-29.7432,ORA_COA,MT._SAN,JohnAltobelliPark,JUCO,NJCAA,20260210-JohnAltobelliPark-1,7406fe70-06c7-11f1-9622-2f53c37c9706,71.5865,NA,NA,6.90741,NA,NA,NA,NA,NA,NA,f8462b57-8140-48a2-876f-4518772dfcbd,2026-02-10,21:28:33,2026-02-10T21:28:33Z,2026-02-10T21:28:33Z,NA,v3,NA,NA,NA,"Fielder, M",NA,Right,MT._SAN,b0171fbd-b5ac-4ac7-8712-47e05c413f08,55.06251,-107.4071,10.54397,5.33678,2.05878,-14.8716,-1.17902,3.83054,0.08393,NA,NA,NA,NA,NA,NA,NA,NA,NA,NA,NA,NA,NA,NA,NA,NA,NA,NA,NA,NA,NA,NA,NA,NA,NA,NA,NA,NA,NA,NA,NA,NA,NA,NA,NA,NA,NA,NA,NA,NA,NA,NA,NA,NA,NA,NA,NA,NA,NA,NA,High,High,High,NA,NA,NA,NA,NA,95.317189,79.77971,383.551664,0.177433,09:15:00,-0.980302,0.19665,0.018379,61.063689,54.610578,5.550336,0.5327,137.749203,-0.626442,34.682997,0.626442,-0.569036,-0.5327,40.376457,32.188067,0.569036,0.569036,-137.749203,-32.188067,0.5327,-34.682997,-40.376457,-0.5327,-0.569036,0.626442,-0.626442,NA,NA,NA,NA,NA,NA,NA,NA,NA,NA,NA
NA,NA,NA,NA,NA,NA,NA,NA,NA,NA,NA,NA,NA,NA,NA,NA,57,2026-02-10,13:28:50,1,6,"Polk, Kian",NA,Right,MT._SAN,"Farias, Ryan",1000511816,Right,ORA_COA,Undefined,2,Bottom,0,2,2,ChangeUp,Changeup,StrikeCalled,Strikeout,Undefined,Undefined,0,0,NA,74.7856,0.921094,-1.914272,1232.694051,225.645552,01:30:00,5.44028,0.90192,5.89282,-38.96207,11.79178,10.16981,3.04921,-0.02863,67.46637,-6.370376,-0.089713,0.51275,NA,NA,NA,NA,NA,NA,NA,NA,NA,NA,NA,-5.76485,6.29748,-0.75325,50,5.49262,3.24603,-108.37582,0.63927,-6.74718,21.75408,-24.80348,ORA_COA,MT._SAN,JohnAltobelliPark,JUCO,NJCAA,20260210-JohnAltobelliPark-1,7e64f480-06c7-11f1-9622-2f53c37c9706,73.51033,NA,NA,7.31923,NA,NA,NA,NA,NA,NA,f8462b57-8140-48a2-876f-4518772dfcbd,2026-02-10,21:28:50,2026-02-10T21:28:50Z,2026-02-10T21:28:50Z,NA,v3,NA,NA,NA,"Fielder, M",NA,Right,MT._SAN,ef85da34-d118-4a0f-8073-c806272712cd,54.60174,-109.29562,10.87704,5.44342,1.688,-12.40174,-0.89653,3.53131,-3.37359,NA,NA,NA,NA,NA,NA,NA,NA,NA,NA,NA,NA,NA,NA,NA,NA,NA,NA,NA,NA,NA,NA,NA,NA,NA,NA,NA,NA,69.36394,NA,NA,0.932251,NA,NA,NA,-1.0347,5.1962,-3.60916,64.9814,6.1496,-59.79928,-1.00962,75.40547,-4.97578,5.21868,14.27359,-14.2599,-3.64353,-65.80889,6.00634,High,High,High,NA,NA,High,High,High,256.90734200000003,11.952986,1205.966622,0.978318,02:30:00,-0.229679,-0.949434,-0.214062,-1.946959,37.672551,65.733484,0.154746,140.443909,-0.761714,38.988341,0.761714,-0.629162,-0.154746,11.483615,8.902048,0.629162,0.629162,-140.443909,-8.902048,0.154746,-38.988341,-11.483615,-0.154746,-0.629162,0.761714,-0.761714,NA,NA,NA,NA,NA,NA,NA,NA,NA,NA,NA
NA,NA,NA,NA,NA,NA,NA,NA,NA,NA,NA,NA,NA,NA,NA,NA,58,2026-02-10,13:29:18,2,1,"Polk, Kian",NA,Right,MT._SAN,"Stuppy, Liam",1000268449,Right,ORA_COA,Undefined,2,Bottom,1,0,0,Fastball,Changeup,StrikeCalled,Undefined,Undefined,Undefined,0,0,NA,82.01244,-0.020003,-3.944054,1851.750086,245.452979,02:15:00,5.44967,0.84878,5.8636,-31.58947,10.51457,19.78702,2.79859,-1.17209,74.25322,-5.920975,-0.403114,0.467018,NA,NA,NA,NA,NA,NA,NA,NA,NA,NA,NA,-11.22178,5.82717,-0.53972,50,5.42992,7.39014,-118.77515,-1.02396,-15.87516,24.81043,-23.93051,ORA_COA,MT._SAN,JohnAltobelliPark,JUCO,NJCAA,20260210-JohnAltobelliPark-1,8ef2c750-06c7-11f1-9622-2f53c37c9706,80.70882,NA,NA,7.75922,NA,NA,NA,NA,NA,NA,f8462b57-8140-48a2-876f-4518772dfcbd,2026-02-10,21:29:18,2026-02-10T21:29:18Z,2026-02-10T21:29:18Z,NA,v3,NA,NA,NA,"Fielder, M",NA,Right,MT._SAN,f5deb78d-2d90-4bf0-9af4-5a6a04908bd7,54.63408,-119.73924,12.40522,5.45165,-0.09407,-11.96525,-0.83887,8.00702,-7.93758,NA,NA,NA,NA,NA,NA,NA,NA,NA,NA,NA,NA,NA,NA,NA,NA,NA,NA,NA,NA,NA,NA,NA,NA,NA,NA,NA,NA,NA,NA,NA,NA,NA,NA,NA,NA,NA,NA,NA,NA,NA,NA,NA,NA,NA,NA,NA,NA,NA,NA,High,High,High,NA,NA,NA,NA,NA,239.262852,15.153939,1787.359104,0.965227,02:00:00,-0.294437,-0.829724,-0.474199,38.25914,49.11266,25.992024,0.970499,167.354035,-0.235257,3.025722,0.235257,-0.052784,-0.970499,76.373893,76.048208,0.052784,0.052784,-167.354035,-76.048208,0.970499,-3.025722,-76.373893,-0.970499,-0.052784,0.235257,-0.235257,NA,NA,NA,NA,NA,NA,NA,NA,NA,NA,NA
NA,NA,NA,NA,NA,NA,NA,NA,NA,NA,NA,NA,NA,NA,NA,NA,59,2026-02-10,13:29:32,2,2,"Polk, Kian",NA,Right,MT._SAN,"Stuppy, Liam",1000268449,Right,ORA_COA,Undefined,2,Bottom,1,0,1,Slider,Curveball,BallCalled,Undefined,Undefined,Undefined,0,0,NA,74.0212,-0.43866,-3.819116,2136.677134,94.547537,09:15:00,5.28681,1.27481,5.61116,-50.13369,2.46142,-7.15028,0.69864,-2.89108,67.32985,-9.610289,-5.092374,0.521968,NA,NA,NA,NA,NA,NA,NA,NA,NA,NA,NA,2.37047,1.90721,-0.94317,50,5.21703,7.40718,-107.10287,-2.34849,2.70203,21.72078,-30.0001,ORA_COA,MT._SAN,JohnAltobelliPark,JUCO,NJCAA,20260210-JohnAltobelliPark-1,972be190-06c7-11f1-9622-2f53c37c9706,72.21213,NA,NA,6.69135,NA,NA,NA,NA,NA,NA,f8462b57-8140-48a2-876f-4518772dfcbd,2026-02-10,21:29:32,2026-02-10T21:29:32Z,2026-02-10T21:29:32Z,NA,v3,NA,NA,NA,"Fielder, M",NA,Right,MT._SAN,ae7c6c8a-0ad9-4f92-b5b6-223a49ac1f8e,54.88746,-108.08951,10.86039,5.29276,-0.98576,-15.00005,-1.27685,7.28444,1.35102,NA,NA,NA,NA,NA,NA,NA,NA,NA,NA,NA,NA,NA,NA,NA,NA,NA,NA,NA,NA,NA,NA,NA,NA,NA,NA,NA,NA,NA,NA,NA,NA,NA,NA,NA,NA,NA,NA,NA,NA,NA,NA,NA,NA,NA,NA,NA,NA,NA,NA,High,High,High,NA,NA,NA,NA,NA,97.220773,79.551875,387.476199,0.181345,09:15:00,-0.984099,0.172373,0.042849,31.690792,-12.247408,33.389097,-0.686409,105.413298,-0.193279,-44.512163,0.193279,-0.701061,0.686409,74.273814,-43.346502,0.701061,-0.701061,-105.413298,43.346502,0.686409,44.512163,-74.273814,-0.686409,0.701061,0.193279,-0.193279,NA,NA,NA,NA,NA,NA,NA,NA,NA,NA,NA
NA,NA,NA,NA,NA,NA,NA,NA,NA,NA,NA,NA,NA,NA,NA,NA,60,2026-02-10,13:29:48,2,3,"Polk, Kian",NA,Right,MT._SAN,"Stuppy, Liam",1000268449,Right,ORA_COA,Undefined,2,Bottom,1,1,1,ChangeUp,Changeup,FoulBallNotFieldable,Undefined,Undefined,Undefined,0,0,NA,74.7623,-0.685506,-3.756641,1340.944143,255.612413,02:30:00,5.33218,0.99168,6.11426,-43.67243,6.88378,19.46615,1.05758,-0.86457,67.62283,-8.818274,-0.250487,0.511751,NA,NA,NA,NA,NA,NA,NA,NA,NA,NA,NA,-11.37343,4.28595,-0.71355,50,5.2568,6.44484,-108.29463,-2.51344,-13.24464,22.33206,-27.18293,ORA_COA,MT._SAN,JohnAltobelliPark,JUCO,NJCAA,20260210-JohnAltobelliPark-1,a0d68d30-06c7-11f1-9622-2f53c37c9706,73.65386,NA,NA,7.13947,NA,NA,NA,NA,NA,NA,f8462b57-8140-48a2-876f-4518772dfcbd,2026-02-10,21:29:48,2026-02-10T21:29:48Z,2026-02-10T21:29:48Z,NA,v3,NA,NA,NA,"Fielder, M",NA,Right,MT._SAN,a5927c4f-0803-49bd-a0eb-19bd2dfb1161,54.38539,-109.19522,11.16603,5.33606,-1.41723,-13.59147,-0.98422,6.97896,-6.62232,NA,NA,NA,NA,NA,NA,NA,NA,NA,NA,NA,NA,NA,NA,NA,NA,NA,NA,NA,NA,NA,NA,NA,NA,NA,NA,NA,NA,NA,NA,NA,NA,NA,NA,NA,NA,NA,NA,NA,NA,NA,NA,NA,NA,NA,NA,NA,NA,NA,NA,High,High,High,NA,NA,NA,NA,NA,257.524175,2.548064,1339.618323,0.999011,02:30:00,-0.046854,-0.975884,-0.213202,-14.198612,44.737884,57.5238,0.286,151.800663,-0.844496,26.923626,0.844496,-0.452802,-0.286,18.709342,16.618617,0.452802,0.452802,-151.800663,-16.618617,0.286,-26.923626,-18.709342,-0.286,-0.452802,0.844496,-0.844496,NA,NA,NA,NA,NA,NA,NA,NA,NA,NA,NA
NA,NA,NA,NA,NA,NA,NA,NA,NA,NA,NA,NA,NA,NA,NA,NA,61,2026-02-10,13:30:10,2,4,"Polk, Kian",NA,Right,MT._SAN,"Stuppy, Liam",1000268449,Right,ORA_COA,Undefined,2,Bottom,1,1,2,Slider,Curveball,FoulBallNotFieldable,Undefined,Undefined,Undefined,0,0,NA,70.80889,1.769829,-1.782087,1862.909708,94.084902,09:15:00,5.45725,1.00962,5.4917299999999996,-55.76916,2.61244,-3.42095,2.46679,-0.9431,63.24536,-8.523993,-2.39142,0.549933,63.09869,69.832889,113.67883,4190.379089,NA,NA,NA,NA,30.93938,NA,NA,1.06866,1.2352,-0.85111,50,5.57488,3.30736,-102.41056,1.52106,1.09769,22.08082,-30.90532,ORA_COA,MT._SAN,JohnAltobelliPark,JUCO,NJCAA,20260210-JohnAltobelliPark-1,ad924960-06c7-11f1-9622-2f53c37c9706,68.54012,56.01238,NA,7.56353,NA,NA,NA,2.40764,2.24357,0.99915,f8462b57-8140-48a2-876f-4518772dfcbd,2026-02-10,21:30:10,2026-02-10T21:30:10Z,2026-02-10T21:30:10Z,NA,v3,NA,NA,NA,"Fielder, M",NA,Right,MT._SAN,051481d5-e710-46ba-a110-de83bc1b6d8e,55.0053,-103.48414,11.04041,5.46439,3.02367,-15.45266,-1.01062,3.25399,0.54885,NA,2.40764,-12.8136,-8.30909,4.44868,-1.39302,0.38206,-0.09681,0.0208,-0.00259,2.24357,86.87078,-34.1896,5.02213,-0.92749,0.14446,-0.02017,0.00194,-2e-5,0.99915,29.21952,0.71357,-0.27014,0.13964,-0.05628,0.01846,-0.0046,6.6e-4,NA,NA,NA,NA,NA,NA,NA,NA,NA,NA,NA,NA,NA,NA,NA,NA,NA,NA,NA,NA,NA,NA,High,High,High,Medium,Undefined,NA,NA,NA,70.490924,63.027348,844.950947,0.453565,08:15:00,-0.872459,0.454846,0.178689,17.056904,63.831585,-44.04534,0.492447,138.522632,-0.652076,35.201147,0.652076,-0.576449,-0.492447,37.0601,29.501569,0.576449,0.576449,-138.522632,-29.501569,0.492447,-35.201147,-37.0601,-0.492447,-0.576449,0.652076,-0.652076,NA,NA,NA,NA,NA,NA,NA,NA,NA,NA,NA
NA,NA,NA,NA,NA,NA,NA,NA,NA,NA,NA,NA,NA,NA,NA,NA,62,2026-02-10,13:30:29,2,5,"Polk, Kian",NA,Right,MT._SAN,"Stuppy, Liam",1000268449,Right,ORA_COA,Undefined,2,Bottom,1,1,2,Fastball,Changeup,BallCalled,Undefined,Undefined,Undefined,0,0,NA,83.00169,0.143656,-4.649982,1850.033533,246.035785,02:15:00,5.59118,0.82289,5.84712,-30.4612,11.06753,21.3723,3.18669,-1.72672,74.46487,-5.571701,-0.832098,0.463816,NA,NA,NA,NA,NA,NA,NA,NA,NA,NA,NA,-12.31804,6.06189,-0.45591,50,5.58542,8.87463,-119.99417,-0.64744,-17.64156,27.05674,-23.49235,ORA_COA,MT._SAN,JohnAltobelliPark,JUCO,NJCAA,20260210-JohnAltobelliPark-1,b9170c30-06c7-11f1-9622-2f53c37c9706,81.26595,NA,NA,8.53682,NA,NA,NA,NA,NA,NA,f8462b57-8140-48a2-876f-4518772dfcbd,2026-02-10,21:30:29,2026-02-10T21:30:29Z,2026-02-10T21:30:29Z,NA,v3,NA,NA,NA,"Fielder, M",NA,Right,MT._SAN,67b15ec0-2059-4e56-a81d-d24e3e5aaf2c,54.64938,-121.03799,13.52837,5.59292,0.25887,-11.74617,-0.81141,9.55523,-8.82078,NA,NA,NA,NA,NA,NA,NA,NA,NA,NA,NA,NA,NA,NA,NA,NA,NA,NA,NA,NA,NA,NA,NA,NA,NA,NA,NA,NA,NA,NA,NA,NA,NA,NA,NA,NA,NA,NA,NA,NA,NA,NA,NA,NA,NA,NA,NA,NA,NA,NA,High,High,High,NA,NA,NA,NA,NA,238.360925,14.037387,1794.787204,0.970138,02:00:00,-0.285076,-0.825335,-0.487395,62.937861,65.220269,53.560365,-0.974356,155.463485,-0.204694,-5.361655,0.204694,-0.093442,0.974356,78.135755,-76.996333,0.093442,-0.093442,-155.463485,76.996333,0.974356,5.361655,-78.135755,-0.974356,0.093442,0.204694,-0.204694,NA,NA,NA,NA,NA,NA,NA,NA,NA,NA,NA
NA,NA,NA,NA,NA,NA,NA,NA,NA,NA,NA,NA,NA,NA,NA,NA,63,2026-02-10,13:30:45,2,6,"Polk, Kian",NA,Right,MT._SAN,"Stuppy, Liam",1000268449,Right,ORA_COA,Undefined,2,Bottom,1,2,2,Slider,Curveball,FoulBallFieldable,Undefined,Undefined,Undefined,0,0,NA,71.59256,0.840537,-2.15963,2127.463673,125.935302,10:15:00,5.3271,1.1505,5.5885,-49.43203,6.64,-6.3676,1.99327,-1.39773,64.89747,-8.272276,-3.295215,0.538945,68.23303,59.919169,54.750943,5151.921991,33.18242,72.71213,104.87574,144.97499,50.6386,73.168195,4.619711,2.5348,3.61792,-0.96064,50,5.36727,4.13383,-103.72798,0.08493,2.71259,20.22823,-28.3024,ORA_COA,MT._SAN,JohnAltobelliPark,JUCO,NJCAA,20260210-JohnAltobelliPark-1,c2f65c60-06c7-11f1-9622-2f53c37c9706,69.93744,88.74276,NA,6.69508,NA,NA,NA,1.93182,2.06208,1.51809,f8462b57-8140-48a2-876f-4518772dfcbd,2026-02-10,21:30:45,2026-02-10T21:30:45Z,2026-02-10T21:30:45Z,Popup,v3,NA,NA,NA,"Fielder, M",NA,Right,MT._SAN,276ba88f-b137-47ef-9dd3-cdd5808d0ba4,54.90984,-104.68108,10.11411,5.33185,1.41846,-14.1512,-1.15241,4.00602,1.35629,NA,1.94667,28.48873,-11.16837,-0.91991,4.51737,-2.82807,0.84247,-0.12279,0.00701,2.07219,86.3681,-24.90499,0.91849,1.21237,-0.72343,0.19357,-0.02555,0.00133,1.52408,40.84526,-2.89236,-0.563,0.52317,-0.14419,0.0088,0.00238,-3e-4,NA,NA,NA,NA,NA,NA,NA,NA,NA,NA,NA,NA,NA,NA,NA,NA,NA,NA,NA,NA,NA,NA,High,High,High,High,Low,NA,NA,NA,79.642903,68.498709,779.762652,0.366522,08:45:00,-0.92188,0.37416,0.100706,68.742042,57.549983,-5.264508,0.594131,132.215034,-0.540467,36.565274,0.540467,-0.595738,-0.594131,47.707907,36.450674,0.595738,0.595738,-132.215034,-36.450674,0.594131,-36.565274,-47.707907,-0.594131,-0.595738,0.540467,-0.540467,NA,NA,NA,NA,NA,NA,NA,NA,NA,NA,NA
NA,NA,NA,NA,NA,NA,NA,NA,NA,NA,NA,NA,NA,NA,NA,NA,64,2026-02-10,13:31:23,2,7,"Polk, Kian",NA,Right,MT._SAN,"Stuppy, Liam",1000268449,Right,ORA_COA,Undefined,2,Bottom,1,2,2,Fastball,Changeup,BallCalled,Undefined,Undefined,Undefined,0,0,NA,83.02801,-1.875438,-3.995499,1793.151212,243.303821,02:00:00,5.549,1.08779,5.90414,-28.70383,12.45131,21.79619,1.41121,-0.81083,75.15928,-7.247923,-0.089305,0.461725,NA,NA,NA,NA,NA,NA,NA,NA,NA,NA,NA,-12.36997,7.40032,-0.77858,50,5.38167,7.52137,-120.17485,-4.82152,-17.86328,26.01141,-21.48737,ORA_COA,MT._SAN,JohnAltobelliPark,JUCO,NJCAA,20260210-JohnAltobelliPark-1,d904b920-06c7-11f1-9622-2f53c37c9706,81.63396,NA,NA,7.86873,NA,NA,NA,NA,NA,NA,f8462b57-8140-48a2-876f-4518772dfcbd,2026-02-10,21:31:23,2026-02-10T21:31:23Z,2026-02-10T21:31:23Z,NA,v3,NA,NA,NA,"Fielder, M",NA,Right,MT._SAN,24289ad8-402b-412b-ac6c-06012428217f,54.59444,-121.16522,13.00571,5.54967,-4.0034,-10.74368,-1.0779,8.20151,-8.93164,NA,NA,NA,NA,NA,NA,NA,NA,NA,NA,NA,NA,NA,NA,NA,NA,NA,NA,NA,NA,NA,NA,NA,NA,NA,NA,NA,NA,NA,NA,NA,NA,NA,NA,NA,NA,NA,NA,NA,NA,NA,NA,NA,NA,NA,NA,NA,NA,NA,NA,High,High,High,NA,NA,NA,NA,NA,240.883909,12.080137,1753.4434,0.977856,02:00:00,-0.213922,-0.860681,-0.462023,94.135552,23.693979,-87.559761,-0.964769,166.245044,-0.255553,-3.586587,0.255553,-0.062557,0.964769,75.163913,-74.746009,0.062557,-0.062557,-166.245044,74.746009,0.964769,3.586587,-75.163913,-0.964769,0.062557,0.255553,-0.255553,NA,NA,NA,NA,NA,NA,NA,NA,NA,NA,NA
NA,NA,NA,NA,NA,NA,NA,NA,NA,NA,NA,NA,NA,NA,NA,NA,65,2026-02-10,13:31:42,2,8,"Polk, Kian",NA,Right,MT._SAN,"Stuppy, Liam",1000268449,Right,ORA_COA,Undefined,2,Bottom,1,3,2,Fastball,Changeup,BallCalled,Walk,Undefined,Undefined,0,0,NA,82.78171,-1.04387,-4.812374,1769.820848,243.49366,02:00:00,5.53139,0.72758,5.97635,-29.80057,11.20757,19.70328,2.07679,-2.10217,75.41905,-6.606542,-1.28397,0.4609,NA,NA,NA,NA,NA,NA,NA,NA,NA,NA,NA,-11.44619,6.47366,-0.35672,50,5.4321,9.31041,-119.83692,-3.10318,-16.58301,23.96214,-22.79511,ORA_COA,MT._SAN,JohnAltobelliPark,JUCO,NJCAA,20260210-JohnAltobelliPark-1,e4811780-06c7-11f1-9622-2f53c37c9706,81.78016,NA,NA,7.36266,NA,NA,NA,NA,NA,NA,f8462b57-8140-48a2-876f-4518772dfcbd,2026-02-10,21:31:42,2026-02-10T21:31:42Z,2026-02-10T21:31:42Z,NA,v3,NA,NA,NA,"Fielder, M",NA,Right,MT._SAN,4b6afa11-1b02-4f84-aa51-3e052c54467a,54.52279,-120.73789,11.98107,5.53266,-2.24608,-11.39756,-0.71851,9.93393,-8.29151,NA,NA,NA,NA,NA,NA,NA,NA,NA,NA,NA,NA,NA,NA,NA,NA,NA,NA,NA,NA,NA,NA,NA,NA,NA,NA,NA,NA,NA,NA,NA,NA,NA,NA,NA,NA,NA,NA,NA,NA,NA,NA,NA,NA,NA,NA,NA,NA,NA,NA,High,High,High,NA,NA,NA,NA,NA,238.98871,11.513379,1734.208733,0.979878,02:00:00,-0.225967,-0.843317,-0.487602,89.465868,24.86334,-88.087702,-0.962844,159.766403,-0.253394,-5.359221,0.253394,-0.0934,0.962844,75.255631,-74.332183,0.0934,-0.0934,-159.766403,74.332183,0.962844,5.359221,-75.255631,-0.962844,0.0934,0.253394,-0.253394,NA,NA,NA,NA,NA,NA,NA,NA,NA,NA,NA
NA,NA,NA,NA,NA,NA,NA,NA,NA,NA,NA,NA,NA,NA,NA,NA,66,2026-02-10,13:32:19,3,1,"Polk, Kian",NA,Right,MT._SAN,"Choo, Alan",1000374695,Right,ORA_COA,Undefined,2,Bottom,1,0,0,ChangeUp,Changeup,BallCalled,Undefined,Undefined,Undefined,0,0,NA,73.43977,2.736779,-0.6684,1228.796191,252.3892,02:30:00,5.5193,1.15628,6.03586,-46.51069,5.97536,12.80001,4.17972,1.604,66.06258,-5.956335,1.633784,0.521427,NA,NA,NA,NA,NA,NA,NA,NA,NA,NA,NA,-6.72162,2.78173,-1.11055,50,5.70867,0.78172,-106.40142,3.77463,-7.56437,21.37856,-29.04354,ORA_COA,MT._SAN,JohnAltobelliPark,JUCO,NJCAA,20260210-JohnAltobelliPark-1,fac59f70-06c7-11f1-9622-2f53c37c9706,72.28711,NA,NA,7.3772,NA,NA,NA,NA,NA,NA,f8462b57-8140-48a2-876f-4518772dfcbd,2026-02-10,21:32:19,2026-02-10T21:32:19Z,2026-02-10T21:32:19Z,NA,v3,NA,NA,NA,"Fielder, M",NA,Right,MT._SAN,8b82061b-1eb2-4e98-9154-3d2526e84fdd,54.45964,-107.29373,10.68928,5.52583,4.98686,-14.52177,-1.14977,1.09744,-3.78219,NA,NA,NA,NA,NA,NA,NA,NA,NA,NA,NA,NA,NA,NA,NA,NA,NA,NA,NA,NA,NA,NA,NA,NA,NA,NA,NA,NA,NA,NA,NA,NA,NA,NA,NA,NA,NA,NA,NA,NA,NA,NA,NA,NA,NA,NA,NA,NA,NA,NA,High,High,High,NA,NA,NA,NA,NA,257.967,15.901054,1181.777868,0.961736,02:30:00,-0.320893,-0.92645,-0.196768,-14.662713,42.07061,51.341351,0.123716,146.079046,-0.823433,33.625451,0.823433,-0.553761,-0.123716,8.544457,7.106624,0.553761,0.553761,-146.079046,-7.106624,0.123716,-33.625451,-8.544457,-0.123716,-0.553761,0.823433,-0.823433,NA,NA,NA,NA,NA,NA,NA,NA,NA,NA,NA
NA,NA,NA,NA,NA,NA,NA,NA,NA,NA,NA,NA,NA,NA,NA,NA,67,2026-02-10,13:32:39,3,2,"Polk, Kian",NA,Right,MT._SAN,"Choo, Alan",1000374695,Right,ORA_COA,Undefined,2,Bottom,1,1,0,Fastball,Changeup,InPlay,Undefined,GroundBall,Out,2,0,NA,82.11388,-0.360936,-3.792014,1731.874737,257.850705,02:30:00,5.4832,1.14615,5.81023,-36.0375,6.06437,21.27879,2.14369,-0.61205,74.44145,-7.042864,0.016242,0.467006,89.38819,-19.74388,46.964862,NA,NA,NA,NA,7.40814,3.18899,41.767699,0.048675,-12.10796,3.60921,-0.84797,50,5.43209,7.05583,-118.97442,-1.91006,-17.15111,25.3254,-27.06152,ORA_COA,MT._SAN,JohnAltobelliPark,JUCO,NJCAA,20260210-JohnAltobelliPark-1,065c63a0-06c8-11f1-9622-2f53c37c9706,80.71091,2.15973,NA,7.67244,NA,NA,NA,1.41884,2.15973,0.53634,f8462b57-8140-48a2-876f-4518772dfcbd,2026-02-10,21:32:39,2026-02-10T21:32:39Z,2026-02-10T21:32:39Z,GroundBall,v3,NA,NA,NA,"Fielder, M",NA,Right,MT._SAN,da9f3de6-ab7c-4f09-a94e-62990ab1ebc2,54.69045,-119.9687,12.6627,5.48622,-0.84763,-13.53076,-1.1382,7.72918,-8.57556,NA,1.41762,84.3658,NA,NA,NA,NA,NA,NA,NA,2.16037,-44.37012,NA,NA,NA,NA,NA,NA,NA,0.53504,90.36008,NA,NA,NA,NA,NA,NA,NA,NA,NA,NA,NA,NA,NA,NA,NA,NA,NA,NA,NA,NA,NA,NA,NA,NA,NA,NA,NA,NA,NA,High,High,High,Low,Low,NA,NA,NA,242.859035,8.943089,1710.820747,0.987843,02:00:00,-0.179387,-0.880031,-0.439735,95.809125,22.687764,-81.658919,-0.948942,171.127592,-0.311676,-2.788739,0.311676,-0.048653,0.948942,71.817426,-71.611956,0.048653,-0.048653,-171.127592,71.611956,0.948942,2.788739,-71.817426,-0.948942,0.048653,0.311676,-0.311676,NA,NA,NA,NA,NA,NA,NA,NA,NA,NA,NA
NA,NA,NA,NA,NA,NA,NA,NA,NA,NA,NA,NA,NA,NA,NA,NA,68,2026-02-10,13:34:45,1,1,"Rasic, Anthony",1000289210,Right,ORA_COA,"Trout, Tyler",NA,Right,MT._SAN,Undefined,3,Top,0,0,0,Fastball,Changeup,FoulBallNotFieldable,Undefined,Undefined,Undefined,0,0,NA,83.9878,-0.754208,-2.22692,2022.288461,235.213665,01:45:00,5.89532,0.76558,5.90062,-25.11934,15.06757,19.58281,3.10132,0.32909,75.72014,-5.501874,1.287488,0.45626100000000003,54.15075,80.847593,-153.432266,4218.866686,NA,NA,NA,NA,2.69756,NA,NA,-10.78953,8.38126,-0.59791,50,5.82047,3.9561,-121.7856,-2.35062,-15.94037,27.55374,-19.79165,ORA_COA,MT._SAN,JohnAltobelliPark,JUCO,NJCAA,20260210-JohnAltobelliPark-1,51d75b50-06c8-11f1-9622-2f53c37c9706,82.61153,23.10703,NA,8.26766,NA,NA,NA,2.1948,3.18258,-0.3168,f8462b57-8140-48a2-876f-4518772dfcbd,2026-02-10,21:34:45,2026-02-10T21:34:45Z,2026-02-10T21:34:45Z,NA,v3,NA,NA,NA,"Barnes, Flynn",1000398235,Right,ORA_COA,342dd9b4-1ad1-4934-a6f8-05aa0eb429e7,54.59822,-122.82153,13.77687,5.89485,-1.60652,-9.89583,-0.75791,4.55541,-7.97019,353.980766,2.19723,-11.41494,-3.43153,NA,NA,NA,NA,NA,NA,3.18678,78.21148,-26.48728,NA,NA,NA,NA,NA,NA,-0.31349,-5.8079,-5.38262,NA,NA,NA,NA,NA,NA,NA,NA,NA,NA,NA,NA,NA,NA,NA,NA,NA,NA,NA,NA,NA,NA,NA,NA,NA,NA,NA,NA,High,High,High,High,Undefined,NA,NA,NA,232.272939,19.311377,1908.505013,0.943735,01:45:00,-0.343045,-0.750721,-0.564569,-94.046018,-28.8348,86.013132,-0.949219,161.298415,-0.298006,-5.789765,0.298006,-0.100879,0.949219,72.570397,-71.662299,0.100879,-0.100879,-161.298415,71.662299,0.949219,5.789765,-72.570397,-0.949219,0.100879,0.298006,-0.298006,NA,NA,NA,NA,NA,NA,NA,NA,NA,NA,NA
NA,NA,NA,NA,NA,NA,NA,NA,NA,NA,NA,NA,NA,NA,NA,NA,69,2026-02-10,13:35:21,1,2,"Rasic, Anthony",1000289210,Right,ORA_COA,"Trout, Tyler",NA,Right,MT._SAN,Undefined,3,Top,0,0,1,Fastball,Changeup,InPlay,Undefined,GroundBall,Out,1,0,NA,83.83388,-0.297815,-2.326015,1986.09246,255.810155,02:30:00,5.89892,0.80779,5.95481,-33.20187,7.29516,22.75848,2.85568,0.546,75.2497,-6.510035,1.764822,0.458018,46.20146,6.432977,3.536705,1672.184398,NA,NA,NA,49.66881,48.35992,4.043087,0.745872,-12.4839,4.27768,-0.63565,50,5.85691,4.02551,-121.51821,-1.6852,-18.23773,28.91631,-25.92479,ORA_COA,MT._SAN,JohnAltobelliPark,JUCO,NJCAA,20260210-JohnAltobelliPark-1,66e510f0-06c8-11f1-9622-2f53c37c9706,82.29458,3.8137,NA,8.58418,NA,NA,NA,1.96684,2.89833,-0.5276,f8462b57-8140-48a2-876f-4518772dfcbd,2026-02-10,21:35:21,2026-02-10T21:35:21Z,2026-02-10T21:35:21Z,GroundBall,v3,NA,NA,NA,"Barnes, Flynn",1000398235,Right,ORA_COA,45a9c416-bcf1-473e-8bfa-f28d40c1e4b8,54.54384,-122.59469,14.45816,5.90168,-0.72009,-12.96239,-0.79814,4.70445,-9.11887,250.799189,1.97525,67.05244,-4.40406,NA,NA,NA,NA,NA,NA,2.9099,7.38637,-15.15399,NA,NA,NA,NA,NA,NA,-0.53236000000000006,4.24072,1.57395,NA,NA,NA,NA,NA,NA,NA,NA,NA,NA,NA,NA,NA,NA,NA,NA,NA,NA,NA,NA,NA,NA,NA,NA,NA,NA,NA,NA,High,High,High,High,High,NA,NA,NA,230.890569,23.895112,1815.861523,0.914289,01:45:00,-0.424447,-0.711531,-0.559971,-93.924638,-27.208268,83.818856,-0.925673,159.926187,-0.355342,-7.461073,0.355342,-0.129853,0.925673,68.999492,-67.770049,0.129853,-0.129853,-159.926187,67.770049,0.925673,7.461073,-68.999492,-0.925673,0.129853,0.355342,-0.355342,NA,NA,NA,NA,NA,NA,NA,NA,NA,NA,NA
NA,NA,NA,NA,NA,NA,NA,NA,NA,NA,NA,NA,NA,NA,NA,NA,70,2026-02-10,13:35:53,2,1,"Rasic, Anthony",1000289210,Right,ORA_COA,"Mattson, Ty",1000213901,Right,MT._SAN,Undefined,3,Top,1,0,0,Fastball,Changeup,StrikeCalled,Undefined,Undefined,Undefined,0,0,NA,84.91275,-0.45328,-2.770963,2078.105252,244.729324,02:15:00,5.9428,0.7006,6.18382,-27.27368,11.58268,21.57871,3.25093,-0.06188,76.65247,-5.603559,1.121306,0.448645,NA,NA,NA,NA,NA,NA,NA,NA,NA,NA,NA,-11.95284,6.54882,-0.50143,50,5.89491,5.09457,-123.15008,-1.78577,-18.09238,27.73476,-22.26141,ORA_COA,MT._SAN,JohnAltobelliPark,JUCO,NJCAA,20260210-JohnAltobelliPark-1,7a57b430-06c8-11f1-9622-2f53c37c9706,84.01403,NA,NA,8.26028,NA,NA,NA,NA,NA,NA,f8462b57-8140-48a2-876f-4518772dfcbd,2026-02-10,21:35:53,2026-02-10T21:35:53Z,2026-02-10T21:35:53Z,NA,v3,NA,NA,NA,"Barnes, Flynn",1000398235,Right,ORA_COA,2488f23c-0299-44f7-9ac6-78acaef79282,54.31399,-124.11784,13.86738,5.94366,-1.009,-11.13071,-0.69021,5.72588,-9.04619,NA,NA,NA,NA,NA,NA,NA,NA,NA,NA,NA,NA,NA,NA,NA,NA,NA,NA,NA,NA,NA,NA,NA,NA,NA,NA,NA,NA,NA,NA,NA,NA,NA,NA,NA,NA,NA,NA,NA,NA,NA,NA,NA,NA,NA,NA,NA,NA,NA,NA,High,High,High,NA,NA,NA,NA,NA,227.858642,26.627362,1857.702047,0.89394,01:30:00,-0.471407,-0.666374,-0.577686,65.043824,63.172015,48.788656,-0.928798,156.337432,-0.339428,-8.553577,0.339428,-0.148734,0.928798,69.925233,-68.248288,0.148734,-0.148734,-156.337432,68.248288,0.928798,8.553577,-69.925233,-0.928798,0.148734,0.339428,-0.339428,NA,NA,NA,NA,NA,NA,NA,NA,NA,NA,NA
NA,NA,NA,NA,NA,NA,NA,NA,NA,NA,NA,NA,NA,NA,NA,NA,71,2026-02-10,13:36:08,2,2,"Rasic, Anthony",1000289210,Right,ORA_COA,"Mattson, Ty",1000213901,Right,MT._SAN,Undefined,3,Top,1,0,1,Cutter,Slider,BallCalled,Undefined,Undefined,Undefined,0,0,NA,78.9911,-0.194198,-2.625146,2363.916086,156.30319,11:15:00,5.83113,0.76753,5.79339,-39.16356,6.08012,-2.01347,2.38667,-1.84392,72.17679,-7.423552,-2.98553,0.484117,NA,NA,NA,NA,NA,NA,NA,NA,NA,NA,NA,0.24654,3.63288,-0.5502,50,5.79193,5.32984,-114.55946,-1.61993,0.32565,22.34708,-27.37516,ORA_COA,MT._SAN,JohnAltobelliPark,JUCO,NJCAA,20260210-JohnAltobelliPark-1,8309a7f0-06c8-11f1-9622-2f53c37c9706,77.8581,NA,NA,6.81431,NA,NA,NA,NA,NA,NA,f8462b57-8140-48a2-876f-4518772dfcbd,2026-02-10,21:36:08,2026-02-10T21:36:08Z,2026-02-10T21:36:08Z,NA,v3,NA,NA,NA,"Barnes, Flynn",1000398235,Right,ORA_COA,87f322d3-6867-49c8-a4cd-eb42f04013eb,54.70418,-115.47346,11.17354,5.83529,-0.50029,-13.68758,-0.76792,5.31652,0.16282,NA,NA,NA,NA,NA,NA,NA,NA,NA,NA,NA,NA,NA,NA,NA,NA,NA,NA,NA,NA,NA,NA,NA,NA,NA,NA,NA,NA,NA,NA,NA,NA,NA,NA,NA,NA,NA,NA,NA,NA,NA,NA,NA,NA,NA,NA,NA,NA,NA,NA,High,High,High,NA,NA,NA,NA,NA,211.91141,75.73725,582.395567,0.246369,01:00:00,-0.977291,-0.133517,-0.164546,59.752,38.958858,60.241135,0.042846,158.632678,-0.930409,21.346738,0.930409,-0.364011,-0.042846,2.636649,2.455645,0.364011,0.364011,-158.632678,-2.455645,0.042846,-21.346738,-2.636649,-0.042846,-0.364011,0.930409,-0.930409,NA,NA,NA,NA,NA,NA,NA,NA,NA,NA,NA
NA,NA,NA,NA,NA,NA,NA,NA,NA,NA,NA,NA,NA,NA,NA,NA,72,2026-02-10,13:36:25,2,3,"Rasic, Anthony",1000289210,Right,ORA_COA,"Mattson, Ty",1000213901,Right,MT._SAN,Undefined,3,Top,1,1,1,Fastball,Changeup,InPlay,Undefined,Popup,Out,1,0,NA,84.53716,-1.450936,-1.878849,2083.294342,241.964343,02:00:00,5.87937,0.90226,6.0407,-27.57958,11.55981,19.22021,2.23664,0.76369,76.9854,-6.614728,1.582783,0.450276,58.77863,75.571013,-22.571875,NA,NA,NA,NA,NA,22.99973,NA,NA,-10.51225,6.77878,-0.76623,50,5.75132,3.27867,-122.71937,-3.95158,-15.90053,26.13157,-21.92067,ORA_COA,MT._SAN,JohnAltobelliPark,JUCO,NJCAA,20260210-JohnAltobelliPark-1,8d4ff750-06c8-11f1-9622-2f53c37c9706,83.70969,73.65247,NA,7.55176,NA,NA,NA,2.24078,2.33159,-0.74131,f8462b57-8140-48a2-876f-4518772dfcbd,2026-02-10,21:36:25,2026-02-10T21:36:25Z,2026-02-10T21:36:25Z,NA,v3,NA,NA,NA,"Barnes, Flynn",1000398235,Right,ORA_COA,d3e5bd33-7730-47d6-8067-7bb1e9e5a960,54.45955,-123.66533,13.06578,5.88001,-3.15806,-10.96033,-0.89533,3.85427,-7.95027,NA,2.24078,19.83534,-5.60108,1.35417,0.54267,-1.16941,0.97507,-0.42428,0.07675,2.33159,83.48937,-22.29487,2.15922,-0.58813,0.33145,-0.22756,0.09521,-0.01705,-0.74131,-8.24561,-0.25094,0.0967,0.16346,-0.28773,0.23637,-0.10262,0.01856,NA,NA,NA,NA,NA,NA,NA,NA,NA,NA,NA,NA,NA,NA,NA,NA,NA,NA,NA,NA,NA,NA,High,High,High,Medium,Undefined,NA,NA,NA,226.859523,22.44455,1925.48366,0.924249,01:30:00,-0.385115,-0.683857,-0.619699,-83.198748,-34.579916,85.295803,-0.938825,155.305269,-0.312899,-8.272566,0.312899,-0.143882,0.938825,71.56742,-69.855156,0.143882,-0.143882,-155.305269,69.855156,0.938825,8.272566,-71.56742,-0.938825,0.143882,0.312899,-0.312899,NA,NA,NA,NA,NA,NA,NA,NA,NA,NA,NA
NA,NA,NA,NA,NA,NA,NA,NA,NA,NA,NA,NA,NA,NA,NA,NA,73,2026-02-10,13:36:58,3,1,"Rasic, Anthony",1000289210,Right,ORA_COA,"Siqueiros, Will",10914754,Right,MT._SAN,Undefined,3,Top,2,0,0,Cutter,Slider,BallCalled,Undefined,Undefined,Undefined,0,0,NA,79.81071,0.563214,-2.98183,2486.864408,183.870249,12:15:00,5.77812,0.803,5.92488,-35.29085,8.20965,0.47126,3.36056,-1.92713,73.72847,-5.962284,-2.897386,0.474699,NA,NA,NA,NA,NA,NA,NA,NA,NA,NA,NA,-0.99307,4.4689,-0.56456,50,5.80316,6.01956,-115.90078,0.05599,-1.3631,19.81515,-26.03996,ORA_COA,MT._SAN,JohnAltobelliPark,JUCO,NJCAA,20260210-JohnAltobelliPark-1,a1021490-06c8-11f1-9622-2f53c37c9706,79.40277,NA,NA,6.08224,NA,NA,NA,NA,NA,NA,f8462b57-8140-48a2-876f-4518772dfcbd,2026-02-10,21:36:58,2026-02-10T21:36:58Z,2026-02-10T21:36:58Z,NA,v3,NA,NA,NA,"Barnes, Flynn",1000398235,Right,ORA_COA,1c0d7eae-4eb2-4639-a685-37844908cffb,54.57456,-116.68026,9.90757,5.78081,1.08033,-13.01998,-0.80241,6.07319,-0.68155,NA,NA,NA,NA,NA,NA,NA,NA,NA,NA,NA,NA,NA,NA,NA,NA,NA,NA,NA,NA,NA,NA,NA,NA,NA,NA,NA,NA,NA,NA,NA,NA,NA,NA,NA,NA,NA,NA,NA,NA,NA,NA,NA,NA,NA,NA,NA,NA,NA,NA,High,High,High,NA,NA,NA,NA,NA,216.147361,74.357787,670.531658,0.269629,01:15:00,-0.974501,-0.149571,-0.16726,57.992048,42.811722,62.468445,0.01884,161.684347,-0.949171,18.312287,0.949171,-0.314196,-0.01884,1.137132,1.079539,0.314196,0.314196,-161.684347,-1.079539,0.01884,-18.312287,-1.137132,-0.01884,-0.314196,0.949171,-0.949171,NA,NA,NA,NA,NA,NA,NA,NA,NA,NA,NA
NA,NA,NA,NA,NA,NA,NA,NA,NA,NA,NA,NA,NA,NA,NA,NA,74,2026-02-10,13:37:17,3,2,"Rasic, Anthony",1000289210,Right,ORA_COA,"Siqueiros, Will",10914754,Right,MT._SAN,Undefined,3,Top,2,1,0,Fastball,Changeup,InPlay,Undefined,GroundBall,Single,0,0,NA,84.31181,-1.586063,-3.47538,2149.027552,240.221451,02:00:00,5.83692,0.69872,6.50429,-25.78761,13.04977,20.4293,2.2292,-0.79249,76.49398,-6.478825,0.229475,0.448535,73.11845,-59.127322,-48.119453,NA,NA,NA,NA,2.81911,2.81911,-4.521791,0.024735,-11.82489,7.72571,-0.46411,50,5.71459,6.68181,-122.29854,-4.0945,-17.71403,26.57491,-20.6007,ORA_COA,MT._SAN,JohnAltobelliPark,JUCO,NJCAA,20260210-JohnAltobelliPark-1,ac76f8e0-06c8-11f1-9622-2f53c37c9706,84.03455,2.28375,NA,7.81783,NA,NA,NA,1.89888,2.28375,0.79427,f8462b57-8140-48a2-876f-4518772dfcbd,2026-02-10,21:37:17,2026-02-10T21:37:17Z,2026-02-10T21:37:17Z,GroundBall,v3,NA,NA,NA,"Barnes, Flynn",1000398235,Right,ORA_COA,901c221f-c35f-4030-bfbf-cbe76203896a,53.99594,-123.16378,13.28746,5.83699,-3.42377,-10.30035,-0.69105,7.25856,-8.85701,NA,1.89843,36.84955,NA,NA,NA,NA,NA,NA,NA,2.28488,-92.33023,NA,NA,NA,NA,NA,NA,NA,0.79478,-41.09756,NA,NA,NA,NA,NA,NA,NA,NA,NA,NA,NA,NA,NA,NA,NA,NA,NA,NA,NA,NA,NA,NA,NA,NA,NA,NA,NA,NA,NA,High,High,High,Estimated,Estimated,NA,NA,NA,225.317332,28.377521,1890.789883,0.879835,01:30:00,-0.494444,-0.638489,-0.589794,36.258453,54.06586,7.655745,-0.937171,156.289415,-0.319421,-8.064411,0.319421,-0.140286,0.937171,71.1791,-69.581826,0.140286,-0.140286,-156.289415,69.581826,0.937171,8.064411,-71.1791,-0.937171,0.140286,0.319421,-0.319421,NA,NA,NA,NA,NA,NA,NA,NA,NA,NA,NA
NA,NA,NA,NA,NA,NA,NA,NA,NA,NA,NA,NA,NA,NA,NA,NA,75,2026-02-10,13:37:53,4,1,"Rasic, Anthony",1000289210,Right,ORA_COA,"Felipe, Steven",10914758,Left,MT._SAN,Undefined,3,Top,2,0,0,Fastball,Four-Seam,InPlay,Undefined,FlyBall,Double,0,1,NA,85.04189,-1.835957,-2.409931,2057.25032,219.723148,01:15:00,5.81452,0.73806,6.15302,-21.38848,17.01879,13.08646,2.33375,-0.39934,77.59317,-5.890698,-0.050894,0.446044,64.82762,39.233993,-34.128483,3715.683516,84.58136,53.76559,-70.32763,217.46581,149.67623,-43.451805,3.70818,-7.50485,9.72355,-0.56158,50,5.66381,4.69383,-123.4313,-4.55855,-11.53247,25.4692,-17.23214,ORA_COA,MT._SAN,JohnAltobelliPark,JUCO,NJCAA,20260210-JohnAltobelliPark-1,c1f1ef40-06c8-11f1-9622-2f53c37c9706,84.50377,53.7915,NA,7.44871,NA,NA,NA,0.70184,2.33918,0.37951,f8462b57-8140-48a2-876f-4518772dfcbd,2026-02-10,21:37:53,2026-02-10T21:37:53Z,2026-02-10T21:37:53Z,Popup,v3,NA,NA,NA,"Barnes, Flynn",1000398235,Right,ORA_COA,eda80322-4d00-413a-9a90-580ef927f49e,54.34692,-124.32502,12.7346,5.81316,-3.95386,-8.61607,-0.73339,5.0985,-5.76623,137.068202,0.70197,60.96453,-11.21459,3.11621,-0.67911,0.16448,-0.04869,0.00979,-7.9e-4,2.34,60.10736,-19.00833,0.74859,0.3327,-0.30132,0.10767,-0.01832,0.0012,0.37939,-41.31513,0.40051,0.04801,-0.09174,0.04325,-0.01129,0.00149,-8e-5,NA,NA,NA,NA,NA,NA,NA,NA,NA,NA,NA,NA,NA,NA,NA,NA,NA,NA,NA,NA,NA,NA,High,High,High,High,Medium,NA,NA,NA,225.443011,22.662021,1898.417606,0.922794,01:30:00,-0.390933,-0.669546,-0.631569,-56.091739,-32.673781,-9.143017,0.087565,144.652808,-0.812528,35.191241,0.812528,-0.576307,-0.087565,6.150954,5.023547,0.576307,0.576307,-144.652808,-5.023547,0.087565,-35.191241,-6.150954,-0.087565,-0.576307,0.812528,-0.812528,NA,NA,NA,NA,NA,NA,NA,NA,NA,NA,NA
NA,NA,NA,NA,NA,NA,NA,NA,NA,NA,NA,NA,NA,NA,NA,NA,76,2026-02-10,13:38:42,5,1,"Rasic, Anthony",1000289210,Right,ORA_COA,"Pintal, Alex",1000295295,Right,MT._SAN,Undefined,3,Top,2,0,0,Curveball,Curveball,BallCalled,Undefined,Undefined,Undefined,0,0,NA,73.78443,0.919704,-2.292557,2166.746065,24.966676,06:45:00,5.85004,0.64977,5.77326,-59.37964,-6.86642,-4.08142,1.75834,-1.82486,66.99611,-9.963675,-3.024284,0.521562,NA,NA,NA,NA,NA,NA,NA,NA,NA,NA,NA,1.30059,-3.21634,-0.45778,50,5.89071,4.42915,-106.95189,-0.11351,1.47608,21.91245,-35.8244,ORA_COA,MT._SAN,JohnAltobelliPark,JUCO,NJCAA,20260210-JohnAltobelliPark-1,df395b60-06c8-11f1-9622-2f53c37c9706,72.26841,NA,NA,6.78831,NA,NA,NA,NA,NA,NA,f8462b57-8140-48a2-876f-4518772dfcbd,2026-02-10,21:38:42,2026-02-10T21:38:42Z,2026-02-10T21:38:42Z,NA,v3,NA,NA,NA,"Barnes, Flynn",1000398235,Right,ORA_COA,4e537822-4697-4d7e-8ab2-e81ab1d97e53,54.72618,-107.91585,10.95623,5.86103,1.46245,-17.9122,-0.6512,4.36422,0.73804,NA,NA,NA,NA,NA,NA,NA,NA,NA,NA,NA,NA,NA,NA,NA,NA,NA,NA,NA,NA,NA,NA,NA,NA,NA,NA,NA,NA,NA,NA,NA,NA,NA,NA,NA,NA,NA,NA,NA,NA,NA,NA,NA,NA,NA,NA,NA,NA,NA,NA,High,High,High,NA,NA,NA,NA,NA,25.110062,55.518916,1226.668885,0.566134,06:45:00,-0.799188,0.253444,0.545037,-43.007439,49.737045,82.300085,-0.322615,162.243284,-0.901437,-16.778283,0.901437,-0.288669,0.322615,19.691779,-18.821169,0.288669,-0.288669,-162.243284,18.821169,0.322615,16.778283,-19.691779,-0.322615,0.288669,0.901437,-0.901437,NA,NA,NA,NA,NA,NA,NA,NA,NA,NA,NA
NA,NA,NA,NA,NA,NA,NA,NA,NA,NA,NA,NA,NA,NA,NA,NA,77,2026-02-10,13:39:02,5,2,"Rasic, Anthony",1000289210,Right,ORA_COA,"Pintal, Alex",1000295295,Right,MT._SAN,Undefined,3,Top,2,1,0,Cutter,Slider,BallCalled,Undefined,Undefined,Undefined,0,0,NA,79.21754,1.285235,-1.544014,2431.557615,160.947931,11:15:00,5.81478,0.93709,5.81138,-38.09463,6.64729,-1.80571,3.83601,-0.64951,72.39706,-5.771063,-1.867417,0.481425,NA,NA,NA,NA,NA,NA,NA,NA,NA,NA,NA,0.47953,3.47571,-0.80945,50,5.89768,3.1688,-114.98582,1.3877,0.6408,21.69956,-27.52947,ORA_COA,MT._SAN,JohnAltobelliPark,JUCO,NJCAA,20260210-JohnAltobelliPark-1,eb0a6970-06c8-11f1-9622-2f53c37c9706,78.29348,NA,NA,6.82048,NA,NA,NA,NA,NA,NA,f8462b57-8140-48a2-876f-4518772dfcbd,2026-02-10,21:39:02,2026-02-10T21:39:02Z,2026-02-10T21:39:02Z,NA,v3,NA,NA,NA,"Barnes, Flynn",1000398235,Right,ORA_COA,04cda59d-04ba-463b-8231-d8f45f807473,54.68664,-115.86689,10.84978,5.81865,2.50548,-13.76473,-0.93759,3.14278,0.3204,NA,NA,NA,NA,NA,NA,NA,NA,NA,NA,NA,NA,NA,NA,NA,NA,NA,NA,NA,NA,NA,NA,NA,NA,NA,NA,NA,NA,NA,NA,NA,NA,NA,NA,NA,NA,NA,NA,NA,NA,NA,NA,NA,NA,NA,NA,NA,NA,NA,NA,High,High,High,NA,NA,NA,NA,NA,211.334218,76.411281,571.296275,0.234951,01:00:00,-0.979557,-0.100349,-0.174352,59.383182,38.170485,59.193593,0.02814,159.23008,-0.934642,20.761314,0.934642,-0.354476,-0.02814,1.724552,1.612538,0.354476,0.354476,-159.23008,-1.612538,0.02814,-20.761314,-1.724552,-0.02814,-0.354476,0.934642,-0.934642,NA,NA,NA,NA,NA,NA,NA,NA,NA,NA,NA
NA,NA,NA,NA,NA,NA,NA,NA,NA,NA,NA,NA,NA,NA,NA,NA,78,2026-02-10,13:39:23,5,3,"Rasic, Anthony",1000289210,Right,ORA_COA,"Pintal, Alex",1000295295,Right,MT._SAN,Undefined,3,Top,2,2,0,ChangeUp,Splitter,InPlay,Undefined,LineDrive,Double,0,1,NA,76.59613,0.481555,-2.614757,957.155881,243.437567,02:00:00,5.71139,0.83444,6.12182,-40.92971,6.74953,10.21965,2.74625,-0.73289,69.63183,-7.147679,-0.773542,0.496977,96.0136,14.14579,-11.06972,4444.213671,107.52584,21.10714,-23.19704,273.4858,272.97716,-14.922071,2.495891,-6.09681,3.80634,-0.63945,50,5.72709,4.71521,-111.12959,-0.23478,-7.54306,21.89651,-27.46481,ORA_COA,MT._SAN,JohnAltobelliPark,JUCO,NJCAA,20260210-JohnAltobelliPark-1,f75fe9c0-06c8-11f1-9622-2f53c37c9706,75.84347,22.32073,NA,6.9643,NA,NA,NA,1.55704,2.79037,0.71822,f8462b57-8140-48a2-876f-4518772dfcbd,2026-02-10,21:39:23,2026-02-10T21:39:23Z,2026-02-10T21:39:23Z,LineDrive,v3,NA,NA,NA,"Barnes, Flynn",1000398235,Right,ORA_COA,49a058f7-b35c-4bcc-9bed-28d2a933256d,54.37707,-111.9887,10.94825,5.71516,0.84281,-13.73241,-0.83026,5.01116,-3.77153,129.551588,1.55704,134.00897,-16.73968,3.17191,-0.63862,0.11955,-0.02073,0.00281,-1.9e-4,2.79037,34.41492,-16.18936,1.04875,-0.16701,0.03081,-0.00346,4.2e-4,-4e-5,0.71822,-26.21802,-1.80833,0.63679,-0.17971,0.04127,-0.00783,0.00104,-7e-5,NA,NA,NA,NA,NA,NA,NA,NA,NA,NA,NA,NA,NA,NA,NA,NA,NA,NA,NA,NA,NA,NA,High,High,High,High,High,NA,NA,NA,239.824971,7.555729,948.845315,0.991317,02:00:00,-0.161276,-0.855853,-0.491433,-14.483203,-9.0486,34.574197,0.496561,127.540234,-0.528889,43.492588,0.528889,-0.688261,-0.496561,43.194316,29.772765,0.688261,0.688261,-127.540234,-29.772765,0.496561,-43.492588,-43.194316,-0.496561,-0.688261,0.528889,-0.528889,NA,NA,NA,NA,NA,NA,NA,NA,NA,NA,NA
NA,NA,NA,NA,NA,NA,NA,NA,NA,NA,NA,NA,NA,NA,NA,NA,79,2026-02-10,13:40:03,6,1,"Rasic, Anthony",1000289210,Right,ORA_COA,"Thompson, Dayton",NA,Right,MT._SAN,Undefined,3,Top,2,0,0,Fastball,Sinker,BallCalled,Undefined,Undefined,Undefined,0,0,NA,87.07632,-2.436469,-3.11545,2127.049465,241.281184,02:00:00,5.81563,0.59116,6.40376,-23.74808,12.61835,20.81521,1.59147,-0.54192,79.47471,-6.918818,0.654907,0.434032,NA,NA,NA,NA,NA,NA,NA,NA,NA,NA,NA,-11.78347,7.66339,-0.37683,50,5.62982,6.0768,-126.3296,-6.06561,-18.94995,26.90688,-19.84991,ORA_COA,MT._SAN,JohnAltobelliPark,JUCO,NJCAA,20260210-JohnAltobelliPark-1,0f339d30-06c9-11f1-9622-2f53c37c9706,86.84252,NA,NA,7.60161,NA,NA,NA,NA,NA,NA,f8462b57-8140-48a2-876f-4518772dfcbd,2026-02-10,21:40:03,2026-02-10T21:40:03Z,2026-02-10T21:40:03Z,NA,v3,NA,NA,NA,"Barnes, Flynn",1000398235,Right,ORA_COA,ec5a4070-9033-4168-9717-6c8d60aea54f,54.09679,-127.19918,13.45344,5.81548,-5.4241,-9.92496,-0.58312,6.68923,-9.47498,NA,NA,NA,NA,NA,NA,NA,NA,NA,NA,NA,NA,NA,NA,NA,NA,NA,NA,NA,NA,NA,NA,NA,NA,NA,NA,NA,NA,NA,NA,NA,NA,NA,NA,NA,NA,NA,NA,NA,NA,NA,NA,NA,NA,NA,NA,NA,NA,NA,NA,High,High,High,NA,NA,NA,NA,NA,225.507592,24.334686,1938.06959,0.911154,01:30:00,-0.418199,-0.666896,-0.616733,70.230771,60.866544,59.051365,-0.923991,156.00798700000001,-0.349374,-8.945396,0.349374,-0.155493,0.923991,69.287674,-67.516705,0.155493,-0.155493,-156.00798700000001,67.516705,0.923991,8.945396,-69.287674,-0.923991,0.155493,0.349374,-0.349374,NA,NA,NA,NA,NA,NA,NA,NA,NA,NA,NA
NA,NA,NA,NA,NA,NA,NA,NA,NA,NA,NA,NA,NA,NA,NA,NA,80,2026-02-10,13:40:22,6,2,"Rasic, Anthony",1000289210,Right,ORA_COA,"Thompson, Dayton",NA,Right,MT._SAN,Undefined,3,Top,2,1,0,Cutter,Curveball,BallCalled,Undefined,Undefined,Undefined,0,0,NA,75.26513,1.540971,-2.125464,2347.141294,35.037571,07:15:00,5.83413,0.52793,5.85374,-58.24755,-8.12591,-6.92233,2.41331,-2.02473,68.46007,-9.149175,-3.367552,0.509547,NA,NA,NA,NA,NA,NA,NA,NA,NA,NA,NA,2.8198,-4.03721,-0.35131,50,5.92618,4.3063,-109.14746,1.10656,3.3473,22.07394,-36.96645,ORA_COA,MT._SAN,JohnAltobelliPark,JUCO,NJCAA,20260210-JohnAltobelliPark-1,1aa1cac0-06c9-11f1-9622-2f53c37c9706,73.97249,NA,NA,6.80507,NA,NA,NA,NA,NA,NA,f8462b57-8140-48a2-876f-4518772dfcbd,2026-02-10,21:40:22,2026-02-10T21:40:22Z,2026-02-10T21:40:22Z,NA,v3,NA,NA,NA,"Barnes, Flynn",1000398235,Right,ORA_COA,af8ef722-5bc2-43d7-8cbd-623c0c0a748b,54.64605,-110.08307,11.03697,5.84607,2.67338,-18.48323,-0.53082,4.16443,1.67365,NA,NA,NA,NA,NA,NA,NA,NA,NA,NA,NA,NA,NA,NA,NA,NA,NA,NA,NA,NA,NA,NA,NA,NA,NA,NA,NA,NA,NA,NA,NA,NA,NA,NA,NA,NA,NA,NA,NA,NA,NA,NA,NA,NA,NA,NA,NA,NA,NA,NA,High,High,High,NA,NA,NA,NA,NA,24.763887,57.905746,1247.068137,0.531314,06:45:00,-0.822412,0.245258,0.51331,116.112181,-22.101411,33.204193,-0.325754,160.214965,-0.889644,-18.664675,0.889644,-0.320029,0.325754,20.110836,-19.01127,0.320029,-0.320029,-160.214965,19.01127,0.325754,18.664675,-20.110836,-0.325754,0.320029,0.889644,-0.889644,NA,NA,NA,NA,NA,NA,NA,NA,NA,NA,NA
NA,NA,NA,NA,NA,NA,NA,NA,NA,NA,NA,NA,NA,NA,NA,NA,81,2026-02-10,13:40:47,6,3,"Rasic, Anthony",1000289210,Right,ORA_COA,"Thompson, Dayton",NA,Right,MT._SAN,Undefined,3,Top,2,2,0,Fastball,Changeup,FoulBallNotFieldable,Undefined,Undefined,Undefined,0,0,NA,85.27778,-0.825419,-3.266489,2117.583703,246.307577,02:15:00,5.77571,0.78844,6.30837,-27.94966,10.29997,20.41879,2.68488,-0.52243,77.26391,-6.094214,0.423661,0.445128,73.70668,67.224927,79.080031,5172.060318,NA,NA,NA,NA,33.6553,NA,NA,-11.66229,5.99985,-0.55829,50,5.70178,6.27977,-123.70822,-2.6092,-17.86228,27.35959,-22.98452,ORA_COA,MT._SAN,JohnAltobelliPark,JUCO,NJCAA,20260210-JohnAltobelliPark-1,294de540-06c9-11f1-9622-2f53c37c9706,84.67774,76.09496,NA,8.01387,NA,NA,NA,2.01647,2.74856,0.52665,f8462b57-8140-48a2-876f-4518772dfcbd,2026-02-10,21:40:47,2026-02-10T21:40:47Z,2026-02-10T21:40:47Z,NA,v3,NA,NA,NA,"Barnes, Flynn",1000398235,Right,ORA_COA,2f9d64c4-c6e8-4424-8015-0bb206cf6506,54.1916,-124.6318,13.67979,5.77677,-1.83332,-11.49226,-0.78046,6.88274,-8.93114,NA,2.01647,7.9278,-7.89991,2.60299,-0.99099,1.2591,-1.82385,1.43964,-0.4429,2.74856,99.67431,-25.38093,2.75879,-0.42908,-0.16139,0.38672,-0.32401,0.10165,0.52665,41.09055,-8.16374,2.13862,-0.63919,0.68098,-0.95894,0.75309,-0.23116,NA,NA,NA,NA,NA,NA,NA,NA,NA,NA,NA,NA,NA,NA,NA,NA,NA,NA,NA,NA,NA,NA,High,High,High,Low,Undefined,NA,NA,NA,229.233029,25.9645,1903.846425,0.899065,01:45:00,-0.460716,-0.687163,-0.561736,64.562535,64.889199,52.087025,-0.915313,156.811379,-0.370207,-9.124711,0.370207,-0.158584,0.915313,67.978662,-66.250217,0.158584,-0.158584,-156.811379,66.250217,0.915313,9.124711,-67.978662,-0.915313,0.158584,0.370207,-0.370207,NA,NA,NA,NA,NA,NA,NA,NA,NA,NA,NA
NA,NA,NA,NA,NA,NA,NA,NA,NA,NA,NA,NA,NA,NA,NA,NA,82,2026-02-10,13:41:17,6,4,"Rasic, Anthony",1000289210,Right,ORA_COA,"Thompson, Dayton",NA,Right,MT._SAN,Undefined,3,Top,2,2,1,Fastball,Four-Seam,InPlay,Undefined,LineDrive,Out,1,0,NA,85.09458,-2.311937,-2.665024,2105.738356,228.056507,01:30:00,5.79863,0.63111,6.53893,-20.97127,17.14013,17.56666,1.92706,-0.35114,77.1072,-6.332149,0.5249,0.444323,89.36999,23.239062,13.699267,3757.161672,105.4306,38.76431,31.37336,291.70027,283.79553,21.08514,3.66341,-10.04406,10.11154,-0.45327,50,5.62907,5.09197,-123.43712,-5.51835,-15.30964,27.34098,-16.76159,ORA_COA,MT._SAN,JohnAltobelliPark,JUCO,NJCAA,20260210-JohnAltobelliPark-1,3b1d5fd0-06c9-11f1-9622-2f53c37c9706,84.83112,45.08334,NA,7.98738,NA,NA,NA,0.95924,1.88218,0.31838,f8462b57-8140-48a2-876f-4518772dfcbd,2026-02-10,21:41:17,2026-02-10T21:41:17Z,2026-02-10T21:41:17Z,LineDrive,v3,NA,NA,NA,"Barnes, Flynn",1000398235,Right,ORA_COA,5582007d-1f26-4478-8d9a-5267333f5b9b,53.95985,-124.31112,13.67049,5.79692,-4.98254,-8.38079,-0.62387,5.58137,-7.65482,218.011541,0.95906,117.01728,-21.19492,4.58284,-0.93821,0.18415,-0.03347,0.00416,-2.1e-4,1.88233,51.71713,-16.78813,0.93865,-0.14414,0.03999,-0.01233,0.00307,-3.1e-4,0.31836,28.52697,1.58328,-0.94787,0.22237,-0.02424,-0.00179,0.00102,-1e-4,NA,NA,NA,NA,NA,NA,NA,NA,NA,NA,NA,NA,NA,NA,NA,NA,NA,NA,NA,NA,NA,NA,High,High,High,High,High,NA,NA,NA,224.094375,29.248816,1837.269561,0.872506,01:30:00,-0.492349,-0.626343,-0.60439,61.887421,62.921217,41.503971,-0.925648,151.379239,-0.332151,-10.442615,0.332151,-0.181251,0.925648,70.260461,-67.766259,0.181251,-0.181251,-151.379239,67.766259,0.925648,10.442615,-70.260461,-0.925648,0.181251,0.332151,-0.332151,NA,NA,NA,NA,NA,NA,NA,NA,NA,NA,NA
NA,NA,NA,NA,NA,NA,NA,NA,NA,NA,NA,NA,NA,NA,NA,NA,83,2026-02-10,13:43:24,1,1,"Polk, Kian",NA,Right,MT._SAN,"Covington, Tyler",1000398214,Right,ORA_COA,Undefined,3,Bottom,0,0,0,Fastball,Changeup,BallCalled,Undefined,Undefined,Undefined,0,0,NA,81.78859,-0.494582,-5.258183,1742.627392,248.579152,02:15:00,5.60407,0.82538,5.95309,-32.71132,9.35662,20.2556,2.41748,-2.37697,74.51922,-6.580657,-1.636515,0.466817,NA,NA,NA,NA,NA,NA,NA,NA,NA,NA,NA,-11.80481,5.38071,-0.41712,50,5.54643,10.09063,-118.33622,-2.03862,-16.68944,23.20787,-24.56688,ORA_COA,MT._SAN,JohnAltobelliPark,JUCO,NJCAA,20260210-JohnAltobelliPark-1,8744eb30-06c9-11f1-9622-2f53c37c9706,80.74344,NA,NA,7.26936,NA,NA,NA,NA,NA,NA,f8462b57-8140-48a2-876f-4518772dfcbd,2026-02-10,21:43:24,2026-02-10T21:43:24Z,2026-02-10T21:43:24Z,NA,v3,NA,NA,NA,"Fielder, M",NA,Right,MT._SAN,c5f1ed90-d7e7-40f2-a5e0-05931b21b6f4,54.54596,-119.22443,11.60393,5.60646,-1.0984,-12.28344,-0.81552,10.72936,-8.34472,NA,NA,NA,NA,NA,NA,NA,NA,NA,NA,NA,NA,NA,NA,NA,NA,NA,NA,NA,NA,NA,NA,NA,NA,NA,NA,NA,NA,NA,NA,NA,NA,NA,NA,NA,NA,NA,NA,NA,NA,NA,NA,NA,NA,NA,NA,NA,NA,NA,NA,High,High,High,NA,NA,NA,NA,NA,238.809023,13.45528,1694.795462,0.972552,02:00:00,-0.270706,-0.833943,-0.480892,34.159397,58.766568,26.518234,-0.952488,162.246127,-0.29007,-5.328962,0.29007,-0.092874,0.952488,73.062427,-72.267356,0.092874,-0.092874,-162.246127,72.267356,0.952488,5.328962,-73.062427,-0.952488,0.092874,0.29007,-0.29007,NA,NA,NA,NA,NA,NA,NA,NA,NA,NA,NA
NA,NA,NA,NA,NA,NA,NA,NA,NA,NA,NA,NA,NA,NA,NA,NA,84,2026-02-10,13:43:37,1,2,"Polk, Kian",NA,Right,MT._SAN,"Covington, Tyler",1000398214,Right,ORA_COA,Undefined,3,Bottom,0,1,0,Fastball,Changeup,BallCalled,Undefined,Undefined,Undefined,0,0,NA,82.40386,-2.153138,-4.82428,1852.970688,244.214598,02:15:00,5.49793,1.11092,6.00303,-29.92226,11.3043,20.60911,1.00137,-1.65221,75.49894,-7.718295,-1.12978,0.462125,NA,NA,NA,NA,NA,NA,NA,NA,NA,NA,NA,-11.98347,6.81233,-0.74223,50,5.31151,9.28717,-119.30126,-5.40833,-17.26656,23.00379,-22.35842,ORA_COA,MT._SAN,JohnAltobelliPark,JUCO,NJCAA,20260210-JohnAltobelliPark-1,8ef8cfe0-06c9-11f1-9622-2f53c37c9706,81.56322,NA,NA,6.90492,NA,NA,NA,NA,NA,NA,f8462b57-8140-48a2-876f-4518772dfcbd,2026-02-10,21:43:37,2026-02-10T21:43:37Z,2026-02-10T21:43:37Z,NA,v3,NA,NA,NA,"Fielder, M",NA,Right,MT._SAN,d7867969-f499-4287-aed1-39745dbda9b5,54.49817,-120.16547,11.50189,5.49891,-4.56836,-11.17921,-1.10332,9.93584,-8.63328,NA,NA,NA,NA,NA,NA,NA,NA,NA,NA,NA,NA,NA,NA,NA,NA,NA,NA,NA,NA,NA,NA,NA,NA,NA,NA,NA,NA,NA,NA,NA,NA,NA,NA,NA,NA,NA,NA,NA,NA,NA,NA,NA,NA,NA,NA,NA,NA,NA,NA,High,High,High,NA,NA,NA,NA,NA,238.321405,7.07071,1838.878837,0.992395,02:00:00,-0.134784,-0.848564,-0.511637,88.648332,25.905998,-79.587335,-0.952289,158.30477,-0.283579,-6.478053,0.283579,-0.112823,0.952289,73.417139,-72.229882,0.112823,-0.112823,-158.30477,72.229882,0.952289,6.478053,-73.417139,-0.952289,0.112823,0.283579,-0.283579,NA,NA,NA,NA,NA,NA,NA,NA,NA,NA,NA
NA,NA,NA,NA,NA,NA,NA,NA,NA,NA,NA,NA,NA,NA,NA,NA,85,2026-02-10,13:43:52,1,3,"Polk, Kian",NA,Right,MT._SAN,"Covington, Tyler",1000398214,Right,ORA_COA,Undefined,3,Bottom,0,2,0,Fastball,Changeup,InPlay,Undefined,LineDrive,Single,0,0,NA,80.5888,-0.702571,-3.847938,1788.267799,245.738272,02:15:00,5.49994,1.07706,5.84055,-33.00222,10.20819,19.57044,2.09529,-0.8737,73.80873,-6.824846,-0.344944,0.473114,99.76098,1.682246,-4.021665,854.245769,NA,NA,NA,70.18918,61.21876,-5.021506,0.50843,-11.10552,5.82032,-0.77495,50,5.42314,7.11622,-116.86258,-2.45479,-15.357,22.03318,-24.12555,ORA_COA,MT._SAN,JohnAltobelliPark,JUCO,NJCAA,20260210-JohnAltobelliPark-1,980a21b0-06c9-11f1-9622-2f53c37c9706,79.66888,2.31798,NA,6.78007,NA,NA,NA,1.07712,2.04682,0.88397,f8462b57-8140-48a2-876f-4518772dfcbd,2026-02-10,21:43:52,2026-02-10T21:43:52Z,2026-02-10T21:43:52Z,GroundBall,v3,NA,NA,NA,"Fielder, M",NA,Right,MT._SAN,e4a50c4a-f746-4434-bf23-e6981da5a5a6,54.66035,-117.73796,11.01659,5.50163,-1.49628,-12.06278,-1.0698,7.72636,-7.6785,87.18654,1.09732,145.35932,-19.73567,NA,NA,NA,NA,NA,NA,2.05595,4.05432,-15.961,NA,NA,NA,NA,NA,NA,0.89636,-10.58645,-6.45662,NA,NA,NA,NA,NA,NA,NA,NA,NA,NA,NA,NA,NA,NA,NA,NA,NA,NA,NA,NA,NA,NA,NA,NA,NA,NA,NA,NA,High,High,High,High,High,NA,NA,NA,243.447164,5.575555,1779.807401,0.995269,02:00:00,-0.115897,-0.891415,-0.438118,96.927317,21.17768,-82.988222,-0.970135,164.181406,-0.23338,-3.791266,0.23338,-0.066122,0.970135,76.473667,-75.961935,0.066122,-0.066122,-164.181406,75.961935,0.970135,3.791266,-76.473667,-0.970135,0.066122,0.23338,-0.23338,NA,NA,NA,NA,NA,NA,NA,NA,NA,NA,NA
NA,NA,NA,NA,NA,NA,NA,NA,NA,NA,NA,NA,NA,NA,NA,NA,86,2026-02-10,13:44:25,2,1,"Polk, Kian",NA,Right,MT._SAN,"Boynton, Zach",1000398241,Left,ORA_COA,Undefined,3,Bottom,0,0,0,Slider,Slider,StrikeSwinging,Undefined,Undefined,Undefined,0,0,NA,72.19374,1.168405,-1.557142,2058.654373,119.486371,10:00:00,5.38953,1.47565,5.51571,-51.92578,3.28524,-2.30555,2.15547,-0.17286,65.45646,-8.376789,-1.968211,0.534791,NA,NA,NA,NA,NA,NA,NA,NA,NA,NA,NA,0.65201,1.89772,-1.33839,50,5.45708,2.92815,-104.60338,0.55497,0.71098,20.24501,-30.10464,ORA_COA,MT._SAN,JohnAltobelliPark,JUCO,NJCAA,20260210-JohnAltobelliPark-1,ab6b5fd0-06c9-11f1-9622-2f53c37c9706,70.48065,NA,NA,6.73728,NA,NA,NA,NA,NA,NA,f8462b57-8140-48a2-876f-4518772dfcbd,2026-02-10,21:44:25,2026-02-10T21:44:25Z,2026-02-10T21:44:25Z,NA,v3,NA,NA,NA,"Fielder, M",NA,Right,MT._SAN,a6371542-25ff-4f7d-b417-9fd8ebb12315,54.98092,-105.56299,10.12251,5.39696,1.98192,-15.05232,-1.47638,2.89445,0.35549,NA,NA,NA,NA,NA,NA,NA,NA,NA,NA,NA,NA,NA,NA,NA,NA,NA,NA,NA,NA,NA,NA,NA,NA,NA,NA,NA,NA,NA,NA,NA,NA,NA,NA,NA,NA,NA,NA,NA,NA,NA,NA,NA,NA,NA,NA,NA,NA,NA,NA,High,High,High,NA,NA,NA,NA,NA,106.642601,80.630153,335.162818,0.162807,09:30:00,-0.984176,0.176073,-0.019891,46.031421,50.820427,-12.011009,0.58921,130.312415,-0.522726,38.032417,0.522726,-0.616107,-0.58921,48.421705,36.100998,0.616107,0.616107,-130.312415,-36.100998,0.58921,-38.032417,-48.421705,-0.58921,-0.616107,0.522726,-0.522726,NA,NA,NA,NA,NA,NA,NA,NA,NA,NA,NA
NA,NA,NA,NA,NA,NA,NA,NA,NA,NA,NA,NA,NA,NA,NA,NA,87,2026-02-10,13:44:57,2,2,"Polk, Kian",NA,Right,MT._SAN,"Boynton, Zach",1000398241,Left,ORA_COA,Undefined,3,Bottom,0,0,1,Fastball,Changeup,BallCalled,Undefined,Undefined,Undefined,0,0,NA,81.4032,0.626192,-3.461781,1797.455427,241.18254,02:00:00,5.52202,1.21966,5.82342,-29.55462,13.38268,21.50214,3.6424,-0.21081,73.31807,-4.930324,0.385019,0.471616,NA,NA,NA,NA,NA,NA,NA,NA,NA,NA,NA,-11.95131,7.07768,-0.9486,50,5.55612,6.25909,-117.8862,0.40054,-16.58517,25.30832,-22.35214,ORA_COA,MT._SAN,JohnAltobelliPark,JUCO,NJCAA,20260210-JohnAltobelliPark-1,be9699d0-06c9-11f1-9622-2f53c37c9706,79.92185,NA,NA,8.08513,NA,NA,NA,NA,NA,NA,f8462b57-8140-48a2-876f-4518772dfcbd,2026-02-10,21:44:57,2026-02-10T21:44:57Z,2026-02-10T21:44:57Z,NA,v3,NA,NA,NA,"Fielder, M",NA,Right,MT._SAN,a35a0680-2223-4645-b529-792b13521974,54.67342,-118.88528,12.65416,5.52289,1.28292,-11.17607,-1.20861,6.91381,-8.29259,NA,NA,NA,NA,NA,NA,NA,NA,NA,NA,NA,NA,NA,NA,NA,NA,NA,NA,NA,NA,NA,NA,NA,NA,NA,NA,NA,NA,NA,NA,NA,NA,NA,NA,NA,NA,NA,NA,NA,NA,NA,NA,NA,NA,NA,NA,NA,NA,NA,NA,High,High,High,NA,NA,NA,NA,NA,239.68659,13.181817,1750.094853,0.973651,02:00:00,-0.266455,-0.837989,-0.47621,-97.143731,-16.2566,88.43848,-0.944585,144.975569,-0.268821,-10.859498,0.268821,-0.188401,0.944585,74.114094,-70.836334,0.188401,-0.188401,-144.975569,70.836334,0.944585,10.859498,-74.114094,-0.944585,0.188401,0.268821,-0.268821,NA,NA,NA,NA,NA,NA,NA,NA,NA,NA,NA
NA,NA,NA,NA,NA,NA,NA,NA,NA,NA,NA,NA,NA,NA,NA,NA,88,2026-02-10,13:45:17,2,3,"Polk, Kian",NA,Right,MT._SAN,"Boynton, Zach",1000398241,Left,ORA_COA,Undefined,3,Bottom,0,1,1,Slider,Slider,InPlay,Undefined,FlyBall,Out,1,0,NA,71.75415,2.028994,-1.489782,2120.761473,132.239303,10:30:00,5.32557,1.44326,5.51515,-51.77341,4.0113,-2.26496,2.90981,-0.13885,65.06936,-7.500293,-1.893281,0.537563,78.04925,44.464411,-21.442434,NA,96.83638,79.21891,-52.17919,257.70039,168.8767,-36.006036,4.650509,0.67284,1.92225,-1.31184,50,5.46791,2.7849,-103.97059,2.13621,0.72649,19.63816,-30.09849,ORA_COA,MT._SAN,JohnAltobelliPark,JUCO,NJCAA,20260210-JohnAltobelliPark-1,ca856910-06c9-11f1-9622-2f53c37c9706,70.11731,84.25415,NA,6.6848,NA,NA,NA,1.3044,2.92805,0.17199,f8462b57-8140-48a2-876f-4518772dfcbd,2026-02-10,21:45:17,2026-02-10T21:45:17Z,2026-02-10T21:45:17Z,FlyBall,v3,NA,NA,NA,"Fielder, M",NA,Right,MT._SAN,724ce100-7f25-4680-a128-643bf14c349c,54.98314,-104.90759,9.81908,5.33173,3.57231,-15.04925,-1.44389,2.75024,0.36324,132.205298,1.29896,76.19472,-15.10353,5.02394,-2.53344,1.18572,-0.35093,0.05442,-0.00334,2.93569,80.01988,-22.468139999999998,1.04684,0.63913,-0.42128,0.11177,-0.01363,6.1e-4,0.1578,-29.53928,-4.68732,4.20318,-2.97968,1.38617,-0.37238,0.05192,-0.00289,NA,NA,NA,NA,NA,NA,NA,NA,NA,NA,NA,NA,NA,NA,NA,NA,NA,NA,NA,NA,NA,NA,High,High,High,High,Medium,NA,NA,NA,91.661068,78.554889,420.820753,0.198429,09:00:00,-0.972299,0.232923,0.019533,35.192695,52.870048,-23.071263,0.58245,131.311523,-0.536616,37.630716,0.536616,-0.61057,-0.58245,47.345334,35.623014,0.61057,0.61057,-131.311523,-35.623014,0.58245,-37.630716,-47.345334,-0.58245,-0.61057,0.536616,-0.536616,NA,NA,NA,NA,NA,NA,NA,NA,NA,NA,NA
NA,NA,NA,NA,NA,NA,NA,NA,NA,NA,NA,NA,NA,NA,NA,NA,89,2026-02-10,13:45:52,3,1,"Polk, Kian",NA,Right,MT._SAN,"Chorbagian, Andrew",1000398220,Right,ORA_COA,Undefined,3,Bottom,1,0,0,Fastball,Changeup,StrikeCalled,Undefined,Undefined,Undefined,1,0,Caught Stealing,81.58834,0.168572,-3.638074,1842.157959,254.690293,02:30:00,5.64009,1.06139,5.9443,-34.76132,7.8928,23.07489,2.9,-0.39485,73.46618,-6.327672,0.501573,0.470058,NA,NA,NA,NA,NA,NA,NA,NA,NA,NA,NA,-12.91922,4.46748,-0.78377,50,5.63437,6.59402,-118.16371,-0.73342,-17.95577,26.08361,-25.96491,ORA_COA,MT._SAN,JohnAltobelliPark,JUCO,NJCAA,20260210-JohnAltobelliPark-1,def5f450-06c9-11f1-9622-2f53c37c9706,80.18671,NA,NA,8.12217,NA,NA,NA,NA,NA,NA,f8462b57-8140-48a2-876f-4518772dfcbd,2026-02-10,21:45:52,2026-02-10T21:45:52Z,2026-02-10T21:45:52Z,NA,v3,NA,NA,NA,"Fielder, M",NA,Right,MT._SAN,f914e7ba-f219-49ce-bc4d-9e1dcafc72fb,54.55367,-119.16465,13.0418,5.6434,0.26297,-12.98245,-1.05003,7.28306,-8.97788,NA,NA,NA,NA,NA,NA,NA,NA,NA,NA,NA,NA,NA,NA,NA,NA,NA,NA,NA,NA,NA,NA,NA,NA,NA,NA,NA,NA,74.46233,2.108348,0.763085,1.345264,-0.62507,2.66851,0.37414,-0.77685,6.0078,2.15817,127.28675,4.42064,-0.16632,-0.63256,106.52483,-8.59828,6.03849,15.41307,-12.37581,2.15083,-2.22398,0.3777,High,High,High,NA,NA,High,High,High,235.786431,16.273571,1768.351258,0.959935,01:45:00,-0.316238,-0.792988,-0.520734,54.493207,67.993468,49.510809,-0.928302,151.040443,-0.325335,-10.371872,0.325335,-0.180036,0.928302,70.686324,-68.171593,0.180036,-0.180036,-151.040443,68.171593,0.928302,10.371872,-70.686324,-0.928302,0.180036,0.325335,-0.325335,NA,NA,NA,NA,NA,NA,NA,NA,NA,NA,NA
NA,NA,NA,NA,NA,NA,NA,NA,NA,NA,NA,NA,NA,NA,NA,NA,90,2026-02-10,13:46:21,3,2,"Polk, Kian",NA,Right,MT._SAN,"Chorbagian, Andrew",1000398220,Right,ORA_COA,Undefined,3,Bottom,2,0,1,Fastball,Changeup,InPlay,Undefined,LineDrive,Single,0,0,NA,82.40344,-1.399429,-4.137652,1716.522358,238.349942,02:00:00,5.46805,1.1438,6.01037,-27.40875,14.14146,20.53005,1.88387,-0.98527,74.60878,-6.557254,-0.45374,0.463936,102.34238,7.339476,-2.801296,6297.315387,109.9052,7.8882,-4.56562,182.76779,182.76779,-2.885956,1.443716,-11.85973,8.13473,-0.82976,50,5.34303,7.83986,-119.3208,-3.72304,-16.90208,25.4155,-20.58073,ORA_COA,MT._SAN,JohnAltobelliPark,JUCO,NJCAA,20260210-JohnAltobelliPark-1,f0b56950-06c9-11f1-9622-2f53c37c9706,81.2449,8.17594,NA,7.79466,NA,NA,NA,1.70751,1.9592,0.97947,f8462b57-8140-48a2-876f-4518772dfcbd,2026-02-10,21:46:21,2026-02-10T21:46:21Z,2026-02-10T21:46:21Z,LineDrive,v3,NA,NA,NA,"Fielder, M",NA,Right,MT._SAN,e55b013e-adc6-42e6-aac1-6e0c97fd226a,54.48896,-120.27315,12.70775,5.46808,-2.95185,-10.29037,-1.1354,8.4732,-8.45104,180.071792,1.70751,148.69422,-20.42009,3.77991,-0.77269,0.13845,-0.02126,0.00185,3e-5,1.9592,19.17518,-15.30807,0.86478,-0.10258,0.02231,-0.00583,0.00205,-3.4e-4,0.97947,-7.27581,1.13037,-1.01935,0.32174,-0.07046,0.00788,0.0011,-4e-4,NA,NA,NA,NA,NA,NA,NA,NA,NA,NA,NA,NA,NA,NA,NA,NA,NA,NA,NA,NA,NA,NA,High,High,High,High,High,NA,NA,NA,240.42059,13.223749,1671.007342,0.973484,02:00:00,-0.24214,-0.851946,-0.464279,47.937107,66.385226,43.355389,-0.959374,154.655575,-0.254981,-6.936598,0.254981,-0.120771,0.959374,75.116106,-73.612248,0.120771,-0.120771,-154.655575,73.612248,0.959374,6.936598,-75.116106,-0.959374,0.120771,0.254981,-0.254981,NA,NA,NA,NA,NA,NA,NA,NA,NA,NA,NA
NA,NA,NA,NA,NA,NA,NA,NA,NA,NA,NA,NA,NA,NA,NA,NA,91,2026-02-10,13:46:56,4,1,"Polk, Kian",NA,Right,MT._SAN,"Wood, Jake",1000511810,Right,ORA_COA,Undefined,3,Bottom,2,0,0,Slider,Slider,StrikeCalled,Undefined,Undefined,Undefined,0,0,NA,70.5949,1.956154,-1.823527,2046.978144,133.924704,10:30:00,5.47553,1.2713,5.50519,-53.41782,4.34847,-2.38138,2.85517,-0.63317,63.97361,-7.873347,-2.24757,0.547027,NA,NA,NA,NA,NA,NA,NA,NA,NA,NA,NA,0.61008,2.18878,-1.11041,50,5.61096,3.3404,-102.24154,1.91192,0.63623,19.1819,-29.89145,ORA_COA,MT._SAN,JohnAltobelliPark,JUCO,NJCAA,20260210-JohnAltobelliPark-1,05547ea0-06ca-11f1-9622-2f53c37c9706,68.90418,NA,NA,6.62129,NA,NA,NA,NA,NA,NA,f8462b57-8140-48a2-876f-4518772dfcbd,2026-02-10,21:46:56,2026-02-10T21:46:56Z,2026-02-10T21:46:56Z,NA,v3,NA,NA,NA,"Fielder, M",NA,Right,MT._SAN,c84f08c6-b9af-40ff-a1c5-75116344dd10,54.99161,-103.17378,9.59095,5.48274,3.36465,-14.94572,-1.272,3.30948,0.31811,NA,NA,NA,NA,NA,NA,NA,NA,NA,NA,NA,NA,NA,NA,NA,NA,NA,NA,NA,NA,NA,NA,NA,NA,NA,NA,NA,NA,NA,NA,NA,NA,NA,NA,NA,NA,NA,NA,NA,NA,NA,NA,NA,NA,NA,NA,NA,NA,NA,NA,High,High,High,NA,NA,NA,NA,NA,89.053576,77.023052,459.667395,0.224559,09:00:00,-0.965621,0.25766,0.034454,56.292382,50.450574,-10.537415,0.578381,125.903986,-0.478389,41.358747,0.478389,-0.660772,-0.578381,50.405273,35.33677,0.660772,0.660772,-125.903986,-35.33677,0.578381,-41.358747,-50.405273,-0.578381,-0.660772,0.478389,-0.478389,NA,NA,NA,NA,NA,NA,NA,NA,NA,NA,NA
NA,NA,NA,NA,NA,NA,NA,NA,NA,NA,NA,NA,NA,NA,NA,NA,92,2026-02-10,13:47:12,4,2,"Polk, Kian",NA,Right,MT._SAN,"Wood, Jake",1000511810,Right,ORA_COA,Undefined,3,Bottom,2,0,1,Slider,Slider,BallCalled,Undefined,Undefined,Undefined,0,0,NA,70.9471,0.510688,-2.092522,2020.245387,128.728414,10:15:00,5.43421,1.21029,5.54751,-52.75849,4.7654,-3.20768,1.51525,-1.01336,64.04599,-9.201469,-2.664694,0.545878,NA,NA,NA,NA,NA,NA,NA,NA,NA,NA,NA,0.88886,2.88917,-1.02691,50,5.44416,3.8679,-102.70688,-0.64018,0.92738,20.69367,-29.1596,ORA_COA,MT._SAN,JohnAltobelliPark,JUCO,NJCAA,20260210-JohnAltobelliPark-1,0efd7c90-06ca-11f1-9622-2f53c37c9706,69.04922,NA,NA,6.90111,NA,NA,NA,NA,NA,NA,f8462b57-8140-48a2-876f-4518772dfcbd,2026-02-10,21:47:12,2026-02-10T21:47:12Z,2026-02-10T21:47:12Z,NA,v3,NA,NA,NA,"Fielder, M",NA,Right,MT._SAN,aa968d92-dda9-4b35-908c-02ecd2e0b8ba,54.94813,-103.69905,10.34684,5.44134,0.75789,-14.5798,-1.21129,3.82344,0.46369,NA,NA,NA,NA,NA,NA,NA,NA,NA,NA,NA,NA,NA,NA,NA,NA,NA,NA,NA,NA,NA,NA,NA,NA,NA,NA,NA,NA,NA,NA,NA,NA,NA,NA,NA,NA,NA,NA,NA,NA,NA,NA,NA,NA,NA,NA,NA,NA,NA,NA,High,High,High,NA,NA,NA,NA,NA,84.784474,79.3005,375.074817,0.185658,08:45:00,-0.979657,0.19364,0.052682,31.976381,49.567021,-27.172826,0.602489,123.886827,-0.444999,41.495242,0.444999,-0.662558,-0.602489,53.550356,37.048351,0.662558,0.662558,-123.886827,-37.048351,0.602489,-41.495242,-53.550356,-0.602489,-0.662558,0.444999,-0.444999,NA,NA,NA,NA,NA,NA,NA,NA,NA,NA,NA
NA,NA,NA,NA,NA,NA,NA,NA,NA,NA,NA,NA,NA,NA,NA,NA,93,2026-02-10,13:47:31,4,3,"Polk, Kian",NA,Right,MT._SAN,"Wood, Jake",1000511810,Right,ORA_COA,Undefined,3,Bottom,2,1,1,Slider,Slider,InPlay,Undefined,LineDrive,Double,0,1,NA,71.81803,0.961608,-2.017527,2115.173741,127.586694,10:15:00,5.42226,1.43103,5.39317,-51.41629,5.72614,-4.34213,2.03944,-0.82242,63.97227,-8.536039,-2.7894,0.544065,98.28247,14.091686,-16.494348,1222.513961,105.74328,22.32559,-30.30285,291.23336,291.23336,-17.051007,2.731622,1.41587,3.12272,-1.24765,50,5.47264,3.81571,-103.81183,0.20001,1.48979,23.17004,-28.88836,ORA_COA,MT._SAN,JohnAltobelliPark,JUCO,NJCAA,20260210-JohnAltobelliPark-1,1a8a55b0-06ca-11f1-9622-2f53c37c9706,69.27929,25.00458,NA,7.84576,NA,NA,NA,3.23393,2.3099,0.7502,f8462b57-8140-48a2-876f-4518772dfcbd,2026-02-10,21:47:31,2026-02-10T21:47:31Z,2026-02-10T21:47:31Z,LineDrive,v3,NA,NA,NA,"Fielder, M",NA,Right,MT._SAN,f5f6fe82-cbd1-4afa-93ed-c6813a52d2c0,55.1023,-104.94445,11.58502,5.42834,1.61216,-14.44418,-1.43239,3.74288,0.74489,170.70845,3.23393,134.05614,-20.07185,4.53991,-0.94404,0.18966,-0.03388,0.00425,-2.6e-4,2.30991,35.09571,-13.88531,0.16613,0.10494,-0.04814,0.01192,-0.00146,7e-5,0.7502,-39.6948,4.72332,-0.95974,0.17555,-0.03099,0.00513,-6.2e-4,4e-5,NA,NA,NA,NA,NA,NA,NA,NA,NA,NA,NA,NA,NA,NA,NA,NA,NA,NA,NA,NA,NA,NA,High,High,High,High,High,NA,NA,NA,100.028221,80.506997,348.84959,0.164927,09:15:00,-0.983843,0.178937,0.005921,42.288812,50.944663,-15.190991,0.581185,128.998762,-0.512109,39.229637,0.512109,-0.63243,-0.581185,48.615241,35.533959,0.63243,0.63243,-128.998762,-35.533959,0.581185,-39.229637,-48.615241,-0.581185,-0.63243,0.512109,-0.512109,NA,NA,NA,NA,NA,NA,NA,NA,NA,NA,NA
NA,NA,NA,NA,NA,NA,NA,NA,NA,NA,NA,NA,NA,NA,NA,NA,94,2026-02-10,13:48:26,5,1,"Polk, Kian",NA,Right,MT._SAN,"Barnes, Flynn",1000398235,Right,ORA_COA,Undefined,3,Bottom,2,0,0,Slider,Slider,FoulBallNotFieldable,Undefined,Undefined,Undefined,0,0,NA,71.48111,1.750485,-1.623628,2056.549924,118.065843,10:00:00,5.53419,1.3458,5.42022,-53.1296,4.1167299999999996,-3.46815,2.74762,-0.46452,63.98048,-8.050371,-2.240443,0.544559,NA,NA,NA,NA,NA,NA,NA,NA,NA,NA,NA,1.15886,2.0361,-1.19906,50,5.65321,3.0568,-103.39865,1.56438,1.2184,21.8746,-30.03335,ORA_COA,MT._SAN,JohnAltobelliPark,JUCO,NJCAA,20260210-JohnAltobelliPark-1,3b50d670-06ca-11f1-9622-2f53c37c9706,69.21642,NA,NA,7.50062,NA,NA,NA,NA,NA,NA,f8462b57-8140-48a2-876f-4518772dfcbd,2026-02-10,21:48:26,2026-02-10T21:48:26Z,2026-02-10T21:48:26Z,NA,v3,NA,NA,NA,"Fielder, M",NA,Right,MT._SAN,3f6f164e-3c5a-4941-babf-1d91e80f21d3,55.07615,-104.46701,10.9373,5.54099,3.03123,-15.01668,-1.34691,2.99729,0.6092,NA,NA,NA,NA,NA,NA,NA,NA,NA,NA,NA,NA,NA,NA,NA,NA,NA,NA,NA,NA,NA,NA,NA,NA,NA,NA,NA,NA,NA,NA,NA,NA,NA,NA,NA,NA,NA,NA,NA,NA,NA,NA,NA,NA,NA,NA,NA,NA,NA,NA,High,High,High,NA,NA,NA,NA,NA,71.777504,75.000303,532.263781,0.258814,08:30:00,-0.955289,0.275226,0.108044,77.359,55.195556,4.337134,0.610428,128.404497,-0.492043,38.367496,0.492043,-0.620703,-0.610428,51.129029,37.620426,0.620703,0.620703,-128.404497,-37.620426,0.610428,-38.367496,-51.129029,-0.610428,-0.620703,0.492043,-0.492043,NA,NA,NA,NA,NA,NA,NA,NA,NA,NA,NA
NA,NA,NA,NA,NA,NA,NA,NA,NA,NA,NA,NA,NA,NA,NA,NA,95,2026-02-10,13:49:20,5,2,"Polk, Kian",NA,Right,MT._SAN,"Barnes, Flynn",1000398235,Right,ORA_COA,Undefined,3,Bottom,2,0,1,Fastball,Changeup,HitByPitch,Undefined,Undefined,Undefined,0,0,NA,82.78591,0.552482,-1.476007,1909.489635,243.386236,02:00:00,5.60607,1.25693,5.93406,-28.98017,12.19296,21.44978,3.70381,1.67473,74.80747,-4.896746,2.37662,0.461826,NA,NA,NA,NA,NA,NA,NA,NA,NA,NA,NA,-11.65599,6.47567,-1.15198,50,5.6339,2.28614,-120.17167,0.28615,-16.79117,26.52153,-22.84543,ORA_COA,MT._SAN,JohnAltobelliPark,JUCO,NJCAA,20260210-JohnAltobelliPark-1,5b14b440-06ca-11f1-9622-2f53c37c9706,81.61611,NA,NA,7.97845,NA,NA,NA,NA,NA,NA,f8462b57-8140-48a2-876f-4518772dfcbd,2026-02-10,21:49:20,2026-02-10T21:49:20Z,2026-02-10T21:49:20Z,NA,v3,NA,NA,NA,"Fielder, M",NA,Right,MT._SAN,a1134f82-c28b-4011-935e-add00d87dc8d,54.56718,-121.17544,13.26076,5.60671,1.15079,-11.42272,-1.25053,2.92164,-8.39559,NA,NA,NA,NA,NA,NA,NA,NA,NA,NA,NA,NA,NA,NA,NA,NA,NA,NA,NA,NA,NA,NA,NA,NA,NA,NA,NA,NA,NA,NA,NA,NA,NA,NA,NA,NA,NA,NA,NA,NA,NA,NA,NA,NA,NA,NA,NA,NA,NA,NA,High,High,High,NA,NA,NA,NA,NA,236.516602,17.026766,1825.793014,0.956168,02:00:00,-0.313983,-0.794627,-0.519598,-88.899947,-21.892314,81.128622,-0.967274,136.58138,-0.1843,-10.04361,0.1843,-0.174398,0.967274,79.212402,-75.301389,0.174398,-0.174398,-136.58138,75.301389,0.967274,10.04361,-79.212402,-0.967274,0.174398,0.1843,-0.1843,NA,NA,NA,NA,NA,NA,NA,NA,NA,NA,NA
NA,NA,NA,NA,NA,NA,NA,NA,NA,NA,NA,NA,NA,NA,NA,NA,96,2026-02-10,13:49:57,6,1,"Polk, Kian",NA,Right,MT._SAN,"Corridan, Kael",1000302588,Right,ORA_COA,Undefined,3,Bottom,2,0,0,Slider,Slider,FoulBallNotFieldable,Undefined,Undefined,Undefined,0,0,NA,73.38851,1.382201,-1.170514,2126.449308,198.794915,12:45:00,5.5134,1.16485,5.72939,-44.58026,8.81871,2.30323,3.08618,0.2665,65.8222,-6.924893,-0.758396,0.525942,56.97559,59.443881,162.365852,3718.585227,NA,NA,NA,NA,27.90247,NA,NA,-1.58295,4.56555,-1.06868,50,5.60168,2.089,-106.2912,1.27908,-1.76685,22.350460000000002,-27.07803,ORA_COA,MT._SAN,JohnAltobelliPark,JUCO,NJCAA,20260210-JohnAltobelliPark-1,7126ba80-06ca-11f1-9622-2f53c37c9706,71.66652,42.21359,NA,7.56632,NA,NA,NA,2.05717,3.39054,-0.23371,f8462b57-8140-48a2-876f-4518772dfcbd,2026-02-10,21:49:57,2026-02-10T21:49:57Z,2026-02-10T21:49:57Z,NA,v3,NA,NA,NA,"Fielder, M",NA,Right,MT._SAN,37ac741c-f260-440e-a11d-1d8421af9d24,54.76676,-107.28885,11.175230000000001,5.51762,2.48776,-13.53902,-1.16369,2.16786,-0.88343,350.249926,2.05717,-40.48654,0.0088,0.95852,-0.37158,1.33782,-2.87877,2.76173,-1.00644,3.39054,71.95942,-26.79325,2.9366,-0.78947,1.48653,-2.86106,2.63466,-0.93968,-0.23371,12.8696,-1.83026,0.14287,-0.00135,-0.17827,0.41306,-0.40424,0.14864,NA,NA,NA,NA,NA,NA,NA,NA,NA,NA,NA,NA,NA,NA,NA,NA,NA,NA,NA,NA,NA,NA,High,High,High,High,Undefined,NA,NA,NA,100.059209,83.870259,227.062664,0.10678,09:15:00,-0.991631,0.129092,0.001606,16.938038,44.545844,-24.244115,0.472095,129.184442,-0.556978,43.1022,0.556978,-0.683302,-0.472095,40.284609,28.170369,0.683302,0.683302,-129.184442,-28.170369,0.472095,-43.1022,-40.284609,-0.472095,-0.683302,0.556978,-0.556978,NA,NA,NA,NA,NA,NA,NA,NA,NA,NA,NA
NA,NA,NA,NA,NA,NA,NA,NA,NA,NA,NA,NA,NA,NA,NA,NA,97,2026-02-10,13:50:21,6,2,"Polk, Kian",NA,Right,MT._SAN,"Corridan, Kael",1000302588,Right,ORA_COA,Undefined,3,Bottom,2,0,1,Slider,Slider,StrikeCalled,Undefined,Undefined,Undefined,0,0,NA,73.28275,1.254418,-2.597115,2081.454903,101.240268,09:15:00,5.46278,1.16343,5.61455,-51.05526,3.18374,-5.05807,2.38036,-1.68372,65.50698,-8.187139,-3.499051,0.530063,NA,NA,NA,NA,NA,NA,NA,NA,NA,NA,NA,1.57583,1.84004,-0.93827,50,5.53809,4.99602,-105.94623,0.77026,1.73637,23.25265,-30.14655,ORA_COA,MT._SAN,JohnAltobelliPark,JUCO,NJCAA,20260210-JohnAltobelliPark-1,7f7795a0-06ca-11f1-9622-2f53c37c9706,71.1094,NA,NA,7.77578,NA,NA,NA,NA,NA,NA,f8462b57-8140-48a2-876f-4518772dfcbd,2026-02-10,21:50:21,2026-02-10T21:50:21Z,2026-02-10T21:50:21Z,NA,v3,NA,NA,NA,"Fielder, M",NA,Right,MT._SAN,a27170fc-030e-4172-a465-2d54b1387ab1,54.87913,-107.01172,11.62633,5.47114,2.15164,-15.07327,-1.16538,4.91646,0.86819,NA,NA,NA,NA,NA,NA,NA,NA,NA,NA,NA,NA,NA,NA,NA,NA,NA,NA,NA,NA,NA,NA,NA,NA,NA,NA,NA,NA,NA,NA,NA,NA,NA,NA,NA,NA,NA,NA,NA,NA,NA,NA,NA,NA,NA,NA,NA,NA,NA,NA,High,High,High,NA,NA,NA,NA,NA,91.222481,81.084645,322.573783,0.154975,09:00:00,-0.983428,0.17653,0.041298,29.445461,54.22582,-19.528318,0.522857,134.325724,-0.595617,37.575317,0.595617,-0.609804,-0.522857,41.277964,31.524081,0.609804,0.609804,-134.325724,-31.524081,0.522857,-37.575317,-41.277964,-0.522857,-0.609804,0.595617,-0.595617,NA,NA,NA,NA,NA,NA,NA,NA,NA,NA,NA
NA,NA,NA,NA,NA,NA,NA,NA,NA,NA,NA,NA,NA,NA,NA,NA,98,2026-02-10,13:50:45,6,3,"Polk, Kian",NA,Right,MT._SAN,"Corridan, Kael",1000302588,Right,ORA_COA,Undefined,3,Bottom,2,0,2,Slider,Slider,BallCalled,Undefined,Undefined,Undefined,0,0,NA,73.49997,0.234848,-3.943258,2221.04961,94.951147,09:15:00,5.53583,0.76733,5.46364,-51.497,2.72394,-6.88552,1.46474,-3.50307,66.09013,-9.208016,-5.165152,0.529974,NA,NA,NA,NA,NA,NA,NA,NA,NA,NA,NA,2.03689,1.88067,-0.41478,50,5.52183,7.57406,-106.17227,-1.15441,2.25775,23.07616,-30.08943,ORA_COA,MT._SAN,JohnAltobelliPark,JUCO,NJCAA,20260210-JohnAltobelliPark-1,8e250fb0-06ca-11f1-9622-2f53c37c9706,71.12124,NA,NA,7.40985,NA,NA,NA,NA,NA,NA,f8462b57-8140-48a2-876f-4518772dfcbd,2026-02-10,21:50:45,2026-02-10T21:50:45Z,2026-02-10T21:50:45Z,NA,v3,NA,NA,NA,"Fielder, M",NA,Right,MT._SAN,71a096e0-0474-4246-8795-c39dad29bebd,55.0327,-107.26053,11.53808,5.54282,0.26459,-15.04472,-0.76946,7.46759,1.12888,NA,NA,NA,NA,NA,NA,NA,NA,NA,NA,NA,NA,NA,NA,NA,NA,NA,NA,NA,NA,NA,NA,NA,NA,NA,NA,NA,NA,NA,NA,NA,NA,NA,NA,NA,NA,NA,NA,NA,NA,NA,NA,NA,NA,NA,NA,NA,NA,NA,NA,High,High,High,NA,NA,NA,NA,NA,70.928361,78.100344,457.976689,0.206198,08:15:00,-0.970755,0.198889,0.134451,58.119413,58.780856,4.410576,0.488516,135.772393,-0.625251,37.489516,0.625251,-0.608616,-0.488516,38.000934,29.24308,0.608616,0.608616,-135.772393,-29.24308,0.488516,-37.489516,-38.000934,-0.488516,-0.608616,0.625251,-0.625251,NA,NA,NA,NA,NA,NA,NA,NA,NA,NA,NA
NA,NA,NA,NA,NA,NA,NA,NA,NA,NA,NA,NA,NA,NA,NA,NA,99,2026-02-10,13:51:10,6,4,"Polk, Kian",NA,Right,MT._SAN,"Corridan, Kael",1000302588,Right,ORA_COA,Undefined,3,Bottom,2,1,2,Fastball,Changeup,InPlay,Undefined,LineDrive,Single,0,1,NA,82.41765,-0.302355,-3.461204,1905.920698,251.666279,02:30:00,5.71394,0.99946,5.83212,-31.16305,10.53323,27.36986,2.83546,0.05904,74.6639,-6.120855,1.44085,0.464751,92.89809,13.320127,-25.841896,1247.019742,96.12295,14.51154,-53.48116,194.71946,194.71946,-31.829478,1.727763,-15.11603,5.88524,-0.73335,50,5.67095,6.15384,-119.48555,-1.6039,-21.60797,25.43098,-23.76126,ORA_COA,MT._SAN,JohnAltobelliPark,JUCO,NJCAA,20260210-JohnAltobelliPark-1,9cd37420-06ca-11f1-9622-2f53c37c9706,81.10252,14.72782,NA,7.75375,NA,NA,NA,1.83774,2.89509,-0.02122,f8462b57-8140-48a2-876f-4518772dfcbd,2026-02-10,21:51:10,2026-02-10T21:51:10Z,2026-02-10T21:51:10Z,LineDrive,v3,NA,NA,NA,"Fielder, M",NA,Right,MT._SAN,20704451-e85c-4c2f-9ba8-ad59b4b174e8,54.6691,-120.4752,12.71549,5.71537,-0.67922,-11.88063,-0.98919,6.99472,-10.80398,82.715523,1.83774,119.32645,-18.60582,3.43977,-0.66057,0.09034,-0.01249,0.00144,-7e-5,2.89509,31.39092,-22.575,2.65103,-0.52141,0.10346,-0.01755,0.00277,-2.7e-4,-0.02122,-57.79236,-3.67267,2.57016,-0.85327,0.22555,-0.04885,0.00804,-6.6e-4,NA,NA,NA,NA,NA,NA,NA,NA,NA,NA,NA,NA,NA,NA,NA,NA,NA,NA,NA,NA,NA,NA,High,High,High,High,High,NA,NA,NA,236.776639,13.545985,1852.902265,0.972182,02:00:00,-0.26167,-0.814495,-0.51781,-57.617541,-26.502909,86.810779,-0.971886,124.119975,-0.132071,-11.240168,0.132071,-0.194922,0.971886,82.261382,-76.381762,0.194922,-0.194922,-124.119975,76.381762,0.971886,11.240168,-82.261382,-0.971886,0.194922,0.132071,-0.132071,NA,NA,NA,NA,NA,NA,NA,NA,NA,NA,NA
NA,NA,NA,NA,NA,NA,NA,NA,NA,NA,NA,NA,NA,NA,NA,NA,100,2026-02-10,13:51:52,7,1,"Polk, Kian",NA,Right,MT._SAN,"Farias, Ryan",1000511816,Right,ORA_COA,Undefined,3,Bottom,2,0,0,Slider,Slider,StrikeCalled,Undefined,Undefined,Undefined,0,0,NA,71.97409,1.299031,-2.478933,2102.165123,165.862268,11:30:00,5.53041,1.15557,5.52031,-52.33771,3.26819,-0.31996,2.38486,-1.1903,65.23565,-8.319725,-2.535913,0.5367,NA,NA,NA,NA,NA,NA,NA,NA,NA,NA,NA,-0.64248,1.86358,-0.93945,50,5.60916,4.52362,-104.21825,0.77807,-0.69554,20.07386,-30.1565,ORA_COA,MT._SAN,JohnAltobelliPark,JUCO,NJCAA,20260210-JohnAltobelliPark-1,b61313a0-06ca-11f1-9622-2f53c37c9706,70.22995,NA,NA,6.73844,NA,NA,NA,NA,NA,NA,f8462b57-8140-48a2-876f-4518772dfcbd,2026-02-10,21:51:52,2026-02-10T21:51:52Z,2026-02-10T21:51:52Z,NA,v3,NA,NA,NA,"Fielder, M",NA,Right,MT._SAN,ce6dfb7b-c2ae-4c93-94c0-a573bd6f5ee4,54.97604,-105.17234,10.03693,5.53812,2.21137,-15.07825,-1.15523,4.55668,-0.34777,NA,NA,NA,NA,NA,NA,NA,NA,NA,NA,NA,NA,NA,NA,NA,NA,NA,NA,NA,NA,NA,NA,NA,NA,NA,NA,NA,NA,NA,NA,NA,NA,NA,NA,NA,NA,NA,NA,NA,NA,NA,NA,NA,NA,NA,NA,NA,NA,NA,NA,High,High,High,NA,NA,NA,NA,NA,82.500384,80.376707,351.418042,0.16717,08:45:00,-0.980055,0.188048,0.064268,57.369251,50.478549,-9.033935,0.596207,121.527287,-0.419804,43.182598,0.419804,-0.684326,-0.596207,54.849715,36.598749,0.684326,0.684326,-121.527287,-36.598749,0.596207,-43.182598,-54.849715,-0.596207,-0.684326,0.419804,-0.419804,NA,NA,NA,NA,NA,NA,NA,NA,NA,NA,NA
NA,NA,NA,NA,NA,NA,NA,NA,NA,NA,NA,NA,NA,NA,NA,NA,101,2026-02-10,13:52:14,7,2,"Polk, Kian",NA,Right,MT._SAN,"Farias, Ryan",1000511816,Right,ORA_COA,Undefined,3,Bottom,2,0,1,Slider,Slider,BallCalled,Undefined,Undefined,Undefined,0,0,NA,72.49385,0.400929,-3.670134,2180.191189,93.13526,09:00:00,5.48586,1.22349,5.47894,-53.04688,2.47154,-6.13473,1.44122,-2.7266,65.36213,-9.322996,-4.759817,0.536278,NA,NA,NA,NA,NA,NA,NA,NA,NA,NA,NA,1.7824,1.73276,-0.89667,50,5.48564,6.94661,-104.77845,-0.88698,1.9302,21.97456,-30.29763,ORA_COA,MT._SAN,JohnAltobelliPark,JUCO,NJCAA,20260210-JohnAltobelliPark-1,c2ccd400-06ca-11f1-9622-2f53c37c9706,70.28525,NA,NA,7.13172,NA,NA,NA,NA,NA,NA,f8462b57-8140-48a2-876f-4518772dfcbd,2026-02-10,21:52:14,2026-02-10T21:52:14Z,2026-02-10T21:52:14Z,NA,v3,NA,NA,NA,"Fielder, M",NA,Right,MT._SAN,3bfef496-ded9-4a1d-bcd1-4bbed2337c5b,55.01723,-105.82545,10.98728,5.49351,0.55658,-15.14882,-1.22546,6.85464,0.9651,NA,NA,NA,NA,NA,NA,NA,NA,NA,NA,NA,NA,NA,NA,NA,NA,NA,NA,NA,NA,NA,NA,NA,NA,NA,NA,NA,NA,NA,NA,NA,NA,NA,NA,NA,NA,NA,NA,NA,NA,NA,NA,NA,NA,NA,NA,NA,NA,NA,NA,High,High,High,NA,NA,NA,NA,NA,77.037974,74.232536,592.431644,0.271734,08:30:00,-0.954624,0.271537,0.12231,64.551649,59.908724,2.520185,0.545814,136.385937,-0.606647,35.308995,0.606647,-0.577986,-0.545814,41.978423,33.080274,0.577986,0.577986,-136.385937,-33.080274,0.545814,-35.308995,-41.978423,-0.545814,-0.577986,0.606647,-0.606647,NA,NA,NA,NA,NA,NA,NA,NA,NA,NA,NA
NA,NA,NA,NA,NA,NA,NA,NA,NA,NA,NA,NA,NA,NA,NA,NA,102,2026-02-10,13:52:38,7,3,"Polk, Kian",NA,Right,MT._SAN,"Farias, Ryan",1000511816,Right,ORA_COA,Undefined,3,Bottom,2,1,1,Slider,Curveball,InPlay,Undefined,Popup,Out,1,0,NA,71.66227,0.798236,-1.23565,2021.503006,145.286754,10:45:00,5.38414,1.3955,5.8047,-42.89239,12.9128,-7.46796,2.55237,-0.37618,64.41873,-7.219901,-2.573377,0.53766,74.78321,77.647153,-25.480834,NA,NA,NA,NA,NA,21.46594,NA,NA,3.40229,6.89004,-1.28945,50,5.42448,2.49598,-103.82899,0.27967,3.62378,21.32247,-24.83546,ORA_COA,MT._SAN,JohnAltobelliPark,JUCO,NJCAA,20260210-JohnAltobelliPark-1,d10d8280-06ca-11f1-9622-2f53c37c9706,70.10445,96.33201,NA,7.24353,NA,NA,NA,3.54512,2.81546,0.28152,f8462b57-8140-48a2-876f-4518772dfcbd,2026-02-10,21:52:38,2026-02-10T21:52:38Z,2026-02-10T21:52:38Z,NA,v3,NA,NA,NA,"Fielder, M",NA,Right,MT._SAN,06d6606d-b5e6-4593-8a7d-51bae845f65f,54.69191,-104.7881,10.66124,5.38678,1.39679,-12.41773,-1.39805,2.33298,1.81189,NA,3.54515,21.17715,-11.08515,2.91638,0.74142,-1.92119,1.57718,-0.62702,0.09521,2.81546,107.14322,-27.31315,3.28847,-0.82078,0.42015,-0.26696,0.10529,-0.01742,0.28152,-10.09573,-0.84294,0.34952,0.22379,-0.45951,0.37217,-0.1483,0.02273,NA,NA,NA,NA,NA,NA,NA,NA,NA,NA,NA,NA,NA,NA,NA,NA,NA,NA,NA,NA,NA,NA,High,High,High,Medium,Undefined,NA,NA,NA,117.442714,82.980974,247.025502,0.122199,10:00:00,-0.991882,0.122265,-0.034935,-10.171094,1.701983,36.341077,-0.725167,95.437288,-0.065247,-43.272965,0.065247,-0.685475,0.725167,84.858682,-46.482736,0.685475,-0.685475,-95.437288,46.482736,0.725167,43.272965,-84.858682,-0.725167,0.685475,0.065247,-0.065247,NA,NA,NA,NA,NA,NA,NA,NA,NA,NA,NA
NA,NA,NA,NA,NA,NA,NA,NA,NA,NA,NA,NA,NA,NA,NA,NA,103,2026-02-10,13:54:48,1,1,"Rasic, Anthony",1000289210,Right,ORA_COA,"Rezkalah, Matthew",1000305129,Right,MT._SAN,Undefined,4,Top,0,0,0,Fastball,Changeup,BallCalled,Undefined,Undefined,Undefined,0,0,NA,82.70974,-2.420348,-3.28332,2000.862034,248.861644,02:15:00,5.83908,0.80242,5.78887,-32.2401,9.67654,20.89422,0.89573,-0.51419,74.58026,-8.414727,0.460224,0.465977,NA,NA,NA,NA,NA,NA,NA,NA,NA,NA,NA,-11.8002,6.19894,-0.54462,50,5.6202,6.03377,-119.67113,-6.08823,-16.764,27.47731,-23.36751,ORA_COA,MT._SAN,JohnAltobelliPark,JUCO,NJCAA,20260210-JohnAltobelliPark-1,1ed7e870-06cb-11f1-9622-2f53c37c9706,80.889,NA,NA,8.12948,NA,NA,NA,NA,NA,NA,f8462b57-8140-48a2-876f-4518772dfcbd,2026-02-10,21:54:48,2026-02-10T21:54:48Z,2026-02-10T21:54:48Z,NA,v3,NA,NA,NA,"Barnes, Flynn",1000398235,Right,ORA_COA,1b7d426b-0cb3-4d51-91f2-03866e56ef03,54.70993,-120.74772,13.73865,5.8408,-5.17266,-11.68375,-0.79389,6.6906,-8.382,NA,NA,NA,NA,NA,NA,NA,NA,NA,NA,NA,NA,NA,NA,NA,NA,NA,NA,NA,NA,NA,NA,NA,NA,NA,NA,NA,NA,NA,NA,NA,NA,NA,NA,NA,NA,NA,NA,NA,NA,NA,NA,NA,NA,NA,NA,NA,NA,NA,NA,High,High,High,NA,NA,NA,NA,NA,234.33854,17.676949,1906.388771,0.952784,01:45:00,-0.302057,-0.786246,-0.539053,-85.859906,-36.461747,89.315694,0.955431,177.181089,-0.294858,0.83188,0.294858,-0.014519,-0.955431,72.849086,72.829529,0.014519,0.014519,-177.181089,-72.829529,0.955431,-0.83188,-72.849086,-0.955431,-0.014519,0.294858,-0.294858,NA,NA,NA,NA,NA,NA,NA,NA,NA,NA,NA
NA,NA,NA,NA,NA,NA,NA,NA,NA,NA,NA,NA,NA,NA,NA,NA,104,2026-02-10,13:55:04,1,2,"Rasic, Anthony",1000289210,Right,ORA_COA,"Rezkalah, Matthew",1000305129,Right,MT._SAN,Undefined,4,Top,0,1,0,Fastball,Changeup,BallCalled,Undefined,Undefined,Undefined,0,0,NA,82.57075,-0.640137,-1.414254,2040.52846,225.08345,01:30:00,5.8095,0.86785,5.90408,-24.93765,16.5293,15.09166,3.13693,0.8124,74.60015,-5.358815,1.295229,0.463471,NA,NA,NA,NA,NA,NA,NA,NA,NA,NA,NA,-8.11209,9.08634,-0.76253,50,5.74396,2.34818,-119.75874,-2.05623,-11.62366,26.01286,-19.15437,ORA_COA,MT._SAN,JohnAltobelliPark,JUCO,NJCAA,20260210-JohnAltobelliPark-1,287fade0-06cb-11f1-9622-2f53c37c9706,81.32646,NA,NA,7.9706,NA,NA,NA,NA,NA,NA,f8462b57-8140-48a2-876f-4518772dfcbd,2026-02-10,21:55:04,2026-02-10T21:55:04Z,2026-02-10T21:55:04Z,NA,v3,NA,NA,NA,"Barnes, Flynn",1000398235,Right,ORA_COA,b7e6ea79-9f28-437c-89f9-faaa5f2d2e5b,54.59208,-120.75206,13.00643,5.80851,-1.3248,-9.57719,-0.86068,2.79204,-5.81183,NA,NA,NA,NA,NA,NA,NA,NA,NA,NA,NA,NA,NA,NA,NA,NA,NA,NA,NA,NA,NA,NA,NA,NA,NA,NA,NA,NA,NA,NA,NA,NA,NA,NA,NA,NA,NA,NA,NA,NA,NA,NA,NA,NA,NA,NA,NA,NA,NA,NA,High,High,High,NA,NA,NA,NA,NA,231.271866,20.148852,1915.649942,0.938801,01:45:00,-0.35065,-0.736183,-0.57886,-93.573073,-36.94702,84.126576,0.961806,176.626208,-0.27325700000000003,0.923021,0.27325700000000003,-0.016109,-0.961806,74.13969,74.113543,0.016109,0.016109,-176.626208,-74.113543,0.961806,-0.923021,-74.13969,-0.961806,-0.016109,0.27325700000000003,-0.27325700000000003,NA,NA,NA,NA,NA,NA,NA,NA,NA,NA,NA
NA,NA,NA,NA,NA,NA,NA,NA,NA,NA,NA,NA,NA,NA,NA,NA,105,2026-02-10,13:55:22,1,3,"Rasic, Anthony",1000289210,Right,ORA_COA,"Rezkalah, Matthew",1000305129,Right,MT._SAN,Undefined,4,Top,0,2,0,Fastball,Changeup,HitByPitch,Undefined,Undefined,Undefined,0,0,NA,83.40025,-0.059588,-1.967866,2051.107818,251.007146,02:15:00,5.79466,0.89964,6.13236,-31.36443,8.92182,21.78513,3.12585,0.89545,75.43884,-5.945419,1.960802,0.456825,NA,NA,NA,NA,NA,NA,NA,NA,NA,NA,NA,-11.7752,5.06323,-0.7598,50,5.77415,3.29437,-121.03208,-1.08181,-17.2256,26.66443,-24.76718,ORA_COA,MT._SAN,JohnAltobelliPark,JUCO,NJCAA,20260210-JohnAltobelliPark-1,33126f90-06cb-11f1-9622-2f53c37c9706,82.50961,NA,NA,7.96141,NA,NA,NA,NA,NA,NA,f8462b57-8140-48a2-876f-4518772dfcbd,2026-02-10,21:55:22,2026-02-10T21:55:22Z,2026-02-10T21:55:22Z,NA,v3,NA,NA,NA,"Barnes, Flynn",1000398235,Right,ORA_COA,d5128377-2440-4635-b185-e2c4a485825c,54.36571,-121.99009,13.33221,5.79703,-0.19197,-12.38359,-0.88928,3.91326,-8.6128,NA,NA,NA,NA,NA,NA,NA,NA,NA,NA,NA,NA,NA,NA,NA,NA,NA,NA,NA,NA,NA,NA,NA,NA,NA,NA,NA,NA,NA,NA,NA,NA,NA,NA,NA,NA,NA,NA,NA,NA,NA,NA,NA,NA,NA,NA,NA,NA,NA,NA,High,High,High,NA,NA,NA,NA,NA,231.791904,23.536634,1880.465769,0.916805,01:45:00,-0.417823,-0.720812,-0.55304,62.455917,53.761785,49.599412,0.944938,173.304234,-0.325017,2.186732,0.325017,-0.038156,-0.944938,71.019021,70.898086,0.038156,0.038156,-173.304234,-70.898086,0.944938,-2.186732,-71.019021,-0.944938,-0.038156,0.325017,-0.325017,NA,NA,NA,NA,NA,NA,NA,NA,NA,NA,NA
NA,NA,NA,NA,NA,NA,NA,NA,NA,NA,NA,NA,NA,NA,NA,NA,106,2026-02-10,13:55:58,2,1,"Rasic, Anthony",1000289210,Right,ORA_COA,"Campos, Miguel",NA,Right,MT._SAN,Undefined,4,Top,0,0,0,Fastball,Changeup,BallCalled,Undefined,Undefined,Undefined,0,0,NA,82.68232,-2.044947,-3.898332,2073.719908,242.487297,02:00:00,5.75326,0.75993,6.30435,-28.94628,12.13186,20.31911,1.4519,-1.14388,74.53619,-7.508881,-0.228361,0.461293,NA,NA,NA,NA,NA,NA,NA,NA,NA,NA,NA,-11.82048,7.43323,-0.48266,50,5.58914,7.3865,-119.69513,-5.10161,-16.83237,27.0765,-21.58912,ORA_COA,MT._SAN,JohnAltobelliPark,JUCO,NJCAA,20260210-JohnAltobelliPark-1,4847d170-06cb-11f1-9622-2f53c37c9706,81.71043,NA,NA,8.14613,NA,NA,NA,NA,NA,NA,f8462b57-8140-48a2-876f-4518772dfcbd,2026-02-10,21:55:58,2026-02-10T21:55:58Z,2026-02-10T21:55:58Z,NA,v3,NA,NA,NA,"Barnes, Flynn",1000398235,Right,ORA_COA,b95cf08e-e958-47b4-96d6-891bd673654a,54.19363,-120.64005,13.53825,5.75403,-4.3482,-10.79456,-0.75068,7.97392,-8.41618,NA,NA,NA,NA,NA,NA,NA,NA,NA,NA,NA,NA,NA,NA,NA,NA,NA,NA,NA,NA,NA,NA,NA,NA,NA,NA,NA,NA,NA,NA,NA,NA,NA,NA,NA,NA,NA,NA,NA,NA,NA,NA,NA,NA,NA,NA,NA,NA,NA,NA,High,High,High,NA,NA,NA,NA,NA,229.998016,26.923256,1848.957316,0.891614,01:45:00,-0.466112,-0.698718,-0.542708,66.393506,63.052716,50.541723,-0.941818,161.812274,-0.31933,-6.022251,0.31933,-0.104915,0.941818,71.270391,-70.359133,0.104915,-0.104915,-161.812274,70.359133,0.941818,6.022251,-71.270391,-0.941818,0.104915,0.31933,-0.31933,NA,NA,NA,NA,NA,NA,NA,NA,NA,NA,NA
NA,NA,NA,NA,NA,NA,NA,NA,NA,NA,NA,NA,NA,NA,NA,NA,107,2026-02-10,13:56:14,2,2,"Rasic, Anthony",1000289210,Right,ORA_COA,"Campos, Miguel",NA,Right,MT._SAN,Undefined,4,Top,0,1,0,Fastball,Four-Seam,StrikeCalled,Undefined,Undefined,Undefined,0,0,NA,84.33389,-2.04884,-3.199353,2033.792729,228.997872,01:45:00,5.7679,0.71013,6.1094,-23.49989,16.3354,17.02682,1.91125,-0.83249,75.72252,-6.522447,-0.134476,0.454261,NA,NA,NA,NA,NA,NA,NA,NA,NA,NA,NA,-9.79304,9.54445,-0.47268,50,5.59815,6.13682,-122.06761,-5.02827,-14.47395,28.60928,-18.0675,ORA_COA,MT._SAN,JohnAltobelliPark,JUCO,NJCAA,20260210-JohnAltobelliPark-1,51ca82b0-06cb-11f1-9622-2f53c37c9706,82.97527,NA,NA,8.61137,NA,NA,NA,NA,NA,NA,f8462b57-8140-48a2-876f-4518772dfcbd,2026-02-10,21:56:14,2026-02-10T21:56:14Z,2026-02-10T21:56:14Z,NA,v3,NA,NA,NA,"Barnes, Flynn",1000398235,Right,ORA_COA,43632c2a-9b85-4ff6-a259-fa72d62fe6ca,54.38648,-123.09139,14.30464,5.76652,-4.38173,-9.03375,-0.70155,6.65477,-7.23698,NA,NA,NA,NA,NA,NA,NA,NA,NA,NA,NA,NA,NA,NA,NA,NA,NA,NA,NA,NA,NA,NA,NA,NA,NA,NA,NA,NA,NA,NA,NA,NA,NA,NA,NA,NA,NA,NA,NA,NA,NA,NA,NA,NA,NA,NA,NA,NA,NA,NA,High,High,High,NA,NA,NA,NA,NA,228.675491,17.169935,1943.153497,0.955433,01:30:00,-0.304156,-0.727608,-0.614878,-59.550785,-29.724695,-4.583459,0.024417,148.808993,-0.855191,31.180666,0.855191,-0.517738,-0.024417,1.63542,1.399115,0.517738,0.517738,-148.808993,-1.399115,0.024417,-31.180666,-1.63542,-0.024417,-0.517738,0.855191,-0.855191,NA,NA,NA,NA,NA,NA,NA,NA,NA,NA,NA
NA,NA,NA,NA,NA,NA,NA,NA,NA,NA,NA,NA,NA,NA,NA,NA,108,2026-02-10,13:56:30,2,3,"Rasic, Anthony",1000289210,Right,ORA_COA,"Campos, Miguel",NA,Right,MT._SAN,Undefined,4,Top,0,1,1,Fastball,Changeup,BallCalled,Undefined,Undefined,Undefined,0,0,NA,83.48775,0.191054,-3.499954,2056.79721,240.521219,02:00:00,5.77805,0.90644,6.13218,-27.72135,13.01863,20.20438,3.64486,-0.6489,74.50134,-5.075911,0.135746,0.45939,NA,NA,NA,NA,NA,NA,NA,NA,NA,NA,NA,-11.49465,7.10335,-0.64828,50,5.77862,6.56686,-120.836,-0.39743,-16.5838,28.85938,-21.92578,ORA_COA,MT._SAN,JohnAltobelliPark,JUCO,NJCAA,20260210-JohnAltobelliPark-1,5b816350-06cb-11f1-9622-2f53c37c9706,82.04886,NA,NA,8.98641,NA,NA,NA,NA,NA,NA,f8462b57-8140-48a2-876f-4518772dfcbd,2026-02-10,21:56:30,2026-02-10T21:56:30Z,2026-02-10T21:56:30Z,NA,v3,NA,NA,NA,"Barnes, Flynn",1000398235,Right,ORA_COA,efc7e10d-c089-41be-a4a9-272e7ad16365,54.36256,-121.87347,14.42969,5.77873,0.39078,-10.96289,-0.89507,7.16303,-8.2919,NA,NA,NA,NA,NA,NA,NA,NA,NA,NA,NA,NA,NA,NA,NA,NA,NA,NA,NA,NA,NA,NA,NA,NA,NA,NA,NA,NA,NA,NA,NA,NA,NA,NA,NA,NA,NA,NA,NA,NA,NA,NA,NA,NA,NA,NA,NA,NA,NA,NA,High,High,High,NA,NA,NA,NA,NA,232.473223,24.006675,1878.880271,0.913498,01:45:00,-0.442463,-0.723106,-0.530419,70.418598,63.963658,56.750392,-0.94557,161.222291,-0.308099,-6.01286,0.308099,-0.104752,0.94557,71.952621,-71.009007,0.104752,-0.104752,-161.222291,71.009007,0.94557,6.01286,-71.952621,-0.94557,0.104752,0.308099,-0.308099,NA,NA,NA,NA,NA,NA,NA,NA,NA,NA,NA
NA,NA,NA,NA,NA,NA,NA,NA,NA,NA,NA,NA,NA,NA,NA,NA,109,2026-02-10,13:56:48,2,4,"Rasic, Anthony",1000289210,Right,ORA_COA,"Campos, Miguel",NA,Right,MT._SAN,Undefined,4,Top,0,2,1,Fastball,Changeup,StrikeCalled,Undefined,Undefined,Undefined,0,0,NA,84.32319,-1.976245,-2.233877,2026.866833,224.257527,01:30:00,5.84531,0.73712,6.0586,-23.39261,16.52749,14.59997,2.06463,-0.11491,75.65101,-6.429155,0.394422,0.454744,NA,NA,NA,NA,NA,NA,NA,NA,NA,NA,NA,-8.22831,9.61564,-0.57102,50,5.67934,4.17234,-122.11715,-4.8727,-12.15241,28.96968,-17.97267,ORA_COA,MT._SAN,JohnAltobelliPark,JUCO,NJCAA,20260210-JohnAltobelliPark-1,667be780-06cb-11f1-9622-2f53c37c9706,82.88711,NA,NA,8.6721800000000009,NA,NA,NA,NA,NA,NA,f8462b57-8140-48a2-876f-4518772dfcbd,2026-02-10,21:56:48,2026-02-10T21:56:48Z,2026-02-10T21:56:48Z,NA,v3,NA,NA,NA,"Barnes, Flynn",1000398235,Right,ORA_COA,dcf86a6f-bc90-4fb7-8d46-e166dbd10b7c,54.43682,-123.16519,14.48484,5.84386,-4.2225,-8.98633,-0.72991,4.61198,-6.0762,NA,NA,NA,NA,NA,NA,NA,NA,NA,NA,NA,NA,NA,NA,NA,NA,NA,NA,NA,NA,NA,NA,NA,NA,NA,NA,NA,NA,NA,NA,NA,NA,NA,NA,NA,NA,NA,NA,NA,NA,NA,NA,NA,NA,NA,NA,NA,NA,NA,NA,High,High,High,NA,NA,NA,NA,NA,229.699202,24.450683,1845.093119,0.910318,01:45:00,-0.412376,-0.708123,-0.573156,-65.645628,-35.711079,-5.522488,0.065106,142.130113,-0.787732,37.775418,0.787732,-0.612568,-0.065106,4.724735,3.732924,0.612568,0.612568,-142.130113,-3.732924,0.065106,-37.775418,-4.724735,-0.065106,-0.612568,0.787732,-0.787732,NA,NA,NA,NA,NA,NA,NA,NA,NA,NA,NA
NA,NA,NA,NA,NA,NA,NA,NA,NA,NA,NA,NA,NA,NA,NA,NA,110,2026-02-10,13:57:09,2,5,"Rasic, Anthony",1000289210,Right,ORA_COA,"Campos, Miguel",NA,Right,MT._SAN,Undefined,4,Top,0,2,2,Cutter,Slider,FoulBallNotFieldable,Undefined,Undefined,Undefined,0,0,NA,80.06554,0.020041,-1.815094,2443.64922,153.232622,11:00:00,5.75809,0.75643,5.90842,-36.19262,7.81288,-3.1761,2.76066,-1.19359,72.72021,-6.710881,-2.385186,0.477447,NA,NA,NA,NA,NA,NA,NA,NA,NA,NA,NA,1.07287,4.40953,-0.60881,50,5.73905,3.79975,-116.17551,-1.06442,1.44846,24.23096,-26.22078,ORA_COA,MT._SAN,JohnAltobelliPark,JUCO,NJCAA,20260210-JohnAltobelliPark-1,72ca3be0-06cb-11f1-9622-2f53c37c9706,78.94589,NA,NA,7.34533,NA,NA,NA,NA,NA,NA,f8462b57-8140-48a2-876f-4518772dfcbd,2026-02-10,21:57:09,2026-02-10T21:57:09Z,2026-02-10T21:57:09Z,NA,v3,NA,NA,NA,"Barnes, Flynn",1000398235,Right,ORA_COA,cce9e917-3212-4159-8259-08e24e6fa6ad,54.59077,-117.1291,12.11548,5.76063,-0.03252,-13.11039,-0.75722,3.74275,0.72423,NA,NA,NA,NA,NA,NA,NA,NA,NA,NA,NA,NA,NA,NA,NA,NA,NA,NA,NA,NA,NA,NA,NA,NA,NA,NA,NA,NA,NA,NA,NA,NA,NA,NA,NA,NA,NA,NA,NA,NA,NA,NA,NA,NA,NA,NA,NA,NA,NA,NA,High,High,High,NA,NA,NA,NA,NA,211.108289,75.61974,606.895341,0.248356,01:00:00,-0.974963,-0.127976,-0.181851,50.523112,40.552532,54.850356,-0.019137,157.186176,-0.921601,-22.809411,0.921601,-0.387667,0.019137,1.189561,-1.096524,0.387667,-0.387667,-157.186176,1.096524,0.019137,22.809411,-1.189561,-0.019137,0.387667,0.921601,-0.921601,NA,NA,NA,NA,NA,NA,NA,NA,NA,NA,NA
NA,NA,NA,NA,NA,NA,NA,NA,NA,NA,NA,NA,NA,NA,NA,NA,111,2026-02-10,13:57:32,2,6,"Rasic, Anthony",1000289210,Right,ORA_COA,"Campos, Miguel",NA,Right,MT._SAN,Undefined,4,Top,0,2,2,Curveball,Curveball,BallCalled,Undefined,Undefined,Undefined,0,0,NA,74.77503,1.709271,-2.003886,2218.976054,33.812607,07:15:00,5.81947,0.46392,5.8642,-63.06933,-12.27977,-9.4067,2.15302,-2.1823,68.09567,-9.840739,-3.693049,0.512931,NA,NA,NA,NA,NA,NA,NA,NA,NA,NA,NA,4.1291,-6.25394,-0.29608,50,5.92205,4.13656,-108.4714,1.26092,4.83375,22.06094,-39.49524,ORA_COA,MT._SAN,JohnAltobelliPark,JUCO,NJCAA,20260210-JohnAltobelliPark-1,80985270-06cb-11f1-9622-2f53c37c9706,73.48446,NA,NA,6.67935,NA,NA,NA,NA,NA,NA,f8462b57-8140-48a2-876f-4518772dfcbd,2026-02-10,21:57:32,2026-02-10T21:57:32Z,2026-02-10T21:57:32Z,NA,v3,NA,NA,NA,"Barnes, Flynn",1000398235,Right,ORA_COA,31002da0-ebdc-4747-9ed4-78e89e5329b4,54.63753,-109.41052,11.03047,5.83259,2.9422,-19.74762,-0.46779,3.93079,2.41687,NA,NA,NA,NA,NA,NA,NA,NA,NA,NA,NA,NA,NA,NA,NA,NA,NA,NA,NA,NA,NA,NA,NA,NA,NA,NA,NA,NA,NA,NA,NA,NA,NA,NA,NA,NA,NA,NA,NA,NA,NA,NA,NA,NA,NA,NA,NA,NA,NA,NA,High,High,High,NA,NA,NA,NA,NA,28.01275,54.36697,1292.756838,0.582592,07:00:00,-0.785765,0.297746,0.542145,107.056649,-25.80724,40.491267,-0.418715,171.938521,-0.899144,-7.31651,0.899144,-0.12735,0.418715,24.97054,-24.753484,0.12735,-0.12735,-171.938521,24.753484,0.418715,7.31651,-24.97054,-0.418715,0.12735,0.899144,-0.899144,NA,NA,NA,NA,NA,NA,NA,NA,NA,NA,NA
NA,NA,NA,NA,NA,NA,NA,NA,NA,NA,NA,NA,NA,NA,NA,NA,112,2026-02-10,13:57:54,2,7,"Rasic, Anthony",1000289210,Right,ORA_COA,"Campos, Miguel",NA,Right,MT._SAN,Undefined,4,Top,0,3,2,Fastball,Changeup,FoulBallNotFieldable,Undefined,Undefined,Undefined,0,0,NA,85.95218,-1.799716,-1.321878,1958.181472,226.404546,01:30:00,5.85033,0.61855,6.11904,-23.38741,14.48001,13.81957,2.2365,0.54785,77.98016,-6.219395,1.170337,0.442898,NA,NA,NA,NA,NA,NA,NA,NA,NA,NA,NA,-7.60713,8.43335,-0.52463,50,5.70029,2.3412,-124.74763,-4.60593,-11.84714,27.83622,-19.04022,ORA_COA,MT._SAN,JohnAltobelliPark,JUCO,NJCAA,20260210-JohnAltobelliPark-1,8d506520-06cb-11f1-9622-2f53c37c9706,85.10403,NA,NA,7.97202,NA,NA,NA,NA,NA,NA,f8462b57-8140-48a2-876f-4518772dfcbd,2026-02-10,21:57:54,2026-02-10T21:57:54Z,2026-02-10T21:57:54Z,NA,v3,NA,NA,NA,"Barnes, Flynn",1000398235,Right,ORA_COA,f980edab-eed9-4303-91fe-41a15d771ff4,54.38057,-125.72131,13.91811,5.84975,-3.93992,-9.52011,-0.61377,2.7556,-5.92357,NA,NA,NA,NA,NA,NA,NA,NA,NA,NA,NA,NA,NA,NA,NA,NA,NA,NA,NA,NA,NA,NA,NA,NA,NA,NA,NA,NA,NA,NA,NA,NA,NA,NA,NA,NA,NA,NA,NA,NA,NA,NA,NA,NA,NA,NA,NA,NA,NA,NA,High,High,High,NA,NA,NA,NA,NA,223.018629,26.84255,1747.188863,0.892251,01:30:00,-0.447134,-0.622606,-0.642209,-53.098386,-33.202306,-17.381547,0.113009,146.174515,-0.825415,33.579892,0.825415,-0.553099,-0.113009,7.79596,6.488774,0.553099,0.553099,-146.174515,-6.488774,0.113009,-33.579892,-7.79596,-0.113009,-0.553099,0.825415,-0.825415,NA,NA,NA,NA,NA,NA,NA,NA,NA,NA,NA
NA,NA,NA,NA,NA,NA,NA,NA,NA,NA,NA,NA,NA,NA,NA,NA,113,2026-02-10,13:58:17,2,8,"Rasic, Anthony",1000289210,Right,ORA_COA,"Campos, Miguel",NA,Right,MT._SAN,Undefined,4,Top,0,3,2,Cutter,Slider,BallCalled,Walk,Undefined,Undefined,0,0,NA,78.77575,1.086036,-0.323948,2314.451445,143.583131,10:45:00,5.76745,0.83709,5.83912,-38.45573,6.68638,-3.87953,3.57233,0.21271,72.05839,-6.039531,-1.019727,0.483573,NA,NA,NA,NA,NA,NA,NA,NA,NA,NA,NA,1.87941,3.56634,-0.80846,50,5.83353,0.79497,-114.40078,0.97433,2.48701,21.39528,-27.45471,ORA_COA,MT._SAN,JohnAltobelliPark,JUCO,NJCAA,20260210-JohnAltobelliPark-1,9b503a10-06cb-11f1-9622-2f53c37c9706,77.94565,NA,NA,6.71735,NA,NA,NA,NA,NA,NA,f8462b57-8140-48a2-876f-4518772dfcbd,2026-02-10,21:58:17,2026-02-10T21:58:17Z,2026-02-10T21:58:17Z,NA,v3,NA,NA,NA,"Barnes, Flynn",1000398235,Right,ORA_COA,874d1204-e354-4881-baec-90410e360d1a,54.65882,-115.26879,10.69764,5.77141,2.08817,-13.72736,-0.83866,0.69407,1.24351,NA,NA,NA,NA,NA,NA,NA,NA,NA,NA,NA,NA,NA,NA,NA,NA,NA,NA,NA,NA,NA,NA,NA,NA,NA,NA,NA,NA,NA,NA,NA,NA,NA,NA,NA,NA,NA,NA,NA,NA,NA,NA,NA,NA,NA,NA,NA,NA,NA,NA,High,High,High,NA,NA,NA,NA,NA,204.854919,75.239897,589.658507,0.254772,12:45:00,-0.970149,-0.088739,-0.225693,55.391254000000004,30.748004,63.324394,-0.093338,160.819312,-0.940364,-19.093702,0.940364,-0.327114,0.093338,5.668444,-5.355656,0.327114,-0.327114,-160.819312,5.355656,0.093338,19.093702,-5.668444,-0.093338,0.327114,0.940364,-0.940364,NA,NA,NA,NA,NA,NA,NA,NA,NA,NA,NA
NA,NA,NA,NA,NA,NA,NA,NA,NA,NA,NA,NA,NA,NA,NA,NA,114,2026-02-10,13:58:52,3,1,"Rasic, Anthony",1000289210,Right,ORA_COA,"Fielder, M",NA,Right,MT._SAN,Undefined,4,Top,0,0,0,Fastball,Changeup,FoulBallNotFieldable,Undefined,Undefined,Undefined,0,0,NA,84.40442,-0.447725,-2.818225,2101.145197,235.055319,01:45:00,5.84361,0.74423,6.56644,-24.29966,14.10099,18.36351,3.4077,-0.31109,76.84007,-5.074972,0.516638,0.446006,38.43171,60.69847,-155.758728,2156.011417,NA,NA,NA,74.32855,34.29208,-153.871165,2.860517,-10.49835,7.91642,-0.5575,50,5.80237,5.37025,-122.60698,-1.60331,-15.89058,25.51574,-20.19158,ORA_COA,MT._SAN,JohnAltobelliPark,JUCO,NJCAA,20260210-JohnAltobelliPark-1,aff65440-06cb-11f1-9622-2f53c37c9706,84.51104,36.10309,NA,7.56435,NA,NA,NA,0.73163,3.45549,0.31465,f8462b57-8140-48a2-876f-4518772dfcbd,2026-02-10,21:58:52,2026-02-10T21:58:52Z,2026-02-10T21:58:52Z,Popup,v3,NA,NA,NA,"Barnes, Flynn",1000398235,Right,ORA_COA,e7334d84-e16e-49a9-8838-d3ccf6fcd1f1,53.93378,-123.42293,12.75787,5.84331,-0.95762,-10.09579,-0.73735,5.8784,-7.94529,335.493805,0.73159,-25.15333,0.63589,-0.06727,0.10922,-0.14491,0.08594,-0.02298,0.00228,3.45574,49.14399,-19.90395,1.21673,0.00806,-0.17434,0.06873,-0.01074,5.3e-4,0.31474,-11.33131,-0.912,0.39421,0.13169,-0.22601,0.11874,-0.02841,0.00257,NA,NA,NA,NA,NA,NA,NA,NA,NA,NA,NA,NA,NA,NA,NA,NA,NA,NA,NA,NA,NA,NA,High,High,High,High,Medium,NA,NA,NA,224.123751,23.700351,1923.934892,0.91566,01:30:00,-0.428797,-0.640614,-0.636983,45.378878,44.565391,16.891336,-0.963926,175.236874,-0.265252,-1.266448,0.265252,-0.022102,0.963926,74.614251,-74.563471,0.022102,-0.022102,-175.236874,74.563471,0.963926,1.266448,-74.614251,-0.963926,0.022102,0.265252,-0.265252,NA,NA,NA,NA,NA,NA,NA,NA,NA,NA,NA
NA,NA,NA,NA,NA,NA,NA,NA,NA,NA,NA,NA,NA,NA,NA,NA,115,2026-02-10,13:59:21,3,2,"Rasic, Anthony",1000289210,Right,ORA_COA,"Fielder, M",NA,Right,MT._SAN,Undefined,4,Top,0,0,1,Fastball,Four-Seam,StrikeSwinging,Undefined,Undefined,Undefined,0,0,NA,85.2566,-0.428247,-3.338734,2087.844892,215.233711,01:15:00,5.8617,0.64407,6.46984,-18.81096,19.54548,12.78772,3.90014,-1.36008,76.42804,-4.088685,-1.023989,0.445749,NA,NA,NA,NA,NA,NA,NA,NA,NA,NA,NA,-7.72331,10.73284,-0.41334,50,5.82278,6.70409,-123.53338,-1.36263,-11.70669,28.99358,-15.90566,ORA_COA,MT._SAN,JohnAltobelliPark,JUCO,NJCAA,20260210-JohnAltobelliPark-1,c1a77160-06cb-11f1-9622-2f53c37c9706,84.55978,NA,NA,8.82856,NA,NA,NA,NA,NA,NA,f8462b57-8140-48a2-876f-4518772dfcbd,2026-02-10,21:59:21,2026-02-10T21:59:21Z,2026-02-10T21:59:21Z,NA,v3,NA,NA,NA,"Barnes, Flynn",1000398235,Right,ORA_COA,cad85bff-d180-4970-abe6-27f0b7af316b,54.02513,-124.4745,14.49679,5.85864,-0.84634,-7.95283,-0.63712,7.08409,-5.85334,NA,NA,NA,NA,NA,NA,NA,NA,NA,NA,NA,NA,NA,NA,NA,NA,NA,NA,NA,NA,NA,NA,NA,NA,NA,NA,NA,NA,NA,NA,NA,NA,NA,NA,NA,NA,NA,NA,NA,NA,NA,NA,NA,NA,NA,NA,NA,NA,NA,NA,High,High,High,NA,NA,NA,NA,NA,224.584157,22.082587,1934.686708,0.926643,01:30:00,-0.408877,-0.653254,-0.637243,-70.261816,-52.07312,-17.738243,0.025577,141.695974,-0.784476,38.289222,0.784476,-0.619631,-0.025577,1.867399,1.465608,0.619631,0.619631,-141.695974,-1.465608,0.025577,-38.289222,-1.867399,-0.025577,-0.619631,0.784476,-0.784476,NA,NA,NA,NA,NA,NA,NA,NA,NA,NA,NA
NA,NA,NA,NA,NA,NA,NA,NA,NA,NA,NA,NA,NA,NA,NA,NA,116,2026-02-10,13:59:43,3,3,"Rasic, Anthony",1000289210,Right,ORA_COA,"Fielder, M",NA,Right,MT._SAN,Undefined,4,Top,0,0,2,Fastball,Changeup,BallCalled,Undefined,Undefined,Undefined,0,0,NA,85.96506,0.832039,-3.969675,2092.019198,235.636323,01:45:00,5.90619,0.53339,6.41352,-25.31663,11.93233,15.68875,4.56334,-1.81475,78.2291,-3.959435,-1.135475,0.439267,NA,NA,NA,NA,NA,NA,NA,NA,NA,NA,NA,-9.24563,6.35276,-0.2556,50,5.95421,8.03942,-124.6771,1.09167,-14.52136,25.57384,-22.19632,ORA_COA,MT._SAN,JohnAltobelliPark,JUCO,NJCAA,20260210-JohnAltobelliPark-1,ce5b8c70-06cb-11f1-9622-2f53c37c9706,85.80761,NA,NA,7.73596,NA,NA,NA,NA,NA,NA,f8462b57-8140-48a2-876f-4518772dfcbd,2026-02-10,21:59:43,2026-02-10T21:59:43Z,2026-02-10T21:59:43Z,NA,v3,NA,NA,NA,"Barnes, Flynn",1000398235,Right,ORA_COA,5ed5007f-1b1b-4925-9238-4a1f4ceea56f,54.08494,-125.51221,12.78692,5.90673,1.81649,-11.09816,-0.52587,8.51361,-7.26068,NA,NA,NA,NA,NA,NA,NA,NA,NA,NA,NA,NA,NA,NA,NA,NA,NA,NA,NA,NA,NA,NA,NA,NA,NA,NA,NA,NA,NA,NA,NA,NA,NA,NA,NA,NA,NA,NA,NA,NA,NA,NA,NA,NA,NA,NA,NA,NA,NA,NA,High,High,High,NA,NA,NA,NA,NA,220.838414,30.602404,1800.644154,0.860721,01:15:00,-0.561037,-0.555398,-0.613817,100.91723,38.570875,-3.630427,0.027842,137.063807,-0.731829,42.91553,0.731829,-0.680919,-0.027842,2.178717,1.595423,0.680919,0.680919,-137.063807,-1.595423,0.027842,-42.91553,-2.178717,-0.027842,-0.680919,0.731829,-0.731829,NA,NA,NA,NA,NA,NA,NA,NA,NA,NA,NA
NA,NA,NA,NA,NA,NA,NA,NA,NA,NA,NA,NA,NA,NA,NA,NA,117,2026-02-10,14:00:05,3,4,"Rasic, Anthony",1000289210,Right,ORA_COA,"Fielder, M",NA,Right,MT._SAN,Undefined,4,Top,0,1,2,Fastball,Four-Seam,StrikeSwinging,Strikeout,Undefined,Undefined,0,0,NA,85.83859,-1.325165,-3.03332,2027.008712,221.475825,01:30:00,5.90197,0.70174,6.20769,-18.75694,19.11655,15.72458,3.11386,-0.7902,77.694,-4.930506,-0.198542,0.442934,NA,NA,NA,NA,NA,NA,NA,NA,NA,NA,NA,-8.99934,10.66587,-0.48113,50,5.79277,5.96123,-124.45719,-3.36576,-13.97896,27.23034,-15.60638,ORA_COA,MT._SAN,JohnAltobelliPark,JUCO,NJCAA,20260210-JohnAltobelliPark-1,dbc5ff30-06cb-11f1-9622-2f53c37c9706,85.09719,NA,NA,8.1445900000000009,NA,NA,NA,NA,NA,NA,f8462b57-8140-48a2-876f-4518772dfcbd,2026-02-10,22:00:05,2026-02-10T22:00:05Z,2026-02-10T22:00:05Z,NA,v3,NA,NA,NA,"Barnes, Flynn",1000398235,Right,ORA_COA,45b63279-45df-4d77-9b1d-00725e1dfcda,54.28935,-125.39215,13.61517,5.89914,-2.82991,-7.80319,-0.69405,6.44121,-6.98948,NA,NA,NA,NA,NA,NA,NA,NA,NA,NA,NA,NA,NA,NA,NA,NA,NA,NA,NA,NA,NA,NA,NA,NA,NA,NA,NA,NA,NA,NA,NA,NA,NA,NA,NA,NA,NA,NA,NA,NA,NA,NA,NA,NA,NA,NA,NA,NA,NA,NA,High,High,High,NA,NA,NA,NA,NA,225.473277,17.936492,1928.492959,0.951398,01:30:00,-0.327089,-0.685215,-0.650764,-60.742598,-37.877147,-9.814144,0.019543,145.827454,-0.827192,34.165118,0.827192,-0.56158,-0.019543,1.353391,1.119793,0.56158,0.56158,-145.827454,-1.119793,0.019543,-34.165118,-1.353391,-0.019543,-0.56158,0.827192,-0.827192,NA,NA,NA,NA,NA,NA,NA,NA,NA,NA,NA
NA,NA,NA,NA,NA,NA,NA,NA,NA,NA,NA,NA,NA,NA,NA,NA,118,2026-02-10,14:00:35,4,1,"Rasic, Anthony",1000289210,Right,ORA_COA,"Trout, Tyler",NA,Right,MT._SAN,Undefined,4,Top,1,0,0,Fastball,Changeup,StrikeCalled,Undefined,Undefined,Undefined,0,0,NA,85.29193,-0.524133,-2.114031,1976.870588,238.945927,02:00:00,5.83638,0.75166,6.32992,-24.60175,13.4143,20.14848,3.30325,0.48311,77.49298,-5.187536,1.531594,0.443767,NA,NA,NA,NA,NA,NA,NA,NA,NA,NA,NA,-11.03229,7.51666,-0.60603,50,5.78646,3.78119,-123.86167,-1.83041,-17.00673,26.51938,-20.5868,ORA_COA,MT._SAN,JohnAltobelliPark,JUCO,NJCAA,20260210-JohnAltobelliPark-1,eda446d0-06cb-11f1-9622-2f53c37c9706,84.93748,NA,NA,7.79895,NA,NA,NA,NA,NA,NA,f8462b57-8140-48a2-876f-4518772dfcbd,2026-02-10,22:00:35,2026-02-10T22:00:35Z,2026-02-10T22:00:35Z,NA,v3,NA,NA,NA,"Barnes, Flynn",1000398235,Right,ORA_COA,7b7c3a67-03f9-4fff-bf19-932ae8321b54,54.16852,-124.75098,13.25969,5.83626,-1.14005,-10.2934,-0.74239,4.3515,-8.50336,NA,NA,NA,NA,NA,NA,NA,NA,NA,NA,NA,NA,NA,NA,NA,NA,NA,NA,NA,NA,NA,NA,NA,NA,NA,NA,NA,NA,NA,NA,NA,NA,NA,NA,NA,NA,NA,NA,NA,NA,NA,NA,NA,NA,NA,NA,NA,NA,NA,NA,High,High,High,NA,NA,NA,NA,NA,225.233841,21.144409,1843.776246,0.932674,01:30:00,-0.378634,-0.665458,-0.643274,73.697648,55.220773,66.035933,-0.931592,165.04928,-0.351201,-5.381128,0.351201,-0.09378,0.931592,69.344035,-68.684297,0.09378,-0.09378,-165.04928,68.684297,0.931592,5.381128,-69.344035,-0.931592,0.09378,0.351201,-0.351201,NA,NA,NA,NA,NA,NA,NA,NA,NA,NA,NA
NA,NA,NA,NA,NA,NA,NA,NA,NA,NA,NA,NA,NA,NA,NA,NA,119,2026-02-10,14:00:51,4,2,"Rasic, Anthony",1000289210,Right,ORA_COA,"Trout, Tyler",NA,Right,MT._SAN,Undefined,4,Top,1,0,1,Fastball,Changeup,FoulBallNotFieldable,Undefined,Undefined,Undefined,0,0,NA,84.49447,-0.700296,-2.62312,1973.96832,235.647068,01:45:00,5.83678,0.71939,6.49285,-23.8419,14.95438,19.82863,3.20637,-0.03795,76.21595,-5.261096,0.973967,0.448298,61.38373,36.222993,160.707967,3924.537167,-107.78208,25.11445,21.97779,146.97506,50.56303,170.263342,2.501554,-11.22666,8.46008,-0.5435,50,5.77717,4.87657,-122.62056,-2.12928,-16.82272,27.82305,-19.49695,ORA_COA,MT._SAN,JohnAltobelliPark,JUCO,NJCAA,20260210-JohnAltobelliPark-1,f760a5b0-06cb-11f1-9622-2f53c37c9706,84.07901,32.25525,NA,8.27852,NA,NA,NA,1.41509,3.16657,9.4e-4,f8462b57-8140-48a2-876f-4518772dfcbd,2026-02-10,22:00:51,2026-02-10T22:00:51Z,2026-02-10T22:00:51Z,Popup,v3,NA,NA,NA,"Barnes, Flynn",1000398235,Right,ORA_COA,8b86ae91-e7e2-45db-b491-5286193e82af,54.00585,-123.52616,13.91153,5.83614,-1.49469,-9.74847,-0.71114,5.42412,-8.41136,NA,1.41504,-68.54781,3.69958,0.67332,-0.55648,0.29137,-0.11694,0.03,-0.00324,3.16657,53.20111,-27.53925,3.50002,-0.67824,0.11522,-0.02019,0.00291,-1.8e-4,9.6e-4,23.9945,-10.66321,3.41348,-0.80992,0.12293,-0.00202,-0.00528,0.001,NA,NA,NA,NA,NA,NA,NA,NA,NA,NA,NA,NA,NA,NA,NA,NA,NA,NA,NA,NA,NA,NA,High,High,High,High,Medium,NA,NA,NA,229.597424,28.62219,1732.744497,0.877798,01:45:00,-0.496371,-0.674256,-0.546804,47.05433,56.153815,28.38477,-0.926536,174.984549,-0.374766,-1.884776,0.374766,-0.03289,0.926536,67.977615,-67.901106,0.03289,-0.03289,-174.984549,67.901106,0.926536,1.884776,-67.977615,-0.926536,0.03289,0.374766,-0.374766,NA,NA,NA,NA,NA,NA,NA,NA,NA,NA,NA
NA,NA,NA,NA,NA,NA,NA,NA,NA,NA,NA,NA,NA,NA,NA,NA,120,2026-02-10,14:01:15,4,3,"Rasic, Anthony",1000289210,Right,ORA_COA,"Trout, Tyler",NA,Right,MT._SAN,Undefined,4,Top,1,0,2,Cutter,Slider,FoulBallNotFieldable,Undefined,Undefined,Undefined,0,0,NA,80.1109,0.309337,-1.58344,2465.930469,149.167943,11:00:00,5.81199,0.59239,6.03573,-36.31955,6.87914,-3.31792,3.07191,-1.15072,73.60626,-6.429705,-2.180465,0.473049,65.26335,35.833048,64.310828,3755.32606,34.98203,50.42413,104.28891,211.02104,77.74881,78.100274,3.763132,1.28059,3.84725,-0.46697,50,5.81641,3.33962,-116.41436,-0.47155,1.75932,21.62774,-26.88861,ORA_COA,MT._SAN,JohnAltobelliPark,JUCO,NJCAA,20260210-JohnAltobelliPark-1,057206d0-06cc-11f1-9622-2f53c37c9706,79.6797,50.53047,NA,6.50464,NA,NA,NA,0.92731,3.00881,1.47003,f8462b57-8140-48a2-876f-4518772dfcbd,2026-02-10,22:01:15,2026-02-10T22:01:15Z,2026-02-10T22:01:15Z,FlyBall,v3,NA,NA,NA,"Barnes, Flynn",1000398235,Right,ORA_COA,37559950-f276-491d-b7cd-cd5bf0b7b042,54.4643,-117.24081,10.81387,5.81479,0.55594,-13.44431,-0.5933,3.27239,0.87966,NA,0.92741,33.6377,-11.08978,2.55657,-0.57555,0.13887,-0.03742,0.00709,-5.5e-4,3.00913,56.02534,-18.09746,1.01302,0.05093,-0.13339,0.05707,-0.01044,7.1e-4,1.47015,69.92975,-6.83033,1.16919,-0.20977,0.05806,-0.02098,0.00468,-4e-4,NA,NA,NA,NA,NA,NA,NA,NA,NA,NA,NA,NA,NA,NA,NA,NA,NA,NA,NA,NA,NA,NA,High,High,High,High,Low,NA,NA,NA,196.174828,78.128043,507.304133,0.205725,12:30:00,-0.983991,-0.052024,-0.170457,57.62339,35.860512,64.537425,-0.114459,163.564438,-0.952835,-16.324515,0.952835,-0.281077,0.114459,6.849832,-6.572438,0.281077,-0.281077,-163.564438,6.572438,0.114459,16.324515,-6.849832,-0.114459,0.281077,0.952835,-0.952835,NA,NA,NA,NA,NA,NA,NA,NA,NA,NA,NA
NA,NA,NA,NA,NA,NA,NA,NA,NA,NA,NA,NA,NA,NA,NA,NA,121,2026-02-10,14:01:41,4,4,"Rasic, Anthony",1000289210,Right,ORA_COA,"Trout, Tyler",NA,Right,MT._SAN,Undefined,4,Top,1,0,2,Fastball,Changeup,StrikeCalled,Strikeout,Undefined,Undefined,0,0,NA,85.59761,-1.899912,-2.734689,2073.864591,212.85595,01:00:00,5.83897,0.54232,6.162,-22.46651,16.28241,9.52189,2.20902,-1.19237,76.49811,-6.196616,-1.018789,0.448024,NA,NA,NA,NA,NA,NA,NA,NA,NA,NA,NA,-5.8413,9.50587,-0.33926,50,5.68332,5.52792,-123.88314,-4.73355,-8.8471,30.60522,-17.77663,ORA_COA,MT._SAN,JohnAltobelliPark,JUCO,NJCAA,20260210-JohnAltobelliPark-1,14b57f50-06cc-11f1-9622-2f53c37c9706,84.13043,NA,NA,9.09951,NA,NA,NA,NA,NA,NA,f8462b57-8140-48a2-876f-4518772dfcbd,2026-02-10,22:01:41,2026-02-10T22:01:41Z,2026-02-10T22:01:41Z,NA,v3,NA,NA,NA,"Barnes, Flynn",1000398235,Right,ORA_COA,13b01008-3e1e-489d-9ae0-150fb1e5cdae,54.33213,-124.9488,15.30261,5.83736,-4.11457,-8.88832,-0.53711,5.83597,-4.42355,NA,NA,NA,NA,NA,NA,NA,NA,NA,NA,NA,NA,NA,NA,NA,NA,NA,NA,NA,NA,NA,NA,NA,NA,NA,NA,NA,NA,NA,NA,NA,NA,NA,NA,NA,NA,NA,NA,NA,NA,NA,NA,NA,NA,NA,NA,NA,NA,NA,NA,High,High,High,NA,NA,NA,NA,NA,224.365446,23.575027,1900.773921,0.916537,01:30:00,-0.409313,-0.65378,-0.636423,-60.452559,-36.844692,-11.991907,0.052533,143.541824,-0.80318,36.399746,0.80318,-0.593415,-0.052533,3.742143,3.011282,0.593415,0.593415,-143.541824,-3.011282,0.052533,-36.399746,-3.742143,-0.052533,-0.593415,0.80318,-0.80318,NA,NA,NA,NA,NA,NA,NA,NA,NA,NA,NA
NA,NA,NA,NA,NA,NA,NA,NA,NA,NA,NA,NA,NA,NA,NA,NA,122,2026-02-10,14:02:13,5,1,"Rasic, Anthony",1000289210,Right,ORA_COA,"Mattson, Ty",1000213901,Right,MT._SAN,Undefined,4,Top,2,0,0,Cutter,Slider,BallCalled,Undefined,Undefined,Undefined,0,0,NA,78.87,-0.595072,-1.25995,2416.083737,105.51826,09:30:00,5.77168,0.71112,5.91843,-42.80991,2.24221,-2.79402,1.65179,-0.69117,72.30019,-8.481222,-1.762435,0.483091,NA,NA,NA,NA,NA,NA,NA,NA,NA,NA,NA,1.06205,1.76744,-0.60861,50,5.69977,2.62284,-114.53534,-2.52718,1.40266,22.29225,-29.83974,ORA_COA,MT._SAN,JohnAltobelliPark,JUCO,NJCAA,20260210-JohnAltobelliPark-1,27c39460-06cc-11f1-9622-2f53c37c9706,78.02346,NA,NA,6.56982,NA,NA,NA,NA,NA,NA,f8462b57-8140-48a2-876f-4518772dfcbd,2026-02-10,22:02:13,2026-02-10T22:02:13Z,2026-02-10T22:02:13Z,NA,v3,NA,NA,NA,"Barnes, Flynn",1000398235,Right,ORA_COA,35c68504-3c85-41e2-bc67-1a950eaf5206,54.58094,-115.42349,11.14613,5.77678,-1.33833,-14.91987,-0.71199,2.56696,0.70133,NA,NA,NA,NA,NA,NA,NA,NA,NA,NA,NA,NA,NA,NA,NA,NA,NA,NA,NA,NA,NA,NA,NA,NA,NA,NA,NA,NA,NA,NA,NA,NA,NA,NA,NA,NA,NA,NA,NA,NA,NA,NA,NA,NA,NA,NA,NA,NA,NA,NA,High,High,High,NA,NA,NA,NA,NA,209.07687,77.830053,509.339666,0.210812,01:00:00,-0.980225,-0.112598,-0.162729,63.331761,35.751477,67.426162,-0.018146,162.8862,-0.955565,-17.110895,0.955565,-0.294222,0.018146,1.087901,-1.039742,0.294222,-0.294222,-162.8862,1.039742,0.018146,17.110895,-1.087901,-0.018146,0.294222,0.955565,-0.955565,NA,NA,NA,NA,NA,NA,NA,NA,NA,NA,NA
NA,NA,NA,NA,NA,NA,NA,NA,NA,NA,NA,NA,NA,NA,NA,NA,123,2026-02-10,14:02:36,5,2,"Rasic, Anthony",1000289210,Right,ORA_COA,"Mattson, Ty",1000213901,Right,MT._SAN,Undefined,4,Top,2,1,0,Fastball,Changeup,FoulBallNotFieldable,Undefined,Undefined,Undefined,0,0,NA,84.09273,-1.829587,-2.845703,2157.04584,239.659563,02:00:00,5.8678,0.63806,6.42741,-27.08368,12.44146,18.68954,1.92652,-0.42226,75.64123,-6.970208,0.542131,0.452489,NA,NA,NA,NA,NA,NA,NA,NA,NA,NA,NA,-10.83642,7.54748,-0.44365,50,5.72513,5.37637,-121.90986,-4.64728,-15.94806,28.8993,-21.06636,ORA_COA,MT._SAN,JohnAltobelliPark,JUCO,NJCAA,20260210-JohnAltobelliPark-1,35a11440-06cc-11f1-9622-2f53c37c9706,83.30024,NA,NA,8.4515,NA,NA,NA,NA,NA,NA,f8462b57-8140-48a2-876f-4518772dfcbd,2026-02-10,22:02:36,2026-02-10T22:02:36Z,2026-02-10T22:02:36Z,NA,v3,NA,NA,NA,"Barnes, Flynn",1000398235,Right,ORA_COA,4068e8b2-84d7-4c3a-b7f1-5ac0d1880601,54.07212,-122.87138,14.44965,5.86809,-3.94637,-10.53318,-0.63136,5.90699,-7.97403,NA,NA,NA,NA,NA,NA,NA,NA,NA,NA,NA,NA,NA,NA,NA,NA,NA,NA,NA,NA,NA,NA,NA,NA,NA,NA,NA,NA,NA,NA,NA,NA,NA,NA,NA,NA,NA,NA,NA,NA,NA,NA,NA,NA,NA,NA,NA,NA,NA,NA,High,High,High,NA,NA,NA,NA,NA,222.953801,29.378468,1879.645936,0.871398,01:30:00,-0.502451,-0.609138,-0.613591,56.722708,60.062454,32.710607,-0.933113,154.215075,-0.323782,-8.998989,0.323782,-0.156417,0.933113,70.863693,-68.925339,0.156417,-0.156417,-154.215075,68.925339,0.933113,8.998989,-70.863693,-0.933113,0.156417,0.323782,-0.323782,NA,NA,NA,NA,NA,NA,NA,NA,NA,NA,NA
NA,NA,NA,NA,NA,NA,NA,NA,NA,NA,NA,NA,NA,NA,NA,NA,124,2026-02-10,14:03:02,5,3,"Rasic, Anthony",1000289210,Right,ORA_COA,"Mattson, Ty",1000213901,Right,MT._SAN,Undefined,4,Top,2,1,1,Cutter,Slider,BallCalled,Undefined,Undefined,Undefined,0,0,NA,80.03843,-0.729532,-3.81561,2574.846677,105.21989,09:30:00,5.76427,0.60124,5.93278,-41.28955,2.78193,-4.7928,1.64509,-3.34346,73.12147,-8.330686,-4.674018,0.477804,NA,NA,NA,NA,NA,NA,NA,NA,NA,NA,NA,1.27921,2.1265,-0.29351,50,5.68292,7.91552,-115.94198,-2.78447,1.72463,23.61204,-29.30712,ORA_COA,MT._SAN,JohnAltobelliPark,JUCO,NJCAA,20260210-JohnAltobelliPark-1,452f2a50-06cc-11f1-9622-2f53c37c9706,78.88675,NA,NA,6.91696,NA,NA,NA,NA,NA,NA,f8462b57-8140-48a2-876f-4518772dfcbd,2026-02-10,22:03:02,2026-02-10T22:03:02Z,2026-02-10T22:03:02Z,NA,v3,NA,NA,NA,"Barnes, Flynn",1000398235,Right,ORA_COA,656abf12-3252-4d28-94f6-9c2bc70778ce,54.56519,-116.868,11.80602,5.76958,-1.6351,-14.65356,-0.60261,7.84788,0.86231,NA,NA,NA,NA,NA,NA,NA,NA,NA,NA,NA,NA,NA,NA,NA,NA,NA,NA,NA,NA,NA,NA,NA,NA,NA,NA,NA,NA,NA,NA,NA,NA,NA,NA,NA,NA,NA,NA,NA,NA,NA,NA,NA,NA,NA,NA,NA,NA,NA,NA,High,High,High,NA,NA,NA,NA,NA,198.248141,83.512274,290.932884,0.11299,12:30:00,-0.998005,-0.048029,-0.040986,64.235251,32.580151,62.185677,-0.096268,155.918016,-0.908722,-23.963102,0.908722,-0.406148,0.096268,6.047207,-5.524283,0.406148,-0.406148,-155.918016,5.524283,0.096268,23.963102,-6.047207,-0.096268,0.406148,0.908722,-0.908722,NA,NA,NA,NA,NA,NA,NA,NA,NA,NA,NA
NA,NA,NA,NA,NA,NA,NA,NA,NA,NA,NA,NA,NA,NA,NA,NA,125,2026-02-10,14:03:24,5,4,"Rasic, Anthony",1000289210,Right,ORA_COA,"Mattson, Ty",1000213901,Right,MT._SAN,Undefined,4,Top,2,2,1,Fastball,Changeup,BallCalled,Undefined,Undefined,Undefined,0,0,NA,85.18246,-2.739494,-2.713391,2105.025119,237.162087,02:00:00,5.86115,0.70529,6.25166,-27.05553,11.81942,15.99363,1.07535,-0.46612,76.62775,-7.84296,0.177303,0.448752,NA,NA,NA,NA,NA,NA,NA,NA,NA,NA,NA,-9.24422,7.50197,-0.51121,50,5.64418,5.22411,-123.34001,-6.69819,-13.92033,29.66948,-20.87723,ORA_COA,MT._SAN,JohnAltobelliPark,JUCO,NJCAA,20260210-JohnAltobelliPark-1,5276d2d0-06cc-11f1-9622-2f53c37c9706,83.99392,NA,NA,8.55471,NA,NA,NA,NA,NA,NA,f8462b57-8140-48a2-876f-4518772dfcbd,2026-02-10,22:03:24,2026-02-10T22:03:24Z,2026-02-10T22:03:24Z,NA,v3,NA,NA,NA,"Barnes, Flynn",1000398235,Right,ORA_COA,b980e391-70c7-4a91-9eec-eb6baaa527e2,54.24604,-124.35721,14.83474,5.86155,-5.98243,-10.43862,-0.6985,5.70136,-6.96016,NA,NA,NA,NA,NA,NA,NA,NA,NA,NA,NA,NA,NA,NA,NA,NA,NA,NA,NA,NA,NA,NA,NA,NA,NA,NA,NA,NA,NA,NA,NA,NA,NA,NA,NA,NA,NA,NA,NA,NA,NA,NA,NA,NA,NA,NA,NA,NA,NA,NA,High,High,High,NA,NA,NA,NA,NA,223.520967,23.36308,1932.434845,0.91801,01:30:00,-0.396992,-0.650391,-0.647602,80.969109,51.183687,68.982922,-0.956091,173.168586,-0.29099,-1.997748,0.29099,-0.03486,0.956091,73.072196,-72.958147,0.03486,-0.03486,-173.168586,72.958147,0.956091,1.997748,-73.072196,-0.956091,0.03486,0.29099,-0.29099,NA,NA,NA,NA,NA,NA,NA,NA,NA,NA,NA
NA,NA,NA,NA,NA,NA,NA,NA,NA,NA,NA,NA,NA,NA,NA,NA,126,2026-02-10,14:03:43,5,5,"Rasic, Anthony",1000289210,Right,ORA_COA,"Mattson, Ty",1000213901,Right,MT._SAN,Undefined,4,Top,2,3,1,Fastball,Four-Seam,FoulBallNotFieldable,Undefined,Undefined,Undefined,0,0,NA,86.25232,-1.881995,-1.857206,2066.758948,205.185895,12:45:00,5.82845,0.59028,6.24875,-19.4158,18.77855,8.08965,2.47323,-0.44903,76.64579,-5.64835,-0.396028,0.444806,74.67021,4.068563,174.491561,NA,NA,NA,NA,93.40496,45.1543,177.262223,1.016732,-4.72713,10.76253,-0.45507,50,5.6785,3.6904,-124.76945,-4.57546,-7.23669,31.85088,-15.69792,ORA_COA,MT._SAN,JohnAltobelliPark,JUCO,NJCAA,20260210-JohnAltobelliPark-1,5dd82f20-06cc-11f1-9622-2f53c37c9706,84.73899,3.99577,NA,9.60653,NA,NA,NA,2.87716,2.46962,0.49571,f8462b57-8140-48a2-876f-4518772dfcbd,2026-02-10,22:03:43,2026-02-10T22:03:43Z,2026-02-10T22:03:43Z,GroundBall,v3,NA,NA,NA,"Barnes, Flynn",1000398235,Right,ORA_COA,8f6778ae-8028-4809-9416-90ef176ad4f3,54.23853,-125.84681,15.92544,5.82429,-4.04448,-7.84896,-0.58404,3.93518,-3.61834,NA,2.75527,-107.08688,12.5118,NA,NA,NA,NA,NA,NA,2.46175,7.89319,-10.14053,NA,NA,NA,NA,NA,NA,0.57204,9.441,-5.58734,NA,NA,NA,NA,NA,NA,NA,NA,NA,NA,NA,NA,NA,NA,NA,NA,NA,NA,NA,NA,NA,NA,NA,NA,NA,NA,NA,NA,High,High,High,Low,Low,NA,NA,NA,223.338449,20.067582,1941.283009,0.939289,01:30:00,-0.343744,-0.655561,-0.672369,-59.651209,-30.16336,-9.444282,-0.046169,147.400528,-0.841559,-32.560409,0.841559,-0.538189,0.046169,3.14014,-2.646203,0.538189,-0.538189,-147.400528,2.646203,0.046169,32.560409,-3.14014,-0.046169,0.538189,0.841559,-0.841559,NA,NA,NA,NA,NA,NA,NA,NA,NA,NA,NA
NA,NA,NA,NA,NA,NA,NA,NA,NA,NA,NA,NA,NA,NA,NA,NA,127,2026-02-10,14:04:10,5,6,"Rasic, Anthony",1000289210,Right,ORA_COA,"Mattson, Ty",1000213901,Right,MT._SAN,Undefined,4,Top,2,3,2,Fastball,Four-Seam,BallCalled,Walk,Undefined,Undefined,0,0,NA,87.57433,-2.952799,-2.76273,2030.277137,205.148033,12:45:00,5.84174,0.50931,6.26812,-20.31659,16.71879,7.13985,1.42084,-1.44472,78.10163,-6.855742,-1.473521,0.438006,NA,NA,NA,NA,NA,NA,NA,NA,NA,NA,NA,-4.68607,10.16099,-0.30796,50,5.61301,5.81862,-126.63932,-7.08459,-7.39084,32.80045,-16.14821,ORA_COA,MT._SAN,JohnAltobelliPark,JUCO,NJCAA,20260210-JohnAltobelliPark-1,6db48c40-06cc-11f1-9622-2f53c37c9706,86.05471,NA,NA,9.4727,NA,NA,NA,NA,NA,NA,f8462b57-8140-48a2-876f-4518772dfcbd,2026-02-10,22:04:10,2026-02-10T22:04:10Z,2026-02-10T22:04:10Z,NA,v3,NA,NA,NA,"Barnes, Flynn",1000398235,Right,ORA_COA,7da35340-a31f-4982-93aa-6b45abdf78f3,54.22621,-127.72924,16.40022,5.83951,-6.548,-8.0741,-0.50538,6.06421,-3.69542,NA,NA,NA,NA,NA,NA,NA,NA,NA,NA,NA,NA,NA,NA,NA,NA,NA,NA,NA,NA,NA,NA,NA,NA,NA,NA,NA,NA,NA,NA,NA,NA,NA,NA,NA,NA,NA,NA,NA,NA,NA,NA,NA,NA,NA,NA,NA,NA,NA,NA,High,High,High,NA,NA,NA,NA,NA,220.160992,22.165223,1880.239159,0.9261,01:15:00,-0.379722,-0.615918,-0.690258,-50.734548,-26.211856,-9.341494,0.038308,146.526158,-0.833525,33.446038,0.833525,-0.551151,-0.038308,2.631379,2.195402,0.551151,0.551151,-146.526158,-2.195402,0.038308,-33.446038,-2.631379,-0.038308,-0.551151,0.833525,-0.833525,NA,NA,NA,NA,NA,NA,NA,NA,NA,NA,NA
NA,NA,NA,NA,NA,NA,NA,NA,NA,NA,NA,NA,NA,NA,NA,NA,128,2026-02-10,14:05:06,6,1,"Rasic, Anthony",1000289210,Right,ORA_COA,"Siqueiros, Will",10914754,Right,MT._SAN,Undefined,4,Top,2,0,0,Cutter,Slider,InPlay,Undefined,FlyBall,Out,1,0,NA,80.37648,-1.26343,-1.699486,2291.471199,164.368638,11:30:00,5.77357,0.83098,5.84438,-35.23494,8.50024,-1.95803,1.66248,-0.91203,73.23369,-7.791814,-2.050801,0.475978,84.77283,26.811746,3.894602,3468.101693,109.24383,46.00491,12.87583,296.67101,290.74088,10.508138,4.092893,0.48461,5.15055,-0.69143,50,5.65002,3.53323,-116.60738,-3.66164,0.66004,24.13177,-25.15883,ORA_COA,MT._SAN,JohnAltobelliPark,JUCO,NJCAA,20260210-JohnAltobelliPark-1,8f24ba80-06cc-11f1-9622-2f53c37c9706,79.18949,54.50756,NA,7.14279,NA,NA,NA,1.8272,1.79478,0.89608,f8462b57-8140-48a2-876f-4518772dfcbd,2026-02-10,22:05:06,2026-02-10T22:05:06Z,2026-02-10T22:05:06Z,LineDrive,v3,NA,NA,NA,"Barnes, Flynn",1000398235,Right,ORA_COA,093a5ab0-a9e9-4d57-91a1-b9144cb305ed,54.65493,-117.56676,12.06589,5.77571,-2.66142,-12.57941,-0.83138,3.50699,0.33002,206.479082,1.82674,110.72263,-19.08134,4.33154,-0.99398,0.24145,-0.05154,0.00708,-4.2e-4,1.79561,56.06057,-16.01069,0.50552,0.16302,-0.11534,0.03427,-0.00475,2.5e-4,0.8961,7.53709,3.4862,-1.1257,0.28178,-0.05359,0.00701,-5.8e-4,2e-5,NA,NA,NA,NA,NA,NA,NA,NA,NA,NA,NA,NA,NA,NA,NA,NA,NA,NA,NA,NA,NA,NA,High,High,High,High,High,NA,NA,NA,213.18564,73.873453,636.478561,0.27776,01:00:00,-0.963538,-0.173177,-0.203971,55.59363,26.678964,66.393317,-0.107631,156.585187,-0.912321,-23.270759,0.912321,-0.395077,0.107631,6.728342,-6.178752,0.395077,-0.395077,-156.585187,6.178752,0.107631,23.270759,-6.728342,-0.107631,0.395077,0.912321,-0.912321,NA,NA,NA,NA,NA,NA,NA,NA,NA,NA,NA
NA,NA,NA,NA,NA,NA,NA,NA,NA,NA,NA,NA,NA,NA,NA,NA,129,2026-02-10,14:07:42,1,1,"Polk, Kian",NA,Right,MT._SAN,"Stuppy, Liam",1000268449,Right,ORA_COA,Undefined,4,Bottom,0,0,0,Fastball,Changeup,StrikeCalled,Undefined,Undefined,Undefined,0,0,NA,77.07839,-0.357408,1.094837,1747.007974,169.80964,11:45:00,5.79513,-1.23775,4.86415,-28.49982,21.85383,-3.55437,3.08182,-0.49762,68.49073,-5.71221,0.469113,0.510725,NA,NA,NA,NA,NA,NA,NA,NA,NA,NA,NA,2.12209,11.42595,1.13302,50,5.7373,-1.97399,-111.32006,-1.56453,2.58681,25.2988,-18.2458,ORA_COA,MT._SAN,JohnAltobelliPark,JUCO,NJCAA,20260210-JohnAltobelliPark-1,ebf8c440-06cc-11f1-9622-2f53c37c9706,73.80187,NA,NA,8.58766,NA,NA,NA,NA,NA,NA,f8462b57-8140-48a2-876f-4518772dfcbd,2026-02-10,22:07:42,2026-02-10T22:07:42Z,2026-02-10T22:07:42Z,NA,v3,NA,NA,NA,"Fielder, M",NA,Right,MT._SAN,3b3ac441-31f9-4656-a27e-301a9a77798d,55.62568,-112.5913,12.6494,5.79289,-0.6477,-9.1229,1.23548,-2.10397,1.29341,NA,NA,NA,NA,NA,NA,NA,NA,NA,NA,NA,NA,NA,NA,NA,NA,NA,NA,NA,NA,NA,NA,NA,NA,NA,NA,NA,NA,NA,NA,NA,NA,NA,NA,NA,NA,NA,NA,NA,NA,NA,NA,NA,NA,NA,NA,NA,NA,NA,NA,High,High,High,NA,NA,NA,NA,NA,152.871039,-21.38264,1626.754994,0.931166,11:00:00,0.377708,0.426873,-0.821655,28.338833,-8.799869,-43.9906,-0.117961,171.303579,-0.981602,-8.635239,0.981602,-0.150143,0.117961,6.852472,-6.774428,0.150143,-0.150143,-171.303579,6.774428,0.117961,8.635239,-6.852472,-0.117961,0.150143,0.981602,-0.981602,NA,NA,NA,NA,NA,NA,NA,NA,NA,NA,NA
NA,NA,NA,NA,NA,NA,NA,NA,NA,NA,NA,NA,NA,NA,NA,NA,130,2026-02-10,14:07:57,1,2,"Polk, Kian",NA,Right,MT._SAN,"Stuppy, Liam",1000268449,Right,ORA_COA,Undefined,4,Bottom,0,0,1,Curveball,Curveball,BallCalled,Undefined,Undefined,Undefined,0,0,NA,66.23189,4.789161,0.290077,1847.955694,298.3507,04:00:00,5.64723,-1.22339,4.44062,-75.54024,-6.10063,16.34623,3.93096,0.41548,59.24517,-8.818765,3.14197,0.599757,NA,NA,NA,NA,NA,NA,NA,NA,NA,NA,NA,-7.7193,-3.77087,1.17566,50,6.08254,-1.11174,-95.43975,5.5202,-6.93025,18.33446,-35.55947,ORA_COA,MT._SAN,JohnAltobelliPark,JUCO,NJCAA,20260210-JohnAltobelliPark-1,f520f970-06cc-11f1-9622-2f53c37c9706,62.84622,NA,NA,6.98672,NA,NA,NA,NA,NA,NA,f8462b57-8140-48a2-876f-4518772dfcbd,2026-02-10,22:07:57,2026-02-10T22:07:57Z,2026-02-10T22:07:57Z,NA,v3,NA,NA,NA,"Fielder, M",NA,Right,MT._SAN,ab24d694-582e-4965-9955-a9cfcd895548,56.05733,-96.59639,9.16723,5.66353,7.76348,-17.77973,1.232,-0.67454,-3.46512,NA,NA,NA,NA,NA,NA,NA,NA,NA,NA,NA,NA,NA,NA,NA,NA,NA,NA,NA,NA,NA,NA,NA,NA,NA,NA,NA,NA,NA,NA,NA,NA,NA,NA,NA,NA,NA,NA,NA,NA,NA,NA,NA,NA,NA,NA,NA,NA,NA,NA,High,High,High,NA,NA,NA,NA,NA,326.954374,-57.16851,1001.906346,0.54217,05:00:00,0.81034,-0.36477,0.458575,-2.96469,41.812574,-64.301602,0.20114,147.244723,-0.823801,32.005058,0.823801,-0.529994,-0.20114,13.720962,11.603658,0.529994,0.529994,-147.244723,-11.603658,0.20114,-32.005058,-13.720962,-0.20114,-0.529994,0.823801,-0.823801,NA,NA,NA,NA,NA,NA,NA,NA,NA,NA,NA
NA,NA,NA,NA,NA,NA,NA,NA,NA,NA,NA,NA,NA,NA,NA,NA,131,2026-02-10,14:08:12,1,3,"Polk, Kian",NA,Right,MT._SAN,"Stuppy, Liam",1000268449,Right,ORA_COA,Undefined,4,Bottom,0,1,1,Fastball,Changeup,FoulBallNotFieldable,Undefined,Undefined,Undefined,0,0,NA,78.06105,0.040108,1.019837,1917.509493,175.01542,11:45:00,5.80791,-1.17324,5.05799,-25.08151,23.65529,-1.88839,3.75561,-0.36875,69.2658,-4.728063,0.686293,0.502458,67.01906,11.19363,168.908138,5634.435459,NA,NA,NA,108.96672,49.86276,173.888975,1.408096,1.29004,12.20304,1.07776,50,5.79313,-1.92595,-112.77577,-0.63787,1.61385,25.97934,-16.90812,ORA_COA,MT._SAN,JohnAltobelliPark,JUCO,NJCAA,20260210-JohnAltobelliPark-1,fe0e2170-06cc-11f1-9622-2f53c37c9706,75.01607,9.42555,NA,8.79525,NA,NA,NA,1.88886,3.79607,0.11528,f8462b57-8140-48a2-876f-4518772dfcbd,2026-02-10,22:08:12,2026-02-10T22:08:12Z,2026-02-10T22:08:12Z,GroundBall,v3,NA,NA,NA,"Fielder, M",NA,Right,MT._SAN,d195a8e2-5ffb-425c-be94-b16fd713335e,55.43119,-114.02005,12.98967,5.80428,0.17195,-8.45406,1.17185,-2.00324,0.80693,NA,1.88886,-94.62337,14.21829,-2.34051,0.41555,-0.06316,0.00945,-0.00117,6e-5,3.79607,19.08147,-16.75381,1.09756,-0.18066,0.05436,-0.02077,0.00705,-0.00108,0.11528,18.55034,-9.89762,2.39991,-0.53378,0.06435,0.01529,-0.01084,0.00196,NA,NA,NA,NA,NA,NA,NA,NA,NA,NA,NA,NA,NA,NA,NA,NA,NA,NA,NA,NA,NA,NA,High,High,High,High,Medium,NA,NA,NA,158.562196,-30.075772,1659.342555,0.865363,11:15:00,0.515623,0.315932,-0.796442,44.246251,-9.021783,-66.281626,0.111064,168.067927,-0.97234,11.857177,0.97234,-0.205473,-0.111064,6.516264,6.376642,0.205473,0.205473,-168.067927,-6.376642,0.111064,-11.857177,-6.516264,-0.111064,-0.205473,0.97234,-0.97234,NA,NA,NA,NA,NA,NA,NA,NA,NA,NA,NA
NA,NA,NA,NA,NA,NA,NA,NA,NA,NA,NA,NA,NA,NA,NA,NA,132,2026-02-10,14:08:33,1,4,"Polk, Kian",NA,Right,MT._SAN,"Stuppy, Liam",1000268449,Right,ORA_COA,Undefined,4,Bottom,0,1,2,ChangeUp,Changeup,FoulBallNotFieldable,Undefined,Undefined,Undefined,0,0,NA,73.12115,1.12547,1.723414,1368.795612,130.353576,10:15:00,5.60475,-1.41419,4.95266,-43.92117,11.13359,-10.7206,3.00872,-0.67865,65.95265,-6.937324,-0.167299,0.534034,72.48808,59.564559,94.247074,4532.766025,NA,NA,NA,NA,38.80425,NA,NA,5.8926,5.6817,1.25654,50,5.67839,-2.77026,-105.82404,0.67716,6.56925,20.90497,-25.83993,ORA_COA,MT._SAN,JohnAltobelliPark,JUCO,NJCAA,20260210-JohnAltobelliPark-1,0a6c0630-06cd-11f1-9622-2f53c37c9706,70.58062,53.37752,NA,7.16849,NA,NA,NA,2.85107,3.18021,0.67509,f8462b57-8140-48a2-876f-4518772dfcbd,2026-02-10,22:08:33,2026-02-10T22:08:33Z,2026-02-10T22:08:33Z,NA,v3,NA,NA,NA,"Fielder, M",NA,Right,MT._SAN,35e398c8-61d2-43bf-a9c6-a44faa51b6e0,55.54465,-106.91374,10.45249,5.60798,2.02411,-12.91997,1.40987,-3.11269,3.28462,NA,2.85107,-3.98845,0.08403,-0.02923,0.00796,-0.00225,6.3e-4,-1.5e-4,2e-5,3.18021,91.66543,-41.27694,8.22604,-2.24252,0.63043,-0.17847,0.04339,-0.00627,0.67509,53.70814,-10.81126,2.88421,-0.75946,0.21633,-0.06108,0.01486,-0.00215,NA,NA,NA,NA,NA,NA,NA,NA,NA,NA,NA,NA,NA,NA,NA,NA,NA,NA,NA,NA,NA,NA,High,High,High,Low,Undefined,NA,NA,NA,121.859651,12.10773,1338.34668,0.977755,10:00:00,-0.177789,0.83441,-0.521681,-44.189377,12.184389,11.952005,0.109336,103.320351,-0.229014,75.298981,0.229014,-0.967263,-0.109336,25.520752,6.277039,0.967263,0.967263,-103.320351,-6.277039,0.109336,-75.298981,-25.520752,-0.109336,-0.967263,0.229014,-0.229014,NA,NA,NA,NA,NA,NA,NA,NA,NA,NA,NA
NA,NA,NA,NA,NA,NA,NA,NA,NA,NA,NA,NA,NA,NA,NA,NA,133,2026-02-10,14:08:54,1,5,"Polk, Kian",NA,Right,MT._SAN,"Stuppy, Liam",1000268449,Right,ORA_COA,Undefined,4,Bottom,0,1,2,Fastball,Changeup,InPlay,Undefined,GroundBall,Single,0,0,NA,79.18363,-1.306809,-0.165181,1907.809321,176.626127,12:00:00,5.88175,-0.79395,5.26429,-28.60848,17.66198,-0.94158,2.26982,-1.0276,71.58044,-6.637375,-0.3323,0.48958,91.46122,-0.285506,1.879249,3600.130411,NA,NA,NA,43.59167,41.1627,3.232404,0.324149,0.42083,9.74296,0.8098,50,5.74177,0.36858,-114.71868,-3.50965,0.55238,24.19245,-19.38508,ORA_COA,MT._SAN,JohnAltobelliPark,JUCO,NJCAA,20260210-JohnAltobelliPark-1,16b10bc0-06cd-11f1-9622-2f53c37c9706,76.98939,2.29732,NA,7.6032,NA,NA,NA,1.86398,2.29732,1.02191,f8462b57-8140-48a2-876f-4518772dfcbd,2026-02-10,22:08:54,2026-02-10T22:08:54Z,2026-02-10T22:08:54Z,GroundBall,v3,NA,NA,NA,"Fielder, M",NA,Right,MT._SAN,b8a67e47-eeb5-4995-83c2-a53980625b48,55.2329,-115.81696,12.09623,5.88112,-2.62961,-9.69254,0.79364,0.3435,0.27619,351.185276,1.86765,133.91806,-16.73403,NA,NA,NA,NA,NA,NA,2.3009,-0.81547,-19.4153,NA,NA,NA,NA,NA,NA,1.02178,4.40438,0.08221,NA,NA,NA,NA,NA,NA,NA,NA,NA,NA,NA,NA,NA,NA,NA,NA,NA,NA,NA,NA,NA,NA,NA,NA,NA,NA,NA,NA,High,High,High,High,High,NA,NA,NA,163.402414,-30.59556,1642.206909,0.860781,11:30:00,0.500854,0.257424,-0.826364,36.915786,-8.841907,-63.700857,0.039299,172.20592,-0.989996,7.788022,0.989996,-0.135508,-0.039299,2.273212,2.252234,0.135508,0.135508,-172.20592,-2.252234,0.039299,-7.788022,-2.273212,-0.039299,-0.135508,0.989996,-0.989996,NA,NA,NA,NA,NA,NA,NA,NA,NA,NA,NA
NA,NA,NA,NA,NA,NA,NA,NA,NA,NA,NA,NA,NA,NA,NA,NA,134,2026-02-10,14:09:31,2,1,"Polk, Kian",NA,Right,MT._SAN,"Choo, Alan",1000374695,Right,ORA_COA,Undefined,4,Bottom,0,0,0,Fastball,Changeup,BallCalled,Undefined,Undefined,Undefined,0,0,NA,78.45347,0.998318,1.886682,1887.485616,170.474932,11:45:00,5.91269,-0.57795,5.21541,-27.83785,19.45017,-2.97713,4.5322,0.94865,70.59577,-4.223949,1.359736,0.494934,NA,NA,NA,NA,NA,NA,NA,NA,NA,NA,NA,2.06854,9.85095,0.40589,50,5.98486,-3.61546,-113.54075,1.13574,2.66294,23.46987,-19.49234,ORA_COA,MT._SAN,JohnAltobelliPark,JUCO,NJCAA,20260210-JohnAltobelliPark-1,2cc9c8c0-06cd-11f1-9622-2f53c37c9706,76.15655,NA,NA,7.85769,NA,NA,NA,NA,NA,NA,f8462b57-8140-48a2-876f-4518772dfcbd,2026-02-10,22:09:31,2026-02-10T22:09:31Z,2026-02-10T22:09:31Z,NA,v3,NA,NA,NA,"Fielder, M",NA,Right,MT._SAN,57d1a729-00d2-463c-8b55-b9a8dc4aee39,55.27774,-114.62652,11.73494,5.91146,2.0375,-9.74617,0.576,-3.73865,1.33147,NA,NA,NA,NA,NA,NA,NA,NA,NA,NA,NA,NA,NA,NA,NA,NA,NA,NA,NA,NA,NA,NA,NA,NA,NA,NA,NA,NA,NA,NA,NA,NA,NA,NA,NA,NA,NA,NA,NA,NA,NA,NA,NA,NA,NA,NA,NA,NA,NA,NA,High,High,High,NA,NA,NA,NA,NA,165.12954,-28.52121,1658.421147,0.87864,11:30:00,0.509038,0.217136,-0.832906,37.192586,-9.093798,-64.219031,0.059193,173.928217,-0.992647,6.061097,0.992647,-0.105589,-0.059193,3.412582,3.393483,0.105589,0.105589,-173.928217,-3.393483,0.059193,-6.061097,-3.412582,-0.059193,-0.105589,0.992647,-0.992647,NA,NA,NA,NA,NA,NA,NA,NA,NA,NA,NA
NA,NA,NA,NA,NA,NA,NA,NA,NA,NA,NA,NA,NA,NA,NA,NA,135,2026-02-10,14:09:51,2,2,"Polk, Kian",NA,Right,MT._SAN,"Choo, Alan",1000374695,Right,ORA_COA,Undefined,4,Bottom,0,1,0,Fastball,Changeup,FoulBallNotFieldable,Undefined,Undefined,Undefined,0,0,NA,78.35516,-1.520185,1.118596,1895.601638,176.770156,12:00:00,5.84555,-0.3731,5.48018,-26.80478,19.80879,-1.02642,2.18881,0.58815,71.24102,-6.536496,0.935761,0.491392,65.58005,20.730462,-158.233475,2540.054298,-106.74286,11.15084,-26.56859,140.14401,49.48439,-168.87627,1.943442,0.84787,10.90264,0.27564,50,5.69431,-2.17608,-113.5583,-3.79737,1.09884,22.25667,-18.04451,ORA_COA,MT._SAN,JohnAltobelliPark,JUCO,NJCAA,20260210-JohnAltobelliPark-1,390f6a90-06cd-11f1-9622-2f53c37c9706,76.7055,15.81674,NA,7.11414,NA,NA,NA,0.05025,1.95495,-0.54296,f8462b57-8140-48a2-876f-4518772dfcbd,2026-02-10,22:09:51,2026-02-10T22:09:51Z,2026-02-10T22:09:51Z,LineDrive,v3,NA,NA,NA,"Fielder, M",NA,Right,MT._SAN,a858ea0f-16bd-4932-ac8e-e3836a021880,55.01447,-114.53689,11.12833,5.84384,-3.00399,-9.02226,0.37238,-2.2244,0.54942,NA,0.05019,-83.53743,4.20464,2.09212,-1.00764,0.8396,-0.52992,0.16444,-0.01979,1.95494,34.04776,-23.36516,3.1389,-0.37988,0.22332,-0.09113,0.01039,6.4e-4,-0.54302,-33.35192,11.88414,-0.75804,-0.64741,0.93606,-0.61515,0.19324,-0.02366,NA,NA,NA,NA,NA,NA,NA,NA,NA,NA,NA,NA,NA,NA,NA,NA,NA,NA,NA,NA,NA,NA,High,High,High,High,Medium,NA,NA,NA,165.927669,-29.479853,1650.17581,0.870529,11:30:00,0.502721,0.224647,-0.834749,39.1197,-15.249973,-65.875575,0.081394,167.292032,-0.972267,12.665101,0.972267,-0.219252,-0.081394,4.785392,4.668693,0.219252,0.219252,-167.292032,-4.668693,0.081394,-12.665101,-4.785392,-0.081394,-0.219252,0.972267,-0.972267,NA,NA,NA,NA,NA,NA,NA,NA,NA,NA,NA
NA,NA,NA,NA,NA,NA,NA,NA,NA,NA,NA,NA,NA,NA,NA,NA,136,2026-02-10,14:10:39,2,3,"Polk, Kian",NA,Right,MT._SAN,"Choo, Alan",1000374695,Right,ORA_COA,Undefined,4,Bottom,0,1,1,Curveball,Curveball,BallCalled,Undefined,Undefined,Undefined,0,0,NA,66.06165,2.695059,-1.975485,1759.982445,332.177603,05:00:00,5.75925,-0.40596,4.94075,-76.367679999999993,-9.12004,6.03941,1.94576,-1.77044,60.41526,-11.065141,-0.909144,0.590215,NA,NA,NA,NA,NA,NA,NA,NA,NA,NA,NA,-3.60036,-4.66008,0.59269,50,5.95802,3.08545,-95.64868,2.14461,-3.29275,16.51185,-36.43599,ORA_COA,MT._SAN,JohnAltobelliPark,JUCO,NJCAA,20260210-JohnAltobelliPark-1,55b120d0-06cd-11f1-9622-2f53c37c9706,63.86226,NA,NA,5.64639,NA,NA,NA,NA,NA,NA,f8462b57-8140-48a2-876f-4518772dfcbd,2026-02-10,22:10:39,2026-02-10T22:10:39Z,2026-02-10T22:10:39Z,NA,v3,NA,NA,NA,"Fielder, M",NA,Right,MT._SAN,1325d2a9-38a6-42d6-8f97-2257c3408f29,55.56125,-96.60395,8.25593,5.77297,4.25257,-18.218,0.40867,3.27594,-1.6463699999999999,NA,NA,NA,NA,NA,NA,NA,NA,NA,NA,NA,NA,NA,NA,NA,NA,NA,NA,NA,NA,NA,NA,NA,NA,NA,NA,NA,NA,NA,NA,NA,NA,NA,NA,NA,NA,NA,NA,NA,NA,NA,NA,NA,NA,NA,NA,NA,NA,NA,NA,High,High,High,NA,NA,NA,NA,NA,348.263325,-52.608849,1068.754869,0.607253,05:30:00,0.807849,-0.160745,0.567046,-2.108007,35.919237,-46.648498,0.211725,152.886483,-0.869926,26.450382,0.869926,-0.445423,-0.211725,13.678836,12.223444,0.445423,0.445423,-152.886483,-12.223444,0.211725,-26.450382,-13.678836,-0.211725,-0.445423,0.869926,-0.869926,NA,NA,NA,NA,NA,NA,NA,NA,NA,NA,NA
NA,NA,NA,NA,NA,NA,NA,NA,NA,NA,NA,NA,NA,NA,NA,NA,137,2026-02-10,14:11:02,2,4,"Polk, Kian",NA,Right,MT._SAN,"Choo, Alan",1000374695,Right,ORA_COA,Undefined,4,Bottom,0,2,1,Curveball,Curveball,HitByPitch,Undefined,Undefined,Undefined,0,0,NA,65.64753,5.245752,-2.630528,1785.451165,342.643555,05:30:00,5.81648,-0.2789,4.93715,-77.27114,-8.49288,3.42433,4.35443,-2.48155,59.28841,-8.731698,-2.028811,0.596894,NA,NA,NA,NA,NA,NA,NA,NA,NA,NA,NA,-2.54595,-5.27209,0.53175,50,6.26375,4.22994,-94.67681,6.35264,-2.27488,16.55559,-36.88481,ORA_COA,MT._SAN,JohnAltobelliPark,JUCO,NJCAA,20260210-JohnAltobelliPark-1,637ee940-06cd-11f1-9622-2f53c37c9706,63.14765,NA,NA,6.35912,NA,NA,NA,NA,NA,NA,f8462b57-8140-48a2-876f-4518772dfcbd,2026-02-10,22:11:02,2026-02-10T22:11:02Z,2026-02-10T22:11:02Z,NA,v3,NA,NA,NA,"Fielder, M",NA,Right,MT._SAN,e7c667ed-75bd-43fa-8e16-028bd8eebd5e,55.56453,-95.6449,8.2778,5.82922,8.50948,-18.44241,0.28052,4.36296,-1.13744,NA,NA,NA,NA,NA,NA,NA,NA,NA,NA,NA,NA,NA,NA,NA,NA,NA,NA,NA,NA,NA,NA,NA,NA,NA,NA,NA,NA,NA,NA,NA,NA,NA,NA,NA,NA,NA,NA,NA,NA,NA,NA,NA,NA,NA,NA,NA,NA,NA,NA,High,High,High,NA,NA,NA,NA,NA,353.777532,-50.792126,1128.647599,0.632136,05:45:00,0.793383,-0.139073,0.592624,-5.977262,32.430161,-43.748186,0.247039,158.413824,-0.901045,20.885242,0.901045,-0.356497,-0.247039,15.331996,14.302355,0.356497,0.356497,-158.413824,-14.302355,0.247039,-20.885242,-15.331996,-0.247039,-0.356497,0.901045,-0.901045,NA,NA,NA,NA,NA,NA,NA,NA,NA,NA,NA
NA,NA,NA,NA,NA,NA,NA,NA,NA,NA,NA,NA,NA,NA,NA,NA,138,2026-02-10,14:11:48,3,1,"Polk, Kian",NA,Right,MT._SAN,"Covington, Tyler",1000398214,Right,ORA_COA,Undefined,4,Bottom,0,0,0,Fastball,Changeup,FoulBallNotFieldable,Undefined,Undefined,Undefined,0,0,NA,78.48167,-1.515025,0.223176,1855.714418,190.211334,12:15:00,5.78983,-0.68163,5.45946,-28.03868,19.12434,3.11209,2.0348,-0.21339,70.38746,-6.788784,0.777558,0.494279,77.40674,-20.405269,-83.787893,NA,NA,NA,NA,5.68481,4.86956,-59.021632,0.052482,-1.49307,10.68012,0.65975,50,5.63787,-0.56573,-113.60973,-3.82664,-1.90522,25.40731,-18.54576,ORA_COA,MT._SAN,JohnAltobelliPark,JUCO,NJCAA,20260210-JohnAltobelliPark-1,7ed44960-06cd-11f1-9622-2f53c37c9706,76.25738,2.08239,NA,8.09422,NA,NA,NA,2.32032,2.08239,0.691,f8462b57-8140-48a2-876f-4518772dfcbd,2026-02-10,22:11:48,2026-02-10T22:11:48Z,2026-02-10T22:11:48Z,GroundBall,v3,NA,NA,NA,"Fielder, M",NA,Right,MT._SAN,dedf484d-75bd-4a29-a9f4-b048b4f6c074,55.03579,-114.73039,12.70365,5.78862,-3.00863,-9.27288,0.68285,-0.4817,-0.95261,180,2.32008,11.54177,NA,NA,NA,NA,NA,NA,NA,2.08319,-39.6782,NA,NA,NA,NA,NA,NA,NA,0.69314,-106.03513,NA,NA,NA,NA,NA,NA,NA,NA,NA,NA,NA,NA,NA,NA,NA,NA,NA,NA,NA,NA,NA,NA,NA,NA,NA,NA,NA,NA,NA,High,High,High,Low,Low,NA,NA,NA,165.829166,-33.148347,1553.711019,0.837258,11:30:00,0.544356,0.219358,-0.809666,41.931943,-6.512307,-71.009271,0.099233,172.940492,-0.987521,7.024488,0.987521,-0.122294,-0.099233,5.738206,5.694992,0.122294,0.122294,-172.940492,-5.694992,0.099233,-7.024488,-5.738206,-0.099233,-0.122294,0.987521,-0.987521,NA,NA,NA,NA,NA,NA,NA,NA,NA,NA,NA
NA,NA,NA,NA,NA,NA,NA,NA,NA,NA,NA,NA,NA,NA,NA,NA,139,2026-02-10,14:12:19,3,2,"Polk, Kian",NA,Right,MT._SAN,"Covington, Tyler",1000398214,Right,ORA_COA,Undefined,4,Bottom,0,0,1,ChangeUp,Changeup,BallCalled,Undefined,Undefined,Undefined,0,0,NA,73.72104,-1.723885,2.043466,1408.943491,113.47201,09:45:00,5.53302,-1.0849,5.17747,-44.8892,9.00158,-16.01288,0.16862,-0.49567,66.79469,-9.925988,-0.798345,0.528358,NA,NA,NA,NA,NA,NA,NA,NA,NA,NA,NA,8.72146,5.62488,0.90767,50,5.33879,-3.20045,-106.67885,-4.62887,9.84697,21.81644,-25.82328,ORA_COA,MT._SAN,JohnAltobelliPark,JUCO,NJCAA,20260210-JohnAltobelliPark-1,9123c960-06cd-11f1-9622-2f53c37c9706,71.33877,NA,NA,6.92636,NA,NA,NA,NA,NA,NA,f8462b57-8140-48a2-876f-4518772dfcbd,2026-02-10,22:12:19,2026-02-10T22:12:19Z,2026-02-10T22:12:19Z,NA,v3,NA,NA,NA,"Fielder, M",NA,Right,MT._SAN,0b1ad96a-b812-4854-8eee-b42724c44491,55.32056,-107.76144,10.90822,5.5367,-3.34745,-12.91164,1.07861,-3.68908,4.92348,NA,NA,NA,NA,NA,NA,NA,NA,NA,NA,NA,NA,NA,NA,NA,NA,NA,NA,NA,NA,NA,NA,NA,NA,NA,NA,NA,NA,NA,NA,NA,NA,NA,NA,NA,NA,NA,NA,NA,NA,NA,NA,NA,NA,NA,NA,NA,NA,NA,NA,High,High,High,NA,NA,NA,NA,NA,130.654291,7.661617,1396.365481,0.991073,10:15:00,-0.132758,0.747531,-0.650825,-51.514873,-0.563085,17.050068,0.085497,100.660112,-0.184305,78.277584,0.184305,-0.979143,-0.085497,24.886136,4.904629,0.979143,0.979143,-100.660112,-4.904629,0.085497,-78.277584,-24.886136,-0.085497,-0.979143,0.184305,-0.184305,NA,NA,NA,NA,NA,NA,NA,NA,NA,NA,NA
NA,NA,NA,NA,NA,NA,NA,NA,NA,NA,NA,NA,NA,NA,NA,NA,140,2026-02-10,14:12:47,3,3,"Polk, Kian",NA,Right,MT._SAN,"Covington, Tyler",1000398214,Right,ORA_COA,Undefined,4,Bottom,0,1,1,Fastball,Changeup,InPlay,Undefined,FlyBall,Out,1,0,NA,79.20365,-1.467465,0.106089,1911.781472,169.019264,11:45:00,5.78946,-0.71251,5.14555,-25.09832,21.81037,-3.87071,2.31598,-0.93518,70.86376,-6.199949,-0.579203,0.492945,102.06155,17.267735,-6.729449,1307.203922,109.32031,31.34445,-12.2064,361.2781,352.25451,-7.909745,3.631042,1.96118,11.88127,0.70572,50,5.63394,-0.05057,-114.56555,-3.68393,2.54388,25.90737,-16.76255,ORA_COA,MT._SAN,JohnAltobelliPark,JUCO,NJCAA,20260210-JohnAltobelliPark-1,a1f18b60-06cd-11f1-9622-2f53c37c9706,76.46385,41.48051,NA,8.33989,NA,NA,NA,1.22501,2.33353,0.91725,f8462b57-8140-48a2-876f-4518772dfcbd,2026-02-10,22:12:47,2026-02-10T22:12:47Z,2026-02-10T22:12:47Z,LineDrive,v3,NA,NA,NA,"Fielder, M",NA,Right,MT._SAN,12a80d58-db5f-4f2e-afc3-e3dc9437355c,55.34865,-115.76875,12.95368,5.78696,-2.90543,-8.38128,0.71081,-0.16872,1.27194,178.033405,1.22517,141.94973,-23.06686,5.14595,-0.83731,0.06812,0.00755,-0.00276,2.4e-4,2.33322,44.45028,-12.34032,-0.17908,-0.14724,0.17014,-0.06237,0.01116,-8e-4,0.9172,-16.74711,2.34214,-0.76444,0.1115,0.00661,-0.00657,0.00114,-7e-5,NA,NA,NA,NA,NA,NA,NA,NA,NA,NA,NA,NA,NA,NA,NA,NA,NA,NA,NA,NA,NA,NA,High,High,High,High,High,NA,NA,NA,161.537452,-26.331611,1713.41855,0.896242,11:30:00,0.437725,0.295092,-0.849304,37.538171,-20.424388,-45.793786,0.093262,167.914869,-0.973576,12.03167,0.973576,-0.208452,-0.093262,5.471852,5.351294,0.208452,0.208452,-167.914869,-5.351294,0.093262,-12.03167,-5.471852,-0.093262,-0.208452,0.973576,-0.973576,NA,NA,NA,NA,NA,NA,NA,NA,NA,NA,NA
NA,NA,NA,NA,NA,NA,NA,NA,NA,NA,NA,NA,NA,NA,NA,NA,141,2026-02-10,14:13:38,4,1,"Polk, Kian",NA,Right,MT._SAN,"Boynton, Zach",1000398241,Left,ORA_COA,Undefined,4,Bottom,1,0,0,Curveball,Curveball,BallCalled,Undefined,Undefined,Undefined,0,0,NA,66.85797,4.861562,0.281797,1872.121639,337.435533,05:15:00,5.80188,-0.43897,4.76567,-80.77276,-12.96264,6.55898,3.69147,0.3748,59.4497,-9.753591,1.434414,0.592678,NA,NA,NA,NA,NA,NA,NA,NA,NA,NA,NA,-3.05264,-7.16638,0.4047,50,6.22012,-0.72449,-96.33084,5.56481,-2.76929,19.77921,-38.67522,ORA_COA,MT._SAN,JohnAltobelliPark,JUCO,NJCAA,20260210-JohnAltobelliPark-1,c06bd230-06cd-11f1-9622-2f53c37c9706,63.59685,NA,NA,7.40827,NA,NA,NA,NA,NA,NA,f8462b57-8140-48a2-876f-4518772dfcbd,2026-02-10,22:13:38,2026-02-10T22:13:38Z,2026-02-10T22:13:38Z,NA,v3,NA,NA,NA,"Fielder, M",NA,Right,MT._SAN,c87c128b-dc4e-4b92-a8a5-66857914d0d3,55.7323,-97.50073,9.8896,5.82333,7.85234,-19.33761,0.44271,-0.5607,-1.38465,NA,NA,NA,NA,NA,NA,NA,NA,NA,NA,NA,NA,NA,NA,NA,NA,NA,NA,NA,NA,NA,NA,NA,NA,NA,NA,NA,NA,NA,NA,NA,NA,NA,NA,NA,NA,NA,NA,NA,NA,NA,NA,NA,NA,NA,NA,NA,NA,NA,NA,High,High,High,NA,NA,NA,NA,NA,343.765104,-55.339276,1064.705192,0.568716,05:30:00,0.803405,-0.228136,0.549995,9.421799,45.10649,-39.569245,0.150214,150.717934,-0.862326,28.918159,0.862326,-0.48356,-0.150214,9.881535,8.639305,0.48356,0.48356,-150.717934,-8.639305,0.150214,-28.918159,-9.881535,-0.150214,-0.48356,0.862326,-0.862326,NA,NA,NA,NA,NA,NA,NA,NA,NA,NA,NA
NA,NA,NA,NA,NA,NA,NA,NA,NA,NA,NA,NA,NA,NA,NA,NA,142,2026-02-10,14:13:56,4,2,"Polk, Kian",NA,Right,MT._SAN,"Boynton, Zach",1000398241,Left,ORA_COA,Undefined,4,Bottom,1,1,0,Fastball,Changeup,InPlay,Undefined,GroundBall,Out,1,1,NA,78.02608,-0.4248,1.601353,1845.841126,173.064066,11:45:00,5.8344,-0.27496,5.24881,-31.30514,16.42521,-1.78587,2.82628,1.08143,70.43603,-6.248249,1.284749,0.497243,66.26464,-17.860137,-18.78523,NA,NA,NA,NA,9.5386,9.41318,-23.463308,0.090055,1.4076,8.84288,0.12934,50,5.77288,-3.08675,-112.99303,-1.81699,1.7923,23.49035,-20.91434,ORA_COA,MT._SAN,JohnAltobelliPark,JUCO,NJCAA,20260210-JohnAltobelliPark-1,cb31fff0-06cd-11f1-9622-2f53c37c9706,75.80286,2.75109,NA,7.59006,NA,NA,NA,0.94043,2.75109,-1.10207,f8462b57-8140-48a2-876f-4518772dfcbd,2026-02-10,22:13:56,2026-02-10T22:13:56Z,2026-02-10T22:13:56Z,GroundBall,v3,NA,NA,NA,"Fielder, M",NA,Right,MT._SAN,98239bdb-162b-4763-b4d4-c441bd0e12d6,55.24691,-114.0786,11.74517,5.83452,-0.85046,-10.45717,0.2739,-3.16958,0.89615,132.626713,0.94047,87.57095,-9.46613,NA,NA,NA,NA,NA,NA,2.75109,-29.80734,-8.24261,NA,NA,NA,NA,NA,NA,-1.10206,-29.78983,-1.62111,NA,NA,NA,NA,NA,NA,NA,NA,NA,NA,NA,NA,NA,NA,NA,NA,NA,NA,NA,NA,NA,NA,NA,NA,NA,NA,NA,NA,High,High,High,High,High,NA,NA,NA,162.395359,-34.017929,1529.948583,0.828863,11:30:00,0.579439,0.254828,-0.774154,43.57762,-12.501293,-67.684924,0.060121,169.413347,-0.9812,10.567283,0.9812,-0.18339,-0.060121,3.506301,3.446763,0.18339,0.18339,-169.413347,-3.446763,0.060121,-10.567283,-3.506301,-0.060121,-0.18339,0.9812,-0.9812,NA,NA,NA,NA,NA,NA,NA,NA,NA,NA,NA
NA,NA,NA,NA,NA,NA,NA,NA,NA,NA,NA,NA,NA,NA,NA,NA,143,2026-02-10,14:14:37,5,1,"Polk, Kian",NA,Right,MT._SAN,"Chorbagian, Andrew",1000398220,Right,ORA_COA,Undefined,4,Bottom,2,0,0,Curveball,Curveball,BallCalled,Undefined,Undefined,Undefined,0,0,NA,68.09385,0.900453,0.695223,1855.346423,336.600113,05:15:00,5.65255,-1.1571,4.74181,-74.52465,-10.68249,5.59835,0.29644,-0.03108,62.41608,-12.432561,1.683377,0.575076,NA,NA,NA,NA,NA,NA,NA,NA,NA,NA,NA,-2.55099,-5.07323,1.0818,50,5.67648,-1.39937,-98.67858,-0.85553,-2.47125,18.26832,-37.08872,ORA_COA,MT._SAN,JohnAltobelliPark,JUCO,NJCAA,20260210-JohnAltobelliPark-1,e3862e00-06cd-11f1-9622-2f53c37c9706,65.54341,NA,NA,5.67777,NA,NA,NA,NA,NA,NA,f8462b57-8140-48a2-876f-4518772dfcbd,2026-02-10,22:14:37,2026-02-10T22:14:37Z,2026-02-10T22:14:37Z,NA,v3,NA,NA,NA,"Fielder, M",NA,Right,MT._SAN,271e7a49-21c6-4630-8701-98fc662ea40e,55.7611,-99.73942,9.13416,5.66363,1.29822,-18.54436,1.1589,-1.25587,-1.23563,NA,NA,NA,NA,NA,NA,NA,NA,NA,NA,NA,NA,NA,NA,NA,NA,NA,NA,NA,NA,NA,NA,NA,NA,NA,NA,NA,NA,NA,NA,NA,NA,NA,NA,NA,NA,NA,NA,NA,NA,NA,NA,NA,NA,NA,NA,NA,NA,NA,NA,High,High,High,NA,NA,NA,NA,NA,343.423007,-58.462535,970.450055,0.523056,05:30:00,0.843703,-0.162605,0.511591,-16.385626,37.119787,-61.393093,0.1272,154.442808,-0.894827,25.334839,0.894827,-0.427908,-0.1272,8.090396,7.307805,0.427908,0.427908,-154.442808,-7.307805,0.1272,-25.334839,-8.090396,-0.1272,-0.427908,0.894827,-0.894827,NA,NA,NA,NA,NA,NA,NA,NA,NA,NA,NA
NA,NA,NA,NA,NA,NA,NA,NA,NA,NA,NA,NA,NA,NA,NA,NA,144,2026-02-10,14:14:57,5,2,"Polk, Kian",NA,Right,MT._SAN,"Chorbagian, Andrew",1000398220,Right,ORA_COA,Undefined,4,Bottom,2,1,0,Fastball,Changeup,BallCalled,Undefined,Undefined,Undefined,0,0,Passed ball,77.5811,-3.17732,0.920851,1907.646082,167.280442,11:30:00,5.76329,-0.6565,5.39962,-29.69462,17.87032,-3.67189,0.30787,-0.0995,71.13341,-8.653877,0.267047,0.496381,NA,NA,NA,NA,NA,NA,NA,NA,NA,NA,NA,2.13071,10.39304,0.57713,50,5.45927,-1.66715,-112.40989,-7.14547,2.71579,21.11052,-18.92721,ORA_COA,MT._SAN,JohnAltobelliPark,JUCO,NJCAA,20260210-JohnAltobelliPark-1,ef1e51c0-06cd-11f1-9622-2f53c37c9706,75.93455,NA,NA,6.44768,NA,NA,NA,NA,NA,NA,f8462b57-8140-48a2-876f-4518772dfcbd,2026-02-10,22:14:57,2026-02-10T22:14:57Z,2026-02-10T22:14:57Z,NA,v3,NA,NA,NA,"Fielder, M",NA,Right,MT._SAN,3d4693da-7b4b-4c3b-a6b4-f3c6d440b5e9,55.09947,-113.36352,10.55526,5.76275,-6.29046,-9.4636,0.65521,-1.78983,1.3579,NA,NA,NA,NA,NA,NA,NA,NA,NA,NA,NA,NA,NA,NA,NA,NA,NA,NA,NA,NA,NA,NA,NA,NA,NA,NA,NA,NA,NA,NA,NA,NA,NA,NA,NA,NA,NA,NA,NA,NA,NA,NA,NA,NA,NA,NA,NA,NA,NA,NA,High,High,High,NA,NA,NA,NA,NA,164.094135,-35.746817,1548.25785,0.811606,11:30:00,0.583449,0.254465,-0.771256,46.973589,-14.881089,-67.140617,0.108891,168.067203,-0.972573,11.860807,0.972573,-0.205535,-0.108891,6.388329,6.251387,0.205535,0.205535,-168.067203,-6.251387,0.108891,-11.860807,-6.388329,-0.108891,-0.205535,0.972573,-0.972573,NA,NA,NA,NA,NA,NA,NA,NA,NA,NA,NA
NA,NA,NA,NA,NA,NA,NA,NA,NA,NA,NA,NA,NA,NA,NA,NA,145,2026-02-10,14:15:31,5,3,"Polk, Kian",NA,Right,MT._SAN,"Chorbagian, Andrew",1000398220,Right,ORA_COA,Undefined,4,Bottom,2,2,0,Fastball,Changeup,StrikeSwinging,Undefined,Undefined,Undefined,0,0,NA,79.30528,-2.410939,0.903362,1925.027785,168.602199,11:30:00,5.78755,-0.59695,5.41165,-26.44848,19.25568,-3.55642,1.32314,-0.04691,72.11567,-7.343004,0.270365,0.486574,NA,NA,NA,NA,NA,NA,NA,NA,NA,NA,NA,2.07024,10.89926,0.5192,50,5.55506,-1.67053,-114.89632,-5.63496,2.74112,23.17622,-17.74282,ORA_COA,MT._SAN,JohnAltobelliPark,JUCO,NJCAA,20260210-JohnAltobelliPark-1,03842ea0-06ce-11f1-9622-2f53c37c9706,77.46491,NA,NA,7.1896,NA,NA,NA,NA,NA,NA,f8462b57-8140-48a2-876f-4518772dfcbd,2026-02-10,22:15:31,2026-02-10T22:15:31Z,2026-02-10T22:15:31Z,NA,v3,NA,NA,NA,"Fielder, M",NA,Right,MT._SAN,7bee25cc-90c3-4d28-90cc-2e0b4c4f8c01,55.08562,-115.91763,11.58811,5.78614,-4.85309,-8.87141,0.59548,-1.79132,1.37056,NA,NA,NA,NA,NA,NA,NA,NA,NA,NA,NA,NA,NA,NA,NA,NA,NA,NA,NA,NA,NA,NA,NA,NA,NA,NA,NA,NA,NA,NA,NA,NA,NA,NA,NA,NA,NA,NA,NA,NA,NA,NA,NA,NA,NA,NA,NA,NA,NA,NA,High,High,High,NA,NA,NA,NA,NA,165.070688,-34.003144,1595.861282,0.829007,11:30:00,0.56232,0.236911,-0.792256,36.464422,-8.354918,-67.077112,-0.024512,173.44401,-0.993162,-6.554011,0.993162,-0.11414,0.024512,1.413829,-1.404588,0.11414,-0.11414,-173.44401,1.404588,0.024512,6.554011,-1.413829,-0.024512,0.11414,0.993162,-0.993162,NA,NA,NA,NA,NA,NA,NA,NA,NA,NA,NA
NA,NA,NA,NA,NA,NA,NA,NA,NA,NA,NA,NA,NA,NA,NA,NA,146,2026-02-10,14:15:54,5,4,"Polk, Kian",NA,Right,MT._SAN,"Chorbagian, Andrew",1000398220,Right,ORA_COA,Undefined,4,Bottom,2,2,1,Curveball,Curveball,BallCalled,Undefined,Undefined,Undefined,0,0,NA,68.29452,0.959659,0.892692,1959.350956,328.593047,05:00:00,5.68151,-0.96932,4.88915,-71.58472,-8.55811,6.56878,0.62414,0.42263,62.60602,-11.896096,2.054393,0.571391,NA,NA,NA,NA,NA,NA,NA,NA,NA,NA,NA,-2.9841,-4.0389,0.87584,50,5.71474,-1.77718,-98.99215,-0.61611,-2.91452,18.1217,-36.11878,ORA_COA,MT._SAN,JohnAltobelliPark,JUCO,NJCAA,20260210-JohnAltobelliPark-1,11a4aaf0-06ce-11f1-9622-2f53c37c9706,65.96612,NA,NA,5.6885,NA,NA,NA,NA,NA,NA,f8462b57-8140-48a2-876f-4518772dfcbd,2026-02-10,22:15:54,2026-02-10T22:15:54Z,2026-02-10T22:15:54Z,NA,v3,NA,NA,NA,"Fielder, M",NA,Right,MT._SAN,2d1130ad-2ee4-473d-ade8-4e4dcd1e0037,55.61322,-100.01444,9.06085,5.69203,1.42143,-18.05939,0.97146,-1.61277,-1.45726,NA,NA,NA,NA,NA,NA,NA,NA,NA,NA,NA,NA,NA,NA,NA,NA,NA,NA,NA,NA,NA,NA,NA,NA,NA,NA,NA,NA,NA,NA,NA,NA,NA,NA,NA,NA,NA,NA,NA,NA,NA,NA,NA,NA,NA,NA,NA,NA,NA,NA,High,High,High,NA,NA,NA,NA,NA,348.658625,-57.719451,1046.421489,0.534065,05:30:00,0.835305,-0.119171,0.536716,20.240375,43.161897,-31.028506,0.20016,140.166771,-0.752372,38.87272,0.752372,-0.627592,-0.20016,14.89778,11.546289,0.627592,0.627592,-140.166771,-11.546289,0.20016,-38.87272,-14.89778,-0.20016,-0.627592,0.752372,-0.752372,NA,NA,NA,NA,NA,NA,NA,NA,NA,NA,NA
NA,NA,NA,NA,NA,NA,NA,NA,NA,NA,NA,NA,NA,NA,NA,NA,147,2026-02-10,14:16:16,5,5,"Polk, Kian",NA,Right,MT._SAN,"Chorbagian, Andrew",1000398220,Right,ORA_COA,Undefined,4,Bottom,2,3,1,ChangeUp,Changeup,StrikeSwinging,Undefined,Undefined,Undefined,0,0,NA,77.73475,-1.700901,1.483302,1827.599849,172.428248,11:45:00,5.74886,-0.5861,5.60035,-30.06891,17.0354,-2.04949,1.65419,0.62821,70.87088,-7.298678,1.117374,0.493971,NA,NA,NA,NA,NA,NA,NA,NA,NA,NA,NA,1.48323,9.61729,0.4604,50,5.58392,-2.84028,-112.70487,-4.23569,1.89395,21.87534,-19.89362,ORA_COA,MT._SAN,JohnAltobelliPark,JUCO,NJCAA,20260210-JohnAltobelliPark-1,1e768730-06ce-11f1-9622-2f53c37c9706,76.30491,NA,NA,6.86387,NA,NA,NA,NA,NA,NA,f8462b57-8140-48a2-876f-4518772dfcbd,2026-02-10,22:16:16,2026-02-10T22:16:16Z,2026-02-10T22:16:16Z,NA,v3,NA,NA,NA,"Fielder, M",NA,Right,MT._SAN,9ccff0b5-7eb3-463b-aec5-5a8af0b4357d,54.89695,-113.65137,10.93767,5.74856,-3.37494,-9.94681,0.58506,-2.92223,0.94698,NA,NA,NA,NA,NA,NA,NA,NA,NA,NA,NA,NA,NA,NA,NA,NA,NA,NA,NA,NA,NA,NA,NA,NA,NA,NA,NA,NA,NA,NA,NA,NA,NA,NA,NA,NA,NA,NA,NA,NA,NA,NA,NA,NA,NA,NA,NA,NA,NA,NA,High,High,High,NA,NA,NA,NA,NA,164.639566,-40.033034,1399.345166,0.765674,11:30:00,0.655824,0.221822,-0.721588,46.581841,-1.808104,-73.31166,0.047826,177.305395,-0.997751,2.691519,0.997751,-0.046959,-0.047826,2.744314,2.741284,0.046959,0.046959,-177.305395,-2.741284,0.047826,-2.691519,-2.744314,-0.047826,-0.046959,0.997751,-0.997751,NA,NA,NA,NA,NA,NA,NA,NA,NA,NA,NA
NA,NA,NA,NA,NA,NA,NA,NA,NA,NA,NA,NA,NA,NA,NA,NA,148,2026-02-10,14:16:38,5,6,"Polk, Kian",NA,Right,MT._SAN,"Chorbagian, Andrew",1000398220,Right,ORA_COA,Undefined,4,Bottom,2,3,2,Fastball,Changeup,StrikeSwinging,Strikeout,Undefined,Undefined,0,0,NA,79.4178,-2.005903,-0.236521,1896.165661,175.119346,11:45:00,5.77678,-0.37712,5.29941,-25.82005,19.95584,-1.56536,1.74111,-0.72963,72.09882,-6.826796,-0.514537,0.486956,NA,NA,NA,NA,NA,NA,NA,NA,NA,NA,NA,0.71335,11.09001,0.39982,50,5.57626,0.53817,-115.06759,-4.81544,0.94658,23.4005,-17.45803,ORA_COA,MT._SAN,JohnAltobelliPark,JUCO,NJCAA,20260210-JohnAltobelliPark-1,2bd36560-06ce-11f1-9622-2f53c37c9706,77.40418,NA,NA,7.31898,NA,NA,NA,NA,NA,NA,f8462b57-8140-48a2-876f-4518772dfcbd,2026-02-10,22:16:38,2026-02-10T22:16:38Z,2026-02-10T22:16:38Z,NA,v3,NA,NA,NA,"Fielder, M",NA,Right,MT._SAN,a10fc5ab-b19c-4489-8ffb-2db9550b97bf,55.19756,-116.11977,11.70025,5.77513,-4.03046,-8.72902,0.37657,0.49561,0.47329,NA,NA,NA,NA,NA,NA,NA,NA,NA,NA,NA,NA,NA,NA,NA,NA,NA,NA,NA,NA,NA,NA,NA,NA,NA,NA,NA,NA,NA,NA,NA,NA,NA,NA,NA,NA,NA,NA,NA,NA,NA,NA,NA,NA,NA,NA,NA,NA,NA,NA,High,High,High,NA,NA,NA,NA,NA,165.825749,-34.488748,1562.890657,0.824237,11:30:00,0.555529,0.221529,-0.801444,32.940924,-16.307219,-59.616274,-0.064218,171.996624,-0.988216,-7.986748,0.988216,-0.138944,0.064218,3.718054,-3.68194,0.138944,-0.138944,-171.996624,3.68194,0.064218,7.986748,-3.718054,-0.064218,0.138944,0.988216,-0.988216,NA,NA,NA,NA,NA,NA,NA,NA,NA,NA,NA
NA,NA,NA,NA,NA,NA,NA,NA,NA,NA,NA,NA,NA,NA,NA,NA,149,2026-02-10,14:18:37,1,1,"Rasic, Anthony",1000289210,Right,ORA_COA,"Felipe, Steven",10914758,Left,MT._SAN,Undefined,5,Top,0,0,0,Fastball,Changeup,StrikeCalled,Undefined,Undefined,Undefined,0,0,NA,83.61141,-0.990716,-1.579775,1962.801401,227.478549,01:30:00,5.87064,0.84937,6.02089,-26.48053,13.49276,13.25635,2.74584,0.49044,76.15848,-5.964939,0.805851,0.455047,NA,NA,NA,NA,NA,NA,NA,NA,NA,NA,NA,-7.23288,7.63339,-0.73249,50,5.77869,2.81827,-121.36941,-2.88907,-10.72728,25.01654,-20.85274,ORA_COA,MT._SAN,JohnAltobelliPark,JUCO,NJCAA,20260210-JohnAltobelliPark-1,72971690-06ce-11f1-9622-2f53c37c9706,82.83195,NA,NA,7.45293,NA,NA,NA,NA,NA,NA,f8462b57-8140-48a2-876f-4518772dfcbd,2026-02-10,22:18:37,2026-02-10T22:18:37Z,2026-02-10T22:18:37Z,NA,v3,NA,NA,NA,"Barnes, Flynn",1000398235,Right,ORA_COA,0c962f2c-f4d4-443c-933e-f1c05b87ae80,54.47647,-122.28862,12.50827,5.87077,-2.12286,-10.42637,-0.84328,3.21243,-5.36364,NA,NA,NA,NA,NA,NA,NA,NA,NA,NA,NA,NA,NA,NA,NA,NA,NA,NA,NA,NA,NA,NA,NA,NA,NA,NA,NA,NA,NA,NA,NA,NA,NA,NA,NA,NA,NA,NA,NA,NA,NA,NA,NA,NA,NA,NA,NA,NA,NA,NA,High,High,High,NA,NA,NA,NA,NA,226.614655,24.571862,1785.050957,0.90944,01:30:00,-0.421413,-0.668027,-0.613311,-59.17191,-29.224332,-7.490913,0.046411,143.972433,-0.807863,35.982676,0.807863,-0.587541,-0.046411,3.288013,2.660138,0.587541,0.587541,-143.972433,-2.660138,0.046411,-35.982676,-3.288013,-0.046411,-0.587541,0.807863,-0.807863,NA,NA,NA,NA,NA,NA,NA,NA,NA,NA,NA
NA,NA,NA,NA,NA,NA,NA,NA,NA,NA,NA,NA,NA,NA,NA,NA,150,2026-02-10,14:18:51,1,2,"Rasic, Anthony",1000289210,Right,ORA_COA,"Felipe, Steven",10914758,Left,MT._SAN,Undefined,5,Top,0,0,1,Curveball,Curveball,BallCalled,Undefined,Undefined,Undefined,0,0,NA,71.32244,2.946471,1.979253,1888.488593,40.729503,07:15:00,5.89638,0.82769,5.58665,-65.79669,-9.73489,-9.98599,3.16888,1.84453,65.13956,-9.064396,0.196306,0.538896,NA,NA,NA,NA,NA,NA,NA,NA,NA,NA,NA,5.5989,-5.12681,-0.99128,50,6.10747,-3.21117,-103.39698,3.27673,6.01107,18.57079,-37.67829,ORA_COA,MT._SAN,JohnAltobelliPark,JUCO,NJCAA,20260210-JohnAltobelliPark-1,7ab3a820-06ce-11f1-9622-2f53c37c9706,69.94381,NA,NA,6.18288,NA,NA,NA,NA,NA,NA,f8462b57-8140-48a2-876f-4518772dfcbd,2026-02-10,22:18:51,2026-02-10T22:18:51Z,2026-02-10T22:18:51Z,NA,v3,NA,NA,NA,"Barnes, Flynn",1000398235,Right,ORA_COA,69836a29-7a5c-4f23-83ac-1d47ed22741a,54.9152,-104.27605,9.2854,5.91015,5.06027,-18.83915,-0.83255,-3.49571,3.00553,NA,NA,NA,NA,NA,NA,NA,NA,NA,NA,NA,NA,NA,NA,NA,NA,NA,NA,NA,NA,NA,NA,NA,NA,NA,NA,NA,NA,NA,NA,NA,NA,NA,NA,NA,NA,NA,NA,NA,NA,NA,NA,NA,NA,NA,NA,NA,NA,NA,NA,High,High,High,NA,NA,NA,NA,NA,36.766773,46.732051,1294.391107,0.685411,07:15:00,-0.724647,0.447146,0.524353,106.512537,-7.472743,44.523634,-0.288728,172.013019,-0.948124,-7.644746,0.948124,-0.13303,0.288728,16.936823,-16.781808,0.13303,-0.13303,-172.013019,16.781808,0.288728,7.644746,-16.936823,-0.288728,0.13303,0.948124,-0.948124,NA,NA,NA,NA,NA,NA,NA,NA,NA,NA,NA
NA,NA,NA,NA,NA,NA,NA,NA,NA,NA,NA,NA,NA,NA,NA,NA,151,2026-02-10,14:19:07,1,3,"Rasic, Anthony",1000289210,Right,ORA_COA,"Felipe, Steven",10914758,Left,MT._SAN,Undefined,5,Top,0,1,1,Fastball,Changeup,InPlay,Undefined,LineDrive,Out,1,0,NA,83.76249,-1.317239,-2.585026,2030.116617,229.789828,01:45:00,5.8203,0.90384,6.15187,-27.6036,12.077209999999999,12.71072,2.30147,-0.42701,76.33027,-6.498727,-0.293367,0.453379,84.71388,20.027041,4.227742,1462.04706,109.94017,29.18991,3.60881,271.71829,269.39318,-1.312411,2.898483,-7.36682,7.02918,-0.71371,50,5.70586,5.00539,-121.55743,-3.61324,-10.95082,25.27588,-21.72511,ORA_COA,MT._SAN,JohnAltobelliPark,JUCO,NJCAA,20260210-JohnAltobelliPark-1,847ed410-06ce-11f1-9622-2f53c37c9706,83.13667,30.96238,NA,7.43222,NA,NA,NA,1.07419,2.27877,0.41464,f8462b57-8140-48a2-876f-4518772dfcbd,2026-02-10,22:19:07,2026-02-10T22:19:07Z,2026-02-10T22:19:07Z,LineDrive,v3,NA,NA,NA,"Barnes, Flynn",1000398235,Right,ORA_COA,34a6a817-94df-40f9-b845-b91da32779c7,54.34763,-122.45811,12.63794,5.82082,-2.83908,-10.86255,-0.89903,5.39561,-5.47541,125.295064,1.07415,116.41772,-13.26004,2.84286,-0.49794,0.06767,-0.00588,-4e-4,1.6e-4,2.27891,42.54384,-16.70962,0.78518,-0.06573,-0.01253,0.00365,0.00137,-3.3e-4,0.41449,8.61233,-6.85609,1.84156,-0.47373,0.13881,-0.03781,0.00618,-4e-4,NA,NA,NA,NA,NA,NA,NA,NA,NA,NA,NA,NA,NA,NA,NA,NA,NA,NA,NA,NA,NA,NA,High,High,High,High,High,NA,NA,NA,224.189386,26.077519,1823.450992,0.8982,01:30:00,-0.453693,-0.636014,-0.624218,-62.662515,-37.674234,-14.381309,0.048775,142.75914,-0.795151,37.18904,0.795151,-0.604447,-0.048775,3.510142,2.795699,0.604447,0.604447,-142.75914,-2.795699,0.048775,-37.18904,-3.510142,-0.048775,-0.604447,0.795151,-0.795151,NA,NA,NA,NA,NA,NA,NA,NA,NA,NA,NA
NA,NA,NA,NA,NA,NA,NA,NA,NA,NA,NA,NA,NA,NA,NA,NA,152,2026-02-10,14:19:40,2,1,"Rasic, Anthony",1000289210,Right,ORA_COA,"Pintal, Alex",1000295295,Right,MT._SAN,Undefined,5,Top,1,0,0,Cutter,Slider,InPlay,Undefined,GroundBall,Out,1,0,NA,79.25655,-0.739826,-1.700616,2193.143421,158.810672,11:15:00,5.85403,0.86284,5.9987,-36.44986,8.1863,-2.58937,2.13066,-0.92925,72.29287,-7.512224,-2.166459,0.480856,64.61806,-9.184481,-31.774151,NA,NA,NA,NA,15.97485,15.29487,-24.422628,0.158057,0.82228,4.8587,-0.72751999999999994,50,5.77576,3.50993,-115.04313,-2.57332,1.09179,23.18757,-25.72282,ORA_COA,MT._SAN,JohnAltobelliPark,JUCO,NJCAA,20260210-JohnAltobelliPark-1,981f6520-06ce-11f1-9622-2f53c37c9706,78.38616,2.37498,NA,6.96368,NA,NA,NA,2.25317,2.37498,0.9584,f8462b57-8140-48a2-876f-4518772dfcbd,2026-02-10,22:19:40,2026-02-10T22:19:40Z,2026-02-10T22:19:40Z,GroundBall,v3,NA,NA,NA,"Barnes, Flynn",1000398235,Right,ORA_COA,3b071cca-bf16-4aff-b86a-f12e9e4740ef,54.5005,-115.94668,11.59378,5.85651,-1.57097,-12.86141,-0.86346,3.46739,0.5459,188.037973,2.25357,79.50281,-10.98899,NA,NA,NA,NA,NA,NA,2.37442,-15.08039,0.3876,NA,NA,NA,NA,NA,NA,0.95803,-49.23468,8.77399,NA,NA,NA,NA,NA,NA,NA,NA,NA,NA,NA,NA,NA,NA,NA,NA,NA,NA,NA,NA,NA,NA,NA,NA,NA,NA,NA,NA,High,High,High,Low,High,NA,NA,NA,226.691604,65.86791,896.648368,0.408842,01:30:00,-0.91661,-0.309262,-0.253344,17.451282,59.951926,39.748111,-0.059515,166.520889,-0.970731,-13.454769,0.970731,-0.232678,0.059515,3.508359,-3.411953,0.232678,-0.232678,-166.520889,3.411953,0.059515,13.454769,-3.508359,-0.059515,0.232678,0.970731,-0.970731,NA,NA,NA,NA,NA,NA,NA,NA,NA,NA,NA
NA,NA,NA,NA,NA,NA,NA,NA,NA,NA,NA,NA,NA,NA,NA,NA,153,2026-02-10,14:20:12,3,1,"Rasic, Anthony",1000289210,Right,ORA_COA,"Thompson, Dayton",NA,Right,MT._SAN,Undefined,5,Top,2,0,0,Fastball,Changeup,BallCalled,Undefined,Undefined,Undefined,0,0,NA,83.7075,-1.956984,-3.587914,1929.739643,243.973373,02:15:00,5.8559,0.88552,5.89083,-29.54726,10.69938,19.09383,1.57227,-0.85912,76.27404,-7.455933,-0.16441,0.4566,NA,NA,NA,NA,NA,NA,NA,NA,NA,NA,NA,-10.82705,6.46898,-0.60702,50,5.68095,6.84269,-121.27852,-5.08139,-16.0196,25.17511,-22.60258,ORA_COA,MT._SAN,JohnAltobelliPark,JUCO,NJCAA,20260210-JohnAltobelliPark-1,aad966c0-06ce-11f1-9622-2f53c37c9706,82.55016,NA,NA,7.43346,NA,NA,NA,NA,NA,NA,f8462b57-8140-48a2-876f-4518772dfcbd,2026-02-10,22:20:12,2026-02-10T22:20:12Z,2026-02-10T22:20:12Z,NA,v3,NA,NA,NA,"Barnes, Flynn",1000398235,Right,ORA_COA,7dab9be8-543a-4a38-8114-5544f9027f25,54.60862,-122.23144,12.58756,5.8571,-4.22585,-11.30129,-0.8775,7.44905,-8.0098,NA,NA,NA,NA,NA,NA,NA,NA,NA,NA,NA,NA,NA,NA,NA,NA,NA,NA,NA,NA,NA,NA,NA,NA,NA,NA,NA,NA,NA,NA,NA,NA,NA,NA,NA,NA,NA,NA,NA,NA,NA,NA,NA,NA,NA,NA,NA,NA,NA,NA,High,High,High,NA,NA,NA,NA,NA,229.702201,21.31195,1797.775255,0.931615,01:45:00,-0.376011,-0.722534,-0.580138,-82.460798,-35.204862,80.69807,-0.966776,166.1192,-0.248161,-3.515889,0.248161,-0.061325,0.966776,75.603617,-75.189327,0.061325,-0.061325,-166.1192,75.189327,0.966776,3.515889,-75.603617,-0.966776,0.061325,0.248161,-0.248161,NA,NA,NA,NA,NA,NA,NA,NA,NA,NA,NA
NA,NA,NA,NA,NA,NA,NA,NA,NA,NA,NA,NA,NA,NA,NA,NA,154,2026-02-10,14:20:28,3,2,"Rasic, Anthony",1000289210,Right,ORA_COA,"Thompson, Dayton",NA,Right,MT._SAN,Undefined,5,Top,2,1,0,Fastball,Changeup,InPlay,Undefined,LineDrive,Single,0,0,NA,83.88813,-0.714094,-2.520717,1943.200542,230.897121,01:45:00,5.87718,0.87203,6.00099,-26.45041,13.96788,15.26938,3.01064,-0.1927,75.14313,-5.725563,0.223855,0.457573,95.16926,13.269784,-20.472841,1246.562642,101.96392,14.3367,-41.27123,193.99717,193.99717,-23.537905,1.660647,-8.74378,7.86233,-0.68212,50,5.8067,4.74657,-121.53794,-2.29379,-12.77427,28.9876,-20.68752,ORA_COA,MT._SAN,JohnAltobelliPark,JUCO,NJCAA,20260210-JohnAltobelliPark-1,b4549df0-06ce-11f1-9622-2f53c37c9706,82.37473,14.58978,NA,8.745,NA,NA,NA,1.83458,3.06274,0.22318,f8462b57-8140-48a2-876f-4518772dfcbd,2026-02-10,22:20:28,2026-02-10T22:20:28Z,2026-02-10T22:20:28Z,LineDrive,v3,NA,NA,NA,"Barnes, Flynn",1000398235,Right,ORA_COA,6a779c49-bf60-42ac-9ff0-9693951c3648,54.4964,-122.60567,14.4938,5.87716,-1.53179,-10.34376,-0.86562,5.2171,-6.38714,59.600086,1.83458,127.27395,-15.42706,2.10503,-0.36234,0.02396,0.00213,-9.6e-4,1.7e-4,3.06274,32.03928,-24.19358,3.06656,-0.64545,0.13056,-0.01914,0.0022,-1.4e-4,0.22318,-47.51643,-1.47019,1.75516,-0.53625,0.13335,-0.02151,0.00222,-8e-5,NA,NA,NA,NA,NA,NA,NA,NA,NA,NA,NA,NA,NA,NA,NA,NA,NA,NA,NA,NA,NA,NA,High,High,High,High,High,NA,NA,NA,230.606837,20.658388,1818.253723,0.935701,01:45:00,-0.36954,-0.727459,-0.578138,-63.933423,-34.496216,-2.52153,0.070269,142.615604,-0.792616,37.27625,0.792616,-0.605659,-0.070269,5.066298,4.029447,0.605659,0.605659,-142.615604,-4.029447,0.070269,-37.27625,-5.066298,-0.070269,-0.605659,0.792616,-0.792616,NA,NA,NA,NA,NA,NA,NA,NA,NA,NA,NA
NA,NA,NA,NA,NA,NA,NA,NA,NA,NA,NA,NA,NA,NA,NA,NA,155,2026-02-10,14:21:02,4,1,"Rasic, Anthony",1000289210,Right,ORA_COA,"Rezkalah, Matthew",1000305129,Right,MT._SAN,Undefined,5,Top,2,0,0,Fastball,Changeup,InPlay,Undefined,FlyBall,HomeRun,0,2,NA,82.45103,-0.947811,-2.125777,1925.294582,228.883728,01:45:00,5.81318,0.76732,6.19682,-26.20934,15.11709,15.56056,2.7534,0.10067,74.23281,-5.926334,0.682761,0.462685,96.22507,26.54087,-20.060941,1935.035123,102.536,48.76713,-39.82906,382.22894,375.749,-25.355776,4.383292,-8.8063,8.58449,-0.61513,50,5.72876,3.8549,-119.58238,-2.70503,-12.50845,27.16231,-19.98064,ORA_COA,MT._SAN,JohnAltobelliPark,JUCO,NJCAA,20260210-JohnAltobelliPark-1,c8c1a6c0-06ce-11f1-9622-2f53c37c9706,81.46459,66.66789,NA,8.21822,NA,NA,NA,2.80369,2.89528,-0.06851,f8462b57-8140-48a2-876f-4518772dfcbd,2026-02-10,22:21:02,2026-02-10T22:21:02Z,2026-02-10T22:21:02Z,FlyBall,v3,NA,NA,NA,"Barnes, Flynn",1000398235,Right,ORA_COA,c7a788b9-80b5-4dfe-9c93-e8b4fe5b00c8,54.30147,-120.55547,13.58115,5.81284,-1.98922,-9.99032,-0.76126,4.30301,-6.25423,155.392467,2.80347,118.60384,-20.1323,4.94042,-1.16099,0.29558,-0.06475,0.00867,-4.9e-4,2.8964,63.03273,-16.78193,0.43775,0.31069,-0.20648,0.05847,-0.00786,4.1e-4,-0.06848,-43.30935,2.86032,-0.59282,0.09905,-0.02003,0.00477,-7.5e-4,5e-5,NA,NA,NA,NA,NA,NA,NA,NA,NA,NA,NA,NA,NA,NA,NA,NA,NA,NA,NA,NA,NA,NA,High,High,High,High,High,NA,NA,NA,228.387991,24.965746,1745.395605,0.90656,01:30:00,-0.432855,-0.684687,-0.586379,-87.939315,-33.817116,76.736087,-0.962454,164.965339,-0.262154,-4.037763,0.262154,-0.070414,0.962454,74.763358,-74.249682,0.070414,-0.070414,-164.965339,74.249682,0.962454,4.037763,-74.763358,-0.962454,0.070414,0.262154,-0.262154,NA,NA,NA,NA,NA,NA,NA,NA,NA,NA,NA
NA,NA,NA,NA,NA,NA,NA,NA,NA,NA,NA,NA,NA,NA,NA,NA,156,2026-02-10,14:21:56,5,1,"Rasic, Anthony",1000289210,Right,ORA_COA,"Campos, Miguel",NA,Right,MT._SAN,Undefined,5,Top,2,0,0,Cutter,Slider,StrikeCalled,Undefined,Undefined,Undefined,0,0,NA,79.52955,0.31906,-2.002038,2354.535698,185.720474,12:15:00,5.84746,0.68297,5.8532400000000004,-38.47289,6.46989,0.48528,2.93803,-1.13759,71.83996,-6.834353,-1.915029,0.482505,NA,NA,NA,NA,NA,NA,NA,NA,NA,NA,NA,-0.8963,3.72252,-0.52054,50,5.85145,4.01002,-115.26167,-0.56107,-1.18633,24.64893,-27.24704,ORA_COA,MT._SAN,JohnAltobelliPark,JUCO,NJCAA,20260210-JohnAltobelliPark-1,e9173d40-06ce-11f1-9622-2f53c37c9706,78.11829,NA,NA,7.6896,NA,NA,NA,NA,NA,NA,f8462b57-8140-48a2-876f-4518772dfcbd,2026-02-10,22:21:56,2026-02-10T22:21:56Z,2026-02-10T22:21:56Z,NA,v3,NA,NA,NA,"Barnes, Flynn",1000398235,Right,ORA_COA,008d56f6-2da1-4435-9d55-787cc33c34a9,54.64186,-116.25011,12.32446,5.85205,0.53155,-13.62352,-0.6823,4.05759,-0.59316,NA,NA,NA,NA,NA,NA,NA,NA,NA,NA,NA,NA,NA,NA,NA,NA,NA,NA,NA,NA,NA,NA,NA,NA,NA,NA,NA,NA,NA,NA,NA,NA,NA,NA,NA,NA,NA,NA,NA,NA,NA,NA,NA,NA,NA,NA,NA,NA,NA,NA,High,High,High,NA,NA,NA,NA,NA,217.275829,72.431048,710.724416,0.301853,01:15:00,-0.962166,-0.177507,-0.206706,38.519273,47.61742,44.088184,0.037307,156.626243,-0.917297,23.356519,0.917297,-0.396451,-0.037307,2.328948,2.138012,0.396451,0.396451,-156.626243,-2.138012,0.037307,-23.356519,-2.328948,-0.037307,-0.396451,0.917297,-0.917297,NA,NA,NA,NA,NA,NA,NA,NA,NA,NA,NA
NA,NA,NA,NA,NA,NA,NA,NA,NA,NA,NA,NA,NA,NA,NA,NA,157,2026-02-10,14:22:10,5,2,"Rasic, Anthony",1000289210,Right,ORA_COA,"Campos, Miguel",NA,Right,MT._SAN,Undefined,5,Top,2,0,1,Curveball,Curveball,StrikeCalled,Undefined,Undefined,Undefined,0,0,NA,73.24394,1.971927,-1.40654,2227.185234,37.280376,07:15:00,5.84075,0.76478,5.84361,-61.92098,-8.57993,-8.04477,2.51454,-1.21303,66.13373,-9.41894,-2.850673,0.525657,NA,NA,NA,NA,NA,NA,NA,NA,NA,NA,NA,3.58563,-4.39591,-0.64567,50,5.96594,2.89764,-106.15116,1.75971,3.99249,22.25827,-37.06877,ORA_COA,MT._SAN,JohnAltobelliPark,JUCO,NJCAA,20260210-JohnAltobelliPark-1,f1b3d440-06ce-11f1-9622-2f53c37c9706,71.70543,NA,NA,7.11021,NA,NA,NA,NA,NA,NA,f8462b57-8140-48a2-876f-4518772dfcbd,2026-02-10,22:22:10,2026-02-10T22:22:10Z,2026-02-10T22:22:10Z,NA,v3,NA,NA,NA,"Barnes, Flynn",1000398235,Right,ORA_COA,38b62cf9-1ffc-4507-b4d7-9ecc0364ef36,54.65544,-107.12289,11.12914,5.85379,3.37803,-18.53438,-0.76837,2.72334,1.99625,NA,NA,NA,NA,NA,NA,NA,NA,NA,NA,NA,NA,NA,NA,NA,NA,NA,NA,NA,NA,NA,NA,NA,NA,NA,NA,NA,NA,NA,NA,NA,NA,NA,NA,NA,NA,NA,NA,NA,NA,NA,NA,NA,NA,NA,NA,NA,NA,NA,NA,High,High,High,NA,NA,NA,NA,NA,29.601315,53.654202,1319.957337,0.592657,07:00:00,-0.782016,0.320292,0.534662,106.634351,-14.201265,37.51004,-0.387423,162.22801,-0.877908,-16.343299,0.877908,-0.281392,0.387423,23.812009,-22.794259,0.281392,-0.281392,-162.22801,22.794259,0.387423,16.343299,-23.812009,-0.387423,0.281392,0.877908,-0.877908,NA,NA,NA,NA,NA,NA,NA,NA,NA,NA,NA
NA,NA,NA,NA,NA,NA,NA,NA,NA,NA,NA,NA,NA,NA,NA,NA,158,2026-02-10,14:22:28,5,3,"Rasic, Anthony",1000289210,Right,ORA_COA,"Campos, Miguel",NA,Right,MT._SAN,Undefined,5,Top,2,0,2,Fastball,Changeup,BallCalled,Undefined,Undefined,Undefined,0,0,NA,85.76779,-1.433493,-3.565756,1973.926619,212.061956,01:00:00,5.91354,0.50431,6.31768,-22.69415,15.1804,8.67099,2.69919,-2.06165,77.64705,-5.749927,-2.00098,0.44294,NA,NA,NA,NA,NA,NA,NA,NA,NA,NA,NA,-5.58662,8.7254,-0.24699,50,5.79763,7.40244,-124.27684000000001,-3.74226,-8.63956,27.50174,-18.68042,ORA_COA,MT._SAN,JohnAltobelliPark,JUCO,NJCAA,20260210-JohnAltobelliPark-1,fc110700-06ce-11f1-9622-2f53c37c9706,85.09595,NA,NA,8.12075,NA,NA,NA,NA,NA,NA,f8462b57-8140-48a2-876f-4518772dfcbd,2026-02-10,22:22:28,2026-02-10T22:22:28Z,2026-02-10T22:22:28Z,NA,v3,NA,NA,NA,"Barnes, Flynn",1000398235,Right,ORA_COA,16a56fb8-a0d3-42f0-bf60-6a2fdd5d1353,54.17892,-125.1982,13.75087,5.91252,-3.11644,-9.34021,-0.49983,7.69188,-4.31978,NA,NA,NA,NA,NA,NA,NA,NA,NA,NA,NA,NA,NA,NA,NA,NA,NA,NA,NA,NA,NA,NA,NA,NA,NA,NA,NA,NA,NA,NA,NA,NA,NA,NA,NA,NA,NA,NA,NA,NA,NA,NA,NA,NA,NA,NA,NA,NA,NA,NA,High,High,High,NA,NA,NA,NA,NA,220.313218,30.991257,1692.140466,0.857246,01:15:00,-0.540556,-0.567316,-0.62125,-65.377557,-38.324599,-22.727527,0.019598,142.796732,-0.796342,37.194914,0.796342,-0.604528,-0.019598,1.409775,1.122962,0.604528,0.604528,-142.796732,-1.122962,0.019598,-37.194914,-1.409775,-0.019598,-0.604528,0.796342,-0.796342,NA,NA,NA,NA,NA,NA,NA,NA,NA,NA,NA
NA,NA,NA,NA,NA,NA,NA,NA,NA,NA,NA,NA,NA,NA,NA,NA,159,2026-02-10,14:22:47,5,4,"Rasic, Anthony",1000289210,Right,ORA_COA,"Campos, Miguel",NA,Right,MT._SAN,Undefined,5,Top,2,1,2,Curveball,Curveball,BallCalled,Undefined,Undefined,Undefined,0,0,NA,74.66211,0.758104,0.980334,1908.416169,19.555633,06:45:00,5.89352,0.72443,5.81226,-61.80326,-10.61048,-4.43225,1.44835,1.26676,67.77518,-10.563763,0.183213,0.514963,NA,NA,NA,NA,NA,NA,NA,NA,NA,NA,NA,2.59417,-5.11107,-0.80213,50,5.91932,-1.69273,-108.32138,-0.50232,3.0148,22.78021,-38.11387,ORA_COA,MT._SAN,JohnAltobelliPark,JUCO,NJCAA,20260210-JohnAltobelliPark-1,074e3980-06cf-11f1-9622-2f53c37c9706,73.1945,NA,NA,6.88693,NA,NA,NA,NA,NA,NA,f8462b57-8140-48a2-876f-4518772dfcbd,2026-02-10,22:22:47,2026-02-10T22:22:47Z,2026-02-10T22:22:47Z,NA,v3,NA,NA,NA,"Barnes, Flynn",1000398235,Right,ORA_COA,816ab570-faff-41b3-9579-6923da49ba77,54.68834,-109.3029,11.39011,5.90559,1.13987,-19.05694,-0.7264,-1.82262,1.5074,NA,NA,NA,NA,NA,NA,NA,NA,NA,NA,NA,NA,NA,NA,NA,NA,NA,NA,NA,NA,NA,NA,NA,NA,NA,NA,NA,NA,NA,NA,NA,NA,NA,NA,NA,NA,NA,NA,NA,NA,NA,NA,NA,NA,NA,NA,NA,NA,NA,NA,High,High,High,NA,NA,NA,NA,NA,27.344789,49.284884,1244.856799,0.652298,07:00:00,-0.763734,0.309632,0.566426,108.457224,-11.950309,47.400925,-0.337743,169.885711,-0.926611,-9.514255,0.926611,-0.165293,0.337743,20.02642,-19.739412,0.165293,-0.165293,-169.885711,19.739412,0.337743,9.514255,-20.02642,-0.337743,0.165293,0.926611,-0.926611,NA,NA,NA,NA,NA,NA,NA,NA,NA,NA,NA
NA,NA,NA,NA,NA,NA,NA,NA,NA,NA,NA,NA,NA,NA,NA,NA,160,2026-02-10,14:23:08,5,5,"Rasic, Anthony",1000289210,Right,ORA_COA,"Campos, Miguel",NA,Right,MT._SAN,Undefined,5,Top,2,2,2,Curveball,Curveball,StrikeCalled,Strikeout,Undefined,Undefined,0,0,NA,73.29314,2.077374,0.544382,1853.569796,24.329136,06:45:00,5.88989,0.65397,5.86696,-62.02236,-9.29666,-5.0315,2.65203,0.74038,66.68051,-9.316706,-0.359963,0.522616,NA,NA,NA,NA,NA,NA,NA,NA,NA,NA,NA,2.72555,-4.76922,-0.69523,50,6.02299,-0.82938,-106.35007,1.95546,3.07509,20.7725,-37.55488,ORA_COA,MT._SAN,JohnAltobelliPark,JUCO,NJCAA,20260210-JohnAltobelliPark-1,13dfd870-06cf-11f1-9622-2f53c37c9706,72.12264,NA,NA,6.61263,NA,NA,NA,NA,NA,NA,f8462b57-8140-48a2-876f-4518772dfcbd,2026-02-10,22:23:08,2026-02-10T22:23:08Z,2026-02-10T22:23:08Z,NA,v3,NA,NA,NA,"Barnes, Flynn",1000398235,Right,ORA_COA,22e9a7d3-0ff4-4d04-acb6-df1e5846b044,54.63348,-107.25127,10.38625,5.90281,3.58475,-18.77744,-0.65636,-0.96279,1.53755,NA,NA,NA,NA,NA,NA,NA,NA,NA,NA,NA,NA,NA,NA,NA,NA,NA,NA,NA,NA,NA,NA,NA,NA,NA,NA,NA,NA,NA,NA,NA,NA,NA,NA,NA,NA,NA,NA,NA,NA,NA,NA,NA,NA,NA,NA,NA,NA,NA,NA,High,High,High,NA,NA,NA,NA,NA,30.105709,49.152804,1212.316095,0.654044,07:00:00,-0.74941,0.355272,0.558719,109.48553,-10.850108,42.791382,-0.315169,167.939028,-0.928086,-11.437758,0.928086,-0.198303,0.315169,18.75701,-18.371044,0.198303,-0.198303,-167.939028,18.371044,0.315169,11.437758,-18.75701,-0.315169,0.198303,0.928086,-0.928086,NA,NA,NA,NA,NA,NA,NA,NA,NA,NA,NA
NA,NA,NA,NA,NA,NA,NA,NA,NA,NA,NA,NA,NA,NA,NA,NA,161,2026-02-10,14:25:23,1,1,"Polk, Kian",NA,Right,MT._SAN,"Wood, Jake",1000511810,Right,ORA_COA,Undefined,5,Bottom,0,0,0,Fastball,Changeup,InPlay,Undefined,LineDrive,Out,1,0,NA,81.4418,-1.862088,-2.914546,1565.119093,229.313486,01:45:00,6.10967,1.49229,6.43941,-26.69238,15.10233,15.83123,2.17134,0.13095,73.83518,-6.927207,-0.045451,0.465299,100.65074,5.284367,-30.603183,1569.908276,NA,NA,NA,116.51025,89.59864,-33.706466,0.874312,-9.25733,8.92099,-1.29215,50,5.96522,5.45495,-118.12821,-4.54707,-12.90761,25.28163,-19.73539,ORA_COA,MT._SAN,JohnAltobelliPark,JUCO,NJCAA,20260210-JohnAltobelliPark-1,649e5110-06cf-11f1-9622-2f53c37c9706,81.00694,4.68213,NA,7.60662,NA,NA,NA,3.22212,2.3415,-0.1312,f8462b57-8140-48a2-876f-4518772dfcbd,2026-02-10,22:25:23,2026-02-10T22:25:23Z,2026-02-10T22:25:23Z,GroundBall,v3,NA,NA,NA,"Fielder, M",NA,Right,MT._SAN,65cb6ac8-3315-4c59-b422-1c86e9a47cad,54.06013,-118.99398,12.64081,6.10936,-3.87123,-9.86769,-1.48653,5.89698,-6.45381,NA,3.33682,124.72469,-20.36192,NA,NA,NA,NA,NA,NA,2.40106,12.66479,-17.6973,NA,NA,NA,NA,NA,NA,-0.10093,-75.31909,1.66341,NA,NA,NA,NA,NA,NA,NA,NA,NA,NA,NA,NA,NA,NA,NA,NA,NA,NA,NA,NA,NA,NA,NA,NA,NA,NA,NA,NA,High,High,High,High,Medium,NA,NA,NA,220.785891,9.670077,1542.880833,0.985791,01:15:00,-0.184723,-0.649071,-0.73796,-94.616207,-33.339486,-81.799967,0.974155,151.14581,-0.197837,6.257986,0.197837,-0.109005,-0.974155,78.520189,76.9454,0.109005,0.109005,-151.14581,-76.9454,0.974155,-6.257986,-78.520189,-0.974155,-0.109005,0.197837,-0.197837,NA,NA,NA,NA,NA,NA,NA,NA,NA,NA,NA
NA,NA,NA,NA,NA,NA,NA,NA,NA,NA,NA,NA,NA,NA,NA,NA,162,2026-02-10,14:25:59,2,1,"Polk, Kian",NA,Right,MT._SAN,"Barnes, Flynn",1000398235,Right,ORA_COA,Undefined,5,Bottom,1,0,0,Curveball,Curveball,StrikeCalled,Undefined,Undefined,Undefined,0,0,NA,71.70022,2.086636,-1.716159,1548.879659,67.888585,08:15:00,5.88086,1.93265,6.42086,-53.93881,0.64512,-3.54343,3.30584,0.05929,64.41704,-8.018004,-2.358259,0.531745,NA,NA,NA,NA,NA,NA,NA,NA,NA,NA,NA,1.22063,0.29657,-1.80883,50,6.00674,3.23178,-103.91569,2.35828,1.30041,21.5855,-31.85809,ORA_COA,MT._SAN,JohnAltobelliPark,JUCO,NJCAA,20260210-JohnAltobelliPark-1,79f9b180-06cf-11f1-9622-2f53c37c9706,70.88438,NA,NA,7.28318,NA,NA,NA,NA,NA,NA,f8462b57-8140-48a2-876f-4518772dfcbd,2026-02-10,22:25:59,2026-02-10T22:25:59Z,2026-02-10T22:25:59Z,NA,v3,NA,NA,NA,"Fielder, M",NA,Right,MT._SAN,3a183040-ab30-42b7-813f-f22dd898fcae,54.07474,-104.75868,10.79275,5.89034,3.60245,-15.92905,-1.93405,3.181,0.6502,NA,NA,NA,NA,NA,NA,NA,NA,NA,NA,NA,NA,NA,NA,NA,NA,NA,NA,NA,NA,NA,NA,NA,NA,NA,NA,NA,NA,NA,NA,NA,NA,NA,NA,NA,NA,NA,NA,NA,NA,NA,NA,NA,NA,NA,NA,NA,NA,NA,NA,High,High,High,NA,NA,NA,NA,NA,64.982351,76.8672,351.919147,0.227209,08:15:00,-0.962393,0.241213,0.124964,93.01204,4.650256,63.604306,-0.056039,167.205084,-0.973637,-12.77447,0.973637,-0.221114,0.056039,3.294081,-3.212459,0.221114,-0.221114,-167.205084,3.212459,0.056039,12.77447,-3.294081,-0.056039,0.221114,0.973637,-0.973637,NA,NA,NA,NA,NA,NA,NA,NA,NA,NA,NA
NA,NA,NA,NA,NA,NA,NA,NA,NA,NA,NA,NA,NA,NA,NA,NA,163,2026-02-10,14:26:16,2,2,"Polk, Kian",NA,Right,MT._SAN,"Barnes, Flynn",1000398235,Right,ORA_COA,Undefined,5,Bottom,1,0,1,Slider,Curveball,FoulBallNotFieldable,Undefined,Undefined,Undefined,0,0,NA,72.3379,1.0389,-1.15039,1687.782805,57.016757,08:00:00,5.84251,1.72953,6.49362,-52.30444,0.83079,-1.72929,2.43781,0.52923,65.44362,-8.746314,-1.46468,0.524641,75.65932,-36.07165,-57.44229,NA,NA,NA,NA,6.15477,6.15477,-36.505727,0.040773,0.51543,0.61063,-1.64821,50,5.89291,2.16361,-105.01542,0.54809,0.56307,21.39669,-31.50698,ORA_COA,MT._SAN,JohnAltobelliPark,JUCO,NJCAA,20260210-JohnAltobelliPark-1,841a7780-06cf-11f1-9622-2f53c37c9706,71.84419,2.67286,NA,6.89427,NA,NA,NA,2.9726,2.67286,-0.56888,f8462b57-8140-48a2-876f-4518772dfcbd,2026-02-10,22:26:16,2026-02-10T22:26:16Z,2026-02-10T22:26:16Z,GroundBall,v3,NA,NA,NA,"Fielder, M",NA,Right,MT._SAN,14dcb259-f116-493a-bc55-a65f9afc37a7,54.00513,-105.82831,10.69834,5.84935,1.74509,-15.75349,-1.73,2.14222,0.28153,NA,2.97154,48.42874,NA,NA,NA,NA,NA,NA,NA,2.67429,-65.55465,NA,NA,NA,NA,NA,NA,NA,-0.56723,-75.8492,NA,NA,NA,NA,NA,NA,NA,NA,NA,NA,NA,NA,NA,NA,NA,NA,NA,NA,NA,NA,NA,NA,NA,NA,NA,NA,NA,NA,NA,High,High,High,Estimated,Estimated,NA,NA,NA,93.505927,84.4529,163.147805,0.096664,09:00:00,-0.993323,0.114514,0.014034,88.170726,8.172609,66.939034,-0.00448,163.584677,-0.959229,-16.415154,0.959229,-0.282595,0.00448,0.26758,-0.256673,0.282595,-0.282595,-163.584677,0.256673,0.00448,16.415154,-0.26758,-0.00448,0.282595,0.959229,-0.959229,NA,NA,NA,NA,NA,NA,NA,NA,NA,NA,NA
NA,NA,NA,NA,NA,NA,NA,NA,NA,NA,NA,NA,NA,NA,NA,NA,164,2026-02-10,14:26:46,2,3,"Polk, Kian",NA,Right,MT._SAN,"Barnes, Flynn",1000398235,Right,ORA_COA,Undefined,5,Bottom,1,0,2,Slider,Curveball,InPlay,Undefined,Popup,Out,1,0,NA,71.60278,1.611964,-2.054882,1698.748795,75.724769,08:30:00,5.81086,1.86984,5.9119,-54.77684,0.57776,-5.49296,2.74363,-0.49595,64.9425,-8.511761,-3.0407,0.535486,70.23408,61.447819,48.598266,4293.66275,NA,NA,NA,NA,43.67261,NA,NA,2.15173,0.27898,-1.70174,50,5.90907,3.90959,-103.808,1.37245,2.30612,20.26563,-31.87506,ORA_COA,MT._SAN,JohnAltobelliPark,JUCO,NJCAA,20260210-JohnAltobelliPark-1,95eb9fc0-06cf-11f1-9622-2f53c37c9706,70.38921,69.24597,NA,6.66028,NA,NA,NA,2.1833,2.99379,0.42533,f8462b57-8140-48a2-876f-4518772dfcbd,2026-02-10,22:26:46,2026-02-10T22:26:46Z,2026-02-10T22:26:46Z,NA,v3,NA,NA,NA,"Fielder, M",NA,Right,MT._SAN,c059ac01-4372-46de-9604-9d61eec61353,54.58748,-104.69975,10.13281,5.81782,2.77504,-15.93753,-1.87154,3.80812,1.15306,NA,2.1833,32.56053,-12.3152,3.91939,-0.9684,0.21491,-0.04727,0.00873,-0.00102,2.99379,90.48197,-25.65157,2.68684,-0.41647,0.0428,-0.00259,-3e-4,8e-5,0.42533,36.93029,-0.56882,-0.71723,0.31626,-0.09398,0.024140000000000002,-0.00506,5.9e-4,NA,NA,NA,NA,NA,NA,NA,NA,NA,NA,NA,NA,NA,NA,NA,NA,NA,NA,NA,NA,NA,NA,High,High,High,High,Undefined,NA,NA,NA,72.0118,79.965516,295.991449,0.174241,08:30:00,-0.977092,0.193358,0.088902,100.886165,-32.829123,59.761933,-0.06892,166.95388,-0.971872,-13.014553,0.971872,-0.225199,0.06892,4.056315,-3.951952,0.225199,-0.225199,-166.95388,3.951952,0.06892,13.014553,-4.056315,-0.06892,0.225199,0.971872,-0.971872,NA,NA,NA,NA,NA,NA,NA,NA,NA,NA,NA
NA,NA,NA,NA,NA,NA,NA,NA,NA,NA,NA,NA,NA,NA,NA,NA,165,2026-02-10,14:27:28,3,1,"Polk, Kian",NA,Right,MT._SAN,"Corridan, Kael",1000302588,Right,ORA_COA,Undefined,5,Bottom,2,0,0,Slider,Curveball,BallCalled,Undefined,Undefined,Undefined,0,0,NA,71.49323,1.732975,-0.450557,1502.905374,43.52729,07:30:00,5.77968,1.95705,6.268,-57.79401,-2.2202,-4.24811,2.56173,1.18765,63.90152,-9.058458,-1.219511,0.536545,NA,NA,NA,NA,NA,NA,NA,NA,NA,NA,NA,1.99799,-0.99622,-1.92193,50,5.8817,0.96158,-103.57663,1.53589,2.09829,22.65819,-33.22025,ORA_COA,MT._SAN,JohnAltobelliPark,JUCO,NJCAA,20260210-JohnAltobelliPark-1,af2cecf0-06cf-11f1-9622-2f53c37c9706,70.25023,NA,NA,7.59172,NA,NA,NA,NA,NA,NA,f8462b57-8140-48a2-876f-4518772dfcbd,2026-02-10,22:27:28,2026-02-10T22:27:28Z,2026-02-10T22:27:28Z,NA,v3,NA,NA,NA,"Fielder, M",NA,Right,MT._SAN,63b90928-a4e3-4408-b20b-c886c1db0422,54.22632,-104.49708,11.32909,5.7919,2.88541,-16.61013,-1.95927,0.87635,1.04915,NA,NA,NA,NA,NA,NA,NA,NA,NA,NA,NA,NA,NA,NA,NA,NA,NA,NA,NA,NA,NA,NA,NA,NA,NA,NA,NA,NA,NA,NA,NA,NA,NA,NA,NA,NA,NA,NA,NA,NA,NA,NA,NA,NA,NA,NA,NA,NA,NA,NA,High,High,High,NA,NA,NA,NA,NA,72.997797,81.223289,229.319513,0.152584,08:30:00,-0.983045,0.175736,0.052349,93.550834,-13.235557,64.719935,-0.050673,165.982663,-0.968976,-13.998962,0.968976,-0.241904,0.050673,2.993596,-2.904609,0.241904,-0.241904,-165.982663,2.904609,0.050673,13.998962,-2.993596,-0.050673,0.241904,0.968976,-0.968976,NA,NA,NA,NA,NA,NA,NA,NA,NA,NA,NA
NA,NA,NA,NA,NA,NA,NA,NA,NA,NA,NA,NA,NA,NA,NA,NA,166,2026-02-10,14:27:46,3,2,"Polk, Kian",NA,Right,MT._SAN,"Corridan, Kael",1000302588,Right,ORA_COA,Undefined,5,Bottom,2,1,0,Fastball,Changeup,StrikeSwinging,Undefined,Undefined,Undefined,0,0,NA,81.99556,-1.051203,-3.412652,1540.161267,219.253244,01:15:00,5.96593,1.54507,6.50551,-25.01848,15.83103,11.82343,2.91446,-0.60544,74.71718,-5.807943,-1.270346,0.460007,NA,NA,NA,NA,NA,NA,NA,NA,NA,NA,NA,-7.13867,9.00142,-1.31088,50,5.8813,6.66056,-118.9587,-2.83135,-10.18361,23.77374,-19.33316,ORA_COA,MT._SAN,JohnAltobelliPark,JUCO,NJCAA,20260210-JohnAltobelliPark-1,b9c1aa70-06cf-11f1-9622-2f53c37c9706,81.93877,NA,NA,7.27838,NA,NA,NA,NA,NA,NA,f8462b57-8140-48a2-876f-4518772dfcbd,2026-02-10,22:27:46,2026-02-10T22:27:46Z,2026-02-10T22:27:46Z,NA,v3,NA,NA,NA,"Fielder, M",NA,Right,MT._SAN,f9527095-acab-4139-9060-270088e42203,53.99189,-119.75382,11.88687,5.96518,-2.18475,-9.66658,-1.53934,7.00115,-5.0918,NA,NA,NA,NA,NA,NA,NA,NA,NA,NA,NA,NA,NA,NA,NA,NA,NA,NA,NA,NA,NA,NA,NA,NA,NA,NA,NA,NA,NA,NA,NA,NA,NA,NA,NA,NA,NA,NA,NA,NA,NA,NA,NA,NA,NA,NA,NA,NA,NA,NA,High,High,High,NA,NA,NA,NA,NA,220.490174,13.452112,1497.90647,0.972565,01:15:00,-0.264645,-0.635665,-0.725185,-104.595187,-27.147582,-70.682171,0.966583,150.713718,-0.223588,7.203925,0.223588,-0.125401,-0.966583,76.975555,75.146221,0.125401,0.125401,-150.713718,-75.146221,0.966583,-7.203925,-76.975555,-0.966583,-0.125401,0.223588,-0.223588,NA,NA,NA,NA,NA,NA,NA,NA,NA,NA,NA
NA,NA,NA,NA,NA,NA,NA,NA,NA,NA,NA,NA,NA,NA,NA,NA,167,2026-02-10,14:28:08,3,3,"Polk, Kian",NA,Right,MT._SAN,"Corridan, Kael",1000302588,Right,ORA_COA,Undefined,5,Bottom,2,1,1,Curveball,Curveball,InPlay,Undefined,GroundBall,Single,0,0,NA,70.99784,0.704487,-2.351703,1638.255647,23.355196,06:45:00,5.90189,2.01495,6.0614,-59.52606,-3.49484,-2.37906,1.594,-0.36112,64.617,-10.270893,-2.780567,0.538749,100.82783,-6.902711,-4.326954,NA,NA,NA,NA,14.53407,13.00167,-2.761402,0.086601,0.44102,-1.47114,-1.8311,50,5.92513,4.30742,-102.97314,-0.3937,0.46435,20.1876,-33.72304,ORA_COA,MT._SAN,JohnAltobelliPark,JUCO,NJCAA,20260210-JohnAltobelliPark-1,c68ca8e0-06cf-11f1-9622-2f53c37c9706,69.9629,1.5404,NA,6.38084,NA,NA,NA,1.8293,1.5404,0.2598,f8462b57-8140-48a2-876f-4518772dfcbd,2026-02-10,22:28:08,2026-02-10T22:28:08Z,2026-02-10T22:28:08Z,GroundBall,v3,NA,NA,NA,"Fielder, M",NA,Right,MT._SAN,ad3c452e-40a9-43fc-9da4-f3288493c82d,54.43827,-103.83961,10.0938,5.91097,1.05371,-16.86152,-2.01555,4.28749,0.23218,180,1.82763,146.51032,NA,NA,NA,NA,NA,NA,NA,1.54061,-17.78743,NA,NA,NA,NA,NA,NA,NA,0.25993,-11.08548,NA,NA,NA,NA,NA,NA,NA,NA,NA,NA,NA,NA,NA,NA,NA,NA,NA,NA,NA,NA,NA,NA,NA,NA,NA,NA,NA,NA,NA,High,High,High,Medium,High,NA,NA,NA,51.286791,74.888558,427.088839,0.260697,07:45:00,-0.955345,0.215273,0.202418,111.128595,-32.504994,51.004929,-0.060427,165.074186,-0.964494,-14.897906,0.964494,-0.257097,0.060427,3.584984,-3.464327,0.257097,-0.257097,-165.074186,3.464327,0.060427,14.897906,-3.584984,-0.060427,0.257097,0.964494,-0.964494,NA,NA,NA,NA,NA,NA,NA,NA,NA,NA,NA
NA,NA,NA,NA,NA,NA,NA,NA,NA,NA,NA,NA,NA,NA,NA,NA,168,2026-02-10,14:28:42,4,1,"Polk, Kian",NA,Right,MT._SAN,"Farias, Ryan",1000511816,Right,ORA_COA,Undefined,5,Bottom,2,0,0,Fastball,Changeup,InPlay,Undefined,Popup,Double,0,0,NA,78.60154,-0.79631,-2.108041,1554.635709,226.855618,01:30:00,6.15088,1.30544,6.49094,-29.58269,14.84461,14.25485,2.95407,0.5572,71.68163,-6.39699,0.479397,0.479729,63.40538,30.429618,-6.972174,2514.559442,109.48512,38.87959,-10.63042,209.22758,209.22758,-4.494141,3.270147,-8.14059,8.45453,-1.16366,50,6.08195,3.72236,-114.191,-2.34466,-10.67511,22.37309,-21.08722,ORA_COA,MT._SAN,JohnAltobelliPark,JUCO,NJCAA,20260210-JohnAltobelliPark-1,dada69e0-06cf-11f1-9622-2f53c37c9706,78.5702,38.87103,NA,6.91992,NA,NA,NA,2.27053,3.11733,-0.56242,f8462b57-8140-48a2-876f-4518772dfcbd,2026-02-10,22:28:42,2026-02-10T22:28:42Z,2026-02-10T22:28:42Z,FlyBall,v3,NA,NA,NA,"Fielder, M",NA,Right,MT._SAN,171e3a6a-cead-489e-8757-74b4a29458ba,54.00883,-114.97375,11.18655,6.15108,-1.60689,-10.54361,-1.30042,4.09585,-5.33756,199.480261,2.27068,79.58719,-9.57346,2.31603,-0.43328,0.0777,-0.02329,0.0062,-6.4e-4,3.11746,47.09331,-16.28617,0.43046,0.22414,-0.219,0.09644,-0.02021,0.00161,-0.56248,-9.73176,3.08428,-0.86199,0.18122,-0.03075,0.0065,-0.00152,1.6e-4,NA,NA,NA,NA,NA,NA,NA,NA,NA,NA,NA,NA,NA,NA,NA,NA,NA,NA,NA,NA,NA,NA,High,High,High,High,High,NA,NA,NA,215.176947,18.560123,1473.779372,0.94799,01:15:00,-0.338971,-0.550511,-0.762913,-62.380022,-50.950081,72.636916,-0.987239,154.508929,-0.143746,-3.929886,0.143746,-0.068536,0.987239,81.715732,-80.836742,0.068536,-0.068536,-154.508929,80.836742,0.987239,3.929886,-81.715732,-0.987239,0.068536,0.143746,-0.143746,NA,NA,NA,NA,NA,NA,NA,NA,NA,NA,NA
NA,NA,NA,NA,NA,NA,NA,NA,NA,NA,NA,NA,NA,NA,NA,NA,169,2026-02-10,14:29:31,5,1,"Polk, Kian",NA,Right,MT._SAN,"Stuppy, Liam",1000268449,Right,ORA_COA,Undefined,5,Bottom,2,0,0,Slider,Curveball,StrikeCalled,Undefined,Undefined,Undefined,0,0,NA,70.59197,1.331448,-1.324522,1578.492951,52.344883,07:45:00,5.84428,2.01102,6.4687,-57.22109,-1.50807,-4.53429,2.29925,0.41647,64.13751,-9.335361,-2.148208,0.537216,NA,NA,NA,NA,NA,NA,NA,NA,NA,NA,NA,1.9176,-0.58114,-1.91587,50,5.91397,2.51395,-102.48128,0.89523,2.00173,19.84906,-32.78068,ORA_COA,MT._SAN,JohnAltobelliPark,JUCO,NJCAA,20260210-JohnAltobelliPark-1,f815ef20-06cf-11f1-9622-2f53c37c9706,70.16241,NA,NA,6.45446,NA,NA,NA,NA,NA,NA,f8462b57-8140-48a2-876f-4518772dfcbd,2026-02-10,22:29:31,2026-02-10T22:29:31Z,2026-02-10T22:29:31Z,NA,v3,NA,NA,NA,"Fielder, M",NA,Right,MT._SAN,d1c14e7d-83b9-4257-8351-f3888f8630b5,54.02959,-103.2588,9.92453,5.85375,2.1793,-16.39034,-2.01281,2.43554,1.00086,NA,NA,NA,NA,NA,NA,NA,NA,NA,NA,NA,NA,NA,NA,NA,NA,NA,NA,NA,NA,NA,NA,NA,NA,NA,NA,NA,NA,NA,NA,NA,NA,NA,NA,NA,NA,NA,NA,NA,NA,NA,NA,NA,NA,NA,NA,NA,NA,NA,NA,High,High,High,NA,NA,NA,NA,NA,68.478393,76.167323,377.397576,0.239087,08:15:00,-0.963282,0.24492,0.110006,89.847666,11.84842,71.282774,-0.094188,174.34202,-0.990704,-5.632745,0.990704,-0.098152,0.094188,5.430895,-5.404593,0.098152,-0.098152,-174.34202,5.404593,0.094188,5.632745,-5.430895,-0.094188,0.098152,0.990704,-0.990704,NA,NA,NA,NA,NA,NA,NA,NA,NA,NA,NA
NA,NA,NA,NA,NA,NA,NA,NA,NA,NA,NA,NA,NA,NA,NA,NA,170,2026-02-10,14:29:54,5,2,"Polk, Kian",NA,Right,MT._SAN,"Stuppy, Liam",1000268449,Right,ORA_COA,Undefined,5,Bottom,2,0,1,Curveball,Curveball,BallCalled,Undefined,Undefined,Undefined,0,0,NA,70.81132,0.038319,-2.367145,1657.394448,45.401293,07:30:00,5.80524,1.98493,6.4522,-56.87885,-1.56008,-3.5441,1.10057,-0.48638,64.72524,-10.511347,-3.010838,0.535313,NA,NA,NA,NA,NA,NA,NA,NA,NA,NA,NA,1.08228,-0.25815,-1.81583,50,5.78324,4.36002,-102.80004,-1.40587,1.13896,19.67881,-32.44573,ORA_COA,MT._SAN,JohnAltobelliPark,JUCO,NJCAA,20260210-JohnAltobelliPark-1,060a0440-06d0-11f1-9622-2f53c37c9706,70.412,NA,NA,6.08608,NA,NA,NA,NA,NA,NA,f8462b57-8140-48a2-876f-4518772dfcbd,2026-02-10,22:29:54,2026-02-10T22:29:54Z,2026-02-10T22:29:54Z,NA,v3,NA,NA,NA,"Fielder, M",NA,Right,MT._SAN,6bec0103-12a6-4557-b8a8-8dc35c1524cf,54.04739,-103.57193,9.8394,5.81342,-0.13322,-16.22287,-1.98597,4.31534,0.56948,NA,NA,NA,NA,NA,NA,NA,NA,NA,NA,NA,NA,NA,NA,NA,NA,NA,NA,NA,NA,NA,NA,NA,NA,NA,NA,NA,NA,NA,NA,NA,NA,NA,NA,NA,NA,NA,NA,NA,NA,NA,NA,NA,NA,NA,NA,NA,NA,NA,NA,High,High,High,NA,NA,NA,NA,NA,56.016773,72.090729,509.666346,0.307511,07:45:00,-0.943463,0.255624,0.211031,-41.538307,-80.574297,20.635616,-0.078346,173.476129,-0.990471,-6.503732,0.990471,-0.113268,0.078346,4.522656,-4.493491,0.113268,-0.113268,-173.476129,4.493491,0.078346,6.503732,-4.522656,-0.078346,0.113268,0.990471,-0.990471,NA,NA,NA,NA,NA,NA,NA,NA,NA,NA,NA
NA,NA,NA,NA,NA,NA,NA,NA,NA,NA,NA,NA,NA,NA,NA,NA,171,2026-02-10,14:30:14,5,3,"Polk, Kian",NA,Right,MT._SAN,"Stuppy, Liam",1000268449,Right,ORA_COA,Undefined,5,Bottom,2,1,1,Fastball,Changeup,StrikeCalled,Undefined,Undefined,Undefined,0,0,NA,79.50192,-0.571374,-4.083308,1491.051194,223.457163,01:30:00,6.15861,1.52915,6.6277,-27.86084,15.83454,13.50383,3.31235,-1.09077,71.78673,-5.894126,-1.633832,0.475761,NA,NA,NA,NA,NA,NA,NA,NA,NA,NA,NA,-8.35213,8.96906,-1.25682,50,6.10834,7.74712,-115.19222,-1.83336,-11.06273,24.23747,-20.29416,ORA_COA,MT._SAN,JohnAltobelliPark,JUCO,NJCAA,20260210-JohnAltobelliPark-1,11b1df70-06d0-11f1-9622-2f53c37c9706,79.2255,NA,NA,7.71518,NA,NA,NA,NA,NA,NA,f8462b57-8140-48a2-876f-4518772dfcbd,2026-02-10,22:30:14,2026-02-10T22:30:14Z,2026-02-10T22:30:14Z,NA,v3,NA,NA,NA,"Fielder, M",NA,Right,MT._SAN,7b9e60ee-4911-4bd7-bf50-28281a51a06b,53.86865,-116.00336,12.11873,6.15834,-1.15419,-10.14708,-1.52228,8.11735,-5.53137,NA,NA,NA,NA,NA,NA,NA,NA,NA,NA,NA,NA,NA,NA,NA,NA,NA,NA,NA,NA,NA,NA,NA,NA,NA,NA,NA,NA,NA,NA,NA,NA,NA,NA,NA,NA,NA,NA,NA,NA,NA,NA,NA,NA,NA,NA,NA,NA,NA,NA,High,High,High,NA,NA,NA,NA,NA,212.258439,24.602541,1355.690056,0.909218,01:00:00,-0.465166,-0.489412,-0.737629,-68.567592,-48.081499,64.226745,-0.978462,154.549551,-0.186394,-5.089247,0.186394,-0.088707,0.978462,79.214585,-78.087032,0.088707,-0.088707,-154.549551,78.087032,0.978462,5.089247,-79.214585,-0.978462,0.088707,0.186394,-0.186394,NA,NA,NA,NA,NA,NA,NA,NA,NA,NA,NA
NA,NA,NA,NA,NA,NA,NA,NA,NA,NA,NA,NA,NA,NA,NA,NA,172,2026-02-10,14:30:36,5,4,"Polk, Kian",NA,Right,MT._SAN,"Stuppy, Liam",1000268449,Right,ORA_COA,Undefined,5,Bottom,2,1,2,Slider,Curveball,InPlay,Undefined,GroundBall,Single,0,1,NA,71.97544,0.39329,-1.337054,1689.603952,65.330283,08:15:00,5.83354,1.869,6.45086,-54.78629,-1.18445,-6.73811,1.62946,0.07887,65.51802,-9.799017,-2.561493,0.52694,65.19733,-31.099765,-31.221619,NA,NA,NA,NA,5.16071,3.26806,-16.636031,0.035671,3.09417,-0.23654,-1.77144,50,5.83735,2.65172,-104.53331,-0.71714,3.35829,20.76042,-32.43077,ORA_COA,MT._SAN,JohnAltobelliPark,JUCO,NJCAA,20260210-JohnAltobelliPark-1,1f23a530-06d0-11f1-9622-2f53c37c9706,71.5308,1.76709,NA,6.45743,NA,NA,NA,2.4396,1.76709,0.04097,f8462b57-8140-48a2-876f-4518772dfcbd,2026-02-10,22:30:36,2026-02-10T22:30:36Z,2026-02-10T22:30:36Z,GroundBall,v3,NA,NA,NA,"Fielder, M",NA,Right,MT._SAN,d83878f7-73bc-4db3-b017-5dbcfe47de51,54.04898,-105.33437,10.38021,5.84088,0.53423,-16.21538,-1.87126,2.52214,1.67914,NA,2.4384,70.22811,NA,NA,NA,NA,NA,NA,NA,1.76793,-49.53866,NA,NA,NA,NA,NA,NA,NA,0.04169,-42.56788,NA,NA,NA,NA,NA,NA,NA,NA,NA,NA,NA,NA,NA,NA,NA,NA,NA,NA,NA,NA,NA,NA,NA,NA,NA,NA,NA,NA,NA,High,High,High,Low,Low,NA,NA,NA,73.56256,80.211053,287.265463,0.170019,08:30:00,-0.982908,0.169831,0.071064,92.075866,-4.749078,64.647946,-0.057911,164.860603,-0.963673,-15.113383,0.963673,-0.26073,0.057911,3.43902,-3.319935,0.26073,-0.26073,-164.860603,3.319935,0.057911,15.113383,-3.43902,-0.057911,0.26073,0.963673,-0.963673,NA,NA,NA,NA,NA,NA,NA,NA,NA,NA,NA
NA,NA,NA,NA,NA,NA,NA,NA,NA,NA,NA,NA,NA,NA,NA,NA,173,2026-02-10,14:31:15,6,1,"Polk, Kian",NA,Right,MT._SAN,"Choo, Alan",1000374695,Right,ORA_COA,Undefined,5,Bottom,2,0,0,Fastball,Changeup,InPlay,Undefined,FlyBall,Out,1,0,NA,78.83757,-1.355948,-2.554266,1649.513154,204.163635,12:45:00,6.23614,1.60446,6.39769,-22.97277,21.80981,9.04835,3.07325,0.00786,71.14826,-5.780961,-0.916672,0.481644,91.91756,59.378165,-0.129901,3567.68205,NA,NA,NA,NA,223.2702,NA,NA,-5.56453,12.30292,-1.42511,50,6.12816,4.78362,-114.32964,-3.24318,-7.2465,24.24885,-16.15242,ORA_COA,MT._SAN,JohnAltobelliPark,JUCO,NJCAA,20260210-JohnAltobelliPark-1,365f3750-06d0-11f1-9622-2f53c37c9706,78.25793,127.31231,NA,7.68931,NA,NA,NA,1.02109,3.23708,0.03447,f8462b57-8140-48a2-876f-4518772dfcbd,2026-02-10,22:31:15,2026-02-10T22:31:15Z,2026-02-10T22:31:15Z,NA,v3,NA,NA,NA,"Fielder, M",NA,Right,MT._SAN,f8370563-27ab-4a00-9643-b344b8aa71a8,54.09965,-115.19588,12.12443,6.23371,-2.66617,-8.07621,-1.60062,5.04249,-3.62325,NA,1.02109,68.66904,-17.8182,4.96568,-1.3623,0.62885,-0.40253,0.17514,-0.03168,3.23708,116.01238,-27.07492,3.13063,-0.47716,-0.08394,0.16159,-0.08444,0.01608,0.03448,-0.15569,-6.38861,2.25138,-0.7452,0.41382,-0.28858,0.12855,-0.02341,NA,NA,NA,NA,NA,NA,NA,NA,NA,NA,NA,NA,NA,NA,NA,NA,NA,NA,NA,NA,NA,NA,High,High,High,High,Undefined,NA,NA,NA,215.588538,19.335979,1556.469426,0.943593,01:15:00,-0.351901,-0.556815,-0.752411,-33.600864,3.266556,-25.928614,0.127478,178.286144,-0.991398,1.69987,0.991398,-0.029664,-0.127478,7.327138,7.323895,0.029664,0.029664,-178.286144,-7.323895,0.127478,-1.69987,-7.327138,-0.127478,-0.029664,0.991398,-0.991398,NA,NA,NA,NA,NA,NA,NA,NA,NA,NA,NA
NA,NA,NA,NA,NA,NA,NA,NA,NA,NA,NA,NA,NA,NA,NA,NA,174,2026-02-10,14:33:33,1,1,"Rasic, Anthony",1000289210,Right,ORA_COA,"Fielder, M",NA,Right,MT._SAN,Undefined,6,Top,0,0,0,Cutter,Slider,StrikeCalled,Undefined,Undefined,Undefined,0,0,NA,77.32156,-0.677245,-1.410593,2275.612252,155.208638,11:15:00,5.84935,0.95312,5.83405,-39.35396,7.30811,-2.72181,1.94013,-0.58512,71.35828,-7.924889,-1.898989,0.491647,NA,NA,NA,NA,NA,NA,NA,NA,NA,NA,NA,1.01075,4.36685,-0.83644,50,5.77093,2.86615,-112.33093,-2.52783,1.29573,19.72036,-26.576,ORA_COA,MT._SAN,JohnAltobelliPark,JUCO,NJCAA,20260210-JohnAltobelliPark-1,88659940-06d0-11f1-9622-2f53c37c9706,76.66565,NA,NA,5.96327,NA,NA,NA,NA,NA,NA,f8462b57-8140-48a2-876f-4518772dfcbd,2026-02-10,22:33:33,2026-02-10T22:33:33Z,2026-02-10T22:33:33Z,NA,v3,NA,NA,NA,"Barnes, Flynn",1000398235,Right,ORA_COA,c1272f29-bd61-42c0-9074-07e7efa834e0,54.66504,-113.14694,9.86018,5.85278,-1.42814,-13.288,-0.95393,2.81254,0.64787,NA,NA,NA,NA,NA,NA,NA,NA,NA,NA,NA,NA,NA,NA,NA,NA,NA,NA,NA,NA,NA,NA,NA,NA,NA,NA,NA,NA,NA,NA,NA,NA,NA,NA,NA,NA,NA,NA,NA,NA,NA,NA,NA,NA,NA,NA,NA,NA,NA,NA,High,High,High,NA,NA,NA,NA,NA,214.943653,73.659825,640.21992,0.28134,01:15:00,-0.963023,-0.172474,-0.206974,61.72708,36.39975,68.872718,0.016536,163.369631,-0.95804,16.628029,0.95804,-0.286157,-0.016536,0.988845,0.94749,0.286157,0.286157,-163.369631,-0.94749,0.016536,-16.628029,-0.988845,-0.016536,-0.286157,0.95804,-0.95804,NA,NA,NA,NA,NA,NA,NA,NA,NA,NA,NA
NA,NA,NA,NA,NA,NA,NA,NA,NA,NA,NA,NA,NA,NA,NA,NA,175,2026-02-10,14:33:48,1,2,"Rasic, Anthony",1000289210,Right,ORA_COA,"Fielder, M",NA,Right,MT._SAN,Undefined,6,Top,0,0,1,Curveball,Curveball,StrikeCalled,Undefined,Undefined,Undefined,0,0,NA,71.59434,2.427272,0.08022,2137.920875,39.346621,07:15:00,5.86244,0.89349,5.7865,-65.71169,-10.74272,-10.248,2.646,0.11412,65.73791,-9.589715,-1.758946,0.533618,NA,NA,NA,NA,NA,NA,NA,NA,NA,NA,NA,5.21248,-5.56469,-0.89406,50,6.02361,0.21453,-103.97102,2.41347,5.66994,18.45168,-38.22713,ORA_COA,MT._SAN,JohnAltobelliPark,JUCO,NJCAA,20260210-JohnAltobelliPark-1,912d5ef0-06d0-11f1-9622-2f53c37c9706,70.63568,NA,NA,5.85643,NA,NA,NA,NA,NA,NA,f8462b57-8140-48a2-876f-4518772dfcbd,2026-02-10,22:33:48,2026-02-10T22:33:48Z,2026-02-10T22:33:48Z,NA,v3,NA,NA,NA,"Barnes, Flynn",1000398235,Right,ORA_COA,c5542c30-ccaf-402c-a165-ab428fd5f2b4,54.71645,-104.80471,9.22584,5.87554,4.14065,-19.11356,-0.89796,-0.04165,2.83497,NA,NA,NA,NA,NA,NA,NA,NA,NA,NA,NA,NA,NA,NA,NA,NA,NA,NA,NA,NA,NA,NA,NA,NA,NA,NA,NA,NA,NA,NA,NA,NA,NA,NA,NA,NA,NA,NA,NA,NA,NA,NA,NA,NA,NA,NA,NA,NA,NA,NA,High,High,High,NA,NA,NA,NA,NA,34.489387,50.01392,1373.831115,0.642601,07:15:00,-0.750843,0.395998,0.528601,102.64102,-12.248519,47.068926,-0.370614,173.553657,-0.922915,-5.985538,0.922915,-0.104277,0.370614,21.878839,-21.753459,0.104277,-0.104277,-173.553657,21.753459,0.370614,5.985538,-21.878839,-0.370614,0.104277,0.922915,-0.922915,NA,NA,NA,NA,NA,NA,NA,NA,NA,NA,NA
NA,NA,NA,NA,NA,NA,NA,NA,NA,NA,NA,NA,NA,NA,NA,NA,176,2026-02-10,14:34:05,1,3,"Rasic, Anthony",1000289210,Right,ORA_COA,"Fielder, M",NA,Right,MT._SAN,Undefined,6,Top,0,0,2,Fastball,Changeup,StrikeSwinging,Strikeout,Undefined,Undefined,0,0,NA,84.07243,-1.532094,-3.926812,2016.971162,232.687496,01:45:00,5.92581,0.58827,6.33934,-27.04816,12.22036,14.26493,2.25756,-1.84402,76.45039,-6.630733,-1.351028,0.451018,NA,NA,NA,NA,NA,NA,NA,NA,NA,NA,NA,-8.54851,7.22642,-0.30824,50,5.80137,7.81445,-121.83177,-4.03816,-12.75345,25.58854,-21.393,ORA_COA,MT._SAN,JohnAltobelliPark,JUCO,NJCAA,20260210-JohnAltobelliPark-1,9b54b4a0-06d0-11f1-9622-2f53c37c9706,83.57192,NA,NA,7.62204,NA,NA,NA,NA,NA,NA,f8462b57-8140-48a2-876f-4518772dfcbd,2026-02-10,22:34:05,2026-02-10T22:34:05Z,2026-02-10T22:34:05Z,NA,v3,NA,NA,NA,"Barnes, Flynn",1000398235,Right,ORA_COA,58747e43-6579-499a-9343-a9f91ccd211e,54.15841,-122.70206,12.79427,5.92633,-3.31056,-10.6965,-0.5814,8.24821,-6.37672,NA,NA,NA,NA,NA,NA,NA,NA,NA,NA,NA,NA,NA,NA,NA,NA,NA,NA,NA,NA,NA,NA,NA,NA,NA,NA,NA,NA,74.1052,2.789075,1.885389,0.903687,-1.13723,1.95427,1.90147,1.90865,5.20486,4.11731,70.07998,5.24194,-54.69976,1.91317,78.18564,-3.04631,5.23624,13.03419,-14.41008,4.05046,-73.34956,9.21462,High,High,High,NA,NA,High,High,High,223.625098,28.11906,1778.908319,0.88197,01:30:00,-0.497521,-0.620887,-0.605782,-73.219395,-45.317296,-17.399732,0.002337,140.653616,-0.773325,39.346255,0.773325,-0.634005,-0.002337,0.173156,0.133907,0.634005,0.634005,-140.653616,-0.133907,0.002337,-39.346255,-0.173156,-0.002337,-0.634005,0.773325,-0.773325,NA,NA,NA,NA,NA,NA,NA,NA,NA,NA,NA
NA,NA,NA,NA,NA,NA,NA,NA,NA,NA,NA,NA,NA,NA,NA,NA,177,2026-02-10,14:34:32,2,1,"Rasic, Anthony",1000289210,Right,ORA_COA,"Trout, Tyler",NA,Right,MT._SAN,Undefined,6,Top,1,0,0,Cutter,Slider,StrikeCalled,Undefined,Undefined,Undefined,0,0,NA,76.54755,-0.650217,-1.842985,2334.210737,158.710761,11:15:00,5.82435,0.88341,5.68973,-41.90908,5.82681,-1.72591,1.72557,-0.97872,70.92794,-8.323314,-2.151797,0.497272,NA,NA,NA,NA,NA,NA,NA,NA,NA,NA,NA,0.40449,3.5391,-0.72726,50,5.74319,3.64115,-111.2185,-2.56014,0.50983,18.76192,-27.71304,ORA_COA,MT._SAN,JohnAltobelliPark,JUCO,NJCAA,20260210-JohnAltobelliPark-1,ab7f58d0-06d0-11f1-9622-2f53c37c9706,75.79845,NA,NA,5.61961,NA,NA,NA,NA,NA,NA,f8462b57-8140-48a2-876f-4518772dfcbd,2026-02-10,22:34:32,2026-02-10T22:34:32Z,2026-02-10T22:34:32Z,NA,v3,NA,NA,NA,"Barnes, Flynn",1000398235,Right,ORA_COA,9fd19c12-05cd-415d-b67b-05a1ae7ef7a2,54.8111,-112.02716,9.38096,5.82779,-1.36567,-13.85652,-0.88373,3.61918,0.25492,NA,NA,NA,NA,NA,NA,NA,NA,NA,NA,NA,NA,NA,NA,NA,NA,NA,NA,NA,NA,NA,NA,NA,NA,NA,NA,NA,NA,NA,NA,NA,NA,NA,NA,NA,NA,NA,NA,NA,NA,NA,NA,NA,NA,NA,NA,NA,NA,NA,NA,High,High,High,NA,NA,NA,NA,NA,214.140898,77.435114,507.796115,0.217545,01:15:00,-0.979888,-0.133161,-0.148616,64.345767,41.44518,69.485701,0.002476,165.38332,-0.967633,14.616634,0.967633,-0.25235,-0.002476,0.146613,0.141868,0.25235,0.25235,-165.38332,-0.141868,0.002476,-14.616634,-0.146613,-0.002476,-0.25235,0.967633,-0.967633,NA,NA,NA,NA,NA,NA,NA,NA,NA,NA,NA
NA,NA,NA,NA,NA,NA,NA,NA,NA,NA,NA,NA,NA,NA,NA,NA,178,2026-02-10,14:34:48,2,2,"Rasic, Anthony",1000289210,Right,ORA_COA,"Trout, Tyler",NA,Right,MT._SAN,Undefined,6,Top,1,0,1,Curveball,Curveball,FoulBallNotFieldable,Undefined,Undefined,Undefined,0,0,NA,73.0347,2.33026,0.521461,2241.042618,47.293244,07:30:00,5.88616,0.70582,5.79101,-61.06094,-8.15154,-10.70603,2.96678,0.29876,66.81443,-8.862695,-1.399214,0.523525,80.73907,26.266824,-58.923454,4127.45114,53.24903,35.25763,-96.25231,225.12826,113.71371,-65.979879,2.822677,5.66988,-4.47981,-0.742,50,6.04087,-0.59743,-106.04393,2.47839,6.40168,19.56685,-37.23207,ORA_COA,MT._SAN,JohnAltobelliPark,JUCO,NJCAA,20260210-JohnAltobelliPark-1,b55a3c30-06d0-11f1-9622-2f53c37c9706,71.99735,35.5511,NA,6.22027,NA,NA,NA,3.48184,3.03293,-0.1681,f8462b57-8140-48a2-876f-4518772dfcbd,2026-02-10,22:34:48,2026-02-10T22:34:48Z,2026-02-10T22:34:48Z,LineDrive,v3,NA,NA,NA,"Barnes, Flynn",1000398235,Right,ORA_COA,6f2246db-68fa-4336-a7d8-3001c18c81ee,54.71216,-106.90986,9.78342,5.89473,4.1261,-18.61603,-0.70929,-0.88073,3.20084,NA,3.48164,54.82379,-13.95655,3.40367,-1.11469,0.4844,-0.16098,0.03001,-0.00233,3.03334,52.38463,-24.08646,2.64391,0.08866,-0.46091,0.20863,-0.04264,0.00344,-0.16794,-90.9578,11.07725,-2.78968,0.91285,-0.40857,0.13882,-0.02627,0.00206,NA,NA,NA,NA,NA,NA,NA,NA,NA,NA,NA,NA,NA,NA,NA,NA,NA,NA,NA,NA,NA,NA,High,High,High,High,Low,NA,NA,NA,32.035263,53.907398,1320.180347,0.589092,07:00:00,-0.799205,0.345076,0.492133,94.603991,-6.449155,43.852128,-0.460693,161.626557,-0.842314,-16.246293,0.842314,-0.279767,0.460693,28.675918,-27.431847,0.279767,-0.279767,-161.626557,27.431847,0.460693,16.246293,-28.675918,-0.460693,0.279767,0.842314,-0.842314,NA,NA,NA,NA,NA,NA,NA,NA,NA,NA,NA
NA,NA,NA,NA,NA,NA,NA,NA,NA,NA,NA,NA,NA,NA,NA,NA,179,2026-02-10,14:35:12,2,3,"Rasic, Anthony",1000289210,Right,ORA_COA,"Trout, Tyler",NA,Right,MT._SAN,Undefined,6,Top,1,0,2,Fastball,Sinker,BallCalled,Undefined,Undefined,Undefined,0,0,NA,85.69586,-1.82521,-3.576041,1990.202405,216.76796,01:15:00,5.91519,0.56373,6.36177,-24.39875,13.06855,8.8739,2.19838,-1.99207,78.51934,-6.41923,-1.972779,0.440553,NA,NA,NA,NA,NA,NA,NA,NA,NA,NA,NA,-5.61496,7.6843,-0.30856,50,5.77133,7.43175,-124.31171,-4.66667,-8.78816,24.87146,-20.14709,ORA_COA,MT._SAN,JohnAltobelliPark,JUCO,NJCAA,20260210-JohnAltobelliPark-1,c3535a60-06d0-11f1-9622-2f53c37c9706,85.5572,NA,NA,7.17652,NA,NA,NA,NA,NA,NA,f8462b57-8140-48a2-876f-4518772dfcbd,2026-02-10,22:35:12,2026-02-10T22:35:12Z,2026-02-10T22:35:12Z,NA,v3,NA,NA,NA,"Barnes, Flynn",1000398235,Right,ORA_COA,939d1066-d456-41d9-a74e-c037b6ff81af,54.13742,-125.13676,12.43573,5.91505,-3.99834,-10.07355,-0.55992,7.72327,-4.39408,NA,NA,NA,NA,NA,NA,NA,NA,NA,NA,NA,NA,NA,NA,NA,NA,NA,NA,NA,NA,NA,NA,NA,NA,NA,NA,NA,NA,NA,NA,NA,NA,NA,NA,NA,NA,NA,NA,NA,NA,NA,NA,NA,NA,NA,NA,NA,NA,NA,NA,High,High,High,NA,NA,NA,NA,NA,222.309132,25.566998,1795.324285,0.902081,01:30:00,-0.452815,-0.620656,-0.640113,-58.012548,-47.944266,-26.275552,0.120189,145.43886,-0.817552,34.275525,0.817552,-0.563173,-0.120189,8.363196,6.903008,0.563173,0.563173,-145.43886,-6.903008,0.120189,-34.275525,-8.363196,-0.120189,-0.563173,0.817552,-0.817552,NA,NA,NA,NA,NA,NA,NA,NA,NA,NA,NA
NA,NA,NA,NA,NA,NA,NA,NA,NA,NA,NA,NA,NA,NA,NA,NA,180,2026-02-10,14:35:30,2,4,"Rasic, Anthony",1000289210,Right,ORA_COA,"Trout, Tyler",NA,Right,MT._SAN,Undefined,6,Top,1,1,2,Curveball,Curveball,StrikeCalled,Strikeout,Undefined,Undefined,0,0,NA,73.47535,1.304601,-0.68832,2227.04698,26.743303,07:00:00,5.92733,0.54756,5.64861,-66.36468,-13.45694,-7.70343,1.61409,-0.73645,67.10883,-10.785861,-2.069493,0.523517,NA,NA,NA,NA,NA,NA,NA,NA,NA,NA,NA,3.67953,-6.69394,-0.48422,50,5.99596,1.56041,-106.64772,0.32391,4.16789,21.16118,-39.75645,ORA_COA,MT._SAN,JohnAltobelliPark,JUCO,NJCAA,20260210-JohnAltobelliPark-1,ce1a2460-06d0-11f1-9622-2f53c37c9706,71.99846,NA,NA,6.36653,NA,NA,NA,NA,NA,NA,f8462b57-8140-48a2-876f-4518772dfcbd,2026-02-10,22:35:30,2026-02-10T22:35:30Z,2026-02-10T22:35:30Z,NA,v3,NA,NA,NA,"Barnes, Flynn",1000398235,Right,ORA_COA,2e76e10a-fe01-4bbc-9e9e-b13a3e481dae,54.85398,-107.60655,10.58059,5.94048,2.1253,-19.87822,-0.55064,1.37157,2.08394,NA,NA,NA,NA,NA,NA,NA,NA,NA,NA,NA,NA,NA,NA,NA,NA,NA,NA,NA,NA,NA,NA,NA,NA,NA,NA,NA,NA,73.07225,NA,NA,0.897754,NA,NA,NA,0.61513,5.14854,-1.04321,68.89877,5.84157,-55.88405,0.62774,79.48447,-3.82542,5.18308,13.55562,-14.27072,-1.12136,-69.31853,9.24209,High,High,High,NA,NA,High,High,High,27.598654,49.609247,1443.119727,0.647997,07:00:00,-0.747657,0.317464,0.583288,116.10785,-21.563489,36.863663,-0.312988,169.984871,-0.935285,-9.507144,0.935285,-0.165171,0.312988,18.50252,-18.239371,0.165171,-0.165171,-169.984871,18.239371,0.312988,9.507144,-18.50252,-0.312988,0.165171,0.935285,-0.935285,NA,NA,NA,NA,NA,NA,NA,NA,NA,NA,NA
NA,NA,NA,NA,NA,NA,NA,NA,NA,NA,NA,NA,NA,NA,NA,NA,181,2026-02-10,14:35:58,3,1,"Rasic, Anthony",1000289210,Right,ORA_COA,"Mattson, Ty",1000213901,Right,MT._SAN,Undefined,6,Top,2,0,0,Cutter,Slider,StrikeCalled,Undefined,Undefined,Undefined,0,0,NA,76.8903,0.255621,-1.559087,2413.710241,137.916913,10:30:00,5.80253,0.79752,5.85721,-41.55971,5.83181,-3.90729,2.57681,-0.97699,70.52439,-7.418993,-2.260084,0.495475,NA,NA,NA,NA,NA,NA,NA,NA,NA,NA,NA,1.5515,3.37583,-0.66867,50,5.79914,3.1822,-111.65297,-0.76235,1.95386,20.55121,-27.92273,ORA_COA,MT._SAN,JohnAltobelliPark,JUCO,NJCAA,20260210-JohnAltobelliPark-1,df05cea0-06d0-11f1-9622-2f53c37c9706,76.07336,NA,NA,6.36591,NA,NA,NA,NA,NA,NA,f8462b57-8140-48a2-876f-4518772dfcbd,2026-02-10,22:35:58,2026-02-10T22:35:58Z,2026-02-10T22:35:58Z,NA,v3,NA,NA,NA,"Barnes, Flynn",1000398235,Right,ORA_COA,319d2ea8-979f-4e63-b3e6-a60df15fe5ca,54.64154,-112.50407,10.27561,5.80677,0.39403,-13.96137,-0.79879,3.10129,0.97693,NA,NA,NA,NA,NA,NA,NA,NA,NA,NA,NA,NA,NA,NA,NA,NA,NA,NA,NA,NA,NA,NA,NA,NA,NA,NA,NA,NA,NA,NA,NA,NA,NA,NA,NA,NA,NA,NA,NA,NA,NA,NA,NA,NA,NA,NA,NA,NA,NA,NA,High,High,High,NA,NA,NA,NA,NA,197.973536,79.048553,458.549658,0.189977,12:30:00,-0.986593,-0.054242,-0.15392,59.568182,43.84249,62.048351,-0.027998,164.849153,-0.964863,-15.144766,0.964863,-0.261259,0.027998,1.662097,-1.604355,0.261259,-0.261259,-164.849153,1.604355,0.027998,15.144766,-1.662097,-0.027998,0.261259,0.964863,-0.964863,NA,NA,NA,NA,NA,NA,NA,NA,NA,NA,NA
NA,NA,NA,NA,NA,NA,NA,NA,NA,NA,NA,NA,NA,NA,NA,NA,182,2026-02-10,14:36:13,3,2,"Rasic, Anthony",1000289210,Right,ORA_COA,"Mattson, Ty",1000213901,Right,MT._SAN,Undefined,6,Top,2,0,1,Curveball,Curveball,StrikeCalled,Undefined,Undefined,Undefined,0,0,NA,73.26578,1.648973,-1.361928,2247.475271,26.111872,06:45:00,5.81991,0.62282,5.75388,-66.0311,-13.13784,-7.31311,1.85321,-1.25467,67.02648,-10.403524,-2.674142,0.523446,NA,NA,NA,NA,NA,NA,NA,NA,NA,NA,NA,3.29918,-6.72244,-0.50526,50,5.9165,2.78688,-106.35607,1.01777,3.72654,20.6014,-39.76731,ORA_COA,MT._SAN,JohnAltobelliPark,JUCO,NJCAA,20260210-JohnAltobelliPark-1,e8285e80-06d0-11f1-9622-2f53c37c9706,72.00831,NA,NA,6.2393,NA,NA,NA,NA,NA,NA,f8462b57-8140-48a2-876f-4518772dfcbd,2026-02-10,22:36:13,2026-02-10T22:36:13Z,2026-02-10T22:36:13Z,NA,v3,NA,NA,NA,"Barnes, Flynn",1000398235,Right,ORA_COA,edb2cee0-2bc2-40ea-ba88-d5dd7da38d5c,54.74928,-107.27207,10.3007,5.83193,2.78594,-19.88366,-0.62549,2.62118,1.86327,NA,NA,NA,NA,NA,NA,NA,NA,NA,NA,NA,NA,NA,NA,NA,NA,NA,NA,NA,NA,NA,NA,NA,NA,NA,NA,NA,NA,NA,NA,NA,NA,NA,NA,NA,NA,NA,NA,NA,NA,NA,NA,NA,NA,NA,NA,NA,NA,NA,NA,High,High,High,NA,NA,NA,NA,NA,30.752923,51.806097,1389.669623,0.618325,07:00:00,-0.76365,0.338657,0.549682,113.665923,-17.973243,39.969306,-0.28173,169.158392,-0.942368,-10.397462,0.942368,-0.180476,0.28173,16.644558,-16.363493,0.180476,-0.180476,-169.158392,16.363493,0.28173,10.397462,-16.644558,-0.28173,0.180476,0.942368,-0.942368,NA,NA,NA,NA,NA,NA,NA,NA,NA,NA,NA
NA,NA,NA,NA,NA,NA,NA,NA,NA,NA,NA,NA,NA,NA,NA,NA,183,2026-02-10,14:36:33,3,3,"Rasic, Anthony",1000289210,Right,ORA_COA,"Mattson, Ty",1000213901,Right,MT._SAN,Undefined,6,Top,2,0,2,Fastball,Changeup,BallCalled,Undefined,Undefined,Undefined,0,0,NA,86.22729,-1.273935,-3.29227,2115.190161,214.126749,01:15:00,6.03985,0.47475,6.35224,-22.45131,14.74505,9.14729,2.99417,-1.79672,78.45724,-5.536309,-1.639615,0.438956,NA,NA,NA,NA,NA,NA,NA,NA,NA,NA,NA,-5.70733,8.42284,-0.23964,50,5.93666,6.83637,-125.06486,-3.41011,-8.9883,26.55647,-18.90918,ORA_COA,MT._SAN,JohnAltobelliPark,JUCO,NJCAA,20260210-JohnAltobelliPark-1,f41224b0-06d0-11f1-9622-2f53c37c9706,85.86829,NA,NA,7.77005,NA,NA,NA,NA,NA,NA,f8462b57-8140-48a2-876f-4518772dfcbd,2026-02-10,22:36:33,2026-02-10T22:36:33Z,2026-02-10T22:36:33Z,NA,v3,NA,NA,NA,"Barnes, Flynn",1000398235,Right,ORA_COA,50850ba6-5d0c-4358-a16f-c162821d56ca,54.14534,-125.94202,13.27824,6.03898,-2.78554,-9.45459,-0.47035,7.13325,-4.49415,NA,NA,NA,NA,NA,NA,NA,NA,NA,NA,NA,NA,NA,NA,NA,NA,NA,NA,NA,NA,NA,NA,NA,NA,NA,NA,NA,NA,NA,NA,NA,NA,NA,NA,NA,NA,NA,NA,NA,NA,NA,NA,NA,NA,NA,NA,NA,NA,NA,NA,High,High,High,NA,NA,NA,NA,NA,219.129973,28.117587,1865.56018,0.881982,01:15:00,-0.497326,-0.566943,-0.656691,-61.503098,-43.631526,-26.747707,0.045768,143.783178,-0.805941,36.172865,0.805941,-0.590223,-0.045768,3.250207,2.623206,0.590223,0.590223,-143.783178,-2.623206,0.045768,-36.172865,-3.250207,-0.045768,-0.590223,0.805941,-0.805941,NA,NA,NA,NA,NA,NA,NA,NA,NA,NA,NA
NA,NA,NA,NA,NA,NA,NA,NA,NA,NA,NA,NA,NA,NA,NA,NA,184,2026-02-10,14:36:51,3,4,"Rasic, Anthony",1000289210,Right,ORA_COA,"Mattson, Ty",1000213901,Right,MT._SAN,Undefined,6,Top,2,1,2,Curveball,Curveball,InPlay,Undefined,GroundBall,Out,1,0,NA,73.87531,1.138214,-0.299517,2247.568494,31.981048,07:00:00,5.93983,0.47707,5.70209,-59.95539,-7.83052,-6.00725,2.00429,-0.30263,67.42766,-9.828357,-1.376796,0.51963,89.95873,1.208712,-18.568325,1447.706289,NA,NA,NA,55.23192,52.27359,-19.060817,0.421475,2.97555,-3.89118,-0.44807,50,5.99776,0.7742,-107.2396,0.27298,3.41595,21.00063,-36.64117,ORA_COA,MT._SAN,JohnAltobelliPark,JUCO,NJCAA,20260210-JohnAltobelliPark-1,fe7a7b00-06d0-11f1-9622-2f53c37c9706,72.53711,2.35397,NA,6.44766,NA,NA,NA,2.15891,2.25694,0.23532,f8462b57-8140-48a2-876f-4518772dfcbd,2026-02-10,22:36:51,2026-02-10T22:36:51Z,2026-02-10T22:36:51Z,GroundBall,v3,NA,NA,NA,"Barnes, Flynn",1000398235,Right,ORA_COA,3751bd13-629c-4780-b45f-960a575d46f4,54.79958,-108.17542,10.50031,5.94922,1.90575,-18.32058,-0.47918,0.62198,1.70798,67.89338,2.16389,124.88562,-14.64292,NA,NA,NA,NA,NA,NA,2.26264,2.60299,-18.9441,NA,NA,NA,NA,NA,NA,0.23913,-42.12547,-2.95598,NA,NA,NA,NA,NA,NA,NA,NA,NA,NA,NA,NA,NA,NA,NA,NA,NA,NA,NA,NA,NA,NA,NA,NA,NA,NA,NA,NA,High,High,High,High,High,NA,NA,NA,26.025851,51.970878,1384.641372,0.616062,06:45:00,-0.779268,0.285907,0.557672,118.410086,-18.859169,35.27908,-0.272982,163.973882,-0.924631,-15.40201,0.924631,-0.26559,0.272982,16.448361,-15.841791,0.26559,-0.26559,-163.973882,15.841791,0.272982,15.40201,-16.448361,-0.272982,0.26559,0.924631,-0.924631,NA,NA,NA,NA,NA,NA,NA,NA,NA,NA,NA
NA,NA,NA,NA,NA,NA,NA,NA,NA,NA,NA,NA,NA,NA,NA,NA,185,2026-02-10,14:38:35,1,1,"Polk, Kian",NA,Right,MT._SAN,"Covington, Tyler",1000398214,Right,ORA_COA,Undefined,6,Bottom,0,0,0,Slider,Curveball,StrikeCalled,Undefined,Undefined,Undefined,0,0,NA,71.99002,2.010223,-1.465919,1649.051289,82.384826,08:45:00,5.84952,1.95141,6.40691,-52.18554,1.49858,-3.06221,3.35051,0.34801,65.19679,-7.745818,-2.0208,0.527344,NA,NA,NA,NA,NA,NA,NA,NA,NA,NA,NA,1.10213,0.77508,-1.84526,50,5.97079,2.77448,-104.43721,2.27917,1.19718,20.29551,-31.33214,ORA_COA,MT._SAN,JohnAltobelliPark,JUCO,NJCAA,20260210-JohnAltobelliPark-1,3cc98f90-06d1-11f1-9622-2f53c37c9706,71.47596,NA,NA,6.79323,NA,NA,NA,NA,NA,NA,f8462b57-8140-48a2-876f-4518772dfcbd,2026-02-10,22:38:35,2026-02-10T22:38:35Z,2026-02-10T22:38:35Z,NA,v3,NA,NA,NA,"Fielder, M",NA,Right,MT._SAN,7d88036a-7317-4f51-b197-40800832b76d,54.08979,-105.22899,10.14776,5.85803,3.50151,-15.66607,-1.95259,2.72777,0.59859,NA,NA,NA,NA,NA,NA,NA,NA,NA,NA,NA,NA,NA,NA,NA,NA,NA,NA,NA,NA,NA,NA,NA,NA,NA,NA,NA,NA,NA,NA,NA,NA,NA,NA,NA,NA,NA,NA,NA,NA,NA,NA,NA,NA,NA,NA,NA,NA,NA,NA,High,High,High,NA,NA,NA,NA,NA,70.670905,79.749929,293.440049,0.177945,08:15:00,-0.975718,0.202329,0.083887,93.78817,5.796843,68.483242,-0.001432,169.786878,-0.984154,-10.213111,0.984154,-0.17731,0.001432,0.083394,-0.082072,0.17731,-0.17731,-169.786878,0.082072,0.001432,10.213111,-0.083394,-0.001432,0.17731,0.984154,-0.984154,NA,NA,NA,NA,NA,NA,NA,NA,NA,NA,NA
NA,NA,NA,NA,NA,NA,NA,NA,NA,NA,NA,NA,NA,NA,NA,NA,186,2026-02-10,14:38:55,1,2,"Polk, Kian",NA,Right,MT._SAN,"Covington, Tyler",1000398214,Right,ORA_COA,Undefined,6,Bottom,0,0,1,Slider,Curveball,InPlay,Undefined,LineDrive,Single,0,0,NA,69.35279,1.299622,-1.664897,1655.575766,35.904968,07:15:00,5.90746,1.87114,6.10242,-60.69043,-1.89673,-2.9511,2.05256,0.08505,62.84861,-9.93609,-2.197379,0.55187,101.42267,7.189282,-23.212624,1696.438005,NA,NA,NA,133.59782,133.04529,-27.065688,1.008933,0.95083,-0.81472,-1.74157,50,5.97604,3.01865,-100.57677,0.64742,0.95185,19.76157,-32.98966,ORA_COA,MT._SAN,JohnAltobelliPark,JUCO,NJCAA,20260210-JohnAltobelliPark-1,485186b0-06d1-11f1-9622-2f53c37c9706,68.29948,5.96068,NA,6.50419,NA,NA,NA,1.54776,1.98443,-0.08361,f8462b57-8140-48a2-876f-4518772dfcbd,2026-02-10,22:38:55,2026-02-10T22:38:55Z,2026-02-10T22:38:55Z,GroundBall,v3,NA,NA,NA,"Fielder, M",NA,Right,MT._SAN,3528ca95-e5b5-4927-8036-93eea2b31f23,54.39643,-101.43692,9.88078,5.91661,2.08333,-16.49483,-1.87206,2.97721,0.47593,NA,1.54775,135.63739,-21.67148,3.22159,-1.30612,1.4636,-1.3223,0.6292,-0.12087,1.98443,18.6169,-23.02673,3.2796,-1.31652,1.42403,-1.28883,0.63526,-0.1277,-0.08361,-58.16757,-3.881,2.68361,-2.01216,2.85793,-2.74662,1.38711,-0.28425,NA,NA,NA,NA,NA,NA,NA,NA,NA,NA,NA,NA,NA,NA,NA,NA,NA,NA,NA,NA,NA,NA,High,High,High,High,High,NA,NA,NA,59.936272,69.422839,581.882722,0.351468,08:00:00,-0.923552,0.32534,0.202991,40.563198,-61.546067,-70.374631,0.115507,170.588596,-0.979936,9.347844,0.979936,-0.162428,-0.115507,6.722537,6.632861,0.162428,0.162428,-170.588596,-6.632861,0.115507,-9.347844,-6.722537,-0.115507,-0.162428,0.979936,-0.979936,NA,NA,NA,NA,NA,NA,NA,NA,NA,NA,NA
NA,NA,NA,NA,NA,NA,NA,NA,NA,NA,NA,NA,NA,NA,NA,NA,187,2026-02-10,14:39:23,2,1,"Polk, Kian",NA,Right,MT._SAN,"Boynton, Zach",1000398241,Left,ORA_COA,Undefined,6,Bottom,0,0,0,Fastball,Changeup,FoulBallNotFieldable,Undefined,Undefined,Undefined,0,0,NA,79.24864,-1.075066,-2.45249,1500.886833,229.750614,01:45:00,6.2129200000000004,1.55386,6.4083,-29.87856,14.23198,14.97528,2.73352,0.5454,71.90234,-6.729247,0.261039,0.478016,76.9715,35.502445,-54.705122,4371.277064,56.45227,53.17535,-94.40897,245.52302,123.96525,-64.324505,3.565355,-8.59067,8.22209,-1.38476,50,6.12232,4.39884,-115.00946,-2.94538,-11.36615,23.75397,-21.29556,ORA_COA,MT._SAN,JohnAltobelliPark,JUCO,NJCAA,20260210-JohnAltobelliPark-1,58e8cf60-06d1-11f1-9622-2f53c37c9706,78.85182,54.51397,NA,7.3463,NA,NA,NA,0.91213,2.57141,-0.49888,f8462b57-8140-48a2-876f-4518772dfcbd,2026-02-10,22:39:23,2026-02-10T22:39:23Z,2026-02-10T22:39:23Z,FlyBall,v3,NA,NA,NA,"Fielder, M",NA,Right,MT._SAN,5b85fb7a-382d-48b3-a3a0-4414d69b42f4,54.09005,-115.85114,11.87699,6.21332,-2.19081,-10.64778,-1.54776,4.80158,-5.68308,NA,0.91223,53.09343,-13.0901,2.98796,-0.36561,-0.05376,0.03886,-0.00795,6e-4,2.5713,65.56705,-23.92929,2.82641,-0.80599,0.26605,-0.07014,0.01077,-6.9e-4,-0.49888,-75.00714,8.17819,-2.02412,0.20003,0.06208,-0.03124,0.0054,-3.5e-4,NA,NA,NA,NA,NA,NA,NA,NA,NA,NA,NA,NA,NA,NA,NA,NA,NA,NA,NA,NA,NA,NA,High,High,High,High,Medium,NA,NA,NA,215.035904,15.65491,1445.210538,0.962904,01:15:00,-0.292923,-0.557759,-0.776596,-69.587733,-56.357511,76.983142,0.984089,174.675289,-0.176909,0.944754,0.176909,-0.016488,-0.984089,79.80882,79.765583,0.016488,0.016488,-174.675289,-79.765583,0.984089,-0.944754,-79.80882,-0.984089,-0.016488,0.176909,-0.176909,NA,NA,NA,NA,NA,NA,NA,NA,NA,NA,NA
NA,NA,NA,NA,NA,NA,NA,NA,NA,NA,NA,NA,NA,NA,NA,NA,188,2026-02-10,14:39:43,2,2,"Polk, Kian",NA,Right,MT._SAN,"Boynton, Zach",1000398241,Left,ORA_COA,Undefined,6,Bottom,0,0,1,Fastball,Changeup,InPlay,Undefined,GroundBall,Error,0,0,NA,79.808,-2.104857,-2.3129,1594.271103,207.41751,01:00:00,6.28726,1.29612,6.41015,-24.93171,18.75946,8.89902,2.27186,-0.09005,72.16059,-6.865104,-0.700742,0.475738,97.28842,-10.909201,8.282675,NA,NA,NA,NA,12.70088,11.7916,8.08319,0.082702,-5.40162,10.94461,-1.13448,50,6.12514,4.35816,-115.71606,-4.87285,-7.20761,24.7955,-17.57017,ORA_COA,MT._SAN,JohnAltobelliPark,JUCO,NJCAA,20260210-JohnAltobelliPark-1,6514f5c0-06d1-11f1-9622-2f53c37c9706,79.22935,2.2366,NA,7.64741,NA,NA,NA,1.09128,2.2366,0.11418,f8462b57-8140-48a2-876f-4518772dfcbd,2026-02-10,22:39:43,2026-02-10T22:39:43Z,2026-02-10T22:39:43Z,GroundBall,v3,NA,NA,NA,"Fielder, M",NA,Right,MT._SAN,db9ca734-a918-45e0-b483-9bed418f12d2,54.08707,-116.58854,12.39775,6.28573,-4.25461,-8.78509,-1.29229,4.61177,-3.6038,180,1.08857,138.85269,NA,NA,NA,NA,NA,NA,NA,2.23713,-27.04403,NA,NA,NA,NA,NA,NA,NA,0.11378,20.21354,NA,NA,NA,NA,NA,NA,NA,NA,NA,NA,NA,NA,NA,NA,NA,NA,NA,NA,NA,NA,NA,NA,NA,NA,NA,NA,NA,NA,NA,High,High,High,High,High,NA,NA,NA,208.917026,17.610078,1519.559521,0.953137,01:00:00,-0.318843,-0.471683,-0.822103,-63.570264,-57.150641,74.425338,-0.98356,156.047191,-0.165028,-4.204271,0.165028,-0.073313,0.98356,80.475251,-79.596465,0.073313,-0.073313,-156.047191,79.596465,0.98356,4.204271,-80.475251,-0.98356,0.073313,0.165028,-0.165028,NA,NA,NA,NA,NA,NA,NA,NA,NA,NA,NA
NA,NA,NA,NA,NA,NA,NA,NA,NA,NA,NA,NA,NA,NA,NA,NA,189,2026-02-10,14:40:23,3,1,"Polk, Kian",NA,Right,MT._SAN,"Chorbagian, Andrew",1000398220,Right,ORA_COA,Undefined,6,Bottom,0,0,0,Slider,Curveball,StrikeCalled,Undefined,Undefined,Undefined,0,0,NA,70.12346,1.789959,-2.981372,1600.47845,100.658096,09:15:00,6.0751,1.68247,6.43233,-53.56397,2.33744,-3.07142,3.25929,-1.31602,64.41419,-8.170999,-3.537055,0.538124,NA,NA,NA,NA,NA,NA,NA,NA,NA,NA,NA,0.74185,1.27004,-1.46897,50,6.17897,5.39651,-101.78176,1.81915,0.77563,17.22336,-30.84617,ORA_COA,MT._SAN,JohnAltobelliPark,JUCO,NJCAA,20260210-JohnAltobelliPark-1,7ce267a0-06d1-11f1-9622-2f53c37c9706,70.04409,NA,NA,5.70927,NA,NA,NA,NA,NA,NA,f8462b57-8140-48a2-876f-4518772dfcbd,2026-02-10,22:40:23,2026-02-10T22:40:23Z,2026-02-10T22:40:23Z,NA,v3,NA,NA,NA,"Fielder, M",NA,Right,MT._SAN,4d8c55b1-3cbd-4fd3-80d3-c557507e7ebc,54.06713,-102.46768,8.61168,6.08206,3.04761,-15.42308,-1.68327,5.36562,0.38781,NA,NA,NA,NA,NA,NA,NA,NA,NA,NA,NA,NA,NA,NA,NA,NA,NA,NA,NA,NA,NA,NA,NA,NA,NA,NA,NA,NA,NA,NA,NA,NA,NA,NA,NA,NA,NA,NA,NA,NA,NA,NA,NA,NA,NA,NA,NA,NA,NA,NA,High,High,High,NA,NA,NA,NA,NA,59.802164,77.659145,342.065481,0.213727,08:00:00,-0.963742,0.215147,0.157841,92.977971,5.174399,65.150095,-0.087973,167.047165,-0.970776,-12.901746,0.970776,-0.22328,0.087973,5.178095,-5.047027,0.22328,-0.22328,-167.047165,5.047027,0.087973,12.901746,-5.178095,-0.087973,0.22328,0.970776,-0.970776,NA,NA,NA,NA,NA,NA,NA,NA,NA,NA,NA
NA,NA,NA,NA,NA,NA,NA,NA,NA,NA,NA,NA,NA,NA,NA,NA,190,2026-02-10,14:40:42,3,2,"Polk, Kian",NA,Right,MT._SAN,"Chorbagian, Andrew",1000398220,Right,ORA_COA,Undefined,6,Bottom,0,0,1,Slider,Curveball,StrikeSwinging,Undefined,Undefined,Undefined,0,0,NA,68.65771,2.280128,-1.770447,1639.737581,56.990426,08:00:00,5.90999,1.94667,5.98235,-60.77287,-1.37709,-5.06181,2.96121,-0.11673,62.992,-8.91637,-2.68036,0.554689,NA,NA,NA,NA,NA,NA,NA,NA,NA,NA,NA,2.06614,-0.74835,-1.80408,50,6.05709,3.24507,-99.63569,2.30397,2.06542,16.84043,-32.92215,ORA_COA,MT._SAN,JohnAltobelliPark,JUCO,NJCAA,20260210-JohnAltobelliPark-1,884571a0-06d1-11f1-9622-2f53c37c9706,67.95244,NA,NA,5.6657,NA,NA,NA,NA,NA,NA,f8462b57-8140-48a2-876f-4518772dfcbd,2026-02-10,22:40:42,2026-02-10T22:40:42Z,2026-02-10T22:40:42Z,NA,v3,NA,NA,NA,"Fielder, M",NA,Right,MT._SAN,c6ad8320-ad18-4ada-aa14-59b3f9f792b4,54.51753,-100.39634,8.42021,5.91944,3.79099,-16.46107,-1.94855,3.15178,1.03271,NA,NA,NA,NA,NA,NA,NA,NA,NA,NA,NA,NA,NA,NA,NA,NA,NA,NA,NA,NA,NA,NA,NA,NA,NA,NA,NA,NA,NA,NA,NA,NA,NA,NA,NA,NA,NA,NA,NA,NA,NA,NA,NA,NA,NA,NA,NA,NA,NA,NA,High,High,High,NA,NA,NA,NA,NA,58.507053,65.501237,679.955891,0.414674,08:00:00,-0.888062,0.389517,0.244176,102.327537,-21.338896,51.880082,-0.107629,172.111035,-0.984782,-7.842849,0.984782,-0.136456,0.107629,6.237243,-6.178672,0.136456,-0.136456,-172.111035,6.178672,0.107629,7.842849,-6.237243,-0.107629,0.136456,0.984782,-0.984782,NA,NA,NA,NA,NA,NA,NA,NA,NA,NA,NA
NA,NA,NA,NA,NA,NA,NA,NA,NA,NA,NA,NA,NA,NA,NA,NA,191,2026-02-10,14:41:08,3,3,"Polk, Kian",NA,Right,MT._SAN,"Chorbagian, Andrew",1000398220,Right,ORA_COA,Undefined,6,Bottom,0,0,2,Fastball,Changeup,InPlay,Undefined,GroundBall,Single,0,1,NA,79.43054,-1.596788,-2.799642,1558.860092,210.122127,01:00:00,6.30392,1.3589,6.42542,-25.24793,18.55048,9.88347,2.73005,-0.39291,72.22053,-6.405837,-1.009912,0.476322,94.29853,-8.672888,-22.904125,NA,NA,NA,NA,26.03877,23.45268,-20.737608,0.175953,-6.04233,10.63477,-1.16363,50,6.17847,5.29348,-115.24515,-3.84384,-8.05144,23.25803,-18.00317,ORA_COA,MT._SAN,JohnAltobelliPark,JUCO,NJCAA,20260210-JohnAltobelliPark-1,97f3e0f0-06d1-11f1-9622-2f53c37c9706,79.13226,3.20882,NA,7.21001,NA,NA,NA,2.36502,3.20882,0.32589,f8462b57-8140-48a2-876f-4518772dfcbd,2026-02-10,22:41:08,2026-02-10T22:41:08Z,2026-02-10T22:41:08Z,GroundBall,v3,NA,NA,NA,"Fielder, M",NA,Right,MT._SAN,a1892450-3ba7-42f2-8355-a1f5a0dbd20a,54.07332,-116.0643,11.62902,6.30269,-3.20977,-9.00158,-1.35506,5.57705,-4.02572,164.527543,2.36457,125.97714,-5.76168,NA,NA,NA,NA,NA,NA,3.20843,-20.82579,14.73988,NA,NA,NA,NA,NA,NA,0.32625,-53.23811,-5.78989,NA,NA,NA,NA,NA,NA,NA,NA,NA,NA,NA,NA,NA,NA,NA,NA,NA,NA,NA,NA,NA,NA,NA,NA,NA,NA,NA,NA,High,High,High,Medium,High,NA,NA,NA,211.682072,14.960202,1506.023106,0.966105,01:00:00,-0.283773,-0.5144,-0.809237,84.222898,34.086702,63.188768,0.991981,164.748057,-0.121938,1.905354,0.121938,-0.033249,-0.991981,82.992139,82.738983,0.033249,0.033249,-164.748057,-82.738983,0.991981,-1.905354,-82.992139,-0.991981,-0.033249,0.121938,-0.121938,NA,NA,NA,NA,NA,NA,NA,NA,NA,NA,NA
NA,NA,NA,NA,NA,NA,NA,NA,NA,NA,NA,NA,NA,NA,NA,NA,192,2026-02-10,14:41:49,4,1,"Polk, Kian",NA,Right,MT._SAN,"Wood, Jake",1000511810,Right,ORA_COA,Undefined,6,Bottom,0,0,0,Slider,Curveball,StrikeSwinging,Undefined,Undefined,Undefined,0,0,NA,70.54096,2.238648,-1.855426,1650.958863,92.820839,09:00:00,5.99298,1.73442,6.23555,-54.08113,2.07343,-2.58091,3.55351,-0.19288,64.07144,-7.829967,-2.32131,0.539342,NA,NA,NA,NA,NA,NA,NA,NA,NA,NA,NA,0.73953,1.00276,-1.59486,50,6.13411,3.39915,-102.30254,2.55759,0.77332,18.97243,-31.12551,ORA_COA,MT._SAN,JohnAltobelliPark,JUCO,NJCAA,20260210-JohnAltobelliPark-1,b020ff00-06d1-11f1-9622-2f53c37c9706,69.88603,NA,NA,6.46952,NA,NA,NA,NA,NA,NA,f8462b57-8140-48a2-876f-4518772dfcbd,2026-02-10,22:41:49,2026-02-10T22:41:49Z,2026-02-10T22:41:49Z,NA,v3,NA,NA,NA,"Fielder, M",NA,Right,MT._SAN,0d7cd145-3f43-40d3-8d7c-29be98e4c39d,54.26187,-103.08989,9.48621,6.00116,3.84929,-15.56275,-1.73525,3.36705,0.38666,NA,NA,NA,NA,NA,NA,NA,NA,NA,NA,NA,NA,NA,NA,NA,NA,NA,NA,NA,NA,NA,NA,NA,NA,NA,NA,NA,NA,NA,NA,NA,NA,NA,NA,NA,NA,NA,NA,NA,NA,NA,NA,NA,NA,NA,NA,NA,NA,NA,NA,High,High,High,NA,NA,NA,NA,NA,66.537974,77.144568,367.324835,0.222492,08:15:00,-0.962843,0.242024,0.119821,98.726498,-12.243017,58.312895,-0.034863,164.484361,-0.962972,-15.50597,0.962972,-0.267339,0.034863,2.073408,-1.99791,0.267339,-0.267339,-164.484361,1.99791,0.034863,15.50597,-2.073408,-0.034863,0.267339,0.962972,-0.962972,NA,NA,NA,NA,NA,NA,NA,NA,NA,NA,NA
NA,NA,NA,NA,NA,NA,NA,NA,NA,NA,NA,NA,NA,NA,NA,NA,193,2026-02-10,14:42:09,4,2,"Polk, Kian",NA,Right,MT._SAN,"Wood, Jake",1000511810,Right,ORA_COA,Undefined,6,Bottom,0,0,1,Fastball,Changeup,InPlay,Undefined,Popup,Out,1,0,NA,78.87968,-1.486386,-3.053397,1517.882559,230.408592,01:45:00,6.3323,1.4237,6.55267,-29.91431,14.6904,15.74702,2.47424,-0.06656,71.16721,-7.175386,-0.193714,0.480686,69.40037,65.263102,24.114566,NA,NA,NA,NA,113.02273,105.39259,35.059309,5.149751,-9.32587,8.6839,-1.21909,50,6.21685,5.56439,-114.37368,-3.72449,-12.1165,24.86536,-20.89165,ORA_COA,MT._SAN,JohnAltobelliPark,JUCO,NJCAA,20260210-JohnAltobelliPark-1,bbc90140-06d1-11f1-9622-2f53c37c9706,78.41379,108.39892,NA,7.71247,NA,NA,NA,2.46233,2.73056,0.07846,f8462b57-8140-48a2-876f-4518772dfcbd,2026-02-10,22:42:09,2026-02-10T22:42:09Z,2026-02-10T22:42:09Z,Popup,v3,NA,NA,NA,"Fielder, M",NA,Right,MT._SAN,efa3fa44-1e9e-4c8a-a3f1-2ca547dd9f28,53.94579,-115.22832,12.43268,6.33252,-3.00643,-10.44583,-1.4175,5.98085,-6.05825,NA,2.46435,38.81482,-13.40376,3.75706,-0.3824,-0.13952,0.0636,-0.01002,5.7e-4,2.71674,92.71325,-25.12516,3.78093,-1.45266,0.47432,-0.09387,0.00937,-3.5e-4,0.08209,17.32899,-1.71476,-0.12272,0.3405,-0.15833,0.03671,-0.00428,2e-4,NA,NA,NA,NA,NA,NA,NA,NA,NA,NA,NA,NA,NA,NA,NA,NA,NA,NA,NA,NA,NA,NA,High,High,High,High,Low,NA,NA,NA,210.171112,24.588069,1380.245179,0.909323,01:00:00,-0.445398,-0.467651,-0.763494,-63.056695,-52.352027,69.079616,-0.968594,154.3326,-0.224112,-6.182788,0.224112,-0.107701,0.968594,76.97225,-75.602515,0.107701,-0.107701,-154.3326,75.602515,0.968594,6.182788,-76.97225,-0.968594,0.107701,0.224112,-0.224112,NA,NA,NA,NA,NA,NA,NA,NA,NA,NA,NA
NA,NA,NA,NA,NA,NA,NA,NA,NA,NA,NA,NA,NA,NA,NA,NA,194,2026-02-10,14:42:45,5,1,"Polk, Kian",NA,Right,MT._SAN,"Barnes, Flynn",1000398235,Right,ORA_COA,Undefined,6,Bottom,1,0,0,Slider,Curveball,FoulBallNotFieldable,Undefined,Undefined,Undefined,0,0,NA,70.64265,1.805233,-1.76788,1605.937505,59.19468,08:00:00,5.93869,1.94274,6.28378,-56.8459,-1.04457,-4.95406,2.86669,-0.09999,64.38866,-8.750495,-2.663729,0.537643,65.00786,62.90898,91.664596,4907.893258,NA,NA,NA,NA,30.66653,NA,NA,2.01933,-0.57902,-1.81004,50,6.0447,3.32223,-102.5394,1.7259,2.12106,19.08268,-32.78221,ORA_COA,MT._SAN,JohnAltobelliPark,JUCO,NJCAA,20260210-JohnAltobelliPark-1,d1569540-06d1-11f1-9622-2f53c37c9706,70.10686,51.11192,NA,6.25398,NA,NA,NA,1.82658,2.92952,0.08095,f8462b57-8140-48a2-876f-4518772dfcbd,2026-02-10,22:42:45,2026-02-10T22:42:45Z,2026-02-10T22:42:45Z,NA,v3,NA,NA,NA,"Fielder, M",NA,Right,MT._SAN,38a5a18d-8fc8-4456-aa1c-6d6380231246,54.21622,-103.32107,9.54134,5.9465,3.06872,-16.39111,-1.94434,3.23535,1.06053,NA,1.82657,-1.26085,-4.83126,1.73658,-1.04333,1.59987,-1.74392,0.96905,-0.20846,2.92952,84.88489,-33.53163,5.05752,-2.42672,3.3064,-3.37479,1.7267,-0.32471,0.08095,43.4015,-5.69056,-0.71335,1.19837,-2.42451,2.79941,-1.63124,0.37331,NA,NA,NA,NA,NA,NA,NA,NA,NA,NA,NA,NA,NA,NA,NA,NA,NA,NA,NA,NA,NA,NA,High,High,High,Low,Undefined,NA,NA,NA,65.568835000000007,77.132334,357.642278,0.2227,08:15:00,-0.964713,0.233369,0.121929,26.472237,-81.472677,-52.884392,-0.00644,167.554254,-0.97648,-12.445484,0.97648,-0.215511,0.00644,0.377848,-0.368969,0.215511,-0.215511,-167.554254,0.368969,0.00644,12.445484,-0.377848,-0.00644,0.215511,0.97648,-0.97648,NA,NA,NA,NA,NA,NA,NA,NA,NA,NA,NA
NA,NA,NA,NA,NA,NA,NA,NA,NA,NA,NA,NA,NA,NA,NA,NA,195,2026-02-10,14:43:09,5,2,"Polk, Kian",NA,Right,MT._SAN,"Barnes, Flynn",1000398235,Right,ORA_COA,Undefined,6,Bottom,1,0,1,Fastball,Changeup,BallCalled,Undefined,Undefined,Undefined,0,0,NA,78.29262,-1.221172,-3.946755,1636.346417,211.314518,01:00:00,6.26822,1.20262,6.42105,-25.43812,20.24123,11.25174,3.02296,-1.49358,70.34091,-6.107801,-1.913743,0.486442,NA,NA,NA,NA,NA,NA,NA,NA,NA,NA,NA,-7.13402,11.44792,-0.92512,50,6.16923,7.4109,-113.31328,-3.01897,-9.09459,24.47109,-17.58006,ORA_COA,MT._SAN,JohnAltobelliPark,JUCO,NJCAA,20260210-JohnAltobelliPark-1,e02022d0-06d1-11f1-9622-2f53c37c9706,77.48593,NA,NA,7.95171,NA,NA,NA,NA,NA,NA,f8462b57-8140-48a2-876f-4518772dfcbd,2026-02-10,22:43:09,2026-02-10T22:43:09Z,2026-02-10T22:43:09Z,NA,v3,NA,NA,NA,"Fielder, M",NA,Right,MT._SAN,93930cfa-ec11-4637-8b68-ad33bca7dbd8,54.07332,-114.18956,12.23554,6.26607,-2.38945,-8.79003,-1.19633,7.73657,-4.54729,NA,NA,NA,NA,NA,NA,NA,NA,NA,NA,NA,NA,NA,NA,NA,NA,NA,NA,NA,NA,NA,NA,NA,NA,NA,NA,NA,NA,NA,NA,NA,NA,NA,NA,NA,NA,NA,NA,NA,NA,NA,NA,NA,NA,NA,NA,NA,NA,NA,NA,High,High,High,NA,NA,NA,NA,NA,212.672509,14.179309,1586.493278,0.969534,01:00:00,-0.289366,-0.528491,-0.7981,-64.137444,-61.43921,73.473486,0.982548,159.010804,-0.173667,3.820263,0.173667,-0.066627,-0.982548,79.976428,79.280057,0.066627,0.066627,-159.010804,-79.280057,0.982548,-3.820263,-79.976428,-0.982548,-0.066627,0.173667,-0.173667,NA,NA,NA,NA,NA,NA,NA,NA,NA,NA,NA
NA,NA,NA,NA,NA,NA,NA,NA,NA,NA,NA,NA,NA,NA,NA,NA,196,2026-02-10,14:43:32,5,3,"Polk, Kian",NA,Right,MT._SAN,"Barnes, Flynn",1000398235,Right,ORA_COA,Undefined,6,Bottom,1,1,1,Fastball,Changeup,StrikeCalled,Undefined,Undefined,Undefined,0,0,NA,79.41615,-1.013383,-3.248167,1551.833193,219.072741,01:15:00,6.19651,1.14295,6.50288,-25.06616,19.12458,14.15957,3.17596,-0.66156,71.31709,-5.837108,-0.681994,0.47845,NA,NA,NA,NA,NA,NA,NA,NA,NA,NA,NA,-8.40615,10.80709,-0.92078,50,6.11445,6.01102,-115.05408,-2.62922,-11.04452,25.29194,-17.97501,ORA_COA,MT._SAN,JohnAltobelliPark,JUCO,NJCAA,20260210-JohnAltobelliPark-1,ed6fba90-06d1-11f1-9622-2f53c37c9706,78.78023,NA,NA,8.09906,NA,NA,NA,NA,NA,NA,f8462b57-8140-48a2-876f-4518772dfcbd,2026-02-10,22:43:32,2026-02-10T22:43:32Z,2026-02-10T22:43:32Z,NA,v3,NA,NA,NA,"Fielder, M",NA,Right,MT._SAN,2e26186b-79a6-4988-b158-a527c4a3938e,53.99143,-115.92818,12.64597,6.19459,-2.00799,-8.9875,-1.13512,6.39272,-5.52226,NA,NA,NA,NA,NA,NA,NA,NA,NA,NA,NA,NA,NA,NA,NA,NA,NA,NA,NA,NA,NA,NA,NA,NA,NA,NA,NA,NA,NA,NA,NA,NA,NA,NA,NA,NA,NA,NA,NA,NA,NA,NA,NA,NA,NA,NA,NA,NA,NA,NA,High,High,High,NA,NA,NA,NA,NA,211.859249,17.472115,1480.236558,0.953863,01:00:00,-0.336727,-0.508713,-0.792355,-69.113967,-56.275513,66.945947,0.992083,172.742389,-0.124578,0.909045,0.124578,-0.015865,-0.992083,82.842696,82.785496,0.015865,0.015865,-172.742389,-82.785496,0.992083,-0.909045,-82.842696,-0.992083,-0.015865,0.124578,-0.124578,NA,NA,NA,NA,NA,NA,NA,NA,NA,NA,NA
NA,NA,NA,NA,NA,NA,NA,NA,NA,NA,NA,NA,NA,NA,NA,NA,197,2026-02-10,14:43:53,5,4,"Polk, Kian",NA,Right,MT._SAN,"Barnes, Flynn",1000398235,Right,ORA_COA,Undefined,6,Bottom,1,1,2,Slider,Curveball,FoulBallNotFieldable,Undefined,Undefined,Undefined,0,0,NA,70.20434,0.701525,-3.170423,1674.766766,21.695005,06:45:00,5.8908,2.13521,6.6342,-60.88527,-4.78807,-2.69772,1.46032,-0.99522,64.02687,-10.621249,-3.661449,0.539066,NA,NA,NA,NA,NA,NA,NA,NA,NA,NA,NA,0.36126,-2.23685,-1.91964,50,5.91412,5.72347,-101.87983,-0.26838,0.37212,19.84546,-34.47823,ORA_COA,MT._SAN,JohnAltobelliPark,JUCO,NJCAA,20260210-JohnAltobelliPark-1,f9eebbe0-06d1-11f1-9622-2f53c37c9706,69.92174,NA,NA,6.17747,NA,NA,NA,NA,NA,NA,f8462b57-8140-48a2-876f-4518772dfcbd,2026-02-10,22:43:53,2026-02-10T22:43:53Z,2026-02-10T22:43:53Z,NA,v3,NA,NA,NA,"Fielder, M",NA,Right,MT._SAN,28ba58c7-af18-4a7c-aea3-adbf30645282,53.86659,-102.63025,9.92273,5.89963,1.03535,-17.23912,-2.1358,5.7094,0.18606,NA,NA,NA,NA,NA,NA,NA,NA,NA,NA,NA,NA,NA,NA,NA,NA,NA,NA,NA,NA,NA,NA,NA,NA,NA,NA,NA,NA,NA,NA,NA,NA,NA,NA,NA,NA,NA,NA,NA,NA,NA,NA,NA,NA,NA,NA,NA,NA,NA,NA,High,High,High,NA,NA,NA,NA,NA,76.071188,76.499374,390.984322,0.233456,08:30:00,-0.964928,0.23848,0.109731,94.407118,20.397341,67.962893,0.022072,170.193503,-0.985149,9.804084,0.985149,-0.17028,-0.022072,1.283488,1.264741,0.17028,0.17028,-170.193503,-1.264741,0.022072,-9.804084,-1.283488,-0.022072,-0.17028,0.985149,-0.985149,NA,NA,NA,NA,NA,NA,NA,NA,NA,NA,NA
NA,NA,NA,NA,NA,NA,NA,NA,NA,NA,NA,NA,NA,NA,NA,NA,198,2026-02-10,14:44:18,5,5,"Polk, Kian",NA,Right,MT._SAN,"Barnes, Flynn",1000398235,Right,ORA_COA,Undefined,6,Bottom,1,1,2,Fastball,Changeup,InPlay,Undefined,GroundBall,Out,2,0,NA,79.38591,-1.856661,-3.772313,1669.90744,210.22291,01:00:00,6.32088,1.30655,6.48104,-22.87501,21.21867,11.41772,2.70552,-1.21077,71.71221,-6.258861,-1.706147,0.477925,79.22312,-17.54986,-31.444217,NA,NA,NA,NA,10.51605,7.79699,-19.244944,0.08086,-7.21729,12.18449,-1.04589,50,6.1799,7.18738,-115.00261,-4.26622,-9.51927,24.34017,-16.10327,ORA_COA,MT._SAN,JohnAltobelliPark,JUCO,NJCAA,20260210-JohnAltobelliPark-1,09253c10-06d2-11f1-9622-2f53c37c9706,78.86685,2.84179,NA,7.6737,NA,NA,NA,2.26222,2.84179,1.22141,f8462b57-8140-48a2-876f-4518772dfcbd,2026-02-10,22:44:18,2026-02-10T22:44:18Z,2026-02-10T22:44:18Z,GroundBall,v3,NA,NA,NA,"Fielder, M",NA,Right,MT._SAN,eba369e9-b478-4565-a181-269a31b77292,54.01701,-115.84968,12.17009,6.31861,-3.7058,-8.05164,-1.30179,7.51866,-4.75964,180,2.25843,94.80794,NA,NA,NA,NA,NA,NA,NA,2.8432,-35.1446,NA,NA,NA,NA,NA,NA,NA,1.22373,-57.97148,NA,NA,NA,NA,NA,NA,NA,NA,NA,NA,NA,NA,NA,NA,NA,NA,NA,NA,NA,NA,NA,NA,NA,NA,NA,NA,NA,NA,NA,High,High,High,High,Medium,NA,NA,NA,206.540361,17.38791,1593.598362,0.954303,01:00:00,-0.340419,-0.435868,-0.833147,-70.187966,-60.67529,69.765147,-0.984358,177.106977,-0.175955,-0.509481,0.175955,-0.008892,0.984358,79.865367,-79.852702,0.008892,-0.008892,-177.106977,79.852702,0.984358,0.509481,-79.865367,-0.984358,0.008892,0.175955,-0.175955,NA,NA,NA,NA,NA,NA,NA,NA,NA,NA,NA
NA,NA,NA,NA,NA,NA,NA,NA,NA,NA,NA,NA,NA,NA,NA,NA,199,2026-02-10,14:46:28,1,1,"Rasic, Anthony",1000289210,Right,ORA_COA,"Granado, Justin",10914747,Left,MT._SAN,Undefined,7,Top,0,0,0,Fastball,Changeup,StrikeCalled,Undefined,Undefined,Undefined,0,0,NA,82.76021,-0.566147,-1.587692,2033.426595,245.227299,02:15:00,5.84392,0.9322,6.36834,-30.58025,9.9113,18.40493,2.77439,1.00461,75.01461,-6.329095,1.747306,0.457988,NA,NA,NA,NA,NA,NA,NA,NA,NA,NA,NA,-10.04603,5.7715,-0.8253,50,5.78897,2.6385,-120.17607,-2.06445,-14.49943,26.13317,-23.84408,ORA_COA,MT._SAN,JohnAltobelliPark,JUCO,NJCAA,20260210-JohnAltobelliPark-1,56486580-06d2-11f1-9622-2f53c37c9706,82.30013,NA,NA,7.74561,NA,NA,NA,NA,NA,NA,f8462b57-8140-48a2-876f-4518772dfcbd,2026-02-10,22:46:28,2026-02-10T22:46:28Z,2026-02-10T22:46:28Z,NA,v3,NA,NA,NA,"Barnes, Flynn",1000398235,Right,ORA_COA,1d81312a-9430-4f8d-ac50-a0281251992c,54.1299,-121.07081,13.06659,5.84568,-1.24808,-11.92204,-0.92413,3.13494,-7.24971,NA,NA,NA,NA,NA,NA,NA,NA,NA,NA,NA,NA,NA,NA,NA,NA,NA,NA,NA,NA,NA,NA,NA,NA,NA,NA,NA,NA,NA,NA,NA,NA,NA,NA,NA,NA,NA,NA,NA,NA,NA,NA,NA,NA,NA,NA,NA,NA,NA,NA,High,High,High,NA,NA,NA,NA,NA,230.416944,30.026031,1760.536993,0.865798,01:45:00,-0.508872,-0.672184,-0.53779,28.276116,52.232733,0.530582,-0.936708,161.666095,-0.33234,-6.322771,0.33234,-0.110129,0.936708,70.4655,-69.505812,0.110129,-0.110129,-161.666095,69.505812,0.936708,6.322771,-70.4655,-0.936708,0.110129,0.33234,-0.33234,NA,NA,NA,NA,NA,NA,NA,NA,NA,NA,NA
NA,NA,NA,NA,NA,NA,NA,NA,NA,NA,NA,NA,NA,NA,NA,NA,200,2026-02-10,14:46:43,1,2,"Rasic, Anthony",1000289210,Right,ORA_COA,"Granado, Justin",10914747,Left,MT._SAN,Undefined,7,Top,0,0,1,Curveball,Curveball,StrikeCalled,Undefined,Undefined,Undefined,0,0,NA,71.68776,1.918066,0.736429,2228.216074,29.213293,07:00:00,5.7889,1.03777,5.52084,-69.44582,-13.8593,-8.7817,1.79591,0.99454,65.7336,-10.699856,-0.833844,0.536607,NA,NA,NA,NA,NA,NA,NA,NA,NA,NA,NA,4.66197,-7.04524,-1.09582,50,5.90928,-1.02392,-104.06793,1.30144,5.05644,19.2558,-39.81542,ORA_COA,MT._SAN,JohnAltobelliPark,JUCO,NJCAA,20260210-JohnAltobelliPark-1,5f997f70-06d2-11f1-9622-2f53c37c9706,70.24218,NA,NA,5.95416,NA,NA,NA,NA,NA,NA,f8462b57-8140-48a2-876f-4518772dfcbd,2026-02-10,22:46:43,2026-02-10T22:46:43Z,2026-02-10T22:46:43Z,NA,v3,NA,NA,NA,"Barnes, Flynn",1000398235,Right,ORA_COA,c2591ca0-c3f6-4065-9f7b-66a491e52b56,54.983,-104.98589,9.6279,5.80199,3.19951,-19.90771,-1.04126,-1.26497,2.52822,NA,NA,NA,NA,NA,NA,NA,NA,NA,NA,NA,NA,NA,NA,NA,NA,NA,NA,NA,NA,NA,NA,NA,NA,NA,NA,NA,NA,NA,NA,NA,NA,NA,NA,NA,NA,NA,NA,NA,NA,NA,NA,NA,NA,NA,NA,NA,NA,NA,NA,High,High,High,NA,NA,NA,NA,NA,27.805151,50.261094,1424.476519,0.63929,07:00:00,-0.765759,0.323778,0.555681,105.618552,-20.3781,47.649666,-0.38322,175.889126,-0.921281,-3.796559,0.921281,-0.066214,0.38322,22.585545,-22.533252,0.066214,-0.066214,-175.889126,22.533252,0.38322,3.796559,-22.585545,-0.38322,0.066214,0.921281,-0.921281,NA,NA,NA,NA,NA,NA,NA,NA,NA,NA,NA
NA,NA,NA,NA,NA,NA,NA,NA,NA,NA,NA,NA,NA,NA,NA,NA,201,2026-02-10,14:47:00,1,3,"Rasic, Anthony",1000289210,Right,ORA_COA,"Granado, Justin",10914747,Left,MT._SAN,Undefined,7,Top,0,0,2,Fastball,Changeup,BallCalled,Undefined,Undefined,Undefined,0,0,NA,85.72049,-0.517107,0.261677,2138.630788,248.911266,02:15:00,5.94275,0.78408,6.12749,-28.75246,9.6802,21.38458,3.06869,2.80802,77.07114,-5.928125,4.117579,0.446192,NA,NA,NA,NA,NA,NA,NA,NA,NA,NA,NA,-10.85882,5.60544,-0.81439,50,5.88864,-1.4427,-124.35224,-2.00811,-16.61598,30.22947,-23.59669,ORA_COA,MT._SAN,JohnAltobelliPark,JUCO,NJCAA,20260210-JohnAltobelliPark-1,696a29a0-06d2-11f1-9622-2f53c37c9706,84.47582,NA,NA,8.64935,NA,NA,NA,NA,NA,NA,f8462b57-8140-48a2-876f-4518772dfcbd,2026-02-10,22:47:00,2026-02-10T22:47:00Z,2026-02-10T22:47:00Z,NA,v3,NA,NA,NA,"Barnes, Flynn",1000398235,Right,ORA_COA,f90190a1-b784-44d0-aa83-66e2cec81990,54.36919,-125.40987,15.11473,5.94445,-1.18253,-11.79835,-0.77408,-0.86136,-8.30799,NA,NA,NA,NA,NA,NA,NA,NA,NA,NA,NA,NA,NA,NA,NA,NA,NA,NA,NA,NA,NA,NA,NA,NA,NA,NA,NA,NA,NA,NA,NA,NA,NA,NA,NA,NA,NA,NA,NA,NA,NA,NA,NA,NA,NA,NA,NA,NA,NA,NA,High,High,High,NA,NA,NA,NA,NA,222.799112,30.31103,1846.276546,0.863298,01:30:00,-0.496481,-0.591082,-0.635711,58.948315,58.229496,35.241889,-0.931784,156.033841,-0.331716,-8.479463,0.331716,-0.147455,0.931784,70.404206,-68.714633,0.147455,-0.147455,-156.033841,68.714633,0.931784,8.479463,-70.404206,-0.931784,0.147455,0.331716,-0.331716,NA,NA,NA,NA,NA,NA,NA,NA,NA,NA,NA
NA,NA,NA,NA,NA,NA,NA,NA,NA,NA,NA,NA,NA,NA,NA,NA,202,2026-02-10,14:47:17,1,4,"Rasic, Anthony",1000289210,Right,ORA_COA,"Granado, Justin",10914747,Left,MT._SAN,Undefined,7,Top,0,1,2,Fastball,Changeup,InPlay,Undefined,GroundBall,Out,1,0,NA,86.24097,-0.941172,-2.016644,1998.024774,242.998157,02:00:00,5.94295,0.816,6.24077,-28.07671,9.37371,15.83773,2.73447,0.27488,78.19714,-6.219448,0.845524,0.440453,85.96486,-19.18049,18.842587,NA,NA,NA,NA,9.5348,9.5348,13.985809,0.066265,-8.86599,5.53496,-0.67341,50,5.85903,3.79022,-125.18977,-2.91247,-13.90118,28.10911,-23.49567,ORA_COA,MT._SAN,JohnAltobelliPark,JUCO,NJCAA,20260210-JohnAltobelliPark-1,738d3990-06d2-11f1-9622-2f53c37c9706,85.57651,2.7519,NA,8.04384,NA,NA,NA,1.76505,2.7519,-0.25064,f8462b57-8140-48a2-876f-4518772dfcbd,2026-02-10,22:47:17,2026-02-10T22:47:17Z,2026-02-10T22:47:17Z,GroundBall,v3,NA,NA,NA,"Barnes, Flynn",1000398235,Right,ORA_COA,b91148f6-4854-490d-af88-e826c6cdd315,54.2585,-126.14232,14.05456,5.94424,-2.11627,-11.74784,-0.80983,4.26129,-6.95059,180,1.762,112.98698,NA,NA,NA,NA,NA,NA,NA,2.75302,-41.52864,NA,NA,NA,NA,NA,NA,NA,-0.25168,38.55764,NA,NA,NA,NA,NA,NA,NA,NA,NA,NA,NA,NA,NA,NA,NA,NA,NA,NA,NA,NA,NA,NA,NA,NA,NA,NA,NA,NA,NA,High,High,High,High,High,NA,NA,NA,225.105853,28.04172,1763.467672,0.882606,01:30:00,-0.481417,-0.632886,-0.606377,-70.281426,-39.110423,-11.926042,0.001766,139.740551,-0.763125,40.259373,0.763125,-0.646249,-0.001766,0.132599,0.10119,0.646249,0.646249,-139.740551,-0.10119,0.001766,-40.259373,-0.132599,-0.001766,-0.646249,0.763125,-0.763125,NA,NA,NA,NA,NA,NA,NA,NA,NA,NA,NA
NA,NA,NA,NA,NA,NA,NA,NA,NA,NA,NA,NA,NA,NA,NA,NA,203,2026-02-10,14:47:47,2,1,"Rasic, Anthony",1000289210,Right,ORA_COA,"Felipe, Steven",10914758,Left,MT._SAN,Undefined,7,Top,1,0,0,Curveball,Curveball,StrikeCalled,Undefined,Undefined,Undefined,0,0,NA,73.14116,1.144069,0.160758,2203.172973,39.307566,07:15:00,5.78114,0.84642,5.59557,-62.39787,-9.07469,-8.90989,1.64965,0.25403,66.90595,-10.231381,-1.434506,0.525569,NA,NA,NA,NA,NA,NA,NA,NA,NA,NA,NA,4.56614,-4.43138,-0.85427,50,5.83867,0.02338,-106.17612,0.15915,5.14603,20.34106,-37.16821,ORA_COA,MT._SAN,JohnAltobelliPark,JUCO,NJCAA,20260210-JohnAltobelliPark-1,85ad1e10-06d2-11f1-9622-2f53c37c9706,71.71746,NA,NA,6.23521,NA,NA,NA,NA,NA,NA,f8462b57-8140-48a2-876f-4518772dfcbd,2026-02-10,22:47:47,2026-02-10T22:47:47Z,2026-02-10T22:47:47Z,NA,v3,NA,NA,NA,"Barnes, Flynn",1000398235,Right,ORA_COA,5a45cca5-46c9-46cb-a618-b78234704f84,54.90631,-107.11194,10.17053,5.79201,1.86913,-18.5841,-0.8499,-0.21337,2.57302,NA,NA,NA,NA,NA,NA,NA,NA,NA,NA,NA,NA,NA,NA,NA,NA,NA,NA,NA,NA,NA,NA,NA,NA,NA,NA,NA,NA,NA,NA,NA,NA,NA,NA,NA,NA,NA,NA,NA,NA,NA,NA,NA,NA,NA,NA,NA,NA,NA,NA,High,High,High,NA,NA,NA,NA,NA,29.628896,52.817435,1331.50236,0.604357,07:00:00,-0.79206,0.31463,0.523114,107.185391,-18.868244,47.207119,-0.332703,172.601133,-0.93518,-6.975207,0.93518,-0.12144,0.332703,19.583704,-19.432911,0.12144,-0.12144,-172.601133,19.432911,0.332703,6.975207,-19.583704,-0.332703,0.12144,0.93518,-0.93518,NA,NA,NA,NA,NA,NA,NA,NA,NA,NA,NA
NA,NA,NA,NA,NA,NA,NA,NA,NA,NA,NA,NA,NA,NA,NA,NA,204,2026-02-10,14:48:02,2,2,"Rasic, Anthony",1000289210,Right,ORA_COA,"Felipe, Steven",10914758,Left,MT._SAN,Undefined,7,Top,1,0,1,Curveball,Curveball,BallCalled,Undefined,Undefined,Undefined,0,0,NA,73.0989,1.509797,1.369949,2091.907048,33.086427,07:00:00,5.80361,0.79273,5.79734,-61.34279,-8.42847,-6.64681,2.09677,1.51332,66.86756,-9.724194,0.17643,0.52355,NA,NA,NA,NA,NA,NA,NA,NA,NA,NA,NA,3.7878,-4.13788,-0.90148,50,5.89172,-2.29879,-106.10963,0.90785,4.27386,19.91034,-36.84289,ORA_COA,MT._SAN,JohnAltobelliPark,JUCO,NJCAA,20260210-JohnAltobelliPark-1,8e9479b0-06d2-11f1-9622-2f53c37c9706,71.994,NA,NA,6.23135,NA,NA,NA,NA,NA,NA,f8462b57-8140-48a2-876f-4518772dfcbd,2026-02-10,22:48:02,2026-02-10T22:48:02Z,2026-02-10T22:48:02Z,NA,v3,NA,NA,NA,"Barnes, Flynn",1000398235,Right,ORA_COA,298ce774-9875-47c8-b552-a4b282c356b9,54.70365,-106.98858,9.95517,5.81574,2.53429,-18.42144,-0.79583,-2.48746,2.13693,NA,NA,NA,NA,NA,NA,NA,NA,NA,NA,NA,NA,NA,NA,NA,NA,NA,NA,NA,NA,NA,NA,NA,NA,NA,NA,NA,NA,NA,NA,NA,NA,NA,NA,NA,NA,NA,NA,NA,NA,NA,NA,NA,NA,NA,NA,NA,NA,NA,NA,High,High,High,NA,NA,NA,NA,NA,30.841613,51.224595,1310.096989,0.626269,07:00:00,-0.783512,0.341497,0.519123,103.521531,-9.660293,49.914787,-0.345708,170.609555,-0.925768,-8.80669,0.925768,-0.153101,0.345708,20.477078,-20.225037,0.153101,-0.153101,-170.609555,20.225037,0.345708,8.80669,-20.477078,-0.345708,0.153101,0.925768,-0.925768,NA,NA,NA,NA,NA,NA,NA,NA,NA,NA,NA
NA,NA,NA,NA,NA,NA,NA,NA,NA,NA,NA,NA,NA,NA,NA,NA,205,2026-02-10,14:48:20,2,3,"Rasic, Anthony",1000289210,Right,ORA_COA,"Felipe, Steven",10914758,Left,MT._SAN,Undefined,7,Top,1,1,1,Curveball,Curveball,BallinDirt,Undefined,Undefined,Undefined,0,0,NA,72.46854,0.019219,-0.089986,2297.262742,35.356565,07:15:00,5.79206,0.87663,5.76009,-65.34893,-11.36418,-9.35016,0.36421,0.01369,66.63132,-11.872742,-1.772483,0.528819,NA,NA,NA,NA,NA,NA,NA,NA,NA,NA,NA,4.78158,-5.39264,-0.86327,50,5.75353,0.48455,-105.27415,-1.93721,5.28984,20.24034,-38.13988,ORA_COA,MT._SAN,JohnAltobelliPark,JUCO,NJCAA,20260210-JohnAltobelliPark-1,98ee02f0-06d2-11f1-9622-2f53c37c9706,71.27665,NA,NA,5.83723,NA,NA,NA,NA,NA,NA,f8462b57-8140-48a2-876f-4518772dfcbd,2026-02-10,22:48:20,2026-02-10T22:48:20Z,2026-02-10T22:48:20Z,NA,v3,NA,NA,NA,"Barnes, Flynn",1000398235,Right,ORA_COA,0b0d5573-6d21-482d-9535-3e83230a5f38,54.74337,-106.18221,10.12017,5.80206,-0.22611,-19.06994,-0.87969,0.24722,2.64492,NA,NA,NA,NA,NA,NA,NA,NA,NA,NA,NA,NA,NA,NA,NA,NA,NA,NA,NA,NA,NA,NA,NA,NA,NA,NA,NA,NA,NA,NA,NA,NA,NA,NA,NA,NA,NA,NA,NA,NA,NA,NA,NA,NA,NA,NA,NA,NA,NA,NA,High,High,High,NA,NA,NA,NA,NA,29.07029,52.855059,1387.163961,0.603833,07:00:00,-0.796182,0.293659,0.529016,104.267645,-21.291203,48.9299,-0.388586,174.41068,-0.917032,-5.148832,0.917032,-0.089743,0.388586,22.964464,-22.866534,0.089743,-0.089743,-174.41068,22.866534,0.388586,5.148832,-22.964464,-0.388586,0.089743,0.917032,-0.917032,NA,NA,NA,NA,NA,NA,NA,NA,NA,NA,NA
NA,NA,NA,NA,NA,NA,NA,NA,NA,NA,NA,NA,NA,NA,NA,NA,206,2026-02-10,14:48:39,2,4,"Rasic, Anthony",1000289210,Right,ORA_COA,"Felipe, Steven",10914758,Left,MT._SAN,Undefined,7,Top,1,2,1,Fastball,Changeup,BallCalled,Undefined,Undefined,Undefined,0,0,NA,83.71214,-1.306171,-2.953907,2036.537589,211.074354,01:00:00,5.91653,0.7554,6.36972,-23.70734,15.87292,8.73371,2.73723,-1.23725,75.91153,-5.817668,-1.374606,0.452805,NA,NA,NA,NA,NA,NA,NA,NA,NA,NA,NA,-5.40973,9.06831,-0.54545,50,5.81094,5.92706,-121.39002,-3.40374,-7.99368,25.91387,-18.77422,ORA_COA,MT._SAN,JohnAltobelliPark,JUCO,NJCAA,20260210-JohnAltobelliPark-1,a43fa7d0-06d2-11f1-9622-2f53c37c9706,83.24217,NA,NA,7.8006,NA,NA,NA,NA,NA,NA,f8462b57-8140-48a2-876f-4518772dfcbd,2026-02-10,22:48:39,2026-02-10T22:48:39Z,2026-02-10T22:48:39Z,NA,v3,NA,NA,NA,"Barnes, Flynn",1000398235,Right,ORA_COA,d83d609d-5966-4919-80e6-f820ab3f9df1,54.12625,-122.2677,12.95694,5.91546,-2.76788,-9.38711,-0.75078,6.19781,-3.99684,NA,NA,NA,NA,NA,NA,NA,NA,NA,NA,NA,NA,NA,NA,NA,NA,NA,NA,NA,NA,NA,NA,NA,NA,NA,NA,NA,NA,NA,NA,NA,NA,NA,NA,NA,NA,NA,NA,NA,NA,NA,NA,NA,NA,NA,NA,NA,NA,NA,NA,High,High,High,NA,NA,NA,NA,NA,223.509102,33.665024,1694.995308,0.832293,01:30:00,-0.571518,-0.585496,-0.574945,-79.399148,-41.309475,-19.337635,-0.064144,140.191909,-0.766611,-39.709824,0.766611,-0.6389,0.064144,4.782955,-3.677733,0.6389,-0.6389,-140.191909,3.677733,0.064144,39.709824,-4.782955,-0.064144,0.6389,0.766611,-0.766611,NA,NA,NA,NA,NA,NA,NA,NA,NA,NA,NA
NA,NA,NA,NA,NA,NA,NA,NA,NA,NA,NA,NA,NA,NA,NA,NA,207,2026-02-10,14:48:58,2,5,"Rasic, Anthony",1000289210,Right,ORA_COA,"Felipe, Steven",10914758,Left,MT._SAN,Undefined,7,Top,1,3,1,Fastball,Changeup,BallCalled,Walk,Undefined,Undefined,0,0,NA,83.87354,-0.860183,-1.288738,2117.843544,252.227018,02:30:00,5.81498,0.98649,6.41182,-32.19506,7.10583,17.94509,2.34094,1.29682,76.21731,-6.902424,1.967305,0.451204,NA,NA,NA,NA,NA,NA,NA,NA,NA,NA,NA,-9.71193,4.40248,-0.90166,50,5.73913,2.05927,-121.82938,-2.78182,-14.42458,26.5667,-25.63528,ORA_COA,MT._SAN,JohnAltobelliPark,JUCO,NJCAA,20260210-JohnAltobelliPark-1,afbe0200-06d2-11f1-9622-2f53c37c9706,83.53755,NA,NA,7.65623,NA,NA,NA,NA,NA,NA,f8462b57-8140-48a2-876f-4518772dfcbd,2026-02-10,22:48:58,2026-02-10T22:48:58Z,2026-02-10T22:48:58Z,NA,v3,NA,NA,NA,"Barnes, Flynn",1000398235,Right,ORA_COA,bcc2e6ba-6771-42d4-bbb2-d886e34b8d53,54.08666,-122.7173,13.28335,5.81779,-1.92503,-12.81764,-0.97854,2.54137,-7.21229,NA,NA,NA,NA,NA,NA,NA,NA,NA,NA,NA,NA,NA,NA,NA,NA,NA,NA,NA,NA,NA,NA,NA,NA,NA,NA,NA,NA,NA,NA,NA,NA,NA,NA,NA,NA,NA,NA,NA,NA,NA,NA,NA,NA,NA,NA,NA,NA,NA,NA,High,High,High,NA,NA,NA,NA,NA,229.206207,29.813099,1837.550793,0.867652,01:45:00,-0.499881,-0.664259,-0.555768,27.564712,54.154415,0.752433,-0.924321,156.442882,-0.349813,-8.772864,0.349813,-0.152518,0.924321,69.27066,-67.56619,0.152518,-0.152518,-156.442882,67.56619,0.924321,8.772864,-69.27066,-0.924321,0.152518,0.349813,-0.349813,NA,NA,NA,NA,NA,NA,NA,NA,NA,NA,NA
NA,NA,NA,NA,NA,NA,NA,NA,NA,NA,NA,NA,NA,NA,NA,NA,208,2026-02-10,14:49:31,3,1,"Rasic, Anthony",1000289210,Right,ORA_COA,"Pintal, Alex",1000295295,Right,MT._SAN,Undefined,7,Top,1,0,0,Cutter,Slider,BallCalled,Undefined,Undefined,Undefined,0,0,NA,77.084460000000007,-0.110766,-2.217244,2335.896067,141.466597,10:45:00,5.76406,0.80225,5.93533,-41.48581,5.73508,-3.32996,2.20407,-1.53329,70.51236,-7.782521,-2.815212,0.494582,NA,NA,NA,NA,NA,NA,NA,NA,NA,NA,NA,1.04807,3.45122,-0.62337,50,5.73197,4.45258,-111.86543,-1.46075,1.31959,21.38347,-27.82871,ORA_COA,MT._SAN,JohnAltobelliPark,JUCO,NJCAA,20260210-JohnAltobelliPark-1,c3bba730-06d2-11f1-9622-2f53c37c9706,76.21066,NA,NA,6.5721,NA,NA,NA,NA,NA,NA,f8462b57-8140-48a2-876f-4518772dfcbd,2026-02-10,22:49:31,2026-02-10T22:49:31Z,2026-02-10T22:49:31Z,NA,v3,NA,NA,NA,"Barnes, Flynn",1000398235,Right,ORA_COA,e8706017-1f0f-4239-8877-24bf12860a63,54.56302,-112.73429,10.69174,5.76835,-0.33001,-13.91436,-0.8032,4.39896,0.65979,NA,NA,NA,NA,NA,NA,NA,NA,NA,NA,NA,NA,NA,NA,NA,NA,NA,NA,NA,NA,NA,NA,NA,NA,NA,NA,NA,NA,NA,NA,NA,NA,NA,NA,NA,NA,NA,NA,NA,NA,NA,NA,NA,NA,NA,NA,NA,NA,NA,NA,High,High,High,NA,NA,NA,NA,NA,211.624035,80.420975,388.711278,0.166408,01:00:00,-0.99063,-0.089161,-0.103449,65.47276,36.208579,72.729029,-0.102378,165.76058,-0.964183,-14.163034,0.964183,-0.244682,0.102378,6.061008,-5.876115,0.244682,-0.244682,-165.76058,5.876115,0.102378,14.163034,-6.061008,-0.102378,0.244682,0.964183,-0.964183,NA,NA,NA,NA,NA,NA,NA,NA,NA,NA,NA
NA,NA,NA,NA,NA,NA,NA,NA,NA,NA,NA,NA,NA,NA,NA,NA,209,2026-02-10,14:49:50,3,2,"Rasic, Anthony",1000289210,Right,ORA_COA,"Pintal, Alex",1000295295,Right,MT._SAN,Undefined,7,Top,1,1,0,TwoSeamFastBall,Changeup,StrikeCalled,Undefined,Undefined,Undefined,0,0,NA,82.93624,-0.274026,-3.087277,2122.598628,238.499012,02:00:00,5.86278,0.58458,6.60636,-27.09915,13.0869,18.95178,3.35313,-0.66687,74.68364,-5.448599,0.356326,0.456257,NA,NA,NA,NA,NA,NA,NA,NA,NA,NA,NA,-10.83457,7.39784,-0.38041,50,5.83295,5.77376,-120.28662,-1.2865,-15.60849,26.97301,-21.5166,ORA_COA,MT._SAN,JohnAltobelliPark,JUCO,NJCAA,20260210-JohnAltobelliPark-1,ce8b4ad0-06d2-11f1-9622-2f53c37c9706,82.61236,NA,NA,8.2526,NA,NA,NA,NA,NA,NA,f8462b57-8140-48a2-876f-4518772dfcbd,2026-02-10,22:49:50,2026-02-10T22:49:50Z,2026-02-10T22:49:50Z,NA,v3,NA,NA,NA,"Barnes, Flynn",1000398235,Right,ORA_COA,f278471c-1dc6-42f6-9b23-d4eb8dd6667e,53.88982,-121.15574,13.4865,5.86324,-0.5932,-10.7583,-0.57455,6.27669,-7.80425,NA,NA,NA,NA,NA,NA,NA,NA,NA,NA,NA,NA,NA,NA,NA,NA,NA,NA,NA,NA,NA,NA,NA,NA,NA,NA,NA,NA,NA,NA,NA,NA,NA,NA,NA,NA,NA,NA,NA,NA,NA,NA,NA,NA,NA,NA,NA,NA,NA,NA,High,High,High,NA,NA,NA,NA,NA,224.401572,34.584943,1747.50482,0.823286,01:30:00,-0.595725,-0.578747,-0.556924,25.531019,41.991302,-14.915404,-0.944371,170.320278,-0.3242,-3.169987,0.3242,-0.055298,0.944371,71.052776,-70.799036,0.055298,-0.055298,-170.320278,70.799036,0.944371,3.169987,-71.052776,-0.944371,0.055298,0.3242,-0.3242,NA,NA,NA,NA,NA,NA,NA,NA,NA,NA,NA
NA,NA,NA,NA,NA,NA,NA,NA,NA,NA,NA,NA,NA,NA,NA,NA,210,2026-02-10,14:50:12,3,3,"Rasic, Anthony",1000289210,Right,ORA_COA,"Pintal, Alex",1000295295,Right,MT._SAN,Undefined,7,Top,1,1,1,Curveball,Curveball,FoulBallNotFieldable,Undefined,Undefined,Undefined,0,0,NA,72.64574,2.046493,-1.593291,2220.863741,21.631853,06:45:00,5.78641,0.55998,5.80972,-64.85031,-10.69847,-5.02414,2.28686,-1.34073,65.81951,-9.851622,-2.494837,0.529637,NA,NA,NA,NA,NA,NA,NA,NA,NA,NA,NA,2.01051,-5.5424,-0.42633,50,5.91623,3.10803,-105.31598,1.78696,2.20921,21.49214,-38.26423,ORA_COA,MT._SAN,JohnAltobelliPark,JUCO,NJCAA,20260210-JohnAltobelliPark-1,dbfbff20-06d2-11f1-9622-2f53c37c9706,71.16661,NA,NA,6.82623,NA,NA,NA,NA,NA,NA,f8462b57-8140-48a2-876f-4518772dfcbd,2026-02-10,22:50:12,2026-02-10T22:50:12Z,2026-02-10T22:50:12Z,NA,v3,NA,NA,NA,"Barnes, Flynn",1000398235,Right,ORA_COA,f67da565-6505-4ff0-b65d-a93e333be34f,54.69093,-106.26896,10.74607,5.79938,3.48363,-19.13211,-0.56197,3.01007,1.1046,NA,NA,NA,NA,NA,NA,NA,NA,NA,NA,NA,NA,NA,NA,NA,NA,NA,NA,NA,NA,NA,NA,NA,NA,NA,NA,NA,NA,NA,NA,NA,NA,NA,NA,NA,NA,NA,NA,NA,NA,NA,NA,NA,NA,NA,NA,NA,NA,NA,NA,High,High,High,NA,NA,NA,NA,NA,30.585482,52.615536,1348.420543,0.60716,07:00:00,-0.768204,0.337115,0.544257,113.126608,-22.595038,35.680613,-0.329868,168.698625,-0.925722,-10.661172,0.925722,-0.185001,0.329868,19.61281,-19.260771,0.185001,-0.185001,-168.698625,19.260771,0.329868,10.661172,-19.61281,-0.329868,0.185001,0.925722,-0.925722,NA,NA,NA,NA,NA,NA,NA,NA,NA,NA,NA
NA,NA,NA,NA,NA,NA,NA,NA,NA,NA,NA,NA,NA,NA,NA,NA,211,2026-02-10,14:50:39,3,4,"Rasic, Anthony",1000289210,Right,ORA_COA,"Pintal, Alex",1000295295,Right,MT._SAN,Undefined,7,Top,1,1,2,Fastball,Changeup,BallCalled,Undefined,Undefined,Undefined,1,0,pick off,85.85032,-0.195893,-3.292624,2049.070496,237.879754,02:00:00,5.88246,0.34926,6.61977,-30.41966,7.12961,9.16335,3.16779,-1.90581,77.30464,-5.953612,-1.628048,0.441034,NA,NA,NA,NA,NA,NA,NA,NA,NA,NA,NA,-5.86713,4.24059,-0.12873,50,5.85706,6.80974,-124.47344,-1.30545,-9.03749,29.22311,-25.64201,ORA_COA,MT._SAN,JohnAltobelliPark,JUCO,NJCAA,20260210-JohnAltobelliPark-1,ebda5810-06d2-11f1-9622-2f53c37c9706,85.46377,NA,NA,8.54568,NA,NA,NA,NA,NA,NA,f8462b57-8140-48a2-876f-4518772dfcbd,2026-02-10,22:50:39,2026-02-10T22:50:39Z,2026-02-10T22:50:39Z,NA,v3,NA,NA,NA,"Barnes, Flynn",1000398235,Right,ORA_COA,238c11ec-3fe3-4be9-a51b-a99b27712d64,53.87643,-125.38022,14.61156,5.88523,-0.50979,-12.821,-0.34438,7.09017,-4.51874,NA,NA,NA,NA,NA,NA,NA,NA,NA,NA,NA,NA,NA,NA,NA,NA,NA,NA,NA,NA,NA,NA,NA,NA,NA,NA,NA,NA,72.81775,1.685126,0.759296,0.92583,-1.15084,2.89273,1.97695,-3.81597,5.09808,3.66783,64.25433,4.50774,60.53027,-3.76468,81.73175,-9.0125,5.11742,11.8258,-13.51956,3.69418,66.29937,-5.3483,High,High,High,NA,NA,High,High,High,220.142405,40.199147,1565.0916,0.763806,01:15:00,-0.67623200000000006,-0.494621,-0.545949,94.299838,40.203746,-18.122483,0.02054,137.169632,-0.733215,42.819165,0.733215,-0.679687,-0.02054,1.604612,1.176916,0.679687,0.679687,-137.169632,-1.176916,0.02054,-42.819165,-1.604612,-0.02054,-0.679687,0.733215,-0.733215,NA,NA,NA,NA,NA,NA,NA,NA,NA,NA,NA
NA,NA,NA,NA,NA,NA,NA,NA,NA,NA,NA,NA,NA,NA,NA,NA,212,2026-02-10,14:51:16,3,5,"Rasic, Anthony",1000289210,Right,ORA_COA,"Pintal, Alex",1000295295,Right,MT._SAN,Undefined,7,Top,2,2,2,Curveball,Curveball,FoulBallNotFieldable,Undefined,Undefined,Undefined,0,0,NA,75.35683,0.156504,-0.336406,2241.116986,16.714186,06:30:00,5.93662,0.4636,5.7797,-60.63082,-10.31402,-3.64831,1.02968,-0.15344,68.48467,-10.930661,-0.992635,0.510538,NA,NA,NA,NA,NA,NA,NA,NA,NA,NA,NA,1.75099,-4.82559,-0.4336,50,5.91309,0.77427,-109.34534,-1.61349,2.0723,23.32031,-37.88514,ORA_COA,MT._SAN,JohnAltobelliPark,JUCO,NJCAA,20260210-JohnAltobelliPark-1,025f4460-06d3-11f1-9622-2f53c37c9706,73.8289,NA,NA,6.87216,NA,NA,NA,NA,NA,NA,f8462b57-8140-48a2-876f-4518772dfcbd,2026-02-10,22:51:16,2026-02-10T22:51:16Z,2026-02-10T22:51:16Z,NA,v3,NA,NA,NA,"Barnes, Flynn",1000398235,Right,ORA_COA,0965a9c2-7103-425b-b989-cdcab099d863,54.72122,-110.34765,11.66015,5.94745,0.01482,-18.94257,-0.46496,0.68521,1.03615,NA,NA,NA,NA,NA,NA,NA,NA,NA,NA,NA,NA,NA,NA,NA,NA,NA,NA,NA,NA,NA,NA,NA,NA,NA,NA,NA,NA,NA,NA,NA,NA,NA,NA,NA,NA,NA,NA,NA,NA,NA,NA,NA,NA,NA,NA,NA,NA,NA,NA,High,High,High,NA,NA,NA,NA,NA,23.454736,51.586888,1392.466727,0.621327,06:45:00,-0.779513,0.249443,0.574577,115.789299,-23.090353,31.427854,-0.395529,163.102176,-0.878799,-15.483632,0.878799,-0.266963,0.395529,24.231514,-23.298971,0.266963,-0.266963,-163.102176,23.298971,0.395529,15.483632,-24.231514,-0.395529,0.266963,0.878799,-0.878799,NA,NA,NA,NA,NA,NA,NA,NA,NA,NA,NA
NA,NA,NA,NA,NA,NA,NA,NA,NA,NA,NA,NA,NA,NA,NA,NA,213,2026-02-10,14:51:43,3,6,"Rasic, Anthony",1000289210,Right,ORA_COA,"Pintal, Alex",1000295295,Right,MT._SAN,Undefined,7,Top,2,2,2,Cutter,Slider,BallCalled,Undefined,Undefined,Undefined,0,0,NA,79.59841,-0.656126,-3.517717,2287.484089,142.568161,10:45:00,5.86918,0.52897,5.91028,-40.43699,4.27075,-2.0787,1.88926,-2.91342,72.41719,-8.12361,-3.890162,0.481241,NA,NA,NA,NA,NA,NA,NA,NA,NA,NA,NA,-0.0489,2.88697,-0.24522,50,5.79375,7.16698,-115.29306,-2.58907,-0.06498,23.96502,-28.33731,ORA_COA,MT._SAN,JohnAltobelliPark,JUCO,NJCAA,20260210-JohnAltobelliPark-1,12172990-06d3-11f1-9622-2f53c37c9706,78.32339,NA,NA,7.18122,NA,NA,NA,NA,NA,NA,f8462b57-8140-48a2-876f-4518772dfcbd,2026-02-10,22:51:43,2026-02-10T22:51:43Z,2026-02-10T22:51:43Z,NA,v3,NA,NA,NA,"Barnes, Flynn",1000398235,Right,ORA_COA,e45425e2-0b0c-46ff-935a-ffcf216645ca,54.58683,-116.24258,11.98251,5.87409,-1.46632,-14.16865,-0.52923,7.16956,-0.03249,NA,NA,NA,NA,NA,NA,NA,NA,NA,NA,NA,NA,NA,NA,NA,NA,NA,NA,NA,NA,NA,NA,NA,NA,NA,NA,NA,NA,NA,NA,NA,NA,NA,NA,NA,NA,NA,NA,NA,NA,NA,NA,NA,NA,NA,NA,NA,NA,NA,NA,High,High,High,NA,NA,NA,NA,NA,184.753233,84.014962,238.513124,0.104269,12:15:00,-0.998887,-0.020028,-0.042702,63.911379,45.534019,65.156236,-0.087609,163.911232,-0.957139,-16.025238,0.957139,-0.276061,0.087609,5.229819,-5.026056,0.276061,-0.276061,-163.911232,5.026056,0.087609,16.025238,-5.229819,-0.087609,0.276061,0.957139,-0.957139,NA,NA,NA,NA,NA,NA,NA,NA,NA,NA,NA
NA,NA,NA,NA,NA,NA,NA,NA,NA,NA,NA,NA,NA,NA,NA,NA,214,2026-02-10,14:52:06,3,7,"Rasic, Anthony",1000289210,Right,ORA_COA,"Pintal, Alex",1000295295,Right,MT._SAN,Undefined,7,Top,2,3,2,Fastball,Changeup,FoulBallNotFieldable,Undefined,Undefined,Undefined,0,0,NA,84.99951,-1.191266,-2.312615,2207.04859,236.52653,02:00:00,5.88676,0.69759,6.722,-23.5045,14.85898,20.20403,2.83818,0.26636,76.02285,-5.7245,1.37038,0.44579,60.24721,5.668393,-44.147424,2174.768222,NA,NA,NA,61.26613,60.15349,-44.555025,0.729099,-11.44674,8.6889,-0.55137,50,5.79875,4.22974,-123.29686,-3.15131,-17.15939,30.49659,-19.14883,ORA_COA,MT._SAN,JohnAltobelliPark,JUCO,NJCAA,20260210-JohnAltobelliPark-1,1fac07b0-06d3-11f1-9622-2f53c37c9706,84.55197,3.77796,NA,8.97667,NA,NA,NA,1.37921,2.69276,0.00113,f8462b57-8140-48a2-876f-4518772dfcbd,2026-02-10,22:52:06,2026-02-10T22:52:06Z,2026-02-10T22:52:06Z,GroundBall,v3,NA,NA,NA,"Barnes, Flynn",1000398235,Right,ORA_COA,11d4a724-53cd-4a99-90fd-c6ba75b491b3,53.77501,-124.22708,15.24829,5.88597,-2.56723,-9.57441,-0.68838,4.75314,-8.5797,NA,1.39204,62.85483,-6.72389,NA,NA,NA,NA,NA,NA,2.71062,8.39939,-16.65141,NA,NA,NA,NA,NA,NA,-5e-4,-61.2131,3.10085,NA,NA,NA,NA,NA,NA,NA,NA,NA,NA,NA,NA,NA,NA,NA,NA,NA,NA,NA,NA,NA,NA,NA,NA,NA,NA,NA,NA,High,High,High,High,High,NA,NA,NA,223.81599,33.377423,1843.028403,0.835065,01:30:00,-0.561889,-0.589465,-0.580355,29.553847,42.956923,-13.40947,-0.95942,160.113363,-0.265166,-5.504199,0.265166,-0.095919,0.95942,74.550198,-73.62153,0.095919,-0.095919,-160.113363,73.62153,0.95942,5.504199,-74.550198,-0.95942,0.095919,0.265166,-0.265166,NA,NA,NA,NA,NA,NA,NA,NA,NA,NA,NA
NA,NA,NA,NA,NA,NA,NA,NA,NA,NA,NA,NA,NA,NA,NA,NA,215,2026-02-10,14:52:50,3,8,"Rasic, Anthony",1000289210,Right,ORA_COA,"Pintal, Alex",1000295295,Right,MT._SAN,Undefined,7,Top,2,3,2,Curveball,Curveball,InPlay,Undefined,GroundBall,Out,1,0,NA,74.26146,0.983648,-0.781912,2249.054876,24.229564,06:45:00,5.78809,0.59139,5.79996,-70.375,-17.7908,-8.96863,0.83858,-0.88329,66.66686,-11.893143,-2.39665,0.521914,52.77025,-25.400878,-36.15195,NA,NA,NA,NA,4.48742,2.98261,-8.692355,0.031211,4.27721,-8.90792,-0.5217,50,5.82726,1.7932,-107.62081,-0.36933,4.8201,25.47653,-42.21261,ORA_COA,MT._SAN,JohnAltobelliPark,JUCO,NJCAA,20260210-JohnAltobelliPark-1,3a0cf5b0-06d3-11f1-9622-2f53c37c9706,72.21962,1.03895,NA,7.5946,NA,NA,NA,2.66922,1.03895,0.61255,f8462b57-8140-48a2-876f-4518772dfcbd,2026-02-10,22:52:50,2026-02-10T22:52:50Z,2026-02-10T22:52:50Z,GroundBall,v3,NA,NA,NA,"Barnes, Flynn",1000398235,Right,ORA_COA,badc6f53-fece-4ff2-8830-26a372b1c3f4,54.70131,-108.72803,12.73827,5.80344,1.46525,-21.10631,-0.59509,1.58371,2.41005,NA,2.66846,56.60336,NA,NA,NA,NA,NA,NA,NA,1.03939,-33.28768,NA,NA,NA,NA,NA,NA,NA,0.6131,-41.35455,NA,NA,NA,NA,NA,NA,NA,NA,NA,NA,NA,NA,NA,NA,NA,NA,NA,NA,NA,NA,NA,NA,NA,NA,NA,NA,NA,NA,NA,High,High,High,Low,Low,NA,NA,NA,28.034938,51.59717,1397.082514,0.621186,07:00:00,-0.77098,0.305374,0.55887,112.73008,-30.665818,31.996681,-0.416822,171.243979,-0.898395,-7.953698,0.898395,-0.138373,0.416822,24.889541,-24.63408,0.138373,-0.138373,-171.243979,24.63408,0.416822,7.953698,-24.889541,-0.416822,0.138373,0.898395,-0.898395,NA,NA,NA,NA,NA,NA,NA,NA,NA,NA,NA
NA,NA,NA,NA,NA,NA,NA,NA,NA,NA,NA,NA,NA,NA,NA,NA,216,2026-02-10,14:55:37,1,1,"Lavy, Brody",10914759,Left,MT._SAN,"Corridan, Kael",1000302588,Right,ORA_COA,Undefined,7,Bottom,0,0,0,Fastball,Slider,HitByPitch,Undefined,Undefined,Undefined,0,0,NA,77.03631,-1.732111,3.51517,1828.681956,196.565118,12:30:00,6.16232,-0.78292,6.41681,-35.95266,11.0776,2.78701,1.57039,2.685,69.91167,-8.469284,4.019239,0.493583,NA,NA,NA,NA,NA,NA,NA,NA,NA,NA,NA,-0.30776,6.82193,0.53035,50,6.02204,-6.94824,-111.62772,-4.32317,-0.38104,23.61198,-23.72787,ORA_COA,MT._SAN,JohnAltobelliPark,JUCO,NJCAA,20260210-JohnAltobelliPark-1,9d6e1760-06d3-11f1-9622-2f53c37c9706,76.36498,NA,NA,7.12464,NA,NA,NA,NA,NA,NA,f8462b57-8140-48a2-876f-4518772dfcbd,2026-02-10,22:55:37,2026-02-10T22:55:37Z,2026-02-10T22:55:37Z,NA,v3,NA,NA,NA,"Fielder, M",NA,Right,MT._SAN,1b51539a-f044-4c63-b9f3-c155f5a04b1c,54.08277,-112.48801,11.80599,6.1638,-3.45865,-11.86393,0.78325,-6.93436,-0.19052,NA,NA,NA,NA,NA,NA,NA,NA,NA,NA,NA,NA,NA,NA,NA,NA,NA,NA,NA,NA,NA,NA,NA,NA,NA,NA,NA,NA,NA,NA,NA,NA,NA,NA,NA,NA,NA,NA,NA,NA,NA,NA,NA,NA,NA,NA,NA,NA,NA,NA,High,High,High,NA,NA,NA,NA,NA,154.460878,-49.726785,1182.120671,0.646433,11:15:00,0.788541,0.30163,-0.535932,61.573519,-56.094251,-27.608591,0.369719,171.763861,-0.919561,7.648929,0.919561,-0.133103,-0.369719,21.903095,21.69827,0.133103,0.133103,-171.763861,-21.69827,0.369719,-7.648929,-21.903095,-0.369719,-0.133103,0.919561,-0.919561,NA,NA,NA,NA,NA,NA,NA,NA,NA,NA,NA
NA,NA,NA,NA,NA,NA,NA,NA,NA,NA,NA,NA,NA,NA,NA,NA,217,2026-02-10,14:56:10,2,1,"Lavy, Brody",10914759,Left,MT._SAN,"Farias, Ryan",1000511816,Right,ORA_COA,Undefined,7,Bottom,0,0,0,Fastball,Changeup,FoulBallNotFieldable,Undefined,Undefined,Undefined,0,0,NA,76.96395,-0.614231,0.92918,1711.355613,188.326775,12:15:00,6.25849,-0.82546,6.37233,-30.79289,15.82469,2.08488,3.12717,0.2033,70.09251,-6.436475,1.306876,0.491413,86.26057,37.373848,-39.637291,NA,80.7169,70.75443,-74.73074,317.13329,177.14689,-50.590926,4.931004,-0.81437,8.90871,0.75743,50,6.19982,-1.88297,-111.81491,-1.98535,-1.02134,21.92903,-21.00141,ORA_COA,MT._SAN,JohnAltobelliPark,JUCO,NJCAA,20260210-JohnAltobelliPark-1,b15eeb50-06d3-11f1-9622-2f53c37c9706,76.70223,86.26643,NA,6.87144,NA,NA,NA,3.31985,3.20514,0.00783,f8462b57-8140-48a2-876f-4518772dfcbd,2026-02-10,22:56:10,2026-02-10T22:56:10Z,2026-02-10T22:56:10Z,FlyBall,v3,NA,NA,NA,"Fielder, M",NA,Right,MT._SAN,1121ee39-890c-486c-9339-b9f5aa1c4056,54.12681,-112.62135,10.96451,6.25863,-1.21302,-10.50071,0.82598,-1.84541,-0.51067,NA,3.3227,77.36804,-17.18375,3.89208,-0.64618,0.06456,-0.00543,0.00102,-1e-4,3.20639,76.76267,-20.32182,1.30918,0.10239,-0.16132,0.05343,-0.00776,4.2e-4,0.00631,-64.10565,5.11752,-0.52493,-0.10373,0.07296,-0.01739,0.00193,-8e-5,NA,NA,NA,NA,NA,NA,NA,NA,NA,NA,NA,NA,NA,NA,NA,NA,NA,NA,NA,NA,NA,NA,High,High,High,High,Low,NA,NA,NA,157.57357,-46.727033,1173.091322,0.685475,11:15:00,0.735431,0.269297,-0.621788,46.208136,-49.901756,-9.452985,0.397695,177.691232,-0.916773,2.118244,0.916773,-0.036962,-0.397695,23.451148,23.434165,0.036962,0.036962,-177.691232,-23.434165,0.397695,-2.118244,-23.451148,-0.397695,-0.036962,0.916773,-0.916773,NA,NA,NA,NA,NA,NA,NA,NA,NA,NA,NA
NA,NA,NA,NA,NA,NA,NA,NA,NA,NA,NA,NA,NA,NA,NA,NA,218,2026-02-10,14:56:38,2,2,"Lavy, Brody",10914759,Left,MT._SAN,"Farias, Ryan",1000511816,Right,ORA_COA,Undefined,7,Bottom,0,0,1,Slider,Curveball,BallinDirt,Undefined,Undefined,Undefined,0,0,NA,64.16219,-1.543836,0.65147,1787.272021,307.505341,04:15:00,6.12219,-0.73684,5.71321,-78.7776,-7.8254,14.04347,-1.88131,1.04039,58.42083,-15.807352,3.1856,0.606254,NA,NA,NA,NA,NA,NA,NA,NA,NA,NA,NA,-7.18654,-3.23079,0.67276,50,5.94318,-1.4597,-92.94169,-4.52061,-6.00758,19.66683,-34.87483,ORA_COA,MT._SAN,JohnAltobelliPark,JUCO,NJCAA,20260210-JohnAltobelliPark-1,c2375bb0-06d3-11f1-9622-2f53c37c9706,62.17273,NA,NA,5.74136,NA,NA,NA,NA,NA,NA,f8462b57-8140-48a2-876f-4518772dfcbd,2026-02-10,22:56:38,2026-02-10T22:56:38Z,2026-02-10T22:56:38Z,NA,v3,NA,NA,NA,"Fielder, M",NA,Right,MT._SAN,889659eb-9a81-4cdf-9cf9-33511f8520d1,54.79025,-93.94986,9.83342,6.12909,-2.73284,-17.43742,0.73969,-1.15174,-3.00379,NA,NA,NA,NA,NA,NA,NA,NA,NA,NA,NA,NA,NA,NA,NA,NA,NA,NA,NA,NA,NA,NA,NA,NA,NA,NA,NA,NA,NA,NA,NA,NA,NA,NA,NA,NA,NA,NA,NA,NA,NA,NA,NA,NA,NA,NA,NA,NA,NA,NA,High,High,High,NA,NA,NA,NA,NA,321.583392,-64.212953,777.512582,0.435028,04:45:00,0.903439,-0.245958,0.351145,-63.402836,-42.504279,-1.275529,0.216169,111.688067,-0.360816,65.126595,0.360816,-0.907239,-0.216169,30.926308,12.484103,0.907239,0.907239,-111.688067,-12.484103,0.216169,-65.126595,-30.926308,-0.216169,-0.907239,0.360816,-0.360816,NA,NA,NA,NA,NA,NA,NA,NA,NA,NA,NA
NA,NA,NA,NA,NA,NA,NA,NA,NA,NA,NA,NA,NA,NA,NA,NA,219,2026-02-10,14:57:11,2,3,"Lavy, Brody",10914759,Left,MT._SAN,"Farias, Ryan",1000511816,Right,ORA_COA,Undefined,7,Bottom,0,1,1,Fastball,Changeup,InPlay,Undefined,Popup,Out,1,0,NA,77.90429,0.263086,0.457512,1875.162468,171.746577,11:45:00,6.27706,-0.97537,6.09114,-32.74821,13.97579,-1.76488,3.79141,-0.69923,69.74879,-5.935573,0.139478,0.491973,73.32607,60.714821,27.824657,NA,83.042,101.03478,72.13893,155.48014,60.27393,42.4039,5.281377,1.07417,7.61886,0.94104,50,6.28036,-0.83773,-112.94623,-0.37932,1.35229,25.44736,-22.58261,ORA_COA,MT._SAN,JohnAltobelliPark,JUCO,NJCAA,20260210-JohnAltobelliPark-1,d58d2820-06d3-11f1-9622-2f53c37c9706,76.61484,112.46811,NA,8.1555,NA,NA,NA,2.37361,4.04769,0.75019,f8462b57-8140-48a2-876f-4518772dfcbd,2026-02-10,22:57:11,2026-02-10T22:57:11Z,2026-02-10T22:57:11Z,Popup,v3,NA,NA,NA,"Fielder, M",NA,Right,MT._SAN,bd2fd2dd-5c24-4794-8ebe-41a1cb66c1df,54.40486,-113.93435,12.72368,6.27807,0.49755,-11.29131,0.97459,-0.89024,0.67615,NA,2.37379,46.49136,-15.09339,4.19115,-0.49706,-0.11953,0.06015,-0.00924,5e-4,4.039,93.96372,-24.82565,3.06978,-0.85541,0.20257,-0.02533,6.9e-4,7e-5,0.75119,24.54397,-0.93205,-0.20797,0.06033,0.02078,-0.01305,0.00236,-1.4e-4,NA,NA,NA,NA,NA,NA,NA,NA,NA,NA,NA,NA,NA,NA,NA,NA,NA,NA,NA,NA,NA,NA,High,High,High,High,Low,NA,NA,NA,150.630697,-39.800071,1440.654931,0.768283,11:00:00,0.64716,0.373851,-0.664394,47.947908,-42.395894,-0.489933,-0.43227,178.275844,-0.901336,-1.554704,0.901336,-0.027131,0.43227,25.621852,-25.611737,0.027131,-0.027131,-178.275844,25.611737,0.43227,1.554704,-25.621852,-0.43227,0.027131,0.901336,-0.901336,NA,NA,NA,NA,NA,NA,NA,NA,NA,NA,NA
NA,NA,NA,NA,NA,NA,NA,NA,NA,NA,NA,NA,NA,NA,NA,NA,220,2026-02-10,14:57:49,3,1,"Lavy, Brody",10914759,Left,MT._SAN,"Stuppy, Liam",1000268449,Right,ORA_COA,Undefined,7,Bottom,1,0,0,Fastball,Slider,InPlay,Undefined,Bunt,Out,1,0,NA,78.95675,-1.188791,0.817299,1915.465636,181.616958,12:00:00,6.22666,-0.95784,6.2647,-34.68974,10.14375,0.24047,2.23952,-0.18421,71.51444,-7.696963,0.860811,0.481918,31.00023,-28.705673,-12.573217,NA,NA,NA,NA,6.20205,6.077,-5.681454,0.099112,0.14287,6.11941,0.8972,50,6.12182,-1.64319,-114.5885,-3.34673,0.18669,24.5762,-24.17779,ORA_COA,MT._SAN,JohnAltobelliPark,JUCO,NJCAA,20260210-JohnAltobelliPark-1,ec2cef70-06d3-11f1-9622-2f53c37c9706,78.21345,2.30042,NA,7.44231,NA,NA,NA,2.33923,2.30042,0.20844,f8462b57-8140-48a2-876f-4518772dfcbd,2026-02-10,22:57:49,2026-02-10T22:57:49Z,2026-02-10T22:57:49Z,GroundBall,v3,NA,NA,NA,"Fielder, M",NA,Right,MT._SAN,e5bfb30d-6250-4b71-a91a-0ee49d56f998,54.23312,-115.49283,12.2881,6.2286,-2.45706,-12.08889,0.95779,-1.65006,0.09335,258.152457,2.33923,38.92284,-2.58214,NA,NA,NA,NA,NA,NA,2.30047,-21.84405,-13.79451,NA,NA,NA,NA,NA,NA,0.20845,-8.68225,3.87505,NA,NA,NA,NA,NA,NA,NA,NA,NA,NA,NA,NA,NA,NA,NA,NA,NA,NA,NA,NA,NA,NA,NA,NA,NA,NA,NA,NA,High,High,High,High,High,NA,NA,NA,154.142404,-44.788978,1359.41797,0.709706,11:15:00,0.706963,0.324078,-0.628631,55.831806,-51.093441,-15.952907,0.422389,172.531088,-0.898724,6.766493,0.898724,-0.117823,-0.422389,25.172913,24.98549,0.117823,0.117823,-172.531088,-24.98549,0.422389,-6.766493,-25.172913,-0.422389,-0.117823,0.898724,-0.898724,NA,NA,NA,NA,NA,NA,NA,NA,NA,NA,NA
NA,NA,NA,NA,NA,NA,NA,NA,NA,NA,NA,NA,NA,NA,NA,NA,221,2026-02-10,14:58:25,4,1,"Lavy, Brody",10914759,Left,MT._SAN,"Choo, Alan",1000374695,Right,ORA_COA,Undefined,7,Bottom,2,0,0,Fastball,Slider,InPlay,Undefined,GroundBall,Error,0,1,NA,79.62274,-1.921835,-0.114242,1903.189649,193.746597,12:30:00,6.20166,-0.54343,6.12369,-30.04702,14.32812,3.10599,1.92043,-0.39021,72.03408,-7.574772,0.446343,0.479448,101.41271,5.429002,22.01207,2436.863947,NA,NA,NA,91.12232,90.64368,24.068465,0.675587,-1.64217,8.50587,0.55059,50,6.03912,0.11562,-115.47108,-4.71159,-2.17909,24.94683,-20.88699,ORA_COA,MT._SAN,JohnAltobelliPark,JUCO,NJCAA,20260210-JohnAltobelliPark-1,01ad8b20-06d4-11f1-9622-2f53c37c9706,78.61635,3.70753,NA,7.58866,NA,NA,NA,1.22315,1.85803,0.39706,f8462b57-8140-48a2-876f-4518772dfcbd,2026-02-10,22:58:25,2026-02-10T22:58:25Z,2026-02-10T22:58:25Z,GroundBall,v3,NA,NA,NA,"Fielder, M",NA,Right,MT._SAN,4a49c373-4a0c-4614-b154-cee90f20adcc,54.37289,-116.41199,12.47342,6.20197,-3.92381,-10.44349,0.54468,0.19781,-1.08954,NA,1.27883,136.15784,-22.16499,NA,NA,NA,NA,NA,NA,1.91628,12.89568,-23.40359,NA,NA,NA,NA,NA,NA,0.38475,55.751220000000004,-1.92072,NA,NA,NA,NA,NA,NA,NA,NA,NA,NA,NA,NA,NA,NA,NA,NA,NA,NA,NA,NA,NA,NA,NA,NA,NA,NA,NA,NA,High,High,High,High,High,NA,NA,NA,154.092065,-41.535903,1424.614265,0.74854,11:15:00,0.650404,0.34911,-0.674608,32.063517,-44.973839,3.536632,0.243476,179.862489,-0.969904,0.133373,0.969904,-0.002328,-0.243476,14.091806,14.091767,0.002328,0.002328,-179.862489,-14.091767,0.243476,-0.133373,-14.091806,-0.243476,-0.002328,0.969904,-0.969904,NA,NA,NA,NA,NA,NA,NA,NA,NA,NA,NA
NA,NA,NA,NA,NA,NA,NA,NA,NA,NA,NA,NA,NA,NA,NA,NA,222,2026-02-10,14:59:10,5,1,"Lavy, Brody",10914759,Left,MT._SAN,"Covington, Tyler",1000398214,Right,ORA_COA,Undefined,7,Bottom,2,0,0,Slider,Curveball,StrikeCalled,Undefined,Undefined,Undefined,0,0,NA,64.78348,2.107902,-1.594229,1767.876517,272.5639,03:00:00,6.23056,-0.6808,5.74292,-65.93098,1.62866,14.70887,2.70062,-0.93982,59.34066,-10.001564,1.041045,0.591582,NA,NA,NA,NA,NA,NA,NA,NA,NA,NA,NA,-7.92075,0.93323,0.80448,50,6.36618,2.14367,-93.95797,1.70213,-7.01438,15.47991,-31.34761,ORA_COA,MT._SAN,JohnAltobelliPark,JUCO,NJCAA,20260210-JohnAltobelliPark-1,1cabf1a0-06d4-11f1-9622-2f53c37c9706,63.71464,NA,NA,5.44282,NA,NA,NA,NA,NA,NA,f8462b57-8140-48a2-876f-4518772dfcbd,2026-02-10,22:59:10,2026-02-10T22:59:10Z,2026-02-10T22:59:10Z,NA,v3,NA,NA,NA,"Fielder, M",NA,Right,MT._SAN,c46c1e7a-8e69-4c55-a288-c4f67be8e8e6,54.75633,-94.73835,7.73995,6.24054,3.28244,-15.6738,0.6875,2.49729,-3.50719,NA,NA,NA,NA,NA,NA,NA,NA,NA,NA,NA,NA,NA,NA,NA,NA,NA,NA,NA,NA,NA,NA,NA,NA,NA,NA,NA,NA,NA,NA,NA,NA,NA,NA,NA,NA,NA,NA,NA,NA,NA,NA,NA,NA,NA,NA,NA,NA,NA,NA,High,High,High,NA,NA,NA,NA,NA,306.221764,-63.814386,780.129531,0.441281,04:15:00,0.89058,-0.388763,0.236073,-29.003429,-45.227785,-10.024004,0.045491,123.509657,-0.551506,56.400867,0.551506,-0.83293,-0.045491,4.715328,2.607318,0.83293,0.83293,-123.509657,-2.607318,0.045491,-56.400867,-4.715328,-0.045491,-0.83293,0.551506,-0.551506,NA,NA,NA,NA,NA,NA,NA,NA,NA,NA,NA
NA,NA,NA,NA,NA,NA,NA,NA,NA,NA,NA,NA,NA,NA,NA,NA,223,2026-02-10,14:59:31,5,2,"Lavy, Brody",10914759,Left,MT._SAN,"Covington, Tyler",1000398214,Right,ORA_COA,Undefined,7,Bottom,2,0,1,Fastball,Cutter,FoulBallNotFieldable,Undefined,Undefined,Undefined,0,0,NA,82.99143,-0.915584,1.682467,2091.250788,165.50623,11:30:00,6.19601,-0.926,6.09126,-29.7221,10.93552,-2.46256,2.8718,0.42554,75.34322,-6.487497,1.238759,0.458926,NA,NA,NA,NA,NA,NA,NA,NA,NA,NA,NA,1.7865,6.34607,0.79753,50,6.10988,-3.44132,-120.41949,-2.81692,2.59482,25.74577,-22.95653,ORA_COA,MT._SAN,JohnAltobelliPark,JUCO,NJCAA,20260210-JohnAltobelliPark-1,28e97d20-06d4-11f1-9622-2f53c37c9706,82.1319,NA,NA,7.64822,NA,NA,NA,NA,NA,NA,f8462b57-8140-48a2-876f-4518772dfcbd,2026-02-10,22:59:31,2026-02-10T22:59:31Z,2026-02-10T22:59:31Z,NA,v3,NA,NA,NA,"Fielder, M",NA,Right,MT._SAN,c47710c5-480e-4c0b-b8d9-01f3bf420beb,54.40571,-121.35777,12.87288,6.19729,-1.98028,-11.47826,0.92468,-3.53589,1.29741,NA,NA,NA,NA,NA,NA,NA,NA,NA,NA,NA,NA,NA,NA,NA,NA,NA,NA,NA,NA,NA,NA,NA,NA,NA,NA,NA,NA,NA,NA,NA,NA,NA,NA,NA,NA,NA,NA,NA,NA,NA,NA,NA,NA,NA,NA,NA,NA,NA,NA,High,High,High,NA,NA,NA,NA,NA,148.38173,-42.261941,1547.688666,0.740078,11:00:00,0.684452,0.398688,-0.610388,64.944442,-46.142199,-26.34207,0.388062,171.39476,-0.911258,7.926351,0.911258,-0.1379,-0.388062,23.066876,22.833967,0.1379,0.1379,-171.39476,-22.833967,0.388062,-7.926351,-23.066876,-0.388062,-0.1379,0.911258,-0.911258,NA,NA,NA,NA,NA,NA,NA,NA,NA,NA,NA
NA,NA,NA,NA,NA,NA,NA,NA,NA,NA,NA,NA,NA,NA,NA,NA,224,2026-02-10,15:00:00,5,3,"Lavy, Brody",10914759,Left,MT._SAN,"Covington, Tyler",1000398214,Right,ORA_COA,Undefined,7,Bottom,2,0,2,Fastball,Cutter,FoulBallNotFieldable,Undefined,Undefined,Undefined,0,0,NA,84.21958,-0.628196,0.776564,2005.835484,164.425185,11:30:00,6.14734,-0.79578,6.43487,-25.19974,13.52855,-3.41488,3.46996,-0.36664,76.73476,-5.405443,0.157169,0.447905,68.50603,28.921591,143.817483,2946.410032,NA,NA,NA,NA,32.79167,NA,NA,2.01095,7.63953,0.74201,50,6.09125,-1.53155,-122.38689,-2.0352,3.0323,25.46926,-20.65449,ORA_COA,MT._SAN,JohnAltobelliPark,JUCO,NJCAA,20260210-JohnAltobelliPark-1,3a4b1ab0-06d4-11f1-9622-2f53c37c9706,84.15284,17.95517,NA,7.48482,NA,NA,NA,-0.32692,3.21561,0.34757,f8462b57-8140-48a2-876f-4518772dfcbd,2026-02-10,23:00:00,2026-02-10T23:00:00Z,2026-02-10T23:00:00Z,NA,v3,NA,NA,NA,"Fielder, M",NA,Right,MT._SAN,3c6074ec-a8e1-47cd-8930-d9c4b78b32fb,54.06314,-123.22954,12.73463,6.14728,-1.35184,-10.32724,0.79434,-1.63187,1.51615,NA,-0.32529,-71.04205,3.97325,NA,NA,NA,NA,NA,NA,3.22556,48.24321,-25.7249,NA,NA,NA,NA,NA,NA,0.35415,51.68885,-10.62506,NA,NA,NA,NA,NA,NA,NA,NA,NA,NA,NA,NA,NA,NA,NA,NA,NA,NA,NA,NA,NA,NA,NA,NA,NA,NA,NA,NA,High,High,High,High,Undefined,NA,NA,NA,152.79017,-35.634903,1630.23477,0.812746,11:00:00,0.588252,0.377994,-0.714899,48.06432,-29.901985,-11.454733,-0.321529,175.237889,-0.943631,-4.508704,0.943631,-0.078611,0.321529,18.815801,-18.755397,0.078611,-0.078611,-175.237889,18.755397,0.321529,4.508704,-18.815801,-0.321529,0.078611,0.943631,-0.943631,NA,NA,NA,NA,NA,NA,NA,NA,NA,NA,NA
NA,NA,NA,NA,NA,NA,NA,NA,NA,NA,NA,NA,NA,NA,NA,NA,225,2026-02-10,15:00:23,5,4,"Lavy, Brody",10914759,Left,MT._SAN,"Covington, Tyler",1000398214,Right,ORA_COA,Undefined,7,Bottom,2,0,2,Slider,Curveball,StrikeSwinging,Strikeout,Undefined,Undefined,0,0,NA,67.74643,-0.288817,0.574618,1713.109677,277.793841,03:15:00,6.22969,-0.55405,5.91548,-62.16259,-0.44658,19.19659,0.78141,1.57898,62.11427,-11.678206,4.033378,0.565419,NA,NA,NA,NA,NA,NA,NA,NA,NA,NA,NA,-9.88674,0.24409,0.49625,50,6.17053,-1.56748,-98.37442,-2.13655,-9.49743,18.47576,-31.93956,ORA_COA,MT._SAN,JohnAltobelliPark,JUCO,NJCAA,20260210-JohnAltobelliPark-1,483e9390-06d4-11f1-9622-2f53c37c9706,66.66285,NA,NA,5.63215,NA,NA,NA,NA,NA,NA,f8462b57-8140-48a2-876f-4518772dfcbd,2026-02-10,23:00:23,2026-02-10T23:00:23Z,2026-02-10T23:00:23Z,NA,v3,NA,NA,NA,"Fielder, M",NA,Right,MT._SAN,8f45f033-c32e-4ba9-a371-0bc565e16370,54.58747,-99.23225,9.23788,6.2353,-0.65359,-15.96978,0.55879,-1.12652,-4.74871,NA,NA,NA,NA,NA,NA,NA,NA,NA,NA,NA,NA,NA,NA,NA,NA,NA,NA,NA,NA,NA,NA,NA,NA,NA,NA,NA,NA,NA,NA,NA,NA,NA,NA,NA,NA,NA,NA,NA,NA,NA,NA,NA,NA,NA,NA,NA,NA,NA,NA,High,High,High,NA,NA,NA,NA,NA,316.658949,-59.854225,860.326703,0.502202,04:30:00,0.86277,-0.340318,0.373913,-43.48826,-55.647448,-6.581934,0.190705,123.93938,-0.548069,54.528362,0.548069,-0.814403,-0.190705,19.185765,10.993937,0.814403,0.814403,-123.93938,-10.993937,0.190705,-54.528362,-19.185765,-0.190705,-0.814403,0.548069,-0.548069,NA,NA,NA,NA,NA,NA,NA,NA,NA,NA,NA
NA,NA,NA,NA,NA,NA,NA,NA,NA,NA,NA,NA,NA,NA,NA,NA,226,2026-02-10,15:02:49,1,1,"Veirs, Landon",1000398222,Right,ORA_COA,"Thompson, Dayton",NA,Right,MT._SAN,Undefined,8,Top,0,0,0,Fastball,Four-Seam,StrikeCalled,Undefined,Undefined,Undefined,0,0,NA,86.26125,-2.581947,-1.069872,2088.336054,207.976216,01:00:00,5.37341,0.15223,6.23539,-14.27725,23.18671,11.61134,1.79976,0.13277,78.11719,-5.372457,1.027414,0.440533,NA,NA,NA,NA,NA,NA,NA,NA,NA,NA,NA,-6.29768,13.1632,-0.07769,50,5.17328,1.86827,-125.11367,-5.94912,-9.87716,27.72383,-11.52916,ORA_COA,MT._SAN,JohnAltobelliPark,JUCO,NJCAA,20260210-JohnAltobelliPark-1,9f468b70-06d4-11f1-9622-2f53c37c9706,85.56105,NA,NA,8.14405,NA,NA,NA,NA,NA,NA,f8462b57-8140-48a2-876f-4518772dfcbd,2026-02-10,23:02:49,2026-02-10T23:02:49Z,2026-02-10T23:02:49Z,NA,v3,NA,NA,NA,"Barnes, Flynn",1000398235,Right,ORA_COA,0c93b17f-0ed4-4fb9-80a1-911edb93da83,54.26109,-126.05434,13.86192,5.3685,-5.55793,-5.76458,-0.14677,2.20341,-4.93858,NA,NA,NA,NA,NA,NA,NA,NA,NA,NA,NA,NA,NA,NA,NA,NA,NA,NA,NA,NA,NA,NA,NA,NA,NA,NA,NA,NA,NA,NA,NA,NA,NA,NA,NA,NA,NA,NA,NA,NA,NA,NA,NA,NA,NA,NA,NA,NA,NA,NA,High,High,High,NA,NA,NA,NA,NA,205.918142,14.098057,2025.43595,0.96988,12:45:00,-0.240487,-0.434464,-0.86799,-34.603892,-13.734209,-46.342405,-0.108664,176.408608,-0.992126,-3.570098,0.992126,-0.06227,0.108664,6.250481,-6.238303,0.06227,-0.06227,-176.408608,6.238303,0.108664,3.570098,-6.250481,-0.108664,0.06227,0.992126,-0.992126,NA,NA,NA,NA,NA,NA,NA,NA,NA,NA,NA
NA,NA,NA,NA,NA,NA,NA,NA,NA,NA,NA,NA,NA,NA,NA,NA,227,2026-02-10,15:03:02,1,2,"Veirs, Landon",1000398222,Right,ORA_COA,"Thompson, Dayton",NA,Right,MT._SAN,Undefined,8,Top,0,0,1,Curveball,Curveball,StrikeCalled,Undefined,Undefined,Undefined,0,0,NA,72.15529,3.289464,-0.875651,1861.717475,39.531776,07:15:00,5.35074,0.40315,5.28997,-64.19488,-8.88201,-8.81386,3.09373,-1.15364,65.92373,-8.371735,-2.43975,0.535284,NA,NA,NA,NA,NA,NA,NA,NA,NA,NA,NA,4.11425,-4.7867,-0.31683,50,5.60393,1.93068,-104.57501,3.91632,4.52622,18.71316,-37.44002,ORA_COA,MT._SAN,JohnAltobelliPark,JUCO,NJCAA,20260210-JohnAltobelliPark-1,a6d5d120-06d4-11f1-9622-2f53c37c9706,70.41573,NA,NA,6.23156,NA,NA,NA,NA,NA,NA,f8462b57-8140-48a2-876f-4518772dfcbd,2026-02-10,23:03:02,2026-02-10T23:03:02Z,2026-02-10T23:03:02Z,NA,v3,NA,NA,NA,"Barnes, Flynn",1000398235,Right,ORA_COA,e90b9aa2-6c1c-4593-890c-1f267da14a91,55.21161,-105.50347,9.35658,5.36354,5.77394,-18.72001,-0.40705,1.70611,2.26311,NA,NA,NA,NA,NA,NA,NA,NA,NA,NA,NA,NA,NA,NA,NA,NA,NA,NA,NA,NA,NA,NA,NA,NA,NA,NA,NA,NA,NA,NA,NA,NA,NA,NA,NA,NA,NA,NA,NA,NA,NA,NA,NA,NA,NA,NA,NA,NA,NA,NA,High,High,High,NA,NA,NA,NA,NA,30.316207,33.399914,1554.252394,0.834849,07:00:00,-0.514317,0.452301,0.728631,-77.341745,-6.769757,-7.661369,0.48003,128.28464,-0.543518,43.518777,0.543518,-0.688592,-0.48003,41.450679,28.687388,0.688592,0.688592,-128.28464,-28.687388,0.48003,-43.518777,-41.450679,-0.48003,-0.688592,0.543518,-0.543518,NA,NA,NA,NA,NA,NA,NA,NA,NA,NA,NA
NA,NA,NA,NA,NA,NA,NA,NA,NA,NA,NA,NA,NA,NA,NA,NA,228,2026-02-10,15:03:14,1,3,"Veirs, Landon",1000398222,Right,ORA_COA,"Thompson, Dayton",NA,Right,MT._SAN,Undefined,8,Top,0,0,2,Fastball,Four-Seam,BallCalled,Undefined,Undefined,Undefined,0,0,NA,87.26684,-2.699021,-3.843917,2075.276945,200.010501,12:45:00,5.49265,-0.18238,6.43386,-12.69028,23.45552,8.10882,1.94719,-3.04465,79.63335,-5.18898,-2.379107,0.432713,NA,NA,NA,NA,NA,NA,NA,NA,NA,NA,NA,-5.27756,13.32233,0.45289,50,5.29376,8.17687,-126.4496,-6.22194,-8.53831,25.96977,-10.62049,ORA_COA,MT._SAN,JohnAltobelliPark,JUCO,NJCAA,20260210-JohnAltobelliPark-1,adb771b0-06d4-11f1-9622-2f53c37c9706,87.10716,NA,NA,7.63349,NA,NA,NA,NA,NA,NA,f8462b57-8140-48a2-876f-4518772dfcbd,2026-02-10,23:03:14,2026-02-10T23:03:14Z,2026-02-10T23:03:14Z,NA,v3,NA,NA,NA,"Barnes, Flynn",1000398235,Right,ORA_COA,f398f85f-7b25-42f0-8906-198d0c12abc7,54.06374,-127.28146,12.98489,5.48761,-5.88175,-5.31025,0.18658,8.45037,-4.26916,NA,NA,NA,NA,NA,NA,NA,NA,NA,NA,NA,NA,NA,NA,NA,NA,NA,NA,NA,NA,NA,NA,NA,NA,NA,NA,NA,NA,NA,NA,NA,NA,NA,NA,NA,NA,NA,NA,NA,NA,NA,NA,NA,NA,NA,NA,NA,NA,NA,NA,High,High,High,NA,NA,NA,NA,NA,205.460777,23.835731,1898.272075,0.914708,12:45:00,-0.43965,-0.41182,-0.798193,-37.288333,-23.234238,-69.793482,-0.058713,174.276459,-0.993298,-5.713634,0.993298,-0.099557,0.058713,3.382756,-3.36593,0.099557,-0.099557,-174.276459,3.36593,0.058713,5.713634,-3.382756,-0.058713,0.099557,0.993298,-0.993298,NA,NA,NA,NA,NA,NA,NA,NA,NA,NA,NA
NA,NA,NA,NA,NA,NA,NA,NA,NA,NA,NA,NA,NA,NA,NA,NA,229,2026-02-10,15:03:27,1,4,"Veirs, Landon",1000398222,Right,ORA_COA,"Thompson, Dayton",NA,Right,MT._SAN,Undefined,8,Top,0,1,2,Fastball,Four-Seam,InPlay,Undefined,GroundBall,Out,1,0,NA,86.20007,-2.015599,-2.446452,2023.420816,205.266984,12:45:00,5.46283,0.08458,6.37428,-16.03347,20.92348,9.31544,2.26975,-1.39143,78.81118,-5.109389,-0.761229,0.437542,65.57759,-35.55088,-20.628292,NA,NA,NA,NA,4.28464,4.28464,3.724296,0.040273,-5.55114,11.84323,0.08785,50,5.30955,4.99453,-125.16186,-4.79482,-8.80254,25.3484,-13.39407,ORA_COA,MT._SAN,JohnAltobelliPark,JUCO,NJCAA,20260210-JohnAltobelliPark-1,b60413f0-06d4-11f1-9622-2f53c37c9706,86.14589,2.26065,NA,7.38889,NA,NA,NA,1.31504,2.26065,1.39278,f8462b57-8140-48a2-876f-4518772dfcbd,2026-02-10,23:03:27,2026-02-10T23:03:27Z,2026-02-10T23:03:27Z,GroundBall,v3,NA,NA,NA,"Barnes, Flynn",1000398235,Right,ORA_COA,84bc2c6b-f0c2-49b2-9b1d-2e8e0763c5d4,54.12525,-125.99456,12.6742,5.45983,-4.35482,-6.69703,-0.08097,5.2837,-4.40127,NA,1.31325,73.51133,NA,NA,NA,NA,NA,NA,NA,2.26201,-56.13258,NA,NA,NA,NA,NA,NA,NA,1.39345,-27.67253,NA,NA,NA,NA,NA,NA,NA,NA,NA,NA,NA,NA,NA,NA,NA,NA,NA,NA,NA,NA,NA,NA,NA,NA,NA,NA,NA,NA,NA,High,High,High,Estimated,Estimated,NA,NA,NA,203.600441,20.513361,1895.116706,0.93659,12:45:00,-0.373349,-0.387063,-0.843086,-35.596382,-19.939053,-64.379711,-0.088414,173.600833,-0.989878,-6.374003,0.989878,-0.111018,0.088414,5.104004,-5.07237,0.111018,-0.111018,-173.600833,5.07237,0.088414,6.374003,-5.104004,-0.088414,0.111018,0.989878,-0.989878,NA,NA,NA,NA,NA,NA,NA,NA,NA,NA,NA
NA,NA,NA,NA,NA,NA,NA,NA,NA,NA,NA,NA,NA,NA,NA,NA,230,2026-02-10,15:03:55,2,1,"Veirs, Landon",1000398222,Right,ORA_COA,"Rezkalah, Matthew",1000305129,Right,MT._SAN,Undefined,8,Top,1,0,0,Curveball,Curveball,BallCalled,Undefined,Undefined,Undefined,0,0,NA,73.06505,3.301329,-1.189245,2032.017442,49.871722,07:45:00,5.35527,0.45356,5.50721,-60.30283,-6.79083,-10.11528,3.42156,-1.50173,66.69702,-7.709557,-2.990463,0.526498,NA,NA,NA,NA,NA,NA,NA,NA,NA,NA,NA,4.71488,-3.81386,-0.34288,50,5.60344,2.57394,-105.90744,4.18857,5.32018,19.186889999999998,-36.47753,ORA_COA,MT._SAN,JohnAltobelliPark,JUCO,NJCAA,20260210-JohnAltobelliPark-1,c69234e0-06d4-11f1-9622-2f53c37c9706,71.5908,NA,NA,6.36803,NA,NA,NA,NA,NA,NA,f8462b57-8140-48a2-876f-4518772dfcbd,2026-02-10,23:03:55,2026-02-10T23:03:55Z,2026-02-10T23:03:55Z,NA,v3,NA,NA,NA,"Barnes, Flynn",1000398235,Right,ORA_COA,8ba84bef-66d8-4213-ab7d-20204a0778da,54.99387,-106.80833,9.59345,5.36656,5.90131,-18.23877,-0.45787,2.32414,2.66009,NA,NA,NA,NA,NA,NA,NA,NA,NA,NA,NA,NA,NA,NA,NA,NA,NA,NA,NA,NA,NA,NA,NA,NA,NA,NA,NA,NA,NA,NA,NA,NA,NA,NA,NA,NA,NA,NA,NA,NA,NA,NA,NA,NA,NA,NA,NA,NA,NA,NA,High,High,High,NA,NA,NA,NA,NA,31.311192,38.76431,1584.421157,0.779728,07:00:00,-0.587788,0.440598,0.678512,-92.243785,-5.957049,8.763015,0.440667,123.546826,-0.496069,48.430334,0.496069,-0.748149,-0.440667,41.615281,26.146473,0.748149,0.748149,-123.546826,-26.146473,0.440667,-48.430334,-41.615281,-0.440667,-0.748149,0.496069,-0.496069,NA,NA,NA,NA,NA,NA,NA,NA,NA,NA,NA
NA,NA,NA,NA,NA,NA,NA,NA,NA,NA,NA,NA,NA,NA,NA,NA,231,2026-02-10,15:04:07,2,2,"Veirs, Landon",1000398222,Right,ORA_COA,"Rezkalah, Matthew",1000305129,Right,MT._SAN,Undefined,8,Top,1,1,0,Fastball,Four-Seam,InPlay,Undefined,FlyBall,Out,1,0,NA,85.02461,-1.20498,-1.579625,2053.725218,207.149787,01:00:00,5.47553,0.27195,6.29574,-17.37698,20.94336,10.07032,2.91653,-0.34477,77.1587,-4.564863,0.240938,0.445539,90.43171,30.192413,1.52573,3240.944329,109.86164,59.33971,5.5149,320.82217,317.09253,4.133119,5.020905,-5.74272,11.6602,-0.1606,50,5.37848,3.02483,-123.47122,-3.02351,-8.78852,26.56947,-14.32957,ORA_COA,MT._SAN,JohnAltobelliPark,JUCO,NJCAA,20260210-JohnAltobelliPark-1,cdbdafb0-06d4-11f1-9622-2f53c37c9706,84.59958,78.82346,NA,7.86591,NA,NA,NA,2.19535,2.98213,0.33668,f8462b57-8140-48a2-876f-4518772dfcbd,2026-02-10,23:04:07,2026-02-10T23:04:07Z,2026-02-10T23:04:07Z,FlyBall,v3,NA,NA,NA,"Barnes, Flynn",1000398235,Right,ORA_COA,1e5b9acb-d054-45d5-b44d-6fd3257b357d,54.20338,-124.37245,13.28473,5.4728,-2.53745,-7.16478,-0.26826,3.32293,-4.39426,191.062583,2.19617,114.58338,-22.81724,5.17719,-1.05191,0.19049,-0.0287,0.00302,-1.5e-4,2.98289,66.68269,-15.88167,0.40885,0.19931,-0.12015,0.03341,-0.0045,2.3e-4,0.3362,3.06366,1.98595,-0.80076,0.17456,-0.01849,-9.1e-4,3.9e-4,-3e-5,NA,NA,NA,NA,NA,NA,NA,NA,NA,NA,NA,NA,NA,NA,NA,NA,NA,NA,NA,NA,NA,NA,High,High,High,High,High,NA,NA,NA,202.843797,20.239673,1926.915297,0.938254,12:45:00,-0.361918,-0.371443,-0.855012,-34.838475,-18.300533,-60.907433,-0.08316,172.666274,-0.988384,-7.308185,0.988384,-0.127206,0.08316,4.809367,-4.770206,0.127206,-0.127206,-172.666274,4.770206,0.08316,7.308185,-4.809367,-0.08316,0.127206,0.988384,-0.988384,NA,NA,NA,NA,NA,NA,NA,NA,NA,NA,NA
NA,NA,NA,NA,NA,NA,NA,NA,NA,NA,NA,NA,NA,NA,NA,NA,232,2026-02-10,15:04:41,3,1,"Veirs, Landon",1000398222,Right,ORA_COA,"Campos, Miguel",NA,Right,MT._SAN,Undefined,8,Top,2,0,0,Fastball,Four-Seam,StrikeCalled,Undefined,Undefined,Undefined,0,0,NA,86.39454,-2.549096,-1.39223,2015.01274,195.902873,12:30:00,5.40832,0.12667,6.40895,-15.73505,21.00096,5.64658,1.75101,-0.68315,79.04542,-5.584616,-0.369085,0.436232,NA,NA,NA,NA,NA,NA,NA,NA,NA,NA,NA,-3.33256,12.03272,-0.02946,50,5.21826,2.83359,-125.46259,-5.95838,-5.30981,25.47434,-13.00216,ORA_COA,MT._SAN,JohnAltobelliPark,JUCO,NJCAA,20260210-JohnAltobelliPark-1,e1915eb0-06d4-11f1-9622-2f53c37c9706,86.40459,NA,NA,7.34913,NA,NA,NA,NA,NA,NA,f8462b57-8140-48a2-876f-4518772dfcbd,2026-02-10,23:04:41,2026-02-10T23:04:41Z,2026-02-10T23:04:41Z,NA,v3,NA,NA,NA,"Barnes, Flynn",1000398235,Right,ORA_COA,d2084563-7498-4c03-85de-348edad691ac,54.08971,-126.29025,12.73717,5.40499,-5.53595,-6.50108,-0.12433,3.0061,-2.6549,NA,NA,NA,NA,NA,NA,NA,NA,NA,NA,NA,NA,NA,NA,NA,NA,NA,NA,NA,NA,NA,NA,NA,NA,NA,NA,NA,NA,NA,NA,NA,NA,NA,NA,NA,NA,NA,NA,NA,NA,NA,NA,NA,NA,NA,NA,NA,NA,NA,NA,High,High,High,NA,NA,NA,NA,NA,202.433594,21.370535,1876.467184,0.931243,12:45:00,-0.369043,-0.371229,-0.852054,-35.719474,-21.787832,-57.766734,-0.072736,167.98738,-0.975511,-11.980329,0.975511,-0.207576,0.072736,4.264169,-4.171125,0.207576,-0.207576,-167.98738,4.171125,0.072736,11.980329,-4.264169,-0.072736,0.207576,0.975511,-0.975511,NA,NA,NA,NA,NA,NA,NA,NA,NA,NA,NA
NA,NA,NA,NA,NA,NA,NA,NA,NA,NA,NA,NA,NA,NA,NA,NA,233,2026-02-10,15:05:00,3,2,"Veirs, Landon",1000398222,Right,ORA_COA,"Campos, Miguel",NA,Right,MT._SAN,Undefined,8,Top,2,0,1,Curveball,Curveball,BallCalled,Undefined,Undefined,Undefined,0,0,NA,72.61385,3.478922,-0.10705,1933.563065,49.229968,07:45:00,5.38827,0.32041,5.30236,-62.13436,-7.48827,-10.76902,3.4804,-0.6775,66.18352,-7.828287,-2.018404,0.532048,NA,NA,NA,NA,NA,NA,NA,NA,NA,NA,NA,5.30776,-4.14949,-0.30271,50,5.65979,0.60641,-105.2139,4.363,5.9067,19.05638,-36.79178,ORA_COA,MT._SAN,JohnAltobelliPark,JUCO,NJCAA,20260210-JohnAltobelliPark-1,ecfd4250-06d4-11f1-9622-2f53c37c9706,70.84404,NA,NA,6.43033,NA,NA,NA,NA,NA,NA,f8462b57-8140-48a2-876f-4518772dfcbd,2026-02-10,23:05:00,2026-02-10T23:05:00Z,2026-02-10T23:05:00Z,NA,v3,NA,NA,NA,"Barnes, Flynn",1000398235,Right,ORA_COA,93a1728d-7e1f-4646-b138-88b3dc3939f0,55.1986,-106.1513,9.52819,5.40066,6.17281,-18.39589,-0.3254,0.31586,2.95335,NA,NA,NA,NA,NA,NA,NA,NA,NA,NA,NA,NA,NA,NA,NA,NA,NA,NA,NA,NA,NA,NA,NA,NA,NA,NA,NA,NA,NA,NA,NA,NA,NA,NA,NA,NA,NA,NA,NA,NA,NA,NA,NA,NA,NA,NA,NA,NA,NA,NA,High,High,High,NA,NA,NA,NA,NA,26.194445,35.481096,1574.514081,0.814307,06:45:00,-0.556187,0.39401,0.731719,-83.528973,-1.278242,0.208701,0.538824,124.482472,-0.476939,43.979819,0.476939,-0.694405,-0.538824,48.486441,32.603621,0.694405,0.694405,-124.482472,-32.603621,0.538824,-43.979819,-48.486441,-0.538824,-0.694405,0.476939,-0.476939,NA,NA,NA,NA,NA,NA,NA,NA,NA,NA,NA
NA,NA,NA,NA,NA,NA,NA,NA,NA,NA,NA,NA,NA,NA,NA,NA,234,2026-02-10,15:05:10,3,3,"Veirs, Landon",1000398222,Right,ORA_COA,"Campos, Miguel",NA,Right,MT._SAN,Undefined,8,Top,2,1,1,Fastball,Four-Seam,BallCalled,Undefined,Undefined,Undefined,0,0,NA,87.47231,-2.90474,-2.343383,2159.600974,210.238623,01:00:00,5.36515,0.18847,6.44068,-15.82887,20.13855,11.03705,1.37234,-1.04635,79.75376,-5.961132,-0.343475,0.43164400000000003,NA,NA,NA,NA,NA,NA,NA,NA,NA,NA,NA,-6.44831,11.73142,-0.0267,50,5.15121,4.76883,-126.90497,-6.8237,-10.47185,26.98474,-13.1226,ORA_COA,MT._SAN,JohnAltobelliPark,JUCO,NJCAA,20260210-JohnAltobelliPark-1,f32249a0-06d4-11f1-9622-2f53c37c9706,87.3229,NA,NA,7.71856,NA,NA,NA,NA,NA,NA,f8462b57-8140-48a2-876f-4518772dfcbd,2026-02-10,23:05:10,2026-02-10T23:05:10Z,2026-02-10T23:05:10Z,NA,v3,NA,NA,NA,"Barnes, Flynn",1000398235,Right,ORA_COA,c115677e-5bdd-48db-b8f5-a3f5edd420e7,54.05833,-127.765,13.49237,5.36203,-6.40547,-6.5613,-0.184,5.10258,-5.23593,NA,NA,NA,NA,NA,NA,NA,NA,NA,NA,NA,NA,NA,NA,NA,NA,NA,NA,NA,NA,NA,NA,NA,NA,NA,NA,NA,NA,NA,NA,NA,NA,NA,NA,NA,NA,NA,NA,NA,NA,NA,NA,NA,NA,NA,NA,NA,NA,NA,NA,High,High,High,NA,NA,NA,NA,NA,203.64622,22.965811,1988.426348,0.920738,12:45:00,-0.405142,-0.388595,-0.827559,-41.595615,-24.481269,-61.730178,-0.136863,167.984497,-0.968888,-11.900775,0.968888,-0.206217,0.136863,8.040263,-7.866341,0.206217,-0.206217,-167.984497,7.866341,0.136863,11.900775,-8.040263,-0.136863,0.206217,0.968888,-0.968888,NA,NA,NA,NA,NA,NA,NA,NA,NA,NA,NA
NA,NA,NA,NA,NA,NA,NA,NA,NA,NA,NA,NA,NA,NA,NA,NA,235,2026-02-10,15:05:21,3,4,"Veirs, Landon",1000398222,Right,ORA_COA,"Campos, Miguel",NA,Right,MT._SAN,Undefined,8,Top,2,2,1,Fastball,Four-Seam,StrikeCalled,Undefined,Undefined,Undefined,0,0,NA,87.09606,-2.386266,-2.502779,2066.335525,199.661495,12:45:00,5.37722,0.22819,6.34367,-14.94832,21.45875,7.23221,1.93133,-1.47468,79.33366,-5.285597,-1.195433,0.434275,NA,NA,NA,NA,NA,NA,NA,NA,NA,NA,NA,-4.47843,12.21568,-0.04936,50,5.19616,5.23902,-126.35456,-5.61593,-7.21065,26.72562,-12.50583,ORA_COA,MT._SAN,JohnAltobelliPark,JUCO,NJCAA,20260210-JohnAltobelliPark-1,f97ba760-06d4-11f1-9622-2f53c37c9706,86.79404,NA,NA,7.7624,NA,NA,NA,NA,NA,NA,f8462b57-8140-48a2-876f-4518772dfcbd,2026-02-10,23:05:21,2026-02-10T23:05:21Z,2026-02-10T23:05:21Z,NA,v3,NA,NA,NA,"Barnes, Flynn",1000398235,Right,ORA_COA,fe597386-a332-4866-af8e-cf028ac8862a,54.15434,-127.23022,13.36281,5.37345,-5.20617,-6.25291,-0.22488,5.47528,-3.60532,NA,NA,NA,NA,NA,NA,NA,NA,NA,NA,NA,NA,NA,NA,NA,NA,NA,NA,NA,NA,NA,NA,NA,NA,NA,NA,NA,NA,NA,NA,NA,NA,NA,NA,NA,NA,NA,NA,NA,NA,NA,NA,NA,NA,NA,NA,NA,NA,NA,NA,High,High,High,NA,NA,NA,NA,NA,204.704269,24.918148,1873.981606,0.906911,12:45:00,-0.440768,-0.396243,-0.805428,-41.094964,-22.387359,-60.313381,-0.084679,168.987897,-0.978061,-10.972058,0.978061,-0.19033,0.084679,4.94826,-4.857587,0.19033,-0.19033,-168.987897,4.857587,0.084679,10.972058,-4.94826,-0.084679,0.19033,0.978061,-0.978061,NA,NA,NA,NA,NA,NA,NA,NA,NA,NA,NA
NA,NA,NA,NA,NA,NA,NA,NA,NA,NA,NA,NA,NA,NA,NA,NA,236,2026-02-10,15:05:34,3,5,"Veirs, Landon",1000398222,Right,ORA_COA,"Campos, Miguel",NA,Right,MT._SAN,Undefined,8,Top,2,2,2,Fastball,Four-Seam,FoulBallNotFieldable,Undefined,Undefined,Undefined,0,0,NA,86.01286,-1.083742,-0.552853,2020.891453,204.848553,12:45:00,5.43654,0.18393,6.3273,-17.30572,19.97655,8.67949,2.99622,0.39808,78.26645,-4.420987,1.017825,0.439463,NA,NA,NA,NA,NA,NA,NA,NA,NA,NA,NA,-4.69823,11.10131,-0.14761,50,5.34912,0.87541,-124.98299,-2.79627,-7.38703,26.59623,-14.71943,ORA_COA,MT._SAN,JohnAltobelliPark,JUCO,NJCAA,20260210-JohnAltobelliPark-1,01b2c5d0-06d5-11f1-9622-2f53c37c9706,85.76925,NA,NA,7.74641,NA,NA,NA,NA,NA,NA,f8462b57-8140-48a2-876f-4518772dfcbd,2026-02-10,23:05:34,2026-02-10T23:05:34Z,2026-02-10T23:05:34Z,NA,v3,NA,NA,NA,"Barnes, Flynn",1000398235,Right,ORA_COA,90fee4fb-1df8-4f62-a935-043494cd8f3b,54.17177,-125.86761,13.29812,5.43399,-2.30669,-7.35971,-0.18081,1.12111,-3.69351,NA,NA,NA,NA,NA,NA,NA,NA,NA,NA,NA,NA,NA,NA,NA,NA,NA,NA,NA,NA,NA,NA,NA,NA,NA,NA,NA,NA,NA,NA,NA,NA,NA,NA,NA,NA,NA,NA,NA,NA,NA,NA,NA,NA,NA,NA,NA,NA,NA,NA,High,High,High,NA,NA,NA,NA,NA,203.293703,24.761639,1835.086868,0.908058,12:45:00,-0.420006,-0.366944,-0.830028,-41.202203,-21.936694,-59.344181,-0.119482,167.409946,-0.968963,-12.498401,0.968963,-0.216412,0.119482,7.029579,-6.862182,0.216412,-0.216412,-167.409946,6.862182,0.119482,12.498401,-7.029579,-0.119482,0.216412,0.968963,-0.968963,NA,NA,NA,NA,NA,NA,NA,NA,NA,NA,NA
NA,NA,NA,NA,NA,NA,NA,NA,NA,NA,NA,NA,NA,NA,NA,NA,237,2026-02-10,15:05:51,3,6,"Veirs, Landon",1000398222,Right,ORA_COA,"Campos, Miguel",NA,Right,MT._SAN,Undefined,8,Top,2,2,2,Curveball,Curveball,InPlay,Undefined,FlyBall,Out,1,0,NA,72.7548,2.639161,0.408393,1899.790371,34.136646,07:15:00,5.40524,0.16606,5.77868,-63.70157,-10.26162,-8.15886,2.55425,-0.13384,66.46137,-9.030528,-1.05508,0.526144,83.3022,41.573434,-25.92567,NA,96.20856,83.81788,-53.32812,289.11681,263.9235,-33.691184,5.26955,4.30638,-5.60016,-0.19467,50,5.5844,-0.46974,-105.60136,2.93635,4.81457,19.64982,-38.43507,ORA_COA,MT._SAN,JohnAltobelliPark,JUCO,NJCAA,20260210-JohnAltobelliPark-1,0be05d10-06d5-11f1-9622-2f53c37c9706,71.63904,98.49518,NA,6.29343,NA,NA,NA,2.27496,2.71373,0.1571,f8462b57-8140-48a2-876f-4518772dfcbd,2026-02-10,23:05:51,2026-02-10T23:05:51Z,2026-02-10T23:05:51Z,FlyBall,v3,NA,NA,NA,"Barnes, Flynn",1000398235,Right,ORA_COA,31c15a6b-982f-4439-9253-9772cef58411,54.72438,-106.47683,9.82491,5.41543,4.64875,-19.21753,-0.16896,-0.68424,2.40728,159.615849,2.28037,82.08851,-17.50839,3.67891,-0.31609,-0.07603,0.02806,-0.00338,1.5e-4,2.71068,81.12799,-19.83661,1.63239,-0.28372000000000003,0.00878,0.01241,-0.00265,1.6e-4,0.15655,-39.95124,3.44051,-0.49918,0.02312,0.0116,-0.00287,2.5e-4,-1e-5,NA,NA,NA,NA,NA,NA,NA,NA,NA,NA,NA,NA,NA,NA,NA,NA,NA,NA,NA,NA,NA,NA,High,High,High,High,Medium,NA,NA,NA,22.128148,26.331678,1702.670648,0.896241,06:45:00,-0.433458,0.357662,0.827159,-90.697855,25.18183,35.037067,0.487456,127.664523,-0.533526,43.72403,0.533526,-0.691186,-0.487456,42.416377,29.17348,0.691186,0.691186,-127.664523,-29.17348,0.487456,-43.72403,-42.416377,-0.487456,-0.691186,0.533526,-0.533526,NA,NA,NA,NA,NA,NA,NA,NA,NA,NA,NA
NA,NA,NA,NA,NA,NA,NA,NA,NA,NA,NA,NA,NA,NA,NA,NA,238,2026-02-10,15:08:04,1,1,"Lavy, Brody",10914759,Left,MT._SAN,"Boynton, Zach",1000398241,Left,ORA_COA,Undefined,8,Bottom,0,0,0,Fastball,Cutter,FoulBallFieldable,Undefined,Undefined,Undefined,0,0,NA,79.57241,-0.851238,-0.016296,1998.299251,196.674287,12:30:00,6.29851,-0.86099,6.0643,-31.69218,11.92666,3.1763,2.86962,-0.61138,73.30316,-6.753333,0.556136,0.475345,72.58848,36.656406,-29.267685,4500.353204,89.42806,58.93522,-64.05156,265.20226,166.1369,-41.489962,4.223281,-1.65071,6.78063,0.86054,50,6.21545,-0.08159,-115.68433,-2.63982,-2.24488,20.86483,-22.95268,ORA_COA,MT._SAN,JohnAltobelliPark,JUCO,NJCAA,20260210-JohnAltobelliPark-1,5adb05a0-06d5-11f1-9622-2f53c37c9706,79.29498,61.61982,NA,6.26925,NA,NA,NA,0.99734,2.92284,0.57487,f8462b57-8140-48a2-876f-4518772dfcbd,2026-02-10,23:08:04,2026-02-10T23:08:04Z,2026-02-10T23:08:04Z,FlyBall,v3,NA,NA,NA,"Fielder, M",NA,Right,MT._SAN,6cc27997-2c37-460a-b934-5d26c497a388,54.4356,-116.48159,10.43242,6.29956,-1.76279,-11.47634,0.86202,0.00419,-1.12244,134.49777,0.99975,74.43129,-15.12784,3.26402,0.146,-0.46523,0.17154,-0.02725,0.00164,2.91939,63.64745,-19.70976,2.01641,-0.75843,0.28991,-0.05582,0.00425,-5e-5,0.57572,-41.77712,-1.37278,0.87805,-0.18287,-8e-5,0.00506,-4.8e-4,-0,NA,NA,NA,NA,NA,NA,NA,NA,NA,NA,NA,NA,NA,NA,NA,NA,NA,NA,NA,NA,NA,NA,High,High,High,High,Medium,NA,NA,NA,155.436558,-41.851264,1488.491813,0.744879,11:15:00,0.662333,0.319525,-0.677657,52.40163,-44.161038,-19.194697,0.35587,173.944636,-0.929321,5.657613,0.929321,-0.098584,-0.35587,20.953616,20.846777,0.098584,0.098584,-173.944636,-20.846777,0.35587,-5.657613,-20.953616,-0.35587,-0.098584,0.929321,-0.929321,NA,NA,NA,NA,NA,NA,NA,NA,NA,NA,NA
NA,NA,NA,NA,NA,NA,NA,NA,NA,NA,NA,NA,NA,NA,NA,NA,239,2026-02-10,15:08:46,1,2,"Lavy, Brody",10914759,Left,MT._SAN,"Boynton, Zach",1000398241,Left,ORA_COA,Undefined,8,Bottom,0,0,1,Slider,Curveball,FoulBallNotFieldable,Undefined,Undefined,Undefined,0,0,NA,64.03689,1.131807,-1.66897,1774.304659,281.110772,03:15:00,6.22479,-0.51202,5.3688,-71.56614,-1.68102,20.28887,1.32275,-0.38659,59.16447,-11.83854,1.948547,0.601678,NA,NA,NA,NA,NA,NA,NA,NA,NA,NA,NA,-10.79382,-0.62803,0.64643,50,6.27506,2.06732,-92.94243,-0.13965,-9.36823,14.94007,-32.71914,ORA_COA,MT._SAN,JohnAltobelliPark,JUCO,NJCAA,20260210-JohnAltobelliPark-1,73bc7f90-06d5-11f1-9622-2f53c37c9706,62.64558,NA,NA,4.87242,NA,NA,NA,NA,NA,NA,f8462b57-8140-48a2-876f-4518772dfcbd,2026-02-10,23:08:46,2026-02-10T23:08:46Z,2026-02-10T23:08:46Z,NA,v3,NA,NA,NA,"Fielder, M",NA,Right,MT._SAN,1f3358f8-b273-4c5f-a56f-521222a6a3b6,55.13442,-93.76413,7.47004,6.23325,1.6599,-16.35957,0.51856,2.58257,-4.68411,NA,NA,NA,NA,NA,NA,NA,NA,NA,NA,NA,NA,NA,NA,NA,NA,NA,NA,NA,NA,NA,NA,NA,NA,NA,NA,NA,NA,NA,NA,NA,NA,NA,NA,NA,NA,NA,NA,NA,NA,NA,NA,NA,NA,NA,NA,NA,NA,NA,NA,High,High,High,NA,NA,NA,NA,NA,312.585557,-63.113039,802.396896,0.452232,04:30:00,0.893687,-0.350516,0.280111,-73.762272,-41.039682,14.018452,0.134858,128.62961,-0.618581,50.720037,0.618581,-0.774062,-0.134858,12.298729,7.750408,0.774062,0.774062,-128.62961,-7.750408,0.134858,-50.720037,-12.298729,-0.134858,-0.774062,0.618581,-0.618581,NA,NA,NA,NA,NA,NA,NA,NA,NA,NA,NA
NA,NA,NA,NA,NA,NA,NA,NA,NA,NA,NA,NA,NA,NA,NA,NA,240,2026-02-10,15:09:09,1,3,"Lavy, Brody",10914759,Left,MT._SAN,"Boynton, Zach",1000398241,Left,ORA_COA,Undefined,8,Bottom,0,0,2,Fastball,Cutter,BallCalled,Undefined,Undefined,Undefined,0,0,NA,82.35408,0.081544,0.58001,2008.138091,164.515837,11:30:00,6.13603,-0.81495,6.18121,-25.16104,15.80997,-3.99969,4.11459,-0.61263,74.81361,-4.689767,-0.141785,0.460691,NA,NA,NA,NA,NA,NA,NA,NA,NA,NA,NA,2.22465,8.55709,0.77302,50,6.1294,-1.05593,-119.58885,-0.52399,3.19945,24.54623,-19.86729,ORA_COA,MT._SAN,JohnAltobelliPark,JUCO,NJCAA,20260210-JohnAltobelliPark-1,81ad6060-06d5-11f1-9622-2f53c37c9706,81.81718,NA,NA,7.54047,NA,NA,NA,NA,NA,NA,f8462b57-8140-48a2-876f-4518772dfcbd,2026-02-10,23:09:09,2026-02-10T23:09:09Z,2026-02-10T23:09:09Z,NA,v3,NA,NA,NA,"Fielder, M",NA,Right,MT._SAN,e8185af3-6414-472c-af6d-1e0495f74487,54.31483,-120.47124,12.27311,6.1354,0.1902,-9.93365,0.81304,-1.17094,1.59972,NA,NA,NA,NA,NA,NA,NA,NA,NA,NA,NA,NA,NA,NA,NA,NA,NA,NA,NA,NA,NA,NA,NA,NA,NA,NA,NA,NA,NA,NA,NA,NA,NA,NA,NA,NA,NA,NA,NA,NA,NA,NA,NA,NA,NA,NA,NA,NA,NA,NA,High,High,High,NA,NA,NA,NA,NA,145.702906,-36.638738,1611.358474,0.802414,10:45:00,0.60409,0.451298,-0.656814,58.89315,-38.314021,-25.707736,0.281089,171.986601,-0.950311,7.688318,0.950311,-0.133784,-0.281089,16.477479,16.325191,0.133784,0.133784,-171.986601,-16.325191,0.281089,-7.688318,-16.477479,-0.281089,-0.133784,0.950311,-0.950311,NA,NA,NA,NA,NA,NA,NA,NA,NA,NA,NA
NA,NA,NA,NA,NA,NA,NA,NA,NA,NA,NA,NA,NA,NA,NA,NA,241,2026-02-10,15:09:29,1,4,"Lavy, Brody",10914759,Left,MT._SAN,"Boynton, Zach",1000398241,Left,ORA_COA,Undefined,8,Bottom,0,1,2,Fastball,Changeup,FoulBallNotFieldable,Undefined,Undefined,Undefined,0,0,NA,79.42438,-0.835742,0.107406,1969.882319,175.488574,11:45:00,6.10744,-0.67708,6.07452,-29.47029,14.54422,-1.03587,2.87821,-0.66402,72.70504,-6.360253,-0.079276,0.477495,60.03976,43.978665,-66.196891,4492.959677,38.7201,44.32028,-102.95988,160.76847,115.65554,-70.425408,3.400203,0.56575,8.16709,0.66931,50,6.0271,-0.17853,-115.39165,-2.51506,0.7611,21.9184,-21.18682,ORA_COA,MT._SAN,JohnAltobelliPark,JUCO,NJCAA,20260210-JohnAltobelliPark-1,8dc4ed50-06d5-11f1-9622-2f53c37c9706,78.9378,49.68167,NA,6.71934,NA,NA,NA,0.54729,2.5925,0.89307,f8462b57-8140-48a2-876f-4518772dfcbd,2026-02-10,23:09:29,2026-02-10T23:09:29Z,2026-02-10T23:09:29Z,Popup,v3,NA,NA,NA,"Fielder, M",NA,Right,MT._SAN,101ada84-dee6-499b-af73-a64cc20ad0b5,54.42395,-116.22893,10.9592,6.10772,-1.70573,-10.59341,0.67669,-0.2076,0.38055,NA,0.54686,25.58991,-6.58764,2.13704,-0.73859,0.2898,-0.08285,0.01298,-8.2e-4,2.59264,61.14253,-22.36445,2.04972,-0.36384,0.08273,-0.03438,0.00895,-8.6e-4,0.89348,-57.99111,8.22954,-2.38807,0.73579,-0.27782,0.07932,-0.01232,7.6e-4,NA,NA,NA,NA,NA,NA,NA,NA,NA,NA,NA,NA,NA,NA,NA,NA,NA,NA,NA,NA,NA,NA,High,High,High,Medium,Medium,NA,NA,NA,147.389578,-44.681166,1400.646708,0.711031,11:00:00,0.698619,0.393407,-0.597631,62.523928,-38.135252,-38.310618,0.241768,172.309249,-0.961606,7.461278,0.961606,-0.129856,-0.241768,14.112871,13.990931,0.129856,0.129856,-172.309249,-13.990931,0.241768,-7.461278,-14.112871,-0.241768,-0.129856,0.961606,-0.961606,NA,NA,NA,NA,NA,NA,NA,NA,NA,NA,NA
NA,NA,NA,NA,NA,NA,NA,NA,NA,NA,NA,NA,NA,NA,NA,NA,242,2026-02-10,15:09:52,1,5,"Lavy, Brody",10914759,Left,MT._SAN,"Boynton, Zach",1000398241,Left,ORA_COA,Undefined,8,Bottom,0,1,2,Slider,Curveball,BallCalled,Undefined,Undefined,Undefined,0,0,NA,65.33148,1.053879,0.08294,1831.8575,279.08708,03:15:00,6.28192,-0.58615,5.44112,-69.69992,-1.10236,24.02974,1.46052,1.49398,59.00485,-11.683169,4.371831,0.596109,NA,NA,NA,NA,NA,NA,NA,NA,NA,NA,NA,-11.99446,-0.10642,0.56197,50,6.32804,-0.94721,-94.59885,-0.2204,-10.50885,18.88307,-32.26727,ORA_COA,MT._SAN,JohnAltobelliPark,JUCO,NJCAA,20260210-JohnAltobelliPark-1,9b0ae820-06d5-11f1-9622-2f53c37c9706,63.23078,NA,NA,6.32664,NA,NA,NA,NA,NA,NA,f8462b57-8140-48a2-876f-4518772dfcbd,2026-02-10,23:09:52,2026-02-10T23:09:52Z,2026-02-10T23:09:52Z,NA,v3,NA,NA,NA,"Fielder, M",NA,Right,MT._SAN,a18b000c-eb08-4ff4-b7c9-5d97dfbe829b,55.05723,-95.60301,9.44154,6.29414,1.4955,-16.13364,0.59748,-0.38837,-5.25443,NA,NA,NA,NA,NA,NA,NA,NA,NA,NA,NA,NA,NA,NA,NA,NA,NA,NA,NA,NA,NA,NA,NA,NA,NA,NA,NA,NA,NA,NA,NA,NA,NA,NA,NA,NA,NA,NA,NA,NA,NA,NA,NA,NA,NA,NA,NA,NA,NA,NA,High,High,High,NA,NA,NA,NA,NA,320.739459,-61.230057,881.661858,0.481294,04:45:00,0.870269,-0.320656,0.373915,-82.886092,-40.160897,14.305338,0.140376,123.556594,-0.547287,55.597488,0.547287,-0.825089,-0.140376,14.38591,8.069604,0.825089,0.825089,-123.556594,-8.069604,0.140376,-55.597488,-14.38591,-0.140376,-0.825089,0.547287,-0.547287,NA,NA,NA,NA,NA,NA,NA,NA,NA,NA,NA
NA,NA,NA,NA,NA,NA,NA,NA,NA,NA,NA,NA,NA,NA,NA,NA,243,2026-02-10,15:10:14,1,6,"Lavy, Brody",10914759,Left,MT._SAN,"Boynton, Zach",1000398241,Left,ORA_COA,Undefined,8,Bottom,0,2,2,Slider,Curveball,BallCalled,Undefined,Undefined,Undefined,0,0,NA,66.77245,-0.377078,-0.145776,1966.309923,277.335017,03:15:00,6.20459,-0.65234,5.42412,-64.33752,-0.20425,17.97395,0.48994,0.70894,61.78125,-12.023476,3.065634,0.576386,NA,NA,NA,NA,NA,NA,NA,NA,NA,NA,NA,-9.16646,0.56681,0.65217,50,6.12623,-0.34207,-96.95019,-2.47585,-8.65043,16.35834,-31.63914,ORA_COA,MT._SAN,JohnAltobelliPark,JUCO,NJCAA,20260210-JohnAltobelliPark-1,a84e9900-06d5-11f1-9622-2f53c37c9706,65.39448,NA,NA,4.9912,NA,NA,NA,NA,NA,NA,f8462b57-8140-48a2-876f-4518772dfcbd,2026-02-10,23:10:14,2026-02-10T23:10:14Z,2026-02-10T23:10:14Z,NA,v3,NA,NA,NA,"Fielder, M",NA,Right,MT._SAN,de275a44-5c6f-4517-b7f1-010f5afcd586,55.07796,-97.80324,8.17917,6.21232,-0.82595,-15.81957,0.65825,0.10903,-4.32522,NA,NA,NA,NA,NA,NA,NA,NA,NA,NA,NA,NA,NA,NA,NA,NA,NA,NA,NA,NA,NA,NA,NA,NA,NA,NA,NA,NA,NA,NA,NA,NA,NA,NA,NA,NA,NA,NA,NA,NA,NA,NA,NA,NA,NA,NA,NA,NA,NA,NA,High,High,High,NA,NA,NA,NA,NA,311.525106,-69.574735,686.213273,0.348985,04:30:00,0.939413,-0.2551,0.22897,-66.783959,-35.440985,12.673633,0.107927,122.977381,-0.541128,56.51034,0.541128,-0.833985,-0.107927,11.279542,6.195843,0.833985,0.833985,-122.977381,-6.195843,0.107927,-56.51034,-11.279542,-0.107927,-0.833985,0.541128,-0.541128,NA,NA,NA,NA,NA,NA,NA,NA,NA,NA,NA
NA,NA,NA,NA,NA,NA,NA,NA,NA,NA,NA,NA,NA,NA,NA,NA,244,2026-02-10,15:10:34,1,7,"Lavy, Brody",10914759,Left,MT._SAN,"Boynton, Zach",1000398241,Left,ORA_COA,Undefined,8,Bottom,0,3,2,Slider,Curveball,BallCalled,Walk,Undefined,Undefined,0,0,NA,64.33457,2.982476,-1.811535,1674.473645,280.397711,03:15:00,6.23756,-1.03762,5.31488,-71.20437,-0.88728,18.8284,3.10704,-1.1694,58.37366,-10.019902,1.533217,0.603534,NA,NA,NA,NA,NA,NA,NA,NA,NA,NA,NA,-9.93713,-0.5939,1.18791,50,6.45739,2.30716,-93.1006,2.83649,-8.56569,16.31093,-32.68598,ORA_COA,MT._SAN,JohnAltobelliPark,JUCO,NJCAA,20260210-JohnAltobelliPark-1,b4226630-06d5-11f1-9622-2f53c37c9706,62.45287,NA,NA,5.96091,NA,NA,NA,NA,NA,NA,f8462b57-8140-48a2-876f-4518772dfcbd,2026-02-10,23:10:34,2026-02-10T23:10:34Z,2026-02-10T23:10:34Z,NA,v3,NA,NA,NA,"Fielder, M",NA,Right,MT._SAN,2ca372db-56b7-4727-9d68-5fc2b28fadda,55.18417,-94.00446,8.15546,6.25002,4.64777,-16.34299,1.04691,2.78182,-4.28284,NA,NA,NA,NA,NA,NA,NA,NA,NA,NA,NA,NA,NA,NA,NA,NA,NA,NA,NA,NA,NA,NA,NA,NA,NA,NA,NA,NA,NA,NA,NA,NA,NA,NA,NA,NA,NA,NA,NA,NA,NA,NA,NA,NA,NA,NA,NA,NA,NA,NA,High,High,High,NA,NA,NA,NA,NA,315.867941,-60.663725,820.382364,0.489934,04:30:00,0.863518,-0.386044,0.324509,-90.403272,-32.36914,6.649964,0.164884,119.286991,-0.482489,59.343863,0.482489,-0.860243,-0.164884,18.867112,9.49047,0.860243,0.860243,-119.286991,-9.49047,0.164884,-59.343863,-18.867112,-0.164884,-0.860243,0.482489,-0.482489,NA,NA,NA,NA,NA,NA,NA,NA,NA,NA,NA
NA,NA,NA,NA,NA,NA,NA,NA,NA,NA,NA,NA,NA,NA,NA,NA,245,2026-02-10,15:11:05,2,1,"Lavy, Brody",10914759,Left,MT._SAN,"Chorbagian, Andrew",1000398220,Right,ORA_COA,Undefined,8,Bottom,0,0,0,Fastball,Cutter,StrikeSwinging,Undefined,Undefined,Undefined,0,0,NA,81.82568,-1.122725,1.226093,1933.094023,188.541726,12:15:00,6.09014,-1.22601,6.3947,-27.2684,13.72178,1.86347,2.78481,0.05711,74.89716,-6.264478,1.563808,0.460799,NA,NA,NA,NA,NA,NA,NA,NA,NA,NA,NA,-0.62122,7.88532,1.1372,50,5.99692,-2.6124,-118.89753,-3.07443,-0.88709,23.31914,-20.91407,ORA_COA,MT._SAN,JohnAltobelliPark,JUCO,NJCAA,20260210-JohnAltobelliPark-1,c69329d0-06d5-11f1-9622-2f53c37c9706,81.79806,NA,NA,6.92852,NA,NA,NA,NA,NA,NA,f8462b57-8140-48a2-876f-4518772dfcbd,2026-02-10,23:11:05,2026-02-10T23:11:05Z,2026-02-10T23:11:05Z,NA,v3,NA,NA,NA,"Fielder, M",NA,Right,MT._SAN,13aa53b8-b22a-4a4b-a188-ae3dff225bdc,54.10339,-119.69962,11.65957,6.0903,-2.35507,-10.45704,1.22653,-2.58189,-0.44354,NA,NA,NA,NA,NA,NA,NA,NA,NA,NA,NA,NA,NA,NA,NA,NA,NA,NA,NA,NA,NA,NA,NA,NA,NA,NA,NA,NA,NA,NA,NA,NA,NA,NA,NA,NA,NA,NA,NA,NA,NA,NA,NA,NA,NA,NA,NA,NA,NA,NA,High,High,High,NA,NA,NA,NA,NA,151.930016,-40.628288,1467.121547,0.75895,11:00:00,0.658209,0.369814,-0.655743,51.562194,-42.356489,-18.345888,0.300808,176.020044,-0.951385,3.795347,0.951385,-0.066193,-0.300808,17.545873,17.506147,0.066193,0.066193,-176.020044,-17.506147,0.300808,-3.795347,-17.545873,-0.300808,-0.066193,0.951385,-0.951385,NA,NA,NA,NA,NA,NA,NA,NA,NA,NA,NA
NA,NA,NA,NA,NA,NA,NA,NA,NA,NA,NA,NA,NA,NA,NA,NA,246,2026-02-10,15:11:26,2,2,"Lavy, Brody",10914759,Left,MT._SAN,"Chorbagian, Andrew",1000398220,Right,ORA_COA,Undefined,8,Bottom,0,0,1,Fastball,Changeup,FoulBallNotFieldable,Undefined,Undefined,Undefined,0,0,NA,83.30201,-1.345491,2.076443,1980.160612,163.257305,11:30:00,6.1272,-1.01448,6.08525,-24.13911,15.98347,-4.41126,2.86982,0.53972,76.02691,-5.897962,1.282275,0.455896,42.87724,54.979101,122.860548,4724.98788,NA,NA,NA,NA,13.89862,NA,NA,2.89059,9.0376,0.8565,50,6.0105,-4.21711,-120.92334,-3.53042,4.26188,24.51315,-18.84901,ORA_COA,MT._SAN,JohnAltobelliPark,JUCO,NJCAA,20260210-JohnAltobelliPark-1,d3783ff0-06d5-11f1-9622-2f53c37c9706,82.67773,22.21454,NA,7.2751,NA,NA,NA,1.4578,2.87016,-0.61522,f8462b57-8140-48a2-876f-4518772dfcbd,2026-02-10,23:11:26,2026-02-10T23:11:26Z,2026-02-10T23:11:26Z,NA,v3,NA,NA,NA,"Fielder, M",NA,Right,MT._SAN,2bb52509-f445-4012-9729-dae9c7be8ef0,54.41386,-121.81481,12.25658,6.12643,-2.84493,-9.4245,1.01269,-4.3721,2.13094,305.163752,1.4612,-19.68453,-0.51086,NA,NA,NA,NA,NA,NA,2.87769,51.27836,-19.27819,NA,NA,NA,NA,NA,NA,-0.60276,29.94436,-6.68365,NA,NA,NA,NA,NA,NA,NA,NA,NA,NA,NA,NA,NA,NA,NA,NA,NA,NA,NA,NA,NA,NA,NA,NA,NA,NA,NA,NA,High,High,High,High,Undefined,NA,NA,NA,150.480635,-33.621981,1648.897319,0.832709,11:00:00,0.569822,0.423179,-0.704431,49.114583,-44.170402,-15.256619,0.247384,169.485565,-0.952648,10.184077,0.952648,-0.176811,-0.247384,14.557044,14.322753,0.176811,0.176811,-169.485565,-14.322753,0.247384,-10.184077,-14.557044,-0.247384,-0.176811,0.952648,-0.952648,NA,NA,NA,NA,NA,NA,NA,NA,NA,NA,NA
NA,NA,NA,NA,NA,NA,NA,NA,NA,NA,NA,NA,NA,NA,NA,NA,247,2026-02-10,15:11:51,2,3,"Lavy, Brody",10914759,Left,MT._SAN,"Chorbagian, Andrew",1000398220,Right,ORA_COA,Undefined,8,Bottom,0,0,2,Fastball,Cutter,BallCalled,Undefined,Undefined,Undefined,0,0,NA,82.71075,0.105014,-1.543418,1991.235161,176.773471,12:00:00,6.15097,-0.76007,6.25838,-25.99214,15.08611,-0.76335,4.08183,-2.24721,74.16969,-4.853764,-1.681287,0.461294,NA,NA,NA,NA,NA,NA,NA,NA,NA,NA,NA,-0.13287,8.22619,0.87489,50,6.14618,3.26087,-119.91701,-0.4875,-0.18936,27.76532,-20.44914,ORA_COA,MT._SAN,JohnAltobelliPark,JUCO,NJCAA,20260210-JohnAltobelliPark-1,e26a1600-06d5-11f1-9622-2f53c37c9706,81.7103,NA,NA,8.54106,NA,NA,NA,NA,NA,NA,f8462b57-8140-48a2-876f-4518772dfcbd,2026-02-10,23:11:51,2026-02-10T23:11:51Z,2026-02-10T23:11:51Z,NA,v3,NA,NA,NA,"Fielder, M",NA,Right,MT._SAN,23e9c571-62ae-4660-9d61-b908c81d40ff,54.23561,-120.89373,13.88266,6.15067,0.23186,-10.22457,0.76006,3.26754,-0.09468,NA,NA,NA,NA,NA,NA,NA,NA,NA,NA,NA,NA,NA,NA,NA,NA,NA,NA,NA,NA,NA,NA,NA,NA,NA,NA,NA,NA,NA,NA,NA,NA,NA,NA,NA,NA,NA,NA,NA,NA,NA,NA,NA,NA,NA,NA,NA,NA,NA,NA,High,High,High,NA,NA,NA,NA,NA,151.297243,-33.651348,1657.553858,0.832425,11:00:00,0.535002,0.398769,-0.744819,55.437167,-26.942821,-9.582589,-0.445643,175.265156,-0.892156,-4.237722,0.892156,-0.073895,0.445643,26.542731,-26.464512,0.073895,-0.073895,-175.265156,26.464512,0.445643,4.237722,-26.542731,-0.445643,0.073895,0.892156,-0.892156,NA,NA,NA,NA,NA,NA,NA,NA,NA,NA,NA
NA,NA,NA,NA,NA,NA,NA,NA,NA,NA,NA,NA,NA,NA,NA,NA,248,2026-02-10,15:12:11,2,4,"Lavy, Brody",10914759,Left,MT._SAN,"Chorbagian, Andrew",1000398220,Right,ORA_COA,Undefined,8,Bottom,0,1,2,Fastball,Cutter,FoulBallNotFieldable,Undefined,Undefined,Undefined,0,0,NA,81.35272,-2.295469,1.968561,1949.150039,188.588018,12:15:00,6.10248,-0.83974,6.55443,-31.08915,10.6789,1.3876,1.40456,1.08164,73.8899,-8.147294,2.220865,0.46515,NA,NA,NA,NA,NA,NA,NA,NA,NA,NA,NA,-0.0974,6.77185,0.70329,50,5.93072,-4.10471,-118.04288,-5.5688,-0.13519,25.84446,-22.77292,ORA_COA,MT._SAN,JohnAltobelliPark,JUCO,NJCAA,20260210-JohnAltobelliPark-1,edf679f0-06d5-11f1-9622-2f53c37c9706,81.03278,NA,NA,7.46283,NA,NA,NA,NA,NA,NA,f8462b57-8140-48a2-876f-4518772dfcbd,2026-02-10,23:12:11,2026-02-10T23:12:11Z,2026-02-10T23:12:11Z,NA,v3,NA,NA,NA,"Fielder, M",NA,Right,MT._SAN,b05510dc-7cc2-49c7-a726-05ce6af18fcf,53.94497,-118.90346,12.92223,6.10353,-4.8105,-11.38646,0.83989,-4.10021,-0.0676,NA,NA,NA,NA,NA,NA,NA,NA,NA,NA,NA,NA,NA,NA,NA,NA,NA,NA,NA,NA,NA,NA,NA,NA,NA,NA,NA,NA,NA,NA,NA,NA,NA,NA,NA,NA,NA,NA,NA,NA,NA,NA,NA,NA,NA,NA,NA,NA,NA,NA,High,High,High,NA,NA,NA,NA,NA,152.797833,-42.171662,1444.586691,0.741137,11:00:00,0.679501,0.365415,-0.6362,54.987787,-41.451627,-14.145402,-0.401088,179.661702,-0.916023,-0.309894,0.916023,-0.005409,0.401088,23.646589,-23.646222,0.005409,-0.005409,-179.661702,23.646222,0.401088,0.309894,-23.646589,-0.401088,0.005409,0.916023,-0.916023,NA,NA,NA,NA,NA,NA,NA,NA,NA,NA,NA
NA,NA,NA,NA,NA,NA,NA,NA,NA,NA,NA,NA,NA,NA,NA,NA,249,2026-02-10,15:12:32,2,5,"Lavy, Brody",10914759,Left,MT._SAN,"Chorbagian, Andrew",1000398220,Right,ORA_COA,Undefined,8,Bottom,0,1,2,Slider,Curveball,FoulBallNotFieldable,Undefined,Undefined,Undefined,0,0,NA,67.46163,3.033106,-1.230171,1857.72775,278.014734,03:15:00,6.16321,-0.84517,5.89467,-62.80877,-0.6302,19.69804,3.74851,-0.34599,61.36336,-8.564923,2.305697,0.567534,45.67058,54.000605,123.878403,4428.118678,NA,NA,NA,NA,14.56596,NA,NA,-10.49414,-0.69713,0.93265,50,6.37162,1.46862,-97.82111,3.49212,-10.03224,17.35896,-32.84047,ORA_COA,MT._SAN,JohnAltobelliPark,JUCO,NJCAA,20260210-JohnAltobelliPark-1,fa87cac0-06d5-11f1-9622-2f53c37c9706,66.41444,23.10777,NA,6.09827,NA,NA,NA,1.20051,3.85143,0.41787,f8462b57-8140-48a2-876f-4518772dfcbd,2026-02-10,23:12:32,2026-02-10T23:12:32Z,2026-02-10T23:12:32Z,NA,v3,NA,NA,NA,"Fielder, M",NA,Right,MT._SAN,63c9259d-cdf8-43e9-a7d6-b3db0f542b2e,54.60664,-98.63519,8.67948,6.17174,5.03225,-16.42024,0.85275,1.9391,-5.01612,NA,1.19969,-21.92086,1.3394,NA,NA,NA,NA,NA,NA,3.85451,54.09183,-17.71376,NA,NA,NA,NA,NA,NA,0.42816,32.3509,-7.74905,NA,NA,NA,NA,NA,NA,NA,NA,NA,NA,NA,NA,NA,NA,NA,NA,NA,NA,NA,NA,NA,NA,NA,NA,NA,NA,NA,NA,High,High,High,Medium,Undefined,NA,NA,NA,314.16478,-63.668537,824.020051,0.443563,04:30:00,0.884584,-0.365162,0.290117,-23.931474,-50.615661,-14.245909,0.097708,123.97272,-0.556124,55.62253,0.556124,-0.825336,-0.097708,9.964872,5.607214,0.825336,0.825336,-123.97272,-5.607214,0.097708,-55.62253,-9.964872,-0.097708,-0.825336,0.556124,-0.556124,NA,NA,NA,NA,NA,NA,NA,NA,NA,NA,NA
NA,NA,NA,NA,NA,NA,NA,NA,NA,NA,NA,NA,NA,NA,NA,NA,250,2026-02-10,15:13:01,2,6,"Lavy, Brody",10914759,Left,MT._SAN,"Chorbagian, Andrew",1000398220,Right,ORA_COA,Undefined,8,Bottom,0,1,2,Slider,Curveball,FoulBallNotFieldable,Undefined,Undefined,Undefined,0,0,NA,67.43107,0.579569,0.377321,1857.88195,293.151523,03:45:00,6.2129,-0.95315,5.7069,-68.21405,-4.64796,16.68111,1.06843,0.78851,61.05969,-11.912462,3.372072,0.573831,NA,NA,NA,NA,NA,NA,NA,NA,NA,NA,NA,-8.41201,-1.98437,0.91073,50,6.21922,-1.18665,-97.74514,-0.90868,-7.88132,19.93533,-34.03324,ORA_COA,MT._SAN,JohnAltobelliPark,JUCO,NJCAA,20260210-JohnAltobelliPark-1,0c122600-06d6-11f1-9622-2f53c37c9706,65.68557,NA,NA,6.37138,NA,NA,NA,NA,NA,NA,f8462b57-8140-48a2-876f-4518772dfcbd,2026-02-10,23:13:01,2026-02-10T23:13:01Z,2026-02-10T23:13:01Z,NA,v3,NA,NA,NA,"Fielder, M",NA,Right,MT._SAN,d5e98ce3-8baf-45a9-b4a7-d3cd6b5b932a,54.7935,-98.71795,9.96766,6.22304,0.75207,-17.01662,0.95925,-0.80206,-3.94066,NA,NA,NA,NA,NA,NA,NA,NA,NA,NA,NA,NA,NA,NA,NA,NA,NA,NA,NA,NA,NA,NA,NA,NA,NA,NA,NA,NA,NA,NA,NA,NA,NA,NA,NA,NA,NA,NA,NA,NA,NA,NA,NA,NA,NA,NA,NA,NA,NA,NA,High,High,High,NA,NA,NA,NA,NA,314.115254,-65.724903,763.809065,0.411118,04:30:00,0.906645,-0.304364,0.292158,-67.814721,-40.289983,4.979192,0.174667,119.417682,-0.483622,59.056181,0.483622,-0.857672,-0.174667,19.857921,10.059287,0.857672,0.857672,-119.417682,-10.059287,0.174667,-59.056181,-19.857921,-0.174667,-0.857672,0.483622,-0.483622,NA,NA,NA,NA,NA,NA,NA,NA,NA,NA,NA
NA,NA,NA,NA,NA,NA,NA,NA,NA,NA,NA,NA,NA,NA,NA,NA,251,2026-02-10,15:13:25,2,7,"Lavy, Brody",10914759,Left,MT._SAN,"Chorbagian, Andrew",1000398220,Right,ORA_COA,Undefined,8,Bottom,0,1,2,Fastball,Four-Seam,BallCalled,Undefined,Undefined,Undefined,0,0,NA,84.79302,-1.781237,3.090059,2012.909974,163.489502,11:30:00,6.19464,-0.60908,6.17733,-22.19269,16.48938,-4.50705,2.69733,1.87181,77.33227,-5.980812,2.278396,0.447637,NA,NA,NA,NA,NA,NA,NA,NA,NA,NA,NA,3.29043,9.47709,0.37775,50,6.04856,-6.4752,-123.01207,-4.45628,5.01197,25.75181,-17.73861,ORA_COA,MT._SAN,JohnAltobelliPark,JUCO,NJCAA,20260210-JohnAltobelliPark-1,1a0047b0-06d6-11f1-9622-2f53c37c9706,84.20306,NA,NA,7.46075,NA,NA,NA,NA,NA,NA,f8462b57-8140-48a2-876f-4518772dfcbd,2026-02-10,23:13:25,2026-02-10T23:13:25Z,2026-02-10T23:13:25Z,NA,v3,NA,NA,NA,"Fielder, M",NA,Right,MT._SAN,ec650b9a-1ba7-4e64-96d0-c6f73587935a,54.32387,-123.91394,12.87591,6.19374,-3.83505,-8.86931,0.60759,-6.65073,2.50599,NA,NA,NA,NA,NA,NA,NA,NA,NA,NA,NA,NA,NA,NA,NA,NA,NA,NA,NA,NA,NA,NA,NA,NA,NA,NA,NA,NA,NA,NA,NA,NA,NA,NA,NA,NA,NA,NA,NA,NA,NA,NA,NA,NA,NA,NA,NA,NA,NA,NA,High,High,High,NA,NA,NA,NA,NA,146.831212,-32.634604,1695.125528,0.842127,11:00:00,0.561934,0.477274,-0.675604,55.472548,-36.312032,-8.51629,0.370367,179.438155,-0.928841,0.521889,0.928841,-0.009109,-0.370367,21.739197,21.738249,0.009109,0.009109,-179.438155,-21.738249,0.370367,-0.521889,-21.739197,-0.370367,-0.009109,0.928841,-0.928841,NA,NA,NA,NA,NA,NA,NA,NA,NA,NA,NA
NA,NA,NA,NA,NA,NA,NA,NA,NA,NA,NA,NA,NA,NA,NA,NA,252,2026-02-10,15:13:45,2,8,"Lavy, Brody",10914759,Left,MT._SAN,"Chorbagian, Andrew",1000398220,Right,ORA_COA,Undefined,8,Bottom,0,2,2,Fastball,Slider,FoulBallNotFieldable,Undefined,Undefined,Undefined,0,0,NA,79.88562,-1.356936,-0.342715,2046.408525,189.801703,12:15:00,6.1529,-0.99349,6.39587,-28.18864,14.58973,2.29362,2.55562,-1.11755,73.52541,-6.658744,0.073198,0.470743,68.05047,13.678655,168.952101,1427.07328,NA,NA,NA,119.52035,49.1324,173.698931,1.464029,-1.29961,8.39402,1.01704,50,6.0424,0.61626,-116.16891,-3.50347,-1.77996,21.30303,-20.67752,ORA_COA,MT._SAN,JohnAltobelliPark,JUCO,NJCAA,20260210-JohnAltobelliPark-1,26193430-06d6-11f1-9622-2f53c37c9706,80.07017,10.23122,NA,6.36021,NA,NA,NA,2.07512,2.622,0.98636,f8462b57-8140-48a2-876f-4518772dfcbd,2026-02-10,23:13:45,2026-02-10T23:13:45Z,2026-02-10T23:13:45Z,LineDrive,v3,NA,NA,NA,"Fielder, M",NA,Right,MT._SAN,18b27305-f96e-4825-a4e1-fb9a01a4fdb9,54.10426,-116.91912,10.65151,6.15296,-2.77528,-10.33876,0.99423,0.67894,-0.88998,NA,2.07512,-95.17916,10.51648,-1.69607,0.34374,-0.06255,0.01223,-0.00206,1.8e-4,2.622,23.60203,-19.27964,1.69084,-0.33544,0.07118,-0.01229,0.00204,-2.1e-4,0.98636,18.58354,-8.7169,1.50699,-0.30853,0.05676,-0.01099,0.00184,-1.6e-4,NA,NA,NA,NA,NA,NA,NA,NA,NA,NA,NA,NA,NA,NA,NA,NA,NA,NA,NA,NA,NA,NA,High,High,High,High,Medium,NA,NA,NA,153.297303,-40.110694,1565.095619,0.764801,11:00:00,0.631849,0.358832,-0.687027,60.617576,-32.524149,-29.17396,0.376169,176.808085,-0.925114,2.957255,0.925114,-0.051591,-0.376169,22.127611,22.096589,0.051591,0.051591,-176.808085,-22.096589,0.376169,-2.957255,-22.127611,-0.376169,-0.051591,0.925114,-0.925114,NA,NA,NA,NA,NA,NA,NA,NA,NA,NA,NA
NA,NA,NA,NA,NA,NA,NA,NA,NA,NA,NA,NA,NA,NA,NA,NA,253,2026-02-10,15:14:11,2,9,"Lavy, Brody",10914759,Left,MT._SAN,"Chorbagian, Andrew",1000398220,Right,ORA_COA,Undefined,8,Bottom,0,2,2,Slider,Curveball,InPlay,Undefined,Popup,Out,1,0,NA,67.05146,3.094006,-0.502241,1788.679603,287.766115,03:30:00,6.07484,-0.8687,6.03607,-67.33645,-4.56969,21.11686,3.33136,0.42596,60.97452,-9.347019,3.300261,0.570212,53.985,42.09755,-22.911244,3365.833242,100.12896,41.33419,-45.54313,158.90429,154.43308,-24.826367,3.545288,-11.05709,-2.77268,0.89639,50,6.28029,0.1907,-97.26249,3.47656,-10.40955,17.70413,-34.78436,ORA_COA,MT._SAN,JohnAltobelliPark,JUCO,NJCAA,20260210-JohnAltobelliPark-1,35c29a70-06d6-11f1-9622-2f53c37c9706,66.10253,46.7675,NA,6.07694,NA,NA,NA,2.11614,3.62715,-0.3788,f8462b57-8140-48a2-876f-4518772dfcbd,2026-02-10,23:14:11,2026-02-10T23:14:11Z,2026-02-10T23:14:11Z,Popup,v3,NA,NA,NA,"Fielder, M",NA,Right,MT._SAN,6fb80178-df27-4efb-9e4e-6d0bf6d05e43,54.46625,-98.07208,8.85206,6.08494,5.06721,-17.39218,0.87678,0.66672,-5.20478,168.483317,2.11683,54.09097,-8.60538,2.04344,-0.01819,-0.23323,0.09688,-0.01698,0.00113,3.62646,53.10102,-17.70556,1.13649,-0.30085,0.07869,-0.00177,-0.00339,4.3e-4,-0.37904,-22.86367,2.20773,-0.38603,-0.06191,0.08143,-0.02874,0.00463,-2.9e-4,NA,NA,NA,NA,NA,NA,NA,NA,NA,NA,NA,NA,NA,NA,NA,NA,NA,NA,NA,NA,NA,NA,High,High,High,High,High,NA,NA,NA,310.400067,-63.677344,793.146401,0.443426,04:15:00,0.879264,-0.385571,0.279697,-14.898431,-42.840951,-19.767867,0.051197,116.653037,-0.447998,63.197646,0.447998,-0.892567,-0.051197,6.519468,2.934664,0.892567,0.892567,-116.653037,-2.934664,0.051197,-63.197646,-6.519468,-0.051197,-0.892567,0.447998,-0.447998,NA,NA,NA,NA,NA,NA,NA,NA,NA,NA,NA
NA,NA,NA,NA,NA,NA,NA,NA,NA,NA,NA,NA,NA,NA,NA,NA,254,2026-02-10,15:15:04,3,1,"Lavy, Brody",10914759,Left,MT._SAN,"Wood, Jake",1000511810,Right,ORA_COA,Undefined,8,Bottom,1,0,0,Fastball,Changeup,StrikeCalled,Undefined,Undefined,Undefined,0,0,NA,78.21988,-0.110397,0.773163,1901.256093,176.818581,12:00:00,6.2292,-0.85125,6.23247,-31.40718,13.9519,-0.69043,3.51009,-0.19546,71.17605,-6.02834,0.648418,0.484734,NA,NA,NA,NA,NA,NA,NA,NA,NA,NA,NA,0.58882,7.72823,0.79388,50,6.20549,-1.50802,-113.59089,-1.07093,0.76326,22.33396,-22.15608,ORA_COA,MT._SAN,JohnAltobelliPark,JUCO,NJCAA,20260210-JohnAltobelliPark-1,550f2560-06d6-11f1-9622-2f53c37c9706,77.75903,NA,NA,7.04383,NA,NA,NA,NA,NA,NA,f8462b57-8140-48a2-876f-4518772dfcbd,2026-02-10,23:15:04,2026-02-10T23:15:04Z,2026-02-10T23:15:04Z,NA,v3,NA,NA,NA,"Fielder, M",NA,Right,MT._SAN,2f76dd2f-85b7-413e-ac20-be58590725d1,54.26414,-114.42622,11.16698,6.23005,-0.24224,-11.07804,0.85081,-1.53657,0.38163,NA,NA,NA,NA,NA,NA,NA,NA,NA,NA,NA,NA,NA,NA,NA,NA,NA,NA,NA,NA,NA,NA,NA,NA,NA,NA,NA,NA,NA,NA,NA,NA,NA,NA,NA,NA,NA,NA,NA,NA,NA,NA,NA,NA,NA,NA,NA,NA,NA,NA,High,High,High,NA,NA,NA,NA,NA,151.080259,-39.675429,1463.346271,0.769673,11:00:00,0.646752,0.373431,-0.665027,46.639341,-44.264646,-4.896014,0.363374,178.442698,-0.931299,1.450827,0.931299,-0.025319,-0.363374,21.314712,21.307546,0.025319,0.025319,-178.442698,-21.307546,0.363374,-1.450827,-21.314712,-0.363374,-0.025319,0.931299,-0.931299,NA,NA,NA,NA,NA,NA,NA,NA,NA,NA,NA
NA,NA,NA,NA,NA,NA,NA,NA,NA,NA,NA,NA,NA,NA,NA,NA,255,2026-02-10,15:15:22,3,2,"Lavy, Brody",10914759,Left,MT._SAN,"Wood, Jake",1000511810,Right,ORA_COA,Undefined,8,Bottom,1,0,1,Slider,Curveball,StrikeCalled,Undefined,Undefined,Undefined,0,0,NA,64.74264,2.606097,-1.767242,1905.04188,293.745693,03:45:00,6.09659,-1.09107,6.05512,-72.19472,-5.45551,17.38859,2.49551,-1.27838,59.50477,-10.677796,1.367783,0.587979,NA,NA,NA,NA,NA,NA,NA,NA,NA,NA,NA,-9.4617,-2.90532,1.21933,50,6.2611,2.37047,-93.98603,2.42192,-8.39051,15.387,-34.75043,ORA_COA,MT._SAN,JohnAltobelliPark,JUCO,NJCAA,20260210-JohnAltobelliPark-1,601d0a80-06d6-11f1-9622-2f53c37c9706,64.10506,NA,NA,5.23787,NA,NA,NA,NA,NA,NA,f8462b57-8140-48a2-876f-4518772dfcbd,2026-02-10,23:15:22,2026-02-10T23:15:22Z,2026-02-10T23:15:22Z,NA,v3,NA,NA,NA,"Fielder, M",NA,Right,MT._SAN,c2894761-3575-4e8d-85d3-87f5eea3c143,54.44778,-94.7114,7.6935,6.10831,4.06012,-17.37522,1.09826,2.76601,-4.19526,NA,NA,NA,NA,NA,NA,NA,NA,NA,NA,NA,NA,NA,NA,NA,NA,NA,NA,NA,NA,NA,NA,NA,NA,NA,NA,NA,NA,NA,NA,NA,NA,NA,NA,NA,NA,NA,NA,NA,NA,NA,NA,NA,NA,NA,NA,NA,NA,NA,NA,High,High,High,NA,NA,NA,NA,NA,310.858924,-66.965415,745.417533,0.391287,04:15:00,0.913324,-0.337477,0.227921,25.655941,-33.350728,-35.354825,0.087006,113.911462,-0.403787,65.603117,0.403787,-0.910706,-0.087006,12.159908,4.9914,0.910706,0.910706,-113.911462,-4.9914,0.087006,-65.603117,-12.159908,-0.087006,-0.910706,0.403787,-0.403787,NA,NA,NA,NA,NA,NA,NA,NA,NA,NA,NA
NA,NA,NA,NA,NA,NA,NA,NA,NA,NA,NA,NA,NA,NA,NA,NA,256,2026-02-10,15:15:46,3,3,"Lavy, Brody",10914759,Left,MT._SAN,"Wood, Jake",1000511810,Right,ORA_COA,Undefined,8,Bottom,1,0,2,Fastball,Four-Seam,StrikeSwinging,Strikeout,Undefined,Undefined,0,0,NA,82.47576,0.116448,1.489326,2103.623837,175.167159,11:45:00,6.18108,-0.84373,6.06134,-24.04978,16.61611,-1.3,4.28475,0.42667,75.60817,-4.419686,1.255408,0.458972,NA,NA,NA,NA,NA,NA,NA,NA,NA,NA,NA,1.06752,8.9076,0.72881,50,6.17715,-3.06565,-119.8357,-0.43535,1.5574,22.45185,-19.1788,ORA_COA,MT._SAN,JohnAltobelliPark,JUCO,NJCAA,20260210-JohnAltobelliPark-1,6dffba80-06d6-11f1-9622-2f53c37c9706,82.12353,NA,NA,6.86758,NA,NA,NA,NA,NA,NA,f8462b57-8140-48a2-876f-4518772dfcbd,2026-02-10,23:15:46,2026-02-10T23:15:46Z,2026-02-10T23:15:46Z,NA,v3,NA,NA,NA,"Fielder, M",NA,Right,MT._SAN,441104ee-8946-4303-8035-f8b1a0fab105,54.43665,-120.66407,11.22593,6.18016,0.27226,-9.5894,0.84298,-3.12311,0.7787,NA,NA,NA,NA,NA,NA,NA,NA,NA,NA,NA,NA,NA,NA,NA,NA,NA,NA,NA,NA,NA,NA,NA,NA,NA,NA,NA,NA,NA,NA,NA,NA,NA,NA,NA,NA,NA,NA,NA,NA,NA,NA,NA,NA,NA,NA,NA,NA,NA,NA,High,High,High,NA,NA,NA,NA,NA,150.982767,-41.918367,1565.301086,0.744097,11:00:00,0.685489,0.359583,-0.633091,54.285811,-47.206228,-21.166934,0.31214,172.824921,-0.942596,6.814838,0.942596,-0.118661,-0.31214,18.322269,18.18827,0.118661,0.118661,-172.824921,-18.18827,0.31214,-6.814838,-18.322269,-0.31214,-0.118661,0.942596,-0.942596,NA,NA,NA,NA,NA,NA,NA,NA,NA,NA,NA
NA,NA,NA,NA,NA,NA,NA,NA,NA,NA,NA,NA,NA,NA,NA,NA,257,2026-02-10,15:16:19,4,1,"Lavy, Brody",10914759,Left,MT._SAN,"Barnes, Flynn",1000398235,Right,ORA_COA,Undefined,8,Bottom,2,0,0,Slider,Curveball,InPlay,Undefined,Popup,Out,1,0,NA,66.99638,2.246398,0.047566,1728.211783,279.228251,03:15:00,6.17717,-0.83218,6.12902,-62.95787,-0.35512,15.77706,3.00822,0.52655,60.96518,-9.42169,2.894844,0.569466,62.70461,68.875359,62.517346,3871.901704,NA,NA,NA,NA,29.46169,NA,NA,-8.168,-0.33228,0.82033,50,6.31644,-0.56557,-97.22693,2.1968,-7.68249,17.71897,-32.48659,ORA_COA,MT._SAN,JohnAltobelliPark,JUCO,NJCAA,20260210-JohnAltobelliPark-1,822a6320-06d6-11f1-9622-2f53c37c9706,66.18905,67.01896,NA,6.0312,NA,NA,NA,1.37791,3.34027,-0.57054,f8462b57-8140-48a2-876f-4518772dfcbd,2026-02-10,23:16:19,2026-02-10T23:16:19Z,2026-02-10T23:16:19Z,NA,v3,NA,NA,NA,"Fielder, M",NA,Right,MT._SAN,e58bcf84-288c-43f9-8ce5-655994047a9a,54.37159,-98.02039,8.85949,6.18549,3.65155,-16.2433,0.83795,-0.22155,-3.84124,200.585582,1.37791,15.29556,-10.09343,3.64187,-0.94006,0.21398,-0.04748,0.00874,-0.00102,3.34027,85.78633,-25.88848,2.81589,-0.44221,0.0474,-0.00342,-3.3e-4,9e-5,-0.57054,29.40424,-1.82229,-0.11048,0.13165,-0.04615,0.01243,-0.00259,2.6e-4,NA,NA,NA,NA,NA,NA,NA,NA,NA,NA,NA,NA,NA,NA,NA,NA,NA,NA,NA,NA,NA,NA,High,High,High,High,Undefined,NA,NA,NA,305.901281,-67.36873,665.014379,0.384799,04:15:00,0.909886,-0.347638,0.226398,-2.242212,-40.428282,-26.291953,0.109411,117.094078,-0.452719,62.241101,0.452719,-0.884915,-0.109411,13.586448,6.281354,0.884915,0.884915,-117.094078,-6.281354,0.109411,-62.241101,-13.586448,-0.109411,-0.884915,0.452719,-0.452719,NA,NA,NA,NA,NA,NA,NA,NA,NA,NA,NA
NA,NA,NA,NA,NA,NA,NA,NA,NA,NA,NA,NA,NA,NA,NA,NA,258,2026-02-10,15:18:25,1,1,"Veirs, Landon",1000398222,Right,ORA_COA,"Fielder, M",NA,Right,MT._SAN,Undefined,9,Top,0,0,0,Fastball,Four-Seam,StrikeSwinging,Undefined,Undefined,Undefined,0,0,NA,85.79006,-2.206904,-2.663942,2017.28174,207.764942,01:00:00,5.43699,0.34141,6.32835,-14.81418,22.69674,11.29201,2.16698,-1.17253,78.17206,-5.088614,-0.623416,0.440809,NA,NA,NA,NA,NA,NA,NA,NA,NA,NA,NA,-6.60418,12.78808,-0.15186,50,5.2683,5.35023,-124.46746,-5.12852,-10.32936,25.67828,-12.17272,ORA_COA,MT._SAN,JohnAltobelliPark,JUCO,NJCAA,20260210-JohnAltobelliPark-1,cd1ace10-06d6-11f1-9622-2f53c37c9706,85.50746,NA,NA,7.618,NA,NA,NA,NA,NA,NA,f8462b57-8140-48a2-876f-4518772dfcbd,2026-02-10,23:18:25,2026-02-10T23:18:25Z,2026-02-10T23:18:25Z,NA,v3,NA,NA,NA,"Barnes, Flynn",1000398235,Right,ORA_COA,cc019b28-5aba-4108-98c9-85545ee6fb5a,54.16957,-125.32471,12.83914,5.43273,-4.72214,-6.08636,-0.33623,5.69507,-5.16468,NA,NA,NA,NA,NA,NA,NA,NA,NA,NA,NA,NA,NA,NA,NA,NA,NA,NA,NA,NA,NA,NA,NA,NA,NA,NA,NA,NA,NA,NA,NA,NA,NA,NA,NA,NA,NA,NA,NA,NA,NA,NA,NA,NA,NA,NA,NA,NA,NA,NA,High,High,High,NA,NA,NA,NA,NA,208.759757,19.115275,1906.052144,0.944862,01:00:00,-0.347884,-0.466882,-0.813018,-41.817604,-20.17254,-55.889541,-0.143343,174.184097,-0.984579,-5.755638,0.984579,-0.100286,0.143343,8.283403,-8.241352,0.100286,-0.100286,-174.184097,8.241352,0.143343,5.755638,-8.283403,-0.143343,0.100286,0.984579,-0.984579,NA,NA,NA,NA,NA,NA,NA,NA,NA,NA,NA
NA,NA,NA,NA,NA,NA,NA,NA,NA,NA,NA,NA,NA,NA,NA,NA,259,2026-02-10,15:18:37,1,2,"Veirs, Landon",1000398222,Right,ORA_COA,"Fielder, M",NA,Right,MT._SAN,Undefined,9,Top,0,0,1,Fastball,Four-Seam,BallCalled,Undefined,Undefined,Undefined,0,0,NA,86.83691,-3.252382,-1.730847,2070.003075,205.427035,12:45:00,5.39872,0.41388,6.156,-14.9967,21.70415,9.76067,1.13956,-0.37233,79.60307,-6.132534,0.029085,0.436023,NA,NA,NA,NA,NA,NA,NA,NA,NA,NA,NA,-5.52174,12.4739,-0.28728,50,5.14347,3.42187,-125.99443,-7.53526,-8.8921500000000009,25.1631,-12.08617,ORA_COA,MT._SAN,JohnAltobelliPark,JUCO,NJCAA,20260210-JohnAltobelliPark-1,d421a9e0-06d6-11f1-9622-2f53c37c9706,86.44599,NA,NA,7.23384,NA,NA,NA,NA,NA,NA,f8462b57-8140-48a2-876f-4518772dfcbd,2026-02-10,23:18:37,2026-02-10T23:18:37Z,2026-02-10T23:18:37Z,NA,v3,NA,NA,NA,"Barnes, Flynn",1000398235,Right,ORA_COA,cc0c7a9a-ffd2-48d1-85df-b86768b6045b,54.34339,-126.85891,12.58155,5.39521,-7.12004,-6.04309,-0.41009,3.72736,-4.44608,NA,NA,NA,NA,NA,NA,NA,NA,NA,NA,NA,NA,NA,NA,NA,NA,NA,NA,NA,NA,NA,NA,NA,NA,NA,NA,NA,NA,NA,NA,NA,NA,NA,NA,NA,NA,NA,NA,NA,NA,NA,NA,NA,NA,NA,NA,NA,NA,NA,NA,High,High,High,NA,NA,NA,NA,NA,208.070433,20.006694,1945.083888,0.939653,01:00:00,-0.341392,-0.460858,-0.819183,-43.997727,-7.68534,-42.52614,-0.159003,177.052787,-0.985972,-2.909686,0.985972,-0.050762,0.159003,9.160931,-9.149019,0.050762,-0.050762,-177.052787,9.149019,0.159003,2.909686,-9.160931,-0.159003,0.050762,0.985972,-0.985972,NA,NA,NA,NA,NA,NA,NA,NA,NA,NA,NA
NA,NA,NA,NA,NA,NA,NA,NA,NA,NA,NA,NA,NA,NA,NA,NA,260,2026-02-10,15:18:50,1,3,"Veirs, Landon",1000398222,Right,ORA_COA,"Fielder, M",NA,Right,MT._SAN,Undefined,9,Top,0,1,1,Fastball,Four-Seam,InPlay,Undefined,FlyBall,Double,0,0,NA,85.50139,-0.941034,-1.33402,2067.499667,208.196297,01:00:00,5.5032,0.06428,6.10135,-14.7602,23.26297,11.80123,3.40256,-0.18626,77.80486,-3.812068,0.791626,0.443808,93.37117,21.616769,-12.717087,1685.9816,106.54188,41.05386,-27.36452,357.80653,357.67297,-18.589764,4.19477,-6.49587,12.66642,0.03213,50,5.42303,2.42988,-124.19133,-2.38818,-10.10077,25.88777,-12.4783,ORA_COA,MT._SAN,JohnAltobelliPark,JUCO,NJCAA,20260210-JohnAltobelliPark-1,db9ea010-06d6-11f1-9622-2f53c37c9706,84.92955,54.14447,NA,7.69653,NA,NA,NA,0.9135,3.43487,0.15607,f8462b57-8140-48a2-876f-4518772dfcbd,2026-02-10,23:18:50,2026-02-10T23:18:50Z,2026-02-10T23:18:50Z,LineDrive,v3,NA,NA,NA,"Barnes, Flynn",1000398235,Right,ORA_COA,ad8af514-7437-4d6b-b3dd-50a844f99a39,54.39789,-125.10471,12.94388,5.49953,-1.94791,-6.23915,-0.05989,2.78626,-5.05038,158.965998,0.91301,124.19933,-21.43646,4.9191,-0.9732,0.18609,-0.03447,0.00459,-2.7e-4,3.43596,50.42786,-12.16207,-0.51581,0.27709,-0.09228,0.02372,-0.00325,1.7e-4,0.15607,-28.0274,0.02736,0.15044,-0.03901,-0.00123,0.00249,-4.9e-4,3e-5,NA,NA,NA,NA,NA,NA,NA,NA,NA,NA,NA,NA,NA,NA,NA,NA,NA,NA,NA,NA,NA,NA,High,High,High,High,High,NA,NA,NA,207.22187,13.702843,2008.653183,0.971537,01:00:00,-0.249606,-0.448248,-0.858353,-37.450499,-11.698798,-43.771961,-0.133597,177.316114,-0.989949,-2.65981,0.989949,-0.046406,0.133597,7.685837,-7.677507,0.046406,-0.046406,-177.316114,7.677507,0.133597,2.65981,-7.685837,-0.133597,0.046406,0.989949,-0.989949,NA,NA,NA,NA,NA,NA,NA,NA,NA,NA,NA
NA,NA,NA,NA,NA,NA,NA,NA,NA,NA,NA,NA,NA,NA,NA,NA,261,2026-02-10,15:19:31,2,1,"Veirs, Landon",1000398222,Right,ORA_COA,"Trout, Tyler",NA,Right,MT._SAN,Undefined,9,Top,0,0,0,Fastball,Four-Seam,BallCalled,Undefined,Undefined,Undefined,0,0,NA,85.99001,-0.560181,-1.591987,2124.804706,209.700972,01:00:00,5.43425,0.67633,6.24439,-13.19721,24.37706,13.17005,3.81759,0.3051,77.81413,-3.168702,0.786231,0.441181,NA,NA,NA,NA,NA,NA,NA,NA,NA,NA,NA,-7.23768,13.12457,-0.56365,50,5.38549,2.93664,-124.83205,-1.4757,-11.31953,27.20605,-11.64752,ORA_COA,MT._SAN,JohnAltobelliPark,JUCO,NJCAA,20260210-JohnAltobelliPark-1,f46b0b60-06d6-11f1-9622-2f53c37c9706,85.43534,NA,NA,8.17589,NA,NA,NA,NA,NA,NA,f8462b57-8140-48a2-876f-4518772dfcbd,2026-02-10,23:19:31,2026-02-10T23:19:31Z,2026-02-10T23:19:31Z,NA,v3,NA,NA,NA,"Barnes, Flynn",1000398235,Right,ORA_COA,5b9f6648-d3ea-4612-9284-c047daaefdc9,54.252,-125.75532,13.60303,5.42886,-1.08043,-5.82376,-0.66983,3.32079,-5.65976,NA,NA,NA,NA,NA,NA,NA,NA,NA,NA,NA,NA,NA,NA,NA,NA,NA,NA,NA,NA,NA,NA,NA,NA,NA,NA,NA,NA,NA,NA,NA,NA,NA,NA,NA,NA,NA,NA,NA,NA,NA,NA,NA,NA,NA,NA,NA,NA,NA,NA,High,High,High,NA,NA,NA,NA,NA,208.190058,16.928318,2032.736474,0.95667,01:00:00,-0.310058,-0.454754,-0.834903,-36.858831,-7.518217,-46.82459,0.075912,179.466965,-0.997071,0.531496,0.997071,-0.009276,-0.075912,4.353833,4.353645,0.009276,0.009276,-179.466965,-4.353645,0.075912,-0.531496,-4.353833,-0.075912,-0.009276,0.997071,-0.997071,NA,NA,NA,NA,NA,NA,NA,NA,NA,NA,NA
NA,NA,NA,NA,NA,NA,NA,NA,NA,NA,NA,NA,NA,NA,NA,NA,262,2026-02-10,15:19:49,2,2,"Veirs, Landon",1000398222,Right,ORA_COA,"Trout, Tyler",NA,Right,MT._SAN,Undefined,9,Top,0,1,0,Fastball,Four-Seam,FoulBallNotFieldable,Undefined,Undefined,Undefined,0,0,NA,85.80438,-1.136102,-1.306634,2056.696619,204.051585,12:45:00,5.40092,0.59495,6.13137,-14.00591,23.68552,10.02052,3.18324,0.22204,78.13143,-3.869036,0.499294,0.441868,73.68881,53.631533,168.0305,3633.416244,NA,NA,NA,NA,36.05463,NA,NA,-5.56717,12.94761,-0.5003,50,5.30679,2.4504,-124.63497,-2.79165,-8.72505,25.90216,-11.88215,ORA_COA,MT._SAN,JohnAltobelliPark,JUCO,NJCAA,20260210-JohnAltobelliPark-1,feecdd20-06d6-11f1-9622-2f53c37c9706,85.30246,43.18095,NA,7.67295,NA,NA,NA,1.33285,3.17094,-0.17729,f8462b57-8140-48a2-876f-4518772dfcbd,2026-02-10,23:19:49,2026-02-10T23:19:49Z,2026-02-10T23:19:49Z,NA,v3,NA,NA,NA,"Barnes, Flynn",1000398235,Right,ORA_COA,63db0a13-c40c-4ead-a0b9-cb7101c39a88,54.36776,-125.53941,12.95108,5.39702,-2.37676,-5.94107,-0.59118,2.75506,-4.36253,NA,1.33285,-62.69353,-0.15692,1.55539,-0.51512,0.19409,-0.23866,0.3625,-0.21042,3.17094,87.02557,-35.22391,5.3404,-1.21509,0.33498,-0.33031,0.44518,-0.24406,-0.17729,13.29105,-2.27504,0.00432,0.04781,-0.04168,0.09756,-0.15992,0.09267,NA,NA,NA,NA,NA,NA,NA,NA,NA,NA,NA,NA,NA,NA,NA,NA,NA,NA,NA,NA,NA,NA,High,High,High,High,Undefined,NA,NA,NA,207.037216,16.933641,1967.523881,0.956643,01:00:00,-0.301941,-0.44055,-0.845427,-35.805202,-11.983026,-43.606124,-0.066432,174.688802,-0.993507,-5.299432,0.993507,-0.092361,0.066432,3.825467,-3.809091,0.092361,-0.092361,-174.688802,3.809091,0.066432,5.299432,-3.825467,-0.066432,0.092361,0.993507,-0.993507,NA,NA,NA,NA,NA,NA,NA,NA,NA,NA,NA
NA,NA,NA,NA,NA,NA,NA,NA,NA,NA,NA,NA,NA,NA,NA,NA,263,2026-02-10,15:20:08,2,3,"Veirs, Landon",1000398222,Right,ORA_COA,"Trout, Tyler",NA,Right,MT._SAN,Undefined,9,Top,0,1,1,Curveball,Curveball,BallCalled,Undefined,Undefined,Undefined,0,0,NA,71.6578,4.133104,-0.612122,1957.082535,16.157721,06:30:00,5.32743,0.85828,5.41152,-68.73913,-12.80883,-4.24236,3.47834,-0.06875,65.3434,-8.369884,-1.366539,0.538263,NA,NA,NA,NA,NA,NA,NA,NA,NA,NA,NA,1.92839,-6.99693,-0.80084,50,5.64795,1.26658,-103.80286,5.28741,2.08879,18.55254,-39.75291,ORA_COA,MT._SAN,JohnAltobelliPark,JUCO,NJCAA,20260210-JohnAltobelliPark-1,0a384070-06d7-11f1-9622-2f53c37c9706,70.02601,NA,NA,6.3144,NA,NA,NA,NA,NA,NA,f8462b57-8140-48a2-876f-4518772dfcbd,2026-02-10,23:20:08,2026-02-10T23:20:08Z,2026-02-10T23:20:08Z,NA,v3,NA,NA,NA,"Barnes, Flynn",1000398235,Right,ORA_COA,b70a38b1-f96f-4bee-a099-807abf1fbd3c,55.09122,-104.70886,9.27627,5.34235,7.22869,-19.87645,-0.8602,1.16458,1.04439,NA,NA,NA,NA,NA,NA,NA,NA,NA,NA,NA,NA,NA,NA,NA,NA,NA,NA,NA,NA,NA,NA,NA,NA,NA,NA,NA,NA,NA,NA,NA,NA,NA,NA,NA,NA,NA,NA,NA,NA,NA,NA,NA,NA,NA,NA,NA,NA,NA,NA,High,High,High,NA,NA,NA,NA,NA,27.418435,38.906305,1522.950815,0.778174,07:00:00,-0.593175,0.402672,0.697136,-87.399723,-4.804841,17.933901,0.380343,130.303883,-0.598228,44.854577,0.598228,-0.70531,-0.380343,32.447486,22.354938,0.70531,0.70531,-130.303883,-22.354938,0.380343,-44.854577,-32.447486,-0.380343,-0.70531,0.598228,-0.598228,NA,NA,NA,NA,NA,NA,NA,NA,NA,NA,NA
NA,NA,NA,NA,NA,NA,NA,NA,NA,NA,NA,NA,NA,NA,NA,NA,264,2026-02-10,15:20:23,2,4,"Veirs, Landon",1000398222,Right,ORA_COA,"Trout, Tyler",NA,Right,MT._SAN,Undefined,9,Top,0,2,1,Fastball,Four-Seam,FoulBallNotFieldable,Undefined,Undefined,Undefined,0,0,NA,85.52214,-1.293798,-2.206307,2132.11832,211.363526,01:00:00,5.37503,0.70901,6.40244,-17.75623,19.95718,11.38501,2.7045,-0.37213,77.67076,-4.723219,-0.14482,0.441997,67.7788,62.041313,83.809044,4915.848252,NA,NA,NA,NA,23.11408,NA,NA,-6.6037,11.18268,-0.55579,50,5.2739,4.35184,-124.16837,-3.2381,-10.23352,26.5826,-14.84472,ORA_COA,MT._SAN,JohnAltobelliPark,JUCO,NJCAA,20260210-JohnAltobelliPark-1,13537d50-06d7-11f1-9622-2f53c37c9706,85.2776,40.73597,NA,7.85138,NA,NA,NA,0.29766,3.09263,1.04688,f8462b57-8140-48a2-876f-4518772dfcbd,2026-02-10,23:20:23,2026-02-10T23:20:23Z,2026-02-10T23:20:23Z,NA,v3,NA,NA,NA,"Barnes, Flynn",1000398235,Right,ORA_COA,de1f35ad-b9d7-488a-9170-2778578023f0,54.09612,-125.04221,13.2913,5.37232,-2.75011,-7.42236,-0.70437,4.68824,-5.11676,NA,0.31104,4.65534,-10.58794,NA,NA,NA,NA,NA,NA,3.09245,87.81389,-19.35045,NA,NA,NA,NA,NA,NA,1.04237,46.46134,0.89671,NA,NA,NA,NA,NA,NA,NA,NA,NA,NA,NA,NA,NA,NA,NA,NA,NA,NA,NA,NA,NA,NA,NA,NA,NA,NA,NA,NA,High,High,High,Low,Undefined,NA,NA,NA,207.191064,21.751529,1980.310773,0.9288,01:00:00,-0.392442,-0.432683,-0.811649,-42.280542,-26.036286,-66.905865,-0.170136,171.994502,-0.975817,-7.888034,0.975817,-0.137238,0.170136,9.890207,-9.7957,0.137238,-0.137238,-171.994502,9.7957,0.170136,7.888034,-9.890207,-0.170136,0.137238,0.975817,-0.975817,NA,NA,NA,NA,NA,NA,NA,NA,NA,NA,NA
NA,NA,NA,NA,NA,NA,NA,NA,NA,NA,NA,NA,NA,NA,NA,NA,265,2026-02-10,15:20:42,2,5,"Veirs, Landon",1000398222,Right,ORA_COA,"Trout, Tyler",NA,Right,MT._SAN,Undefined,9,Top,0,2,2,Fastball,Four-Seam,StrikeSwinging,Strikeout,Undefined,Undefined,0,0,NA,85.39969,-1.481581,-1.440909,2035.539853,204.669288,12:45:00,5.50603,0.55237,6.20484,-17.33434,21.13828,9.05445,2.69322,-0.02339,76.82815,-4.847461,0.193316,0.446424,NA,NA,NA,NA,NA,NA,NA,NA,NA,NA,NA,-5.11634,11.80221,-0.4483,50,5.38583,2.74921,-123.83291,-3.61702,-7.80967,28.64667,-14.15901,ORA_COA,MT._SAN,JohnAltobelliPark,JUCO,NJCAA,20260210-JohnAltobelliPark-1,1eb3c830-06d7-11f1-9622-2f53c37c9706,84.43197,NA,NA,8.57154,NA,NA,NA,NA,NA,NA,f8462b57-8140-48a2-876f-4518772dfcbd,2026-02-10,23:20:42,2026-02-10T23:20:42Z,2026-02-10T23:20:42Z,NA,v3,NA,NA,NA,"Barnes, Flynn",1000398235,Right,ORA_COA,48c330f3-4a66-4e65-bb96-418bdd3121ec,54.29026,-124.82145,14.32334,5.50221,-3.12843,-7.0795,-0.54781,3.0187,-3.90483,NA,NA,NA,NA,NA,NA,NA,NA,NA,NA,NA,NA,NA,NA,NA,NA,NA,NA,NA,NA,NA,NA,NA,NA,NA,NA,NA,NA,NA,NA,NA,NA,NA,NA,NA,NA,NA,NA,NA,NA,NA,NA,NA,NA,NA,NA,NA,NA,NA,NA,High,High,High,NA,NA,NA,NA,NA,204.69169,16.135679,1955.352364,0.960606,12:45:00,-0.289307,-0.408331,-0.865776,-33.450112,-17.410583,-53.837273,-0.085003,173.77142,-0.990499,-6.205948,0.990499,-0.108103,0.085003,4.905021,-4.876207,0.108103,-0.108103,-173.77142,4.876207,0.085003,6.205948,-4.905021,-0.085003,0.108103,0.990499,-0.990499,NA,NA,NA,NA,NA,NA,NA,NA,NA,NA,NA
NA,NA,NA,NA,NA,NA,NA,NA,NA,NA,NA,NA,NA,NA,NA,NA,266,2026-02-10,15:21:06,3,1,"Veirs, Landon",1000398222,Right,ORA_COA,"Mattson, Ty",1000213901,Right,MT._SAN,Undefined,9,Top,1,0,0,Fastball,Four-Seam,StrikeCalled,Undefined,Undefined,Undefined,0,0,NA,85.25423,-0.705545,-1.737919,2048.415473,208.348605,01:00:00,5.4873,0.45347,6.19127,-17.71273,21.11064,10.58418,3.35949,-0.26957,76.22776,-4.158915,0.171422,0.448454,NA,NA,NA,NA,NA,NA,NA,NA,NA,NA,NA,-6.01571,11.54414,-0.32739,50,5.42504,3.31791,-123.56342,-1.94109,-9.09123,29.78592,-14.72807,ORA_COA,MT._SAN,JohnAltobelliPark,JUCO,NJCAA,20260210-JohnAltobelliPark-1,2d09d370-06d7-11f1-9622-2f53c37c9706,84.04973,NA,NA,9.02647,NA,NA,NA,NA,NA,NA,f8462b57-8140-48a2-876f-4518772dfcbd,2026-02-10,23:21:06,2026-02-10T23:21:06Z,2026-02-10T23:21:06Z,NA,v3,NA,NA,NA,"Barnes, Flynn",1000398235,Right,ORA_COA,127c233e-6109-4c54-af8e-afa15a914467,54.3029,-124.59635,14.89296,5.4835,-1.43034,-7.36404,-0.44791,3.63318,-4.54561,NA,NA,NA,NA,NA,NA,NA,NA,NA,NA,NA,NA,NA,NA,NA,NA,NA,NA,NA,NA,NA,NA,NA,NA,NA,NA,NA,NA,NA,NA,NA,NA,NA,NA,NA,NA,NA,NA,NA,NA,NA,NA,NA,NA,NA,NA,NA,NA,NA,NA,High,High,High,NA,NA,NA,NA,NA,204.594021,15.51156,1973.80504,0.963577,12:45:00,-0.288926,-0.40429,-0.867797,-40.590376,-13.680041,-49.242967,-0.200484,174.684636,-0.975484,-5.207145,0.975484,-0.090757,0.200484,11.613827,-11.565234,0.090757,-0.090757,-174.684636,11.565234,0.200484,5.207145,-11.613827,-0.200484,0.090757,0.975484,-0.975484,NA,NA,NA,NA,NA,NA,NA,NA,NA,NA,NA
NA,NA,NA,NA,NA,NA,NA,NA,NA,NA,NA,NA,NA,NA,NA,NA,267,2026-02-10,15:21:25,3,2,"Veirs, Landon",1000398222,Right,ORA_COA,"Mattson, Ty",1000213901,Right,MT._SAN,Undefined,9,Top,1,0,1,Fastball,Four-Seam,InPlay,Undefined,FlyBall,Out,1,0,NA,86.17824,-1.320759,-1.241134,2069.731187,208.573624,01:00:00,5.42673,0.72499,6.2853,-15.96643,21.69159,11.05579,2.87844,0.50227,77.48815,-4.442382,0.75755,0.441672,80.73522,32.728613,-3.397319,3275.666626,109.88418,60.64937,-5.04154,265.35682,262.56289,-2.0861170000000002,4.595933,-6.16441,12.11257,-0.6387,50,5.3216,2.27681,-125.036,-3.25293,-9.58058,29.50856,-13.34902,ORA_COA,MT._SAN,JohnAltobelliPark,JUCO,NJCAA,20260210-JohnAltobelliPark-1,383356e0-06d7-11f1-9622-2f53c37c9706,85.34032,69.42982,NA,8.6901,NA,NA,NA,1.34657,2.88184,-0.50912,f8462b57-8140-48a2-876f-4518772dfcbd,2026-02-10,23:21:25,2026-02-10T23:21:25Z,2026-02-10T23:21:25Z,FlyBall,v3,NA,NA,NA,"Barnes, Flynn",1000398235,Right,ORA_COA,0867b1cd-4ec2-4c6b-8022-ae19a23e21ec,54.21217,-126.02615,14.75428,5.42324,-2.80501,-6.67451,-0.7205,2.59829,-4.79029,188.264814,1.34611,99.45135,-19.17376,4.28785,-0.88746,0.17756,-0.03189,0.00398,-2.2e-4,2.88358,63.9747,-16.9137,0.78095,0.067,-0.09192,0.03123,-0.00472,2.7e-4,-0.50894,-5.90834,2.81795,-0.85402,0.13895,-1.8e-4,-0.00543,9.6e-4,-6e-5,NA,NA,NA,NA,NA,NA,NA,NA,NA,NA,NA,NA,NA,NA,NA,NA,NA,NA,NA,NA,NA,NA,High,High,High,High,High,NA,NA,NA,206.82472,17.096123,1978.27579,0.955813,01:00:00,-0.302364,-0.437984,-0.846608,-37.775379,-23.178892,-54.845785,-0.126512,170.494813,-0.978346,-9.428113,0.978346,-0.16381,0.126512,7.368154,-7.268083,0.16381,-0.16381,-170.494813,7.268083,0.126512,9.428113,-7.368154,-0.126512,0.16381,0.978346,-0.978346,NA,NA,NA,NA,NA,NA,NA,NA,NA,NA,NA
NA,NA,NA,NA,NA,NA,NA,NA,NA,NA,NA,NA,NA,NA,NA,NA,268,2026-02-10,15:21:59,4,1,"Veirs, Landon",1000398222,Right,ORA_COA,"Granado, Justin",10914747,Left,MT._SAN,Undefined,9,Top,2,0,0,Fastball,Changeup,BallCalled,Undefined,Undefined,Undefined,0,0,NA,85.80125,0.275439,0.116248,2003.728777,212.474958,01:00:00,5.50121,0.68849,6.05175,-21.07454,16.91308,9.94949,3.99998,1.62523,77.75946,-3.739402,1.907112,0.443601,NA,NA,NA,NA,NA,NA,NA,NA,NA,NA,NA,-5.04929,8.98871,-0.70259,50,5.51129,-0.65979,-124.56884,0.00521,-7.86536,27.04246,-18.17217,ORA_COA,MT._SAN,JohnAltobelliPark,JUCO,NJCAA,20260210-JohnAltobelliPark-1,4cc15530-06d7-11f1-9622-2f53c37c9706,84.96928,NA,NA,8.04179,NA,NA,NA,NA,NA,NA,f8462b57-8140-48a2-876f-4518772dfcbd,2026-02-10,23:21:59,2026-02-10T23:21:59Z,2026-02-10T23:21:59Z,NA,v3,NA,NA,NA,"Barnes, Flynn",1000398235,Right,ORA_COA,f60032c2-9be7-4b1d-9c4d-224d9a7d0783,54.44473,-125.53003,13.52123,5.49962,0.65112,-9.08609,-0.6841,-0.38023,-3.93268,NA,NA,NA,NA,NA,NA,NA,NA,NA,NA,NA,NA,NA,NA,NA,NA,NA,NA,NA,NA,NA,NA,NA,NA,NA,NA,NA,NA,NA,NA,NA,NA,NA,NA,NA,NA,NA,NA,NA,NA,NA,NA,NA,NA,NA,NA,NA,NA,NA,NA,High,High,High,NA,NA,NA,NA,NA,207.804761,16.950622,1916.679522,0.956556,01:00:00,-0.291972,-0.444789,-0.846709,-38.597975,-10.754381,-50.044054,-0.138863,179.612918,-0.990289,-0.383332,0.990289,-0.00669,0.138863,7.982256,-7.982076,0.00669,-0.00669,-179.612918,7.982076,0.138863,0.383332,-7.982256,-0.138863,0.00669,0.990289,-0.990289,NA,NA,NA,NA,NA,NA,NA,NA,NA,NA,NA
NA,NA,NA,NA,NA,NA,NA,NA,NA,NA,NA,NA,NA,NA,NA,NA,269,2026-02-10,15:22:14,4,2,"Veirs, Landon",1000398222,Right,ORA_COA,"Granado, Justin",10914747,Left,MT._SAN,Undefined,9,Top,2,1,0,Fastball,Changeup,StrikeCalled,Undefined,Undefined,Undefined,0,0,NA,85.11515,-1.532459,-0.598603,2001.803887,209.256405,01:00:00,5.43447,0.80432,6.37808,-19.6969,18.63458,9.66945,2.38277,1.05937,76.90862,-5.323264,1.153282,0.445604,NA,NA,NA,NA,NA,NA,NA,NA,NA,NA,NA,-5.19705,10.58568,-0.7652,50,5.31467,0.91447,-123.53667,-3.79816,-7.91825,27.84329,-16.04558,ORA_COA,MT._SAN,JohnAltobelliPark,JUCO,NJCAA,20260210-JohnAltobelliPark-1,55c42810-06d7-11f1-9622-2f53c37c9706,84.5873,NA,NA,8.20653,NA,NA,NA,NA,NA,NA,f8462b57-8140-48a2-876f-4518772dfcbd,2026-02-10,23:22:14,2026-02-10T23:22:14Z,2026-02-10T23:22:14Z,NA,v3,NA,NA,NA,"Barnes, Flynn",1000398235,Right,ORA_COA,09d0b6e8-ec34-479f-8d1f-38e1a11c6b88,54.11809,-124.46136,13.92164,5.43196,-3.26528,-8.02279,-0.79994,1.17743,-3.95912,NA,NA,NA,NA,NA,NA,NA,NA,NA,NA,NA,NA,NA,NA,NA,NA,NA,NA,NA,NA,NA,NA,NA,NA,NA,NA,NA,NA,NA,NA,NA,NA,NA,NA,NA,NA,NA,NA,NA,NA,NA,NA,NA,NA,NA,NA,NA,NA,NA,NA,High,High,High,NA,NA,NA,NA,NA,203.994223,23.749658,1832.278893,0.915314,12:45:00,-0.401358,-0.382845,-0.832071,-40.835398,-8.304546,-59.976268,0.143091,179.468603,-0.989667,0.525929,0.989667,-0.009179,-0.143091,8.227081,8.226732,0.009179,0.009179,-179.468603,-8.226732,0.143091,-0.525929,-8.227081,-0.143091,-0.009179,0.989667,-0.989667,NA,NA,NA,NA,NA,NA,NA,NA,NA,NA,NA
NA,NA,NA,NA,NA,NA,NA,NA,NA,NA,NA,NA,NA,NA,NA,NA,270,2026-02-10,15:22:31,4,3,"Veirs, Landon",1000398222,Right,ORA_COA,"Granado, Justin",10914747,Left,MT._SAN,Undefined,9,Top,2,1,1,Fastball,Changeup,InPlay,Undefined,GroundBall,Out,1,0,NA,85.2067,-0.780037,-1.064301,2017.095414,207.77609,01:00:00,5.42896,0.62082,6.28735,-21.1256,17.17891,8.34,2.94945,0.33486,77.06145,-4.824366,0.443836,0.445448,92.52022,3.668445,12.209651,3962.264419,NA,NA,NA,110.56317,108.81329,10.262896,0.915514,-4.68126,9.57107,-0.54635,50,5.36128,1.97881,-123.71481,-2.24922,-7.16186,27.64222,-17.53124,ORA_COA,MT._SAN,JohnAltobelliPark,JUCO,NJCAA,20260210-JohnAltobelliPark-1,5fcaaf50-06d7-11f1-9622-2f53c37c9706,84.61702,4.48013,NA,8.14525,NA,NA,NA,1.57198,3.09267,-0.30163,f8462b57-8140-48a2-876f-4518772dfcbd,2026-02-10,23:22:31,2026-02-10T23:22:31Z,2026-02-10T23:22:31Z,GroundBall,v3,NA,NA,NA,"Barnes, Flynn",1000398235,Right,ORA_COA,ea783463-71d4-4c25-a4c5-124820673d90,54.21071,-124.65208,13.82111,5.42746,-1.65479,-8.76562,-0.61757,2.22165,-3.58093,125.619371,1.67336,130.8363,-15.21517,NA,NA,NA,NA,NA,NA,3.11503,8.35394,-12.86664,NA,NA,NA,NA,NA,NA,-0.24437,27.77655,-6.60705,NA,NA,NA,NA,NA,NA,NA,NA,NA,NA,NA,NA,NA,NA,NA,NA,NA,NA,NA,NA,NA,NA,NA,NA,NA,NA,NA,NA,High,High,High,High,High,NA,NA,NA,204.7174,25.377406,1822.4545210000001,0.903504,12:45:00,-0.438567,-0.383594,-0.81272,-39.423743,-22.388835,-64.441882,-0.082184,170.482548,-0.982899,-9.484959,0.982899,-0.164789,0.082184,4.779585,-4.714094,0.164789,-0.164789,-170.482548,4.714094,0.082184,9.484959,-4.779585,-0.082184,0.164789,0.982899,-0.982899,NA,NA,NA,NA,NA,NA,NA,NA,NA,NA,NA
