PitchNo,Date,Time,PAofInning,PitchofPA,Pitcher,PitcherId,PitcherThrows,PitcherTeam,Batter,BatterId,BatterSide,BatterTeam,PitcherSet,Inning,Top/Bottom,Outs,Balls,Strikes,TaggedPitchType,AutoPitchType,PitchCall,KorBB,TaggedHitType,PlayResult,OutsOnPlay,RunsScored,Notes,RelSpeed,VertRelAngle,HorzRelAngle,SpinRate,SpinAxis,Tilt,RelHeight,RelSide,Extension,VertBreak,InducedVertBreak,HorzBreak,PlateLocHeight,PlateLocSide,ZoneSpeed,VertApprAngle,HorzApprAngle,ZoneTime,ExitSpeed,Angle,Direction,HitSpinRate,PositionAt110X,PositionAt110Y,PositionAt110Z,Distance,LastTrackedDistance,Bearing,HangTime,pfxx,pfxz,x0,y0,z0,vx0,vy0,vz0,ax0,ay0,az0,HomeTeam,AwayTeam,Stadium,Level,League,GameID,PitchUID,EffectiveVelo,MaxHeight,MeasuredDuration,SpeedDrop,PitchLastMeasuredX,PitchLastMeasuredY,PitchLastMeasuredZ,ContactPositionX,ContactPositionY,ContactPositionZ,GameUID,UTCDate,UTCTime,LocalDateTime,UTCDateTime,AutoHitType,System,HomeTeamForeignID,AwayTeamForeignID,GameForeignID,Catcher,CatcherId,CatcherThrows,CatcherTeam,PlayID,PitchTrajectoryXc0,PitchTrajectoryXc1,PitchTrajectoryXc2,PitchTrajectoryYc0,PitchTrajectoryYc1,PitchTrajectoryYc2,PitchTrajectoryZc0,PitchTrajectoryZc1,PitchTrajectoryZc2,HitSpinAxis,HitTrajectoryXc0,HitTrajectoryXc1,HitTrajectoryXc2,HitTrajectoryXc3,HitTrajectoryXc4,HitTrajectoryXc5,HitTrajectoryXc6,HitTrajectoryXc7,HitTrajectoryXc8,HitTrajectoryYc0,HitTrajectoryYc1,HitTrajectoryYc2,HitTrajectoryYc3,HitTrajectoryYc4,HitTrajectoryYc5,HitTrajectoryYc6,HitTrajectoryYc7,HitTrajectoryYc8,HitTrajectoryZc0,HitTrajectoryZc1,HitTrajectoryZc2,HitTrajectoryZc3,HitTrajectoryZc4,HitTrajectoryZc5,HitTrajectoryZc6,HitTrajectoryZc7,HitTrajectoryZc8,ThrowSpeed,PopTime,ExchangeTime,TimeToBase,CatchPositionX,CatchPositionY,CatchPositionZ,ThrowPositionX,ThrowPositionY,ThrowPositionZ,BasePositionX,BasePositionY,BasePositionZ,ThrowTrajectoryXc0,ThrowTrajectoryXc1,ThrowTrajectoryXc2,ThrowTrajectoryYc0,ThrowTrajectoryYc1,ThrowTrajectoryYc2,ThrowTrajectoryZc0,ThrowTrajectoryZc1,ThrowTrajectoryZc2,PitchReleaseConfidence,PitchLocationConfidence,PitchMovementConfidence,HitLaunchConfidence,HitLandingConfidence,CatcherThrowCatchConfidence,CatcherThrowReleaseConfidence,CatcherThrowLocationConfidence,SpinAxis3dTransverseAngle,SpinAxis3dLongitudinalAngle,SpinAxis3dActiveSpinRate,SpinAxis3dSpinEfficiency,SpinAxis3dTilt,SpinAxis3dVectorX,SpinAxis3dVectorY,SpinAxis3dVectorZ,SpinAxis3dSeamOrientationRotationX,SpinAxis3dSeamOrientationRotationY,SpinAxis3dSeamOrientationRotationZ,SpinAxis3dSeamOrientationBallAngleHorizontalAmb1,SpinAxis3dSeamOrientationBallAngleVerticalAmb1,SpinAxis3dSeamOrientationBallXAmb1,SpinAxis3dSeamOrientationBallYAmb1,SpinAxis3dSeamOrientationBallZAmb1,SpinAxis3dSeamOrientationBallAngleHorizontalAmb2,SpinAxis3dSeamOrientationBallAngleVerticalAmb2,SpinAxis3dSeamOrientationBallXAmb2,SpinAxis3dSeamOrientationBallYAmb2,SpinAxis3dSeamOrientationBallZAmb2,SpinAxis3dSeamOrientationBallAngleHorizontalAmb3,SpinAxis3dSeamOrientationBallAngleVerticalAmb3,SpinAxis3dSeamOrientationBallXAmb3,SpinAxis3dSeamOrientationBallYAmb3,SpinAxis3dSeamOrientationBallZAmb3,SpinAxis3dSeamOrientationBallAngleHorizontalAmb4,SpinAxis3dSeamOrientationBallAngleVerticalAmb4,SpinAxis3dSeamOrientationBallXAmb4,SpinAxis3dSeamOrientationBallYAmb4,SpinAxis3dSeamOrientationBallZAmb4
1,2026-03-24,18:03:33.31,1,1,"Billingsley, Chris",814695,Right,MSU_BDG,"Urban, Joseph",1000116546,Right,SOU_GOL,Undefined,1,Top,0,0,0,Fastball,Four-Seam,StrikeSwinging,Undefined,Undefined,Undefined,0,0,,93.08593,-3.721178,-2.038223,2049.052894,174.558109,11:45,6.10128,1.1517,5.98238,-14.97989,17.66682,-1.5713,1.39673,-0.86928,84.24761,-6.585417,-2.32047,0.411236,,,,,,,,,,,,0.16264,10.56434,-0.98985,50,5.79853,4.86455,-134.71686,-9.19013,0.29525,32.58923,-12.99574,MSU_BDG,SOU_GOL,MSST,D1,SEC,20260324-MSST-1,af727ff0-27d5-11f1-af58-35dac0914731,91.6565,,,8.83832,,,,,,,dd9a23d0-46ab-4e69-8731-b6ab313b6345,2026-03-24,23:03:33.31,2026-03-24T18:03:33.3150720-05:00,2026-03-24T23:03:33.3150720Z,,v3,5080,471449,f283d7f39aaf4b10983d124063eab2d6,"Milewski, Kevin",831000,Right,MSU_BDG,5af0eaec-3f55-4e57-b2e7-9609f933069a,54.51315,-135.80425,16.29462,6.09794,-8.75651,-6.49787,-1.152,4.8547,0.14762,,,,,,,,,,,,,,,,,,,,,,,,,,,,,,,,,,,,,,,,,,,,,,,,,,,High,High,High,,,,,,,,,,,,,,,,,,,,,,,,,,,,,,,,,,,,
2,2026-03-24,18:03:47.99,1,2,"Billingsley, Chris",814695,Right,MSU_BDG,"Urban, Joseph",1000116546,Right,SOU_GOL,Undefined,1,Top,0,0,1,Fastball,Four-Seam,StrikeSwinging,Undefined,Undefined,Undefined,0,0,,94.12194,-1.884195,-1.245324,2192.062846,171.649765,11:45,6.21346,1.14652,5.63225,-11.86666,20.5093,-2.83516,3.46553,-0.25183,84.60526,-4.201916,-1.751415,0.409527,,,,,,,,,,,,1.01618,11.29241,-1.03878,50,6.04566,3.09943,-136.32245,-4.78886,1.88179,34.42222,-11.26253,MSU_BDG,SOU_GOL,MSST,D1,SEC,20260324-MSST-1,b8338ee0-27d5-11f1-af58-35dac0914731,92.03889,,,9.51668,,,,,,,dd9a23d0-46ab-4e69-8731-b6ab313b6345,2026-03-24,23:03:47.99,2026-03-24T18:03:47.9925760-05:00,2026-03-24T23:03:47.9925760Z,,v3,5080,471449,f283d7f39aaf4b10983d124063eab2d6,"Milewski, Kevin",831000,Right,MSU_BDG,dda8e87e-9b55-4139-ac08-b4692a974425,54.8616,-137.54455,17.21111,6.20858,-4.389,-5.63126,-1.14763,3.03262,0.9409,,,,,,,,,,,,,,,,,,,,,,,,,,,,,,,,,,,,,,,,,,,,,,,,,,,High,High,High,,,,,,,,,,,,,,,,,,,,,,,,,,,,,,,,,,,,
3,2026-03-24,18:04:04.97,1,3,"Billingsley, Chris",814695,Right,MSU_BDG,"Urban, Joseph",1000116546,Right,SOU_GOL,Undefined,1,Top,0,0,2,Cutter,Slider,BallCalled,Undefined,Undefined,Undefined,0,0,,88.30062,-2.205907,-3.315956,2651.119718,136.843708,10:30,5.91026,1.68833,5.59529,-32.1847,4.1963,-2.86701,1.16416,-1.65002,81.18156,-8.084803,-3.826916,0.434119,,,,,,,,,,,,0.52354,3.10469,-1.40189,50,5.69994,7.53678,-127.93784,-6.10739,0.8674,26.48838,-27.0302,MSU_BDG,SOU_GOL,MSST,D1,SEC,20260324-MSST-1,c2525910-27d5-11f1-af58-35dac0914731,86.82516,,,7.11905,,,,,,,dd9a23d0-46ab-4e69-8731-b6ab313b6345,2026-03-24,23:04:04.97,2026-03-24T18:04:04.9737728-05:00,2026-03-24T23:04:04.9737728Z,,v3,5080,471449,f283d7f39aaf4b10983d124063eab2d6,"Milewski, Kevin",831000,Right,MSU_BDG,41ae2ccc-37fc-41c4-98f3-9d9631fcc09b,54.90309,-128.94899,13.24419,5.91339,-5.07556,-13.5151,-1.68896,7.50367,0.4337,,,,,,,,,,,,,,,,,,,,,,,,,,,,,,,,,,,,,,,,,,,,,,,,,,,High,High,High,,,,,,,,,,,,,,,,,,,,,,,,,,,,,,,,,,,,
4,2026-03-24,18:04:21.45,1,4,"Billingsley, Chris",814695,Right,MSU_BDG,"Urban, Joseph",1000116546,Right,SOU_GOL,Undefined,1,Top,0,1,2,Fastball,Four-Seam,InPlay,Undefined,LineDrive,Single,0,0,,94.62167,-3.396736,-2.026655,2137.799921,210.412854,1:00,6.13007,1.04181,5.78329,-15.18524,16.84603,9.17048,1.69869,-0.08033,84.96062,-6.305155,-0.38463,0.407341,106.9389,8.030638,-11.488417,828.463637,107.25195,7.4688,-24.43285,169.18601,153.37852,-13.857901,1.29967,-5.36441,10.08296,-0.88031,50,5.84073,4.42371,-136.87937,-8.59063,-9.97488,35.81977,-13.42521,MSU_BDG,SOU_GOL,MSST,D1,SEC,20260324-MSST-1,cc2218e0-27d5-11f1-af58-35dac0914731,92.5328,8.09714,,9.66106,,,,2.00511,1.84576,0.08263,dd9a23d0-46ab-4e69-8731-b6ab313b6345,2026-03-24,23:04:21.45,2026-03-24T18:04:21.4598656-05:00,2026-03-24T23:04:21.4598656Z,LineDrive,v3,5080,471449,f283d7f39aaf4b10983d124063eab2d6,"Milewski, Kevin",831000,Right,MSU_BDG,d4e47e7d-97bd-40ff-8404-b6fc3d2a7e8f,54.71326,-138.10727,17.90989,6.12733,-8.13041,-6.71261,-1.03781,4.76565,-4.98744,83.848387,2.00512,152.19419,-25.76399,4.87208,-1.92727,1.88896,-1.59266,0.72376,-0.13342,1.84576,21.91153,-20.46141,2.53782,-0.99119,1.04277,-0.90376,0.41813,-0.07798,0.08264,-30.93197,-0.89975,0.86246,-1.8439,3.70678,-3.60282,1.71303,-0.32284,,,,,,,,,,,,,,,,,,,,,,,High,High,High,High,High,,,,,,,,,,,,,,,,,,,,,,,,,,,,,,,,,,
5,2026-03-24,18:05:02.51,2,1,"Billingsley, Chris",814695,Right,MSU_BDG,"Morrison, Kyle",835275,Left,SOU_GOL,Undefined,1,Top,0,0,0,Fastball,Four-Seam,BallCalled,Undefined,Undefined,Undefined,0,0,,93.24594,-1.982851,-3.081469,2189.54979,196.721505,12:30,6.01038,1.47315,6.07953,-13.63044,18.66225,5.26697,3.03657,-0.94169,84.35681,-4.623058,-2.135034,0.409,,,,,,,,,,,,-3.64248,10.53335,-1.23747,50,5.84953,7.04028,-135.10119,-5.04096,-6.66553,32.1533,-12.89858,MSU_BDG,SOU_GOL,MSST,D1,SEC,20260324-MSST-1,e49df330-27d5-11f1-af58-35dac0914731,92.1575,,,8.88913,,,,,,,dd9a23d0-46ab-4e69-8731-b6ab313b6345,2026-03-24,23:05:02.51,2026-03-24T18:05:02.5132544-05:00,2026-03-24T23:05:02.5132544Z,,v3,5080,471449,f283d7f39aaf4b10983d124063eab2d6,"Milewski, Kevin",831000,Right,MSU_BDG,38a4d087-d16b-4647-abf4-0bd5c6981007,54.41655,-136.14825,16.07665,6.00685,-4.62093,-6.44929,-1.47027,7.25734,-3.33277,,,,,,,,,,,,,,,,,,,,,,,,,,,,,,,,,,,,,,,,,,,,,,,,,,,High,High,High,,,,,,,,,,,,,,,,,,,,,,,,,,,,,,,,,,,,
6,2026-03-24,18:05:19.38,2,2,"Billingsley, Chris",814695,Right,MSU_BDG,"Morrison, Kyle",835275,Left,SOU_GOL,Undefined,1,Top,0,1,0,Cutter,Slider,BallCalled,Undefined,Undefined,Undefined,0,0,,85.76231,0.606222,-2.094003,2280.121702,130.229295,10:15,5.89397,1.79723,5.61551,-33.63557,4.67571,-4.15209,3.65719,-0.50399,78.6903,-5.582591,-2.834589,0.445487,,,,,,,,,,,,1.53142,2.57043,-1.61568,50,5.92413,4.72727,-124.50485,0.13489,2.40928,24.46905,-28.13015,MSU_BDG,SOU_GOL,MSST,D1,SEC,20260324-MSST-1,eec744b0-27d5-11f1-af58-35dac0914731,84.60958,,,7.072,,,,,,,dd9a23d0-46ab-4e69-8731-b6ab313b6345,2026-03-24,23:05:19.38,2026-03-24T18:05:19.3835008-05:00,2026-03-24T23:05:19.3835008Z,,v3,5080,471449,f283d7f39aaf4b10983d124063eab2d6,"Milewski, Kevin",831000,Right,MSU_BDG,5ef27a05-f597-419c-80c6-33a903eb1d28,54.88314,-125.46086,12.23452,5.89739,1.23395,-14.06508,-1.79854,4.63314,1.20464,,,,,,,,,,,,,,,,,,,,,,,,,,,,,,,,,,,,,,,,,,,,,,,,,,,High,High,High,,,,,,,,,,,,,,,,,,,,,,,,,,,,,,,,,,,,
7,2026-03-24,18:05:36.75,2,3,"Billingsley, Chris",814695,Right,MSU_BDG,"Morrison, Kyle",835275,Left,SOU_GOL,Undefined,1,Top,0,2,0,Fastball,Four-Seam,FoulBallFieldable,Undefined,Undefined,Undefined,0,0,,92.15264,-2.150637,-2.560248,1884.749928,199.7694,12:45,5.97889,1.37165,5.95543,-17.61588,15.41139,5.14343,2.51352,-0.57562,83.9022,-5.488075,-1.637126,0.413626,76.81792,-33.24505,68.33871,,,,,5.41883,5.41883,50.803941,0.041438,-3.39488,8.87241,-1.17104,50,5.798,5.75385,-133.63143,-5.56702,-6.1084,30.12764,-16.20999,MSU_BDG,SOU_GOL,MSST,D1,SEC,20260324-MSST-1,f9022260-27d5-11f1-af58-35dac0914731,91.12688,2.56735,,8.25043,,,,1.97888,2.56735,0.55951,dd9a23d0-46ab-4e69-8731-b6ab313b6345,2026-03-24,23:05:36.75,2026-03-24T18:05:36.7558144-05:00,2026-03-24T23:05:36.7558144Z,GroundBall,v3,5080,471449,f283d7f39aaf4b10983d124063eab2d6,"Milewski, Kevin",831000,Right,MSU_BDG,9c2d5432-2d54-4aba-be2b-683ec8d6460c,54.54281,-134.65173,15.06382,5.97723,-5.01805,-8.10499,-1.3694,5.96071,-3.0542,,1.97816,34.88837,,,,,,,,2.56863,-61.95702,,,,,,,,0.5577,87.84331,,,,,,,,,,,,,,,,,,,,,,,,,,,,,,High,High,High,Estimated,Estimated,,,,,,,,,,,,,,,,,,,,,,,,,,,,,,,,,,
8,2026-03-24,18:06:10.85,2,4,"Billingsley, Chris",814695,Right,MSU_BDG,"Morrison, Kyle",835275,Left,SOU_GOL,Undefined,1,Top,0,2,1,Cutter,Slider,BallCalled,Undefined,Undefined,Undefined,0,0,,88.06382,-1.627517,-3.087706,2479.715327,140.895377,10:45,5.84219,1.77872,5.68161,-31.67895,4.56209,-2.8313,1.68257,-1.33823,81.2544,-7.428004,-3.593158,0.433283,,,,,,,,,,,,0.63528,3.02567,-1.51654,50,5.68469,7.00828,-127.78955,-4.75295,1.05406,25.48943,-27.15368,MSU_BDG,SOU_GOL,MSST,D1,SEC,20260324-MSST-1,0d54ec70-27d6-11f1-af58-35dac0914731,86.99265,,,6.80942,,,,,,,dd9a23d0-46ab-4e69-8731-b6ab313b6345,2026-03-24,23:06:10.85,2026-03-24T18:06:10.8529664-05:00,2026-03-24T23:06:10.8529664Z,,v3,5080,471449,f283d7f39aaf4b10983d124063eab2d6,"Milewski, Kevin",831000,Right,MSU_BDG,c16d7b81-6bec-49d6-b7dd-bdcf98b1ca8b,54.82002,-128.74739,12.74471,5.84412,-3.73258,-13.57684,-1.77914,6.96867,0.52703,,,,,,,,,,,,,,,,,,,,,,,,,,,,,,,,,,,,,,,,,,,,,,,,,,,High,High,High,,,,,,,,,,,,,,,,,,,,,,,,,,,,,,,,,,,,
9,2026-03-24,18:06:44.80,2,5,"Billingsley, Chris",814695,Right,MSU_BDG,"Morrison, Kyle",835275,Left,SOU_GOL,Undefined,1,Top,0,3,1,Fastball,Four-Seam,InPlay,Undefined,GroundBall,Out,2,0,,90.72924,-2.253137,-1.681495,1942.484847,198.942723,12:45,6.0243,1.34004,5.9361,-16.30237,17.79891,5.71382,2.57352,0.2558,82.51165,-5.363501,-0.655455,0.420297,99.17515,6.558075,12.314246,1912.771377,,,,98.74514,97.12809,12.812559,0.750627,-3.43288,10.14193,-1.20912,50,5.83528,3.62008,-131.61074,-5.65418,-5.98465,29.51381,-14.49317,MSU_BDG,SOU_GOL,MSST,D1,SEC,20260324-MSST-1,2198e970-27d6-11f1-af58-35dac0914731,89.68038,4.91178,,8.21758,,,,1.44446,2.50998,-0.32598,dd9a23d0-46ab-4e69-8731-b6ab313b6345,2026-03-24,23:06:44.80,2026-03-24T18:06:44.8044544-05:00,2026-03-24T23:06:44.8044544Z,LineDrive,v3,5080,471449,f283d7f39aaf4b10983d124063eab2d6,"Milewski, Kevin",831000,Right,MSU_BDG,93c3b45a-ef25-4a92-afc2-102eb7e79997,54.56186,-132.62979,14.7569,6.02187,-5.15376,-7.24658,-1.33768,3.82672,-2.99233,343.778452,1.49168,140.32631,-18.77986,,,,,,,2.59113,15.13534,-24.89332,,,,,,,-0.33058,30.90503,-1.71392,,,,,,,,,,,,,,,,,,,,,,,,,,,,,High,High,High,High,High,,,,,,,,,,,,,,,,,,,,,,,,,,,,,,,,,,
10,2026-03-24,18:07:20.75,3,1,"Billingsley, Chris",814695,Right,MSU_BDG,"Gillespie, Davis",825097,Right,SOU_GOL,Undefined,1,Top,2,0,0,Fastball,Four-Seam,StrikeSwinging,Undefined,Undefined,Undefined,0,0,,93.71268,-1.862795,-1.760608,2095.846648,202.555825,12:45,6.14923,1.01388,5.87775,-12.44603,19.56651,7.68012,3.3806,0.01825,85.11914,-4.274384,-0.383378,0.407222,,,,,,,,,,,,-4.41823,10.84552,-0.87592,50,5.99136,3.82942,-135.93949,-4.75175,-8.22526,31.22455,-11.98336,MSU_BDG,SOU_GOL,MSST,D1,SEC,20260324-MSST-1,3700cd00-27d6-11f1-af58-35dac0914731,92.55993,,,8.59354,,,,,,,dd9a23d0-46ab-4e69-8731-b6ab313b6345,2026-03-24,23:07:20.75,2026-03-24T18:07:20.7534080-05:00,2026-03-24T23:07:20.7534080Z,,v3,5080,471449,f283d7f39aaf4b10983d124063eab2d6,"Milewski, Kevin",831000,Right,MSU_BDG,11814f63-d9e3-4de7-b1c8-e6a13e95c8a2,54.61896,-136.99633,15.61227,6.14532,-4.34615,-5.99168,-1.01024,4.10782,-4.11263,,,,,,,,,,,,,,,,,,,,,,,,,,,,,,,,,,,,,,,,,,,,,,,,,,,High,High,High,,,,,,,,,,,,,,,,,,,,,,,,,,,,,,,,,,,,
11,2026-03-24,18:07:32.73,3,2,"Billingsley, Chris",814695,Right,MSU_BDG,"Gillespie, Davis",825097,Right,SOU_GOL,Undefined,1,Top,2,0,1,Fastball,Four-Seam,FoulBallFieldable,Undefined,Undefined,Undefined,0,0,,92.43155,-3.309285,-1.435247,2192.467409,205.176884,12:45,6.16068,0.99981,5.97468,-12.10863,20.74741,9.22524,2.07941,0.43777,84.03132,-5.660775,0.222653,0.412552,72.67725,2.397822,165.201593,2832.067331,,,,,47.17923,,,-5.08764,11.88674,-0.89094,50,5.89146,2.93866,-133.9474,-8.03567,-9.1975,30.2709,-10.6851,MSU_BDG,SOU_GOL,MSST,D1,SEC,20260324-MSST-1,3e4e27b0-27d6-11f1-af58-35dac0914731,91.36402,3.91714,,8.40023,,,,-0.75026,2.83688,-1.09074,dd9a23d0-46ab-4e69-8731-b6ab313b6345,2026-03-24,23:07:32.73,2026-03-24T18:07:32.7336448-05:00,2026-03-24T23:07:32.7336448Z,,v3,5080,471449,f283d7f39aaf4b10983d124063eab2d6,"Milewski, Kevin",831000,Right,MSU_BDG,a6ec739e-9983-4c27-9442-7bcfa73136cc,54.52066,-134.96516,15.13545,6.15559,-7.67641,-5.34255,-0.99494,3.2479,-4.59875,,-0.75795,-102.75209,12.0471,,,,,,,2.82817,4.71021,-5.06839,,,,,,,-1.07226,26.67368,-14.24151,,,,,,,,,,,,,,,,,,,,,,,,,,,,,High,High,High,Low,Undefined,,,,,,,,,,,,,,,,,,,,,,,,,,,,,,,,,,
12,2026-03-24,18:07:47.74,3,3,"Billingsley, Chris",814695,Right,MSU_BDG,"Gillespie, Davis",825097,Right,SOU_GOL,Undefined,1,Top,2,0,2,Fastball,Four-Seam,StrikeSwinging,Strikeout,Undefined,Undefined,0,0,,93.99193,-1.65225,-1.500079,2080.864117,194.319872,12:30,6.02617,1.05954,5.86878,-11.53666,20.28702,4.90622,3.52908,0.07467,85.34548,-3.900876,-0.620358,0.406019,,,,,,,,,,,,-2.9311,11.14245,-0.94085,50,5.88558,3.34696,-136.36846,-4.22423,-5.49074,31.44668,-11.30125,MSU_BDG,SOU_GOL,MSST,D1,SEC,20260324-MSST-1,475a9780-27d6-11f1-af58-35dac0914731,92.83414,,,8.64645,,,,,,,dd9a23d0-46ab-4e69-8731-b6ab313b6345,2026-03-24,23:07:47.74,2026-03-24T18:07:47.7494272-05:00,2026-03-24T23:07:47.7494272Z,,v3,5080,471449,f283d7f39aaf4b10983d124063eab2d6,"Milewski, Kevin",831000,Right,MSU_BDG,1f86a1d9-9f13-4d01-92e9-baebba4f4761,54.62769,-137.43147,15.72334,6.02192,-3.84221,-5.65062,-1.05713,3.53256,-2.74537,,,,,,,,,,,,,,,,,,,,,,,,,,,,,,,,,,,,,,,,,,,,,,,,,,,High,High,High,,,,,,,,,,,,,,,,,,,,,,,,,,,,,,,,,,,,
13,2026-03-24,18:10:31.58,1,1,"Crabtree, Thomas",826929,Right,SOU_GOL,"Teel, Aidan",813359,Left,MSU_BDG,Undefined,1,Bottom,0,0,0,Fastball,Four-Seam,StrikeCalled,Undefined,Undefined,Undefined,0,0,,93.75508,-2.394255,-1.805062,1826.744506,220.32133,1:15,6.84771,1.11295,5.47877,-17.5556,14.54076,11.52792,3.14203,0.38407,86.32049,-5.66534,0.247988,0.407755,,,,,,,,,,,,-6.25721,8.23678,-0.96247,50,6.62555,3.74908,-136.06742,-6.30784,-11.82551,27.59983,-16.60739,MSU_BDG,SOU_GOL,MSST,D1,SEC,20260324-MSST-1,a8c36ba0-27d6-11f1-af58-35dac0914731,92.43896,,,7.43459,,,,,,,dd9a23d0-46ab-4e69-8731-b6ab313b6345,2026-03-24,23:10:31.58,2026-03-24T18:10:31.5886080-05:00,2026-03-24T23:10:31.5886080Z,,v3,5080,471449,f283d7f39aaf4b10983d124063eab2d6,"Stockman, Tucker",838152,Right,SOU_GOL,38f3cc88-cf5b-47e9-8dfc-76b564501564,55.02027,-137.08194,13.79992,6.84619,-5.69738,-8.30369,-1.10827,4.18377,-5.91275,,,,,,,,,,,,,,,,,,,,,,,,,,,,,,,,,,,,,,,,,,,,,,,,,,,High,High,High,,,,,,,,,,,,,,,,,,,,,,,,,,,,,,,,,,,,
14,2026-03-24,18:10:49.97,1,2,"Crabtree, Thomas",826929,Right,SOU_GOL,"Teel, Aidan",813359,Left,MSU_BDG,Undefined,1,Bottom,0,0,1,Fastball,Four-Seam,StrikeSwinging,Undefined,Undefined,Undefined,0,0,,93.01322,-3.428208,-1.634652,2144.543496,197.611479,12:30,6.92283,0.91392,5.46046,-11.30768,21.53568,6.5039,2.76653,-0.07456,85.17034,-5.600987,-0.477382,0.412473,,,,,,,,,,,,-3.70725,12.07646,-0.77446,50,6.61296,3.54344,-134.79541,-8.39136,-6.84253,28.4299,-9.88433,MSU_BDG,SOU_GOL,MSST,D1,SEC,20260324-MSST-1,b3bc1b10-27d6-11f1-af58-35dac0914731,91.38163,,,7.84288,,,,,,,dd9a23d0-46ab-4e69-8731-b6ab313b6345,2026-03-24,23:10:49.97,2026-03-24T18:10:49.9783168-05:00,2026-03-24T23:10:49.9783168Z,,v3,5080,471449,f283d7f39aaf4b10983d124063eab2d6,"Stockman, Tucker",838152,Right,SOU_GOL,442fe53d-9077-4acf-b308-ad0a78558c88,55.03765,-135.85375,14.21495,6.91849,-8.0234,-4.94217,-0.91111,3.79817,-3.42126,,,,,,,,,,,,,,,,,,,,,,,,,,,,,,,,,,,,,,,,,,,,,,,,,,,High,High,High,,,,,,,,,,,,,,,,,,,,,,,,,,,,,,,,,,,,
15,2026-03-24,18:11:09.01,1,3,"Crabtree, Thomas",826929,Right,SOU_GOL,"Teel, Aidan",813359,Left,MSU_BDG,Undefined,1,Bottom,0,0,2,ChangeUp,Changeup,InPlay,Undefined,LineDrive,Single,0,0,,84.84604,-2.108557,-1.634226,1527.226708,243.923335,2:15,6.89775,1.20344,5.16612,-32.11486,7.43784,12.86426,2.23533,0.73699,78.64477,-7.938779,0.64689,0.452647,78.86883,19.022744,25.114858,2052.225369,97.59835,26.57157,50.73931,236.68288,233.14773,31.464313,2.827704,-6.89024,4.56709,-1.06154,50,6.67637,2.96963,-123.18202,-5.71329,-10.68875,22.26416,-25.08916,MSU_BDG,SOU_GOL,MSST,D1,SEC,20260324-MSST-1,bf12f010-27d6-11f1-af58-35dac0914731,83.27117,27.16004,,6.20126,,,,1.70855,2.34381,-0.71463,dd9a23d0-46ab-4e69-8731-b6ab313b6345,2026-03-24,23:11:09.01,2026-03-24T18:11:09.0199552-05:00,2026-03-24T23:11:09.0199552Z,LineDrive,v3,5080,471449,f283d7f39aaf4b10983d124063eab2d6,"Stockman, Tucker",838152,Right,SOU_GOL,76695c29-e087-4995-aa71-3c412d0705fe,55.33525,-124.14258,11.13208,6.89951,-4.63085,-12.54458,-1.1996,3.43078,-5.34437,222.308392,1.70856,99.01812,-15.90501,3.29821,-0.63249,0.09962,-0.01107,0.00051,3E-05,2.3438,37.70292,-15.02685,0.59605,-0.06523,0.01844,-0.00632,0.0018,-0.0002,-0.71462,46.41423,-0.98646,-0.04582,0.06743,-0.02381,0.00587,-0.00095,7E-05,,,,,,,,,,,,,,,,,,,,,,,High,High,High,High,High,,,,,,,,,,,,,,,,,,,,,,,,,,,,,,,,,,
16,2026-03-24,18:12:05.77,2,1,"Crabtree, Thomas",826929,Right,SOU_GOL,"Reese, Ace",814505,Left,MSU_BDG,Undefined,1,Bottom,0,0,0,ChangeUp,Changeup,StrikeSwinging,Undefined,Undefined,Undefined,0,0,,84.90132,-3.590813,-2.346685,1701.571088,251.239664,2:15,6.75084,1.20712,5.26147,-32.58762,7.0976,17.30749,0.65443,0.4435,78.5007,-9.495728,0.729206,0.453404,,,,,,,,,,,,-9.34969,4.86311,-1.00564,50,6.39729,4.31053,-123.0111,-8.90492,-14.38768,23.41739,-24.69049,MSU_BDG,SOU_GOL,MSST,D1,SEC,20260324-MSST-1,e0ea4490-27d6-11f1-af58-35dac0914731,83.13206,,,6.40062,,,,,,,dd9a23d0-46ab-4e69-8731-b6ab313b6345,2026-03-24,23:12:05.77,2026-03-24T18:12:05.7743360-05:00,2026-03-24T23:12:05.7743360Z,,v3,5080,471449,f283d7f39aaf4b10983d124063eab2d6,"Stockman, Tucker",838152,Right,SOU_GOL,ad04035b-de97-429a-afcb-1e2db7a7677a,55.23962,-124.00454,11.70869,6.75284,-7.85746,-12.34525,-1.20146,4.9209,-7.19384,,,,,,,,,,,,,,,,,,,,,,,,,,,,,,,,,,,,,,,,,,,,,,,,,,,High,High,High,,,,,,,,,,,,,,,,,,,,,,,,,,,,,,,,,,,,
17,2026-03-24,18:12:29.04,2,2,"Crabtree, Thomas",826929,Right,SOU_GOL,"Reese, Ace",814505,Left,MSU_BDG,Undefined,1,Bottom,0,0,1,Fastball,Four-Seam,FoulBallFieldable,Undefined,Undefined,Undefined,0,0,,94.04411,-2.514028,-1.727105,2265.039893,200.129961,12:45,6.85716,1.0974,5.3344,-13.22603,19.82253,6.79,3.3937,0.04235,84.0069,-5.074357,-0.521672,0.413759,86.15484,65.823163,-51.655378,4538.984932,,,,,59.89816,,,-3.99414,11.158,-0.94652,50,6.62124,3.77069,-135.98762,-6.36368,-7.30767,36.19941,-11.75932,MSU_BDG,SOU_GOL,MSST,D1,SEC,20260324-MSST-1,eec70120-27d6-11f1-af58-35dac0914731,91.09752,112.44055,,10.03721,,,,1.21711,3.37596,-0.04054,dd9a23d0-46ab-4e69-8731-b6ab313b6345,2026-03-24,23:12:29.04,2026-03-24T18:12:29.0487808-05:00,2026-03-24T23:12:29.0487808Z,,v3,5080,471449,f283d7f39aaf4b10983d124063eab2d6,"Stockman, Tucker",838152,Right,SOU_GOL,7f2f5420-2494-46c5-b189-fbc2042086e2,55.16054,-137.35446,18.0997,6.85314,-5.91966,-5.87966,-1.0941,4.04662,-3.65384,,1.21711,32.10602,-18.03225,6.35002,-1.76886,0.45052,-0.10536,0.01898,-0.00186,3.37596,115.27664,-32.10911,4.18966,-0.66458,0.07122,-0.00211,-0.00137,0.00022,-0.04054,-40.58827,0.42966,1.26627,-0.57791,0.18796,-0.05033,0.00986,-0.00097,,,,,,,,,,,,,,,,,,,,,,,High,High,High,Low,Undefined,,,,,,,,,,,,,,,,,,,,,,,,,,,,,,,,,,
18,2026-03-24,18:12:58.13,2,3,"Crabtree, Thomas",826929,Right,SOU_GOL,"Reese, Ace",814505,Left,MSU_BDG,Undefined,1,Bottom,0,0,2,Fastball,Four-Seam,InPlay,Undefined,LineDrive,Single,0,0,,93.2663,-4.099089,-1.284497,2206.29208,204.661824,12:45,6.86003,1.0907,5.62012,-11.93079,20.75981,9.025,2.03291,0.64385,85.00378,-6.392491,0.32684,0.411513,98.78876,8.729476,-15.620473,2361.455534,103.45913,10.27496,-37.3648,193.05188,192.13277,-22.719952,1.660461,-4.95882,12.04705,-0.98714,50,6.50242,2.61925,-135.05153,-10.01439,-9.12665,30.36166,-10.00156,MSU_BDG,SOU_GOL,MSST,D1,SEC,20260324-MSST-1,001abc00-27d7-11f1-af58-35dac0914731,91.59488,10.37482,,8.26252,,,,0.78351,1.97608,-0.6412,dd9a23d0-46ab-4e69-8731-b6ab313b6345,2026-03-24,23:12:58.13,2026-03-24T18:12:58.1394432-05:00,2026-03-24T23:12:58.1394432Z,LineDrive,v3,5080,471449,f283d7f39aaf4b10983d124063eab2d6,"Stockman, Tucker",838152,Right,SOU_GOL,07e8d9c6-e104-4546-a0ef-e705e85ebc96,54.87857,-136.14389,15.18083,6.85625,-9.65455,-5.00078,-1.08728,2.94761,-4.56333,110.888057,0.78351,137.92221,-25.32633,5.31619,-1.06031,0.18481,-0.03019,0.00404,-0.00029,1.97608,21.98986,-14.698,0.32129,0.13226,-0.05527,0.01617,-0.00276,0.00023,-0.6412,-38.56172,-7.08285,3.33418,-1.08543,0.29401,-0.06836,0.01167,-0.00103,,,,,,,,,,,,,,,,,,,,,,,High,High,High,High,High,,,,,,,,,,,,,,,,,,,,,,,,,,,,,,,,,,
19,2026-03-24,18:13:50.11,3,1,"Crabtree, Thomas",826929,Right,SOU_GOL,"Sullivan, Noah",813559,Right,MSU_BDG,Undefined,1,Bottom,0,0,0,ChangeUp,Changeup,StrikeCalled,Undefined,Undefined,Undefined,0,0,,84.31717,-1.560429,-1.671524,1516.512394,251.832526,2:30,6.89122,1.17417,5.45777,-33.67616,6.21205,15.15355,2.62323,0.87187,77.56658,-7.724008,1.029942,0.454563,,,,,,,,,,,,-8.06544,3.95146,-1.03737,50,6.73066,2.92983,-122.3816,-4.5237,-12.25575,23.71409,-26.16968,MSU_BDG,SOU_GOL,MSST,D1,SEC,20260324-MSST-1,1f1a8680-27d7-11f1-af58-35dac0914731,82.92025,,,6.75059,,,,,,,dd9a23d0-46ab-4e69-8731-b6ab313b6345,2026-03-24,23:13:50.11,2026-03-24T18:13:50.1130752-05:00,2026-03-24T23:13:50.1130752Z,,v3,5080,471449,f283d7f39aaf4b10983d124063eab2d6,"Stockman, Tucker",838152,Right,SOU_GOL,ac167594-26b4-4c2d-85c3-f44bea4a9128,55.04133,-123.3546,11.85705,6.89424,-3.44994,-13.08484,-1.1679,3.43269,-6.12787,,,,,,,,,,,,,,,,,,,,,,,,,,,,,,,,,,,,,,,,,,,,,,,,,,,High,High,High,,,,,,,,,,,,,,,,,,,,,,,,,,,,,,,,,,,,
20,2026-03-24,18:14:11.11,3,2,"Crabtree, Thomas",826929,Right,SOU_GOL,"Sullivan, Noah",813559,Right,MSU_BDG,Undefined,1,Bottom,0,0,1,Fastball,Four-Seam,StrikeCalled,Undefined,Undefined,Undefined,0,0,,93.67696,-4.005679,-1.82898,2062.656068,217.404111,1:15,6.88661,0.88964,5.57045,-16.06005,16.24249,11.63209,1.79857,0.14996,85.91314,-7.013432,0.2464,0.409063,,,,,,,,,,,,-6.3613,9.6104,-0.73973,50,6.53037,3.79372,-135.6823,-10.0379,-11.88968,28.9581,-14.21165,MSU_BDG,SOU_GOL,MSST,D1,SEC,20260324-MSST-1,2b9eb7f0-27d7-11f1-af58-35dac0914731,92.14345,,,7.76381,,,,,,,dd9a23d0-46ab-4e69-8731-b6ab313b6345,2026-03-24,23:14:11.11,2026-03-24T18:14:11.1149056-05:00,2026-03-24T23:14:11.1149056Z,,v3,5080,471449,f283d7f39aaf4b10983d124063eab2d6,"Stockman, Tucker",838152,Right,SOU_GOL,35d8ad7b-eeb4-4b5f-b5c0-6aa1e99aa310,54.92799,-136.73002,14.47905,6.88424,-9.52372,-7.10583,-0.88477,4.22389,-5.94484,,,,,,,,,,,,,,,,,,,,,,,,,,,,,,,,,,,,,,,,,,,,,,,,,,,High,High,High,,,,,,,,,,,,,,,,,,,,,,,,,,,,,,,,,,,,
21,2026-03-24,18:14:33.98,3,3,"Crabtree, Thomas",826929,Right,SOU_GOL,"Sullivan, Noah",813559,Right,MSU_BDG,Undefined,1,Bottom,0,0,2,ChangeUp,Changeup,BallCalled,Undefined,Undefined,Undefined,0,0,,85.22297,-4.574361,-1.815031,1597.438744,245.276664,2:15,6.82182,0.95542,5.38366,-31.53998,7.96788,14.50997,-0.1056,0.46268,78.47826,-10.296842,0.771331,0.45239,,,,,,,,,,,,-7.87024,5.67764,-0.80384,50,6.38951,3.30149,-123.30198,-10.98546,-12.09208,24.9734,-23.45079,MSU_BDG,SOU_GOL,MSST,D1,SEC,20260324-MSST-1,394178c0-27d7-11f1-af58-35dac0914731,83.3184,,,6.74471,,,,,,,dd9a23d0-46ab-4e69-8731-b6ab313b6345,2026-03-24,23:14:33.98,2026-03-24T18:14:33.9848192-05:00,2026-03-24T23:14:33.9848192Z,,v3,5080,471449,f283d7f39aaf4b10983d124063eab2d6,"Stockman, Tucker",838152,Right,SOU_GOL,b8a8ce4e-bfdf-405b-b3a1-ea1ba596bf44,55.1165,-124.33395,12.4867,6.82344,-10.0164,-11.7254,-0.95059,3.80117,-6.04604,,,,,,,,,,,,,,,,,,,,,,,,,,,,,,,,,,,,,,,,,,,,,,,,,,,High,High,High,,,,,,,,,,,,,,,,,,,,,,,,,,,,,,,,,,,,
22,2026-03-24,18:15:03.24,3,4,"Crabtree, Thomas",826929,Right,SOU_GOL,"Sullivan, Noah",813559,Right,MSU_BDG,Undefined,1,Bottom,0,1,2,Curveball,Slider,BallCalled,Undefined,Undefined,Undefined,0,0,,83.30598,-1.077598,-2.825336,2344.172414,52.458464,7:45,6.87293,0.87624,5.52468,-43.49215,-2.40851,-4.8554,2.2398,-2.1719,76.45722,-8.986027,-3.690892,0.461324,,,,,,,,,,,,1.61504,-0.46827,-0.6271,50,6.75025,6.1621,-120.7801,-3.83093,2.37251,24.73513,-32.86197,MSU_BDG,SOU_GOL,MSST,D1,SEC,20260324-MSST-1,4ab90f50-27d7-11f1-af58-35dac0914731,81.70494,,,6.84876,,,,,,,dd9a23d0-46ab-4e69-8731-b6ab313b6345,2026-03-24,23:15:03.24,2026-03-24T18:15:03.2460800-05:00,2026-03-24T23:15:03.2460800Z,,v3,5080,471449,f283d7f39aaf4b10983d124063eab2d6,"Stockman, Tucker",838152,Right,SOU_GOL,45db8979-355f-4cff-b962-563d2d35f9be,54.9742,-121.79453,12.36757,6.87972,-2.48321,-16.43098,-0.87782,6.0648,1.18625,,,,,,,,,,,,,,,,,,,,,,,,,,,,,,,,,,,,,,,,,,,,,,,,,,,High,High,High,,,,,,,,,,,,,,,,,,,,,,,,,,,,,,,,,,,,
23,2026-03-24,18:15:26.92,3,5,"Crabtree, Thomas",826929,Right,SOU_GOL,"Sullivan, Noah",813559,Right,MSU_BDG,Undefined,1,Bottom,0,2,2,Fastball,Four-Seam,BallCalled,Undefined,Undefined,Undefined,0,0,,93.92716,-3.626069,-2.939564,2320.048206,188.072596,12:15,6.98441,0.77198,5.75887,-10.01434,22.28505,2.99748,2.76575,-1.7168,84.99532,-5.598431,-2.404264,0.409043,,,,,,,,,,,,-2.40929,12.74056,-0.52995,50,6.67706,6.83551,-135.83551,-8.83729,-4.45968,32.33348,-8.59077,MSU_BDG,SOU_GOL,MSST,D1,SEC,20260324-MSST-1,58c89bb0-27d7-11f1-af58-35dac0914731,92.14794,,,8.93184,,,,,,,dd9a23d0-46ab-4e69-8731-b6ab313b6345,2026-03-24,23:15:26.92,2026-03-24T18:15:26.9232128-05:00,2026-03-24T23:15:26.9232128Z,,v3,5080,471449,f283d7f39aaf4b10983d124063eab2d6,"Stockman, Tucker",838152,Right,SOU_GOL,565b7c12-2efe-4b11-b06a-157a55081c86,54.73663,-136.95835,16.16674,6.97878,-8.53896,-4.29539,-0.77001,6.99038,-2.22984,,,,,,,,,,,,,,,,,,,,,,,,,,,,,,,,,,,,,,,,,,,,,,,,,,,High,High,High,,,,,,,,,,,,,,,,,,,,,,,,,,,,,,,,,,,,
24,2026-03-24,18:15:51.19,3,6,"Crabtree, Thomas",826929,Right,SOU_GOL,"Sullivan, Noah",813559,Right,MSU_BDG,Undefined,1,Bottom,0,3,2,Fastball,Four-Seam,FoulBallFieldable,Undefined,Undefined,Undefined,0,0,,93.90775,-3.091999,-2.308849,2190.625693,214.148563,1:15,6.87488,0.97487,5.63629,-13.94304,18.36493,11.69764,2.82314,-0.20552,85.22232,-5.756595,-0.220931,0.409097,81.96978,2.834032,177.148427,1670.930397,,,,,24.99904,,,-6.64111,10.57756,-0.78624,50,6.603,4.94877,-136.00938,-7.77664,-12.34792,31.89052,-12.50701,MSU_BDG,SOU_GOL,MSST,D1,SEC,20260324-MSST-1,673bcbe0-27d7-11f1-af58-35dac0914731,92.13572,3.13195,,8.68543,,,,2.92036,2.90163,-0.10326,dd9a23d0-46ab-4e69-8731-b6ab313b6345,2026-03-24,23:15:51.19,2026-03-24T18:15:51.1924736-05:00,2026-03-24T23:15:51.1924736Z,,v3,5080,471449,f283d7f39aaf4b10983d124063eab2d6,"Stockman, Tucker",838152,Right,SOU_GOL,773908b2-37f9-4dff-b31e-242ad2dca732,54.86212,-137.14468,15.94526,6.87192,-7.33139,-6.25351,-0.97024,5.38835,-6.17396,,2.92314,-120.08263,4.99679,,,,,,,2.90267,5.88627,-37.80528,,,,,,,-0.10377,6.00213,8.16137,,,,,,,,,,,,,,,,,,,,,,,,,,,,,High,High,High,Medium,Undefined,,,,,,,,,,,,,,,,,,,,,,,,,,,,,,,,,,
25,2026-03-24,18:16:18.44,3,7,"Crabtree, Thomas",826929,Right,SOU_GOL,"Sullivan, Noah",813559,Right,MSU_BDG,Undefined,1,Bottom,0,3,2,ChangeUp,Changeup,BallCalled,Walk,Undefined,Undefined,0,0,,85.38447,-4.306267,-0.962477,1491.363697,240.589467,2:00,6.93046,0.82424,5.26563,-31.35958,7.7752,11.73548,0.26358,0.89794,79.29385,-9.968372,1.125171,0.450249,,,,,,,,,,,,-6.17721,5.34323,-0.74532,50,6.51254,1.58489,-123.71675,-10.45405,-9.64548,22.95379,-23.83078,MSU_BDG,SOU_GOL,MSST,D1,SEC,20260324-MSST-1,777e64e0-27d7-11f1-af58-35dac0914731,83.71461,,,6.09062,,,,,,,dd9a23d0-46ab-4e69-8731-b6ab313b6345,2026-03-24,23:16:18.44,2026-03-24T18:16:18.4415744-05:00,2026-03-24T23:16:18.4415744Z,,v3,5080,471449,f283d7f39aaf4b10983d124063eab2d6,"Stockman, Tucker",838152,Right,SOU_GOL,dbe7accd-bf05-4b18-86f8-5d62e21d1217,55.23532,-124.6843,11.47689,6.93202,-9.44953,-11.91539,-0.82069,1.99147,-4.82274,,,,,,,,,,,,,,,,,,,,,,,,,,,,,,,,,,,,,,,,,,,,,,,,,,,High,High,High,,,,,,,,,,,,,,,,,,,,,,,,,,,,,,,,,,,,
26,2026-03-24,18:17:39.85,4,1,"Crabtree, Thomas",826929,Right,SOU_GOL,"Stallman, Reed",827671,Left,MSU_BDG,Undefined,1,Bottom,0,0,0,Fastball,Four-Seam,BallCalled,Undefined,Undefined,Undefined,0,0,,92.57983,-5.283322,-2.782092,2270.348357,200.707696,12:45,6.83517,1.12268,5.81452,-12.33044,21.0995,7.50386,0.87523,-0.84092,83.62231,-7.669796,-1.439477,0.41614,,,,,,,,,,,,-4.71162,12.80934,-0.89917,50,6.39367,6.15749,-133.59761,-12.68477,-8.39926,32.4497,-9.33932,MSU_BDG,SOU_GOL,MSST,D1,SEC,20260324-MSST-1,a805f290-27d7-11f1-af58-35dac0914731,90.5764,,,8.95752,,,,,,,dd9a23d0-46ab-4e69-8731-b6ab313b6345,2026-03-24,23:17:39.85,2026-03-24T18:17:39.8539776-05:00,2026-03-24T23:17:39.8539776Z,,v3,5080,471449,f283d7f39aaf4b10983d124063eab2d6,"Stockman, Tucker",838152,Right,SOU_GOL,ebad23ee-9b5c-4847-a8e2-a7a4e756c629,54.68231,-134.7301,16.22485,6.83068,-12.35883,-4.66966,-1.11918,6.45062,-4.19963,,,,,,,,,,,,,,,,,,,,,,,,,,,,,,,,,,,,,,,,,,,,,,,,,,,High,High,High,,,,,,,,,,,,,,,,,,,,,,,,,,,,,,,,,,,,
27,2026-03-24,18:17:59.18,4,2,"Crabtree, Thomas",826929,Right,SOU_GOL,"Stallman, Reed",827671,Left,MSU_BDG,Undefined,1,Bottom,0,1,0,Fastball,Four-Seam,BallCalled,Undefined,Undefined,Undefined,0,0,,91.70814,-3.907711,-3.267887,2274.547285,195.262796,12:30,6.8609,1.20016,5.4735,-13.30792,21.02375,5.39756,2.08348,-1.41141,82.96081,-6.462133,-2.309204,0.421715,,,,,,,,,,,,-3.78473,12.24831,-0.91673,50,6.50822,7.32767,-132.52787,-9.46046,-6.65085,31.47624,-10.65029,MSU_BDG,SOU_GOL,MSST,D1,SEC,20260324-MSST-1,b3884460-27d7-11f1-af58-35dac0914731,89.37898,,,8.74734,,,,,,,dd9a23d0-46ab-4e69-8731-b6ab313b6345,2026-03-24,23:17:59.18,2026-03-24T18:17:59.1880192-05:00,2026-03-24T23:17:59.1880192Z,,v3,5080,471449,f283d7f39aaf4b10983d124063eab2d6,"Stockman, Tucker",838152,Right,SOU_GOL,4d161c73-5b00-416a-aef7-27aa090a50e5,55.02583,-133.71621,15.73812,6.8578,-9.05837,-5.32514,-1.19811,7.57877,-3.32542,,,,,,,,,,,,,,,,,,,,,,,,,,,,,,,,,,,,,,,,,,,,,,,,,,,High,High,High,,,,,,,,,,,,,,,,,,,,,,,,,,,,,,,,,,,,
28,2026-03-24,18:18:19.58,4,3,"Crabtree, Thomas",826929,Right,SOU_GOL,"Stallman, Reed",827671,Left,MSU_BDG,Undefined,1,Bottom,0,2,0,Fastball,Four-Seam,FoulBallFieldable,Undefined,Undefined,Undefined,0,0,,93.36434,-3.961075,-1.265933,2047.479031,214.856789,1:15,6.91657,1.00583,5.58001,-15.17095,17.4919,11.41969,1.94615,0.77499,85.17323,-6.823754,0.772343,0.411338,83.08288,54.59877,-60.042938,3752.391061,,,,,70.2291,,,-6.17225,10.33882,-0.90474,50,6.56574,2.4697,-135.21543,-9.85099,-11.38526,30.49046,-13.10312,MSU_BDG,SOU_GOL,MSST,D1,SEC,20260324-MSST-1,bfb3f590-27d7-11f1-af58-35dac0914731,91.63381,82.01731,,8.1911,,,,1.77969,1.98953,-0.77014,dd9a23d0-46ab-4e69-8731-b6ab313b6345,2026-03-24,23:18:19.58,2026-03-24T18:18:19.5812864-05:00,2026-03-24T23:18:19.5812864Z,,v3,5080,471449,f283d7f39aaf4b10983d124063eab2d6,"Stockman, Tucker",838152,Right,SOU_GOL,b7385ead-a00c-4417-bc20-bc9a6d828882,54.91901,-136.32013,15.24523,6.91406,-9.37625,-6.55156,-1.00169,2.8822,-5.69263,,1.77969,35.24931,-10.12023,2.64482,-0.62092,0.14241,-0.033,0.00626,-0.00071,1.98953,99.32563,-27.03119,3.34734,-0.71934,0.14573,-0.0311,0.00579,-0.00063,-0.77014,-61.1594,4.22312,-0.54352,0.05191,-0.00161,-0.00055,0.00029,-2E-05,,,,,,,,,,,,,,,,,,,,,,,High,High,High,Medium,Undefined,,,,,,,,,,,,,,,,,,,,,,,,,,,,,,,,,,
29,2026-03-24,18:18:42.13,4,4,"Crabtree, Thomas",826929,Right,SOU_GOL,"Stallman, Reed",827671,Left,MSU_BDG,Undefined,1,Bottom,0,2,1,Fastball,Four-Seam,FoulBallFieldable,Undefined,Undefined,Undefined,0,0,,93.55532,-3.955754,-1.577616,2086.214634,207.743197,1:00,6.79973,1.15489,5.67281,-14.48209,17.81903,8.82166,1.89764,0.41884,85.63512,-6.693927,-0.000815,0.409053,75.8733,22.115123,-142.269785,3322.639762,,,,,47.08885,,,-4.93012,10.47312,-1.02748,50,6.45641,3.33572,-135.53896,-9.82797,-9.17544,29.498,-12.68246,MSU_BDG,SOU_GOL,MSST,D1,SEC,20260324-MSST-1,cd259440-27d7-11f1-af58-35dac0914731,92.14552,16.96499,,7.9202,,,,1.5158,2.08392,-0.5014,dd9a23d0-46ab-4e69-8731-b6ab313b6345,2026-03-24,23:18:42.13,2026-03-24T18:18:42.1342720-05:00,2026-03-24T23:18:42.1342720Z,,v3,5080,471449,f283d7f39aaf4b10983d124063eab2d6,"Stockman, Tucker",838152,Right,SOU_GOL,b4331b96-7d5b-4762-ac6d-d7b7e0064198,54.82623,-136.58528,14.749,6.79704,-9.37812,-6.34123,-1.15157,3.66118,-4.58772,,1.521,-81.68171,3.88161,,,,,,,2.10021,41.45139,-23.18183,,,,,,,-0.5216,-62.53843,15.18217,,,,,,,,,,,,,,,,,,,,,,,,,,,,,High,High,High,High,Undefined,,,,,,,,,,,,,,,,,,,,,,,,,,,,,,,,,,
30,2026-03-24,18:19:11.16,4,5,"Crabtree, Thomas",826929,Right,SOU_GOL,"Stallman, Reed",827671,Left,MSU_BDG,Undefined,1,Bottom,0,2,2,ChangeUp,Changeup,StrikeSwinging,Strikeout,Undefined,Undefined,0,0,,84.24617,-1.4434,-0.563429,1461.520939,246.580048,2:15,6.95989,1.02239,5.36624,-35.04187,5.03756,8.76418,2.68597,1.22441,77.52665,-7.83851,0.997066,0.455651,,,,,,,,,,,,-4.55217,3.3128,-0.97823,50,6.80556,0.83062,-122.3006,-4.33997,-6.90572,23.75814,-27.14848,MSU_BDG,SOU_GOL,MSST,D1,SEC,20260324-MSST-1,de7d1fb0-27d7-11f1-af58-35dac0914731,82.72218,,,6.71952,,,,,,,dd9a23d0-46ab-4e69-8731-b6ab313b6345,2026-03-24,23:19:11.16,2026-03-24T18:19:11.1604736-05:00,2026-03-24T23:19:11.1604736Z,,v3,5080,471449,f283d7f39aaf4b10983d124063eab2d6,"Stockman, Tucker",838152,Right,SOU_GOL,2ae52b28-eecf-4ef1-9844-1a6103b81944,55.13261,-123.29363,11.87907,6.96324,-3.20523,-13.57424,-1.01898,1.11926,-3.45286,,,,,,,,,,,,,,,,,,,,,,,,,,,,,,,,,,,,,,,,,,,,,,,,,,,High,High,High,,,,,,,,,,,,,,,,,,,,,,,,,,,,,,,,,,,,
31,2026-03-24,18:19:45.78,5,1,"Crabtree, Thomas",826929,Right,SOU_GOL,"Frei, Gehrig",831539,Left,MSU_BDG,Undefined,1,Bottom,1,0,0,Fastball,Four-Seam,BallCalled,Undefined,Undefined,Undefined,0,0,,93.46844,-2.194699,-2.034614,2072.808294,218.517883,1:15,6.86407,1.06034,5.63526,-15.12328,17.42277,12.98107,3.55393,0.24308,84.82401,-5.075017,0.283027,0.410602,,,,,,,,,,,,-7.14059,9.79067,-0.89556,50,6.66777,4.20634,-135.47484,-5.66196,-13.18503,31.37852,-14.09561,MSU_BDG,SOU_GOL,MSST,D1,SEC,20260324-MSST-1,f3183d60-27d7-11f1-af58-35dac0914731,91.79808,,,8.64443,,,,,,,dd9a23d0-46ab-4e69-8731-b6ab313b6345,2026-03-24,23:19:45.78,2026-03-24T18:19:45.7864704-05:00,2026-03-24T23:19:45.7864704Z,,v3,5080,471449,f283d7f39aaf4b10983d124063eab2d6,"Stockman, Tucker",838152,Right,SOU_GOL,4ac4fbac-1356-48f4-8247-3bf9ab73f606,54.86162,-136.59624,15.68926,6.86112,-5.15822,-7.04781,-1.0543,4.67755,-6.59251,,,,,,,,,,,,,,,,,,,,,,,,,,,,,,,,,,,,,,,,,,,,,,,,,,,High,High,High,,,,,,,,,,,,,,,,,,,,,,,,,,,,,,,,,,,,
32,2026-03-24,18:20:02.72,5,2,"Crabtree, Thomas",826929,Right,SOU_GOL,"Frei, Gehrig",831539,Left,MSU_BDG,Undefined,1,Bottom,1,1,0,Fastball,Four-Seam,StrikeSwinging,Undefined,Undefined,Undefined,0,0,,93.40298,-3.044489,-1.667066,2136.942357,210.767782,1:00,6.80451,1.06583,5.70728,-13.54111,18.963,10.62886,2.83564,0.39791,84.88718,-5.639115,0.233525,0.410337,,,,,,,,,,,,-5.87847,10.85473,-0.93279,50,6.5409,3.45275,-135.34991,-7.594,-10.842,31.13195,-12.15404,MSU_BDG,SOU_GOL,MSST,D1,SEC,20260324-MSST-1,fd5cb800-27d7-11f1-af58-35dac0914731,91.85725,,,8.5158,,,,,,,dd9a23d0-46ab-4e69-8731-b6ab313b6345,2026-03-24,23:20:02.72,2026-03-24T18:20:02.7276800-05:00,2026-03-24T23:20:02.7276800Z,,v3,5080,471449,f283d7f39aaf4b10983d124063eab2d6,"Stockman, Tucker",838152,Right,SOU_GOL,f63440bc-cfe6-44e6-a8d0-be9ac4e48f71,54.79017,-136.44725,15.56598,6.80102,-7.16559,-6.07702,-1.06122,3.83491,-5.421,,,,,,,,,,,,,,,,,,,,,,,,,,,,,,,,,,,,,,,,,,,,,,,,,,,High,High,High,,,,,,,,,,,,,,,,,,,,,,,,,,,,,,,,,,,,
33,2026-03-24,18:20:21.80,5,3,"Crabtree, Thomas",826929,Right,SOU_GOL,"Frei, Gehrig",831539,Left,MSU_BDG,Undefined,1,Bottom,1,1,1,ChangeUp,Changeup,BallCalled,Undefined,Undefined,Undefined,0,0,,85.05903,-5.340876,-1.727957,1647.74778,237.084245,2:00,6.9165,1.00771,5.26901,-30.7349,8.88894,11.8693,-0.6786,0.37316,78.96923,-10.875684,0.383425,0.453054,,,,,,,,,,,,-6.50465,6.18768,-0.85909,50,6.40385,3.22479,-123.01875,-12.60272,-10.02383,23.12271,-22.63863,MSU_BDG,SOU_GOL,MSST,D1,SEC,20260324-MSST-1,088db580-27d8-11f1-af58-35dac0914731,83.19641,,,6.0898,,,,,,,dd9a23d0-46ab-4e69-8731-b6ab313b6345,2026-03-24,23:20:21.80,2026-03-24T18:20:21.8086400-05:00,2026-03-24T23:20:21.8086400Z,,v3,5080,471449,f283d7f39aaf4b10983d124063eab2d6,"Stockman, Tucker",838152,Right,SOU_GOL,961f52c9-fdbb-47f1-adc5-1289ec1404f0,55.2329,-123.99843,11.56136,6.91749,-11.64355,-11.31931,-1.00472,3.64948,-5.01191,,,,,,,,,,,,,,,,,,,,,,,,,,,,,,,,,,,,,,,,,,,,,,,,,,,High,High,High,,,,,,,,,,,,,,,,,,,,,,,,,,,,,,,,,,,,
34,2026-03-24,18:20:48.89,5,4,"Crabtree, Thomas",826929,Right,SOU_GOL,"Frei, Gehrig",831539,Left,MSU_BDG,Undefined,1,Bottom,1,2,1,Fastball,Four-Seam,InPlay,Undefined,GroundBall,Single,0,2,,94.43624,-4.422611,-1.47661,2171.149342,208.734386,1:00,6.86145,0.95636,5.69565,-14.4708,17.14025,8.85103,1.5245,0.31758,86.73952,-7.145892,0.10634,0.40466,105.60271,-1.757327,2.27919,,,,,25.49944,22.55738,1.420426,0.1627,-4.91469,10.21945,-0.83805,50,6.48034,3.12789,-136.7943,-11.0455,-9.34628,29.15641,-12.73972,MSU_BDG,SOU_GOL,MSST,D1,SEC,20260324-MSST-1,18b48920-27d8-11f1-af58-35dac0914731,93.14584,1.45117,,7.69672,,,,0.94128,1.45117,-0.29712,dd9a23d0-46ab-4e69-8731-b6ab313b6345,2026-03-24,23:20:48.89,2026-03-24T18:20:48.8977408-05:00,2026-03-24T23:20:48.8977408Z,GroundBall,v3,5080,471449,f283d7f39aaf4b10983d124063eab2d6,"Stockman, Tucker",838152,Right,SOU_GOL,a11262b3-2a56-45bd-b4f4-fbfd3e66921d,54.80401,-137.81442,14.57821,6.85901,-10.59976,-6.36986,-0.95321,3.4549,-4.67314,9.752812,0.94193,154.6361,-23.05156,,,,,,,1.45204,-4.82069,-25.25739,,,,,,,-0.29699,6.14628,-2.68355,,,,,,,,,,,,,,,,,,,,,,,,,,,,,High,High,High,High,High,,,,,,,,,,,,,,,,,,,,,,,,,,,,,,,,,,
35,2026-03-24,18:24:15.50,6,1,"Armistead, JW",838156,Right,SOU_GOL,"Woodson, Ryder",829665,Right,MSU_BDG,Undefined,1,Bottom,1,0,0,Fastball,Sinker,BallCalled,Undefined,Undefined,Undefined,0,0,,90.45493,1.28285,-4.595014,1971.298061,251.579363,2:30,4.10438,2.16475,6.2464,-30.0862,3.7615,8.11119,2.78438,-1.4064,82.55297,-4.32143,-3.137282,0.418732,,,,,,,,,,,,-5.46138,1.93543,-1.82607,50,4.18546,10.19774,-131.06747,1.93626,-9.50214,27.64727,-28.80665,MSU_BDG,SOU_GOL,MSST,D1,SEC,20260324-MSST-1,94327530-27d8-11f1-af58-35dac0914731,90.01569,,,7.90195,,,,,,,dd9a23d0-46ab-4e69-8731-b6ab313b6345,2026-03-24,23:24:15.50,2026-03-24T18:24:15.5063296-05:00,2026-03-24T23:24:15.5063296Z,,v3,5080,471449,f283d7f39aaf4b10983d124063eab2d6,"Stockman, Tucker",838152,Right,SOU_GOL,8dd6609d-4a02-4208-943e-321895e0fc7d,54.25223,-131.96139,13.82364,4.1078,2.86766,-14.40332,-2.16075,10.50497,-4.75107,,,,,,,,,,,,,,,,,,,,,,,,,,,,,,,,,,,,,,,,,,,,,,,,,,,High,High,High,,,,,,,,,,,,,,,,,,,,,,,,,,,,,,,,,,,,
36,2026-03-24,18:25:53.36,6,2,"Armistead, JW",838156,Right,SOU_GOL,"Woodson, Ryder",829665,Right,MSU_BDG,Undefined,1,Bottom,1,1,0,Sinker,Sinker,InPlay,Undefined,GroundBall,Single,0,1,,89.50499,0.498759,-3.478625,1910.025012,255.601487,2:30,4.05869,2.33123,6.06239,-30.39254,4.45126,12.90123,1.98845,0.18288,81.46584,-5.158604,-1.160451,0.424849,99.97768,-3.176691,-28.849589,3960.139401,,,,40.8238,37.84816,-31.163796,0.271725,-7.69225,2.4676,-2.06805,50,4.08116,7.36342,-129.84086,0.10446,-13.07034,28.36913,-27.98119,MSU_BDG,SOU_GOL,MSST,D1,SEC,20260324-MSST-1,ce2fe2e0-27d8-11f1-af58-35dac0914731,88.7197,2.8533,,8.03915,,,,1.80829,2.8533,-0.90136,dd9a23d0-46ab-4e69-8731-b6ab313b6345,2026-03-24,23:25:53.36,2026-03-24T18:25:53.3648384-05:00,2026-03-24T23:25:53.3648384Z,GroundBall,v3,5080,471449,f283d7f39aaf4b10983d124063eab2d6,"Stockman, Tucker",838152,Right,SOU_GOL,0b8b539c-c802-404a-9161-c0fbb065fa23,54.43751,-130.80683,14.18457,4.06138,1.05721,-13.9906,-2.32635,7.80846,-6.53517,,1.80961,128.17434,-23.11288,,,,,,,2.85319,-8.12044,-8.75856,,,,,,,-0.89778,-70.81844,-13.38587,,,,,,,,,,,,,,,,,,,,,,,,,,,,,High,High,High,Medium,High,,,,,,,,,,,,,,,,,,,,,,,,,,,,,,,,,,
37,2026-03-24,18:26:39.68,7,1,"Armistead, JW",838156,Right,SOU_GOL,"Parker, Jacob",815834,Left,MSU_BDG,Undefined,1,Bottom,1,0,0,Sinker,Sinker,StrikeCalled,Undefined,Undefined,Undefined,0,0,,90.27985,0.273362,-3.496029,1999.037918,261.050206,2:45,3.99169,2.48319,5.78404,-31.24482,3.30973,13.94324,1.64276,0.38849,82.33029,-5.50031,-1.003118,0.423081,,,,,,,,,,,,-8.08095,1.95473,-2.20306,50,3.99554,7.38813,-130.91995,-0.50732,-13.9954,28.19049,-28.78867,MSU_BDG,SOU_GOL,MSST,D1,SEC,20260324-MSST-1,e9ce8100-27d8-11f1-af58-35dac0914731,89.0903,,,7.94956,,,,,,,dd9a23d0-46ab-4e69-8731-b6ab313b6345,2026-03-24,23:26:39.68,2026-03-24T18:26:39.6826112-05:00,2026-03-24T23:26:39.6826112Z,,v3,5080,471449,f283d7f39aaf4b10983d124063eab2d6,"Stockman, Tucker",838152,Right,SOU_GOL,6099b4c1-f3a3-4485-bc24-71659a30df7d,54.71513,-131.93133,14.09525,3.99521,0.52552,-14.39434,-2.47713,7.89024,-6.9977,,,,,,,,,,,,,,,,,,,,,,,,,,,,,,,,,,,,,,,,,,,,,,,,,,,High,High,High,,,,,,,,,,,,,,,,,,,,,,,,,,,,,,,,,,,,
38,2026-03-24,18:26:58.95,7,2,"Armistead, JW",838156,Right,SOU_GOL,"Parker, Jacob",815834,Left,MSU_BDG,Undefined,1,Bottom,1,0,1,Slider,Slider,StrikeSwinging,Undefined,Undefined,Undefined,0,0,,83.30624,0.789664,-2.957589,2504.974041,114.522535,9:45,4.25997,2.55284,5.78031,-35.68352,5.38248,-8.64493,2.0221,-0.92185,75.34885,-5.826026,-4.501514,0.461225,,,,,,,,,,,,3.42835,2.93854,-2.30352,50,4.30408,6.58902,-120.66955,0.4846,4.98058,26.70708,-27.90506,MSU_BDG,SOU_GOL,MSST,D1,SEC,20260324-MSST-1,f5531cc0-27d8-11f1-af58-35dac0914731,81.72251,,,7.95738,,,,,,,dd9a23d0-46ab-4e69-8731-b6ab313b6345,2026-03-24,23:26:58.95,2026-03-24T18:26:58.9507584-05:00,2026-03-24T23:26:58.9507584Z,,v3,5080,471449,f283d7f39aaf4b10983d124063eab2d6,"Stockman, Tucker",838152,Right,SOU_GOL,ed1ae884-6f50-4b4b-bdf4-0a4a471a8fd8,54.71566,-121.70877,13.35354,4.2641,1.57043,-13.95253,-2.55614,6.39521,2.49029,,,,,,,,,,,,,,,,,,,,,,,,,,,,,,,,,,,,,,,,,,,,,,,,,,,High,High,High,,,,,,,,,,,,,,,,,,,,,,,,,,,,,,,,,,,,
39,2026-03-24,18:27:18.44,7,3,"Armistead, JW",838156,Right,SOU_GOL,"Parker, Jacob",815834,Left,MSU_BDG,Undefined,1,Bottom,1,0,2,Slider,Slider,FoulBallFieldable,Undefined,Undefined,Undefined,0,0,,81.14004,0.772281,-3.119498,2387.345814,111.283145,9:45,4.24054,2.59949,5.84251,-35.92526,7.14107,-14.61221,1.9656,-1.52015,73.74097,-5.888872,-5.729291,0.472324,,,,,,,,,,,,6.59347,3.77764,-2.33622,50,4.28236,6.95616,-117.62299,0.46911,9.11422,25.08134,-26.9522,MSU_BDG,SOU_GOL,MSST,D1,SEC,20260324-MSST-1,00e6fac0-27d9-11f1-af58-35dac0914731,79.80205,,,7.39907,,,,,,,dd9a23d0-46ab-4e69-8731-b6ab313b6345,2026-03-24,23:27:18.44,2026-03-24T18:27:18.4421376-05:00,2026-03-24T23:27:18.4421376Z,,v3,5080,471449,f283d7f39aaf4b10983d124063eab2d6,"Stockman, Tucker",838152,Right,SOU_GOL,f93c78c3-60a6-4947-8aef-b19b78fab783,54.65759,-118.61199,12.54067,4.24291,1.53188,-13.4761,-2.60343,6.59677,4.55711,,,,,,,,,,,,,,,,,,,,,,,,,,,,,,,,,,,,,,,,,,,,,,,,,,,High,High,High,,,,,,,,,,,,,,,,,,,,,,,,,,,,,,,,,,,,
40,2026-03-24,18:27:41.38,7,4,"Armistead, JW",838156,Right,SOU_GOL,"Parker, Jacob",815834,Left,MSU_BDG,Undefined,1,Bottom,1,0,2,Slider,Slider,BallCalled,Undefined,Undefined,Undefined,0,0,,82.6306,-0.214213,-2.66094,2359.536825,108.981917,9:45,4.38268,2.55293,5.92761,-35.11514,6.08296,-13.76631,1.25745,-1.06502,75.45266,-6.712949,-5.127775,0.461966,,,,,,,,,,,,6.23197,3.6076,-2.33251,50,4.34589,6.11229,-119.86586,-1.57069,8.99235,24.94645,-26.96849,MSU_BDG,SOU_GOL,MSST,D1,SEC,20260324-MSST-1,0e9a0f40-27d9-11f1-af58-35dac0914731,81.59139,,,7.17794,,,,,,,dd9a23d0-46ab-4e69-8731-b6ab313b6345,2026-03-24,23:27:41.38,2026-03-24T18:27:41.3823488-05:00,2026-03-24T23:27:41.3823488Z,,v3,5080,471449,f283d7f39aaf4b10983d124063eab2d6,"Stockman, Tucker",838152,Right,SOU_GOL,66459434-0e69-4598-af13-7bebfe8daffe,54.57025,-120.81328,12.47323,4.3861,-0.54648,-13.48425,-2.55815,5.77078,4.49618,,,,,,,,,,,,,,,,,,,,,,,,,,,,,,,,,,,,,,,,,,,,,,,,,,,High,High,High,,,,,,,,,,,,,,,,,,,,,,,,,,,,,,,,,,,,
41,2026-03-24,18:28:03.04,7,5,"Armistead, JW",838156,Right,SOU_GOL,"Parker, Jacob",815834,Left,MSU_BDG,Undefined,1,Bottom,1,1,2,Fastball,Sinker,BallCalled,Undefined,Undefined,Undefined,0,0,,90.71701,2.453226,-1.679335,2061.604763,240.443108,2:00,4.05032,2.46174,6.05219,-28.36395,5.3274,7.60004,3.95994,1.54009,82.87611,-2.831182,-0.312682,0.417764,,,,,,,,,,,,-4.33,2.41843,-2.33496,50,4.22617,3.53318,-131.69748,4.66723,-7.6274,27.1874,-27.91396,MSU_BDG,SOU_GOL,MSST,D1,SEC,20260324-MSST-1,1b7e6210-27d9-11f1-af58-35dac0914731,90.2243,,,7.8409,,,,,,,dd9a23d0-46ab-4e69-8731-b6ab313b6345,2026-03-24,23:28:03.04,2026-03-24T18:28:03.0464000-05:00,2026-03-24T23:28:03.0464000Z,,v3,5080,471449,f283d7f39aaf4b10983d124063eab2d6,"Stockman, Tucker",838152,Right,SOU_GOL,8aec2717-d07b-49c3-a83d-b67ec5fad2ae,54.44571,-132.61207,13.5937,4.05337,5.60626,-13.95698,-2.45813,3.78976,-3.8137,,,,,,,,,,,,,,,,,,,,,,,,,,,,,,,,,,,,,,,,,,,,,,,,,,,High,High,High,,,,,,,,,,,,,,,,,,,,,,,,,,,,,,,,,,,,
42,2026-03-24,18:28:26.11,7,6,"Armistead, JW",838156,Right,SOU_GOL,"Parker, Jacob",815834,Left,MSU_BDG,Undefined,1,Bottom,1,2,2,Fastball,Sinker,FoulBallFieldable,Undefined,Undefined,Undefined,0,0,,89.5563,0.116537,-3.140711,2029.383812,239.138371,2:00,4.04575,2.57023,6.28434,-28.61246,5.69847,7.76158,1.76895,0.31954,82.00245,-5.227215,-1.739895,0.421587,85.59427,22.465764,-51.742056,4601.339641,59.3913,33.37102,-92.58839,258.96712,163.37883,-64.141625,3.040063,-4.90799,3.24673,-2.34219,50,4.04049,6.82685,-130.05342,-0.66074,-8.41308,27.062,-26.60865,MSU_BDG,SOU_GOL,MSST,D1,SEC,20260324-MSST-1,293ee410-27d9-11f1-af58-35dac0914731,89.40602,35.28186,,7.55385,,,,0.33856,2.03346,-0.44525,dd9a23d0-46ab-4e69-8731-b6ab313b6345,2026-03-24,23:28:26.11,2026-03-24T18:28:26.1154304-05:00,2026-03-24T23:28:26.1154304Z,LineDrive,v3,5080,471449,f283d7f39aaf4b10983d124063eab2d6,"Stockman, Tucker",838152,Right,SOU_GOL,1e77ce47-994f-4f2b-bdf3-a803545b610f,54.21531,-130.92762,13.531,4.04795,0.19881,-13.30432,-2.56711,7.09862,-4.20654,,0.33851,71.83908,-20.60915,5.2575,-1.12372,0.16265,-0.00842,-0.00221,0.00037,2.03346,47.97002,-18.66343,1.10171,-0.14118,0.05575,-0.0244,0.00622,-0.0006,-0.44532,-91.09078,6.06199,-0.24425,-0.19448,0.09098,-0.02415,0.00397,-0.00031,,,,,,,,,,,,,,,,,,,,,,,High,High,High,High,Medium,,,,,,,,,,,,,,,,,,,,,,,,,,,,,,,,,,
43,2026-03-24,18:28:50.03,7,7,"Armistead, JW",838156,Right,SOU_GOL,"Parker, Jacob",815834,Left,MSU_BDG,Undefined,1,Bottom,1,2,2,Cutter,Slider,InPlay,Undefined,GroundBall,Out,1,0,,82.52955,-0.202891,-2.420092,2238.158113,152.525253,11:00,4.20571,2.70192,5.90342,-32.31309,8.22693,-3.69933,1.32444,0.14577,76.56149,-6.166002,-3.083338,0.458262,87.44124,-17.511401,54.132759,,,,,5.70023,5.70023,36.45834,0.035924,1.32047,4.60323,-2.50517,50,4.17064,5.20971,-119.97191,-1.4483,1.9475,20.61675,-25.38494,MSU_BDG,SOU_GOL,MSST,D1,SEC,20260324-MSST-1,377d2190-27d9-11f1-af58-35dac0914731,82.25093,1.38796,,5.96806,,,,2.00723,1.38796,-0.17754,dd9a23d0-46ab-4e69-8731-b6ab313b6345,2026-03-24,23:28:50.03,2026-03-24T18:28:50.0380160-05:00,2026-03-24T23:28:50.0380160Z,GroundBall,v3,5080,471449,f283d7f39aaf4b10983d124063eab2d6,"Stockman, Tucker",838152,Right,SOU_GOL,589820cb-d276-4f53-9823-25959349c52f,54.5974,-120.75937,10.30837,4.20744,-0.47871,-12.69247,-2.70274,5.13532,0.97375,,2.00672,71.74668,,,,,,,,1.38823,-38.63626,,,,,,,,-0.17824,99.23355,,,,,,,,,,,,,,,,,,,,,,,,,,,,,,High,High,High,Estimated,Estimated,,,,,,,,,,,,,,,,,,,,,,,,,,,,,,,,,,
44,2026-03-24,18:29:28.41,8,1,"Armistead, JW",838156,Right,SOU_GOL,"Milewski, Kevin",831000,Right,MSU_BDG,Undefined,1,Bottom,2,0,0,Slider,Slider,StrikeSwinging,Undefined,Undefined,Undefined,0,0,,82.69727,0.620429,-3.296851,2272.508929,123.231782,10:00,4.19509,2.59182,5.85341,-33.64073,7.42363,-9.38288,1.96915,-1.25676,75.73494,-5.605701,-4.973292,0.461215,,,,,,,,,,,,3.85461,4.01701,-2.31831,50,4.226,7.27844,-119.93246,0.22176,5.60363,23.60598,-26.33432,MSU_BDG,SOU_GOL,MSST,D1,SEC,20260324-MSST-1,4e695b30-27d9-11f1-af58-35dac0914731,81.72414,,,6.96233,,,,,,,dd9a23d0-46ab-4e69-8731-b6ab313b6345,2026-03-24,23:29:28.41,2026-03-24T18:29:28.4166144-05:00,2026-03-24T23:29:28.4166144Z,,v3,5080,471449,f283d7f39aaf4b10983d124063eab2d6,"Stockman, Tucker",838152,Right,SOU_GOL,fe7633b1-0b16-4c3f-b395-236f8b656801,54.64481,-120.84323,11.80299,4.19784,1.23779,-13.16716,-2.59496,7.06224,2.80181,,,,,,,,,,,,,,,,,,,,,,,,,,,,,,,,,,,,,,,,,,,,,,,,,,,High,High,High,,,,,,,,,,,,,,,,,,,,,,,,,,,,,,,,,,,,
45,2026-03-24,18:29:46.36,8,2,"Armistead, JW",838156,Right,SOU_GOL,"Milewski, Kevin",831000,Right,MSU_BDG,Undefined,1,Bottom,2,0,1,Cutter,Slider,StrikeSwinging,Undefined,Undefined,Undefined,0,0,,82.66563,0.653961,-3.843371,2303.246838,146.40569,11:00,4.29266,2.57093,5.95148,-32.85927,7.8515,-4.42536,2.1623,-1.36772,76.12995,-5.427631,-4.634851,0.459225,,,,,,,,,,,,1.25787,4.23792,-2.26246,50,4.32635,8.22681,-119.90766,0.33522,1.84145,21.98982,-25.97006,MSU_BDG,SOU_GOL,MSST,D1,SEC,20260324-MSST-1,59174600-27d9-11f1-af58-35dac0914731,82.07828,,,6.53568,,,,,,,dd9a23d0-46ab-4e69-8731-b6ab313b6345,2026-03-24,23:29:46.36,2026-03-24T18:29:46.3605248-05:00,2026-03-24T23:29:46.3605248Z,,v3,5080,471449,f283d7f39aaf4b10983d124063eab2d6,"Stockman, Tucker",838152,Right,SOU_GOL,c83408f4-50af-4c95-83e5-6c9d8319dd1f,54.54719,-120.73869,10.99491,4.29513,1.31667,-12.98503,-2.57205,8.15722,0.92072,,,,,,,,,,,,,,,,,,,,,,,,,,,,,,,,,,,,,,,,,,,,,,,,,,,High,High,High,,,,,,,,,,,,,,,,,,,,,,,,,,,,,,,,,,,,
46,2026-03-24,18:30:03.77,8,3,"Armistead, JW",838156,Right,SOU_GOL,"Milewski, Kevin",831000,Right,MSU_BDG,Undefined,1,Bottom,2,0,2,Cutter,Slider,StrikeSwinging,Strikeout,Undefined,Undefined,0,0,,82.04777,0.634023,-2.729222,2292.162461,147.196568,11:00,4.29545,2.58032,5.7505,-33.44659,8.70205,-4.69047,2.09918,-0.35326,74.50229,-5.578625,-3.566912,0.467265,,,,,,,,,,,,1.54689,4.6687,-2.35073,50,4.32799,5.85738,-118.92396,0.24502,2.19479,24.77984,-25.54988,MSU_BDG,SOU_GOL,MSST,D1,SEC,20260324-MSST-1,637c19e0-27d9-11f1-af58-35dac0914731,80.66609,,,7.54548,,,,,,,dd9a23d0-46ab-4e69-8731-b6ab313b6345,2026-03-24,23:30:03.77,2026-03-24T18:30:03.7735936-05:00,2026-03-24T23:30:03.7735936Z,,v3,5080,471449,f283d7f39aaf4b10983d124063eab2d6,"Stockman, Tucker",838152,Right,SOU_GOL,12fc29e5-7baa-4094-b2b9-bb38a846f6c8,54.74599,-119.90879,12.38992,4.29807,1.26045,-12.77494,-2.58178,5.77015,1.0974,,,,,,,,,,,,,,,,,,,,,,,,,,,,,,,,,,,,,,,,,,,,,,,,,,,High,High,High,,,,,,,,,,,,,,,,,,,,,,,,,,,,,,,,,,,,
47,2026-03-24,18:32:16.08,1,1,"Billingsley, Chris",814695,Right,MSU_BDG,"Russo, Matthew",1000243142,Left,SOU_GOL,Undefined,2,Top,0,0,0,Fastball,Four-Seam,StrikeCalled,Undefined,Undefined,Undefined,0,0,,91.87861,-2.269497,-2.508915,2082.578434,197.41865,12:30,6.08983,1.34441,5.97008,-12.44469,20.69226,6.14989,2.94556,-0.47065,83.71449,-4.682971,-1.40518,0.414312,,,,,,,,,,,,-3.85016,11.56615,-1.14892,50,5.90279,5.56831,-133.23806,-5.59594,-6.9069,29.17561,-11.42528,MSU_BDG,SOU_GOL,MSST,D1,SEC,20260324-MSST-1,b24eef20-27d9-11f1-af58-35dac0914731,90.97596,,,8.16412,,,,,,,dd9a23d0-46ab-4e69-8731-b6ab313b6345,2026-03-24,23:32:16.08,2026-03-24T18:32:16.0825856-05:00,2026-03-24T23:32:16.0825856Z,,v3,5080,471449,f283d7f39aaf4b10983d124063eab2d6,"Milewski, Kevin",831000,Right,MSU_BDG,cbd8c3db-253c-4d1a-af7f-f770eb3193bb,54.52696,-134.22568,14.5878,6.08567,-5.20918,-5.71264,-1.34137,5.80212,-3.45345,,,,,,,,,,,,,,,,,,,,,,,,,,,,,,,,,,,,,,,,,,,,,,,,,,,High,High,High,,,,,,,,,,,,,,,,,,,,,,,,,,,,,,,,,,,,
48,2026-03-24,18:32:30.53,1,2,"Billingsley, Chris",814695,Right,MSU_BDG,"Russo, Matthew",1000243142,Left,SOU_GOL,Undefined,2,Top,0,0,1,Fastball,Four-Seam,StrikeCalled,Undefined,Undefined,Undefined,0,0,,92.4208,-3.231246,-2.712775,2034.505752,204.876774,12:45,5.97786,1.21585,5.88173,-12.71182,20.10202,8.82989,1.91125,-0.56946,84.5172,-5.675578,-1.130726,0.412287,,,,,,,,,,,,-5.25422,11.48764,-1.00177,50,5.70909,5.9582,-133.93966,-7.91218,-9.55635,28.60102,-11.28042,MSU_BDG,SOU_GOL,MSST,D1,SEC,20260324-MSST-1,bafaa150-27d9-11f1-af58-35dac0914731,91.42277,,,7.90359,,,,,,,dd9a23d0-46ab-4e69-8731-b6ab313b6345,2026-03-24,23:32:30.53,2026-03-24T18:32:30.5321472-05:00,2026-03-24T23:32:30.5321472Z,,v3,5080,471449,f283d7f39aaf4b10983d124063eab2d6,"Milewski, Kevin",831000,Right,MSU_BDG,48b51375-2c5a-4b99-ac23-f8e64bd5bf47,54.61663,-134.92188,14.30051,5.97416,-7.52479,-5.64021,-1.21203,6.28639,-4.77818,,,,,,,,,,,,,,,,,,,,,,,,,,,,,,,,,,,,,,,,,,,,,,,,,,,High,High,High,,,,,,,,,,,,,,,,,,,,,,,,,,,,,,,,,,,,
49,2026-03-24,18:32:47.33,1,3,"Billingsley, Chris",814695,Right,MSU_BDG,"Russo, Matthew",1000243142,Left,SOU_GOL,Undefined,2,Top,0,0,2,Cutter,Cutter,StrikeSwinging,Strikeout,Undefined,Undefined,0,0,,88.68219,-2.942458,-1.777817,2616.352624,149.197035,11:00,5.86313,1.91654,5.48504,-27.35525,8.81241,-4.5717,0.82686,-0.12827,81.48405,-7.955349,-2.592562,0.432844,,,,,,,,,,,,1.82886,5.60638,-1.75741,50,5.58637,4.18707,-128.56564,-7.59248,3.05925,26.79792,-22.79584,MSU_BDG,SOU_GOL,MSST,D1,SEC,20260324-MSST-1,c4f39400-27d9-11f1-af58-35dac0914731,87.08085,,,7.19815,,,,,,,dd9a23d0-46ab-4e69-8731-b6ab313b6345,2026-03-24,23:32:47.33,2026-03-24T18:32:47.3368576-05:00,2026-03-24T23:32:47.3368576Z,,v3,5080,471449,f283d7f39aaf4b10983d124063eab2d6,"Milewski, Kevin",831000,Right,MSU_BDG,5ab580c1-0f56-4ed8-932c-f574195e708a,55.01456,-129.60665,13.39896,5.86411,-6.70694,-11.39792,-1.91775,4.06823,1.52962,,,,,,,,,,,,,,,,,,,,,,,,,,,,,,,,,,,,,,,,,,,,,,,,,,,High,High,High,,,,,,,,,,,,,,,,,,,,,,,,,,,,,,,,,,,,
50,2026-03-24,18:33:15.73,2,1,"Billingsley, Chris",814695,Right,MSU_BDG,"Barrett, Drey",838145,Right,SOU_GOL,Undefined,2,Top,1,0,0,Fastball,Four-Seam,StrikeCalled,Undefined,Undefined,Undefined,0,0,,93.34508,-3.631325,-2.421478,2209.922562,192.808862,12:30,6.18728,1.13437,5.92047,-10.14879,22.19253,4.79296,1.9642,-0.71466,84.81602,-5.627215,-1.562132,0.409308,,,,,,,,,,,,-3.15603,12.74304,-0.94308,50,5.89013,5.50126,-135.15998,-8.80749,-5.80609,30.96944,-8.73083,MSU_BDG,SOU_GOL,MSST,D1,SEC,20260324-MSST-1,d5e7f0d0-27d9-11f1-af58-35dac0914731,92.08821,,,8.52907,,,,,,,dd9a23d0-46ab-4e69-8731-b6ab313b6345,2026-03-24,23:33:15.73,2026-03-24T18:33:15.7395456-05:00,2026-03-24T23:33:15.7395456Z,,v3,5080,471449,f283d7f39aaf4b10983d124063eab2d6,"Milewski, Kevin",831000,Right,MSU_BDG,9fd79ff7-f557-4f0f-b1fc-2d5384c2fce7,54.57653,-136.20457,15.48472,6.18224,-8.513,-4.36542,-1.13195,5.69709,-2.90304,,,,,,,,,,,,,,,,,,,,,,,,,,,,,,,,,,,,,,,,,,,,,,,,,,,High,High,High,,,,,,,,,,,,,,,,,,,,,,,,,,,,,,,,,,,,
51,2026-03-24,18:33:29.48,2,2,"Billingsley, Chris",814695,Right,MSU_BDG,"Barrett, Drey",838145,Right,SOU_GOL,Undefined,2,Top,1,0,1,Slider,Slider,BallCalled,Undefined,Undefined,Undefined,0,0,,88.48952,-3.968094,-3.531262,2615.531708,118.627657,10:00,5.87418,1.59467,5.55593,-31.83679,4.85209,-6.63599,-0.49947,-2.26194,81.0617,-9.750737,-4.713097,0.435952,,,,,,,,,,,,2.32752,3.98603,-1.2845,50,5.50901,8.17105,-127.90272,-10.03319,3.81939,28.6935,-25.63307,MSU_BDG,SOU_GOL,MSST,D1,SEC,20260324-MSST-1,de0c71a0-27d9-11f1-af58-35dac0914731,86.46008,,,7.42782,,,,,,,dd9a23d0-46ab-4e69-8731-b6ab313b6345,2026-03-24,23:33:29.48,2026-03-24T18:33:29.4895104-05:00,2026-03-24T23:33:29.4895104Z,,v3,5080,471449,f283d7f39aaf4b10983d124063eab2d6,"Milewski, Kevin",831000,Right,MSU_BDG,fad58cf7-95c9-4fb0-8973-16ad5b564715,54.94414,-129.00711,14.34675,5.87619,-9.04659,-12.81654,-1.59617,8.02404,1.90969,,,,,,,,,,,,,,,,,,,,,,,,,,,,,,,,,,,,,,,,,,,,,,,,,,,High,High,High,,,,,,,,,,,,,,,,,,,,,,,,,,,,,,,,,,,,
52,2026-03-24,18:33:52.15,2,3,"Billingsley, Chris",814695,Right,MSU_BDG,"Barrett, Drey",838145,Right,SOU_GOL,Undefined,2,Top,1,1,1,Fastball,Four-Seam,BallCalled,Undefined,Undefined,Undefined,0,0,,92.86223,-3.836146,-2.783343,2223.353436,196.606045,12:30,6.08724,0.98118,6.01012,-13.87564,19.21718,5.34681,1.36753,-1.15383,83.25698,-6.528559,-1.823147,0.414036,,,,,,,,,,,,-3.67047,11.51501,-0.76535,50,5.7778,6.2837,-134.18831,-9.36526,-6.55208,34.71928,-11.61885,MSU_BDG,SOU_GOL,MSST,D1,SEC,20260324-MSST-1,eb8f9c80-27d9-11f1-af58-35dac0914731,91.03662,,,9.60525,,,,,,,dd9a23d0-46ab-4e69-8731-b6ab313b6345,2026-03-24,23:33:52.15,2026-03-24T18:33:52.1578496-05:00,2026-03-24T23:33:52.1578496Z,,v3,5080,471449,f283d7f39aaf4b10983d124063eab2d6,"Milewski, Kevin",831000,Right,MSU_BDG,bdb41327-d4b0-4116-a610-9cb5dcb80c81,54.48413,-135.34354,17.35964,6.08298,-8.97866,-5.80942,-0.97806,6.50171,-3.27604,,,,,,,,,,,,,,,,,,,,,,,,,,,,,,,,,,,,,,,,,,,,,,,,,,,High,High,High,,,,,,,,,,,,,,,,,,,,,,,,,,,,,,,,,,,,
53,2026-03-24,18:34:06.59,2,4,"Billingsley, Chris",814695,Right,MSU_BDG,"Barrett, Drey",838145,Right,SOU_GOL,Undefined,2,Top,1,2,1,Fastball,Four-Seam,InPlay,Undefined,GroundBall,Out,1,0,,92.15736,-3.123213,-2.623523,2106.844835,197.829848,12:30,6.07431,1.10841,5.99397,-15.20481,18.19229,5.45221,1.90704,-0.87017,83.01562,-6.049495,-1.644433,0.415935,76.95772,-5.865532,0.218758,,,,,19.37268,18.09422,2.540741,0.156965,-3.67449,10.74453,-0.90468,50,5.81965,5.87798,-133.39224,-7.71213,-6.50876,33.21548,-13.14189,MSU_BDG,SOU_GOL,MSST,D1,SEC,20260324-MSST-1,f4292640-27d9-11f1-af58-35dac0914731,90.62094,2.05076,,9.14174,,,,2.06489,2.05076,0.82486,dd9a23d0-46ab-4e69-8731-b6ab313b6345,2026-03-24,23:34:06.59,2026-03-24T18:34:06.5932288-05:00,2026-03-24T23:34:06.5932288Z,GroundBall,v3,5080,471449,f283d7f39aaf4b10983d124063eab2d6,"Milewski, Kevin",831000,Right,MSU_BDG,78c52f9e-546b-4523-8d60-eb0947756466,54.50337,-134.50892,16.60774,6.07151,-7.2703,-6.57094,-1.10597,6.0968,-3.25438,164.572085,2.06531,112.24425,-13.41343,,,,,,,2.05076,-11.53441,-9.75176,,,,,,,0.82491,0.42416,-1.32935,,,,,,,,,,,,,,,,,,,,,,,,,,,,,High,High,High,High,High,,,,,,,,,,,,,,,,,,,,,,,,,,,,,,,,,,
54,2026-03-24,18:34:41.09,3,1,"Billingsley, Chris",814695,Right,MSU_BDG,"Eubanks, Gray",838141,Left,SOU_GOL,Undefined,2,Top,2,0,0,Fastball,Four-Seam,BallCalled,Undefined,Undefined,Undefined,0,0,,93.71731,-3.848396,-3.3855,2093.806776,202.348826,12:45,6.01132,1.35898,6.02676,-16.00564,16.05954,6.14642,1.10179,-1.26788,85.20074,-6.887357,-2.282109,0.407557,,,,,,,,,,,,-4.23977,9.80067,-1.09748,50,5.70092,7.76522,-135.61282,-9.62562,-7.82838,32.0121,-14.07786,MSU_BDG,SOU_GOL,MSST,D1,SEC,20260324-MSST-1,08b4b390-27da-11f1-af58-35dac0914731,92.4839,,,8.51656,,,,,,,dd9a23d0-46ab-4e69-8731-b6ab313b6345,2026-03-24,23:34:41.09,2026-03-24T18:34:41.0962944-05:00,2026-03-24T23:34:41.0962944Z,,v3,5080,471449,f283d7f39aaf4b10983d124063eab2d6,"Milewski, Kevin",831000,Right,MSU_BDG,1118c95b-063c-4c70-ad17-7d7982f7e341,54.47342,-136.66472,16.00605,6.0096,-9.16304,-7.03893,-1.35687,8.02246,-3.91419,,,,,,,,,,,,,,,,,,,,,,,,,,,,,,,,,,,,,,,,,,,,,,,,,,,High,High,High,,,,,,,,,,,,,,,,,,,,,,,,,,,,,,,,,,,,
55,2026-03-24,18:34:55.07,3,2,"Billingsley, Chris",814695,Right,MSU_BDG,"Eubanks, Gray",838141,Left,SOU_GOL,Undefined,2,Top,2,1,0,Fastball,Four-Seam,FoulBallFieldable,Undefined,Undefined,Undefined,0,0,,92.41283,-1.943766,-3.298589,2175.288594,205.084577,12:45,5.87552,1.52583,6.07798,-14.97485,18.24568,7.94674,2.8255,-0.8673,82.78599,-4.850618,-1.870832,0.414834,77.81181,71.127184,-96.349886,3816.443306,,,,,14.03083,,,-5.21807,10.42382,-1.27475,50,5.71716,7.36488,-133.75717,-4.94904,-9.25511,34.49147,-13.68574,MSU_BDG,SOU_GOL,MSST,D1,SEC,20260324-MSST-1,1112baf0-27da-11f1-af58-35dac0914731,90.8614,39.80663,,9.62684,,,,1.12403,2.86477,0.87438,dd9a23d0-46ab-4e69-8731-b6ab313b6345,2026-03-24,23:34:55.07,2026-03-24T18:34:55.0714368-05:00,2026-03-24T23:34:55.0714368Z,,v3,5080,471449,f283d7f39aaf4b10983d124063eab2d6,"Milewski, Kevin",831000,Right,MSU_BDG,8f134265-7ab5-4722-8d43-4ffc49a8f3f8,54.41824,-134.89167,17.24574,5.87254,-4.49888,-6.84287,-1.522,7.6693,-4.62755,16.753485,1.13285,-4.39197,-8.55681,,,,,,,2.87243,107.72304,-28.99328,,,,,,,0.88177,-36.94921,-4.71034,,,,,,,,,,,,,,,,,,,,,,,,,,,,,High,High,High,High,Undefined,,,,,,,,,,,,,,,,,,,,,,,,,,,,,,,,,,
56,2026-03-24,18:35:21.10,3,3,"Billingsley, Chris",814695,Right,MSU_BDG,"Eubanks, Gray",838141,Left,SOU_GOL,Undefined,2,Top,2,1,1,Fastball,Four-Seam,StrikeCalled,Undefined,Undefined,Undefined,0,0,,93.65187,-3.970627,-1.985315,2175.408529,206.928832,1:00,6.04307,1.14385,6.06437,-12.43426,19.08481,9.21394,1.32406,0.07358,86.33992,-6.346953,-0.327161,0.404071,,,,,,,,,,,,-5.24886,11.13886,-0.99468,50,5.72769,4.31254,-135.82987,-9.77193,-9.89239,27.30009,-11.18099,MSU_BDG,SOU_GOL,MSST,D1,SEC,20260324-MSST-1,2098e1c0-27da-11f1-af58-35dac0914731,93.28161,,,7.31194,,,,,,,dd9a23d0-46ab-4e69-8731-b6ab313b6345,2026-03-24,23:35:21.10,2026-03-24T18:35:21.1092480-05:00,2026-03-24T23:35:21.1092480Z,,v3,5080,471449,f283d7f39aaf4b10983d124063eab2d6,"Milewski, Kevin",831000,Right,MSU_BDG,c2cdc674-c503-4b2c-858c-196bccd5fa65,54.43525,-136.71839,13.65004,6.03981,-9.40802,-5.5905,-1.14028,4.6345,-4.94619,,,,,,,,,,,,,,,,,,,,,,,,,,,,,,,,,,,,,,,,,,,,,,,,,,,High,High,High,,,,,,,,,,,,,,,,,,,,,,,,,,,,,,,,,,,,
57,2026-03-24,18:35:35.58,3,4,"Billingsley, Chris",814695,Right,MSU_BDG,"Eubanks, Gray",838141,Left,SOU_GOL,Undefined,2,Top,2,1,2,Fastball,Four-Seam,FoulBallFieldable,Undefined,Undefined,Undefined,0,0,,94.8362,-2.374751,-2.801738,2213.690639,199.958856,12:45,5.93224,1.36615,5.95956,-11.20197,19.68021,6.80618,2.79273,-0.66681,87.05989,-4.539114,-1.580931,0.399968,68.51303,-10.915578,-54.386014,,,,,11.78672,11.78672,-51.814795,0.12561,-4.23398,11.02465,-1.14744,50,5.73715,6.43617,-137.62522,-6.01306,-8.16885,28.84023,-10.90348,MSU_BDG,SOU_GOL,MSST,D1,SEC,20260324-MSST-1,29433460-27da-11f1-af58-35dac0914731,94.23863,2.59631,,7.77631,,,,0.21381,2.59631,0.80916,dd9a23d0-46ab-4e69-8731-b6ab313b6345,2026-03-24,23:35:35.58,2026-03-24T18:35:35.5887104-05:00,2026-03-24T23:35:35.5887104Z,GroundBall,v3,5080,471449,f283d7f39aaf4b10983d124063eab2d6,"Milewski, Kevin",831000,Right,MSU_BDG,e0f49122-061e-4607-a1ed-12533e906b38,54.54007,-138.57335,14.42012,5.92894,-5.6546,-5.45174,-1.36345,6.70472,-4.08443,89.552687,0.21385,57.45145,-9.11126,,,,,,,2.59635,-19.03248,-13.03881,,,,,,,0.80918,-80.21479,0.12772,,,,,,,,,,,,,,,,,,,,,,,,,,,,,High,High,High,High,High,,,,,,,,,,,,,,,,,,,,,,,,,,,,,,,,,,
58,2026-03-24,18:35:58.62,3,5,"Billingsley, Chris",814695,Right,MSU_BDG,"Eubanks, Gray",838141,Left,SOU_GOL,Undefined,2,Top,2,1,2,Slider,Slider,FoulBallFieldable,Undefined,Undefined,Undefined,0,0,,88.27412,-1.364788,-0.879202,2520.277757,87.732367,9:00,5.92446,1.80228,5.6937,-35.16498,0.86677,-5.70803,1.72176,0.50718,81.3137,-7.798672,-1.90163,0.43203,79.08742,19.509087,-130.22782,4260.887707,,,,136.77088,46.80551,-142.223381,1.654849,2.67272,1.13457,-1.72476,50,5.78771,2.20873,-128.2379,-4.33311,4.45745,26.14051,-30.28189,MSU_BDG,SOU_GOL,MSST,D1,SEC,20260324-MSST-1,36f90800-27da-11f1-af58-35dac0914731,87.24491,15.10419,,6.96041,,,,0.29879,1.55783,-0.24283,dd9a23d0-46ab-4e69-8731-b6ab313b6345,2026-03-24,23:35:58.62,2026-03-24T18:35:58.6281984-05:00,2026-03-24T23:35:58.6281984Z,LineDrive,v3,5080,471449,f283d7f39aaf4b10983d124063eab2d6,"Milewski, Kevin",831000,Right,MSU_BDG,a1ed8a15-c906-4a96-b8e6-360ad148ac73,54.80643,-129.21395,13.07026,5.92839,-3.20243,-15.14095,-1.80413,2.0423,2.22872,,0.60947,-73.52837,4.65579,,,,,,,2.26577,32.58356,-20.72515,,,,,,,-1.08688,-76.11223,16.03751,,,,,,,,,,,,,,,,,,,,,,,,,,,,,High,High,High,High,Low,,,,,,,,,,,,,,,,,,,,,,,,,,,,,,,,,,
59,2026-03-24,18:36:18.16,3,6,"Billingsley, Chris",814695,Right,MSU_BDG,"Eubanks, Gray",838141,Left,SOU_GOL,Undefined,2,Top,2,1,2,Fastball,Four-Seam,BallCalled,Undefined,Undefined,Undefined,0,0,,93.71261,-0.873849,-1.499371,2137.486716,194.749553,12:30,6.02921,1.23399,5.80604,-12.09009,19.97907,4.97906,4.20869,0.25421,85.05801,-3.22318,-0.607665,0.407582,,,,,,,,,,,,-2.95335,10.71985,-1.11382,50,5.9502,3.32892,-135.98138,-2.38753,-5.50307,31.16574,-12.19938,MSU_BDG,SOU_GOL,MSST,D1,SEC,20260324-MSST-1,429ff8d0-27da-11f1-af58-35dac0914731,92.47817,,,8.6546,,,,,,,dd9a23d0-46ab-4e69-8731-b6ab313b6345,2026-03-24,23:36:18.16,2026-03-24T18:36:18.1681664-05:00,2026-03-24T23:36:18.1681664Z,,v3,5080,471449,f283d7f39aaf4b10983d124063eab2d6,"Milewski, Kevin",831000,Right,MSU_BDG,860761d9-2f70-4423-84b2-2d0dd08b5185,54.68983,-137.05204,15.58287,6.02502,-1.96844,-6.09969,-1.23142,3.51797,-2.75153,,,,,,,,,,,,,,,,,,,,,,,,,,,,,,,,,,,,,,,,,,,,,,,,,,,High,High,High,,,,,,,,,,,,,,,,,,,,,,,,,,,,,,,,,,,,
60,2026-03-24,18:36:34.97,3,7,"Billingsley, Chris",814695,Right,MSU_BDG,"Eubanks, Gray",838141,Left,SOU_GOL,Undefined,2,Top,2,2,2,Fastball,Four-Seam,InPlay,Undefined,GroundBall,Double,0,0,,92.36375,-2.355298,-2.470758,2169.528099,210.385641,1:00,6.00593,1.29929,6.1207,-16.57525,15.98922,8.75626,2.44395,-0.25663,84.3457,-5.508471,-0.893867,0.410718,87.83867,-13.435533,-44.486345,,,,,9.45521,9.42989,-42.566678,0.077235,-5.22965,9.24812,-1.11455,50,5.81666,5.41356,-134.01318,-6.00591,-9.49507,29.40542,-15.38293,MSU_BDG,SOU_GOL,MSST,D1,SEC,20260324-MSST-1,4c9b0e60-27da-11f1-af58-35dac0914731,91.77217,2.31646,,8.01805,,,,0.04579,2.31646,0.39899,dd9a23d0-46ab-4e69-8731-b6ab313b6345,2026-03-24,23:36:34.97,2026-03-24T18:36:34.9782528-05:00,2026-03-24T23:36:34.9782528Z,GroundBall,v3,5080,471449,f283d7f39aaf4b10983d124063eab2d6,"Milewski, Kevin",831000,Right,MSU_BDG,ddc92392-b392-46cd-9d7e-b10f92c8e8b8,54.37813,-134.97042,14.70271,6.00402,-5.50514,-7.69147,-1.29581,5.72266,-4.74754,180,0.04362,89.5695,,,,,,,,2.31719,-29.9925,,,,,,,,0.40113,-87.97776,,,,,,,,,,,,,,,,,,,,,,,,,,,,,,High,High,High,High,High,,,,,,,,,,,,,,,,,,,,,,,,,,,,,,,,,,
61,2026-03-24,18:37:23.91,4,1,"Billingsley, Chris",814695,Right,MSU_BDG,"Stockman, Tucker",838152,Right,SOU_GOL,Undefined,2,Top,2,0,0,Fastball,Four-Seam,FoulBallFieldable,Undefined,Undefined,Undefined,0,0,,93.51787,-1.956243,-2.221878,2231.659105,201.973725,12:45,6.10603,1.06348,5.91145,-12.91229,19.44816,7.378,3.21226,-0.38494,84.34254,-4.467817,-0.898561,0.409429,76.43997,26.067404,167.075901,2746.752727,,,,,46.86982,,,-4.47709,10.91048,-0.88938,50,5.94173,4.92817,-135.53125,-4.97448,-8.21745,33.27447,-12.14852,MSU_BDG,SOU_GOL,MSST,D1,SEC,20260324-MSST-1,69c8b0f0-27da-11f1-af58-35dac0914731,92.06099,21.83652,,9.17533,,,,0.92662,3.22126,0.3946,dd9a23d0-46ab-4e69-8731-b6ab313b6345,2026-03-24,23:37:23.91,2026-03-24T18:37:23.9107072-05:00,2026-03-24T23:37:23.9107072Z,,v3,5080,471449,f283d7f39aaf4b10983d124063eab2d6,"Milewski, Kevin",831000,Right,MSU_BDG,22a3207d-02e0-4052-8ce8-8fc4f7be4618,54.58528,-136.65235,16.63723,6.10243,-4.56516,-6.07426,-1.06009,5.20503,-4.10873,301.963582,0.92452,-98.10091,7.24439,,,,,,,3.23454,48.90573,-22.99221,,,,,,,0.40602,22.2141,-8.17145,,,,,,,,,,,,,,,,,,,,,,,,,,,,,High,High,High,High,Undefined,,,,,,,,,,,,,,,,,,,,,,,,,,,,,,,,,,
62,2026-03-24,18:37:43.15,4,2,"Billingsley, Chris",814695,Right,MSU_BDG,"Stockman, Tucker",838152,Right,SOU_GOL,Undefined,2,Top,2,0,1,Fastball,Four-Seam,BallCalled,Undefined,Undefined,Undefined,0,0,,94.65101,-2.096633,-2.725975,2226.508831,206.601576,1:00,6.15917,0.99481,5.81409,-13.31056,18.40021,8.6463,3.09734,-0.82131,85.41813,-4.66903,-1.178812,0.405298,,,,,,,,,,,,-5.22445,10.33898,-0.77638,50,5.97934,6.1228,-137.07938,-5.39524,-9.82462,33.60847,-12.73142,MSU_BDG,SOU_GOL,MSST,D1,SEC,20260324-MSST-1,754695f0-27da-11f1-af58-35dac0914731,92.99924,,,9.23288,,,,,,,dd9a23d0-46ab-4e69-8731-b6ab313b6345,2026-03-24,23:37:43.15,2026-03-24T18:37:43.1556096-05:00,2026-03-24T23:37:43.1556096Z,,v3,5080,471449,f283d7f39aaf4b10983d124063eab2d6,"Milewski, Kevin",831000,Right,MSU_BDG,e19a634d-4677-4f96-a41f-2242c10fd8b6,54.68147,-138.2224,16.80424,6.15546,-4.96225,-6.36571,-0.99029,6.45693,-4.91231,,,,,,,,,,,,,,,,,,,,,,,,,,,,,,,,,,,,,,,,,,,,,,,,,,,High,High,High,,,,,,,,,,,,,,,,,,,,,,,,,,,,,,,,,,,,
63,2026-03-24,18:38:01.43,4,3,"Billingsley, Chris",814695,Right,MSU_BDG,"Stockman, Tucker",838152,Right,SOU_GOL,Undefined,2,Top,2,1,1,Fastball,Four-Seam,FoulBallFieldable,Undefined,Undefined,Undefined,0,0,,93.19056,-2.703844,-2.45242,2106.842073,187.823962,12:15,6.05922,0.90709,6.17338,-11.77831,20.44332,2.65315,2.57636,-1.13818,84.33341,-5.01188,-1.974482,0.40855,74.35395,27.541705,158.807822,3275.341474,,,,,46.99381,,,-2.09,11.63099,-0.72261,50,5.84768,5.66072,-134.99214,-6.6329,-3.82143,31.88603,-10.90744,MSU_BDG,SOU_GOL,MSST,D1,SEC,20260324-MSST-1,802de040-27da-11f1-af58-35dac0914731,92.25907,22.47472,,8.85715,,,,0.475,2.4475,1.12527,dd9a23d0-46ab-4e69-8731-b6ab313b6345,2026-03-24,23:38:01.43,2026-03-24T18:38:01.4325760-05:00,2026-03-24T23:38:01.4325760Z,,v3,5080,471449,f283d7f39aaf4b10983d124063eab2d6,"Milewski, Kevin",831000,Right,MSU_BDG,ec500a95-d07a-4aa4-873b-755d7e7919cd,54.31962,-136.00864,15.94301,6.05359,-6.28518,-5.45372,-0.90502,5.78254,-1.91072,291.445058,0.475,-90.15478,6.89298,-0.40868,0.0069,0.0297,-0.0162,0.01346,-0.00591,2.4475,50.42514,-23.35442,2.40143,-0.4938,0.09751,-0.01979,0.0057,-0.00148,1.12527,34.95457,-11.3515,2.40799,-0.55312,0.10992,-0.02517,0.00715,-0.00175,,,,,,,,,,,,,,,,,,,,,,,High,High,High,High,Undefined,,,,,,,,,,,,,,,,,,,,,,,,,,,,,,,,,,
64,2026-03-24,18:38:26.96,4,4,"Billingsley, Chris",814695,Right,MSU_BDG,"Stockman, Tucker",838152,Right,SOU_GOL,Undefined,2,Top,2,1,2,Fastball,Four-Seam,BallCalled,Undefined,Undefined,Undefined,0,0,,93.97141,-2.752653,-3.490157,2102.520578,203.279269,12:45,5.9843,0.8786,5.98272,-15.6806,16.11174,6.47433,2.11944,-1.82091,85.56582,-5.734841,-2.329299,0.405819,,,,,,,,,,,,-4.31697,9.37709,-0.60613,50,5.75765,8.01064,-136.08569,-7.02572,-8.06454,30.93008,-14.65665,MSU_BDG,SOU_GOL,MSST,D1,SEC,20260324-MSST-1,8f5f5760-27da-11f1-af58-35dac0914731,92.8799,,,8.40559,,,,,,,dd9a23d0-46ab-4e69-8731-b6ab313b6345,2026-03-24,23:38:26.96,2026-03-24T18:38:26.9667328-05:00,2026-03-24T23:38:26.9667328Z,,v3,5080,471449,f283d7f39aaf4b10983d124063eab2d6,"Milewski, Kevin",831000,Right,MSU_BDG,e7ed90dc-3f5b-4e46-bc74-867c3cc566cf,54.51436,-137.10789,15.46504,5.98183,-6.54133,-7.32832,-0.87528,8.27716,-4.03227,,,,,,,,,,,,,,,,,,,,,,,,,,,,,,,,,,,,,,,,,,,,,,,,,,,High,High,High,,,,,,,,,,,,,,,,,,,,,,,,,,,,,,,,,,,,
65,2026-03-24,18:38:45.36,4,5,"Billingsley, Chris",814695,Right,MSU_BDG,"Stockman, Tucker",838152,Right,SOU_GOL,Undefined,2,Top,2,2,2,Cutter,Slider,FoulBallFieldable,Undefined,Undefined,Undefined,0,0,,89.04919,-1.669839,-3.106949,2574.86722,175.261437,11:45,5.83542,1.82951,5.79495,-31.60293,3.8176,-0.22547,1.64587,-1.08213,81.84476,-7.475,-3.147299,0.42835,,,,,,,,,,,,-0.74846,2.71622,-1.57361,50,5.67876,7.02075,-129.17173,-4.88726,-1.26455,26.91,-27.58493,MSU_BDG,SOU_GOL,MSST,D1,SEC,20260324-MSST-1,9a52fdc0-27da-11f1-af58-35dac0914731,87.99446,,,7.20443,,,,,,,dd9a23d0-46ab-4e69-8731-b6ab313b6345,2026-03-24,23:38:45.36,2026-03-24T18:38:45.3678592-05:00,2026-03-24T23:38:45.3678592Z,,v3,5080,471449,f283d7f39aaf4b10983d124063eab2d6,"Milewski, Kevin",831000,Right,MSU_BDG,3ce621fb-7fe0-4bb9-954b-ca380791447f,54.70527,-130.14827,13.455,5.83796,-3.88623,-13.79246,-1.82922,7.06664,-0.63228,,,,,,,,,,,,,,,,,,,,,,,,,,,,,,,,,,,,,,,,,,,,,,,,,,,High,High,High,,,,,,,,,,,,,,,,,,,,,,,,,,,,,,,,,,,,
66,2026-03-24,18:39:10.14,4,6,"Billingsley, Chris",814695,Right,MSU_BDG,"Stockman, Tucker",838152,Right,SOU_GOL,Undefined,2,Top,2,2,2,Fastball,Four-Seam,BallCalled,Undefined,Undefined,Undefined,0,0,,91.64908,-3.422915,-0.804721,2209.623138,189.702469,12:15,6.13006,1.04406,5.94333,-13.10713,20.78808,3.33299,1.85865,0.57532,82.31559,-5.979656,-0.205936,0.419026,,,,,,,,,,,,-1.95768,12.11725,-0.98174,50,5.84966,1.71303,-132.63629,-8.25051,-3.42215,33.32274,-10.99239,MSU_BDG,SOU_GOL,MSST,D1,SEC,20260324-MSST-1,a934f550-27da-11f1-af58-35dac0914731,89.95258,,,9.33349,,,,,,,dd9a23d0-46ab-4e69-8731-b6ab313b6345,2026-03-24,23:39:10.14,2026-03-24T18:39:10.1413376-05:00,2026-03-24T23:39:10.1413376Z,,v3,5080,471449,f283d7f39aaf4b10983d124063eab2d6,"Milewski, Kevin",831000,Right,MSU_BDG,a7bed70a-abce-45f4-9ea5-4f8b5644bc30,54.55044,-133.77464,16.66137,6.1251,-7.875,-5.49619,-1.04226,1.82994,-1.71107,,,,,,,,,,,,,,,,,,,,,,,,,,,,,,,,,,,,,,,,,,,,,,,,,,,High,High,High,,,,,,,,,,,,,,,,,,,,,,,,,,,,,,,,,,,,
67,2026-03-24,18:39:32.71,4,7,"Billingsley, Chris",814695,Right,MSU_BDG,"Stockman, Tucker",838152,Right,SOU_GOL,Undefined,2,Top,2,3,2,Fastball,Four-Seam,InPlay,Undefined,GroundBall,Out,1,0,,92.81348,-1.512253,-2.014238,2207.629585,198.360237,12:30,6.02863,1.14107,6.07163,-13.11446,19.62442,6.11359,3.53521,-0.2141,83.43045,-4.07801,-0.91425,0.411816,92.0545,-8.505848,3.430119,,,,,22.95676,21.8429,3.959601,0.16832,-3.80973,10.95131,-0.98829,50,5.90456,4.46611,-134.55202,-3.8841,-6.86527,33.83107,-12.43941,MSU_BDG,SOU_GOL,MSST,D1,SEC,20260324-MSST-1,b68b1cc0-27da-11f1-af58-35dac0914731,91.52736,3.60221,,9.38303,,,,0.97548,3.60221,0.21106,dd9a23d0-46ab-4e69-8731-b6ab313b6345,2026-03-24,23:39:32.71,2026-03-24T18:39:32.7102464-05:00,2026-03-24T23:39:32.7102464Z,GroundBall,v3,5080,471449,f283d7f39aaf4b10983d124063eab2d6,"Milewski, Kevin",831000,Right,MSU_BDG,24cfddb9-4a22-4df7-bf47-2dbcdbb521f0,54.42485,-135.66002,16.91554,6.0251,-3.4767,-6.2197,-1.13825,4.69095,-3.43264,204.540364,0.97619,133.23332,-17.67489,,,,,,,3.60217,-19.96602,-8.52191,,,,,,,0.21099,7.99487,1.01021,,,,,,,,,,,,,,,,,,,,,,,,,,,,,High,High,High,High,High,,,,,,,,,,,,,,,,,,,,,,,,,,,,,,,,,,
68,2026-03-24,18:42:25.94,1,1,"Meeks, Drake",827683,Right,SOU_GOL,"Chance, Bryce",820842,Right,MSU_BDG,Undefined,2,Bottom,0,0,0,Cutter,Slider,StrikeCalled,Undefined,Undefined,Undefined,0,0,,86.46413,-1.043418,-0.292303,2614.536552,132.684004,10:30,6.28812,1.33471,5.81826,-29.63572,7.6241,-7.06323,2.84823,0.47433,79.67436,-6.518928,-1.559505,0.439331,,,,,,,,,,,,3.51996,4.52642,-1.30665,50,6.18518,0.93354,-125.6594,-3.29029,5.6569,24.24691,-24.89968,MSU_BDG,SOU_GOL,MSST,D1,SEC,20260324-MSST-1,1dfdcf10-27db-11f1-af58-35dac0914731,85.79511,,,6.78977,,,,,,,dd9a23d0-46ab-4e69-8731-b6ab313b6345,2026-03-24,23:42:25.94,2026-03-24T18:42:25.9410944-05:00,2026-03-24T23:42:25.9410944Z,,v3,5080,471449,f283d7f39aaf4b10983d124063eab2d6,"Stockman, Tucker",838152,Right,SOU_GOL,12a04fbb-9c30-4763-87fc-aaef092cbd41,54.68038,-126.55929,12.12346,6.29015,-2.36617,-12.44984,-1.3374,0.7236,2.82845,,,,,,,,,,,,,,,,,,,,,,,,,,,,,,,,,,,,,,,,,,,,,,,,,,,High,High,High,,,,,,,,,,,,,,,,,,,,,,,,,,,,,,,,,,,,
69,2026-03-24,18:42:42.85,1,2,"Meeks, Drake",827683,Right,SOU_GOL,"Chance, Bryce",820842,Right,MSU_BDG,Undefined,2,Bottom,0,0,1,Fastball,Four-Seam,StrikeSwinging,Undefined,Undefined,Undefined,0,0,,95.13948,-2.001208,-1.009954,2501.613386,203.803261,12:45,6.4126,1.14089,6.08612,-12.03308,19.053,7.90615,3.5575,0.86534,85.66629,-4.358282,0.41413,0.401286,,,,,,,,,,,,-4.35544,10.74453,-1.06682,50,6.25154,2.06962,-137.94599,-5.11295,-8.26765,34.94338,-11.77834,MSU_BDG,SOU_GOL,MSST,D1,SEC,20260324-MSST-1,27f5b050-27db-11f1-af58-35dac0914731,93.92904,,,9.47319,,,,,,,dd9a23d0-46ab-4e69-8731-b6ab313b6345,2026-03-24,23:42:42.85,2026-03-24T18:42:42.8592640-05:00,2026-03-24T23:42:42.8592640Z,,v3,5080,471449,f283d7f39aaf4b10983d124063eab2d6,"Stockman, Tucker",838152,Right,SOU_GOL,a6295869-d2ca-4f20-bd72-be514e03db2a,54.40871,-139.05829,17.47169,6.40832,-4.73803,-5.88917,-1.13689,2.33279,-4.13383,,,,,,,,,,,,,,,,,,,,,,,,,,,,,,,,,,,,,,,,,,,,,,,,,,,High,High,High,,,,,,,,,,,,,,,,,,,,,,,,,,,,,,,,,,,,
70,2026-03-24,18:43:02.64,1,3,"Meeks, Drake",827683,Right,SOU_GOL,"Chance, Bryce",820842,Right,MSU_BDG,Undefined,2,Bottom,0,0,2,Fastball,Four-Seam,BallCalled,Undefined,Undefined,Undefined,0,0,,94.58761,-3.29379,-3.197802,2527.741736,195.126528,12:30,6.4295,0.85371,5.89331,-11.14757,20.42678,5.22744,2.43424,-1.68278,85.86124,-5.465409,-2.262041,0.404425,,,,,,,,,,,,-3.6015,11.71642,-0.59887,50,6.15709,7.40849,-136.89139,-8.16374,-6.79239,31.93721,-10.07699,MSU_BDG,SOU_GOL,MSST,D1,SEC,20260324-MSST-1,33af8ce0-27db-11f1-af58-35dac0914731,93.19996,,,8.72637,,,,,,,dd9a23d0-46ab-4e69-8731-b6ab313b6345,2026-03-24,23:43:02.64,2026-03-24T18:43:02.6425856-05:00,2026-03-24T23:43:02.6425856Z,,v3,5080,471449,f283d7f39aaf4b10983d124063eab2d6,"Stockman, Tucker",838152,Right,SOU_GOL,69758618-ed4a-4889-b2a4-b71192119494,54.60308,-137.96112,15.96861,6.42488,-7.82621,-5.0385,-0.85082,7.636,-3.39619,,,,,,,,,,,,,,,,,,,,,,,,,,,,,,,,,,,,,,,,,,,,,,,,,,,High,High,High,,,,,,,,,,,,,,,,,,,,,,,,,,,,,,,,,,,,
71,2026-03-24,18:43:19.96,1,4,"Meeks, Drake",827683,Right,SOU_GOL,"Chance, Bryce",820842,Right,MSU_BDG,Undefined,2,Bottom,0,1,2,Cutter,Slider,BallCalled,Undefined,Undefined,Undefined,0,0,,86.32301,0.041294,-1.573242,2556.832892,119.64396,10:00,6.26017,1.22145,5.71953,-31.7662,6.09559,-8.57453,3.65147,-0.95893,78.82938,-5.831739,-3.106567,0.442866,,,,,,,,,,,,3.8911,3.46925,-1.08468,50,6.24415,3.80332,-125.30204,-1.00525,6.16142,26.26783,-26.68063,MSU_BDG,SOU_GOL,MSST,D1,SEC,20260324-MSST-1,3e0b3900-27db-11f1-af58-35dac0914731,85.11033,,,7.49363,,,,,,,dd9a23d0-46ab-4e69-8731-b6ab313b6345,2026-03-24,23:43:19.96,2026-03-24T18:43:19.9673344-05:00,2026-03-24T23:43:19.9673344Z,,v3,5080,471449,f283d7f39aaf4b10983d124063eab2d6,"Stockman, Tucker",838152,Right,SOU_GOL,95657861-1973-4892-8dc3-7a5afa54175a,54.77822,-126.29975,13.13392,6.26309,0.00814,-13.34032,-1.22469,3.56929,3.08071,,,,,,,,,,,,,,,,,,,,,,,,,,,,,,,,,,,,,,,,,,,,,,,,,,,High,High,High,,,,,,,,,,,,,,,,,,,,,,,,,,,,,,,,,,,,
72,2026-03-24,18:43:37.60,1,5,"Meeks, Drake",827683,Right,SOU_GOL,"Chance, Bryce",820842,Right,MSU_BDG,Undefined,2,Bottom,0,2,2,Slider,Slider,InPlay,Undefined,FlyBall,Out,1,0,,85.82023,-0.062409,-0.068498,2562.463955,108.953327,9:45,6.26632,1.19238,5.74442,-32.75663,5.48662,-12.3843,3.4785,0.09657,78.37365,-6.11905,-2.286782,0.445091,85.90184,47.1651,-0.540156,4577.885512,109.95145,110.60134,3.25932,242.52793,130.04056,3.381536,5.720072,6.29882,3.1765,-1.17895,50,6.24114,0.65986,-124.64725,-1.25545,9.86366,26.14398,-27.19984,MSU_BDG,SOU_GOL,MSST,D1,SEC,20260324-MSST-1,48891320-27db-11f1-af58-35dac0914731,84.68482,121.28965,,7.44658,,,,0.98817,3.59879,-0.06037,dd9a23d0-46ab-4e69-8731-b6ab313b6345,2026-03-24,23:43:37.60,2026-03-24T18:43:37.6054272-05:00,2026-03-24T23:43:37.6054272Z,FlyBall,v3,5080,471449,f283d7f39aaf4b10983d124063eab2d6,"Stockman, Tucker",838152,Right,SOU_GOL,81c15618-644a-4fc1-b17a-9e3e784c2b1c,54.75465,-125.64055,13.07199,6.26921,-0.22203,-13.59992,-1.19691,0.2851,4.93183,186.457029,0.99435,85.53504,-22.55552,5.82009,-0.93936,0.063,0.0061,-0.00132,6E-05,3.59622,92.42741,-20.58558,0.92526,0.15726,-0.11811,0.03171,-0.00407,0.0002,-0.06063,-0.80077,2.49811,-0.8868,0.20458,-0.03042,0.00231,-3E-05,-0,,,,,,,,,,,,,,,,,,,,,,,High,High,High,High,Low,,,,,,,,,,,,,,,,,,,,,,,,,,,,,,,,,,
73,2026-03-24,18:44:19.02,2,1,"Meeks, Drake",827683,Right,SOU_GOL,"Teel, Aidan",813359,Left,MSU_BDG,Undefined,2,Bottom,1,0,0,Fastball,Four-Seam,BallCalled,Undefined,Undefined,Undefined,0,0,,93.8701,-1.50631,-2.959533,2480.996403,202.485094,12:45,6.36896,1.22659,5.87876,-16.64717,15.39174,5.91508,3.58057,-1.03149,85.0591,-4.672983,-1.900203,0.40739,,,,,,,,,,,,-3.90016,8.63859,-0.99067,50,6.23753,6.76358,-136.03276,-4.09925,-7.24886,32.10148,-16.11825,MSU_BDG,SOU_GOL,MSST,D1,SEC,20260324-MSST-1,6136abd0-27db-11f1-af58-35dac0914731,92.52178,,,8.811,,,,,,,dd9a23d0-46ab-4e69-8731-b6ab313b6345,2026-03-24,23:44:19.02,2026-03-24T18:44:19.0236672-05:00,2026-03-24T23:44:19.0236672Z,,v3,5080,471449,f283d7f39aaf4b10983d124063eab2d6,"Stockman, Tucker",838152,Right,SOU_GOL,31bbb09e-68cb-4f4c-8bd8-45f0980ea121,54.61753,-137.11809,16.05074,6.36691,-3.55429,-8.05912,-1.22348,7.00866,-3.62443,,,,,,,,,,,,,,,,,,,,,,,,,,,,,,,,,,,,,,,,,,,,,,,,,,,High,High,High,,,,,,,,,,,,,,,,,,,,,,,,,,,,,,,,,,,,
74,2026-03-24,18:44:36.41,2,2,"Meeks, Drake",827683,Right,SOU_GOL,"Teel, Aidan",813359,Left,MSU_BDG,Undefined,2,Bottom,1,1,0,Fastball,Four-Seam,StrikeCalled,Undefined,Undefined,Undefined,0,0,,95.00845,-2.616636,-2.70309,2505.353018,205.178904,12:45,6.37051,1.29882,5.82688,-15.37548,15.81288,6.95142,2.65234,-0.6366,86.62573,-5.532146,-1.458678,0.401946,,,,,,,,,,,,-4.3041,9.11804,-1.08193,50,6.14734,6.18215,-137.69746,-6.78359,-8.24552,31.20322,-14.70635,MSU_BDG,SOU_GOL,MSST,D1,SEC,20260324-MSST-1,6be81910-27db-11f1-af58-35dac0914731,93.7749,,,8.38272,,,,,,,dd9a23d0-46ab-4e69-8731-b6ab313b6345,2026-03-24,23:44:36.41,2026-03-24T18:44:36.4108288-05:00,2026-03-24T23:44:36.4108288Z,,v3,5080,471449,f283d7f39aaf4b10983d124063eab2d6,"Stockman, Tucker",838152,Right,SOU_GOL,47f71cae-4a18-4177-9d16-02f7adda775a,54.6706,-138.75181,15.60161,6.36816,-6.28666,-7.35318,-1.29553,6.46076,-4.12276,,,,,,,,,,,,,,,,,,,,,,,,,,,,,,,,,,,,,,,,,,,,,,,,,,,High,High,High,,,,,,,,,,,,,,,,,,,,,,,,,,,,,,,,,,,,
75,2026-03-24,18:44:53.01,2,3,"Meeks, Drake",827683,Right,SOU_GOL,"Teel, Aidan",813359,Left,MSU_BDG,Undefined,2,Bottom,1,1,1,Cutter,Slider,FoulBallFieldable,Undefined,Undefined,Undefined,0,0,,86.79541,-0.642559,-1.672931,2514.957164,155.350112,11:15,6.31645,1.28928,5.76462,-28.22482,8.77689,-3.53295,3.36607,-0.56258,80.05217,-5.859539,-2.305366,0.437807,68.81293,17.381681,179.533951,4051.163422,,,,,41.99609,,,1.34819,5.0102,-1.1488,50,6.24632,3.83521,-126.07768,-2.3784,2.18785,23.65959,-24.04334,MSU_BDG,SOU_GOL,MSST,D1,SEC,20260324-MSST-1,757c5680-27db-11f1-af58-35dac0914731,86.09378,14.89843,,6.74324,,,,1.29292,3.65597,0.03235,dd9a23d0-46ab-4e69-8731-b6ab313b6345,2026-03-24,23:44:53.01,2026-03-24T18:44:53.0113024-05:00,2026-03-24T23:44:53.0113024Z,,v3,5080,471449,f283d7f39aaf4b10983d124063eab2d6,"Stockman, Tucker",838152,Right,SOU_GOL,1e85e8a3-17b4-499b-9e98-5a2fed14b8b7,54.73167,-126.96251,11.8298,6.31846,-1.47921,-12.02167,-1.2907,3.75339,1.09393,246.78139,1.28943,-96.21666,9.29324,,,,,,,3.65534,30.16885,-13.33206,,,,,,,0.04526,0.41649,-11.84896,,,,,,,,,,,,,,,,,,,,,,,,,,,,,High,High,High,Medium,Undefined,,,,,,,,,,,,,,,,,,,,,,,,,,,,,,,,,,
76,2026-03-24,18:45:16.73,2,4,"Meeks, Drake",827683,Right,SOU_GOL,"Teel, Aidan",813359,Left,MSU_BDG,Undefined,2,Bottom,1,1,2,Slider,Slider,FoulBallFieldable,Undefined,Undefined,Undefined,0,0,,85.07695,-1.580311,-1.15583,2515.538772,103.239487,9:30,6.20686,1.27215,5.7221,-34.93411,3.65059,-10.7865,1.82304,-0.70346,78.81706,-7.968295,-3.087972,0.447073,95.03161,19.691442,43.547739,2927.817677,75.21373,33.9397,80.26753,316.3248,213.28676,53.884407,3.384063,5.23544,2.58791,-1.16871,50,6.05303,2.92431,-123.64351,-4.61175,8.15486,23.22403,-28.14303,MSU_BDG,SOU_GOL,MSST,D1,SEC,20260324-MSST-1,83a31460-27db-11f1-af58-35dac0914731,84.30928,40.4821,,6.25989,,,,1.37887,2.33724,0.41603,dd9a23d0-46ab-4e69-8731-b6ab313b6345,2026-03-24,23:45:16.73,2026-03-24T18:45:16.7360000-05:00,2026-03-24T23:45:16.7360000Z,LineDrive,v3,5080,471449,f283d7f39aaf4b10983d124063eab2d6,"Stockman, Tucker",838152,Right,SOU_GOL,a1e1177a-bfd0-4c8c-af2c-1a89f0467281,54.77908,-124.53793,11.61201,6.20977,-3.52788,-14.07152,-1.27529,2.61024,4.07743,,1.37869,95.11972,-23.12634,5.72291,-1.08019,0.12794,-0.0004,-0.0026,0.00029,2.33754,46.95516,-14.35355,-0.23733,0.06227,0.07872,-0.04353,0.00927,-0.00073,0.41599,90.4123,-8.61022,1.95739,-0.28913,0.02082,0.00232,-0.00082,8E-05,,,,,,,,,,,,,,,,,,,,,,,High,High,High,Medium,Medium,,,,,,,,,,,,,,,,,,,,,,,,,,,,,,,,,,
77,2026-03-24,18:45:41.67,2,5,"Meeks, Drake",827683,Right,SOU_GOL,"Teel, Aidan",813359,Left,MSU_BDG,Undefined,2,Bottom,1,1,2,Fastball,Four-Seam,InPlay,Undefined,GroundBall,Single,0,0,,94.65523,-2.631007,-1.889385,2517.217283,218.263352,1:15,6.33641,1.19822,5.74737,-20.41997,11.12347,7.94674,2.1822,0.10077,86.29125,-6.441005,-0.466664,0.404227,103.39426,-1.260156,0.145973,,,,,37.8467,33.77833,0.089074,0.257064,-4.6078,6.74693,-1.04617,50,6.10522,4.16655,-137.23976,-7.02895,-8.74659,31.71382,-19.36695,MSU_BDG,SOU_GOL,MSST,D1,SEC,20260324-MSST-1,927813a0-27db-11f1-af58-35dac0914731,93.24562,2.10662,,8.36398,,,,0.24408,2.10662,-0.07261,dd9a23d0-46ab-4e69-8731-b6ab313b6345,2026-03-24,23:45:41.67,2026-03-24T18:45:41.6785408-05:00,2026-03-24T23:45:41.6785408Z,GroundBall,v3,5080,471449,f283d7f39aaf4b10983d124063eab2d6,"Stockman, Tucker",838152,Right,SOU_GOL,9283e9c5-02aa-4454-8236-aac99a5783af,54.75111,-138.33331,15.85691,6.33608,-6.36114,-9.68347,-1.19505,4.46814,-4.3733,351.611558,0.24665,151.47443,-20.29521,,,,,,,2.10838,-3.42554,-18.6056,,,,,,,-0.07271,0.39161,0.46887,,,,,,,,,,,,,,,,,,,,,,,,,,,,,High,High,High,High,High,,,,,,,,,,,,,,,,,,,,,,,,,,,,,,,,,,
78,2026-03-24,18:46:24.58,3,1,"Meeks, Drake",827683,Right,SOU_GOL,"Reese, Ace",814505,Left,MSU_BDG,Undefined,2,Bottom,1,0,0,Cutter,Cutter,BallCalled,Undefined,Undefined,Undefined,0,0,,88.7742,-0.290013,0.013885,2656.758971,123.720727,10:00,6.28715,1.35016,5.79616,-29.84569,5.6302,-6.80571,3.53025,0.79593,81.43407,-5.809032,-1.206427,0.428685,,,,,,,,,,,,3.46162,3.30166,-1.34728,50,6.24553,0.26096,-128.99392,-1.70348,5.84262,26.39876,-26.60141,MSU_BDG,SOU_GOL,MSST,D1,SEC,20260324-MSST-1,ac2457a0-27db-11f1-af58-35dac0914731,87.92579,,,7.34013,,,,,,,dd9a23d0-46ab-4e69-8731-b6ab313b6345,2026-03-24,23:46:24.58,2026-03-24T18:46:24.5899264-05:00,2026-03-24T23:46:24.5899264Z,,v3,5080,471449,f283d7f39aaf4b10983d124063eab2d6,"Stockman, Tucker",838152,Right,SOU_GOL,dffc01d2-8813-4b3a-a0c6-fb7abb5d4d00,54.70215,-129.95266,13.19938,6.28985,-0.73739,-13.30071,-1.3529,0.04877,2.92131,,,,,,,,,,,,,,,,,,,,,,,,,,,,,,,,,,,,,,,,,,,,,,,,,,,High,High,High,,,,,,,,,,,,,,,,,,,,,,,,,,,,,,,,,,,,
79,2026-03-24,18:46:42.14,3,2,"Meeks, Drake",827683,Right,SOU_GOL,"Reese, Ace",814505,Left,MSU_BDG,Undefined,2,Bottom,1,1,0,Slider,Slider,InPlay,Undefined,GroundBall,Out,1,0,,85.57629,-1.657544,-0.980419,1371.304569,104.510359,9:30,6.33441,1.31591,5.68553,-34.71636,3.54099,-9.32067,1.89575,-0.37474,79.11674,-8.006447,-2.649344,0.445173,39.78749,-63.466242,-39.055774,,,,,4.60835,4.60835,-5.325954,0.042003,4.53197,2.54374,-1.22726,50,6.17283,2.5007,-124.34537,-4.80145,7.12462,23.97698,-28.17508,MSU_BDG,SOU_GOL,MSST,D1,SEC,20260324-MSST-1,b68497a0-27db-11f1-af58-35dac0914731,84.66918,2.21528,,6.45955,,,,3.72951,2.21528,0.26919,dd9a23d0-46ab-4e69-8731-b6ab313b6345,2026-03-24,23:46:42.14,2026-03-24T18:46:42.1463552-05:00,2026-03-24T23:46:42.1463552Z,GroundBall,v3,5080,471449,f283d7f39aaf4b10983d124063eab2d6,"Stockman, Tucker",838152,Right,SOU_GOL,1c90f28b-2055-4069-968d-75dbef7303ba,54.81578,-125.27053,11.98849,6.33713,-3.7143,-14.08754,-1.31845,2.22579,3.56231,,3.72812,20.44973,,,,,,,,2.21888,-52.74132,,,,,,,,0.27032,-16.59285,,,,,,,,,,,,,,,,,,,,,,,,,,,,,,High,High,High,Estimated,Estimated,,,,,,,,,,,,,,,,,,,,,,,,,,,,,,,,,,
80,2026-03-24,18:47:28.14,4,1,"Meeks, Drake",827683,Right,SOU_GOL,"Sullivan, Noah",813559,Right,MSU_BDG,Undefined,2,Bottom,2,0,0,Fastball,Four-Seam,BallCalled,Undefined,Undefined,Undefined,0,0,,93.31214,-0.581719,-1.220277,2456.243355,180.957228,12:00,6.51643,1.08913,5.7174,-12.77536,20.31115,0.31772,4.90978,-0.02129,83.09319,-3.093324,-1.163471,0.413997,,,,,,,,,,,,-0.58567,10.80957,-0.9873,50,6.46,2.86219,-135.08606,-1.68685,-1.05578,36.13404,-12.68831,MSU_BDG,SOU_GOL,MSST,D1,SEC,20260324-MSST-1,d1f63250-27db-11f1-af58-35dac0914731,91.04529,,,10.21894,,,,,,,dd9a23d0-46ab-4e69-8731-b6ab313b6345,2026-03-24,23:47:28.14,2026-03-24T18:47:28.1407488-05:00,2026-03-24T23:47:28.1407488Z,,v3,5080,471449,f283d7f39aaf4b10983d124063eab2d6,"Stockman, Tucker",838152,Right,SOU_GOL,a93fd05e-31ad-4394-9f8e-ff027e3f22ac,54.77387,-136.35704,18.06702,6.51148,-1.24055,-6.34416,-1.08863,2.89933,-0.52789,,,,,,,,,,,,,,,,,,,,,,,,,,,,,,,,,,,,,,,,,,,,,,,,,,,High,High,High,,,,,,,,,,,,,,,,,,,,,,,,,,,,,,,,,,,,
81,2026-03-24,18:47:46.73,4,2,"Meeks, Drake",827683,Right,SOU_GOL,"Sullivan, Noah",813559,Right,MSU_BDG,Undefined,2,Bottom,2,1,0,Fastball,Four-Seam,StrikeCalled,Undefined,Undefined,Undefined,0,0,,95.25481,-2.73272,-2.686086,2447.924039,221.232694,1:15,6.4002,1.22886,6.00975,-15.35245,16.04572,12.99406,2.58445,-0.17859,85.25084,-5.691108,-0.350999,0.403295,,,,,,,,,,,,-7.5254,9.49776,-1.02457,50,6.17697,5.86167,-137.81091,-7.02969,-14.15656,36.85479,-14.30717,MSU_BDG,SOU_GOL,MSST,D1,SEC,20260324-MSST-1,dd0772d0-27db-11f1-af58-35dac0914731,93.4611,,,10.00397,,,,,,,dd9a23d0-46ab-4e69-8731-b6ab313b6345,2026-03-24,23:47:46.73,2026-03-24T18:47:46.7333632-05:00,2026-03-24T23:47:46.7333632Z,,v3,5080,471449,f283d7f39aaf4b10983d124063eab2d6,"Stockman, Tucker",838152,Right,SOU_GOL,ccae315c-154f-4035-9d81-2d1a35e682c6,54.48467,-139.00507,18.42739,6.39723,-6.56611,-7.15359,-1.22193,6.32036,-7.07828,,,,,,,,,,,,,,,,,,,,,,,,,,,,,,,,,,,,,,,,,,,,,,,,,,,High,High,High,,,,,,,,,,,,,,,,,,,,,,,,,,,,,,,,,,,,
82,2026-03-24,18:48:04.76,4,3,"Meeks, Drake",827683,Right,SOU_GOL,"Sullivan, Noah",813559,Right,MSU_BDG,Undefined,2,Bottom,2,1,1,Cutter,Slider,InPlay,Undefined,GroundBall,Single,0,1,,87.95042,-1.361907,-1.218234,2627.190627,102.450145,9:30,6.32468,1.38073,5.85262,-34.50159,2.06437,-3.63544,2.18358,-0.05434,79.95928,-7.727707,-1.871198,0.435221,81.85289,-1.34721,-27.911999,3275.482211,,,,32.55422,29.74558,-26.968315,0.267333,1.48555,1.82957,-1.27958,50,6.19385,2.86432,-127.60861,-4.23886,2.41847,29.37169,-29.19557,MSU_BDG,SOU_GOL,MSST,D1,SEC,20260324-MSST-1,e7ca6c40-27db-11f1-af58-35dac0914731,86.6053,2.25069,,7.99114,,,,2.01682,2.25069,0.17948,dd9a23d0-46ab-4e69-8731-b6ab313b6345,2026-03-24,23:48:04.76,2026-03-24T18:48:04.7629312-05:00,2026-03-24T23:48:04.7629312Z,GroundBall,v3,5080,471449,f283d7f39aaf4b10983d124063eab2d6,"Stockman, Tucker",838152,Right,SOU_GOL,c83cbf48-5542-4f5a-9ceb-37cb6b5b86cc,54.64604,-128.67354,14.68585,6.32835,-3.18031,-14.59779,-1.38184,2.77664,1.20924,57.281417,2.0193,105.93213,-18.56402,,,,,,,2.25323,-2.94847,-20.53332,,,,,,,0.18029,-56.22253,1.201,,,,,,,,,,,,,,,,,,,,,,,,,,,,,High,High,High,Medium,Medium,,,,,,,,,,,,,,,,,,,,,,,,,,,,,,,,,,
83,2026-03-24,18:48:53.35,5,1,"Meeks, Drake",827683,Right,SOU_GOL,"Stallman, Reed",827671,Left,MSU_BDG,Undefined,2,Bottom,2,0,0,Fastball,Four-Seam,BallCalled,Undefined,Undefined,Undefined,0,0,,94.79008,-1.652529,-0.397121,2424.905065,214.635118,1:15,6.50293,1.17012,5.80092,-15.21733,16.79962,10.72402,3.69738,1.69443,84.42253,-4.592549,1.524691,0.40725,,,,,,,,,,,,-5.53638,9.47111,-1.14362,50,6.35827,0.43707,-137.23382,-4.40344,-10.27691,37.90674,-14.59325,MSU_BDG,SOU_GOL,MSST,D1,SEC,20260324-MSST-1,04bb53f0-27dc-11f1-af58-35dac0914731,92.5535,,,10.36755,,,,,,,dd9a23d0-46ab-4e69-8731-b6ab313b6345,2026-03-24,23:48:53.35,2026-03-24T18:48:53.3536768-05:00,2026-03-24T23:48:53.3536768Z,,v3,5080,471449,f283d7f39aaf4b10983d124063eab2d6,"Stockman, Tucker",838152,Right,SOU_GOL,98edcf97-369e-4277-97ff-6f6d7b1b0964,54.69163,-138.52368,18.95337,6.49966,-3.90687,-7.29663,-1.16445,0.78676,-5.13845,,,,,,,,,,,,,,,,,,,,,,,,,,,,,,,,,,,,,,,,,,,,,,,,,,,High,High,High,,,,,,,,,,,,,,,,,,,,,,,,,,,,,,,,,,,,
84,2026-03-24,18:49:11.36,5,2,"Meeks, Drake",827683,Right,SOU_GOL,"Stallman, Reed",827671,Left,MSU_BDG,Undefined,2,Bottom,2,1,0,Fastball,Four-Seam,BallCalled,Undefined,Undefined,Undefined,0,0,,93.79062,-3.460489,-1.332307,2508.355932,217.286131,1:15,6.32248,1.31607,6.03263,-16.14178,16.15139,11.3578,1.76805,1.02857,84.24007,-6.552866,0.712304,0.409003,,,,,,,,,,,,-6.2313,9.80237,-1.21777,50,6.04314,2.64068,-135.73738,-8.67771,-11.3933,35.24887,-14.25142,MSU_BDG,SOU_GOL,MSST,D1,SEC,20260324-MSST-1,0f7b6730-27dc-11f1-af58-35dac0914731,92.15681,,,9.55055,,,,,,,dd9a23d0-46ab-4e69-8731-b6ab313b6345,2026-03-24,23:49:11.36,2026-03-24T18:49:11.3652224-05:00,2026-03-24T23:49:11.3652224Z,,v3,5080,471449,f283d7f39aaf4b10983d124063eab2d6,"Stockman, Tucker",838152,Right,SOU_GOL,0fef9966-1cc6-45f3-ba66-a4131d19365c,54.46187,-136.89115,17.62444,6.31955,-8.21123,-7.12571,-1.31031,3.01361,-5.69665,,,,,,,,,,,,,,,,,,,,,,,,,,,,,,,,,,,,,,,,,,,,,,,,,,,High,High,High,,,,,,,,,,,,,,,,,,,,,,,,,,,,,,,,,,,,
85,2026-03-24,18:49:29.62,5,3,"Meeks, Drake",827683,Right,SOU_GOL,"Stallman, Reed",827671,Left,MSU_BDG,Undefined,2,Bottom,2,2,0,Fastball,Four-Seam,InPlay,Undefined,LineDrive,Out,1,0,,94.73522,-3.519717,-2.516568,2482.243359,222.437163,1:30,6.3289,1.3563,5.96616,-17.05591,14.86564,12.43123,1.63687,0.0574,84.68256,-6.778833,-0.283267,0.406643,96.06239,21.24006,16.951206,1779.735503,104.46592,35.7033,34.45096,310.09286,307.3581,21.238028,3.568745,-7.2715,9.22985,-1.16367,50,6.04009,5.45852,-136.95881,-8.95679,-13.46047,37.41387,-15.08841,MSU_BDG,SOU_GOL,MSST,D1,SEC,20260324-MSST-1,1a5766e0-27dc-11f1-af58-35dac0914731,92.69166,43.3435,,10.05266,,,,1.78994,1.82831,-0.01524,dd9a23d0-46ab-4e69-8731-b6ab313b6345,2026-03-24,23:49:29.62,2026-03-24T18:49:29.6285184-05:00,2026-03-24T23:49:29.6285184Z,LineDrive,v3,5080,471449,f283d7f39aaf4b10983d124063eab2d6,"Stockman, Tucker",838152,Right,SOU_GOL,05ff5555-013c-4593-a746-0fd18a94f0eb,54.52989,-138.19072,18.70694,6.32683,-8.45997,-7.5442,-1.3507,5.90173,-6.73024,209.616379,1.79046,125.59638,-22.67073,4.79775,-0.83535,0.096,-0.00401,-0.00056,8E-05,1.82774,51.0622,-17.4162,1.5276,-0.49587,0.17506,-0.04294,0.0064,-0.00042,-0.01557,38.29985,-2.43864,0.27032,-0.11832,0.05012,-0.0109,0.00109,-4E-05,,,,,,,,,,,,,,,,,,,,,,,High,High,High,High,High,,,,,,,,,,,,,,,,,,,,,,,,,,,,,,,,,,
86,2026-03-24,18:52:26.20,1,1,"Bauer, Jack",815627,Left,MSU_BDG,"Smith, Seth",835337,Left,SOU_GOL,Undefined,3,Top,0,0,0,Fastball,Four-Seam,BallCalled,Undefined,Undefined,Undefined,0,0,,99.8979,-2.810547,5.00174,2309.760154,129.053747,10:15,6.23599,-2.36334,5.21499,-14.63217,14.76883,-16.83737,2.36166,0.94866,89.69016,-5.58166,2.032987,0.390259,,,,,,,,,,,,9.91627,8.55729,1.91314,50,5.96475,-11.71249,-144.03891,-7.62505,20.53029,37.99036,-14.45734,MSU_BDG,SOU_GOL,MSST,D1,SEC,20260324-MSST-1,83995af0-27dc-11f1-af58-35dac0914731,96.58323,,,10.20775,,,,,,,dd9a23d0-46ab-4e69-8731-b6ab313b6345,2026-03-24,23:52:26.20,2026-03-24T18:52:26.2096896-05:00,2026-03-24T23:52:26.2096896Z,,v3,5080,471449,f283d7f39aaf4b10983d124063eab2d6,"Milewski, Kevin",831000,Right,MSU_BDG,9f8878eb-405e-47d3-b71f-649b639d6994,55.28068,-145.42502,18.99518,6.23334,-7.09756,-7.22867,2.35415,-12.46156,10.26514,,,,,,,,,,,,,,,,,,,,,,,,,,,,,,,,,,,,,,,,,,,,,,,,,,,High,High,High,,,,,,,,,,,,,,,,,,,,,,,,,,,,,,,,,,,,
87,2026-03-24,18:52:40.79,1,2,"Bauer, Jack",815627,Left,MSU_BDG,"Smith, Seth",835337,Left,SOU_GOL,Undefined,3,Top,0,1,0,Fastball,Four-Seam,StrikeCalled,Undefined,Undefined,Undefined,0,0,,99.29603,-3.153141,4.213282,2408.295809,125.908613,10:15,6.16505,-2.18043,5.22827,-16.99418,12.49922,-15.82513,1.77367,0.46873,89.91749,-6.32353,1.416481,0.390871,,,,,,,,,,,,9.1154,7.48284,1.80374,50,5.86118,-9.74298,-143.41086,-8.5754,18.8383,35.53584,-16.70964,MSU_BDG,SOU_GOL,MSST,D1,SEC,20260324-MSST-1,8c47f350-27dc-11f1-af58-35dac0914731,96.43182,,,9.37854,,,,,,,dd9a23d0-46ab-4e69-8731-b6ab313b6345,2026-03-24,23:52:40.79,2026-03-24T18:52:40.7904768-05:00,2026-03-24T23:52:40.7904768Z,,v3,5080,471449,f283d7f39aaf4b10983d124063eab2d6,"Milewski, Kevin",831000,Right,MSU_BDG,eeddb719-f939-4142-bad3-01d396b91467,55.26893,-144.71057,17.76792,6.16364,-7.96426,-8.35482,2.17269,-10.43198,9.41915,,,,,,,,,,,,,,,,,,,,,,,,,,,,,,,,,,,,,,,,,,,,,,,,,,,High,High,High,,,,,,,,,,,,,,,,,,,,,,,,,,,,,,,,,,,,
88,2026-03-24,18:52:54.87,1,3,"Bauer, Jack",815627,Left,MSU_BDG,"Smith, Seth",835337,Left,SOU_GOL,Undefined,3,Top,0,1,1,Slider,Slider,StrikeCalled,Undefined,Undefined,Undefined,0,0,,86.83777,-0.599042,2.021777,2664.250673,294.961523,3:45,5.84527,-2.29097,5.01267,-44.14546,-5.23973,14.18733,1.60072,0.80031,78.8529,-8.567533,4.528147,0.44893,,,,,,,,,,,,-6.35256,-1.97461,2.08512,50,5.7523,-5.09377,-125.75904,-3.09336,-10.00558,29.42917,-35.28417,MSU_BDG,SOU_GOL,MSST,D1,SEC,20260324-MSST-1,94b9a9c0-27dc-11f1-af58-35dac0914731,83.9607,,,7.98487,,,,,,,dd9a23d0-46ab-4e69-8731-b6ab313b6345,2026-03-24,23:52:54.87,2026-03-24T18:52:54.8781056-05:00,2026-03-24T23:52:54.8781056Z,,v3,5080,471449,f283d7f39aaf4b10983d124063eab2d6,"Milewski, Kevin",831000,Right,MSU_BDG,7cea80bf-e5e3-4e3e-89ac-051377435b13,55.48578,-127.03629,14.71458,5.85332,-1.56199,-17.64208,2.29677,-4.65952,-5.00279,,,,,,,,,,,,,,,,,,,,,,,,,,,,,,,,,,,,,,,,,,,,,,,,,,,High,High,High,,,,,,,,,,,,,,,,,,,,,,,,,,,,,,,,,,,,
89,2026-03-24,18:53:11.82,1,4,"Bauer, Jack",815627,Left,MSU_BDG,"Smith, Seth",835337,Left,SOU_GOL,Undefined,3,Top,0,1,2,Slider,Slider,StrikeSwinging,Strikeout,Undefined,Undefined,0,0,,86.73901,-0.853181,2.316076,2737.102988,297.405043,4:00,5.89855,-2.38366,4.83425,-44.37613,-5.03555,12.41989,1.3919,0.84571,78.66777,-8.835428,4.502865,0.451432,,,,,,,,,,,,-5.33693,-1.76673,2.14307,50,5.77606,-5.65867,-125.51557,-3.69208,-8.3617,29.6393,-34.94211,MSU_BDG,SOU_GOL,MSST,D1,SEC,20260324-MSST-1,9eda6fc0-27dc-11f1-af58-35dac0914731,83.49536,,,8.07125,,,,,,,dd9a23d0-46ab-4e69-8731-b6ab313b6345,2026-03-24,23:53:11.82,2026-03-24T18:53:11.8240000-05:00,2026-03-24T23:53:11.8240000Z,,v3,5080,471449,f283d7f39aaf4b10983d124063eab2d6,"Milewski, Kevin",831000,Right,MSU_BDG,4daf7ec7-82cd-4b96-bb1c-1c99a46957fe,55.66371,-126.84595,14.81965,5.90658,-2.12368,-17.47105,2.38864,-5.28335,-4.18085,,,,,,,,,,,,,,,,,,,,,,,,,,,,,74.22624,2.510426,1.54153,0.968896,-0.89362,1.02398,-1.02957,-0.02365,4.16137,-1.87199,84.65744,8.14463,-40.14228,0.03183,94.806,-7.69534,4.24021,20.08824,-16.56181,-1.96134,-46.72568,7.54137,High,High,High,,,High,Medium,High,,,,,,,,,,,,,,,,,,,,,,,,,,,,,,,
90,2026-03-24,18:53:40.14,2,1,"Bauer, Jack",815627,Left,MSU_BDG,"Tonsmeire Jr., William",1000477968,Right,SOU_GOL,Undefined,3,Top,1,0,0,Fastball,Four-Seam,StrikeCalled,Undefined,Undefined,Undefined,0,0,,100.20736,-3.257338,3.675362,2400.156101,132.05173,10:30,6.24492,-2.22023,5.14008,-14.24095,14.88095,-15.32481,1.98142,-0.0318,90.41205,-5.943009,0.969451,0.388402,,,,,,,,,,,,8.71882,8.70378,1.88776,50,5.92844,-8.48435,-144.72687,-8.77739,18.2887,37.25173,-13.91689,MSU_BDG,SOU_GOL,MSST,D1,SEC,20260324-MSST-1,afa858d0-27dc-11f1-af58-35dac0914731,97.04499,,,9.79531,,,,,,,dd9a23d0-46ab-4e69-8731-b6ab313b6345,2026-03-24,23:53:40.14,2026-03-24T18:53:40.1408512-05:00,2026-03-24T23:53:40.1408512Z,,v3,5080,471449,f283d7f39aaf4b10983d124063eab2d6,"Milewski, Kevin",831000,Right,MSU_BDG,e357f998-b290-42a2-b2eb-0a1333d56768,55.35659,-146.09912,18.62587,6.24233,-8.26473,-6.95845,2.2127,-9.15805,9.14435,,,,,,,,,,,,,,,,,,,,,,,,,,,,,,,,,,,,,,,,,,,,,,,,,,,High,High,High,,,,,,,,,,,,,,,,,,,,,,,,,,,,,,,,,,,,
91,2026-03-24,18:54:30.92,2,2,"Bauer, Jack",815627,Left,MSU_BDG,"Tonsmeire Jr., William",1000477968,Right,SOU_GOL,Undefined,3,Top,1,0,1,Fastball,Four-Seam,FoulBallFieldable,Undefined,Undefined,Undefined,0,0,,100.11551,-3.242017,4.004629,2413.656472,135.749696,10:30,6.16703,-2.36278,5.05847,-13.71048,15.64772,-14.18103,1.95642,0.23811,90.08228,-5.836622,1.506465,0.389975,76.44136,36.0263,150.655294,4097.546281,,,,,47.51697,,,8.29855,9.09922,1.99323,50,5.8475,-9.36491,-144.48809,-8.70506,17.30272,37.96955,-13.20187,MSU_BDG,SOU_GOL,MSST,D1,SEC,20260324-MSST-1,cdeb6300-27dc-11f1-af58-35dac0914731,96.65359,29.85771,,10.03322,,,,0.66774,1.91462,-0.25882,dd9a23d0-46ab-4e69-8731-b6ab313b6345,2026-03-24,23:54:30.92,2026-03-24T18:54:30.9212160-05:00,2026-03-24T23:54:30.9212160Z,,v3,5080,471449,f283d7f39aaf4b10983d124063eab2d6,"Milewski, Kevin",831000,Right,MSU_BDG,19647b36-d2c8-40e5-b6a8-3d035a877f32,55.43846,-145.91024,18.98478,6.16429,-8.21058,-6.60094,2.35614,-10.01299,8.65136,334.399275,0.66774,-79.03738,4.12367,0.68996,-0.19863,0.07588,-0.01756,0.00282,-0.00015,1.91462,65.94047,-30.25031,3.93766,-0.83491,0.18037,-0.03105,0.00317,0.00088,-0.25882,44.43483,-7.38454,0.78013,-0.15195,0.01547,-0.00187,-1E-05,0.00022,,,,,,,,,,,,,,,,,,,,,,,High,High,High,High,Undefined,,,,,,,,,,,,,,,,,,,,,,,,,,,,,,,,,,
92,2026-03-24,18:54:48.96,2,3,"Bauer, Jack",815627,Left,MSU_BDG,"Tonsmeire Jr., William",1000477968,Right,SOU_GOL,Undefined,3,Top,1,0,2,Slider,Slider,BallCalled,Undefined,Undefined,Undefined,0,0,,84.43066,-1.819094,1.161622,2730.083319,300.911916,4:00,5.88137,-2.48152,4.73623,-50.3529,-8.51087,16.77942,-0.04133,0.01889,76.62006,-10.816181,4.120186,0.465562,,,,,,,,,,,,-7.87437,-3.15516,2.34872,50,5.65325,-3.23839,-122.1631,-5.91509,-11.62217,29.29795,-36.8309,MSU_BDG,SOU_GOL,MSST,D1,SEC,20260324-MSST-1,d8b672c0-27dc-11f1-af58-35dac0914731,80.96112,,,7.81059,,,,,,,dd9a23d0-46ab-4e69-8731-b6ab313b6345,2026-03-24,23:54:48.96,2026-03-24T18:54:48.9608192-05:00,2026-03-24T23:54:48.9608192Z,,v3,5080,471449,f283d7f39aaf4b10983d124063eab2d6,"Milewski, Kevin",831000,Right,MSU_BDG,e10450e0-f855-4540-a6cf-17686a152047,55.76346,-123.5376,14.64897,5.89023,-4.18719,-18.41545,2.48785,-2.69314,-5.81109,,,,,,,,,,,,,,,,,,,,,,,,,,,,,,,,,,,,,,,,,,,,,,,,,,,High,High,High,,,,,,,,,,,,,,,,,,,,,,,,,,,,,,,,,,,,
93,2026-03-24,18:55:06.42,2,4,"Bauer, Jack",815627,Left,MSU_BDG,"Tonsmeire Jr., William",1000477968,Right,SOU_GOL,Undefined,3,Top,1,1,2,Slider,Slider,BallCalled,Undefined,Undefined,Undefined,0,0,,84.63382,-0.454548,-1.056184,2535.51127,304.986097,4:15,5.82035,-2.4417,4.6915,-48.84696,-7.31552,12.62863,1.31813,-2.39221,76.56646,-9.232776,1.167513,0.463831,,,,,,,,,,,,-6.47209,-2.885,2.53711,50,5.73059,1.66008,-122.50821,-2.99463,-9.65201,28.42274,-36.47653,MSU_BDG,SOU_GOL,MSST,D1,SEC,20260324-MSST-1,e3397d00-27dc-11f1-af58-35dac0914731,81.26326,,,8.06736,,,,,,,dd9a23d0-46ab-4e69-8731-b6ab313b6345,2026-03-24,23:55:06.42,2026-03-24T18:55:06.4294400-05:00,2026-03-24T23:55:06.4294400Z,,v3,5080,471449,f283d7f39aaf4b10983d124063eab2d6,"Milewski, Kevin",831000,Right,MSU_BDG,8c1d3a94-9c70-465e-a68c-f5da26c24a51,55.80572,-123.84785,14.21137,5.83122,-1.27539,-18.23827,2.44814,2.115,-4.82601,,,,,,,,,,,,,,,,,,,,,,,,,,,,,,,,,,,,,,,,,,,,,,,,,,,High,High,High,,,,,,,,,,,,,,,,,,,,,,,,,,,,,,,,,,,,
94,2026-03-24,18:55:25.14,2,5,"Bauer, Jack",815627,Left,MSU_BDG,"Tonsmeire Jr., William",1000477968,Right,SOU_GOL,Undefined,3,Top,1,2,2,Fastball,Four-Seam,InPlay,Undefined,FlyBall,Out,1,0,,98.49067,-2.265931,3.010506,2489.877725,129.782303,10:15,6.21625,-2.26085,5.13905,-15.84954,14.34942,-15.878,2.75774,-0.74664,88.46627,-5.253162,0.203945,0.395519,94.14277,31.26794,-4.422067,2703.283296,109.50159,62.19274,-10.45858,338.47265,335.56102,-7.137527,5.041742,8.88465,8.19733,1.99149,50,5.992,-6.67103,-142.40224,-6.23133,17.94471,37.70011,-15.61751,MSU_BDG,SOU_GOL,MSST,D1,SEC,20260324-MSST-1,ee403630-27dc-11f1-af58-35dac0914731,95.29874,83.8306,,10.0244,,,,0.86786,2.77242,0.73678,dd9a23d0-46ab-4e69-8731-b6ab313b6345,2026-03-24,23:55:25.14,2026-03-24T18:55:25.1433472-05:00,2026-03-24T23:55:25.1433472Z,FlyBall,v3,5080,471449,f283d7f39aaf4b10983d124063eab2d6,"Milewski, Kevin",831000,Right,MSU_BDG,015eeca3-24b5-446d-820e-43589cd46c75,55.35805,-143.81375,18.85006,6.21435,-5.6466,-7.80876,2.25383,-7.34289,8.97236,165.517306,0.87057,117.61278,-23.39074,5.2488,-0.93643,0.13323,-0.01655,0.00182,-0.0001,2.77312,71.64708,-17.48956,0.63906,0.23921,-0.17553,0.05194,-0.00719,0.00038,0.73775,-9.12124,-1.4245,0.74586,-0.165,0.02166,-0.00143,6E-05,-0,,,,,,,,,,,,,,,,,,,,,,,High,High,High,High,High,,,,,,,,,,,,,,,,,,,,,,,,,,,,,,,,,,
95,2026-03-24,18:56:01.03,3,1,"Bauer, Jack",815627,Left,MSU_BDG,"Urban, Joseph",1000116546,Right,SOU_GOL,Undefined,3,Top,2,0,0,Fastball,Four-Seam,StrikeCalled,Undefined,Undefined,Undefined,0,0,,99.23772,-3.391787,3.253263,2441.71911,136.401421,10:30,6.14975,-2.32699,5.10643,-12.58631,17.39414,-15.44584,1.89628,-0.54565,88.74836,-5.805206,0.526226,0.394085,,,,,,,,,,,,8.69095,10.07595,2.03247,50,5.8201,-7.31387,-143.19876,-8.91676,17.68711,39.20356,-11.66835,MSU_BDG,SOU_GOL,MSST,D1,SEC,20260324-MSST-1,03a16300-27dd-11f1-af58-35dac0914731,95.64534,,,10.48936,,,,,,,dd9a23d0-46ab-4e69-8731-b6ab313b6345,2026-03-24,23:56:01.03,2026-03-24T18:56:01.0303488-05:00,2026-03-24T23:56:01.0303488Z,,v3,5080,471449,f283d7f39aaf4b10983d124063eab2d6,"Milewski, Kevin",831000,Right,MSU_BDG,0f3bbe04-7754-432e-bbc6-2aa393829ad9,55.38813,-144.66636,19.60178,6.14572,-8.47995,-5.83418,2.31866,-7.97598,8.84355,,,,,,,,,,,,,,,,,,,,,,,,,,,,,,,,,,,,,,,,,,,,,,,,,,,High,High,High,,,,,,,,,,,,,,,,,,,,,,,,,,,,,,,,,,,,
96,2026-03-24,18:56:14.54,3,2,"Bauer, Jack",815627,Left,MSU_BDG,"Urban, Joseph",1000116546,Right,SOU_GOL,Undefined,3,Top,2,0,1,ChangeUp,Changeup,StrikeSwinging,Undefined,Undefined,Undefined,0,0,,87.83906,-1.520024,3.001651,2217.213871,107.538566,9:30,5.83826,-2.44951,5.70948,-30.53104,6.83075,-17.0158,1.87557,-1.0684,78.73822,-7.200477,-0.041774,0.439932,,,,,,,,,,,,9.58386,4.44429,2.20822,50,5.69237,-5.90549,-127.07603,-4.44069,15.30981,31.64151,-25.0745,MSU_BDG,SOU_GOL,MSST,D1,SEC,20260324-MSST-1,0bbd5850-27dd-11f1-af58-35dac0914731,85.67791,,,9.10084,,,,,,,dd9a23d0-46ab-4e69-8731-b6ab313b6345,2026-03-24,23:56:14.54,2026-03-24T18:56:14.5499648-05:00,2026-03-24T23:56:14.5499648Z,,v3,5080,471449,f283d7f39aaf4b10983d124063eab2d6,"Milewski, Kevin",831000,Right,MSU_BDG,bde115e9-779f-499c-b380-e4982a42dd83,54.78522,-128.262,15.82076,5.8412,-3.50086,-12.53725,2.44032,-6.47933,7.65491,,,,,,,,,,,,,,,,,,,,,,,,,,,,,,,,,,,,,,,,,,,,,,,,,,,High,High,High,,,,,,,,,,,,,,,,,,,,,,,,,,,,,,,,,,,,
97,2026-03-24,18:56:30.33,3,3,"Bauer, Jack",815627,Left,MSU_BDG,"Urban, Joseph",1000116546,Right,SOU_GOL,Undefined,3,Top,2,0,2,Fastball,Four-Seam,BallCalled,Undefined,Undefined,Undefined,0,0,,99.33991,-4.506371,5.376508,2430.575302,134.42511,10:30,6.0757,-2.18717,5.43968,-12.92198,16.79316,-15.9467,0.7518,1.53321,88.99865,-6.986086,2.556182,0.392338,,,,,,,,,,,,9.75697,10.25174,1.72157,50,5.66615,-12.63646,-142.89774,-11.72613,19.80856,38.50138,-11.36103,MSU_BDG,SOU_GOL,MSST,D1,SEC,20260324-MSST-1,1522bd90-27dd-11f1-af58-35dac0914731,96.07143,,,10.34126,,,,,,,dd9a23d0-46ab-4e69-8731-b6ab313b6345,2026-03-24,23:56:30.33,2026-03-24T18:56:30.3368192-05:00,2026-03-24T23:56:30.3368192Z,,v3,5080,471449,f283d7f39aaf4b10983d124063eab2d6,"Milewski, Kevin",831000,Right,MSU_BDG,850b7d2e-9669-4642-afbf-c277f9b074f3,55.05638,-144.25366,19.25069,6.07207,-11.32602,-5.68052,2.17887,-13.33407,9.90428,,,,,,,,,,,,,,,,,,,,,,,,,,,,,,,,,,,,,,,,,,,,,,,,,,,High,High,High,,,,,,,,,,,,,,,,,,,,,,,,,,,,,,,,,,,,
98,2026-03-24,18:56:47.59,3,4,"Bauer, Jack",815627,Left,MSU_BDG,"Urban, Joseph",1000116546,Right,SOU_GOL,Undefined,3,Top,2,1,2,ChangeUp,Changeup,BallCalled,Undefined,Undefined,Undefined,0,0,,87.98502,-0.45303,1.677786,2281.404599,108.220845,9:30,5.94781,-2.44045,5.66755,-30.91801,6.59209,-15.36225,2.94872,-2.15582,78.19668,-6.228692,-1.069667,0.440804,,,,,,,,,,,,8.3015,3.98154,2.30808,50,5.89071,-3.03125,-127.30744,-2.09287,13.20046,33.70047,-25.84285,MSU_BDG,SOU_GOL,MSST,D1,SEC,20260324-MSST-1,1f70ae10-27dd-11f1-af58-35dac0914731,85.50839,,,9.78834,,,,,,,dd9a23d0-46ab-4e69-8731-b6ab313b6345,2026-03-24,23:56:47.59,2026-03-24T18:56:47.5904512-05:00,2026-03-24T23:56:47.5904512Z,,v3,5080,471449,f283d7f39aaf4b10983d124063eab2d6,"Milewski, Kevin",831000,Right,MSU_BDG,11eb6bf6-247e-49e1-96f5-de4c608e3243,54.82504,-128.57836,16.85024,5.95126,-1.11828,-12.92143,2.43179,-3.52907,6.60023,,,,,,,,,,,,,,,,,,,,,,,,,,,,,,,,,,,,,,,,,,,,,,,,,,,High,High,High,,,,,,,,,,,,,,,,,,,,,,,,,,,,,,,,,,,,
99,2026-03-24,18:57:05.16,3,5,"Bauer, Jack",815627,Left,MSU_BDG,"Urban, Joseph",1000116546,Right,SOU_GOL,Undefined,3,Top,2,2,2,Fastball,Four-Seam,InPlay,Undefined,FlyBall,Out,1,0,,98.48332,-2.579124,4.072803,2474.567612,127.772365,10:15,6.30155,-2.16958,5.15893,-17.36332,12.79946,-15.09335,2.41915,0.41274,88.74525,-5.825688,1.408449,0.395282,98.61284,24.798127,3.041873,2908.019503,109.44481,47.16831,11.03511,344.34409,340.51572,12.130401,4.46181,8.8441,7.51087,1.80112,50,6.0473,-9.36429,-142.26632,-7.09286,17.8858,36.67131,-16.98451,MSU_BDG,SOU_GOL,MSST,D1,SEC,20260324-MSST-1,29da63f0-27dd-11f1-af58-35dac0914731,95.35587,64.44642,,9.73808,,,,1.55677,2.47672,-0.40866,dd9a23d0-46ab-4e69-8731-b6ab313b6345,2026-03-24,23:57:05.16,2026-03-24T18:57:05.1695616-05:00,2026-03-24T23:57:05.1695616Z,FlyBall,v3,5080,471449,f283d7f39aaf4b10983d124063eab2d6,"Milewski, Kevin",831000,Right,MSU_BDG,ff1b8f44-ab02-4af6-b9f1-423448f54170,55.33932,-143.63602,18.33565,6.30038,-6.45848,-8.49226,2.16335,-10.03233,8.9429,212.800573,1.55644,131.11797,-26.2417,6.0323,-1.30345,0.28485,-0.05629,0.00735,-0.00041,2.47776,60.63712,-15.67338,0.24552,0.22307,-0.1279,0.03703,-0.00504,0.00026,-0.40888,6.97292,6.58533,-2.24399,0.53988,-0.11141,0.02025,-0.00252,0.00014,,,,,,,,,,,,,,,,,,,,,,,High,High,High,High,High,,,,,,,,,,,,,,,,,,,,,,,,,,,,,,,,,,
100,2026-03-24,19:00:07.29,1,1,"Causey, Dylan",829182,Right,SOU_GOL,"Frei, Gehrig",831539,Left,MSU_BDG,Undefined,3,Bottom,0,0,0,Fastball,Four-Seam,FoulBallFieldable,Undefined,Undefined,Undefined,0,0,,91.91641,-3.718324,-2.261812,2138.77143,183.161565,12:00,6.32266,1.54273,5.77862,-13.92509,19.57281,1.01854,1.69491,-0.47802,83.7471,-6.377567,-2.079614,0.416563,75.87577,-17.170142,43.762039,,,,,8.5369,8.5369,43.410695,0.052478,-1.18335,11.42969,-1.35661,50,6.00702,5.21282,-133.10207,-9.05757,-2.11252,29.86806,-11.76965,MSU_BDG,SOU_GOL,MSST,D1,SEC,20260324-MSST-1,96a8b310-27dd-11f1-af58-35dac0914731,90.48443,1.72756,,8.16932,,,,2.16357,1.72756,1.99955,dd9a23d0-46ab-4e69-8731-b6ab313b6345,2026-03-25,00:00:07.29,2026-03-24T19:00:07.2951808-05:00,2026-03-25T00:00:07.2951808Z,GroundBall,v3,5080,471449,f283d7f39aaf4b10983d124063eab2d6,"Stockman, Tucker",838152,Right,SOU_GOL,4ff9d62e-c56b-4186-8e71-2ffede317be6,54.72007,-134.15707,14.93403,6.31961,-8.64184,-5.88482,-1.54206,5.28744,-1.05626,180,2.16224,76.94702,,,,,,,,1.72813,-32.9196,,,,,,,,1.99828,73.69174,,,,,,,,,,,,,,,,,,,,,,,,,,,,,,High,High,High,Low,Low,,,,,,,,,,,,,,,,,,,,,,,,,,,,,,,,,,
101,2026-03-24,19:00:25.27,1,2,"Causey, Dylan",829182,Right,SOU_GOL,"Frei, Gehrig",831539,Left,MSU_BDG,Undefined,3,Bottom,0,0,1,ChangeUp,Changeup,BallCalled,Undefined,Undefined,Undefined,0,0,,82.88908,-3.154641,-2.558448,1396.003892,240.80914,2:00,6.09321,1.52736,6.32004,-32.5158,8.59083,12.48485,0.47226,0.20984,74.57594,-9.245156,-0.296713,0.461453,,,,,,,,,,,,-7.39768,6.05351,-1.34589,50,5.84711,4.88958,-119.95581,-7.56665,-10.50025,28.79522,-23.5817,MSU_BDG,SOU_GOL,MSST,D1,SEC,20260324-MSST-1,a12d6b00-27dd-11f1-af58-35dac0914731,81.6821,,,8.31313,,,,,,,dd9a23d0-46ab-4e69-8731-b6ab313b6345,2026-03-25,00:00:25.27,2026-03-24T19:00:25.2755456-05:00,2026-03-25T00:00:25.2755456Z,,v3,5080,471449,f283d7f39aaf4b10983d124063eab2d6,"Stockman, Tucker",838152,Right,SOU_GOL,29ff9ce9-51d3-4e66-bb3b-3f5ee1c72f72,54.17607,-120.95412,14.39761,6.09527,-6.74909,-11.79085,-1.52172,5.25361,-5.25013,,,,,,,,,,,,,,,,,,,,,,,,,,,,,,,,,,,,,,,,,,,,,,,,,,,High,High,High,,,,,,,,,,,,,,,,,,,,,,,,,,,,,,,,,,,,
102,2026-03-24,19:00:59.56,1,3,"Causey, Dylan",829182,Right,SOU_GOL,"Frei, Gehrig",831539,Left,MSU_BDG,Undefined,3,Bottom,0,1,1,ChangeUp,Changeup,BallCalled,Undefined,Undefined,Undefined,0,0,,83.51329,-3.718101,-3.723958,1434.792453,260.158197,2:45,6.16181,1.48799,6.28068,-35.97892,3.98331,15.19438,-0.27548,-0.68302,76.59715,-10.355293,-0.974891,0.454984,,,,,,,,,,,,-9.1091,3.5424,-1.22039,50,5.86906,7.32003,-120.90852,-8.96801,-13.37869,25.29865,-26.97129,MSU_BDG,SOU_GOL,MSST,D1,SEC,20260324-MSST-1,b599d790-27dd-11f1-af58-35dac0914731,82.84341,,,6.91614,,,,,,,dd9a23d0-46ab-4e69-8731-b6ab313b6345,2026-03-25,00:00:59.56,2026-03-24T19:00:59.5639808-05:00,2026-03-25T00:00:59.5639808Z,,v3,5080,471449,f283d7f39aaf4b10983d124063eab2d6,"Stockman, Tucker",838152,Right,SOU_GOL,94e112b6-5b06-420e-90a2-25de35276b00,54.22026,-121.78835,12.64932,6.16464,-8.03,-13.48564,-1.48305,7.78532,-6.68935,,,,,,,,,,,,,,,,,,,,,,,,,,,,,,,,,,,,,,,,,,,,,,,,,,,High,High,High,,,,,,,,,,,,,,,,,,,,,,,,,,,,,,,,,,,,
103,2026-03-24,19:01:18.53,1,4,"Causey, Dylan",829182,Right,SOU_GOL,"Frei, Gehrig",831539,Left,MSU_BDG,Undefined,3,Bottom,0,2,1,Fastball,Four-Seam,BallCalled,Undefined,Undefined,Undefined,0,0,,91.26619,-1.023102,-1.073454,2064.446935,196.277866,12:30,6.25726,1.3151,5.78233,-15.13217,19.13225,5.21425,4.04408,0.75076,81.88748,-3.950656,-0.139687,0.421302,,,,,,,,,,,,-2.98146,10.40808,-1.2296,50,6.1639,2.23945,-132.25421,-2.77721,-5.18646,32.89964,-14.06852,MSU_BDG,SOU_GOL,MSST,D1,SEC,20260324-MSST-1,c0e736b0-27dd-11f1-af58-35dac0914731,89.46663,,,9.37871,,,,,,,dd9a23d0-46ab-4e69-8731-b6ab313b6345,2026-03-25,00:01:18.53,2026-03-24T19:01:18.5322496-05:00,2026-03-25T00:01:18.5322496Z,,v3,5080,471449,f283d7f39aaf4b10983d124063eab2d6,"Stockman, Tucker",838152,Right,SOU_GOL,b8c56d5f-d9d6-45b7-a8b6-308db67a5f2f,54.71133,-133.42106,16.44982,6.25355,-2.27825,-7.03426,-1.31229,2.4234,-2.59323,,,,,,,,,,,,,,,,,,,,,,,,,,,,,,,,,,,,,,,,,,,,,,,,,,,High,High,High,,,,,,,,,,,,,,,,,,,,,,,,,,,,,,,,,,,,
104,2026-03-24,19:01:34.52,1,5,"Causey, Dylan",829182,Right,SOU_GOL,"Frei, Gehrig",831539,Left,MSU_BDG,Undefined,3,Bottom,0,3,1,Fastball,Four-Seam,StrikeSwinging,Undefined,Undefined,Undefined,0,0,,90.56173,-3.116811,-3.024681,2059.201231,190.441596,12:15,6.17039,1.46449,5.93423,-15.54521,19.35883,3.31614,1.97646,-1.06791,81.10493,-6.119918,-2.430324,0.425216,,,,,,,,,,,,-2.72099,11.34331,-1.22467,50,5.91238,6.76911,-130.89042,-7.54902,-4.61633,33.30782,-12.92943,MSU_BDG,SOU_GOL,MSST,D1,SEC,20260324-MSST-1,ca7077a0-27dd-11f1-af58-35dac0914731,88.64314,,,9.4568,,,,,,,dd9a23d0-46ab-4e69-8731-b6ab313b6345,2026-03-25,00:01:34.52,2026-03-24T19:01:34.5217536-05:00,2026-03-25T00:01:34.5217536Z,,v3,5080,471449,f283d7f39aaf4b10983d124063eab2d6,"Stockman, Tucker",838152,Right,SOU_GOL,3874482d-a05a-4c08-add9-e4c1ee968377,54.55936,-132.04556,16.65391,6.16641,-7.10062,-6.46471,-1.4622,6.92921,-2.30817,,,,,,,,,,,,,,,,,,,,,,,,,,,,,,,,,,,,,,,,,,,,,,,,,,,High,High,High,,,,,,,,,,,,,,,,,,,,,,,,,,,,,,,,,,,,
105,2026-03-24,19:01:51.85,1,6,"Causey, Dylan",829182,Right,SOU_GOL,"Frei, Gehrig",831539,Left,MSU_BDG,Undefined,3,Bottom,0,3,2,Fastball,Four-Seam,FoulBallFieldable,Undefined,Undefined,Undefined,0,0,,90.79917,-2.628585,-2.322589,2085.312778,199.45883,12:45,6.21304,1.35922,5.78914,-16.77536,17.98261,5.88461,2.36606,-0.31223,81.49358,-5.842461,-1.269403,0.424325,70.69443,20.524213,-172.019784,1857.664643,,,,,44.19926,,,-3.6789,10.32615,-1.17093,50,5.98608,5.04477,-131.2998,-6.50474,-6.30869,32.38574,-14.46651,MSU_BDG,SOU_GOL,MSST,D1,SEC,20260324-MSST-1,d4c5e230-27dd-11f1-af58-35dac0914731,88.82917,14.89012,,9.30559,,,,1.49353,2.19311,0.07756,dd9a23d0-46ab-4e69-8731-b6ab313b6345,2026-03-25,00:01:51.85,2026-03-24T19:01:51.8514688-05:00,2026-03-25T00:01:51.8514688Z,,v3,5080,471449,f283d7f39aaf4b10983d124063eab2d6,"Stockman, Tucker",838152,Right,SOU_GOL,8e534fd3-860d-4405-ab12-f8c5ee57c6a3,54.70029,-132.45408,16.19287,6.20873,-5.98913,-7.23326,-1.35473,5.26962,-3.15434,305.466835,1.49264,-96.13857,5.61877,,,,,,,2.19939,36.17863,-20.51247,,,,,,,0.08133,-13.58535,-3.12361,,,,,,,,,,,,,,,,,,,,,,,,,,,,,High,High,High,Medium,Undefined,,,,,,,,,,,,,,,,,,,,,,,,,,,,,,,,,,
106,2026-03-24,19:02:13.60,1,7,"Causey, Dylan",829182,Right,SOU_GOL,"Frei, Gehrig",831539,Left,MSU_BDG,Undefined,3,Bottom,0,3,2,Cutter,Slider,InPlay,Undefined,LineDrive,Single,0,0,,86.13519,-0.681089,-1.430432,2262.658793,119.877737,10:00,6.22778,1.19626,5.71431,-34.30033,3.73189,-4.36099,2.7347,-0.49999,78.7816,-6.996669,-2.211018,0.443861,85.79275,18.485667,17.308745,843.137383,106.16872,26.18317,28.77756,234.69587,234.68488,13.109717,2.640412,1.81386,2.44291,-1.0738,50,6.1495,3.30204,-125.05291,-2.67839,2.8591,26.29888,-28.32334,MSU_BDG,SOU_GOL,MSST,D1,SEC,20260324-MSST-1,e1f39a10-27dd-11f1-af58-35dac0914731,84.9194,26.73804,,7.35358,,,,1.24223,2.77702,0.49314,dd9a23d0-46ab-4e69-8731-b6ab313b6345,2026-03-25,00:02:13.60,2026-03-24T19:02:13.6032256-05:00,2026-03-25T00:02:13.6032256Z,LineDrive,v3,5080,471449,f283d7f39aaf4b10983d124063eab2d6,"Stockman, Tucker",838152,Right,SOU_GOL,b05f3ea9-9a65-469d-8543-5ab96db01d95,54.78498,-126.05518,13.14944,6.23101,-1.59896,-14.16167,-1.19757,3.19308,1.42955,123.066201,1.24227,113.93038,-15.49525,2.75351,-0.40413,0.01444,0.01028,-0.00279,0.00028,2.77697,39.90044,-17.80714,1.23757,-0.3411,0.16219,-0.05549,0.01126,-0.00096,0.49326,35.4963,-10.51711,2.71318,-0.28893,-0.14715,0.08096,-0.01745,0.00148,,,,,,,,,,,,,,,,,,,,,,,High,High,High,High,High,,,,,,,,,,,,,,,,,,,,,,,,,,,,,,,,,,
107,2026-03-24,19:03:19.37,2,1,"Causey, Dylan",829182,Right,SOU_GOL,"Woodson, Ryder",829665,Right,MSU_BDG,Undefined,3,Bottom,0,0,0,Fastball,Four-Seam,BallCalled,Undefined,Undefined,Undefined,0,0,,90.93017,-4.790684,-2.045938,2116.208568,183.468348,12:00,6.40447,0.63771,5.99552,-13.89331,20.22607,1.15354,0.79406,-1.16289,82.72122,-7.452637,-1.838676,0.420409,,,,,,,,,,,,-1.20398,12.18009,-0.47718,50,6.0185,4.64837,-131.49923,-11.39251,-2.0928,29.7811,-11.00205,MSU_BDG,SOU_GOL,MSST,D1,SEC,20260324-MSST-1,08ef9ce0-27de-11f1-af58-35dac0914731,89.65659,,,8.20895,,,,,,,dd9a23d0-46ab-4e69-8731-b6ab313b6345,2026-03-25,00:03:19.37,2026-03-24T19:03:19.3799680-05:00,2026-03-25T00:03:19.3799680Z,,v3,5080,471449,f283d7f39aaf4b10983d124063eab2d6,"Stockman, Tucker",838152,Right,SOU_GOL,e5c60f1d-6a5d-47ab-a0ee-1bd09e431bf7,54.50162,-132.5148,14.89055,6.4006,-11.01733,-5.50103,-0.63691,4.71974,-1.0464,,,,,,,,,,,,,,,,,,,,,,,,,,,,,,,,,,,,,,,,,,,,,,,,,,,High,High,High,,,,,,,,,,,,,,,,,,,,,,,,,,,,,,,,,,,,
108,2026-03-24,19:03:43.26,2,2,"Causey, Dylan",829182,Right,SOU_GOL,"Woodson, Ryder",829665,Right,MSU_BDG,Undefined,3,Bottom,0,1,0,Fastball,Four-Seam,StrikeCalled,Undefined,Undefined,Undefined,0,0,,91.43648,-3.295637,-0.432744,2220.40491,184.768117,12:15,6.33929,0.99263,5.79045,-12.18268,21.45407,1.69787,2.25481,0.73155,83.52946,-5.646025,-0.128594,0.417425,,,,,,,,,,,,-0.98335,12.17607,-0.95802,50,6.06041,0.92625,-132.58942,-7.94909,-1.74974,28.46242,-10.50809,MSU_BDG,SOU_GOL,MSST,D1,SEC,20260324-MSST-1,177ee090-27de-11f1-af58-35dac0914731,90.29753,,,7.90702,,,,,,,dd9a23d0-46ab-4e69-8731-b6ab313b6345,2026-03-25,00:03:43.26,2026-03-24T19:03:43.2624640-05:00,2026-03-25T00:03:43.2624640Z,,v3,5080,471449,f283d7f39aaf4b10983d124063eab2d6,"Stockman, Tucker",838152,Right,SOU_GOL,e66e6a66-ebf1-436d-b04f-c05e58690ba0,54.70692,-133.59602,14.23121,6.33496,-7.57747,-5.25404,-0.99187,0.98813,-0.87487,,,,,,,,,,,,,,,,,,,,,,,,,,,,,,,,,,,,,,,,,,,,,,,,,,,High,High,High,,,,,,,,,,,,,,,,,,,,,,,,,,,,,,,,,,,,
109,2026-03-24,19:04:21.16,2,3,"Causey, Dylan",829182,Right,SOU_GOL,"Woodson, Ryder",829665,Right,MSU_BDG,Undefined,3,Bottom,0,1,1,Cutter,Slider,BallCalled,Undefined,Undefined,Undefined,0,0,,86.14194,-1.799071,0.591676,2277.12975,163.724323,11:30,6.23755,1.07784,5.87554,-31.2834,6.1824,-1.47973,1.95905,1.50408,79.54073,-7.562462,0.325748,0.440544,,,,,,,,,,,,0.91469,3.98421,-1.12481,50,6.0739,-1.23306,-125.17391,-4.98334,1.45889,24.02276,-25.81947,MSU_BDG,SOU_GOL,MSST,D1,SEC,20260324-MSST-1,2dd012b0-27de-11f1-af58-35dac0914731,85.55895,,,6.60122,,,,,,,dd9a23d0-46ab-4e69-8731-b6ab313b6345,2026-03-25,00:04:21.16,2026-03-24T19:04:21.1675136-05:00,2026-03-25T00:04:21.1675136Z,,v3,5080,471449,f283d7f39aaf4b10983d124063eab2d6,"Stockman, Tucker",838152,Right,SOU_GOL,8e1ceddd-a55d-43ce-b185-1d459a3c1fa4,54.62396,-126.05819,12.01138,6.23984,-4.03292,-12.90974,-1.07843,-1.28677,0.72945,,,,,,,,,,,,,,,,,,,,,,,,,,,,,,,,,,,,,,,,,,,,,,,,,,,High,High,High,,,,,,,,,,,,,,,,,,,,,,,,,,,,,,,,,,,,
110,2026-03-24,19:04:51.04,2,4,"Causey, Dylan",829182,Right,SOU_GOL,"Woodson, Ryder",829665,Right,MSU_BDG,Undefined,3,Bottom,0,2,1,Cutter,Slider,StrikeSwinging,Undefined,Undefined,Undefined,0,0,,85.9466,-2.451713,-0.779286,2134.622479,151.005426,11:00,6.19685,0.65156,6.02863,-29.95399,7.68894,-3.60614,1.42856,-0.37069,79.03937,-7.994028,-1.429196,0.441584,,,,,,,,,,,,1.64232,5.00733,-0.58871,50,5.98886,1.84012,-124.79307,-6.31064,2.58909,25.18233,-24.28006,MSU_BDG,SOU_GOL,MSST,D1,SEC,20260324-MSST-1,3f961760-27de-11f1-af58-35dac0914731,85.35737,,,6.90723,,,,,,,dd9a23d0-46ab-4e69-8731-b6ab313b6345,2026-03-25,00:04:51.04,2026-03-24T19:04:51.0406144-05:00,2026-03-25T00:04:51.0406144Z,,v3,5080,471449,f283d7f39aaf4b10983d124063eab2d6,"Stockman, Tucker",838152,Right,SOU_GOL,c4cf6507-79f1-4ab7-a446-5ce9fcda3ea1,54.47016,-125.69188,12.59117,6.19863,-5.44404,-12.14003,-0.65274,1.74771,1.29455,,,,,,,,,,,,,,,,,,,,,,,,,,,,,,,,,,,,,,,,,,,,,,,,,,,High,High,High,,,,,,,,,,,,,,,,,,,,,,,,,,,,,,,,,,,,
111,2026-03-24,19:05:12.95,2,5,"Causey, Dylan",829182,Right,SOU_GOL,"Woodson, Ryder",829665,Right,MSU_BDG,Undefined,3,Bottom,0,2,2,Cutter,Slider,FoulBallFieldable,Undefined,Undefined,Undefined,0,0,,84.90265,-1.354631,-0.583562,2268.356036,142.272998,10:45,6.17432,0.83781,5.89237,-29.50037,9.10237,-6.13615,2.45791,-0.21538,78.17163,-6.818039,-1.685946,0.447178,73.6298,75.441686,161.900531,4870.585721,,,,,30.308,,,3.01685,5.37284,-0.78714,50,6.0481,1.49537,-123.39154,-3.86888,4.66342,23.94666,-23.86872,MSU_BDG,SOU_GOL,MSST,D1,SEC,20260324-MSST-1,4ceed6e0-27de-11f1-af58-35dac0914731,84.28956,80.3532,,6.73102,,,,2.89759,2.83442,0.17456,dd9a23d0-46ab-4e69-8731-b6ab313b6345,2026-03-25,00:05:12.95,2026-03-24T19:05:12.9560576-05:00,2026-03-25T00:05:12.9560576Z,,v3,5080,471449,f283d7f39aaf4b10983d124063eab2d6,"Stockman, Tucker",838152,Right,SOU_GOL,fe30fa23-fde6-4c58-80b9-ecce92302720,54.60794,-124.28259,11.97333,6.17553,-2.98074,-11.93436,-0.83955,1.32185,2.33171,355.57605,2.89759,-25.80181,-7.5523,4.19532,-1.32946,0.36473,-0.09151,0.01875,-0.00212,2.83442,104.52288,-34.10267,5.06858,-0.95785,0.15609,-0.02403,0.00286,-0.00018,0.17456,8.43307,-1.29223,0.21529,-0.02455,-8E-05,0.00104,-0.00037,5E-05,,,,,,,,,,,,,,,,,,,,,,,High,High,High,High,Undefined,,,,,,,,,,,,,,,,,,,,,,,,,,,,,,,,,,
112,2026-03-24,19:05:42.21,2,6,"Causey, Dylan",829182,Right,SOU_GOL,"Woodson, Ryder",829665,Right,MSU_BDG,Undefined,3,Bottom,0,2,2,Fastball,Four-Seam,FoulBallFieldable,Undefined,Undefined,Undefined,0,0,,91.73573,-3.013161,-1.398142,2148.459817,183.902413,12:15,6.49845,0.41706,5.93184,-11.85308,21.74324,1.40095,2.7117,-0.76363,82.90262,-5.333753,-1.146649,0.417174,74.7065,17.873327,172.237105,1949.842831,,,,113.77255,48.06882,165.64078,1.129501,-1.16043,12.46339,-0.3062,50,6.25107,3.1839,-132.92779,-7.28564,-2.05024,31.83399,-10.15399,MSU_BDG,SOU_GOL,MSST,D1,SEC,20260324-MSST-1,5e0dc620-27de-11f1-af58-35dac0914731,90.35183,11.26914,,8.83311,,,,2.15706,2.56729,1.09022,dd9a23d0-46ab-4e69-8731-b6ab313b6345,2026-03-25,00:05:42.21,2026-03-24T19:05:42.2126592-05:00,2026-03-25T00:05:42.2126592Z,LineDrive,v3,5080,471449,f283d7f39aaf4b10983d124063eab2d6,"Stockman, Tucker",838152,Right,SOU_GOL,dd569807-786b-4aed-8732-8c8688451d2a,54.56562,-134.01672,15.91699,6.49435,-6.9383,-5.07699,-0.41631,3.25403,-1.02512,31.694242,2.36833,-105.82565,5.28259,,,,,,,2.63847,32.79856,-31.16164,,,,,,,0.98802,15.28881,7.88428,,,,,,,,,,,,,,,,,,,,,,,,,,,,,High,High,High,Medium,Low,,,,,,,,,,,,,,,,,,,,,,,,,,,,,,,,,,
113,2026-03-24,19:06:08.77,2,7,"Causey, Dylan",829182,Right,SOU_GOL,"Woodson, Ryder",829665,Right,MSU_BDG,Undefined,3,Bottom,0,2,2,Fastball,Four-Seam,FoulBallFieldable,Undefined,Undefined,Undefined,0,0,,90.73136,-2.361924,-0.155981,1996.870197,183.632702,12:00,6.38324,0.55492,5.94231,-14.78355,19.50056,1.16043,2.95909,0.50694,82.00953,-5.21403,0.052528,0.421423,102.31211,29.960389,-34.86618,3114.537553,86.78089,59.84399,-67.59495,392.29883,257.63972,-47.342021,5.237691,-0.64858,11.13146,-0.54317,50,6.18689,0.30917,-131.58632,-5.83284,-1.12228,31.33937,-12.91301,MSU_BDG,SOU_GOL,MSST,D1,SEC,20260324-MSST-1,6de73d10-27de-11f1-af58-35dac0914731,89.44095,89.77846,,8.72183,,,,2.30539,3.23419,-0.67207,dd9a23d0-46ab-4e69-8731-b6ab313b6345,2026-03-25,00:06:08.77,2026-03-24T19:06:08.7791616-05:00,2026-03-25T00:06:08.7791616Z,FlyBall,v3,5080,471449,f283d7f39aaf4b10983d124063eab2d6,"Stockman, Tucker",838152,Right,SOU_GOL,6f32fba2-e26d-45bc-88af-0971086d65d0,54.55559,-132.66687,15.66969,6.38033,-5.38762,-6.45651,-0.55449,0.34787,-0.56114,,2.3071,106.63796,-25.58297,6.27553,-1.39104,0.27473,-0.04469,0.00488,-0.00024,3.23644,74.88679,-18.06549,0.62432,0.31894,-0.19677,0.05219,-0.0066,0.00032,-0.67263,-74.30844,6.63456,-0.82557,0.02633,0.01787,-0.00381,0.00025,0,,,,,,,,,,,,,,,,,,,,,,,High,High,High,Medium,Low,,,,,,,,,,,,,,,,,,,,,,,,,,,,,,,,,,
114,2026-03-24,19:06:46.66,2,8,"Causey, Dylan",829182,Right,SOU_GOL,"Woodson, Ryder",829665,Right,MSU_BDG,Undefined,3,Bottom,0,2,2,Cutter,Slider,FoulBallFieldable,Undefined,Undefined,Undefined,0,0,,86.62257,-1.363089,-1.080229,2147.960326,115.08327,9:45,6.22772,0.73938,6.01387,-32.86494,4.70725,-7.21181,2.2258,-0.8624,78.51734,-7.467273,-2.379074,0.441169,,,,,,,,,,,,3.38874,3.22225,-0.65063,50,6.1029,2.65701,-125.68692,-4.07168,5.33302,29.31894,-27.10302,MSU_BDG,SOU_GOL,MSST,D1,SEC,20260324-MSST-1,848ef3a0-27de-11f1-af58-35dac0914731,85.43774,,,8.10523,,,,,,,dd9a23d0-46ab-4e69-8731-b6ab313b6345,2026-03-25,00:06:46.66,2026-03-24T19:06:46.6631680-05:00,2026-03-25T00:06:46.6631680Z,,v3,5080,471449,f283d7f39aaf4b10983d124063eab2d6,"Stockman, Tucker",838152,Right,SOU_GOL,890f0683-3901-4b5a-bdab-d46ac568a260,54.48473,-126.72876,14.65947,6.23047,-3.10859,-13.55151,-0.74168,2.4675,2.66651,,,,,,,,,,,,,,,,,,,,,,,,,,,,,,,,,,,,,,,,,,,,,,,,,,,High,High,High,,,,,,,,,,,,,,,,,,,,,,,,,,,,,,,,,,,,
115,2026-03-24,19:07:12.83,2,9,"Causey, Dylan",829182,Right,SOU_GOL,"Woodson, Ryder",829665,Right,MSU_BDG,Undefined,3,Bottom,0,2,2,Curveball,Curveball,BallCalled,Undefined,Undefined,Undefined,0,0,,78.99135,-3.191916,-0.630878,2534.08089,46.545327,7:30,6.23388,0.62856,5.77005,-53.95684,-7.9915,-10.18339,-1.2362,-0.80718,72.25824,-12.958116,-2.466413,0.487963,,,,,,,,,,,,5.09425,-2.75,-0.56983,50,5.93643,1.62659,-114.4556,-8.11508,6.59825,25.76927,-35.73595,MSU_BDG,SOU_GOL,MSST,D1,SEC,20260324-MSST-1,9414cc50-27de-11f1-af58-35dac0914731,77.24452,,,6.73311,,,,,,,dd9a23d0-46ab-4e69-8731-b6ab313b6345,2026-03-25,00:07:12.83,2026-03-24T19:07:12.8341504-05:00,2026-03-25T00:07:12.8341504Z,,v3,5080,471449,f283d7f39aaf4b10983d124063eab2d6,"Stockman, Tucker",838152,Right,SOU_GOL,c9a390c9-e700-40bf-a63c-e4ca2225b6ba,54.7319,-115.51606,12.88464,6.24012,-6.64447,-17.86798,-0.63117,1.35506,3.29912,,,,,,,,,,,,,,,,,,,,,,,,,,,,,,,,,,,,,,,,,,,,,,,,,,,High,High,High,,,,,,,,,,,,,,,,,,,,,,,,,,,,,,,,,,,,
116,2026-03-24,19:07:45.43,2,10,"Causey, Dylan",829182,Right,SOU_GOL,"Woodson, Ryder",829665,Right,MSU_BDG,Undefined,3,Bottom,0,3,2,Fastball,Four-Seam,BallCalled,Walk,Undefined,Undefined,0,0,,91.44252,-5.371922,-1.518531,2132.573104,189.209016,12:15,6.25453,0.93894,5.93485,-14.42402,19.56977,2.97213,0.0524,-0.22251,82.9075,-8.12622,-0.984718,0.419635,,,,,,,,,,,,-2.0028,12.09107,-0.81944,50,5.8165,3.37466,-132.10554,-12.82276,-3.49749,31.24587,-11.05933,MSU_BDG,SOU_GOL,MSST,D1,SEC,20260324-MSST-1,a783ed20-27de-11f1-af58-35dac0914731,89.82206,,,8.53502,,,,,,,dd9a23d0-46ab-4e69-8731-b6ab313b6345,2026-03-25,00:07:45.43,2026-03-24T19:07:45.4377472-05:00,2026-03-25T00:07:45.4377472Z,,v3,5080,471449,f283d7f39aaf4b10983d124063eab2d6,"Stockman, Tucker",838152,Right,SOU_GOL,e71ccaf9-0dfb-4f78-bea2-6d2b49ff6018,54.56262,-133.18032,15.62293,6.25103,-12.44235,-5.52967,-0.93759,3.49496,-1.74875,,,,,,,,,,,,,,,,,,,,,,,,,,,,,,,,,,,,,,,,,,,,,,,,,,,High,High,High,,,,,,,,,,,,,,,,,,,,,,,,,,,,,,,,,,,,
117,2026-03-24,19:08:34.08,3,1,"Causey, Dylan",829182,Right,SOU_GOL,"Parker, Jacob",815834,Left,MSU_BDG,Undefined,3,Bottom,0,0,0,Fastball,Four-Seam,BallCalled,Undefined,Undefined,Undefined,0,0,,87.58536,-5.970667,-2.584291,2012.299113,198.07406,12:30,6.30609,1.48599,5.84161,-19.60316,17.61918,5.31485,-0.90226,-0.47448,79.80851,-9.630893,-1.631617,0.43911,,,,,,,,,,,,-3.57414,11.29863,-1.27879,50,5.80646,5.49416,-126.37443,-13.82311,-5.71901,28.29217,-14.09509,MSU_BDG,SOU_GOL,MSST,D1,SEC,20260324-MSST-1,c48157f0-27de-11f1-af58-35dac0914731,85.83825,,,7.77684,,,,,,,dd9a23d0-46ab-4e69-8731-b6ab313b6345,2026-03-25,00:08:34.08,2026-03-24T19:08:34.0871680-05:00,2026-03-25T00:08:34.0871680Z,,v3,5080,471449,f283d7f39aaf4b10983d124063eab2d6,"Stockman, Tucker",838152,Right,SOU_GOL,cacac68a-b1d1-44f2-b4d9-05174fefac2b,54.65888,-127.41317,14.14609,6.30448,-13.30561,-7.04754,-1.48437,5.70413,-2.85951,,,,,,,,,,,,,,,,,,,,,,,,,,,,,,,,,,,,,,,,,,,,,,,,,,,High,High,High,,,,,,,,,,,,,,,,,,,,,,,,,,,,,,,,,,,,
118,2026-03-24,19:09:01.52,3,2,"Causey, Dylan",829182,Right,SOU_GOL,"Parker, Jacob",815834,Left,MSU_BDG,Undefined,3,Bottom,0,1,0,Fastball,Four-Seam,InPlay,Undefined,LineDrive,HomeRun,0,3,,89.99534,-2.880519,-2.244992,1972.983739,184.323693,12:15,6.38637,1.46456,5.80836,-15.70335,19.09214,1.35634,2.39472,-0.51119,82.10234,-5.867892,-2.002223,0.424554,113.25137,19.440594,30.329288,2181.464885,91.82662,34.778,60.56284,362.1487,322.45463,39.807774,3.542094,-1.34201,10.9404,-1.28121,50,6.14063,5.05653,-130.45232,-7.02707,-2.3049,28.29428,-13.38387,MSU_BDG,SOU_GOL,MSST,D1,SEC,20260324-MSST-1,d4dc5af0-27de-11f1-af58-35dac0914731,88.78126,46.21909,,7.893,,,,1.68885,2.46645,0.39192,dd9a23d0-46ab-4e69-8731-b6ab313b6345,2026-03-25,00:09:01.52,2026-03-24T19:09:01.5205888-05:00,2026-03-25T00:09:01.5205888Z,LineDrive,v3,5080,471449,f283d7f39aaf4b10983d124063eab2d6,"Stockman, Tucker",838152,Right,SOU_GOL,31c86c41-41c0-4bf8-ac54-61443d1c3447,54.69029,-131.46567,14.14714,6.38372,-6.54773,-6.69194,-1.46378,5.13907,-1.15245,236.874025,1.68898,135.18986,-32.4805,8.87665,-2.09951,0.40298,-0.05747,0.00464,-0.0001,2.46629,55.28917,-18.81011,0.70775,0.13534,-0.03866,-0.00191,0.00255,-0.00031,0.39185,79.09673,-2.79525,-1.59869,0.85036,-0.2592,0.0532,-0.00669,0.0004,,,,,,,,,,,,,,,,,,,,,,,High,High,High,High,Medium,,,,,,,,,,,,,,,,,,,,,,,,,,,,,,,,,,
119,2026-03-24,19:12:35.98,4,1,"Farr, Kevin",10119828,Right,SOU_GOL,"Milewski, Kevin",831000,Right,MSU_BDG,Undefined,3,Bottom,0,0,0,Fastball,Four-Seam,StrikeCalled,Undefined,Undefined,Undefined,0,0,,90.79918,-1.783318,-3.883512,2563.442593,210.989123,1:00,5.65463,2.08392,6.20958,-15.31225,18.1704,10.28816,2.72839,-0.64848,83.18455,-4.715499,-2.032269,0.416468,,,,,,,,,,,,-6.34981,10.19875,-1.7971,50,5.5126,8.51293,-131.68027,-4.52194,-11.19296,26.93194,-14.19638,MSU_BDG,SOU_GOL,MSST,D1,SEC,20260324-MSST-1,54b22f70-27df-11f1-af58-35dac0914731,90.50507,,,7.61464,,,,,,,dd9a23d0-46ab-4e69-8731-b6ab313b6345,2026-03-25,00:12:35.98,2026-03-24T19:12:35.9867904-05:00,2026-03-25T00:12:35.9867904Z,,v3,5080,471449,f283d7f39aaf4b10983d124063eab2d6,"Stockman, Tucker",838152,Right,SOU_GOL,a3554a39-4a9f-4a78-8448-fc2f89b050ab,54.28907,-132.55459,13.46597,5.65192,-4.06106,-7.09819,-2.07936,8.8763,-5.59648,,,,,,,,,,,,,,,,,,,,,,,,,,,,,,,,,,,,,,,,,,,,,,,,,,,High,High,High,,,,,,,,,,,,,,,,,,,,,,,,,,,,,,,,,,,,
120,2026-03-24,19:12:51.39,4,2,"Farr, Kevin",10119828,Right,SOU_GOL,"Milewski, Kevin",831000,Right,MSU_BDG,Undefined,3,Bottom,0,0,1,Cutter,Slider,StrikeSwinging,Undefined,Undefined,Undefined,0,0,,85.22796,-0.442167,-1.539333,2513.461027,183.681475,12:00,5.68106,2.07681,5.93162,-29.1623,9.45662,0.52579,2.84047,0.69211,77.59897,-5.883416,-1.444892,0.447272,,,,,,,,,,,,-0.72303,5.3778,-1.95415,50,5.62944,3.30247,-123.69634,-1.89085,-1.11331,26.09268,-23.89319,MSU_BDG,SOU_GOL,MSST,D1,SEC,20260324-MSST-1,5de9a6e0-27df-11f1-af58-35dac0914731,84.27191,,,7.629,,,,,,,dd9a23d0-46ab-4e69-8731-b6ab313b6345,2026-03-25,00:12:51.39,2026-03-24T19:12:51.3971712-05:00,2026-03-25T00:12:51.3971712Z,,v3,5080,471449,f283d7f39aaf4b10983d124063eab2d6,"Stockman, Tucker",838152,Right,SOU_GOL,87c7f708-71f3-416c-8911-cfbaae7dd19b,54.56459,-124.65548,13.04634,5.6828,-1.01256,-11.9466,-2.0763,3.3434,-0.55666,,,,,,,,,,,,,,,,,,,,,,,,,,,,,,,,,,,,,,,,,,,,,,,,,,,High,High,High,,,,,,,,,,,,,,,,,,,,,,,,,,,,,,,,,,,,
121,2026-03-24,19:13:08.93,4,3,"Farr, Kevin",10119828,Right,SOU_GOL,"Milewski, Kevin",831000,Right,MSU_BDG,Undefined,3,Bottom,0,0,2,Cutter,Slider,InPlay,Undefined,LineDrive,Single,0,0,,85.21196,-0.441651,-1.977003,2577.29222,131.604399,10:30,5.68623,1.97229,5.94591,-33.31821,5.81,-4.9163,2.49982,-0.27188,76.76218,-6.650439,-2.859987,0.450211,98.62243,13.526808,-23.559555,1693.91315,98.52313,15.44779,-48.91977,202.45495,201.10414,-29.158066,1.738272,1.85764,3.53835,-1.81208,50,5.63257,4.46232,-123.52049,-2.03838,2.81098,29.31768,-26.81974,MSU_BDG,SOU_GOL,MSST,D1,SEC,20260324-MSST-1,68583ec0-27df-11f1-af58-35dac0914731,83.72166,15.50286,,8.44979,,,,1.89476,2.52649,0.32515,dd9a23d0-46ab-4e69-8731-b6ab313b6345,2026-03-25,00:13:08.93,2026-03-24T19:13:08.9365504-05:00,2026-03-25T00:13:08.9365504Z,LineDrive,v3,5080,471449,f283d7f39aaf4b10983d124063eab2d6,"Stockman, Tucker",838152,Right,SOU_GOL,fe69783c-c3f4-4d8d-99a4-6dd20f966747,54.55079,-124.59595,14.65884,5.68929,-1.05456,-13.40987,-1.97388,4.3592,1.40549,80.309499,1.89476,128.91005,-22.13647,4.36292,-0.32966,-0.46378,0.32987,-0.10603,0.0138,2.52649,33.83273,-23.96542,2.86745,-0.63624,0.18419,-0.06222,0.01633,-0.00198,0.32515,-56.21256,-3.17434,2.24374,0.00658,-0.71319,0.50316,-0.16399,0.02154,,,,,,,,,,,,,,,,,,,,,,,High,High,High,High,High,,,,,,,,,,,,,,,,,,,,,,,,,,,,,,,,,,
122,2026-03-24,19:13:47.96,5,1,"Farr, Kevin",10119828,Right,SOU_GOL,"Chance, Bryce",820842,Right,MSU_BDG,Undefined,3,Bottom,0,0,0,Fastball,Four-Seam,FoulBallFieldable,Undefined,Undefined,Undefined,0,0,,90.25121,-1.544262,-3.538496,2540.318074,211.308063,1:00,5.66272,1.80739,6.17504,-15.23938,18.80883,10.76989,2.96351,-0.56723,82.32264,-4.474826,-1.600509,0.41997,,,,,,,,,,,,-6.60764,10.52308,-1.54505,50,5.53794,7.66044,-130.91511,-3.94641,-11.45154,27.99399,-13.93672,MSU_BDG,SOU_GOL,MSST,D1,SEC,20260324-MSST-1,7f97a170-27df-11f1-af58-35dac0914731,89.75025,,,7.92857,,,,,,,dd9a23d0-46ab-4e69-8731-b6ab313b6345,2026-03-25,00:13:47.96,2026-03-24T19:13:47.9653376-05:00,2026-03-25T00:13:47.9653376Z,,v3,5080,471449,f283d7f39aaf4b10983d124063eab2d6,"Stockman, Tucker",838152,Right,SOU_GOL,ace37aa6-54d2-4f62-8832-0dd1a9ddb156,54.32463,-131.83662,13.99699,5.6603,-3.48764,-6.96836,-1.80343,8.03741,-5.72577,,,,,,,,,,,,,,,,,,,,,,,,,,,,,,,,,,,,,,,,,,,,,,,,,,,High,High,High,,,,,,,,,,,,,,,,,,,,,,,,,,,,,,,,,,,,
123,2026-03-24,19:14:14.07,5,2,"Farr, Kevin",10119828,Right,SOU_GOL,"Chance, Bryce",820842,Right,MSU_BDG,Undefined,3,Bottom,0,0,1,Fastball,Four-Seam,FoulBallFieldable,Undefined,Undefined,Undefined,0,0,,92.35709,-1.908527,-2.235063,2599.936507,206.164024,12:45,5.75283,2.02742,5.80066,-13.23418,19.98674,9.2463,2.8729,0.71811,83.52404,-4.472675,-0.579985,0.414837,73.30953,72.034583,46.6995,,,,,88.15283,41.22149,72.257645,5.434746,-5.40957,11.12646,-1.84937,50,5.58823,4.81413,-133.87622,-4.82431,-9.71741,31.6583,-12.1872,MSU_BDG,SOU_GOL,MSST,D1,SEC,20260324-MSST-1,8f2430e0-27df-11f1-af58-35dac0914731,90.8609,124.17346,,8.83306,,,,1.28709,2.86275,-0.7168,dd9a23d0-46ab-4e69-8731-b6ab313b6345,2026-03-25,00:14:14.07,2026-03-24T19:14:14.0732928-05:00,2026-03-25T00:14:14.0732928Z,Popup,v3,5080,471449,f283d7f39aaf4b10983d124063eab2d6,"Stockman, Tucker",838152,Right,SOU_GOL,7d5640b3-6b67-48f3-8128-356365039add,54.69689,-134.98235,15.82915,5.74935,-4.39849,-6.0936,-2.0235,5.15366,-4.85871,,1.27087,23.02318,-13.57372,5.71231,-1.93155,0.49518,-0.08041,0.00698,-0.00024,2.8459,102.6106,-27.85553,4.92596,-2.04917,0.72225,-0.15724,0.0179,-0.00081,-0.7154,24.1006,-4.10565,0.75849,0.06692,-0.09217,0.0268,-0.00354,0.00018,,,,,,,,,,,,,,,,,,,,,,,High,High,High,Low,Low,,,,,,,,,,,,,,,,,,,,,,,,,,,,,,,,,,
124,2026-03-24,19:14:53.43,5,3,"Farr, Kevin",10119828,Right,SOU_GOL,"Chance, Bryce",820842,Right,MSU_BDG,Undefined,3,Bottom,0,0,2,Fastball,Four-Seam,BallCalled,Undefined,Undefined,Undefined,0,0,,91.17085,-2.198868,-3.816752,2602.638501,208.100108,1:00,5.72848,1.77657,6.08399,-12.57036,21.05111,10.63808,2.64119,-0.87316,82.90316,-4.647748,-1.907059,0.41733,,,,,,,,,,,,-6.55524,11.79583,-1.4869,50,5.55143,8.35551,-132.07319,-5.38247,-11.53853,29.03795,-11.41095,MSU_BDG,SOU_GOL,MSST,D1,SEC,20260324-MSST-1,a69c08b0-27df-11f1-af58-35dac0914731,90.31803,,,8.26769,,,,,,,dd9a23d0-46ab-4e69-8731-b6ab313b6345,2026-03-25,00:14:53.43,2026-03-24T19:14:53.4321152-05:00,2026-03-25T00:14:53.4321152Z,,v3,5080,471449,f283d7f39aaf4b10983d124063eab2d6,"Stockman, Tucker",838152,Right,SOU_GOL,4027b83a-fbc8-44c6-9f19-fc12346113e2,54.41351,-133.04002,14.51897,5.72431,-5.00254,-5.70548,-1.77149,8.73969,-5.76927,,,,,,,,,,,,,,,,,,,,,,,,,,,,,,,,,,,,,,,,,,,,,,,,,,,High,High,High,,,,,,,,,,,,,,,,,,,,,,,,,,,,,,,,,,,,
125,2026-03-24,19:15:13.81,5,4,"Farr, Kevin",10119828,Right,SOU_GOL,"Chance, Bryce",820842,Right,MSU_BDG,Undefined,3,Bottom,0,1,2,Fastball,Four-Seam,BallCalled,Undefined,Undefined,Undefined,0,0,,89.99868,0.095341,-2.814595,2563.722785,204.258255,12:45,5.80673,1.88983,6.32694,-14.15812,19.90009,8.47024,4.7148,0.00166,81.80641,-2.659964,-1.284798,0.420032,,,,,,,,,,,,-5.18079,10.62217,-1.68795,50,5.80654,6.07308,-130.64003,-0.11621,-8.92436,28.35486,-13.87643,MSU_BDG,SOU_GOL,MSST,D1,SEC,20260324-MSST-1,b2c41060-27df-11f1-af58-35dac0914731,89.7371,,,8.19227,,,,,,,dd9a23d0-46ab-4e69-8731-b6ab313b6345,2026-03-25,00:15:13.81,2026-03-24T19:15:13.8139136-05:00,2026-03-25T00:15:13.8139136Z,,v3,5080,471449,f283d7f39aaf4b10983d124063eab2d6,"Stockman, Tucker",838152,Right,SOU_GOL,efeab76e-22b9-47b2-964b-38674268490a,54.16985,-131.54197,14.17743,5.80322,0.32519,-6.93822,-1.88565,6.35696,-4.46218,,,,,,,,,,,,,,,,,,,,,,,,,,,,,,,,,,,,,,,,,,,,,,,,,,,High,High,High,,,,,,,,,,,,,,,,,,,,,,,,,,,,,,,,,,,,
126,2026-03-24,19:15:33.96,5,5,"Farr, Kevin",10119828,Right,SOU_GOL,"Chance, Bryce",820842,Right,MSU_BDG,Undefined,3,Bottom,0,2,2,Cutter,Slider,BallCalled,Undefined,Undefined,Undefined,0,0,,84.98102,-2.402068,-4.129074,2618.590796,144.507258,10:45,5.53998,1.98144,5.93689,-31.17265,7.6404,-4.59059,0.70676,-2.23829,78.2807,-8.134727,-4.950539,0.448395,,,,,,,,,,,,1.21016,4.96788,-1.64898,50,5.33025,9.06663,-123.07004,-6.18797,1.85679,24.32889,-24.55156,MSU_BDG,SOU_GOL,MSST,D1,SEC,20260324-MSST-1,bece7df0-27df-11f1-af58-35dac0914731,84.06088,,,6.70032,,,,,,,dd9a23d0-46ab-4e69-8731-b6ab313b6345,2026-03-25,00:15:33.96,2026-03-24T19:15:33.9677696-05:00,2026-03-25T00:15:33.9677696Z,,v3,5080,471449,f283d7f39aaf4b10983d124063eab2d6,"Stockman, Tucker",838152,Right,SOU_GOL,c4048cf9-e4fb-41e2-b62b-73a0c9289b67,54.56157,-123.9685,12.16445,5.54203,-5.28128,-12.27578,-1.98255,8.99806,0.9284,,,,,,,,,,,,,,,,,,,,,,,,,,,,,,,,,,,,,,,,,,,,,,,,,,,High,High,High,,,,,,,,,,,,,,,,,,,,,,,,,,,,,,,,,,,,
127,2026-03-24,19:16:00.47,5,6,"Farr, Kevin",10119828,Right,SOU_GOL,"Chance, Bryce",820842,Right,MSU_BDG,Undefined,3,Bottom,0,3,2,Fastball,Four-Seam,InPlay,Undefined,GroundBall,Out,1,0,,89.53243,-0.764173,-2.422052,2551.741855,199.685567,12:45,5.72048,1.86259,6.15307,-15.50068,19.18682,6.45288,3.72205,0.1612,81.34766,-3.75501,-1.259813,0.423895,65.17669,-10.43293,-40.920366,,,,,21.42953,19.79435,-38.290396,0.208231,-4.06646,10.50536,-1.68176,50,5.6544,5.23577,-129.96674,-2.14549,-6.91543,28.69925,-14.30856,MSU_BDG,SOU_GOL,MSST,D1,SEC,20260324-MSST-1,ce90ea70-27df-11f1-af58-35dac0914731,88.91934,3.7639,,8.18477,,,,2.29066,3.7639,-0.17371,dd9a23d0-46ab-4e69-8731-b6ab313b6345,2026-03-25,00:16:00.47,2026-03-24T19:16:00.4707840-05:00,2026-03-25T00:16:00.4707840Z,GroundBall,v3,5080,471449,f283d7f39aaf4b10983d124063eab2d6,"Stockman, Tucker",838152,Right,SOU_GOL,0c7a98a8-c66f-404f-8a9a-4fb9511bff17,54.34554,-130.9228,14.34963,5.71794,-1.66883,-7.15428,-1.86002,5.46615,-3.45772,132.669256,2.29061,71.04008,-6.08123,,,,,,,3.76398,-17.3149,-3.6638,,,,,,,-0.17362,-61.58455,-6.49065,,,,,,,,,,,,,,,,,,,,,,,,,,,,,High,High,High,Medium,Medium,,,,,,,,,,,,,,,,,,,,,,,,,,,,,,,,,,
128,2026-03-24,19:16:43.01,6,1,"Farr, Kevin",10119828,Right,SOU_GOL,"Teel, Aidan",813359,Left,MSU_BDG,Undefined,3,Bottom,1,0,0,Fastball,Four-Seam,BallCalled,Undefined,Undefined,Undefined,0,0,,90.90569,-1.656565,-1.463278,2591.669105,213.40972,1:00,5.73142,1.88776,5.90529,-13.52087,20.52584,12.7689,3.06604,1.59325,82.39882,-4.278315,0.828463,0.419961,,,,,,,,,,,,-6.91323,11.30733,-1.77719,50,5.59045,2.80151,-131.87465,-4.15857,-12.08228,30.02263,-12.41213,MSU_BDG,SOU_GOL,MSST,D1,SEC,20260324-MSST-1,e81a6430-27df-11f1-af58-35dac0914731,89.75223,,,8.50686,,,,,,,dd9a23d0-46ab-4e69-8731-b6ab313b6345,2026-03-25,00:16:43.01,2026-03-24T19:16:43.0167040-05:00,2026-03-25T00:16:43.0167040Z,,v3,5080,471449,f283d7f39aaf4b10983d124063eab2d6,"Stockman, Tucker",838152,Right,SOU_GOL,a611a043-3552-4ea0-bf27-be399ed021b4,54.59087,-132.9157,15.01131,5.72719,-3.72818,-6.20606,-1.88159,3.22047,-6.04114,,,,,,,,,,,,,,,,,,,,,,,,,,,,,,,,,,,,,,,,,,,,,,,,,,,High,High,High,,,,,,,,,,,,,,,,,,,,,,,,,,,,,,,,,,,,
129,2026-03-24,19:17:02.76,6,2,"Farr, Kevin",10119828,Right,SOU_GOL,"Teel, Aidan",813359,Left,MSU_BDG,Undefined,3,Bottom,1,1,0,Fastball,Four-Seam,StrikeCalled,Undefined,Undefined,Undefined,0,0,,89.78923,-1.9224,-3.906952,2646.226003,206.701156,1:00,5.70041,1.88896,6.28101,-14.98788,19.38599,9.17812,2.67477,-0.9528,81.76285,-4.816223,-2.253515,0.421974,,,,,,,,,,,,-5.84969,10.93217,-1.60443,50,5.55063,8.50765,-130.11901,-4.75063,-10.00201,27.98572,-13.48177,MSU_BDG,SOU_GOL,MSST,D1,SEC,20260324-MSST-1,f3ba9e40-27df-11f1-af58-35dac0914731,89.32411,,,8.02638,,,,,,,dd9a23d0-46ab-4e69-8731-b6ab313b6345,2026-03-25,00:17:02.76,2026-03-24T19:17:02.7618816-05:00,2026-03-25T00:17:02.7618816Z,,v3,5080,471449,f283d7f39aaf4b10983d124063eab2d6,"Stockman, Tucker",838152,Right,SOU_GOL,af52faa8-1d35-49db-a9b3-a8313d98e088,54.21605,-131.02266,13.99286,5.697,-4.31531,-6.74088,-1.88435,8.83061,-5.00101,,,,,,,,,,,,,,,,,,,,,,,,,,,,,,,,,,,,,,,,,,,,,,,,,,,High,High,High,,,,,,,,,,,,,,,,,,,,,,,,,,,,,,,,,,,,
130,2026-03-24,19:17:23.78,6,3,"Farr, Kevin",10119828,Right,SOU_GOL,"Teel, Aidan",813359,Left,MSU_BDG,Undefined,3,Bottom,1,1,1,Fastball,Four-Seam,BallCalled,Undefined,Undefined,Undefined,0,0,,89.50935,-1.821578,-3.993431,2539.50731,201.898359,12:45,5.74313,1.96467,6.09496,-16.19462,18.55729,7.00969,2.70406,-1.15087,81.74667,-4.916357,-2.73548,0.424288,,,,,,,,,,,,-4.71516,10.40764,-1.66023,50,5.59379,8.7638,-129.70827,-4.57802,-8.03327,27.11662,-14.44239,MSU_BDG,SOU_GOL,MSST,D1,SEC,20260324-MSST-1,003cfaf0-27e0-11f1-af58-35dac0914731,88.83691,,,7.76268,,,,,,,dd9a23d0-46ab-4e69-8731-b6ab313b6345,2026-03-25,00:17:23.78,2026-03-24T19:17:23.7808640-05:00,2026-03-25T00:17:23.7808640Z,,v3,5080,471449,f283d7f39aaf4b10983d124063eab2d6,"Stockman, Tucker",838152,Right,SOU_GOL,be390243-27c1-421f-b5a2-0ab696d13fd3,54.40285,-130.62548,13.55831,5.74038,-4.08951,-7.22119,-1.96126,9.03552,-4.01664,,,,,,,,,,,,,,,,,,,,,,,,,,,,,,,,,,,,,,,,,,,,,,,,,,,High,High,High,,,,,,,,,,,,,,,,,,,,,,,,,,,,,,,,,,,,
131,2026-03-24,19:17:45.06,6,4,"Farr, Kevin",10119828,Right,SOU_GOL,"Teel, Aidan",813359,Left,MSU_BDG,Undefined,3,Bottom,1,2,1,Fastball,Four-Seam,InPlay,Undefined,FlyBall,HomeRun,0,2,,88.96133,-0.903084,-2.927385,2539.766365,211.299571,1:00,5.64643,2.0642,6.39519,-16.93836,17.76103,10.12201,3.40318,0.21303,81.15297,-4.158613,-1.096636,0.423967,100.91905,34.729991,25.180711,3784.217322,97.34777,77.17405,51.21915,362.14189,210.13041,34.020449,5.891284,-6.13914,9.87567,-1.85849,50,5.57359,6.21444,-129.18807,-2.4834,-10.35609,27.37363,-15.51484,MSU_BDG,SOU_GOL,MSST,D1,SEC,20260324-MSST-1,0ce926c0-27e0-11f1-af58-35dac0914731,88.9041,115.87454,,7.80836,,,,1.39908,3.4942,-0.1724,dd9a23d0-46ab-4e69-8731-b6ab313b6345,2026-03-25,00:17:45.06,2026-03-24T19:17:45.0630656-05:00,2026-03-25T00:17:45.0630656Z,FlyBall,v3,5080,471449,f283d7f39aaf4b10983d124063eab2d6,"Stockman, Tucker",838152,Right,SOU_GOL,ee055cd5-5bde-4c98-925f-8968ae2bd416,54.10425,-130.05481,13.68681,5.64444,-1.99215,-7.75742,-2.06045,6.54235,-5.17804,198.762895,1.40474,109.97941,-27.92432,6.59631,-1.00189,0.06284,0.00611,-0.00124,6E-05,3.49294,84.33803,-17.06766,0.42894,0.05704,-0.04041,0.01281,-0.00182,9E-05,-0.17069,51.7287,-6.18073,0.96448,-0.08847,7E-05,0.00064,1E-05,-0,,,,,,,,,,,,,,,,,,,,,,,High,High,High,High,Low,,,,,,,,,,,,,,,,,,,,,,,,,,,,,,,,,,
132,2026-03-24,19:18:44.10,7,1,"Farr, Kevin",10119828,Right,SOU_GOL,"Reese, Ace",814505,Left,MSU_BDG,Undefined,3,Bottom,1,0,0,ChangeUp,Slider,BallCalled,Undefined,Undefined,Undefined,0,0,,86.04827,-2.479136,-4.007214,2527.930333,252.829447,2:30,5.32428,2.28878,6.17042,-34.60486,3.55303,6.96225,0.14371,-0.83824,77.89496,-8.8966,-2.752984,0.444594,,,,,,,,,,,,-4.93882,3.06618,-1.98846,50,5.1187,8.44605,-124.4826,-6.51647,-7.60697,29.27931,-27.4514,MSU_BDG,SOU_GOL,MSST,D1,SEC,20260324-MSST-1,30222e20-27e0-11f1-af58-35dac0914731,84.77947,,,8.15331,,,,,,,dd9a23d0-46ab-4e69-8731-b6ab313b6345,2026-03-25,00:18:44.10,2026-03-24T19:18:44.1081856-05:00,2026-03-25T00:18:44.1081856Z,,v3,5080,471449,f283d7f39aaf4b10983d124063eab2d6,"Stockman, Tucker",838152,Right,SOU_GOL,0a50b574-f57b-4cbb-a555-03826a597eb4,54.32707,-125.49624,14.63966,5.32785,-5.56612,-13.7257,-2.28542,8.7094,-3.80348,,,,,,,,,,,,,,,,,,,,,,,,,,,,,,,,,,,,,,,,,,,,,,,,,,,High,High,High,,,,,,,,,,,,,,,,,,,,,,,,,,,,,,,,,,,,
133,2026-03-24,19:19:04.36,7,2,"Farr, Kevin",10119828,Right,SOU_GOL,"Reese, Ace",814505,Left,MSU_BDG,Undefined,3,Bottom,1,1,0,Fastball,Four-Seam,BallCalled,Undefined,Undefined,Undefined,0,0,,88.5493,-2.719056,-3.986309,2551.638945,207.037601,1:00,5.61041,1.92586,6.22631,-20.1043,15.203,7.18756,1.41834,-1.15908,81.19735,-6.510551,-2.692457,0.427665,,,,,,,,,,,,-4.80355,8.96666,-1.63095,50,5.39648,8.65114,-128.29051,-6.69026,-8.02079,26.06672,-17.20185,MSU_BDG,SOU_GOL,MSST,D1,SEC,20260324-MSST-1,3c335270-27e0-11f1-af58-35dac0914731,88.13542,,,7.35195,,,,,,,dd9a23d0-46ab-4e69-8731-b6ab313b6345,2026-03-25,00:19:04.36,2026-03-24T19:19:04.3690496-05:00,2026-03-25T00:19:04.3690496Z,,v3,5080,471449,f283d7f39aaf4b10983d124063eab2d6,"Stockman, Tucker",838152,Right,SOU_GOL,8f34ff0c-38f2-4544-9a3c-fa3d92881f3d,54.27184,-129.15557,13.03336,5.60904,-6.1194,-8.60093,-1.92246,8.91732,-4.0104,,,,,,,,,,,,,,,,,,,,,,,,,,,,,,,,,,,,,,,,,,,,,,,,,,,High,High,High,,,,,,,,,,,,,,,,,,,,,,,,,,,,,,,,,,,,
134,2026-03-24,19:19:23.03,7,3,"Farr, Kevin",10119828,Right,SOU_GOL,"Reese, Ace",814505,Left,MSU_BDG,Undefined,3,Bottom,1,2,0,Fastball,Four-Seam,FoulBallFieldable,Undefined,Undefined,Undefined,0,0,,90.12481,-2.824559,-3.643317,2622.964434,212.094814,1:00,5.55808,2.21802,6.03113,-18.69048,15.68119,9.13827,1.37742,-0.39892,82.46043,-6.351265,-2.003063,0.42196,,,,,,,,,,,,-5.76217,9.21497,-1.93813,50,5.32671,7.9423,-130.58874,-7.02234,-9.94588,27.61361,-16.26839,MSU_BDG,SOU_GOL,MSST,D1,SEC,20260324-MSST-1,47762a40-27e0-11f1-af58-35dac0914731,89.32694,,,7.66438,,,,,,,dd9a23d0-46ab-4e69-8731-b6ab313b6345,2026-03-25,00:19:23.03,2026-03-24T19:19:23.0308864-05:00,2026-03-25T00:19:23.0308864Z,,v3,5080,471449,f283d7f39aaf4b10983d124063eab2d6,"Stockman, Tucker",838152,Right,SOU_GOL,43421706-f07b-4efa-8b25-d7a7236b5958,54.46878,-131.53029,13.8068,5.55669,-6.46763,-8.13419,-2.21472,8.28143,-4.97294,,,,,,,,,,,,,,,,,,,,,,,,,,,,,,,,,,,,,,,,,,,,,,,,,,,High,High,High,,,,,,,,,,,,,,,,,,,,,,,,,,,,,,,,,,,,
135,2026-03-24,19:19:54.66,7,4,"Farr, Kevin",10119828,Right,SOU_GOL,"Reese, Ace",814505,Left,MSU_BDG,Undefined,3,Bottom,1,2,1,Fastball,Four-Seam,InPlay,Undefined,FlyBall,Out,1,0,,90.04658,-1.430149,-2.67704,2581.764645,191.116328,12:15,5.57339,2.22895,6.09727,-14.76328,19.77863,3.6511,3.01866,0.05541,81.52196,-4.288495,-2.020445,0.423004,96.92499,32.402942,7.595006,3032.982733,109.24287,67.12472,12.8824,347.60389,347.2796,3.763194,5.339033,-2.71012,11.00308,-2.02469,50,5.45545,5.9541,-130.5813,-3.6469,-4.63273,30.05769,-13.36524,MSU_BDG,SOU_GOL,MSST,D1,SEC,20260324-MSST-1,5a2cd080-27e0-11f1-af58-35dac0914731,89.10658,95.35894,,8.52462,,,,1.65029,3.19028,-0.04531,dd9a23d0-46ab-4e69-8731-b6ab313b6345,2026-03-25,00:19:54.66,2026-03-24T19:19:54.6639360-05:00,2026-03-25T00:19:54.6639360Z,FlyBall,v3,5080,471449,f283d7f39aaf4b10983d124063eab2d6,"Stockman, Tucker",838152,Right,SOU_GOL,b532f525-8312-4243-ab59-4624209fcc7e,54.40031,-131.59028,15.02885,5.57034,-3.19825,-6.68262,-2.22717,6.10961,-2.31637,174.657501,1.65058,118.97266,-25.14662,6.21898,-1.36406,0.27033,-0.04275,0.00431,-0.00019,3.19305,76.10992,-17.2415,0.47157,0.24655,-0.13552,0.03237,-0.00375,0.00017,-0.04537,15.86528,-4.70411,1.0474,-0.23953,0.05512,-0.01035,0.00117,-6E-05,,,,,,,,,,,,,,,,,,,,,,,High,High,High,High,Medium,,,,,,,,,,,,,,,,,,,,,,,,,,,,,,,,,,
136,2026-03-24,19:20:38.74,8,1,"Farr, Kevin",10119828,Right,SOU_GOL,"Sullivan, Noah",813559,Right,MSU_BDG,Undefined,3,Bottom,2,0,0,Cutter,Slider,StrikeCalled,Undefined,Undefined,Undefined,0,0,,84.24393,0.904566,-2.033335,2490.23404,153.5759,11:00,5.59689,1.93069,5.58679,-37.05722,4.41225,-1.29563,3.35409,-0.07683,74.16665,-6.00886,-2.264375,0.463485,,,,,,,,,,,,-0.1661,2.4554,-1.7552,50,5.65158,4.37751,-121.66698,0.63362,-0.23899,32.75467,-28.6408,MSU_BDG,SOU_GOL,MSST,D1,SEC,20260324-MSST-1,747fdbd0-27e0-11f1-af58-35dac0914731,81.32397,,,10.07728,,,,,,,dd9a23d0-46ab-4e69-8731-b6ab313b6345,2026-03-25,00:20:38.74,2026-03-24T19:20:38.7432960-05:00,2026-03-25T00:20:38.7432960Z,,v3,5080,471449,f283d7f39aaf4b10983d124063eab2d6,"Stockman, Tucker",838152,Right,SOU_GOL,4eebba0e-d0a0-4a16-b020-8e1f1bf0b8cb,54.90209,-122.97962,16.37734,5.60319,1.78139,-14.3204,-1.93082,4.38709,-0.11949,,,,,,,,,,,,,,,,,,,,,,,,,,,,,,,,,,,,,,,,,,,,,,,,,,,High,High,High,,,,,,,,,,,,,,,,,,,,,,,,,,,,,,,,,,,,
137,2026-03-24,19:20:55.45,8,2,"Farr, Kevin",10119828,Right,SOU_GOL,"Sullivan, Noah",813559,Right,MSU_BDG,Undefined,3,Bottom,2,0,1,Cutter,Slider,FoulBallFieldable,Undefined,Undefined,Undefined,0,0,,84.86286,0.314084,-2.36845,2602.909419,144.298244,10:45,5.65116,1.96101,5.93433,-36.86022,3.28193,-1.1476,2.87111,-0.33319,75.1692,-6.578773,-2.574445,0.456007,52.15065,27.11627,120.531428,4563.448975,,,,109.77248,47.76053,127.516153,2.021374,-0.33492,2.00701,-1.77124,50,5.65585,5.12496,-122.7766,-0.53789,-0.49197,32.83529,-29.22603,MSU_BDG,SOU_GOL,MSST,D1,SEC,20260324-MSST-1,7e6ee370-27e0-11f1-af58-35dac0914731,82.65755,18.6329,,9.69366,,,,3.18162,2.94061,0.1793,dd9a23d0-46ab-4e69-8731-b6ab313b6345,2026-03-25,00:20:55.45,2026-03-24T19:20:55.4583552-05:00,2026-03-25T00:20:55.4583552Z,GroundBall,v3,5080,471449,f283d7f39aaf4b10983d124063eab2d6,"Stockman, Tucker",838152,Right,SOU_GOL,e0e0a37c-0737-40b4-aa85-7adcaac84199,54.56044,-123.99024,16.41764,5.65576,0.54235,-14.61302,-1.961,5.14315,-0.24598,296.905824,3.18162,-34.58511,-1.63122,0.9495,-0.1838,0.16065,-0.09325,0.02496,-0.00262,2.94059,34.86499,-20.61281,1.5525,-0.4053,0.3197,-0.13463,0.02724,-0.00218,0.17921,58.64778,-7.64433,0.23402,-0.48832,0.22585,0.00514,-0.02581,0.00492,,,,,,,,,,,,,,,,,,,,,,,High,High,High,High,Low,,,,,,,,,,,,,,,,,,,,,,,,,,,,,,,,,,
138,2026-03-24,19:21:20.45,8,3,"Farr, Kevin",10119828,Right,SOU_GOL,"Sullivan, Noah",813559,Right,MSU_BDG,Undefined,3,Bottom,2,0,2,Cutter,Slider,FoulBallFieldable,Undefined,Undefined,Undefined,0,0,,85.50617,-1.198654,-1.667993,2633.165701,149.898644,11:00,5.61002,2.01443,5.84894,-31.17147,6.96532,-3.37162,1.89793,0.18307,78.76674,-6.951302,-2.272844,0.444471,,,,,,,,,,,,1.29315,4.21055,-1.87673,50,5.49407,3.74997,-124.22982,-3.63226,2.02663,24.22239,-25.57523,MSU_BDG,SOU_GOL,MSST,D1,SEC,20260324-MSST-1,8d4edf30-27e0-11f1-af58-35dac0914731,84.80292,,,6.73943,,,,,,,dd9a23d0-46ab-4e69-8731-b6ab313b6345,2026-03-25,00:21:20.45,2026-03-24T19:21:20.4556288-05:00,2026-03-25T00:21:20.4556288Z,,v3,5080,471449,f283d7f39aaf4b10983d124063eab2d6,"Stockman, Tucker",838152,Right,SOU_GOL,1b826608-40a2-4c0b-8b1a-c3efc268d370,54.65162,-125.13351,12.11119,5.61179,-2.6781,-12.78761,-2.01522,3.67436,1.01332,,,,,,,,,,,,,,,,,,,,,,,,,,,,,,,,,,,,,,,,,,,,,,,,,,,High,High,High,,,,,,,,,,,,,,,,,,,,,,,,,,,,,,,,,,,,
139,2026-03-24,19:21:48.22,8,4,"Farr, Kevin",10119828,Right,SOU_GOL,"Sullivan, Noah",813559,Right,MSU_BDG,Undefined,3,Bottom,2,0,2,Cutter,Slider,BallCalled,Undefined,Undefined,Undefined,0,0,,85.36236,-1.818273,-3.284667,2626.740629,148.857031,11:00,5.57049,1.87413,5.87933,-33.97962,5.91063,-2.55036,1.04687,-1.39223,75.8125,-8.15106,-3.741634,0.454574,,,,,,,,,,,,0.01425,4.23914,-1.60714,50,5.40443,7.18301,-123.27367,-5.04332,0.0211,32.98704,-25.89354,MSU_BDG,SOU_GOL,MSST,D1,SEC,20260324-MSST-1,9de1bb10-27e0-11f1-af58-35dac0914731,82.91812,,,9.54986,,,,,,,dd9a23d0-46ab-4e69-8731-b6ab313b6345,2026-03-25,00:21:48.22,2026-03-24T19:21:48.2233856-05:00,2026-03-25T00:21:48.2233856Z,,v3,5080,471449,f283d7f39aaf4b10983d124063eab2d6,"Stockman, Tucker",838152,Right,SOU_GOL,97d67b6a-b6b4-4e4d-bdc3-51c418b3d438,54.61252,-124.50182,16.49352,5.57426,-4.07927,-12.94677,-1.87456,7.18222,0.01055,,,,,,,,,,,,,,,,,,,,,,,,,,,,,,,,,,,,,,,,,,,,,,,,,,,High,High,High,,,,,,,,,,,,,,,,,,,,,,,,,,,,,,,,,,,,
140,2026-03-24,19:22:07.95,8,5,"Farr, Kevin",10119828,Right,SOU_GOL,"Sullivan, Noah",813559,Right,MSU_BDG,Undefined,3,Bottom,2,1,2,Fastball,Four-Seam,BallCalled,Undefined,Undefined,Undefined,0,0,,90.05139,-3.249216,-4.15091,2572.031823,200.958425,12:45,5.67639,1.86415,6.16553,-15.31434,19.40072,6.95079,1.38775,-1.39757,81.43193,-6.202435,-2.90215,0.424063,,,,,,,,,,,,-4.86748,11.38977,-1.55242,50,5.42133,9.15532,-130.18643,-7.80108,-8.25641,30.30011,-12.85427,MSU_BDG,SOU_GOL,MSST,D1,SEC,20260324-MSST-1,a99fb650-27e0-11f1-af58-35dac0914731,88.88407,,,8.61947,,,,,,,dd9a23d0-46ab-4e69-8731-b6ab313b6345,2026-03-25,00:22:07.95,2026-03-24T19:22:07.9508480-05:00,2026-03-25T00:22:07.9508480Z,,v3,5080,471449,f283d7f39aaf4b10983d124063eab2d6,"Stockman, Tucker",838152,Right,SOU_GOL,2937b594-50ed-4294-bfee-ed5c31620bc5,54.33043,-131.19044,15.15006,5.67276,-7.37514,-6.42713,-1.86032,9.4289,-4.12821,,,,,,,,,,,,,,,,,,,,,,,,,,,,,,,,,,,,,,,,,,,,,,,,,,,High,High,High,,,,,,,,,,,,,,,,,,,,,,,,,,,,,,,,,,,,
141,2026-03-24,19:22:29.94,8,6,"Farr, Kevin",10119828,Right,SOU_GOL,"Sullivan, Noah",813559,Right,MSU_BDG,Undefined,3,Bottom,2,2,2,Fastball,Four-Seam,StrikeSwinging,Strikeout,Undefined,Undefined,0,0,,89.02565,-1.168351,-1.261874,2470.332933,206.30574,1:00,5.69539,1.82338,6.05143,-17.6593,17.8421,8.18894,3.14183,1.33749,80.27143,-4.561045,0.21214,0.428839,,,,,,,,,,,,-4.56319,9.89056,-1.72927,50,5.59493,2.48967,-129.10948,-3.11676,-7.59637,30.33246,-15.70917,MSU_BDG,SOU_GOL,MSST,D1,SEC,20260324-MSST-1,b6be5300-27e0-11f1-af58-35dac0914731,87.89418,,,8.75422,,,,,,,dd9a23d0-46ab-4e69-8731-b6ab313b6345,2026-03-25,00:22:29.94,2026-03-24T19:22:29.9499520-05:00,2026-03-25T00:22:29.9499520Z,,v3,5080,471449,f283d7f39aaf4b10983d124063eab2d6,"Stockman, Tucker",838152,Right,SOU_GOL,a3703c7d-cb68-4ae8-a59e-a8b300fa9f27,54.44275,-130.14906,15.16623,5.69252,-2.57837,-7.85459,-1.81906,2.75001,-3.79819,,,,,,,,,,,,,,,,,,,,,,,,,,,,,,,,,,,,,,,,,,,,,,,,,,,High,High,High,,,,,,,,,,,,,,,,,,,,,,,,,,,,,,,,,,,,
142,2026-03-24,19:24:52.73,1,1,"Bauer, Jack",815627,Left,MSU_BDG,"Morrison, Kyle",835275,Left,SOU_GOL,Undefined,4,Top,0,0,0,Fastball,Four-Seam,StrikeSwinging,Undefined,Undefined,Undefined,0,0,,98.43115,-1.530788,3.590321,2428.833279,133.605766,10:30,6.14087,-2.23687,5.00144,-15.19103,15.06335,-14.67587,3.42666,-0.06606,88.72339,-4.391437,1.005929,0.395882,82.13529,31.588665,-150.917155,5190.667817,,,,,47.24494,,,8.37233,8.23792,1.90401,50,5.98187,-8.16341,-142.33227,-4.38067,16.98585,36.02424,-15.4609,MSU_BDG,SOU_GOL,MSST,D1,SEC,20260324-MSST-1,0bd417d0-27e1-11f1-af58-35dac0914731,95.21129,27.66747,,9.70776,,,,1.00479,3.30317,-0.05552,dd9a23d0-46ab-4e69-8731-b6ab313b6345,2026-03-25,00:24:52.73,2026-03-24T19:24:52.7370752-05:00,2026-03-25T00:24:52.7370752Z,,v3,5080,471449,f283d7f39aaf4b10983d124063eab2d6,"Milewski, Kevin",831000,Right,MSU_BDG,5755ed7e-bf0e-4380-a63a-4ab8cb8c9aca,55.49588,-143.71655,18.01212,6.13879,-3.78657,-7.73045,2.23024,-8.81611,8.49292,,1.00479,-89.67767,6.70733,2.0319,-0.86959,0.33856,-0.10318,0.03114,-0.00749,3.30317,63.10161,-32.30944,5.69457,-1.29546,0.29953,-0.05573,0.00792,0.00065,-0.05552,-49.87879,20.72981,-4.40071,1.0316,-0.22476,0.04521,-0.00934,0.00098,,,,,,,,,,,,,,,,,,,,,,,High,High,High,High,Undefined,,,,,,,,,,,,,,,,,,,,,,,,,,,,,,,,,,
143,2026-03-24,19:25:09.40,1,2,"Bauer, Jack",815627,Left,MSU_BDG,"Morrison, Kyle",835275,Left,SOU_GOL,Undefined,4,Top,0,0,1,Fastball,Four-Seam,StrikeCalled,Undefined,Undefined,Undefined,0,0,,98.4606,-2.722883,4.007413,2479.341172,120.921524,10:00,6.13461,-2.16119,5.04415,-17.14765,12.85009,-19.77096,2.12897,-0.02248,89.58978,-5.907718,0.523002,0.394199,,,,,,,,,,,,10.86847,7.43146,1.79482,50,5.86092,-8.93476,-142.36009,-7.46264,22.26336,33.23832,-16.9512,MSU_BDG,SOU_GOL,MSST,D1,SEC,20260324-MSST-1,15c912e0-27e1-11f1-af58-35dac0914731,95.61777,,,8.87082,,,,,,,dd9a23d0-46ab-4e69-8731-b6ab313b6345,2026-03-25,00:25:09.40,2026-03-24T19:25:09.4020608-05:00,2026-03-25T00:25:09.4020608Z,,v3,5080,471449,f283d7f39aaf4b10983d124063eab2d6,"Milewski, Kevin",831000,Right,MSU_BDG,79c8ba92-01c5-4e5c-9271-ace4f3c73675,55.45422,-143.6279,16.61916,6.13324,-6.81608,-8.4756,2.15181,-9.78396,11.13168,,,,,,,,,,,,,,,,,,,,,,,,,,,,,,,,,,,,,,,,,,,,,,,,,,,High,High,High,,,,,,,,,,,,,,,,,,,,,,,,,,,,,,,,,,,,
144,2026-03-24,19:25:22.64,1,3,"Bauer, Jack",815627,Left,MSU_BDG,"Morrison, Kyle",835275,Left,SOU_GOL,Undefined,4,Top,0,0,2,Slider,Slider,FoulBallFieldable,Undefined,Undefined,Undefined,0,0,,85.75029,-0.233438,1.161486,2661.242801,285.981502,3:30,5.86608,-2.17816,4.72985,-45.54475,-5.49713,23.81297,1.84916,0.90839,78.36105,-8.399612,5.348313,0.45547,,,,,,,,,,,,-11.393,-2.28532,2.03853,50,5.80182,-3.6124,-124.32265,-2.36687,-17.63272,27.51288,-35.71095,MSU_BDG,SOU_GOL,MSST,D1,SEC,20260324-MSST-1,1dac6c00-27e1-11f1-af58-35dac0914731,82.75504,,,7.38924,,,,,,,dd9a23d0-46ab-4e69-8731-b6ab313b6345,2026-03-25,00:25:22.64,2026-03-24T19:25:22.6409984-05:00,2026-03-25T00:25:22.6409984Z,,v3,5080,471449,f283d7f39aaf4b10983d124063eab2d6,"Milewski, Kevin",831000,Right,MSU_BDG,f2f5b7a1-7898-4fd0-aea0-6a75d3302ea2,55.77195,-125.5935,13.75644,5.87305,-0.71734,-17.85548,2.18658,-2.79793,-8.81636,,,,,,,,,,,,,,,,,,,,,,,,,,,,,,,,,,,,,,,,,,,,,,,,,,,High,High,High,,,,,,,,,,,,,,,,,,,,,,,,,,,,,,,,,,,,
145,2026-03-24,19:25:40.40,1,4,"Bauer, Jack",815627,Left,MSU_BDG,"Morrison, Kyle",835275,Left,SOU_GOL,Undefined,4,Top,0,0,2,Slider,Slider,BallCalled,Undefined,Undefined,Undefined,0,0,,85.2856,-0.212591,2.851832,2690.759213,292.510236,3:45,5.83066,-2.14605,4.77281,-47.35695,-6.60402,19.333,1.68246,2.17085,77.58674,-8.702595,6.245334,0.459463,,,,,,,,,,,,-8.51808,-2.70595,1.8428,50,5.76812,-7.04838,-123.40796,-2.39592,-12.91664,28.38744,-36.27727,MSU_BDG,SOU_GOL,MSST,D1,SEC,20260324-MSST-1,284bfef0-27e1-11f1-af58-35dac0914731,82.03577,,,7.69887,,,,,,,dd9a23d0-46ab-4e69-8731-b6ab313b6345,2026-03-25,00:25:40.40,2026-03-24T19:25:40.4077056-05:00,2026-03-25T00:25:40.4077056Z,,v3,5080,471449,f283d7f39aaf4b10983d124063eab2d6,"Milewski, Kevin",831000,Right,MSU_BDG,b712331f-8024-4b2a-8d8a-651d2bf4d69a,55.72627,-124.71821,14.19372,5.84006,-0.7215,-18.13863,2.15437,-6.45219,-6.45832,,,,,,,,,,,,,,,,,,,,,,,,,,,,,,,,,,,,,,,,,,,,,,,,,,,High,High,High,,,,,,,,,,,,,,,,,,,,,,,,,,,,,,,,,,,,
146,2026-03-24,19:25:58.24,1,5,"Bauer, Jack",815627,Left,MSU_BDG,"Morrison, Kyle",835275,Left,SOU_GOL,Undefined,4,Top,0,1,2,Fastball,Four-Seam,InPlay,Undefined,FlyBall,Out,1,0,,98.7417,-1.302477,3.615436,2426.881256,137.121877,10:30,6.23769,-2.06684,5.13907,-15.8328,13.8728,-11.95528,3.68919,0.34579,89.6146,-4.26802,1.505267,0.392275,98.62068,32.317467,-1.389824,2508.032063,109.7264,66.92671,-7.74929,383.71369,377.97662,-7.928476,5.573338,7.01233,7.57721,1.73743,50,6.10368,-8.42062,-142.93541,-3.85901,14.44502,34.26522,-16.56534,MSU_BDG,SOU_GOL,MSST,D1,SEC,20260324-MSST-1,32de7280-27e1-11f1-af58-35dac0914731,96.08677,98.07071,,9.1271,,,,0.83192,3.70291,-0.34882,dd9a23d0-46ab-4e69-8731-b6ab313b6345,2026-03-25,00:25:58.24,2026-03-24T19:25:58.2436352-05:00,2026-03-25T00:25:58.2436352Z,FlyBall,v3,5080,471449,f283d7f39aaf4b10983d124063eab2d6,"Milewski, Kevin",831000,Right,MSU_BDG,7eeb3485-e754-40f1-9fe7-2f574d416346,55.35939,-144.21447,17.13261,6.23619,-3.24066,-8.28267,2.06182,-8.95982,7.22251,155.682965,0.84101,122.02438,-22.62653,4.14129,-0.17665,-0.17792,0.05387,-0.00633,0.00028,3.69829,77.40314,-18.05801,1.29393,-0.25642,0.02635,0.00823,-0.00227,0.00015,-0.34522,-3.03511,-5.06598,1.47499,-0.13116,-0.04191,0.01401,-0.00153,6E-05,,,,,,,,,,,,,,,,,,,,,,,High,High,High,High,Medium,,,,,,,,,,,,,,,,,,,,,,,,,,,,,,,,,,
147,2026-03-24,19:29:06.14,2,1,"Gleason, Jack",831541,Right,MSU_BDG,"Gillespie, Davis",825097,Right,SOU_GOL,Undefined,4,Top,1,0,0,Slider,Slider,StrikeCalled,Undefined,Undefined,Undefined,0,0,,81.0952,1.334472,-1.146539,2514.957808,99.469244,9:15,5.20105,1.8286,5.44442,-39.31624,4.43638,-17.53678,3.17464,-0.70644,73.45304,-5.90603,-4.265278,0.476073,,,,,,,,,,,,8.38662,2.29736,-1.71517,50,5.29241,3.08555,-117.54789,1.39225,11.57813,25.04897,-29.00242,MSU_BDG,SOU_GOL,MSST,D1,SEC,20260324-MSST-1,a2efdeb0-27e1-11f1-af58-35dac0914731,79.17367,,,7.64216,,,,,,,dd9a23d0-46ab-4e69-8731-b6ab313b6345,2026-03-25,00:29:06.14,2026-03-24T19:29:06.1499392-05:00,2026-03-25T00:29:06.1499392Z,,v3,5080,471449,f283d7f39aaf4b10983d124063eab2d6,"Milewski, Kevin",831000,Right,MSU_BDG,6a3812c5-0a06-4fd1-b16e-1738179d6c99,55.05234,-118.61964,12.52449,5.20629,2.63315,-14.50121,-1.83659,2.59017,5.78906,,,,,,,,,,,,,,,,,,,,,,,,,,,,,,,,,,,,,,,,,,,,,,,,,,,High,High,High,,,,,,,,,,,,,,,,,,,,,,,,,,,,,,,,,,,,
148,2026-03-24,19:29:20.88,2,2,"Gleason, Jack",831541,Right,MSU_BDG,"Gillespie, Davis",825097,Right,SOU_GOL,Undefined,4,Top,1,0,1,Fastball,Four-Seam,InPlay,Undefined,LineDrive,Double,0,0,,91.27368,-1.951453,-2.932581,2226.04253,222.041399,1:30,5.4415,1.59838,5.80351,-18.00442,15.99399,13.35631,2.12315,-0.01836,82.71833,-5.366597,-0.54246,0.419663,94.47827,18.868763,30.716001,5238.909652,89.78723,32.16593,63.54674,286.52842,211.65961,44.307142,3.426147,-7.71886,9.10225,-1.36558,50,5.27049,6.19149,-132.26266,-5.07363,-13.55223,30.53823,-16.19297,MSU_BDG,SOU_GOL,MSST,D1,SEC,20260324-MSST-1,aba70290-27e1-11f1-af58-35dac0914731,89.81597,37.54804,,8.55535,,,,0.5228,2.10172,-0.00728,dd9a23d0-46ab-4e69-8731-b6ab313b6345,2026-03-25,00:29:20.88,2026-03-24T19:29:20.8825856-05:00,2026-03-25T00:29:20.8825856Z,LineDrive,v3,5080,471449,f283d7f39aaf4b10983d124063eab2d6,"Milewski, Kevin",831000,Right,MSU_BDG,dfa8531d-446d-4e56-b888-b411985334d8,54.69472,-133.34223,15.26911,5.43973,-4.50118,-8.09649,-1.59293,6.67058,-6.77612,230.052624,0.52332,112.70745,-27.09048,5.81243,-1.05925,0.11975,0.00055,-0.00251,0.00027,2.10131,44.82856,-15.10208,0.76411,-0.23245,0.1186,-0.03797,0.00685,-0.00051,-0.00767,66.98969,-2.0521,-0.44648,0.09535,0.02982,-0.01874,0.00381,-0.00028,,,,,,,,,,,,,,,,,,,,,,,High,High,High,High,Medium,,,,,,,,,,,,,,,,,,,,,,,,,,,,,,,,,,
149,2026-03-24,19:30:05.40,3,1,"Gleason, Jack",831541,Right,MSU_BDG,"Russo, Matthew",1000243142,Left,SOU_GOL,Undefined,4,Top,1,0,0,Fastball,Four-Seam,BallCalled,Undefined,Undefined,Undefined,0,0,,90.87393,0.103494,-3.746344,2133.172057,213.614768,1:00,5.46168,1.71182,5.96614,-15.90958,18.36206,11.3904,4.23205,-0.81751,81.73938,-2.968479,-1.705891,0.421346,,,,,,,,,,,,-6.96827,9.7028,-1.42052,50,5.461,8.11013,-131.57495,-0.19444,-12.05467,31.34773,-15.38884,MSU_BDG,SOU_GOL,MSST,D1,SEC,20260324-MSST-1,c639d600-27e1-11f1-af58-35dac0914731,89.45722,,,9.13455,,,,,,,dd9a23d0-46ab-4e69-8731-b6ab313b6345,2026-03-25,00:30:05.40,2026-03-24T19:30:05.4080512-05:00,2026-03-25T00:30:05.4080512Z,,v3,5080,471449,f283d7f39aaf4b10983d124063eab2d6,"Milewski, Kevin",831000,Right,MSU_BDG,c59c3dd9-0ca7-4f21-b6bd-e329003e59fd,54.52899,-132.64959,15.67387,5.45862,0.33311,-7.69442,-1.70562,8.52338,-6.02734,,,,,,,,,,,,,,,,,,,,,,,,,,,,,,,,,,,,,,,,,,,,,,,,,,,High,High,High,,,,,,,,,,,,,,,,,,,,,,,,,,,,,,,,,,,,
150,2026-03-24,19:30:23.85,3,2,"Gleason, Jack",831541,Right,MSU_BDG,"Russo, Matthew",1000243142,Left,SOU_GOL,Undefined,4,Top,1,1,0,Fastball,Four-Seam,StrikeCalled,Undefined,Undefined,Undefined,0,0,,91.70731,-1.866001,-3.086848,2160.058328,208.08414,1:00,5.39944,1.57501,5.81231,-12.9039,20.92466,10.51083,2.58584,-0.42224,82.63084,-4.383003,-1.207138,0.418613,,,,,,,,,,,,-6.29386,11.57906,-1.32797,50,5.23869,6.68495,-132.78047,-4.65655,-11.09198,31.84041,-11.7677,MSU_BDG,SOU_GOL,MSST,D1,SEC,20260324-MSST-1,d133bdf0-27e1-11f1-af58-35dac0914731,90.04117,,,9.07648,,,,,,,dd9a23d0-46ab-4e69-8731-b6ab313b6345,2026-03-25,00:30:23.85,2026-03-24T19:30:23.8579200-05:00,2026-03-25T00:30:23.8579200Z,,v3,5080,471449,f283d7f39aaf4b10983d124063eab2d6,"Milewski, Kevin",831000,Right,MSU_BDG,5ce3b20e-81f7-421e-b206-64edd0b5a9d7,54.68331,-133.8988,15.9202,5.39499,-4.24323,-5.88385,-1.56961,7.07454,-5.54599,,,,,,,,,,,,,,,,,,,,,,,,,,,,,,,,,,,,,,,,,,,,,,,,,,,High,High,High,,,,,,,,,,,,,,,,,,,,,,,,,,,,,,,,,,,,
151,2026-03-24,19:30:41.59,3,3,"Gleason, Jack",831541,Right,MSU_BDG,"Russo, Matthew",1000243142,Left,SOU_GOL,Undefined,4,Top,1,1,1,ChangeUp,Changeup,BallCalled,Undefined,Undefined,Undefined,0,0,,85.73526,-2.018211,-3.807246,1789.445025,268.197393,3:00,5.11128,1.67481,5.99392,-36.27096,1.9565,21.23714,0.2135,-0.08882,78.31442,-8.706132,0.011809,0.444999,,,,,,,,,,,,-12.12146,1.96291,-1.38641,50,4.93186,7.43049,-124.25511,-5.5968,-18.80816,26.64479,-29.1283,MSU_BDG,SOU_GOL,MSST,D1,SEC,20260324-MSST-1,dbc98ce0-27e1-11f1-af58-35dac0914731,84.70226,,,7.42084,,,,,,,dd9a23d0-46ab-4e69-8731-b6ab313b6345,2026-03-25,00:30:41.59,2026-03-24T19:30:41.5907840-05:00,2026-03-25T00:30:41.5907840Z,,v3,5080,471449,f283d7f39aaf4b10983d124063eab2d6,"Milewski, Kevin",831000,Right,MSU_BDG,7145eccc-19d5-4ba8-a7d8-5bbc40ef7d40,54.50726,-125.21789,13.3224,5.11508,-4.54427,-14.56415,-1.66718,8.11011,-9.40408,,,,,,,,,,,,,,,,,,,,,,,,,,,,,,,,,,,,,,,,,,,,,,,,,,,High,High,High,,,,,,,,,,,,,,,,,,,,,,,,,,,,,,,,,,,,
152,2026-03-24,19:31:00.99,3,4,"Gleason, Jack",831541,Right,MSU_BDG,"Russo, Matthew",1000243142,Left,SOU_GOL,Undefined,4,Top,1,2,1,Fastball,Four-Seam,FoulBallFieldable,Undefined,Undefined,Undefined,0,0,,91.80285,-2.627453,-3.153723,2115.962101,213.547953,1:00,5.40804,1.47748,5.87477,-15.42119,18.09178,11.22882,1.67719,-0.51887,83.31292,-5.576796,-1.142764,0.416656,,,,,,,,,,,,-6.71225,10.39611,-1.22892,50,5.1864,6.84064,-132.97548,-6.56202,-11.92896,30.4987,-13.69818,MSU_BDG,SOU_GOL,MSST,D1,SEC,20260324-MSST-1,e752e390-27e1-11f1-af58-35dac0914731,90.46412,,,8.48993,,,,,,,dd9a23d0-46ab-4e69-8731-b6ab313b6345,2026-03-25,00:31:00.99,2026-03-24T19:31:00.9904640-05:00,2026-03-25T00:31:00.9904640Z,,v3,5080,471449,f283d7f39aaf4b10983d124063eab2d6,"Milewski, Kevin",831000,Right,MSU_BDG,1917525b-93e1-4265-a4bb-1bc6567d7217,54.62379,-134.03178,15.24935,5.40545,-6.08759,-6.84909,-1.473,7.25379,-5.96448,,,,,,,,,,,,,,,,,,,,,,,,,,,,,,,,,,,,,,,,,,,,,,,,,,,High,High,High,,,,,,,,,,,,,,,,,,,,,,,,,,,,,,,,,,,,
153,2026-03-24,19:31:23.40,3,5,"Gleason, Jack",831541,Right,MSU_BDG,"Russo, Matthew",1000243142,Left,SOU_GOL,Undefined,4,Top,1,2,2,Fastball,Four-Seam,FoulBallFieldable,Undefined,Undefined,Undefined,0,0,,91.98081,-0.417508,-1.939691,2327.665264,215.04893,1:15,5.43331,1.58763,5.85264,-15.63835,17.97678,11.74355,3.74195,0.76326,82.55969,-3.436655,0.165159,0.417291,76.64727,9.198606,-174.427125,977.168623,,,,,32.61075,,,-6.62394,9.66611,-1.43687,50,5.39045,3.99087,-133.33226,-1.41863,-11.71598,33.33547,-15.07725,MSU_BDG,SOU_GOL,MSST,D1,SEC,20260324-MSST-1,f4b280e0-27e1-11f1-af58-35dac0914731,90.32653,8.7163,,9.42111,,,,1.09003,3.67041,-0.77677,dd9a23d0-46ab-4e69-8731-b6ab313b6345,2026-03-25,00:31:23.40,2026-03-24T19:31:23.4090496-05:00,2026-03-25T00:31:23.4090496Z,,v3,5080,471449,f283d7f39aaf4b10983d124063eab2d6,"Milewski, Kevin",831000,Right,MSU_BDG,09068450-e0a2-4759-bd87-0d1d5d16b1d4,54.64352,-134.48822,16.66773,5.43058,-0.89581,-7.53862,-1.5823,4.39714,-5.85799,233.651703,1.09102,-110.48883,7.34476,,,,,,,3.66918,18.02306,-5.13544,,,,,,,-0.77466,-10.86682,-15.57213,,,,,,,,,,,,,,,,,,,,,,,,,,,,,High,High,High,Medium,Undefined,,,,,,,,,,,,,,,,,,,,,,,,,,,,,,,,,,
154,2026-03-24,19:31:46.52,3,6,"Gleason, Jack",831541,Right,MSU_BDG,"Russo, Matthew",1000243142,Left,SOU_GOL,Undefined,4,Top,1,2,2,Slider,Slider,FoulBallFieldable,Undefined,Undefined,Undefined,0,0,,82.18845,1.800336,-0.929219,2646.843274,100.151117,9:15,5.14391,1.79017,5.57806,-37.97967,4.85083,-18.07958,3.66115,-0.58439,73.59943,-5.24819,-4.151807,0.471029,,,,,,,,,,,,8.71666,2.33453,-1.69855,50,5.27467,2.69481,-119.00014,2.45611,12.20068,27.92,-28.90643,MSU_BDG,SOU_GOL,MSST,D1,SEC,20260324-MSST-1,02857970-27e2-11f1-af58-35dac0914731,80.02142,,,8.58902,,,,,,,dd9a23d0-46ab-4e69-8731-b6ab313b6345,2026-03-25,00:31:46.52,2026-03-24T19:31:46.5285632-05:00,2026-03-25T00:31:46.5285632Z,,v3,5080,471449,f283d7f39aaf4b10983d124063eab2d6,"Milewski, Kevin",831000,Right,MSU_BDG,74312147-ddeb-4b08-b206-a5d11992a131,54.91684,-120.1482,13.96,5.14924,3.64473,-14.45322,-1.79904,2.19312,6.10034,,,,,,,,,,,,,,,,,,,,,,,,,,,,,,,,,,,,,,,,,,,,,,,,,,,High,High,High,,,,,,,,,,,,,,,,,,,,,,,,,,,,,,,,,,,,
155,2026-03-24,19:32:08.50,3,7,"Gleason, Jack",831541,Right,MSU_BDG,"Russo, Matthew",1000243142,Left,SOU_GOL,Undefined,4,Top,1,2,2,Fastball,Four-Seam,FoulBallFieldable,Undefined,Undefined,Undefined,0,0,,92.24209,-1.30454,-2.144824,2369.574783,209.96654,1:00,5.39442,1.59676,5.85059,-11.73678,21.37174,11.67481,3.20311,0.57574,83.61934,-3.600558,-0.052924,0.414134,79.85638,63.96925,-98.02032,4836.270809,,,,,18.91917,,,-6.615,11.64867,-1.42931,50,5.28163,4.49834,-133.82122,-3.34239,-11.91205,30.75532,-11.19753,MSU_BDG,SOU_GOL,MSST,D1,SEC,20260324-MSST-1,0f9c4df0-27e2-11f1-af58-35dac0914731,91.01503,38.55036,,8.62275,,,,1.07915,2.7864,-0.26138,dd9a23d0-46ab-4e69-8731-b6ab313b6345,2026-03-25,00:32:08.50,2026-03-24T19:32:08.5093376-05:00,2026-03-25T00:32:08.5093376Z,,v3,5080,471449,f283d7f39aaf4b10983d124063eab2d6,"Milewski, Kevin",831000,Right,MSU_BDG,67c47e0f-aeb8-47fb-b54c-1243ebdc1b09,54.64768,-134.88514,15.37766,5.39055,-2.95503,-5.59876,-1.59205,4.91041,-5.95603,25.881592,1.09329,-7.66631,-9.05766,,,,,,,2.80358,104.64729,-32.45657,,,,,,,-0.26807,-50.66594,8.633,,,,,,,,,,,,,,,,,,,,,,,,,,,,,High,High,High,High,Undefined,,,,,,,,,,,,,,,,,,,,,,,,,,,,,,,,,,
156,2026-03-24,19:32:34.72,3,8,"Gleason, Jack",831541,Right,MSU_BDG,"Russo, Matthew",1000243142,Left,SOU_GOL,Undefined,4,Top,1,2,2,Fastball,Four-Seam,BallCalled,Undefined,Undefined,Undefined,0,0,,93.0226,-1.686049,-4.222334,2406.308839,216.803359,1:15,5.3555,1.62145,6.01346,-15.30308,17.55355,12.20418,2.51365,-1.28004,83.40278,-4.64549,-2.035608,0.412556,,,,,,,,,,,,-7.76437,9.97772,-1.29667,50,5.21483,9.41359,-134.56992,-4.40747,-13.95837,34.54653,-14.23665,MSU_BDG,SOU_GOL,MSST,D1,SEC,20260324-MSST-1,1f2ef7e0-27e2-11f1-af58-35dac0914731,91.36321,,,9.61982,,,,,,,dd9a23d0-46ab-4e69-8731-b6ab313b6345,2026-03-25,00:32:34.72,2026-03-24T19:32:34.7281408-05:00,2026-03-25T00:32:34.7281408Z,,v3,5080,471449,f283d7f39aaf4b10983d124063eab2d6,"Milewski, Kevin",831000,Right,MSU_BDG,3bb55876-5a79-4d45-b01a-ce5a534c827e,54.4851,-135.71644,17.27326,5.35326,-3.93499,-7.11832,-1.61677,9.87683,-6.97918,,,,,,,,,,,,,,,,,,,,,,,,,,,,,,,,,,,,,,,,,,,,,,,,,,,High,High,High,,,,,,,,,,,,,,,,,,,,,,,,,,,,,,,,,,,,
157,2026-03-24,19:32:54.32,3,9,"Gleason, Jack",831541,Right,MSU_BDG,"Russo, Matthew",1000243142,Left,SOU_GOL,Undefined,4,Top,1,3,2,Fastball,Four-Seam,HitByPitch,Undefined,Undefined,Undefined,0,0,,91.59062,-2.380252,-3.708339,2388.494624,212.323233,1:00,5.38493,1.45031,5.55791,-17.51591,16.94887,9.90075,1.69543,-1.19423,82.27156,-5.709452,-1.947358,0.422531,,,,,,,,,,,,-6.32737,9.77319,-1.13659,50,5.16785,8.14726,-132.42423,-6.07886,-11.02158,33.303,-15.1502,MSU_BDG,SOU_GOL,MSST,D1,SEC,20260324-MSST-1,2ae44090-27e2-11f1-af58-35dac0914731,89.20623,,,9.31906,,,,,,,dd9a23d0-46ab-4e69-8731-b6ab313b6345,2026-03-25,00:32:54.32,2026-03-24T19:32:54.3252480-05:00,2026-03-25T00:32:54.3252480Z,,v3,5080,471449,f283d7f39aaf4b10983d124063eab2d6,"Milewski, Kevin",831000,Right,MSU_BDG,8f06d4d9-bd46-4c37-9121-63040f19a964,54.94105,-133.66106,16.6515,5.38316,-5.51619,-7.5751,-1.44677,8.55659,-5.51079,,,,,,,,,,,,,,,,,,,,,,,,,,,,,,,,,,,,,,,,,,,,,,,,,,,High,High,High,,,,,,,,,,,,,,,,,,,,,,,,,,,,,,,,,,,,
158,2026-03-24,19:33:48.04,4,1,"Gleason, Jack",831541,Right,MSU_BDG,"Barrett, Drey",838145,Right,SOU_GOL,Undefined,4,Top,1,0,0,Fastball,Four-Seam,BallCalled,Undefined,Undefined,Undefined,0,0,,92.58916,-2.346848,-4.264251,2302.455119,213.867859,1:15,5.46301,1.69927,5.95224,-13.46639,19.83722,12.45611,2.15701,-1.22484,82.9389,-4.977551,-2.035268,0.415353,,,,,,,,,,,,-7.755,11.27867,-1.36639,50,5.26832,9.41376,-133.7972,-5.83772,-13.79166,33.9639,-12.1158,MSU_BDG,SOU_GOL,MSST,D1,SEC,20260324-MSST-1,4af35830-27e2-11f1-af58-35dac0914731,90.74801,,,9.65026,,,,,,,dd9a23d0-46ab-4e69-8731-b6ab313b6345,2026-03-25,00:33:48.04,2026-03-24T19:33:48.0440832-05:00,2026-03-25T00:33:48.0440832Z,,v3,5080,471449,f283d7f39aaf4b10983d124063eab2d6,"Milewski, Kevin",831000,Right,MSU_BDG,ee1ce0d6-1241-4028-9a46-ac322c056e52,54.54281,-134.94544,16.98195,5.45876,-5.42811,-6.0579,-1.69253,9.88003,-6.89583,,,,,,,,,,,,,,,,,,,,,,,,,,,,,,,,,,,,,,,,,,,,,,,,,,,High,High,High,,,,,,,,,,,,,,,,,,,,,,,,,,,,,,,,,,,,
159,2026-03-24,19:34:05.70,4,2,"Gleason, Jack",831541,Right,MSU_BDG,"Barrett, Drey",838145,Right,SOU_GOL,Undefined,4,Top,1,1,0,Fastball,Four-Seam,StrikeCalled,Undefined,Undefined,Undefined,0,0,,92.10797,-1.369801,-2.803288,2309.076415,205.57159,12:45,5.43209,1.42483,5.96182,-17.11458,16.29532,7.21016,2.73394,-0.57579,82.84527,-4.649088,-1.509649,0.416015,,,,,,,,,,,,-4.57847,9.1367,-1.20613,50,5.31379,6.20987,-133.41149,-3.69611,-8.11983,32.98178,-15.97018,MSU_BDG,SOU_GOL,MSST,D1,SEC,20260324-MSST-1,55706f00-27e2-11f1-af58-35dac0914731,90.60355,,,9.26271,,,,,,,dd9a23d0-46ab-4e69-8731-b6ab313b6345,2026-03-25,00:34:05.70,2026-03-24T19:34:05.7087488-05:00,2026-03-25T00:34:05.7087488Z,,v3,5080,471449,f283d7f39aaf4b10983d124063eab2d6,"Milewski, Kevin",831000,Right,MSU_BDG,d00eaa6f-44c0-45b3-b170-17e5e3ca829f,54.53307,-134.52748,16.49089,5.42971,-3.15574,-7.98509,-1.4209,6.48462,-4.05991,,,,,,,,,,,,,,,,,,,,,,,,,,,,,,,,,,,,,,,,,,,,,,,,,,,High,High,High,,,,,,,,,,,,,,,,,,,,,,,,,,,,,,,,,,,,
160,2026-03-24,19:34:23.55,4,3,"Gleason, Jack",831541,Right,MSU_BDG,"Barrett, Drey",838145,Right,SOU_GOL,Undefined,4,Top,1,1,1,Fastball,Four-Seam,FoulBallFieldable,Undefined,Undefined,Undefined,0,0,,92.20203,-2.026919,-2.95546,2322.875594,215.360029,1:15,5.41824,1.52827,5.82182,-15.45418,18.11796,11.96725,2.24265,-0.22461,82.84705,-5.002776,-0.813787,0.417024,,,,,,,,,,,,-7.07575,10.26796,-1.29356,50,5.24333,6.35663,-133.47715,-5.17598,-12.54529,33.34543,-13.96897,MSU_BDG,SOU_GOL,MSST,D1,SEC,20260324-MSST-1,6018db90-27e2-11f1-af58-35dac0914731,90.38433,,,9.35497,,,,,,,dd9a23d0-46ab-4e69-8731-b6ab313b6345,2026-03-25,00:34:23.55,2026-03-24T19:34:23.5571200-05:00,2026-03-25T00:34:23.5571200Z,,v3,5080,471449,f283d7f39aaf4b10983d124063eab2d6,"Milewski, Kevin",831000,Right,MSU_BDG,abfdd85e-faa6-4e52-b1dd-fc7b6bc8077c,54.6748,-134.63995,16.67271,5.41533,-4.68887,-6.98449,-1.52285,6.7941,-6.27264,,,,,,,,,,,,,,,,,,,,,,,,,,,,,,,,,,,,,,,,,,,,,,,,,,,High,High,High,,,,,,,,,,,,,,,,,,,,,,,,,,,,,,,,,,,,
161,2026-03-24,19:34:50.32,4,4,"Gleason, Jack",831541,Right,MSU_BDG,"Barrett, Drey",838145,Right,SOU_GOL,Undefined,4,Top,1,1,2,Fastball,Four-Seam,BallCalled,Undefined,Undefined,Undefined,0,0,,92.56102,-1.448578,-3.442677,2365.949427,211.742269,1:00,5.4707,1.50257,5.87429,-14.58017,18.55351,10.73827,2.90754,-0.80396,83.3999,-4.264639,-1.521042,0.414292,,,,,,,,,,,,-6.53414,10.25945,-1.22994,50,5.34496,7.57556,-134.01478,-3.79835,-11.73112,32.42189,-13.75468,MSU_BDG,SOU_GOL,MSST,D1,SEC,20260324-MSST-1,701c96d0-27e2-11f1-af58-35dac0914731,90.98043,,,9.16112,,,,,,,dd9a23d0-46ab-4e69-8731-b6ab313b6345,2026-03-25,00:34:50.32,2026-03-24T19:34:50.3248384-05:00,2026-03-25T00:34:50.3248384Z,,v3,5080,471449,f283d7f39aaf4b10983d124063eab2d6,"Milewski, Kevin",831000,Right,MSU_BDG,455657f2-99ec-4285-8151-3e88799bbcc3,54.62143,-135.12821,16.21095,5.46729,-3.32599,-6.87734,-1.49701,7.97843,-5.86556,,,,,,,,,,,,,,,,,,,,,,,,,,,,,,,,,,,,,,,,,,,,,,,,,,,High,High,High,,,,,,,,,,,,,,,,,,,,,,,,,,,,,,,,,,,,
162,2026-03-24,19:35:12.23,4,5,"Gleason, Jack",831541,Right,MSU_BDG,"Barrett, Drey",838145,Right,SOU_GOL,Undefined,4,Top,1,2,2,Fastball,Four-Seam,StrikeSwinging,Strikeout,Undefined,Undefined,0,0,,92.11137,-0.581694,-2.987331,2321.230834,210.788761,1:00,5.48628,1.59676,5.80781,-13.0595,20.37411,11.43859,3.85629,-0.23062,83.07504,-3.125321,-0.94163,0.416163,,,,,,,,,,,,-6.71646,10.87835,-1.35823,50,5.43081,6.44628,-133.47226,-1.69385,-11.9847,31.63584,-12.76295,MSU_BDG,SOU_GOL,MSST,D1,SEC,20260324-MSST-1,7d19c8d0-27e2-11f1-af58-35dac0914731,90.57144,,,9.03633,,,,,,,dd9a23d0-46ab-4e69-8731-b6ab313b6345,2026-03-25,00:35:12.23,2026-03-24T19:35:12.2313728-05:00,2026-03-25T00:35:12.2313728Z,,v3,5080,471449,f283d7f39aaf4b10983d124063eab2d6,"Milewski, Kevin",831000,Right,MSU_BDG,fe4fec37-6ea0-40ea-9aba-7cecc12bb0ed,54.68825,-134.57889,15.81792,5.48225,-1.2474,-6.38148,-1.59105,6.8655,-5.99235,,,,,,,,,,,,,,,,,,,,,,,,,,,,,,,,,,,,,,,,,,,,,,,,,,,High,High,High,,,,,,,,,,,,,,,,,,,,,,,,,,,,,,,,,,,,
163,2026-03-24,19:35:48.14,5,1,"Gleason, Jack",831541,Right,MSU_BDG,"Eubanks, Gray",838141,Left,SOU_GOL,Undefined,4,Top,2,0,0,Fastball,Four-Seam,StrikeSwinging,Undefined,Undefined,Undefined,0,0,,92.0629,-1.07415,-2.656066,2231.624726,215.783733,1:15,5.39769,1.77707,5.99139,-15.71461,17.45513,11.75119,3.09149,0.29306,83.26698,-4.094479,-0.545755,0.414517,,,,,,,,,,,,-6.79973,9.60619,-1.57379,50,5.30423,5.67181,-133.48792,-2.94932,-12.15462,31.23914,-15.00286,MSU_BDG,SOU_GOL,MSST,D1,SEC,20260324-MSST-1,927f6270-27e2-11f1-af58-35dac0914731,90.93096,,,8.79592,,,,,,,dd9a23d0-46ab-4e69-8731-b6ab313b6345,2026-03-25,00:35:48.14,2026-03-24T19:35:48.1439744-05:00,2026-03-25T00:35:48.1439744Z,,v3,5080,471449,f283d7f39aaf4b10983d124063eab2d6,"Milewski, Kevin",831000,Right,MSU_BDG,e7a64682-b206-409a-9c5e-dae59f1d18d2,54.50493,-134.53804,15.61957,5.3949,-2.44499,-7.50143,-1.77132,6.0804,-6.07731,,,,,,,,,,,,,,,,,,,,,,,,,,,,,,,,,,,,,,,,,,,,,,,,,,,High,High,High,,,,,,,,,,,,,,,,,,,,,,,,,,,,,,,,,,,,
164,2026-03-24,19:36:04.79,5,2,"Gleason, Jack",831541,Right,MSU_BDG,"Eubanks, Gray",838141,Left,SOU_GOL,Undefined,4,Top,2,0,1,Fastball,Four-Seam,StrikeCalled,Undefined,Undefined,Undefined,0,0,,93.05523,-2.473707,-3.034823,2371.030902,211.285963,1:00,5.4812,1.31867,5.85144,-13.60894,19.0917,10.90284,2.04392,-0.59533,84.22311,-5.100345,-1.083084,0.411575,,,,,,,,,,,,-6.4463,10.80985,-1.07805,50,5.27184,6.64716,-134.75158,-6.20071,-11.74863,31.68278,-12.47277,MSU_BDG,SOU_GOL,MSST,D1,SEC,20260324-MSST-1,9c6d7fb0-27e2-11f1-af58-35dac0914731,91.58087,,,8.83212,,,,,,,dd9a23d0-46ab-4e69-8731-b6ab313b6345,2026-03-25,00:36:04.79,2026-03-24T19:36:04.7918592-05:00,2026-03-25T00:36:04.7918592Z,,v3,5080,471449,f283d7f39aaf4b10983d124063eab2d6,"Milewski, Kevin",831000,Right,MSU_BDG,a8103e04-71c5-4b3e-837d-370c5c8a025d,54.64476,-135.83926,15.84139,5.47737,-5.77251,-6.23638,-1.31317,7.0505,-5.87431,,,,,,,,,,,,,,,,,,,,,,,,,,,,,,,,,,,,,,,,,,,,,,,,,,,High,High,High,,,,,,,,,,,,,,,,,,,,,,,,,,,,,,,,,,,,
165,2026-03-24,19:36:23.52,5,3,"Gleason, Jack",831541,Right,MSU_BDG,"Eubanks, Gray",838141,Left,SOU_GOL,Undefined,4,Top,2,0,2,Fastball,Four-Seam,BallCalled,Undefined,Undefined,Undefined,0,0,,91.35661,-1.072165,-1.286382,2400.050282,207.728157,1:00,5.58096,1.44845,5.66946,-12.76757,21.26021,10.55961,3.51698,1.12884,82.67331,-3.553377,0.600428,0.419844,,,,,,,,,,,,-5.70296,11.41571,-1.3464,50,5.48249,2.4918,-132.50268,-2.81052,-10.0548,30.50296,-12.04712,MSU_BDG,SOU_GOL,MSST,D1,SEC,20260324-MSST-1,a7963fd0-27e2-11f1-af58-35dac0914731,89.77717,,,8.6833,,,,,,,dd9a23d0-46ab-4e69-8731-b6ab313b6345,2026-03-25,00:36:23.52,2026-03-24T19:36:23.5270144-05:00,2026-03-25T00:36:23.5270144Z,,v3,5080,471449,f283d7f39aaf4b10983d124063eab2d6,"Milewski, Kevin",831000,Right,MSU_BDG,f2dfc2f2-de22-44e7-b74d-d0c0ebd4d50d,54.82647,-133.60914,15.25148,5.57652,-2.37352,-6.02356,-1.44341,2.85653,-5.0274,,,,,,,,,,,,,,,,,,,,,,,,,,,,,,,,,,,,,,,,,,,,,,,,,,,High,High,High,,,,,,,,,,,,,,,,,,,,,,,,,,,,,,,,,,,,
166,2026-03-24,19:36:42.34,5,4,"Gleason, Jack",831541,Right,MSU_BDG,"Eubanks, Gray",838141,Left,SOU_GOL,Undefined,4,Top,2,1,2,Fastball,Four-Seam,FoulBallFieldable,Undefined,Undefined,Undefined,0,0,,92.0976,-1.42596,-2.621047,2377.048505,214.587667,1:15,5.50035,1.51372,5.88999,-15.01812,18.3669,11.83985,2.92316,0.06498,83.05181,-4.322019,-0.498732,0.41586,85.65678,46.224134,-32.861064,4126.590968,82.47259,94.13996,-72.78913,273.72506,103.64175,-50.132915,5.261129,-6.87158,10.18536,-1.30916,50,5.37681,5.58512,-133.47321,-3.7487,-12.23608,32.18961,-14.03719,MSU_BDG,SOU_GOL,MSST,D1,SEC,20260324-MSST-1,b2cb5c00-27e2-11f1-af58-35dac0914731,90.63735,104.91774,,9.04579,,,,0.43753,2.82646,0.05096,dd9a23d0-46ab-4e69-8731-b6ab313b6345,2026-03-25,00:36:42.34,2026-03-24T19:36:42.3499776-05:00,2026-03-25T00:36:42.3499776Z,FlyBall,v3,5080,471449,f283d7f39aaf4b10983d124063eab2d6,"Milewski, Kevin",831000,Right,MSU_BDG,46fd815b-61a7-4189-bb52-e60c8a6c88ab,54.60685,-134.57965,16.09481,5.49737,-3.2662,-7.0186,-1.50836,6.0057,-6.11804,143.340748,0.46843,72.41084,-17.45435,1.42457,1.81021,-0.99011,0.22745,-0.02469,0.00103,2.83268,90.55516,-23.27562,0.9084,0.91397,-0.58605,0.16487,-0.02224,0.00116,0.05181,-47.15735,0.30271,1.03998,-0.55061,0.22171,-0.05925,0.00843,-0.00047,,,,,,,,,,,,,,,,,,,,,,,High,High,High,High,Low,,,,,,,,,,,,,,,,,,,,,,,,,,,,,,,,,,
167,2026-03-24,19:37:20.78,5,5,"Gleason, Jack",831541,Right,MSU_BDG,"Eubanks, Gray",838141,Left,SOU_GOL,Undefined,4,Top,2,1,2,Fastball,Four-Seam,StrikeSwinging,Strikeout,Undefined,Undefined,0,0,,91.73957,-0.88586,-1.938604,2258.223232,213.199339,1:00,5.53346,1.54053,5.85867,-14.91465,19.08749,11.62611,3.46701,0.7076,81.86528,-3.788848,0.145473,0.419686,,,,,,,,,,,,-6.53583,10.38083,-1.38966,50,5.45296,3.96265,-132.85088,-2.45121,-11.41079,34.59181,-14.05035,MSU_BDG,SOU_GOL,MSST,D1,SEC,20260324-MSST-1,c9b5e7f0-27e2-11f1-af58-35dac0914731,89.81101,,,9.87429,,,,,,,dd9a23d0-46ab-4e69-8731-b6ab313b6345,2026-03-25,00:37:20.78,2026-03-24T19:37:20.7850000-05:00,2026-03-25T00:37:20.7850000Z,,v3,5080,471449,f283d7f39aaf4b10983d124063eab2d6,"Milewski, Kevin",831000,Right,MSU_BDG,0f6afd05-5edb-49f7-9794-a03201c65cfa,54.63459,-134.05221,17.29591,5.52961,-1.96326,-7.02518,-1.53416,4.35893,-5.70539,,,,,,,,,,,,,,,,,,,,,,,,,,,,,57.53265,,,1.251367,,,,1.12396,4.95717,-5.33167,72.61313,1.48915,52.17346,1.18437,65.94396,-7.31132,4.98164,14.10716,-13.6134,-5.31553,49.28896,-2.73783,High,High,High,,,High,Medium,Medium,,,,,,,,,,,,,,,,,,,,,,,,,,,,,,,
168,2026-03-24,19:40:32.81,1,1,"Littleton, Bruce",838158,Left,SOU_GOL,"Stallman, Reed",827671,Left,MSU_BDG,Undefined,4,Bottom,0,0,0,Fastball,Four-Seam,FoulBallFieldable,Undefined,Undefined,Undefined,0,0,,93.63964,-2.442528,1.856546,2352.513741,162.332909,11:30,6.15399,-0.85929,6.19466,-11.19985,20.75765,-6.24272,2.96317,0.33505,84.41671,-4.656116,0.73055,0.406872,80.87033,66.839919,-122.760328,5359.926373,,,,,29.31186,,,3.83465,11.87627,0.72261,50,5.96429,-4.13356,-135.76268,-6.04588,7.0521,33.7853,-10.33316,MSU_BDG,SOU_GOL,MSST,D1,SEC,20260324-MSST-1,3c27b250-27e3-11f1-af58-35dac0914731,92.63956,59.85892,,9.22293,,,,1.69437,2.7736,-0.22891,dd9a23d0-46ab-4e69-8731-b6ab313b6345,2026-03-25,00:40:32.81,2026-03-24T19:40:32.8118272-05:00,2026-03-25T00:40:32.8118272Z,,v3,5080,471449,f283d7f39aaf4b10983d124063eab2d6,"Stockman, Tucker",838152,Right,SOU_GOL,49b50ce6-4fcc-4aeb-838d-e0d0f9f8ada3,54.30274,-136.82925,16.89265,6.15001,-5.71967,-5.16658,0.85662,-4.35619,3.52605,17.944715,1.69437,-25.24317,-8.07664,3.67259,-1.11092,0.31817,-0.08254,0.01993,-0.00308,2.7736,109.05083,-35.98966,5.63595,-1.18251,0.22169,-0.03877,0.0076,-0.00078,-0.22891,-39.22936,4.35874,1.21056,-0.56116,0.20218,-0.05536,0.01465,-0.00255,,,,,,,,,,,,,,,,,,,,,,,High,High,High,High,Undefined,,,,,,,,,,,,,,,,,,,,,,,,,,,,,,,,,,
169,2026-03-24,19:40:58.54,1,2,"Littleton, Bruce",838158,Left,SOU_GOL,"Stallman, Reed",827671,Left,MSU_BDG,Undefined,4,Bottom,0,0,1,Fastball,Four-Seam,StrikeSwinging,Undefined,Undefined,Undefined,0,0,,92.18857,-3.881389,2.035046,2281.415322,161.730306,11:30,6.10227,-0.8861,6.42514,-13.42394,19.30844,-5.98307,1.40821,0.48666,83.3762,-6.494742,0.951072,0.411775,,,,,,,,,,,,3.74921,11.63457,0.7435,50,5.81876,-4.49515,-133.50677,-9.37638,6.67998,32.18656,-11.44472,MSU_BDG,SOU_GOL,MSST,D1,SEC,20260324-MSST-1,4b83bbe0-27e3-11f1-af58-35dac0914731,91.53645,,,8.81237,,,,,,,dd9a23d0-46ab-4e69-8731-b6ab313b6345,2026-03-25,00:40:58.54,2026-03-24T19:40:58.5432064-05:00,2026-03-25T00:40:58.5432064Z,,v3,5080,471449,f283d7f39aaf4b10983d124063eab2d6,"Stockman, Tucker",838152,Right,SOU_GOL,2e27de8c-4633-4ae1-90b6-f7cdc9802746,54.0711,-134.48467,16.09328,6.09835,-9.02867,-5.72236,0.88316,-4.69811,3.33999,,,,,,,,,,,,,,,,,,,,,,,,,,,,,,,,,,,,,,,,,,,,,,,,,,,High,High,High,,,,,,,,,,,,,,,,,,,,,,,,,,,,,,,,,,,,
170,2026-03-24,19:41:23.50,1,3,"Littleton, Bruce",838158,Left,SOU_GOL,"Stallman, Reed",827671,Left,MSU_BDG,Undefined,4,Bottom,0,0,2,Fastball,Four-Seam,BallCalled,Undefined,Undefined,Undefined,0,0,,93.63934,-2.567337,2.891993,2351.96986,166.247256,11:30,6.07271,-0.94504,6.15337,-11.13501,20.82226,-4.82,2.76817,1.32754,84.67712,-4.760182,2.024531,0.40687,,,,,,,,,,,,3.36185,11.843,0.72742,50,5.87126,-6.63995,-135.64941,-6.3333,6.19966,32.52086,-10.33428,MSU_BDG,SOU_GOL,MSST,D1,SEC,20260324-MSST-1,5a656550-27e3-11f1-af58-35dac0914731,92.63992,,,8.96222,,,,,,,dd9a23d0-46ab-4e69-8731-b6ab313b6345,2026-03-25,00:41:23.50,2026-03-24T19:41:23.5098624-05:00,2026-03-25T00:41:23.5098624Z,,v3,5080,471449,f283d7f39aaf4b10983d124063eab2d6,"Stockman, Tucker",838152,Right,SOU_GOL,85d25888-81f5-4c0b-a933-91fa29abc0f9,54.34251,-136.68652,16.26043,6.06798,-6.00373,-5.16714,0.94232,-6.83766,3.09983,,,,,,,,,,,,,,,,,,,,,,,,,,,,,,,,,,,,,,,,,,,,,,,,,,,High,High,High,,,,,,,,,,,,,,,,,,,,,,,,,,,,,,,,,,,,
171,2026-03-24,19:41:46.31,1,4,"Littleton, Bruce",838158,Left,SOU_GOL,"Stallman, Reed",827671,Left,MSU_BDG,Undefined,4,Bottom,0,1,2,ChangeUp,Slider,BallCalled,Undefined,Undefined,Undefined,0,0,,84.65535,-1.509558,1.782911,1400.540476,234.28509,1:45,5.78475,-1.24151,5.52692,-30.37332,9.29906,11.16083,1.84141,1.35586,77.55262,-7.097685,3.77183,0.453331,,,,,,,,,,,,-5.11217,5.52807,1.07896,50,5.63339,-4.29249,-122.79392,-4.2761,-7.78037,25.04525,-23.76069,MSU_BDG,SOU_GOL,MSST,D1,SEC,20260324-MSST-1,68020ba0-27e3-11f1-af58-35dac0914731,83.14551,,,7.10273,,,,,,,dd9a23d0-46ab-4e69-8731-b6ab313b6345,2026-03-25,00:41:46.31,2026-03-24T19:41:46.3170560-05:00,2026-03-25T00:41:46.3170560Z,,v3,5080,471449,f283d7f39aaf4b10983d124063eab2d6,"Stockman, Tucker",838152,Right,SOU_GOL,e04c6d73-9610-4b54-b0b9-a3945cd50030,54.97079,-123.80362,12.52263,5.78647,-3.31819,-11.88034,1.24569,-3.97883,-3.89019,,,,,,,,,,,,,,,,,,,,,,,,,,,,,,,,,,,,,,,,,,,,,,,,,,,High,High,High,,,,,,,,,,,,,,,,,,,,,,,,,,,,,,,,,,,,
172,2026-03-24,19:42:11.14,1,5,"Littleton, Bruce",838158,Left,SOU_GOL,"Stallman, Reed",827671,Left,MSU_BDG,Undefined,4,Bottom,0,2,2,ChangeUp,Slider,BallCalled,Undefined,Undefined,Undefined,0,0,,82.81847,1.419508,-0.730566,2710.674271,258.529558,2:30,5.68183,-1.53142,5.58833,-36.60793,5.3726,18.82619,3.95707,-0.6448,74.36548,-5.375737,2.629419,0.466332,,,,,,,,,,,,-9.66674,2.72721,1.58201,50,5.78044,0.73044,-119.99821,1.72997,-13.81373,27.54361,-28.27688,MSU_BDG,SOU_GOL,MSST,D1,SEC,20260324-MSST-1,76d3af80-27e3-11f1-af58-35dac0914731,80.82743,,,8.45299,,,,,,,dd9a23d0-46ab-4e69-8731-b6ab313b6345,2026-03-25,00:42:11.14,2026-03-24T19:42:11.1497728-05:00,2026-03-25T00:42:11.1497728Z,,v3,5080,471449,f283d7f39aaf4b10983d124063eab2d6,"Stockman, Tucker",838152,Right,SOU_GOL,fbbcbcf6-0138-4c2d-928e-fca3be874ed4,54.90736,-121.11937,13.7718,5.68659,2.88098,-14.13844,1.54083,1.29273,-6.90686,,,,,,,,,,,,,,,,,,,,,,,,,,,,,,,,,,,,,,,,,,,,,,,,,,,High,High,High,,,,,,,,,,,,,,,,,,,,,,,,,,,,,,,,,,,,
173,2026-03-24,19:42:36.01,1,6,"Littleton, Bruce",838158,Left,SOU_GOL,"Stallman, Reed",827671,Left,MSU_BDG,Undefined,4,Bottom,0,3,2,Fastball,Four-Seam,HitByPitch,Undefined,Undefined,Undefined,0,0,,93.37862,-0.373917,-0.146938,2388.381238,165.155854,11:30,6.03671,-1.24811,6.05026,-11.16079,21.14497,-5.29481,4.7605,-1.82536,83.90308,-2.589107,-1.099941,0.409083,,,,,,,,,,,,2.68599,11.3602,1.26239,50,6.00177,0.57813,-135.50439,-1.13778,4.90851,34.33837,-11.41379,MSU_BDG,SOU_GOL,MSST,D1,SEC,20260324-MSST-1,8593ee40-27e3-11f1-af58-35dac0914731,92.13884,,,9.47554,,,,,,,dd9a23d0-46ab-4e69-8731-b6ab313b6345,2026-03-25,00:42:36.01,2026-03-24T19:42:36.0137216-05:00,2026-03-25T00:42:36.0137216Z,,v3,5080,471449,f283d7f39aaf4b10983d124063eab2d6,"Stockman, Tucker",838152,Right,SOU_GOL,b831ef8b-f740-4303-9160-7afb68b6eb7e,54.44674,-136.6266,17.16919,6.03286,-0.76477,-5.70689,1.24612,0.41771,2.45426,,,,,,,,,,,,,,,,,,,,,,,,,,,,,,,,,,,,,,,,,,,,,,,,,,,High,High,High,,,,,,,,,,,,,,,,,,,,,,,,,,,,,,,,,,,,
174,2026-03-24,19:43:27.44,2,1,"Littleton, Bruce",838158,Left,SOU_GOL,"Wyers, Drew",805587,Right,MSU_BDG,Undefined,4,Bottom,0,0,0,Fastball,Four-Seam,StrikeCalled,Undefined,Undefined,Undefined,0,0,,92.10688,-2.675609,1.972861,2305.594784,157.053166,11:15,5.96613,-1.40446,6.1942,-13.69729,19.21438,-7.64666,2.35128,-0.21959,83.43353,-5.332824,0.593493,0.412901,,,,,,,,,,,,4.54662,11.09032,1.25955,50,5.7574,-4.27374,-133.54219,-6.58926,8.13005,31.38632,-12.34287,MSU_BDG,SOU_GOL,MSST,D1,SEC,20260324-MSST-1,a4441220-27e3-11f1-af58-35dac0914731,91.28678,,,8.67335,,,,,,,dd9a23d0-46ab-4e69-8731-b6ab313b6345,2026-03-25,00:43:27.44,2026-03-24T19:43:27.4490000-05:00,2026-03-25T00:43:27.4490000Z,,v3,5080,471449,f283d7f39aaf4b10983d124063eab2d6,"Stockman, Tucker",838152,Right,SOU_GOL,95b9dad8-710d-4b52-a04b-56d6655a71d0,54.30256,-134.54962,15.69316,5.96254,-6.19308,-6.17143,1.40092,-4.5347,4.06503,,,,,,,,,,,,,,,,,,,,,,,,,,,,,81.25636,1.981571,0.754227,1.227344,-1.03854,2.11881,0.19553,-0.45893,6.11758,1.34809,127.27605,-1.74093,-2.16372,-0.33594,117.40728,-11.14364,6.11028,5.81475,-9.94479,1.32536,-4.84075,1.66376,High,High,High,,,High,Medium,Medium,,,,,,,,,,,,,,,,,,,,,,,,,,,,,,,
175,2026-03-24,19:44:06.12,2,2,"Littleton, Bruce",838158,Left,SOU_GOL,"Wyers, Drew",805587,Right,MSU_BDG,Undefined,4,Bottom,0,0,1,Fastball,Four-Seam,StrikeSwinging,Undefined,Undefined,Undefined,0,0,,93.88747,-2.523202,1.116716,2351.967787,153.901829,11:15,6.06307,-1.13156,6.16428,-13.54855,18.01784,-8.30469,2.60132,-0.79194,85.35269,-5.138134,-0.38151,0.404375,,,,,,,,,,,,4.60138,10.36197,1.05091,50,5.86456,-2.29273,-136.23604,-6.36432,8.59646,31.59399,-12.81548,MSU_BDG,SOU_GOL,MSST,D1,SEC,20260324-MSST-1,bb533d10-27e3-11f1-af58-35dac0914731,93.21169,,,8.53479,,,,,,,dd9a23d0-46ab-4e69-8731-b6ab313b6345,2026-03-25,00:44:06.12,2026-03-24T19:44:06.1294592-05:00,2026-03-25T00:44:06.1294592Z,,v3,5080,471449,f283d7f39aaf4b10983d124063eab2d6,"Stockman, Tucker",838152,Right,SOU_GOL,dbf1efdf-36bb-4722-9215-7fde3ea7e6d4,54.33279,-137.23716,15.797,6.05979,-5.95824,-6.40774,1.12787,-2.56512,4.29823,,,,,,,,,,,,,,,,,,,,,,,,,,,,,,,,,,,,,,,,,,,,,,,,,,,High,High,High,,,,,,,,,,,,,,,,,,,,,,,,,,,,,,,,,,,,
176,2026-03-24,19:44:30.65,2,3,"Littleton, Bruce",838158,Left,SOU_GOL,"Wyers, Drew",805587,Right,MSU_BDG,Undefined,4,Bottom,0,0,2,Fastball,Four-Seam,BallCalled,Undefined,Undefined,Undefined,0,0,,93.67081,-4.087151,2.040275,2357.794901,154.203041,11:15,5.97037,-1.00086,6.34396,-12.01568,19.64631,-8.96347,1.19767,0.13124,85.0783,-6.42918,0.418792,0.404987,,,,,,,,,,,,5.26402,11.7715,0.85648,50,5.66677,-4.4545,-135.67982,-9.98049,9.73672,31.83087,-10.40053,MSU_BDG,SOU_GOL,MSST,D1,SEC,20260324-MSST-1,c9ec6bd0-27e3-11f1-af58-35dac0914731,93.07082,,,8.59251,,,,,,,dd9a23d0-46ab-4e69-8731-b6ab313b6345,2026-03-25,00:44:30.65,2026-03-24T19:44:30.6552320-05:00,2026-03-25T00:44:30.6552320Z,,v3,5080,471449,f283d7f39aaf4b10983d124063eab2d6,"Stockman, Tucker",838152,Right,SOU_GOL,6f80bbf0-86a3-4f16-8f49-76d44f9abfa5,54.15353,-136.65077,15.91544,5.96637,-9.66324,-5.20027,0.99689,-4.75151,4.86836,,,,,,,,,,,,,,,,,,,,,,,,,,,,,,,,,,,,,,,,,,,,,,,,,,,High,High,High,,,,,,,,,,,,,,,,,,,,,,,,,,,,,,,,,,,,
177,2026-03-24,19:44:52.94,2,4,"Littleton, Bruce",838158,Left,SOU_GOL,"Wyers, Drew",805587,Right,MSU_BDG,Undefined,4,Bottom,0,1,2,Fastball,Four-Seam,FoulBallFieldable,Undefined,Undefined,Undefined,0,0,,93.50427,-2.882003,1.391684,2405.870226,154.778725,11:15,6.08765,-0.9076,6.27239,-13.45568,18.26855,-8.098,2.30656,-0.29927,85.00891,-5.484496,-0.072047,0.405384,67.8544,47.555688,102.731706,4272.196641,,,,,68.79757,,,4.63985,10.68587,0.80861,50,5.8678,-2.9588,-135.67592,-7.18463,8.58815,31.62338,-12.39498,MSU_BDG,SOU_GOL,MSST,D1,SEC,20260324-MSST-1,d736d370-27e3-11f1-af58-35dac0914731,92.97957,60.27964,,8.49535,,,,1.46866,2.41907,0.07478,dd9a23d0-46ab-4e69-8731-b6ab313b6345,2026-03-25,00:44:52.94,2026-03-24T19:44:52.9473536-05:00,2026-03-25T00:44:52.9473536Z,,v3,5080,471449,f283d7f39aaf4b10983d124063eab2d6,"Stockman, Tucker",838152,Right,SOU_GOL,8f30787b-a7f7-4d63-8178-f3f212789d8c,54.22638,-136.65745,15.81169,6.08482,-6.79991,-6.19749,0.90458,-3.22536,4.29407,,1.46866,-14.80174,-4.05327,1.42066,-0.38974,0.10325,-0.01947,-0.00505,0.00293,2.41907,73.43886,-22.21388,2.02943,-0.3751,0.05526,-0.00816,0.00266,-0.00064,0.07478,65.51182,-9.36337,2.03283,-0.40793,0.08073,-0.01354,-0.00295,0.00167,,,,,,,,,,,,,,,,,,,,,,,High,High,High,Medium,Undefined,,,,,,,,,,,,,,,,,,,,,,,,,,,,,,,,,,
178,2026-03-24,19:45:21.49,2,5,"Littleton, Bruce",838158,Left,SOU_GOL,"Wyers, Drew",805587,Right,MSU_BDG,Undefined,4,Bottom,0,1,2,Slider,Slider,FoulBallFieldable,Undefined,Undefined,Undefined,0,0,,82.1251,-1.025565,0.782714,2637.878082,267.104145,3:00,5.77742,-1.76298,5.57977,-39.84549,2.02595,14.6506,1.49897,0.18895,75.68898,-8.298922,3.400978,0.465726,,,,,,,,,,,,-7.26024,1.66224,1.68566,50,5.66296,-2.20681,-119.30271,-3.49392,-10.45593,23.11306,-29.78013,MSU_BDG,SOU_GOL,MSST,D1,SEC,20260324-MSST-1,e858f700-27e3-11f1-af58-35dac0914731,80.93267,,,6.43613,,,,,,,dd9a23d0-46ab-4e69-8731-b6ab313b6345,2026-03-25,00:45:21.49,2026-03-24T19:45:21.4996992-05:00,2026-03-25T00:45:21.4996992Z,,v3,5080,471449,f283d7f39aaf4b10983d124063eab2d6,"Stockman, Tucker",838152,Right,SOU_GOL,24e9c5a9-4852-4f9a-801a-8ac165461696,54.92129,-120.25235,11.55653,5.78138,-2.27035,-14.89006,1.76751,-1.77721,-5.22797,,,,,,,,,,,,,,,,,,,,,,,,,,,,,,,,,,,,,,,,,,,,,,,,,,,High,High,High,,,,,,,,,,,,,,,,,,,,,,,,,,,,,,,,,,,,
179,2026-03-24,19:45:49.55,2,6,"Littleton, Bruce",838158,Left,SOU_GOL,"Wyers, Drew",805587,Right,MSU_BDG,Undefined,4,Bottom,0,1,2,Fastball,Four-Seam,InPlay,Undefined,FlyBall,Out,1,0,,93.46873,-2.222332,1.429972,2371.472108,162.980563,11:30,6.10869,-1.07367,6.31232,-13.2245,18.78277,-5.38689,2.95789,-0.2051,84.05466,-4.811147,0.45573,0.407189,101.1728,30.815351,-9.629538,2793.968094,108.7377,64.55988,-16.61609,372.43979,371.63284,-6.54944,5.493915,3.27855,10.84922,0.97145,50,5.93949,-3.15622,-135.5466,-5.58577,5.98946,34.61716,-12.35409,MSU_BDG,SOU_GOL,MSST,D1,SEC,20260324-MSST-1,f8f74490-27e3-11f1-af58-35dac0914731,92.56751,98.59996,,9.41407,,,,1.77786,3.07808,0.22113,dd9a23d0-46ab-4e69-8731-b6ab313b6345,2026-03-25,00:45:49.55,2026-03-24T19:45:49.5598080-05:00,2026-03-25T00:45:49.5598080Z,FlyBall,v3,5080,471449,f283d7f39aaf4b10983d124063eab2d6,"Stockman, Tucker",838152,Right,SOU_GOL,944f893c-614c-4827-8765-135bf97ca183,54.18453,-136.6111,17.30858,6.10541,-5.20587,-6.17704,1.07134,-3.3404,2.99473,185.586972,1.779,125.62195,-26.76825,6.60436,-1.44541,0.28406,-0.04413,0.00434,-0.00019,3.08116,75.95309,-16.15868,0.03075,0.42988,-0.19032,0.04214,-0.00467,0.0002,0.22091,-21.31364,6.09685,-1.51379,0.34084,-0.06873,0.01085,-0.00107,5E-05,,,,,,,,,,,,,,,,,,,,,,,High,High,High,High,Medium,,,,,,,,,,,,,,,,,,,,,,,,,,,,,,,,,,
180,2026-03-24,19:46:49.92,3,1,"Littleton, Bruce",838158,Left,SOU_GOL,"Woodson, Ryder",829665,Right,MSU_BDG,Undefined,4,Bottom,1,0,0,Slider,Slider,BallCalled,Undefined,Undefined,Undefined,0,0,,83.30339,-1.247857,0.804434,2848.451044,273.41087,3:00,5.80454,-1.25092,5.59275,-40.34266,0.81965,10.03331,1.27722,0.33635,75.90354,-8.63418,2.598924,0.461765,,,,,,,,,,,,-4.80886,1.25748,1.17537,50,5.67158,-2.11291,-120.82174,-4.04388,-7.02128,26.23319,-30.33803,MSU_BDG,SOU_GOL,MSST,D1,SEC,20260324-MSST-1,1cfaeef0-27e4-11f1-af58-35dac0914731,81.62682,,,7.39985,,,,,,,dd9a23d0-46ab-4e69-8731-b6ab313b6345,2026-03-25,00:46:49.92,2026-03-24T19:46:49.9237888-05:00,2026-03-25T00:46:49.9237888Z,,v3,5080,471449,f283d7f39aaf4b10983d124063eab2d6,"Stockman, Tucker",838152,Right,SOU_GOL,411657dc-eb52-44b9-a946-cf927a1db0d6,54.90482,-121.88204,13.11659,5.81025,-2.81767,-15.16902,1.25504,-1.82913,-3.51064,,,,,,,,,,,,,,,,,,,,,,,,,,,,,,,,,,,,,,,,,,,,,,,,,,,High,High,High,,,,,,,,,,,,,,,,,,,,,,,,,,,,,,,,,,,,
181,2026-03-24,19:47:10.79,3,2,"Littleton, Bruce",838158,Left,SOU_GOL,"Woodson, Ryder",829665,Right,MSU_BDG,Undefined,4,Bottom,1,1,0,Fastball,Four-Seam,BallCalled,Undefined,Undefined,Undefined,0,0,,93.72076,-3.781743,1.347431,2362.026244,156.52627,11:15,5.9453,-1.14128,6.21473,-12.41095,19.53257,-7.97473,1.41503,-0.56213,84.60829,-6.203069,-0.092427,0.406783,,,,,,,,,,,,4.53343,11.63764,1.04402,50,5.6551,-2.84369,-135.72181,-9.26892,8.33732,33.59505,-10.77152,MSU_BDG,SOU_GOL,MSST,D1,SEC,20260324-MSST-1,29add180-27e4-11f1-af58-35dac0914731,92.65981,,,9.11248,,,,,,,dd9a23d0-46ab-4e69-8731-b6ab313b6345,2026-03-25,00:47:10.79,2026-03-24T19:47:10.7970560-05:00,2026-03-25T00:47:10.7970560Z,,v3,5080,471449,f283d7f39aaf4b10983d124063eab2d6,"Stockman, Tucker",838152,Right,SOU_GOL,86fcafee-5ac6-403f-a05e-86135dd5720e,54.28118,-136.77742,16.79752,5.94103,-8.93047,-5.38576,1.13749,-3.10566,4.16866,,,,,,,,,,,,,,,,,,,,,,,,,,,,,,,,,,,,,,,,,,,,,,,,,,,High,High,High,,,,,,,,,,,,,,,,,,,,,,,,,,,,,,,,,,,,
182,2026-03-24,19:47:31.98,3,3,"Littleton, Bruce",838158,Left,SOU_GOL,"Woodson, Ryder",829665,Right,MSU_BDG,Undefined,4,Bottom,1,2,0,Fastball,Four-Seam,InPlay,Undefined,GroundBall,Single,0,1,,93.0199,-2.128829,1.233687,2338.371802,164.994539,11:30,6.07485,-1.06959,6.30761,-11.22068,21.0319,-5.32264,3.1773,-0.37646,83.76299,-4.35606,0.271181,0.408746,103.29259,2.641706,-19.371234,2737.47957,,,,78.22115,73.03419,-21.141282,0.549558,3.17673,11.98201,0.98164,50,5.91327,-2.68344,-134.94357,-5.25734,5.7629,33.79721,-10.43756,MSU_BDG,SOU_GOL,MSST,D1,SEC,20260324-MSST-1,360b1a00-27e4-11f1-af58-35dac0914731,92.21482,3.45364,,9.25691,,,,1.81012,2.94306,0.44077,dd9a23d0-46ab-4e69-8731-b6ab313b6345,2026-03-25,00:47:31.98,2026-03-24T19:47:31.9808512-05:00,2026-03-25T00:47:31.9808512Z,GroundBall,v3,5080,471449,f283d7f39aaf4b10983d124063eab2d6,"Stockman, Tucker",838152,Right,SOU_GOL,96bc964d-7c9f-4477-8337-8afcdaa5c587,54.18975,-135.98887,16.89861,6.07088,-4.93453,-5.21878,1.06739,-2.86168,2.88145,63.493511,1.83814,142.08174,-23.14559,,,,,,,2.96753,6.38136,-21.51357,,,,,,,0.45691,-50.59517,-2.90935,,,,,,,,,,,,,,,,,,,,,,,,,,,,,High,High,High,Medium,Medium,,,,,,,,,,,,,,,,,,,,,,,,,,,,,,,,,,
183,2026-03-24,19:48:41.06,4,1,"Littleton, Bruce",838158,Left,SOU_GOL,"Parker, Jacob",815834,Left,MSU_BDG,Undefined,4,Bottom,1,0,0,Fastball,Four-Seam,StrikeCalled,Undefined,Undefined,Undefined,0,0,,91.50561,-3.138231,1.9131,2386.595729,147.382869,11:00,6.19998,-1.22996,5.8435,-14.77713,18.90371,-11.36477,2.04756,-0.39846,83.25904,-5.963308,-0.124145,0.417698,,,,,,,,,,,,6.33154,10.89619,1.08073,50,5.9355,-3.9245,-132.60208,-7.69225,11.21771,29.65925,-12.86906,MSU_BDG,SOU_GOL,MSST,D1,SEC,20260324-MSST-1,5f32af60-27e4-11f1-af58-35dac0914731,90.23839,,,8.24658,,,,,,,dd9a23d0-46ab-4e69-8731-b6ab313b6345,2026-03-25,00:48:41.06,2026-03-24T19:48:41.0659840-05:00,2026-03-25T00:48:41.0659840Z,,v3,5080,471449,f283d7f39aaf4b10983d124063eab2d6,"Stockman, Tucker",838152,Right,SOU_GOL,b0a769dc-90d0-4ede-b4b6-6b6412a0e8ca,54.65357,-133.6389,14.82962,6.19654,-7.24238,-6.43453,1.22478,-4.31665,5.60886,,,,,,,,,,,,,,,,,,,,,,,,,,,,,,,,,,,,,,,,,,,,,,,,,,,High,High,High,,,,,,,,,,,,,,,,,,,,,,,,,,,,,,,,,,,,
184,2026-03-24,19:49:33.38,4,2,"Littleton, Bruce",838158,Left,SOU_GOL,"Parker, Jacob",815834,Left,MSU_BDG,Undefined,4,Bottom,1,0,1,Other,,BallCalled,Undefined,Undefined,Undefined,0,0,,,,,,,,,,,,,,,,,,,,,,,,,,,,,,,,,,,,,,,,,,MSU_BDG,SOU_GOL,MSST,D1,SEC,20260324-MSST-1,78f0a6a0-27e4-11f1-af58-35dac0914731,,,,,,,,,,,dd9a23d0-46ab-4e69-8731-b6ab313b6345,2026-03-25,00:49:33.38,2026-03-24T19:49:33.3899136-05:00,2026-03-25T00:49:33.3899136Z,,v3,5080,471449,f283d7f39aaf4b10983d124063eab2d6,"Stockman, Tucker",838152,Right,SOU_GOL,c7168677-2730-4d8d-8a92-c3509aef9ef4,,,,,,,,,,,,,,,,,,,,,,,,,,,,,,,,,,,,,,,,,,,,,,,,,,,,,,,,,,,,,,,,,,,,,,,,,,,,,,,,,,,,,,,,,,,,,,,,,,
185,2026-03-24,19:49:34.38,4,3,"Littleton, Bruce",838158,Left,SOU_GOL,"Parker, Jacob",815834,Left,MSU_BDG,Undefined,4,Bottom,1,1,1,Fastball,Four-Seam,FoulBallFieldable,Undefined,Undefined,Undefined,0,0,,91.07235,-3.453733,1.565981,2402.187339,156.992132,11:15,6.2407,-1.16766,6.07015,-14.81643,18.84521,-7.52426,1.80493,-0.3452,83.06048,-6.290062,0.211183,0.417579,,,,,,,,,,,,4.33859,11.05882,1.05035,50,5.96493,-3.29452,-132.0413,-8.37782,7.62996,29.13346,-12.72566,MSU_BDG,SOU_GOL,MSST,D1,SEC,20260324-MSST-1,7f391470-27e4-11f1-af58-35dac0914731,90.26411,,,8.01187,,,,,,,dd9a23d0-46ab-4e69-8731-b6ab313b6345,2026-03-25,00:49:34.38,2026-03-24T19:49:34.3899136-05:00,2026-03-25T00:49:34.3899136Z,,v3,5080,471449,f283d7f39aaf4b10983d124063eab2d6,"Stockman, Tucker",838152,Right,SOU_GOL,4fa4e8c3-4572-4094-8bcb-7c754c090779,54.42827,-133.01475,14.56673,6.23776,-7.95261,-6.36283,1.1647,-3.54947,3.81498,,,,,,,,,,,,,,,,,,,,,,,,,,,,,,,,,,,,,,,,,,,,,,,,,,,High,High,High,,,,,,,,,,,,,,,,,,,,,,,,,,,,,,,,,,,,
186,2026-03-24,19:50:03.33,4,4,"Littleton, Bruce",838158,Left,SOU_GOL,"Parker, Jacob",815834,Left,MSU_BDG,Undefined,4,Bottom,1,1,2,Slider,Slider,StrikeSwinging,Strikeout,Undefined,Undefined,0,0,,80.52818,-1.713521,1.044555,2716.677363,257.953298,2:30,5.80905,-1.61529,5.28142,-40.09817,4.18425,12.88973,0.85756,0.43994,73.98104,-8.997408,3.335771,0.478947,,,,,,,,,,,,-6.16859,3.01878,1.51019,50,5.62341,-2.65368,-116.80379,-4.88848,-8.48086,22.99121,-28.02369,MSU_BDG,SOU_GOL,MSST,D1,SEC,20260324-MSST-1,904517f0-27e4-11f1-af58-35dac0914731,78.69863,,,6.54714,,,,,,,dd9a23d0-46ab-4e69-8731-b6ab313b6345,2026-03-25,00:50:03.33,2026-03-24T19:50:03.3399808-05:00,2026-03-25T00:50:03.3399808Z,,v3,5080,471449,f283d7f39aaf4b10983d124063eab2d6,"Stockman, Tucker",838152,Right,SOU_GOL,062ac4f9-aca6-4b8c-922e-1d2e86e1fd06,55.21774,-117.82635,11.49561,5.81311,-3.64209,-14.01185,1.61982,-2.27648,-4.24043,,,,,,,,,,,,,,,,,,,,,,,,,,,,,,,,,,,,,,,,,,,,,,,,,,,High,High,High,,,,,,,,,,,,,,,,,,,,,,,,,,,,,,,,,,,,
187,2026-03-24,19:50:43.24,5,1,"Littleton, Bruce",838158,Left,SOU_GOL,"Milewski, Kevin",831000,Right,MSU_BDG,Undefined,4,Bottom,2,0,0,Fastball,Four-Seam,BallCalled,Undefined,Undefined,Undefined,0,0,,91.13371,-1.136272,1.033255,2235.988664,166.101032,11:30,6.24074,-1.23041,6.07354,-12.59701,21.40454,-4.98233,4.13928,-0.68942,81.71111,-3.623977,0.136195,0.419682,,,,,,,,,,,,2.88551,11.71827,1.15293,50,6.14594,-2.16386,-132.128,-2.89977,5.00468,33.10952,-11.84982,MSU_BDG,SOU_GOL,MSST,D1,SEC,20260324-MSST-1,a805b890-27e4-11f1-af58-35dac0914731,89.8118,,,9.42259,,,,,,,dd9a23d0-46ab-4e69-8731-b6ab313b6345,2026-03-25,00:50:43.24,2026-03-24T19:50:43.2495104-05:00,2026-03-25T00:50:43.2495104Z,,v3,5080,471449,f283d7f39aaf4b10983d124063eab2d6,"Stockman, Tucker",838152,Right,SOU_GOL,27fdd329-a3f4-40d5-a15d-29e5d7b68253,54.42056,-133.23113,16.55476,6.23597,-2.50497,-5.92491,1.2278,-2.33061,2.50234,,,,,,,,,,,,,,,,,,,,,,,,,,,,,,,,,,,,,,,,,,,,,,,,,,,High,High,High,,,,,,,,,,,,,,,,,,,,,,,,,,,,,,,,,,,,
188,2026-03-24,19:51:35.93,5,2,"Littleton, Bruce",838158,Left,SOU_GOL,"Milewski, Kevin",831000,Right,MSU_BDG,Undefined,4,Bottom,2,1,0,Fastball,Four-Seam,InPlay,Undefined,GroundBall,Out,1,0,,91.71412,-2.762444,0.827098,2368.52199,151.529517,11:00,6.26061,-1.20376,5.83095,-14.91158,18.7704,-9.53166,2.44789,-1.22918,83.01217,-5.622526,-0.88202,0.417706,71.89132,-8.274061,20.659714,,,,,14.78375,14.36036,24.168642,0.130855,5.14174,10.80788,1.14201,50,6.02642,-1.50278,-132.94868,-6.84343,9.09664,31.56974,-13.05296,MSU_BDG,SOU_GOL,MSST,D1,SEC,20260324-MSST-1,c7672b10-27e4-11f1-af58-35dac0914731,90.23685,2.3062,,8.70194,,,,0.94811,2.3062,1.19657,dd9a23d0-46ab-4e69-8731-b6ab313b6345,2026-03-25,00:51:35.93,2026-03-24T19:51:35.9373824-05:00,2026-03-25T00:51:35.9373824Z,GroundBall,v3,5080,471449,f283d7f39aaf4b10983d124063eab2d6,"Stockman, Tucker",838152,Right,SOU_GOL,a429b4bf-2074-4d31-ae18-0091a8636b44,54.66682,-134.05227,15.78487,6.25767,-6.38713,-6.52648,1.2001,-1.82077,4.54832,303.496854,0.94822,97.62146,-13.70888,,,,,,,2.30639,-15.19301,-18.60069,,,,,,,1.19647,36.8238,2.21088,,,,,,,,,,,,,,,,,,,,,,,,,,,,,High,High,High,High,High,,,,,,,,,,,,,,,,,,,,,,,,,,,,,,,,,,
189,2026-03-24,19:54:44.69,1,1,"Rhodes, Parker",1000218715,Right,MSU_BDG,"Stockman, Tucker",838152,Right,SOU_GOL,Undefined,5,Top,0,0,0,Fastball,Four-Seam,InPlay,Undefined,GroundBall,Single,0,0,,96.49358,-2.327284,-1.440092,2610.577931,217.540973,1:15,5.64189,0.9951,5.37645,-13.65261,17.7578,12.68158,2.3205,0.70156,85.96145,-4.960361,0.81403,0.403374,97.12682,-7.4888,-23.704314,,,,,16.73219,16.21,-24.674392,0.110527,-6.85945,10.07662,-0.87543,50,5.42437,2.87648,-139.54746,-6.10037,-13.17498,38.99993,-12.81982,MSU_BDG,SOU_GOL,MSST,D1,SEC,20260324-MSST-1,37ee6380-27e5-11f1-af58-35dac0914731,93.44283,2.33729,,10.53213,,,,1.28323,2.33729,-0.65325,dd9a23d0-46ab-4e69-8731-b6ab313b6345,2026-03-25,00:54:44.69,2026-03-24T19:54:44.6949376-05:00,2026-03-25T00:54:44.6949376Z,GroundBall,v3,5080,471449,f283d7f39aaf4b10983d124063eab2d6,"Milewski, Kevin",831000,Right,MSU_BDG,fe75464a-fe17-46fb-9e46-a0e1bbe24d95,55.11846,-140.97067,19.49996,5.63846,-5.63254,-6.40991,-0.98917,3.35728,-6.58749,56.589748,1.28354,129.28427,-30.18962,,,,,,,2.33759,-18.6021,-23.07162,,,,,,,-0.65303,-56.80584,-4.39075,,,,,,,,,,,,,,,,,,,,,,,,,,,,,High,High,High,Medium,High,,,,,,,,,,,,,,,,,,,,,,,,,,,,,,,,,,
190,2026-03-24,19:55:23.63,2,1,"Rhodes, Parker",1000218715,Right,MSU_BDG,"Smith, Seth",835337,Left,SOU_GOL,Undefined,5,Top,0,0,0,Cutter,Cutter,BallCalled,Undefined,Undefined,Undefined,0,0,,90.03324,-2.309357,-2.710596,2801.663937,167.858964,11:30,5.55344,1.30424,5.28466,-30.66828,4.96008,-0.80827,0.82547,-1.3105,82.10391,-7.905866,-2.853985,0.429605,,,,,,,,,,,,-0.40878,3.54736,-1.05639,50,5.32041,6.20808,-130.33717,-6.44474,-0.69803,29.29209,-26.11719,MSU_BDG,SOU_GOL,MSST,D1,SEC,20260324-MSST-1,4f27d2c0-27e5-11f1-af58-35dac0914731,87.73744,,,7.92933,,,,,,,dd9a23d0-46ab-4e69-8731-b6ab313b6345,2026-03-25,00:55:23.63,2026-03-24T19:55:23.6314624-05:00,2026-03-25T00:55:23.6314624Z,,v3,5080,471449,f283d7f39aaf4b10983d124063eab2d6,"Milewski, Kevin",831000,Right,MSU_BDG,9c5afeb2-3dd6-4d0d-8775-bf50a2f866d7,55.21235,-131.50338,14.64605,5.55629,-5.40493,-13.0586,-1.3041,6.23587,-0.34902,,,,,,,,,,,,,,,,,,,,,,,,,,,,,,,,,,,,,,,,,,,,,,,,,,,High,High,High,,,,,,,,,,,,,,,,,,,,,,,,,,,,,,,,,,,,
191,2026-03-24,19:55:39.82,2,2,"Rhodes, Parker",1000218715,Right,MSU_BDG,"Smith, Seth",835337,Left,SOU_GOL,Undefined,5,Top,0,1,0,Cutter,Slider,StrikeCalled,Undefined,Undefined,Undefined,0,0,,90.106,-0.897223,-1.901282,2871.164459,126.753841,10:15,5.58538,1.55472,5.1391,-33.31632,2.87417,-2.00752,1.96364,-0.40352,80.9054,-6.999692,-2.256683,0.432981,,,,,,,,,,,,0.34193,2.15689,-1.37493,50,5.47602,4.42348,-130.35619,-3.36736,0.57549,32.99719,-28.54398,MSU_BDG,SOU_GOL,MSST,D1,SEC,20260324-MSST-1,58cefbf0-27e5-11f1-af58-35dac0914731,87.05335,,,9.2006,,,,,,,dd9a23d0-46ab-4e69-8731-b6ab313b6345,2026-03-25,00:55:39.82,2026-03-24T19:55:39.8270464-05:00,2026-03-25T00:55:39.8270464Z,,v3,5080,471449,f283d7f39aaf4b10983d124063eab2d6,"Milewski, Kevin",831000,Right,MSU_BDG,6d36b389-39bf-4b34-a4d1-520fbf3073b7,55.35554,-131.70486,16.4986,5.58981,-2.2007,-14.27199,-1.55525,4.39996,0.28774,,,,,,,,,,,,,,,,,,,,,,,,,,,,,,,,,,,,,,,,,,,,,,,,,,,High,High,High,,,,,,,,,,,,,,,,,,,,,,,,,,,,,,,,,,,,
192,2026-03-24,19:55:57.13,2,3,"Rhodes, Parker",1000218715,Right,MSU_BDG,"Smith, Seth",835337,Left,SOU_GOL,Undefined,5,Top,0,1,1,Curveball,Curveball,StrikeCalled,Undefined,Undefined,Undefined,0,0,,83.82553,1.902361,-0.462274,2434.515377,34.96321,7:15,5.6508,1.30629,5.22517,-50.97928,-9.64524,-7.75969,3.19169,0.22505,75.84273,-7.363321,-1.839176,0.462728,,,,,,,,,,,,3.68264,-4.87882,-1.25779,50,5.78848,1.32622,-121.47703,2.05991,5.42201,27.05911,-39.35719,MSU_BDG,SOU_GOL,MSST,D1,SEC,20260324-MSST-1,63261430-27e5-11f1-af58-35dac0914731,81.45709,,,7.9828,,,,,,,dd9a23d0-46ab-4e69-8731-b6ab313b6345,2026-03-25,00:55:57.13,2026-03-24T19:55:57.1389952-05:00,2026-03-25T00:55:57.1389952Z,,v3,5080,471449,f283d7f39aaf4b10983d124063eab2d6,"Milewski, Kevin",831000,Right,MSU_BDG,23ae80b5-559f-45a7-ad5b-61f6e7ab5b1c,55.27321,-122.64602,13.52955,5.66277,3.76019,-19.6786,-1.31003,1.09198,2.711,,,,,,,,,,,,,,,,,,,,,,,,,,,,,,,,,,,,,,,,,,,,,,,,,,,High,High,High,,,,,,,,,,,,,,,,,,,,,,,,,,,,,,,,,,,,
193,2026-03-24,19:56:16.45,2,4,"Rhodes, Parker",1000218715,Right,MSU_BDG,"Smith, Seth",835337,Left,SOU_GOL,Undefined,5,Top,0,1,2,Curveball,Curveball,BallCalled,Undefined,Undefined,Undefined,0,0,,84.32677,0.123908,-0.135306,2494.552543,34.091075,7:15,5.6175,1.1161,5.31687,-55.20164,-14.34887,-10.7089,1.13365,0.09671,76.44249,-9.872012,-2.044224,0.460026,,,,,,,,,,,,5.30469,-6.76103,-1.0959,50,5.58888,0.75487,-122.28053,-1.86425,7.86407,28.80834,-42.19707,MSU_BDG,SOU_GOL,MSST,D1,SEC,20260324-MSST-1,6ea5a6e0-27e5-11f1-af58-35dac0914731,81.9355,,,7.88428,,,,,,,dd9a23d0-46ab-4e69-8731-b6ab313b6345,2026-03-25,00:56:16.45,2026-03-24T19:56:16.4549120-05:00,2026-03-25T00:56:16.4549120Z,,v3,5080,471449,f283d7f39aaf4b10983d124063eab2d6,"Milewski, Kevin",831000,Right,MSU_BDG,bdf2a90e-da95-4a8c-bbdd-dd9757d96015,55.18345,-123.49567,14.40417,5.62998,-0.08436,-21.09853,-1.12074,0.42316,3.93203,,,,,,,,,,,,,,,,,,,,,,,,,,,,,,,,,,,,,,,,,,,,,,,,,,,High,High,High,,,,,,,,,,,,,,,,,,,,,,,,,,,,,,,,,,,,
194,2026-03-24,19:56:36.85,2,5,"Rhodes, Parker",1000218715,Right,MSU_BDG,"Smith, Seth",835337,Left,SOU_GOL,Undefined,5,Top,0,2,2,Curveball,Curveball,StrikeSwinging,Strikeout,Undefined,Undefined,0,0,,84.21526,-0.681856,-0.968339,2633.88106,41.971135,7:30,5.61341,1.22675,5.06516,-55.10668,-13.6628,-13.64024,0.37814,-0.82308,76.42902,-10.592163,-3.388755,0.463342,,,,,,,,,,,,6.46607,-6.1639,-1.1234,50,5.50465,2.66146,-122.02548,-3.61674,9.52768,29.10407,-41.2565,MSU_BDG,SOU_GOL,MSST,D1,SEC,20260324-MSST-1,7aea3740-27e5-11f1-af58-35dac0914731,81.3491,,,7.78624,,,,,,,dd9a23d0-46ab-4e69-8731-b6ab313b6345,2026-03-25,00:56:36.85,2026-03-24T19:56:36.8517120-05:00,2026-03-25T00:56:36.8517120Z,,v3,5080,471449,f283d7f39aaf4b10983d124063eab2d6,"Milewski, Kevin",831000,Right,MSU_BDG,1be79265-e58f-4c52-87aa-b7cc35d87ee7,55.43563,-123.3151,14.55204,5.62441,-1.78863,-20.62825,-1.23198,2.23928,4.76384,,,,,,,,,,,,,,,,,,,,,,,,,,,,,,,,,,,,,,,,,,,,,,,,,,,High,High,High,,,,,,,,,,,,,,,,,,,,,,,,,,,,,,,,,,,,
195,2026-03-24,19:57:46.16,3,1,"Rhodes, Parker",1000218715,Right,MSU_BDG,"Tonsmeire Jr., William",1000477968,Right,SOU_GOL,Undefined,5,Top,1,0,0,Slider,Slider,BallCalled,Undefined,Undefined,Undefined,0,0,,88.45638,1.017656,-0.154546,2873.043627,78.703832,8:30,5.55025,1.43101,5.01027,-36.8349,0.16157,-5.14201,3.44132,0.85663,80.67174,-5.678869,-1.062976,0.437776,,,,,,,,,,,,2.48488,0.18697,-1.41189,50,5.61831,0.5898,-128.29868,0.7846,4.13136,27.17078,-31.86321,MSU_BDG,SOU_GOL,MSST,D1,SEC,20260324-MSST-1,a4241c20-27e5-11f1-af58-35dac0914731,86.0999,,,7.78464,,,,,,,dd9a23d0-46ab-4e69-8731-b6ab313b6345,2026-03-25,00:57:46.16,2026-03-24T19:57:46.1661696-05:00,2026-03-25T00:57:46.1661696Z,,v3,5080,471449,f283d7f39aaf4b10983d124063eab2d6,"Milewski, Kevin",831000,Right,MSU_BDG,a28e7da9-eef6-4452-814a-a55f1000471d,55.48737,-129.45557,13.58539,5.55602,2.14128,-15.9316,-1.43326,0.4139,2.06568,,,,,,,,,,,,,,,,,,,,,,,,,,,,,,,,,,,,,,,,,,,,,,,,,,,High,High,High,,,,,,,,,,,,,,,,,,,,,,,,,,,,,,,,,,,,
196,2026-03-24,19:58:02.50,3,2,"Rhodes, Parker",1000218715,Right,MSU_BDG,"Tonsmeire Jr., William",1000477968,Right,SOU_GOL,Undefined,5,Top,1,1,0,Slider,Slider,StrikeCalled,Undefined,Undefined,Undefined,0,0,,86.96042,0.450533,-0.751389,2903.582325,73.332188,8:30,5.56305,1.41177,5.08335,-38.89679,-0.74252,-6.5391,2.74637,0.15855,79.51056,-6.61315,-1.908448,0.444573,,,,,,,,,,,,3.02354,-0.10953,-1.3353,50,5.57514,1.9539,-126.17143,-0.54499,4.8618,26.26718,-32.35015,MSU_BDG,SOU_GOL,MSST,D1,SEC,20260324-MSST-1,ade053f0-27e5-11f1-af58-35dac0914731,84.78349,,,7.44986,,,,,,,dd9a23d0-46ab-4e69-8731-b6ab313b6345,2026-03-25,00:58:02.50,2026-03-24T19:58:02.5050112-05:00,2026-03-25T00:58:02.5050112Z,,v3,5080,471449,f283d7f39aaf4b10983d124063eab2d6,"Milewski, Kevin",831000,Right,MSU_BDG,91454262-1acc-497d-b547-498ec914dacb,55.41526,-127.29382,13.13359,5.56889,0.83732,-16.17507,-1.41435,1.74615,2.4309,,,,,,,,,,,,,,,,,,,,,,,,,,,,,,,,,,,,,,,,,,,,,,,,,,,High,High,High,,,,,,,,,,,,,,,,,,,,,,,,,,,,,,,,,,,,
197,2026-03-24,19:58:20.95,3,3,"Rhodes, Parker",1000218715,Right,MSU_BDG,"Tonsmeire Jr., William",1000477968,Right,SOU_GOL,Undefined,5,Top,1,1,1,Slider,Slider,FoulBallFieldable,Undefined,Undefined,Undefined,0,0,,88.35382,0.50161,-0.92957,2812.140218,77.765956,8:30,5.57058,1.41669,4.91827,-37.66837,0.00606,-6.20674,2.90589,0.0205,79.72786,-6.351818,-2.024237,0.441768,,,,,,,,,,,,2.73193,0.29638,-1.32068,50,5.58856,2.37662,-127.93443,-0.42443,4.45985,30.08724,-31.69024,MSU_BDG,SOU_GOL,MSST,D1,SEC,20260324-MSST-1,b8d9edc0-27e5-11f1-af58-35dac0914731,85.32172,,,8.62596,,,,,,,dd9a23d0-46ab-4e69-8731-b6ab313b6345,2026-03-25,00:58:20.95,2026-03-24T19:58:20.9566720-05:00,2026-03-25T00:58:20.9566720Z,,v3,5080,471449,f283d7f39aaf4b10983d124063eab2d6,"Milewski, Kevin",831000,Right,MSU_BDG,d3dbd11c-7485-4447-a360-8df811952f3c,55.57701,-129.23936,15.04362,5.57716,0.95002,-15.84512,-1.41956,2.18319,2.22992,,,,,,,,,,,,,,,,,,,,,,,,,,,,,,,,,,,,,,,,,,,,,,,,,,,High,High,High,,,,,,,,,,,,,,,,,,,,,,,,,,,,,,,,,,,,
198,2026-03-24,19:58:38.57,3,4,"Rhodes, Parker",1000218715,Right,MSU_BDG,"Tonsmeire Jr., William",1000477968,Right,SOU_GOL,Undefined,5,Top,1,1,2,Curveball,Curveball,BallCalled,Undefined,Undefined,Undefined,0,0,,85.30307,-0.126675,0.017378,2578.641377,46.728407,7:30,5.66152,1.1601,5.2953,-52.07869,-12.13631,-14.4167,1.20269,-0.02498,77.31708,-9.560091,-2.550511,0.454871,,,,,,,,,,,,7.19937,-5.5702,-1.15089,50,5.61216,0.59945,-123.68754,-2.30257,10.92578,29.35399,-40.6274,MSU_BDG,SOU_GOL,MSST,D1,SEC,20260324-MSST-1,c35fb720-27e5-11f1-af58-35dac0914731,82.864,,,7.98598,,,,,,,dd9a23d0-46ab-4e69-8731-b6ab313b6345,2026-03-25,00:58:38.57,2026-03-24T19:58:38.5742848-05:00,2026-03-25T00:58:38.5742848Z,,v3,5080,471449,f283d7f39aaf4b10983d124063eab2d6,"Milewski, Kevin",831000,Right,MSU_BDG,aafdc7ca-9dd3-4577-874b-aabc2b748164,55.20466,-124.91662,14.677,5.67296,-0.60146,-20.3137,-1.16641,0.14197,5.46289,,,,,,,,,,,,,,,,,,,,,,,,,,,,,,,,,,,,,,,,,,,,,,,,,,,High,High,High,,,,,,,,,,,,,,,,,,,,,,,,,,,,,,,,,,,,
199,2026-03-24,19:58:56.28,3,5,"Rhodes, Parker",1000218715,Right,MSU_BDG,"Tonsmeire Jr., William",1000477968,Right,SOU_GOL,Undefined,5,Top,1,2,2,Slider,Slider,FoulBallFieldable,Undefined,Undefined,Undefined,0,0,,88.16498,-0.001714,-1.032832,2875.314623,84.532488,8:45,5.59246,1.38777,4.88184,-36.79632,0.70398,-5.47055,2.52448,-0.04539,80.41753,-6.668786,-1.997213,0.440746,69.8116,23.257664,161.426514,4244.166601,-105.65019,13.28753,30.62722,143.54522,48.16287,164.574388,1.77438,2.34658,0.83181,-1.28177,50,5.56192,2.57367,-127.78469,-1.53119,3.86555,27.24659,-30.80381,MSU_BDG,SOU_GOL,MSST,D1,SEC,20260324-MSST-1,cde95110-27e5-11f1-af58-35dac0914731,85.51957,18.1358,,7.74744,,,,0.3817,2.35593,0.04005,dd9a23d0-46ab-4e69-8731-b6ab313b6345,2026-03-25,00:58:56.28,2026-03-24T19:58:56.2897920-05:00,2026-03-25T00:58:56.2897920Z,LineDrive,v3,5080,471449,f283d7f39aaf4b10983d124063eab2d6,"Milewski, Kevin",831000,Right,MSU_BDG,983e9b3b-7b2c-48ea-82ec-449ec058c399,55.613,-128.97595,13.62329,5.59943,-0.1844,-15.4019,-1.39059,2.40467,1.93278,338.017352,0.38169,-89.16933,5.25476,0.87989,-0.46613,0.31408,-0.17,0.05966,-0.00914,2.35593,40.43034,-28.49691,3.80369,-0.77184,0.1275,-0.00208,-0.00414,0.0008,0.04005,29.96272,-5.80851,0.779,-0.07574,-0.08209,0.06996,-0.02695,0.00423,,,,,,,,,,,,,,,,,,,,,,,High,High,High,High,Low,,,,,,,,,,,,,,,,,,,,,,,,,,,,,,,,,,
200,2026-03-24,19:59:18.85,3,6,"Rhodes, Parker",1000218715,Right,MSU_BDG,"Tonsmeire Jr., William",1000477968,Right,SOU_GOL,Undefined,5,Top,1,2,2,Curveball,Curveball,StrikeCalled,Strikeout,Undefined,Undefined,0,0,,84.72869,0.727534,0.130418,2596.683012,42.284123,7:30,5.59684,1.02577,5.27209,-54.17672,-13.78079,-13.82217,1.76553,-0.00357,76.9083,-9.084178,-2.329241,0.457446,,,,,,,,,,,,6.90815,-6.62052,-1.02734,50,5.62372,0.33346,-122.89038,-0.56177,10.38437,28.22108,-42.12604,MSU_BDG,SOU_GOL,MSST,D1,SEC,20260324-MSST-1,db757ca0-27e5-11f1-af58-35dac0914731,82.39752,,,7.82039,,,,,,,dd9a23d0-46ab-4e69-8731-b6ab313b6345,2026-03-25,00:59:18.85,2026-03-24T19:59:18.8546048-05:00,2026-03-25T00:59:18.8546048Z,,v3,5080,471449,f283d7f39aaf4b10983d124063eab2d6,"Milewski, Kevin",831000,Right,MSU_BDG,50eb7de9-e851-49b4-9214-9240b74965a3,55.22843,-124.08525,14.11054,5.60974,1.22183,-21.06302,-1.03215,-0.10621,5.19219,,,,,,,,,,,,,,,,,,,,,,,,,,,,,,,,,,,,,,,,,,,,,,,,,,,High,High,High,,,,,,,,,,,,,,,,,,,,,,,,,,,,,,,,,,,,
201,2026-03-24,19:59:52.46,4,1,"Rhodes, Parker",1000218715,Right,MSU_BDG,"Urban, Joseph",1000116546,Right,SOU_GOL,Undefined,5,Top,2,0,0,Curveball,Slider,StrikeCalled,Undefined,Undefined,Undefined,0,0,,88.39895,-0.540593,-1.315126,2688.551088,35.225296,7:15,5.56149,1.30812,5.09317,-41.24817,-4.09937,-3.77551,1.61452,-0.24613,80.56302,-8.008575,-1.983849,0.438676,,,,,,,,,,,,1.47413,-1.4948,-1.18075,50,5.47801,3.11698,-128.1641,-2.87887,2.42935,28.76984,-34.63742,MSU_BDG,SOU_GOL,MSST,D1,SEC,20260324-MSST-1,ef65db60-27e5-11f1-af58-35dac0914731,85.92318,,,7.83593,,,,,,,dd9a23d0-46ab-4e69-8731-b6ab313b6345,2026-03-25,00:59:52.46,2026-03-24T19:59:52.4628992-05:00,2026-03-25T00:59:52.4628992Z,,v3,5080,471449,f283d7f39aaf4b10983d124063eab2d6,"Milewski, Kevin",831000,Right,MSU_BDG,e291f9f6-c501-4740-b76b-5f3738e441de,55.4055,-129.37182,14.38492,5.56834,-1.42485,-17.31871,-1.30946,3.015,1.21468,,,,,,,,,,,,,,,,,,,,,,,,,,,,,,,,,,,,,,,,,,,,,,,,,,,High,High,High,,,,,,,,,,,,,,,,,,,,,,,,,,,,,,,,,,,,
202,2026-03-24,20:00:10.23,4,2,"Rhodes, Parker",1000218715,Right,MSU_BDG,"Urban, Joseph",1000116546,Right,SOU_GOL,Undefined,5,Top,2,0,1,Curveball,Curveball,StrikeSwinging,Undefined,Undefined,Undefined,0,0,,84.15331,-0.211796,-0.563001,2559.01421,33.609863,7:00,5.59829,1.23399,5.15549,-54.2718,-13.1706,-9.70134,0.87626,-0.10445,76.6479,-9.997706,-2.286974,0.461422,,,,,,,,,,,,4.65217,-6.07666,-1.17365,50,5.53665,1.6233,-122.04311,-2.5671,6.90226,27.66734,-41.18976,MSU_BDG,SOU_GOL,MSST,D1,SEC,20260324-MSST-1,f9ff2cc0-27e5-11f1-af58-35dac0914731,81.68749,,,7.50541,,,,,,,dd9a23d0-46ab-4e69-8731-b6ab313b6345,2026-03-25,01:00:10.23,2026-03-24T20:00:10.2359552-05:00,2026-03-25T01:00:10.2359552Z,,v3,5080,471449,f283d7f39aaf4b10983d124063eab2d6,"Milewski, Kevin",831000,Right,MSU_BDG,ca3f1ab4-9e5f-4e59-bd28-b414a3c858e0,55.34537,-123.24896,13.83367,5.60942,-0.7719,-20.59488,-1.23784,1.32248,3.45113,,,,,,,,,,,,,,,,,,,,,,,,,,,,,,,,,,,,,,,,,,,,,,,,,,,High,High,High,,,,,,,,,,,,,,,,,,,,,,,,,,,,,,,,,,,,
203,2026-03-24,20:00:32.01,4,3,"Rhodes, Parker",1000218715,Right,MSU_BDG,"Urban, Joseph",1000116546,Right,SOU_GOL,Undefined,5,Top,2,0,2,Curveball,Curveball,BallCalled,Undefined,Undefined,Undefined,0,0,,84.01787,0.656249,1.220409,2526.00371,27.133517,7:00,5.63013,0.95757,5.05676,-62.79834,-21.03974,-11.5826,1.01599,1.14344,75.88923,-10.643994,-0.835972,0.465098,,,,,,,,,,,,6.15792,-10.16064,-1.06409,50,5.64243,-2.07406,-121.73234,-1.13291,9.00209,29.63594,-47.02767,MSU_BDG,SOU_GOL,MSST,D1,SEC,20260324-MSST-1,0700f2a0-27e6-11f1-af58-35dac0914731,81.04196,,,8.12864,,,,,,,dd9a23d0-46ab-4e69-8731-b6ab313b6345,2026-03-25,01:00:32.01,2026-03-24T20:00:32.0195072-05:00,2026-03-25T01:00:32.0195072Z,,v3,5080,471449,f283d7f39aaf4b10983d124063eab2d6,"Milewski, Kevin",831000,Right,MSU_BDG,2ffd8687-7205-4615-b730-89b4a0bfc424,55.44505,-123.0508,14.81797,5.6463,0.95929,-23.51384,-0.96291,-2.47455,4.50105,,,,,,,,,,,,,,,,,,,,,,,,,,,,,,,,,,,,,,,,,,,,,,,,,,,High,High,High,,,,,,,,,,,,,,,,,,,,,,,,,,,,,,,,,,,,
204,2026-03-24,20:00:49.67,4,4,"Rhodes, Parker",1000218715,Right,MSU_BDG,"Urban, Joseph",1000116546,Right,SOU_GOL,Undefined,5,Top,2,1,2,Curveball,Curveball,BallCalled,Undefined,Undefined,Undefined,0,0,,84.41971,-0.270091,0.009993,2555.178434,41.638756,7:30,5.63787,1.16698,5.17697,-53.34589,-12.43028,-12.34831,0.93823,0.14736,76.66346,-9.903644,-2.185644,0.46038,,,,,,,,,,,,6.14595,-5.64929,-1.15819,50,5.57213,0.52326,-122.39691,-2.66236,9.14654,28.4291,-40.58145,MSU_BDG,SOU_GOL,MSST,D1,SEC,20260324-MSST-1,117fb720-27e6-11f1-af58-35dac0914731,81.87253,,,7.75625,,,,,,,dd9a23d0-46ab-4e69-8731-b6ab313b6345,2026-03-25,01:00:49.67,2026-03-24T20:00:49.6754176-05:00,2026-03-25T01:00:49.6754176Z,,v3,5080,471449,f283d7f39aaf4b10983d124063eab2d6,"Milewski, Kevin",831000,Right,MSU_BDG,642d2cd9-1e75-4f70-81a5-15ecf1533392,55.32319,-123.62714,14.21455,5.64934,-0.90625,-20.29073,-1.17227,0.12745,4.57327,,,,,,,,,,,,,,,,,,,,,,,,,,,,,,,,,,,,,,,,,,,,,,,,,,,High,High,High,,,,,,,,,,,,,,,,,,,,,,,,,,,,,,,,,,,,
205,2026-03-24,20:01:09.56,4,5,"Rhodes, Parker",1000218715,Right,MSU_BDG,"Urban, Joseph",1000116546,Right,SOU_GOL,Undefined,5,Top,2,2,2,Curveball,Curveball,StrikeCalled,Strikeout,Undefined,Undefined,0,0,,84.24699,0.765016,0.643226,2639.746523,56.926332,8:00,5.71112,1.12954,5.10178,-49.53333,-8.68485,-15.42647,2.30429,0.45013,76.81838,-8.194187,-2.090909,0.460002,,,,,,,,,,,,7.82808,-4.09473,-1.17775,50,5.74455,-0.68507,-122.21865,-0.30898,11.72992,26.18783,-38.30974,MSU_BDG,SOU_GOL,MSST,D1,SEC,20260324-MSST-1,1d5ef600-27e6-11f1-af58-35dac0914731,81.9398,,,7.42861,,,,,,,dd9a23d0-46ab-4e69-8731-b6ab313b6345,2026-03-25,01:01:09.56,2026-03-24T20:01:09.5650000-05:00,2026-03-25T01:01:09.5650000Z,,v3,5080,471449,f283d7f39aaf4b10983d124063eab2d6,"Milewski, Kevin",831000,Right,MSU_BDG,a87b927a-6802-477f-b978-60df74f1a3f6,55.39873,-123.37001,13.09392,5.72111,1.37533,-19.15487,-1.13629,-1.20078,5.86496,,,,,,,,,,,,,,,,,,,,,,,,,,,,,55.60376,,,1.23877,,,,-4.54146,4.55774,3.80443,66.03274,2.28766,58.753,-4.49572,64.0115,-5.8455,4.58634,15.90682,-14.43474,3.81546,46.85464,-2.05516,High,High,High,,,High,High,Medium,,,,,,,,,,,,,,,,,,,,,,,,,,,,,,,
206,2026-03-24,20:04:07.96,1,1,"Mitchell, Samuel",10122342,Right,SOU_GOL,"Chance, Bryce",820842,Right,MSU_BDG,Undefined,5,Bottom,0,0,0,Curveball,Curveball,StrikeCalled,Undefined,Undefined,Undefined,0,0,,78.84389,0.802287,-0.864848,2717.302575,37.667025,7:15,6.03794,1.44546,5.27617,-61.29334,-14.31292,-12.39138,1.68383,-0.39951,71.35303,-10.300286,-3.070707,0.493321,,,,,,,,,,,,5.8567,-6.84052,-1.35722,50,6.06659,2.23684,-114.26282,-0.62099,7.55419,25.83586,-40.99719,MSU_BDG,SOU_GOL,MSST,D1,SEC,20260324-MSST-1,87bc6c30-27e6-11f1-af58-35dac0914731,76.40546,,,7.49086,,,,,,,dd9a23d0-46ab-4e69-8731-b6ab313b6345,2026-03-25,01:04:07.96,2026-03-24T20:04:07.9665152-05:00,2026-03-25T01:04:07.9665152Z,,v3,5080,471449,f283d7f39aaf4b10983d124063eab2d6,"Stockman, Tucker",838152,Right,SOU_GOL,e0c98f86-328b-423f-8619-de6c62232385,55.22389,-115.43794,12.91793,6.05242,1.24374,-20.49859,-1.45115,1.89324,3.7771,,,,,,,,,,,,,,,,,,,,,,,,,,,,,,,,,,,,,,,,,,,,,,,,,,,High,High,High,,,,,,,,,,,,,,,,,,,,,,,,,,,,,,,,,,,,
207,2026-03-24,20:04:20.47,1,2,"Mitchell, Samuel",10122342,Right,SOU_GOL,"Chance, Bryce",820842,Right,MSU_BDG,Undefined,5,Bottom,0,0,1,Curveball,Curveball,BallCalled,Undefined,Undefined,Undefined,0,0,,80.18377,1.507993,-1.453666,2669.529343,47.219166,7:30,6.05562,1.60178,5.27448,-55.97381,-10.85209,-13.42174,2.80832,-0.88236,72.82479,-8.647128,-3.836988,0.483464,,,,,,,,,,,,6.19426,-5.36835,-1.45895,50,6.15259,3.51253,-116.22652,1.01022,8.33726,25.04063,-39.39964,MSU_BDG,SOU_GOL,MSST,D1,SEC,20260324-MSST-1,8f2c1bf0-27e6-11f1-af58-35dac0914731,77.96328,,,7.35899,,,,,,,dd9a23d0-46ab-4e69-8731-b6ab313b6345,2026-03-25,01:04:20.47,2026-03-24T20:04:20.4715520-05:00,2026-03-25T01:04:20.4715520Z,,v3,5080,471449,f283d7f39aaf4b10983d124063eab2d6,"Stockman, Tucker",838152,Right,SOU_GOL,94f9e984-ae9f-414b-85cc-1e387ca18179,55.22555,-117.34694,12.52032,6.06795,2.77313,-19.69982,-1.60777,3.13948,4.16863,,,,,,,,,,,,,,,,,,,,,,,,,,,,,,,,,,,,,,,,,,,,,,,,,,,High,High,High,,,,,,,,,,,,,,,,,,,,,,,,,,,,,,,,,,,,
208,2026-03-24,20:04:33.36,1,3,"Mitchell, Samuel",10122342,Right,SOU_GOL,"Chance, Bryce",820842,Right,MSU_BDG,Undefined,5,Bottom,0,1,1,Curveball,Curveball,StrikeCalled,Undefined,Undefined,Undefined,0,0,,79.07057,2.887424,-0.470562,2725.961592,24.924881,6:45,6.03085,1.76603,5.081,-64.87334,-18.16832,-9.19607,3.34893,0.55612,71.77073,-8.822287,-2.098919,0.491873,,,,,,,,,,,,4.37492,-9.33445,-1.714,50,6.25339,1.33166,-114.57395,3.3336,5.73058,24.05127,-44.40095,MSU_BDG,SOU_GOL,MSST,D1,SEC,20260324-MSST-1,96f9f140-27e6-11f1-af58-35dac0914731,76.63036,,,7.29984,,,,,,,dd9a23d0-46ab-4e69-8731-b6ab313b6345,2026-03-25,01:04:33.36,2026-03-24T20:04:33.3697536-05:00,2026-03-25T01:04:33.3697536Z,,v3,5080,471449,f283d7f39aaf4b10983d124063eab2d6,"Stockman, Tucker",838152,Right,SOU_GOL,5e85108a-ae6c-4fa6-8164-6210a39792e1,55.42141,-115.70641,12.02563,6.0472,5.42423,-22.20048,-1.77035,1.06184,2.86529,,,,,,,,,,,,,,,,,,,,,,,,,,,,,,,,,,,,,,,,,,,,,,,,,,,High,High,High,,,,,,,,,,,,,,,,,,,,,,,,,,,,,,,,,,,,
209,2026-03-24,20:04:49.85,1,4,"Mitchell, Samuel",10122342,Right,SOU_GOL,"Chance, Bryce",820842,Right,MSU_BDG,Undefined,5,Bottom,0,1,2,Fastball,Four-Seam,InPlay,Undefined,GroundBall,Single,0,0,,91.27289,-2.83922,-1.839526,2465.721424,208.249344,1:00,6.18538,1.31257,5.91954,-14.65635,19.00107,9.60957,2.3257,0.40569,83.21946,-5.644336,-0.114576,0.417553,96.87729,0.968021,-24.836684,2401.347789,,,,51.79313,46.85381,-25.637186,0.377603,-5.46272,10.89568,-1.17075,50,5.94951,3.83949,-132.37099,-6.98158,-9.66217,29.0828,-12.90237,MSU_BDG,SOU_GOL,MSST,D1,SEC,20260324-MSST-1,a0a0cc50-27e6-11f1-af58-35dac0914731,90.26978,2.33176,,8.05343,,,,0.96513,2.27021,-0.2922,dd9a23d0-46ab-4e69-8731-b6ab313b6345,2026-03-25,01:04:49.85,2026-03-24T20:04:49.8575872-05:00,2026-03-25T01:04:49.8575872Z,GroundBall,v3,5080,471449,f283d7f39aaf4b10983d124063eab2d6,"Stockman, Tucker",838152,Right,SOU_GOL,acb51e60-5516-4ebf-9049-0228568817c5,54.57903,-133.37324,14.5414,6.18244,-6.53694,-6.45118,-1.30881,4.17247,-4.83108,46.312422,0.97304,128.64628,-20.08367,,,,,,,2.27806,2.12198,-21.64931,,,,,,,-0.29133,-59.70421,2.98497,,,,,,,,,,,,,,,,,,,,,,,,,,,,,High,High,High,Medium,Medium,,,,,,,,,,,,,,,,,,,,,,,,,,,,,,,,,,
210,2026-03-24,20:05:34.38,2,1,"Mitchell, Samuel",10122342,Right,SOU_GOL,"Teel, Aidan",813359,Left,MSU_BDG,Undefined,5,Bottom,0,0,0,Fastball,Four-Seam,BallCalled,Undefined,Undefined,Undefined,0,0,,89.00157,-0.76072,-2.048324,2303.072866,189.943717,12:15,6.0351,1.78934,5.89132,-17.1093,18.46292,3.02323,3.90251,0.13861,80.61352,-4.036074,-1.506295,0.429266,,,,,,,,,,,,-2.15106,10.00737,-1.62594,50,5.96392,4.48491,-129.07681,-2.19614,-3.59927,28.92545,-15.42937,MSU_BDG,SOU_GOL,MSST,D1,SEC,20260324-MSST-1,bb3dd8f0-27e6-11f1-af58-35dac0914731,87.80663,,,8.38805,,,,,,,dd9a23d0-46ab-4e69-8731-b6ab313b6345,2026-03-25,01:05:34.38,2026-03-24T20:05:34.3835136-05:00,2026-03-25T01:05:34.3835136Z,,v3,5080,471449,f283d7f39aaf4b10983d124063eab2d6,"Stockman, Tucker",838152,Right,SOU_GOL,3b718a84-88bb-424d-b38c-56ee4362ff00,54.60388,-130.10442,14.46272,6.0322,-1.64799,-7.71468,-1.78754,4.61278,-1.79964,,,,,,,,,,,,,,,,,,,,,,,,,,,,,,,,,,,,,,,,,,,,,,,,,,,High,High,High,,,,,,,,,,,,,,,,,,,,,,,,,,,,,,,,,,,,
211,2026-03-24,20:05:52.82,2,2,"Mitchell, Samuel",10122342,Right,SOU_GOL,"Teel, Aidan",813359,Left,MSU_BDG,Undefined,5,Bottom,0,1,0,Curveball,Curveball,InPlay,Undefined,LineDrive,Single,0,0,,79.85475,2.781726,-1.068149,2710.418519,20.018942,6:45,5.96904,1.86375,5.21933,-62.54003,-16.85422,-6.73126,3.37532,0.2984,72.26069,-8.547435,-2.262485,0.486477,94.35122,13.829062,-21.415156,2476.929165,99.12301,17.89811,-47.69153,214.04441,214.04441,-29.173706,2.047243,2.99634,-8.81237,-1.75991,50,6.17885,2.43823,-115.68388,3.30449,3.98949,25.09925,-43.90735,MSU_BDG,SOU_GOL,MSST,D1,SEC,20260324-MSST-1,c6363a40-27e6-11f1-af58-35dac0914731,77.48045,17.89648,,7.59407,,,,-0.06358,3.11828,-0.23056,dd9a23d0-46ab-4e69-8731-b6ab313b6345,2026-03-25,01:05:52.82,2026-03-24T20:05:52.8288768-05:00,2026-03-25T01:05:52.8288768Z,LineDrive,v3,5080,471449,f283d7f39aaf4b10983d124063eab2d6,"Stockman, Tucker",838152,Right,SOU_GOL,e5053886-7cc4-4f5b-9503-01a5290c8bb3,55.28235,-116.82434,12.54962,5.98337,5.29955,-21.95368,-1.86658,2.25695,1.99474,98.58733,-0.06358,125.09329,-23.27172,4.82108,-0.98672,0.16226,-0.02595,0.00337,-0.00023,3.11828,33.07679,-20.18061,2.09865,-0.33456,0.05661,-0.0072,0.00095,-0.00011,-0.23056,-49.06178,-4.49286,3.18001,-1.10058,0.29754,-0.06469,0.00995,-0.00073,,,,,,,,,,,,,,,,,,,,,,,High,High,High,High,High,,,,,,,,,,,,,,,,,,,,,,,,,,,,,,,,,,
212,2026-03-24,20:07:01.15,3,1,"Mitchell, Samuel",10122342,Right,SOU_GOL,"Reese, Ace",814505,Left,MSU_BDG,Undefined,5,Bottom,0,0,0,Curveball,Curveball,StrikeCalled,Undefined,Undefined,Undefined,0,0,,80.04497,1.35805,-1.351588,2636.377771,21.820381,6:45,5.84432,1.95506,5.34424,-61.07208,-16.02375,-7.03103,2.02949,0.10106,72.96591,-9.699543,-2.60374,0.483071,,,,,,,,,,,,3.07914,-7.95233,-1.82811,50,5.92309,3.02927,-116.11235,0.52129,4.1429,24.67164,-42.87374,MSU_BDG,SOU_GOL,MSST,D1,SEC,20260324-MSST-1,eefbb270-27e6-11f1-af58-35dac0914731,78.02674,,,7.07906,,,,,,,dd9a23d0-46ab-4e69-8731-b6ab313b6345,2026-03-25,01:07:01.15,2026-03-24T20:07:01.1511296-05:00,2026-03-25T01:07:01.1511296Z,,v3,5080,471449,f283d7f39aaf4b10983d124063eab2d6,"Stockman, Tucker",838152,Right,SOU_GOL,0feb3537-c4cb-42c8-b198-8446d213771a,55.15765,-117.20313,12.33582,5.85815,2.41681,-21.43687,-1.95799,2.8461,2.07145,,,,,,,,,,,,,,,,,,,,,,,,,,,,,,,,,,,,,,,,,,,,,,,,,,,High,High,High,,,,,,,,,,,,,,,,,,,,,,,,,,,,,,,,,,,,
213,2026-03-24,20:07:20.42,3,2,"Mitchell, Samuel",10122342,Right,SOU_GOL,"Reese, Ace",814505,Left,MSU_BDG,Undefined,5,Bottom,0,0,1,Fastball,Four-Seam,BallCalled,Undefined,Undefined,Undefined,0,0,,89.45787,0.149664,-1.479636,2499.027346,202.230994,12:45,6.04387,1.71653,5.82907,-17.78316,17.37591,6.62693,4.70111,0.89302,81.19561,-3.239603,-0.292242,0.426766,,,,,,,,,,,,-3.79673,9.15591,-1.59954,50,6.04565,3.06447,-129.8314,-0.18667,-6.44654,28.51271,-16.6281,MSU_BDG,SOU_GOL,MSST,D1,SEC,20260324-MSST-1,fa6461c0-27e6-11f1-af58-35dac0914731,88.321,,,8.26226,,,,,,,dd9a23d0-46ab-4e69-8731-b6ab313b6345,2026-03-25,01:07:20.42,2026-03-24T20:07:20.4232192-05:00,2026-03-25T01:07:20.4232192Z,,v3,5080,471449,f283d7f39aaf4b10983d124063eab2d6,"Stockman, Tucker",838152,Right,SOU_GOL,f7447f73-6186-416d-aa18-e93b3f4f9e33,54.6673,-130.85239,14.25636,6.04167,0.40875,-8.31405,-1.7134,3.29531,-3.22327,,,,,,,,,,,,,,,,,,,,,,,,,,,,,,,,,,,,,,,,,,,,,,,,,,,High,High,High,,,,,,,,,,,,,,,,,,,,,,,,,,,,,,,,,,,,
214,2026-03-24,20:07:41.32,3,3,"Mitchell, Samuel",10122342,Right,SOU_GOL,"Reese, Ace",814505,Left,MSU_BDG,Undefined,5,Bottom,0,1,1,Curveball,Curveball,StrikeSwinging,Undefined,Undefined,Undefined,0,0,,78.42328,-0.640735,-2.608164,2689.755004,19.496172,6:45,5.92533,2.19762,5.17889,-66.61771,-19.05863,-7.33622,-0.22967,-0.86952,71.77223,-12.575584,-3.913106,0.49635,,,,,,,,,,,,2.80335,-8.94855,-1.94903,50,5.81433,5.46764,-113.6331,-3.66665,3.58702,24.97546,-43.62418,MSU_BDG,SOU_GOL,MSST,D1,SEC,20260324-MSST-1,06e5fb20-27e7-11f1-af58-35dac0914731,75.93923,,,6.65104,,,,,,,dd9a23d0-46ab-4e69-8731-b6ab313b6345,2026-03-25,01:07:41.32,2026-03-24T20:07:41.3218304-05:00,2026-03-25T01:07:41.3218304Z,,v3,5080,471449,f283d7f39aaf4b10983d124063eab2d6,"Stockman, Tucker",838152,Right,SOU_GOL,02d271ac-0152-4825-b992-4e037a099804,55.32442,-114.79739,12.48773,5.93785,-1.633,-21.81209,-2.20002,5.30042,1.79351,,,,,,,,,,,,,,,,,,,,,,,,,,,,,,,,,,,,,,,,,,,,,,,,,,,High,High,High,,,,,,,,,,,,,,,,,,,,,,,,,,,,,,,,,,,,
215,2026-03-24,20:08:07.15,3,4,"Mitchell, Samuel",10122342,Right,SOU_GOL,"Reese, Ace",814505,Left,MSU_BDG,Undefined,5,Bottom,0,1,2,Curveball,Curveball,InPlay,Undefined,GroundBall,Out,1,0,,81.0542,1.849083,0.202647,2618.598158,22.386822,6:45,5.94197,1.81846,5.26311,-56.22716,-12.08434,-5.61705,2.99413,1.54075,73.45991,-8.360765,-0.795668,0.478191,,,,,,,,,,,,2.87839,-6.21654,-1.83265,50,6.06941,-0.18163,-117.51375,1.72246,3.96152,25.54449,-40.72994,MSU_BDG,SOU_GOL,MSST,D1,SEC,20260324-MSST-1,16464a70-27e7-11f1-af58-35dac0914731,78.82298,,,7.59428,,,,,,,dd9a23d0-46ab-4e69-8731-b6ab313b6345,2026-03-25,01:08:07.15,2026-03-24T20:08:07.1565824-05:00,2026-03-25T01:08:07.1565824Z,,v3,5080,471449,f283d7f39aaf4b10983d124063eab2d6,"Stockman, Tucker",838152,Right,SOU_GOL,6ad57f26-ef48-41c6-9cc6-a3f82bc092e8,55.23762,-118.64681,12.77225,5.95294,3.52909,-20.36497,-1.8207,-0.35735,1.98076,,,,,,,,,,,,,,,,,,,,,,,,,,,,,,,,,,,,,,,,,,,,,,,,,,,High,High,High,,,,,,,,,,,,,,,,,,,,,,,,,,,,,,,,,,,,
216,2026-03-24,20:08:52.93,4,1,"Mitchell, Samuel",10122342,Right,SOU_GOL,"Sullivan, Noah",813559,Right,MSU_BDG,Undefined,5,Bottom,1,0,0,Curveball,Curveball,StrikeCalled,Undefined,Undefined,Undefined,0,0,,82.48451,0.826138,-2.301491,2651.631401,15.153917,6:30,6.08971,1.71765,5.50993,-51.12896,-8.89481,-2.80666,2.60221,-0.66964,74.92322,-8.493044,-2.801958,0.467739,,,,,,,,,,,,0.67024,-4.25355,-1.51493,50,6.12782,4.9228,-119.56451,-0.13296,0.95612,26.18715,-38.24171,MSU_BDG,SOU_GOL,MSST,D1,SEC,20260324-MSST-1,31d3f8a0-27e7-11f1-af58-35dac0914731,80.58438,,,7.56129,,,,,,,dd9a23d0-46ab-4e69-8731-b6ab313b6345,2026-03-25,01:08:52.93,2026-03-24T20:08:52.9363968-05:00,2026-03-25T01:08:52.9363968Z,,v3,5080,471449,f283d7f39aaf4b10983d124063eab2d6,"Stockman, Tucker",838152,Right,SOU_GOL,86b27ed8-713c-4eed-8f3b-1f3c9e83a021,54.98899,-120.65225,13.09357,6.10035,1.4555,-19.12085,-1.71858,4.88308,0.47806,,,,,,,,,,,,,,,,,,,,,,,,,,,,,,,,,,,,,,,,,,,,,,,,,,,High,High,High,,,,,,,,,,,,,,,,,,,,,,,,,,,,,,,,,,,,
217,2026-03-24,20:09:12.44,4,2,"Mitchell, Samuel",10122342,Right,SOU_GOL,"Sullivan, Noah",813559,Right,MSU_BDG,Undefined,5,Bottom,1,0,1,Slider,Slider,BallCalled,Undefined,Undefined,Undefined,0,0,,83.6457,-2.268166,-2.105197,2751.643114,71.999261,8:30,5.63014,2.16128,5.59851,-43.25451,-1.71835,-10.23705,-0.0945,-0.65811,75.41024,-10.165493,-3.935973,0.463858,,,,,,,,,,,,4.44201,0.38551,-1.97402,50,5.4078,4.8693,-121.01326,-6.311,6.39739,29.94623,-31.61883,MSU_BDG,SOU_GOL,MSST,D1,SEC,20260324-MSST-1,3d2e5010-27e7-11f1-af58-35dac0914731,81.25866,,,8.23546,,,,,,,dd9a23d0-46ab-4e69-8731-b6ab313b6345,2026-03-25,01:09:12.44,2026-03-24T20:09:12.4434432-05:00,2026-03-25T01:09:12.4434432Z,,v3,5080,471449,f283d7f39aaf4b10983d124063eab2d6,"Stockman, Tucker",838152,Right,SOU_GOL,01e9f032-171a-4144-8534-14d8073c5d87,54.89871,-122.21949,14.97311,5.63636,-5.0374,-15.80941,-2.16496,4.61162,3.19869,,,,,,,,,,,,,,,,,,,,,,,,,,,,,,,,,,,,,,,,,,,,,,,,,,,High,High,High,,,,,,,,,,,,,,,,,,,,,,,,,,,,,,,,,,,,
218,2026-03-24,20:09:38.19,4,3,"Mitchell, Samuel",10122342,Right,SOU_GOL,"Sullivan, Noah",813559,Right,MSU_BDG,Undefined,5,Bottom,1,1,1,Curveball,Curveball,BallCalled,Undefined,Undefined,Undefined,0,0,,79.70077,2.643445,-0.626331,2562.087992,22.028735,6:45,6.01233,1.56385,5.31701,-60.20291,-14.78194,-6.60209,3.47825,0.42583,72.48575,-8.27986,-1.800028,0.485065,,,,,,,,,,,,3.08528,-7.6604,-1.50226,50,6.20858,1.53802,-115.55948,3.13049,4.12427,23.83427,-42.41415,MSU_BDG,SOU_GOL,MSST,D1,SEC,20260324-MSST-1,4ca55bb0-27e7-11f1-af58-35dac0914731,77.70602,,,7.21503,,,,,,,dd9a23d0-46ab-4e69-8731-b6ab313b6345,2026-03-25,01:09:38.19,2026-03-24T20:09:38.1915648-05:00,2026-03-25T01:09:38.1915648Z,,v3,5080,471449,f283d7f39aaf4b10983d124063eab2d6,"Stockman, Tucker",838152,Right,SOU_GOL,bf1f931b-fa40-4e67-90e8-6635e721e288,55.18443,-116.62387,11.91713,6.02649,5.02462,-21.20708,-1.56683,1.35384,2.06214,,,,,,,,,,,,,,,,,,,,,,,,,,,,,,,,,,,,,,,,,,,,,,,,,,,High,High,High,,,,,,,,,,,,,,,,,,,,,,,,,,,,,,,,,,,,
219,2026-03-24,20:09:57.21,4,4,"Mitchell, Samuel",10122342,Right,SOU_GOL,"Sullivan, Noah",813559,Right,MSU_BDG,Undefined,5,Bottom,1,2,1,Curveball,Curveball,BallCalled,Undefined,Undefined,Undefined,0,0,,79.43186,2.429342,0.161157,2597.347833,21.880371,6:45,6.02549,1.6647,5.14452,-61.55157,-15.41536,-6.83398,3.18487,1.24694,72.09902,-8.705584,-1.050703,0.488869,,,,,,,,,,,,3.42248,-7.85115,-1.67438,50,6.20569,-0.03411,-115.12862,2.58279,4.52836,24.20455,-42.56203,MSU_BDG,SOU_GOL,MSST,D1,SEC,20260324-MSST-1,572ad6f0-27e7-11f1-af58-35dac0914731,77.10133,,,7.33285,,,,,,,dd9a23d0-46ab-4e69-8731-b6ab313b6345,2026-03-25,01:09:57.21,2026-03-24T20:09:57.2160512-05:00,2026-03-25T01:09:57.2160512Z,,v3,5080,471449,f283d7f39aaf4b10983d124063eab2d6,"Stockman, Tucker",838152,Right,SOU_GOL,651cab16-32d5-4e3a-9aeb-d0c7c0e4891b,55.35663,-116.24933,12.10228,6.04048,4.55349,-21.28102,-1.66794,-0.24378,2.26418,,,,,,,,,,,,,,,,,,,,,,,,,,,,,,,,,,,,,,,,,,,,,,,,,,,High,High,High,,,,,,,,,,,,,,,,,,,,,,,,,,,,,,,,,,,,
220,2026-03-24,20:10:18.00,4,5,"Mitchell, Samuel",10122342,Right,SOU_GOL,"Sullivan, Noah",813559,Right,MSU_BDG,Undefined,5,Bottom,1,3,1,Curveball,Curveball,BallCalled,Walk,Undefined,Undefined,0,0,,80.49061,3.438007,-0.491429,2698.338246,23.382884,6:45,5.95057,1.66563,5.24469,-60.79133,-15.80024,-7.53052,4.1196,0.57624,72.58766,-7.597084,-1.827302,0.482764,,,,,,,,,,,,3.55618,-8.39595,-1.61479,50,6.22185,1.32246,-116.5262,4.71595,4.80372,25.48316,-43.5153,MSU_BDG,SOU_GOL,MSST,D1,SEC,20260324-MSST-1,63927fb0-27e7-11f1-af58-35dac0914731,78.07636,,,7.90295,,,,,,,dd9a23d0-46ab-4e69-8731-b6ab313b6345,2026-03-25,01:10:18.00,2026-03-24T20:10:18.0044800-05:00,2026-03-25T01:10:18.0044800Z,,v3,5080,471449,f283d7f39aaf4b10983d124063eab2d6,"Stockman, Tucker",838152,Right,SOU_GOL,a53f1d1d-cafa-4ddf-83c2-5d72d254f6bd,55.25573,-117.66997,12.74158,5.96635,6.66906,-21.75765,-1.66931,1.10686,2.40186,,,,,,,,,,,,,,,,,,,,,,,,,,,,,,,,,,,,,,,,,,,,,,,,,,,High,High,High,,,,,,,,,,,,,,,,,,,,,,,,,,,,,,,,,,,,
221,2026-03-24,20:10:59.23,5,1,"Mitchell, Samuel",10122342,Right,SOU_GOL,"Stallman, Reed",827671,Left,MSU_BDG,Undefined,5,Bottom,1,0,0,Fastball,Four-Seam,InPlay,Undefined,GroundBall,Single,0,2,,91.0465,-2.29616,-2.64913,2445.758904,195.678444,12:30,6.14769,1.49676,5.9223,-15.2432,18.55347,4.89796,2.74327,-0.5551,83.07341,-5.207023,-1.77092,0.418416,89.85545,-6.983189,20.390937,,,,,24.09015,22.97175,20.371648,0.176522,-3.27118,10.50619,-1.28746,50,5.9551,5.90079,-132.03499,-5.73741,-5.76285,28.64562,-13.66521,MSU_BDG,SOU_GOL,MSST,D1,SEC,20260324-MSST-1,7c1251a0-27e7-11f1-af58-35dac0914731,90.08366,2.8452,,7.97308,,,,1.28239,2.8452,0.4985,dd9a23d0-46ab-4e69-8731-b6ab313b6345,2026-03-25,01:10:59.23,2026-03-24T20:10:59.2348672-05:00,2026-03-25T01:10:59.2348672Z,GroundBall,v3,5080,471449,f283d7f39aaf4b10983d124063eab2d6,"Stockman, Tucker",838152,Right,SOU_GOL,dbd63ac2-6db0-4637-bf2b-068fa97dbf13,54.57629,-133.02414,14.32281,6.14507,-5.26555,-6.83261,-1.49466,6.09978,-2.88143,175.976247,1.28275,122.58637,-10.87523,,,,,,,2.84476,-15.99023,-0.69695,,,,,,,0.49867,45.56394,-5.00349,,,,,,,,,,,,,,,,,,,,,,,,,,,,,High,High,High,High,High,,,,,,,,,,,,,,,,,,,,,,,,,,,,,,,,,,
222,2026-03-24,20:14:19.92,6,1,"Broadhead, Teague",838154,Right,SOU_GOL,"Wyers, Drew",805587,Right,MSU_BDG,Undefined,5,Bottom,1,0,0,Fastball,Four-Seam,InPlay,Undefined,Popup,Out,1,0,,94.00711,-2.105194,-3.306231,2341.064586,227.218789,1:30,6.23954,1.43909,5.15988,-17.15682,15.61552,15.66702,2.82407,-0.37081,85.35974,-5.319521,-0.537226,0.412026,84.96129,73.147773,19.173324,,,,,,34.51797,,,-8.8239,8.73508,-1.143,50,6.03011,7.10853,-136.08265,-5.62906,-16.45844,31.34679,-15.88132,MSU_BDG,SOU_GOL,MSST,D1,SEC,20260324-MSST-1,f3ae6fa0-27e7-11f1-af58-35dac0914731,91.48062,128.0261,,8.64737,,,,2.53073,2.92704,0.3598,dd9a23d0-46ab-4e69-8731-b6ab313b6345,2026-03-25,01:14:19.92,2026-03-24T20:14:19.9239168-05:00,2026-03-25T01:14:19.9239168Z,,v3,5080,471449,f283d7f39aaf4b10983d124063eab2d6,"Stockman, Tucker",838152,Right,SOU_GOL,89ff6ac7-10b0-4f47-a6d4-031cb98e6054,55.33943,-137.30708,15.6734,6.23787,-5.00872,-7.94066,-1.43322,7.75142,-8.22922,,2.53075,34.11916,-15.13424,4.69989,-1.45421,0.90677,-0.60135,0.24233,-0.04155,2.92704,119.2589,-28.74733,3.53936,-0.5874,-0.03779,0.11679,-0.05676,0.01011,0.35981,11.8642,-2.60513,0.68961,-0.18302,0.09806,-0.06139,0.02439,-0.00417,,,,,,,,,,,,,,,,,,,,,,,High,High,High,Low,Undefined,,,,,,,,,,,,,,,,,,,,,,,,,,,,,,,,,,
223,2026-03-24,20:15:04.58,7,1,"Broadhead, Teague",838154,Right,SOU_GOL,"Woodson, Ryder",829665,Right,MSU_BDG,Undefined,5,Bottom,2,0,0,Fastball,Four-Seam,FoulBallFieldable,Undefined,Undefined,Undefined,0,0,,93.19806,-1.967407,-2.521891,2427.515189,221.413184,1:30,6.2683,1.55499,5.19389,-15.44875,17.86895,14.74544,3.12771,0.40998,84.46614,-4.8901,0.088003,0.415441,62.61965,50.1253,72.733754,4956.944087,15.86253,66.46947,108.85025,173.71336,106.11326,84.455356,4.234398,-8.12185,9.83945,-1.33275,50,6.07459,5.23698,-134.97805,-5.1619,-14.87648,31.34498,-14.15153,MSU_BDG,SOU_GOL,MSST,D1,SEC,20260324-MSST-1,0e4ded40-27e8-11f1-af58-35dac0914731,90.72883,69.42572,,8.73192,,,,1.18972,3.10826,-0.41035,dd9a23d0-46ab-4e69-8731-b6ab313b6345,2026-03-25,01:15:04.58,2026-03-24T20:15:04.5807104-05:00,2026-03-25T01:15:04.5807104Z,Popup,v3,5080,471449,f283d7f39aaf4b10983d124063eab2d6,"Stockman, Tucker",838152,Right,SOU_GOL,b89c2353-685c-4b2d-bdd9-cf5543d4e94d,55.30435,-136.20427,15.67249,6.2657,-4.60828,-7.07576,-1.54901,5.81895,-7.43824,,1.19837,17.25448,-7.74145,0.64039,1.42816,-0.94861,0.27176,-0.03692,0.00193,3.10763,70.48238,-21.10668,1.26713,0.36571,-0.42674,0.16927,-0.03056,0.00207,-0.40581,56.1019,-6.56158,0.10507,1.19728,-0.76548,0.23142,-0.0344,0.00201,,,,,,,,,,,,,,,,,,,,,,,High,High,High,Medium,Medium,,,,,,,,,,,,,,,,,,,,,,,,,,,,,,,,,,
224,2026-03-24,20:15:29.84,7,2,"Broadhead, Teague",838154,Right,SOU_GOL,"Woodson, Ryder",829665,Right,MSU_BDG,Undefined,5,Bottom,2,0,1,Curveball,Curveball,BallCalled,Undefined,Undefined,Undefined,0,0,,81.37897,1.81072,-1.596795,2641.722059,29.078791,7:00,6.28095,1.48537,4.92261,-54.58987,-10.44284,-6.62595,3.44489,-0.57679,74.14015,-8.029028,-2.765358,0.478214,,,,,,,,,,,,2.76906,-5.21697,-1.32394,50,6.41195,3.57809,-117.92866,1.61303,3.8636,24.35549,-39.45315,MSU_BDG,SOU_GOL,MSST,D1,SEC,20260324-MSST-1,1d6bdc60-27e8-11f1-af58-35dac0914731,78.81921,,,7.23882,,,,,,,dd9a23d0-46ab-4e69-8731-b6ab313b6345,2026-03-25,01:15:29.84,2026-03-24T20:15:29.8409984-05:00,2026-03-25T01:15:29.8409984Z,,v3,5080,471449,f283d7f39aaf4b10983d124063eab2d6,"Stockman, Tucker",838152,Right,SOU_GOL,6845124e-855b-4d3f-aad2-b8bc015e0997,55.57762,-119.07501,12.17774,6.29233,3.47,-19.72658,-1.48808,3.39624,1.9318,,,,,,,,,,,,,,,,,,,,,,,,,,,,,,,,,,,,,,,,,,,,,,,,,,,High,High,High,,,,,,,,,,,,,,,,,,,,,,,,,,,,,,,,,,,,
225,2026-03-24,20:15:48.89,7,3,"Broadhead, Teague",838154,Right,SOU_GOL,"Woodson, Ryder",829665,Right,MSU_BDG,Undefined,5,Bottom,2,1,1,Curveball,Curveball,StrikeCalled,Undefined,Undefined,Undefined,0,0,,82.57578,1.796126,-1.243673,2705.308588,25.316074,6:45,6.25366,1.43416,4.95454,-54.35723,-11.60697,-6.15642,3.4219,-0.25414,75.3135,-8.00056,-2.330588,0.470588,,,,,,,,,,,,2.65536,-5.80607,-1.30833,50,6.38282,2.87176,-119.71474,1.61702,3.8231,24.8138,-40.53349,MSU_BDG,SOU_GOL,MSST,D1,SEC,20260324-MSST-1,29214c20-27e8-11f1-af58-35dac0914731,80.09646,,,7.26228,,,,,,,dd9a23d0-46ab-4e69-8731-b6ab313b6345,2026-03-25,01:15:48.89,2026-03-24T20:15:48.8990720-05:00,2026-03-25T01:15:48.8990720Z,,v3,5080,471449,f283d7f39aaf4b10983d124063eab2d6,"Stockman, Tucker",838152,Right,SOU_GOL,4a9f61dd-f044-40a7-b85e-26a5d3264224,55.54618,-120.85886,12.4069,6.26518,3.48594,-20.26675,-1.43668,2.69548,1.91155,,,,,,,,,,,,,,,,,,,,,,,,,,,,,,,,,,,,,,,,,,,,,,,,,,,High,High,High,,,,,,,,,,,,,,,,,,,,,,,,,,,,,,,,,,,,
226,2026-03-24,20:16:12.04,7,4,"Broadhead, Teague",838154,Right,SOU_GOL,"Woodson, Ryder",829665,Right,MSU_BDG,Undefined,5,Bottom,2,1,2,Fastball,Sinker,HitByPitch,Undefined,Undefined,Undefined,0,0,,93.27463,-0.541928,-0.987185,2366.111532,232.034322,1:45,6.21577,1.49627,5.1938,-18.41812,14.93733,17.62918,4.17107,2.03666,84.13696,-4.003349,2.136168,0.415676,,,,,,,,,,,,-9.15312,7.96926,-1.41889,50,6.15222,1.48611,-135.20701,-1.93833,-16.7184,33.13751,-17.61803,MSU_BDG,SOU_GOL,MSST,D1,SEC,20260324-MSST-1,368640a0-27e8-11f1-af58-35dac0914731,90.67747,,,9.13767,,,,,,,dd9a23d0-46ab-4e69-8731-b6ab313b6345,2026-03-25,01:16:12.04,2026-03-24T20:16:12.0495616-05:00,2026-03-25T01:16:12.0495616Z,,v3,5080,471449,f283d7f39aaf4b10983d124063eab2d6,"Stockman, Tucker",838152,Right,SOU_GOL,8b89b315-c575-4525-8b63-9dd9238d3d34,55.30461,-136.50091,16.56875,6.21447,-1.25041,-8.80902,-1.48966,2.1389,-8.3592,,,,,,,,,,,,,,,,,,,,,,,,,,,,,,,,,,,,,,,,,,,,,,,,,,,High,High,High,,,,,,,,,,,,,,,,,,,,,,,,,,,,,,,,,,,,
227,2026-03-24,20:17:07.79,8,1,"Broadhead, Teague",838154,Right,SOU_GOL,"Valincius, Vytas",695756,Right,MSU_BDG,Undefined,5,Bottom,2,0,0,Fastball,Four-Seam,BallCalled,Undefined,Undefined,Undefined,0,0,,92.91174,-0.554526,-2.192945,2225.912314,220.568742,1:15,6.17092,1.48471,5.24059,-15.72383,17.81804,14.24268,4.33903,0.60955,83.81433,-3.543923,0.330473,0.416836,,,,,,,,,,,,-7.72327,9.37945,-1.29386,50,6.10875,4.45453,-134.58527,-1.81701,-14.01838,32.04277,-15.14952,MSU_BDG,SOU_GOL,MSST,D1,SEC,20260324-MSST-1,57c350f0-27e8-11f1-af58-35dac0914731,90.42519,,,9.09741,,,,,,,dd9a23d0-46ab-4e69-8731-b6ab313b6345,2026-03-25,01:17:07.79,2026-03-24T20:17:07.7961728-05:00,2026-03-25T01:17:07.7961728Z,,v3,5080,471449,f283d7f39aaf4b10983d124063eab2d6,"Stockman, Tucker",838152,Right,SOU_GOL,acb30244-5bcc-4928-9c8d-842c507dae6e,55.25506,-135.83066,16.02139,6.16793,-1.2282,-7.57476,-1.47758,4.99938,-7.00919,,,,,,,,,,,,,,,,,,,,,,,,,,,,,,,,,,,,,,,,,,,,,,,,,,,High,High,High,,,,,,,,,,,,,,,,,,,,,,,,,,,,,,,,,,,,
228,2026-03-24,20:17:25.86,8,2,"Broadhead, Teague",838154,Right,SOU_GOL,"Valincius, Vytas",695756,Right,MSU_BDG,Undefined,5,Bottom,2,1,0,Fastball,Sinker,InPlay,Undefined,GroundBall,Out,1,0,,91.43298,-1.342945,-2.339051,2282.969299,235.973961,1:45,6.1498,1.63727,5.29638,-21.89064,12.41776,16.71965,3.06344,0.83327,83.31045,-5.406729,0.627881,0.421572,84.19063,-21.246824,-23.572993,,,,,8.6367,1.06746,-27.025051,0.066616,-9.07812,6.93886,-1.43728,50,6.01192,4.64348,-132.57904,-3.90918,-16.10671,29.18369,-19.86293,MSU_BDG,SOU_GOL,MSST,D1,SEC,20260324-MSST-1,6288bb60-27e8-11f1-af58-35dac0914731,89.40927,2.98953,,8.12254,,,,0.64644,2.98953,-0.84946,dd9a23d0-46ab-4e69-8731-b6ab313b6345,2026-03-25,01:17:25.86,2026-03-24T20:17:25.8640384-05:00,2026-03-25T01:17:25.8640384Z,GroundBall,v3,5080,471449,f283d7f39aaf4b10983d124063eab2d6,"Stockman, Tucker",838152,Right,SOU_GOL,46375b74-bd7d-4978-a843-cf6e98eb076d,55.20305,-133.71944,14.59184,6.14951,-3.133,-9.93147,-1.63103,5.27288,-8.05336,,0.64316,105.78882,,,,,,,,2.99092,-44.87722,,,,,,,,-0.84802,-46.15863,,,,,,,,,,,,,,,,,,,,,,,,,,,,,,High,High,High,Estimated,Estimated,,,,,,,,,,,,,,,,,,,,,,,,,,,,,,,,,,
229,2026-03-24,20:20:25.88,1,1,"Burns, Dane",826045,Left,MSU_BDG,"Morrison, Kyle",835275,Left,SOU_GOL,Undefined,6,Top,0,0,0,Sinker,Sinker,StrikeCalled,Undefined,Undefined,Undefined,0,0,,91.54094,-2.391857,4.07396,2514.504491,121.114402,10:00,5.95669,-2.11619,6.31305,-23.42289,9.52941,-14.04131,1.7947,0.4727,83.82177,-6.781789,1.539952,0.413156,,,,,,,,,,,,8.39918,5.94902,1.82369,50,5.76989,-8.86837,-132.67187,-6.29838,14.97501,28.30227,-21.56745,MSU_BDG,SOU_GOL,MSST,D1,SEC,20260324-MSST-1,ce0c3b00-27e8-11f1-af58-35dac0914731,91.23046,,,7.71916,,,,,,,dd9a23d0-46ab-4e69-8731-b6ab313b6345,2026-03-25,01:20:25.88,2026-03-24T20:20:25.8845184-05:00,2026-03-25T01:20:25.8845184Z,,v3,5080,471449,f283d7f39aaf4b10983d124063eab2d6,"Milewski, Kevin",831000,Right,MSU_BDG,10a6b628-c492-4fca-ae17-57e42a40f7db,54.1858,-133.56182,14.15114,5.95727,-5.62021,-10.78372,2.10995,-9.33925,7.48751,,,,,,,,,,,,,,,,,,,,,,,,,,,,,,,,,,,,,,,,,,,,,,,,,,,High,High,High,,,,,,,,,,,,,,,,,,,,,,,,,,,,,,,,,,,,
230,2026-03-24,20:20:43.01,1,2,"Burns, Dane",826045,Left,MSU_BDG,"Morrison, Kyle",835275,Left,SOU_GOL,Undefined,6,Top,0,0,1,Slider,Slider,BallCalled,Undefined,Undefined,Undefined,0,0,,84.20583,-1.979398,0.195195,3148.391251,293.406218,3:45,5.97862,-2.05223,5.36671,-45.35837,-5.3,14.9652,0.34202,-0.62211,78.12201,-10.151348,2.86519,0.455531,,,,,,,,,,,,-7.53807,-1.83681,2.02357,50,5.76829,-1.03208,-122.31749,-5.89925,-11.44367,23.66447,-34.96256,MSU_BDG,SOU_GOL,MSST,D1,SEC,20260324-MSST-1,d81448e0-27e8-11f1-af58-35dac0914731,82.74392,,,6.08382,,,,,,,dd9a23d0-46ab-4e69-8731-b6ab313b6345,2026-03-25,01:20:43.01,2026-03-24T20:20:43.0114816-05:00,2026-03-25T01:20:43.0114816Z,,v3,5080,471449,f283d7f39aaf4b10983d124063eab2d6,"Milewski, Kevin",831000,Right,MSU_BDG,19540272-b0dc-4b76-b3d0-710d59ca8272,55.13603,-123.30715,11.83223,5.98442,-4.43711,-17.48128,2.05672,-0.5535,-5.72183,,,,,,,,,,,,,,,,,,,,,,,,,,,,,,,,,,,,,,,,,,,,,,,,,,,High,High,High,,,,,,,,,,,,,,,,,,,,,,,,,,,,,,,,,,,,
231,2026-03-24,20:21:06.84,1,3,"Burns, Dane",826045,Left,MSU_BDG,"Morrison, Kyle",835275,Left,SOU_GOL,Undefined,6,Top,0,1,1,Slider,Slider,BallCalled,Undefined,Undefined,Undefined,0,0,,82.52121,-0.041686,-0.613072,2983.35017,299.051683,4:00,5.95856,-2.16452,5.66257,-48.26018,-6.67996,14.46272,1.898,-1.531,75.57993,-8.850432,1.978913,0.464103,,,,,,,,,,,,-7.65823,-3.15776,2.20657,50,5.92378,0.72527,-119.88983,-1.74625,-11.05136,25.0226,-36.7309,MSU_BDG,SOU_GOL,MSST,D1,SEC,20260324-MSST-1,e63e3b10-27e8-11f1-af58-35dac0914731,81.21561,,,6.94127,,,,,,,dd9a23d0-46ab-4e69-8731-b6ab313b6345,2026-03-25,01:21:06.84,2026-03-24T20:21:06.8454400-05:00,2026-03-25T01:21:06.8454400Z,,v3,5080,471449,f283d7f39aaf4b10983d124063eab2d6,"Milewski, Kevin",831000,Right,MSU_BDG,e829be14-d543-4c86-9381-4c9a76364ca0,54.84019,-120.89582,12.5113,5.9643,-0.26955,-18.36545,2.16848,1.16957,-5.52568,,,,,,,,,,,,,,,,,,,,,,,,,,,,,,,,,,,,,,,,,,,,,,,,,,,High,High,High,,,,,,,,,,,,,,,,,,,,,,,,,,,,,,,,,,,,
232,2026-03-24,20:21:25.02,1,4,"Burns, Dane",826045,Left,MSU_BDG,"Morrison, Kyle",835275,Left,SOU_GOL,Undefined,6,Top,0,2,1,Sinker,Sinker,InPlay,Undefined,GroundBall,Out,1,0,,92.09476,-1.615093,3.387538,2485.965676,112.817514,9:45,6.06076,-2.07787,6.33687,-25.45072,7.52571,-15.01225,2.44983,-0.20628,83.00262,-6.410257,0.673447,0.413307,71.68441,-5.814991,-0.52359,,,,,19.32016,18.29195,-0.130548,0.176477,8.93162,4.79685,1.8378,50,5.93111,-7.27623,-133.45633,-4.58655,15.82757,33.3891,-23.6736,MSU_BDG,SOU_GOL,MSST,D1,SEC,20260324-MSST-1,f12f9780-27e8-11f1-af58-35dac0914731,91.19709,2.36113,,9.09214,,,,1.15398,2.36113,0.16989,dd9a23d0-46ab-4e69-8731-b6ab313b6345,2026-03-25,01:21:25.02,2026-03-24T20:21:25.0247168-05:00,2026-03-25T01:21:25.0247168Z,GroundBall,v3,5080,471449,f283d7f39aaf4b10983d124063eab2d6,"Milewski, Kevin",831000,Right,MSU_BDG,0cb51614-e289-4bd6-bc39-156464efc3d3,54.16103,-134.49333,16.69455,6.06214,-3.85129,-11.8368,2.07142,-7.76781,7.91379,71.945316,1.15421,104.57438,-9.28754,,,,,,,2.36136,-10.66907,-15.37329,,,,,,,0.16995,-0.96007,-1.43192,,,,,,,,,,,,,,,,,,,,,,,,,,,,,High,High,High,High,High,,,,,,,,,,,,,,,,,,,,,,,,,,,,,,,,,,
233,2026-03-24,20:24:47.88,2,1,"Webb, Maddox",703570,Right,MSU_BDG,"Gillespie, Davis",825097,Right,SOU_GOL,Undefined,6,Top,1,0,0,Fastball,Four-Seam,FoulBallFieldable,Undefined,Undefined,Undefined,0,0,,92.26683,-1.118201,-0.649879,2189.358196,193.928127,12:30,5.96947,0.47765,5.7941,-10.7756,22.71568,5.32524,4.03116,0.31688,82.75995,-3.263371,0.303982,0.416521,61.56245,44.895396,150.997475,3434.862406,,,,,47.4208,,,-2.91941,12.28241,-0.42738,50,5.87127,1.27574,-133.75135,-2.84391,-5.19265,33.72245,-10.3276,MSU_BDG,SOU_GOL,MSST,D1,SEC,20260324-MSST-1,69fe9030-27e9-11f1-af58-35dac0914731,90.49342,40.33252,,9.50688,,,,0.15735,4.0939,-0.27452,dd9a23d0-46ab-4e69-8731-b6ab313b6345,2026-03-25,01:24:47.88,2026-03-24T20:24:47.8872576-05:00,2026-03-25T01:24:47.8872576Z,,v3,5080,471449,f283d7f39aaf4b10983d124063eab2d6,"Milewski, Kevin",831000,Right,MSU_BDG,6ce264e7-9885-40fd-b285-b42ae61eb9f3,54.70126,-134.93146,16.86122,5.96447,-2.4825,-5.1638,-0.4752,1.45746,-2.59633,313.488158,0.15735,-55.94119,1.45887,0.34212,-0.06111,0.02978,-0.0048,0.00102,-0.00032,4.0939,63.72902,-23.99764,2.22823,-0.46699,0.09267,-0.01521,0.00403,-0.00062,-0.27452,31.01193,-6.78255,0.94171,-0.20006,0.02703,-0.00571,0.00115,-4E-05,,,,,,,,,,,,,,,,,,,,,,,High,High,High,High,Undefined,,,,,,,,,,,,,,,,,,,,,,,,,,,,,,,,,,
234,2026-03-24,20:25:11.82,2,2,"Webb, Maddox",703570,Right,MSU_BDG,"Gillespie, Davis",825097,Right,SOU_GOL,Undefined,6,Top,1,0,1,Fastball,Four-Seam,BallCalled,Undefined,Undefined,Undefined,0,0,,91.04174,-1.759218,-2.476618,2082.052733,196.175158,12:30,5.91837,0.49633,5.92947,-14.90639,19.11131,5.19949,3.04188,-1.36969,82.40708,-4.630829,-1.544063,0.419782,,,,,,,,,,,,-3.39693,10.6467,-0.30117,50,5.76916,5.47736,-131.95274,-4.45987,-5.93397,30.49117,-13.57568,MSU_BDG,SOU_GOL,MSST,D1,SEC,20260324-MSST-1,784950d0-27e9-11f1-af58-35dac0914731,89.79053,,,8.63466,,,,,,,dd9a23d0-46ab-4e69-8731-b6ab313b6345,2026-03-25,01:25:11.82,2026-03-24T20:25:11.8278144-05:00,2026-03-25T01:25:11.8278144Z,,v3,5080,471449,f283d7f39aaf4b10983d124063eab2d6,"Milewski, Kevin",831000,Right,MSU_BDG,44515110-290d-4da1-a53a-672e678d221e,54.56605,-133.00366,15.24559,5.91481,-3.99197,-6.78784,-0.49348,5.68188,-2.96698,,,,,,,,,,,,,,,,,,,,,,,,,,,,,,,,,,,,,,,,,,,,,,,,,,,High,High,High,,,,,,,,,,,,,,,,,,,,,,,,,,,,,,,,,,,,
235,2026-03-24,20:25:29.96,2,3,"Webb, Maddox",703570,Right,MSU_BDG,"Gillespie, Davis",825097,Right,SOU_GOL,Undefined,6,Top,1,1,1,Curveball,Slider,StrikeSwinging,Undefined,Undefined,Undefined,0,0,,84.82991,-0.844298,-0.545714,1103.637078,43.213469,7:30,5.97824,0.39759,5.63262,-45.19869,-5.96134,-6.74874,1.42385,-0.67398,78.06892,-9.070723,-1.754654,0.450839,,,,,,,,,,,,3.27236,-2.41693,-0.34676,50,5.87741,1.45181,-123.23408,-3.45142,5.01742,25.16289,-35.87986,MSU_BDG,SOU_GOL,MSST,D1,SEC,20260324-MSST-1,831dd670-27e9-11f1-af58-35dac0914731,83.60513,,,6.76099,,,,,,,dd9a23d0-46ab-4e69-8731-b6ab313b6345,2026-03-25,01:25:29.96,2026-03-24T20:25:29.9686400-05:00,2026-03-25T01:25:29.9686400Z,,v3,5080,471449,f283d7f39aaf4b10983d124063eab2d6,"Milewski, Kevin",831000,Right,MSU_BDG,e933dbe3-28fa-4d75-9ab4-c1ffa554e5cb,54.86814,-124.22412,12.58144,5.98543,-2.03973,-17.93993,-0.4,1.2544,2.50871,,,,,,,,,,,,,,,,,,,,,,,,,,,,,,,,,,,,,,,,,,,,,,,,,,,High,High,High,,,,,,,,,,,,,,,,,,,,,,,,,,,,,,,,,,,,
236,2026-03-24,20:25:53.12,2,4,"Webb, Maddox",703570,Right,MSU_BDG,"Gillespie, Davis",825097,Right,SOU_GOL,Undefined,6,Top,1,1,2,Curveball,Curveball,InPlay,Undefined,GroundBall,Error,0,0,,84.83871,-0.682685,-0.858327,2776.665756,38.425986,7:15,5.95402,0.42381,5.5364,-45.77357,-6.37162,-6.03492,1.50136,-0.88143,78.00918,-9.000664,-1.93722,0.451783,77.53921,-6.647562,21.565029,,,,,12.10673,10.84913,25.20956,0.10058,2.81851,-2.69465,-0.34518,50,5.86407,2.09546,-123.22313,-3.14138,4.31719,25.34705,-36.30156,MSU_BDG,SOU_GOL,MSST,D1,SEC,20260324-MSST-1,9117df00-27e9-11f1-af58-35dac0914731,83.43035,1.34976,,6.82953,,,,0.44822,1.34976,0.88294,dd9a23d0-46ab-4e69-8731-b6ab313b6345,2026-03-25,01:25:53.12,2026-03-24T20:25:53.1240960-05:00,2026-03-25T01:25:53.1240960Z,GroundBall,v3,5080,471449,f283d7f39aaf4b10983d124063eab2d6,"Milewski, Kevin",831000,Right,MSU_BDG,ce8d53bb-3b0b-4866-8ee8-ddd6088c9cc9,54.96474,-124.24019,12.67352,5.96089,-1.68478,-18.15078,-0.42579,1.92223,2.15859,223.327752,0.44821,105.054,-6.02232,,,,,,,1.34975,-13.164,-2.54203,,,,,,,0.88292,41.52258,9.62594,,,,,,,,,,,,,,,,,,,,,,,,,,,,,High,High,High,High,High,,,,,,,,,,,,,,,,,,,,,,,,,,,,,,,,,,
237,2026-03-24,20:26:42.05,3,1,"Webb, Maddox",703570,Right,MSU_BDG,"Long, Ty",826999,Right,SOU_GOL,Undefined,6,Top,1,0,0,Fastball,Four-Seam,FoulBallFieldable,Undefined,Undefined,Undefined,0,0,,92.13483,-2.216545,-0.333844,2159.629058,201.960116,12:45,5.96162,0.41059,5.63561,-13.04489,20.63119,7.82874,2.80553,0.75152,83.11,-4.744422,1.064567,0.417669,74.57702,71.38034,-135.568429,4250.001542,,,,,27.06935,,,-4.0861,11.52792,-0.38738,50,5.7652,0.42448,-133.54001,-5.52837,-7.27633,32.47599,-11.64577,MSU_BDG,SOU_GOL,MSST,D1,SEC,20260324-MSST-1,ae0c7030-27e9-11f1-af58-35dac0914731,90.24479,67.76386,,9.02484,,,,2.00204,3.02593,-0.72896,dd9a23d0-46ab-4e69-8731-b6ab313b6345,2026-03-25,01:26:42.05,2026-03-24T20:26:42.0539904-05:00,2026-03-25T01:26:42.0539904Z,,v3,5080,471449,f283d7f39aaf4b10983d124063eab2d6,"Milewski, Kevin",831000,Right,MSU_BDG,86515f74-bf12-4341-b6d9-1b52f842e66c,54.86157,-134.71712,16.238,5.95793,-5.10626,-5.82288,-0.40755,0.68822,-3.63816,17.217294,2.00204,-24.93818,-7.23494,3.90991,-1.23779,0.33902,-0.08724,0.01934,-0.00256,3.02593,103.65441,-32.56462,4.58834,-0.83912,0.12773,-0.01775,0.00149,-1E-05,-0.72896,-24.4482,7.33144,-2.15213,0.51678,-0.11569,0.02572,-0.00494,0.00062,,,,,,,,,,,,,,,,,,,,,,,High,High,High,High,Undefined,,,,,,,,,,,,,,,,,,,,,,,,,,,,,,,,,,
238,2026-03-24,20:27:10.12,3,2,"Webb, Maddox",703570,Right,MSU_BDG,"Long, Ty",826999,Right,SOU_GOL,Undefined,6,Top,1,0,1,Fastball,Four-Seam,BallCalled,Undefined,Undefined,Undefined,0,0,,92.85851,-1.638044,-2.078655,2166.143611,201.051886,12:45,5.97827,0.35248,5.92094,-15.28276,17.39804,6.26024,3.18322,-1.05563,84.06737,-4.569506,-0.95537,0.411451,,,,,,,,,,,,-3.80894,9.7152,-0.18943,50,5.83832,4.6032,-134.63356,-4.29141,-6.92857,31.67341,-14.50179,MSU_BDG,SOU_GOL,MSST,D1,SEC,20260324-MSST-1,bed4b3f0-27e9-11f1-af58-35dac0914731,91.60864,,,8.79114,,,,,,,dd9a23d0-46ab-4e69-8731-b6ab313b6345,2026-03-25,01:27:10.12,2026-03-24T20:27:10.1237760-05:00,2026-03-25T01:27:10.1237760Z,,v3,5080,471449,f283d7f39aaf4b10983d124063eab2d6,"Milewski, Kevin",831000,Right,MSU_BDG,86eeb506-bd8d-49c7-82ae-0267bc613e90,54.57457,-135.70548,15.8367,5.97525,-3.80063,-7.2509,-0.34918,4.83768,-3.46428,,,,,,,,,,,,,,,,,,,,,,,,,,,,,,,,,,,,,,,,,,,,,,,,,,,High,High,High,,,,,,,,,,,,,,,,,,,,,,,,,,,,,,,,,,,,
239,2026-03-24,20:27:29.38,3,3,"Webb, Maddox",703570,Right,MSU_BDG,"Long, Ty",826999,Right,SOU_GOL,Undefined,6,Top,1,1,1,Fastball,Four-Seam,FoulBallFieldable,Undefined,Undefined,Undefined,0,0,,93.06686,-2.586321,-1.092071,2220.014623,196.810052,12:30,5.93582,0.34831,5.93622,-11.75721,20.9732,5.97107,2.55463,-0.16735,83.7505,-4.896102,-0.01969,0.411763,70.13277,60.158528,151.560456,4836.876166,-103.49038,75.82182,37.2791,165.95267,53.74209,161.776237,4.120738,-3.42721,11.95914,-0.2646,50,5.72294,2.30835,-134.8723,-6.38026,-6.20784,33.88637,-10.51205,MSU_BDG,SOU_GOL,MSST,D1,SEC,20260324-MSST-1,ca3f3800-27e9-11f1-af58-35dac0914731,91.53916,80.09654,,9.31636,,,,1.56261,2.6921,0.17003,dd9a23d0-46ab-4e69-8731-b6ab313b6345,2026-03-25,01:27:29.38,2026-03-24T20:27:29.3896704-05:00,2026-03-25T01:27:29.3896704Z,Popup,v3,5080,471449,f283d7f39aaf4b10983d124063eab2d6,"Milewski, Kevin",831000,Right,MSU_BDG,bf69b940-3300-4fe9-9c8f-dbfd4cc3fdf0,54.56086,-136.01338,16.94318,5.93182,-6.02628,-5.25603,-0.34585,2.5174,-3.10392,340.140307,1.56105,-44.97209,-3.12629,2.90339,-0.96168,0.18032,0.00085,-0.00555,0.00056,2.69423,89.16094,-31.22639,3.70297,-0.07738,-0.30842,0.11419,-0.01747,0.001,0.17124,24.34219,-5.93562,1.20605,0.02206,-0.1295,0.04292,-0.00599,0.00031,,,,,,,,,,,,,,,,,,,,,,,High,High,High,High,Low,,,,,,,,,,,,,,,,,,,,,,,,,,,,,,,,,,
240,2026-03-24,20:27:54.75,3,4,"Webb, Maddox",703570,Right,MSU_BDG,"Long, Ty",826999,Right,SOU_GOL,Undefined,6,Top,1,1,2,Slider,Slider,FoulBallFieldable,Undefined,Undefined,Undefined,0,0,,84.67413,-0.779357,0.205221,2586.969438,60.986787,8:00,5.90708,0.51295,5.62777,-42.76782,-3.28106,-8.20855,1.61584,0.0204,77.62768,-8.587827,-1.264728,0.452269,,,,,,,,,,,,4.25323,-1.10811,-0.52495,50,5.81303,-0.10666,-122.97849,-3.19448,6.47583,25.70606,-33.86121,MSU_BDG,SOU_GOL,MSST,D1,SEC,20260324-MSST-1,d9645310-27e9-11f1-af58-35dac0914731,83.34069,,,7.04646,,,,,,,dd9a23d0-46ab-4e69-8731-b6ab313b6345,2026-03-25,01:27:54.75,2026-03-24T20:27:54.7534848-05:00,2026-03-25T01:27:54.7534848Z,,v3,5080,471449,f283d7f39aaf4b10983d124063eab2d6,"Milewski, Kevin",831000,Right,MSU_BDG,72033db4-bd50-4455-8640-ba5ebf5ebdb4,54.87293,-123.99289,12.85303,5.91273,-1.85826,-16.9306,-0.5157,-0.36221,3.23792,,,,,,,,,,,,,,,,,,,,,,,,,,,,,,,,,,,,,,,,,,,,,,,,,,,High,High,High,,,,,,,,,,,,,,,,,,,,,,,,,,,,,,,,,,,,
241,2026-03-24,20:28:19.66,3,5,"Webb, Maddox",703570,Right,MSU_BDG,"Long, Ty",826999,Right,SOU_GOL,Undefined,6,Top,1,1,2,Slider,Slider,StrikeSwinging,Strikeout,Undefined,Undefined,0,0,,85.34082,-1.719077,-1.486687,2567.841141,86.526037,9:00,6.10644,0.25555,5.61166,-38.0514,1.10512,-3.73213,1.32993,-1.44341,77.8632,-8.682594,-2.154204,0.450374,,,,,,,,,,,,1.42599,1.51736,-0.12609,50,5.93522,3.36969,-123.73743,-5.07434,2.18836,27.03178,-29.84544,MSU_BDG,SOU_GOL,MSST,D1,SEC,20260324-MSST-1,e84ab770-27e9-11f1-af58-35dac0914731,83.69137,,,7.47763,,,,,,,dd9a23d0-46ab-4e69-8731-b6ab313b6345,2026-03-25,01:28:19.66,2026-03-24T20:28:19.6682240-05:00,2026-03-25T01:28:19.6682240Z,,v3,5080,471449,f283d7f39aaf4b10983d124063eab2d6,"Milewski, Kevin",831000,Right,MSU_BDG,68915fa0-e308-4a65-b433-33150581188c,54.88564,-124.80019,13.51589,6.11165,-3.90096,-14.92272,-0.25688,3.28365,1.09418,,,,,,,,,,,,,,,,,,,,,,,,,,,,,,,,,,,,,,,,,,,,,,,,,,,High,High,High,,,,,,,,,,,,,,,,,,,,,,,,,,,,,,,,,,,,
242,2026-03-24,20:28:51.00,4,1,"Webb, Maddox",703570,Right,MSU_BDG,"Barrett, Drey",838145,Right,SOU_GOL,Undefined,6,Top,2,0,0,Slider,Slider,InPlay,Undefined,FlyBall,Out,1,0,,86.35032,-0.848883,-0.809104,2520.71268,80.596059,8:45,6.02431,0.46578,5.72281,-37.52309,0.36339,-5.28339,2.10657,-0.72818,78.94256,-7.737405,-1.755937,0.44301,73.56019,50.201762,14.839371,,102.47131,95.24397,39.99539,192.87102,107.5366,23.517887,5.046398,2.4641,0.77327,-0.39485,50,5.93016,1.98812,-125.37929,-3.18287,3.89572,26.95657,-30.9515,MSU_BDG,SOU_GOL,MSST,D1,SEC,20260324-MSST-1,faec2800-27e9-11f1-af58-35dac0914731,85.08259,95.25471,,7.40776,,,,1.6973,2.32646,0.71914,dd9a23d0-46ab-4e69-8731-b6ab313b6345,2026-03-25,01:28:51.00,2026-03-24T20:28:51.0051840-05:00,2026-03-25T01:28:51.0051840Z,FlyBall,v3,5080,471449,f283d7f39aaf4b10983d124063eab2d6,"Milewski, Kevin",831000,Right,MSU_BDG,1d4d2d46-4681-4d5e-82c1-ebfb00ce6923,54.77686,-126.40214,13.47829,6.02865,-2.00844,-15.47575,-0.46748,1.8403,1.94786,195.545007,1.70046,66.67872,-17.59806,4.49338,-0.56149,-0.07006,0.04156,-0.00626,0.00033,2.32231,82.97097,-21.43707,1.78577,-0.33992,0.05635,-0.00108,-0.00114,0.0001,0.71954,17.68063,0.05624,-0.45756,0.16281,-0.02807,0.00097,0.00034,-3E-05,,,,,,,,,,,,,,,,,,,,,,,High,High,High,High,Low,,,,,,,,,,,,,,,,,,,,,,,,,,,,,,,,,,
243,2026-03-24,20:32:08.31,1,1,"Richardson, Cole",835277,Right,SOU_GOL,"Raymond, Andrew",838762,Left,MSU_BDG,Undefined,6,Bottom,0,0,0,Fastball,Sinker,FoulBallFieldable,Undefined,Undefined,Undefined,0,0,,89.70992,-0.681824,-3.892882,2167.952775,228.139132,1:30,5.67048,2.10855,6.51129,-23.06985,11.03749,11.07245,3.12082,-0.54665,81.71282,-5.051473,-1.888268,0.420335,63.75151,17.276578,-41.47927,2964.432348,77.20338,11.51926,-78.35565,146.34922,146.34922,-46.830193,1.943198,-6.91981,6.31721,-1.84106,50,5.61273,8.42127,-130.14008,-2.22592,-11.82107,28.30767,-21.3824,MSU_BDG,SOU_GOL,MSST,D1,SEC,20260324-MSST-1,70830020-27ea-11f1-af58-35dac0914731,89.6724,15.19689,,7.9971,,,,0.13372,3.03905,0.66857,dd9a23d0-46ab-4e69-8731-b6ab313b6345,2026-03-25,01:32:08.31,2026-03-24T20:32:08.3149312-05:00,2026-03-25T01:32:08.3149312Z,LineDrive,v3,5080,471449,f283d7f39aaf4b10983d124063eab2d6,"Stockman, Tucker",838152,Right,SOU_GOL,0b12231a-4167-4240-86d1-253385e5ca4a,53.9872,-131.0045,14.15384,5.67074,-1.57298,-10.6912,-2.10372,8.78224,-5.91053,118.275021,0.13373,66.89008,-10.9818,2.26069,-0.4133,-0.01875,0.05308,-0.02085,0.00309,3.03904,27.76918,-16.54516,0.87333,-0.14138,0.08515,-0.04742,0.01703,-0.00248,0.66857,-59.13662,2.07177,0.09753,-0.13586,0.06428,-0.02738,0.00769,-0.001,,,,,,,,,,,,,,,,,,,,,,,High,High,High,High,High,,,,,,,,,,,,,,,,,,,,,,,,,,,,,,,,,,
244,2026-03-24,20:32:32.24,1,2,"Richardson, Cole",835277,Right,SOU_GOL,"Raymond, Andrew",838762,Left,MSU_BDG,Undefined,6,Bottom,0,0,1,ChangeUp,Changeup,FoulBallFieldable,Undefined,Undefined,Undefined,0,0,,79.92605,0.10145,-3.942235,1688.710814,278.136006,3:15,5.59848,2.41957,6.27395,-44.64711,-0.81398,16.7158,1.97163,0.17279,72.38669,-8.196578,-0.923897,0.476511,,,,,,,,,,,,-10.01449,-0.0463,-2.13593,50,5.58443,7.38506,-115.84569,-1.13204,-13.38522,24.9624,-32.23595,MSU_BDG,SOU_GOL,MSST,D1,SEC,20260324-MSST-1,7ed16a40-27ea-11f1-af58-35dac0914731,79.10095,,,7.53935,,,,,,,dd9a23d0-46ab-4e69-8731-b6ab313b6345,2026-03-25,01:32:32.24,2026-03-24T20:32:32.2485760-05:00,2026-03-25T01:32:32.2485760Z,,v3,5080,471449,f283d7f39aaf4b10983d124063eab2d6,"Stockman, Tucker",838152,Right,SOU_GOL,46b8a8f6-50b9-446a-981b-851085f3b952,54.22616,-116.75279,12.4812,5.60428,0.03937,-16.11798,-2.41313,7.87146,-6.69261,,,,,,,,,,,,,,,,,,,,,,,,,,,,,,,,,,,,,,,,,,,,,,,,,,,High,High,High,,,,,,,,,,,,,,,,,,,,,,,,,,,,,,,,,,,,
245,2026-03-24,20:32:52.92,1,3,"Richardson, Cole",835277,Right,SOU_GOL,"Raymond, Andrew",838762,Left,MSU_BDG,Undefined,6,Bottom,0,0,2,ChangeUp,Changeup,StrikeSwinging,Strikeout,Undefined,Undefined,0,0,,80.61982,-0.067897,-3.155904,1657.838872,281.340875,3:30,5.65689,2.24578,6.30503,-45.30939,-2.26539,19.09218,1.81846,0.9264,72.95936,-8.489445,0.299832,0.472202,,,,,,,,,,,,-10.8856,-0.6261,-2.02236,50,5.63112,5.73133,-116.92251,-1.53547,-14.79679,25.76174,-33.02511,MSU_BDG,SOU_GOL,MSST,D1,SEC,20260324-MSST-1,8b29a9b0-27ea-11f1-af58-35dac0914731,79.82271,,,7.66046,,,,,,,dd9a23d0-46ab-4e69-8731-b6ab313b6345,2026-03-25,01:32:52.92,2026-03-24T20:32:52.9200000-05:00,2026-03-25T01:32:52.9200000Z,,v3,5080,471449,f283d7f39aaf4b10983d124063eab2d6,"Stockman, Tucker",838152,Right,SOU_GOL,bfcd4d1d-57a6-4a95-aa79-f42f04a07df8,54.19362,-117.84287,12.88087,5.6649,-0.35562,-16.51255,-2.23656,6.25996,-7.3984,,,,,,,,,,,,,,,,,,,,,,,,,,,,,69.5491,2.959066,1.959066,1,-1.10866,1.43158,-0.94329,-1.93748,4.46571,-2.32614,73.07989,11.62625,-51.7297,-1.91841,79.34987,-4.34295,4.56416,23.43535,-16.32732,-2.45963,-57.51821,8.18902,High,High,High,,,High,High,High,,,,,,,,,,,,,,,,,,,,,,,,,,,,,,,
246,2026-03-24,20:33:36.34,2,1,"Richardson, Cole",835277,Right,SOU_GOL,"Nunnallee, James",825763,Left,MSU_BDG,Undefined,6,Bottom,1,0,0,Sinker,Sinker,BallCalled,Undefined,Undefined,Undefined,0,0,,91.74233,0.667876,-3.108228,2098.880705,249.874335,2:15,5.72069,2.10289,6.3297,-25.30466,7.73374,17.95777,4.22791,0.73437,82.81052,-4.109779,0.136601,0.413696,,,,,,,,,,,,-10.20119,4.16973,-1.88353,50,5.75769,6.45599,-133.06518,0.73938,-18.07734,31.65552,-24.78495,MSU_BDG,SOU_GOL,MSST,D1,SEC,20260324-MSST-1,a5022dd0-27ea-11f1-af58-35dac0914731,91.11153,,,8.93182,,,,,,,dd9a23d0-46ab-4e69-8731-b6ab313b6345,2026-03-25,01:33:36.34,2026-03-24T20:33:36.3420672-05:00,2026-03-25T01:33:36.3420672Z,,v3,5080,471449,f283d7f39aaf4b10983d124063eab2d6,"Stockman, Tucker",838152,Right,SOU_GOL,1fbf9a98-56c3-49ec-bd29-97159b11cd4d,54.16726,-134.05288,15.82776,5.72256,1.51271,-12.39247,-2.09377,7.02004,-9.03867,,,,,,,,,,,,,,,,,,,,,,,,,,,,,,,,,,,,,,,,,,,,,,,,,,,High,High,High,,,,,,,,,,,,,,,,,,,,,,,,,,,,,,,,,,,,
247,2026-03-24,20:33:51.87,2,2,"Richardson, Cole",835277,Right,SOU_GOL,"Nunnallee, James",825763,Left,MSU_BDG,Undefined,6,Bottom,1,1,0,Sinker,Sinker,StrikeCalled,Undefined,Undefined,Undefined,0,0,,91.20029,-2.132241,-3.853638,2144.993108,242.427818,2:00,5.53722,2.03706,6.57897,-24.04501,9.055,15.15922,1.57396,-0.23684,82.85231,-6.675922,-1.102507,0.414081,,,,,,,,,,,,-9.11308,5.7489,-1.77814,50,5.38061,8.302,-132.20051,-5.65339,-15.9833,30.53759,-22.09104,MSU_BDG,SOU_GOL,MSST,D1,SEC,20260324-MSST-1,ae596240-27ea-11f1-af58-35dac0914731,91.02665,,,8.34798,,,,,,,dd9a23d0-46ab-4e69-8731-b6ab313b6345,2026-03-25,01:33:51.87,2026-03-24T20:33:51.8744064-05:00,2026-03-25T01:33:51.8744064Z,,v3,5080,471449,f283d7f39aaf4b10983d124063eab2d6,"Stockman, Tucker",838152,Right,SOU_GOL,073bb381-a96a-4cc2-b960-2daea19c706a,53.91946,-133.1028,15.26879,5.53801,-5.00067,-11.04552,-2.03042,8.77425,-7.99165,,,,,,,,,,,,,,,,,,,,,,,,,,,,,,,,,,,,,,,,,,,,,,,,,,,High,High,High,,,,,,,,,,,,,,,,,,,,,,,,,,,,,,,,,,,,
248,2026-03-24,20:34:10.18,2,3,"Richardson, Cole",835277,Right,SOU_GOL,"Nunnallee, James",825763,Left,MSU_BDG,Undefined,6,Bottom,1,1,1,Fastball,Sinker,BallCalled,Undefined,Undefined,Undefined,0,0,,90.65431,-1.12817,-2.399019,2160.143827,233.531496,1:45,5.59588,2.08558,6.27771,-21.62777,12.25383,14.96887,2.75263,1.1204,81.99481,-5.233797,0.306075,0.418942,,,,,,,,,,,,-8.45516,7.06126,-1.91498,50,5.50205,4.87884,-131.52148,-3.24421,-14.63659,30.94336,-19.95042,MSU_BDG,SOU_GOL,MSST,D1,SEC,20260324-MSST-1,b92a1750-27ea-11f1-af58-35dac0914731,89.97063,,,8.6595,,,,,,,dd9a23d0-46ab-4e69-8731-b6ab313b6345,2026-03-25,01:34:10.18,2026-03-24T20:34:10.1878272-05:00,2026-03-25T01:34:10.1878272Z,,v3,5080,471449,f283d7f39aaf4b10983d124063eab2d6,"Stockman, Tucker",838152,Right,SOU_GOL,d7b96166-3de1-42b8-98a1-8444cb6fe9e5,54.21889,-132.51035,15.47168,5.59553,-2.60664,-9.97521,-2.07837,5.34658,-7.31829,,,,,,,,,,,,,,,,,,,,,,,,,,,,,,,,,,,,,,,,,,,,,,,,,,,High,High,High,,,,,,,,,,,,,,,,,,,,,,,,,,,,,,,,,,,,
249,2026-03-24,20:34:29.40,2,4,"Richardson, Cole",835277,Right,SOU_GOL,"Nunnallee, James",825763,Left,MSU_BDG,Undefined,6,Bottom,1,2,1,Sinker,Sinker,InPlay,Undefined,FlyBall,Out,1,0,,89.81538,0.010503,-3.465287,2061.590286,245.761364,2:15,5.62673,2.0406,6.44599,-25.83462,8.44599,16.12962,3.48352,0.19689,81.28275,-4.872701,-0.545457,0.421401,102.04273,31.139764,8.52197,2523.110727,109.12171,64.6752,13.87262,383.18877,382.6656,3.792149,5.456192,-9.50126,4.75626,-1.80148,50,5.61596,7.24887,-130.30073,-0.76397,-16.16028,30.11044,-24.08432,MSU_BDG,SOU_GOL,MSST,D1,SEC,20260324-MSST-1,c49c8aa0-27ea-11f1-af58-35dac0914731,89.44552,98.12267,,8.53262,,,,0.64265,3.35519,-0.21163,dd9a23d0-46ab-4e69-8731-b6ab313b6345,2026-03-25,01:34:29.40,2026-03-24T20:34:29.4004736-05:00,2026-03-25T01:34:29.4004736Z,FlyBall,v3,5080,471449,f283d7f39aaf4b10983d124063eab2d6,"Stockman, Tucker",838152,Right,SOU_GOL,58942d0e-4b14-4e3b-94d3-9198e45760cc,54.05276,-131.23392,15.05522,5.62807,-0.01754,-12.04216,-2.0339,7.74971,-8.08014,168.722764,0.64466,126.64603,-24.95994,5.88576,-1.25201,0.24594,-0.03947,0.00405,-0.00018,3.35486,77.39402,-18.13623,1.18385,-0.01299,-0.08306,0.02668,-0.00347,0.00017,-0.21088,18.96873,-6.34938,1.53001,-0.33234,0.06572,-0.01048,0.00106,-5E-05,,,,,,,,,,,,,,,,,,,,,,,High,High,High,High,Medium,,,,,,,,,,,,,,,,,,,,,,,,,,,,,,,,,,
250,2026-03-24,20:35:16.08,3,1,"Richardson, Cole",835277,Right,SOU_GOL,"Bevis, Blake",838765,Right,MSU_BDG,Undefined,6,Bottom,2,0,0,Slider,Slider,StrikeCalled,Undefined,Undefined,Undefined,0,0,,80.16827,-0.204176,-0.649326,1923.460765,112.405161,9:45,5.65981,2.12364,5.40692,-40.39589,3.85851,-5.9937,2.10218,1.01576,73.63196,-7.587708,-1.716768,0.478795,,,,,,,,,,,,2.8189,2.45083,-2.0616,50,5.61361,1.56308,-116.38703,-1.80047,3.86555,21.89861,-28.81324,MSU_BDG,SOU_GOL,MSST,D1,SEC,20260324-MSST-1,e082b910-27ea-11f1-af58-35dac0914731,78.72355,,,6.53631,,,,,,,dd9a23d0-46ab-4e69-8731-b6ab313b6345,2026-03-25,01:35:16.08,2026-03-24T20:35:16.0893440-05:00,2026-03-25T01:35:16.0893440Z,,v3,5080,471449,f283d7f39aaf4b10983d124063eab2d6,"Stockman, Tucker",838152,Right,SOU_GOL,be21d9aa-bc01-41da-83b3-a94d89cd4196,55.09102,-117.34102,10.9493,5.6647,-0.54526,-14.40662,-2.12602,1.39468,1.93277,,,,,,,,,,,,,,,,,,,,,,,,,,,,,,,,,,,,,,,,,,,,,,,,,,,High,High,High,,,,,,,,,,,,,,,,,,,,,,,,,,,,,,,,,,,,
251,2026-03-24,20:35:31.48,3,2,"Richardson, Cole",835277,Right,SOU_GOL,"Bevis, Blake",838765,Right,MSU_BDG,Undefined,6,Bottom,2,0,1,ChangeUp,Changeup,BallCalled,Undefined,Undefined,Undefined,0,0,,80.38438,-1.3007,-4.622106,1622.182529,272.435566,3:00,5.63894,2.23943,6.62051,-42.04451,0.84291,16.88725,0.94,-0.59528,72.89154,-9.153326,-1.554322,0.471342,,,,,,,,,,,,-10.30843,1.40217,-1.93092,50,5.5342,8.80623,-116.40381,-3.85624,-13.90889,25.23556,-30.28215,MSU_BDG,SOU_GOL,MSST,D1,SEC,20260324-MSST-1,e9a59710-27ea-11f1-af58-35dac0914731,79.9683,,,7.49284,,,,,,,dd9a23d0-46ab-4e69-8731-b6ab313b6345,2026-03-25,01:35:31.48,2026-03-24T20:35:31.4835968-05:00,2026-03-25T01:35:31.4835968Z,,v3,5080,471449,f283d7f39aaf4b10983d124063eab2d6,"Stockman, Tucker",838152,Right,SOU_GOL,04fec5cf-5bb1-4154-8b9d-8186bd4b1a6a,53.87725,-117.24136,12.61778,5.64551,-2.85119,-15.14107,-2.23086,9.26786,-6.95445,,,,,,,,,,,,,,,,,,,,,,,,,,,,,,,,,,,,,,,,,,,,,,,,,,,High,High,High,,,,,,,,,,,,,,,,,,,,,,,,,,,,,,,,,,,,
252,2026-03-24,20:35:47.22,3,3,"Richardson, Cole",835277,Right,SOU_GOL,"Bevis, Blake",838765,Right,MSU_BDG,Undefined,6,Bottom,2,1,1,ChangeUp,Changeup,FoulBallFieldable,Undefined,Undefined,Undefined,0,0,,79.33047,-0.392439,-3.026049,1677.386264,270.872406,3:00,5.63435,2.29897,6.25976,-43.30939,1.39087,19.24399,1.66287,1.10982,71.53337,-8.464134,0.454161,0.481201,40.79799,21.648811,-126.708686,4933.664494,,,,77.04604,31.7422,-127.835501,1.660146,-11.05729,1.31724,-2.08365,50,5.58436,5.38647,-115.01543,-2.0708,-14.47763,25.8156,-30.44934,MSU_BDG,SOU_GOL,MSST,D1,SEC,20260324-MSST-1,f308d970-27ea-11f1-af58-35dac0914731,78.32995,9.41596,,7.79709,,,,1.42634,0.72672,-2.30985,dd9a23d0-46ab-4e69-8731-b6ab313b6345,2026-03-25,01:35:47.22,2026-03-24T20:35:47.2227328-05:00,2026-03-25T01:35:47.2227328Z,GroundBall,v3,5080,471449,f283d7f39aaf4b10983d124063eab2d6,"Stockman, Tucker",838152,Right,SOU_GOL,8bff80b9-861e-422a-a2cc-3c986116095c,54.23919,-115.96303,12.9078,5.63986,-0.95311,-15.22467,-2.29112,5.91789,-7.23882,,1.42634,-33.24425,3.29384,-0.71131,0.08524,0.03651,-0.04148,0.01776,-0.00305,0.72672,22.07549,-14.40553,0.52708,-0.12756,0.20557,-0.16727,0.07289,-0.01281,-2.30986,-44.5863,7.96836,-1.8811,0.29881,0.06295,-0.09454,0.04224,-0.0074,,,,,,,,,,,,,,,,,,,,,,,High,High,High,Medium,Low,,,,,,,,,,,,,,,,,,,,,,,,,,,,,,,,,,
253,2026-03-24,20:36:07.46,3,4,"Richardson, Cole",835277,Right,SOU_GOL,"Bevis, Blake",838765,Right,MSU_BDG,Undefined,6,Bottom,2,1,2,Curveball,Slider,FoulBallFieldable,Undefined,Undefined,Undefined,0,0,,82.89873,-0.461519,-1.859225,1907.08424,33.372459,7:00,5.71227,1.99137,5.53389,-44.56707,-2.47382,-2.66894,1.56672,0.03047,74.75662,-8.627591,-2.335685,0.466958,,,,,,,,,,,,0.71059,-0.67638,-1.8281,50,5.64261,4.00786,-120.08932,-2.53563,1.01359,28.2861,-33.13888,MSU_BDG,SOU_GOL,MSST,D1,SEC,20260324-MSST-1,ff131ff0-27ea-11f1-af58-35dac0914731,80.71917,,,8.14211,,,,,,,dd9a23d0-46ab-4e69-8731-b6ab313b6345,2026-03-25,01:36:07.46,2026-03-24T20:36:07.4632704-05:00,2026-03-25T01:36:07.4632704Z,,v3,5080,471449,f283d7f39aaf4b10983d124063eab2d6,"Stockman, Tucker",838152,Right,SOU_GOL,75b8ffc7-9328-42fa-9970-d9205f73eaeb,54.96393,-121.25289,14.14305,5.71887,-1.17243,-16.56944,-1.99211,3.96616,0.50679,,,,,,,,,,,,,,,,,,,,,,,,,,,,,,,,,,,,,,,,,,,,,,,,,,,High,High,High,,,,,,,,,,,,,,,,,,,,,,,,,,,,,,,,,,,,
254,2026-03-24,20:36:29.91,3,5,"Richardson, Cole",835277,Right,SOU_GOL,"Bevis, Blake",838765,Right,MSU_BDG,Undefined,6,Bottom,2,1,2,Sinker,Sinker,InPlay,Undefined,GroundBall,Out,1,0,,92.05533,-1.183703,-2.812244,2095.908554,246.009621,2:15,5.74349,1.88676,6.46997,-24.81824,7.68524,14.80296,2.58673,0.53551,83.65882,-5.861816,-0.127608,0.410333,96.69195,-23.4748,26.108864,,,,,5.63332,5.63332,20.353587,0.043468,-8.57272,4.71008,-1.69444,50,5.64907,5.96054,-133.63112,-3.54345,-15.37529,30.98517,-23.72642,MSU_BDG,SOU_GOL,MSST,D1,SEC,20260324-MSST-1,0c72bd40-27eb-11f1-af58-35dac0914731,91.85823,2.46001,,8.39651,,,,0.19516,2.46001,-0.53346,dd9a23d0-46ab-4e69-8731-b6ab313b6345,2026-03-25,01:36:29.91,2026-03-24T20:36:29.9160064-05:00,2026-03-25T01:36:29.9160064Z,GroundBall,v3,5080,471449,f283d7f39aaf4b10983d124063eab2d6,"Stockman, Tucker",838152,Right,SOU_GOL,84850998-ad10-4679-9db2-de21c1688ced,54.02857,-134.56198,15.49259,5.74482,-2.83066,-11.86321,-1.88045,6.42245,-7.68764,,0.19368,117.01534,,,,,,,,2.46073,-56.59335,,,,,,,,-0.53418,57.34768,,,,,,,,,,,,,,,,,,,,,,,,,,,,,,High,High,High,Estimated,Estimated,,,,,,,,,,,,,,,,,,,,,,,,,,,,,,,,,,
255,2026-03-24,20:39:44.65,1,1,"Miller, Maddox",834974,Left,MSU_BDG,"Eubanks, Gray",838141,Left,SOU_GOL,Undefined,7,Top,0,0,0,Fastball,Four-Seam,StrikeCalled,Undefined,Undefined,Undefined,0,0,,95.84473,-3.065403,3.473787,2343.88718,133.859196,10:30,5.88147,-1.4581,6.07951,-14.37324,16.1382,-15.70379,1.83963,0.45117,87.03819,-5.819661,0.650864,0.39756,,,,,,,,,,,,9.07028,9.51701,1.19729,50,5.63621,-7.71478,-138.78841,-7.86454,17.58547,32.80157,-13.72244,MSU_BDG,SOU_GOL,MSST,D1,SEC,20260324-MSST-1,80851840-27eb-11f1-af58-35dac0914731,94.80947,,,8.80654,,,,,,,dd9a23d0-46ab-4e69-8731-b6ab313b6345,2026-03-25,01:39:44.65,2026-03-24T20:39:44.6513152-05:00,2026-03-25T01:39:44.6513152Z,,v3,5080,471449,f283d7f39aaf4b10983d124063eab2d6,"Raymond, Andrew",838762,Right,MSU_BDG,632e4b42-88fb-4e2c-9397-1e07a01568cd,54.41834,-139.82875,16.40078,5.87874,-7.42931,-6.86122,1.45082,-8.27252,8.79273,,,,,,,,,,,,,,,,,,,,,,,,,,,,,,,,,,,,,,,,,,,,,,,,,,,High,High,High,,,,,,,,,,,,,,,,,,,,,,,,,,,,,,,,,,,,
256,2026-03-24,20:39:59.98,1,2,"Miller, Maddox",834974,Left,MSU_BDG,"Eubanks, Gray",838141,Left,SOU_GOL,Undefined,7,Top,0,0,1,Slider,Slider,BallCalled,Undefined,Undefined,Undefined,0,0,,85.92402,-0.905895,2.378876,2644.148135,297.229729,4:00,5.72602,-1.4185,5.61449,-39.60868,-1.48791,5.0802,1.579,1.22639,79.37465,-8.119285,3.286191,0.444378,,,,,,,,,,,,-1.93725,-0.14972,1.21195,50,5.62305,-5.39554,-124.76034,-3.41222,-3.06436,24.25398,-32.41089,MSU_BDG,SOU_GOL,MSST,D1,SEC,20260324-MSST-1,89b786a0-27eb-11f1-af58-35dac0914731,84.82073,,,6.54937,,,,,,,dd9a23d0-46ab-4e69-8731-b6ab313b6345,2026-03-25,01:39:59.98,2026-03-24T20:39:59.9876096-05:00,2026-03-25T01:39:59.9876096Z,,v3,5080,471449,f283d7f39aaf4b10983d124063eab2d6,"Raymond, Andrew",838762,Right,MSU_BDG,a82b5f4e-beba-44a2-afbc-713706d4cb23,54.8856,-125.70654,12.12699,5.7315,-2.14781,-16.20544,1.42011,-5.276,-1.53218,,,,,,,,,,,,,,,,,,,,,,,,,,,,,,,,,,,,,,,,,,,,,,,,,,,High,High,High,,,,,,,,,,,,,,,,,,,,,,,,,,,,,,,,,,,,
257,2026-03-24,20:40:16.76,1,3,"Miller, Maddox",834974,Left,MSU_BDG,"Eubanks, Gray",838141,Left,SOU_GOL,Undefined,7,Top,0,1,1,Fastball,Sinker,StrikeCalled,Undefined,Undefined,Undefined,0,0,,94.38557,-2.382624,3.848417,2437.638661,121.637923,10:00,5.86319,-1.16123,6.04562,-18.68973,12.79402,-19.02096,2.09361,0.82193,85.74571,-5.915502,0.431858,0.403845,,,,,,,,,,,,10.86119,7.60063,0.87092,50,5.66707,-8.3438,-136.70545,-6.30142,20.43376,31.77817,-17.87453,MSU_BDG,SOU_GOL,MSST,D1,SEC,20260324-MSST-1,93abbe60-27eb-11f1-af58-35dac0914731,93.3339,,,8.63987,,,,,,,dd9a23d0-46ab-4e69-8731-b6ab313b6345,2026-03-25,01:40:16.76,2026-03-24T20:40:16.7610880-05:00,2026-03-25T01:40:16.7610880Z,,v3,5080,471449,f283d7f39aaf4b10983d124063eab2d6,"Raymond, Andrew",838762,Right,MSU_BDG,d1577518-f52f-4c77-980e-370fa1372b0a,54.45272,-137.73663,15.88909,5.86214,-5.7214,-8.93726,1.15242,-9.00686,10.21688,,,,,,,,,,,,,,,,,,,,,,,,,,,,,,,,,,,,,,,,,,,,,,,,,,,High,High,High,,,,,,,,,,,,,,,,,,,,,,,,,,,,,,,,,,,,
258,2026-03-24,20:40:35.04,1,4,"Miller, Maddox",834974,Left,MSU_BDG,"Eubanks, Gray",838141,Left,SOU_GOL,Undefined,7,Top,0,1,2,Fastball,Sinker,StrikeCalled,Strikeout,Undefined,Undefined,0,0,,94.8391,-1.944881,3.297167,2468.370268,127.977013,10:15,6.01463,-1.05181,5.93714,-15.52269,15.81572,-18.86284,2.91313,0.43843,85.86848,-4.912832,-0.085853,0.402912,,,,,,,,,,,,10.55564,8.98398,0.79862,50,5.85039,-7.0417,-137.4081,-5.14111,20.01805,32.74688,-15.13654,MSU_BDG,SOU_GOL,MSST,D1,SEC,20260324-MSST-1,9e9356d0-27eb-11f1-af58-35dac0914731,93.55009,,,8.97063,,,,,,,dd9a23d0-46ab-4e69-8731-b6ab313b6345,2026-03-25,01:40:35.04,2026-03-24T20:40:35.0460000-05:00,2026-03-25T01:40:35.0460000Z,,v3,5080,471449,f283d7f39aaf4b10983d124063eab2d6,"Raymond, Andrew",838762,Right,MSU_BDG,951c9eb7-0224-4061-a7dc-b163be66229a,54.55997,-138.49057,16.37344,6.01206,-4.64076,-7.56827,1.04232,-7.7034,10.00903,,,,,,,,,,,,,,,,,,,,,,,,,,,,,74.27919,3.044406,1.631027,1.413379,-2.19188,2.59529,-0.42579,-0.64079,4.49067,0.11568,127.28735,11.62509,-23.68908,-0.46817,100.31825,-6.99975,4.65799,26.22388,-15.03962,-0.16504,-25.27821,6.06967,High,High,High,,,High,High,High,,,,,,,,,,,,,,,,,,,,,,,,,,,,,,,
259,2026-03-24,20:41:03.01,2,1,"Miller, Maddox",834974,Left,MSU_BDG,"Odom, Lawson",838144,Right,SOU_GOL,Undefined,7,Top,1,0,0,Fastball,Four-Seam,FoulBallFieldable,Undefined,Undefined,Undefined,0,0,,95.84648,-2.600647,2.969356,2389.579932,139.033255,10:45,5.89807,-1.50745,5.89151,-13.46855,17.28639,-14.0767,2.3561,0.07899,86.79952,-5.192031,0.446617,0.399143,,,,,,,,,,,,8.09559,9.94583,1.27615,50,5.68051,-6.55683,-138.84195,-6.70818,15.66479,33.61851,-12.92914,MSU_BDG,SOU_GOL,MSST,D1,SEC,20260324-MSST-1,af394580-27eb-11f1-af58-35dac0914731,94.43334,,,9.04696,,,,,,,dd9a23d0-46ab-4e69-8731-b6ab313b6345,2026-03-25,01:41:03.01,2026-03-24T20:41:03.0163456-05:00,2026-03-25T01:41:03.0163456Z,,v3,5080,471449,f283d7f39aaf4b10983d124063eab2d6,"Raymond, Andrew",838762,Right,MSU_BDG,96bc56da-890c-48a7-982f-4addd362d41b,54.60649,-139.95289,16.80926,5.89512,-6.28093,-6.46457,1.50138,-7.07449,7.8324,,,,,,,,,,,,,,,,,,,,,,,,,,,,,,,,,,,,,,,,,,,,,,,,,,,High,High,High,,,,,,,,,,,,,,,,,,,,,,,,,,,,,,,,,,,,
260,2026-03-24,20:41:18.94,2,2,"Miller, Maddox",834974,Left,MSU_BDG,"Odom, Lawson",838144,Right,SOU_GOL,Undefined,7,Top,1,0,1,Fastball,Four-Seam,BallCalled,Undefined,Undefined,Undefined,0,0,,94.85353,-2.05342,4.364319,2473.306101,134.542798,10:30,5.92979,-1.43075,5.89515,-12.86902,18.59218,-17.76564,2.94455,1.14859,85.74918,-4.548711,1.187745,0.4037,,,,,,,,,,,,10.32851,10.41993,1.08866,50,5.75653,-9.65155,-137.24072,-5.28315,19.5393,32.67151,-12.46183,MSU_BDG,SOU_GOL,MSST,D1,SEC,20260324-MSST-1,b8bd7d60-27eb-11f1-af58-35dac0914731,93.36738,,,9.10434,,,,,,,dd9a23d0-46ab-4e69-8731-b6ab313b6345,2026-03-25,01:41:18.94,2026-03-24T20:41:18.9480960-05:00,2026-03-25T01:41:18.9480960Z,,v3,5080,471449,f283d7f39aaf4b10983d124063eab2d6,"Raymond, Andrew",838762,Right,MSU_BDG,fb706880-649f-4b1a-879f-8b9120b0d66a,54.60219,-138.33198,16.33576,5.92604,-4.86692,-6.23092,1.42193,-10.30418,9.76965,,,,,,,,,,,,,,,,,,,,,,,,,,,,,,,,,,,,,,,,,,,,,,,,,,,High,High,High,,,,,,,,,,,,,,,,,,,,,,,,,,,,,,,,,,,,
261,2026-03-24,20:41:33.08,2,3,"Miller, Maddox",834974,Left,MSU_BDG,"Odom, Lawson",838144,Right,SOU_GOL,Undefined,7,Top,1,1,1,ChangeUp,Changeup,InPlay,Undefined,FlyBall,Single,0,0,,83.29082,-1.371933,3.735988,2426.587104,94.063311,9:15,5.82009,-1.47404,5.87131,-37.78569,2.79992,-20.47033,1.39401,0.29518,76.18046,-8.331133,0.064253,0.458519,85.20107,38.776359,-25.923164,4189.938197,98.01595,79.84119,-49.92866,289.65347,286.55806,-29.41806,5.399893,11.65288,2.19358,1.18366,50,5.68674,-7.09205,-120.75826,-4.14032,17.11404,24.7028,-28.95243,MSU_BDG,SOU_GOL,MSST,D1,SEC,20260324-MSST-1,c122fed0-27eb-11f1-af58-35dac0914731,82.20472,98.67353,,7.11036,,,,3.08424,1.75796,-0.30049,dd9a23d0-46ab-4e69-8731-b6ab313b6345,2026-03-25,01:41:33.08,2026-03-24T20:41:33.0812416-05:00,2026-03-25T01:41:33.0812416Z,FlyBall,v3,5080,471449,f283d7f39aaf4b10983d124063eab2d6,"Raymond, Andrew",838762,Right,MSU_BDG,ce44844f-1e40-4883-b062-c25d98636329,54.63005,-121.70172,12.3514,5.82376,-3.03456,-14.47622,1.467,-7.74568,8.55702,171.114128,3.088,87.54177,-19.72503,4.39348,-0.54115,-0.00878,0.01383,-0.00175,7E-05,1.75651,78.28334,-17.43079,0.8965,-0.12396,-0.00614,0.01029,-0.00196,0.00011,-0.302,-42.55975,7.02896,-1.40438,0.1585,0.00315,-0.0034,0.00034,-1E-05,,,,,,,,,,,,,,,,,,,,,,,High,High,High,High,Medium,,,,,,,,,,,,,,,,,,,,,,,,,,,,,,,,,,
262,2026-03-24,20:42:13.95,3,1,"Miller, Maddox",834974,Left,MSU_BDG,"Smith, Seth",835337,Left,SOU_GOL,Undefined,7,Top,1,0,0,Fastball,Four-Seam,BallCalled,Undefined,Undefined,Undefined,0,0,,94.70744,-0.792868,3.279553,2452.450309,135.665862,10:30,5.92521,-1.42426,5.87272,-12.20855,19.46596,-17.88875,4.17014,0.13445,85.07421,-3.184718,0.076344,0.405066,,,,,,,,,,,,10.06745,10.47253,1.1685,50,5.8538,-7.01382,-137.16303,-2.20594,18.90261,34.42313,-12.5109,MSU_BDG,SOU_GOL,MSST,D1,SEC,20260324-MSST-1,d9844c40-27eb-11f1-af58-35dac0914731,93.05248,,,9.63323,,,,,,,dd9a23d0-46ab-4e69-8731-b6ab313b6345,2026-03-25,01:42:13.95,2026-03-24T20:42:13.9580928-05:00,2026-03-25T01:42:13.9580928Z,,v3,5080,471449,f283d7f39aaf4b10983d124063eab2d6,"Raymond, Andrew",838762,Right,MSU_BDG,13214c2d-dfc0-4986-bf9e-6ca3ddf74010,54.62273,-138.31831,17.21156,5.92079,-1.78606,-6.25545,1.41454,-7.64821,9.45131,,,,,,,,,,,,,,,,,,,,,,,,,,,,,,,,,,,,,,,,,,,,,,,,,,,High,High,High,,,,,,,,,,,,,,,,,,,,,,,,,,,,,,,,,,,,
263,2026-03-24,20:42:33.00,3,2,"Miller, Maddox",834974,Left,MSU_BDG,"Smith, Seth",835337,Left,SOU_GOL,Undefined,7,Top,1,1,0,Fastball,Sinker,BallCalled,Undefined,Undefined,Undefined,0,0,,94.75708,-1.088557,3.298791,2517.668486,130.751807,10:15,5.89935,-1.45354,5.66052,-14.35351,17.54966,-19.01005,3.68631,0.04189,85.15965,-3.853305,-0.092159,0.406526,,,,,,,,,,,,10.5767,9.53902,1.18595,50,5.79821,-6.989,-137.17903,-3.03604,19.86663,34.38591,-14.25651,MSU_BDG,SOU_GOL,MSST,D1,SEC,20260324-MSST-1,e4dfb520-27eb-11f1-af58-35dac0914731,92.71838,,,9.59742,,,,,,,dd9a23d0-46ab-4e69-8731-b6ab313b6345,2026-03-25,01:42:33.00,2026-03-24T20:42:33.0099200-05:00,2026-03-25T01:42:33.0099200Z,,v3,5080,471449,f283d7f39aaf4b10983d124063eab2d6,"Raymond, Andrew",838762,Right,MSU_BDG,48c27ab1-d189-4422-a926-57afd7d939df,54.83527,-138.38575,17.19296,5.89597,-2.53573,-7.12826,1.44345,-7.68619,9.93332,,,,,,,,,,,,,,,,,,,,,,,,,,,,,,,,,,,,,,,,,,,,,,,,,,,High,High,High,,,,,,,,,,,,,,,,,,,,,,,,,,,,,,,,,,,,
264,2026-03-24,20:42:51.06,3,3,"Miller, Maddox",834974,Left,MSU_BDG,"Smith, Seth",835337,Left,SOU_GOL,Undefined,7,Top,1,2,0,Fastball,Four-Seam,InPlay,Undefined,LineDrive,Single,0,0,,94.18588,-1.550399,2.724029,2477.216063,133.964459,10:30,5.97192,-1.53863,5.72935,-12.19111,19.98911,-19.50434,3.51009,-0.62513,84.70202,-3.932406,-0.762049,0.408288,95.44585,19.523384,27.001142,1220.959986,95.13329,29.82518,55.22257,277.47334,200.6191,35.266653,2.769555,10.76693,10.98662,1.32345,50,5.83525,-5.58653,-136.44663,-4.0196,19.9953,34.20233,-11.77076,MSU_BDG,SOU_GOL,MSST,D1,SEC,20260324-MSST-1,efa08bb0-27eb-11f1-af58-35dac0914731,92.31837,32.0612,,9.48386,,,,0.75066,3.50274,0.61786,dd9a23d0-46ab-4e69-8731-b6ab313b6345,2026-03-25,01:42:51.06,2026-03-24T20:42:51.0637056-05:00,2026-03-25T01:42:51.0637056Z,LineDrive,v3,5080,471449,f283d7f39aaf4b10983d124063eab2d6,"Raymond, Andrew",838762,Right,MSU_BDG,353e5357-73f7-48f9-bf6e-010aeecf30e2,54.76821,-137.63666,17.10117,5.96799,-3.61005,-5.88538,1.52993,-6.28224,9.99765,259.237572,0.75069,117.55507,-17.69601,2.76258,-0.51268,0.02224,0.02593,-0.00949,0.00115,3.50271,46.78363,-21.38856,2.25617,-0.51625,0.15018,-0.04284,0.00911,-0.00089,0.61788,59.90034,0.4187,-0.76654,0.24903,-0.09483,0.03066,-0.00693,0.00069,,,,,,,,,,,,,,,,,,,,,,,High,High,High,High,Medium,,,,,,,,,,,,,,,,,,,,,,,,,,,,,,,,,,
265,2026-03-24,20:43:38.62,4,1,"Miller, Maddox",834974,Left,MSU_BDG,"Tonsmeire Jr., William",1000477968,Right,SOU_GOL,Undefined,7,Top,1,0,0,ChangeUp,Changeup,BallCalled,Undefined,Undefined,Undefined,0,0,,82.15066,-0.815999,3.194872,2336.471208,63.8309,8:15,5.79095,-1.42687,5.8132,-48.42751,-6.55252,-16.17217,0.99533,0.19931,75.20655,-9.66566,0.291553,0.465746,,,,,,,,,,,,9.21449,-2.66323,1.17448,50,5.69539,-6.01303,-119.16083,-3.35804,13.13541,24.72773,-35.97056,MSU_BDG,SOU_GOL,MSST,D1,SEC,20260324-MSST-1,0c0511e0-27ec-11f1-af58-35dac0914731,80.92926,,,6.94411,,,,,,,dd9a23d0-46ab-4e69-8731-b6ab313b6345,2026-03-25,01:43:38.62,2026-03-24T20:43:38.6287104-05:00,2026-03-25T01:43:38.6287104Z,,v3,5080,471449,f283d7f39aaf4b10983d124063eab2d6,"Raymond, Andrew",838762,Right,MSU_BDG,9f0f6b35-e385-4787-a741-d92b92cb1498,54.68791,-120.12971,12.36387,5.79935,-1.94865,-17.98528,1.42016,-6.5277,6.56771,,,,,,,,,,,,,,,,,,,,,,,,,,,,,,,,,,,,,,,,,,,,,,,,,,,High,High,High,,,,,,,,,,,,,,,,,,,,,,,,,,,,,,,,,,,,
266,2026-03-24,20:43:55.24,4,2,"Miller, Maddox",834974,Left,MSU_BDG,"Tonsmeire Jr., William",1000477968,Right,SOU_GOL,Undefined,7,Top,1,1,0,ChangeUp,Changeup,StrikeSwinging,Undefined,Undefined,Undefined,0,0,,82.00204,-0.82604,3.161477,2498.275502,59.841016,8:00,5.75726,-1.66339,5.61711,-50.54196,-8.26571,-16.60588,0.77328,-0.09367,75.23769,-10.012658,0.190064,0.467972,,,,,,,,,,,,9.37012,-3.5352,1.40424,50,5.65402,-5.90439,-118.94455,-3.49828,13.32871,24.32281,-37.20277,MSU_BDG,SOU_GOL,MSST,D1,SEC,20260324-MSST-1,15ec0330-27ec-11f1-af58-35dac0914731,80.54427,,,6.76435,,,,,,,dd9a23d0-46ab-4e69-8731-b6ab313b6345,2026-03-25,01:43:55.24,2026-03-24T20:43:55.2465408-05:00,2026-03-25T01:43:55.2465408Z,,v3,5080,471449,f283d7f39aaf4b10983d124063eab2d6,"Raymond, Andrew",838762,Right,MSU_BDG,61cc20da-8395-4598-8834-9de902c8d648,54.88487,-119.93929,12.16141,5.76598,-1.97678,-18.60139,1.65686,-6.4495,6.66435,,,,,,,,,,,,,,,,,,,,,,,,,,,,,,,,,,,,,,,,,,,,,,,,,,,High,High,High,,,,,,,,,,,,,,,,,,,,,,,,,,,,,,,,,,,,
267,2026-03-24,20:44:15.21,4,3,"Miller, Maddox",834974,Left,MSU_BDG,"Tonsmeire Jr., William",1000477968,Right,SOU_GOL,Undefined,7,Top,1,1,1,Fastball,Sinker,BallCalled,Undefined,Undefined,Undefined,0,0,,93.71415,0.383869,1.87191,2392.232179,120.734954,10:00,5.8633,-1.53025,5.65764,-18.93383,13.56702,-20.88096,4.64367,-1.52401,84.3958,-3.200729,-1.858009,0.410316,,,,,,,,,,,,11.05481,7.07441,1.38465,50,5.88404,-3.44452,-135.86888,0.27627,20.39083,33.45188,-19.12514,MSU_BDG,SOU_GOL,MSST,D1,SEC,20260324-MSST-1,21cf60c0-27ec-11f1-af58-35dac0914731,91.86191,,,9.31835,,,,,,,dd9a23d0-46ab-4e69-8731-b6ab313b6345,2026-03-25,01:44:15.21,2026-03-24T20:44:15.2138240-05:00,2026-03-25T01:44:15.2138240Z,,v3,5080,471449,f283d7f39aaf4b10983d124063eab2d6,"Raymond, Andrew",838762,Right,MSU_BDG,aa4fff20-6103-4ad2-bc7e-56f9d062759f,54.83866,-137.05501,16.72594,5.86222,0.9544,-9.56257,1.5196,-4.16754,10.19542,,,,,,,,,,,,,,,,,,,,,,,,,,,,,,,,,,,,,,,,,,,,,,,,,,,High,High,High,,,,,,,,,,,,,,,,,,,,,,,,,,,,,,,,,,,,
268,2026-03-24,20:44:33.47,4,4,"Miller, Maddox",834974,Left,MSU_BDG,"Tonsmeire Jr., William",1000477968,Right,SOU_GOL,Undefined,7,Top,1,2,1,Fastball,Four-Seam,BallCalled,Undefined,Undefined,Undefined,0,0,,93.99498,-1.348705,1.73193,2571.839887,135.738624,10:30,5.9578,-1.33809,5.54398,-14.11642,18.39824,-16.77493,3.52018,-1.11692,84.56262,-4.065549,-1.258492,0.410403,,,,,,,,,,,,8.93827,10.02508,1.19906,50,5.83185,-3.30783,-136.1833,-3.62577,16.53944,34.00207,-13.6236,MSU_BDG,SOU_GOL,MSST,D1,SEC,20260324-MSST-1,2cb5c0b0-27ec-11f1-af58-35dac0914731,91.84241,,,9.43236,,,,,,,dd9a23d0-46ab-4e69-8731-b6ab313b6345,2026-03-25,01:44:33.47,2026-03-24T20:44:33.4709760-05:00,2026-03-25T01:44:33.4709760Z,,v3,5080,471449,f283d7f39aaf4b10983d124063eab2d6,"Raymond, Andrew",838762,Right,MSU_BDG,f859c34b-ba09-4110-a03a-78e5df6bb625,54.95151,-137.41402,17.00103,5.95416,-3.13266,-6.8118,1.32963,-3.90649,8.26972,,,,,,,,,,,,,,,,,,,,,,,,,,,,,,,,,,,,,,,,,,,,,,,,,,,High,High,High,,,,,,,,,,,,,,,,,,,,,,,,,,,,,,,,,,,,
269,2026-03-24,20:44:51.24,4,5,"Miller, Maddox",834974,Left,MSU_BDG,"Tonsmeire Jr., William",1000477968,Right,SOU_GOL,Undefined,7,Top,1,3,1,Fastball,Four-Seam,StrikeCalled,Undefined,Undefined,Undefined,0,0,,94.46308,-1.954749,3.904792,2551.558649,137.284363,10:30,5.86725,-1.47822,5.72049,-11.95524,19.95922,-17.38765,3.04524,0.71567,85.34677,-4.283289,0.803503,0.406598,,,,,,,,,,,,9.92906,11.01623,1.16203,50,5.69619,-8.50802,-136.70694,-4.98871,18.63145,32.51334,-11.50261,MSU_BDG,SOU_GOL,MSST,D1,SEC,20260324-MSST-1,37432b30-27ec-11f1-af58-35dac0914731,92.70195,,,9.11631,,,,,,,dd9a23d0-46ab-4e69-8731-b6ab313b6345,2026-03-25,01:44:51.24,2026-03-24T20:44:51.2429056-05:00,2026-03-25T01:44:51.2429056Z,,v3,5080,471449,f283d7f39aaf4b10983d124063eab2d6,"Raymond, Andrew",838762,Right,MSU_BDG,d45e557f-baf6-47e5-b729-f72f0470c1ef,54.77629,-137.83821,16.25667,5.86281,-4.58849,-5.75131,1.46933,-9.15628,9.31573,,,,,,,,,,,,,,,,,,,,,,,,,,,,,,,,,,,,,,,,,,,,,,,,,,,High,High,High,,,,,,,,,,,,,,,,,,,,,,,,,,,,,,,,,,,,
270,2026-03-24,20:45:11.02,4,6,"Miller, Maddox",834974,Left,MSU_BDG,"Tonsmeire Jr., William",1000477968,Right,SOU_GOL,Undefined,7,Top,1,3,2,Fastball,Four-Seam,StrikeCalled,Strikeout,Undefined,Undefined,0,0,,95.09399,-2.430921,3.002188,2547.564843,134.115605,10:30,5.908,-1.40211,5.66621,-12.86698,18.80635,-18.1971,2.56462,-0.11666,85.61632,-4.922264,-0.245518,0.405059,,,,,,,,,,,,10.10638,10.61209,1.15963,50,5.6943,-6.3468,-137.62874,-6.21303,19.1193,34.44452,-12.09809,MSU_BDG,SOU_GOL,MSST,D1,SEC,20260324-MSST-1,43204730-27ec-11f1-af58-35dac0914731,93.05419,,,9.47766,,,,,,,dd9a23d0-46ab-4e69-8731-b6ab313b6345,2026-03-25,01:45:11.02,2026-03-24T20:45:11.0267904-05:00,2026-03-25T01:45:11.0267904Z,,v3,5080,471449,f283d7f39aaf4b10983d124063eab2d6,"Raymond, Andrew",838762,Right,MSU_BDG,a3aaa71b-0f80-4df8-b1f9-8abc244c6b63,54.83026,-138.83236,17.22226,5.90402,-5.79029,-6.04905,1.39308,-7.0149,9.55965,,,,,,,,,,,,,,,,,,,,,,,,,,,,,,,,,,,,,,,,,,,,,,,,,,,High,High,High,,,,,,,,,,,,,,,,,,,,,,,,,,,,,,,,,,,,
271,2026-03-24,20:45:44.31,5,1,"Miller, Maddox",834974,Left,MSU_BDG,"Urban, Joseph",1000116546,Right,SOU_GOL,Undefined,7,Top,2,0,0,ChangeUp,Changeup,StrikeSwinging,Undefined,Undefined,Undefined,0,0,,83.01701,-0.906549,3.825668,2492.495965,95.911697,9:15,5.81535,-1.56614,5.88702,-37.07782,3.91567,-24.11706,1.88178,-0.0182,75.51047,-7.763846,-0.499998,0.460818,,,,,,,,,,,,13.41946,2.73524,1.27072,50,5.72103,-7.07189,-120.30426,-3.12846,19.48581,25.34575,-28.20232,MSU_BDG,SOU_GOL,MSST,D1,SEC,20260324-MSST-1,56f1ac40-27ec-11f1-af58-35dac0914731,81.79472,,,7.50654,,,,,,,dd9a23d0-46ab-4e69-8731-b6ab313b6345,2026-03-25,01:45:44.31,2026-03-24T20:45:44.3116544-05:00,2026-03-25T01:45:44.3116544Z,,v3,5080,471449,f283d7f39aaf4b10983d124063eab2d6,"Raymond, Andrew",838762,Right,MSU_BDG,afbdc688-fa48-4556-a68d-c5d0a2256c73,54.61248,-121.27213,12.67288,5.81993,-2.05151,-14.10116,1.55497,-7.81598,9.74291,,,,,,,,,,,,,,,,,,,,,,,,,,,,,,,,,,,,,,,,,,,,,,,,,,,High,High,High,,,,,,,,,,,,,,,,,,,,,,,,,,,,,,,,,,,,
272,2026-03-24,20:46:02.07,5,2,"Miller, Maddox",834974,Left,MSU_BDG,"Urban, Joseph",1000116546,Right,SOU_GOL,Undefined,7,Top,2,0,1,ChangeUp,Changeup,StrikeSwinging,Undefined,Undefined,Undefined,0,0,,81.5585,-1.751611,2.848405,2494.209244,69.615167,8:15,5.71407,-1.52118,5.45695,-48.31975,-5.32252,-18.11308,0.04525,-0.36209,74.95956,-10.501696,-0.385911,0.471945,,,,,,,,,,,,10.04859,-1.81193,1.28297,50,5.52593,-5.16197,-118.26256,-5.32452,14.13424,23.98754,-34.72268,MSU_BDG,SOU_GOL,MSST,D1,SEC,20260324-MSST-1,618ece30-27ec-11f1-af58-35dac0914731,79.86615,,,6.59894,,,,,,,dd9a23d0-46ab-4e69-8731-b6ab313b6345,2026-03-25,01:46:02.07,2026-03-24T20:46:02.0752384-05:00,2026-03-25T01:46:02.0752384Z,,v3,5080,471449,f283d7f39aaf4b10983d124063eab2d6,"Raymond, Andrew",838762,Right,MSU_BDG,f44ba03d-b7b7-49c5-9380-94c0f635b57e,55.04521,-119.2815,11.99377,5.72078,-3.84957,-17.36134,1.51499,-5.76237,7.06712,,,,,,,,,,,,,,,,,,,,,,,,,,,,,,,,,,,,,,,,,,,,,,,,,,,High,High,High,,,,,,,,,,,,,,,,,,,,,,,,,,,,,,,,,,,,
273,2026-03-24,20:46:22.34,5,3,"Miller, Maddox",834974,Left,MSU_BDG,"Urban, Joseph",1000116546,Right,SOU_GOL,Undefined,7,Top,2,0,2,ChangeUp,Changeup,BallCalled,Undefined,Undefined,Undefined,0,0,,81.49067,-0.047675,1.922496,2423.386172,70.008049,8:15,5.75988,-1.66736,5.47897,-48.07833,-5.07969,-17.87702,1.70872,-1.35757,74.52119,-8.805082,-1.268588,0.471953,,,,,,,,,,,,9.57693,-2.10386,1.51103,50,5.72304,-3.23881,-118.26597,-1.80583,13.45674,24.21911,-35.1302,MSU_BDG,SOU_GOL,MSST,D1,SEC,20260324-MSST-1,6d9914b0-27ec-11f1-af58-35dac0914731,79.86481,,,6.96948,,,,,,,dd9a23d0-46ab-4e69-8731-b6ab313b6345,2026-03-25,01:46:22.34,2026-03-24T20:46:22.3476224-05:00,2026-03-25T01:46:22.3476224Z,,v3,5080,471449,f283d7f39aaf4b10983d124063eab2d6,"Raymond, Andrew",838762,Right,MSU_BDG,6442c31f-e56d-4f99-9053-7f3a3c9dbbf3,55.02189,-119.28995,12.10955,5.76799,-0.32054,-17.5651,1.65999,-3.80776,6.72837,,,,,,,,,,,,,,,,,,,,,,,,,,,,,,,,,,,,,,,,,,,,,,,,,,,High,High,High,,,,,,,,,,,,,,,,,,,,,,,,,,,,,,,,,,,,
274,2026-03-24,20:46:43.46,5,4,"Miller, Maddox",834974,Left,MSU_BDG,"Urban, Joseph",1000116546,Right,SOU_GOL,Undefined,7,Top,2,1,2,Fastball,Sinker,BallCalled,Undefined,Undefined,Undefined,0,0,,94.91247,-0.987343,1.88928,2532.043821,125.890606,10:15,5.81828,-1.45162,5.71425,-15.95969,15.67485,-20.09477,3.56792,-1.36552,85.51759,-4.034543,-1.704497,0.404811,,,,,,,,,,,,10.68473,8.57599,1.30554,50,5.7259,-3.57325,-137.59253,-2.8744,20.2058,34.38458,-15.95608,MSU_BDG,SOU_GOL,MSST,D1,SEC,20260324-MSST-1,7a428160-27ec-11f1-af58-35dac0914731,93.11125,,,9.39488,,,,,,,dd9a23d0-46ab-4e69-8731-b6ab313b6345,2026-03-25,01:46:43.46,2026-03-24T20:46:43.4640896-05:00,2026-03-25T01:46:43.4640896Z,,v3,5080,471449,f283d7f39aaf4b10983d124063eab2d6,"Raymond, Andrew",838762,Right,MSU_BDG,efb2bdac-be2f-44a6-a117-88ffb990918b,54.78182,-138.78236,17.19229,5.81581,-2.32225,-7.97804,1.44129,-4.27245,10.1029,,,,,,,,,,,,,,,,,,,,,,,,,,,,,,,,,,,,,,,,,,,,,,,,,,,High,High,High,,,,,,,,,,,,,,,,,,,,,,,,,,,,,,,,,,,,
275,2026-03-24,20:47:03.24,5,5,"Miller, Maddox",834974,Left,MSU_BDG,"Urban, Joseph",1000116546,Right,SOU_GOL,Undefined,7,Top,2,2,2,ChangeUp,Changeup,InPlay,Undefined,GroundBall,Single,0,0,,84.11121,-0.128836,2.863589,2477.854025,72.751103,8:30,5.72866,-1.5072,5.68999,-44.44384,-4.48032,-18.59548,1.90478,-0.38571,77.00073,-8.256292,-0.464737,0.454992,93.28343,-20.880834,-5.548907,,,,,6.73867,6.73867,-0.922504,0.039757,10.31426,-1.87788,1.27823,50,5.68985,-5.35156,-122.07436,-1.84471,15.48806,25.12997,-34.99388,MSU_BDG,SOU_GOL,MSST,D1,SEC,20260324-MSST-1,86178710-27ec-11f1-af58-35dac0914731,82.84207,1.94169,,7.11047,,,,1.67175,1.94169,0.38368,dd9a23d0-46ab-4e69-8731-b6ab313b6345,2026-03-25,01:47:03.24,2026-03-24T20:47:03.2406528-05:00,2026-03-25T01:47:03.2406528Z,GroundBall,v3,5080,471449,f283d7f39aaf4b10983d124063eab2d6,"Raymond, Andrew",838762,Right,MSU_BDG,092264fd-82f3-43d3-8a4f-e7d10afd3cc7,54.81175,-123.06091,12.56499,5.7353,-0.47093,-17.49694,1.50025,-5.95958,7.74403,,1.67051,127.4247,,,,,,,,1.94217,-48.83878,,,,,,,,0.3838,-12.37939,,,,,,,,,,,,,,,,,,,,,,,,,,,,,,High,High,High,Estimated,Estimated,,,,,,,,,,,,,,,,,,,,,,,,,,,,,,,,,,
276,2026-03-24,20:48:22.96,6,1,"Miller, Maddox",834974,Left,MSU_BDG,"Morrison, Kyle",835275,Left,SOU_GOL,Undefined,7,Top,2,0,0,Fastball,Sinker,StrikeSwinging,Undefined,Undefined,Undefined,0,0,,94.71514,-1.596275,1.74481,2315.343051,132.108769,10:30,5.88521,-1.39616,5.7522,-15.12879,16.71942,-17.18962,3.1374,-1.20385,85.07089,-4.502024,-1.331904,0.406176,,,,,,,,,,,,9.21662,9.33615,1.26144,50,5.74358,-3.35946,-137.2261,-4.27984,17.27199,35.24334,-14.67804,MSU_BDG,SOU_GOL,MSST,D1,SEC,20260324-MSST-1,b5770f80-27ec-11f1-af58-35dac0914731,92.79838,,,9.64425,,,,,,,dd9a23d0-46ab-4e69-8731-b6ab313b6345,2026-03-25,01:48:22.96,2026-03-24T20:48:22.9602304-05:00,2026-03-25T01:48:22.9602304Z,,v3,5080,471449,f283d7f39aaf4b10983d124063eab2d6,"Raymond, Andrew",838762,Right,MSU_BDG,10b7c3b6-cb4a-4a01-9425-31663e5f2083,54.74291,-138.43885,17.62167,5.88216,-3.77476,-7.33902,1.38727,-3.9538,8.636,,,,,,,,,,,,,,,,,,,,,,,,,,,,,,,,,,,,,,,,,,,,,,,,,,,High,High,High,,,,,,,,,,,,,,,,,,,,,,,,,,,,,,,,,,,,
277,2026-03-24,20:48:40.89,6,2,"Miller, Maddox",834974,Left,MSU_BDG,"Morrison, Kyle",835275,Left,SOU_GOL,Undefined,7,Top,2,0,1,Fastball,Four-Seam,StrikeCalled,Undefined,Undefined,Undefined,0,0,,94.04138,-1.654352,3.347408,2387.391401,130.441496,10:15,5.84981,-1.42214,5.82295,-16.00934,16.23544,-17.64658,2.97461,0.2229,84.51143,-4.723378,0.189968,0.408697,,,,,,,,,,,,9.98394,9.13008,1.15823,50,5.70493,-7.13397,-136.12296,-4.42126,18.441,34.22401,-15.31017,MSU_BDG,SOU_GOL,MSST,D1,SEC,20260324-MSST-1,c028a3d0-27ec-11f1-af58-35dac0914731,92.22594,,,9.52995,,,,,,,dd9a23d0-46ab-4e69-8731-b6ab313b6345,2026-03-25,01:48:40.89,2026-03-24T20:48:40.8953344-05:00,2026-03-25T01:48:40.8953344Z,,v3,5080,471449,f283d7f39aaf4b10983d124063eab2d6,"Raymond, Andrew",838762,Right,MSU_BDG,28c4bb52-c998-4348-8e89-1c44a894f322,54.67267,-137.29273,17.11201,5.84711,-3.89796,-7.65509,1.41284,-7.76429,9.2205,,,,,,,,,,,,,,,,,,,,,,,,,,,,,,,,,,,,,,,,,,,,,,,,,,,High,High,High,,,,,,,,,,,,,,,,,,,,,,,,,,,,,,,,,,,,
278,2026-03-24,20:48:58.97,6,3,"Miller, Maddox",834974,Left,MSU_BDG,"Morrison, Kyle",835275,Left,SOU_GOL,Undefined,7,Top,2,0,2,Fastball,Four-Seam,BallCalled,Undefined,Undefined,Undefined,0,0,,94.72343,-0.319968,2.268914,2436.672545,134.77136,10:30,6.00637,-1.30367,5.61189,-12.90638,19.11659,-18.07233,4.63195,-0.69086,84.87014,-2.832589,-0.955203,0.407288,,,,,,,,,,,,9.78678,10.06867,1.1212,50,5.97093,-4.55827,-137.20761,-1.12188,18.32989,35.31883,-13.31613,MSU_BDG,SOU_GOL,MSST,D1,SEC,20260324-MSST-1,caefe300-27ec-11f1-af58-35dac0914731,92.54482,,,9.85328,,,,,,,dd9a23d0-46ab-4e69-8731-b6ab313b6345,2026-03-25,01:48:58.97,2026-03-24T20:48:58.9706752-05:00,2026-03-25T01:48:58.9706752Z,,v3,5080,471449,f283d7f39aaf4b10983d124063eab2d6,"Raymond, Andrew",838762,Right,MSU_BDG,e96f3051-4ae1-44ec-96fa-2d2a8c6041cf,54.88324,-138.4589,17.65941,6.00231,-0.65011,-6.65807,1.2942,-5.20767,9.16495,,,,,,,,,,,,,,,,,,,,,,,,,,,,,,,,,,,,,,,,,,,,,,,,,,,High,High,High,,,,,,,,,,,,,,,,,,,,,,,,,,,,,,,,,,,,
279,2026-03-24,20:49:16.99,6,4,"Miller, Maddox",834974,Left,MSU_BDG,"Morrison, Kyle",835275,Left,SOU_GOL,Undefined,7,Top,2,1,2,Fastball,Sinker,StrikeSwinging,Strikeout,Undefined,Undefined,0,0,,94.51638,-1.794566,3.38001,2462.75726,126.185848,10:15,5.92575,-1.48812,5.71711,-16.48265,15.51332,-19.60816,2.87704,0.03011,85.09961,-4.936284,-0.121998,0.407117,,,,,,,,,,,,10.92327,8.76327,1.21703,50,5.76539,-7.1446,-136.80797,-4.81604,20.42065,34.01143,-15.79144,MSU_BDG,SOU_GOL,MSST,D1,SEC,20260324-MSST-1,d5a93f80-27ec-11f1-af58-35dac0914731,92.58386,,,9.41677,,,,,,,dd9a23d0-46ab-4e69-8731-b6ab313b6345,2026-03-25,01:49:16.99,2026-03-24T20:49:16.9903616-05:00,2026-03-25T01:49:16.9903616Z,,v3,5080,471449,f283d7f39aaf4b10983d124063eab2d6,"Raymond, Andrew",838762,Right,MSU_BDG,64563a30-e34d-4d12-8ee8-87018cff6f0b,54.77906,-137.99097,17.00571,5.92335,-4.26678,-7.89572,1.47789,-7.85488,10.21033,,,,,,,,,,,,,,,,,,,,,,,,,,,,,,,,,,,,,,,,,,,,,,,,,,,High,High,High,,,,,,,,,,,,,,,,,,,,,,,,,,,,,,,,,,,,