PitchNo,Date,Time,PAofInning,PitchofPA,Pitcher,PitcherId,PitcherThrows,PitcherTeam,Batter,BatterId,BatterSide,BatterTeam,PitcherSet,Inning,Top/Bottom,Outs,Balls,Strikes,TaggedPitchType,AutoPitchType,PitchCall,KorBB,TaggedHitType,PlayResult,OutsOnPlay,RunsScored,Notes,RelSpeed,VertRelAngle,HorzRelAngle,SpinRate,SpinAxis,Tilt,RelHeight,RelSide,Extension,VertBreak,InducedVertBreak,HorzBreak,PlateLocHeight,PlateLocSide,ZoneSpeed,VertApprAngle,HorzApprAngle,ZoneTime,ExitSpeed,Angle,Direction,HitSpinRate,PositionAt110X,PositionAt110Y,PositionAt110Z,Distance,LastTrackedDistance,Bearing,HangTime,pfxx,pfxz,x0,y0,z0,vx0,vy0,vz0,ax0,ay0,az0,HomeTeam,AwayTeam,Stadium,Level,League,GameID,PitchUID,EffectiveVelo,MaxHeight,MeasuredDuration,SpeedDrop,PitchLastMeasuredX,PitchLastMeasuredY,PitchLastMeasuredZ,ContactPositionX,ContactPositionY,ContactPositionZ,GameUID,UTCDate,UTCTime,LocalDateTime,UTCDateTime,AutoHitType,System,HomeTeamForeignID,AwayTeamForeignID,GameForeignID,Catcher,CatcherId,CatcherThrows,CatcherTeam,PlayID,PitchTrajectoryXc0,PitchTrajectoryXc1,PitchTrajectoryXc2,PitchTrajectoryYc0,PitchTrajectoryYc1,PitchTrajectoryYc2,PitchTrajectoryZc0,PitchTrajectoryZc1,PitchTrajectoryZc2,HitSpinAxis,HitTrajectoryXc0,HitTrajectoryXc1,HitTrajectoryXc2,HitTrajectoryXc3,HitTrajectoryXc4,HitTrajectoryXc5,HitTrajectoryXc6,HitTrajectoryXc7,HitTrajectoryXc8,HitTrajectoryYc0,HitTrajectoryYc1,HitTrajectoryYc2,HitTrajectoryYc3,HitTrajectoryYc4,HitTrajectoryYc5,HitTrajectoryYc6,HitTrajectoryYc7,HitTrajectoryYc8,HitTrajectoryZc0,HitTrajectoryZc1,HitTrajectoryZc2,HitTrajectoryZc3,HitTrajectoryZc4,HitTrajectoryZc5,HitTrajectoryZc6,HitTrajectoryZc7,HitTrajectoryZc8,ThrowSpeed,PopTime,ExchangeTime,TimeToBase,CatchPositionX,CatchPositionY,CatchPositionZ,ThrowPositionX,ThrowPositionY,ThrowPositionZ,BasePositionX,BasePositionY,BasePositionZ,ThrowTrajectoryXc0,ThrowTrajectoryXc1,ThrowTrajectoryXc2,ThrowTrajectoryYc0,ThrowTrajectoryYc1,ThrowTrajectoryYc2,ThrowTrajectoryZc0,ThrowTrajectoryZc1,ThrowTrajectoryZc2,PitchReleaseConfidence,PitchLocationConfidence,PitchMovementConfidence,HitLaunchConfidence,HitLandingConfidence,CatcherThrowCatchConfidence,CatcherThrowReleaseConfidence,CatcherThrowLocationConfidence,SpinAxis3dTransverseAngle,SpinAxis3dLongitudinalAngle,SpinAxis3dActiveSpinRate,SpinAxis3dSpinEfficiency,SpinAxis3dTilt,SpinAxis3dVectorX,SpinAxis3dVectorY,SpinAxis3dVectorZ,SpinAxis3dSeamOrientationRotationX,SpinAxis3dSeamOrientationRotationY,SpinAxis3dSeamOrientationRotationZ,SpinAxis3dSeamOrientationBallAngleHorizontalAmb1,SpinAxis3dSeamOrientationBallAngleVerticalAmb1,SpinAxis3dSeamOrientationBallXAmb1,SpinAxis3dSeamOrientationBallYAmb1,SpinAxis3dSeamOrientationBallZAmb1,SpinAxis3dSeamOrientationBallAngleHorizontalAmb2,SpinAxis3dSeamOrientationBallAngleVerticalAmb2,SpinAxis3dSeamOrientationBallXAmb2,SpinAxis3dSeamOrientationBallYAmb2,SpinAxis3dSeamOrientationBallZAmb2,SpinAxis3dSeamOrientationBallAngleHorizontalAmb3,SpinAxis3dSeamOrientationBallAngleVerticalAmb3,SpinAxis3dSeamOrientationBallXAmb3,SpinAxis3dSeamOrientationBallYAmb3,SpinAxis3dSeamOrientationBallZAmb3,SpinAxis3dSeamOrientationBallAngleHorizontalAmb4,SpinAxis3dSeamOrientationBallAngleVerticalAmb4,SpinAxis3dSeamOrientationBallXAmb4,SpinAxis3dSeamOrientationBallYAmb4,SpinAxis3dSeamOrientationBallZAmb4
1,2026-03-24,19:06:11.48,1,1,"Lafflam, Jack",1000292378,Right,ARI_WIL,"Sanko, Jake",830830,Right,GRA_CAN,Undefined,1,Top,0,0,0,Fastball,Four-Seam,StrikeCalled,Undefined,Undefined,Undefined,0,0,,95.87476,-1.802199,-3.240892,2513.919001,198.964387,12:45,5.91616,1.98834,6.72318,-15.38017,13.79379,4.45925,2.98413,-0.60533,88.62652,-4.735428,-2.429853,0.388749,,,,,,,,,,,,-3.14406,7.99252,-1.77558,50,5.7905,7.71178,-139.34119,-4.81397,-6.25471,27.83447,-16.27397,ARI_WIL,GRA_CAN,UArizona,D1,BIG12,20260324-UArizona-1,d08e63f0-27e6-11f1-8d4e-73b83eb2bf78,96.95836,,,7.24824,,,,,,,fcc4ca4f-6759-4024-9276-a76842dbcbc5,2026-03-25,01:06:11.48,2026-03-24T19:06:11.4839552-06:00,2026-03-25T01:06:11.4839552Z,,v3,232,5310,4b3137947cb04fa1abe03d266626d88b,"Meyers, Roman",834679,Right,ARI_WIL,6d02f8f9-a8fd-48b7-80d7-16ab86ca6557,53.77679,-140.0936,13.91723,5.91469,-4.37405,-8.13699,-1.98633,7.88085,-3.12736,,,,,,,,,,,,,,,,,,,,,,,,,,,,,,,,,,,,,,,,,,,,,,,,,,,High,High,High,,,,,,216.226261,39.518557,1939.283712,0.771419,1:15,-0.655863,-0.475676,-0.586154,-10.927519,52.157748,18.899197,179.276142,2.801921,0.012618,0.048883,-0.998725,2.802145,0.722993,0.048883,0.012618,0.998725,-2.802145,-0.722993,-0.048883,-0.012618,0.998725,-179.276142,-2.801921,-0.012618,-0.048883,-0.998725
2,2026-03-24,19:06:29.67,1,2,"Lafflam, Jack",1000292378,Right,ARI_WIL,"Sanko, Jake",830830,Right,GRA_CAN,Undefined,1,Top,0,0,1,Slider,Slider,InPlay,Undefined,GroundBall,Single,0,0,,85.43133,-0.852416,-2.051831,2742.974761,90.447434,9:00,5.58731,2.32304,6.21791,-36.66549,1.28051,-10.0556,1.74468,-0.40916,78.35252,-7.635878,-3.867747,0.443358,90.05714,5.804952,3.679628,1259.703558,,,,101.63545,101.63545,5.915183,0.843533,4.63107,1.26516,-2.16447,50,5.50526,4.8305,-124.10176,-3.02615,7.18499,26.03675,-30.2112,ARI_WIL,GRA_CAN,UArizona,D1,BIG12,20260324-UArizona-1,db6b26f0-27e6-11f1-8d4e-73b83eb2bf78,85.01586,3.80726,,7.07881,,,,1.21958,1.40102,0.38643,fcc4ca4f-6759-4024-9276-a76842dbcbc5,2026-03-25,01:06:29.67,2026-03-24T19:06:29.6772096-06:00,2026-03-25T01:06:29.6772096Z,GroundBall,v3,232,5310,4b3137947cb04fa1abe03d266626d88b,"Meyers, Roman",834679,Right,ARI_WIL,2ce77813-a7ed-47da-b93e-964c64fd8e73,54.28221,-124.99695,13.01838,5.59145,-1.98744,-15.1056,-2.3263,4.58346,3.5925,282.839554,1.21958,131.13518,-16.6115,2.09696,-0.24455,-0.47433,0.68856,-0.41719,0.09429,1.40103,13.35865,-19.12346,1.63807,0.46218,-1.89687,2.59996,-1.7003,0.4319,0.38642,8.43434,4.81711,-0.61604,-1.18874,3.37142,-4.51903,2.95649,-0.75358,,,,,,,,,,,,,,,,,,,,,,,High,High,High,High,High,,,,74.300465,69.86528,944.21064,0.344229,8:30,-0.939772,0.317382,0.126874,0.682492,-8.479673,33.374573,104.750978,-35.768555,0.784643,-0.584512,-0.206594,70.534254,-51.687652,0.584512,-0.784643,0.206594,-70.534254,51.687652,-0.584512,0.784643,0.206594,-104.750978,35.768555,-0.784643,0.584512,-0.206594
3,2026-03-24,19:07:06.37,2,1,"Lafflam, Jack",1000292378,Right,ARI_WIL,"Perez, Jaime",1000122545,Right,GRA_CAN,Undefined,1,Top,0,0,0,Fastball,Four-Seam,BallCalled,Undefined,Undefined,Undefined,0,0,,94.33903,-2.424338,-4.059004,2515.828761,204.61339,12:45,5.89628,2.18666,6.49772,-17.97221,12.33379,5.28248,2.16633,-1.1052,87.76031,-5.800955,-3.103614,0.396219,,,,,,,,,,,,-3.69264,7.28512,-1.9043,50,5.71794,9.50726,-136.96369,-6.35543,-7.14069,25.14422,-18.0864,ARI_WIL,GRA_CAN,UArizona,D1,BIG12,20260324-UArizona-1,f14aab80-27e6-11f1-8d4e-73b83eb2bf78,95.13021,,,6.57872,,,,,,,fcc4ca4f-6759-4024-9276-a76842dbcbc5,2026-03-25,01:07:06.37,2026-03-24T19:07:06.3793152-06:00,2026-03-25T01:07:06.3793152Z,,v3,232,5310,4b3137947cb04fa1abe03d266626d88b,"Meyers, Roman",834679,Right,ARI_WIL,cf9d3faa-4e44-44c3-b330-a50066b2bcc5,54.00314,-137.69664,12.57211,5.89552,-5.82822,-9.0432,-2.18447,9.71541,-3.57034,,,,,,,,,,,,,,,,,,,,,,,,,,,,,,,,,,,,,,,,,,,,,,,,,,,High,High,High,,,,,,217.026049,42.584469,1852.355746,0.736281,1:15,-0.697275,-0.471599,-0.539817,-1.898092,57.852322,35.49594,179.448226,3.128943,0.009616,0.054583,-0.998463,3.129088,0.550951,0.054583,0.009616,0.998463,-3.129088,-0.550951,-0.054583,-0.009616,0.998463,-179.448226,-3.128943,-0.009616,-0.054583,-0.998463
4,2026-03-24,19:07:27.31,2,2,"Lafflam, Jack",1000292378,Right,ARI_WIL,"Perez, Jaime",1000122545,Right,GRA_CAN,Undefined,1,Top,0,1,0,Fastball,Four-Seam,InPlay,Undefined,LineDrive,Out,2,0,,95.06802,-1.660293,-2.662051,2401.972008,200.119128,12:45,5.948,2.26062,7.01398,-15.05202,14.47831,4.97536,3.18256,0.25394,87.22106,-4.567126,-1.751245,0.391116,103.03655,13.506035,-17.349918,1565.360341,104.38099,23.73465,-34.70672,329.50973,321.64563,-20.971388,3.078497,-3.39248,8.47886,-2.09964,50,5.84122,6.24209,-138.23697,-4.38316,-6.58147,30.07156,-15.72491,ARI_WIL,GRA_CAN,UArizona,D1,BIG12,20260324-UArizona-1,fdb95920-27e6-11f1-8d4e-73b83eb2bf78,96.37153,28.68759,,7.84696,,,,2.03659,2.9796,-0.19364,fcc4ca4f-6759-4024-9276-a76842dbcbc5,2026-03-25,01:07:27.31,2026-03-24T19:07:27.3102336-06:00,2026-03-25T01:07:27.3102336Z,LineDrive,v3,232,5310,4b3137947cb04fa1abe03d266626d88b,"Meyers, Roman",834679,Right,ARI_WIL,8c0fe4bc-873e-49e2-b46e-46100c9be778,53.48639,-138.99332,15.03578,5.94649,-3.98765,-7.86246,-2.25871,6.40762,-3.29074,153.52543,2.0366,140.2547,-22.32393,4.83217,-1.0003,0.19251,-0.03155,0.00366,-0.00021,2.97959,35.29423,-12.1953,-0.08343,0.13752,-0.03796,0.007,-0.00058,1E-05,-0.19364,-43.819,2.23859,-0.07464,-0.05761,0.0196,-0.0033,0.00029,-1E-05,,,,,,,,,,,,,,,,,,,,,,,High,High,High,High,High,,,,217.339611,35.768939,1948.913996,0.811381,1:15,-0.59936,-0.508862,-0.617922,-12.57444,49.155912,17.972036,179.546694,4.822205,0.007884,0.084064,-0.996429,4.822355,0.451702,0.084064,0.007884,0.996429,-4.822355,-0.451702,-0.084064,-0.007884,0.996429,-179.546694,-4.822205,-0.007884,-0.084064,-0.996429
5,2026-03-24,19:08:19.92,3,1,"Lafflam, Jack",1000292378,Right,ARI_WIL,"Scaldeferri, Billy",821907,Right,GRA_CAN,Undefined,1,Top,2,0,0,Fastball,Four-Seam,FoulBallNotFieldable,Undefined,Undefined,Undefined,0,0,,94.62323,-2.039713,-2.924741,2434.474457,199.880308,12:45,6.04336,1.90073,6.42172,-16.00855,14.18595,4.83359,2.83108,-0.38735,87.76978,-5.067564,-2.050108,0.39549,89.01947,4.564788,165.36669,,,,,,44.43122,,,-3.16748,8.12902,-1.69379,50,5.8899,6.81707,-137.49291,-5.36788,-6.16319,25.78112,-16.35682,ARI_WIL,GRA_CAN,UArizona,D1,BIG12,20260324-UArizona-1,1d172220-27e7-11f1-8d4e-73b83eb2bf78,95.30566,6.85225,,6.85345,,,,1.7213,3.01806,0.05597,fcc4ca4f-6759-4024-9276-a76842dbcbc5,2026-03-25,01:08:19.92,2026-03-24T19:08:19.9209472-06:00,2026-03-25T01:08:19.9209472Z,,v3,232,5310,4b3137947cb04fa1abe03d266626d88b,"Meyers, Roman",834679,Right,ARI_WIL,c739e521-e7b5-44f7-b8ec-9e779c8ce74a,54.07637,-138.25515,12.89056,6.04146,-4.88428,-8.17841,-1.89803,6.99929,-3.08159,,1.70574,-125.39414,24.4125,,,,,,,3.00536,10.83536,-2.39482,,,,,,,0.08146,31.99337,-22.03875,,,,,,,,,,,,,,,,,,,,,,,,,,,,,High,High,High,Low,Undefined,,,,212.774227,45.585913,1703.74013,0.699839,1:00,-0.729476,-0.404027,-0.55193,19.852848,61.77572,52.056272,172.902991,-0.619877,0.123542,-0.010819,-0.99228,0.624662,-7.096591,0.010819,-0.123542,0.99228,-0.624662,7.096591,-0.010819,0.123542,0.99228,-172.902991,0.619877,-0.123542,0.010819,-0.99228
6,2026-03-24,19:08:39.31,3,2,"Lafflam, Jack",1000292378,Right,ARI_WIL,"Scaldeferri, Billy",821907,Right,GRA_CAN,Undefined,1,Top,2,0,1,Slider,Slider,HitByPitch,Undefined,Undefined,Undefined,0,0,,85.31788,0.938402,0.139461,2729.811109,99.868639,9:15,5.60529,2.35847,5.84485,-35.23876,2.85205,-10.17768,3.54088,1.63993,78.74089,-5.555814,-1.686416,0.444203,,,,,,,,,,,,5.32929,1.46866,-2.36343,50,5.66049,0.09013,-124.10838,0.84912,8.37279,23.13996,-29.86663,ARI_WIL,GRA_CAN,UArizona,D1,BIG12,20260324-UArizona-1,28a8b630-27e7-11f1-8d4e-73b83eb2bf78,84.85409,,,6.57699,,,,,,,fcc4ca4f-6759-4024-9276-a76842dbcbc5,2026-03-25,01:08:39.31,2026-03-24T19:08:39.3152000-06:00,2026-03-25T01:08:39.3152000Z,,v3,232,5310,4b3137947cb04fa1abe03d266626d88b,"Meyers, Roman",834679,Right,ARI_WIL,242dcbd0-4c78-4b50-ab0f-55084f8b5f35,54.65791,-124.97383,11.56998,5.60784,1.96615,-14.93332,-2.36094,-0.22302,4.18639,,,,,,,,,,,,,,,,,,,,,,,,,,,,,,,,,,,,,,,,,,,,,,,,,,,High,High,High,,,,,,69.992586,69.32117,963.975953,0.353129,8:15,-0.930306,0.347095,0.118556,16.119818,-21.146478,19.590495,104.929513,-41.765158,0.720703,-0.666079,-0.192162,73.90731,-46.11254,0.666079,-0.720703,0.192162,-73.90731,46.11254,-0.666079,0.720703,0.192162,-104.929513,41.765158,-0.720703,0.666079,-0.192162
7,2026-03-24,19:09:13.62,4,1,"Lafflam, Jack",1000292378,Right,ARI_WIL,"Peery, Cannon",821900,Right,GRA_CAN,Undefined,1,Top,2,0,0,Slider,Slider,StrikeSwinging,Undefined,Undefined,Undefined,0,0,,84.23819,-0.645515,-3.309975,2723.112588,85.266053,8:45,5.39319,2.69505,6.34111,-39.12975,0.13232,-14.40517,1.53706,-1.5561,76.78418,-7.895045,-5.910277,0.450981,,,,,,,,,,,,6.41626,0.705,-2.44791,50,5.32834,7.61337,-122.16977,-2.60606,9.55745,27.30733,-31.12391,ARI_WIL,GRA_CAN,UArizona,D1,BIG12,20260324-UArizona-1,3d29bc30-27e7-11f1-8d4e-73b83eb2bf78,83.57882,,,7.45401,,,,,,,fcc4ca4f-6759-4024-9276-a76842dbcbc5,2026-03-25,01:09:13.62,2026-03-24T19:09:13.6246272-06:00,2026-03-25T01:09:13.6246272Z,,v3,232,5310,4b3137947cb04fa1abe03d266626d88b,"Meyers, Roman",834679,Right,ARI_WIL,199f4704-05d5-4511-b496-f20604f0ac79,54.15753,-123.09555,13.65366,5.3988,-1.55088,-15.56196,-2.70053,7.28935,4.77872,,,,,,,,,,,,,,,,,,,,,,,,,,,,,,,,,,,,,,,,,,,,,,,,,,,High,High,High,,,,,,67.481263,72.981354,797.008515,0.292683,8:15,-0.951123,0.259577,0.167288,8.080082,-5.110787,37.880881,97.455531,-35.045309,0.811777,-0.574224,-0.106232,79.518772,-54.269898,0.574224,-0.811777,0.106232,-79.518772,54.269898,-0.574224,0.811777,0.106232,-97.455531,35.045309,-0.811777,0.574224,-0.106232
8,2026-03-24,19:09:35.45,4,2,"Lafflam, Jack",1000292378,Right,ARI_WIL,"Peery, Cannon",821900,Right,GRA_CAN,Undefined,1,Top,2,0,1,Fastball,Four-Seam,InPlay,Undefined,GroundBall,Single,0,0,,95.48437,-2.883931,-3.392425,2465.176791,202.861608,12:45,5.8869,2.03677,6.8941,-13.71859,15.55202,6.20674,2.1096,-0.54011,88.29309,-5.519991,-2.260041,0.389392,104.69436,-11.616878,19.485038,,,,,9.90333,9.90333,19.775472,0.058977,-4.15118,9.2665,-1.82456,50,5.69924,7.98702,-138.69921,-7.34274,-8.1778,27.74672,-13.91925,ARI_WIL,GRA_CAN,UArizona,D1,BIG12,20260324-UArizona-1,4a1cb500-27e7-11f1-8d4e-73b83eb2bf78,96.79811,1.82546,,7.19127,,,,0.94816,1.82546,0.38873,fcc4ca4f-6759-4024-9276-a76842dbcbc5,2026-03-25,01:09:35.45,2026-03-24T19:09:35.4521088-06:00,2026-03-25T01:09:35.4521088Z,GroundBall,v3,232,5310,4b3137947cb04fa1abe03d266626d88b,"Meyers, Roman",834679,Right,ARI_WIL,6021bf92-d3ad-452a-9578-87fcce934dff,53.607,-139.41892,13.87336,5.88502,-6.9817,-6.95963,-2.03448,8.19914,-4.0889,180,0.94677,141.93843,,,,,,,,1.82576,-30.95202,,,,,,,,0.38824,50.22132,,,,,,,,,,,,,,,,,,,,,,,,,,,,,,High,High,High,High,High,,,,214.496058,37.824963,1947.213326,0.789888,1:15,-0.627456,-0.47764,-0.614946,-15.73007,49.556514,10.344869,179.306505,-5.211415,0.012053,-0.090831,-0.995793,5.211794,-0.690628,0.090831,-0.012053,0.995793,-5.211794,0.690628,-0.090831,0.012053,0.995793,-179.306505,5.211415,-0.012053,0.090831,-0.995793
9,2026-03-24,19:10:17.90,5,1,"Lafflam, Jack",1000292378,Right,ARI_WIL,"Schmidt, Trevor",808755,Left,GRA_CAN,Undefined,1,Top,2,0,0,Slider,Slider,BallCalled,Undefined,Undefined,Undefined,0,0,,82.91423,1.445125,-0.458836,2704.762564,88.028911,9:00,5.54278,2.57861,6.19729,-39.6688,0.86571,-14.53139,3.57145,0.94407,75.27174,-5.941227,-3.082086,0.45823,,,,,,,,,,,,7.31902,0.45846,-2.53737,50,5.63213,1.52967,-120.40195,1.77826,10.62324,25.82689,-31.50861,ARI_WIL,GRA_CAN,UArizona,D1,BIG12,20260324-UArizona-1,637b0010-27e7-11f1-8d4e-73b83eb2bf78,82.25655,,,7.64249,,,,,,,fcc4ca4f-6759-4024-9276-a76842dbcbc5,2026-03-25,01:10:17.90,2026-03-24T19:10:17.9044864-06:00,2026-03-25T01:10:17.9044864Z,,v3,232,5310,4b3137947cb04fa1abe03d266626d88b,"Meyers, Roman",834679,Right,ARI_WIL,440c1653-b567-4d31-99c2-5aa5471b1d23,54.3009,-121.32101,12.91345,5.5489,2.89951,-15.7543,-2.58508,1.15164,5.31162,,,,,,,,,,,,,,,,,,,,,,,,,,,,,,,,,,,,,,,,,,,,,,,,,,,High,High,High,,,,,,72.47075,71.51396,857.608793,0.317074,8:30,-0.939679,0.326172,0.103029,3.267464,-7.602049,30.959582,100.475673,-38.221519,0.77253,-0.618703,-0.142841,76.999845,-50.581622,0.618703,-0.77253,0.142841,-76.999845,50.581622,-0.618703,0.77253,0.142841,-100.475673,38.221519,-0.77253,0.618703,-0.142841
10,2026-03-24,19:10:34.84,5,2,"Lafflam, Jack",1000292378,Right,ARI_WIL,"Schmidt, Trevor",808755,Left,GRA_CAN,Undefined,1,Top,2,1,0,Fastball,Four-Seam,BallCalled,Undefined,Undefined,Undefined,0,0,,92.23557,1.685364,-0.545037,2528.215842,180.306109,12:00,5.64476,2.35317,6.23817,-21.2671,11.03949,0.05382,5.42767,1.85488,84.3279,-2.330071,-0.535322,0.409088,,,,,,,,,,,,-0.1748,5.56788,-2.31259,50,5.75976,1.27287,-134.04356,3.27434,-0.31893,28.20646,-22.01514,ARI_WIL,GRA_CAN,UArizona,D1,BIG12,20260324-UArizona-1,6d844670-27e7-11f1-8d4e-73b83eb2bf78,92.13767,,,7.90768,,,,,,,fcc4ca4f-6759-4024-9276-a76842dbcbc5,2026-03-25,01:10:34.84,2026-03-24T19:10:34.8445184-06:00,2026-03-25T01:10:34.8445184Z,,v3,232,5310,4b3137947cb04fa1abe03d266626d88b,"Meyers, Roman",834679,Right,ARI_WIL,3b3d8286-0c1d-4ff8-a2b7-857e232ca414,54.2598,-134.93696,14.10323,5.64501,3.97164,-11.00757,-2.35306,1.28298,-0.15947,,,,,,,,,,,,,,,,,,,,,,,,,,,,,,,,,,,,,,,,,,,,,,,,,,,High,High,High,,,,,,217.555597,55.521971,1431.198146,0.56609,1:15,-0.838366,-0.320656,-0.44082,24.596974,66.310693,50.129895,174.906046,1.456044,0.088761,0.02541,-0.995729,1.461815,5.092305,0.02541,0.088761,0.995729,-1.461815,-5.092305,-0.02541,-0.088761,0.995729,-174.906046,-1.456044,-0.088761,-0.02541,-0.995729
11,2026-03-24,19:11:04.03,5,3,"Lafflam, Jack",1000292378,Right,ARI_WIL,"Schmidt, Trevor",808755,Left,GRA_CAN,Undefined,1,Top,2,2,0,Slider,Slider,FoulBallNotFieldable,Undefined,Undefined,Undefined,0,0,,82.01416,0.375598,-0.043419,2669.983101,79.193513,8:45,5.52721,2.54727,6.20329,-44.35093,-2.25303,-20.34399,2.17801,0.81186,73.55163,-7.880044,-3.721733,0.466984,69.49202,43.066957,-77.997551,5977.788414,,,,,82.81079,,,10.52048,-0.84252,-2.53416,50,5.53373,0.8638,-118.98642,-0.61639,14.62933,29.21764,-33.3456,ARI_WIL,GRA_CAN,UArizona,D1,BIG12,20260324-UArizona-1,7ef414d0-27e7-11f1-8d4e-73b83eb2bf78,80.7147,59.15916,,8.46253,,,,1.92343,2.2479,-0.84467,fcc4ca4f-6759-4024-9276-a76842dbcbc5,2026-03-25,01:11:04.03,2026-03-24T19:11:04.0304128-06:00,2026-03-25T01:11:04.0304128Z,,v3,232,5310,4b3137947cb04fa1abe03d266626d88b,"Meyers, Roman",834679,Right,ARI_WIL,71d879c2-5782-480e-be59-e53eb66ef73c,54.29522,-120.0365,14.60882,5.53435,0.58204,-16.6728,-2.55576,0.33802,7.31466,,1.92343,15.48397,-4.77338,0.02791,-0.17683,0.59689,-0.84568,0.57001,-0.14491,2.2479,69.59717,-18.8475,1.33404,0.26988,-0.57193,0.45755,-0.20333,0.03854,-0.84467,-72.83152,0.55343,0.95514,-0.38894,-0.17133,0.37109,-0.22816,0.0521,,,,,,,,,,,,,,,,,,,,,,,High,High,High,Medium,Undefined,,,,65.14419,68.151293,993.652899,0.372157,8:15,-0.925817,0.343761,0.157133,-0.900026,11.952181,33.154575,93.243898,-37.380806,0.793345,-0.60711,-0.044965,85.764212,-52.4992,0.60711,-0.793345,0.044965,-85.764212,52.4992,-0.60711,0.793345,0.044965,-93.243898,37.380806,-0.793345,0.60711,-0.044965
12,2026-03-24,19:11:25.12,5,4,"Lafflam, Jack",1000292378,Right,ARI_WIL,"Schmidt, Trevor",808755,Left,GRA_CAN,Undefined,1,Top,2,2,1,Fastball,Four-Seam,InPlay,Undefined,GroundBall,Out,1,0,,93.3763,-1.344994,-3.355379,2472.54263,200.081095,12:45,5.52753,2.49085,6.70989,-19.78548,10.89465,3.68071,2.64679,-0.27347,86.62384,-5.077965,-2.686168,0.398657,83.27341,-11.526065,8.451044,,,,,12.15719,10.01036,8.843654,0.093347,-2.75827,6.35048,-2.2696,50,5.43018,7.82252,-135.78054,-3.77024,-5.22275,25.75747,-20.14945,ARI_WIL,GRA_CAN,UArizona,D1,BIG12,20260324-UArizona-1,8b7957b0-27e7-11f1-8d4e-73b83eb2bf78,94.54844,2.28288,,6.75246,,,,0.93954,2.28288,0.22381,fcc4ca4f-6759-4024-9276-a76842dbcbc5,2026-03-25,01:11:25.12,2026-03-24T19:11:25.1222016-06:00,2026-03-25T01:11:25.1222016Z,GroundBall,v3,232,5310,4b3137947cb04fa1abe03d266626d88b,"Meyers, Roman",834679,Right,ARI_WIL,52646a6d-6f72-4c75-acf2-3ddd307b0af2,53.79182,-136.49795,12.87873,5.52738,-3.20903,-10.07472,-2.4895,7.96799,-2.61138,180,0.93577,118.62271,,,,,,,,2.28366,-24.45581,,,,,,,,0.22325,17.62468,,,,,,,,,,,,,,,,,,,,,,,,,,,,,,High,High,High,High,High,,,,225.837495,54.832922,1424.0923,0.575963,1:30,-0.829654,-0.432251,-0.353318,3.260161,76.106673,31.943161,173.169205,0.889192,0.118923,0.015519,-0.992782,0.895547,6.829968,0.015519,0.118923,0.992782,-0.895547,-6.829968,-0.015519,-0.118923,0.992782,-173.169205,-0.889192,-0.118923,-0.015519,-0.992782
13,2026-03-24,19:14:15.95,1,1,"Kiemele, Cody",828163,Left,GRA_CAN,"Novitske, Nate",830246,Left,ARI_WIL,Undefined,1,Bottom,0,0,0,Cutter,Slider,InPlay,Undefined,GroundBall,Out,1,0,,84.63524,-0.797488,1.700802,1928.302859,221.626246,1:30,5.67757,-1.85641,5.94087,-33.17958,5.91548,4.12689,2.17245,0.06569,77.36423,-6.944502,2.44236,0.450021,90.9799,-13.972604,-2.864137,,,,,9.54157,9.54157,-2.588716,0.061646,-1.63043,3.63028,1.71844,50,5.59525,-3.81047,-122.88728,-2.78882,-2.47923,25.62868,-26.65394,ARI_WIL,GRA_CAN,UArizona,D1,BIG12,20260324-UArizona-1,f155d9a0-27e7-11f1-8d4e-73b83eb2bf78,83.75713,1.98932,,7.27101,,,,1.54679,1.98932,-0.03146,fcc4ca4f-6759-4024-9276-a76842dbcbc5,2026-03-25,01:14:15.95,2026-03-24T19:14:15.9512064-06:00,2026-03-25T01:14:15.9512064Z,GroundBall,v3,232,5310,4b3137947cb04fa1abe03d266626d88b,"Perez, Jaime",1000122545,Right,GRA_CAN,615e61d1-a972-46e4-8307-8d4dbd520a71,54.55858,-123.83434,12.81434,5.68011,-1.80387,-13.32697,1.85756,-3.71885,-1.23961,180,1.54477,129.53029,,,,,,,,1.98983,-32.27006,,,,,,,,-0.03136,-6.48044,,,,,,,,,,,,,,,,,,,,,,,,,,,,,,High,High,High,Medium,High,,,,162.978396,-62.836965,880.316577,0.456524,11:30,0.90033,0.14601,-0.409984,5.804236,-42.069078,47.810111,160.559003,-40.169396,0.254333,-0.64505,-0.720573,41.834581,-14.734095,0.64505,-0.254333,0.720573,-41.834581,14.734095,-0.64505,0.254333,0.720573,-160.559003,40.169396,-0.254333,0.64505,-0.720573
14,2026-03-24,19:14:48.79,2,1,"Kiemele, Cody",828163,Left,GRA_CAN,"Danzeisen, Caleb",828243,Left,ARI_WIL,Undefined,1,Bottom,1,0,0,Fastball,Four-Seam,StrikeCalled,Undefined,Undefined,Undefined,0,0,,90.56935,-2.09804,1.618494,2071.520366,163.605945,11:30,5.77677,-1.63727,6.1072,-18.74245,14.828,-4.06941,2.27313,-0.47932,83.44002,-5.627166,0.885256,0.417013,,,,,,,,,,,,2.51945,8.51189,1.51505,50,5.60555,-3.55038,-131.59124,-5.39311,4.44931,26.05308,-17.14208,ARI_WIL,GRA_CAN,UArizona,D1,BIG12,20260324-UArizona-1,04ed1be0-27e8-11f1-8d4e-73b83eb2bf78,90.38663,,,7.12933,,,,,,,fcc4ca4f-6759-4024-9276-a76842dbcbc5,2026-03-25,01:14:48.79,2026-03-24T19:14:48.7968256-06:00,2026-03-25T01:14:48.7968256Z,,v3,232,5310,4b3137947cb04fa1abe03d266626d88b,"Perez, Jaime",1000122545,Right,GRA_CAN,14539971-b5cb-4c96-9df1-15525de75161,54.39225,-132.45799,13.02654,5.77548,-4.82282,-8.57104,1.63563,-3.6984,2.22466,,,,,,,,,,,,,,,,,,,,,,,,,,,,,,,,,,,,,,,,,,,,,,,,,,,High,High,High,,,,,,149.942525,-25.738057,1866.002297,0.900789,11:00,0.439303,0.466772,-0.767552,46.329541,26.896,-59.64043,169.163963,-7.428694,0.186421,-0.129292,-0.973925,7.562011,-10.743999,0.129292,-0.186421,0.973925,-7.562011,10.743999,-0.129292,0.186421,0.973925,-169.163963,7.428694,-0.186421,0.129292,-0.973925
15,2026-03-24,19:15:01.91,2,2,"Kiemele, Cody",828163,Left,GRA_CAN,"Danzeisen, Caleb",828243,Left,ARI_WIL,Undefined,1,Bottom,1,0,1,Cutter,Slider,InPlay,Undefined,GroundBall,Out,1,0,,84.19757,-1.073901,2.354982,2083.28728,204.381579,12:45,5.82146,-1.656,5.90001,-34.5534,4.30512,1.48244,1.94409,0.65501,78.465,-7.410204,2.62106,0.448657,50.99476,-66.990596,19.50626,,,,,2.73204,2.73204,-7.316761,0.028998,-0.21024,2.7574,1.46565,50,5.71483,-5.09136,-122.42942,-3.43557,-0.32378,20.86482,-27.92781,ARI_WIL,GRA_CAN,UArizona,D1,BIG12,20260324-UArizona-1,0cbbb480-27e8-11f1-8d4e-73b83eb2bf78,84.01166,2.00756,,5.73257,,,,1.90618,2.00756,-0.63261,fcc4ca4f-6759-4024-9276-a76842dbcbc5,2026-03-25,01:15:01.91,2026-03-24T19:15:01.9137024-06:00,2026-03-25T01:15:01.9137024Z,GroundBall,v3,232,5310,4b3137947cb04fa1abe03d266626d88b,"Perez, Jaime",1000122545,Right,GRA_CAN,1d92afbb-dc4c-4d1c-88ec-ec2b257b1570,54.60201,-123.21122,10.43241,5.82396,-2.38913,-13.9639,1.65619,-5.07924,-0.16189,,1.90546,27.71231,,,,,,,,2.00936,-69.22977,,,,,,,,-0.63286,9.81685,,,,,,,,,,,,,,,,,,,,,,,,,,,,,,High,High,High,Estimated,Estimated,,,,170.819589,-65.526968,863.032777,0.414265,11:45,0.924795,0.08314,-0.371272,-20.223286,-36.749627,57.610844,164.823092,-28.101691,0.230937,-0.471038,-0.851347,28.955126,-13.352265,0.471038,-0.230937,0.851347,-28.955126,13.352265,-0.471038,0.230937,0.851347,-164.823092,28.101691,-0.230937,0.471038,-0.851347
16,2026-03-24,19:15:42.24,3,1,"Kiemele, Cody",828163,Left,GRA_CAN,"Lira, Tony",830243,Right,ARI_WIL,Undefined,1,Bottom,2,0,0,Slider,Slider,StrikeCalled,Undefined,Undefined,Undefined,0,0,,81.21115,1.127767,-0.123983,2341.03029,304.591231,4:15,5.77268,-1.76954,4.84301,-51.5933,-7.62721,12.99839,2.54115,-0.80372,74.75221,-8.144474,2.16819,0.477233,,,,,,,,,,,,-6.42075,-3.63213,1.77016,50,5.83975,-0.31201,-117.88976,0.31918,-9.04579,22.1841,-37.29115,ARI_WIL,GRA_CAN,UArizona,D1,BIG12,20260324-UArizona-1,24c7b600-27e8-11f1-8d4e-73b83eb2bf78,78.98122,,,6.45894,,,,,,,fcc4ca4f-6759-4024-9276-a76842dbcbc5,2026-03-25,01:15:42.24,2026-03-24T19:15:42.2446592-06:00,2026-03-25T01:15:42.2446592Z,,v3,232,5310,4b3137947cb04fa1abe03d266626d88b,"Perez, Jaime",1000122545,Right,GRA_CAN,5652b926-e7f7-49a4-9e82-3dc7238e640b,55.65891,-118.94987,11.09205,5.78192,2.1012,-18.64557,1.77474,0.12026,-4.52289,,,,,,,,,,,,,,,,,,,,,,,,,,,,,,,,,,,,,,,,,,,,,,,,,,,High,High,High,,,,,,,,,,,,,,,,,,,,,,,,,,,,,,,,,,,,
17,2026-03-24,19:15:57.81,3,2,"Kiemele, Cody",828163,Left,GRA_CAN,"Lira, Tony",830243,Right,ARI_WIL,Undefined,1,Bottom,2,0,1,ChangeUp,Changeup,StrikeSwinging,Undefined,Undefined,Undefined,0,0,,84.47325,-1.267079,2.303288,1732.291755,104.815846,9:30,5.75295,-1.86968,5.92134,-34.82738,4.15315,-11.23953,1.67371,-0.66776,77.86654,-7.683199,0.283291,0.449361,,,,,,,,,,,,6.37595,2.84103,1.69157,50,5.63166,-4.48931,-122.69329,-3.87166,9.75486,23.43851,-27.82742,ARI_WIL,GRA_CAN,UArizona,D1,BIG12,20260324-UArizona-1,2e11cb10-27e8-11f1-8d4e-73b83eb2bf78,83.88009,,,6.60671,,,,,,,fcc4ca4f-6759-4024-9276-a76842dbcbc5,2026-03-25,01:15:57.81,2026-03-24T19:15:57.8139136-06:00,2026-03-25T01:15:57.8139136Z,,v3,232,5310,4b3137947cb04fa1abe03d266626d88b,"Perez, Jaime",1000122545,Right,GRA_CAN,880fb96d-8d44-4532-9e95-e2bec1525dcf,54.57874,-123.56489,11.71925,5.75639,-2.83686,-13.91371,1.86526,-4.85206,4.87743,,,,,,,,,,,,,,,,,,,,,,,,,,,,,,,,,,,,,,,,,,,,,,,,,,,High,High,High,,,,,,127.342098,-18.20693,1645.563294,0.949934,10:15,0.318591,0.761949,-0.563856,-85.738398,29.345087,70.695797,93.164175,4.79547,0.99498,0.083599,-0.055004,56.657088,84.256731,0.083599,0.99498,0.055004,-56.657088,-84.256731,-0.083599,-0.99498,0.055004,-93.164175,-4.79547,-0.99498,-0.083599,-0.055004
18,2026-03-24,19:16:15.08,3,3,"Kiemele, Cody",828163,Left,GRA_CAN,"Lira, Tony",830243,Right,ARI_WIL,Undefined,1,Bottom,2,0,2,ChangeUp,Changeup,BallCalled,Undefined,Undefined,Undefined,0,0,,84.21514,1.436821,1.536284,1790.432866,120.815364,10:00,5.85589,-1.85079,6.14941,-33.09923,5.5691,-7.49394,4.42599,-1.05543,77.6095,-4.717008,0.185264,0.447558,,,,,,,,,,,,4.25799,2.86681,1.73766,50,5.94816,-2.99625,-122.44678,2.02901,6.52121,22.19265,-27.78345,ARI_WIL,GRA_CAN,UArizona,D1,BIG12,20260324-UArizona-1,386009b0-27e8-11f1-8d4e-73b83eb2bf78,84.21806,,,6.60564,,,,,,,fcc4ca4f-6759-4024-9276-a76842dbcbc5,2026-03-25,01:16:15.08,2026-03-24T19:16:15.0807552-06:00,2026-03-25T01:16:15.0807552Z,,v3,232,5310,4b3137947cb04fa1abe03d266626d88b,"Perez, Jaime",1000122545,Right,GRA_CAN,e9a0e498-8d30-4be3-9cee-93a61c4952f7,54.35063,-123.23278,11.09633,5.85887,3.01302,-13.89173,1.84787,-3.22721,3.26061,,,,,,,,,,,,,,,,,,,,,,,,,,,,,,,,,,,,,,,,,,,,,,,,,,,High,High,High,,,,,,130.184797,-30.074595,1549.393522,0.865374,10:15,0.532331,0.648344,-0.544311,-86.18872,25.73464,61.694091,99.847478,6.99713,0.977929,0.12182,-0.169752,35.66443,77.939771,0.12182,0.977929,0.169752,-35.66443,-77.939771,-0.12182,-0.977929,0.169752,-99.847478,-6.99713,-0.977929,-0.12182,-0.169752
19,2026-03-24,19:16:31.33,3,4,"Kiemele, Cody",828163,Left,GRA_CAN,"Lira, Tony",830243,Right,ARI_WIL,Undefined,1,Bottom,2,1,2,Slider,Curveball,BallCalled,Undefined,Undefined,Undefined,0,0,,79.34917,-0.252593,0.197218,2356.673574,314.56562,4:30,5.82997,-1.74222,5.33263,-57.5846,-12.26686,13.858,0.79426,-0.40235,73.37978,-10.63051,2.669082,0.484513,,,,,,,,,,,,-6.93697,-5.73016,1.71401,50,5.76521,-0.94388,-115.30576,-2.55312,-9.30883,22.09366,-39.86343,ARI_WIL,GRA_CAN,UArizona,D1,BIG12,20260324-UArizona-1,421081b0-27e8-11f1-8d4e-73b83eb2bf78,77.79447,,,5.96939,,,,,,,fcc4ca4f-6759-4024-9276-a76842dbcbc5,2026-03-25,01:16:31.33,2026-03-24T19:16:31.3318400-06:00,2026-03-25T01:16:31.3318400Z,,v3,232,5310,4b3137947cb04fa1abe03d266626d88b,"Perez, Jaime",1000122545,Right,GRA_CAN,93815322-7139-4a01-85e1-aeaf91b49519,55.17137,-116.29242,11.04683,5.83948,-0.77289,-19.93171,1.74688,-0.52817,-4.65442,,,,,,,,,,,,,,,,,,,,,,,,,,,,,,,,,,,,,,,,,,,,,,,,,,,High,High,High,,,,,,326.728156,-55.764854,1325.842429,0.562591,5:00,0.826464,-0.304996,0.473217,66.460817,6.998183,-32.878628,94.983447,52.6943,0.603777,0.795413,-0.052648,86.213157,37.140851,0.795413,0.603777,0.052648,-86.213157,-37.140851,-0.795413,-0.603777,0.052648,-94.983447,-52.6943,-0.603777,-0.795413,-0.052648
20,2026-03-24,19:16:47.00,3,5,"Kiemele, Cody",828163,Left,GRA_CAN,"Lira, Tony",830243,Right,ARI_WIL,Undefined,1,Bottom,2,2,2,Fastball,Four-Seam,InPlay,Undefined,FlyBall,HomeRun,0,1,,90.94584,-0.513412,2.270454,2163.611631,157.766304,11:15,5.8378,-1.61046,6.3243,-19.14001,13.70745,-5.22965,3.76959,0.04579,84.02643,-4.127567,1.325177,0.412498,105.33781,23.406843,-19.533593,2301.45423,102.72866,46.42418,-39.32965,438.32799,410.55035,-26.119794,4.75955,3.29855,7.56469,1.44709,50,5.79098,-5.03965,-132.28837,-1.75713,5.9126,25.17605,-18.61446,ARI_WIL,GRA_CAN,UArizona,D1,BIG12,20260324-UArizona-1,4b5ce0b0-27e8-11f1-8d4e-73b83eb2bf78,91.37595,72.06756,,6.91941,,,,1.48162,3.72102,0.01516,fcc4ca4f-6759-4024-9276-a76842dbcbc5,2026-03-25,01:16:47.00,2026-03-24T19:16:47.0081024-06:00,2026-03-25T01:16:47.0081024Z,FlyBall,v3,232,5310,4b3137947cb04fa1abe03d266626d88b,"Perez, Jaime",1000122545,Right,GRA_CAN,bdb3246d-bf9d-4595-aa9b-af474daa1f68,54.17674,-133.08088,12.58802,5.83707,-1.17116,-9.30723,1.60866,-5.22577,2.9563,156.395597,1.48167,133.62148,-24.07476,5.73842,-1.27817,0.28509,-0.05374,0.00638,-0.00032,3.72228,61.34438,-14.16335,-0.20494,0.44375,-0.21182,0.05338,-0.00669,0.00033,0.01521,-47.40731,2.95854,-0.54115,0.07512,-0.01182,0.00258,-0.0004,3E-05,,,,,,,,,,,,,,,,,,,,,,,High,High,High,High,Medium,,,,150.760729,-27.513269,1918.915544,0.886904,11:00,0.488353,0.437337,-0.755147,40.008043,-40.987246,-8.47885,169.5345,9.002652,0.179406,0.15648,-0.97125,9.152393,10.33515,0.15648,0.179406,0.97125,-9.152393,-10.33515,-0.15648,-0.179406,0.97125,-169.5345,-9.002652,-0.179406,-0.15648,-0.97125
21,2026-03-24,19:17:42.27,4,1,"Kiemele, Cody",828163,Left,GRA_CAN,"Mihalakis, Maddox",805974,Left,ARI_WIL,Undefined,1,Bottom,2,0,0,Cutter,Slider,BallCalled,Undefined,Undefined,Undefined,0,0,,84.88493,2.432663,0.831465,2057.205218,229.057982,1:45,5.87251,-1.78086,5.8605,-34.24159,4.34181,3.72406,5.28068,-0.69801,77.98336,-3.900433,1.498948,0.447066,,,,,,,,,,,,-1.68106,1.9591,1.7113,50,6.05002,-1.94102,-123.29498,4.08627,-2.60639,22.85385,-29.13657,ARI_WIL,GRA_CAN,UArizona,D1,BIG12,20260324-UArizona-1,6c51c470-27e8-11f1-8d4e-73b83eb2bf78,84.3107,,,6.90158,,,,,,,fcc4ca4f-6759-4024-9276-a76842dbcbc5,2026-03-25,01:17:42.27,2026-03-24T19:17:42.2755840-06:00,2026-03-25T01:17:42.2755840Z,,v3,232,5310,4b3137947cb04fa1abe03d266626d88b,"Perez, Jaime",1000122545,Right,GRA_CAN,1a69efda-cf56-4bef-b649-dd901c32c81a,54.63864,-124.15182,11.42693,5.87634,5.17866,-14.56829,1.78223,-1.8433,-1.3032,,,,,,,,,,,,,,,,,,,,,,,,,,,,,,,,,,,,,,,,,,,,,,,,,,,High,High,High,,,,,,167.786603,-69.009258,736.926071,0.358217,11:30,0.940995,0.036085,-0.33649,1.328848,-51.087827,40.048519,165.204326,-36.567299,0.205105,-0.595767,-0.776527,37.496117,-11.835621,0.595767,-0.205105,0.776527,-37.496117,11.835621,-0.595767,0.205105,0.776527,-165.204326,36.567299,-0.205105,0.595767,-0.776527
22,2026-03-24,19:17:57.06,4,2,"Kiemele, Cody",828163,Left,GRA_CAN,"Mihalakis, Maddox",805974,Left,ARI_WIL,Undefined,1,Bottom,2,1,0,Cutter,Slider,InPlay,Undefined,GroundBall,Out,1,0,,84.63747,-1.283879,1.473325,2071.16413,237.376108,2:00,5.84254,-1.68525,5.99271,-33.8488,4.87154,5.79138,1.8314,0.16304,78.05133,-7.528,2.515546,0.447859,,,,,,,,,,,,-2.61425,3.16658,1.56581,50,5.72241,-3.38345,-123.0083,-3.85202,-4.01384,23.925,-27.31219,ARI_WIL,GRA_CAN,UArizona,D1,BIG12,20260324-UArizona-1,75212b40-27e8-11f1-8d4e-73b83eb2bf78,84.16145,,,6.58615,,,,,,,fcc4ca4f-6759-4024-9276-a76842dbcbc5,2026-03-25,01:17:57.06,2026-03-24T19:17:57.0631680-06:00,2026-03-25T01:17:57.0631680Z,,v3,232,5310,4b3137947cb04fa1abe03d266626d88b,"Perez, Jaime",1000122545,Right,GRA_CAN,c4c8808c-cde1-4334-b71c-1d3d3968e639,54.5086,-123.88212,11.9625,5.84489,-2.85449,-13.65609,1.68671,-3.23685,-2.00692,,,,,,,,,,,,,,,,,,,,,,,,,,,,,,,,,,,,,,,,,,,,,,,,,,,High,High,High,,,,,,164.630327,-70.463812,692.60176,0.334402,11:30,0.948188,0.109726,-0.298162,-7.244853,-44.451647,55.960448,162.230076,-39.551239,0.235323,-0.636768,-0.734268,40.932304,-13.610642,0.636768,-0.235323,0.734268,-40.932304,13.610642,-0.636768,0.235323,0.734268,-162.230076,39.551239,-0.235323,0.636768,-0.734268
23,2026-03-24,19:20:20.19,1,1,"Lafflam, Jack",1000292378,Right,ARI_WIL,"Ohland, Carson",814703,Left,GRA_CAN,Undefined,2,Top,0,0,0,Fastball,Four-Seam,BallCalled,Undefined,Undefined,Undefined,0,0,,94.91828,-0.754386,-1.784017,2515.646613,187.927528,12:15,5.94581,1.98902,7.21147,-16.96076,12.28784,1.59335,3.84898,0.50593,87.37477,-4.018964,-1.490962,0.389246,,,,,,,,,,,,-1.31331,7.07449,-1.88668,50,5.89692,4.24448,-138.18746,-2.23935,-2.55656,28.8527,-18.40243,ARI_WIL,GRA_CAN,UArizona,D1,BIG12,20260324-UArizona-1,ca68ae70-27e8-11f1-8d4e-73b83eb2bf78,96.83453,,,7.54352,,,,,,,fcc4ca4f-6759-4024-9276-a76842dbcbc5,2026-03-25,01:20:20.19,2026-03-24T19:20:20.1978880-06:00,2026-03-25T01:20:20.1978880Z,,v3,232,5310,4b3137947cb04fa1abe03d266626d88b,"Meyers, Roman",834679,Right,ARI_WIL,d8ae288f-6d8c-4ed1-96ce-3cee4e91e2db,53.28727,-138.87212,14.42635,5.94487,-1.80266,-9.20121,-1.98812,4.30514,-1.27828,,,,,,,,,,,,,,,,,,,,,,,,,,,,,,,,,,,,,,,,,,,,,,,,,,,High,High,High,,,,,,216.570413,47.173982,1710.072229,0.679774,1:15,-0.744669,-0.414638,-0.523015,-31.18061,53.937616,-11.645458,177.537686,-2.648148,0.042916,-0.046202,-0.99801,2.650592,-2.459683,0.046202,-0.042916,0.99801,-2.650592,2.459683,-0.046202,0.042916,0.99801,-177.537686,2.648148,-0.042916,0.046202,-0.99801
24,2026-03-24,19:20:37.97,1,2,"Lafflam, Jack",1000292378,Right,ARI_WIL,"Ohland, Carson",814703,Left,GRA_CAN,Undefined,2,Top,0,1,0,Fastball,Four-Seam,FoulBallNotFieldable,Undefined,Undefined,Undefined,0,0,,94.31635,-1.847925,-3.679298,2486.996486,191.43589,12:30,5.70193,2.20877,6.57283,-18.40556,11.96158,2.24725,2.47023,-0.98107,87.23528,-5.32111,-3.272102,0.396619,,,,,,,,,,,,-2.09382,7.0228,-1.95667,50,5.56673,8.72036,-136.98874,-4.97505,-4.0228,27.12569,-18.68139,ARI_WIL,GRA_CAN,UArizona,D1,BIG12,20260324-UArizona-1,d5013c80-27e8-11f1-8d4e-73b83eb2bf78,95.0344,,,7.08107,,,,,,,fcc4ca4f-6759-4024-9276-a76842dbcbc5,2026-03-25,01:20:37.97,2026-03-24T19:20:37.9789824-06:00,2026-03-25T01:20:37.9789824Z,,v3,232,5310,4b3137947cb04fa1abe03d266626d88b,"Meyers, Roman",834679,Right,ARI_WIL,82557b4e-4826-4dc5-9110-b351e09bd17e,53.92791,-137.76433,13.56284,5.70135,-4.44091,-9.3407,-2.20765,8.83538,-2.0114,,,,,,,,,,,,,,,,,,,,,,,,,,,,,,,,,,,,,,,,,,,,,,,,,,,High,High,High,,,,,,223.167289,46.630488,1707.822462,0.686701,1:30,-0.742087,-0.49299,-0.454167,19.890117,64.11802,60.380801,176.497587,3.827383,0.060954,0.066751,-0.995906,3.834524,3.494592,0.066751,0.060954,0.995906,-3.834524,-3.494592,-0.066751,-0.060954,0.995906,-176.497587,-3.827383,-0.060954,-0.066751,-0.995906
25,2026-03-24,19:20:59.73,1,3,"Lafflam, Jack",1000292378,Right,ARI_WIL,"Ohland, Carson",814703,Left,GRA_CAN,Undefined,2,Top,0,1,1,Fastball,Four-Seam,BallCalled,Undefined,Undefined,Undefined,0,0,,93.57983,-0.492135,-1.325353,2435.719764,195.555011,12:30,5.64611,2.3471,6.59359,-19.71871,10.92343,2.80784,3.55183,1.36653,86.59201,-4.217563,-0.814751,0.398411,,,,,,,,,,,,-1.79,6.13607,-2.25758,50,5.60402,3.03902,-136.22732,-1.75975,-3.40747,26.27745,-20.49325,ARI_WIL,GRA_CAN,UArizona,D1,BIG12,20260324-UArizona-1,e1ffa700-27e8-11f1-8d4e-73b83eb2bf78,94.607,,,6.98782,,,,,,,fcc4ca4f-6759-4024-9276-a76842dbcbc5,2026-03-25,01:20:59.73,2026-03-24T19:20:59.7386752-06:00,2026-03-25T01:20:59.7386752Z,,v3,232,5310,4b3137947cb04fa1abe03d266626d88b,"Meyers, Roman",834679,Right,ARI_WIL,5c6c6017-78fa-45c9-91b0-182aac67078e,53.90602,-136.9787,13.13873,5.64596,-1.17377,-10.24663,-2.34587,3.13645,-1.70374,,,,,,,,,,,,,,,,,,,,,,,,,,,,,,,,,,,,,,,,,,,,,,,,,,,High,High,High,,,,,,222.075161,50.050773,1563.996429,0.642109,1:30,-0.77371,-0.436849,-0.458843,2.066412,62.475545,41.025699,179.71738,8.173296,0.004883,0.142168,-0.989831,8.173394,0.279749,0.142168,0.004883,0.989831,-8.173394,-0.279749,-0.142168,-0.004883,0.989831,-179.71738,-8.173296,-0.004883,-0.142168,-0.989831
26,2026-03-24,19:21:18.70,1,4,"Lafflam, Jack",1000292378,Right,ARI_WIL,"Ohland, Carson",814703,Left,GRA_CAN,Undefined,2,Top,0,2,1,Fastball,Four-Seam,InPlay,Undefined,GroundBall,Out,1,0,,94.07005,-1.339068,-2.315334,2525.776224,196.584227,12:30,5.60359,2.20865,6.85888,-19.79123,10.52953,2.86378,2.73239,0.33546,86.39364,-5.103063,-1.792308,0.396316,76.03691,-45.109798,22.373873,,,,,3.20392,3.20392,12.592701,0.033624,-2.15165,6.24315,-2.06206,50,5.51086,5.4224,-136.80371,-3.75877,-4.08896,29.39433,-20.30961,ARI_WIL,GRA_CAN,UArizona,D1,BIG12,20260324-UArizona-1,ed49f8e0-27e8-11f1-8d4e-73b83eb2bf78,95.1071,2.66541,,7.67641,,,,0.67152,2.66541,-0.31219,fcc4ca4f-6759-4024-9276-a76842dbcbc5,2026-03-25,01:21:18.70,2026-03-24T19:21:18.7078656-06:00,2026-03-25T01:21:18.7078656Z,GroundBall,v3,232,5310,4b3137947cb04fa1abe03d266626d88b,"Meyers, Roman",834679,Right,ARI_WIL,9e30cf9d-5858-4637-87ab-a0e8d660f612,53.64116,-137.58384,14.69717,5.60347,-3.21975,-10.1548,-2.20741,5.53092,-2.04448,,0.67022,73.02199,,,,,,,,2.66682,-79.26986,,,,,,,,-0.31273,30.05855,,,,,,,,,,,,,,,,,,,,,,,,,,,,,,High,High,High,Estimated,Estimated,,,,221.504845,48.462052,1674.882489,0.663116,1:30,-0.757503,-0.456808,-0.466386,3.999645,65.719405,40.493453,176.18005,4.294714,0.066434,0.074887,-0.994977,4.304241,3.809208,0.074887,0.066434,0.994977,-4.304241,-3.809208,-0.074887,-0.066434,0.994977,-176.18005,-4.294714,-0.066434,-0.074887,-0.994977
27,2026-03-24,19:22:00.28,2,1,"Lafflam, Jack",1000292378,Right,ARI_WIL,"Bianchina, Vince",812437,Left,GRA_CAN,Undefined,2,Top,1,0,0,Fastball,Four-Seam,FoulBallNotFieldable,Undefined,Undefined,Undefined,0,0,,94.01188,-1.369646,-1.95908,2532.447356,203.661432,12:45,5.76126,2.0715,7.06521,-15.63276,14.22871,5.8715,3.21391,0.78123,86.93325,-4.375169,-0.882183,0.393303,79.59314,18.13666,-139.646392,2660.837295,,,,,45.73638,,,-3.62299,8.22552,-1.95527,50,5.67335,4.46561,-136.87424,-3.65905,-6.95287,26.9266,-16.38855,ARI_WIL,GRA_CAN,UArizona,D1,BIG12,20260324-UArizona-1,061504a0-27e9-11f1-8d4e-73b83eb2bf78,95.83567,15.7432,,7.07863,,,,0.77302,2.94173,-0.72276,fcc4ca4f-6759-4024-9276-a76842dbcbc5,2026-03-25,01:22:00.28,2026-03-24T19:22:00.2897408-06:00,2026-03-25T01:22:00.2897408Z,,v3,232,5310,4b3137947cb04fa1abe03d266626d88b,"Meyers, Roman",834679,Right,ARI_WIL,d5f7522b-fa99-418f-8541-3f3d35fea06e,53.43518,-137.54837,13.4633,5.75982,-3.24875,-8.19428,-2.06925,4.63968,-3.47643,,0.76896,-84.41529,6.74207,,,,,,,2.94408,36.26613,-15.38383,,,,,,,-0.72878,-71.64582,8.57953,,,,,,,,,,,,,,,,,,,,,,,,,,,,,High,High,High,Medium,Undefined,,,,218.487351,45.891207,1762.641594,0.696023,1:15,-0.725672,-0.450203,-0.520305,-11.866764,54.594693,24.450481,176.152062,-5.556724,0.066793,-0.096831,-0.993057,5.5692,-3.829829,0.096831,-0.066793,0.993057,-5.5692,3.829829,-0.096831,0.066793,0.993057,-176.152062,5.556724,-0.066793,0.096831,-0.993057
28,2026-03-24,19:22:21.70,2,2,"Lafflam, Jack",1000292378,Right,ARI_WIL,"Bianchina, Vince",812437,Left,GRA_CAN,Undefined,2,Top,1,0,1,Fastball,Four-Seam,FoulBallNotFieldable,Undefined,Undefined,Undefined,0,0,,95.93087,-2.457751,-1.746884,2392.595133,206.326035,1:00,6.00277,1.77058,6.81511,-15.79981,13.39198,6.19032,2.44131,0.69214,88.1796,-5.481182,-0.616428,0.388868,,,,,,,,,,,,-3.75083,8.03666,-1.65999,50,5.83802,4.01011,-139.46862,-6.41641,-7.41817,30.16166,-16.27958,ARI_WIL,GRA_CAN,UArizona,D1,BIG12,20260324-UArizona-1,12d77790-27e9-11f1-8d4e-73b83eb2bf78,96.92869,,,7.75127,,,,,,,fcc4ca4f-6759-4024-9276-a76842dbcbc5,2026-03-25,01:22:21.70,2026-03-24T19:22:21.7052672-06:00,2026-03-25T01:22:21.7052672Z,,v3,232,5310,4b3137947cb04fa1abe03d266626d88b,"Meyers, Roman",834679,Right,ARI_WIL,db2c81bf-b905-4403-8544-4ae1dc973f53,53.68476,-140.26322,15.08083,6.00141,-5.98752,-8.13979,-1.76821,4.20553,-3.70908,,,,,,,,,,,,,,,,,,,,,,,,,,,,,,,,,,,,,,,,,,,,,,,,,,,High,High,High,,,,,,218.309994,33.015371,2006.249461,0.838524,1:15,-0.541887,-0.542702,-0.641743,-20.757905,52.532458,20.107282,175.037847,1.789382,0.086455,0.031226,-0.995766,1.796109,4.959727,0.031226,0.086455,0.995766,-1.796109,-4.959727,-0.031226,-0.086455,0.995766,-175.037847,-1.789382,-0.086455,-0.031226,-0.995766
29,2026-03-24,19:22:47.89,2,3,"Lafflam, Jack",1000292378,Right,ARI_WIL,"Bianchina, Vince",812437,Left,GRA_CAN,Undefined,2,Top,1,0,2,Fastball,Four-Seam,StrikeSwinging,Strikeout,Undefined,Undefined,0,0,,95.05683,-1.950239,-2.360609,2553.591796,184.163046,12:15,5.62689,2.25018,6.84774,-19.0793,10.59249,0.70717,2.25652,0.15547,87.52142,-5.571237,-2.23149,0.392052,,,,,,,,,,,,-0.99532,6.41803,-2.09954,50,5.49501,5.66922,-138.19498,-5.25367,-1.93491,29.27647,-19.69703,ARI_WIL,GRA_CAN,UArizona,D1,BIG12,20260324-UArizona-1,2276a4a0-27e9-11f1-8d4e-73b83eb2bf78,96.14153,,,7.53542,,,,,,,fcc4ca4f-6759-4024-9276-a76842dbcbc5,2026-03-25,01:22:47.89,2026-03-24T19:22:47.8970000-06:00,2026-03-25T01:22:47.8970000Z,,v3,232,5310,4b3137947cb04fa1abe03d266626d88b,"Meyers, Roman",834679,Right,ARI_WIL,d1807ebe-7a43-4ef3-9c62-d295d0d82411,53.65152,-138.9664,14.63824,5.6266,-4.73467,-9.84851,-2.24959,5.7202,-0.96746,,,,,,,,,,,,,,,,,,,,,,,,,,,,,65.89334,2.864011,1.813914,1.050098,-1.44433,1.97159,-0.04416,-0.41823,6.22688,-1.14963,78.80102,10.21997,-45.97717,-0.31405,81.27409,-5.605,6.28644,18.13363,-13.67278,-1.21789,-46.38758,3.55442,High,High,High,,,High,High,High,222.175401,51.133704,1602.391995,0.627505,1:30,-0.78233,-0.447562,-0.433184,-22.797028,71.131951,14.51335,172.541354,8.90601,0.128246,0.154814,-0.979584,8.980775,7.36822,0.154814,0.128246,0.979584,-8.980775,-7.36822,-0.154814,-0.128246,0.979584,-172.541354,-8.90601,-0.128246,-0.154814,-0.979584
30,2026-03-24,19:23:19.12,3,1,"Lafflam, Jack",1000292378,Right,ARI_WIL,"Sanders, Troy",702974,Right,GRA_CAN,Undefined,2,Top,2,0,0,Curveball,Curveball,BallCalled,Undefined,Undefined,Undefined,0,0,,80.55205,-0.047045,0.17008,2941.877763,37.808137,7:15,5.86963,1.9847,6.14344,-56.5905,-13.41579,-11.56115,1.11028,1.17845,73.52539,-10.436913,-1.923845,0.472918,,,,,,,,,,,,6.03713,-6.48504,-1.99187,50,5.83742,0.08095,-117.05266,-1.92891,8.23147,25.64863,-41.01627,ARI_WIL,GRA_CAN,UArizona,D1,BIG12,20260324-UArizona-1,351b7090-27e9-11f1-8d4e-73b83eb2bf78,79.70178,,,7.02666,,,,,,,fcc4ca4f-6759-4024-9276-a76842dbcbc5,2026-03-25,01:23:19.12,2026-03-24T19:23:19.1223808-06:00,2026-03-25T01:23:19.1223808Z,,v3,232,5310,4b3137947cb04fa1abe03d266626d88b,"Meyers, Roman",834679,Right,ARI_WIL,a16a5355-05b8-4235-a66b-2643b43836a7,54.35869,-118.00387,12.82431,5.88075,-0.40777,-20.50813,-1.98921,-0.22433,4.11574,,,,,,,,,,,,,,,,,,,,,,,,,,,,,,,,,,,,,,,,,,,,,,,,,,,High,High,High,,,,,,29.211082,21.44303,2738.245479,0.930782,7:00,-0.368359,0.453948,0.811322,50.375788,19.390868,3.830053,93.486635,-35.973501,0.807791,-0.587411,-0.049217,85.210539,-53.880642,0.587411,-0.807791,0.049217,-85.210539,53.880642,-0.587411,0.807791,0.049217,-93.486635,35.973501,-0.807791,0.587411,-0.049217
31,2026-03-24,19:23:35.99,3,2,"Lafflam, Jack",1000292378,Right,ARI_WIL,"Sanders, Troy",702974,Right,GRA_CAN,Undefined,2,Top,2,1,0,Slider,Slider,InPlay,Undefined,FlyBall,Out,1,0,,84.66146,-0.00845,-1.741085,2770.360805,87.624396,9:00,5.56479,2.41212,6.54119,-37.56734,0.54417,-15.46808,2.42642,-0.47423,77.67577,-7.005168,-4.550505,0.444324,81.45874,29.229166,-17.051081,4155.969982,104.81354,52.84401,-33.37769,302.93462,296.19091,-20.94607,4.447265,7.67004,0.60807,-2.2852,50,5.54821,4.29421,-123.11782,-1.14427,11.70986,25.66339,-31.24573,ARI_WIL,GRA_CAN,UArizona,D1,BIG12,20260324-UArizona-1,3f204a20-27e9-11f1-8d4e-73b83eb2bf78,84.83104,63.25616,,6.98569,,,,2.51328,2.22534,0.41843,fcc4ca4f-6759-4024-9276-a76842dbcbc5,2026-03-25,01:23:35.99,2026-03-24T19:23:35.9924224-06:00,2026-03-25T01:23:35.9924224Z,LineDrive,v3,232,5310,4b3137947cb04fa1abe03d266626d88b,"Meyers, Roman",834679,Right,ARI_WIL,e24a7890-1bf7-4dec-9054-41b187f3e56c,53.96029,-123.94057,12.8317,5.56884,-0.14254,-15.62286,-2.41685,3.9188,5.85493,171.270005,2.51387,99.66733,-18.09359,4.26272,-0.80982,0.13439,-0.022,0.00297,-0.00019,2.2258,58.32036,-14.07736,-0.3606,0.45018,-0.205,0.05711,-0.00831,0.00048,0.41829,-30.56915,3.66006,-0.98901,0.17866,-0.02046,0.00073,8E-05,-1E-05,,,,,,,,,,,,,,,,,,,,,,,High,High,High,High,High,,,,69.475215,70.221966,937.426872,0.338377,8:15,-0.937018,0.316758,0.147177,-2.378694,6.968486,28.865137,97.473675,-42.871093,0.72666,-0.680351,-0.095327,82.023961,-46.607131,0.680351,-0.72666,0.095327,-82.023961,46.607131,-0.680351,0.72666,0.095327,-97.473675,42.871093,-0.72666,0.680351,-0.095327
32,2026-03-24,19:26:06.12,1,1,"Kiemele, Cody",828163,Left,GRA_CAN,"Cain, Andrew",814832,Left,ARI_WIL,Undefined,2,Bottom,0,0,0,Fastball,Four-Seam,StrikeCalled,Undefined,Undefined,Undefined,0,0,,89.0815,-1.747333,2.048116,2132.269542,155.887823,11:15,5.8632,-1.6793,5.80519,-19.22359,16.00339,-6.67626,2.63467,-0.33009,81.73875,-5.361133,0.852485,0.427178,,,,,,,,,,,,3.94445,8.96363,1.51512,50,5.70821,-4.33888,-129.31399,-4.54791,6.7059,25.95086,-16.93507,ARI_WIL,GRA_CAN,UArizona,D1,BIG12,20260324-UArizona-1,98a32d10-27e9-11f1-8d4e-73b83eb2bf78,88.23585,,,7.34275,,,,,,,fcc4ca4f-6759-4024-9276-a76842dbcbc5,2026-03-25,01:26:06.12,2026-03-24T19:26:06.1266944-06:00,2026-03-25T01:26:06.1266944Z,,v3,232,5310,4b3137947cb04fa1abe03d266626d88b,"Perez, Jaime",1000122545,Right,GRA_CAN,5cb221c2-bc49-465e-81ba-30e182497c73,54.69322,-130.25242,12.97543,5.8616,-3.93551,-8.46753,1.67641,-4.58138,3.35295,,,,,,,,,,,,,,,,,,,,,,,,,,,,,,,,,,,,,,,,,,,,,,,,,,,High,High,High,,,,,,147.971025,-20.766947,1993.736791,0.93503,11:00,0.367395,0.506472,-0.780068,44.547439,15.739794,-49.312063,175.80143,-6.922719,0.07268,-0.12053,-0.990045,6.941166,-4.167907,0.12053,-0.07268,0.990045,-6.941166,4.167907,-0.12053,0.07268,0.990045,-175.80143,6.922719,-0.07268,0.12053,-0.990045
33,2026-03-24,19:26:21.85,1,2,"Kiemele, Cody",828163,Left,GRA_CAN,"Cain, Andrew",814832,Left,ARI_WIL,Undefined,2,Bottom,0,0,1,Cutter,Slider,InPlay,Undefined,LineDrive,Double,0,0,,83.3492,-0.678258,0.989656,2081.842001,219.502283,1:15,5.78647,-1.79355,5.47978,-34.38648,6.15898,4.10142,2.28617,-0.52567,77.0027,-6.971782,1.720728,0.458292,104.02683,12.891237,37.028819,2810.438144,83.95751,15.28546,71.07108,206.46056,192.89352,43.399381,1.729463,-1.83638,3.60878,1.70374,50,5.70333,-2.25648,-121.12288,-2.61982,-2.74562,22.22985,-26.7784,ARI_WIL,GRA_CAN,UArizona,D1,BIG12,20260324-UArizona-1,a2033b20-27e9-11f1-8d4e-73b83eb2bf78,82.24539,15.29457,,6.3465,,,,2.32191,2.6173,0.5765,fcc4ca4f-6759-4024-9276-a76842dbcbc5,2026-03-25,01:26:21.85,2026-03-24T19:26:21.8535424-06:00,2026-03-25T01:26:21.8535424Z,LineDrive,v3,232,5310,4b3137947cb04fa1abe03d266626d88b,"Perez, Jaime",1000122545,Right,GRA_CAN,45455bb7-bace-4b74-b3a9-8371a4c3cb92,55.02143,-122.04099,11.11492,5.7887,-1.51385,-13.3892,1.7946,-2.14308,-1.37281,,2.32191,118.73354,-27.26436,6.58095,-1.52791,0.30446,-0.05722,0.00842,-0.00063,2.6173,34.03906,-25.29107,3.74715,-0.81225,0.17828,-0.03509,0.00572,-0.00051,0.5765,89.56586,-2.26611,-2.58662,1.18983,-0.39079,0.09835,-0.01774,0.00159,,,,,,,,,,,,,,,,,,,,,,,High,High,High,High,High,,,,160.620661,-68.155657,774.624899,0.372086,11:15,0.932596,0.134445,-0.334947,-14.641195,-38.631243,63.012715,164.526318,-36.356344,0.214863,-0.592805,-0.776154,37.371597,-12.407478,0.592805,-0.214863,0.776154,-37.371597,12.407478,-0.592805,0.214863,0.776154,-164.526318,36.356344,-0.214863,0.592805,-0.776154
34,2026-03-24,19:27:12.67,2,1,"Kiemele, Cody",828163,Left,GRA_CAN,"Meyers, Roman",834679,Right,ARI_WIL,Undefined,2,Bottom,0,0,0,Slider,Slider,StrikeCalled,Undefined,Undefined,Undefined,0,0,,78.736,1.277879,0.464456,2371.600445,290.372207,3:45,5.80498,-1.99916,4.7867,-51.00885,-4.16229,15.00347,2.76564,-0.30866,72.54122,-7.89273,3.105295,0.492618,,,,,,,,,,,,-7.23548,-1.94567,1.93906,50,5.88793,-1.56336,-114.27637,0.63762,-9.58816,20.64214,-34.75238,ARI_WIL,GRA_CAN,UArizona,D1,BIG12,20260324-UArizona-1,c0569900-27e9-11f1-8d4e-73b83eb2bf78,76.51453,,,6.19478,,,,,,,fcc4ca4f-6759-4024-9276-a76842dbcbc5,2026-03-25,01:27:12.67,2026-03-24T19:27:12.6775808-06:00,2026-03-25T01:27:12.6775808Z,,v3,232,5310,4b3137947cb04fa1abe03d266626d88b,"Perez, Jaime",1000122545,Right,GRA_CAN,6108df5a-117c-495f-8372-19017e4885ca,55.71481,-115.30404,10.32107,5.81312,2.36776,-17.37619,2.00501,-1.08601,-4.79408,,,,,,,,,,,,,,,,,,,,,,,,,,,,,,,,,,,,,,,,,,,,,,,,,,,High,High,High,,,,,,321.879178,-58.31329,1245.740748,0.525274,4:45,0.840112,-0.34316,0.420063,26.741552,-9.819068,-61.472975,90.348285,49.81992,0.64518,0.76402,-0.003922,89.705888,40.179186,0.76402,0.64518,0.003922,-89.705888,-40.179186,-0.76402,-0.64518,0.003922,-90.348285,-49.81992,-0.64518,-0.76402,-0.003922
35,2026-03-24,19:27:30.70,2,2,"Kiemele, Cody",828163,Left,GRA_CAN,"Meyers, Roman",834679,Right,ARI_WIL,Undefined,2,Bottom,0,0,1,Slider,Slider,StrikeSwinging,Undefined,Undefined,Undefined,0,0,,80.25104,-0.664288,1.095429,2346.995301,299.28264,4:00,5.72872,-1.99048,5.04002,-51.86467,-6.73276,14.64757,0.77986,0.26366,73.64065,-9.994207,3.690149,0.483519,,,,,,,,,,,,-6.9915,-2.77669,1.87353,50,5.62345,-2.83028,-116.41099,-3.2573,-9.50082,23.83308,-35.94736,ARI_WIL,GRA_CAN,UArizona,D1,BIG12,20260324-UArizona-1,cb1091c0-27e9-11f1-8d4e-73b83eb2bf78,77.95444,,,6.61039,,,,,,,fcc4ca4f-6759-4024-9276-a76842dbcbc5,2026-03-25,01:27:30.70,2026-03-24T19:27:30.7037184-06:00,2026-03-25T01:27:30.7037184Z,,v3,232,5310,4b3137947cb04fa1abe03d266626d88b,"Perez, Jaime",1000122545,Right,GRA_CAN,d8b29838-69f6-49fd-929c-8d12e26de71a,55.46179,-117.52388,11.91654,5.73636,-1.57874,-17.97368,1.99533,-2.38664,-4.75041,,,,,,,,,,,,,,,,,,,,,,,,,,,,,,,,,,,,,,,,,,,,,,,,,,,High,High,High,,,,,,330.322959,-63.276567,1055.407026,0.449684,5:00,0.888076,-0.212273,0.407752,41.29949,-4.148734,-46.856482,94.894154,37.556288,0.789865,0.609541,-0.067634,83.668409,52.172852,0.609541,0.789865,0.067634,-83.668409,-52.172852,-0.609541,-0.789865,0.067634,-94.894154,-37.556288,-0.789865,-0.609541,-0.067634
36,2026-03-24,19:27:55.37,2,3,"Kiemele, Cody",828163,Left,GRA_CAN,"Meyers, Roman",834679,Right,ARI_WIL,Undefined,2,Bottom,0,0,2,Fastball,Four-Seam,BallCalled,Undefined,Undefined,Undefined,0,0,,89.73789,0.56576,2.727932,2248.65406,177.268803,12:00,5.84864,-1.86938,6.48697,-17.26143,16.75603,-0.74784,4.93023,0.57472,81.72081,-2.755413,2.592514,0.419781,,,,,,,,,,,,1.16453,8.91197,1.67811,50,5.88038,-6.17797,-130.29381,0.84483,1.99729,27.96091,-16.88901,ARI_WIL,GRA_CAN,UArizona,D1,BIG12,20260324-UArizona-1,d9ba8960-27e9-11f1-8d4e-73b83eb2bf78,89.79081,,,8.01708,,,,,,,fcc4ca4f-6759-4024-9276-a76842dbcbc5,2026-03-25,01:27:55.37,2026-03-24T19:27:55.3786368-06:00,2026-03-25T01:27:55.3786368Z,,v3,232,5310,4b3137947cb04fa1abe03d266626d88b,"Perez, Jaime",1000122545,Right,GRA_CAN,34df40d6-4ad6-4802-a83a-7a27c9d6e4d4,54.00958,-131.15144,13.98045,5.84652,1.36285,-8.44451,1.86854,-6.23923,0.99865,,,,,,,,,,,,,,,,,,,,,,,,,,,,,,,,,,,,,,,,,,,,,,,,,,,High,High,High,,,,,,149.061103,-28.111262,1983.389934,0.882034,11:00,0.511107,0.4488,-0.73304,39.396511,40.75476,-81.374107,168.408135,-3.535693,0.200556,-0.06167,-0.977739,3.609117,-11.569496,0.06167,-0.200556,0.977739,-3.609117,11.569496,-0.06167,0.200556,0.977739,-168.408135,3.535693,-0.200556,0.06167,-0.977739
37,2026-03-24,19:28:16.30,2,4,"Kiemele, Cody",828163,Left,GRA_CAN,"Meyers, Roman",834679,Right,ARI_WIL,Undefined,2,Bottom,0,1,2,Slider,Slider,BallCalled,Undefined,Undefined,Undefined,0,0,,79.79416,-1.726178,0.760308,2361.595709,297.365298,4:00,5.80082,-1.74267,5.41218,-50.86121,-6.12929,14.49143,-0.05543,0.17729,73.90256,-10.894069,3.348596,0.481371,,,,,,,,,,,,-7.1802,-2.31071,1.66433,50,5.61114,-2.09412,-115.88025,-5.24715,-9.73233,22.29484,-35.30609,ARI_WIL,GRA_CAN,UArizona,D1,BIG12,20260324-UArizona-1,e63dd070-27e9-11f1-8d4e-73b83eb2bf78,78.30223,,,5.89161,,,,,,,fcc4ca4f-6759-4024-9276-a76842dbcbc5,2026-03-25,01:28:16.30,2026-03-24T19:28:16.3066880-06:00,2026-03-25T01:28:16.3066880Z,,v3,232,5310,4b3137947cb04fa1abe03d266626d88b,"Perez, Jaime",1000122545,Right,GRA_CAN,0b67a015-fd55-4af2-9249-e933a67a50ef,55.09106,-116.85564,11.14742,5.80691,-3.70251,-17.65305,1.74664,-1.66833,-4.86616,,,,,,,,,,,,,,,,,,,,,,,,,,,,,,,,,,,,,,,,,,,,,,,,,,,High,High,High,,,,,,329.32703,-55.612506,1333.798317,0.564787,5:00,0.827022,-0.26313,0.496787,59.185675,-3.418633,-41.184829,94.691033,34.266387,0.82366,0.563041,-0.067587,83.154971,55.452908,0.563041,0.82366,0.067587,-83.154971,-55.452908,-0.563041,-0.82366,0.067587,-94.691033,-34.266387,-0.82366,-0.563041,-0.067587
38,2026-03-24,19:28:52.76,2,5,"Kiemele, Cody",828163,Left,GRA_CAN,"Meyers, Roman",834679,Right,ARI_WIL,Undefined,2,Bottom,0,2,2,Slider,Slider,InPlay,Undefined,GroundBall,Out,1,1,,80.5892,-0.176576,0.577977,2323.304921,306.930139,4:15,5.77548,-1.66182,5.14935,-49.82007,-5.75571,9.40438,1.45756,-0.33397,74.52566,-9.158886,2.247142,0.477766,87.17733,6.928424,-34.204786,3569.025076,,,,93.89315,91.03473,-36.303887,0.795835,-4.56422,-2.48677,1.60013,50,5.72011,-1.56415,-117.07344,-2.17645,-6.34787,21.67056,-35.6326,ARI_WIL,GRA_CAN,UArizona,D1,BIG12,20260324-UArizona-1,fbf7f2b0-27e9-11f1-8d4e-73b83eb2bf78,78.8931,4.21135,,6.06354,,,,1.71845,1.63707,0.14687,fcc4ca4f-6759-4024-9276-a76842dbcbc5,2026-03-25,01:28:52.76,2026-03-24T19:28:52.7606272-06:00,2026-03-25T01:28:52.7606272Z,GroundBall,v3,232,5310,4b3137947cb04fa1abe03d266626d88b,"Perez, Jaime",1000122545,Right,GRA_CAN,3ec9b36c-2ca9-4eca-a836-42d10130a7bf,55.35308,-118.06014,10.83528,5.78227,-0.55402,-17.8163,1.66477,-1.27512,-3.17394,,1.75811,104.29637,-14.41532,,,,,,,1.68933,14.53356,-21.00584,,,,,,,0.16434,-71.65303,1.97797,,,,,,,,,,,,,,,,,,,,,,,,,,,,,High,High,High,High,High,,,,323.645567,-57.269908,1256.169654,0.540682,4:45,0.837775,-0.317911,0.44392,26.182155,-7.941973,-54.565974,97.879703,53.043819,0.595528,0.799096,-0.082421,84.111154,36.550249,0.799096,0.595528,0.082421,-84.111154,-36.550249,-0.799096,-0.595528,0.082421,-97.879703,-53.043819,-0.595528,-0.799096,-0.082421
39,2026-03-24,19:29:29.17,3,1,"Kiemele, Cody",828163,Left,GRA_CAN,"Forbes, Jackson",815387,Left,ARI_WIL,Undefined,2,Bottom,1,0,0,Cutter,Slider,BallCalled,Undefined,Undefined,Undefined,0,0,,83.80815,0.321278,0.449906,2076.032886,233.344814,1:45,5.89081,-1.73971,5.4964,-35.68596,4.72181,4.62036,3.21752,-0.93383,76.65597,-6.238163,1.273657,0.457513,,,,,,,,,,,,-2.19713,2.69165,1.69719,50,5.89494,-1.14947,-121.67358,-0.56875,-3.28782,24.27436,-28.14626,ARI_WIL,GRA_CAN,UArizona,D1,BIG12,20260324-UArizona-1,11ab3720-27ea-11f1-8d4e-73b83eb2bf78,82.38544,,,7.15218,,,,,,,fcc4ca4f-6759-4024-9276-a76842dbcbc5,2026-03-25,01:29:29.17,2026-03-24T19:29:29.1784192-06:00,2026-03-25T01:29:29.1784192Z,,v3,232,5310,4b3137947cb04fa1abe03d266626d88b,"Perez, Jaime",1000122545,Right,GRA_CAN,619d2b55-9c4d-4c97-829f-17f52a7749bd,55.00186,-122.66741,12.13718,5.89464,0.5836,-14.07313,1.74149,-1.01486,-1.64391,,,,,,,,,,,,,,,,,,,,,,,,,,,,,,,,,,,,,,,,,,,,,,,,,,,High,High,High,,,,,,165.359423,-70.70994,685.818811,0.330351,11:30,0.946792,0.078204,-0.312199,-16.601168,-42.636935,60.888492,167.329765,-36.034672,0.177371,-0.588275,-0.788969,36.709114,-10.216679,0.588275,-0.177371,0.788969,-36.709114,10.216679,-0.588275,0.177371,0.788969,-167.329765,36.034672,-0.177371,0.588275,-0.788969
40,2026-03-24,19:29:41.02,3,2,"Kiemele, Cody",828163,Left,GRA_CAN,"Forbes, Jackson",815387,Left,ARI_WIL,Undefined,2,Bottom,1,1,0,Cutter,Slider,BallCalled,Undefined,Undefined,Undefined,0,0,,83.12885,1.440901,1.779669,1973.321914,230.92683,1:45,5.90509,-1.67225,5.81763,-35.25281,5.49386,5.1417,4.30801,0.41146,75.70396,-5.095636,2.700166,0.459428,,,,,,,,,,,,-2.0874,2.80587,1.52357,50,6.00243,-3.95622,-120.60967,1.87407,-3.05998,24.50855,-28.06082,ARI_WIL,GRA_CAN,UArizona,D1,BIG12,20260324-UArizona-1,18bfa780-27ea-11f1-8d4e-73b83eb2bf78,82.0421,,,7.42489,,,,,,,fcc4ca4f-6759-4024-9276-a76842dbcbc5,2026-03-25,01:29:41.02,2026-03-24T19:29:41.0288640-06:00,2026-03-25T01:29:41.0288640Z,,v3,232,5310,4b3137947cb04fa1abe03d266626d88b,"Perez, Jaime",1000122545,Right,GRA_CAN,79b57a1b-9ebf-4863-8997-bd8f0a639eee,54.67963,-121.55687,12.25427,5.90905,2.95857,-14.03041,1.67418,-3.83796,-1.52999,,,,,,,,,,,,,,,,,,,,,,,,,,,,,,,,,,,,,,,,,,,,,,,,,,,High,High,High,,,,,,176.543219,-73.805656,550.352212,0.278896,12:00,0.968623,-0.007337,-0.248427,-26.314327,-43.789832,66.800856,172.887508,-37.317976,0.09847,-0.606238,-0.789164,37.531583,-5.651087,0.606238,-0.09847,0.789164,-37.531583,5.651087,-0.606238,0.09847,0.789164,-172.887508,37.317976,-0.09847,0.606238,-0.789164
41,2026-03-24,19:29:51.73,3,3,"Kiemele, Cody",828163,Left,GRA_CAN,"Forbes, Jackson",815387,Left,ARI_WIL,Undefined,2,Bottom,1,2,0,Fastball,Four-Seam,StrikeSwinging,Undefined,Undefined,Undefined,0,0,,89.72036,-2.496513,2.10145,2143.574327,160.926566,11:15,5.86679,-1.71149,6.08298,-20.72997,13.58808,-4.34114,1.82661,-0.12821,82.6406,-6.379744,1.319755,0.421631,,,,,,,,,,,,2.79858,7.99193,1.55145,50,5.66268,-4.60406,-130.27527,-6.32875,4.83681,25.91294,-18.36148,ARI_WIL,GRA_CAN,UArizona,D1,BIG12,20260324-UArizona-1,1f166d30-27ea-11f1-8d4e-73b83eb2bf78,89.39669,,,7.07976,,,,,,,fcc4ca4f-6759-4024-9276-a76842dbcbc5,2026-03-25,01:29:51.73,2026-03-24T19:29:51.7351424-06:00,2026-03-25T01:29:51.7351424Z,,v3,232,5310,4b3137947cb04fa1abe03d266626d88b,"Perez, Jaime",1000122545,Right,GRA_CAN,f6abafd6-6d24-45b9-b44d-4018e14bb353,54.41688,-131.15088,12.95647,5.86606,-5.7083,-9.18074,1.70979,-4.7675,2.41841,,,,,,,,,,,,,,,,,,,,,,,,,,,,,,,,,,,,,,,,,,,,,,,,,,,High,High,High,,,,,,146.074326,-28.673674,1880.700785,0.877367,10:45,0.484423,0.510109,-0.71072,49.215709,22.24767,-54.290698,171.529544,-4.844745,0.146773,-0.084456,-0.985558,4.897916,-8.439972,0.084456,-0.146773,0.985558,-4.897916,8.439972,-0.084456,0.146773,0.985558,-171.529544,4.844745,-0.146773,0.084456,-0.985558
42,2026-03-24,19:30:06.63,3,4,"Kiemele, Cody",828163,Left,GRA_CAN,"Forbes, Jackson",815387,Left,ARI_WIL,Undefined,2,Bottom,1,2,1,Fastball,Four-Seam,BallCalled,Undefined,Undefined,Undefined,0,0,,89.87274,-1.20805,3.237752,2149.574912,157.29544,11:15,5.91294,-1.69529,6.48255,-21.53989,12.33009,-4.71327,3.00681,0.88795,82.2477,-5.284915,2.38426,0.41887,,,,,,,,,,,,3.35914,7.118,1.46949,50,5.81831,-7.19423,-130.46639,-3.37904,5.79042,27.42051,-19.90413,ARI_WIL,GRA_CAN,UArizona,D1,BIG12,20260324-UArizona-1,27fe16f0-27ea-11f1-8d4e-73b83eb2bf78,89.9861,,,7.62504,,,,,,,fcc4ca4f-6759-4024-9276-a76842dbcbc5,2026-03-25,01:30:06.63,2026-03-24T19:30:06.6367488-06:00,2026-03-25T01:30:06.6367488Z,,v3,232,5310,4b3137947cb04fa1abe03d266626d88b,"Perez, Jaime",1000122545,Right,GRA_CAN,6916ddb6-7f65-40c9-b564-9139b8fee30c,54.01577,-131.30768,13.71025,5.91262,-2.76835,-9.95207,1.69295,-7.37188,2.89521,,,,,,,,,,,,,,,,,,,,,,,,,,,,,,,,,,,,,,,,,,,,,,,,,,,High,High,High,,,,,,149.699396,-27.809963,1901.298724,0.8845,11:00,0.49943,0.456,-0.736637,40.331699,-38.654898,-15.466357,169.647733,4.662574,0.179105,0.081287,-0.980466,4.739381,10.317632,0.081287,0.179105,0.980466,-4.739381,-10.317632,-0.081287,-0.179105,0.980466,-169.647733,-4.662574,-0.179105,-0.081287,-0.980466
43,2026-03-24,19:30:19.62,3,5,"Kiemele, Cody",828163,Left,GRA_CAN,"Forbes, Jackson",815387,Left,ARI_WIL,Undefined,2,Bottom,1,3,1,Fastball,Four-Seam,InPlay,Undefined,Popup,Out,1,0,,89.48625,-1.202807,2.287413,2097.094563,163.642462,11:30,5.86526,-1.79128,6.26946,-21.04678,13.27568,-3.58638,3.00145,0.01974,82.05857,-5.174955,1.639721,0.421658,89.08531,75.620451,49.500234,,,,,,33.80041,,,2.50232,7.55709,1.62377,50,5.76585,-5.05291,-130.01779,-3.36104,4.29068,26.82764,-19.21615,ARI_WIL,GRA_CAN,UArizona,D1,BIG12,20260324-UArizona-1,2fb64160-27ea-11f1-8d4e-73b83eb2bf78,89.39097,131.65081,,7.42768,,,,2.66021,3.11296,0.01603,fcc4ca4f-6759-4024-9276-a76842dbcbc5,2026-03-25,01:30:19.62,2026-03-24T19:30:19.6279808-06:00,2026-03-25T01:30:19.6279808Z,,v3,232,5310,4b3137947cb04fa1abe03d266626d88b,"Perez, Jaime",1000122545,Right,GRA_CAN,444b0403-dc1e-45e4-b58b-d8f73695f80f,54.23068,-130.88783,13.41382,5.86475,-2.73784,-9.60807,1.7899,-5.19206,2.14534,,2.6602,21.07371,-7.99958,1.53478,1.32737,-2.20994,1.63955,-0.63433,0.10153,3.11296,126.56478,-29.81181,4.4291,-1.4447,0.84773,-0.50613,0.18508,-0.02907,0.01602,24.6741,-5.96025,1.19402,0.65636,-1.1943,0.89431,-0.3467,0.05552,,,,,,,,,,,,,,,,,,,,,,,High,High,High,Medium,Undefined,,,,145.270082,-25.960202,1885.494202,0.899098,10:45,0.45605,0.5213,-0.721294,35.334704,-42.28696,-0.836429,171.169898,3.026803,0.153291,0.052803,-0.986769,3.063038,8.817685,0.052803,0.153291,0.986769,-3.063038,-8.817685,-0.052803,-0.153291,0.986769,-171.169898,-3.026803,-0.153291,-0.052803,-0.986769
44,2026-03-24,19:33:35.10,4,1,"Gregory, Billy",1000396783,Right,GRA_CAN,"McEntire, Carson",806323,Right,ARI_WIL,Undefined,2,Bottom,2,0,0,Fastball,Four-Seam,BallCalled,Undefined,Undefined,Undefined,0,0,,90.28773,-1.418681,-4.656856,2349.034921,215.201791,1:15,5.64593,1.87234,6.19647,-17.82029,16.24973,10.68721,2.84661,-1.54563,82.38191,-4.811046,-2.737427,0.420105,,,,,,,,,,,,-6.78662,9.12233,-1.52619,50,5.52963,10.20352,-130.76486,-3.75404,-11.75161,27.5604,-16.37796,ARI_WIL,GRA_CAN,UArizona,D1,BIG12,20260324-UArizona-1,a43a7100-27ea-11f1-8d4e-73b83eb2bf78,89.72155,,,7.90582,,,,,,,fcc4ca4f-6759-4024-9276-a76842dbcbc5,2026-03-25,01:33:35.10,2026-03-24T19:33:35.1068672-06:00,2026-03-25T01:33:35.1068672Z,,v3,232,5310,4b3137947cb04fa1abe03d266626d88b,"Perez, Jaime",1000122545,Right,GRA_CAN,824c47ff-ef05-41ce-81e1-a35e71300d4a,54.30126,-131.66829,13.7802,5.64388,-3.21717,-8.18898,-1.86698,10.58874,-5.8758,,,,,,,,,,,,,,,,,,,,,,,,,,,,,,,,,,,,,,,,,,,,,,,,,,,High,High,High,,,,,,219.149604,-4.411074,2342.076859,0.997038,1:15,0.029393,-0.62738,-0.778158,-22.454253,-56.955623,-41.238872,155.337329,6.661287,0.414458,0.116,-0.902645,7.322988,24.485199,0.116,0.414458,0.902645,-7.322988,-24.485199,-0.116,-0.414458,0.902645,-155.337329,-6.661287,-0.414458,-0.116,-0.902645
45,2026-03-24,19:34:05.83,4,2,"Gregory, Billy",1000396783,Right,GRA_CAN,"McEntire, Carson",806323,Right,ARI_WIL,Undefined,2,Bottom,2,1,0,Fastball,Sinker,InPlay,Undefined,LineDrive,Double,0,0,,89.1801,-2.116873,-3.892536,2207.194107,228.365198,1:30,5.72519,2.06665,6.38453,-21.79781,12.68985,13.07115,1.95603,-0.43032,81.87204,-6.225583,-1.530676,0.422672,104.14191,12.708641,-11.779615,1420.780517,106.78382,18.9004,-26.40407,277.69968,277.69968,-17.528622,2.436654,-7.88516,7.52099,-1.79197,50,5.56224,8.29416,-129.36563,-5.43359,-13.40639,26.15953,-19.38679,ARI_WIL,GRA_CAN,UArizona,D1,BIG12,20260324-UArizona-1,b6a2f740-27ea-11f1-8d4e-73b83eb2bf78,89.1766,20.586,,7.30806,,,,1.58343,1.48076,0.49595,fcc4ca4f-6759-4024-9276-a76842dbcbc5,2026-03-25,01:34:05.83,2026-03-24T19:34:05.8333184-06:00,2026-03-25T01:34:05.8333184Z,LineDrive,v3,232,5310,4b3137947cb04fa1abe03d266626d88b,"Perez, Jaime",1000122545,Right,GRA_CAN,47d0cd20-1dba-4e7f-b660-b074c8ba706b,54.11579,-130.19524,13.07976,5.72481,-4.81877,-9.6934,-2.06174,8.71932,-6.7032,121.821209,1.58344,145.86132,-23.49121,4.98293,-1.0124,0.17885,-0.02898,0.00366,-0.00023,1.48076,33.60211,-15.35997,0.43697,0.10136,-0.04598,0.01267,-0.00172,0.0001,0.49596,-30.41804,-4.99558,2.58219,-0.83567,0.21265,-0.0433,0.00596,-0.0004,,,,,,,,,,,,,,,,,,,,,,,High,High,High,High,High,,,,217.003414,-3.439829,2203.217537,0.998198,1:15,0.027846,-0.598152,-0.800899,-2.496846,-54.715192,-56.834949,158.341213,15.402638,0.355822,0.2656,-0.896017,16.511057,20.843844,0.2656,0.355822,0.896017,-16.511057,-20.843844,-0.2656,-0.355822,0.896017,-158.341213,-15.402638,-0.355822,-0.2656,-0.896017
46,2026-03-24,19:34:58.15,5,1,"Gregory, Billy",1000396783,Right,GRA_CAN,"Meurant, Mathis",830238,Right,ARI_WIL,Undefined,2,Bottom,2,0,0,ChangeUp,Changeup,BallCalled,Undefined,Undefined,Undefined,0,0,,81.60347,0.881824,-2.619327,2408.983296,246.282505,2:15,5.46823,2.22919,6.54137,-32.4758,8.42016,16.27887,3.57159,1.18176,74.70102,-5.228862,0.335841,0.460269,,,,,,,,,,,,-9.21654,4.57681,-2.05389,50,5.51556,4.84073,-118.58477,0.92219,-13.1325,22.53821,-25.65263,ARI_WIL,GRA_CAN,UArizona,D1,BIG12,20260324-UArizona-1,d5c2cce0-27ea-11f1-8d4e-73b83eb2bf78,81.89221,,,6.90245,,,,,,,fcc4ca4f-6759-4024-9276-a76842dbcbc5,2026-03-25,01:34:58.15,2026-03-24T19:34:58.1564416-06:00,2026-03-25T01:34:58.1564416Z,,v3,232,5310,4b3137947cb04fa1abe03d266626d88b,"Perez, Jaime",1000122545,Right,GRA_CAN,c3bf7c61-96a0-436e-bd8d-9e99a840cd64,53.95799,-119.33465,11.2691,5.47068,1.77569,-12.82632,-2.22221,5.27767,-6.56625,,,,,,,,,,,,,,,,,,,,,,,,,,,,,,,,,,,,,,,,,,,,,,,,,,,High,High,High,,,,,,247.683283,-23.834311,2203.540016,0.914718,2:15,0.37474,-0.852323,-0.364849,22.416832,-3.273351,22.611359,91.00346,0.162841,0.999843,0.002842,-0.017513,9.218046,88.983414,0.002842,0.999843,0.017513,-9.218046,-88.983414,-0.002842,-0.999843,0.017513,-91.00346,-0.162841,-0.999843,-0.002842,-0.017513
47,,,5,2,"Gregory, Billy",1000396783,Right,GRA_CAN,"Meurant, Mathis",830238,Right,ARI_WIL,Undefined,2,Bottom,2,1,0,Fastball,,BallCalled,Undefined,Undefined,Undefined,0,0,,,,,,,,,,,,,,,,,,,,,,,,,,,,,,,,,,,,,,,,,,ARI_WIL,GRA_CAN,UArizona,D1,BIG12,20260324-UArizona-1,0bf0e311-27eb-11f1-8d4e-73b83eb2bf78,,,,,,,,,,,fcc4ca4f-6759-4024-9276-a76842dbcbc5,,,,,,v3,232,5310,4b3137947cb04fa1abe03d266626d88b,"Perez, Jaime",1000122545,Right,GRA_CAN,0bf0e310-27eb-11f1-8d4e-73b83eb2bf78,,,,,,,,,,,,,,,,,,,,,,,,,,,,,,,,,,,,,,,,,,,,,,,,,,,,,,,,,,,,,,,,,,,,,,,,,,,,,,,,,,,,,,,,,,,,,,,,,,
48,2026-03-24,19:35:32.07,5,3,"Gregory, Billy",1000396783,Right,GRA_CAN,"Meurant, Mathis",830238,Right,ARI_WIL,Undefined,2,Bottom,2,2,0,Fastball,Four-Seam,StrikeCalled,Undefined,Undefined,Undefined,0,0,,90.29899,-2.365854,-3.220612,2348.171448,215.393796,1:15,5.56145,2.15499,6.29494,-16.77351,17.12773,11.37957,1.97893,0.13251,82.39703,-5.573972,-1.166478,0.419063,,,,,,,,,,,,-6.81524,9.90371,-1.92315,50,5.37887,6.90492,-130.95462,-5.87534,-11.81109,28.17198,-15.01052,ARI_WIL,GRA_CAN,UArizona,D1,BIG12,20260324-UArizona-1,e9f368f0-27ea-11f1-8d4e-73b83eb2bf78,89.94457,,,7.90196,,,,,,,fcc4ca4f-6759-4024-9276-a76842dbcbc5,2026-03-25,01:35:32.07,2026-03-24T19:35:32.0708096-06:00,2026-03-25T01:35:32.0708096Z,,v3,232,5310,4b3137947cb04fa1abe03d266626d88b,"Perez, Jaime",1000122545,Right,GRA_CAN,b0cb82e4-a679-4c37-87c2-c6f7ab3ca9f3,54.20364,-131.85584,14.08599,5.55913,-5.39516,-7.50526,-2.15008,7.28275,-5.90555,,,,,,,,,,,,,,,,,,,,,,,,,,,,,,,,,,,,,,,,,,,,,,,,,,,High,High,High,,,,,,220.848122,-1.989628,2346.755802,0.999397,1:15,0.019103,-0.651671,-0.758261,-22.475918,-55.86837,-44.465389,158.519578,6.098243,0.364111,0.106234,-0.925277,6.549607,21.35289,0.106234,0.364111,0.925277,-6.549607,-21.35289,-0.106234,-0.364111,0.925277,-158.519578,-6.098243,-0.364111,-0.106234,-0.925277
49,2026-03-24,19:35:52.61,5,4,"Gregory, Billy",1000396783,Right,GRA_CAN,"Meurant, Mathis",830238,Right,ARI_WIL,Undefined,2,Bottom,2,2,1,ChangeUp,Changeup,StrikeSwinging,Undefined,Undefined,Undefined,0,0,,81.71389,-1.056934,-3.849937,2399.434645,236.453456,2:00,5.42351,2.15655,6.44888,-29.78813,11.24831,15.00194,1.96779,-0.13582,74.91962,-6.653056,-1.13476,0.461059,,,,,,,,,,,,-8.88788,6.57567,-1.88963,50,5.33511,7.43954,-118.57411,-3.0182,-12.66295,22.51683,-22.80538,ARI_WIL,GRA_CAN,UArizona,D1,BIG12,20260324-UArizona-1,f63a4340-27ea-11f1-8d4e-73b83eb2bf78,81.75194,,,6.79426,,,,,,,fcc4ca4f-6759-4024-9276-a76842dbcbc5,2026-03-25,01:35:52.61,2026-03-24T19:35:52.6178304-06:00,2026-03-25T01:35:52.6178304Z,,v3,232,5310,4b3137947cb04fa1abe03d266626d88b,"Perez, Jaime",1000122545,Right,GRA_CAN,de7d7966-be63-4e93-a827-714f90cd2473,54.05044,-119.3408,11.25842,5.42466,-2.24169,-11.40269,-2.15028,7.8707,-6.33147,,,,,,,,,,,,,,,,,,,,,,,,,,,,,,,,,,,,,,,,,,,,,,,,,,,High,High,High,,,,,,251.850952,-28.666852,2105.321166,0.877424,2:30,0.475546,-0.824781,-0.305929,19.403169,-3.556278,38.543491,91.913852,9.242223,0.986468,0.160609,-0.032963,78.401698,80.563386,0.160609,0.986468,0.032963,-78.401698,-80.563386,-0.160609,-0.986468,0.032963,-91.913852,-9.242223,-0.986468,-0.160609,-0.032963
50,2026-03-24,19:37:10.30,5,5,"Gregory, Billy",1000396783,Right,GRA_CAN,"Meurant, Mathis",830238,Right,ARI_WIL,Undefined,2,Bottom,2,2,2,ChangeUp,Changeup,InPlay,Undefined,FlyBall,Single,0,1,,81.16162,-1.434667,-3.841341,2475.856756,244.588443,2:15,5.4997,2.2672,6.44607,-32.66691,8.94721,16.05371,1.45602,0.07023,74.52768,-7.543683,-0.934114,0.464292,71.65809,42.6855,21.876025,,101.22604,76.08944,43.04898,220.73374,220.73374,23.095097,4.776873,-9.53776,5.45859,-2.00166,50,5.38298,7.35429,-117.78829,-3.87017,-13.39719,22.40966,-24.50668,ARI_WIL,GRA_CAN,UArizona,D1,BIG12,20260324-UArizona-1,2483c7d0-27eb-11f1-8d4e-73b83eb2bf78,81.18254,78.51989,,6.63393,,,,3.34814,1.47365,-0.14472,fcc4ca4f-6759-4024-9276-a76842dbcbc5,2026-03-25,01:37:10.30,2026-03-24T19:37:10.3001088-06:00,2026-03-25T01:37:10.3001088Z,FlyBall,v3,232,5310,4b3137947cb04fa1abe03d266626d88b,"Perez, Jaime",1000122545,Right,GRA_CAN,438687e7-76a6-4fd6-ad05-7694e383ea70,54.05514,-118.55729,11.20483,5.50136,-3.02921,-12.25334,-2.26191,7.81402,-6.6986,190.186602,3.35046,71.63363,-14.92375,3.11523,-0.1226,-0.18548,0.06492,-0.00912,0.00048,1.47091,71.31251,-18.60742,1.52312,-0.47394,0.13505,-0.01879,0.00073,3E-05,-0.14422,28.77653,-3.7342,0.50234,-0.05133,0.0069,-0.00266,0.00055,-4E-05,,,,,,,,,,,,,,,,,,,,,,,High,High,High,High,High,,,,250.413288,-33.671832,2060.474337,0.832227,2:15,0.553912,-0.769943,-0.31681,22.533919,-6.174628,52.948155,95.101002,18.231203,0.94604,0.312852,-0.084449,74.89411,71.092002,0.312852,0.94604,0.084449,-74.89411,-71.092002,-0.312852,-0.94604,0.084449,-95.101002,-18.231203,-0.94604,-0.312852,-0.084449
51,2026-03-24,19:37:56.29,6,1,"Gregory, Billy",1000396783,Right,GRA_CAN,"Novitske, Nate",830246,Left,ARI_WIL,Undefined,2,Bottom,2,0,0,ChangeUp,Changeup,BallCalled,Undefined,Undefined,Undefined,0,0,,79.75545,-1.97502,-3.268053,2382.217161,251.566806,2:30,5.61876,2.18555,6.32322,-36.39557,6.70327,16.19166,0.7632,0.52183,73.73917,-8.720679,-0.33745,0.472503,,,,,,,,,,,,-9.36028,4.39705,-1.9543,50,5.4568,6.0543,-115.81204,-5.04498,-12.76633,20.77348,-26.17699,ARI_WIL,GRA_CAN,UArizona,D1,BIG12,20260324-UArizona-1,3ff08080-27eb-11f1-8d4e-73b83eb2bf78,79.77191,,,6.01629,,,,,,,fcc4ca4f-6759-4024-9276-a76842dbcbc5,2026-03-25,01:37:56.29,2026-03-24T19:37:56.2961408-06:00,2026-03-25T01:37:56.2961408Z,,v3,232,5310,4b3137947cb04fa1abe03d266626d88b,"Perez, Jaime",1000122545,Right,GRA_CAN,8534b42e-8d4e-4e86-b4b0-47cf493b620b,54.17842,-116.55912,10.38674,5.62131,-4.10357,-13.0885,-2.18029,6.51342,-6.38316,,,,,,,,,,,,,,,,,,,,,,,,,,,,,,,,,,,,,,,,,,,,,,,,,,,High,High,High,,,,,,247.164097,-31.497954,2031.21847,0.852659,2:15,0.529483,-0.767354,-0.361684,17.333674,-7.610178,51.680727,97.430224,71.211017,0.319379,0.946711,-0.041651,87.480844,18.625383,0.946711,0.319379,0.041651,-87.480844,-18.625383,-0.946711,-0.319379,0.041651,-97.430224,-71.211017,-0.319379,-0.946711,-0.041651
52,2026-03-24,19:38:17.10,6,2,"Gregory, Billy",1000396783,Right,GRA_CAN,"Novitske, Nate",830246,Left,ARI_WIL,Undefined,2,Bottom,2,1,0,ChangeUp,Changeup,InPlay,Undefined,Popup,Out,1,0,,80.32221,0.047692,-2.987132,2374.534009,236.533909,2:00,5.57072,2.31358,6.56795,-30.40116,11.86316,15.90757,3.08107,0.89846,73.44568,-5.695606,-0.098694,0.467906,82.3435,64.653357,-1.408533,,106.29027,135.88745,-28.32617,161.39406,60.71515,-16.6763,5.957047,-9.23989,6.61902,-2.11441,50,5.56105,5.54665,-116.69619,-0.7043,-12.71741,22.34675,-23.06386,ARI_WIL,GRA_CAN,UArizona,D1,BIG12,20260324-UArizona-1,4c567b90-27eb-11f1-8d4e-73b83eb2bf78,80.55563,144.93695,,6.87653,,,,2.28294,2.81556,-0.91625,fcc4ca4f-6759-4024-9276-a76842dbcbc5,2026-03-25,01:38:17.10,2026-03-24T19:38:17.1036160-06:00,2026-03-25T01:38:17.1036160Z,Popup,v3,232,5310,4b3137947cb04fa1abe03d266626d88b,"Perez, Jaime",1000122545,Right,GRA_CAN,01cb0c08-45fe-43fd-84ec-1f58fc083d1a,53.93225,-117.44679,11.17338,5.5717,0.07038,-11.53193,-2.30788,5.97381,-6.35871,,2.29021,51.52272,-13.55004,2.74336,0.11315,-0.23128,0.06179,-0.00733,0.00033,2.79708,109.45095,-27.25142,4.38471,-1.47094,0.40094,-0.06866,0.00621,-0.00022,-0.9194,-1.24291,-4.81425,1.51416,-0.22352,-0.00987,0.01081,-0.00174,9E-05,,,,,,,,,,,,,,,,,,,,,,,High,High,High,High,Low,,,,252.10291,-28.164629,2093.377338,0.881595,2:30,0.45655,-0.839327,-0.295114,18.604782,-10.30968,39.524894,93.216895,13.427404,0.971132,0.232213,-0.054582,76.772666,76.199514,0.232213,0.971132,0.054582,-76.772666,-76.199514,-0.232213,-0.971132,0.054582,-93.216895,-13.427404,-0.971132,-0.232213,-0.054582
53,2026-03-24,19:40:43.00,1,1,"Lafflam, Jack",1000292378,Right,ARI_WIL,"Cameron, Griffin",823123,Left,GRA_CAN,Undefined,3,Top,0,0,0,Fastball,Cutter,FoulBallNotFieldable,Undefined,Undefined,Undefined,0,0,,94.21749,-1.009345,-2.218483,2490.255005,172.821763,11:45,5.75654,2.15341,6.87208,-18.16076,11.8367,-1.38559,3.32246,0.01505,87.08035,-4.464857,-2.471518,0.394197,79.40462,15.981532,-167.722024,1883.758002,-107.55926,10.53718,-23.04359,150.81749,43.9204,-168.022009,1.509202,0.18205,6.80555,-2.01223,50,5.68554,5.36539,-137.08387,-2.91586,0.35026,27.15644,-19.08027,ARI_WIL,GRA_CAN,UArizona,D1,BIG12,20260324-UArizona-1,a341c3b0-27eb-11f1-8d4e-73b83eb2bf78,95.61825,13.49513,,7.13715,,,,1.18893,2.73656,0.09894,fcc4ca4f-6759-4024-9276-a76842dbcbc5,2026-03-25,01:40:43.00,2026-03-24T19:40:43.0021120-06:00,2026-03-25T01:40:43.0021120Z,LineDrive,v3,232,5310,4b3137947cb04fa1abe03d266626d88b,"Meyers, Roman",834679,Right,ARI_WIL,92f81fe3-db21-4cf2-85f6-18b791a3667d,53.62627,-137.80036,13.57822,5.75584,-2.41244,-9.54013,-2.15367,5.35615,0.17513,4.510294,1.19333,-109.42527,7.20417,,,,,,,2.98609,29.78541,-21.14508,,,,,,,0.08812,-23.70594,1.93058,,,,,,,,,,,,,,,,,,,,,,,,,,,,,High,High,High,High,Low,,,,215.968944,51.697067,1543.507887,0.619819,1:15,-0.797045,-0.377816,-0.471141,-4.860471,62.000928,16.598751,179.623493,-2.833488,0.006563,-0.049434,-0.998756,2.833549,-0.376047,0.049434,-0.006563,0.998756,-2.833549,0.376047,-0.049434,0.006563,0.998756,-179.623493,2.833488,-0.006563,0.049434,-0.998756
54,2026-03-24,19:41:03.22,1,2,"Lafflam, Jack",1000292378,Right,ARI_WIL,"Cameron, Griffin",823123,Left,GRA_CAN,Undefined,3,Top,0,0,1,Curveball,Curveball,BallCalled,Undefined,Undefined,Undefined,0,0,,79.51006,2.999129,1.427133,2758.015264,41.129503,7:15,6.07134,2.04207,6.1675,-54.70798,-10.61083,-10.54115,4.28596,2.48213,72.32727,-7.105576,-0.474973,0.477944,,,,,,,,,,,,5.82138,-5.82118,-2.14528,50,6.27203,-2.47634,-115.39397,4.28693,7.78123,23.21199,-39.955,ARI_WIL,GRA_CAN,UArizona,D1,BIG12,20260324-UArizona-1,af60a3a0-27eb-11f1-8d4e-73b83eb2bf78,78.86376,,,7.18279,,,,,,,fcc4ca4f-6759-4024-9276-a76842dbcbc5,2026-03-25,01:41:03.22,2026-03-24T19:41:03.2211968-06:00,2026-03-25T01:41:03.2211968Z,,v3,232,5310,4b3137947cb04fa1abe03d266626d88b,"Meyers, Roman",834679,Right,ARI_WIL,7f2c8731-d54c-4fae-ada2-6f3d68fa45bd,54.33356,-116.26242,11.606,6.08367,5.78179,-19.9775,-2.04718,-2.76746,3.89061,,,,,,,,,,,,,,,,,,,,,,,,,,,,,,,,,,,,,,,,,,,,,,,,,,,High,High,High,,,,,,29.601964,30.955942,2365.172079,0.857563,7:00,-0.509929,0.449944,0.73316,34.513853,48.640187,40.021496,94.123945,-51.78039,0.617075,-0.785645,-0.044492,86.758754,-38.102882,0.785645,-0.617075,0.044492,-86.758754,38.102882,-0.785645,0.617075,0.044492,-94.123945,51.78039,-0.617075,0.785645,-0.044492
55,2026-03-24,19:41:24.53,1,3,"Lafflam, Jack",1000292378,Right,ARI_WIL,"Cameron, Griffin",823123,Left,GRA_CAN,Undefined,3,Top,0,1,1,Slider,Slider,BallCalled,Undefined,Undefined,Undefined,0,0,,84.04167,1.46572,1.057709,2701.287261,117.363463,10:00,5.56332,2.57702,5.53677,-33.79147,6.465,-9.95705,4.11788,2.73601,76.45207,-4.780535,-0.717256,0.456656,,,,,,,,,,,,5.29453,3.25693,-2.66218,50,5.66832,-1.82624,-121.92146,1.95082,7.93669,24.89072,-27.29178,ARI_WIL,GRA_CAN,UArizona,D1,BIG12,20260324-UArizona-1,bc0ecb40-27eb-11f1-8d4e-73b83eb2bf78,82.54007,,,7.58961,,,,,,,fcc4ca4f-6759-4024-9276-a76842dbcbc5,2026-03-25,01:41:24.53,2026-03-24T19:41:24.5325824-06:00,2026-03-25T01:41:24.5325824Z,,v3,232,5310,4b3137947cb04fa1abe03d266626d88b,"Meyers, Roman",834679,Right,ARI_WIL,57f54cad-ef53-43c2-b5b1-a76a5ab25e39,54.96041,-122.92998,12.44536,5.56688,3.05662,-13.64589,-2.58166,-2.14782,3.96835,,,,,,,,,,,,,,,,,,,,,,,,,,,,,,,,,,,,,,,,,,,,,,,,,,,High,High,High,,,,,,81.89763,72.565729,809.336771,0.299612,8:45,-0.94678,0.320927,0.024755,27.071146,-31.004937,22.062831,95.091697,-39.481767,0.768781,-0.635833,-0.0685,83.851118,-50.244575,0.635833,-0.768781,0.0685,-83.851118,50.244575,-0.635833,0.768781,0.0685,-95.091697,39.481767,-0.768781,0.635833,-0.0685
56,2026-03-24,19:41:46.30,1,4,"Lafflam, Jack",1000292378,Right,ARI_WIL,"Cameron, Griffin",823123,Left,GRA_CAN,Undefined,3,Top,0,2,1,Slider,Slider,BallCalled,Undefined,Undefined,Undefined,0,0,,83.19494,0.787802,0.449918,2689.878421,86.293611,9:00,5.40812,2.32669,6.09406,-39.82416,0.25165,-15.52729,2.8182,1.44891,76.18698,-6.585687,-2.350149,0.45563,,,,,,,,,,,,8.06965,0.34913,-2.35374,50,5.44832,-0.33844,-120.92197,0.36344,11.91685,24.15791,-31.65846,ARI_WIL,GRA_CAN,UArizona,D1,BIG12,20260324-UArizona-1,c907de90-27eb-11f1-8d4e-73b83eb2bf78,82.72594,,,7.00797,,,,,,,fcc4ca4f-6759-4024-9276-a76842dbcbc5,2026-03-25,01:41:46.30,2026-03-24T19:41:46.3067648-06:00,2026-03-25T01:41:46.3067648Z,,v3,232,5310,4b3137947cb04fa1abe03d266626d88b,"Meyers, Roman",834679,Right,ARI_WIL,d43ce731-a5bc-4d92-ac32-6b6837c6b09d,54.40542,-121.79891,12.07895,5.41427,1.51265,-15.82923,-2.3336,-0.77102,5.95843,,,,,,,,,,,,,,,,,,,,,,,,,,,,,,,,,,,,,,,,,,,,,,,,,,,High,High,High,,,,,,70.222283,66.811052,1059.1789,0.393765,8:15,-0.915048,0.383141,0.126057,15.164634,-12.094435,23.583019,95.247717,-40.075507,0.761989,-0.643797,-0.069986,83.795806,-49.639895,0.643797,-0.761989,0.069986,-83.795806,49.639895,-0.643797,0.761989,0.069986,-95.247717,40.075507,-0.761989,0.643797,-0.069986
57,2026-03-24,19:42:03.20,1,5,"Lafflam, Jack",1000292378,Right,ARI_WIL,"Cameron, Griffin",823123,Left,GRA_CAN,Undefined,3,Top,0,3,1,Fastball,Four-Seam,FoulBallNotFieldable,Undefined,Undefined,Undefined,0,0,,94.073,-0.456437,-2.943894,2586.166961,188.660332,12:15,5.82963,2.32037,6.64655,-20.17005,10.41249,1.44658,3.73045,-0.25606,86.32418,-4.278986,-2.68111,0.398023,79.45012,23.824515,-163.288581,2266.878037,,,,,44.72628,,,-1.55713,5.89591,-2.12238,50,5.79048,6.97445,-136.72795,-1.68884,-2.95697,29.25978,-20.97784,ARI_WIL,GRA_CAN,UArizona,D1,BIG12,20260324-UArizona-1,d3123660-27eb-11f1-8d4e-73b83eb2bf78,94.69917,18.58492,,7.74881,,,,1.60483,3.35473,0.26078,fcc4ca4f-6759-4024-9276-a76842dbcbc5,2026-03-25,01:42:03.20,2026-03-24T19:42:03.2065024-06:00,2026-03-25T01:42:03.2065024Z,,v3,232,5310,4b3137947cb04fa1abe03d266626d88b,"Meyers, Roman",834679,Right,ARI_WIL,6962908d-d315-492c-bfc3-2fa1dd3703d3,53.85341,-137.55011,14.62989,5.82965,-1.09939,-10.48892,-2.31952,7.05753,-1.47849,,1.60471,-102.09551,9.98936,,,,,,,3.37813,46.38422,-29.12929,,,,,,,0.24512,-30.1931,11.69567,,,,,,,,,,,,,,,,,,,,,,,,,,,,,High,High,High,High,Undefined,,,,214.836526,51.899565,1595.773228,0.617042,1:15,-0.809073,-0.358735,-0.465521,32.116821,51.363438,67.742002,177.979141,-5.689562,0.03509,-0.099138,-0.994455,5.693079,-2.010899,0.099138,-0.03509,0.994455,-5.693079,2.010899,-0.099138,0.03509,0.994455,-177.979141,5.689562,-0.03509,0.099138,-0.994455
58,2026-03-24,19:42:25.71,1,6,"Lafflam, Jack",1000292378,Right,ARI_WIL,"Cameron, Griffin",823123,Left,GRA_CAN,Undefined,3,Top,0,3,2,Fastball,Four-Seam,InPlay,Undefined,GroundBall,Out,1,0,,94.32044,-1.123924,-2.718142,2497.112695,186.113533,12:15,5.71417,2.11731,6.61652,-20.07926,10.34524,1.01126,3.01027,-0.28968,86.70701,-4.920971,-2.534436,0.396993,87.67229,-9.852717,-18.876154,,,,,15.37942,15.37942,-16.343668,0.114809,-1.25827,6.02945,-1.93299,50,5.62931,6.4693,-137.10311,-3.29526,-2.40505,29.12444,-20.64945,ARI_WIL,GRA_CAN,UArizona,D1,BIG12,20260324-UArizona-1,e07703d0-27eb-11f1-8d4e-73b83eb2bf78,94.94478,2.59489,,7.61343,,,,1.163,2.59489,0.44054,fcc4ca4f-6759-4024-9276-a76842dbcbc5,2026-03-25,01:42:25.71,2026-03-24T19:42:25.7137152-06:00,2026-03-25T01:42:25.7137152Z,GroundBall,v3,232,5310,4b3137947cb04fa1abe03d266626d88b,"Meyers, Roman",834679,Right,ARI_WIL,59943dd6-625d-4e9b-9fe8-38dd7121b024,53.88375,-137.92566,14.56222,5.71415,-2.71207,-10.32472,-2.11666,6.53723,-1.20252,132.706387,1.16309,119.8648,-12.65356,,,,,,,2.59484,-21.99833,-5.25365,,,,,,,0.4406,-40.9946,-4.6933,,,,,,,,,,,,,,,,,,,,,,,,,,,,,High,High,High,High,High,,,,216.637482,50.340874,1593.704214,0.638219,1:15,-0.785665,-0.395884,-0.475401,44.156755,54.854699,80.343899,174.933669,1.134214,0.088292,0.019794,-0.995898,1.138662,5.065335,0.019794,0.088292,0.995898,-1.138662,-5.065335,-0.019794,-0.088292,0.995898,-174.933669,-1.134214,-0.088292,-0.019794,-0.995898
59,2026-03-24,19:43:00.78,2,1,"Lafflam, Jack",1000292378,Right,ARI_WIL,"Sanko, Jake",830830,Right,GRA_CAN,Undefined,3,Top,1,0,0,Slider,Slider,BallCalled,Undefined,Undefined,Undefined,0,0,,84.12493,-0.198328,-2.526138,2823.865397,66.708036,8:15,5.68831,2.04874,6.07897,-44.20132,-4.61107,-13.73627,1.82119,-1.43471,76.88899,-8.326996,-4.998656,0.452862,,,,,,,,,,,,6.26091,-1.86768,-1.84651,50,5.65017,5.9295,-122.09622,-1.90699,9.34419,26.57716,-34.96149,ARI_WIL,GRA_CAN,UArizona,D1,BIG12,20260324-UArizona-1,f56e7250-27eb-11f1-8d4e-73b83eb2bf78,83.23166,,,7.23595,,,,,,,fcc4ca4f-6759-4024-9276-a76842dbcbc5,2026-03-25,01:43:00.78,2026-03-24T19:43:00.7803904-06:00,2026-03-25T01:43:00.7803904Z,,v3,232,5310,4b3137947cb04fa1abe03d266626d88b,"Meyers, Roman",834679,Right,ARI_WIL,8185c26a-97eb-4d9e-8a61-c0334076bb34,54.42063,-123.05472,13.28858,5.69621,-0.64612,-17.48075,-2.05428,5.59251,4.6721,,,,,,,,,,,,,,,,,,,,,,,,,,,,,,,,,,,,,,,,,,,,,,,,,,,High,High,High,,,,,,56.442836,64.646974,1209.163297,0.428194,8:00,-0.893605,0.353699,0.276347,41.884104,-14.70909,13.313932,91.593276,-46.173278,0.692212,-0.721437,-0.019254,88.471237,-43.805463,0.721437,-0.692212,0.019254,-88.471237,43.805463,-0.721437,0.692212,0.019254,-91.593276,46.173278,-0.692212,0.721437,-0.019254
60,2026-03-24,19:43:16.06,2,2,"Lafflam, Jack",1000292378,Right,ARI_WIL,"Sanko, Jake",830830,Right,GRA_CAN,Undefined,3,Top,1,1,0,Slider,Slider,StrikeCalled,Undefined,Undefined,Undefined,0,0,,83.09765,0.7456,-1.142746,2808.47292,87.56778,9:00,5.55819,2.46394,6.34117,-39.39136,0.75799,-14.00442,2.96219,0.24469,75.5496,-6.597263,-3.677666,0.456048,,,,,,,,,,,,6.87422,0.62177,-2.37497,50,5.59456,2.94263,-120.69916,0.34739,10.01953,26.11438,-31.26779,ARI_WIL,GRA_CAN,UArizona,D1,BIG12,20260324-UArizona-1,fe8876b0-27eb-11f1-8d4e-73b83eb2bf78,82.65012,,,7.54805,,,,,,,fcc4ca4f-6759-4024-9276-a76842dbcbc5,2026-03-25,01:43:16.06,2026-03-24T19:43:16.0674816-06:00,2026-03-25T01:43:16.0674816Z,,v3,232,5310,4b3137947cb04fa1abe03d266626d88b,"Meyers, Roman",834679,Right,ARI_WIL,5a4abc8a-3b90-4ca1-b48e-609e0246baf9,54.15694,-121.59523,13.05719,5.56423,1.42029,-15.63389,-2.47004,2.59883,5.00977,,,,,,,,,,,,,,,,,,,,,,,,,,,,,,,,,,,,,,,,,,,,,,,,,,,High,High,High,,,,,,62.240429,64.162795,1223.976377,0.435816,8:00,-0.890715,0.397337,0.220794,15.454622,7.464194,29.626344,96.687718,-52.720878,0.601577,-0.795694,-0.070538,84.933969,-36.982933,0.795694,-0.601577,0.070538,-84.933969,36.982933,-0.795694,0.601577,0.070538,-96.687718,52.720878,-0.601577,0.795694,-0.070538
61,2026-03-24,19:43:31.76,2,3,"Lafflam, Jack",1000292378,Right,ARI_WIL,"Sanko, Jake",830830,Right,GRA_CAN,Undefined,3,Top,1,1,1,Fastball,Four-Seam,InPlay,Undefined,GroundBall,Out,1,0,,94.89251,-3.316445,-2.970152,2522.06756,187.928048,12:15,5.97031,1.91216,6.56713,-16.76851,13.4993,1.74988,1.52524,-0.6672,87.19247,-6.496474,-2.65263,0.39597,74.37666,-17.02287,12.075363,,,,,6.30806,6.30806,15.67572,0.04711,-1.72803,8.2915,-1.70844,50,5.73439,7.07298,-137.66719,-8.47003,-3.32466,29.83673,-16.22143,ARI_WIL,GRA_CAN,UArizona,D1,BIG12,20260324-UArizona-1,07d5e720-27ec-11f1-8d4e-73b83eb2bf78,95.19022,1.50728,,7.70004,,,,1.25931,1.50728,0.67449,fcc4ca4f-6759-4024-9276-a76842dbcbc5,2026-03-25,01:43:31.76,2026-03-24T19:43:31.7655040-06:00,2026-03-25T01:43:31.7655040Z,GroundBall,v3,232,5310,4b3137947cb04fa1abe03d266626d88b,"Meyers, Roman",834679,Right,ARI_WIL,8a9d0e7c-2d16-4025-9845-8e8d251f6a82,53.93284,-138.51693,14.91836,5.96904,-8.00805,-8.11072,-1.91122,7.16766,-1.66233,,1.25787,102.1885,,,,,,,,1.50773,-31.9947,,,,,,,,0.67419,21.86136,,,,,,,,,,,,,,,,,,,,,,,,,,,,,,High,High,High,Estimated,Estimated,,,,207.65756,45.884173,1755.639312,0.696111,1:00,-0.729049,-0.364117,-0.579574,35.364727,50.085158,75.077296,174.351303,2.487543,0.098336,0.043402,-0.994206,2.499666,5.643357,0.043402,0.098336,0.994206,-2.499666,-5.643357,-0.043402,-0.098336,0.994206,-174.351303,-2.487543,-0.098336,-0.043402,-0.994206
62,2026-03-24,19:44:05.20,3,1,"Lafflam, Jack",1000292378,Right,ARI_WIL,"Perez, Jaime",1000122545,Right,GRA_CAN,Undefined,3,Top,2,0,0,Slider,Slider,BallCalled,Undefined,Undefined,Undefined,0,0,,83.39124,-0.539451,-2.422611,2789.786811,81.939136,8:45,5.5303,2.39934,6.42362,-40.22656,-0.46547,-12.59572,1.68176,-0.87851,76.16293,-8.00702,-4.704565,0.453838,,,,,,,,,,,,5.8063,0.35063,-2.22141,50,5.47419,5.59052,-121.08772,-2.37688,8.52083,26.19961,-31.65949,ARI_WIL,GRA_CAN,UArizona,D1,BIG12,20260324-UArizona-1,1bd36540-27ec-11f1-8d4e-73b83eb2bf78,83.0527,,,7.22831,,,,,,,fcc4ca4f-6759-4024-9276-a76842dbcbc5,2026-03-25,01:44:05.20,2026-03-24T19:44:05.2027392-06:00,2026-03-25T01:44:05.2027392Z,,v3,232,5310,4b3137947cb04fa1abe03d266626d88b,"Meyers, Roman",834679,Right,ARI_WIL,c53ba311-a732-4f17-8253-d43210e53c92,54.07547,-121.96634,13.09981,5.5361,-1.31516,-15.82974,-2.4041,5.30477,4.26041,,,,,,,,,,,,,,,,,,,,,,,,,,,,,,,,,,,,,,,,,,,,,,,,,,,High,High,High,,,,,,64.541639,67.465744,1069.145985,0.383236,8:15,-0.919076,0.337311,0.203767,-1.833475,-10.001258,35.468167,111.983458,-30.583256,0.798297,-0.50879,-0.322265,57.65004,-52.967792,0.50879,-0.798297,0.322265,-57.65004,52.967792,-0.50879,0.798297,0.322265,-111.983458,30.583256,-0.798297,0.50879,-0.322265
63,2026-03-24,19:44:22.15,3,2,"Lafflam, Jack",1000292378,Right,ARI_WIL,"Perez, Jaime",1000122545,Right,GRA_CAN,Undefined,3,Top,2,1,0,Slider,Slider,StrikeSwinging,Undefined,Undefined,Undefined,0,0,,82.7394,-0.513201,-2.222243,2859.375228,79.962194,8:45,5.49012,2.41463,6.33528,-41.40687,-0.96311,-12.89705,1.56665,-0.70729,75.72006,-8.180152,-4.556002,0.457717,,,,,,,,,,,,6.03142,0.06701,-2.24704,50,5.43361,5.13997,-120.16996,-2.35891,8.73339,25.41392,-32.07704,ARI_WIL,GRA_CAN,UArizona,D1,BIG12,20260324-UArizona-1,25eefb20-27ec-11f1-8d4e-73b83eb2bf78,82.34878,,,7.01934,,,,,,,fcc4ca4f-6759-4024-9276-a76842dbcbc5,2026-03-25,01:44:22.15,2026-03-24T19:44:22.1550080-06:00,2026-03-25T01:44:22.1550080Z,,v3,232,5310,4b3137947cb04fa1abe03d266626d88b,"Meyers, Roman",834679,Right,ARI_WIL,8ba51b2a-9db9-4093-945c-f8b1805c07d5,54.16449,-121.04747,12.70696,5.49594,-1.25132,-16.03852,-2.41931,4.83841,4.36669,,,,,,,,,,,,,,,,,,,,,,,,,,,,,,,,,,,,,,,,,,,,,,,,,,,High,High,High,,,,,,62.530291,64.565881,1228.02442,0.429473,8:00,-0.898093,0.372948,0.233107,6.53434,-21.540952,27.067854,114.630396,-30.028783,0.787002,-0.500435,-0.360823,54.207713,-51.9062,0.500435,-0.787002,0.360823,-54.207713,51.9062,-0.500435,0.787002,0.360823,-114.630396,30.028783,-0.787002,0.500435,-0.360823
64,2026-03-24,19:44:40.54,3,3,"Lafflam, Jack",1000292378,Right,ARI_WIL,"Perez, Jaime",1000122545,Right,GRA_CAN,Undefined,3,Top,2,1,1,Slider,Slider,StrikeCalled,Undefined,Undefined,Undefined,0,0,,82.73632,-0.443297,-1.859734,2731.409766,81.420937,8:45,5.63451,2.38943,6.3093,-41.34561,-0.78004,-14.15355,1.78045,-0.50383,75.52332,-8.105225,-4.420705,0.458406,,,,,,,,,,,,6.77256,0.15331,-2.24677,50,5.58271,4.4287,-120.1621,-2.21506,9.78009,25.96249,-31.95269,ARI_WIL,GRA_CAN,UArizona,D1,BIG12,20260324-UArizona-1,30df4620-27ec-11f1-8d4e-73b83eb2bf78,82.22501,,,7.21299,,,,,,,fcc4ca4f-6759-4024-9276-a76842dbcbc5,2026-03-25,01:44:40.54,2026-03-24T19:44:40.5446144-06:00,2026-03-25T01:44:40.5446144Z,,v3,232,5310,4b3137947cb04fa1abe03d266626d88b,"Meyers, Roman",834679,Right,ARI_WIL,efd41019-68e9-4861-99b8-8c2bd1c2c34b,54.19022,-121.06407,12.98125,5.64038,-1.10499,-15.97635,-2.39473,4.08893,4.89004,,,,,,,,,,,,,,,,,,,,,,,,,,,,,,,,,,,,,,,,,,,,,,,,,,,High,High,High,,,,,,54.772686,59.48546,1386.892446,0.507757,7:45,-0.854723,0.408094,0.320792,31.157379,-6.742649,23.476194,93.474374,-54.498917,0.579651,-0.814105,-0.035193,87.524714,-35.425998,0.814105,-0.579651,0.035193,-87.524714,35.425998,-0.814105,0.579651,0.035193,-93.474374,54.498917,-0.579651,0.814105,-0.035193
65,2026-03-24,19:45:02.68,3,4,"Lafflam, Jack",1000292378,Right,ARI_WIL,"Perez, Jaime",1000122545,Right,GRA_CAN,Undefined,3,Top,2,1,2,Fastball,Four-Seam,StrikeCalled,Strikeout,Undefined,Undefined,0,0,,95.09384,-3.201193,-3.279481,2541.2285,196.287917,12:30,6.00437,1.75168,6.81208,-14.5919,15.16942,4.1724,1.85968,-0.89618,87.58331,-5.997603,-2.519295,0.392643,,,,,,,,,,,,-3.06752,9.16331,-1.54131,50,5.79152,7.74643,-138.02004,-8.10681,-5.95443,28.90602,-14.38697,ARI_WIL,GRA_CAN,UArizona,D1,BIG12,20260324-UArizona-1,3e0de860-27ec-11f1-8d4e-73b83eb2bf78,95.99676,,,7.51053,,,,,,,fcc4ca4f-6759-4024-9276-a76842dbcbc5,2026-03-25,01:45:02.68,2026-03-24T19:45:02.6838528-06:00,2026-03-25T01:45:02.6838528Z,,v3,232,5310,4b3137947cb04fa1abe03d266626d88b,"Meyers, Roman",834679,Right,ARI_WIL,924f6c9a-c6b8-47b7-aeb9-d615f2a14050,53.68786,-138.79025,14.45301,6.00242,-7.72347,-7.19348,-1.74983,7.90509,-2.97721,,,,,,,,,,,,,,,,,,,,,,,,,,,,,,,,,,,,,,,,,,,,,,,,,,,High,High,High,,,,,,208.337362,44.079944,1825.541942,0.71837,1:00,-0.710599,-0.379298,-0.592606,-2.093385,53.813346,22.013575,179.691311,-2.827094,0.005381,-0.049322,-0.998768,2.827135,-0.308313,0.049322,-0.005381,0.998768,-2.827135,0.308313,-0.049322,0.005381,0.998768,-179.691311,2.827094,-0.005381,0.049322,-0.998768
66,2026-03-24,19:47:47.60,1,1,"Gregory, Billy",1000396783,Right,GRA_CAN,"Danzeisen, Caleb",828243,Left,ARI_WIL,Undefined,3,Bottom,0,0,0,Fastball,Four-Seam,StrikeCalled,Undefined,Undefined,Undefined,0,0,,90.26265,-2.426894,-3.748376,2295.835227,215.082967,1:15,5.56997,2.02352,6.22401,-18.77981,15.30792,9.96119,1.75957,-0.60992,82.34457,-5.990072,-1.954309,0.420214,,,,,,,,,,,,-6.21827,8.96284,-1.74762,50,5.37859,8.15809,-130.79322,-6.0991,-10.74354,28.25653,-16.6886,ARI_WIL,GRA_CAN,UArizona,D1,BIG12,20260324-UArizona-1,a05b7730-27ec-11f1-8d4e-73b83eb2bf78,89.6982,,,7.91808,,,,,,,fcc4ca4f-6759-4024-9276-a76842dbcbc5,2026-03-25,01:47:47.60,2026-03-24T19:47:47.6090368-06:00,2026-03-25T01:47:47.6090368Z,,v3,232,5310,4b3137947cb04fa1abe03d266626d88b,"Perez, Jaime",1000122545,Right,GRA_CAN,d9395e32-3e1c-497a-9edd-587ab3d157ab,54.2742,-131.71338,14.12827,5.56836,-5.55565,-8.3443,-2.01898,8.50795,-5.37177,,,,,,,,,,,,,,,,,,,,,,,,,,,,,,,,,,,,,,,,,,,,,,,,,,,High,High,High,,,,,,220.287936,-3.958568,2290.357896,0.997614,1:15,0.046334,-0.641585,-0.765652,-5.771288,-62.170548,-51.685067,153.531077,16.02582,0.428391,0.276071,-0.860387,17.789758,25.365479,0.276071,0.428391,0.860387,-17.789758,-25.365479,-0.276071,-0.428391,0.860387,-153.531077,-16.02582,-0.428391,-0.276071,-0.860387
67,2026-03-24,19:48:03.98,1,2,"Gregory, Billy",1000396783,Right,GRA_CAN,"Danzeisen, Caleb",828243,Left,ARI_WIL,Undefined,3,Bottom,0,0,1,ChangeUp,Changeup,BallCalled,Undefined,Undefined,Undefined,0,0,,82.47244,-2.586864,-2.826597,2457.275717,256.237109,2:30,5.40495,2.36046,6.51033,-35.03242,5.39197,16.52072,0.10712,1.14113,75.57139,-9.112158,0.177334,0.457607,,,,,,,,,,,,-9.57989,3.9715,-2.17012,50,5.20893,5.33325,-119.68629,-6.41802,-13.79732,24.63111,-26.45412,ARI_WIL,GRA_CAN,UArizona,D1,BIG12,20260324-UArizona-1,aa248040-27ec-11f1-8d4e-73b83eb2bf78,82.36849,,,6.90104,,,,,,,fcc4ca4f-6759-4024-9276-a76842dbcbc5,2026-03-25,01:48:03.98,2026-03-24T19:48:03.9876096-06:00,2026-03-25T01:48:03.9876096Z,,v3,232,5310,4b3137947cb04fa1abe03d266626d88b,"Perez, Jaime",1000122545,Right,GRA_CAN,a224f5ff-0c63-4a71-8b91-28775dcbf3fb,53.99066,-120.50476,12.31556,5.4076,-5.53897,-13.22706,-2.35496,5.79172,-6.89866,,,,,,,,,,,,,,,,,,,,,,,,,,,,,,,,,,,,,,,,,,,,,,,,,,,High,High,High,,,,,,245.430623,-30.181595,2124.158422,0.864436,2:15,0.519334,-0.762677,-0.385507,13.01505,3.928273,45.137692,141.028813,76.425598,0.147615,0.972066,-0.182477,79.368151,8.48872,0.972066,0.147615,0.182477,-79.368151,-8.48872,-0.972066,-0.147615,0.182477,-141.028813,-76.425598,-0.147615,-0.972066,-0.182477
68,2026-03-24,19:48:21.65,1,3,"Gregory, Billy",1000396783,Right,GRA_CAN,"Danzeisen, Caleb",828243,Left,ARI_WIL,Undefined,3,Bottom,0,1,1,ChangeUp,Changeup,StrikeCalled,Undefined,Undefined,Undefined,0,0,,82.69439,-0.67636,-2.542157,2428.098358,237.429627,2:00,5.50346,2.16251,6.46613,-29.50604,10.46465,14.40729,2.42277,1.0267,75.77202,-6.22575,0.07103,0.455032,,,,,,,,,,,,-8.21032,6.05941,-1.98883,50,5.44264,4.80643,-120.14923,-2.24932,-11.99973,23.31357,-23.31797,ARI_WIL,GRA_CAN,UArizona,D1,BIG12,20260324-UArizona-1,b4ae8f60-27ec-11f1-8d4e-73b83eb2bf78,82.83464,,,6.92237,,,,,,,fcc4ca4f-6759-4024-9276-a76842dbcbc5,2026-03-25,01:48:21.65,2026-03-24T19:48:21.6528384-06:00,2026-03-25T01:48:21.6528384Z,,v3,232,5310,4b3137947cb04fa1abe03d266626d88b,"Perez, Jaime",1000122545,Right,GRA_CAN,77e27e83-9226-4a36-8696-e8ee4aa68429,54.03272,-120.9292,11.65679,5.50484,-1.46921,-11.65899,-2.15635,5.20789,-5.99986,,,,,,,,,,,,,,,,,,,,,,,,,,,,,,,,,,,,,,,,,,,,,,,,,,,High,High,High,,,,,,243.788871,-24.787635,2204.392756,0.907868,2:15,0.410634,-0.809508,-0.419614,16.584132,-5.272247,42.295279,114.964903,72.083601,0.278886,0.951506,-0.129839,82.229635,16.193736,0.951506,0.278886,0.129839,-82.229635,-16.193736,-0.951506,-0.278886,0.129839,-114.964903,-72.083601,-0.278886,-0.951506,-0.129839
69,2026-03-24,19:48:40.73,1,4,"Gregory, Billy",1000396783,Right,GRA_CAN,"Danzeisen, Caleb",828243,Left,ARI_WIL,Undefined,3,Bottom,0,1,2,Slider,Curveball,BallCalled,Undefined,Undefined,Undefined,0,0,,80.30542,3.521443,-0.188929,2343.851823,42.657509,7:30,5.49572,2.36334,5.8811,-48.37802,-5.02681,-5.84485,4.73864,1.70081,73.46933,-5.379009,-1.236924,0.473884,,,,,,,,,,,,2.91185,-3.05429,-2.34483,50,5.75284,0.61259,-116.52862,5.56346,4.00992,21.58476,-36.3801,ARI_WIL,GRA_CAN,UArizona,D1,BIG12,20260324-UArizona-1,c00c9050-27ec-11f1-8d4e-73b83eb2bf78,79.53939,,,6.8361,,,,,,,fcc4ca4f-6759-4024-9276-a76842dbcbc5,2026-03-25,01:48:40.73,2026-03-24T19:48:40.7334400-06:00,2026-03-25T01:48:40.7334400Z,,v3,232,5310,4b3137947cb04fa1abe03d266626d88b,"Perez, Jaime",1000122545,Right,GRA_CAN,df4f465b-2f8c-4b50-a8c2-bb1dd4b070f1,54.61918,-117.38112,10.79238,5.50473,7.00031,-18.19005,-2.36589,0.45421,2.00496,,,,,,,,,,,,,,,,,,,,,,,,,,,,,,,,,,,,,,,,,,,,,,,,,,,High,High,High,,,,,,20.31382,61.676187,1112.050142,0.474454,6:45,-0.867029,0.21847,0.447807,77.740928,9.615706,-25.042253,132.110535,-70.11793,0.252293,-0.940395,-0.228049,76.368737,-14.613249,0.940395,-0.252293,0.228049,-76.368737,14.613249,-0.940395,0.252293,0.228049,-132.110535,70.11793,-0.252293,0.940395,-0.228049
70,2026-03-24,19:48:57.66,1,5,"Gregory, Billy",1000396783,Right,GRA_CAN,"Danzeisen, Caleb",828243,Left,ARI_WIL,Undefined,3,Bottom,0,2,2,ChangeUp,Changeup,BallCalled,Undefined,Undefined,Undefined,0,0,,81.98501,-1.74122,-1.337417,2479.166999,245.154691,2:15,5.37315,2.2981,6.24812,-32.17939,8.93272,16.41678,1.08473,2.43248,75.15975,-7.739628,1.633294,0.461484,,,,,,,,,,,,-8.86245,5.56213,-2.20615,50,5.22799,2.16446,-119.08884,-4.57295,-12.6833,23.60717,-24.21391,ARI_WIL,GRA_CAN,UArizona,D1,BIG12,20260324-UArizona-1,ca2937a0-27ec-11f1-8d4e-73b83eb2bf78,81.67665,,,6.82525,,,,,,,fcc4ca4f-6759-4024-9276-a76842dbcbc5,2026-03-25,01:48:57.66,2026-03-24T19:48:57.6659968-06:00,2026-03-25T01:48:57.6659968Z,,v3,232,5310,4b3137947cb04fa1abe03d266626d88b,"Perez, Jaime",1000122545,Right,GRA_CAN,1f53755a-3db5-42f5-a11c-8911058568ab,54.25058,-119.92847,11.80358,5.37532,-3.71173,-12.10696,-2.29115,2.61556,-6.34165,,,,,,,,,,,,,,,,,,,,,,,,,,,,,,,,,,,,,,,,,,,,,,,,,,,High,High,High,,,,,,247.351058,-36.155141,2001.73515,0.807422,2:15,0.604919,-0.726885,-0.325133,10.872581,-17.688592,54.762052,100.037071,70.31056,0.331765,0.941533,-0.058721,86.43126,19.375951,0.941533,0.331765,0.058721,-86.43126,-19.375951,-0.941533,-0.331765,0.058721,-100.037071,-70.31056,-0.331765,-0.941533,-0.058721
71,2026-03-24,19:49:15.04,1,6,"Gregory, Billy",1000396783,Right,GRA_CAN,"Danzeisen, Caleb",828243,Left,ARI_WIL,Undefined,3,Bottom,0,3,2,Fastball,Four-Seam,BallCalled,Walk,Undefined,Undefined,0,0,,90.68106,-3.178114,-4.506119,2403.474246,212.876946,1:00,5.61812,2.07196,6.0535,-19.61434,14.30257,8.55414,1.02956,-1.395,83.24175,-6.85674,-2.972808,0.41916,,,,,,,,,,,,-5.6287,8.55709,-1.72555,50,5.35947,9.98781,-131.2385,-7.91787,-9.84799,26.94924,-17.20261,ARI_WIL,GRA_CAN,UArizona,D1,BIG12,20260324-UArizona-1,d47e7b20-27ec-11f1-8d4e-73b83eb2bf78,89.9238,,,7.43931,,,,,,,fcc4ca4f-6759-4024-9276-a76842dbcbc5,2026-03-25,01:49:15.04,2026-03-24T19:49:15.0480896-06:00,2026-03-25T01:49:15.0480896Z,,v3,232,5310,4b3137947cb04fa1abe03d266626d88b,"Perez, Jaime",1000122545,Right,GRA_CAN,6a4da4d5-d843-4231-b463-18d427d9dfe8,54.44603,-132.14832,13.47462,5.61698,-7.3371,-8.60131,-2.06835,10.32029,-4.92399,,,,,,,,,,,,,,,,,,,,,,,,,,,,,,,,,,,,,,,,,,,,,,,,,,,High,High,High,,,,,,217.769201,-1.170341,2402.972858,0.999791,1:15,-0.007917,-0.61028,-0.792146,-29.026162,-59.300782,-32.419754,148.534399,7.156928,0.51792,0.124587,-0.846308,8.374521,31.192804,0.124587,0.51792,0.846308,-8.374521,-31.192804,-0.124587,-0.51792,0.846308,-148.534399,-7.156928,-0.51792,-0.124587,-0.846308
72,2026-03-24,19:49:57.99,2,1,"Gregory, Billy",1000396783,Right,GRA_CAN,"Lira, Tony",830243,Right,ARI_WIL,Undefined,3,Bottom,0,0,0,ChangeUp,Changeup,BallCalled,Undefined,Undefined,Undefined,0,0,,81.29452,-1.433419,-2.351635,2370.949881,252.346732,2:30,5.71645,2.04236,6.39421,-34.95407,6.65658,16.67119,1.48388,1.26756,74.51189,-7.954192,0.671972,0.464273,,,,,,,,,,,,-9.39898,4.29544,-1.88076,50,5.59747,4.25444,-118.0878,-3.96655,-13.2169,23.35933,-26.13381,ARI_WIL,GRA_CAN,UArizona,D1,BIG12,20260324-UArizona-1,ee1eb130-27ec-11f1-8d4e-73b83eb2bf78,81.18587,,,6.78263,,,,,,,fcc4ca4f-6759-4024-9276-a76842dbcbc5,2026-03-25,01:49:57.99,2026-03-24T19:49:57.9979264-06:00,2026-03-25T01:49:57.9979264Z,,v3,232,5310,4b3137947cb04fa1abe03d266626d88b,"Perez, Jaime",1000122545,Right,GRA_CAN,27d06d50-87e6-468e-9ce8-e0c625ba1887,54.10595,-118.89724,11.67966,5.71923,-3.06097,-13.06691,-2.03612,4.71243,-6.60845,,,,,,,,,,,,,,,,,,,,,,,,,,,,,,,,,,,,,,,,,,,,,,,,,,,High,High,High,,,,,,242.062754,-29.11159,2071.436848,0.873674,2:00,0.488447,-0.759445,-0.429724,15.107823,3.58147,44.59362,140.973542,75.462937,0.158053,0.967985,-0.194996,78.6105,9.093926,0.967985,0.158053,0.194996,-78.6105,-9.093926,-0.967985,-0.158053,0.194996,-140.973542,-75.462937,-0.158053,-0.967985,-0.194996
73,2026-03-24,19:50:14.26,2,2,"Gregory, Billy",1000396783,Right,GRA_CAN,"Lira, Tony",830243,Right,ARI_WIL,Undefined,3,Bottom,0,1,0,Fastball,Four-Seam,StrikeCalled,Undefined,Undefined,Undefined,0,0,,88.46065,-1.023189,-3.695876,2252.937891,211.032826,1:00,5.66637,2.01782,6.00568,-19.95017,15.68816,8.75571,3.0538,-0.68154,80.82038,-4.793327,-2.125887,0.429665,,,,,,,,,,,,-5.50571,8.68512,-1.73172,50,5.57481,7.92052,-128.26588,-2.89178,-9.17785,26.37735,-17.69618,ARI_WIL,GRA_CAN,UArizona,D1,BIG12,20260324-UArizona-1,f7ce3ed0-27ec-11f1-8d4e-73b83eb2bf78,87.72519,,,7.64026,,,,,,,fcc4ca4f-6759-4024-9276-a76842dbcbc5,2026-03-25,01:50:14.26,2026-03-24T19:50:14.2622208-06:00,2026-03-25T01:50:14.2622208Z,,v3,232,5310,4b3137947cb04fa1abe03d266626d88b,"Perez, Jaime",1000122545,Right,GRA_CAN,60135ab4-1938-4408-907f-8d76d2d9f0e5,54.4924,-129.18642,13.18867,5.66496,-2.27421,-8.84809,-2.01373,8.24081,-4.58893,,,,,,,,,,,,,,,,,,,,,,,,,,,,,,,,,,,,,,,,,,,,,,,,,,,High,High,High,,,,,,221.188129,-5.609769,2242.148004,0.995211,1:15,0.060935,-0.65353,-0.754444,-32.118925,-55.863242,-18.516859,151.152595,9.593342,0.475731,0.166654,-0.863659,10.921731,28.406974,0.166654,0.475731,0.863659,-10.921731,-28.406974,-0.166654,-0.475731,0.863659,-151.152595,-9.593342,-0.475731,-0.166654,-0.863659
74,2026-03-24,19:50:34.66,2,3,"Gregory, Billy",1000396783,Right,GRA_CAN,"Lira, Tony",830243,Right,ARI_WIL,Undefined,3,Bottom,0,1,1,Slider,Curveball,StrikeSwinging,Undefined,Undefined,Undefined,0,0,,80.67817,-0.278676,-1.480523,1872.491191,7.670305,6:15,5.63584,2.18454,6.59431,-50.77916,-9.02004,-1.38571,1.14883,0.71226,74.49684,-9.670368,-1.733286,0.465101,,,,,,,,,,,,0.30772,-4.30083,-2.08288,50,5.59624,3.08148,-117.39961,-2.07081,0.42827,22.80641,-38.15967,ARI_WIL,GRA_CAN,UArizona,D1,BIG12,20260324-UArizona-1,03f709d0-27ed-11f1-8d4e-73b83eb2bf78,81.04144,,,6.18132,,,,,,,fcc4ca4f-6759-4024-9276-a76842dbcbc5,2026-03-25,01:50:34.66,2026-03-24T19:50:34.6684416-06:00,2026-03-25T01:50:34.6684416Z,,v3,232,5310,4b3137947cb04fa1abe03d266626d88b,"Perez, Jaime",1000122545,Right,GRA_CAN,0f9169dc-54e7-4b0e-9253-d7993e17aa75,53.90817,-118.15639,11.4032,5.64394,-0.80458,-19.07983,-2.1849,3.06727,0.21413,,,,,,,,,,,,,,,,,,,,,,,,,,,,,,,,,,,,,,,,,,,,,,,,,,,High,High,High,,,,,,356.423521,61.633341,889.643505,0.475112,6:00,-0.867225,-0.033917,0.496759,43.681849,21.403708,-8.016659,177.961742,77.548217,0.007669,0.976478,-0.215482,77.55585,0.439397,0.976478,0.007669,0.215482,-77.55585,-0.439397,-0.976478,-0.007669,0.215482,-177.961742,-77.548217,-0.007669,-0.976478,-0.215482
75,2026-03-24,19:50:59.23,2,4,"Gregory, Billy",1000396783,Right,GRA_CAN,"Lira, Tony",830243,Right,ARI_WIL,Undefined,3,Bottom,0,1,2,ChangeUp,Changeup,BallCalled,Undefined,Undefined,Undefined,0,0,,80.13459,0.245647,-1.846753,2469.470775,242.074691,2:00,5.54954,2.04802,6.05728,-33.10777,10.04627,16.42721,3.01806,1.707,73.48226,-5.928109,1.111075,0.472805,,,,,,,,,,,,-9.1093,5.47847,-1.91383,50,5.55068,3.17171,-116.47352,-0.47408,-12.51225,21.89584,-24.64896,ARI_WIL,GRA_CAN,UArizona,D1,BIG12,20260324-UArizona-1,12978b90-27ed-11f1-8d4e-73b83eb2bf78,79.7209,,,6.65233,,,,,,,fcc4ca4f-6759-4024-9276-a76842dbcbc5,2026-03-25,01:50:59.23,2026-03-24T19:50:59.2350208-06:00,2026-03-25T01:50:59.2350208Z,,v3,232,5310,4b3137947cb04fa1abe03d266626d88b,"Perez, Jaime",1000122545,Right,GRA_CAN,9f08c5cf-e164-4d0a-8de6-574bfa02937a,54.4445,-117.30607,10.94792,5.55089,0.46315,-12.32448,-2.04347,3.64746,-6.25613,,,,,,,,,,,,,,,,,,,,,,,,,,,,,,,,,,,,,,,,,,,,,,,,,,,High,High,High,,,,,,248.632195,-33.610389,2056.626838,0.832821,2:15,0.540148,-0.777939,-0.321015,31.759943,23.399065,67.819053,91.135236,69.724141,0.346472,0.938035,-0.006866,89.580642,20.271704,0.938035,0.346472,0.006866,-89.580642,-20.271704,-0.938035,-0.346472,0.006866,-91.135236,-69.724141,-0.346472,-0.938035,-0.006866
76,2026-03-24,19:51:19.81,2,5,"Gregory, Billy",1000396783,Right,GRA_CAN,"Lira, Tony",830243,Right,ARI_WIL,Undefined,3,Bottom,0,2,2,ChangeUp,Changeup,StrikeSwinging,Strikeout,Undefined,Undefined,0,0,,81.77261,-0.78418,-2.702126,2472.400192,248.155125,2:15,5.49924,2.09975,6.401,-33.16104,7.98205,16.55237,2.01384,0.99238,74.74328,-6.99557,0.297372,0.461657,,,,,,,,,,,,-9.39815,4.8115,-1.91294,50,5.42793,5.00071,-118.75537,-2.58173,-13.36224,23.67359,-25.3331,ARI_WIL,GRA_CAN,UArizona,D1,BIG12,20260324-UArizona-1,1ee2aba0-27ed-11f1-8d4e-73b83eb2bf78,81.64592,,,7.02933,,,,,,,fcc4ca4f-6759-4024-9276-a76842dbcbc5,2026-03-25,01:51:19.81,2026-03-24T19:51:19.8137856-06:00,2026-03-25T01:51:19.8137856Z,,v3,232,5310,4b3137947cb04fa1abe03d266626d88b,"Perez, Jaime",1000122545,Right,GRA_CAN,77e7142b-3e73-43c0-8b0c-add01d8ee79b,54.09821,-119.56954,11.83679,5.50174,-1.71048,-12.66655,-2.09282,5.46026,-6.68112,,,,,,,,,,,,,,,,,,,,,,,,,,,,,,,,,,,,,,,,,,,,,,,,,,,High,High,High,,,,,,242.377509,-27.035041,2202.237826,0.890729,2:00,0.445307,-0.78291,-0.434457,15.524944,-7.576111,33.303657,145.583037,78.350231,0.114132,0.9794,-0.16658,80.347275,6.553585,0.9794,0.114132,0.16658,-80.347275,-6.553585,-0.9794,-0.114132,0.16658,-145.583037,-78.350231,-0.114132,-0.9794,-0.16658
77,2026-03-24,19:51:58.10,3,1,"Gregory, Billy",1000396783,Right,GRA_CAN,"Mihalakis, Maddox",805974,Left,ARI_WIL,Undefined,3,Bottom,1,0,0,Fastball,Sinker,BallCalled,Undefined,Undefined,Undefined,0,0,,89.30359,-2.385092,-4.515931,2378.398042,225.451367,1:30,5.5288,2.10391,6.08902,-20.856,13.90776,13.05016,1.57632,-0.9947,82.14366,-6.29701,-2.17438,0.42436,,,,,,,,,,,,-7.90571,8.12339,-1.76176,50,5.33306,9.68628,-129.38489,-6.04759,-13.4896,25.33059,-18.31305,ARI_WIL,GRA_CAN,UArizona,D1,BIG12,20260324-UArizona-1,35abcce0-27ed-11f1-8d4e-73b83eb2bf78,88.82177,,,7.15993,,,,,,,fcc4ca4f-6759-4024-9276-a76842dbcbc5,2026-03-25,01:51:58.10,2026-03-24T19:51:58.1037056-06:00,2026-03-25T01:51:58.1037056Z,,v3,232,5310,4b3137947cb04fa1abe03d266626d88b,"Perez, Jaime",1000122545,Right,GRA_CAN,cf97179a-8bb5-4223-ab53-1812b8cd6e46,54.41104,-130.2456,12.6653,5.52798,-5.42532,-9.15653,-2.09868,10.14464,-6.7448,,,,,,,,,,,,,,,,,,,,,,,,,,,,,,,,,,,,,,,,,,,,,,,,,,,High,High,High,,,,,,227.262896,-9.475994,2345.944007,0.986355,1:30,0.141332,-0.716974,-0.682622,-15.348177,-65.241357,-46.59853,158.570615,8.726984,0.361124,0.151726,-0.920091,9.364005,21.169264,0.151726,0.361124,0.920091,-9.364005,-21.169264,-0.151726,-0.361124,0.920091,-158.570615,-8.726984,-0.361124,-0.151726,-0.920091
78,2026-03-24,19:52:16.27,3,2,"Gregory, Billy",1000396783,Right,GRA_CAN,"Mihalakis, Maddox",805974,Left,ARI_WIL,Undefined,3,Bottom,1,1,0,ChangeUp,Changeup,BallCalled,Undefined,Undefined,Undefined,0,0,,80.31578,-2.680585,-2.514938,2381.033363,241.434693,2:00,5.53878,2.09689,6.23895,-32.65388,9.97737,15.93981,0.34077,1.10385,74.26749,-8.735113,0.367627,0.469932,,,,,,,,,,,,-9.02252,6.27788,-1.91741,50,5.32243,4.56583,-116.62377,-6.40428,-12.47768,21.08348,-23.49205,ARI_WIL,GRA_CAN,UArizona,D1,BIG12,20260324-UArizona-1,40869410-27ed-11f1-8d4e-73b83eb2bf78,80.20822,,,6.04829,,,,,,,fcc4ca4f-6759-4024-9276-a76842dbcbc5,2026-03-25,01:52:16.27,2026-03-24T19:52:16.2771456-06:00,2026-03-25T01:52:16.2771456Z,,v3,232,5310,4b3137947cb04fa1abe03d266626d88b,"Perez, Jaime",1000122545,Right,GRA_CAN,bb60d463-a04e-43df-b036-e9f77c310299,54.26258,-117.39184,10.54174,5.54014,-5.54846,-11.74603,-2.09202,5.02039,-6.23884,,,,,,,,,,,,,,,,,,,,,,,,,,,,,,,,,,,,,,,,,,,,,,,,,,,High,High,High,,,,,,251.606738,-31.686396,2026.10664,0.850936,2:30,0.550135,-0.782015,-0.292924,12.045788,0.191876,52.995952,108.376284,72.031944,0.292756,0.951229,-0.097252,84.162438,17.023021,0.951229,0.292756,0.097252,-84.162438,-17.023021,-0.951229,-0.292756,0.097252,-108.376284,-72.031944,-0.292756,-0.951229,-0.097252
79,2026-03-24,19:52:42.39,3,3,"Gregory, Billy",1000396783,Right,GRA_CAN,"Mihalakis, Maddox",805974,Left,ARI_WIL,Undefined,3,Bottom,1,2,0,Fastball,Four-Seam,BallCalled,Undefined,Undefined,Undefined,0,0,,89.54011,-3.059494,-3.655422,2291.769002,218.186067,1:15,5.66735,2.0772,6.04301,-18.51241,16.24206,11.90197,1.28353,-0.31995,82.06987,-6.553282,-1.518227,0.424303,,,,,,,,,,,,-7.12827,9.53804,-1.79838,50,5.41821,7.79637,-129.72641,-7.49843,-12.17259,26.60972,-15.88642,ARI_WIL,GRA_CAN,UArizona,D1,BIG12,20260324-UArizona-1,5012ae50-27ed-11f1-8d4e-73b83eb2bf78,88.83368,,,7.47024,,,,,,,fcc4ca4f-6759-4024-9276-a76842dbcbc5,2026-03-25,01:52:42.39,2026-03-24T19:52:42.3998464-06:00,2026-03-25T01:52:42.3998464Z,,v3,232,5310,4b3137947cb04fa1abe03d266626d88b,"Perez, Jaime",1000122545,Right,GRA_CAN,d40524c6-4f60-47d3-bf6d-73bb512bd9af,54.45644,-130.63733,13.30486,5.66559,-6.9546,-7.94321,-2.0724,8.21307,-6.0863,,,,,,,,,,,,,,,,,,,,,,,,,,,,,,,,,,,,,,,,,,,,,,,,,,,High,High,High,,,,,,221.096648,-1.773506,2290.671194,0.999521,1:15,0.017814,-0.654428,-0.755914,-21.94861,-57.492142,-35.40386,154.192333,12.065414,0.425734,0.209028,-0.880373,13.356498,25.197162,0.209028,0.425734,0.880373,-13.356498,-25.197162,-0.209028,-0.425734,0.880373,-154.192333,-12.065414,-0.425734,-0.209028,-0.880373
80,2026-03-24,19:53:04.64,3,4,"Gregory, Billy",1000396783,Right,GRA_CAN,"Mihalakis, Maddox",805974,Left,ARI_WIL,Undefined,3,Bottom,1,3,0,Fastball,Four-Seam,StrikeCalled,Undefined,Undefined,Undefined,0,0,,89.22325,-1.048188,-2.546599,2274.506821,215.824078,1:15,5.57297,2.16261,6.21221,-18.8804,15.85005,10.63568,3.03116,0.69712,81.42324,-4.641105,-0.628263,0.424157,,,,,,,,,,,,-6.18733,8.83056,-1.97652,50,5.48468,5.32128,-129.5319,-2.90926,-10.50131,27.32003,-17.1866,ARI_WIL,GRA_CAN,UArizona,D1,BIG12,20260324-UArizona-1,5d591e50-27ed-11f1-8d4e-73b83eb2bf78,88.86438,,,7.80001,,,,,,,fcc4ca4f-6759-4024-9276-a76842dbcbc5,2026-03-25,01:53:04.64,2026-03-24T19:53:04.6417408-06:00,2026-03-25T01:53:04.6417408Z,,v3,232,5310,4b3137947cb04fa1abe03d266626d88b,"Perez, Jaime",1000122545,Right,GRA_CAN,8317f976-4741-42e2-8f06-6a7aeb171fac,54.28543,-130.43262,13.66002,5.57125,-2.34262,-8.5933,-2.15766,5.66751,-5.25065,,,,,,,,,,,,,,,,,,,,,,,,,,,,,,,,,,,,,,,,,,,,,,,,,,,High,High,High,,,,,,224.905539,-5.688284,2263.306828,0.995076,1:30,0.080525,-0.700533,-0.709062,-24.372041,-65.586395,-37.114345,153.224851,9.244619,0.444639,0.16065,-0.881185,10.332182,26.400254,0.16065,0.444639,0.881185,-10.332182,-26.400254,-0.16065,-0.444639,0.881185,-153.224851,-9.244619,-0.444639,-0.16065,-0.881185
81,2026-03-24,19:53:25.05,3,5,"Gregory, Billy",1000396783,Right,GRA_CAN,"Mihalakis, Maddox",805974,Left,ARI_WIL,Undefined,3,Bottom,1,3,1,Fastball,Sinker,BallCalled,Walk,Undefined,Undefined,0,0,,89.48441,-3.296951,-3.413239,2349.412588,223.511948,1:30,5.61003,1.95807,6.12179,-19.60025,15.1969,13.34146,0.91993,-0.08933,81.83019,-6.993654,-1.012157,0.424564,,,,,,,,,,,,-7.88654,9.13536,-1.70349,50,5.34672,7.19201,-129.63994,-8.066,-13.39974,27.5139,-16.65249,ARI_WIL,GRA_CAN,UArizona,D1,BIG12,20260324-UArizona-1,6980d7e0-27ed-11f1-8d4e-73b83eb2bf78,88.7792,,,7.65422,,,,,,,fcc4ca4f-6759-4024-9276-a76842dbcbc5,2026-03-25,01:53:25.05,2026-03-24T19:53:25.0583040-06:00,2026-03-25T01:53:25.0583040Z,,v3,232,5310,4b3137947cb04fa1abe03d266626d88b,"Perez, Jaime",1000122545,Right,GRA_CAN,e36013b8-8304-4421-94ca-d58a0cec332c,54.37806,-130.5658,13.75695,5.60872,-7.50564,-8.32624,-1.9531,7.64292,-6.69987,,,,,,,,,,,,,,,,,,,,,,,,,,,,,,,,,,,,,,,,,,,,,,,,,,,High,High,High,,,,,,223.067608,-10.814675,2307.685197,0.982239,1:30,0.182774,-0.658832,-0.72975,2.219391,-57.76529,-59.449719,164.261906,12.348249,0.264966,0.213853,-0.940245,12.813601,15.364904,0.213853,0.264966,0.940245,-12.813601,-15.364904,-0.213853,-0.264966,0.940245,-164.261906,-12.348249,-0.264966,-0.213853,-0.940245
82,2026-03-24,19:54:25.08,4,1,"Gregory, Billy",1000396783,Right,GRA_CAN,"Cain, Andrew",814832,Left,ARI_WIL,Undefined,3,Bottom,1,0,0,ChangeUp,Changeup,StrikeSwinging,Undefined,Undefined,Undefined,0,0,,80.88122,-1.136199,-4.060319,2398.814172,251.19582,2:15,5.45373,2.32259,6.07331,-35.22718,7.30536,17.47158,1.464,0.01514,74.23208,-7.667922,-0.919274,0.469388,,,,,,,,,,,,-10.15654,4.48559,-2.01714,50,5.34679,7.67893,-117.28873,-3.40105,-14.15058,22.14957,-25.9245,ARI_WIL,GRA_CAN,UArizona,D1,BIG12,20260324-UArizona-1,8d4cf780-27ed-11f1-8d4e-73b83eb2bf78,80.30121,,,6.64914,,,,,,,fcc4ca4f-6759-4024-9276-a76842dbcbc5,2026-03-25,01:54:25.08,2026-03-24T19:54:25.0845696-06:00,2026-03-25T01:54:25.0845696Z,,v3,232,5310,4b3137947cb04fa1abe03d266626d88b,"Perez, Jaime",1000122545,Right,GRA_CAN,20012bdc-767e-4f75-bbe8-973851b7b768,54.42727,-118.12185,11.07479,5.45637,-2.42595,-12.96225,-2.31598,8.21118,-7.07529,,,,,,,,,,,,,,,,,,,,,,,,,,,,,,,,,,,,,,,,,,,,,,,,,,,High,High,High,,,,,,242.525066,-26.116145,2153.903817,0.897904,2:00,0.425426,-0.787746,-0.445498,17.663208,2.321836,36.278,146.767571,78.985656,0.104705,0.981579,-0.159809,80.752946,6.010172,0.981579,0.104705,0.159809,-80.752946,-6.010172,-0.981579,-0.104705,0.159809,-146.767571,-78.985656,-0.104705,-0.981579,-0.159809
83,2026-03-24,19:54:43.62,4,2,"Gregory, Billy",1000396783,Right,GRA_CAN,"Cain, Andrew",814832,Left,ARI_WIL,Undefined,3,Bottom,1,0,1,ChangeUp,Changeup,BallCalled,Undefined,Undefined,Undefined,0,0,,80.26021,-0.319473,-2.432063,2396.158205,259.156484,2:45,5.45356,2.16668,6.27091,-38.23163,4.6289,16.95052,1.97282,1.33581,73.49927,-7.434541,0.633782,0.471194,,,,,,,,,,,,-9.47351,2.93512,-1.99449,50,5.41157,4.33317,-116.58904,-1.78573,-12.99402,22.63573,-28.1482,ARI_WIL,GRA_CAN,UArizona,D1,BIG12,20260324-UArizona-1,98647990-27ed-11f1-8d4e-73b83eb2bf78,79.9934,,,6.76095,,,,,,,fcc4ca4f-6759-4024-9276-a76842dbcbc5,2026-03-25,01:54:43.62,2026-03-24T19:54:43.6268032-06:00,2026-03-25T01:54:43.6268032Z,,v3,232,5310,4b3137947cb04fa1abe03d266626d88b,"Perez, Jaime",1000122545,Right,GRA_CAN,ff0c97a5-0eae-4556-905d-06f9411f5edd,54.22879,-117.40719,11.31787,5.45772,-0.76834,-14.0741,-2.1596,4.80283,-6.49701,,,,,,,,,,,,,,,,,,,,,,,,,,,,,,,,,,,,,,,,,,,,,,,,,,,High,High,High,,,,,,249.880076,-31.074082,2052.311077,0.856501,2:15,0.507651,-0.801342,-0.316452,9.796747,-12.318647,37.744004,129.027734,78.528635,0.154497,0.980024,-0.125233,82.717896,8.887612,0.980024,0.154497,0.125233,-82.717896,-8.887612,-0.980024,-0.154497,0.125233,-129.027734,-78.528635,-0.154497,-0.980024,-0.125233
84,2026-03-24,19:55:02.50,4,3,"Gregory, Billy",1000396783,Right,GRA_CAN,"Cain, Andrew",814832,Left,ARI_WIL,Undefined,3,Bottom,1,1,1,Fastball,Sinker,FoulBallNotFieldable,Undefined,Undefined,Undefined,0,0,,90.05885,-2.058261,-3.376844,2364.969468,232.88385,1:45,5.65315,2.08822,6.12747,-21.47001,12.79772,15.44245,1.95725,0.24999,82.29325,-6.098898,-0.597042,0.421322,72.357,19.992434,-149.994056,2092.252523,,,,123.81749,38.5453,-159.42198,1.542158,-8.99611,7.53307,-1.83797,50,5.48429,7.0841,-130.62929,-5.3691,-15.51693,27.97151,-19.18065,ARI_WIL,GRA_CAN,UArizona,D1,BIG12,20260324-UArizona-1,a395ec40-27ed-11f1-8d4e-73b83eb2bf78,89.46232,13.73403,,7.7656,,,,2.06573,1.54945,-0.20736,fcc4ca4f-6759-4024-9276-a76842dbcbc5,2026-03-25,01:55:02.50,2026-03-24T19:55:02.5062912-06:00,2026-03-25T01:55:02.5062912Z,LineDrive,v3,232,5310,4b3137947cb04fa1abe03d266626d88b,"Perez, Jaime",1000122545,Right,GRA_CAN,2faaea3f-83b8-4fa1-931e-ad0fafe3dca1,54.3732,-131.56239,13.98576,5.65272,-4.72926,-9.59033,-2.08292,7.60173,-7.75846,,2.20127,-87.69086,7.15297,,,,,,,2.04139,31.7713,-21.63469,,,,,,,-0.66777,-45.61233,11.71671,,,,,,,,,,,,,,,,,,,,,,,,,,,,,High,High,High,High,Low,,,,224.433315,-10.989349,2321.602166,0.981663,1:30,0.173523,-0.679951,-0.71243,-3.669466,-57.013859,-60.304824,166.637576,7.151104,0.229312,0.124487,-0.96536,7.347942,13.256578,0.124487,0.229312,0.96536,-7.347942,-13.256578,-0.124487,-0.229312,0.96536,-166.637576,-7.151104,-0.229312,-0.124487,-0.96536
85,2026-03-24,19:55:29.85,4,4,"Gregory, Billy",1000396783,Right,GRA_CAN,"Cain, Andrew",814832,Left,ARI_WIL,Undefined,3,Bottom,1,1,2,ChangeUp,Changeup,BallCalled,Undefined,Undefined,Undefined,0,0,,81.26384,-1.427088,-2.050441,2447.712742,239.250102,2:00,5.4467,2.22419,6.13718,-30.06541,12.0389,17.88847,1.6212,1.81905,74.24471,-7.053581,1.176877,0.467019,,,,,,,,,,,,-9.79489,7.0665,-2.0765,50,5.3223,3.54646,-117.97384,-3.81574,-13.73726,23.45979,-22.26334,ARI_WIL,GRA_CAN,UArizona,D1,BIG12,20260324-UArizona-1,b3ec3450-27ed-11f1-8d4e-73b83eb2bf78,80.70854,,,7.01913,,,,,,,fcc4ca4f-6759-4024-9276-a76842dbcbc5,2026-03-25,01:55:29.85,2026-03-24T19:55:29.8571776-06:00,2026-03-25T01:55:29.8571776Z,,v3,232,5310,4b3137947cb04fa1abe03d266626d88b,"Perez, Jaime",1000122545,Right,GRA_CAN,805950a1-a8f1-450d-90f3-c169b3735252,54.36119,-118.83793,11.7299,5.44775,-2.99572,-11.13167,-2.21644,4.05243,-6.86863,,,,,,,,,,,,,,,,,,,,,,,,,,,,,,,,,,,,,,,,,,,,,,,,,,,High,High,High,,,,,,247.956091,-32.140275,2072.596305,0.846748,2:15,0.539652,-0.771355,-0.337323,28.591934,-2.617031,56.277157,98.481856,20.921466,0.923854,0.357088,-0.137772,68.902358,67.496248,0.357088,0.923854,0.137772,-68.902358,-67.496248,-0.357088,-0.923854,0.137772,-98.481856,-20.921466,-0.923854,-0.357088,-0.137772
86,2026-03-24,19:55:49.29,4,5,"Gregory, Billy",1000396783,Right,GRA_CAN,"Cain, Andrew",814832,Left,ARI_WIL,Undefined,3,Bottom,1,2,2,Fastball,Sinker,BallCalled,Undefined,Undefined,Undefined,0,0,,91.07133,-0.332867,-2.30792,2272.612176,226.335906,1:30,5.6589,2.08721,5.80858,-18.22446,15.64135,15.24084,3.8304,1.20988,82.92453,-3.784693,0.421128,0.418844,,,,,,,,,,,,-8.39268,8.39197,-1.90682,50,5.62077,4.65214,-132.18114,-1.33867,-14.81798,28.7133,-17.35735,ARI_WIL,GRA_CAN,UArizona,D1,BIG12,20260324-UArizona-1,bf77d4f0-27ed-11f1-8d4e-73b83eb2bf78,89.99161,,,8.1468,,,,,,,fcc4ca4f-6759-4024-9276-a76842dbcbc5,2026-03-25,01:55:49.29,2026-03-24T19:55:49.2939776-06:00,2026-03-25T01:55:49.2939776Z,,v3,232,5310,4b3137947cb04fa1abe03d266626d88b,"Perez, Jaime",1000122545,Right,GRA_CAN,83fa1c73-06b5-46c5-95f4-ee12b8b5b8c2,54.68971,-133.19598,14.35665,5.65725,-0.72519,-8.67867,-2.0805,5.17586,-7.40899,,,,,,,,,,,,,,,,,,,,,,,,,,,,,,,,,,,,,,,,,,,,,,,,,,,High,High,High,,,,,,222.644799,0.531828,2272.514274,0.999957,1:30,-0.034962,-0.677465,-0.734724,-35.704812,-28.522753,-21.72583,170.770283,4.82059,0.159826,0.084036,-0.983562,4.883516,9.196785,0.084036,0.159826,0.983562,-4.883516,-9.196785,-0.084036,-0.159826,0.983562,-170.770283,-4.82059,-0.159826,-0.084036,-0.983562
87,2026-03-24,19:56:08.99,4,6,"Gregory, Billy",1000396783,Right,GRA_CAN,"Cain, Andrew",814832,Left,ARI_WIL,Undefined,3,Bottom,1,3,2,Fastball,Sinker,BallCalled,Walk,Undefined,Undefined,0,0,,91.61194,-2.920176,-3.021565,2409.439928,224.893068,1:30,5.61239,2.07485,6.04517,-21.21548,12.12867,10.97579,1.13479,0.18949,83.58104,-6.899066,-1.047785,0.415605,,,,,,,,,,,,-6.52811,7.42918,-1.84515,50,5.37306,6.5405,-132.752,-7.46332,-11.60003,29.54758,-18.97292,ARI_WIL,GRA_CAN,UArizona,D1,BIG12,20260324-UArizona-1,cb390480-27ed-11f1-8d4e-73b83eb2bf78,90.69288,,,8.0309,,,,,,,fcc4ca4f-6759-4024-9276-a76842dbcbc5,2026-03-25,01:56:08.99,2026-03-24T19:56:08.9943552-06:00,2026-03-25T01:56:08.9943552Z,,v3,232,5310,4b3137947cb04fa1abe03d266626d88b,"Perez, Jaime",1000122545,Right,GRA_CAN,dbf1d1bf-98a8-457b-982d-3ed294d39460,54.45352,-133.73958,14.77379,5.61191,-6.82918,-9.48646,-2.07024,6.92821,-5.80001,,,,,,,,,,,,,,,,,,,,,,,,,,,,,,,,,,,,,,,,,,,,,,,,,,,High,High,High,,,,,,218.790483,-7.63111,2388.100924,0.991144,1:15,0.123305,-0.613355,-0.780123,-9.591785,-61.350093,-43.308561,153.191189,12.713268,0.439958,0.220072,-0.870635,14.185622,26.101173,0.220072,0.439958,0.870635,-14.185622,-26.101173,-0.220072,-0.439958,0.870635,-153.191189,-12.713268,-0.439958,-0.220072,-0.870635
88,2026-03-24,19:56:58.60,5,1,"Gregory, Billy",1000396783,Right,GRA_CAN,"Meyers, Roman",834679,Right,ARI_WIL,Undefined,3,Bottom,1,0,0,Fastball,Four-Seam,BallCalled,Undefined,Undefined,Undefined,0,0,,91.20326,-2.104577,-2.10803,2363.034866,225.171183,1:30,5.59386,1.88841,6.21143,-18.45312,14.86217,13.84859,2.11157,1.09606,83.1673,-5.60916,0.392038,0.415426,,,,,,,,,,,,-7.82729,8.65126,-1.73721,50,5.42662,4.30887,-132.40192,-5.41429,-13.83683,29.36259,-16.88063,ARI_WIL,GRA_CAN,UArizona,D1,BIG12,20260324-UArizona-1,e8c34600-27ed-11f1-8d4e-73b83eb2bf78,90.73211,,,8.03596,,,,,,,fcc4ca4f-6759-4024-9276-a76842dbcbc5,2026-03-25,01:56:58.60,2026-03-24T19:56:58.6024960-06:00,2026-03-25T01:56:58.6024960Z,,v3,232,5310,4b3137947cb04fa1abe03d266626d88b,"Perez, Jaime",1000122545,Right,GRA_CAN,4a25d8ba-2f27-4589-a962-4e7befab0d4d,54.28847,-133.34958,14.6813,5.59257,-4.86948,-8.44032,-1.88349,4.75544,-6.91842,,,,,,,,,,,,,,,,,,,,,,,,,,,,,,,,,,,,,,,,,,,,,,,,,,,High,High,High,,,,,,221.607802,-7.268092,2344.048,0.991965,1:30,0.123232,-0.653602,-0.746738,-24.000751,-50.821185,-44.053898,166.344854,-0.697381,0.23606,-0.012171,-0.971662,0.717664,-13.654114,0.012171,-0.23606,0.971662,-0.717664,13.654114,-0.012171,0.23606,0.971662,-166.344854,0.697381,-0.23606,0.012171,-0.971662
89,2026-03-24,19:57:16.78,5,2,"Gregory, Billy",1000396783,Right,GRA_CAN,"Meyers, Roman",834679,Right,ARI_WIL,Undefined,3,Bottom,1,1,0,Fastball,Four-Seam,StrikeSwinging,Undefined,Undefined,Undefined,0,0,,89.61077,-1.767402,-3.156597,2345.063551,223.397714,1:30,5.58043,2.05028,6.20097,-21.27615,13.30288,11.49792,2.17294,0.09165,81.68352,-5.786637,-1.084059,0.423231,,,,,,,,,,,,-6.83969,7.74067,-1.81826,50,5.43661,6.69275,-129.9677,-4.65722,-11.65626,28.16715,-18.98235,ARI_WIL,GRA_CAN,UArizona,D1,BIG12,20260324-UArizona-1,f39f93d0-27ed-11f1-8d4e-73b83eb2bf78,89.05873,,,7.92725,,,,,,,fcc4ca4f-6759-4024-9276-a76842dbcbc5,2026-03-25,01:57:16.78,2026-03-24T19:57:16.7873024-06:00,2026-03-25T01:57:16.7873024Z,,v3,232,5310,4b3137947cb04fa1abe03d266626d88b,"Perez, Jaime",1000122545,Right,GRA_CAN,5a5a859f-5b70-41ef-b870-c810e080fd1d,54.29708,-130.89567,14.08358,5.57974,-4.03185,-9.49117,-2.04508,7.07677,-5.82813,,,,,,,,,,,,,,,,,,,,,,,,,,,,,,,,,,,,,,,,,,,,,,,,,,,High,High,High,,,,,,216.905554,-4.855054,2336.649453,0.996412,1:15,0.059019,-0.595448,-0.801223,7.278577,-63.638564,-69.167368,151.39528,15.43623,0.461494,0.266166,-0.846274,17.459139,27.483546,0.266166,0.461494,0.846274,-17.459139,-27.483546,-0.266166,-0.461494,0.846274,-151.39528,-15.43623,-0.461494,-0.266166,-0.846274
90,2026-03-24,19:57:36.03,5,3,"Gregory, Billy",1000396783,Right,GRA_CAN,"Meyers, Roman",834679,Right,ARI_WIL,Undefined,3,Bottom,1,1,1,ChangeUp,Changeup,BallCalled,Undefined,Undefined,Undefined,0,0,,82.6545,0.109181,-2.505163,2441.252986,260.09367,2:45,5.53733,2.1182,6.32765,-35.89222,4.23618,17.21241,2.64695,1.24413,75.92193,-6.575818,0.609872,0.455929,,,,,,,,,,,,-9.60375,2.57685,-1.94288,50,5.5285,4.61448,-120.13171,-0.85967,-14.05903,22.89028,-28.40179,ARI_WIL,GRA_CAN,UArizona,D1,BIG12,20260324-UArizona-1,ff24cbd0-27ed-11f1-8d4e-73b83eb2bf78,82.67169,,,6.73257,,,,,,,fcc4ca4f-6759-4024-9276-a76842dbcbc5,2026-03-25,01:57:36.03,2026-03-24T19:57:36.0388096-06:00,2026-03-25T01:57:36.0388096Z,,v3,232,5310,4b3137947cb04fa1abe03d266626d88b,"Perez, Jaime",1000122545,Right,GRA_CAN,ffcc2a3e-ad56-43ed-b101-96c95926e25a,54.17267,-120.92417,11.44514,5.54124,0.1236,-14.2009,-2.11106,5.1012,-7.02951,,,,,,,,,,,,,,,,,,,,,,,,,,,,,,,,,,,,,,,,,,,,,,,,,,,High,High,High,,,,,,243.071864,-28.170377,2152.080831,0.881548,2:00,0.452697,-0.786864,-0.419417,29.040661,-3.440401,39.266863,94.470618,9.898696,0.982116,0.171907,-0.076787,65.930588,79.147752,0.171907,0.982116,0.076787,-65.930588,-79.147752,-0.171907,-0.982116,0.076787,-94.470618,-9.898696,-0.982116,-0.171907,-0.076787
91,2026-03-24,19:57:56.70,5,4,"Gregory, Billy",1000396783,Right,GRA_CAN,"Meyers, Roman",834679,Right,ARI_WIL,Undefined,3,Bottom,1,2,1,Fastball,Four-Seam,FoulBallNotFieldable,Undefined,Undefined,Undefined,0,0,,89.85296,-1.537871,-2.486719,2234.727288,219.993154,1:15,5.66196,1.9904,6.25528,-16.73493,17.31513,13.64087,2.84756,0.83258,82.33616,-4.733948,-0.023797,0.419982,23.45299,-31.994492,-76.250268,,,,,6.05897,2.5369,-62.784698,0.155704,-7.78059,9.73906,-1.81235,50,5.53934,5.12438,-130.52898,-3.97054,-13.45928,26.78963,-15.32696,ARI_WIL,GRA_CAN,UArizona,D1,BIG12,20260324-UArizona-1,0b6871d0-27ee-11f1-8d4e-73b83eb2bf78,89.74778,2.94545,,7.5168,,,,1.65032,2.94545,-0.80836,fcc4ca4f-6759-4024-9276-a76842dbcbc5,2026-03-25,01:57:56.70,2026-03-24T19:57:56.7062016-06:00,2026-03-25T01:57:56.7062016Z,GroundBall,v3,232,5310,4b3137947cb04fa1abe03d266626d88b,"Perez, Jaime",1000122545,Right,GRA_CAN,df0480f4-4681-40ae-a0ba-103d702b8c44,54.24499,-131.39733,13.39482,5.65999,-3.47374,-7.66348,-1.98552,5.56064,-6.72964,180,1.64372,7.19738,,,,,,,,2.96281,-18.91802,,,,,,,,-0.78137,-29.41386,,,,,,,,,,,,,,,,,,,,,,,,,,,,,,High,High,High,Low,Low,,,,218.621517,-0.36345,2234.682327,0.99998,1:15,-0.010827,-0.623765,-0.781537,-10.572176,-45.925847,-61.622974,169.342271,7.44342,0.183383,0.129547,-0.974468,7.572573,10.566883,0.129547,0.183383,0.974468,-7.572573,-10.566883,-0.129547,-0.183383,0.974468,-169.342271,-7.44342,-0.183383,-0.129547,-0.974468
92,2026-03-24,19:58:47.04,5,5,"Gregory, Billy",1000396783,Right,GRA_CAN,"Meyers, Roman",834679,Right,ARI_WIL,Undefined,3,Bottom,1,2,2,ChangeUp,Changeup,BallCalled,Undefined,Undefined,Undefined,0,0,,82.67144,-2.779481,-2.677599,2505.677439,225.806534,1:30,5.56365,1.9098,6.10983,-27.03415,13.37513,12.49564,0.73583,0.47336,76.34826,-7.81064,-0.425739,0.457522,,,,,,,,,,,,-7.19823,8.01752,-1.71079,50,5.33564,5.15048,-119.98852,-6.62682,-10.55573,21.9398,-20.41685,ARI_WIL,GRA_CAN,UArizona,D1,BIG12,20260324-UArizona-1,296ff9a0-27ee-11f1-8d4e-73b83eb2bf78,82.38388,,,6.32318,,,,,,,fcc4ca4f-6759-4024-9276-a76842dbcbc5,2026-03-25,01:58:47.04,2026-03-24T19:58:47.0442496-06:00,2026-03-25T01:58:47.0442496Z,,v3,232,5310,4b3137947cb04fa1abe03d266626d88b,"Perez, Jaime",1000122545,Right,GRA_CAN,1ee497b8-1bd1-4f16-b9c7-957319e36048,54.39087,-120.78872,10.9699,5.56376,-5.88217,-10.20843,-1.90566,5.53547,-5.27787,,,,,,,,,,,,,,,,,,,,,,,,,,,,,,,,,,,,,,,,,,,,,,,,,,,High,High,High,,,,,,245.269933,-33.05375,2100.156766,0.838159,2:15,0.564685,-0.733946,-0.377431,26.061605,-3.50673,39.280226,93.997365,2.886254,0.996302,0.050353,-0.069622,35.875855,85.070916,0.050353,0.996302,0.069622,-35.875855,-85.070916,-0.050353,-0.996302,0.069622,-93.997365,-2.886254,-0.996302,-0.050353,-0.069622
93,2026-03-24,19:59:06.09,5,6,"Gregory, Billy",1000396783,Right,GRA_CAN,"Meyers, Roman",834679,Right,ARI_WIL,Undefined,3,Bottom,1,3,2,Fastball,Sinker,FoulBallNotFieldable,Undefined,Undefined,Undefined,0,0,,90.96254,-1.757743,-2.926451,2405.903033,230.451139,1:45,5.54744,1.95931,6.19949,-20.14592,13.42115,14.90013,2.24338,0.49717,82.8247,-5.571999,-0.239311,0.416992,,,,,,,,,,,,-8.58878,7.80059,-1.74647,50,5.40491,6.13307,-131.97713,-4.66622,-15.07329,29.38969,-18.48403,ARI_WIL,GRA_CAN,UArizona,D1,BIG12,20260324-UArizona-1,34c213b0-27ee-11f1-8d4e-73b83eb2bf78,90.39118,,,8.13784,,,,,,,fcc4ca4f-6759-4024-9276-a76842dbcbc5,2026-03-25,01:59:06.09,2026-03-24T19:59:06.0940288-06:00,2026-03-25T01:59:06.0940288Z,,v3,232,5310,4b3137947cb04fa1abe03d266626d88b,"Perez, Jaime",1000122545,Right,GRA_CAN,3f53aa43-036d-441b-9b52-8d8b31a64731,54.29995,-132.93123,14.69485,5.54665,-4.06616,-9.24201,-1.95352,6.6224,-7.53664,,,,,,,,,,,,,,,,,,,,,,,,,,,,,,,,,,,,,,,,,,,,,,,,,,,High,High,High,,,,,,220.361044,-8.132289,2381.709501,0.989944,1:15,0.122336,-0.636449,-0.761555,-19.489163,-54.311008,-45.807625,162.372287,2.295068,0.302588,0.040046,-0.95228,2.408014,17.61311,0.040046,0.302588,0.95228,-2.408014,-17.61311,-0.040046,-0.302588,0.95228,-162.372287,-2.295068,-0.302588,-0.040046,-0.95228
94,2026-03-24,19:59:29.14,5,7,"Gregory, Billy",1000396783,Right,GRA_CAN,"Meyers, Roman",834679,Right,ARI_WIL,Undefined,3,Bottom,1,3,2,Fastball,Sinker,InPlay,Undefined,GroundBall,Single,0,2,,91.10557,-1.465855,-3.652249,2344.095443,229.66194,1:45,5.63039,2.0556,5.96428,-20.96497,13.14635,14.02642,2.52107,-0.16658,82.1616,-5.432791,-1.137129,0.420359,98.54508,-6.535979,-25.050377,,,,,21.60538,20.60019,-23.167771,0.144171,-8.36268,7.56898,-1.77346,50,5.50236,7.81506,-131.92512,-4.04679,-14.53118,31.74201,-19.02202,ARI_WIL,GRA_CAN,UArizona,D1,BIG12,20260324-UArizona-1,4280e800-27ee-11f1-8d4e-73b83eb2bf78,89.66718,2.37496,,8.94398,,,,1.08391,2.37496,0.27688,fcc4ca4f-6759-4024-9276-a76842dbcbc5,2026-03-25,01:59:29.14,2026-03-24T19:59:29.1484672-06:00,2026-03-25T01:59:29.1484672Z,GroundBall,v3,232,5310,4b3137947cb04fa1abe03d266626d88b,"Perez, Jaime",1000122545,Right,GRA_CAN,a39ef387-fdb6-4c85-a7cc-45f0bda03691,54.53349,-133.01144,15.87101,5.62971,-3.3958,-9.51101,-2.04943,8.31236,-7.26559,180,1.07996,130.25619,,,,,,,,2.37546,-16.47322,,,,,,,,0.27872,-60.87895,,,,,,,,,,,,,,,,,,,,,,,,,,,,,,High,High,High,Medium,Medium,,,,221.60723,-4.309129,2337.469093,0.997173,1:30,0.044369,-0.660005,-0.74995,-16.782509,-55.880836,-32.630083,155.230538,17.087899,0.400473,0.293838,-0.867917,18.703829,23.607744,0.293838,0.400473,0.867917,-18.703829,-23.607744,-0.293838,-0.400473,0.867917,-155.230538,-17.087899,-0.400473,-0.293838,-0.867917
95,2026-03-24,20:00:17.55,6,1,"Gregory, Billy",1000396783,Right,GRA_CAN,"Forbes, Jackson",815387,Left,ARI_WIL,Undefined,3,Bottom,1,0,0,ChangeUp,Changeup,FoulBallNotFieldable,Undefined,Undefined,Undefined,0,0,,81.47071,-1.057326,-4.527085,2435.182855,253.886835,2:30,5.54949,2.24805,6.22422,-34.21474,7.53284,21.40663,1.71951,-0.15387,74.63573,-7.42793,-0.670575,0.465037,29.27114,-23.575547,83.864804,,,,,7.62148,5.07632,55.514677,0.144257,-12.46682,4.57866,-1.91976,50,5.45302,8.5829,-118.12159,-3.19698,-17.59325,22.74513,-25.71259,ARI_WIL,GRA_CAN,UArizona,D1,BIG12,20260324-UArizona-1,5f5f8030-27ee-11f1-8d4e-73b83eb2bf78,81.05264,2.52921,,6.83498,,,,3.69581,2.52921,0.51944,fcc4ca4f-6759-4024-9276-a76842dbcbc5,2026-03-25,02:00:17.55,2026-03-24T20:00:17.5567872-06:00,2026-03-25T02:00:17.5567872Z,GroundBall,v3,232,5310,4b3137947cb04fa1abe03d266626d88b,"Perez, Jaime",1000122545,Right,GRA_CAN,49cb158d-d6c8-4034-8b30-8464f840886f,54.27767,-118.94243,11.37257,5.55165,-2.26905,-12.8563,-2.24096,9.21782,-8.79662,180,3.69375,4.29398,,,,,,,,2.53762,-17.53278,,,,,,,,0.50028,39.94756,,,,,,,,,,,,,,,,,,,,,,,,,,,,,,High,High,High,Low,Low,,,,247.220966,-26.897827,2171.731834,0.891815,2:15,0.438784,-0.813769,-0.381114,18.352802,2.490529,39.856072,116.611161,79.184537,0.167768,0.982237,-0.084053,85.108936,9.658098,0.982237,0.167768,0.084053,-85.108936,-9.658098,-0.982237,-0.167768,0.084053,-116.611161,-79.184537,-0.167768,-0.982237,-0.084053
96,2026-03-24,20:00:40.82,6,2,"Gregory, Billy",1000396783,Right,GRA_CAN,"Forbes, Jackson",815387,Left,ARI_WIL,Undefined,3,Bottom,1,0,1,ChangeUp,Changeup,FoulBallNotFieldable,Undefined,Undefined,Undefined,0,0,,81.30169,0.184399,-2.730809,2417.402912,248.969258,2:15,5.50282,2.18402,6.35996,-34.34935,7.45548,15.74658,2.81028,0.98111,73.99188,-6.258307,0.118909,0.465355,84.97488,52.259026,-41.629459,3393.126661,72.59894,112.41174,-82.63972,268.34993,109.2188,-54.549479,5.658126,-9.03977,4.23811,-1.99328,50,5.50022,5.06168,-118.04609,-0.60868,-12.65642,24.1026,-26.24035,ARI_WIL,GRA_CAN,UArizona,D1,BIG12,20260324-UArizona-1,6d43dde0-27ee-11f1-8d4e-73b83eb2bf78,80.99711,123.26689,,7.30981,,,,1.28712,2.43762,-0.82383,fcc4ca4f-6759-4024-9276-a76842dbcbc5,2026-03-25,02:00:40.82,2026-03-24T20:00:40.8296960-06:00,2026-03-25T02:00:40.8296960Z,FlyBall,v3,232,5310,4b3137947cb04fa1abe03d266626d88b,"Perez, Jaime",1000122545,Right,GRA_CAN,733519a7-6623-4acf-b706-6ca16cc16db5,54.13953,-118.88829,12.0513,5.50547,0.30822,-13.12017,-2.17787,5.50393,-6.32821,,1.30155,56.73524,-13.94563,2.26566,0.49419,-0.41222,0.10552,-0.01234,0.00055,2.42825,98.70035,-25.01535,3.10565,-0.69289,0.09321,0.0016,-0.00194,0.00015,-0.82179,-50.70781,4.32067,-0.73392,0.1213,-0.01949,0.0022,-0.0001,-0,,,,,,,,,,,,,,,,,,,,,,,High,High,High,High,Low,,,,245.799357,-24.867501,2193.267811,0.907283,2:15,0.399661,-0.828896,-0.391411,18.760953,-12.817989,36.972235,97.304029,74.706477,0.261624,0.964587,-0.033533,88.008938,15.166429,0.964587,0.261624,0.033533,-88.008938,-15.166429,-0.964587,-0.261624,0.033533,-97.304029,-74.706477,-0.261624,-0.964587,-0.033533
97,2026-03-24,20:01:11.41,6,3,"Gregory, Billy",1000396783,Right,GRA_CAN,"Forbes, Jackson",815387,Left,ARI_WIL,Undefined,3,Bottom,1,0,2,Fastball,Sinker,InPlay,Undefined,GroundBall,Out,1,0,,89.68081,-1.786424,-3.612412,2371.987674,229.685667,1:45,5.58866,2.28665,6.01106,-20.14867,14.3315,15.65556,2.25081,0.24027,82.42084,-5.573141,-0.802161,0.422626,87.01412,-23.596363,20.740972,,,,,5.91803,5.91803,15.244349,0.04314,-9.06567,8.1726,-2.01165,50,5.43708,7.58042,-130.13423,-4.69493,-15.63551,25.83876,-18.07877,ARI_WIL,GRA_CAN,UArizona,D1,BIG12,20260324-UArizona-1,7f772350-27ee-11f1-8d4e-73b83eb2bf78,89.1863,2.20826,,7.25997,,,,0.98204,2.20826,-0.23427,fcc4ca4f-6759-4024-9276-a76842dbcbc5,2026-03-25,02:01:11.41,2026-03-24T20:01:11.4163200-06:00,2026-03-25T02:01:11.4163200Z,GroundBall,v3,232,5310,4b3137947cb04fa1abe03d266626d88b,"Perez, Jaime",1000122545,Right,GRA_CAN,6003b179-db3a-43bd-8c6b-214b74c3473f,54.49033,-131.02278,12.91938,5.58784,-4.07324,-9.03939,-2.28157,8.11809,-7.81776,,0.98051,109.59156,,,,,,,,2.20898,-51.18857,,,,,,,,-0.23485,41.50078,,,,,,,,,,,,,,,,,,,,,,,,,,,,,,High,High,High,Estimated,Estimated,,,,225.948415,-8.493089,2345.975707,0.989034,1:30,0.126112,-0.705883,-0.697012,-14.338257,-57.161897,-42.080359,163.419525,12.373713,0.278733,0.214287,-0.936156,12.892949,16.184602,0.214287,0.278733,0.936156,-12.892949,-16.184602,-0.214287,-0.278733,0.936156,-163.419525,-12.373713,-0.278733,-0.214287,-0.936156
98,2026-03-24,20:01:58.97,7,1,"Gregory, Billy",1000396783,Right,GRA_CAN,"McEntire, Carson",806323,Right,ARI_WIL,Undefined,3,Bottom,2,0,0,ChangeUp,Changeup,BallCalled,Undefined,Undefined,Undefined,1,0,,81.93186,-1.986563,-4.615178,2295.708909,250.82,2:15,5.5079,2.04376,5.8104,-34.34289,7.44788,17.69714,0.79192,-0.7825,75.53532,-8.302481,-1.451753,0.465277,,,,,,,,,,,,-10.23729,4.73386,-1.67516,50,5.32401,8.88814,-118.67262,-5.23739,-14.67321,21.63071,-25.38895,ARI_WIL,GRA_CAN,UArizona,D1,BIG12,20260324-UArizona-1,9bdbf7a0-27ee-11f1-8d4e-73b83eb2bf78,81.01077,,,6.39654,,,,,,,fcc4ca4f-6759-4024-9276-a76842dbcbc5,2026-03-25,02:01:58.97,2026-03-24T20:01:58.9790000-06:00,2026-03-25T02:01:58.9790000Z,,v3,232,5310,4b3137947cb04fa1abe03d266626d88b,"Perez, Jaime",1000122545,Right,GRA_CAN,77829344-f656-49d0-b3d6-9ea4403ecd15,54.69006,-119.52443,10.81535,5.51057,-4.23758,-12.69448,-2.03655,9.46596,-7.3366,,,,,,,,,,,,,,,,,,,,,,,,,,,,,81.00025,,,1.224072,,,,-0.15777,5.12285,2.46546,127.28265,2.38069,4.87834,-0.03424,116.54538,-10.33597,5.15547,13.36762,-12.80061,2.40309,-2.28976,3.57014,High,High,High,,,High,High,High,243.427891,-19.789869,2160.125838,0.940941,2:00,0.332482,-0.829309,-0.449114,25.255465,20.185618,54.34478,125.350995,68.770664,0.295339,0.932139,-0.209506,77.332774,17.177843,0.932139,0.295339,0.209506,-77.332774,-17.177843,-0.932139,-0.295339,0.209506,-125.350995,-68.770664,-0.295339,-0.932139,-0.209506
99,2026-03-24,20:04:24.12,1,1,"Lafflam, Jack",1000292378,Right,ARI_WIL,"Scaldeferri, Billy",821907,Right,GRA_CAN,Undefined,4,Top,0,0,0,Fastball,Four-Seam,StrikeCalled,Undefined,Undefined,Undefined,0,0,,94.43122,-1.930257,-3.663735,2432.306628,197.191304,12:30,5.98137,2.1074,6.79923,-17.35237,12.96426,3.7189,2.76941,-0.93098,86.50343,-5.245431,-2.986887,0.396289,,,,,,,,,,,,-2.9702,7.68945,-1.87113,50,5.84933,8.62862,-137.05759,-5.0991,-5.6558,29.98744,-17.53183,ARI_WIL,GRA_CAN,UArizona,D1,BIG12,20260324-UArizona-1,f25432a0-27ee-11f1-8d4e-73b83eb2bf78,95.11357,,,7.92779,,,,,,,fcc4ca4f-6759-4024-9276-a76842dbcbc5,2026-03-25,02:04:24.12,2026-03-24T20:04:24.1249280-06:00,2026-03-25T02:04:24.1249280Z,,v3,232,5310,4b3137947cb04fa1abe03d266626d88b,"Meyers, Roman",834679,Right,ARI_WIL,dde43c3d-a62a-4d11-873f-5510b556922b,53.69927,-137.8646,14.99372,5.98021,-4.6273,-8.76592,-2.10538,8.78082,-2.8279,,,,,,,,,,,,,,,,,,,,,,,,,,,,,,,,,,,,,,,,,,,,,,,,,,,High,High,High,,,,,,213.667963,45.369835,1708.763066,0.702528,1:00,-0.734069,-0.413216,-0.538883,-8.769472,55.71154,20.230888,178.654856,-1.086194,0.023471,-0.018957,-0.999545,1.086494,-1.344903,0.018957,-0.023471,0.999545,-1.086494,1.344903,-0.018957,0.023471,0.999545,-178.654856,1.086194,-0.023471,0.018957,-0.999545
100,2026-03-24,20:04:41.20,1,2,"Lafflam, Jack",1000292378,Right,ARI_WIL,"Scaldeferri, Billy",821907,Right,GRA_CAN,Undefined,4,Top,0,0,1,Fastball,Four-Seam,BallCalled,Undefined,Undefined,Undefined,0,0,,94.96844,0.694107,-1.197795,2510.046459,193.793637,12:30,6.14738,2.05723,6.81015,-14.42973,15.48898,3.57236,5.57842,1.26182,86.50881,-2.110468,-0.545663,0.39368,,,,,,,,,,,,-2.1861,8.23559,-1.98073,50,6.18589,2.73386,-138.0567,1.33379,-4.21494,31.0194,-16.29522,ARI_WIL,GRA_CAN,UArizona,D1,BIG12,20260324-UArizona-1,fc83ecc0-27ee-11f1-8d4e-73b83eb2bf78,95.74394,,,8.45963,,,,,,,fcc4ca4f-6759-4024-9276-a76842dbcbc5,2026-03-25,02:04:41.20,2026-03-24T20:04:41.2049408-06:00,2026-03-25T02:04:41.2049408Z,,v3,232,5310,4b3137947cb04fa1abe03d266626d88b,"Meyers, Roman",834679,Right,ARI_WIL,f2d441fc-04c4-4519-966e-07cbbac81273,53.68424,-138.88203,15.5097,6.14463,1.76736,-8.14761,-2.05496,2.84601,-2.10747,,,,,,,,,,,,,,,,,,,,,,,,,,,,,,,,,,,,,,,,,,,,,,,,,,,High,High,High,,,,,,212.808773,46.131608,1739.472793,0.693004,1:00,-0.737447,-0.366734,-0.567167,-8.759006,57.64912,14.722469,177.292091,-0.860234,0.047239,-0.015013,-0.998771,0.861196,-2.707603,0.015013,-0.047239,0.998771,-0.861196,2.707603,-0.015013,0.047239,0.998771,-177.292091,0.860234,-0.047239,0.015013,-0.998771
101,2026-03-24,20:05:08.67,1,3,"Lafflam, Jack",1000292378,Right,ARI_WIL,"Scaldeferri, Billy",821907,Right,GRA_CAN,Undefined,4,Top,0,1,1,Slider,Slider,FoulBallNotFieldable,Undefined,Undefined,Undefined,0,0,,83.345,-0.743218,-2.238235,2714.251601,106.764109,9:30,5.51495,2.45406,6.40009,-34.57573,5.16681,-12.83284,1.9496,-0.67472,76.16733,-7.190211,-4.561301,0.453732,,,,,,,,,,,,6.00709,3.33059,-2.28813,50,5.44608,5.20597,-121.03377,-2.60171,8.83261,25.55912,-27.27689,ARI_WIL,GRA_CAN,UArizona,D1,BIG12,20260324-UArizona-1,0ce7a250-27ef-11f1-8d4e-73b83eb2bf78,83.07206,,,7.17767,,,,,,,fcc4ca4f-6759-4024-9276-a76842dbcbc5,2026-03-25,02:05:08.67,2026-03-24T20:05:08.6716416-06:00,2026-03-25T02:05:08.6716416Z,,v3,232,5310,4b3137947cb04fa1abe03d266626d88b,"Meyers, Roman",834679,Right,ARI_WIL,6e33957b-0bfa-42f3-b58d-900529a0d7cf,54.09856,-121.8962,12.77956,5.51834,-1.68131,-13.63844,-2.45877,4.90794,4.4163,,,,,,,,,,,,,,,,,,,,,,,,,,,,,,,,,,,,,,,,,,,,,,,,,,,High,High,High,,,,,,64.122939,73.625602,765.182187,0.281913,8:15,-0.95711,0.24118,0.160541,2.294552,6.229544,38.898625,94.601747,-37.379222,0.792073,-0.607088,-0.063753,84.005085,-52.379686,0.607088,-0.792073,0.063753,-84.005085,52.379686,-0.607088,0.792073,0.063753,-94.601747,37.379222,-0.792073,0.607088,-0.063753
102,2026-03-24,20:05:32.71,1,4,"Lafflam, Jack",1000292378,Right,ARI_WIL,"Scaldeferri, Billy",821907,Right,GRA_CAN,Undefined,4,Top,0,1,2,Curveball,Curveball,FoulBallNotFieldable,Undefined,Undefined,Undefined,0,0,,80.648,0.956818,-1.105968,2914.289136,35.525505,7:15,5.88985,1.98642,6.3018,-57.08877,-13.97587,-11.09512,2.01425,0.04273,73.00821,-9.587317,-3.117805,0.47258,81.29228,-46.582921,-77.611109,,,,,4.31221,3.50221,-31.773593,0.030506,5.41685,-7.23674,-1.90001,50,5.9331,2.66096,-117.12234,0.16417,7.34065,27.15307,-41.98089,ARI_WIL,GRA_CAN,UArizona,D1,BIG12,20260324-UArizona-1,1b3c4e00-27ef-11f1-8d4e-73b83eb2bf78,79.75892,2.64954,,7.63978,,,,3.12808,2.64954,0.17802,fcc4ca4f-6759-4024-9276-a76842dbcbc5,2026-03-25,02:05:32.71,2026-03-24T20:05:32.7120000-06:00,2026-03-25T02:05:32.7120000Z,GroundBall,v3,232,5310,4b3137947cb04fa1abe03d266626d88b,"Meyers, Roman",834679,Right,ARI_WIL,34e5343a-ae65-46c4-92ed-0dcf37651502,54.20007,-118.09205,13.57654,5.90047,1.66342,-20.99045,-1.99036,2.39881,3.67032,,3.12783,17.63186,,,,,,,,2.65077,-86.85337,,,,,,,,0.17914,-80.2685,,,,,,,,,,,,,,,,,,,,,,,,,,,,,,High,High,High,Low,Low,,,,28.281065,20.645414,2727.134549,0.93578,7:00,-0.32916,0.449196,0.830588,38.875049,23.62716,15.751112,103.72996,-30.749339,0.834855,-0.511283,-0.203978,68.250301,-56.600714,0.511283,-0.834855,0.203978,-68.250301,56.600714,-0.511283,0.834855,0.203978,-103.72996,30.749339,-0.834855,0.511283,-0.203978
103,2026-03-24,20:06:03.17,1,5,"Lafflam, Jack",1000292378,Right,ARI_WIL,"Scaldeferri, Billy",821907,Right,GRA_CAN,Undefined,4,Top,0,1,2,Fastball,Four-Seam,InPlay,Undefined,GroundBall,Single,0,0,,95.20135,-2.537602,-3.352355,2567.218002,193.24447,12:30,5.91061,1.92771,6.94521,-15.30379,14.29477,3.15177,2.32034,-0.86412,87.41679,-5.47847,-2.776796,0.391567,102.71623,-0.403917,18.115897,2580.578052,,,,47.49161,44.57769,18.997542,0.319752,-2.6,8.60619,-1.72005,50,5.74685,7.98051,-138.25427,-6.52791,-5.04492,30.10088,-15.47493,ARI_WIL,GRA_CAN,UArizona,D1,BIG12,20260324-UArizona-1,2d58d720-27ef-11f1-8d4e-73b83eb2bf78,96.2604,2.12509,,7.78457,,,,1.69857,2.12509,0.7584,fcc4ca4f-6759-4024-9276-a76842dbcbc5,2026-03-25,02:06:03.17,2026-03-24T20:06:03.1700992-06:00,2026-03-25T02:06:03.1700992Z,GroundBall,v3,232,5310,4b3137947cb04fa1abe03d266626d88b,"Meyers, Roman",834679,Right,ARI_WIL,262a4177-19bf-44db-81a2-f750bc31df22,53.55534,-139.02619,15.05044,5.90916,-6.13107,-7.73747,-1.92636,8.10988,-2.52246,291.049102,1.70642,142.85087,-24.31404,,,,,,,2.12846,-1.20289,-17.08778,,,,,,,0.75831,46.84612,-2.71468,,,,,,,,,,,,,,,,,,,,,,,,,,,,,High,High,High,High,High,,,,217.607025,46.769332,1758.383096,0.684937,1:15,-0.739898,-0.449827,-0.500207,7.765804,64.333904,44.259652,175.10273,3.464085,0.085213,0.060423,-0.994529,3.476747,4.888301,0.060423,0.085213,0.994529,-3.476747,-4.888301,-0.060423,-0.085213,0.994529,-175.10273,-3.464085,-0.085213,-0.060423,-0.994529
104,2026-03-24,20:06:39.06,2,1,"Lafflam, Jack",1000292378,Right,ARI_WIL,"Peery, Cannon",821900,Right,GRA_CAN,Undefined,4,Top,0,0,0,Slider,Slider,StrikeCalled,Undefined,Undefined,Undefined,0,0,,83.21645,1.211538,-1.917035,2731.370128,64.916821,8:15,5.54324,2.38703,6.32425,-42.75235,-2.71437,-8.643,3.0971,-0.09935,75.73734,-6.732579,-3.480038,0.455415,,,,,,,,,,,,3.87878,-1.33673,-2.2433,50,5.61216,4.37331,-120.83515,1.20316,5.67467,25.85077,-34.12972,ARI_WIL,GRA_CAN,UArizona,D1,BIG12,20260324-UArizona-1,42cb1af0-27ef-11f1-8d4e-73b83eb2bf78,82.76501,,,7.47911,,,,,,,fcc4ca4f-6759-4024-9276-a76842dbcbc5,2026-03-25,02:06:39.06,2026-03-24T20:06:39.0641152-06:00,2026-03-25T02:06:39.0641152Z,,v3,232,5310,4b3137947cb04fa1abe03d266626d88b,"Meyers, Roman",834679,Right,ARI_WIL,00d9c8b7-3dc6-4267-a5c0-f571dd393b5a,54.17459,-121.72497,12.92538,5.55053,2.37794,-17.06486,-2.39047,4.17798,2.83734,,,,,,,,,,,,,,,,,,,,,,,,,,,,,,,,,,,,,,,,,,,,,,,,,,,High,High,High,,,,,,60.899122,66.866062,1073.10586,0.392882,8:00,-0.905223,0.362653,0.221483,2.161525,-12.155601,31.213103,111.418671,-31.748991,0.791633,-0.526199,-0.310535,59.453114,-52.338367,0.526199,-0.791633,0.310535,-59.453114,52.338367,-0.526199,0.791633,0.310535,-111.418671,31.748991,-0.791633,0.526199,-0.310535
105,2026-03-24,20:06:58.75,2,2,"Lafflam, Jack",1000292378,Right,ARI_WIL,"Peery, Cannon",821900,Right,GRA_CAN,Undefined,4,Top,0,0,1,Curveball,Curveball,StrikeSwinging,Undefined,Undefined,Undefined,0,0,,79.31684,0.357995,-0.932054,2849.852001,35.117225,7:15,5.72296,2.00986,6.46825,-58.7581,-14.5354,-11.3343,1.1553,0.20923,72.08419,-10.504119,-2.996237,0.478623,,,,,,,,,,,,5.61103,-7.26918,-1.93952,50,5.72328,2.27261,-115.25898,-1.06073,7.37143,26.09409,-41.72384,ARI_WIL,GRA_CAN,UArizona,D1,BIG12,20260324-UArizona-1,4e87ddb0-27ef-11f1-8d4e-73b83eb2bf78,78.75175,,,7.23265,,,,,,,fcc4ca4f-6759-4024-9276-a76842dbcbc5,2026-03-25,02:06:58.75,2026-03-24T20:06:58.7547136-06:00,2026-03-25T02:06:58.7547136Z,,v3,232,5310,4b3137947cb04fa1abe03d266626d88b,"Meyers, Roman",834679,Right,ARI_WIL,262ed829-5fac-487a-b7ce-a8dde3eb73ae,54.03363,-116.16858,13.04705,5.73491,0.39371,-20.86192,-2.01427,2.01565,3.68572,,,,,,,,,,,,,,,,,,,,,,,,,,,,,,,,,,,,,,,,,,,,,,,,,,,High,High,High,,,,,,26.64284,17.680939,2715.232324,0.952763,7:00,-0.287148,0.429134,0.856382,41.649595,23.453292,15.479144,104.133509,-29.322503,0.845485,-0.489725,-0.212897,66.504095,-57.723908,0.489725,-0.845485,0.212897,-66.504095,57.723908,-0.489725,0.845485,0.212897,-104.133509,29.322503,-0.845485,0.489725,-0.212897
106,2026-03-24,20:07:23.47,2,3,"Lafflam, Jack",1000292378,Right,ARI_WIL,"Peery, Cannon",821900,Right,GRA_CAN,Undefined,4,Top,0,0,2,Curveball,Curveball,FoulBallNotFieldable,Undefined,Undefined,Undefined,0,0,,79.21318,0.698036,-1.128306,2829.047468,30.576435,7:00,5.82239,2.13822,6.41351,-57.94932,-13.43052,-8.89524,1.6352,0.35947,71.75136,-10.025482,-2.745467,0.480223,,,,,,,,,,,,4.2754,-6.8741,-2.05369,50,5.84647,2.57609,-115.05842,-0.34765,5.58733,26.34568,-41.15752,ARI_WIL,GRA_CAN,UArizona,D1,BIG12,20260324-UArizona-1,5d5cdcf0-27ef-11f1-8d4e-73b83eb2bf78,78.48942,,,7.46181,,,,,,,fcc4ca4f-6759-4024-9276-a76842dbcbc5,2026-03-25,02:07:23.47,2026-03-24T20:07:23.4793472-06:00,2026-03-25T02:07:23.4793472Z,,v3,232,5310,4b3137947cb04fa1abe03d266626d88b,"Meyers, Roman",834679,Right,ARI_WIL,f4c312f5-1ce9-40f3-9790-5360b2cf2488,54.08814,-115.99073,13.17284,5.833,1.10882,-20.57876,-2.14135,2.37836,2.79367,,,,,,,,,,,,,,,,,,,,,,,,,,,,,,,,,,,,,,,,,,,,,,,,,,,High,High,High,,,,,,26.601854,13.776535,2747.661108,0.971232,7:00,-0.215674,0.437775,0.872833,48.828155,23.462366,11.70373,99.029559,-27.355094,0.877169,-0.459504,-0.139394,73.124441,-61.302734,0.459504,-0.877169,0.139394,-73.124441,61.302734,-0.459504,0.877169,0.139394,-99.029559,27.355094,-0.877169,0.459504,-0.139394
107,2026-03-24,20:07:48.47,2,4,"Lafflam, Jack",1000292378,Right,ARI_WIL,"Peery, Cannon",821900,Right,GRA_CAN,Undefined,4,Top,0,0,2,Slider,Slider,BallCalled,Undefined,Undefined,Undefined,0,0,,84.76764,-0.60931,-2.093091,2797.900565,74.897359,8:30,5.44345,2.56756,6.52724,-41.07593,-2.71524,-14.80835,1.46108,-0.58753,77.37307,-8.23767,-4.783251,0.445774,,,,,,,,,,,,7.10087,-0.83563,-2.41634,50,5.38404,5.047,-123.14212,-2.57898,10.75554,27.54878,-33.43978,ARI_WIL,GRA_CAN,UArizona,D1,BIG12,20260324-UArizona-1,6c2a1400-27ef-11f1-8d4e-73b83eb2bf78,84.55507,,,7.39458,,,,,,,fcc4ca4f-6759-4024-9276-a76842dbcbc5,2026-03-25,02:07:48.47,2026-03-24T20:07:48.4773376-06:00,2026-03-25T02:07:48.4773376Z,,v3,232,5310,4b3137947cb04fa1abe03d266626d88b,"Meyers, Roman",834679,Right,ARI_WIL,b9e188a0-5905-4f77-b5db-b26f5aa1c469,53.97274,-124.02769,13.77439,5.44966,-1.50403,-16.71989,-2.57303,4.70125,5.37777,,,,,,,,,,,,,,,,,,,,,,,,,,,,,,,,,,,,,,,,,,,,,,,,,,,High,High,High,,,,,,55.380724,66.262192,1126.300217,0.402552,7:45,-0.909902,0.321525,0.262105,13.946978,-1.979977,23.67388,99.518083,-44.037138,0.708993,-0.695124,-0.118875,80.2956,-45.153023,0.695124,-0.708993,0.118875,-80.2956,45.153023,-0.695124,0.708993,0.118875,-99.518083,44.037138,-0.708993,0.695124,-0.118875
108,2026-03-24,20:08:08.14,2,5,"Lafflam, Jack",1000292378,Right,ARI_WIL,"Peery, Cannon",821900,Right,GRA_CAN,Undefined,4,Top,0,1,2,Slider,Slider,InPlay,Undefined,FlyBall,HomeRun,0,2,,83.19944,0.226836,-2.044344,2811.279866,80.5035,8:45,5.39472,2.67169,6.27598,-41.06609,-1.10957,-14.19765,2.18178,-0.3967,76.23332,-7.376482,-4.609417,0.454952,95.90163,38.67976,-28.476202,4075.171556,95.2227,79.18188,-55.06825,365.60788,291.81557,-35.341496,5.650097,6.81847,-0.3074,-2.51382,50,5.39156,4.8355,-120.89782,-0.80101,10.0209,25.11394,-32.62584,ARI_WIL,GRA_CAN,UArizona,D1,BIG12,20260324-UArizona-1,77dfd1e0-27ef-11f1-8d4e-73b83eb2bf78,82.84934,111.42615,,6.96613,,,,2.69328,1.93129,0.41683,fcc4ca4f-6759-4024-9276-a76842dbcbc5,2026-03-25,02:08:08.14,2026-03-24T20:08:08.1463296-06:00,2026-03-25T02:08:08.1463296Z,FlyBall,v3,232,5310,4b3137947cb04fa1abe03d266626d88b,"Meyers, Roman",834679,Right,ARI_WIL,7ef650df-3c04-41cc-97d2-1f6432cbe155,54.22526,-121.77236,12.55697,5.39967,0.33512,-16.31292,-2.67614,4.48654,5.01045,,2.69702,96.44133,-19.7014,4.2852,-0.58446,0.0188,0.00764,-0.00109,4E-05,1.9315,87.90067,-21.01717,1.99367,-0.36069,0.03289,0.00425,-0.00123,8E-05,0.41531,-52.32875,5.63311,-1.0451,0.15623,-0.02044,0.00308,-0.00039,2E-05,,,,,,,,,,,,,,,,,,,,,,,High,High,High,High,Medium,,,,49.040419,61.430198,1344.435702,0.478229,7:45,-0.865057,0.364619,0.34457,25.868703,-9.33325,23.239661,97.516034,-35.901386,0.803068,-0.586392,-0.105955,79.757796,-53.424076,0.586392,-0.803068,0.105955,-79.757796,53.424076,-0.586392,0.803068,0.105955,-97.516034,35.901386,-0.803068,0.586392,-0.105955
109,2026-03-24,20:08:54.44,3,1,"Lafflam, Jack",1000292378,Right,ARI_WIL,"Schmidt, Trevor",808755,Left,GRA_CAN,Undefined,4,Top,0,0,0,Fastball,Four-Seam,BallCalled,Undefined,Undefined,Undefined,0,0,,94.77118,-0.346883,-0.650405,2623.908003,185.157683,12:15,5.88486,2.24872,6.77175,-16.04548,13.98217,1.1778,4.23097,1.75294,86.57656,-3.437693,-0.43547,0.394395,,,,,,,,,,,,-0.80035,7.77134,-2.20668,50,5.85573,1.51733,-137.86214,-1.25639,-1.53973,30.75541,-17.22331,ARI_WIL,GRA_CAN,UArizona,D1,BIG12,20260324-UArizona-1,93756f50-27ef-11f1-8d4e-73b83eb2bf78,95.57016,,,8.19461,,,,,,,fcc4ca4f-6759-4024-9276-a76842dbcbc5,2026-03-25,02:08:54.44,2026-03-24T20:08:54.4449536-06:00,2026-03-25T02:08:54.4449536Z,,v3,232,5310,4b3137947cb04fa1abe03d266626d88b,"Meyers, Roman",834679,Right,ARI_WIL,9a19c041-d27e-471b-8e14-916ee34b194d,53.72595,-138.69087,15.3777,5.88333,-0.7923,-8.61165,-2.24812,1.55882,-0.76987,,,,,,,,,,,,,,,,,,,,,,,,,,,,,,,,,,,,,,,,,,,,,,,,,,,High,High,High,,,,,,216.839536,52.335048,1603.320431,0.611043,1:15,-0.794865,-0.371152,-0.480037,-45.803776,55.700681,-27.695832,174.424474,1.252947,0.097135,0.021866,-0.995031,1.258901,5.574188,0.021866,0.097135,0.995031,-1.258901,-5.574188,-0.021866,-0.097135,0.995031,-174.424474,-1.252947,-0.097135,-0.021866,-0.995031
110,2026-03-24,20:09:42.10,3,2,"Lafflam, Jack",1000292378,Right,ARI_WIL,"Schmidt, Trevor",808755,Left,GRA_CAN,Undefined,4,Top,0,1,0,Fastball,Four-Seam,InPlay,Undefined,GroundBall,Error,0,0,,92.62884,-1.668929,-2.845113,2580.345182,186.346326,12:15,5.52643,2.42686,6.94932,-18.51214,12.50961,1.29315,2.46267,-0.05666,85.56461,-5.195134,-2.608755,0.400871,82.62727,2.575108,6.565253,1200.116697,,,,55.69281,54.74293,6.598727,0.479266,-1.41736,7.38784,-2.25046,50,5.41595,6.64906,-134.72488,-4.4214,-2.62736,26.92543,-18.47942,ARI_WIL,GRA_CAN,UArizona,D1,BIG12,20260324-UArizona-1,afdc1860-27ef-11f1-8d4e-73b83eb2bf78,94.0264,2.40573,,7.06423,,,,1.1703,2.05624,-0.01635,fcc4ca4f-6759-4024-9276-a76842dbcbc5,2026-03-25,02:09:42.10,2026-03-24T20:09:42.1092864-06:00,2026-03-25T02:09:42.1092864Z,GroundBall,v3,232,5310,4b3137947cb04fa1abe03d266626d88b,"Meyers, Roman",834679,Right,ARI_WIL,31aaa5de-3bd2-4a53-abae-64b18d8d0f7a,53.55195,-135.43289,13.46272,5.52583,-3.93547,-9.23971,-2.4262,6.71815,-1.31368,349.177673,1.18034,119.98883,-14.68246,,,,,,,2.06812,5.11229,-19.7197,,,,,,,-0.0162,13.83787,-0.94044,,,,,,,,,,,,,,,,,,,,,,,,,,,,,High,High,High,High,High,,,,225.353874,61.067052,1248.334192,0.483786,1:30,-0.8806,-0.369538,-0.296625,-64.412972,60.765266,-42.970413,176.14519,3.651154,0.067092,0.063682,-0.995712,3.65941,3.846974,0.063682,0.067092,0.995712,-3.65941,-3.846974,-0.063682,-0.067092,0.995712,-176.14519,-3.651154,-0.067092,-0.063682,-0.995712
111,2026-03-24,20:10:22.12,4,1,"Lafflam, Jack",1000292378,Right,ARI_WIL,"Ohland, Carson",814703,Left,GRA_CAN,Undefined,4,Top,0,0,0,Fastball,Four-Seam,InPlay,Undefined,FlyBall,Out,1,0,,92.1222,-1.226157,-3.636365,2513.01009,194.782016,12:30,5.42246,2.65648,6.78288,-17.70367,14.0893,3.46264,2.82532,-0.37921,84.49897,-4.612808,-3.00643,0.405823,78.95075,44.846186,-3.730778,,108.91068,89.57537,-15.44211,263.53216,226.25264,-13.015312,5.158058,-2.82839,8.10473,-2.421,50,5.3356,8.37305,-133.79642,-3.33766,-5.1399,28.19032,-17.44573,ARI_WIL,GRA_CAN,UArizona,D1,BIG12,20260324-UArizona-1,c7b39c60-27ef-11f1-8d4e-73b83eb2bf78,92.87896,97.9734,,7.62323,,,,1.25259,2.53694,0.39229,fcc4ca4f-6759-4024-9276-a76842dbcbc5,2026-03-25,02:10:22.12,2026-03-24T20:10:22.1280768-06:00,2026-03-25T02:10:22.1280768Z,FlyBall,v3,232,5310,4b3137947cb04fa1abe03d266626d88b,"Meyers, Roman",834679,Right,ARI_WIL,8ae15e19-6a4d-40e3-86fd-2d340308ab7c,53.71717,-134.57733,14.09516,5.42137,-2.85438,-8.72286,-2.65491,8.51543,-2.56995,159.672379,1.25708,81.82759,-15.87865,3.33544,-0.21441,-0.09761,0.02992,-0.00335,0.00013,2.53537,81.6863,-20.06538,1.59003,-0.2506,-0.0085,0.01638,-0.0031,0.00018,0.3933,-5.36506,-3.40583,0.81702,-0.07297,-0.01849,0.00672,-0.00081,4E-05,,,,,,,,,,,,,,,,,,,,,,,High,High,High,High,Medium,,,,222.459586,52.07059,1544.722554,0.61469,1:30,-0.806901,-0.431743,-0.403125,14.747474,66.821279,49.854199,177.910637,5.074069,0.036315,0.088443,-0.995419,5.077427,2.081171,0.088443,0.036315,0.995419,-5.077427,-2.081171,-0.088443,-0.036315,0.995419,-177.910637,-5.074069,-0.036315,-0.088443,-0.995419
112,2026-03-24,20:11:04.42,5,1,"Lafflam, Jack",1000292378,Right,ARI_WIL,"Bianchina, Vince",812437,Left,GRA_CAN,Undefined,4,Top,1,0,0,Slider,Slider,StrikeCalled,Undefined,Undefined,Undefined,0,0,,82.78591,1.344301,-0.343695,2722.740922,94.593437,9:15,5.31835,2.51939,6.22261,-37.86333,2.70658,-16.86052,3.40373,0.79721,75.23775,-5.717615,-3.388755,0.45843,,,,,,,,,,,,8.56961,1.43362,-2.48597,50,5.40053,1.37143,-120.2437,1.64073,12.41962,25.51878,-30.09636,ARI_WIL,GRA_CAN,UArizona,D1,BIG12,20260324-UArizona-1,e0f25180-27ef-11f1-8d4e-73b83eb2bf78,82.22065,,,7.54817,,,,,,,fcc4ca4f-6759-4024-9276-a76842dbcbc5,2026-03-25,02:11:04.42,2026-03-24T20:11:04.4279296-06:00,2026-03-25T02:11:04.4279296Z,,v3,232,5310,4b3137947cb04fa1abe03d266626d88b,"Meyers, Roman",834679,Right,ARI_WIL,bbbc4dbf-66fe-4bdc-9ef8-ac00abcad9a7,54.27589,-121.14776,12.75939,5.32352,2.70695,-15.04818,-2.52676,0.93144,6.20981,,,,,,,,,,,,,,,,,,,,,,,,,,,,,,,,,,,,,,,,,,,,,,,,,,,High,High,High,,,,,,57.142931,65.432339,1132.027295,0.415768,8:00,-0.899658,0.370496,0.230973,0.920665,7.168503,29.806152,100.439371,-38.372619,0.771013,-0.620773,-0.142055,77.110609,-50.44494,0.620773,-0.771013,0.142055,-77.110609,50.44494,-0.620773,0.771013,0.142055,-100.439371,38.372619,-0.771013,0.620773,-0.142055
113,2026-03-24,20:11:24.74,5,2,"Lafflam, Jack",1000292378,Right,ARI_WIL,"Bianchina, Vince",812437,Left,GRA_CAN,Undefined,4,Top,1,0,1,Fastball,Four-Seam,BallCalled,Undefined,Undefined,Undefined,0,0,,93.41783,-2.904568,-3.499389,2614.292847,188.090647,12:15,5.62203,2.34622,6.87841,-18.19229,12.66501,1.66618,1.45194,-0.7078,85.88094,-6.365206,-3.195544,0.399807,,,,,,,,,,,,-1.83228,7.81859,-2.12483,50,5.43076,8.22689,-135.5653,-7.37971,-3.41916,28.87533,-17.58412,ARI_WIL,GRA_CAN,UArizona,D1,BIG12,20260324-UArizona-1,ed068310-27ef-11f1-8d4e-73b83eb2bf78,94.27659,,,7.53689,,,,,,,fcc4ca4f-6759-4024-9276-a76842dbcbc5,2026-03-25,02:11:24.74,2026-03-24T20:11:24.7429632-06:00,2026-03-25T02:11:24.7429632Z,,v3,232,5310,4b3137947cb04fa1abe03d266626d88b,"Meyers, Roman",834679,Right,ARI_WIL,8baf5441-3a5d-4155-8a90-2cdf4f80777d,53.62104,-136.33439,14.43766,5.62108,-6.91136,-8.79206,-2.34516,8.31796,-1.70958,,,,,,,,,,,,,,,,,,,,,,,,,,,,,,,,,,,,,,,,,,,,,,,,,,,High,High,High,,,,,,217.922652,53.657051,1549.274732,0.592617,1:15,-0.813062,-0.404569,-0.418634,-26.574717,69.683432,-3.939046,173.072439,-1.014143,0.120595,-0.017699,-0.992544,1.021599,-6.926471,0.017699,-0.120595,0.992544,-1.021599,6.926471,-0.017699,0.120595,0.992544,-173.072439,1.014143,-0.120595,0.017699,-0.992544
114,2026-03-24,20:11:44.78,5,3,"Lafflam, Jack",1000292378,Right,ARI_WIL,"Bianchina, Vince",812437,Left,GRA_CAN,Undefined,4,Top,1,1,1,Fastball,Four-Seam,InPlay,Undefined,GroundBall,Out,2,0,,92.4155,-1.310932,-3.126926,2453.490531,194.117003,12:30,5.72071,2.62055,7.26747,-19.56702,11.28434,2.61295,2.90243,0.00724,85.17912,-5.057291,-2.64658,0.399769,65.65513,-13.889189,2.724993,,,,,12.02695,12.02695,1.873465,0.11033,-2.24158,6.72453,-2.44421,50,5.64057,7.25636,-134.44521,-3.56666,-4.1266,27.56702,-19.79459,ARI_WIL,GRA_CAN,UArizona,D1,BIG12,20260324-UArizona-1,f8fb93e0-27ef-11f1-8d4e-73b83eb2bf78,94.28566,2.5191,,7.23638,,,,1.88024,2.5191,-0.07341,fcc4ca4f-6759-4024-9276-a76842dbcbc5,2026-03-25,02:11:44.78,2026-03-24T20:11:44.7819776-06:00,2026-03-25T02:11:44.7819776Z,GroundBall,v3,232,5310,4b3137947cb04fa1abe03d266626d88b,"Meyers, Roman",834679,Right,ARI_WIL,a3967430-0834-4736-9b06-f7a29b95b346,53.23387,-135.10666,13.78351,5.72045,-3.0917,-9.89729,-2.6195,7.35538,-2.0633,175.024252,1.8804,93.3543,-13.12784,,,,,,,2.51889,-23.09015,2.36953,,,,,,,-0.07337,4.44035,-1.92007,,,,,,,,,,,,,,,,,,,,,,,,,,,,,High,High,High,High,High,,,,223.386601,54.509767,1424.408687,0.580564,1:30,-0.826694,-0.417323,-0.377384,-64.521407,43.275445,-51.463847,173.011168,-1.460226,0.121636,-0.025483,-0.992248,1.471152,-6.986552,0.025483,-0.121636,0.992248,-1.471152,6.986552,-0.025483,0.121636,0.992248,-173.011168,1.460226,-0.121636,0.025483,-0.992248
115,2026-03-24,20:14:44.70,1,1,"Penzkover, Gunnar",830833,Right,GRA_CAN,"McEntire, Carson",806323,Right,ARI_WIL,Undefined,4,Bottom,0,0,0,Fastball,Four-Seam,InPlay,Undefined,Bunt,Out,1,0,,91.13,-0.865544,-2.815804,2328.407422,215.862044,1:15,5.76323,1.93778,5.45771,-15.11521,19.14977,13.04351,3.69238,0.38683,83.03465,-3.741729,-0.497351,0.421305,,,,,,,,,,,,-7.38827,10.2326,-1.69881,50,5.67693,5.9123,-132.16321,-2.47027,-13.05776,28.3693,-14.08929,ARI_WIL,GRA_CAN,UArizona,D1,BIG12,20260324-UArizona-1,6436e6f0-27f0-11f1-8d4e-73b83eb2bf78,89.46592,,,8.09535,,,,,,,fcc4ca4f-6759-4024-9276-a76842dbcbc5,2026-03-25,02:14:44.70,2026-03-24T20:14:44.7014400-06:00,2026-03-25T02:14:44.7014400Z,,v3,232,5310,4b3137947cb04fa1abe03d266626d88b,"Perez, Jaime",1000122545,Right,GRA_CAN,0fc52a31-05b3-4fda-8651-7b746ea4b47e,55.04182,-133.24106,14.18465,5.76061,-1.93497,-7.04465,-1.93286,6.40842,-6.52888,,,,,,,,,,,,,,,,,,,,,,,,,,,,,,,,,,,,,,,,,,,,,,,,,,,High,High,High,,,,,,219.870995,-1.374381,2327.737573,0.999712,1:15,-0.004069,-0.640441,-0.767996,-21.214094,21.444343,46.901714,170.94165,4.829866,0.156881,0.084197,-0.984022,4.890569,9.025916,0.084197,0.156881,0.984022,-4.890569,-9.025916,-0.084197,-0.156881,0.984022,-170.94165,-4.829866,-0.156881,-0.084197,-0.984022
116,2026-03-24,20:15:23.81,2,1,"Penzkover, Gunnar",830833,Right,GRA_CAN,"Meurant, Mathis",830238,Right,ARI_WIL,Undefined,4,Bottom,1,0,0,Fastball,Four-Seam,BallCalled,Undefined,Undefined,Undefined,0,0,,91.39316,1.767053,-1.659375,2387.025633,218.865586,1:15,5.84419,1.94266,5.6161,-17.09469,16.73706,12.63824,6.07005,1.44671,83.17897,-1.473776,0.595491,0.418633,,,,,,,,,,,,-6.79709,8.27497,-1.80896,50,5.98421,3.2585,-132.59476,3.55582,-12.10331,28.29595,-17.43913,ARI_WIL,GRA_CAN,UArizona,D1,BIG12,20260324-UArizona-1,7b85da00-27f0-11f1-8d4e-73b83eb2bf78,90.03693,,,8.21419,,,,,,,fcc4ca4f-6759-4024-9276-a76842dbcbc5,2026-03-25,02:15:23.81,2026-03-24T20:15:23.8112768-06:00,2026-03-25T02:15:23.8112768Z,,v3,232,5310,4b3137947cb04fa1abe03d266626d88b,"Perez, Jaime",1000122545,Right,GRA_CAN,44b363d9-40ba-45b9-a05d-9078a89fa33b,54.88096,-133.63231,14.14797,5.8421,4.19527,-8.71956,-1.93657,3.7023,-6.05165,,,,,,,,,,,,,,,,,,,,,,,,,,,,,,,,,,,,,,,,,,,,,,,,,,,High,High,High,,,,,,218.502715,1.103741,2386.582736,0.999814,1:15,-0.061088,-0.621546,-0.780992,-18.047238,12.788191,30.450749,169.051778,12.646386,0.185314,0.218933,-0.957981,12.873084,10.679456,0.218933,0.185314,0.957981,-12.873084,-10.679456,-0.218933,-0.185314,0.957981,-169.051778,-12.646386,-0.185314,-0.218933,-0.957981
117,2026-03-24,20:15:39.63,2,2,"Penzkover, Gunnar",830833,Right,GRA_CAN,"Meurant, Mathis",830238,Right,ARI_WIL,Undefined,4,Bottom,1,1,0,Fastball,Four-Seam,StrikeCalled,Undefined,Undefined,Undefined,0,0,,90.69564,-1.546594,-2.269788,2305.716824,209.352164,1:00,5.71958,2.09918,5.684,-15.4715,18.79485,9.95166,2.9872,0.81166,82.79726,-4.491933,-0.492242,0.421314,,,,,,,,,,,,-5.6615,10.29083,-1.91426,50,5.57966,4.7714,-131.57999,-4.01483,-9.92889,27.82734,-14.12637,ARI_WIL,GRA_CAN,UArizona,D1,BIG12,20260324-UArizona-1,84f5c690-27f0-11f1-8d4e-73b83eb2bf78,89.46408,,,7.89838,,,,,,,fcc4ca4f-6759-4024-9276-a76842dbcbc5,2026-03-25,02:15:39.63,2026-03-24T20:15:39.6313600-06:00,2026-03-25T02:15:39.6313600Z,,v3,232,5310,4b3137947cb04fa1abe03d266626d88b,"Perez, Jaime",1000122545,Right,GRA_CAN,5ce6d7b9-c3f4-4002-a157-82d1a7c2a366,54.81393,-132.59416,13.91367,5.7166,-3.5,-7.06319,-2.09474,5.13326,-4.96445,,,,,,,,,,,,,,,,,,,,,,,,,,,,,,,,,,,,,,,,,,,,,,,,,,,High,High,High,,,,,,220.766079,2.092639,2304.179126,0.999333,1:15,-0.048851,-0.653285,-0.755535,-19.609788,14.033917,38.574808,165.36132,9.797797,0.249036,0.170172,-0.953427,10.119828,14.420504,0.170172,0.249036,0.953427,-10.119828,-14.420504,-0.170172,-0.249036,0.953427,-165.36132,-9.797797,-0.249036,-0.170172,-0.953427
118,2026-03-24,20:15:56.08,2,3,"Penzkover, Gunnar",830833,Right,GRA_CAN,"Meurant, Mathis",830238,Right,ARI_WIL,Undefined,4,Bottom,1,1,1,ChangeUp,Changeup,InPlay,Undefined,GroundBall,Out,1,0,,83.50162,0.507774,-3.310409,1596.562385,240.029299,2:00,5.42415,2.4976,5.61495,-31.33025,9.00449,13.51914,3.28802,0.53107,76.71541,-5.277748,-0.901284,0.4571,96.0401,-2.562878,22.547161,3917.494491,,,,39.28878,37.04552,20.729604,0.277183,-7.76713,4.78095,-2.22378,50,5.44727,6.46846,-121.17838,0.03289,-11.61598,22.39704,-25.02399,ARI_WIL,GRA_CAN,UArizona,D1,BIG12,20260324-UArizona-1,8ec7a940-27f0-11f1-8d4e-73b83eb2bf78,82.46,3.09396,,6.7862,,,,2.08632,3.09396,-0.72446,fcc4ca4f-6759-4024-9276-a76842dbcbc5,2026-03-25,02:15:56.08,2026-03-24T20:15:56.0863232-06:00,2026-03-25T02:15:56.0863232Z,GroundBall,v3,232,5310,4b3137947cb04fa1abe03d266626d88b,"Perez, Jaime",1000122545,Right,GRA_CAN,e08b779d-e49d-42f4-bc0b-8c9c89206ec9,54.88601,-122.07811,11.19852,5.42575,1.03815,-12.512,-2.49301,6.9351,-5.80799,310.735139,2.08895,129.83566,-17.36892,,,,,,,3.09571,-6.38252,-17.28876,,,,,,,-0.72411,53.94039,-4.17821,,,,,,,,,,,,,,,,,,,,,,,,,,,,,High,High,High,High,High,,,,243.311649,-0.080776,1596.560799,0.999999,2:00,-0.032433,-0.893439,-0.448012,-63.274,-49.19498,89.746524,120.998852,67.372139,0.329794,0.923023,-0.198151,77.883843,19.25628,0.923023,0.329794,0.198151,-77.883843,-19.25628,-0.923023,-0.329794,0.198151,-120.998852,-67.372139,-0.329794,-0.923023,-0.198151
119,2026-03-24,20:16:34.81,3,1,"Penzkover, Gunnar",830833,Right,GRA_CAN,"Novitske, Nate",830246,Left,ARI_WIL,Undefined,4,Bottom,2,0,0,Fastball,Four-Seam,BallCalled,Undefined,Undefined,Undefined,0,0,,91.07912,-0.317969,-1.96613,2332.323248,219.943702,1:15,5.85661,2.1428,5.38252,-16.08899,18.24481,14.36532,4.21763,1.49617,83.04915,-3.363689,0.586104,0.421728,,,,,,,,,,,,-7.70402,9.55229,-1.97712,50,5.81709,3.86362,-132.14967,-1.24694,-13.63201,27.99591,-15.27157,ARI_WIL,GRA_CAN,UArizona,D1,BIG12,20260324-UArizona-1,a5dacbd0-27f0-11f1-8d4e-73b83eb2bf78,89.37619,,,8.02997,,,,,,,fcc4ca4f-6759-4024-9276-a76842dbcbc5,2026-03-25,02:16:34.81,2026-03-24T20:16:34.8199936-06:00,2026-03-25T02:16:34.8199936Z,,v3,232,5310,4b3137947cb04fa1abe03d266626d88b,"Perez, Jaime",1000122545,Right,GRA_CAN,fd0d0d14-3781-406d-a502-e8f4690e4bd2,55.11521,-133.22892,13.99796,5.85381,-0.65822,-7.63579,-2.1362,4.38914,-6.816,,,,,,,,,,,,,,,,,,,,,,,,,,,,,,,,,,,,,,,,,,,,,,,,,,,High,High,High,,,,,,221.707581,-3.075812,2328.963329,0.998559,1:30,0.031733,-0.664063,-0.747003,-21.066422,25.208686,54.111738,171.236643,3.712477,0.152034,0.06475,-0.986252,3.756204,8.744823,0.06475,0.152034,0.986252,-3.756204,-8.744823,-0.06475,-0.152034,0.986252,-171.236643,-3.712477,-0.152034,-0.06475,-0.986252
120,2026-03-24,20:16:50.81,3,2,"Penzkover, Gunnar",830833,Right,GRA_CAN,"Novitske, Nate",830246,Left,ARI_WIL,Undefined,4,Bottom,2,1,0,ChangeUp,Changeup,BallCalled,Undefined,Undefined,Undefined,0,0,,84.23928,0.339469,-2.178942,1584.704785,256.628757,2:30,5.2871,2.4906,5.27666,-35.32628,4.61729,14.593,2.66232,1.65917,77.76697,-6.105048,0.410282,0.454878,,,,,,,,,,,,-7.82953,2.59591,-2.30261,50,5.29216,4.02712,-122.3444,-0.56572,-11.98179,21.95179,-28.20146,ARI_WIL,GRA_CAN,UArizona,D1,BIG12,20260324-UArizona-1,af68a0a0-27f0-11f1-8d4e-73b83eb2bf78,82.86276,,,6.47232,,,,,,,fcc4ca4f-6759-4024-9276-a76842dbcbc5,2026-03-25,02:16:50.81,2026-03-24T20:16:50.8157440-06:00,2026-03-25T02:16:50.8157440Z,,v3,232,5310,4b3137947cb04fa1abe03d266626d88b,"Perez, Jaime",1000122545,Right,GRA_CAN,ce1ee362-967a-44cc-b171-bdae00156a68,55.2238,-123.27813,10.97589,5.29071,0.63383,-14.10073,-2.48475,4.53677,-5.9909,,,,,,,,,,,,,,,,,,,,,,,,,,,,,,,,,,,,,,,,,,,,,,,,,,,High,High,High,,,,,,249.274113,4.846825,1579.038104,0.996424,2:15,-0.103354,-0.931423,-0.348955,-57.117085,-47.995739,88.520134,132.717137,62.156894,0.343149,0.88423,-0.316838,70.286311,20.06882,0.88423,0.343149,0.316838,-70.286311,-20.06882,-0.88423,-0.343149,0.316838,-132.717137,-62.156894,-0.343149,-0.88423,-0.316838
121,2026-03-24,20:17:08.59,3,3,"Penzkover, Gunnar",830833,Right,GRA_CAN,"Novitske, Nate",830246,Left,ARI_WIL,Undefined,4,Bottom,2,2,0,Fastball,Four-Seam,BallCalled,Undefined,Undefined,Undefined,0,0,,90.59007,0.042995,-2.735205,2304.922053,222.618813,1:30,5.80918,2.05616,5.37056,-17.98446,16.73249,14.39095,4.35083,0.68895,82.65081,-3.339007,-0.18099,0.424074,,,,,,,,,,,,-7.94032,8.70351,-1.82121,50,5.80059,5.61166,-131.3924,-0.50052,-13.90438,27.39793,-16.93319,ARI_WIL,GRA_CAN,UArizona,D1,BIG12,20260324-UArizona-1,b9fc4cb0-27f0-11f1-8d4e-73b83eb2bf78,88.88167,,,7.93926,,,,,,,fcc4ca4f-6759-4024-9276-a76842dbcbc5,2026-03-25,02:17:08.59,2026-03-24T20:17:08.5935104-06:00,2026-03-25T02:17:08.5935104Z,,v3,232,5310,4b3137947cb04fa1abe03d266626d88b,"Perez, Jaime",1000122545,Right,GRA_CAN,cad8da33-dea9-40dc-8feb-972a262686dc,55.12786,-132.45735,13.69897,5.80726,0.15766,-8.46659,-2.04984,6.15212,-6.95219,,,,,,,,,,,,,,,,,,,,,,,,,,,,,,,,,,,,,,,,,,,,,,,,,,,High,High,High,,,,,,221.313574,-3.106913,2301.534136,0.99853,1:30,0.017853,-0.65925,-0.751712,-21.530429,23.865419,55.538617,169.393675,1.661251,0.183983,0.02899,-0.982502,1.69011,10.601816,0.02899,0.183983,0.982502,-1.69011,-10.601816,-0.02899,-0.183983,0.982502,-169.393675,-1.661251,-0.183983,-0.02899,-0.982502
122,2026-03-24,20:17:25.97,3,4,"Penzkover, Gunnar",830833,Right,GRA_CAN,"Novitske, Nate",830246,Left,ARI_WIL,Undefined,4,Bottom,2,3,0,Fastball,Sinker,StrikeCalled,Undefined,Undefined,Undefined,0,0,,90.48463,-2.158978,-4.224194,2319.326762,224.933245,1:30,5.56513,2.1407,5.49794,-19.11517,15.58717,14.45682,1.94631,-0.61291,82.88105,-5.731436,-1.657424,0.423985,,,,,,,,,,,,-8.4306,8.77386,-1.78083,50,5.36308,9.03061,-131.01617,-5.59562,-14.70959,26.69239,-16.86555,ARI_WIL,GRA_CAN,UArizona,D1,BIG12,20260324-UArizona-1,c45a90e0-27f0-11f1-8d4e-73b83eb2bf78,88.90038,,,7.60358,,,,,,,fcc4ca4f-6759-4024-9276-a76842dbcbc5,2026-03-25,02:17:25.97,2026-03-24T20:17:25.9781632-06:00,2026-03-25T02:17:25.9781632Z,,v3,232,5310,4b3137947cb04fa1abe03d266626d88b,"Perez, Jaime",1000122545,Right,GRA_CAN,2f9f2fd8-6a1d-437c-8bca-1320b0709df7,55.0018,-132.03127,13.34619,5.56368,-4.95423,-8.43278,-2.1349,9.59001,-7.35479,,,,,,,,,,,,,,,,,,,,,,,,,,,,,,,,,,,,,,,,,,,,,,,,,,,High,High,High,,,,,,223.297389,-4.129867,2313.304346,0.997403,1:30,0.043998,-0.680806,-0.731141,-29.228683,17.974567,37.66029,172.097293,5.544062,0.136848,0.096611,-0.98587,5.596883,7.865505,0.096611,0.136848,0.98587,-5.596883,-7.865505,-0.096611,-0.136848,0.98587,-172.097293,-5.544062,-0.136848,-0.096611,-0.98587
123,2026-03-24,20:17:43.61,3,5,"Penzkover, Gunnar",830833,Right,GRA_CAN,"Novitske, Nate",830246,Left,ARI_WIL,Undefined,4,Bottom,2,3,1,Fastball,Sinker,FoulBallNotFieldable,Undefined,Undefined,Undefined,0,0,,90.13576,-1.33126,-3.592159,2303.678241,224.764567,1:30,5.71217,2.27709,5.64304,-18.4158,16.31229,15.09257,2.93301,0.17952,82.44353,-4.797305,-0.902338,0.424142,76.9872,68.37589,-52.259831,4031.272255,,,,,67.57775,,,-8.66922,8.97595,-1.98177,50,5.58736,7.54999,-130.69298,-3.63728,-15.03024,26.92428,-16.61203,ARI_WIL,GRA_CAN,UArizona,D1,BIG12,20260324-UArizona-1,cedb9f50-27f0-11f1-8d4e-73b83eb2bf78,88.86741,100.08748,,7.69223,,,,1.78092,2.9635,-0.18532,fcc4ca4f-6759-4024-9276-a76842dbcbc5,2026-03-25,02:17:43.61,2026-03-24T20:17:43.6143104-06:00,2026-03-25T02:17:43.6143104Z,,v3,232,5310,4b3137947cb04fa1abe03d266626d88b,"Perez, Jaime",1000122545,Right,GRA_CAN,17c1b8f6-2482-48d6-8847-8e273554367c,54.85728,-131.68984,13.46214,5.71064,-3.02223,-8.30602,-2.27161,8.10647,-7.51512,,1.78092,25.46918,-3.41944,0.53085,-0.05103,-0.00597,0.00505,-0.00167,0.00021,2.96349,104.96858,-33.16197,4.73617,-0.81534,0.02329,0.06298,-0.02832,0.00446,-0.18533,-32.90243,-6.22879,3.40268,-0.77041,-0.1133,0.20477,-0.08514,0.01327,,,,,,,,,,,,,,,,,,,,,,,High,High,High,Medium,Undefined,,,,222.875185,-1.551744,2302.833428,0.999633,1:30,-0.003108,-0.679341,-0.733816,-27.698418,22.819238,41.713838,172.294211,2.90939,0.133913,0.050757,-0.989692,2.935856,7.695796,0.050757,0.133913,0.989692,-2.935856,-7.695796,-0.050757,-0.133913,0.989692,-172.294211,-2.90939,-0.133913,-0.050757,-0.989692
124,2026-03-24,20:18:13.67,3,6,"Penzkover, Gunnar",830833,Right,GRA_CAN,"Novitske, Nate",830246,Left,ARI_WIL,Undefined,4,Bottom,2,3,2,ChangeUp,Changeup,BallCalled,Walk,Undefined,Undefined,0,0,,82.90794,-0.675315,-4.841315,1559.956904,244.944982,2:15,5.31968,2.48321,5.53548,-33.18691,7.88874,14.27631,1.92059,-0.86312,76.49474,-6.760224,-2.3071,0.461279,,,,,,,,,,,,-8.4339,4.53166,-2.0719,50,5.23872,9.59159,-120.09957,-2.54674,-12.43369,21.21922,-25.49324,ARI_WIL,GRA_CAN,UArizona,D1,BIG12,20260324-UArizona-1,e0d27800-27f0-11f1-8d4e-73b83eb2bf78,81.71291,,,6.4132,,,,,,,fcc4ca4f-6759-4024-9276-a76842dbcbc5,2026-03-25,02:18:13.67,2026-03-24T20:18:13.6778240-06:00,2026-03-25T02:18:13.6778240Z,,v3,232,5310,4b3137947cb04fa1abe03d266626d88b,"Perez, Jaime",1000122545,Right,GRA_CAN,c01cab3e-991a-47e6-809c-4b03f9ce2172,54.96502,-120.97361,10.60961,5.32199,-1.49665,-12.74662,-2.47753,10.10374,-6.21685,,,,,,,,,,,,,,,,,,,,,,,,,,,,,,,,,,,,,,,,,,,,,,,,,,,High,High,High,,,,,,245.897138,6.76656,1549.090935,0.993034,2:15,-0.140976,-0.907781,-0.395043,-68.424149,-39.006943,89.487991,138.346018,72.735549,0.197251,0.954945,-0.221748,76.927043,11.376231,0.954945,0.197251,0.221748,-76.927043,-11.376231,-0.954945,-0.197251,0.221748,-138.346018,-72.735549,-0.197251,-0.954945,-0.221748
125,2026-03-24,20:18:50.00,4,1,"Penzkover, Gunnar",830833,Right,GRA_CAN,"Danzeisen, Caleb",828243,Left,ARI_WIL,Undefined,4,Bottom,2,0,0,Fastball,Four-Seam,BallCalled,Undefined,Undefined,Undefined,0,0,,89.38114,-0.396062,-3.105033,2325.688688,214.713081,1:15,5.80599,2.16468,5.61182,-16.048,19.63025,12.7491,4.09843,0.3261,80.84836,-3.470359,-0.833466,0.429906,,,,,,,,,,,,-7.31918,10.37615,-1.90725,50,5.76193,6.44648,-129.49274,-1.35709,-12.33591,28.90613,-14.68585,ARI_WIL,GRA_CAN,UArizona,D1,BIG12,20260324-UArizona-1,f6740930-27f0-11f1-8d4e-73b83eb2bf78,87.67606,,,8.53278,,,,,,,fcc4ca4f-6759-4024-9276-a76842dbcbc5,2026-03-25,02:18:50.00,2026-03-24T20:18:50.0040704-06:00,2026-03-25T02:18:50.0040704Z,,v3,232,5310,4b3137947cb04fa1abe03d266626d88b,"Perez, Jaime",1000122545,Right,GRA_CAN,7d29068a-cae6-44bc-ac6c-491ac19ceac8,54.88419,-130.57847,14.45306,5.80254,-0.80549,-7.34293,-2.15808,6.90982,-6.16795,,,,,,,,,,,,,,,,,,,,,,,,,,,,,,,,,,,,,,,,,,,,,,,,,,,High,High,High,,,,,,221.29359,2.948705,2322.609451,0.998676,1:30,-0.08746,-0.659384,-0.746702,-26.027475,22.056505,31.663261,173.677789,5.166024,0.109672,0.090042,-0.989881,5.197462,6.296426,0.090042,0.109672,0.989881,-5.197462,-6.296426,-0.090042,-0.109672,0.989881,-173.677789,-5.166024,-0.109672,-0.090042,-0.989881
126,2026-03-24,20:19:12.12,4,2,"Penzkover, Gunnar",830833,Right,GRA_CAN,"Danzeisen, Caleb",828243,Left,ARI_WIL,Undefined,4,Bottom,2,1,0,Fastball,Sinker,BallCalled,Undefined,Undefined,Undefined,0,0,,89.5083,0.305825,-2.923442,2372.360784,228.633127,1:30,5.76486,2.31652,5.8625,-20.14725,14.96698,15.67339,4.37041,0.9044,81.22536,-3.508226,-0.116451,0.426494,,,,,,,,,,,,-8.7913,7.89028,-2.08814,50,5.77799,5.94216,-129.81338,0.06952,-14.93163,28.35515,-18.77279,ARI_WIL,GRA_CAN,UArizona,D1,BIG12,20260324-UArizona-1,039e1790-27f1-11f1-8d4e-73b83eb2bf78,88.3774,,,8.28294,,,,,,,fcc4ca4f-6759-4024-9276-a76842dbcbc5,2026-03-25,02:19:12.12,2026-03-24T20:19:12.1208320-06:00,2026-03-25T02:19:12.1208320Z,,v3,232,5310,4b3137947cb04fa1abe03d266626d88b,"Perez, Jaime",1000122545,Right,GRA_CAN,337de8af-ff9c-4f6c-b86f-688a417a7190,54.63481,-130.82185,14.17757,5.76364,0.73718,-9.38639,-2.30892,6.47321,-7.46581,,,,,,,,,,,,,,,,,,,,,,,,,,,,,,,,,,,,,,,,,,,,,,,,,,,High,High,High,,,,,,222.506444,4.050257,2366.435764,0.997502,1:30,-0.111636,-0.673599,-0.730617,-28.412318,13.784474,27.794409,166.833084,5.387283,0.226782,0.093887,-0.96941,5.531845,13.107717,0.093887,0.226782,0.96941,-5.531845,-13.107717,-0.093887,-0.226782,0.96941,-166.833084,-5.387283,-0.226782,-0.093887,-0.96941
127,2026-03-24,20:19:33.03,4,3,"Penzkover, Gunnar",830833,Right,GRA_CAN,"Danzeisen, Caleb",828243,Left,ARI_WIL,Undefined,4,Bottom,2,2,0,Fastball,Four-Seam,StrikeSwinging,Undefined,Undefined,Undefined,0,0,,90.0216,-0.78403,-3.540748,2310.701327,216.931399,1:15,5.70131,1.98332,5.64579,-16.62686,18.21698,12.8617,3.58296,-0.25184,82.17315,-3.938034,-1.249091,0.424849,,,,,,,,,,,,-7.43851,9.76032,-1.69064,50,5.62413,7.49799,-130.49982,-2.29334,-12.85251,26.96294,-15.30985,ARI_WIL,GRA_CAN,UArizona,D1,BIG12,20260324-UArizona-1,1011a730-27f1-11f1-8d4e-73b83eb2bf78,88.7197,,,7.84845,,,,,,,fcc4ca4f-6759-4024-9276-a76842dbcbc5,2026-03-25,02:19:33.03,2026-03-24T20:19:33.0386944-06:00,2026-03-25T02:19:33.0386944Z,,v3,232,5310,4b3137947cb04fa1abe03d266626d88b,"Perez, Jaime",1000122545,Right,GRA_CAN,9fc2996a-ef7d-4ee2-b3d5-c6501cdd3e2e,54.85203,-131.49849,13.48147,5.69857,-1.72628,-7.65492,-1.97717,7.97403,-6.42626,,,,,,,,,,,,,,,,,,,,,,,,,,,,,,,,,,,,,,,,,,,,,,,,,,,High,High,High,,,,,,221.992527,0.053894,2310.700305,1,1:30,-0.037702,-0.668984,-0.74232,-28.446371,13.658759,24.923698,172.31689,8.042934,0.132379,0.139915,-0.981274,8.114826,7.607085,0.139915,0.132379,0.981274,-8.114826,-7.607085,-0.139915,-0.132379,0.981274,-172.31689,-8.042934,-0.132379,-0.139915,-0.981274
128,2026-03-24,20:19:54.29,4,4,"Penzkover, Gunnar",830833,Right,GRA_CAN,"Danzeisen, Caleb",828243,Left,ARI_WIL,Undefined,4,Bottom,2,2,1,Fastball,Sinker,BallCalled,Undefined,Undefined,Undefined,0,0,,89.63555,0.389089,-3.082822,2366.936513,230.634404,1:45,5.67887,2.0843,5.82206,-20.41934,14.60942,16.40824,4.33952,0.58276,81.43555,-3.467602,-0.14691,0.425975,,,,,,,,,,,,-9.17516,7.67016,-1.84135,50,5.69867,6.27565,-129.9898,0.24079,-15.65081,28.02911,-19.09045,ARI_WIL,GRA_CAN,UArizona,D1,BIG12,20260324-UArizona-1,1cc28df0-27f1-11f1-8d4e-73b83eb2bf78,88.48516,,,8.2,,,,,,,fcc4ca4f-6759-4024-9276-a76842dbcbc5,2026-03-25,02:19:54.29,2026-03-24T20:19:54.2900736-06:00,2026-03-25T02:19:54.2900736Z,,v3,232,5310,4b3137947cb04fa1abe03d266626d88b,"Perez, Jaime",1000122545,Right,GRA_CAN,5900481f-d019-4d09-8248-13b3d7a8fec8,54.67537,-130.99405,14.01455,5.67779,0.92478,-9.54522,-2.07624,6.8364,-7.8254,,,,,,,,,,,,,,,,,,,,,,,,,,,,,,,,,,,,,,,,,,,,,,,,,,,High,High,High,,,,,,220.931716,5.477727,2356.127619,0.995433,1:15,-0.140185,-0.651504,-0.745581,-24.276774,14.848131,25.033448,168.442365,8.339368,0.198235,0.145036,-0.969364,8.509457,11.433771,0.145036,0.198235,0.969364,-8.509457,-11.433771,-0.145036,-0.198235,0.969364,-168.442365,-8.339368,-0.198235,-0.145036,-0.969364
129,2026-03-24,20:20:15.36,4,5,"Penzkover, Gunnar",830833,Right,GRA_CAN,"Danzeisen, Caleb",828243,Left,ARI_WIL,Undefined,4,Bottom,2,3,1,Fastball,Sinker,BallCalled,Walk,Undefined,Undefined,0,0,,88.95172,0.915007,-2.713432,2316.935263,225.238587,1:30,5.73345,2.0217,5.76854,-19.95403,15.63824,14.61249,4.92318,0.71228,80.86757,-2.857464,-0.100937,0.429387,,,,,,,,,,,,-8.1643,8.03355,-1.80585,50,5.7972,5.47639,-129.02888,1.44166,-13.73516,27.36481,-18.65887,ARI_WIL,GRA_CAN,UArizona,D1,BIG12,20260324-UArizona-1,294f9900-27f1-11f1-8d4e-73b83eb2bf78,87.7819,,,8.08415,,,,,,,fcc4ca4f-6759-4024-9276-a76842dbcbc5,2026-03-25,02:20:15.36,2026-03-24T20:20:15.3603584-06:00,2026-03-25T02:20:15.3603584Z,,v3,232,5310,4b3137947cb04fa1abe03d266626d88b,"Perez, Jaime",1000122545,Right,GRA_CAN,8e260d0f-2754-4fe9-a5d1-f5ae7d7f8bec,54.72922,-130.028,13.68241,5.73212,2.12292,-9.32944,-2.01495,5.97787,-6.86758,,,,,,,,,,,,,,,,,,,,,,,,,,,,,,,,,,,,,,,,,,,,,,,,,,,High,High,High,,,,,,219.449909,5.357763,2306.812733,0.995631,1:15,-0.139745,-0.631056,-0.763047,-27.686603,8.672492,20.323972,166.550697,6.082601,0.231275,0.105962,-0.967101,6.252773,13.372176,0.105962,0.231275,0.967101,-6.252773,-13.372176,-0.105962,-0.231275,0.967101,-166.550697,-6.082601,-0.231275,-0.105962,-0.967101
130,2026-03-24,20:21:06.93,5,1,"Penzkover, Gunnar",830833,Right,GRA_CAN,"Lira, Tony",830243,Right,ARI_WIL,Undefined,4,Bottom,2,0,0,Fastball,Four-Seam,StrikeSwinging,Undefined,Undefined,Undefined,0,0,,90.63659,-0.781177,-3.307637,2380.861873,208.750191,1:00,5.70776,2.13203,5.52121,-15.97926,18.40462,9.5241,3.64452,-0.17024,83.07663,-3.801487,-1.614378,0.422035,,,,,,,,,,,,-5.65701,9.80512,-1.85036,50,5.62914,7.16762,-131.45852,-2.29632,-9.95939,26.28329,-14.91176,ARI_WIL,GRA_CAN,UArizona,D1,BIG12,20260324-UArizona-1,4811be40-27f1-11f1-8d4e-73b83eb2bf78,89.31109,,,7.55996,,,,,,,fcc4ca4f-6759-4024-9276-a76842dbcbc5,2026-03-25,02:21:06.93,2026-03-24T20:21:06.9374976-06:00,2026-03-25T02:21:06.9374976Z,,v3,232,5310,4b3137947cb04fa1abe03d266626d88b,"Perez, Jaime",1000122545,Right,GRA_CAN,d2df5684-93f9-45b2-9725-51253230e7af,54.97748,-132.44996,13.14164,5.70515,-1.73383,-7.45588,-2.12782,7.5433,-4.9797,,,,,,,,,,,,,,,,,,,,,,,,,,,,,,,,,,,,,,,,,,,,,,,,,,,High,High,High,,,,,,221.855146,3.518166,2376.374883,0.998115,1:30,-0.095086,-0.666767,-0.739176,-22.972676,25.141429,41.688925,171.256093,3.063764,0.151801,0.053447,-0.986965,3.099721,8.731311,0.053447,0.151801,0.986965,-3.099721,-8.731311,-0.053447,-0.151801,0.986965,-171.256093,-3.063764,-0.151801,-0.053447,-0.986965
131,2026-03-24,20:21:26.26,5,2,"Penzkover, Gunnar",830833,Right,GRA_CAN,"Lira, Tony",830243,Right,ARI_WIL,Undefined,4,Bottom,2,0,1,Slider,Slider,FoulBallNotFieldable,Undefined,Undefined,Undefined,0,0,,78.14357,0.792424,-1.103875,2383.067721,72.853034,8:30,5.58354,2.25512,5.23125,-48.76388,-1.81323,-10.63319,2.26497,0.33123,71.791,-8.05992,-2.990597,0.493165,100.78452,27.395441,-36.222306,2659.942264,86.05792,49.95409,-68.51273,406.04526,276.91699,-44.339207,4.541664,5.03055,-0.73965,-2.14508,50,5.61982,2.60531,-113.43431,-0.11684,6.53924,21.20268,-33.13553,ARI_WIL,GRA_CAN,UArizona,D1,BIG12,20260324-UArizona-1,539ff6f0-27f1-11f1-8d4e-73b83eb2bf78,76.42967,70.59726,,6.35258,,,,2.14847,2.14071,-0.37553,fcc4ca4f-6759-4024-9276-a76842dbcbc5,2026-03-25,02:21:26.26,2026-03-24T20:21:26.2622720-06:00,2026-03-25T02:21:26.2622720Z,FlyBall,v3,232,5310,4b3137947cb04fa1abe03d266626d88b,"Perez, Jaime",1000122545,Right,GRA_CAN,4ea5cc73-d3e7-41dc-9658-c03dd896d9ea,55.26985,-114.41509,10.60134,5.58977,1.41593,-16.56777,-2.2586,2.30282,3.26962,,2.1483,105.88584,-20.86013,5.2727,-1.14999,0.23192,-0.04748,0.00715,-0.00046,2.14246,67.96728,-18.51947,0.64302,0.30157,-0.20449,0.06257,-0.00908,0.0005,-0.37666,-77.52553,4.74371,-0.08683,-0.19196,0.06744,-0.01062,0.00047,3E-05,,,,,,,,,,,,,,,,,,,,,,,High,High,High,Medium,Medium,,,,54.947336,68.943774,856.197938,0.359284,7:45,-0.924924,0.306997,0.224208,15.632762,39.101925,45.2643,124.688157,-54.51534,0.477311,-0.814271,-0.33036,67.917012,-28.509897,0.814271,-0.477311,0.33036,-67.917012,28.509897,-0.814271,0.477311,0.33036,-124.688157,54.51534,-0.477311,0.814271,-0.33036
132,2026-03-24,20:22:08.69,5,3,"Penzkover, Gunnar",830833,Right,GRA_CAN,"Lira, Tony",830243,Right,ARI_WIL,Undefined,4,Bottom,2,0,2,Slider,Slider,BallCalled,Undefined,Undefined,Undefined,0,0,,78.09995,0.685597,-3.031609,2387.311398,77.215407,8:30,5.50838,2.23204,4.9135,-50.13644,-1.84646,-15.49119,1.97956,-1.92816,71.06025,-8.367487,-5.755317,0.50015,,,,,,,,,,,,6.66953,-0.6378,-1.92221,50,5.53374,6.63044,-113.01101,-0.45415,8.49606,23.47568,-32.98652,ARI_WIL,GRA_CAN,UArizona,D1,BIG12,20260324-UArizona-1,6cee3c70-27f1-11f1-8d4e-73b83eb2bf78,75.36232,,,7.0397,,,,,,,fcc4ca4f-6759-4024-9276-a76842dbcbc5,2026-03-25,02:22:08.69,2026-03-24T20:22:08.6922752-06:00,2026-03-25T02:22:08.6922752Z,,v3,232,5310,4b3137947cb04fa1abe03d266626d88b,"Perez, Jaime",1000122545,Right,GRA_CAN,105672f5-2053-4534-ac52-e31efb56e3f4,55.58543,-114.16537,11.73784,5.51619,1.16788,-16.49326,-2.23797,6.21267,4.24803,,,,,,,,,,,,,,,,,,,,,,,,,,,,,,,,,,,,,,,,,,,,,,,,,,,High,High,High,,,,,,55.154236,70.614301,792.409989,0.331926,7:45,-0.928633,0.283677,0.239099,8.273077,41.812817,42.616221,117.011537,-53.824882,0.525867,-0.807217,-0.268076,71.628707,-31.726644,0.807217,-0.525867,0.268076,-71.628707,31.726644,-0.807217,0.525867,0.268076,-117.011537,53.824882,-0.525867,0.807217,-0.268076
133,2026-03-24,20:22:29.48,5,4,"Penzkover, Gunnar",830833,Right,GRA_CAN,"Lira, Tony",830243,Right,ARI_WIL,Undefined,4,Bottom,2,1,2,Slider,Curveball,BallCalled,Undefined,Undefined,Undefined,0,0,,76.34911,2.705631,0.388712,2350.34841,58.558017,8:00,5.44209,2.28702,4.76604,-55.67578,-5.07024,-11.15339,3.36973,1.72613,69.21892,-7.354296,-1.572424,0.512001,,,,,,,,,,,,5.66591,-2.98016,-2.31532,50,5.66392,-0.29917,-110.55706,3.22943,6.92691,21.95924,-35.81746,ARI_WIL,GRA_CAN,UArizona,D1,BIG12,20260324-UArizona-1,79482990-27f1-11f1-8d4e-73b83eb2bf78,73.61796,,,7.1302,,,,,,,fcc4ca4f-6759-4024-9276-a76842dbcbc5,2026-03-25,02:22:29.48,2026-03-24T20:22:29.4806016-06:00,2026-03-25T02:22:29.4806016Z,,v3,232,5310,4b3137947cb04fa1abe03d266626d88b,"Perez, Jaime",1000122545,Right,GRA_CAN,40e89993-84ef-459e-a489-62d0ac52851d,55.7353,-111.69041,10.97962,5.44954,5.07803,-17.90873,-2.29066,-0.65668,3.46345,,,,,,,,,,,,,,,,,,,,,,,,,,,,,,,,,,,,,,,,,,,,,,,,,,,High,High,High,,,,,,49.415035,59.430093,1195.361985,0.508589,7:45,-0.844042,0.426457,0.325157,21.738202,31.204846,45.361315,117.262321,-62.092481,0.416055,-0.883704,-0.214395,76.362956,-24.58575,0.883704,-0.416055,0.214395,-76.362956,24.58575,-0.883704,0.416055,0.214395,-117.262321,62.092481,-0.416055,0.883704,-0.214395
134,2026-03-24,20:22:50.80,5,5,"Penzkover, Gunnar",830833,Right,GRA_CAN,"Lira, Tony",830243,Right,ARI_WIL,Undefined,4,Bottom,2,2,2,ChangeUp,Changeup,BallCalled,Undefined,Undefined,Undefined,0,0,,83.03658,-1.109321,-2.349496,1550.247222,237.203806,2:00,5.32487,2.48969,5.66403,-31.91754,8.82587,11.76264,1.62968,1.27785,76.41921,-6.992883,-0.246892,0.45941,,,,,,,,,,,,-6.60823,5.15953,-2.29859,50,5.21083,4.47438,-120.55156,-3.39162,-9.76255,22.57763,-24.55168,ARI_WIL,GRA_CAN,UArizona,D1,BIG12,20260324-UArizona-1,85ff2ad0-27f1-11f1-8d4e-73b83eb2bf78,82.0454,,,6.61737,,,,,,,fcc4ca4f-6759-4024-9276-a76842dbcbc5,2026-03-25,02:22:50.80,2026-03-24T20:22:50.8008448-06:00,2026-03-25T02:22:50.8008448Z,,v3,232,5310,4b3137947cb04fa1abe03d266626d88b,"Perez, Jaime",1000122545,Right,GRA_CAN,ce3e8209-ad8e-4d67-991a-decf81b65ea3,54.83568,-121.45384,11.28881,5.32677,-2.41045,-12.27584,-2.48519,4.86452,-4.88127,,,,,,,,,,,,,,,,,,,,,,,,,,,,,,,,,,,,,,,,,,,,,,,,,,,High,High,High,,,,,,240.548868,-1.721391,1549.547618,0.999549,2:00,0.026698,-0.869638,-0.492968,-68.266745,-51.01721,83.677385,92.91805,67.679585,0.379293,0.925074,-0.019334,88.802698,22.289918,0.925074,0.379293,0.019334,-88.802698,-22.289918,-0.925074,-0.379293,0.019334,-92.91805,-67.679585,-0.379293,-0.925074,-0.019334
135,2026-03-24,20:23:13.05,5,6,"Penzkover, Gunnar",830833,Right,GRA_CAN,"Lira, Tony",830243,Right,ARI_WIL,Undefined,4,Bottom,2,3,2,Fastball,Four-Seam,InPlay,Undefined,GroundBall,Single,0,0,,90.18292,-1.745616,-3.117885,2357.472993,223.207352,1:30,5.66102,2.06272,5.6781,-19.98505,14.86363,12.8678,2.36538,0.22561,82.08612,-5.501375,-0.821059,0.424878,100.84755,-2.275283,-34.901711,3441.752568,,,,50.84312,46.1601,-36.926659,0.342919,-7.48111,8.40969,-1.80812,50,5.50129,6.56293,-130.71414,-4.64319,-12.88599,28.69556,-17.68859,ARI_WIL,GRA_CAN,UArizona,D1,BIG12,20260324-UArizona-1,9339b3f0-27f1-11f1-8d4e-73b83eb2bf78,88.71347,2.87295,,8.09681,,,,1.78514,2.87295,-0.75859,fcc4ca4f-6759-4024-9276-a76842dbcbc5,2026-03-25,02:23:13.05,2026-03-24T20:23:13.0589696-06:00,2026-03-25T02:23:13.0589696Z,GroundBall,v3,232,5310,4b3137947cb04fa1abe03d266626d88b,"Perez, Jaime",1000122545,Right,GRA_CAN,8a910dae-740b-4e51-a5b0-ce22a8e1233d,54.82139,-131.76832,14.34778,5.65992,-3.99337,-8.84429,-2.05792,7.03633,-6.443,,1.78994,121.02505,-22.55429,,,,,,,2.87199,-5.83499,-7.39949,,,,,,,-0.75377,-84.75004,-6.24681,,,,,,,,,,,,,,,,,,,,,,,,,,,,,High,High,High,Medium,High,,,,223.460183,5.485341,2346.677387,0.995421,1:30,-0.113877,-0.687295,-0.717397,-16.893561,29.787507,41.288157,173.520632,9.454121,0.111313,0.164258,-0.980117,9.513789,6.390992,0.164258,0.111313,0.980117,-9.513789,-6.390992,-0.164258,-0.111313,0.980117,-173.520632,-9.454121,-0.111313,-0.164258,-0.980117
136,2026-03-24,20:26:05.59,6,1,"Penzkover, Gunnar",830833,Right,GRA_CAN,"Mihalakis, Maddox",805974,Left,ARI_WIL,Undefined,4,Bottom,2,0,0,Fastball,Four-Seam,InPlay,Undefined,Popup,Out,1,0,,89.3045,-0.688602,-3.468064,2366.451264,219.765868,1:15,5.68032,2.4687,5.45783,-18.74351,17.26214,13.32131,3.47257,0.3285,80.75499,-4.233673,-1.102323,0.431874,88.56103,62.438236,-6.174484,,106.41305,161.0721,-27.86146,196.34278,191.86689,-17.326561,6.307476,-7.76906,9.26544,-2.17221,50,5.60713,7.24022,-129.31758,-2.15925,-13.03943,29.19888,-16.62314,ARI_WIL,GRA_CAN,UArizona,D1,BIG12,20260324-UArizona-1,fa102640-27f1-11f1-8d4e-73b83eb2bf78,87.27656,161.19271,,8.54951,,,,1.66691,3.36045,-0.35919,fcc4ca4f-6759-4024-9276-a76842dbcbc5,2026-03-25,02:26:05.59,2026-03-24T20:26:05.5938560-06:00,2026-03-25T02:26:05.5938560Z,Popup,v3,232,5310,4b3137947cb04fa1abe03d266626d88b,"Perez, Jaime",1000122545,Right,GRA_CAN,080c289d-7674-4d8a-a571-946ed6121bc8,55.04015,-130.45064,14.59944,5.67841,-1.51419,-8.31157,-2.46299,7.74621,-6.51971,,1.68468,59.45346,-14.94231,3.07177,-0.06187,-0.14725,0.0399,-0.00452,0.00019,3.34203,115.41827,-27.5411,4.0741,-1.09448,0.23523,-0.03278,0.00241,-7E-05,-0.36028,-6.45414,-2.5385,0.9635,-0.23873,0.03989,-0.00353,8E-05,1E-05,,,,,,,,,,,,,,,,,,,,,,,High,High,High,High,Low,,,,225.624156,-4.62756,2358.737075,0.99674,1:30,0.046903,-0.711417,-0.701204,-18.476099,27.646017,52.280945,171.386214,9.955217,0.147518,0.172878,-0.973833,10.066479,8.483126,0.172878,0.147518,0.973833,-10.066479,-8.483126,-0.172878,-0.147518,0.973833,-171.386214,-9.955217,-0.147518,-0.172878,-0.973833
137,2026-03-24,20:29:13.29,1,1,"Kling, Corey",807310,Right,ARI_WIL,"Sanders, Troy",702974,Right,GRA_CAN,Undefined,5,Top,0,0,0,Slider,Slider,BallCalled,Undefined,Undefined,Undefined,0,0,,80.69904,1.382959,-2.176513,2730.223281,77.909692,8:30,5.42673,1.60132,5.50254,-45.99715,-1.99693,-16.15859,2.88828,-1.78187,73.49018,-7.030066,-5.051018,0.477418,,,,,,,,,,,,7.41134,-0.92776,-1.40029,50,5.51712,5.11097,-116.98814,1.22416,10.16085,24.28366,-33.44596,ARI_WIL,GRA_CAN,UArizona,D1,BIG12,20260324-UArizona-1,69fb93e0-27f2-11f1-8d4e-73b83eb2bf78,78.95059,,,7.20886,,,,,,,fcc4ca4f-6759-4024-9276-a76842dbcbc5,2026-03-25,02:29:13.29,2026-03-24T20:29:13.2965888-06:00,2026-03-25T02:29:13.2965888Z,,v3,232,5310,4b3137947cb04fa1abe03d266626d88b,"Meyers, Roman",834679,Right,ARI_WIL,5c94ba27-87a2-437f-adca-f71ed9c5e0aa,54.99616,-118.02065,12.14183,5.43484,2.64625,-16.72298,-1.60842,4.67894,5.08042,,,,,,,,,,,,,,,,,,,,,,,,,,,,,,,,,,,,,,,,,,,,,,,,,,,High,High,High,,,,,,63.638618,69.288691,965.569319,0.353659,8:00,-0.920821,0.339366,0.192146,-21.019732,13.703405,27.356695,113.389114,-43.48936,0.665888,-0.68822,-0.288005,67.291743,-41.750465,0.68822,-0.665888,0.288005,-67.291743,41.750465,-0.68822,0.665888,0.288005,-113.389114,43.48936,-0.665888,0.68822,-0.288005
138,2026-03-24,20:29:28.96,1,2,"Kling, Corey",807310,Right,ARI_WIL,"Sanders, Troy",702974,Right,GRA_CAN,Undefined,5,Top,0,1,0,Fastball,Four-Seam,StrikeCalled,Undefined,Undefined,Undefined,0,0,,91.54528,-2.494219,-3.036377,2246.889097,211.312574,1:00,5.63196,1.21819,6.16726,-18.57966,14.68241,8.24937,1.77509,-0.90164,83.3193,-6.01777,-1.550381,0.415093,,,,,,,,,,,,-5.1504,8.66095,-0.99203,50,5.43311,6.69074,-132.69244,-6.34204,-9.13113,29.88452,-16.81908,ARI_WIL,GRA_CAN,UArizona,D1,BIG12,20260324-UArizona-1,73486810-27f2-11f1-8d4e-73b83eb2bf78,90.8047,,,8.22597,,,,,,,fcc4ca4f-6759-4024-9276-a76842dbcbc5,2026-03-25,02:29:28.96,2026-03-24T20:29:28.9689088-06:00,2026-03-25T02:29:28.9689088Z,,v3,232,5310,4b3137947cb04fa1abe03d266626d88b,"Meyers, Roman",834679,Right,ARI_WIL,4d5135c9-78b0-4511-888c-bf557309d6d7,54.3306,-133.6642,14.94226,5.63045,-5.79513,-8.40954,-1.21442,6.98766,-4.56556,,,,,,,,,,,,,,,,,,,,,,,,,,,,,,,,,,,,,,,,,,,,,,,,,,,High,High,High,,,,,,208.756152,26.668248,2007.865598,0.89362,1:00,-0.470584,-0.44903,-0.759554,-40.106614,-13.881302,-41.510459,166.367842,1.682621,0.235586,0.029363,-0.97141,1.731367,13.626167,0.029363,0.235586,0.97141,-1.731367,-13.626167,-0.029363,-0.235586,0.97141,-166.367842,-1.682621,-0.235586,-0.029363,-0.97141
139,2026-03-24,20:29:45.42,1,3,"Kling, Corey",807310,Right,ARI_WIL,"Sanders, Troy",702974,Right,GRA_CAN,Undefined,5,Top,0,1,1,Slider,Slider,StrikeCalled,Undefined,Undefined,Undefined,0,0,,78.97937,0.743701,-0.239244,2759.502648,77.255216,8:30,5.41662,1.55874,5.29587,-47.88707,-1.55256,-13.97328,2.12433,0.16968,71.76464,-7.993499,-2.722857,0.489918,,,,,,,,,,,,6.89697,-0.51453,-1.52648,50,5.44959,1.04851,-114.52919,-0.18298,9.03822,23.79217,-32.84829,ARI_WIL,GRA_CAN,UArizona,D1,BIG12,20260324-UArizona-1,7d2435d0-27f2-11f1-8d4e-73b83eb2bf78,76.93619,,,7.21472,,,,,,,fcc4ca4f-6759-4024-9276-a76842dbcbc5,2026-03-25,02:29:45.42,2026-03-24T20:29:45.4205952-06:00,2026-03-25T02:29:45.4205952Z,,v3,232,5310,4b3137947cb04fa1abe03d266626d88b,"Meyers, Roman",834679,Right,ARI_WIL,faabec77-6db5-4dae-ab03-ccb9371e341c,55.20285,-115.60497,11.89609,5.42429,1.30228,-16.42415,-1.56465,0.63984,4.51911,,,,,,,,,,,,,,,,,,,,,,,,,,,,,,,,,,,,,,,,,,,,,,,,,,,High,High,High,,,,,,57.213853,68.385967,1016.469046,0.368352,8:00,-0.924748,0.321714,0.203328,-2.851193,-7.388586,25.341387,115.853447,-41.751702,0.671368,-0.665904,-0.325325,63.962327,-42.172772,0.665904,-0.671368,0.325325,-63.962327,42.172772,-0.665904,0.671368,0.325325,-115.853447,41.751702,-0.671368,0.665904,-0.325325
140,2026-03-24,20:30:01.42,1,4,"Kling, Corey",807310,Right,ARI_WIL,"Sanders, Troy",702974,Right,GRA_CAN,Undefined,5,Top,0,1,2,Slider,Slider,StrikeSwinging,Strikeout,Undefined,Undefined,0,0,,82.26941,-0.255883,-2.126625,2795.749503,84.463728,8:45,5.40673,1.31063,5.32249,-42.57325,0.11429,-13.85639,1.61867,-1.84067,74.91992,-8.011974,-4.586416,0.470243,,,,,,,,,,,,6.24536,0.60575,-1.10792,50,5.35318,5.01448,-119.22812,-2.06524,8.87722,25.6047,-31.31302,ARI_WIL,GRA_CAN,UArizona,D1,BIG12,20260324-UArizona-1,86af7290-27f2-11f1-8d4e-73b83eb2bf78,80.15529,,,7.34948,,,,,,,fcc4ca4f-6759-4024-9276-a76842dbcbc5,2026-03-25,02:30:01.42,2026-03-24T20:30:01.4280000-06:00,2026-03-25T02:30:01.4280000Z,,v3,232,5310,4b3137947cb04fa1abe03d266626d88b,"Meyers, Roman",834679,Right,ARI_WIL,441a3b6b-0fd2-49e7-8a61-cfe23254192e,55.17559,-120.33447,12.80235,5.41318,-0.71225,-15.65651,-1.3163,4.63091,4.43861,,,,,,,,,,,,,,,,,,,,,,,,,,,,,65.6225,2.528946,1.470157,1.058789,-0.80285,1.29829,2.02072,0.67567,5.04721,4.15974,70.555,7.50274,-54.22349,0.72013,70.28306,-4.07229,5.11155,17.74522,-14.60555,4.06834,-61.59491,6.14937,High,High,High,,,High,High,High,53.760689,68.648923,1017.88111,0.364082,7:45,-0.92404,0.289489,0.249692,-1.258201,3.547679,35.331269,106.694671,-36.908422,0.765893,-0.600538,-0.229701,69.068522,-49.986483,0.600538,-0.765893,0.229701,-69.068522,49.986483,-0.600538,0.765893,0.229701,-106.694671,36.908422,-0.765893,0.600538,-0.229701
141,2026-03-24,20:30:33.73,2,1,"Kling, Corey",807310,Right,ARI_WIL,"Cameron, Griffin",823123,Left,GRA_CAN,Undefined,5,Top,1,0,0,ChangeUp,Changeup,StrikeSwinging,Undefined,Undefined,Undefined,0,0,,84.77473,-0.838313,-1.793945,1289.399428,241.420365,2:00,5.54658,1.3064,6.15932,-31.61966,6.86548,10.37221,2.13672,0.51293,77.7045,-6.725193,0.078211,0.446496,,,,,,,,,,,,-5.84985,4.17083,-1.17529,50,5.46685,3.45241,-123.16053,-2.79607,-8.97742,24.65738,-25.77329,ARI_WIL,GRA_CAN,UArizona,D1,BIG12,20260324-UArizona-1,9a10b0b0-27f2-11f1-8d4e-73b83eb2bf78,84.41823,,,7.07024,,,,,,,fcc4ca4f-6759-4024-9276-a76842dbcbc5,2026-03-25,02:30:33.73,2026-03-24T20:30:33.7375232-06:00,2026-03-25T02:30:33.7375232Z,,v3,232,5310,4b3137947cb04fa1abe03d266626d88b,"Meyers, Roman",834679,Right,ARI_WIL,5f70248c-15f8-4b31-91ec-5897c99b059a,54.33946,-124.02627,12.32869,5.54914,-1.89115,-12.88665,-1.30204,3.76762,-4.48871,,,,,,,,,,,,,,,,,,,,,,,,,,,,,,,,,,,,,,,,,,,,,,,,,,,High,High,High,,,,,,226.429038,21.799886,1197.190045,0.928487,1:30,-0.381341,-0.67807,-0.628332,51.939571,-40.521747,10.538666,127.535137,51.931253,0.488957,0.787271,-0.375666,64.490694,29.272023,0.787271,0.488957,0.375666,-64.490694,-29.272023,-0.787271,-0.488957,0.375666,-127.535137,-51.931253,-0.488957,-0.787271,-0.375666
142,2026-03-24,20:30:51.27,2,2,"Kling, Corey",807310,Right,ARI_WIL,"Cameron, Griffin",823123,Left,GRA_CAN,Undefined,5,Top,1,0,1,Fastball,Four-Seam,FoulBallNotFieldable,Undefined,Undefined,Undefined,0,0,,93.51963,-2.017377,-2.103933,2278.485999,209.173501,1:00,5.65807,1.14152,6.25691,-15.96021,15.53804,8.1202,2.46576,-0.12275,85.57085,-5.060658,-0.637331,0.403938,83.69196,15.641555,-72.428738,3951.857039,25.76215,20.2145,-106.94051,220.68801,105.85564,-80.990815,2.354195,-4.80071,8.93,-0.98924,50,5.50029,4.64901,-135.81199,-5.2499,-8.97252,29.55624,-15.48397,ARI_WIL,GRA_CAN,UArizona,D1,BIG12,20260324-UArizona-1,a454b620-27f2-11f1-8d4e-73b83eb2bf78,93.31246,20.27493,,7.94877,,,,0.54404,2.20203,0.23718,fcc4ca4f-6759-4024-9276-a76842dbcbc5,2026-03-25,02:30:51.27,2026-03-24T20:30:51.2747008-06:00,2026-03-25T02:30:51.2747008Z,LineDrive,v3,232,5310,4b3137947cb04fa1abe03d266626d88b,"Meyers, Roman",834679,Right,ARI_WIL,0b4ff19d-38da-435b-ab88-c770e4825b89,54.24237,-136.73212,14.77812,5.65622,-4.76786,-7.74199,-1.13831,4.92834,-4.48626,,0.54398,35.68887,-13.80651,3.2488,-1.04587,0.49845,-0.1998,0.04575,-0.00436,2.20211,33.08894,-15.94392,0.63976,0.36749,-0.45375,0.22467,-0.05441,0.0053,0.23717,-112.68666,12.64385,-2.54763,0.45091,-0.05879,0.0026,0.00082,-0.00013,,,,,,,,,,,,,,,,,,,,,,,High,High,High,Medium,Low,,,,206.807652,27.292665,2024.835696,0.888676,1:00,-0.472962,-0.416683,-0.776326,-38.375821,-24.032944,-40.831439,156.734389,4.070519,0.393998,0.070984,-0.916366,4.429441,23.203483,0.070984,0.393998,0.916366,-4.429441,-23.203483,-0.070984,-0.393998,0.916366,-156.734389,-4.070519,-0.393998,-0.070984,-0.916366
143,2026-03-24,20:31:12.44,2,3,"Kling, Corey",807310,Right,ARI_WIL,"Cameron, Griffin",823123,Left,GRA_CAN,Undefined,5,Top,1,0,2,Fastball,Four-Seam,FoulBallNotFieldable,Undefined,Undefined,Undefined,0,0,,92.55005,-1.304129,-2.111,2484.153207,195.09218,12:30,5.65633,1.15323,6.39281,-14.73335,17.68552,4.45811,3.22806,-0.41773,83.48976,-4.169037,-1.304059,0.409798,,,,,,,,,,,,-2.92854,9.88465,-1.0031,50,5.55513,4.74791,-134.2075,-3.41153,-5.27641,32.33913,-14.36478,ARI_WIL,GRA_CAN,UArizona,D1,BIG12,20260324-UArizona-1,b0f7ba30-27f2-11f1-8d4e-73b83eb2bf78,91.978,,,9.06028,,,,,,,fcc4ca4f-6759-4024-9276-a76842dbcbc5,2026-03-25,02:31:12.44,2026-03-24T20:31:12.4444160-06:00,2026-03-25T02:31:12.4444160Z,,v3,232,5310,4b3137947cb04fa1abe03d266626d88b,"Meyers, Roman",834679,Right,ARI_WIL,4373111a-e1b4-427b-805a-c4fb24eecf80,54.0993,-135.19167,16.16957,5.6523,-2.97437,-7.18239,-1.15003,4.90849,-2.6382,,,,,,,,,,,,,,,,,,,,,,,,,,,,,,,,,,,,,,,,,,,,,,,,,,,High,High,High,,,,,,203.088808,32.68483,2090.796951,0.841654,12:45,-0.560524,-0.342266,-0.7541,-46.196418,-19.289295,-60.691709,166.899305,-3.734451,0.226182,-0.065132,-0.971905,3.83395,-13.072384,0.065132,-0.226182,0.971905,-3.83395,13.072384,-0.065132,0.226182,0.971905,-166.899305,3.734451,-0.226182,0.065132,-0.971905
144,2026-03-24,20:31:32.34,2,4,"Kling, Corey",807310,Right,ARI_WIL,"Cameron, Griffin",823123,Left,GRA_CAN,Undefined,5,Top,1,0,2,Curveball,Curveball,InPlay,Undefined,FlyBall,Out,1,0,,77.04666,1.60728,-1.108648,2510.498448,51.741967,7:45,5.66784,0.97815,5.71475,-52.41684,-4.78225,-8.02418,2.79776,-0.72346,70.45862,-7.999454,-2.545112,0.496744,94.16772,36.312819,27.319361,2973.089557,97.31685,73.12014,51.27738,356.27398,345.96839,27.383206,5.60844,3.78429,-2.54429,-0.8802,50,5.76948,2.45852,-111.86255,1.46564,4.75959,21.5721,-35.37404,ARI_WIL,GRA_CAN,UArizona,D1,BIG12,20260324-UArizona-1,bcddd6e0-27f2-11f1-8d4e-73b83eb2bf78,75.879,102.27938,,6.58803,,,,2.59223,2.6018,0.55262,fcc4ca4f-6759-4024-9276-a76842dbcbc5,2026-03-25,02:31:32.34,2026-03-24T20:31:32.3414528-06:00,2026-03-25T02:31:32.3414528Z,FlyBall,v3,232,5310,4b3137947cb04fa1abe03d266626d88b,"Meyers, Roman",834679,Right,ARI_WIL,45f36c74-233d-4036-abe7-f0f30b3bae66,54.78682,-112.78189,10.78605,5.67489,2.97317,-17.68702,-0.98065,2.25568,2.37979,189.679622,2.59723,98.77699,-18.47363,3.60987,-0.24422,-0.12754,0.04385,-0.00546,0.00025,2.59845,81.84108,-19.90138,1.96807,-0.48545,0.09709,-0.00772,-0.00031,6E-05,0.55452,51.04087,-7.4858,1.17453,-0.13214,-0.00022,0.00294,-0.00043,2E-05,,,,,,,,,,,,,,,,,,,,,,,High,High,High,High,Medium,,,,33.630229,55.389775,1425.939616,0.567991,7:00,-0.804585,0.337532,0.488584,116.033026,-25.751137,13.666077,152.087442,-26.226894,0.419931,-0.441927,-0.792691,29.139767,-24.830211,0.441927,-0.419931,0.792691,-29.139767,24.830211,-0.441927,0.419931,0.792691,-152.087442,26.226894,-0.419931,0.441927,-0.792691
145,2026-03-24,20:32:10.37,3,1,"Kling, Corey",807310,Right,ARI_WIL,"Sanko, Jake",830830,Right,GRA_CAN,Undefined,5,Top,2,0,0,Fastball,Four-Seam,FoulBallNotFieldable,Undefined,Undefined,Undefined,0,0,,92.83583,-1.273205,-1.777747,2286.961673,199.700331,12:45,5.71681,1.07374,6.21141,-14.51194,17.47217,5.8976,3.33167,-0.07603,84.87912,-4.060767,-0.713508,0.407041,,,,,,,,,,,,-3.55559,9.72134,-0.94331,50,5.6139,3.94061,-134.88516,-3.39998,-6.55496,29.15739,-14.25219,ARI_WIL,GRA_CAN,UArizona,D1,BIG12,20260324-UArizona-1,d37cdae0-27f2-11f1-8d4e-73b83eb2bf78,92.60098,,,7.95671,,,,,,,fcc4ca4f-6759-4024-9276-a76842dbcbc5,2026-03-25,02:32:10.37,2026-03-24T20:32:10.3751168-06:00,2026-03-25T02:32:10.3751168Z,,v3,232,5310,4b3137947cb04fa1abe03d266626d88b,"Meyers, Roman",834679,Right,ARI_WIL,8c20db2c-9eea-47a3-911e-a1766d7190f4,54.28794,-135.8089,14.57869,5.71447,-2.94846,-7.1261,-1.07145,4.14827,-3.27748,,,,,,,,,,,,,,,,,,,,,,,,,,,,,,,,,,,,,,,,,,,,,,,,,,,High,High,High,,,,,,203.08032,28.119036,2017.032331,0.88197,12:45,-0.488454,-0.356138,-0.796604,-30.964533,-21.395143,-42.160954,155.841538,8.55837,0.404704,0.148817,-0.902257,9.365952,23.872607,0.148817,0.404704,0.902257,-9.365952,-23.872607,-0.148817,-0.404704,0.902257,-155.841538,-8.55837,-0.404704,-0.148817,-0.902257
146,2026-03-24,20:32:27.87,3,2,"Kling, Corey",807310,Right,ARI_WIL,"Sanko, Jake",830830,Right,GRA_CAN,Undefined,5,Top,2,0,1,Slider,Curveball,BallCalled,Undefined,Undefined,Undefined,0,0,,78.6186,2.44976,1.04113,2704.745358,70.064393,8:15,5.48851,1.28946,5.79352,-48.63428,-2.7904,-12.00383,3.7162,1.25771,71.2936,-6.518808,-1.109706,0.487318,,,,,,,,,,,,6.36717,-1.6135,-1.36821,50,5.66175,-1.60027,-114.01037,3.28377,8.29226,23.02373,-34.2754,ARI_WIL,GRA_CAN,UArizona,D1,BIG12,20260324-UArizona-1,ddf5fa10-27f2-11f1-8d4e-73b83eb2bf78,77.34678,,,7.32501,,,,,,,fcc4ca4f-6759-4024-9276-a76842dbcbc5,2026-03-25,02:32:27.87,2026-03-24T20:32:27.8784512-06:00,2026-03-25T02:32:27.8784512Z,,v3,232,5310,4b3137947cb04fa1abe03d266626d88b,"Meyers, Roman",834679,Right,ARI_WIL,c1b1ba18-c805-44fc-800d-7a6ffaea1924,54.70464,-114.95652,11.51187,5.49786,4.6923,-17.1377,-1.29544,-1.94103,4.14613,,,,,,,,,,,,,,,,,,,,,,,,,,,,,,,,,,,,,,,,,,,,,,,,,,,High,High,High,,,,,,52.482188,57.79622,1441.445625,0.532932,7:45,-0.833078,0.458484,0.309474,-21.599087,42.139958,24.512148,100.407224,-38.938922,0.76502,-0.628492,-0.140507,77.39803,-49.908797,0.628492,-0.76502,0.140507,-77.39803,49.908797,-0.628492,0.76502,0.140507,-100.407224,38.938922,-0.76502,0.628492,-0.140507
147,2026-03-24,20:32:42.33,3,3,"Kling, Corey",807310,Right,ARI_WIL,"Sanko, Jake",830830,Right,GRA_CAN,Undefined,5,Top,2,1,1,Curveball,Curveball,FoulBallNotFieldable,Undefined,Undefined,Undefined,0,0,,78.50501,1.382609,-0.087935,2707.535788,54.449432,7:45,5.47529,1.19582,5.77232,-50.62912,-4.53477,-8.59276,2.54307,0.39793,71.242,-7.930717,-1.628822,0.488647,93.04249,14.670678,-47.653845,4079.134952,69.51187,13.33284,-85.25312,171.85195,132.21774,-53.07672,1.570259,4.36496,-2.32291,-1.18322,50,5.55893,0.49951,-113.92423,1.10731,5.65085,23.84716,-35.18129,ARI_WIL,GRA_CAN,UArizona,D1,BIG12,20260324-UArizona-1,e693f0a0-27f2-11f1-8d4e-73b83eb2bf78,77.13633,14.23849,,7.263,,,,2.0779,2.43284,-0.47327,fcc4ca4f-6759-4024-9276-a76842dbcbc5,2026-03-25,02:32:42.33,2026-03-24T20:32:42.3355904-06:00,2026-03-25T02:32:42.3355904Z,LineDrive,v3,232,5310,4b3137947cb04fa1abe03d266626d88b,"Meyers, Roman",834679,Right,ARI_WIL,68cbe836-d219-4efd-89b7-b3a2b4f2f7a5,54.72765,-114.90958,11.92358,5.48314,2.56098,-17.59064,-1.19904,0.26602,2.82542,,2.07787,88.92951,-20.83022,4.82877,-1.88086,1.258,-0.68631,0.20427,-0.02463,2.43282,34.56261,-27.77621,4.24351,-1.29815,0.65029,-0.3123,0.08993,-0.01077,-0.47329,-97.56663,5.85611,1.15163,-1.09281,0.94444,-0.55344,0.17772,-0.0234,,,,,,,,,,,,,,,,,,,,,,,High,High,High,High,Medium,,,,55.051462,59.60288,1369.987108,0.50599,7:45,-0.851835,0.435435,0.291159,-26.957412,18.684004,30.036079,124.709722,-35.827957,0.666498,-0.585353,-0.461673,51.73689,-41.797367,0.585353,-0.666498,0.461673,-51.73689,41.797367,-0.585353,0.666498,0.461673,-124.709722,35.827957,-0.666498,0.585353,-0.461673
148,2026-03-24,20:33:06.80,3,4,"Kling, Corey",807310,Right,ARI_WIL,"Sanko, Jake",830830,Right,GRA_CAN,Undefined,5,Top,2,1,2,Slider,Slider,InPlay,Undefined,GroundBall,Single,0,0,,81.01256,0.388422,-1.080051,2799.630994,81.890258,8:45,5.41939,1.33305,5.72286,-43.73924,-0.52819,-13.87406,2.13632,-0.82924,73.84504,-7.64883,-3.563979,0.473117,60.50789,-42.224504,-36.868212,,,,,5.17112,3.4467,-10.928409,0.042823,6.78063,-0.02118,-1.23394,50,5.42469,2.75213,-117.6057,-0.65096,9.38837,24.67532,-32.20338,ARI_WIL,GRA_CAN,UArizona,D1,BIG12,20260324-UArizona-1,f5246cd0-27f2-11f1-8d4e-73b83eb2bf78,79.66828,2.56689,,7.16752,,,,2.81452,2.56689,0.71665,fcc4ca4f-6759-4024-9276-a76842dbcbc5,2026-03-25,02:33:06.80,2026-03-24T20:33:06.8058112-06:00,2026-03-25T02:33:06.8058112Z,GroundBall,v3,232,5310,4b3137947cb04fa1abe03d266626d88b,"Meyers, Roman",834679,Right,ARI_WIL,b5d74fb7-8e8c-434c-a4bd-f7cc9ca81371,54.7777,-118.60389,12.33766,5.42467,0.65177,-16.10169,-1.33759,2.37234,4.69419,,2.81269,52.84091,,,,,,,,2.56897,-59.94168,,,,,,,,0.71803,-39.62826,,,,,,,,,,,,,,,,,,,,,,,,,,,,,,High,High,High,Low,Low,,,,56.162928,65.010846,1182.694855,0.422447,7:45,-0.899394,0.357031,0.25223,-15.777828,16.541269,32.170024,111.547648,-38.273262,0.730199,-0.619413,-0.288335,65.038159,-46.903098,0.619413,-0.730199,0.288335,-65.038159,46.903098,-0.619413,0.730199,0.288335,-111.547648,38.273262,-0.730199,0.619413,-0.288335
149,2026-03-24,20:33:52.72,4,1,"Kling, Corey",807310,Right,ARI_WIL,"Perez, Jaime",1000122545,Right,GRA_CAN,Undefined,5,Top,2,0,0,Slider,Slider,StrikeSwinging,Undefined,Undefined,Undefined,0,0,,78.92588,0.340822,-0.742901,2650.478114,88.199714,9:00,5.2122,1.59615,5.51396,-45.13018,1.01138,-19.5595,1.77009,-0.72853,71.62909,-7.936173,-4.231641,0.488897,,,,,,,,,,,,9.71571,0.80933,-1.51759,50,5.2116,2.24067,-114.48815,-0.81004,12.67228,24.54915,-31.11842,ARI_WIL,GRA_CAN,UArizona,D1,BIG12,20260324-UArizona-1,10867720-27f3-11f1-8d4e-73b83eb2bf78,77.09688,,,7.29679,,,,,,,fcc4ca4f-6759-4024-9276-a76842dbcbc5,2026-03-25,02:33:52.72,2026-03-24T20:33:52.7244800-06:00,2026-03-25T02:33:52.7244800Z,,v3,232,5310,4b3137947cb04fa1abe03d266626d88b,"Meyers, Roman",834679,Right,ARI_WIL,4f8f3fe2-d943-4693-9fe2-f79deacb6396,54.98631,-115.5524,12.27457,5.21747,0.539,-15.55921,-1.60281,1.69131,6.33614,,,,,,,,,,,,,,,,,,,,,,,,,,,,,,,,,,,,,,,,,,,,,,,,,,,High,High,High,,,,,,66.530985,69.266576,938.323522,0.35402,8:15,-0.931383,0.330292,0.153079,-9.221145,3.027122,24.754045,108.696938,-45.585813,0.662908,-0.714299,-0.224342,72.563884,-41.52202,0.714299,-0.662908,0.224342,-72.563884,41.52202,-0.714299,0.662908,0.224342,-108.696938,45.585813,-0.662908,0.714299,-0.224342
150,2026-03-24,20:35:02.04,4,2,"Kling, Corey",807310,Right,ARI_WIL,"Perez, Jaime",1000122545,Right,GRA_CAN,Undefined,5,Top,2,0,1,Fastball,Four-Seam,FoulBallNotFieldable,Undefined,Undefined,Undefined,0,0,,92.17518,-1.380603,-2.587,2186.211927,207.169997,1:00,5.63607,1.0205,5.89135,-19.86092,12.99099,6.14386,2.69755,-0.87117,84.43082,-5.106775,-1.485584,0.412526,87.11112,-8.894939,55.282926,,,,,14.3727,14.3727,57.932061,0.110319,-3.84142,7.3376,-0.81546,50,5.51327,5.77586,-133.78252,-3.88038,-6.97844,28.22486,-18.84451,ARI_WIL,GRA_CAN,UArizona,D1,BIG12,20260324-UArizona-1,39d28470-27f3-11f1-8d4e-73b83eb2bf78,91.36981,2.18318,,7.74437,,,,-0.3138,2.18318,0.71352,fcc4ca4f-6759-4024-9276-a76842dbcbc5,2026-03-25,02:35:02.04,2026-03-24T20:35:02.0490752-06:00,2026-03-25T02:35:02.0490752Z,GroundBall,v3,232,5310,4b3137947cb04fa1abe03d266626d88b,"Meyers, Roman",834679,Right,ARI_WIL,051be96f-a3ce-48c2-af02-2d05dd5a974e,54.60724,-134.75103,14.11243,5.63533,-3.23375,-9.42226,-1.01776,6.01532,-3.48922,180,-0.31603,72.01475,,,,,,,,2.1838,-19.78965,,,,,,,,0.71029,103.93631,,,,,,,,,,,,,,,,,,,,,,,,,,,,,,High,High,High,Low,Low,,,,209.867945,22.866129,2014.409073,0.921415,1:00,-0.413091,-0.468096,-0.781179,-40.977828,-17.875406,-28.572763,158.179608,-0.00955,0.371698,-0.000167,-0.928354,0.010287,-21.820392,0.000167,-0.371698,0.928354,-0.010287,21.820392,-0.000167,0.371698,0.928354,-158.179608,0.00955,-0.371698,0.000167,-0.928354
151,2026-03-24,20:35:53.29,4,3,"Kling, Corey",807310,Right,ARI_WIL,"Perez, Jaime",1000122545,Right,GRA_CAN,Undefined,5,Top,2,0,2,Slider,Slider,InPlay,Undefined,GroundBall,Single,0,0,,78.73161,1.960984,-0.303771,2627.909629,84.033978,8:45,5.45798,1.30625,5.58357,-46.17223,-0.14937,-16.24619,3.44234,-0.33128,71.53936,-6.52747,-3.202922,0.488268,95.19169,-7.628599,-29.850155,,,,,27.04835,26.08068,-26.910497,0.182687,8.15685,-0.25996,-1.26912,50,5.59637,1.2336,-114.22,2.3901,10.65859,23.17334,-32.51371,ARI_WIL,GRA_CAN,UArizona,D1,BIG12,20260324-UArizona-1,586ada90-27f3-11f1-8d4e-73b83eb2bf78,77.19622,3.39314,,7.19225,,,,2.14651,3.39314,0.36752,fcc4ca4f-6759-4024-9276-a76842dbcbc5,2026-03-25,02:35:53.29,2026-03-24T20:35:53.2989440-06:00,2026-03-25T02:35:53.2989440Z,GroundBall,v3,232,5310,4b3137947cb04fa1abe03d266626d88b,"Meyers, Roman",834679,Right,ARI_WIL,4a9adb06-1f45-43c8-a7a0-0533ebe2fcab,54.91662,-115.21319,11.58667,5.46407,3.7836,-16.25686,-1.3122,0.77679,5.32929,180,2.13897,120.27626,,,,,,,,3.39431,-18.57354,,,,,,,,0.37185,-69.02275,,,,,,,,,,,,,,,,,,,,,,,,,,,,,,High,High,High,Medium,Low,,,,62.994878,63.863887,1157.607616,0.440505,8:00,-0.882721,0.422965,0.204703,-23.521832,23.911436,23.856075,108.071435,-41.686866,0.709952,-0.665059,-0.231656,70.795527,-45.230998,0.665059,-0.709952,0.231656,-70.795527,45.230998,-0.665059,0.709952,0.231656,-108.071435,41.686866,-0.709952,0.665059,-0.231656
152,2026-03-24,20:36:34.99,5,1,"Kling, Corey",807310,Right,ARI_WIL,"Scaldeferri, Billy",821907,Right,GRA_CAN,Undefined,5,Top,2,0,0,Cutter,Cutter,StrikeCalled,Undefined,Undefined,Undefined,0,0,,87.30988,-2.259404,-1.627333,2194.243,174.246059,11:45,5.71335,1.17058,6.30552,-21.07454,15.44875,-1.42677,1.87369,-0.44794,79.12428,-6.267538,-1.885372,0.434967,,,,,,,,,,,,0.22819,9.11721,-1.05058,50,5.53737,3.65451,-126.63266,-5.58406,0.36598,28.81935,-17.55114,ARI_WIL,GRA_CAN,UArizona,D1,BIG12,20260324-UArizona-1,713d3950-27f3-11f1-8d4e-73b83eb2bf78,86.65582,,,8.1856,,,,,,,fcc4ca4f-6759-4024-9276-a76842dbcbc5,2026-03-25,02:36:34.99,2026-03-24T20:36:34.9902336-06:00,2026-03-25T02:36:34.9902336Z,,v3,232,5310,4b3137947cb04fa1abe03d266626d88b,"Meyers, Roman",834679,Right,ARI_WIL,de2c2671-5b50-4d31-ac0f-3cb42ecd8950,54.19075,-127.58284,14.40967,5.71193,-5.0054,-8.77557,-1.17087,3.64245,0.18299,,,,,,,,,,,,,,,,,,,,,,,,,,,,,,,,,,,,,,,,,,,,,,,,,,,High,High,High,,,,,,194.087781,58.327966,1152.101145,0.525056,12:30,-0.859489,-0.161256,-0.485052,-86.685821,18.769854,-19.602287,130.625736,-42.48844,0.559681,-0.675441,-0.480141,54.592675,-34.033767,0.675441,-0.559681,0.480141,-54.592675,34.033767,-0.675441,0.559681,0.480141,-130.625736,42.48844,-0.559681,0.675441,-0.480141
153,2026-03-24,20:36:54.06,5,2,"Kling, Corey",807310,Right,ARI_WIL,"Scaldeferri, Billy",821907,Right,GRA_CAN,Undefined,5,Top,2,0,1,Fastball,Four-Seam,BallCalled,Undefined,Undefined,Undefined,0,0,,92.901,0.131726,-1.330085,2231.89064,196.816614,12:30,5.7059,1.13419,6.35201,-15.39938,16.79088,4.73209,4.5439,0.30403,83.70332,-2.857193,-0.473759,0.408351,,,,,,,,,,,,-2.86725,9.00658,-1.03971,50,5.708,2.92844,-134.85121,-0.09171,-5.20737,33.07835,-15.81677,ARI_WIL,GRA_CAN,UArizona,D1,BIG12,20260324-UArizona-1,7c94f8b0-27f3-11f1-8d4e-73b83eb2bf78,92.30401,,,9.19768,,,,,,,fcc4ca4f-6759-4024-9276-a76842dbcbc5,2026-03-25,02:36:54.06,2026-03-24T20:36:54.0621312-06:00,2026-03-25T02:36:54.0621312Z,,v3,232,5310,4b3137947cb04fa1abe03d266626d88b,"Meyers, Roman",834679,Right,ARI_WIL,6bba830e-ac92-4a32-8ce9-da70e58b65d9,54.1437,-135.86383,16.53918,5.70339,0.39249,-7.90838,-1.13179,3.08785,-2.60368,,,,,,,,,,,,,,,,,,,,,,,,,,,,,,,,,,,,,,,,,,,,,,,,,,,High,High,High,,,,,,208.935088,24.697573,2027.730401,0.908526,1:00,-0.437182,-0.4386,-0.785177,-40.786104,-33.432034,-41.168499,152.145553,3.118119,0.466535,0.054395,-0.882828,3.525765,27.80963,0.054395,0.466535,0.882828,-3.525765,-27.80963,-0.054395,-0.466535,0.882828,-152.145553,-3.118119,-0.466535,-0.054395,-0.882828
154,2026-03-24,20:37:12.79,5,3,"Kling, Corey",807310,Right,ARI_WIL,"Scaldeferri, Billy",821907,Right,GRA_CAN,Undefined,5,Top,2,1,1,Slider,Slider,StrikeCalled,Undefined,Undefined,Undefined,0,0,,81.79597,0.747743,0.255825,2718.560343,89.686848,9:00,5.3617,1.40979,5.44491,-41.64144,1.50047,-11.7404,2.59173,0.67095,73.81517,-6.91141,-1.835953,0.472739,,,,,,,,,,,,5.95863,0.99665,-1.42417,50,5.39948,-0.03638,-118.55853,0.09074,8.33289,26.36146,-30.78026,ARI_WIL,GRA_CAN,UArizona,D1,BIG12,20260324-UArizona-1,87ce5aa0-27f3-11f1-8d4e-73b83eb2bf78,79.73209,,,7.9808,,,,,,,fcc4ca4f-6759-4024-9276-a76842dbcbc5,2026-03-25,02:37:12.79,2026-03-24T20:37:12.7971840-06:00,2026-03-25T02:37:12.7971840Z,,v3,232,5310,4b3137947cb04fa1abe03d266626d88b,"Meyers, Roman",834679,Right,ARI_WIL,e8e91aef-74a4-4c32-b7b3-60fa639dbda5,55.05191,-119.67655,13.18073,5.36795,1.39617,-15.39013,-1.41513,-0.38979,4.16644,,,,,,,,,,,,,,,,,,,,,,,,,,,,,,,,,,,,,,,,,,,,,,,,,,,High,High,High,,,,,,75.989177,73.069904,791.657683,0.291205,8:30,-0.953197,0.295002,0.066247,-12.27873,-4.380658,30.905619,111.201943,-41.235126,0.701108,-0.659151,-0.271969,67.578669,-44.516005,0.659151,-0.701108,0.271969,-67.578669,44.516005,-0.659151,0.701108,0.271969,-111.201943,41.235126,-0.701108,0.659151,-0.271969
155,2026-03-24,20:37:33.52,5,4,"Kling, Corey",807310,Right,ARI_WIL,"Scaldeferri, Billy",821907,Right,GRA_CAN,Undefined,5,Top,2,1,2,Fastball,Four-Seam,StrikeSwinging,Strikeout,Undefined,Undefined,0,0,,93.94098,-0.949968,-0.964779,2312.135005,202.052509,12:45,5.67982,1.07944,6.01293,-15.31001,16.62965,6.27091,3.52376,0.70818,84.58886,-3.900671,0.163227,0.406758,,,,,,,,,,,,-3.50713,9.16217,-1.00701,50,5.59692,2.01052,-136.26146,-2.69757,-6.4964,34.06943,-15.20261,ARI_WIL,GRA_CAN,UArizona,D1,BIG12,20260324-UArizona-1,9420a6a0-27f3-11f1-8d4e-73b83eb2bf78,92.66542,,,9.35212,,,,,,,fcc4ca4f-6759-4024-9276-a76842dbcbc5,2026-03-25,02:37:33.52,2026-03-24T20:37:33.5279616-06:00,2026-03-25T02:37:33.5279616Z,,v3,232,5310,4b3137947cb04fa1abe03d266626d88b,"Meyers, Roman",834679,Right,ARI_WIL,6b2ff250-5c8c-4a04-9798-bc93543a8de8,54.48249,-137.37765,17.03472,5.67714,-2.1995,-7.60131,-1.07636,2.22336,-3.2482,,,,,,,,,,,,,,,,,,,,,,,,,,,,,,,,,,,,,,,,,,,,,,,,,,,High,High,High,,,,,,209.517812,18.207858,2196.364569,0.949929,1:00,-0.318538,-0.473141,-0.821384,-35.708106,-7.808944,-10.374519,160.24046,-1.858864,0.337896,-0.032438,-0.940624,1.975073,-19.74871,0.032438,-0.337896,0.940624,-1.975073,19.74871,-0.032438,0.337896,0.940624,-160.24046,1.858864,-0.337896,0.032438,-0.940624
156,2026-03-24,20:40:25.17,1,1,"Higginbottom, Elijah",830834,Right,GRA_CAN,"Cain, Andrew",814832,Left,ARI_WIL,Undefined,5,Bottom,0,0,0,Slider,Slider,StrikeCalled,Undefined,Undefined,Undefined,0,0,,78.30083,1.321462,-1.371402,2651.1583,82.191134,8:45,5.29185,1.84722,5.69598,-46.99955,-0.64839,-16.03737,2.60728,-0.76749,71.3178,-7.317146,-4.23815,0.490006,,,,,,,,,,,,7.65693,-0.20772,-1.72225,50,5.37407,3.34605,-113.59608,1.0843,9.89633,22.9209,-32.44252,ARI_WIL,GRA_CAN,UArizona,D1,BIG12,20260324-UArizona-1,fa787310-27f3-11f1-8d4e-73b83eb2bf78,76.92236,,,6.98303,,,,,,,fcc4ca4f-6759-4024-9276-a76842dbcbc5,2026-03-25,02:40:25.17,2026-03-24T20:40:25.1758080-06:00,2026-03-25T02:40:25.1758080Z,,v3,232,5310,4b3137947cb04fa1abe03d266626d88b,"Perez, Jaime",1000122545,Right,GRA_CAN,c89a0bd3-ff31-4d29-ac09-c4bfda99e40e,54.80259,-114.56102,11.46045,5.29968,2.45009,-16.22126,-1.85434,2.92942,4.94816,,,,,,,,,,,,,,,,,,,,,,,,,,,,,,,,,,,,,,,,,,,,,,,,,,,High,High,High,,,,,,67.776608,62.49989,1224.173187,0.46175,8:15,-0.872485,0.447792,0.19558,14.538163,1.031832,12.999622,91.544761,-48.840197,0.657922,-0.752877,-0.017743,88.649991,-41.141602,0.752877,-0.657922,0.017743,-88.649991,41.141602,-0.752877,0.657922,0.017743,-91.544761,48.840197,-0.657922,0.752877,-0.017743
157,2026-03-24,20:40:41.09,1,2,"Higginbottom, Elijah",830834,Right,GRA_CAN,"Cain, Andrew",814832,Left,ARI_WIL,Undefined,5,Bottom,0,0,1,ChangeUp,Changeup,InPlay,Undefined,GroundBall,Out,1,0,,83.9368,-0.749146,-3.032218,1922.066222,250.794269,2:15,4.9467,2.1462,6.31849,-33.07616,6.10764,13.86583,1.49935,0.50627,76.71143,-6.924753,-0.524523,0.450531,68.26403,4.074596,35.092442,4014.139306,,,,50.91412,46.47247,35.284997,0.5183,-8.15347,3.75295,-1.93091,50,4.87604,5.94674,-121.87205,-2.59073,-12.20618,24.98477,-26.55566,ARI_WIL,GRA_CAN,UArizona,D1,BIG12,20260324-UArizona-1,03ea5b70-27f4-11f1-8d4e-73b83eb2bf78,83.66224,1.87435,,7.22537,,,,2.72804,1.19702,-0.62905,fcc4ca4f-6759-4024-9276-a76842dbcbc5,2026-03-25,02:40:41.09,2026-03-24T20:40:41.0943488-06:00,2026-03-25T02:40:41.0943488Z,GroundBall,v3,232,5310,4b3137947cb04fa1abe03d266626d88b,"Perez, Jaime",1000122545,Right,GRA_CAN,87a82044-a89b-4108-b256-db748d2b803d,54.18212,-122.72643,12.49238,4.9491,-1.68264,-13.27783,-2.1414,6.36414,-6.10309,,2.73742,81.47121,-12.70206,,,,,,,1.20607,6.88095,-17.79798,,,,,,,-0.63574,57.58725,0.76231,,,,,,,,,,,,,,,,,,,,,,,,,,,,,High,High,High,High,High,,,,242.879098,16.446607,1843.422936,0.959084,2:00,-0.294684,-0.857258,-0.42222,70.287911,49.746998,59.539136,120.926016,72.939059,0.251678,0.955993,-0.150781,81.037011,14.576835,0.955993,0.251678,0.150781,-81.037011,-14.576835,-0.955993,-0.251678,0.150781,-120.926016,-72.939059,-0.251678,-0.955993,-0.150781
158,2026-03-24,20:41:18.68,2,1,"Higginbottom, Elijah",830834,Right,GRA_CAN,"Meyers, Roman",834679,Right,ARI_WIL,Undefined,5,Bottom,1,0,0,Cutter,Slider,BallCalled,Undefined,Undefined,Undefined,0,0,,84.36345,-1.518158,-5.125613,2369.15968,107.945922,9:30,5.32021,2.83663,5.7366,-37.799,2.15929,-2.68067,0.75058,-2.1725,77.36288,-8.42145,-5.602461,0.454962,,,,,,,,,,,,-0.13965,1.95662,-2.40709,50,5.17027,11.05039,-121.97685,-4.5437,-0.20934,25.095,-29.24072,ARI_WIL,GRA_CAN,UArizona,D1,BIG12,20260324-UArizona-1,1a55f360-27f4-11f1-8d4e-73b83eb2bf78,82.84747,,,7.00057,,,,,,,fcc4ca4f-6759-4024-9276-a76842dbcbc5,2026-03-25,02:41:18.68,2026-03-24T20:41:18.6814464-06:00,2026-03-25T02:41:18.6814464Z,,v3,232,5310,4b3137947cb04fa1abe03d266626d88b,"Perez, Jaime",1000122545,Right,GRA_CAN,e9c53459-f07f-40aa-aa61-8869b9d97cd6,54.76182,-122.95263,12.5475,5.32484,-3.40672,-14.62036,-2.83692,11.05853,-0.10467,,,,,,,,,,,,,,,,,,,,,,,,,,,,,,,,,,,,,,,,,,,,,,,,,,,High,High,High,,,,,,187.983437,84.434235,229.780562,0.096988,12:15,-0.999183,-0.039835,-0.006809,120.625058,22.764067,-16.56653,161.584209,60.470724,0.155702,0.870104,-0.467628,61.744676,8.957527,0.870104,0.155702,0.467628,-61.744676,-8.957527,-0.870104,-0.155702,0.467628,-161.584209,-60.470724,-0.155702,-0.870104,-0.467628
159,2026-03-24,20:41:33.21,2,2,"Higginbottom, Elijah",830834,Right,GRA_CAN,"Meyers, Roman",834679,Right,ARI_WIL,Undefined,5,Bottom,1,1,0,Slider,Curveball,BallCalled,Undefined,Undefined,Undefined,0,0,,77.45685,0.397936,-2.167354,2588.749861,73.326186,8:30,5.29979,3.07091,5.70441,-50.20054,-2.77957,-14.59387,1.48747,-0.16567,70.75585,-8.788798,-4.776876,0.495629,,,,,,,,,,,,6.72867,-1.04642,-2.88003,50,5.30223,4.80421,-112.36092,-0.84005,8.49382,22.74838,-33.49498,ARI_WIL,GRA_CAN,UArizona,D1,BIG12,20260324-UArizona-1,230946b0-27f4-11f1-8d4e-73b83eb2bf78,76.04971,,,6.70101,,,,,,,fcc4ca4f-6759-4024-9276-a76842dbcbc5,2026-03-25,02:41:33.21,2026-03-24T20:41:33.2148736-06:00,2026-03-25T02:41:33.2148736Z,,v3,232,5310,4b3137947cb04fa1abe03d266626d88b,"Perez, Jaime",1000122545,Right,GRA_CAN,7a467a4e-0702-4b90-a09a-28f4c87a783b,54.79535,-113.32762,11.37419,5.30768,0.58333,-16.74749,-3.07652,4.44326,4.24691,,,,,,,,,,,,,,,,,,,,,,,,,,,,,,,,,,,,,,,,,,,,,,,,,,,High,High,High,,,,,,61.315495,60.871949,1260.107909,0.486763,8:00,-0.861089,0.433082,0.266395,-8.378635,6.518905,19.278132,113.605201,-44.107661,0.657953,-0.696009,-0.287524,67.554311,-41.143929,0.696009,-0.657953,0.287524,-67.554311,41.143929,-0.696009,0.657953,0.287524,-113.605201,44.107661,-0.657953,0.696009,-0.287524
160,2026-03-24,20:41:48.99,2,3,"Higginbottom, Elijah",830834,Right,GRA_CAN,"Meyers, Roman",834679,Right,ARI_WIL,Undefined,5,Bottom,1,2,0,Fastball,Four-Seam,BallCalled,Undefined,Undefined,Undefined,0,0,,91.12236,-0.461758,-3.929379,2265.602026,188.904523,12:15,5.58741,2.56353,6.25002,-16.13942,17.34505,2.54343,3.8156,-0.85404,82.73101,-3.563637,-3.471816,0.416479,,,,,,,,,,,,-2.46327,9.43564,-2.27224,50,5.5448,8.96254,-132.05366,-1.49708,-4.32552,29.57442,-15.6049,ARI_WIL,GRA_CAN,UArizona,D1,BIG12,20260324-UArizona-1,2c65f960-27f4-11f1-8d4e-73b83eb2bf78,90.50263,,,8.39135,,,,,,,fcc4ca4f-6759-4024-9276-a76842dbcbc5,2026-03-25,02:41:48.99,2026-03-24T20:41:48.9953792-06:00,2026-03-25T02:41:48.9953792Z,,v3,232,5310,4b3137947cb04fa1abe03d266626d88b,"Perez, Jaime",1000122545,Right,GRA_CAN,67092cb3-3012-4f6f-ab30-1b4f318bdffa,54.24605,-133.0012,14.78721,5.58476,-0.99711,-7.80245,-2.56162,9.10113,-2.16276,,,,,,,,,,,,,,,,,,,,,,,,,,,,,,,,,,,,,,,,,,,,,,,,,,,High,High,High,,,,,,212.588757,41.239014,1703.656178,0.751966,1:00,-0.697791,-0.410313,-0.587138,-0.982856,50.054742,41.261406,176.458724,-9.698143,0.060885,-0.168457,-0.983827,9.716343,-3.490604,0.168457,-0.060885,0.983827,-9.716343,3.490604,-0.168457,0.060885,0.983827,-176.458724,9.698143,-0.060885,0.168457,-0.983827
161,2026-03-24,20:42:03.85,2,4,"Higginbottom, Elijah",830834,Right,GRA_CAN,"Meyers, Roman",834679,Right,ARI_WIL,Undefined,5,Bottom,1,3,0,Fastball,Four-Seam,StrikeCalled,Undefined,Undefined,Undefined,0,0,,90.84823,-0.644794,-2.992328,2121.589878,198.924564,12:45,5.44575,2.56311,6.08274,-15.53942,18.54847,5.94252,3.55342,0.28742,81.8614,-3.651357,-1.924345,0.420215,,,,,,,,,,,,-3.96634,10.06804,-2.3347,50,5.38746,6.61978,-131.63976,-1.8899,-6.87054,31.29366,-14.73411,ARI_WIL,GRA_CAN,UArizona,D1,BIG12,20260324-UArizona-1,3539a5f0-27f4-11f1-8d4e-73b83eb2bf78,89.698,,,8.98683,,,,,,,fcc4ca4f-6759-4024-9276-a76842dbcbc5,2026-03-25,02:42:03.85,2026-03-24T20:42:03.8560768-06:00,2026-03-25T02:42:03.8560768Z,,v3,232,5310,4b3137947cb04fa1abe03d266626d88b,"Perez, Jaime",1000122545,Right,GRA_CAN,a5aa90ec-c197-446f-af97-9cf3bc840e0f,54.41172,-132.68438,15.64683,5.44233,-1.39806,-7.36705,-2.5595,6.84912,-3.43527,,,,,,,,,,,,,,,,,,,,,,,,,,,,,,,,,,,,,,,,,,,,,,,,,,,High,High,High,,,,,,217.268776,27.060099,1889.339079,0.89053,1:15,-0.48521,-0.54435,-0.684291,15.460437,32.629262,79.111215,170.824297,-6.685224,0.158378,-0.116415,-0.980492,6.771077,-9.112782,0.116415,-0.158378,0.980492,-6.771077,9.112782,-0.116415,0.158378,0.980492,-170.824297,6.685224,-0.158378,0.116415,-0.980492
162,2026-03-24,20:42:20.04,2,5,"Higginbottom, Elijah",830834,Right,GRA_CAN,"Meyers, Roman",834679,Right,ARI_WIL,Undefined,5,Bottom,1,3,1,Sinker,Sinker,InPlay,Undefined,Popup,Out,1,0,,91.0185,-1.744809,-3.294328,2179.459209,224.849592,1:30,5.432,2.68949,6.23174,-20.44785,13.08808,11.90131,2.11516,0.6387,82.81146,-5.615911,-1.148262,0.416799,77.59659,65.289965,-10.283753,,106.41671,104.20919,-27.84696,140.89838,140.21227,-15.54055,5.85251,-7.15189,7.63729,-2.44916,50,5.29137,7.10875,-131.99911,-4.64662,-12.54594,29.60353,-18.77664,ARI_WIL,GRA_CAN,UArizona,D1,BIG12,20260324-UArizona-1,3ee1e090-27f4-11f1-8d4e-73b83eb2bf78,90.43313,136.39872,,8.20704,,,,1.12815,1.68974,-0.61715,fcc4ca4f-6759-4024-9276-a76842dbcbc5,2026-03-25,02:42:20.04,2026-03-24T20:42:20.0470528-06:00,2026-03-25T02:42:20.0470528Z,Popup,v3,232,5310,4b3137947cb04fa1abe03d266626d88b,"Perez, Jaime",1000122545,Right,GRA_CAN,f96604ba-9c5d-4ebd-9c22-7fac8bd8a07b,54.26723,-132.95268,14.80177,5.4313,-4.0418,-9.38832,-2.68465,7.51287,-6.27297,178.187926,1.1128,47.06015,-15.56549,5.81933,-1.81236,0.44942,-0.07319,0.00654,-0.00024,1.67357,103.71799,-25.45614,4.33092,-1.94355,0.71446,-0.15674,0.01765,-0.00079,-0.61406,-8.55155,2.12427,-1.07165,0.43872,-0.13783,0.02704,-0.00282,0.00012,,,,,,,,,,,,,,,,,,,,,,,High,High,High,Medium,Medium,,,,213.129627,30.582665,1876.287707,0.860896,1:00,-0.534832,-0.485783,-0.691354,-5.733742,30.037518,59.915031,164.739159,-18.185355,0.250067,-0.312092,-0.916551,18.804077,-14.481461,0.312092,-0.250067,0.916551,-18.804077,14.481461,-0.312092,0.250067,0.916551,-164.739159,18.185355,-0.250067,0.312092,-0.916551
163,2026-03-24,20:42:55.73,3,1,"Higginbottom, Elijah",830834,Right,GRA_CAN,"Forbes, Jackson",815387,Left,ARI_WIL,Undefined,5,Bottom,2,0,0,Slider,Curveball,BallCalled,Undefined,Undefined,Undefined,0,0,,77.70639,0.403974,-1.663479,2554.67664,71.942286,8:30,5.28024,1.69718,6.22145,-49.82148,-3.32736,-15.30371,1.50137,-1.11351,70.49977,-8.822132,-4.429204,0.490761,,,,,,,,,,,,7.34666,-1.34091,-1.56555,50,5.28641,3.82431,-112.77915,-0.69762,9.26671,24.45945,-33.86542,ARI_WIL,GRA_CAN,UArizona,D1,BIG12,20260324-UArizona-1,5434b580-27f4-11f1-8d4e-73b83eb2bf78,76.80402,,,7.20662,,,,,,,fcc4ca4f-6759-4024-9276-a76842dbcbc5,2026-03-25,02:42:55.73,2026-03-24T20:42:55.7324800-06:00,2026-03-25T02:42:55.7324800Z,,v3,232,5310,4b3137947cb04fa1abe03d266626d88b,"Perez, Jaime",1000122545,Right,GRA_CAN,c3119db9-e126-4b74-ae03-43d7f128a058,54.27754,-113.70307,12.22973,5.2886,0.5816,-16.93271,-1.7034,3.47428,4.63336,,,,,,,,,,,,,,,,,,,,,,,,,,,,,,,,,,,,,,,,,,,,,,,,,,,High,High,High,,,,,,63.933826,65.560256,1056.961778,0.413736,8:15,-0.902094,0.378063,0.208074,-75.714874,53.916473,0.731637,108.579689,-44.137622,0.680265,-0.696384,-0.228666,71.821783,-42.864377,0.696384,-0.680265,0.228666,-71.821783,42.864377,-0.696384,0.680265,0.228666,-108.579689,44.137622,-0.680265,0.696384,-0.228666
164,2026-03-24,20:43:10.54,3,2,"Higginbottom, Elijah",830834,Right,GRA_CAN,"Forbes, Jackson",815387,Left,ARI_WIL,Undefined,5,Bottom,2,1,0,Slider,Slider,InPlay,Undefined,FlyBall,Out,1,0,,77.14423,1.44603,-0.654577,2497.127735,76.84286,8:30,5.21885,1.89851,5.66906,-50.23353,-2.31748,-16.98001,2.38134,-0.12683,70.09848,-7.781778,-3.691379,0.498209,90.23003,34.891064,25.418943,2905.004749,97.84891,65.91852,50.25485,335.2829,327.34534,29.271538,5.03213,8.44709,-1.19752,-1.83215,50,5.30926,1.91496,-111.93351,1.21458,10.55955,22.97133,-33.67103,ARI_WIL,GRA_CAN,UArizona,D1,BIG12,20260324-UArizona-1,5d0554d0-27f4-11f1-8d4e-73b83eb2bf78,75.65584,84.31467,,7.04575,,,,2.14574,2.09852,-0.05845,fcc4ca4f-6759-4024-9276-a76842dbcbc5,2026-03-25,02:43:10.54,2026-03-24T20:43:10.5442304-06:00,2026-03-25T02:43:10.5442304Z,FlyBall,v3,232,5310,4b3137947cb04fa1abe03d266626d88b,"Perez, Jaime",1000122545,Right,GRA_CAN,648335d4-27a6-4d64-a218-abd7f19ad136,54.83139,-112.92067,11.48567,5.22597,2.66154,-16.83552,-1.90469,1.46118,5.27978,206.607271,2.16596,97.64282,-17.38851,2.0757,1.08291,-0.69636,0.16418,-0.01719,0.00065,2.10406,75.5613,-19.18645,0.09789,1.02071,-0.58359,0.16665,-0.02332,0.00126,-0.05324,46.46415,-2.9007,-1.2358,1.15801,-0.53494,0.13905,-0.0186,0.00099,,,,,,,,,,,,,,,,,,,,,,,High,High,High,High,Medium,,,,66.455814,65.140799,1049.767083,0.42039,8:15,-0.895352,0.408168,0.178168,5.492881,4.48392,11.768565,95.758685,-53.578945,0.590718,-0.804676,-0.059573,85.765939,-36.208,0.804676,-0.590718,0.059573,-85.765939,36.208,-0.804676,0.590718,0.059573,-95.758685,53.578945,-0.590718,0.804676,-0.059573
165,2026-03-24,20:45:33.60,1,1,"Kling, Corey",807310,Right,ARI_WIL,"Peery, Cannon",821900,Right,GRA_CAN,Undefined,6,Top,0,0,0,Cutter,Slider,BallCalled,Undefined,Undefined,Undefined,0,0,,85.43308,-1.580079,-3.437261,2282.581361,129.170178,10:15,5.80132,0.91501,6.04253,-31.07954,7.6589,-7.71485,1.74542,-2.91414,77.46203,-7.358024,-4.821904,0.447964,,,,,,,,,,,,2.78075,4.92925,-0.64339,50,5.66194,7.75575,-123.64852,-4.42175,4.24387,27.92506,-24.65125,ARI_WIL,GRA_CAN,UArizona,D1,BIG12,20260324-UArizona-1,b243d750-27f4-11f1-8d4e-73b83eb2bf78,84.14175,,,7.97104,,,,,,,fcc4ca4f-6759-4024-9276-a76842dbcbc5,2026-03-25,02:45:33.60,2026-03-24T20:45:33.6056320-06:00,2026-03-25T02:45:33.6056320Z,,v3,232,5310,4b3137947cb04fa1abe03d266626d88b,"Meyers, Roman",834679,Right,ARI_WIL,d4198e81-4c51-40f7-b7d2-5eb696a21a00,54.4498,-124.64942,13.96253,5.8046,-3.53819,-12.32562,-0.91865,7.60364,2.12194,,,,,,,,,,,,,,,,,,,,,,,,,,,,,,,,,,,,,,,,,,,,,,,,,,,High,High,High,,,,,,187.595698,68.671311,830.215232,0.363718,12:15,-0.949772,-0.073744,-0.304129,-79.724863,38.740788,-6.051069,120.460944,-51.18586,0.540283,-0.779183,-0.317755,67.814118,-32.702875,0.779183,-0.540283,0.317755,-67.814118,32.702875,-0.779183,0.540283,0.317755,-120.460944,51.18586,-0.540283,0.779183,-0.317755
166,2026-03-24,20:45:51.72,1,2,"Kling, Corey",807310,Right,ARI_WIL,"Peery, Cannon",821900,Right,GRA_CAN,Undefined,6,Top,0,1,0,Slider,Slider,StrikeCalled,Undefined,Undefined,Undefined,0,0,,79.28356,1.471826,0.430384,2691.44048,91.416109,9:00,5.52121,1.41005,5.88027,-42.84057,1.86272,-16.08784,3.31838,0.4691,72.26299,-6.451775,-2.457708,0.481217,,,,,,,,,,,,8.2791,1.01736,-1.43592,50,5.61583,-0.24029,-115.11143,1.59022,11.03338,22.71855,-30.81822,ARI_WIL,GRA_CAN,UArizona,D1,BIG12,20260324-UArizona-1,bd1d17e0-27f4-11f1-8d4e-73b83eb2bf78,78.32728,,,7.02057,,,,,,,fcc4ca4f-6759-4024-9276-a76842dbcbc5,2026-03-25,02:45:51.72,2026-03-24T20:45:51.7218304-06:00,2026-03-25T02:45:51.7218304Z,,v3,232,5310,4b3137947cb04fa1abe03d266626d88b,"Meyers, Roman",834679,Right,ARI_WIL,b684ef79-2f0e-4720-b884-038dfaa7643e,54.61818,-116.0193,11.35928,5.52767,2.82177,-15.40911,-1.4175,-0.6812,5.51669,,,,,,,,,,,,,,,,,,,,,,,,,,,,,,,,,,,,,,,,,,,,,,,,,,,High,High,High,,,,,,56.870987,68.306937,994.848633,0.369634,8:00,-0.922411,0.333311,0.195092,-35.7442,27.018214,25.758659,114.606428,-44.377125,0.649845,-0.699378,-0.29761,66.948509,-40.52991,0.699378,-0.649845,0.29761,-66.948509,40.52991,-0.699378,0.649845,0.29761,-114.606428,44.377125,-0.649845,0.699378,-0.29761
167,2026-03-24,20:46:08.75,1,3,"Kling, Corey",807310,Right,ARI_WIL,"Peery, Cannon",821900,Right,GRA_CAN,Undefined,6,Top,0,1,1,Fastball,Four-Seam,StrikeSwinging,Undefined,Undefined,Undefined,0,0,,92.09766,-1.227765,-1.67733,2297.825028,194.005436,12:30,5.78304,0.84517,6.12247,-12.87442,19.94729,4.70217,3.57449,-0.31406,83.63256,-3.734333,-0.830284,0.412337,,,,,,,,,,,,-2.90394,10.95508,-0.71907,50,5.68208,3.71094,-133.68516,-3.18141,-5.22621,30.30789,-12.4583,ARI_WIL,GRA_CAN,UArizona,D1,BIG12,20260324-UArizona-1,c7350440-27f4-11f1-8d4e-73b83eb2bf78,91.41177,,,8.46511,,,,,,,fcc4ca4f-6759-4024-9276-a76842dbcbc5,2026-03-25,02:46:08.75,2026-03-24T20:46:08.7562240-06:00,2026-03-25T02:46:08.7562240Z,,v3,232,5310,4b3137947cb04fa1abe03d266626d88b,"Meyers, Roman",834679,Right,ARI_WIL,aa42092b-4fe3-4293-8b12-9060712cb695,54.37427,-134.6732,15.15394,5.77918,-2.77527,-6.22915,-0.84283,3.88132,-2.6131,,,,,,,,,,,,,,,,,,,,,,,,,,,,,,,,,,,,,,,,,,,,,,,,,,,High,High,High,,,,,,206.456665,23.581081,2105.944868,0.916495,1:00,-0.415055,-0.416796,-0.808709,-41.011305,-12.880757,-36.810074,164.810987,-3.770474,0.261437,-0.06576,-0.962978,3.906542,-15.155347,0.06576,-0.261437,0.962978,-3.906542,15.155347,-0.06576,0.261437,0.962978,-164.810987,3.770474,-0.261437,0.06576,-0.962978
168,2026-03-24,20:46:25.05,1,4,"Kling, Corey",807310,Right,ARI_WIL,"Peery, Cannon",821900,Right,GRA_CAN,Undefined,6,Top,0,1,2,Fastball,Four-Seam,BallCalled,Undefined,Undefined,Undefined,0,0,,92.40107,-1.214206,-3.369174,2230.047474,199.716351,12:45,5.67492,0.92583,6.1287,-17.00119,15.42395,5.1676,3.13369,-1.76145,84.59772,-4.441545,-2.440122,0.409838,,,,,,,,,,,,-3.57087,8.5963,-0.67063,50,5.57297,7.67217,-134.06985,-3.35196,-6.5168,28.25925,-16.48579,ARI_WIL,GRA_CAN,UArizona,D1,BIG12,20260324-UArizona-1,d0ed9290-27f4-11f1-8d4e-73b83eb2bf78,91.96915,,,7.80335,,,,,,,fcc4ca4f-6759-4024-9276-a76842dbcbc5,2026-03-25,02:46:25.05,2026-03-24T20:46:25.0505216-06:00,2026-03-25T02:46:25.0505216Z,,v3,232,5310,4b3137947cb04fa1abe03d266626d88b,"Meyers, Roman",834679,Right,ARI_WIL,8fcbdcae-75a4-4f67-a7be-9e1f164d626c,54.36962,-134.98773,14.12963,5.67315,-2.81648,-8.24289,-0.92327,7.88384,-3.2584,,,,,,,,,,,,,,,,,,,,,,,,,,,,,,,,,,,,,,,,,,,,,,,,,,,High,High,High,,,,,,205.326746,26.594787,1994.097245,0.894195,12:45,-0.486212,-0.391919,-0.781023,-44.236483,-22.235928,-40.459015,156.258822,-1.966152,0.402369,-0.034309,-0.914835,2.147761,-23.726342,0.034309,-0.402369,0.914835,-2.147761,23.726342,-0.034309,0.402369,0.914835,-156.258822,1.966152,-0.402369,0.034309,-0.914835
169,2026-03-24,20:46:42.42,1,5,"Kling, Corey",807310,Right,ARI_WIL,"Peery, Cannon",821900,Right,GRA_CAN,Undefined,6,Top,0,2,2,Fastball,Four-Seam,FoulBallNotFieldable,Undefined,Undefined,Undefined,0,0,,91.99663,-1.404931,-2.969239,2236.744574,201.696508,12:45,5.71816,0.90327,6.0735,-17.03375,15.80788,5.87386,2.99667,-1.35719,84.03749,-4.641698,-1.913473,0.412462,95.5045,10.587595,37.364783,4441.026756,82.03799,13.39029,73.27769,203.85641,203.85641,45.382354,1.857322,-3.85977,8.86067,-0.6764,50,5.60016,6.6756,-133.49389,-3.78693,-6.96298,28.81626,-16.18949,ARI_WIL,GRA_CAN,UArizona,D1,BIG12,20260324-UArizona-1,db47b810-27f4-11f1-8d4e-73b83eb2bf78,91.38407,13.41311,,7.95914,,,,0.25927,2.86461,1.19524,fcc4ca4f-6759-4024-9276-a76842dbcbc5,2026-03-25,02:46:42.42,2026-03-24T20:46:42.4246784-06:00,2026-03-25T02:46:42.4246784Z,LineDrive,v3,232,5310,4b3137947cb04fa1abe03d266626d88b,"Meyers, Roman",834679,Right,ARI_WIL,b0363483-7b74-4936-972b-329cff2e54a3,54.42536,-134.44576,14.40813,5.71642,-3.25215,-8.09475,-0.90072,6.90561,-3.48149,,0.25927,109.43314,-23.00538,4.22089,-0.92905,0.19031,-0.03638,0.00481,-0.00025,2.86461,25.7368,-16.73746,1.44086,-0.26004,0.05564,-0.00909,0.00122,-0.0001,1.19524,83.56116,-2.62758,-0.66688,0.29198,-0.09722,0.02363,-0.00364,0.00022,,,,,,,,,,,,,,,,,,,,,,,High,High,High,High,High,,,,205.70021,27.002553,1992.908765,0.890986,12:45,-0.485411,-0.397403,-0.778747,-42.962657,-23.144878,-31.642992,150.376472,0.0536,0.494299,0.000936,-0.869292,0.06166,29.623514,0.000936,0.494299,0.869292,-0.06166,-29.623514,-0.000936,-0.494299,0.869292,-150.376472,-0.0536,-0.494299,-0.000936,-0.869292
170,2026-03-24,20:47:17.79,1,6,"Kling, Corey",807310,Right,ARI_WIL,"Peery, Cannon",821900,Right,GRA_CAN,Undefined,6,Top,0,2,2,Slider,Slider,InPlay,Undefined,FlyBall,Out,1,0,,81.88463,1.281195,-0.485261,2657.09557,102.435959,9:30,5.4842,1.35423,5.68845,-38.28872,3.60579,-10.56938,3.48784,0.02115,75.11228,-5.770894,-2.375249,0.465854,89.59273,25.128624,-6.961564,2480.657036,109.70293,43.3333,-8.07264,324.64646,319.55199,0.165834,3.917094,5.26272,1.84378,-1.30657,50,5.56786,1.4221,-118.96105,1.38689,7.54877,22.61563,-29.52935,ARI_WIL,GRA_CAN,UArizona,D1,BIG12,20260324-UArizona-1,f0609140-27f4-11f1-8d4e-73b83eb2bf78,80.91038,51.81259,,6.77235,,,,0.87471,3.21386,0.00041,fcc4ca4f-6759-4024-9276-a76842dbcbc5,2026-03-25,02:47:17.79,2026-03-24T20:47:17.7920512-06:00,2026-03-25T02:47:17.7920512Z,LineDrive,v3,232,5310,4b3137947cb04fa1abe03d266626d88b,"Meyers, Roman",834679,Right,ARI_WIL,32d8a30d-b828-47a8-a6a8-0491c6cd564e,54.81198,-119.87236,11.30781,5.48801,2.57679,-14.76468,-1.35775,1.11792,3.77439,228.065511,0.87471,118.09251,-15.69631,3.05958,-0.63645,0.15589,-0.04395,0.00825,-0.00061,3.21423,55.78582,-17.43738,0.79761,0.10573,-0.1163,0.0451,-0.00783,0.00051,0.00066,-14.43064,8.62643,-2.71164,0.68082,-0.13354,0.02247,-0.00267,0.00014,,,,,,,,,,,,,,,,,,,,,,,High,High,High,High,High,,,,70.906215,73.269585,764.895258,0.287869,8:15,-0.950516,0.293376,0.10222,-9.039725,-8.027118,28.532431,114.632532,-42.357117,0.671714,-0.67375,-0.307996,65.433079,-42.199504,0.67375,-0.671714,0.307996,-65.433079,42.199504,-0.67375,0.671714,0.307996,-114.632532,42.357117,-0.671714,0.67375,-0.307996
171,2026-03-24,20:47:50.35,2,1,"Kling, Corey",807310,Right,ARI_WIL,"Schmidt, Trevor",808755,Left,GRA_CAN,Undefined,6,Top,1,0,0,ChangeUp,Changeup,StrikeSwinging,Undefined,Undefined,Undefined,0,0,,85.34166,-0.75959,-2.141425,1422.53729,249.99683,2:15,5.54329,1.25568,6.02081,-34.00014,4.04945,7.95414,2.00586,-0.06587,78.54501,-7.044765,-0.709694,0.443962,,,,,,,,,,,,-4.6726,2.6463,-1.09221,50,5.46526,4.32259,-123.99395,-2.76426,-7.29604,24.1041,-28.04202,ARI_WIL,GRA_CAN,UArizona,D1,BIG12,20260324-UArizona-1,03ca5ae0-27f5-11f1-8d4e-73b83eb2bf78,84.90005,,,6.79664,,,,,,,fcc4ca4f-6759-4024-9276-a76842dbcbc5,2026-03-25,02:47:50.35,2026-03-24T20:47:50.3571456-06:00,2026-03-25T02:47:50.3571456Z,,v3,232,5310,4b3137947cb04fa1abe03d266626d88b,"Meyers, Roman",834679,Right,ARI_WIL,0890df8b-db8a-48c7-8e88-f62412807492,54.47912,-124.86164,12.05205,5.5466,-1.75481,-14.02101,-1.25254,4.58523,-3.64802,,,,,,,,,,,,,,,,,,,,,,,,,,,,,,,,,,,,,,,,,,,,,,,,,,,High,High,High,,,,,,227.430676,19.195133,1343.450336,0.944404,1:30,-0.343186,-0.699813,-0.626486,44.626153,-35.23516,21.1788,115.714265,56.017085,0.503593,0.829204,-0.242517,73.697393,30.237979,0.829204,0.503593,0.242517,-73.697393,-30.237979,-0.829204,-0.503593,0.242517,-115.714265,-56.017085,-0.503593,-0.829204,-0.242517
172,2026-03-24,20:48:05.11,2,2,"Kling, Corey",807310,Right,ARI_WIL,"Schmidt, Trevor",808755,Left,GRA_CAN,Undefined,6,Top,1,0,1,ChangeUp,Changeup,StrikeSwinging,Undefined,Undefined,Undefined,0,0,,85.98651,-2.410169,-1.433276,1425.946741,223.866466,1:30,5.67448,1.21156,6.0277,-26.54084,11.15036,9.54548,1.22863,0.67936,78.78184,-7.355631,0.286017,0.441867,,,,,,,,,,,,-5.35016,6.79453,-1.10473,50,5.47146,2.74801,-124.81557,-6.08463,-8.41864,25.7158,-21.4826,ARI_WIL,GRA_CAN,UArizona,D1,BIG12,20260324-UArizona-1,0c94b8a0-27f5-11f1-8d4e-73b83eb2bf78,85.3027,,,7.20466,,,,,,,fcc4ca4f-6759-4024-9276-a76842dbcbc5,2026-03-25,02:48:05.11,2026-03-24T20:48:05.1169280-06:00,2026-03-25T02:48:05.1169280Z,,v3,232,5310,4b3137947cb04fa1abe03d266626d88b,"Meyers, Roman",834679,Right,ARI_WIL,cdca890b-0368-4b69-8634-a1c4ba3deb41,54.47188,-125.73353,12.8579,5.67497,-5.31778,-10.7413,-1.20819,3.04853,-4.20932,,,,,,,,,,,,,,,,,,,,,,,,,,,,,,,,,,,,,,,,,,,,,,,,,,,High,High,High,,,,,,224.952094,14.861497,1378.246907,0.966549,1:30,-0.244577,-0.693063,-0.678119,54.66885,-37.471367,20.955064,120.724727,52.239354,0.526408,0.790576,-0.312865,68.409128,31.763062,0.790576,0.526408,0.312865,-68.409128,-31.763062,-0.790576,-0.526408,0.312865,-120.724727,-52.239354,-0.526408,-0.790576,-0.312865
173,2026-03-24,20:48:25.13,2,3,"Kling, Corey",807310,Right,ARI_WIL,"Schmidt, Trevor",808755,Left,GRA_CAN,Undefined,6,Top,1,0,2,Fastball,Four-Seam,BallCalled,Undefined,Undefined,Undefined,0,0,,92.84509,-1.058083,-2.946768,2208.31203,200.35804,12:45,5.63174,1.21114,6.2459,-16.66249,15.48284,5.35307,3.26591,-1.06301,84.47077,-4.243992,-1.98155,0.408066,,,,,,,,,,,,-3.66524,8.67945,-0.99445,50,5.54471,6.71702,-134.75197,-2.97593,-6.70426,30.70043,-16.29802,ARI_WIL,GRA_CAN,UArizona,D1,BIG12,20260324-UArizona-1,1875cc40-27f5-11f1-8d4e-73b83eb2bf78,92.36852,,,8.37432,,,,,,,fcc4ca4f-6759-4024-9276-a76842dbcbc5,2026-03-25,02:48:25.13,2026-03-24T20:48:25.1398656-06:00,2026-03-25T02:48:25.1398656Z,,v3,232,5310,4b3137947cb04fa1abe03d266626d88b,"Meyers, Roman",834679,Right,ARI_WIL,ba194d6a-e829-42f4-b6e7-4a4a68da61e7,54.25379,-135.71764,15.35021,5.63025,-2.46327,-8.14901,-1.20905,6.9279,-3.35213,,,,,,,,,,,,,,,,,,,,,,,,,,,,,,,,,,,,,,,,,,,,,,,,,,,High,High,High,,,,,,210.935434,27.352165,1961.421167,0.888199,1:00,-0.489518,-0.465005,-0.737661,-51.531564,-23.405408,-35.983434,156.002058,-4.497363,0.405452,-0.078413,-0.910747,4.920898,-23.919428,0.078413,-0.405452,0.910747,-4.920898,23.919428,-0.078413,0.405452,0.910747,-156.002058,4.497363,-0.405452,0.078413,-0.910747
174,2026-03-24,20:48:43.56,2,4,"Kling, Corey",807310,Right,ARI_WIL,"Schmidt, Trevor",808755,Left,GRA_CAN,Undefined,6,Top,1,1,2,Fastball,Four-Seam,HitByPitch,Undefined,Undefined,Undefined,0,0,,92.73664,-0.982187,-3.192508,2351.025505,196.995383,12:30,5.64052,1.14781,6.24919,-13.20772,19.01316,5.48784,3.63255,-1.34222,84.32091,-3.547896,-2.203524,0.408545,,,,,,,,,,,,-3.79921,10.49662,-0.91302,50,5.56088,7.28,-134.56645,-2.64987,-6.93313,30.50231,-13.01893,ARI_WIL,GRA_CAN,UArizona,D1,BIG12,20260324-UArizona-1,23730f90-27f5-11f1-8d4e-73b83eb2bf78,92.26014,,,8.41574,,,,,,,fcc4ca4f-6759-4024-9276-a76842dbcbc5,2026-03-25,02:48:43.56,2026-03-24T20:48:43.5616768-06:00,2026-03-25T02:48:43.5616768Z,,v3,232,5310,4b3137947cb04fa1abe03d266626d88b,"Meyers, Roman",834679,Right,ARI_WIL,dfe38ef8-a1bd-458d-b38b-9317679c8e37,54.25027,-135.52644,15.25116,5.63783,-2.24013,-6.50946,-1.14558,7.4982,-3.46657,,,,,,,,,,,,,,,,,,,,,,,,,,,,,,,,,,,,,,,,,,,,,,,,,,,High,High,High,,,,,,208.228581,23.078977,2162.862103,0.919965,1:00,-0.429027,-0.44179,-0.787882,-48.603703,-19.094137,-39.684151,162.193334,-8.111063,0.302747,-0.141092,-0.942569,8.513344,-17.622665,0.141092,-0.302747,0.942569,-8.513344,17.622665,-0.141092,0.302747,0.942569,-162.193334,8.111063,-0.302747,0.141092,-0.942569
175,2026-03-24,20:50:09.92,3,1,"Kling, Corey",807310,Right,ARI_WIL,"Ohland, Carson",814703,Left,GRA_CAN,Undefined,6,Top,1,0,0,Fastball,Four-Seam,StrikeCalled,Undefined,Undefined,Undefined,0,0,,91.55619,-2.031934,-1.9372,2218.039157,194.048436,12:30,5.67305,1.15293,5.94147,-17.51501,15.83072,3.69154,2.32673,-0.33712,83.61093,-5.347361,-1.2744,0.415615,,,,,,,,,,,,-2.43669,9.0165,-1.00056,50,5.50111,4.33389,-132.85541,-5.25226,-4.34882,28.84541,-16.08206,ARI_WIL,GRA_CAN,UArizona,D1,BIG12,20260324-UArizona-1,56f8c210-27f5-11f1-8d4e-73b83eb2bf78,90.69068,,,7.94526,,,,,,,fcc4ca4f-6759-4024-9276-a76842dbcbc5,2026-03-25,02:50:09.92,2026-03-24T20:50:09.9289600-06:00,2026-03-25T02:50:09.9289600Z,,v3,232,5310,4b3137947cb04fa1abe03d266626d88b,"Meyers, Roman",834679,Right,ARI_WIL,2408fff5-26f5-4ca8-9f3b-f170c44fdab2,54.55653,-133.84107,14.42271,5.67119,-4.70274,-8.04103,-1.15119,4.48249,-2.17441,,,,,,,,,,,,,,,,,,,,,,,,,,,,,,,,,,,,,,,,,,,,,,,,,,,High,High,High,,,,,,209.064325,26.622604,1982.877152,0.893978,1:00,-0.458599,-0.449902,-0.766339,-43.726939,-4.928144,-22.819536,161.681827,-4.870165,0.313159,-0.084898,-0.945898,5.128779,-18.249702,0.084898,-0.313159,0.945898,-5.128779,18.249702,-0.084898,0.313159,0.945898,-161.681827,4.870165,-0.313159,0.084898,-0.945898
176,2026-03-24,20:50:30.03,3,2,"Kling, Corey",807310,Right,ARI_WIL,"Ohland, Carson",814703,Left,GRA_CAN,Undefined,6,Top,1,0,1,ChangeUp,Changeup,BallCalled,Undefined,Undefined,Undefined,0,0,,83.80679,-1.848811,-2.719738,1578.047336,259.422249,2:45,5.43889,1.37669,5.90751,-36.50266,3.00358,9.9513,0.67838,-0.32044,77.69538,-8.540378,-0.931651,0.452381,,,,,,,,,,,,-5.83847,2.33764,-1.16405,50,5.26911,5.40136,-121.72036,-5.13699,-8.82624,22.1793,-28.64015,ARI_WIL,GRA_CAN,UArizona,D1,BIG12,20260324-UArizona-1,62ef5980-27f5-11f1-8d4e-73b83eb2bf78,83.32015,,,6.11141,,,,,,,fcc4ca4f-6759-4024-9276-a76842dbcbc5,2026-03-25,02:50:30.03,2026-03-24T20:50:30.0329472-06:00,2026-03-25T02:50:30.0329472Z,,v3,232,5310,4b3137947cb04fa1abe03d266626d88b,"Meyers, Roman",834679,Right,ARI_WIL,4fd3ff48-082c-43f6-8328-4f5ad492e778,54.5942,-122.55463,11.08965,5.44208,-4.0597,-14.32008,-1.37346,5.73335,-4.41312,,,,,,,,,,,,,,,,,,,,,,,,,,,,,,,,,,,,,,,,,,,,,,,,,,,High,High,High,,,,,,237.065826,21.41877,1469.061438,0.930936,2:00,-0.363417,-0.792706,-0.489434,34.200903,-38.056903,28.005752,128.716711,57.939571,0.414166,0.847489,-0.332008,68.606987,24.466813,0.847489,0.414166,0.332008,-68.606987,-24.466813,-0.847489,-0.414166,0.332008,-128.716711,-57.939571,-0.414166,-0.847489,-0.332008
177,2026-03-24,20:50:54.39,3,3,"Kling, Corey",807310,Right,ARI_WIL,"Ohland, Carson",814703,Left,GRA_CAN,Undefined,6,Top,1,1,1,ChangeUp,Changeup,StrikeSwinging,Undefined,Undefined,Undefined,0,0,,85.72532,-1.275137,-1.740701,1542.140238,250.702244,2:15,5.52203,1.45785,6.06883,-32.17836,5.46567,12.33225,1.65975,0.87419,78.90981,-7.233627,0.482472,0.44159,,,,,,,,,,,,-6.85032,3.50981,-1.32952,50,5.40598,3.3041,-124.5781,-3.81813,-10.79116,24.46755,-26.64514,ARI_WIL,GRA_CAN,UArizona,D1,BIG12,20260324-UArizona-1,717c5340-27f5-11f1-8d4e-73b83eb2bf78,85.35613,,,6.81551,,,,,,,fcc4ca4f-6759-4024-9276-a76842dbcbc5,2026-03-25,02:50:54.39,2026-03-24T20:50:54.3947776-06:00,2026-03-25T02:50:54.3947776Z,,v3,232,5310,4b3137947cb04fa1abe03d266626d88b,"Meyers, Roman",834679,Right,ARI_WIL,c70610d1-97b1-45e0-8abb-396179b69e0d,54.43167,-125.44547,12.23377,5.52459,-2.87356,-13.32257,-1.45344,3.68664,-5.39558,,,,,,,,,,,,,,,,,,,,,,,,,,,,,,,,,,,,,,,,,,,,,,,,,,,High,High,High,,,,,,231.35378,21.358488,1436.225937,0.93132,1:45,-0.365432,-0.735301,-0.570781,29.463384,-41.318052,32.321861,124.073883,64.683775,0.354199,0.903961,-0.239576,75.156246,20.744381,0.903961,0.354199,0.239576,-75.156246,-20.744381,-0.903961,-0.354199,0.239576,-124.073883,-64.683775,-0.354199,-0.903961,-0.239576
178,2026-03-24,20:51:13.17,3,4,"Kling, Corey",807310,Right,ARI_WIL,"Ohland, Carson",814703,Left,GRA_CAN,Undefined,6,Top,1,1,2,ChangeUp,Changeup,StrikeSwinging,Strikeout,Undefined,Undefined,0,0,,85.53526,-2.03879,-2.539183,1522.73009,226.951844,1:30,5.52497,1.19392,5.92641,-26.95576,11.17898,10.68564,1.38423,-0.27323,78.55394,-7.049561,-0.620282,0.444459,,,,,,,,,,,,-6.18776,6.65681,-0.9969,50,5.34644,5.07868,-124.12737,-5.27972,-9.66903,24.4836,-21.77207,ARI_WIL,GRA_CAN,UArizona,D1,BIG12,20260324-UArizona-1,7caa4380-27f5-11f1-8d4e-73b83eb2bf78,84.80521,,,6.98132,,,,,,,fcc4ca4f-6759-4024-9276-a76842dbcbc5,2026-03-25,02:51:13.17,2026-03-24T20:51:13.1790848-06:00,2026-03-25T02:51:13.1790848Z,,v3,232,5310,4b3137947cb04fa1abe03d266626d88b,"Meyers, Roman",834679,Right,ARI_WIL,9feaa398-e1a4-49a3-bd90-ba2da97b0f24,54.57312,-125.02614,12.2418,5.52558,-4.48048,-10.88604,-1.18985,5.43362,-4.83452,,,,,,,,,,,,,,,,,,,,,,,,,,,,,,,,,,,,,,,,,,,,,,,,,,,High,High,High,,,,,,231.937195,20.029416,1430.630655,0.939517,1:45,-0.341321,-0.751432,-0.564669,38.410465,-40.645635,28.611341,128.518823,60.238436,0.388379,0.868099,-0.309139,70.39867,22.853653,0.868099,0.388379,0.309139,-70.39867,-22.853653,-0.868099,-0.388379,0.309139,-128.518823,-60.238436,-0.388379,-0.868099,-0.309139
179,2026-03-24,20:51:46.10,4,1,"Kling, Corey",807310,Right,ARI_WIL,"Johns, Tanner",834625,Left,GRA_CAN,Undefined,6,Top,2,0,0,Slider,Slider,StrikeCalled,Undefined,Undefined,Undefined,0,0,,80.69817,0.386284,-0.351354,2554.920146,104.436831,9:30,5.35591,1.64251,5.76271,-40.13337,3.45528,-7.52185,2.371,0.68867,73.20095,-7.035508,-1.699441,0.47518,,,,,,,,,,,,3.68874,2.13347,-1.60896,50,5.364,1.01914,-117.07536,-0.52479,5.05477,24.72079,-29.2505,ARI_WIL,GRA_CAN,UArizona,D1,BIG12,20260324-UArizona-1,904fb690-27f5-11f1-8d4e-73b83eb2bf78,79.32246,,,7.49722,,,,,,,fcc4ca4f-6759-4024-9276-a76842dbcbc5,2026-03-25,02:51:46.10,2026-03-24T20:51:46.1026816-06:00,2026-03-25T02:51:46.1026816Z,,v3,232,5310,4b3137947cb04fa1abe03d266626d88b,"Meyers, Roman",834679,Right,ARI_WIL,36113a8f-b36e-45c9-a2e1-87e800451b74,54.73373,-118.07067,12.3604,5.36142,0.6529,-14.62525,-1.6459,0.81562,2.52738,,,,,,,,,,,,,,,,,,,,,,,,,,,,,,,,,,,,,,,,,,,,,,,,,,,High,High,High,,,,,,82.300425,77.766732,541.367875,0.211892,8:45,-0.975663,0.216566,0.034373,-31.041146,12.332611,28.005136,109.822375,-48.534869,0.62293,-0.749359,-0.224543,73.319296,-38.530405,0.749359,-0.62293,0.224543,-73.319296,38.530405,-0.749359,0.62293,0.224543,-109.822375,48.534869,-0.62293,0.749359,-0.224543
180,2026-03-24,20:52:08.72,4,2,"Kling, Corey",807310,Right,ARI_WIL,"Johns, Tanner",834625,Left,GRA_CAN,Undefined,6,Top,2,0,1,ChangeUp,Changeup,InPlay,Undefined,GroundBall,Out,1,0,,85.65759,-1.500266,-2.13809,1562.164092,256.791728,2:30,5.56451,1.34504,6.06709,-33.6312,4.01607,12.32824,1.37223,0.39282,79.07036,-7.708618,0.084289,0.441609,101.72485,-0.830175,-17.875386,,,,,28.15826,26.00027,-18.716844,0.187338,-6.95059,2.80225,-1.18588,50,5.43009,4.16867,-124.47299,-4.36188,-10.9551,23.90636,-27.75731,ARI_WIL,GRA_CAN,UArizona,D1,BIG12,20260324-UArizona-1,9dc80c00-27f5-11f1-8d4e-73b83eb2bf78,85.35247,1.06558,,6.58723,,,,0.89716,1.06558,-0.30651,fcc4ca4f-6759-4024-9276-a76842dbcbc5,2026-03-25,02:52:08.72,2026-03-24T20:52:08.7293440-06:00,2026-03-25T02:52:08.7293440Z,GroundBall,v3,232,5310,4b3137947cb04fa1abe03d266626d88b,"Meyers, Roman",834679,Right,ARI_WIL,072c2557-30c3-4b49-a3b4-4d68711414c4,54.434,-125.32169,11.95318,5.56745,-3.37646,-13.87865,-1.34077,4.55759,-5.47755,74.100395,0.89829,141.89883,-23.1732,,,,,,,1.06627,-2.21048,-18.60197,,,,,,,-0.30591,-45.83373,-4.10438,,,,,,,,,,,,,,,,,,,,,,,,,,,,,High,High,High,High,High,,,,235.257719,28.368957,1374.557773,0.879906,1:45,-0.474445,-0.735232,-0.484083,32.355204,-38.543179,29.491223,136.804341,65.192241,0.287196,0.907721,-0.305879,71.377492,16.69014,0.907721,0.287196,0.305879,-71.377492,-16.69014,-0.907721,-0.287196,0.305879,-136.804341,-65.192241,-0.287196,-0.907721,-0.305879
181,2026-03-24,20:54:36.07,1,1,"Higginbottom, Elijah",830834,Right,GRA_CAN,"McEntire, Carson",806323,Right,ARI_WIL,Undefined,6,Bottom,0,0,0,Slider,Curveball,BallCalled,Undefined,Undefined,Undefined,0,0,,76.27279,0.42339,-3.270282,2456.120923,68.18467,8:15,5.25133,2.93038,5.70794,-52.87605,-4.0054,-13.98379,1.24011,-1.28517,69.96098,-9.220947,-5.766431,0.503148,,,,,,,,,,,,6.07118,-1.62315,-2.64762,50,5.25454,6.84167,-110.57079,-0.8753,7.44104,21.55367,-34.16346,ARI_WIL,GRA_CAN,UArizona,D1,BIG12,20260324-UArizona-1,f5aa8560-27f5-11f1-8d4e-73b83eb2bf78,74.91325,,,6.31181,,,,,,,fcc4ca4f-6759-4024-9276-a76842dbcbc5,2026-03-25,02:54:36.07,2026-03-24T20:54:36.0752128-06:00,2026-03-25T02:54:36.0752128Z,,v3,232,5310,4b3137947cb04fa1abe03d266626d88b,"Perez, Jaime",1000122545,Right,GRA_CAN,2788dfb4-7f08-4d86-bc8f-0736b8f3c62c,54.7919,-111.50097,10.77684,5.2605,0.59907,-17.08173,-2.93595,6.52054,3.72052,,,,,,,,,,,,,,,,,,,,,,,,,,,,,,,,,,,,,,,,,,,,,,,,,,,High,High,High,,,,,,70.595968,67.318426,947.103153,0.385609,8:15,-0.911143,0.370515,0.180381,-1.42547,7.525675,14.275725,98.788473,-53.936201,0.581774,-0.808362,-0.089944,83.651019,-35.575417,0.808362,-0.581774,0.089944,-83.651019,35.575417,-0.808362,0.581774,0.089944,-98.788473,53.936201,-0.581774,0.808362,-0.089944
182,2026-03-24,20:54:52.33,1,2,"Higginbottom, Elijah",830834,Right,GRA_CAN,"McEntire, Carson",806323,Right,ARI_WIL,Undefined,6,Bottom,0,1,0,Slider,Curveball,BallCalled,Undefined,Undefined,Undefined,0,0,,75.79862,0.610459,-1.294348,2529.317685,63.111126,8:00,5.25092,2.96868,5.32444,-56.12743,-6.03599,-15.17194,1.14665,0.48954,69.44742,-9.567734,-3.993194,0.509393,,,,,,,,,,,,7.23119,-2.75268,-2.84018,50,5.26552,3.06527,-109.98429,-0.7088,8.76354,21.43985,-35.51006,ARI_WIL,GRA_CAN,UArizona,D1,BIG12,20260324-UArizona-1,ff55cd40-27f5-11f1-8d4e-73b83eb2bf78,73.99478,,,6.3512,,,,,,,fcc4ca4f-6759-4024-9276-a76842dbcbc5,2026-03-25,02:54:52.33,2026-03-24T20:54:52.3363840-06:00,2026-03-25T02:54:52.3363840Z,,v3,232,5310,4b3137947cb04fa1abe03d266626d88b,"Perez, Jaime",1000122545,Right,GRA_CAN,380cbd1b-8851-4b94-91dd-d551096811d5,55.17698,-110.98887,10.71992,5.25975,0.95507,-17.75503,-2.97418,2.65464,4.38177,,,,,,,,,,,,,,,,,,,,,,,,,,,,,,,,,,,,,,,,,,,,,,,,,,,High,High,High,,,,,,59.137521,59.473167,1284.74624,0.507942,8:00,-0.850593,0.445171,0.279849,28.796888,-1.839574,3.776711,92.643781,-54.1001,0.585747,-0.810043,-0.027047,88.087618,-35.855767,0.810043,-0.585747,0.027047,-88.087618,35.855767,-0.810043,0.585747,0.027047,-92.643781,54.1001,-0.585747,0.810043,-0.027047
183,2026-03-24,20:55:08.74,1,3,"Higginbottom, Elijah",830834,Right,GRA_CAN,"McEntire, Carson",806323,Right,ARI_WIL,Undefined,6,Bottom,0,2,0,Fastball,Four-Seam,StrikeCalled,Undefined,Undefined,Undefined,0,0,,89.39674,-1.913765,-3.757704,2221.638247,208.63775,1:00,5.5092,2.64598,6.2326,-18.16784,16.33139,8.33638,2.22522,-0.13094,82.02177,-5.360495,-2.256525,0.422743,,,,,,,,,,,,-5.32339,9.30867,-2.36922,50,5.35687,8.1806,-129.66446,-4.85786,-9.09959,26.08572,-16.26215,ARI_WIL,GRA_CAN,UArizona,D1,BIG12,20260324-UArizona-1,09181f90-27f6-11f1-8d4e-73b83eb2bf78,89.16166,,,7.37497,,,,,,,fcc4ca4f-6759-4024-9276-a76842dbcbc5,2026-03-25,02:55:08.74,2026-03-24T20:55:08.7442432-06:00,2026-03-25T02:55:08.7442432Z,,v3,232,5310,4b3137947cb04fa1abe03d266626d88b,"Perez, Jaime",1000122545,Right,GRA_CAN,2075f2be-e06a-4ab1-a7d5-1e45c27de417,54.26658,-130.51999,13.04286,5.50745,-4.32452,-8.13108,-2.64241,8.47904,-4.5498,,,,,,,,,,,,,,,,,,,,,,,,,,,,,,,,,,,,,,,,,,,,,,,,,,,High,High,High,,,,,,217.269789,27.149171,1976.86154,0.889822,1:15,-0.483525,-0.553786,-0.677882,-12.938114,36.549001,48.513963,168.961502,-12.456198,0.186962,-0.215693,-0.958395,12.683468,-10.775519,0.215693,-0.186962,0.958395,-12.683468,10.775519,-0.215693,0.186962,0.958395,-168.961502,12.456198,-0.186962,0.215693,-0.958395
184,2026-03-24,20:55:27.55,1,4,"Higginbottom, Elijah",830834,Right,GRA_CAN,"McEntire, Carson",806323,Right,ARI_WIL,Undefined,6,Bottom,0,2,1,Fastball,Four-Seam,StrikeSwinging,Undefined,Undefined,Undefined,0,0,,89.23296,-0.530388,-3.180953,2174.558872,206.233227,12:45,5.49012,2.62063,6.19617,-18.67458,15.98836,7.34945,3.4435,0.29348,81.6393,-4.079489,-1.857426,0.423744,,,,,,,,,,,,-4.64162,8.73752,-2.38449,50,5.44053,6.89472,-129.52106,-1.7333,-7.90465,26.41311,-17.29403,ARI_WIL,GRA_CAN,UArizona,D1,BIG12,20260324-UArizona-1,14649450-27f6-11f1-8d4e-73b83eb2bf78,88.95087,,,7.59367,,,,,,,fcc4ca4f-6759-4024-9276-a76842dbcbc5,2026-03-25,02:55:27.55,2026-03-24T20:55:27.5551232-06:00,2026-03-25T02:55:27.5551232Z,,v3,232,5310,4b3137947cb04fa1abe03d266626d88b,"Perez, Jaime",1000122545,Right,GRA_CAN,e93bbe7e-58d7-4cd6-a4a1-5faa7951312b,54.30158,-130.39533,13.20656,5.48843,-1.16087,-8.64701,-2.61703,7.15636,-3.95233,,,,,,,,,,,,,,,,,,,,,,,,,,,,,,,,,,,,,,,,,,,,,,,,,,,High,High,High,,,,,,218.731716,23.624707,1992.309106,0.91619,1:15,-0.43447,-0.576922,-0.691662,-0.047126,30.246672,65.524777,164.673945,-9.023968,0.26104,-0.156848,-0.9525,9.350943,-15.131794,0.156848,-0.26104,0.9525,-9.350943,15.131794,-0.156848,0.26104,0.9525,-164.673945,9.023968,-0.26104,0.156848,-0.9525
185,2026-03-24,20:55:45.11,1,5,"Higginbottom, Elijah",830834,Right,GRA_CAN,"McEntire, Carson",806323,Right,ARI_WIL,Undefined,6,Bottom,0,2,2,Slider,Slider,BallCalled,Undefined,Undefined,Undefined,0,0,,78.03389,1.074573,-0.806895,2457.433692,91.99812,9:00,5.20028,3.15977,5.12272,-45.40451,2.06256,-14.84477,2.42895,1.16263,71.29762,-7.190764,-3.433844,0.49587,,,,,,,,,,,,7.12902,1.18669,-3.07196,50,5.26622,2.20049,-113.18049,0.54182,9.19347,21.77863,-30.64372,ARI_WIL,GRA_CAN,UArizona,D1,BIG12,20260324-UArizona-1,1ecb3cf0-27f6-11f1-8d4e-73b83eb2bf78,76.01278,,,6.73627,,,,,,,fcc4ca4f-6759-4024-9276-a76842dbcbc5,2026-03-25,02:55:45.11,2026-03-24T20:55:45.1101184-06:00,2026-03-25T02:55:45.1101184Z,,v3,232,5310,4b3137947cb04fa1abe03d266626d88b,"Perez, Jaime",1000122545,Right,GRA_CAN,d014da71-cd42-476c-a5e3-72ea872aef88,55.37631,-114.21034,10.88932,5.20634,1.99087,-15.32186,-3.16574,1.76576,4.59674,,,,,,,,,,,,,,,,,,,,,,,,,,,,,,,,,,,,,,,,,,,,,,,,,,,High,High,High,,,,,,61.805043,62.736488,1125.709972,0.458084,8:00,-0.878046,0.420329,0.22882,9.511241,-3.787849,8.247468,107.977636,-52.355434,0.580942,-0.791815,-0.188509,76.608767,-35.516831,0.791815,-0.580942,0.188509,-76.608767,35.516831,-0.791815,0.580942,0.188509,-107.977636,52.355434,-0.580942,0.791815,-0.188509
186,2026-03-24,20:56:03.31,1,6,"Higginbottom, Elijah",830834,Right,GRA_CAN,"McEntire, Carson",806323,Right,ARI_WIL,Undefined,6,Bottom,0,3,2,Fastball,Four-Seam,FoulBallNotFieldable,Undefined,Undefined,Undefined,0,0,,90.49118,-0.28275,-3.941715,2295.786447,210.609009,1:00,5.61066,2.51515,6.18061,-16.07832,17.77985,9.88001,4.00908,-0.30725,82.4781,-3.366784,-2.165543,0.418797,,,,,,,,,,,,-6.23063,9.61205,-2.22199,50,5.58101,8.63866,-131.24102,-1.09089,-10.85902,27.96637,-15.42171,ARI_WIL,GRA_CAN,UArizona,D1,BIG12,20260324-UArizona-1,2997fa60-27f6-11f1-8d4e-73b83eb2bf78,90.00178,,,8.01308,,,,,,,fcc4ca4f-6759-4024-9276-a76842dbcbc5,2026-03-25,02:56:03.31,2026-03-24T20:56:03.3195008-06:00,2026-03-25T02:56:03.3195008Z,,v3,232,5310,4b3137947cb04fa1abe03d266626d88b,"Perez, Jaime",1000122545,Right,GRA_CAN,c12415df-19cf-4c7b-9746-96d789d265b9,54.31869,-132.15809,13.98318,5.60849,-0.58518,-7.71085,-2.51111,8.99475,-5.42951,,,,,,,,,,,,,,,,,,,,,,,,,,,,,,,,,,,,,,,,,,,,,,,,,,,High,High,High,,,,,,214.869219,23.042126,2112.622462,0.920217,1:15,-0.439787,-0.528018,-0.726488,3.569198,30.467084,66.738402,168.402419,-7.788459,0.199182,-0.135516,-0.970547,7.94873,-11.489131,0.135516,-0.199182,0.970547,-7.94873,11.489131,-0.135516,0.199182,0.970547,-168.402419,7.788459,-0.199182,0.135516,-0.970547
187,2026-03-24,20:56:30.03,1,7,"Higginbottom, Elijah",830834,Right,GRA_CAN,"McEntire, Carson",806323,Right,ARI_WIL,Undefined,6,Bottom,0,3,2,Fastball,Four-Seam,FoulBallNotFieldable,Undefined,Undefined,Undefined,0,0,,91.99253,-1.119928,-2.814697,2381.281799,210.869123,1:00,5.47801,2.75241,5.71263,-13.41142,20.17883,11.36146,3.31566,1.07487,83.13521,-3.717803,-0.7858,0.417137,53.18501,42.586763,-50.357076,2921.695614,61.3844,36.7367,-91.27917,158.70643,156.37848,-57.538557,3.247604,-6.63721,10.94016,-2.52388,50,5.37616,6.04457,-133.32243,-2.97827,-11.83071,31.25508,-12.6734,ARI_WIL,GRA_CAN,UArizona,D1,BIG12,20260324-UArizona-1,3984ab30-27f6-11f1-8d4e-73b83eb2bf78,90.35996,42.55308,,8.85732,,,,1.40074,3.22871,-1.2817,fcc4ca4f-6759-4024-9276-a76842dbcbc5,2026-03-25,02:56:30.03,2026-03-24T20:56:30.0315648-06:00,2026-03-25T02:56:30.0315648Z,Popup,v3,232,5310,4b3137947cb04fa1abe03d266626d88b,"Perez, Jaime",1000122545,Right,GRA_CAN,2932d81d-e464-4885-ab3e-f54a8d6726c1,54.78515,-134.43954,15.62754,5.47452,-2.5253,-6.3367,-2.74748,6.46742,-5.91535,,1.40132,36.62299,-6.91574,1.81456,-0.19331,-0.0398,-0.00175,0.00713,-0.0011,3.22912,52.76752,-19.04544,0.80558,0.41718,-0.46046,0.20124,-0.04141,0.00326,-1.28205,-44.21113,1.46439,0.07507,-0.29965,0.1973,-0.06805,0.01166,-0.00077,,,,,,,,,,,,,,,,,,,,,,,High,High,High,High,High,,,,219.417397,15.108149,2298.97415,0.965436,1:15,-0.284936,-0.617995,-0.73273,-16.793472,-28.582457,-74.752994,173.77164,-9.262745,0.107077,-0.160962,-0.981135,9.316782,-6.146831,0.160962,-0.107077,0.981135,-9.316782,6.146831,-0.160962,0.107077,0.981135,-173.77164,9.262745,-0.107077,0.160962,-0.981135
188,2026-03-24,20:57:02.83,1,8,"Higginbottom, Elijah",830834,Right,GRA_CAN,"McEntire, Carson",806323,Right,ARI_WIL,Undefined,6,Bottom,0,3,2,Fastball,Four-Seam,StrikeCalled,Strikeout,Undefined,Undefined,0,0,,90.83745,-1.684897,-4.485254,2296.143836,210.451159,1:00,5.44854,2.50804,6.16191,-17.10651,16.73363,9.16922,2.4613,-0.87971,82.57103,-4.952139,-2.839066,0.418685,,,,,,,,,,,,-6.01776,9.46477,-2.1716,50,5.31143,9.92792,-131.51321,-4.3612,-10.49199,29.06125,-15.67221,ARI_WIL,GRA_CAN,UArizona,D1,BIG12,20260324-UArizona-1,4d162110-27f6-11f1-8d4e-73b83eb2bf78,90.02574,,,8.26641,,,,,,,fcc4ca4f-6759-4024-9276-a76842dbcbc5,2026-03-25,02:57:02.83,2026-03-24T20:57:02.8300000-06:00,2026-03-25T02:57:02.8300000Z,,v3,232,5310,4b3137947cb04fa1abe03d266626d88b,"Perez, Jaime",1000122545,Right,GRA_CAN,f78858ac-c6c2-4aa8-8feb-bcba9e00b772,54.33538,-132.46776,14.53062,5.44623,-3.84643,-7.83611,-2.50336,10.27254,-5.24599,,,,,,,,,,,,,,,,,,,,,,,,,,,,,67.13552,2.85994,1.903104,0.956836,-1.53419,2.19971,1.02368,-0.40982,5.01999,-5.17221,67.39729,5.5355,-57.38211,-0.36529,75.38183,-4.74945,5.06515,14.01309,-14.11065,-5.24038,-60.22417,5.96015,High,High,High,,,High,High,High,215.736696,31.538117,1956.98588,0.852292,1:15,-0.560748,-0.512955,-0.649952,-11.399624,45.421749,47.333584,175.929457,-15.103456,0.068533,-0.260563,-0.963021,15.139901,-3.929709,0.260563,-0.068533,0.963021,-15.139901,3.929709,-0.260563,0.068533,0.963021,-175.929457,15.103456,-0.068533,0.260563,-0.963021
189,2026-03-24,20:57:37.40,2,1,"Higginbottom, Elijah",830834,Right,GRA_CAN,"Meurant, Mathis",830238,Right,ARI_WIL,Undefined,6,Bottom,1,0,0,Fastball,Four-Seam,InPlay,Undefined,LineDrive,Single,0,0,,91.28824,-1.762818,-2.999715,2302.100459,206.230493,12:45,5.43418,1.57092,6.05891,-16.24091,17.24753,7.95359,2.4464,-0.54529,83.12991,-4.86545,-1.570431,0.416504,98.76448,17.375197,19.254971,903.265241,102.87337,26.19467,38.94932,274.65983,274.65983,23.368912,2.706876,-4.98236,9.73827,-1.34211,50,5.28842,6.60553,-132.40596,-4.54866,-8.81081,29.28649,-14.9529,ARI_WIL,GRA_CAN,UArizona,D1,BIG12,20260324-UArizona-1,61a64240-27f6-11f1-8d4e-73b83eb2bf78,90.49725,28.56255,,8.15833,,,,2.13914,2.25482,0.41698,fcc4ca4f-6759-4024-9276-a76842dbcbc5,2026-03-25,02:57:37.40,2026-03-24T20:57:37.4034432-06:00,2026-03-25T02:57:37.4034432Z,LineDrive,v3,232,5310,4b3137947cb04fa1abe03d266626d88b,"Perez, Jaime",1000122545,Right,GRA_CAN,13fec6fc-cab7-4f92-9e6b-1cac8aa4bdc1,54.44017,-133.38445,14.64325,5.43205,-4.04907,-7.47645,-1.56773,6.89991,-4.40541,237.138308,2.13912,130.51192,-21.61274,4.53936,-1.04917,0.24454,-0.05598,0.00939,-0.00074,2.25484,43.25694,-19.64581,1.85106,-0.34497,0.05319,-0.00197,-0.00086,0.00013,0.417,45.58825,-1.96616,-0.23849,0.18882,-0.08684,0.03037,-0.00652,0.0006,,,,,,,,,,,,,,,,,,,,,,,High,High,High,High,High,,,,219.034105,31.682527,1959.021457,0.850971,1:15,-0.542372,-0.55183,-0.633495,-9.169408,42.886641,51.94566,172.170183,-14.029624,0.132167,-0.242424,-0.961126,14.156367,-7.594858,0.242424,-0.132167,0.961126,-14.156367,7.594858,-0.242424,0.132167,0.961126,-172.170183,14.029624,-0.132167,0.242424,-0.961126
190,2026-03-24,20:58:18.51,3,1,"Higginbottom, Elijah",830834,Right,GRA_CAN,"Novitske, Nate",830246,Left,ARI_WIL,Undefined,6,Bottom,1,0,0,Fastball,Four-Seam,StrikeCalled,Undefined,Undefined,Undefined,0,0,,88.07073,-1.799672,-1.753682,2146.052943,213.543315,1:00,5.51752,1.67102,6.31878,-19.83615,15.67855,9.63138,2.20562,0.85792,80.44151,-5.570187,-0.01117,0.428919,,,,,,,,,,,,-5.48961,9.01249,-1.54703,50,5.37624,3.53234,-127.9002,-4.57377,-9.07343,26.91929,-17.2779,ARI_WIL,GRA_CAN,UArizona,D1,BIG12,20260324-UArizona-1,7a2fb120-27f6-11f1-8d4e-73b83eb2bf78,87.87773,,,7.62922,,,,,,,fcc4ca4f-6759-4024-9276-a76842dbcbc5,2026-03-25,02:58:18.51,2026-03-24T20:58:18.5146368-06:00,2026-03-25T02:58:18.5146368Z,,v3,232,5310,4b3137947cb04fa1abe03d266626d88b,"Perez, Jaime",1000122545,Right,GRA_CAN,69d0f307-6942-4e1f-8fdb-d11b617ce4d3,54.1792,-128.7768,13.45965,5.51602,-4.01114,-8.63895,-1.66687,3.82781,-4.53672,,,,,,,,,,,,,,,,,,,,,,,,,,,,,,,,,,,,,,,,,,,,,,,,,,,High,High,High,,,,,,212.156508,32.368069,1812.613003,0.844626,1:00,-0.542613,-0.46613,-0.69878,-14.760439,40.377643,48.626369,174.674372,-20.422788,0.086982,-0.348945,-0.933098,20.503975,-4.989999,0.348945,-0.086982,0.933098,-20.503975,4.989999,-0.348945,0.086982,0.933098,-174.674372,20.422788,-0.086982,0.348945,-0.933098
191,2026-03-24,20:58:38.77,3,2,"Higginbottom, Elijah",830834,Right,GRA_CAN,"Novitske, Nate",830246,Left,ARI_WIL,Undefined,6,Bottom,1,0,1,ChangeUp,Changeup,BallCalled,Undefined,Undefined,Undefined,0,0,,82.62795,-0.526931,-1.129279,1809.072497,234.771182,1:45,5.04761,2.05843,5.84967,-29.27667,11.55087,14.58989,2.11815,2.22476,75.91838,-5.970923,1.488695,0.459884,,,,,,,,,,,,-7.72453,6.44,-1.97498,50,4.98767,1.78654,-120.06182,-2.02072,-11.31137,22.54566,-22.74368,ARI_WIL,GRA_CAN,UArizona,D1,BIG12,20260324-UArizona-1,8644cd10-27f6-11f1-8d4e-73b83eb2bf78,81.96081,,,6.70957,,,,,,,fcc4ca4f-6759-4024-9276-a76842dbcbc5,2026-03-25,02:58:38.77,2026-03-24T20:58:38.7753984-06:00,2026-03-25T02:58:38.7753984Z,,v3,232,5310,4b3137947cb04fa1abe03d266626d88b,"Perez, Jaime",1000122545,Right,GRA_CAN,fd5dc3de-d312-4396-9b59-b647c47e738a,54.64898,-120.93168,11.27283,5.04871,-1.14323,-11.37184,-2.05232,2.22295,-5.65569,,,,,,,,,,,,,,,,,,,,,,,,,,,,,,,,,,,,,,,,,,,,,,,,,,,High,High,High,,,,,,239.476075,14.788698,1749.144723,0.966874,2:00,-0.257215,-0.835194,-0.486098,-78.898028,-47.85491,69.30724,91.477756,71.02943,0.324974,0.945686,-0.008384,89.492086,18.96402,0.945686,0.324974,0.008384,-89.492086,-18.96402,-0.945686,-0.324974,0.008384,-91.477756,-71.02943,-0.324974,-0.945686,-0.008384
192,2026-03-24,20:59:16.95,3,3,"Higginbottom, Elijah",830834,Right,GRA_CAN,"Novitske, Nate",830246,Left,ARI_WIL,Undefined,6,Bottom,1,1,1,Slider,Slider,StrikeCalled,Undefined,Undefined,Undefined,0,0,,77.20433,0.318383,0.111132,2587.85651,96.494692,9:15,5.18558,2.04748,5.44692,-44.49526,3.25229,-15.18269,1.77574,0.88631,70.81272,-7.820895,-2.594766,0.497333,,,,,,,,,,,,7.68122,2.00559,-2.04652,50,5.18312,0.36851,-112.10137,-0.83498,9.7407,20.91774,-29.63071,ARI_WIL,GRA_CAN,UArizona,D1,BIG12,20260324-UArizona-1,9d136c90-27f6-11f1-8d4e-73b83eb2bf78,75.78921,,,6.39161,,,,,,,fcc4ca4f-6759-4024-9276-a76842dbcbc5,2026-03-25,02:59:16.95,2026-03-24T20:59:16.9525760-06:00,2026-03-25T02:59:16.9525760Z,,v3,232,5310,4b3137947cb04fa1abe03d266626d88b,"Perez, Jaime",1000122545,Right,GRA_CAN,78f92670-1a80-4b60-9f1f-556fba841be0,55.05286,-113.04029,10.45887,5.19075,0.49503,-14.81535,-2.05324,-0.06871,4.87035,,,,,,,,,,,,,,,,,,,,,,,,,,,,,,,,,,,,,,,,,,,,,,,,,,,High,High,High,,,,,,58.62302,65.325767,1080.322572,0.417458,8:00,-0.907121,0.361453,0.215598,10.092504,3.799765,16.585183,95.089583,-51.144005,0.624892,-0.778725,-0.055656,85.912015,-38.67423,0.778725,-0.624892,0.055656,-85.912015,38.67423,-0.778725,0.624892,0.055656,-95.089583,51.144005,-0.624892,0.778725,-0.055656
193,2026-03-24,20:59:37.57,3,4,"Higginbottom, Elijah",830834,Right,GRA_CAN,"Novitske, Nate",830246,Left,ARI_WIL,Undefined,6,Bottom,1,1,2,ChangeUp,Changeup,BallCalled,Undefined,Undefined,Undefined,0,0,,83.03821,-0.55205,-0.705064,1945.396343,269.519955,3:00,4.91118,1.93954,6.07155,-38.81297,1.37095,15.42871,1.16587,2.5728,76.36634,-7.717854,2.078527,0.456245,,,,,,,,,,,,-8.14878,1.25185,-1.89297,50,4.8479,0.89432,-120.72572,-2.41497,-12.01546,23.7002,-30.32818,ARI_WIL,GRA_CAN,UArizona,D1,BIG12,20260324-UArizona-1,a9564f40-27f6-11f1-8d4e-73b83eb2bf78,82.61456,,,6.67187,,,,,,,fcc4ca4f-6759-4024-9276-a76842dbcbc5,2026-03-25,02:59:37.57,2026-03-24T20:59:37.5730688-06:00,2026-03-25T02:59:37.5730688Z,,v3,232,5310,4b3137947cb04fa1abe03d266626d88b,"Perez, Jaime",1000122545,Right,GRA_CAN,9834283d-7235-41f8-b214-f91d4afe37ca,54.42906,-121.5921,11.8501,4.91592,-1.3063,-15.16409,-1.93369,1.33355,-6.00773,,,,,,,,,,,,,,,,,,,,,,,,,,,,,,,,,,,,,,,,,,,,,,,,,,,High,High,High,,,,,,241.624851,15.894084,1871.023042,0.96177,2:00,-0.271298,-0.848817,-0.45377,70.560051,42.038891,60.413231,111.255635,68.348045,0.343867,0.929442,-0.133762,81.810448,20.112677,0.929442,0.343867,0.133762,-81.810448,-20.112677,-0.929442,-0.343867,0.133762,-111.255635,-68.348045,-0.343867,-0.929442,-0.133762
194,2026-03-24,20:59:56.73,3,5,"Higginbottom, Elijah",830834,Right,GRA_CAN,"Novitske, Nate",830246,Left,ARI_WIL,Undefined,6,Bottom,1,2,2,Slider,Slider,InPlay,Undefined,LineDrive,Single,0,0,,78.17848,0.70417,-1.256003,2471.999351,93.739915,9:00,5.20394,2.09863,5.62352,-44.02672,2.3252,-12.82717,2.19236,-0.14256,71.57823,-7.376949,-3.547013,0.49001,99.70156,15.702118,27.031048,2066.167072,95.86024,22.36986,53.95135,261.73735,261.73735,34.024466,2.410789,6.18343,1.36772,-1.98294,50,5.23553,2.97054,-113.50663,-0.02032,8.02138,21.87343,-30.39981,ARI_WIL,GRA_CAN,UArizona,D1,BIG12,20260324-UArizona-1,b4c3e090-27f6-11f1-8d4e-73b83eb2bf78,76.92172,23.59489,,6.60025,,,,2.50238,2.21351,-0.0668,fcc4ca4f-6759-4024-9276-a76842dbcbc5,2026-03-25,02:59:56.73,2026-03-24T20:59:56.7309312-06:00,2026-03-25T02:59:56.7309312Z,LineDrive,v3,232,5310,4b3137947cb04fa1abe03d266626d88b,"Perez, Jaime",1000122545,Right,GRA_CAN,808c5792-0d65-498f-a6d5-bfeb7fa1ada5,54.87702,-114.4426,10.93672,5.20857,1.2805,-15.19991,-2.1027,2.6273,4.01069,,2.50238,125.39349,-21.29664,3.97033,-0.83613,0.14757,-0.02364,0.0028,-0.00016,2.21351,39.57472,-20.13119,1.99697,-0.39102,0.07975,-0.01295,0.00169,-0.00012,-0.06681,63.97742,0.17124,-1.15814,0.36894,-0.08543,0.01297,-0.00122,4E-05,,,,,,,,,,,,,,,,,,,,,,,High,High,High,High,High,,,,63.218002,64.458189,1065.851038,0.43117,8:00,-0.892998,0.395977,0.213909,5.480551,-4.533111,10.846671,110.912679,-51.561459,0.580722,-0.783275,-0.221904,74.182465,-35.501361,0.783275,-0.580722,0.221904,-74.182465,35.501361,-0.783275,0.580722,0.221904,-110.912679,51.561459,-0.580722,0.783275,-0.221904
195,2026-03-24,21:00:34.26,4,1,"Higginbottom, Elijah",830834,Right,GRA_CAN,"Danzeisen, Caleb",828243,Left,ARI_WIL,Undefined,6,Bottom,1,0,0,Fastball,Four-Seam,InPlay,Undefined,FlyBall,Out,1,0,,90.32267,-1.253069,-3.147977,2252.222965,201.547055,12:45,5.48897,1.70865,6.16775,-17.82584,16.11485,5.93851,2.84412,-0.70711,82.54796,-4.643,-2.079038,0.419307,91.75779,42.232019,-2.2663,4648.051619,109.22106,92.57466,-13.06645,313.42828,278.01347,-13.498672,5.663504,-3.96063,9.02166,-1.47301,50,5.38474,6.96745,-131.08082,-3.38799,-6.89011,27.74159,-16.47959,ARI_WIL,GRA_CAN,UArizona,D1,BIG12,20260324-UArizona-1,cb149d80-27f6-11f1-8d4e-73b83eb2bf78,89.8923,115.96819,,7.77471,,,,1.42392,2.53906,0.70921,fcc4ca4f-6759-4024-9276-a76842dbcbc5,2026-03-25,03:00:34.26,2026-03-24T21:00:34.2650880-06:00,2026-03-25T03:00:34.2650880Z,FlyBall,v3,232,5310,4b3137947cb04fa1abe03d266626d88b,"Perez, Jaime",1000122545,Right,GRA_CAN,d9b87008-1991-4196-9932-7511a991e368,54.33156,-131.99436,13.8708,5.48737,-2.84531,-8.23979,-1.70618,7.19434,-3.44506,156.705839,1.43052,99.43747,-23.03495,5.67491,-0.81604,0.00769,0.01968,-0.00298,0.00014,2.53321,90.5514,-20.61436,1.18824,-0.06062,-0.02904,0.01317,-0.00212,0.00012,0.71085,-3.9757,-6.31817,2.15259,-0.46001,0.05412,-0.00118,-0.00039,3E-05,,,,,,,,,,,,,,,,,,,,,,,High,High,High,High,Medium,,,,216.394909,27.70337,1994.042283,0.885366,1:15,-0.491747,-0.535371,-0.686704,-14.112682,46.321935,54.477064,179.932545,-19.218337,0.001112,-0.329169,-0.94427,19.218349,-0.063696,0.329169,-0.001112,0.94427,-19.218349,0.063696,-0.329169,0.001112,0.94427,-179.932545,19.218337,-0.001112,0.329169,-0.94427
196,2026-03-24,21:04:44.21,5,1,"Higginbottom, Elijah",830834,Right,GRA_CAN,"Lira, Tony",830243,Right,ARI_WIL,Undefined,6,Bottom,2,0,0,Slider,Slider,BallCalled,Undefined,Undefined,Undefined,0,0,,77.91419,0.500515,-2.605422,2452.123505,78.744937,8:30,5.24749,3.10262,5.67467,-48.35849,-1.42839,-15.04863,1.68473,-0.5821,71.16118,-8.350496,-5.291663,0.493057,,,,,,,,,,,,6.8154,-0.39469,-2.8732,50,5.25959,5.71562,-112.97905,-0.58241,8.70382,22.87746,-32.67808,ARI_WIL,GRA_CAN,UArizona,D1,BIG12,20260324-UArizona-1,6021cfb0-27f7-11f1-8d4e-73b83eb2bf78,76.44641,,,6.753,,,,,,,fcc4ca4f-6759-4024-9276-a76842dbcbc5,2026-03-25,03:04:44.21,2026-03-24T21:04:44.2123776-06:00,2026-03-25T03:04:44.2123776Z,,v3,232,5310,4b3137947cb04fa1abe03d266626d88b,"Perez, Jaime",1000122545,Right,GRA_CAN,9b1b9ff0-502d-40e7-a0ce-463ba64e7e23,54.82479,-113.95185,11.43873,5.25481,0.80713,-16.33904,-3.10837,5.34552,4.35191,,,,,,,,,,,,,,,,,,,,,,,,,,,,,,,,,,,,,,,,,,,,,,,,,,,High,High,High,,,,,,66.61927,67.719398,929.705206,0.379143,8:15,-0.91447,0.356081,0.192227,6.842412,7.169545,18.991182,91.923776,-50.074206,0.641433,-0.766876,-0.021545,88.390727,-39.898773,0.766876,-0.641433,0.021545,-88.390727,39.898773,-0.766876,0.641433,0.021545,-91.923776,50.074206,-0.641433,0.766876,-0.021545
197,2026-03-24,21:05:02.10,5,2,"Higginbottom, Elijah",830834,Right,GRA_CAN,"Lira, Tony",830243,Right,ARI_WIL,Undefined,6,Bottom,2,1,0,Slider,Slider,StrikeSwinging,Undefined,Undefined,Undefined,0,0,,77.99751,0.493009,-2.159793,2570.366761,101.402685,9:30,5.24191,2.9612,5.59665,-42.859,3.71792,-11.15812,2.13096,0.01393,71.55873,-7.365511,-4.149477,0.491198,,,,,,,,,,,,5.02347,2.19961,-2.76866,50,5.2565,4.69704,-113.18319,-0.41037,6.49629,21.25253,-29.32952,ARI_WIL,GRA_CAN,UArizona,D1,BIG12,20260324-UArizona-1,6ac81960-27f7-11f1-8d4e-73b83eb2bf78,76.73568,,,6.43878,,,,,,,fcc4ca4f-6759-4024-9276-a76842dbcbc5,2026-03-25,03:05:02.10,2026-03-24T21:05:02.1020160-06:00,2026-03-25T03:05:02.1020160Z,,v3,232,5310,4b3137947cb04fa1abe03d266626d88b,"Perez, Jaime",1000122545,Right,GRA_CAN,204589cb-0016-4ecd-a0d5-786a7253d868,54.90235,-114.09999,10.62626,5.24691,0.85487,-14.66476,-2.96525,4.4168,3.24815,,,,,,,,,,,,,,,,,,,,,,,,,,,,,,,,,,,,,,,,,,,,,,,,,,,High,High,High,,,,,,66.310613,67.921914,966.123403,0.37587,8:15,-0.917329,0.352159,0.185719,10.889132,-9.012409,15.863985,106.600361,-48.376017,0.636554,-0.74752,-0.189769,75.755509,-39.535352,0.74752,-0.636554,0.189769,-75.755509,39.535352,-0.74752,0.636554,0.189769,-106.600361,48.376017,-0.636554,0.74752,-0.189769
198,2026-03-24,21:05:22.38,5,3,"Higginbottom, Elijah",830834,Right,GRA_CAN,"Lira, Tony",830243,Right,ARI_WIL,Undefined,6,Bottom,2,1,1,Slider,Curveball,BallCalled,Undefined,Undefined,Undefined,0,0,,76.89634,0.875213,-0.600904,2532.466569,74.111426,8:30,5.19747,3.15084,5.3273,-51.85975,-3.37516,-17.34292,1.69718,1.14173,70.49515,-8.551595,-3.684929,0.501156,,,,,,,,,,,,8.51209,-1.47575,-3.08361,50,5.23924,1.84908,-111.62098,-0.05408,10.66787,21.33579,-34.02355,ARI_WIL,GRA_CAN,UArizona,D1,BIG12,20260324-UArizona-1,76e23e60-27f7-11f1-8d4e-73b83eb2bf78,75.21094,,,6.40119,,,,,,,fcc4ca4f-6759-4024-9276-a76842dbcbc5,2026-03-25,03:05:22.38,2026-03-24T21:05:22.3852032-06:00,2026-03-25T03:05:22.3852032Z,,v3,232,5310,4b3137947cb04fa1abe03d266626d88b,"Perez, Jaime",1000122545,Right,GRA_CAN,0dfe181b-a21e-492d-b2d6-3e2aec341c69,55.17373,-112.60557,10.66789,5.20551,1.51602,-17.01178,-3.15758,1.35678,5.33394,,,,,,,,,,,,,,,,,,,,,,,,,,,,,,,,,,,,,,,,,,,,,,,,,,,High,High,High,,,,,,59.504217,60.687312,1239.833727,0.489576,8:00,-0.862762,0.435121,0.25751,10.061494,4.293313,13.561201,97.813065,-48.915541,0.65107,-0.753742,-0.089337,83.240587,-40.62234,0.753742,-0.65107,0.089337,-83.240587,40.62234,-0.753742,0.65107,0.089337,-97.813065,48.915541,-0.65107,0.753742,-0.089337
199,2026-03-24,21:05:39.46,5,4,"Higginbottom, Elijah",830834,Right,GRA_CAN,"Lira, Tony",830243,Right,ARI_WIL,Undefined,6,Bottom,2,2,1,ChangeUp,Changeup,BallCalled,Undefined,Undefined,Undefined,0,0,,82.79824,-1.226807,-5.041133,1820.30787,248.011771,2:15,5.0719,3.0339,6.0345,-33.55667,7.24441,14.67375,1.1349,-0.42346,75.83819,-7.445178,-2.411885,0.459735,,,,,,,,,,,,-8.93115,4.48587,-2.64706,50,4.95769,10.00374,-119.85978,-3.62803,-12.98844,23.23409,-25.65029,ARI_WIL,GRA_CAN,UArizona,D1,BIG12,20260324-UArizona-1,81096d00-27f7-11f1-8d4e-73b83eb2bf78,81.98737,,,6.96005,,,,,,,fcc4ca4f-6759-4024-9276-a76842dbcbc5,2026-03-25,03:05:39.46,2026-03-24T21:05:39.4658816-06:00,2026-03-25T03:05:39.4658816Z,,v3,232,5310,4b3137947cb04fa1abe03d266626d88b,"Perez, Jaime",1000122545,Right,GRA_CAN,bda50f00-0521-4834-ac09-d2117bdac65b,54.46469,-120.72213,11.61704,5.07468,-2.676,-12.82515,-3.0273,10.48582,-6.49422,,,,,,,,,,,,,,,,,,,,,,,,,,,,,,,,,,,,,,,,,,,,,,,,,,,High,High,High,,,,,,240.916054,15.581412,1753.411117,0.96325,2:00,-0.290697,-0.84735,-0.444402,-85.892502,-37.422708,75.801164,115.47157,78.234846,0.184081,0.978992,-0.08769,84.881565,10.607575,0.978992,0.184081,0.08769,-84.881565,-10.607575,-0.978992,-0.184081,0.08769,-115.47157,-78.234846,-0.184081,-0.978992,-0.08769
200,2026-03-24,21:06:00.89,5,5,"Higginbottom, Elijah",830834,Right,GRA_CAN,"Lira, Tony",830243,Right,ARI_WIL,Undefined,6,Bottom,2,3,1,Slider,Slider,BallCalled,Walk,Undefined,Undefined,0,0,,78.01161,0.282359,-3.040591,2595.017294,79.914323,8:45,5.29246,3.10086,5.56176,-48.7255,-1.8211,-18.68194,1.49617,-1.29932,71.59659,-8.588861,-6.364752,0.492922,,,,,,,,,,,,8.51374,-0.53087,-2.82575,50,5.28503,6.72864,-113.11119,-1.05406,10.93165,22.34719,-32.85567,ARI_WIL,GRA_CAN,UArizona,D1,BIG12,20260324-UArizona-1,8dd83c00-27f7-11f1-8d4e-73b83eb2bf78,76.46733,,,6.41502,,,,,,,fcc4ca4f-6759-4024-9276-a76842dbcbc5,2026-03-25,03:06:00.89,2026-03-24T21:06:00.8976896-06:00,2026-03-25T03:06:00.8976896Z,,v3,232,5310,4b3137947cb04fa1abe03d266626d88b,"Perez, Jaime",1000122545,Right,GRA_CAN,5f588b18-57d8-4e46-9f3e-f0c52b7a81f6,54.9387,-114.08275,11.17359,5.29981,0.37436,-16.42784,-3.10795,6.25338,5.46583,,,,,,,,,,,,,,,,,,,,,,,,,,,,,,,,,,,,,,,,,,,,,,,,,,,High,High,High,,,,,,57.348888,63.800493,1145.695303,0.441498,8:00,-0.881524,0.376146,0.285359,22.499573,-8.709123,7.604545,107.230447,-50.445864,0.608228,-0.771023,-0.188632,76.252523,-37.461471,0.771023,-0.608228,0.188632,-76.252523,37.461471,-0.771023,0.608228,0.188632,-107.230447,50.445864,-0.608228,0.771023,-0.188632
201,2026-03-24,21:06:36.36,6,1,"Higginbottom, Elijah",830834,Right,GRA_CAN,"Mihalakis, Maddox",805974,Left,ARI_WIL,Undefined,6,Bottom,2,0,0,Slider,Slider,StrikeCalled,Undefined,Undefined,Undefined,0,0,,78.86349,-0.043863,-1.337546,2479.357535,104.531246,9:30,5.17011,1.93191,6.17064,-38.80593,5.74571,-16.74847,1.89577,-0.69941,72.36686,-7.246315,-4.359009,0.4804,,,,,,,,,,,,8.26863,3.42768,-1.82248,50,5.14721,3.27944,-114.60284,-1.22998,10.94763,22.0621,-27.63582,ARI_WIL,GRA_CAN,UArizona,D1,BIG12,20260324-UArizona-1,a2f44980-27f7-11f1-8d4e-73b83eb2bf78,78.46049,,,6.49663,,,,,,,fcc4ca4f-6759-4024-9276-a76842dbcbc5,2026-03-25,03:06:36.36,2026-03-24T21:06:36.3602944-06:00,2026-03-25T03:06:36.3602944Z,,v3,232,5310,4b3137947cb04fa1abe03d266626d88b,"Perez, Jaime",1000122545,Right,GRA_CAN,9afdf34c-3d43-4e7e-bcaa-a9b2875131ff,54.32889,-115.43318,11.03105,5.17393,-0.18986,-13.81791,-1.93816,2.8674,5.47382,,,,,,,,,,,,,,,,,,,,,,,,,,,,,,,,,,,,,,,,,,,,,,,,,,,High,High,High,,,,,,66.878877,67.785153,937.397207,0.378081,8:15,-0.922321,0.347003,0.170039,-24.5961,22.503647,19.662775,103.01927,-49.414152,0.633863,-0.759432,-0.146563,79.076738,-39.335699,0.759432,-0.633863,0.146563,-79.076738,39.335699,-0.759432,0.633863,0.146563,-103.01927,49.414152,-0.633863,0.759432,-0.146563
202,2026-03-24,21:06:54.22,6,2,"Higginbottom, Elijah",830834,Right,GRA_CAN,"Mihalakis, Maddox",805974,Left,ARI_WIL,Undefined,6,Bottom,2,0,1,ChangeUp,Changeup,BallCalled,Undefined,Undefined,Undefined,0,0,,83.65335,0.456627,-1.363308,1689.645231,230.76355,1:45,4.89643,1.84967,6.28132,-29.72525,9.67914,10.30489,2.84033,1.45162,76.33017,-5.128401,0.4999,0.451797,,,,,,,,,,,,-5.71666,5.28918,-1.75373,50,4.91581,2.49862,-121.54886,0.09026,-8.52578,24.51376,-24.28576,ARI_WIL,GRA_CAN,UArizona,D1,BIG12,20260324-UArizona-1,ad99a8d0-27f7-11f1-8d4e-73b83eb2bf78,83.42774,,,7.32319,,,,,,,fcc4ca4f-6759-4024-9276-a76842dbcbc5,2026-03-25,03:06:54.22,2026-03-24T21:06:54.2251008-06:00,2026-03-25T03:06:54.2251008Z,,v3,232,5310,4b3137947cb04fa1abe03d266626d88b,"Perez, Jaime",1000122545,Right,GRA_CAN,aa8bf9de-8492-4bb7-b3a0-3950771d2032,54.2166,-122.3963,12.25688,4.89818,0.92982,-12.14288,-1.8452,2.79336,-4.26289,,,,,,,,,,,,,,,,,,,,,,,,,,,,,,,,,,,,,,,,,,,,,,,,,,,High,High,High,,,,,,239.111734,12.749453,1647.986062,0.975344,2:00,-0.2392,-0.835226,-0.495157,77.912112,40.506658,56.429043,93.948106,17.95274,0.949053,0.308232,-0.065501,78.002892,71.632235,0.308232,0.949053,0.065501,-78.002892,-71.632235,-0.308232,-0.949053,0.065501,-93.948106,-17.95274,-0.949053,-0.308232,-0.065501
203,2026-03-24,21:07:13.32,6,3,"Higginbottom, Elijah",830834,Right,GRA_CAN,"Mihalakis, Maddox",805974,Left,ARI_WIL,Undefined,6,Bottom,2,1,1,Fastball,Four-Seam,InPlay,Undefined,GroundBall,Out,1,0,,90.22017,-1.371134,-2.099955,2159.290763,204.013735,12:45,5.36594,1.67578,6.3763,-18.55383,15.11832,6.26489,2.55721,0.26495,82.56582,-4.902836,-0.965993,0.417645,99.87373,-14.404178,16.277249,,,,,10.86837,5.08795,12.47041,0.066311,-3.875,8.60296,-1.52719,50,5.25827,4.56256,-131.09681,-3.66585,-6.74372,27.71251,-17.2023,ARI_WIL,GRA_CAN,UArizona,D1,BIG12,20260324-UArizona-1,b8ecad40-27f7-11f1-8d4e-73b83eb2bf78,90.25006,2.42009,,7.65435,,,,1.56687,2.42009,-0.29421,fcc4ca4f-6759-4024-9276-a76842dbcbc5,2026-03-25,03:07:13.32,2026-03-24T21:07:13.3204992-06:00,2026-03-25T03:07:13.3204992Z,GroundBall,v3,232,5310,4b3137947cb04fa1abe03d266626d88b,"Perez, Jaime",1000122545,Right,GRA_CAN,399062af-2928-4d18-a8d1-c321ad3cf276,54.12374,-131.96565,13.85626,5.36474,-3.12652,-8.60115,-1.67355,4.77399,-3.37186,180,1.56458,136.40389,,,,,,,,2.42071,-36.49605,,,,,,,,-0.29487,39.8285,,,,,,,,,,,,,,,,,,,,,,,,,,,,,,High,High,High,Low,Low,,,,216.984678,32.358744,1823.982115,0.844714,1:15,-0.547279,-0.520842,-0.65514,-26.715934,34.814289,31.600434,165.911858,-16.96982,0.232816,-0.291868,-0.927691,17.464501,-13.4629,0.291868,-0.232816,0.927691,-17.464501,13.4629,-0.291868,0.232816,0.927691,-165.911858,16.96982,-0.232816,0.291868,-0.927691
204,2026-03-24,21:10:00.04,1,1,"Morris, Patrick",838039,Left,ARI_WIL,"Sanders, Troy",702974,Right,GRA_CAN,Undefined,7,Top,0,0,0,Slider,Slider,BallCalled,Undefined,Undefined,Undefined,0,0,,82.04456,-1.146,3.218631,2391.621201,263.198171,2:45,5.25418,-2.78695,5.38897,-40.41057,1.89421,5.17299,0.81069,0.66403,75.75882,-8.479346,4.137213,0.46813,,,,,,,,,,,,-1.7439,1.61374,2.4953,50,5.12295,-6.89842,-118.97732,-3.79925,-2.50432,22.43015,-29.8566,ARI_WIL,GRA_CAN,UArizona,D1,BIG12,20260324-UArizona-1,1c5f8230-27f8-11f1-8d4e-73b83eb2bf78,80.51712,,,6.28574,,,,,,,fcc4ca4f-6759-4024-9276-a76842dbcbc5,2026-03-25,03:10:00.04,2026-03-24T21:10:00.0495616-06:00,2026-03-25T03:10:00.0495616Z,,v3,232,5310,4b3137947cb04fa1abe03d266626d88b,"Meyers, Roman",834679,Right,ARI_WIL,fd76a78b-8561-4de1-8d12-94212967d880,55.11183,-119.93716,11.21508,5.25819,-2.52162,-14.9283,2.78821,-6.79126,-1.25216,,,,,,,,,,,,,,,,,,,,,,,,,,,,,,,,,,,,,,,,,,,,,,,,,,,High,High,High,,,,,,215.785562,-77.04366,536.22183,0.224209,1:15,0.985639,-0.111589,-0.126741,-45.547472,4.091052,83.089638,178.807515,-37.185666,0.01658,-0.6044,-0.796509,37.191641,-0.950005,0.6044,-0.01658,0.796509,-37.191641,0.950005,-0.6044,0.01658,0.796509,-178.807515,37.185666,-0.01658,0.6044,-0.796509
205,2026-03-24,21:10:13.06,1,2,"Morris, Patrick",838039,Left,ARI_WIL,"Sanders, Troy",702974,Right,GRA_CAN,Undefined,7,Top,0,1,0,Slider,Slider,BallCalled,Undefined,Undefined,Undefined,0,0,,82.61277,0.133139,1.227737,2256.174647,239.656482,2:00,5.25316,-2.93646,5.25731,-37.69837,4.11044,4.84524,2.23675,-1.37898,75.94511,-6.743283,2.08751,0.465377,,,,,,,,,,,,-2.09602,2.39917,2.82021,50,5.23745,-2.77336,-119.93938,-1.07181,-3.0605,22.67869,-28.67088,ARI_WIL,GRA_CAN,UArizona,D1,BIG12,20260324-UArizona-1,241effa0-27f8-11f1-8d4e-73b83eb2bf78,80.99327,,,6.66765,,,,,,,fcc4ca4f-6759-4024-9276-a76842dbcbc5,2026-03-25,03:10:13.06,2026-03-24T21:10:13.0609152-06:00,2026-03-25T03:10:13.0609152Z,,v3,232,5310,4b3137947cb04fa1abe03d266626d88b,"Meyers, Roman",834679,Right,ARI_WIL,f0194f48-a42f-4329-b5e6-e1b61776d176,55.24225,-120.92655,11.33935,5.25695,0.17618,-14.33544,2.93803,-2.64014,-1.53025,,,,,,,,,,,,,,,,,,,,,,,,,,,,,,,,,,,,,,,,,,,,,,,,,,,High,High,High,,,,,,204.84529,-76.468709,527.891572,0.233976,12:45,0.976337,-0.100569,-0.191445,-43.902414,-0.137561,82.519613,178.118873,-35.017402,0.026884,-0.573825,-0.818536,35.031918,-1.54051,0.573825,-0.026884,0.818536,-35.031918,1.54051,-0.573825,0.026884,0.818536,-178.118873,35.017402,-0.026884,0.573825,-0.818536
206,2026-03-24,21:10:27.93,1,3,"Morris, Patrick",838039,Left,ARI_WIL,"Sanders, Troy",702974,Right,GRA_CAN,Undefined,7,Top,0,2,0,Fastball,Four-Seam,BallCalled,Undefined,Undefined,Undefined,0,0,,90.46685,-0.732443,2.27079,2041.210057,148.12601,11:00,5.41489,-2.80457,5.52036,-21.32426,13.36548,-7.61599,2.95248,-1.315,82.51107,-4.714972,0.914447,0.423908,,,,,,,,,,,,4.47,7.28591,2.61201,50,5.33702,-4.85853,-131.22855,-2.41331,7.78598,28.06318,-19.48327,ARI_WIL,GRA_CAN,UArizona,D1,BIG12,20260324-UArizona-1,2cf2fa50-27f8-11f1-8d4e-73b83eb2bf78,88.91649,,,7.95577,,,,,,,fcc4ca4f-6759-4024-9276-a76842dbcbc5,2026-03-25,03:10:27.93,2026-03-24T21:10:27.9335936-06:00,2026-03-25T03:10:27.9335936Z,,v3,232,5310,4b3137947cb04fa1abe03d266626d88b,"Meyers, Roman",834679,Right,ARI_WIL,6c052dde-a7b6-43f8-9525-a406b0d6ecbc,54.97733,-132.28867,14.03159,5.41428,-1.67731,-9.74163,2.8011,-5.15265,3.89299,,,,,,,,,,,,,,,,,,,,,,,,,,,,,,,,,,,,,,,,,,,,,,,,,,,High,High,High,,,,,,143.24773,-28.132475,1800.061002,0.88186,10:45,0.492359,0.533651,-0.687604,40.304637,-40.030826,-7.202832,173.114814,3.738331,0.119625,0.0652,-0.990676,3.765408,6.870465,0.0652,0.119625,0.990676,-3.765408,-6.870465,-0.0652,-0.119625,0.990676,-173.114814,-3.738331,-0.119625,-0.0652,-0.990676
207,2026-03-24,21:10:42.42,1,4,"Morris, Patrick",838039,Left,ARI_WIL,"Sanders, Troy",702974,Right,GRA_CAN,Undefined,7,Top,0,3,0,Fastball,Four-Seam,StrikeCalled,Undefined,Undefined,Undefined,0,0,,89.47008,-0.892379,3.56593,2018.135094,171.468301,11:45,5.41024,-2.86803,5.97492,-17.34611,17.66509,-2.4778,3.13579,0.23552,81.43158,-4.197419,3.122099,0.425868,,,,,,,,,,,,2.29835,9.66351,2.58694,50,5.32986,-7.97687,-129.68621,-2.52136,3.8999,28.04602,-15.77674,ARI_WIL,GRA_CAN,UArizona,D1,BIG12,20260324-UArizona-1,359c89a0-27f8-11f1-8d4e-73b83eb2bf78,88.50739,,,8.0385,,,,,,,fcc4ca4f-6759-4024-9276-a76842dbcbc5,2026-03-25,03:10:42.42,2026-03-24T21:10:42.4205824-06:00,2026-03-25T03:10:42.4205824Z,,v3,232,5310,4b3137947cb04fa1abe03d266626d88b,"Meyers, Roman",834679,Right,ARI_WIL,aaae47e5-8cfa-4577-afbd-620b75bcf0d1,54.52244,-130.66058,14.02301,5.40794,-1.97325,-7.88837,2.86643,-8.11236,1.94995,,,,,,,,,,,,,,,,,,,,,,,,,,,,,,,,,,,,,,,,,,,,,,,,,,,High,High,High,,,,,,142.004788,-28.470102,1774.073909,0.879066,10:45,0.510395,0.548508,-0.662296,46.444692,-25.460837,-30.904329,171.740245,-1.323569,0.143623,-0.023099,-0.989363,1.337438,-8.257536,0.023099,-0.143623,0.989363,-1.337438,8.257536,-0.023099,0.143623,0.989363,-171.740245,1.323569,-0.143623,0.023099,-0.989363
208,2026-03-24,21:10:57.64,1,5,"Morris, Patrick",838039,Left,ARI_WIL,"Sanders, Troy",702974,Right,GRA_CAN,Undefined,7,Top,0,3,1,Fastball,Four-Seam,StrikeSwinging,Undefined,Undefined,Undefined,0,0,,90.37096,-2.0277,2.865481,2061.508339,155.3862,11:15,5.32121,-2.80639,5.39375,-18.64001,16.39339,-6.98115,1.86438,-0.70043,82.38977,-5.520333,1.626051,0.426003,,,,,,,,,,,,4.31189,9.15205,2.55549,50,5.1272,-6.23308,-130.91735,-5.26515,7.46871,28.14719,-16.32166,ARI_WIL,GRA_CAN,UArizona,D1,BIG12,20260324-UArizona-1,3ea9bcc0-27f8-11f1-8d4e-73b83eb2bf78,88.4793,,,7.98119,,,,,,,fcc4ca4f-6759-4024-9276-a76842dbcbc5,2026-03-25,03:10:57.64,2026-03-24T21:10:57.6486400-06:00,2026-03-25T03:10:57.6486400Z,,v3,232,5310,4b3137947cb04fa1abe03d266626d88b,"Meyers, Roman",834679,Right,ARI_WIL,b2b5ffe2-ec70-4516-80f9-bf60abe81a6d,55.10381,-132.0101,14.0736,5.3193,-4.63149,-8.16083,2.8031,-6.52303,3.73435,,,,,,,,,,,,,,,,,,,,,,,,,,,,,,,,,,,,,,,,,,,,,,,,,,,High,High,High,,,,,,142.278936,-28.341971,1814.39499,0.88013,10:45,0.489617,0.554939,-0.672546,32.299167,-50.010668,2.095564,169.174603,-0.794508,0.187799,-0.013866,-0.98211,0.808901,-10.824344,0.013866,-0.187799,0.98211,-0.808901,10.824344,-0.013866,0.187799,0.98211,-169.174603,0.794508,-0.187799,0.013866,-0.98211
209,2026-03-24,21:11:13.70,1,6,"Morris, Patrick",838039,Left,ARI_WIL,"Sanders, Troy",702974,Right,GRA_CAN,Undefined,7,Top,0,3,2,Fastball,Four-Seam,FoulBallNotFieldable,Undefined,Undefined,Undefined,0,0,,91.04591,-2.05394,2.578926,2141.499781,172.511798,11:45,5.40373,-2.72221,5.81451,-15.76343,18.13906,-2.24036,2.17753,-0.5093,83.13541,-5.050979,2.178074,0.419071,64.05692,46.745784,154.272265,3934.908227,-100.98848,46.95404,43.60419,179.25935,51.17425,158.093895,3.147273,1.88012,10.19406,2.51224,50,5.22609,-5.85223,-132.05516,-5.21296,3.31498,28.51747,-14.20018,ARI_WIL,GRA_CAN,UArizona,D1,BIG12,20260324-UArizona-1,483a0290-27f8-11f1-8d4e-73b83eb2bf78,89.94292,49.65627,,7.9105,,,,1.31862,2.34357,0.54919,fcc4ca4f-6759-4024-9276-a76842dbcbc5,2026-03-25,03:11:13.70,2026-03-24T21:11:13.7005568-06:00,2026-03-25T03:11:13.7005568Z,Popup,v3,232,5310,4b3137947cb04fa1abe03d266626d88b,"Meyers, Roman",834679,Right,ARI_WIL,7dc8d62e-6998-4553-9af3-38db370cb8e5,54.68487,-133.06301,14.25874,5.40146,-4.7111,-7.10009,2.72114,-5.96939,1.65749,346.007081,1.31855,-57.99476,2.09506,-0.37786,0.1283,-0.06866,0.02955,-0.00629,0.00052,2.34366,68.42066,-28.81223,3.69432,-0.6535,0.01025,0.03685,-0.01034,0.00097,0.54928,27.94239,-3.54864,0.64832,-0.02398,-0.06769,0.03582,-0.00822,0.00072,,,,,,,,,,,,,,,,,,,,,,,High,High,High,High,Low,,,,145.120964,-33.13178,1793.325497,0.837416,10:45,0.559428,0.498154,-0.662483,45.773512,-35.417732,-18.273219,175.504178,5.192614,0.078065,0.090504,-0.992832,5.208553,4.477334,0.090504,0.078065,0.992832,-5.208553,-4.477334,-0.090504,-0.078065,0.992832,-175.504178,-5.192614,-0.078065,-0.090504,-0.992832
210,2026-03-24,21:11:31.05,1,7,"Morris, Patrick",838039,Left,ARI_WIL,"Sanders, Troy",702974,Right,GRA_CAN,Undefined,7,Top,0,3,2,Fastball,Four-Seam,StrikeSwinging,Strikeout,Undefined,Undefined,0,0,,91.25707,-1.934901,1.94717,2187.342625,153.835588,11:15,5.50878,-2.623,5.48137,-18.49942,15.33123,-7.04256,2.15503,-1.3873,84.09044,-5.382246,0.693318,0.418626,,,,,,,,,,,,4.04969,8.53563,2.45708,50,5.32647,-4.18761,-132.48243,-5.11195,7.26156,25.941,-16.86864,ARI_WIL,GRA_CAN,UArizona,D1,BIG12,20260324-UArizona-1,528f1f00-27f8-11f1-8d4e-73b83eb2bf78,90.03837,,,7.16663,,,,,,,fcc4ca4f-6759-4024-9276-a76842dbcbc5,2026-03-25,03:11:31.05,2026-03-24T21:11:31.0540000-06:00,2026-03-25T03:11:31.0540000Z,,v3,232,5310,4b3137947cb04fa1abe03d266626d88b,"Meyers, Roman",834679,Right,ARI_WIL,29e17bba-1c26-44bb-aa06-3c912944ca2d,55.01827,-133.46143,12.9705,5.50738,-4.47534,-8.43432,2.62029,-4.46166,3.63078,,,,,,,,,,,,,,,,,,,,,,,,,,,,,61.25333,2.938751,1.815142,1.123608,-0.50219,1.97184,1.36483,0.68462,5.21003,2.25454,68.93141,9.03133,-55.84668,0.74035,64.99233,-3.81654,5.27527,19.62225,-14.47084,2.17137,-57.11056,4.85326,High,High,High,,,High,High,High,146.595064,-32.141087,1852.111894,0.846741,11:00,0.539682,0.483872,-0.68892,36.485937,-48.453687,-10.187641,167.282018,0.623132,0.220139,0.010875,-0.975408,0.638803,12.717218,0.010875,0.220139,0.975408,-0.638803,-12.717218,-0.010875,-0.220139,0.975408,-167.282018,-0.623132,-0.220139,-0.010875,-0.975408
211,2026-03-24,21:12:01.35,2,1,"Morris, Patrick",838039,Left,ARI_WIL,"Cameron, Griffin",823123,Left,GRA_CAN,Undefined,7,Top,1,0,0,Fastball,Four-Seam,StrikeCalled,Undefined,Undefined,Undefined,0,0,,92.15867,-1.594923,3.675741,2214.062423,149.13946,11:00,5.43856,-2.72001,5.68562,-17.75088,15.34733,-8.56689,2.46926,-0.00309,84.56602,-4.927034,2.148681,0.41407,,,,,,,,,,,,5.3154,8.52575,2.41573,50,5.29298,-8.20173,-133.61424,-4.31157,9.66298,27.27557,-16.67483,ARI_WIL,GRA_CAN,UArizona,D1,BIG12,20260324-UArizona-1,64a16ef0-27f8-11f1-8d4e-73b83eb2bf78,91.02914,,,7.59265,,,,,,,fcc4ca4f-6759-4024-9276-a76842dbcbc5,2026-03-25,03:12:01.35,2026-03-24T21:12:01.3534720-06:00,2026-03-25T03:12:01.3534720Z,,v3,232,5310,4b3137947cb04fa1abe03d266626d88b,"Meyers, Roman",834679,Right,ARI_WIL,a5d4d9da-e15c-42bc-b718-bfe0dd535a0d,54.81363,-134.59329,13.63779,5.437,-3.71303,-8.33741,2.71636,-8.54858,4.83149,,,,,,,,,,,,,,,,,,,,,,,,,,,,,,,,,,,,,,,,,,,,,,,,,,,High,High,High,,,,,,145.417993,-33.491352,1846.459679,0.833969,10:45,0.581334,0.488524,-0.650688,42.400617,-53.797259,-13.73176,164.870384,2.888669,0.260672,0.050395,-0.964111,2.992206,15.109932,0.050395,0.260672,0.964111,-2.992206,-15.109932,-0.050395,-0.260672,0.964111,-164.870384,-2.888669,-0.260672,-0.050395,-0.964111
212,2026-03-24,21:12:15.75,2,2,"Morris, Patrick",838039,Left,ARI_WIL,"Cameron, Griffin",823123,Left,GRA_CAN,Undefined,7,Top,1,0,1,Fastball,Four-Seam,StrikeSwinging,Undefined,Undefined,Undefined,0,0,,92.71069,-0.455488,3.221291,2178.60502,161.089575,11:15,5.47498,-2.61629,5.893,-17.75013,14.78985,-4.71705,3.57222,-0.01535,84.67028,-3.810711,2.37689,0.410563,,,,,,,,,,,,3.28705,7.99575,2.35925,50,5.428,-7.35884,-134.48412,-1.63189,6.02639,28.86996,-17.5149,ARI_WIL,GRA_CAN,UArizona,D1,BIG12,20260324-UArizona-1,6d349010-27f8-11f1-8d4e-73b83eb2bf78,91.80668,,,8.0404,,,,,,,fcc4ca4f-6759-4024-9276-a76842dbcbc5,2026-03-25,03:12:15.75,2026-03-24T21:12:15.7554688-06:00,2026-03-25T03:12:15.7554688Z,,v3,232,5310,4b3137947cb04fa1abe03d266626d88b,"Meyers, Roman",834679,Right,ARI_WIL,a503294f-4e7e-47b3-be60-012f7f3066af,54.60462,-135.46899,14.43498,5.47348,-1.03439,-8.75745,2.61379,-7.56443,3.0132,,,,,,,,,,,,,,,,,,,,,,,,,,,,,,,,,,,,,,,,,,,,,,,,,,,High,High,High,,,,,,147.622256,-36.743111,1745.772295,0.801326,11:00,0.631886,0.433851,-0.642256,43.472181,-41.978808,-27.059331,170.899584,0.434197,0.158161,0.007578,-0.987384,0.439732,9.100152,0.007578,0.158161,0.987384,-0.439732,-9.100152,-0.007578,-0.158161,0.987384,-170.899584,-0.434197,-0.158161,-0.007578,-0.987384
213,2026-03-24,21:12:36.96,2,3,"Morris, Patrick",838039,Left,ARI_WIL,"Cameron, Griffin",823123,Left,GRA_CAN,Undefined,7,Top,1,0,2,Fastball,Four-Seam,StrikeCalled,Strikeout,Undefined,Undefined,0,0,,93.21375,-1.969738,3.581325,2197.713459,146.397455,11:00,5.44479,-2.69227,5.7535,-18.07658,14.24229,-8.79823,2.10046,-0.08724,85.4648,-5.360082,2.010469,0.409166,,,,,,,,,,,,5.42981,8.08422,2.40017,50,5.27,-8.06248,-135.12514,-5.25773,10.08088,28.29815,-17.16511,ARI_WIL,GRA_CAN,UArizona,D1,BIG12,20260324-UArizona-1,79daef80-27f8-11f1-8d4e-73b83eb2bf78,92.12016,,,7.74894,,,,,,,fcc4ca4f-6759-4024-9276-a76842dbcbc5,2026-03-25,03:12:36.96,2026-03-24T21:12:36.9690000-06:00,2026-03-25T03:12:36.9690000Z,,v3,232,5310,4b3137947cb04fa1abe03d266626d88b,"Meyers, Roman",834679,Right,ARI_WIL,aa321004-be02-44b7-820b-86b3aebfab26,54.74555,-136.11533,14.14907,5.44347,-4.6571,-8.58255,2.68845,-8.41522,5.04044,,,,,,,,,,,,,,,,,,,,,,,,,,,,,64.58703,2.241207,1.124557,1.11665,-0.88725,1.88074,0.00773,-0.76748,5.16389,-0.01569,84.95273,7.39787,-39.82657,-0.67658,82.65755,-5.31802,5.24214,17.99366,-14.35499,-0.09019,-39.79385,3.74312,High,High,High,,,High,High,High,145.21423,-30.096682,1901.418752,0.86518,10:45,0.527639,0.510538,-0.678932,31.990539,-54.18102,4.409576,167.30231,3.234014,0.219457,0.056414,-0.97399,3.314911,12.677132,0.056414,0.219457,0.97399,-3.314911,-12.677132,-0.056414,-0.219457,0.97399,-167.30231,-3.234014,-0.219457,-0.056414,-0.97399
214,2026-03-24,21:13:03.71,3,1,"Morris, Patrick",838039,Left,ARI_WIL,"Sanko, Jake",830830,Right,GRA_CAN,Undefined,7,Top,2,0,0,Slider,Slider,StrikeCalled,Undefined,Undefined,Undefined,0,0,,82.42923,1.437325,2.002073,2405.851784,293.64456,3:45,5.24277,-2.8584,5.24023,-43.04156,-0.83626,4.91851,3.00798,-0.56609,75.47134,-6.397834,2.873489,0.467579,,,,,,,,,,,,-1.8878,-0.39626,2.67052,50,5.34303,-4.3888,-119.55425,1.42327,-2.7303,23.20623,-32.74718,ARI_WIL,GRA_CAN,UArizona,D1,BIG12,20260324-UArizona-1,89d29cd0-27f8-11f1-8d4e-73b83eb2bf78,80.61195,,,6.95789,,,,,,,fcc4ca4f-6759-4024-9276-a76842dbcbc5,2026-03-25,03:13:03.71,2026-03-24T21:13:03.7197312-06:00,2026-03-25T03:13:03.7197312Z,,v3,232,5310,4b3137947cb04fa1abe03d266626d88b,"Meyers, Roman",834679,Right,ARI_WIL,66025ef2-16eb-451d-8006-2751b329be88,55.25895,-120.57072,11.60312,5.24927,2.85765,-16.37359,2.86014,-4.26921,-1.36515,,,,,,,,,,,,,,,,,,,,,,,,,,,,,,,,,,,,,,,,,,,,,,,,,,,High,High,High,,,,,,253.530304,-73.932863,665.852054,0.276764,2:30,0.956137,-0.289428,-0.045089,-57.908487,28.693045,76.850149,177.75791,28.017252,0.034537,0.469737,-0.88213,28.035452,1.979219,0.469737,0.034537,0.88213,-28.035452,-1.979219,-0.469737,-0.034537,0.88213,-177.75791,-28.017252,-0.034537,-0.469737,-0.88213
215,2026-03-24,21:13:19.29,3,2,"Morris, Patrick",838039,Left,ARI_WIL,"Sanko, Jake",830830,Right,GRA_CAN,Undefined,7,Top,2,0,1,Fastball,Four-Seam,FoulBallNotFieldable,Undefined,Undefined,Undefined,0,0,,92.38952,-1.558969,2.795599,2181.392779,145.945753,10:45,5.4058,-2.67532,5.65356,-18.68536,14.33158,-8.98701,2.39263,-0.81485,84.56541,-5.061551,1.191994,0.413561,78.05912,41.818481,141.455099,4073.004361,,,,,43.54975,,,5.33508,8.01595,2.4442,50,5.26182,-6.14378,-134.02708,-4.28194,9.72471,28.40223,-17.56268,ARI_WIL,GRA_CAN,UArizona,D1,BIG12,20260324-UArizona-1,933988b0-27f8-11f1-8d4e-73b83eb2bf78,91.14111,34.14714,,7.82411,,,,0.54899,2.43986,0.77104,fcc4ca4f-6759-4024-9276-a76842dbcbc5,2026-03-25,03:13:19.29,2026-03-24T21:13:19.2984576-06:00,2026-03-25T03:13:19.2984576Z,,v3,232,5310,4b3137947cb04fa1abe03d266626d88b,"Meyers, Roman",834679,Right,ARI_WIL,85fcd7f4-ed00-49e4-a901-7b9277360499,54.84589,-135.05009,14.20112,5.40466,-3.64936,-8.78134,2.6718,-6.49405,4.86235,,0.54899,-66.73231,1.40235,2.18874,-0.84255,0.2746,-0.08167,0.02863,-0.00775,2.43986,76.33651,-34.49101,5.54123,-1.23545,0.25317,-0.04646,0.00456,0.00141,0.77104,53.16671,-9.72153,1.63919,-0.28382,0.02809,0.00392,-0.00739,0.00338,,,,,,,,,,,,,,,,,,,,,,,High,High,High,High,Undefined,,,,147.212519,-32.723906,1835.173682,0.841285,11:00,0.561864,0.470115,-0.680662,47.167966,-48.332679,-19.668677,164.740687,6.043373,0.261725,0.105281,-0.959383,6.262497,15.172463,0.105281,0.261725,0.959383,-6.262497,-15.172463,-0.105281,-0.261725,0.959383,-164.740687,-6.043373,-0.261725,-0.105281,-0.959383
216,2026-03-24,21:13:36.17,3,3,"Morris, Patrick",838039,Left,ARI_WIL,"Sanko, Jake",830830,Right,GRA_CAN,Undefined,7,Top,2,0,2,Fastball,Four-Seam,BallCalled,Undefined,Undefined,Undefined,0,0,,91.34823,0.179094,1.930937,2242.165741,163.242763,11:30,5.53764,-2.78982,5.79007,-18.40021,15.16143,-4.25217,4.17099,-1.3472,83.45416,-3.294969,1.169945,0.416959,,,,,,,,,,,,2.68358,7.98843,2.6333,50,5.54136,-4.28252,-132.63045,-0.17121,4.78873,27.8894,-17.91906,ARI_WIL,GRA_CAN,UArizona,D1,BIG12,20260324-UArizona-1,9d2275d0-27f8-11f1-8d4e-73b83eb2bf78,90.39854,,,7.89407,,,,,,,fcc4ca4f-6759-4024-9276-a76842dbcbc5,2026-03-25,03:13:36.17,2026-03-24T21:13:36.1795072-06:00,2026-03-25T03:13:36.1795072Z,,v3,232,5310,4b3137947cb04fa1abe03d266626d88b,"Meyers, Roman",834679,Right,ARI_WIL,a55a5b72-2b38-4418-8742-7aa9c19bfb29,54.70751,-133.61668,13.9447,5.53621,0.46244,-8.95953,2.78774,-4.45186,2.39436,,,,,,,,,,,,,,,,,,,,,,,,,,,,,,,,,,,,,,,,,,,,,,,,,,,High,High,High,,,,,,148.377982,-37.355032,1782.277515,0.794891,11:00,0.630514,0.414873,-0.655997,52.710563,-43.047119,-36.278057,165.112638,5.474518,0.255748,0.095403,-0.962025,5.663449,14.817897,0.095403,0.255748,0.962025,-5.663449,-14.817897,-0.095403,-0.255748,0.962025,-165.112638,-5.474518,-0.255748,-0.095403,-0.962025
217,2026-03-24,21:13:52.34,3,4,"Morris, Patrick",838039,Left,ARI_WIL,"Sanko, Jake",830830,Right,GRA_CAN,Undefined,7,Top,2,1,2,Slider,Slider,InPlay,Undefined,GroundBall,Out,1,0,,82.37724,-0.377233,1.495788,2346.996379,263.480333,2:45,5.33049,-2.86029,5.23446,-40.24364,1.84059,4.94244,1.62214,-1.04211,75.89763,-7.687651,2.372816,0.466908,80.41479,-34.031342,-49.102578,,,,,3.52245,2.09462,-13.335101,0.025252,-2.08362,1.36665,2.71871,50,5.26551,-3.32686,-119.60183,-2.23673,-3.0247,22.59615,-30.19013,ARI_WIL,GRA_CAN,UArizona,D1,BIG12,20260324-UArizona-1,a6d42650-27f8-11f1-8d4e-73b83eb2bf78,80.72783,1.66986,,6.47961,,,,1.80856,1.66986,1.05667,fcc4ca4f-6759-4024-9276-a76842dbcbc5,2026-03-25,03:13:52.34,2026-03-24T21:13:52.3491328-06:00,2026-03-25T03:13:52.3491328Z,GroundBall,v3,232,5310,4b3137947cb04fa1abe03d266626d88b,"Meyers, Roman",834679,Right,ARI_WIL,6010116a-cfef-41c5-a4f3-84c652aa0923,55.26629,-120.59267,11.29808,5.33456,-0.91289,-15.09507,2.86168,-3.19423,-1.51235,,1.80808,64.10977,,,,,,,,1.67035,-66.12675,,,,,,,,1.05722,-74.01708,,,,,,,,,,,,,,,,,,,,,,,,,,,,,,High,High,High,Estimated,Estimated,,,,226.180769,-76.55789,545.589328,0.232463,1:30,0.977558,-0.161321,-0.135482,-58.822755,23.592692,78.204027,174.14453,-24.878196,0.092552,-0.420691,-0.902471,24.992781,-5.310465,0.420691,-0.092552,0.902471,-24.992781,5.310465,-0.420691,0.092552,0.902471,-174.14453,24.878196,-0.092552,0.420691,-0.902471
218,2026-03-24,21:16:51.31,1,1,"McGuire, Tommy",837561,Right,GRA_CAN,"Cain, Andrew",814832,Left,ARI_WIL,Undefined,7,Bottom,0,0,0,Cutter,Slider,BallCalled,Undefined,Undefined,Undefined,0,0,,85.62474,-1.521176,0.35806,2618.021154,143.575136,10:45,5.95685,1.16719,6.26402,-29.88057,7.21059,-4.56756,2.06393,1.1167,79.54823,-7.063586,-0.468645,0.438335,,,,,,,,,,,,2.45921,4.45307,-1.19158,50,5.82951,-0.60502,-124.59049,-4.23911,3.91379,22.10371,-25.08712,ARI_WIL,GRA_CAN,UArizona,D1,BIG12,20260324-UArizona-1,1178b7a0-27f9-11f1-8d4e-73b83eb2bf78,85.98994,,,6.07651,,,,,,,fcc4ca4f-6759-4024-9276-a76842dbcbc5,2026-03-25,03:16:51.31,2026-03-24T21:16:51.3109504-06:00,2026-03-25T03:16:51.3109504Z,,v3,232,5310,4b3137947cb04fa1abe03d266626d88b,"Perez, Jaime",1000122545,Right,GRA_CAN,d0e746d4-29f7-4c3f-9f13-20ca8833502d,54.23619,-125.33978,11.05186,5.9588,-3.38869,-12.54356,-1.16883,-0.73769,1.95689,,,,,,,,,,,,,,,,,,,,,,,,,,,,,,,,,,,,,,,,,,,,,,,,,,,High,High,High,,,,,,207.471044,76.415134,614.934853,0.234885,1:00,-0.967483,-0.134118,-0.214451,-30.442567,-64.076419,27.921504,174.134754,36.456758,0.082191,0.594216,-0.800095,36.600597,4.714533,0.594216,0.082191,0.800095,-36.600597,-4.714533,-0.594216,-0.082191,0.800095,-174.134754,-36.456758,-0.082191,-0.594216,-0.800095
219,2026-03-24,21:17:10.08,1,2,"McGuire, Tommy",837561,Right,GRA_CAN,"Cain, Andrew",814832,Left,ARI_WIL,Undefined,7,Bottom,0,1,0,Cutter,Slider,StrikeSwinging,Undefined,Undefined,Undefined,0,0,,85.42534,-2.230372,-2.008802,2488.755475,132.406662,10:30,5.98567,1.09795,6.24241,-33.28758,4.33532,-3.53551,1.15218,-1.0503,79.07049,-8.37483,-2.648108,0.441466,,,,,,,,,,,,1.31213,3.17914,-0.94666,50,5.80301,4.48619,-124.11105,-5.88747,2.05637,23.73147,-27.19168,ARI_WIL,GRA_CAN,UArizona,D1,BIG12,20260324-UArizona-1,1caa0340-27f9-11f1-8d4e-73b83eb2bf78,85.38013,,,6.35485,,,,,,,fcc4ca4f-6759-4024-9276-a76842dbcbc5,2026-03-25,03:17:10.08,2026-03-24T21:17:10.0842496-06:00,2026-03-25T03:17:10.0842496Z,,v3,232,5310,4b3137947cb04fa1abe03d266626d88b,"Perez, Jaime",1000122545,Right,GRA_CAN,0835c023-0e03-40de-acc8-9089d6f23983,54.25807,-124.92259,11.86574,5.98845,-4.95761,-13.59584,-1.09886,4.41587,1.02819,,,,,,,,,,,,,,,,,,,,,,,,,,,,,,,,,,,,,,,,,,,,,,,,,,,High,High,High,,,,,,211.937881,76.816076,567.629627,0.228078,1:00,-0.974399,-0.158453,-0.159494,12.482048,-67.073274,-5.241056,175.702105,31.312208,0.064027,0.519701,-0.851946,31.383894,3.670967,0.519701,0.064027,0.851946,-31.383894,-3.670967,-0.519701,-0.064027,0.851946,-175.702105,-31.312208,-0.064027,-0.519701,-0.851946
220,2026-03-24,21:17:28.47,1,3,"McGuire, Tommy",837561,Right,GRA_CAN,"Cain, Andrew",814832,Left,ARI_WIL,Undefined,7,Bottom,0,1,1,Cutter,Slider,InPlay,Undefined,Popup,Out,1,0,,85.74565,-1.675427,-1.413237,2585.355187,124.444695,10:15,5.93424,1.17797,6.09379,-32.65785,4.86524,-5.47855,1.66213,-0.58604,79.234,-7.703776,-2.401279,0.44088,83.45,52.589282,3.163915,,109.70519,117.50304,-8.04695,233.98876,120.31426,-8.695462,5.682068,2.47429,3.27831,-1.06616,50,5.78773,3.28444,-124.63137,-4.702,3.9083,24.05117,-26.99574,ARI_WIL,GRA_CAN,UArizona,D1,BIG12,20260324-UArizona-1,279d3470-27f9-11f1-8d4e-73b83eb2bf78,85.49361,123.43521,,6.51164,,,,1.84748,1.86697,0.50487,fcc4ca4f-6759-4024-9276-a76842dbcbc5,2026-03-25,03:17:28.47,2026-03-24T21:17:28.4762624-06:00,2026-03-25T03:17:28.4762624Z,FlyBall,v3,232,5310,4b3137947cb04fa1abe03d266626d88b,"Perez, Jaime",1000122545,Right,GRA_CAN,274f2fb8-fb83-40da-af73-6ae6b4a261e6,54.4071,-125.47896,12.02559,5.93667,-3.75064,-13.49787,-1.17948,3.14671,1.95415,,1.84942,74.19001,-16.85542,3.8452,-0.34787,-0.09219,0.0354,-0.00449,0.0002,1.8628,97.28314,-23.45029,2.40078,-0.50166,0.07473,-0.00147,-0.0011,0.0001,0.50593,4.07178,-6.99717,1.91583,-0.12935,-0.09114,0.03163,-0.00412,0.0002,,,,,,,,,,,,,,,,,,,,,,,High,High,High,High,Low,,,,198.945406,77.448916,561.823464,0.21731,12:45,-0.978396,-0.099062,-0.181463,23.408261,-67.693515,-21.741132,171.802384,29.935471,0.123565,0.499024,-0.857733,30.1906,7.097884,0.499024,0.123565,0.857733,-30.1906,-7.097884,-0.499024,-0.123565,0.857733,-171.802384,-29.935471,-0.123565,-0.499024,-0.857733
221,2026-03-24,21:18:07.33,2,1,"McGuire, Tommy",837561,Right,GRA_CAN,"Meyers, Roman",834679,Right,ARI_WIL,Undefined,7,Bottom,1,0,0,Slider,Slider,BallCalled,Undefined,Undefined,Undefined,0,0,,77.72687,-1.005966,-2.15948,2712.575593,69.463956,8:15,5.78955,1.2829,5.85227,-52.27463,-5.55071,-18.83391,0.49784,-2.29408,71.58401,-10.52259,-5.541591,0.491973,,,,,,,,,,,,8.98264,-2.07457,-1.09641,50,5.67742,4.94591,-112.8326,-3.64732,11.45367,22.62295,-34.81932,ARI_WIL,GRA_CAN,UArizona,D1,BIG12,20260324-UArizona-1,3ed19aa0-27f9-11f1-8d4e-73b83eb2bf78,76.61489,,,6.14287,,,,,,,fcc4ca4f-6759-4024-9276-a76842dbcbc5,2026-03-25,03:18:07.33,2026-03-24T21:18:07.3361920-06:00,2026-03-25T03:18:07.3361920Z,,v3,232,5310,4b3137947cb04fa1abe03d266626d88b,"Perez, Jaime",1000122545,Right,GRA_CAN,86b5fe32-0d67-406d-911f-a89dec031a41,54.64952,-113.76101,11.31147,5.79778,-2.21839,-17.40966,-1.28973,4.47587,5.72684,,,,,,,,,,,,,,,,,,,,,,,,,,,,,,,,,,,,,,,,,,,,,,,,,,,High,High,High,,,,,,46.742394,67.838581,1023.230327,0.377217,7:30,-0.920404,0.258418,0.29339,15.378031,20.129112,35.434105,101.127028,-47.399248,0.664161,-0.736088,-0.130629,79.936867,-41.618019,0.736088,-0.664161,0.130629,-79.936867,41.618019,-0.736088,0.664161,0.130629,-101.127028,47.399248,-0.664161,0.736088,-0.130629
222,2026-03-24,21:18:25.55,2,2,"McGuire, Tommy",837561,Right,GRA_CAN,"Meyers, Roman",834679,Right,ARI_WIL,Undefined,7,Bottom,1,1,0,Cutter,Slider,StrikeSwinging,Undefined,Undefined,Undefined,0,0,,85.36441,-0.786057,-1.944057,2628.505256,117.127962,10:00,5.94037,1.27905,6.09291,-34.48474,3.23752,-4.23654,2.33909,-0.8729,79.07651,-7.145942,-2.707436,0.442049,,,,,,,,,,,,1.68854,2.22992,-1.12708,50,5.86167,4.37871,-124.1083,-2.83575,2.65643,22.82707,-28.66597,ARI_WIL,GRA_CAN,UArizona,D1,BIG12,20260324-UArizona-1,49aa17e0-27f9-11f1-8d4e-73b83eb2bf78,85.26761,,,6.2879,,,,,,,fcc4ca4f-6759-4024-9276-a76842dbcbc5,2026-03-25,03:18:25.55,2026-03-24T21:18:25.5555072-06:00,2026-03-25T03:18:25.5555072Z,,v3,232,5310,4b3137947cb04fa1abe03d266626d88b,"Perez, Jaime",1000122545,Right,GRA_CAN,a24af366-ae2e-43d0-8885-02362ff59237,54.40701,-124.91625,11.41354,5.94408,-1.82114,-14.33299,-1.28039,4.28469,1.32821,,,,,,,,,,,,,,,,,,,,,,,,,,,,,,,,,,,,,,,,,,,,,,,,,,,High,High,High,,,,,,209.270495,78.805821,510.284053,0.194135,1:00,-0.984761,-0.108368,-0.136019,5.935457,-60.988929,-4.513538,172.655466,36.255349,0.103085,0.591385,-0.799773,36.480729,5.916859,0.591385,0.103085,0.799773,-36.480729,-5.916859,-0.591385,-0.103085,0.799773,-172.655466,-36.255349,-0.103085,-0.591385,-0.799773
223,2026-03-24,21:18:46.43,2,3,"McGuire, Tommy",837561,Right,GRA_CAN,"Meyers, Roman",834679,Right,ARI_WIL,Undefined,7,Bottom,1,1,1,Cutter,Slider,StrikeCalled,Undefined,Undefined,Undefined,0,0,,85.04223,-1.516293,-0.662992,2663.266637,128.098234,10:15,6.09821,1.18046,6.03137,-34.75451,3.37595,-2.9011,1.7974,0.3247,78.75935,-7.914516,-1.185997,0.444434,,,,,,,,,,,,1.32161,2.49126,-1.12714,50,5.96094,1.54468,-123.64569,-4.42018,2.06068,22.99287,-28.28957,ARI_WIL,GRA_CAN,UArizona,D1,BIG12,20260324-UArizona-1,561b3680-27f9-11f1-8d4e-73b83eb2bf78,84.80996,,,6.28288,,,,,,,fcc4ca4f-6759-4024-9276-a76842dbcbc5,2026-03-25,03:18:46.43,2026-03-24T21:18:46.4350720-06:00,2026-03-25T03:18:46.4350720Z,,v3,232,5310,4b3137947cb04fa1abe03d266626d88b,"Perez, Jaime",1000122545,Right,GRA_CAN,7685108d-7e8b-4938-8b0a-3140ca6e0617,54.46853,-124.47388,11.49644,6.1018,-3.40121,-14.14478,-1.18144,1.47046,1.03034,,,,,,,,,,,,,,,,,,,,,,,,,,,,,,,,,,,,,,,,,,,,,,,,,,,High,High,High,,,,,,198.183673,80.819931,424.89166,0.159538,12:30,-0.987217,-0.075891,-0.140157,39.795338,-51.246645,-34.476512,169.355852,36.267517,0.148924,0.591556,-0.792391,36.743036,8.564571,0.591556,0.148924,0.792391,-36.743036,-8.564571,-0.591556,-0.148924,0.792391,-169.355852,-36.267517,-0.148924,-0.591556,-0.792391
224,2026-03-24,21:19:07.94,2,4,"McGuire, Tommy",837561,Right,GRA_CAN,"Meyers, Roman",834679,Right,ARI_WIL,Undefined,7,Bottom,1,1,2,Fastball,Four-Seam,StrikeCalled,Strikeout,Undefined,Undefined,0,0,,91.92743,-2.017988,-2.406267,2643.749293,210.387843,1:00,6.1092,0.90384,6.14903,-18.45281,14.23615,7.7543,2.70442,-0.67467,84.30986,-5.503342,-1.008891,0.411502,,,,,,,,,,,,-4.63815,8.20985,-0.72448,50,5.94586,5.27903,-133.45629,-5.26861,-8.39132,27.87268,-17.32082,ARI_WIL,GRA_CAN,UArizona,D1,BIG12,20260324-UArizona-1,62e48740-27f9-11f1-8d4e-73b83eb2bf78,91.59725,,,7.61756,,,,,,,fcc4ca4f-6759-4024-9276-a76842dbcbc5,2026-03-25,03:19:07.94,2026-03-24T21:19:07.9410000-06:00,2026-03-25T03:19:07.9410000Z,,v3,232,5310,4b3137947cb04fa1abe03d266626d88b,"Perez, Jaime",1000122545,Right,GRA_CAN,7f396114-cb7c-4618-bcd2-0f92c71c743a,54.3494,-134.3616,13.93634,6.10785,-4.70602,-8.66041,-0.90037,5.55158,-4.19566,,,,,,,,,,,,,,,,,,,,,,,,,,,,,62.40015,,,1.079956,,,,-2.82801,5.40149,-2.99351,67.30241,9.45355,-57.47682,-2.77832,69.09913,-3.88285,5.45266,19.2066,-14.33933,-3.05987,-55.30452,4.53562,High,High,High,,,High,High,High,207.609205,30.110942,2286.990215,0.865056,1:00,-0.519002,-0.418317,-0.745418,-49.26628,-9.379412,-26.820752,156.702601,-7.306145,0.392293,-0.127171,-0.911007,7.946785,-23.097229,0.127171,-0.392293,0.911007,-7.946785,23.097229,-0.127171,0.392293,0.911007,-156.702601,7.306145,-0.392293,0.127171,-0.911007
225,2026-03-24,21:19:40.49,3,1,"McGuire, Tommy",837561,Right,GRA_CAN,"Forbes, Jackson",815387,Left,ARI_WIL,Undefined,7,Bottom,2,0,0,Cutter,Slider,InPlay,Undefined,FlyBall,Out,1,0,,85.81716,-1.132211,-0.868265,2715.634321,131.638935,10:30,5.9538,1.24478,6.34939,-30.63069,6.43827,-6.0078,2.35878,-0.05517,79.16364,-6.836106,-1.956855,0.438204,95.91686,41.726839,16.331541,4579.385986,106.10952,96.17977,28.99535,319.02893,284.61735,14.372685,6.06777,2.91788,3.9865,-1.179,50,5.85714,2.11513,-124.82555,-3.40449,4.62211,24.18773,-25.85914,ARI_WIL,GRA_CAN,UArizona,D1,BIG12,20260324-UArizona-1,764b43a0-27f9-11f1-8d4e-73b83eb2bf78,86.01567,130.4069,,6.65353,,,,1.53536,2.25583,-0.13512,fcc4ca4f-6759-4024-9276-a76842dbcbc5,2026-03-25,03:19:40.49,2026-03-24T21:19:40.4958720-06:00,2026-03-25T03:19:40.4958720Z,FlyBall,v3,232,5310,4b3137947cb04fa1abe03d266626d88b,"Perez, Jaime",1000122545,Right,GRA_CAN,357033a8-477d-4b2f-bbfa-6a9e45f35ea6,54.15117,-125.62736,12.09386,5.95579,-2.54728,-12.92957,-1.24658,1.96191,2.31105,,1.54265,100.6227,-23.62491,5.39352,-0.69165,0.00714,0.01181,-0.00153,6E-05,2.2539,93.65685,-19.48504,1.18323,-0.14384,-0.00481,0.00781,-0.00132,7E-05,-0.13296,29.48227,-8.13192,1.94913,-0.26736,0.00728,0.00375,-0.00053,2E-05,,,,,,,,,,,,,,,,,,,,,,,High,High,High,High,Low,,,,205.747922,75.573595,676.562894,0.249136,12:45,-0.96943,-0.127343,-0.209734,12.900818,-65.484321,-9.079233,172.919459,35.454506,0.100408,0.580056,-0.808364,35.662012,5.762683,0.580056,0.100408,0.808364,-35.662012,-5.762683,-0.580056,-0.100408,0.808364,-172.919459,-35.454506,-0.100408,-0.580056,-0.808364
226,2026-03-24,21:21:45.44,1,1,"Morris, Patrick",838039,Left,ARI_WIL,"Perez, Jaime",1000122545,Right,GRA_CAN,Undefined,8,Top,0,0,0,Fastball,Four-Seam,StrikeCalled,Undefined,Undefined,Undefined,0,0,,89.84789,-1.644392,2.496077,2073.515105,163.531169,11:30,5.56279,-2.73311,5.33669,-18.94879,16.57099,-4.55126,2.4391,-0.76913,81.83108,-5.194659,1.688658,0.42895,,,,,,,,,,,,2.99016,9.12312,2.51108,50,5.40101,-5.46641,-130.1945,-4.37759,5.11749,28.07637,-16.56046,ARI_WIL,GRA_CAN,UArizona,D1,BIG12,20260324-UArizona-1,c0c56d20-27f9-11f1-8d4e-73b83eb2bf78,87.8714,,,8.01681,,,,,,,fcc4ca4f-6759-4024-9276-a76842dbcbc5,2026-03-25,03:21:45.44,2026-03-24T21:21:45.4473728-06:00,2026-03-25T03:21:45.4473728Z,,v3,232,5310,4b3137947cb04fa1abe03d266626d88b,"Meyers, Roman",834679,Right,ARI_WIL,8c487638-9b4c-4ccb-8626-6bb304548b36,55.16046,-131.30263,14.03819,5.56089,-3.72397,-8.28023,2.73082,-5.66839,2.55875,,,,,,,,,,,,,,,,,,,,,,,,,,,,,,,,,,,,,,,,,,,,,,,,,,,High,High,High,,,,,,144.085413,-26.996503,1847.572936,0.891034,10:45,0.469763,0.535473,-0.701849,17.733039,-52.091148,21.560409,170.552161,-1.509104,0.164093,-0.026336,-0.986093,1.529846,-9.444532,0.026336,-0.164093,0.986093,-1.529846,9.444532,-0.026336,0.164093,0.986093,-170.552161,1.509104,-0.164093,0.026336,-0.986093
227,2026-03-24,21:21:59.04,1,2,"Morris, Patrick",838039,Left,ARI_WIL,"Perez, Jaime",1000122545,Right,GRA_CAN,Undefined,8,Top,0,0,1,Slider,Slider,InPlay,Undefined,GroundBall,Single,0,0,,82.11154,0.509953,3.197842,2248.51048,233.667527,1:45,5.252,-2.84327,5.33996,-38.87053,3.38673,2.87957,2.49195,0.39977,75.54938,-6.57762,3.708152,0.467867,84.32369,-3.70478,-30.15967,,,,,22.80748,20.14677,-28.992532,0.174783,-0.59736,1.89228,2.55239,50,5.26991,-6.77008,-119.09668,-0.29939,-0.86049,22.24946,-29.44828,ARI_WIL,GRA_CAN,UArizona,D1,BIG12,20260324-UArizona-1,c8e33730-27f9-11f1-8d4e-73b83eb2bf78,80.56237,2.63226,,6.56216,,,,1.51374,2.63226,-0.25552,fcc4ca4f-6759-4024-9276-a76842dbcbc5,2026-03-25,03:21:59.04,2026-03-24T21:21:59.0410240-06:00,2026-03-25T03:21:59.0410240Z,GroundBall,v3,232,5310,4b3137947cb04fa1abe03d266626d88b,"Meyers, Roman",834679,Right,ARI_WIL,8c80d980-8313-4e7f-92d4-2026ff76e56a,55.16101,-120.05698,11.12473,5.2554,0.97162,-14.72414,2.84379,-6.73294,-0.43025,,1.51268,106.78925,-7.43848,,,,,,,2.63278,-8.03015,-40.25753,,,,,,,-0.25487,-62.05523,1.49654,,,,,,,,,,,,,,,,,,,,,,,,,,,,,High,High,High,Low,Low,,,,208.064923,-76.031416,542.767578,0.24139,1:00,0.979752,-0.1222,-0.158599,42.311821,-9.348542,-89.30435,172.332464,37.116125,0.106395,0.603432,-0.790284,37.364037,6.107528,0.603432,0.106395,0.790284,-37.364037,-6.107528,-0.603432,-0.106395,0.790284,-172.332464,-37.116125,-0.106395,-0.603432,-0.790284
228,2026-03-24,21:22:35.30,2,1,"Morris, Patrick",838039,Left,ARI_WIL,"Scaldeferri, Billy",821907,Right,GRA_CAN,Undefined,8,Top,0,0,0,Fastball,Four-Seam,StrikeCalled,Undefined,Undefined,Undefined,0,0,,90.651,-1.442424,2.736605,2135.012365,150.929217,11:00,5.46252,-2.84585,5.73913,-17.38906,16.6721,-8.69441,2.6685,-1.02024,83.22771,-4.719591,1.182888,0.42005,,,,,,,,,,,,5.12725,9.17536,2.62328,50,5.33168,-5.90711,-131.56415,-3.86263,9.04145,26.32029,-15.99414,ARI_WIL,GRA_CAN,UArizona,D1,BIG12,20260324-UArizona-1,de797dc0-27f9-11f1-8d4e-73b83eb2bf78,89.73318,,,7.4233,,,,,,,fcc4ca4f-6759-4024-9276-a76842dbcbc5,2026-03-25,03:22:35.30,2026-03-24T21:22:35.3074688-06:00,2026-03-25T03:22:35.3074688Z,,v3,232,5310,4b3137947cb04fa1abe03d266626d88b,"Meyers, Roman",834679,Right,ARI_WIL,f97d4649-f5fc-4eed-99f0-074fec096029,54.75965,-132.51293,13.16014,5.46053,-3.28609,-7.99707,2.84209,-6.23303,4.52073,,,,,,,,,,,,,,,,,,,,,,,,,,,,,,,,,,,,,,,,,,,,,,,,,,,High,High,High,,,,,,143.987296,-25.717122,1923.533817,0.900947,10:45,0.454771,0.54048,-0.707859,29.93439,-49.961461,6.796443,167.858665,0.318606,0.210321,0.005561,-0.977617,0.325896,12.141145,0.005561,0.210321,0.977617,-0.325896,-12.141145,-0.005561,-0.210321,0.977617,-167.858665,-0.318606,-0.210321,-0.005561,-0.977617
229,2026-03-24,21:22:52.59,2,2,"Morris, Patrick",838039,Left,ARI_WIL,"Scaldeferri, Billy",821907,Right,GRA_CAN,Undefined,8,Top,0,0,1,ChangeUp,Changeup,FoulBallNotFieldable,Undefined,Undefined,Undefined,0,0,,85.29404,-0.420325,3.752765,1691.455363,141.620566,10:45,5.28307,-2.86163,5.51499,-23.0843,16.13154,-11.74304,2.9655,-0.3261,77.56191,-4.744833,1.666258,0.450715,,,,,,,,,,,,7.07996,8.66111,2.54257,50,5.23124,-7.6191,-123.56878,-1.64836,10.89921,25.62329,-18.84076,ARI_WIL,GRA_CAN,UArizona,D1,BIG12,20260324-UArizona-1,e8cb8cf0-27f9-11f1-8d4e-73b83eb2bf78,83.62806,,,7.73213,,,,,,,fcc4ca4f-6759-4024-9276-a76842dbcbc5,2026-03-25,03:22:52.59,2026-03-24T21:22:52.5922816-06:00,2026-03-25T03:22:52.5922816Z,,v3,232,5310,4b3137947cb04fa1abe03d266626d88b,"Meyers, Roman",834679,Right,ARI_WIL,8eda6986-86d7-4cd7-8305-d7021b46812e,54.98476,-124.59813,12.81165,5.28226,-0.89148,-9.42038,2.85744,-8.05695,5.4496,,,,,,,,,,,,,,,,,,,,,,,,,,,,,,,,,,,,,,,,,,,,,,,,,,,High,High,High,,,,,,130.716198,-32.041221,1433.790264,0.847667,10:15,0.560865,0.646364,-0.517344,-44.400512,30.677419,60.457336,97.516605,-6.239515,0.985534,-0.108685,-0.130039,39.888537,-80.242587,0.108685,-0.985534,0.130039,-39.888537,80.242587,-0.108685,0.985534,0.130039,-97.516605,6.239515,-0.985534,0.108685,-0.130039
230,2026-03-24,21:23:16.29,2,3,"Morris, Patrick",838039,Left,ARI_WIL,"Scaldeferri, Billy",821907,Right,GRA_CAN,Undefined,8,Top,0,0,2,Fastball,Four-Seam,BallCalled,Undefined,Undefined,Undefined,0,0,,90.23238,0.774514,2.382295,2204.196714,167.254742,11:30,5.48715,-2.67392,5.81203,-18.34777,16.39229,-3.44118,4.67905,-0.74416,81.58041,-2.719408,1.766633,0.424216,,,,,,,,,,,,2.46567,8.45662,2.4806,50,5.53988,-5.29001,-130.81885,1.21444,4.23588,29.82304,-17.64594,ARI_WIL,GRA_CAN,UArizona,D1,BIG12,20260324-UArizona-1,f6ed41c0-27f9-11f1-8d4e-73b83eb2bf78,88.85207,,,8.65198,,,,,,,fcc4ca4f-6759-4024-9276-a76842dbcbc5,2026-03-25,03:23:16.29,2026-03-24T21:23:16.2955776-06:00,2026-03-25T03:23:16.2955776Z,,v3,232,5310,4b3137947cb04fa1abe03d266626d88b,"Meyers, Roman",834679,Right,ARI_WIL,f2698bac-f906-4dc4-994b-040cddc235f5,54.6839,-131.88233,14.91152,5.48535,1.84369,-8.82297,2.67194,-5.44106,2.11794,,,,,,,,,,,,,,,,,,,,,,,,,,,,,,,,,,,,,,,,,,,,,,,,,,,High,High,High,,,,,,146.86804,-39.669576,1696.655371,0.769739,11:00,0.670225,0.412048,-0.617264,38.342932,-45.203013,-15.253383,176.625883,3.24904,0.058761,0.056676,-0.996662,3.25467,3.368687,0.056676,0.058761,0.996662,-3.25467,-3.368687,-0.056676,-0.058761,0.996662,-176.625883,-3.24904,-0.058761,-0.056676,-0.996662
231,2026-03-24,21:23:33.03,2,4,"Morris, Patrick",838039,Left,ARI_WIL,"Scaldeferri, Billy",821907,Right,GRA_CAN,Undefined,8,Top,0,1,2,Fastball,Four-Seam,StrikeSwinging,Strikeout,Undefined,Undefined,0,0,,89.78152,-0.286732,2.839549,2068.213101,163.342371,11:30,5.42827,-2.67969,6.23065,-21.75824,12.65343,-3.44748,3.35022,-0.34512,81.66002,-4.404429,2.218054,0.422206,,,,,,,,,,,,2.60547,6.97996,2.46915,50,5.39601,-6.31843,-130.27741,-1.30906,4.45563,28.63334,-20.23755,ARI_WIL,GRA_CAN,UArizona,D1,BIG12,20260324-UArizona-1,00e941b0-27fa-11f1-8d4e-73b83eb2bf78,89.27506,,,8.12149,,,,,,,fcc4ca4f-6759-4024-9276-a76842dbcbc5,2026-03-25,03:23:33.03,2026-03-24T21:23:33.0314752-06:00,2026-03-25T03:23:33.0314752Z,,v3,232,5310,4b3137947cb04fa1abe03d266626d88b,"Meyers, Roman",834679,Right,ARI_WIL,9fcc5f66-20bd-47b8-a186-711a2c2d2d3f,54.2662,-131.21171,14.31667,5.42795,-0.64871,-10.11878,2.67769,-6.46382,2.22782,,,,,,,,,,,,,,,,,,,,,,,,,,,,,,,,,,,,,,,,,,,,,,,,,,,High,High,High,,,,,,149.865444,-42.754856,1518.616432,0.734265,11:00,0.707637,0.372018,-0.60071,53.372855,-21.373317,-56.546098,171.674237,-0.147877,0.144801,-0.002581,-0.989457,0.149452,-8.325735,0.002581,-0.144801,0.989457,-0.149452,8.325735,-0.002581,0.144801,0.989457,-171.674237,0.147877,-0.144801,0.002581,-0.989457
232,2026-03-24,21:24:01.80,3,1,"Morris, Patrick",838039,Left,ARI_WIL,"Peery, Cannon",821900,Right,GRA_CAN,Undefined,8,Top,1,0,0,Fastball,Four-Seam,BallCalled,Undefined,Undefined,Undefined,0,0,,90.62004,-1.044014,1.992396,2138.860299,149.24218,11:00,5.40598,-2.76266,5.81629,-20.61844,13.50666,-7.39422,2.71635,-1.52555,82.82069,-4.914197,0.667789,0.420444,,,,,,,,,,,,4.32181,7.51221,2.60387,50,5.30825,-4.25473,-131.55144,-3.07247,7.57405,27.88746,-19.00879,ARI_WIL,GRA_CAN,UArizona,D1,BIG12,20260324-UArizona-1,120a53d0-27fa-11f1-8d4e-73b83eb2bf78,89.64906,,,7.79935,,,,,,,fcc4ca4f-6759-4024-9276-a76842dbcbc5,2026-03-25,03:24:01.80,2026-03-24T21:24:01.8017280-06:00,2026-03-25T03:24:01.8017280Z,,v3,232,5310,4b3137947cb04fa1abe03d266626d88b,"Meyers, Roman",834679,Right,ARI_WIL,db1518ac-c61f-4932-9fe5-feda85f7da8f,54.68204,-132.54026,13.94373,5.40525,-2.39847,-9.50439,2.75949,-4.52329,3.78702,,,,,,,,,,,,,,,,,,,,,,,,,,,,,,,,,,,,,,,,,,,,,,,,,,,High,High,High,,,,,,145.442654,-32.344326,1807.012246,0.844848,10:45,0.550058,0.488892,-0.677068,52.338932,-49.643072,-21.862278,162.180198,8.228151,0.302874,0.143115,-0.942224,8.636695,17.630314,0.143115,0.302874,0.942224,-8.636695,-17.630314,-0.143115,-0.302874,0.942224,-162.180198,-8.228151,-0.302874,-0.143115,-0.942224
233,2026-03-24,21:24:18.69,3,2,"Morris, Patrick",838039,Left,ARI_WIL,"Peery, Cannon",821900,Right,GRA_CAN,Undefined,8,Top,1,1,0,Fastball,Four-Seam,InPlay,Undefined,Popup,Out,1,0,,89.98702,-0.899525,3.458773,2117.04425,160.411104,11:15,5.40801,-2.57498,6.16766,-18.96521,15.2565,-5.04355,2.99512,0.2034,82.20442,-4.496751,2.551512,0.421039,69.69906,65.023016,16.352303,,,,,130.60429,122.67941,31.049467,5.197431,3.59032,8.48268,2.31528,50,5.33002,-7.68741,-130.56429,-2.61228,6.1937,27.64872,-17.54046,ARI_WIL,GRA_CAN,UArizona,D1,BIG12,20260324-UArizona-1,1c1a9f10-27fa-11f1-8d4e-73b83eb2bf78,89.52243,110.34159,,7.7826,,,,1.31261,3.38663,-0.05861,fcc4ca4f-6759-4024-9276-a76842dbcbc5,2026-03-25,03:24:18.69,2026-03-24T21:24:18.6998272-06:00,2026-03-25T03:24:18.6998272Z,Popup,v3,232,5310,4b3137947cb04fa1abe03d266626d88b,"Meyers, Roman",834679,Right,ARI_WIL,30e0d850-49eb-459a-9329-40824900f897,54.33171,-131.47838,13.82436,5.40679,-2.03237,-8.77023,2.57282,-7.89218,3.09685,,1.31404,41.37571,-11.95962,2.99112,-0.07243,-0.238,0.08281,-0.01188,0.00064,3.37595,92.86641,-24.70672,3.45955,-1.22056,0.36586,-0.0666,0.00601,-0.0002,-0.0556,12.10189,2.08966,-1.08141,0.26449,-0.01383,-0.01013,0.00239,-0.00016,,,,,,,,,,,,,,,,,,,,,,,High,High,High,High,Low,,,,147.8679,-40.583403,1607.809976,0.75946,11:00,0.68176,0.4141,-0.603097,61.767304,-33.873074,-57.109869,161.405863,4.293572,0.317967,0.074867,-0.945141,4.529077,18.54005,0.074867,0.317967,0.945141,-4.529077,-18.54005,-0.074867,-0.317967,0.945141,-161.405863,-4.293572,-0.317967,-0.074867,-0.945141
234,2026-03-24,21:24:52.03,4,1,"Morris, Patrick",838039,Left,ARI_WIL,"Schmidt, Trevor",808755,Left,GRA_CAN,Undefined,8,Top,2,0,0,Fastball,Four-Seam,BallCalled,Undefined,Undefined,Undefined,0,0,,90.11259,0.122698,2.342674,2005.399726,152.439114,11:00,5.47464,-2.58482,5.85038,-20.91997,13.83961,-6.60532,3.84542,-0.9572,81.57609,-3.830944,1.159499,0.424335,,,,,,,,,,,,4.06162,7.37485,2.3981,50,5.4725,-5.05584,-130.68202,-0.38534,6.96469,29.70283,-19.52803,ARI_WIL,GRA_CAN,UArizona,D1,BIG12,20260324-UArizona-1,2ff7eb00-27fa-11f1-8d4e-73b83eb2bf78,88.82708,,,8.53649,,,,,,,fcc4ca4f-6759-4024-9276-a76842dbcbc5,2026-03-25,03:24:52.03,2026-03-24T21:24:52.0364032-06:00,2026-03-25T03:24:52.0364032Z,,v3,232,5310,4b3137947cb04fa1abe03d266626d88b,"Meyers, Roman",834679,Right,ARI_WIL,9595c136-e614-4218-beb3-d16c5256a18a,54.64596,-131.73377,14.85142,5.4739,0.30613,-9.76402,2.58149,-5.30245,3.48234,,,,,,,,,,,,,,,,,,,,,,,,,,,,,,,,,,,,,,,,,,,,,,,,,,,High,High,High,,,,,,147.555484,-35.160775,1639.493152,0.817539,11:00,0.60453,0.437361,-0.665776,33.505055,-48.918779,-12.751504,169.750492,-1.160462,0.177899,-0.020252,-0.98384,1.179275,-10.247383,0.020252,-0.177899,0.98384,-1.179275,10.247383,-0.020252,0.177899,0.98384,-169.750492,1.160462,-0.177899,0.020252,-0.98384
235,2026-03-24,21:25:08.73,4,2,"Morris, Patrick",838039,Left,ARI_WIL,"Schmidt, Trevor",808755,Left,GRA_CAN,Undefined,8,Top,2,1,0,Fastball,Four-Seam,FoulBallNotFieldable,Undefined,Undefined,Undefined,0,0,,91.0426,-1.001524,3.329812,2112.393041,158.893345,11:15,5.48788,-2.69226,5.76231,-18.15615,15.87021,-5.6987,3.04103,-0.06443,82.94569,-4.431916,2.312218,0.419836,,,,,,,,,,,,3.86855,8.71225,2.41977,50,5.39394,-7.4328,-131.99499,-2.88714,6.80709,28.78458,-16.84404,ARI_WIL,GRA_CAN,UArizona,D1,BIG12,20260324-UArizona-1,39f01a60-27fa-11f1-8d4e-73b83eb2bf78,89.77905,,,8.09692,,,,,,,fcc4ca4f-6759-4024-9276-a76842dbcbc5,2026-03-25,03:25:08.73,2026-03-24T21:25:08.7354880-06:00,2026-03-25T03:25:08.7354880Z,,v3,232,5310,4b3137947cb04fa1abe03d266626d88b,"Meyers, Roman",834679,Right,ARI_WIL,74c1f1e3-c714-4121-a7fc-c751b41461fd,54.73667,-133.02392,14.39229,5.48638,-2.28503,-8.42202,2.68981,-7.67613,3.40354,,,,,,,,,,,,,,,,,,,,,,,,,,,,,,,,,,,,,,,,,,,,,,,,,,,High,High,High,,,,,,145.220928,-31.845432,1794.424197,0.849475,10:45,0.558729,0.4937,-0.666395,36.852974,-55.643495,-1.159109,166.005027,5.322928,0.240794,0.092769,-0.966133,5.484784,13.933401,0.092769,0.240794,0.966133,-5.484784,-13.933401,-0.092769,-0.240794,0.966133,-166.005027,-5.322928,-0.240794,-0.092769,-0.966133
236,2026-03-24,21:25:45.99,4,3,"Morris, Patrick",838039,Left,ARI_WIL,"Schmidt, Trevor",808755,Left,GRA_CAN,Undefined,8,Top,2,1,1,Slider,Slider,InPlay,Undefined,FlyBall,HomeRun,0,2,,81.30615,0.497662,2.800102,2291.464909,260.854992,2:45,5.29504,-2.75099,5.24977,-41.53223,1.9978,3.68449,2.30224,0.18939,74.3432,-7.070903,3.452581,0.47486,97.1756,30.693216,23.239484,2708.725747,101.00652,60.09353,43.56118,386.93144,371.4654,25.483062,5.319259,-1.04276,1.21083,2.49095,50,5.30977,-5.91454,-117.86383,-0.43991,-1.45988,23.39586,-30.47889,ARI_WIL,GRA_CAN,UArizona,D1,BIG12,20260324-UArizona-1,5026e6b0-27fa-11f1-8d4e-73b83eb2bf78,79.37585,89.44751,,6.96295,,,,2.21535,2.36347,-0.15793,fcc4ca4f-6759-4024-9276-a76842dbcbc5,2026-03-25,03:25:45.99,2026-03-24T21:25:45.9968000-06:00,2026-03-25T03:25:45.9968000Z,FlyBall,v3,232,5310,4b3137947cb04fa1abe03d266626d88b,"Meyers, Roman",834679,Right,ARI_WIL,1e625359-bf47-43b5-b235-bae887b60f59,55.25044,-118.90147,11.69793,5.2993,0.91187,-15.23945,2.75183,-5.84979,-0.72994,187.517309,2.2169,112.58825,-19.99775,4.43666,-0.88103,0.1555,-0.02341,0.00244,-0.00011,2.36396,72.73157,-17.18951,1.02629,-0.0384,-0.05105,0.01848,-0.0026,0.00013,-0.15738,48.34901,-7.04162,1.51633,-0.29528,0.05276,-0.00837,0.00092,-5E-05,,,,,,,,,,,,,,,,,,,,,,,High,High,High,High,Medium,,,,251.430425,-73.249702,660.403063,0.288201,2:30,0.958504,-0.281504,-0.045009,-50.806955,31.76288,85.018294,170.402063,30.584367,0.143537,0.508807,-0.84883,30.939349,8.252596,0.508807,0.143537,0.84883,-30.939349,-8.252596,-0.508807,-0.143537,0.84883,-170.402063,-30.584367,-0.143537,-0.508807,-0.84883
237,2026-03-24,21:26:28.80,5,1,"Morris, Patrick",838039,Left,ARI_WIL,"Ohland, Carson",814703,Right,GRA_CAN,Undefined,8,Top,2,0,0,Fastball,Four-Seam,BallCalled,Undefined,Undefined,Undefined,0,0,,91.8015,-2.035974,3.882266,2139.100918,170.442917,11:45,5.42517,-2.69466,5.83885,-16.20328,16.97532,-2.68921,2.17748,0.69501,84.36366,-5.093354,3.402031,0.414573,,,,,,,,,,,,2.38725,9.51882,2.37945,50,5.24928,-8.91304,-133.06107,-5.2394,4.30605,26.92298,-15.0044,ARI_WIL,GRA_CAN,UArizona,D1,BIG12,20260324-UArizona-1,69ac41c0-27fa-11f1-8d4e-73b83eb2bf78,90.9188,,,7.43784,,,,,,,fcc4ca4f-6759-4024-9276-a76842dbcbc5,2026-03-25,03:26:28.80,2026-03-24T21:26:28.8048128-06:00,2026-03-25T03:26:28.8048128Z,,v3,232,5310,4b3137947cb04fa1abe03d266626d88b,"Meyers, Roman",834679,Right,ARI_WIL,9bb4f6d7-3c81-46b9-b08c-8aa1fb7459f7,54.66021,-134.00068,13.46149,5.423,-4.71575,-7.5022,2.69314,-9.06332,2.15302,,,,,,,,,,,,,,,,,,,,,,,,,,,,,,,,,,,,,,,,,,,,,,,,,,,High,High,High,,,,,,146.339816,-28.53446,1879.264268,0.87853,11:00,0.50854,0.503603,-0.698406,20.358982,-57.565007,8.289668,163.600521,-5.704053,0.280935,-0.09939,-0.954567,5.944258,-16.316003,0.09939,-0.280935,0.954567,-5.944258,16.316003,-0.09939,0.280935,0.954567,-163.600521,5.704053,-0.280935,0.09939,-0.954567
238,2026-03-24,21:26:46.63,5,2,"Morris, Patrick",838039,Left,ARI_WIL,"Ohland, Carson",814703,Right,GRA_CAN,Undefined,8,Top,2,1,0,Fastball,Four-Seam,InPlay,Undefined,LineDrive,Triple,0,0,,89.91457,-1.448595,3.590621,2104.954458,147.497243,11:00,5.4565,-2.62808,5.88239,-19.67485,15.09753,-8.88949,2.46875,-0.03005,81.91618,-5.1605,1.999788,0.424413,99.66335,16.179534,-8.681215,1456.697235,109.21636,26.01987,-13.10655,292.10532,292.10532,-4.585176,2.884793,5.5976,8.49,2.34312,50,5.32804,-7.80199,-130.32238,-3.91691,9.59553,28.21644,-17.62024,ARI_WIL,GRA_CAN,UArizona,D1,BIG12,20260324-UArizona-1,744b5f80-27fa-11f1-8d4e-73b83eb2bf78,88.81074,29.35974,,7.99838,,,,1.10127,2.3605,0.01391,fcc4ca4f-6759-4024-9276-a76842dbcbc5,2026-03-25,03:26:46.63,2026-03-24T21:26:46.6351616-06:00,2026-03-25T03:26:46.6351616Z,LineDrive,v3,232,5310,4b3137947cb04fa1abe03d266626d88b,"Meyers, Roman",834679,Right,ARI_WIL,13d8ef86-f97d-414f-9eb8-88bfa460c151,54.61658,-131.31812,14.10822,5.4553,-3.2951,-8.81012,2.62442,-8.1406,4.79776,225.69712,1.10116,138.78048,-20.71103,4.16085,-0.91253,0.23402,-0.06068,0.01038,-0.00076,2.36066,40.72182,-16.27041,0.64222,0.1408,-0.1448,0.05952,-0.01165,0.00092,0.01418,-21.20408,9.23848,-3.11476,1.06418,-0.40612,0.12715,-0.02333,0.0018,,,,,,,,,,,,,,,,,,,,,,,High,High,High,High,High,,,,145.952813,-28.930131,1842.277734,0.87521,10:45,0.515692,0.502081,-0.694245,31.194171,-47.925595,-8.351912,167.122248,-4.59504,0.222155,-0.080113,-0.971714,4.71307,-12.835653,0.080113,-0.222155,0.971714,-4.71307,12.835653,-0.080113,0.222155,0.971714,-167.122248,4.59504,-0.222155,0.080113,-0.971714
239,2026-03-24,21:28:32.58,6,1,"Morris, Patrick",838039,Left,ARI_WIL,"Johns, Tanner",834625,Left,GRA_CAN,Undefined,8,Top,2,0,0,Fastball,Four-Seam,BallCalled,Undefined,Undefined,Undefined,0,0,,89.27489,0.901844,3.140082,1969.342174,147.580755,11:00,5.47711,-2.68508,5.87133,-18.57466,16.73477,-9.89004,4.76823,-0.58967,80.96441,-2.632493,1.370071,0.427678,,,,,,,,,,,,5.9267,8.61579,2.43631,50,5.53941,-6.66862,-129.41758,1.48955,10.00768,28.11353,-17.62563,ARI_WIL,GRA_CAN,UArizona,D1,BIG12,20260324-UArizona-1,b37320d0-27fa-11f1-8d4e-73b83eb2bf78,88.13279,,,8.31048,,,,,,,fcc4ca4f-6759-4024-9276-a76842dbcbc5,2026-03-25,03:28:32.58,2026-03-24T21:28:32.5880320-06:00,2026-03-25T03:28:32.5880320Z,,v3,232,5310,4b3137947cb04fa1abe03d266626d88b,"Meyers, Roman",834679,Right,ARI_WIL,14613b69-7875-4204-a0a3-7c7360161b30,54.62525,-130.41846,14.05677,5.47521,2.11705,-8.81282,2.68007,-7.02491,5.00384,,,,,,,,,,,,,,,,,,,,,,,,,,,,,,,,,,,,,,,,,,,,,,,,,,,High,High,High,,,,,,147.203654,-28.127399,1736.76587,0.881902,11:00,0.518783,0.470207,-0.713982,33.166727,-50.41434,-5.944517,165.364475,0.511925,0.252659,0.008935,-0.967514,0.529092,14.634928,0.008935,0.252659,0.967514,-0.529092,-14.634928,-0.008935,-0.252659,0.967514,-165.364475,-0.511925,-0.252659,-0.008935,-0.967514
240,2026-03-24,21:28:50.81,6,2,"Morris, Patrick",838039,Left,ARI_WIL,"Johns, Tanner",834625,Left,GRA_CAN,Undefined,8,Top,2,1,0,Fastball,Four-Seam,BallCalled,Undefined,Undefined,Undefined,0,0,,88.98691,0.290913,2.230174,2056.250322,152.187894,11:00,5.40863,-2.71549,6.27752,-18.3504,16.46202,-8.1004,4.14779,-1.3338,81.08786,-3.218591,0.767419,0.424657,,,,,,,,,,,,4.80587,8.78465,2.55437,50,5.42096,-4.70164,-129.24019,0.1532,8.11748,27.27265,-17.33607,ARI_WIL,GRA_CAN,UArizona,D1,BIG12,20260324-UArizona-1,be556210-27fa-11f1-8d4e-73b83eb2bf78,88.75971,,,7.89905,,,,,,,fcc4ca4f-6759-4024-9276-a76842dbcbc5,2026-03-25,03:28:50.81,2026-03-24T21:28:50.8175360-06:00,2026-03-25T03:28:50.8175360Z,,v3,232,5310,4b3137947cb04fa1abe03d266626d88b,"Meyers, Roman",834679,Right,ARI_WIL,e72efb6f-88cc-455d-8508-52248ab7cc5e,54.21981,-130.12762,13.63633,5.4068,0.7173,-8.66804,2.71165,-4.96578,4.05874,,,,,,,,,,,,,,,,,,,,,,,,,,,,,,,,,,,,,,,,,,,,,,,,,,,High,High,High,,,,,,148.923078,-31.506222,1753.12493,0.852583,11:00,0.552837,0.437435,-0.709241,46.505205,-22.290853,-44.042948,169.464571,1.183166,0.182805,0.020649,-0.982932,1.203448,10.533157,0.020649,0.182805,0.982932,-1.203448,-10.533157,-0.020649,-0.182805,0.982932,-169.464571,-1.183166,-0.182805,-0.020649,-0.982932
241,2026-03-24,21:29:12.72,6,3,"Morris, Patrick",838039,Left,ARI_WIL,"Johns, Tanner",834625,Left,GRA_CAN,Undefined,8,Top,2,2,0,Fastball,Four-Seam,BallCalled,Undefined,Undefined,Undefined,0,0,,90.00316,0.958315,2.871346,2112.690441,151.921838,11:00,5.39902,-2.66896,6.31832,-15.99769,18.08174,-9.06036,4.94972,-0.77713,81.76109,-2.13039,1.235511,0.420163,,,,,,,,,,,,5.5015,9.42969,2.46277,50,5.46121,-6.17729,-130.62134,1.77836,9.47387,28.35323,-15.93564,ARI_WIL,GRA_CAN,UArizona,D1,BIG12,20260324-UArizona-1,cb5a5c40-27fa-11f1-8d4e-73b83eb2bf78,89.70918,,,8.24206,,,,,,,fcc4ca4f-6759-4024-9276-a76842dbcbc5,2026-03-25,03:29:12.72,2026-03-24T21:29:12.7244800-06:00,2026-03-25T03:29:12.7244800Z,,v3,232,5310,4b3137947cb04fa1abe03d266626d88b,"Meyers, Roman",834679,Right,ARI_WIL,60893618-8445-4944-ba51-f4d374d6ee6d,54.17883,-131.52529,14.17661,5.39641,2.28641,-7.96782,2.66453,-6.47933,4.73694,,,,,,,,,,,,,,,,,,,,,,,,,,,,,,,,,,,,,,,,,,,,,,,,,,,High,High,High,,,,,,149.117354,-30.45087,1821.274475,0.862064,11:00,0.550545,0.433943,-0.713158,49.182349,-22.923802,-49.145396,165.601564,2.77723,0.248371,0.048453,-0.967452,2.867144,14.381161,0.048453,0.248371,0.967452,-2.867144,-14.381161,-0.048453,-0.248371,0.967452,-165.601564,-2.77723,-0.248371,-0.048453,-0.967452
242,2026-03-24,21:29:31.91,6,4,"Morris, Patrick",838039,Left,ARI_WIL,"Johns, Tanner",834625,Left,GRA_CAN,Undefined,8,Top,2,3,0,Fastball,Four-Seam,StrikeCalled,Undefined,Undefined,Undefined,0,0,,89.41502,-2.114546,2.869798,1966.427139,147.932283,11:00,5.49356,-2.61175,5.59387,-21.00442,14.58938,-8.39103,1.76549,-0.62926,81.41899,-6.044656,1.374045,0.429397,,,,,,,,,,,,5.07205,8.3541,2.371,50,5.2985,-6.12191,-129.54021,-5.48488,8.58018,28.18515,-18.04182,ARI_WIL,GRA_CAN,UArizona,D1,BIG12,20260324-UArizona-1,d6d02af0-27fa-11f1-8d4e-73b83eb2bf78,87.78002,,,7.99603,,,,,,,fcc4ca4f-6759-4024-9276-a76842dbcbc5,2026-03-25,03:29:31.91,2026-03-24T21:29:31.9134208-06:00,2026-03-25T03:29:31.9134208Z,,v3,232,5310,4b3137947cb04fa1abe03d266626d88b,"Meyers, Roman",834679,Right,ARI_WIL,76e5876e-5a5b-4139-9c81-0b210f313944,54.90366,-130.60278,14.09258,5.49245,-4.80471,-9.02091,2.60789,-6.44538,4.29009,,,,,,,,,,,,,,,,,,,,,,,,,,,,,,,,,,,,,,,,,,,,,,,,,,,High,High,High,,,,,,147.568936,-25.70062,1771.893084,0.901072,11:00,0.4531,0.498903,-0.73878,3.979248,-52.182142,31.710517,169.159091,-6.842074,0.186743,-0.119133,-0.975159,6.965191,-10.762778,0.119133,-0.186743,0.975159,-6.965191,10.762778,-0.119133,0.186743,0.975159,-169.159091,6.842074,-0.186743,0.119133,-0.975159
243,2026-03-24,21:29:48.58,6,5,"Morris, Patrick",838039,Left,ARI_WIL,"Johns, Tanner",834625,Left,GRA_CAN,Undefined,8,Top,2,3,1,Fastball,Four-Seam,StrikeSwinging,Undefined,Undefined,Undefined,0,0,,89.87475,-0.157839,3.261048,1998.604454,162.023919,11:30,5.48665,-2.53203,5.94253,-21.23336,13.39276,-3.98744,3.57056,0.16392,81.97726,-4.153933,2.546655,0.423519,,,,,,,,,,,,2.96945,7.24764,2.27421,50,5.46213,-7.2604,-130.37162,-1.03314,5.10317,27.78504,-19.71853,ARI_WIL,GRA_CAN,UArizona,D1,BIG12,20260324-UArizona-1,e0bee470-27fa-11f1-8d4e-73b83eb2bf78,88.99815,,,7.89748,,,,,,,fcc4ca4f-6759-4024-9276-a76842dbcbc5,2026-03-25,03:29:48.58,2026-03-24T21:29:48.5874688-06:00,2026-03-25T03:29:48.5874688Z,,v3,232,5310,4b3137947cb04fa1abe03d266626d88b,"Meyers, Roman",834679,Right,ARI_WIL,2837a6ad-7454-4dec-a216-f90aa73c784b,54.55607,-131.33903,13.89252,5.48615,-0.34658,-9.85927,2.5301,-7.43808,2.55158,,,,,,,,,,,,,,,,,,,,,,,,,,,,,,,,,,,,,,,,,,,,,,,,,,,High,High,High,,,,,,149.966965,-33.7475,1661.827317,0.831494,11:00,0.594437,0.417691,-0.687153,32.117555,-50.549972,-16.120156,166.00694,-3.481858,0.241358,-0.060732,-0.968534,3.588068,-13.966705,0.060732,-0.241358,0.968534,-3.588068,13.966705,-0.060732,0.241358,0.968534,-166.00694,3.481858,-0.241358,0.060732,-0.968534
244,2026-03-24,21:30:08.31,6,6,"Morris, Patrick",838039,Left,ARI_WIL,"Johns, Tanner",834625,Left,GRA_CAN,Undefined,8,Top,2,3,2,Fastball,Four-Seam,StrikeSwinging,Strikeout,Undefined,Undefined,0,0,,90.01385,-0.808441,4.356247,2031.37253,153.662531,11:00,5.47385,-2.55237,6.48228,-19.39903,14.46339,-6.62701,3.11277,0.90295,82.19439,-4.502369,3.159223,0.418823,,,,,,,,,,,,4.65166,8.11087,2.24827,50,5.40807,-9.67353,-130.49507,-2.38271,8.02035,27.48491,-18.18934,ARI_WIL,GRA_CAN,UArizona,D1,BIG12,20260324-UArizona-1,ec84cef0-27fa-11f1-8d4e-73b83eb2bf78,89.99612,,,7.81947,,,,,,,fcc4ca4f-6759-4024-9276-a76842dbcbc5,2026-03-25,03:30:08.31,2026-03-24T21:30:08.3150000-06:00,2026-03-25T03:30:08.3150000Z,,v3,232,5310,4b3137947cb04fa1abe03d266626d88b,"Meyers, Roman",834679,Right,ARI_WIL,56299f7d-51b1-4426-9247-2230654cf445,54.015,-131.33798,13.74246,5.47259,-1.82488,-9.09467,2.54872,-9.9195,4.01017,,,,,,,,,,,,,,,,,,,,,,,,,,,,,53.65065,3.297021,1.958349,1.338672,-2.23875,2.81494,-1.10205,1.43929,5.19094,5.88885,81.02566,-1.28435,-43.75498,1.47198,63.96546,-3.41932,5.24646,14.9356,-14.86021,5.8424,-42.05705,3.78281,High,High,High,,,High,High,High,149.685999,-34.464804,1674.813766,0.824474,11:00,0.612417,0.424087,-0.667155,46.528497,-24.515502,-48.471327,168.675963,-2.394587,0.196186,-0.041781,-0.979676,2.442073,-11.314018,0.041781,-0.196186,0.979676,-2.442073,11.314018,-0.041781,0.196186,0.979676,-168.675963,2.394587,-0.196186,0.041781,-0.979676
245,2026-03-24,21:32:56.30,1,1,"Smith, Jace",1000243638,Right,GRA_CAN,"McEntire, Carson",806323,Right,ARI_WIL,Undefined,8,Bottom,0,0,0,Fastball,Four-Seam,StrikeCalled,Undefined,Undefined,Undefined,0,0,,95.28992,-2.289498,-0.72547,2413.045214,193.155506,12:30,5.70788,0.59626,6.10517,-13.80111,16.8745,3.705,2.43924,0.23408,86.68551,-4.941561,-0.057734,0.398628,,,,,,,,,,,,-2.10811,9.65697,-0.54233,50,5.52444,1.58427,-138.29172,-5.91601,-4.0627,32.23564,-13.56329,ARI_WIL,GRA_CAN,UArizona,D1,BIG12,20260324-UArizona-1,50a2b0f0-27fb-11f1-8d4e-73b83eb2bf78,94.55538,,,8.60442,,,,,,,fcc4ca4f-6759-4024-9276-a76842dbcbc5,2026-03-25,03:32:56.30,2026-03-24T21:32:56.3097600-06:00,2026-03-25T03:32:56.3097600Z,,v3,232,5310,4b3137947cb04fa1abe03d266626d88b,"Perez, Jaime",1000122545,Right,GRA_CAN,19e1b078-f400-4c3b-a2b6-2ea403c55755,54.3915,-139.31162,16.11782,5.70483,-5.48689,-6.78164,-0.59449,1.71281,-2.03135,,,,,,,,,,,,,,,,,,,,,,,,,,,,,,,,,,,,,,,,,,,,,,,,,,,High,High,High,,,,,,212.260425,34.314318,1993.072669,0.825957,1:00,-0.55447,-0.463038,-0.69149,-54.145486,-9.462244,-39.826709,165.939881,-6.845483,0.241208,-0.119192,-0.963126,7.054799,-13.957849,0.119192,-0.241208,0.963126,-7.054799,13.957849,-0.119192,0.241208,0.963126,-165.939881,6.845483,-0.241208,0.119192,-0.963126
246,2026-03-24,21:33:13.43,1,2,"Smith, Jace",1000243638,Right,GRA_CAN,"McEntire, Carson",806323,Right,ARI_WIL,Undefined,8,Bottom,0,0,1,Fastball,Four-Seam,BallCalled,Undefined,Undefined,Undefined,0,0,,94.32202,-2.865184,-2.980286,2471.469294,183.15371,12:00,5.66791,0.61178,6.20661,-10.26107,21.06009,1.10177,2.16248,-2.04968,85.68605,-4.88777,-2.78189,0.402801,,,,,,,,,,,,-1.44331,12.01705,-0.38839,50,5.44677,7.06593,-136.65578,-7.05813,-2.71367,31.7246,-9.57965,ARI_WIL,GRA_CAN,UArizona,D1,BIG12,20260324-UArizona-1,5ad662b0-27fb-11f1-8d4e-73b83eb2bf78,93.57592,,,8.63597,,,,,,,fcc4ca4f-6759-4024-9276-a76842dbcbc5,2026-03-25,03:33:13.43,2026-03-24T21:33:13.4310400-06:00,2026-03-25T03:33:13.4310400Z,,v3,232,5310,4b3137947cb04fa1abe03d266626d88b,"Perez, Jaime",1000122545,Right,GRA_CAN,857e8884-b2a8-4068-b452-88d32034f193,54.28964,-137.64802,15.8623,5.66284,-6.75851,-4.78983,-0.61072,7.15081,-1.35683,,,,,,,,,,,,,,,,,,,,,,,,,,,,,,,,,,,,,,,,,,,,,,,,,,,High,High,High,,,,,,207.605025,42.765991,1814.387245,0.734133,1:00,-0.694083,-0.373694,-0.615307,-66.366999,-21.197333,-63.841502,168.464587,-12.69676,0.195084,-0.219791,-0.955842,12.949766,-11.249607,0.219791,-0.195084,0.955842,-12.949766,11.249607,-0.219791,0.195084,0.955842,-168.464587,12.69676,-0.195084,0.219791,-0.955842
247,2026-03-24,21:33:30.08,1,3,"Smith, Jace",1000243638,Right,GRA_CAN,"McEntire, Carson",806323,Right,ARI_WIL,Undefined,8,Bottom,0,1,1,Fastball,Four-Seam,FoulBallNotFieldable,Undefined,Undefined,Undefined,0,0,,93.91837,-2.499184,-2.349588,2341.790739,199.211766,12:45,5.72432,0.47904,6.03773,-13.65261,18.26021,5.96784,2.26908,-1.20046,84.88973,-5.139321,-1.276748,0.406587,76.28358,54.298654,128.534564,5010.236987,,,,,29.99825,,,-3.79858,10.50134,-0.29881,50,5.52172,5.32026,-136.09624,-6.31554,-7.04081,33.14196,-12.70935,ARI_WIL,GRA_CAN,UArizona,D1,BIG12,20260324-UArizona-1,64c6c9e0-27fb-11f1-8d4e-73b83eb2bf78,92.7044,37.73313,,9.02864,,,,0.44652,2.10933,1.13003,fcc4ca4f-6759-4024-9276-a76842dbcbc5,2026-03-25,03:33:30.08,2026-03-24T21:33:30.0890112-06:00,2026-03-25T03:33:30.0890112Z,,v3,232,5310,4b3137947cb04fa1abe03d266626d88b,"Perez, Jaime",1000122545,Right,GRA_CAN,c7d2ca6d-a388-477e-8704-02aa7db6d84d,54.45934,-137.17788,16.57098,5.72107,-5.90076,-6.35468,-0.4762,5.55004,-3.52041,,0.45876,-41.03168,-1.67469,,,,,,,2.13856,90.01947,-31.09173,,,,,,,1.14355,50.68527,-9.40721,,,,,,,,,,,,,,,,,,,,,,,,,,,,,High,High,High,High,Undefined,,,,211.291653,28.753081,2053.050016,0.876701,1:00,-0.491049,-0.475896,-0.729653,-51.473868,4.300958,-33.203844,174.444292,-9.330224,0.095533,-0.162124,-0.982135,9.37348,-5.481981,0.162124,-0.095533,0.982135,-9.37348,5.481981,-0.162124,0.095533,0.982135,-174.444292,9.330224,-0.095533,0.162124,-0.982135
248,2026-03-24,21:33:51.37,1,4,"Smith, Jace",1000243638,Right,GRA_CAN,"McEntire, Carson",806323,Right,ARI_WIL,Undefined,8,Bottom,0,1,2,Slider,Curveball,StrikeSwinging,Strikeout,Undefined,Undefined,0,0,,83.09342,0.518251,-0.842822,2745.239906,35.222983,7:15,5.68056,1.20438,5.50305,-49.93377,-8.70583,-7.08323,2.00419,-0.17422,76.11501,-8.564645,-2.107678,0.462133,,,,,,,,,,,,3.31736,-4.11977,-1.12592,50,5.69222,2.06941,-120.65593,-0.73203,4.85938,24.85971,-38.20882,ARI_WIL,GRA_CAN,UArizona,D1,BIG12,20260324-UArizona-1,717dcb20-27fb-11f1-8d4e-73b83eb2bf78,81.56186,,,6.97842,,,,,,,fcc4ca4f-6759-4024-9276-a76842dbcbc5,2026-03-25,03:33:51.37,2026-03-24T21:33:51.3790000-06:00,2026-03-25T03:33:51.3790000Z,,v3,232,5310,4b3137947cb04fa1abe03d266626d88b,"Perez, Jaime",1000122545,Right,GRA_CAN,af06a2ee-a633-46ab-82e8-e638894922a7,54.99786,-121.68132,12.42986,5.68992,0.84398,-19.10441,-1.20714,1.86897,2.42969,,,,,,,,,,,,,,,,,,,,,,,,,,,,,70.10742,2.930842,1.986458,0.944385,-0.68562,1.68017,0.25251,-1.49178,5.49191,-2.35081,69.28032,8.28217,-55.49692,-1.44702,79.62758,-5.00108,5.51505,15.29278,-13.08305,-2.40925,-61.74572,5.84085,High,High,High,,,High,High,High,29.55824,65.710272,1129.257042,0.411351,7:00,-0.904243,0.211159,0.371157,-19.814425,-35.857366,4.80426,179.441504,29.903221,0.00845,0.498536,-0.866828,29.904398,0.484141,0.498536,0.00845,0.866828,-29.904398,-0.484141,-0.498536,-0.00845,0.866828,-179.441504,-29.903221,-0.00845,-0.498536,-0.866828
249,2026-03-24,21:34:26.82,2,1,"Smith, Jace",1000243638,Right,GRA_CAN,"Meurant, Mathis",830238,Right,ARI_WIL,Undefined,8,Bottom,1,0,0,Fastball,Four-Seam,InPlay,Undefined,FlyBall,Double,0,0,,95.50526,-1.984737,-1.805513,2388.828444,203.566946,12:45,5.73633,0.78628,6.39267,-14.1954,16.10454,6.57304,2.72628,-0.32714,86.61087,-4.727697,-0.615136,0.39618,104.64985,27.008555,12.194675,1939.752745,106.86557,52.2332,26.0719,409.97919,400.58687,16.306149,5.021205,-3.99323,9.32552,-0.6595,50,5.58703,4.09444,-138.64297,-5.19367,-7.70105,33.658,-14.18961,ARI_WIL,GRA_CAN,UArizona,D1,BIG12,20260324-UArizona-1,868eb510-27fb-11f1-8d4e-73b83eb2bf78,95.13972,79.67916,,8.89439,,,,1.58607,2.41963,0.24033,fcc4ca4f-6759-4024-9276-a76842dbcbc5,2026-03-25,03:34:26.82,2026-03-24T21:34:26.8254208-06:00,2026-03-25T03:34:26.8254208Z,FlyBall,v3,232,5310,4b3137947cb04fa1abe03d266626d88b,"Perez, Jaime",1000122545,Right,GRA_CAN,8598efb4-8a26-45f9-bcd7-e5848df28064,54.1061,-139.63624,16.829,5.73412,-4.77492,-7.0948,-0.78369,4.3217,-3.85052,203.837253,1.58906,133.59968,-24.52123,5.33685,-0.94663,0.14071,-0.02273,0.00335,-0.00022,2.42137,69.66111,-17.31765,0.57118,0.29565,-0.20177,0.06007,-0.00835,0.00044,0.24078,28.87842,-0.21934,-0.77819,0.31584,-0.09615,0.02094,-0.00259,0.00013,,,,,,,,,,,,,,,,,,,,,,,High,High,High,High,Medium,,,,212.780528,33.35936,1995.240547,0.835238,1:00,-0.555757,-0.47099,-0.685057,-55.240439,-16.026298,-52.33331,170.869495,-7.680868,0.15726,-0.133655,-0.978471,7.778239,-9.047894,0.133655,-0.15726,0.978471,-7.778239,9.047894,-0.133655,0.15726,0.978471,-170.869495,7.680868,-0.15726,0.133655,-0.978471
250,2026-03-24,21:35:19.23,3,1,"Smith, Jace",1000243638,Right,GRA_CAN,"Novitske, Nate",830246,Left,ARI_WIL,Undefined,8,Bottom,1,0,0,Slider,Curveball,BallCalled,Undefined,Undefined,Undefined,0,0,,81.23486,0.872063,0.162307,2555.448352,38.642944,7:15,5.63617,1.40468,5.45367,-47.48644,-4.34579,-4.57744,2.49541,1.17517,74.38145,-7.787391,-0.653935,0.472732,,,,,,,,,,,,2.33764,-1.9628,-1.41583,50,5.68072,-0.14486,-117.93873,0.10171,3.28023,23.21145,-34.92831,ARI_WIL,GRA_CAN,UArizona,D1,BIG12,20260324-UArizona-1,a5dbdc40-27fb-11f1-8d4e-73b83eb2bf78,79.73324,,,6.85341,,,,,,,fcc4ca4f-6759-4024-9276-a76842dbcbc5,2026-03-25,03:35:19.23,2026-03-24T21:35:19.2327168-06:00,2026-03-25T03:35:19.2327168Z,,v3,232,5310,4b3137947cb04fa1abe03d266626d88b,"Perez, Jaime",1000122545,Right,GRA_CAN,037fbf93-7803-4275-a5d8-2e4056cd758b,55.04574,-118.92764,11.60573,5.64469,1.5898,-17.46415,-1.40668,-0.28461,1.64011,,,,,,,,,,,,,,,,,,,,,,,,,,,,,,,,,,,,,,,,,,,,,,,,,,,High,High,High,,,,,,25.821876,72.752739,757.680004,0.296496,6:45,-0.95371,0.143667,0.264191,-17.432298,-42.327248,4.956084,177.819612,31.034741,0.0326,0.515558,-0.856234,31.053076,1.868156,0.515558,0.0326,0.856234,-31.053076,-1.868156,-0.515558,-0.0326,0.856234,-177.819612,-31.034741,-0.0326,-0.515558,-0.856234
251,2026-03-24,21:35:37.21,3,2,"Smith, Jace",1000243638,Right,GRA_CAN,"Novitske, Nate",830246,Left,ARI_WIL,Undefined,8,Bottom,1,1,0,Cutter,Slider,StrikeCalled,Undefined,Undefined,Undefined,0,0,,88.8803,-1.148121,-1.124276,2274.851988,179.924514,12:00,5.38388,1.6024,6.19006,-25.51698,9.20642,-0.01079,2.19708,0.56335,81.93122,-5.909541,-1.126224,0.424114,,,,,,,,,,,,-0.28579,5.39441,-1.51768,50,5.28442,2.53647,-129.2256,-3.40562,-0.48643,25.26962,-22.9922,ARI_WIL,GRA_CAN,UArizona,D1,BIG12,20260324-UArizona-1,b08cfb60-27fb-11f1-8d4e-73b83eb2bf78,88.87338,,,6.94908,,,,,,,fcc4ca4f-6759-4024-9276-a76842dbcbc5,2026-03-25,03:35:37.21,2026-03-24T21:35:37.2195328-06:00,2026-03-25T03:35:37.2195328Z,,v3,232,5310,4b3137947cb04fa1abe03d266626d88b,"Perez, Jaime",1000122545,Right,GRA_CAN,cfe6efe4-beed-4627-b45f-26ec2a5122ba,54.30883,-130.06544,12.63481,5.38491,-2.64146,-11.4961,-1.60225,2.55263,-0.24322,,,,,,,,,,,,,,,,,,,,,,,,,,,,,,,,,,,,,,,,,,,,,,,,,,,High,High,High,,,,,,224.096541,61.865875,1072.677305,0.471537,1:30,-0.88157,-0.345732,-0.321408,-20.100329,63.484817,11.651635,172.472906,-10.672078,0.128729,-0.185188,-0.974235,10.762681,-7.396164,0.185188,-0.128729,0.974235,-10.762681,7.396164,-0.185188,0.128729,0.974235,-172.472906,10.672078,-0.128729,0.185188,-0.974235
252,2026-03-24,21:35:55.93,3,3,"Smith, Jace",1000243638,Right,GRA_CAN,"Novitske, Nate",830246,Left,ARI_WIL,Undefined,8,Bottom,1,1,1,Slider,Curveball,StrikeSwinging,Undefined,Undefined,Undefined,0,0,,81.8366,-0.59656,-0.405144,2726.079185,44.670204,7:30,5.56157,1.19685,5.44928,-48.9327,-6.38083,-7.6502,0.92531,0.18003,75.20941,-9.475322,-1.7712,0.469495,,,,,,,,,,,,3.76866,-2.7161,-1.15555,50,5.4748,1.14632,-118.84691,-2.97433,5.359,24.00806,-36.03633,ARI_WIL,GRA_CAN,UArizona,D1,BIG12,20260324-UArizona-1,bbb6ccf0-27fb-11f1-8d4e-73b83eb2bf78,80.28297,,,6.62719,,,,,,,fcc4ca4f-6759-4024-9276-a76842dbcbc5,2026-03-25,03:35:55.93,2026-03-24T21:35:55.9397376-06:00,2026-03-25T03:35:55.9397376Z,,v3,232,5310,4b3137947cb04fa1abe03d266626d88b,"Perez, Jaime",1000122545,Right,GRA_CAN,598b74c6-3f4f-4003-ac2b-e5f0c18957d2,55.05252,-119.86321,12.00403,5.56842,-1.44884,-18.01816,-1.19927,0.91946,2.6795,,,,,,,,,,,,,,,,,,,,,,,,,,,,,,,,,,,,,,,,,,,,,,,,,,,High,High,High,,,,,,28.417318,67.585662,1039.458701,0.381302,7:00,-0.923895,0.171823,0.341898,-8.663622,-38.655741,-6.766375,175.507386,31.246579,0.066968,0.518722,-0.852316,31.324827,3.839868,0.518722,0.066968,0.852316,-31.324827,-3.839868,-0.518722,-0.066968,0.852316,-175.507386,-31.246579,-0.066968,-0.518722,-0.852316
253,2026-03-24,21:36:21.55,3,4,"Smith, Jace",1000243638,Right,GRA_CAN,"Novitske, Nate",830246,Left,ARI_WIL,Undefined,8,Bottom,1,1,2,Slider,Curveball,InPlay,Undefined,GroundBall,Out,1,0,,82.8536,-0.074459,-0.771139,2657.701967,28.181139,7:00,5.59104,1.4999,5.74175,-47.62782,-6.85638,-4.32418,1.55272,0.4215,76.52454,-8.759199,-1.54703,0.459568,97.89108,-18.40814,32.529029,,,,,6.91825,5.18183,16.941791,0.040266,2.02063,-3.23465,-1.43297,50,5.55499,1.78736,-120.47077,-1.79013,2.97276,23.16441,-36.93294,ARI_WIL,GRA_CAN,UArizona,D1,BIG12,20260324-UArizona-1,cafd0490-27fb-11f1-8d4e-73b83eb2bf78,82.01717,1.82793,,6.32906,,,,1.9873,1.82793,-0.93741,fcc4ca4f-6759-4024-9276-a76842dbcbc5,2026-03-25,03:36:21.55,2026-03-24T21:36:21.5529984-06:00,2026-03-25T03:36:21.5529984Z,GroundBall,v3,232,5310,4b3137947cb04fa1abe03d266626d88b,"Perez, Jaime",1000122545,Right,GRA_CAN,c6fbc456-6a5f-4562-a30c-9ea90cea1ff0,54.76128,-121.38282,11.58221,5.59685,-0.33596,-18.46647,-1.50104,1.67031,1.48638,180,1.98635,115.00244,,,,,,,,1.82831,-45.39616,,,,,,,,-0.93802,73.34657,,,,,,,,,,,,,,,,,,,,,,,,,,,,,,High,High,High,Low,Low,,,,26.714061,71.29644,852.250197,0.320672,7:00,-0.943436,0.142923,0.299168,-47.915826,-24.588228,30.419314,178.076973,33.345591,0.028032,0.549688,-0.8349,33.360415,1.606348,0.549688,0.028032,0.8349,-33.360415,-1.606348,-0.549688,-0.028032,0.8349,-178.076973,-33.345591,-0.028032,-0.549688,-0.8349
254,2026-03-24,21:36:58.14,4,1,"Smith, Jace",1000243638,Right,GRA_CAN,"Danzeisen, Caleb",828243,Left,ARI_WIL,Undefined,8,Bottom,2,0,0,Fastball,Four-Seam,StrikeCalled,Undefined,Undefined,Undefined,0,0,,95.3305,-1.555644,-1.415274,2381.199313,211.467083,1:00,5.52201,1.11663,6.36619,-15.26942,15.15564,8.64028,2.81725,0.53403,86.42614,-4.494394,0.149289,0.396997,,,,,,,,,,,,-4.89264,8.65595,-1.01789,50,5.40216,3.0419,-138.40338,-4.18516,-9.40894,33.35957,-15.52792,ARI_WIL,GRA_CAN,UArizona,D1,BIG12,20260324-UArizona-1,e0c29880-27fb-11f1-8d4e-73b83eb2bf78,94.94395,,,8.90437,,,,,,,fcc4ca4f-6759-4024-9276-a76842dbcbc5,2026-03-25,03:36:58.14,2026-03-24T21:36:58.1425664-06:00,2026-03-25T03:36:58.1425664Z,,v3,232,5310,4b3137947cb04fa1abe03d266626d88b,"Perez, Jaime",1000122545,Right,GRA_CAN,8f92794c-6f26-4c2c-b0e2-ac5d8419a57b,54.13047,-139.3954,16.67978,5.51975,-3.72341,-7.76396,-1.11251,3.3217,-4.70447,,,,,,,,,,,,,,,,,,,,,,,,,,,,,,,,,,,,,,,,,,,,,,,,,,,High,High,High,,,,,,216.637974,35.145109,1947.098977,0.817697,1:15,-0.578224,-0.503414,-0.642052,-60.291461,-25.533968,-57.099108,169.557024,-9.642274,0.178696,-0.167496,-0.969543,9.801556,-10.293825,0.167496,-0.178696,0.969543,-9.801556,10.293825,-0.167496,0.178696,0.969543,-169.557024,9.642274,-0.178696,0.167496,-0.969543
255,2026-03-24,21:37:14.91,4,2,"Smith, Jace",1000243638,Right,GRA_CAN,"Danzeisen, Caleb",828243,Left,ARI_WIL,Undefined,8,Bottom,2,0,1,Fastball,Four-Seam,BallCalled,Undefined,Undefined,Undefined,0,0,,95.19366,-2.05514,-1.083758,2312.17162,217.477079,1:15,5.53197,0.61796,6.13682,-15.15965,15.68942,11.2054,2.36812,0.55,86.1829,-4.96368,0.93705,0.399754,,,,,,,,,,,,-6.05737,9.02434,-0.54057,50,5.36711,2.10408,-138.10285,-5.39327,-11.57998,33.66428,-14.92208,ARI_WIL,GRA_CAN,UArizona,D1,BIG12,20260324-UArizona-1,eac85c70-27fb-11f1-8d4e-73b83eb2bf78,94.28917,,,9.01077,,,,,,,fcc4ca4f-6759-4024-9276-a76842dbcbc5,2026-03-25,03:37:14.91,2026-03-24T21:37:14.9166592-06:00,2026-03-25T03:37:14.9166592Z,,v3,232,5310,4b3137947cb04fa1abe03d266626d88b,"Perez, Jaime",1000122545,Right,GRA_CAN,8464e9bc-8c13-4dc0-98b2-1ad4b74950e1,54.35921,-139.16141,16.83214,5.52932,-4.92406,-7.46104,-0.61246,2.46821,-5.78999,,,,,,,,,,,,,,,,,,,,,,,,,,,,,,,,,,,,,,,,,,,,,,,,,,,High,High,High,,,,,,214.791554,28.179015,2038.12488,0.881476,1:15,-0.467498,-0.519575,-0.715184,-52.062163,-16.711422,-46.019402,170.824678,-7.054563,0.158249,-0.122814,-0.979732,7.145057,-9.105269,0.122814,-0.158249,0.979732,-7.145057,9.105269,-0.122814,0.158249,0.979732,-170.824678,7.054563,-0.158249,0.122814,-0.979732
256,2026-03-24,21:37:35.15,4,3,"Smith, Jace",1000243638,Right,GRA_CAN,"Danzeisen, Caleb",828243,Left,ARI_WIL,Undefined,8,Bottom,2,1,1,Fastball,Four-Seam,BallCalled,Undefined,Undefined,Undefined,0,0,,93.77422,-1.740628,-3.963054,2404.397578,205.102816,12:45,5.54588,0.44876,6.17293,-20.46005,10.98686,4.69685,2.22891,-2.8259,86.07548,-5.576156,-3.118625,0.403609,,,,,,,,,,,,-3.48122,6.45004,-0.15076,50,5.40336,9.2183,-135.97105,-4.80686,-6.5424,28.73615,-20.0522,ARI_WIL,GRA_CAN,UArizona,D1,BIG12,20260324-UArizona-1,f6d62560-27fb-11f1-8d4e-73b83eb2bf78,93.38858,,,7.69874,,,,,,,fcc4ca4f-6759-4024-9276-a76842dbcbc5,2026-03-25,03:37:35.15,2026-03-24T21:37:35.1566848-06:00,2026-03-25T03:37:35.1566848Z,,v3,232,5310,4b3137947cb04fa1abe03d266626d88b,"Perez, Jaime",1000122545,Right,GRA_CAN,402afea8-def4-425a-83c7-ea62ab2335df,54.32576,-136.8822,14.36807,5.54569,-4.17106,-10.0261,-0.44634,9.42575,-3.2712,,,,,,,,,,,,,,,,,,,,,,,,,,,,,,,,,,,,,,,,,,,,,,,,,,,High,High,High,,,,,,207.188309,49.333374,1566.841767,0.651657,1:00,-0.78739,-0.320655,-0.526495,-67.729913,-7.575741,-55.405389,165.314449,-8.395527,0.250797,-0.146006,-0.956966,8.674813,-14.524696,0.146006,-0.250797,0.956966,-8.674813,14.524696,-0.146006,0.250797,0.956966,-165.314449,8.395527,-0.250797,0.146006,-0.956966
257,2026-03-24,21:37:57.06,4,4,"Smith, Jace",1000243638,Right,GRA_CAN,"Danzeisen, Caleb",828243,Left,ARI_WIL,Undefined,8,Bottom,2,2,1,Fastball,Four-Seam,FoulBallNotFieldable,Undefined,Undefined,Undefined,0,0,,94.30542,-1.055008,-2.079609,2346.756949,201.258323,12:45,5.61136,0.56094,6.17348,-12.87619,18.31973,6.72926,3.56322,-0.79981,85.75565,-3.552959,-0.866576,0.401994,78.6078,9.353173,-175.326667,,,,,,35.18893,,,-4.00421,10.00461,-0.40642,50,5.52431,4.66102,-136.8648,-2.84025,-7.57423,30.98602,-13.24966,ARI_WIL,GRA_CAN,UArizona,D1,BIG12,20260324-UArizona-1,03e3ab10-27fc-11f1-8d4e-73b83eb2bf78,93.76357,9.35417,,8.54977,,,,1.76243,3.31068,0.62146,fcc4ca4f-6759-4024-9276-a76842dbcbc5,2026-03-25,03:37:57.06,2026-03-24T21:37:57.0659840-06:00,2026-03-25T03:37:57.0659840Z,,v3,232,5310,4b3137947cb04fa1abe03d266626d88b,"Perez, Jaime",1000122545,Right,GRA_CAN,7e589a2a-0fdc-4b9a-8288-5eb4fd2814a2,54.32101,-137.8396,15.49301,5.60711,-2.42343,-6.62483,-0.5568,4.8993,-3.78711,,1.76107,-113.32819,12.8242,,,,,,,3.30719,18.87424,-2.71877,,,,,,,0.62592,-9.44407,-12.33362,,,,,,,,,,,,,,,,,,,,,,,,,,,,,High,High,High,Medium,Undefined,,,,212.100892,32.346096,1982.614565,0.844832,1:00,-0.552299,-0.458729,-0.696085,-50.118089,-25.721642,-55.633167,165.98748,-2.607872,0.241883,-0.0455,-0.969238,2.687739,-13.997712,0.0455,-0.241883,0.969238,-2.687739,13.997712,-0.0455,0.241883,0.969238,-165.98748,2.607872,-0.241883,0.0455,-0.969238
258,2026-03-24,21:38:21.59,4,5,"Smith, Jace",1000243638,Right,GRA_CAN,"Danzeisen, Caleb",828243,Left,ARI_WIL,Undefined,8,Bottom,2,2,2,Slider,Curveball,BallCalled,Undefined,Undefined,Undefined,0,0,,83.69446,-1.78192,-2.0921,2720.416416,16.716563,6:30,5.56556,1.36153,5.6258,-45.72384,-5.37449,-1.98634,0.09083,-0.75708,77.3103,-10.072727,-2.447747,0.457183,,,,,,,,,,,,0.42465,-1.93272,-1.18188,50,5.38381,4.51666,-121.48891,-5.39255,0.63344,24.23545,-35.05696,ARI_WIL,GRA_CAN,UArizona,D1,BIG12,20260324-UArizona-1,1289f930-27fc-11f1-8d4e-73b83eb2bf78,82.44506,,,6.38416,,,,,,,fcc4ca4f-6759-4024-9276-a76842dbcbc5,2026-03-25,03:38:21.59,2026-03-24T21:38:21.5962112-06:00,2026-03-25T03:38:21.5962112Z,,v3,232,5310,4b3137947cb04fa1abe03d266626d88b,"Perez, Jaime",1000122545,Right,GRA_CAN,5adcf7b3-fff2-4a3f-a73d-6109f45e0cdd,54.8762,-122.45779,12.11772,5.57137,-3.99106,-17.52848,-1.36194,4.49134,0.31672,,,,,,,,,,,,,,,,,,,,,,,,,,,,,,,,,,,,,,,,,,,,,,,,,,,High,High,High,,,,,,26.179341,69.657203,945.714964,0.347636,6:45,-0.929928,0.124141,0.346153,-44.026058,-30.270025,31.145535,177.289663,27.221626,0.042049,0.457434,-0.888249,27.24772,2.409962,0.457434,0.042049,0.888249,-27.24772,-2.409962,-0.457434,-0.042049,0.888249,-177.289663,-27.221626,-0.042049,-0.457434,-0.888249
259,2026-03-24,21:38:46.47,4,6,"Smith, Jace",1000243638,Right,GRA_CAN,"Danzeisen, Caleb",828243,Left,ARI_WIL,Undefined,8,Bottom,2,3,2,Fastball,Four-Seam,BallCalled,Walk,Undefined,Undefined,0,0,,95.30648,-3.075619,-2.722575,2400.391987,206.585219,1:00,5.49142,0.95565,6.44463,-15.26454,14.8845,6.97559,1.38746,-0.96656,87.3697,-5.98684,-1.459049,0.395192,,,,,,,,,,,,-4.37768,8.90662,-0.76532,50,5.26577,6.28288,-138.27666,-7.86983,-8.49338,30.2352,-14.89385,ARI_WIL,GRA_CAN,UArizona,D1,BIG12,20260324-UArizona-1,215a8ba0-27fc-11f1-8d4e-73b83eb2bf78,95.37756,,,7.93677,,,,,,,fcc4ca4f-6759-4024-9276-a76842dbcbc5,2026-03-25,03:38:46.47,2026-03-24T21:38:46.4760320-06:00,2026-03-25T03:38:46.4760320Z,,v3,232,5310,4b3137947cb04fa1abe03d266626d88b,"Perez, Jaime",1000122545,Right,GRA_CAN,e94b108c-ef6a-4329-a838-81b2ba9b1ab2,54.05424,-139.16033,15.1176,5.48942,-7.43454,-7.44693,-0.95257,6.53111,-4.24669,,,,,,,,,,,,,,,,,,,,,,,,,,,,,,,,,,,,,,,,,,,,,,,,,,,High,High,High,,,,,,213.487519,29.448362,2090.25928,0.870799,1:00,-0.499124,-0.506154,-0.703337,-56.09309,-31.407141,-59.712777,167.752882,-11.29037,0.208023,-0.195781,-0.95833,11.546318,-12.006539,0.195781,-0.208023,0.95833,-11.546318,12.006539,-0.195781,0.208023,0.95833,-167.752882,11.29037,-0.208023,0.195781,-0.95833
260,2026-03-24,21:39:33.35,5,1,"Smith, Jace",1000243638,Right,GRA_CAN,"Lira, Tony",830243,Right,ARI_WIL,Undefined,8,Bottom,2,0,0,Slider,Curveball,BallCalled,Undefined,Undefined,Undefined,0,0,,82.98852,-0.590618,-3.154107,2542.681091,5.751979,6:15,5.58601,0.93376,5.27557,-49.7418,-8.03189,-0.94114,0.88527,-2.11014,76.37391,-9.563605,-3.321168,0.464827,,,,,,,,,,,,-0.4385,-3.45918,-0.64476,50,5.49526,6.66972,-120.31801,-3.09947,-0.64048,24.12613,-37.2266,ARI_WIL,GRA_CAN,UArizona,D1,BIG12,20260324-UArizona-1,3d51d110-27fc-11f1-8d4e-73b83eb2bf78,81.08924,,,6.61461,,,,,,,fcc4ca4f-6759-4024-9276-a76842dbcbc5,2026-03-25,03:39:33.35,2026-03-24T21:39:33.3586944-06:00,2026-03-25T03:39:33.3586944Z,,v3,232,5310,4b3137947cb04fa1abe03d266626d88b,"Perez, Jaime",1000122545,Right,GRA_CAN,b42faa92-fb95-416a-aeaf-87094a02582b,55.22561,-121.36133,12.06307,5.59449,-1.48964,-18.6133,-0.93379,6.69742,-0.32024,,,,,,,,,,,,,,,,,,,,,,,,,,,,,,,,,,,,,,,,,,,,,,,,,,,High,High,High,,,,,,21.561101,76.853945,578.292448,0.227434,6:45,-0.961489,0.073538,0.264824,-25.445141,-41.373766,17.063144,178.568258,29.87794,0.021665,0.498154,-0.866818,29.885668,1.241415,0.498154,0.021665,0.866818,-29.885668,-1.241415,-0.498154,-0.021665,0.866818,-178.568258,-29.87794,-0.021665,-0.498154,-0.866818
261,2026-03-24,21:39:59.30,5,2,"Smith, Jace",1000243638,Right,GRA_CAN,"Lira, Tony",830243,Right,ARI_WIL,Undefined,8,Bottom,2,1,0,Cutter,Slider,StrikeCalled,Undefined,Undefined,Undefined,0,0,,89.10115,0.02452,-1.736833,2226.997547,172.295363,11:45,5.51725,0.85224,6.27935,-24.39706,10.23548,-1.23988,3.50678,-0.85246,81.53864,-4.564071,-1.960843,0.423559,,,,,,,,,,,,0.16169,5.64229,-0.72348,50,5.50719,3.97621,-129.48453,-0.69841,0.27459,26.94037,-22.59121,ARI_WIL,GRA_CAN,UArizona,D1,BIG12,20260324-UArizona-1,4cc35e70-27fc-11f1-8d4e-73b83eb2bf78,88.98989,,,7.56251,,,,,,,fcc4ca4f-6759-4024-9276-a76842dbcbc5,2026-03-25,03:39:59.30,2026-03-24T21:39:59.3049088-06:00,2026-03-25T03:39:59.3049088Z,,v3,232,5310,4b3137947cb04fa1abe03d266626d88b,"Perez, Jaime",1000122545,Right,GRA_CAN,10f50d81-df58-47dd-85d5-9a586cd16b8a,54.21903,-130.35938,13.47018,5.51796,0.03521,-11.2956,-0.85245,3.9673,0.1373,,,,,,,,,,,,,,,,,,,,,,,,,,,,,,,,,,,,,,,,,,,,,,,,,,,High,High,High,,,,,,218.017113,56.359776,1233.703533,0.553976,1:15,-0.845524,-0.340836,-0.410999,-33.871862,48.022734,-12.606298,168.681072,-2.001699,0.19615,-0.034929,-0.979952,2.041371,-11.31193,0.034929,-0.19615,0.979952,-2.041371,11.31193,-0.034929,0.19615,0.979952,-168.681072,2.001699,-0.19615,0.034929,-0.979952
262,2026-03-24,21:40:18.10,5,3,"Smith, Jace",1000243638,Right,GRA_CAN,"Lira, Tony",830243,Right,ARI_WIL,Undefined,8,Bottom,2,1,1,Slider,Curveball,StrikeSwinging,Undefined,Undefined,Undefined,0,0,,81.59783,-0.558025,-0.932369,2607.729412,43.005499,7:30,5.67442,1.05203,5.26673,-50.3057,-7.33056,-8.07575,0.95798,-0.49689,75.2567,-9.6391,-2.369404,0.471824,,,,,,,,,,,,3.80689,-3.18138,-0.96048,50,5.5858,2.25751,-118.49775,-2.9871,5.39992,23.15093,-36.68671,ARI_WIL,GRA_CAN,UArizona,D1,BIG12,20260324-UArizona-1,57f9b320-27fc-11f1-8d4e-73b83eb2bf78,79.88662,,,6.34113,,,,,,,fcc4ca4f-6759-4024-9276-a76842dbcbc5,2026-03-25,03:40:18.10,2026-03-24T21:40:18.1009920-06:00,2026-03-25T03:40:18.1009920Z,,v3,232,5310,4b3137947cb04fa1abe03d266626d88b,"Perez, Jaime",1000122545,Right,GRA_CAN,27ff6430-ee5e-4b95-87df-79f891b5a58d,55.23549,-119.51623,11.57547,5.68171,-1.37314,-18.34335,-1.05457,2.01995,2.69996,,,,,,,,,,,,,,,,,,,,,,,,,,,,,,,,,,,,,,,,,,,,,,,,,,,High,High,High,,,,,,26.05325,67.439589,1000.474487,0.383657,6:45,-0.919342,0.159503,0.35968,-2.292372,-37.934565,-3.073052,174.949734,-30.655879,0.075727,-0.509881,-0.856906,30.753723,-4.343002,0.509881,-0.075727,0.856906,-30.753723,4.343002,-0.509881,0.075727,0.856906,-174.949734,30.655879,-0.075727,0.509881,-0.856906
263,2026-03-24,21:40:45.91,5,4,"Smith, Jace",1000243638,Right,GRA_CAN,"Lira, Tony",830243,Right,ARI_WIL,Undefined,8,Bottom,2,1,2,Slider,Slider,BallCalled,Undefined,Undefined,Undefined,0,0,,82.24271,-0.326068,-1.803677,2647.318922,56.561573,8:00,5.6463,1.03525,5.54577,-45.72884,-3.91481,-7.85308,1.53069,-1.30532,75.83829,-8.641781,-3.20572,0.465407,,,,,,,,,,,,3.46603,-1.48319,-0.87374,50,5.58776,4.07942,-119.43562,-2.29698,5.00611,23.02052,-34.31631,ARI_WIL,GRA_CAN,UArizona,D1,BIG12,20260324-UArizona-1,689875e0-27fc-11f1-8d4e-73b83eb2bf78,80.9882,,,6.40442,,,,,,,fcc4ca4f-6759-4024-9276-a76842dbcbc5,2026-03-25,03:40:45.91,2026-03-24T21:40:45.9125248-06:00,2026-03-25T03:40:45.9125248Z,,v3,232,5310,4b3137947cb04fa1abe03d266626d88b,"Perez, Jaime",1000122545,Right,GRA_CAN,13fcf63a-fbda-4009-b57b-9ba0e4c0b505,54.95494,-120.38686,11.51026,5.65338,-0.87898,-17.15815,-1.03803,3.87255,2.50306,,,,,,,,,,,,,,,,,,,,,,,,,,,,,,,,,,,,,,,,,,,,,,,,,,,High,High,High,,,,,,25.021991,68.540784,968.492099,0.365839,6:45,-0.920648,0.149438,0.360659,-26.995612,-29.647001,19.697142,174.840448,-32.072396,0.076204,-0.53099,-0.843944,32.177159,-4.37042,0.53099,-0.076204,0.843944,-32.177159,4.37042,-0.53099,0.076204,0.843944,-174.840448,32.072396,-0.076204,0.53099,-0.843944
264,2026-03-24,21:41:09.82,5,5,"Smith, Jace",1000243638,Right,GRA_CAN,"Lira, Tony",830243,Right,ARI_WIL,Undefined,8,Bottom,2,2,2,Slider,Curveball,StrikeSwinging,Strikeout,Undefined,Undefined,0,0,,83.73145,-0.956701,-1.122409,2758.179322,45.165058,7:30,5.6503,1.24116,5.51007,-46.45806,-6.01764,-7.30433,0.88388,-0.41729,77.20367,-9.382554,-2.427609,0.457698,,,,,,,,,,,,3.3978,-2.455,-1.13813,50,5.53523,2.67917,-121.61754,-3.70593,5.07766,24.34502,-35.8428,ARI_WIL,GRA_CAN,UArizona,D1,BIG12,20260324-UArizona-1,76cd8ba0-27fc-11f1-8d4e-73b83eb2bf78,82.35216,,,6.52778,,,,,,,fcc4ca4f-6759-4024-9276-a76842dbcbc5,2026-03-25,03:41:09.82,2026-03-24T21:41:09.8275840-06:00,2026-03-25T03:41:09.8275840Z,,v3,232,5310,4b3137947cb04fa1abe03d266626d88b,"Perez, Jaime",1000122545,Right,GRA_CAN,2e0283fe-22dc-4982-b537-f334c7069632,54.99184,-122.61272,12.17251,5.65678,-2.24074,-17.9214,-1.24341,2.47161,2.53883,,,,,,,,,,,,,,,,,,,,,,,,,,,,,,,,,,,,,,,,,,,,,,,,,,,High,High,High,,,,,,22.347756,68.124649,1027.666136,0.372589,6:45,-0.923304,0.126154,0.36276,-23.669359,-31.188206,16.851022,176.248992,-32.461265,0.055199,-0.536729,-0.841947,32.516935,-3.164278,0.536729,-0.055199,0.841947,-32.516935,3.164278,-0.536729,0.055199,0.841947,-176.248992,32.461265,-0.055199,0.536729,-0.841947
265,2026-03-24,21:43:38.91,1,1,"Hicks, Garrett",830248,Right,ARI_WIL,"Galvan, Marcus",821906,Left,GRA_CAN,Undefined,9,Top,0,0,0,Fastball,Four-Seam,StrikeCalled,Undefined,Undefined,Undefined,0,0,,89.64402,-1.712081,-3.099096,2012.316643,216.131922,1:15,5.70036,2.21745,6.54914,-19.76808,14.53906,9.73882,2.48024,0.18431,81.19492,-5.497149,-1.3323,0.421564,,,,,,,,,,,,-6.03426,8.50272,-2.00675,50,5.57328,6.65094,-130.00964,-4.42488,-10.21767,29.97372,-17.7766,ARI_WIL,GRA_CAN,UArizona,D1,BIG12,20260324-UArizona-1,cfac3f50-27fc-11f1-8d4e-73b83eb2bf78,89.41093,,,8.4491,,,,,,,fcc4ca4f-6759-4024-9276-a76842dbcbc5,2026-03-25,03:43:38.91,2026-03-24T21:43:38.9140480-06:00,2026-03-25T03:43:38.9140480Z,,v3,232,5310,4b3137947cb04fa1abe03d266626d88b,"Meyers, Roman",834679,Right,ARI_WIL,5c3f4ba7-b191-49fa-b770-ef32394a25dc,53.94768,-130.91661,14.98686,5.69903,-3.88698,-8.8883,-2.21268,6.96011,-5.10884,,,,,,,,,,,,,,,,,,,,,,,,,,,,,,,,,,,,,,,,,,,,,,,,,,,High,High,High,,,,,,207.833988,-9.618713,1984.026527,0.985942,1:00,0.13337,-0.45515,-0.88037,-4.692342,20.066867,52.76465,177.720481,-17.726022,0.037886,-0.304466,-0.95177,17.739181,-2.171242,0.304466,-0.037886,0.95177,-17.739181,2.171242,-0.304466,0.037886,0.95177,-177.720481,17.726022,-0.037886,0.304466,-0.95177
266,2026-03-24,21:43:53.85,1,2,"Hicks, Garrett",830248,Right,ARI_WIL,"Galvan, Marcus",821906,Left,GRA_CAN,Undefined,9,Top,0,0,1,Fastball,Four-Seam,BallCalled,Undefined,Undefined,Undefined,0,0,,89.93053,-0.475771,-2.331013,2170.902221,214.589236,1:15,5.69181,2.50523,6.51161,-16.83241,17.23485,11.07209,3.85214,1.28761,81.31421,-3.73627,-0.322441,0.420088,,,,,,,,,,,,-6.46496,9.49453,-2.34669,50,5.65092,4.86444,-130.54618,-1.50446,-11.04004,30.16464,-15.96057,ARI_WIL,GRA_CAN,UArizona,D1,BIG12,20260324-UArizona-1,d890b4c0-27fc-11f1-8d4e-73b83eb2bf78,89.72514,,,8.61632,,,,,,,fcc4ca4f-6759-4024-9276-a76842dbcbc5,2026-03-25,03:43:53.85,2026-03-24T21:43:53.8548736-06:00,2026-03-25T03:43:53.8548736Z,,v3,232,5310,4b3137947cb04fa1abe03d266626d88b,"Meyers, Roman",834679,Right,ARI_WIL,b32a3973-22cd-46eb-8ba2-3a8a7a4fdabc,53.98473,-131.46369,15.08232,5.6893,-1.019,-7.98029,-2.49976,5.20024,-5.52002,,,,,,,,,,,,,,,,,,,,,,,,,,,,,,,,,,,,,,,,,,,,,,,,,,,High,High,High,,,,,,208.33779,-6.655962,2156.270407,0.99326,1:00,0.084162,-0.470491,-0.878382,-22.149463,19.904224,27.9387,170.6559,-5.254832,0.161681,-0.091586,-0.982584,5.325092,-9.304479,0.091586,-0.161681,0.982584,-5.325092,9.304479,-0.091586,0.161681,0.982584,-170.6559,5.254832,-0.161681,0.091586,-0.982584
267,2026-03-24,21:44:07.93,1,3,"Hicks, Garrett",830248,Right,ARI_WIL,"Galvan, Marcus",821906,Left,GRA_CAN,Undefined,9,Top,0,1,1,Curveball,Curveball,BallCalled,Undefined,Undefined,Undefined,0,0,,77.51259,3.938069,-1.99583,2081.460585,43.740718,7:30,5.67993,2.09305,6.3249,-51.30979,-5.23957,-6.40933,5.03873,-0.27983,70.62337,-5.584146,-3.152587,0.488519,,,,,,,,,,,,2.71847,-3.32402,-1.94461,50,5.94468,4.14633,-112.37907,6.20846,3.46186,21.16162,-36.40709,ARI_WIL,GRA_CAN,UArizona,D1,BIG12,20260324-UArizona-1,e1048e10-27fc-11f1-8d4e-73b83eb2bf78,77.15653,,,6.88922,,,,,,,fcc4ca4f-6759-4024-9276-a76842dbcbc5,2026-03-25,03:44:07.93,2026-03-24T21:44:07.9317504-06:00,2026-03-25T03:44:07.9317504Z,,v3,232,5310,4b3137947cb04fa1abe03d266626d88b,"Meyers, Roman",834679,Right,ARI_WIL,71388869-0ce6-416c-aaab-dcf40ba50396,54.17487,-113.16249,10.58081,5.68988,7.55629,-18.20354,-2.09573,4.01817,1.73093,,,,,,,,,,,,,,,,,,,,,,,,,,,,,,,,,,,,,,,,,,,,,,,,,,,High,High,High,,,,,,21.530397,52.510517,1266.809772,0.608616,6:45,-0.756064,0.277325,0.592839,109.378124,-15.652834,43.248959,168.249096,-23.057529,0.187387,-0.391655,-0.900829,23.498062,-10.800357,0.391655,-0.187387,0.900829,-23.498062,10.800357,-0.391655,0.187387,0.900829,-168.249096,23.057529,-0.187387,0.391655,-0.900829
268,2026-03-24,21:44:23.10,1,4,"Hicks, Garrett",830248,Right,ARI_WIL,"Galvan, Marcus",821906,Left,GRA_CAN,Undefined,9,Top,0,2,1,Fastball,Four-Seam,InPlay,Undefined,FlyBall,Out,1,0,,89.90422,-1.256344,-3.42457,1962.300214,213.279736,1:00,5.60102,2.2892,6.50499,-19.16284,15.06934,9.09548,2.84881,-0.09962,81.23286,-4.935142,-1.77712,0.421103,84.26416,46.574312,15.882961,3621.079172,105.80061,98.58586,30.10339,257.89846,244.43757,8.945525,5.548076,-5.85614,8.64788,-2.05343,50,5.50464,7.4439,-130.36372,-3.38129,-9.94656,30.73605,-17.4858,ARI_WIL,GRA_CAN,UArizona,D1,BIG12,20260324-UArizona-1,ea008320-27fc-11f1-8d4e-73b83eb2bf78,89.50878,109.28668,,8.67137,,,,1.2721,2.52602,0.04488,fcc4ca4f-6759-4024-9276-a76842dbcbc5,2026-03-25,03:44:23.10,2026-03-24T21:44:23.1062528-06:00,2026-03-25T03:44:23.1062528Z,FlyBall,v3,232,5310,4b3137947cb04fa1abe03d266626d88b,"Meyers, Roman",834679,Right,ARI_WIL,b2df3428-bf42-49e5-a13a-6e07c5f9ec01,53.99302,-131.30179,15.36803,5.59969,-2.84762,-8.7429,-2.28525,7.74747,-4.97328,184.417597,1.26822,81.55406,-16.05278,0.81101,2.68768,-1.67367,0.45681,-0.05902,0.00294,2.47518,90.67418,-25.75439,6.92914,-3.80991,1.34058,-0.2608,0.02603,-0.00105,0.02403,23.68992,-5.52082,3.25196,-2.48316,1.07178,-0.24927,0.02925,-0.00136,,,,,,,,,,,,,,,,,,,,,,,High,High,High,High,Low,,,,206.740631,-4.699551,1955.703018,0.996638,1:00,0.038413,-0.446536,-0.893941,-0.380391,25.822633,56.636578,175.677881,-15.755443,0.072532,-0.271532,-0.959692,15.798138,-4.159443,0.271532,-0.072532,0.959692,-15.798138,4.159443,-0.271532,0.072532,0.959692,-175.677881,15.755443,-0.072532,0.271532,-0.959692
269,2026-03-24,21:45:03.94,2,1,"Hicks, Garrett",830248,Right,ARI_WIL,"Cameron, Griffin",823123,Left,GRA_CAN,Undefined,9,Top,1,0,0,Fastball,Four-Seam,StrikeCalled,Undefined,Undefined,Undefined,0,0,,90.8006,-1.503177,-3.262366,2003.365211,208.348393,1:00,5.64292,2.40364,6.37534,-16.70576,16.99277,8.52709,2.86522,0.10943,82.07588,-4.725282,-1.721477,0.417808,,,,,,,,,,,,-5.4217,9.64843,-2.17164,50,5.52633,7.14754,-131.62014,-3.89623,-9.4039,30.86783,-15.43886,ARI_WIL,GRA_CAN,UArizona,D1,BIG12,20260324-UArizona-1,02577050-27fd-11f1-8d4e-73b83eb2bf78,90.21475,,,8.72473,,,,,,,fcc4ca4f-6759-4024-9276-a76842dbcbc5,2026-03-25,03:45:03.94,2026-03-24T21:45:03.9423488-06:00,2026-03-25T03:45:03.9423488Z,,v3,232,5310,4b3137947cb04fa1abe03d266626d88b,"Meyers, Roman",834679,Right,ARI_WIL,5cfd8337-ec12-49f4-b922-0f29b3f4e4ad,54.12085,-132.58305,15.43392,5.64036,-3.41463,-7.71943,-2.39918,7.4409,-4.70195,,,,,,,,,,,,,,,,,,,,,,,,,,,,,,,,,,,,,,,,,,,,,,,,,,,High,High,High,,,,,,208.881346,-10.212498,1971.625812,0.984157,1:00,0.14036,-0.470531,-0.871149,-4.571826,24.838522,53.70747,174.123522,-18.493667,0.097097,-0.3172,-0.943375,18.584672,-5.572023,0.3172,-0.097097,0.943375,-18.584672,5.572023,-0.3172,0.097097,0.943375,-174.123522,18.493667,-0.097097,0.3172,-0.943375
270,2026-03-24,21:45:19.44,2,2,"Hicks, Garrett",830248,Right,ARI_WIL,"Cameron, Griffin",823123,Left,GRA_CAN,Undefined,9,Top,1,0,1,Fastball,Four-Seam,BallCalled,Undefined,Undefined,Undefined,0,0,,90.80554,-0.45867,-2.073098,2045.747716,203.854497,12:45,5.60502,2.25021,6.19897,-16.31497,17.5332,7.23071,3.82174,0.9382,82.00908,-3.607583,-0.769012,0.418735,,,,,,,,,,,,-4.34855,9.53284,-2.09757,50,5.5621,4.45855,-131.7417,-1.48994,-7.55743,30.89231,-15.60669,ARI_WIL,GRA_CAN,UArizona,D1,BIG12,20260324-UArizona-1,0b93f0d0-27fd-11f1-8d4e-73b83eb2bf78,90.01508,,,8.79646,,,,,,,fcc4ca4f-6759-4024-9276-a76842dbcbc5,2026-03-25,03:45:19.44,2026-03-24T21:45:19.4485248-06:00,2026-03-25T03:45:19.4485248Z,,v3,232,5310,4b3137947cb04fa1abe03d266626d88b,"Meyers, Roman",834679,Right,ARI_WIL,62118fb2-de7a-49cc-b40f-f402c5d3680c,54.29655,-132.74538,15.44616,5.60227,-0.98289,-7.80335,-2.24642,4.70409,-3.77872,,,,,,,,,,,,,,,,,,,,,,,,,,,,,,,,,,,,,,,,,,,,,,,,,,,High,High,High,,,,,,207.891917,-13.998952,1984.989315,0.9703,1:00,0.214347,-0.45196,-0.865903,-0.247924,26.45388,67.88482,174.886716,-21.363558,0.083001,-0.364285,-0.927582,21.44118,-4.761098,0.364285,-0.083001,0.927582,-21.44118,4.761098,-0.364285,0.083001,0.927582,-174.886716,21.363558,-0.083001,0.364285,-0.927582
271,2026-03-24,21:45:33.50,2,3,"Hicks, Garrett",830248,Right,ARI_WIL,"Cameron, Griffin",823123,Left,GRA_CAN,Undefined,9,Top,1,1,1,Fastball,Four-Seam,FoulBallNotFieldable,Undefined,Undefined,Undefined,0,0,,90.11318,-2.009615,-3.255557,2104.851401,207.232357,1:00,5.76772,2.1596,6.46165,-14.32536,19.73875,9.54457,2.72428,-0.03862,81.56623,-4.80515,-1.528015,0.420068,62.58662,56.465934,-76.949027,4605.020128,23.02714,57.68413,-107.56278,149.98952,53.32231,-78.068746,3.934071,-5.99772,11.29453,-1.93347,50,5.61892,7.05306,-130.65662,-4.92653,-10.26036,30.19303,-12.8524,ARI_WIL,GRA_CAN,UArizona,D1,BIG12,20260324-UArizona-1,13f5c8c0-27fd-11f1-8d4e-73b83eb2bf78,89.72933,69.37635,,8.54695,,,,1.35235,2.71887,0.04033,fcc4ca4f-6759-4024-9276-a76842dbcbc5,2026-03-25,03:45:33.50,2026-03-24T21:45:33.5094784-06:00,2026-03-25T03:45:33.5094784Z,Popup,v3,232,5310,4b3137947cb04fa1abe03d266626d88b,"Meyers, Roman",834679,Right,ARI_WIL,07d30284-786b-4142-8470-089b723e0c51,54.03642,-131.58608,15.09652,5.76449,-4.53089,-6.4262,-2.15545,7.36892,-5.13018,,1.34668,11.61334,-3.10236,2.46981,-2.20084,1.23162,-0.38367,0.06139,-0.00392,2.71973,76.48686,-25.81677,2.73861,-0.19703,-0.17827,0.08427,-0.01627,0.00121,0.04187,-49.44127,5.94331,-1.65088,0.67105,-0.27568,0.07091,-0.00896,0.0004,,,,,,,,,,,,,,,,,,,,,,,High,High,High,Medium,Low,,,,208.103573,-12.064043,2058.3649,0.977915,1:00,0.17568,-0.453051,-0.874003,-18.547347,19.249214,39.191887,171.463724,-9.213458,0.146521,-0.160113,-0.976164,9.314868,-8.42534,0.160113,-0.146521,0.976164,-9.314868,8.42534,-0.160113,0.146521,0.976164,-171.463724,9.213458,-0.146521,0.160113,-0.976164
272,2026-03-24,21:45:53.06,2,4,"Hicks, Garrett",830248,Right,ARI_WIL,"Cameron, Griffin",823123,Left,GRA_CAN,Undefined,9,Top,1,1,2,Fastball,Four-Seam,StrikeSwinging,Strikeout,Undefined,Undefined,0,0,,92.01076,-1.245326,-3.418977,2290.017056,211.004843,1:00,5.68263,2.18737,6.19606,-11.13898,21.83151,12.43229,3.60249,0.0633,83.18546,-3.453141,-1.180681,0.41327,,,,,,,,,,,,-7.39209,11.94528,-1.93544,50,5.58265,7.4244,-133.35982,-3.12637,-13.19965,30.94844,-10.84408,ARI_WIL,GRA_CAN,UArizona,D1,BIG12,20260324-UArizona-1,1f9f9fc0-27fd-11f1-8d4e-73b83eb2bf78,91.20533,,,8.8253,,,,,,,fcc4ca4f-6759-4024-9276-a76842dbcbc5,2026-03-25,03:45:53.06,2026-03-24T21:45:53.0670000-06:00,2026-03-25T03:45:53.0670000Z,,v3,232,5310,4b3137947cb04fa1abe03d266626d88b,"Meyers, Roman",834679,Right,ARI_WIL,8f599142-6f07-4760-ab92-4a96dfa46d01,54.30016,-134.35404,15.47422,5.67749,-2.778,-5.42204,-2.18076,7.84844,-6.59982,,,,,,,,,,,,,,,,,,,,,,,,,,,,,53.19799,,,1.422021,,,,-3.15518,6.4,3.0463,80.06573,7.90669,-44.71569,-3.0615,63.0512,-3.22189,6.50678,21.37189,-14.32317,2.93782,-38.04284,3.17655,High,High,High,,,High,High,High,211.197269,-6.303015,2276.174315,0.993955,1:00,0.07003,-0.512347,-0.855918,-7.909208,22.509361,58.874433,177.41966,11.049586,0.044186,0.191658,-0.980467,11.060524,2.532473,0.191658,0.044186,0.980467,-11.060524,-2.532473,-0.191658,-0.044186,0.980467,-177.41966,-11.049586,-0.044186,-0.191658,-0.980467
273,2026-03-24,21:46:27.70,3,1,"Hicks, Garrett",830248,Right,ARI_WIL,"Sanko, Jake",830830,Right,GRA_CAN,Undefined,9,Top,2,0,0,Fastball,Four-Seam,BallCalled,Undefined,Undefined,Undefined,0,0,,90.52468,-3.791337,-4.188382,2266.147605,203.360422,12:45,5.68479,1.95633,6.34307,-12.05611,21.92556,8.95812,1.17529,-1.15993,82.20962,-6.156326,-2.57386,0.41956,,,,,,,,,,,,-5.88221,12.86477,-1.65527,50,5.40203,9.21849,-130.90618,-8.95121,-10.14126,29.29645,-9.99437,ARI_WIL,GRA_CAN,UArizona,D1,BIG12,20260324-UArizona-1,3443be20-27fd-11f1-8d4e-73b83eb2bf78,89.83809,,,8.31506,,,,,,,fcc4ca4f-6759-4024-9276-a76842dbcbc5,2026-03-25,03:46:27.70,2026-03-24T21:46:27.7032448-06:00,2026-03-25T03:46:27.7032448Z,,v3,232,5310,4b3137947cb04fa1abe03d266626d88b,"Meyers, Roman",834679,Right,ARI_WIL,bbc2e1e5-ad98-4e78-a653-927da3373434,54.15438,-131.83265,14.64822,5.6801,-8.63515,-4.99718,-1.95186,9.53919,-5.07063,,,,,,,,,,,,,,,,,,,,,,,,,,,,,,,,,,,,,,,,,,,,,,,,,,,High,High,High,,,,,,204.135537,-10.746446,2226.40383,0.982462,12:45,0.146568,-0.388517,-0.90971,-11.750926,11.396528,45.972806,179.667448,-10.305525,0.00571,-0.178897,-0.983851,10.305695,-0.327187,0.178897,-0.00571,0.983851,-10.305695,0.327187,-0.178897,0.00571,0.983851,-179.667448,10.305525,-0.00571,0.178897,-0.983851
274,2026-03-24,21:46:42.00,3,2,"Hicks, Garrett",830248,Right,ARI_WIL,"Sanko, Jake",830830,Right,GRA_CAN,Undefined,9,Top,2,1,0,Fastball,Four-Seam,FoulBallNotFieldable,Undefined,Undefined,Undefined,0,0,,88.93228,-1.315787,-2.291194,2258.136955,206.492838,1:00,5.70043,2.0524,6.43979,-14.05009,20.87525,9.80056,3.3193,0.76255,80.47983,-4.069512,-0.515838,0.425345,58.67886,55.900498,151.401441,4609.144635,,,,,41.2232,,,-5.81776,11.66127,-1.89374,50,5.6003,4.77665,-129.08198,-3.28002,-9.71536,29.43586,-12.70031,ARI_WIL,GRA_CAN,UArizona,D1,BIG12,20260324-UArizona-1,3cca3510-27fd-11f1-8d4e-73b83eb2bf78,88.61606,47.27487,,8.45245,,,,0.68914,3.08774,-0.79903,fcc4ca4f-6759-4024-9276-a76842dbcbc5,2026-03-25,03:46:42.00,2026-03-24T21:46:42.0053504-06:00,2026-03-25T03:46:42.0053504Z,,v3,232,5310,4b3137947cb04fa1abe03d266626d88b,"Meyers, Roman",834679,Right,ARI_WIL,c85bd35a-a503-4d7b-9976-f3ed85137230,54.05785,-130.00403,14.71793,5.69681,-2.88219,-6.35015,-2.04813,5.08098,-4.85768,336.396386,0.68914,-42.36256,-1.684,2.13487,-0.70427,0.18522,-0.04186,0.0079,-0.00022,3.08774,71.26511,-27.44382,3.57751,-0.65506,0.09624,-0.01361,0.00023,0.00035,-0.79903,23.09543,-5.29114,1.6157,-0.36598,0.06794,-0.0127,0.00103,0.00016,,,,,,,,,,,,,,,,,,,,,,,High,High,High,High,Undefined,,,,202.773926,-6.081486,2245.428678,0.994372,12:45,0.078008,-0.382383,-0.920705,-0.474697,12.794892,54.300113,176.76519,16.177073,0.054194,0.278607,-0.958875,16.201536,3.106601,0.278607,0.054194,0.958875,-16.201536,-3.106601,-0.278607,-0.054194,0.958875,-176.76519,-16.177073,-0.054194,-0.278607,-0.958875
275,2026-03-24,21:47:00.10,3,3,"Hicks, Garrett",830248,Right,ARI_WIL,"Sanko, Jake",830830,Right,GRA_CAN,Undefined,9,Top,2,1,1,Fastball,Four-Seam,BallCalled,Undefined,Undefined,Undefined,0,0,,89.59743,-3.111077,-4.43717,2069.126546,201.819856,12:45,5.53835,2.11668,6.1727,-16.19879,18.35954,6.91552,1.30362,-1.41336,82.21584,-6.191821,-3.195379,0.423105,,,,,,,,,,,,-4.75323,10.65835,-1.78371,50,5.29359,9.78159,-129.70117,-7.51283,-8.12864,26.1297,-13.94686,ARI_WIL,GRA_CAN,UArizona,D1,BIG12,20260324-UArizona-1,47939720-27fd-11f1-8d4e-73b83eb2bf78,89.08535,,,7.38158,,,,,,,fcc4ca4f-6759-4024-9276-a76842dbcbc5,2026-03-25,03:47:00.10,2026-03-24T21:47:00.1076224-06:00,2026-03-25T03:47:00.1076224Z,,v3,232,5310,4b3137947cb04fa1abe03d266626d88b,"Meyers, Roman",834679,Right,ARI_WIL,10e8f9f0-0c15-45f3-80e0-a4f06418e30a,54.32592,-130.56976,13.06485,5.53562,-7.04921,-6.97343,-2.11335,10.0518,-4.06432,,,,,,,,,,,,,,,,,,,,,,,,,,,,,,,,,,,,,,,,,,,,,,,,,,,High,High,High,,,,,,209.081643,-12.334298,2021.366715,0.976918,1:00,0.172303,-0.462543,-0.869693,-8.565362,15.822019,65.353264,174.23725,11.962633,0.098229,0.207274,-0.973339,12.021634,5.637191,0.207274,0.098229,0.973339,-12.021634,-5.637191,-0.207274,-0.098229,0.973339,-174.23725,-11.962633,-0.098229,-0.207274,-0.973339
276,2026-03-24,21:47:14.00,3,4,"Hicks, Garrett",830248,Right,ARI_WIL,"Sanko, Jake",830830,Right,GRA_CAN,Undefined,9,Top,2,2,1,Fastball,Four-Seam,InPlay,Undefined,LineDrive,Double,0,0,,90.00539,-2.958751,-3.462594,2131.807113,214.5501,1:15,5.6633,2.20402,6.43681,-15.49398,18.35186,11.89603,1.64571,0.00943,82.46657,-5.933273,-1.310367,0.41872,96.5658,11.571508,32.800422,4889.361334,87.68314,14.9249,66.42002,219.96183,219.96183,41.921425,2.056916,-7.16248,10.7291,-1.96279,50,5.44526,7.43007,-130.52348,-7.15427,-12.38145,26.9434,-13.62708,ARI_WIL,GRA_CAN,UArizona,D1,BIG12,20260324-UArizona-1,4fdc68d0-27fd-11f1-8d4e-73b83eb2bf78,90.01816,15.01344,,7.53882,,,,0.26015,1.36134,-0.28529,fcc4ca4f-6759-4024-9276-a76842dbcbc5,2026-03-25,03:47:14.00,2026-03-24T21:47:14.0008448-06:00,2026-03-25T03:47:14.0008448Z,LineDrive,v3,232,5310,4b3137947cb04fa1abe03d266626d88b,"Meyers, Roman",834679,Right,ARI_WIL,8daad690-5ac8-4b7a-b883-63681ff792ea,54.06281,-131.35947,13.4717,5.66068,-6.73145,-6.81354,-2.19928,7.81424,-6.19072,,0.26024,116.62202,-25.93837,5.29571,-0.77243,-0.05134,0.05617,-0.00833,-0.00019,1.36128,28.41463,-15.52837,1.00204,-0.42148,0.26161,-0.09665,0.01752,-0.00102,-0.28538,75.17083,-0.68552,-0.75184,-0.08592,0.26077,-0.12145,0.02341,-0.00138,,,,,,,,,,,,,,,,,,,,,,,High,High,High,High,High,,,,208.691442,-13.100626,2076.323612,0.973973,1:00,0.198436,-0.455274,-0.867956,-12.382557,12.704626,53.090519,177.172669,13.23089,0.048017,0.228876,-0.972271,13.246447,2.752223,0.228876,0.048017,0.972271,-13.246447,-2.752223,-0.228876,-0.048017,0.972271,-177.172669,-13.23089,-0.048017,-0.228876,-0.972271
277,2026-03-24,21:48:08.55,4,1,"Hicks, Garrett",830248,Right,ARI_WIL,"Perez, Jaime",1000122545,Right,GRA_CAN,Undefined,9,Top,2,0,0,Fastball,Four-Seam,StrikeCalled,Undefined,Undefined,Undefined,0,0,,89.12464,-2.823927,-2.724513,2219.267069,213.820293,1:15,5.70084,1.98279,6.37893,-16.62721,18.24721,11.41658,1.7122,0.42575,80.94914,-6.023008,-0.658846,0.425035,,,,,,,,,,,,-6.7289,10.69847,-1.79109,50,5.48898,5.6858,-129.19714,-6.80258,-11.28638,28.83961,-14.22953,ARI_WIL,GRA_CAN,UArizona,D1,BIG12,20260324-UArizona-1,70636f90-27fd-11f1-8d4e-73b83eb2bf78,88.68071,,,8.1755,,,,,,,fcc4ca4f-6759-4024-9276-a76842dbcbc5,2026-03-25,03:48:08.55,2026-03-24T21:48:08.5595136-06:00,2026-03-25T03:48:08.5595136Z,,v3,232,5310,4b3137947cb04fa1abe03d266626d88b,"Meyers, Roman",834679,Right,ARI_WIL,d167fbcc-1d5f-4bcb-bedd-386e0d01e02b,54.11817,-130.11315,14.41981,5.69787,-6.35061,-7.11476,-1.97738,6.04428,-5.64319,,,,,,,,,,,,,,,,,,,,,,,,,,,,,,,,,,,,,,,,,,,,,,,,,,,High,High,High,,,,,,203.683971,-11.183029,2177.129058,0.981013,12:45,0.170178,-0.384031,-0.907502,-7.50073,12.083319,62.08639,176.243586,11.807372,0.064129,0.204622,-0.976738,11.832078,3.676822,0.204622,0.064129,0.976738,-11.832078,-3.676822,-0.204622,-0.064129,0.976738,-176.243586,-11.807372,-0.064129,-0.204622,-0.976738
278,2026-03-24,21:48:23.77,4,2,"Hicks, Garrett",830248,Right,ARI_WIL,"Perez, Jaime",1000122545,Right,GRA_CAN,Undefined,9,Top,2,0,1,Slider,Slider,BallCalled,Undefined,Undefined,Undefined,0,0,,84.32572,-1.451138,-4.557957,2286.134197,155.47942,11:15,5.43448,2.27239,6.2436,-31.46321,7.84839,-2.97524,1.46956,-2.18847,76.87452,-7.30775,-5.092692,0.451265,,,,,,,,,,,,0.145,4.93311,-1.93115,50,5.31088,9.84521,-122.05469,-4.05881,0.21675,26.07421,-24.80043,ARI_WIL,GRA_CAN,UArizona,D1,BIG12,20260324-UArizona-1,79781cc0-27fd-11f1-8d4e-73b83eb2bf78,83.52617,,,7.4512,,,,,,,fcc4ca4f-6759-4024-9276-a76842dbcbc5,2026-03-25,03:48:23.77,2026-03-24T21:48:23.7723136-06:00,2026-03-25T03:48:23.7723136Z,,v3,232,5310,4b3137947cb04fa1abe03d266626d88b,"Meyers, Roman",834679,Right,ARI_WIL,39b4b269-5c1f-4048-bd9a-6c8f367480d6,54.25327,-122.95995,13.0371,5.43685,-3.19778,-12.40021,-2.27283,9.83768,0.10837,,,,,,,,,,,,,,,,,,,,,,,,,,,,,,,,,,,,,,,,,,,,,,,,,,,High,High,High,,,,,,203.480457,75.712188,564.201626,0.246793,12:45,-0.981199,-0.122841,-0.148855,-18.476753,46.938831,-68.161514,173.748559,54.764996,0.062823,0.816793,-0.573501,54.925865,3.601873,0.816793,0.062823,0.573501,-54.925865,-3.601873,-0.816793,-0.062823,0.573501,-173.748559,-54.764996,-0.062823,-0.816793,-0.573501
279,2026-03-24,21:48:41.94,4,3,"Hicks, Garrett",830248,Right,ARI_WIL,"Perez, Jaime",1000122545,Right,GRA_CAN,Undefined,9,Top,2,1,1,Fastball,Four-Seam,FoulBallNotFieldable,Undefined,Undefined,Undefined,0,0,,89.2544,-3.037823,-3.337545,2173.504306,200.168249,12:45,5.699,1.97538,6.37475,-13.52753,21.16804,7.3476,1.76935,-0.48655,81.32084,-5.669166,-2.010249,0.423944,67.37767,54.599372,69.57306,5583.393179,30.3242,85.86531,105.73742,201.78148,60.8332,76.927776,4.644973,-4.82992,12.30426,-1.73777,50,5.47294,7.25953,-129.36639,-7.19422,-8.14902,28.09844,-11.4144,ARI_WIL,GRA_CAN,UArizona,D1,BIG12,20260324-UArizona-1,84443df0-27fd-11f1-8d4e-73b83eb2bf78,88.90905,85.93897,,7.93356,,,,3.1085,1.93587,0.42654,fcc4ca4f-6759-4024-9276-a76842dbcbc5,2026-03-25,03:48:41.94,2026-03-24T21:48:41.9445760-06:00,2026-03-25T03:48:41.9445760Z,Popup,v3,232,5310,4b3137947cb04fa1abe03d266626d88b,"Meyers, Roman",834679,Right,ARI_WIL,95946478-2e2d-4805-8cc4-bf4ea50eb6fe,54.1249,-130.25923,14.04922,5.69578,-6.83152,-5.7072,-1.97256,7.51847,-4.07451,,3.12023,19.71318,-4.65073,-0.59253,1.53548,-0.80711,0.20652,-0.02591,0.00127,1.93559,80.5363,-22.35501,1.70713,0.16393,-0.31149,0.11568,-0.01885,0.00115,0.42984,53.5617,-4.50802,0.16429,0.61531,-0.36909,0.10293,-0.01419,0.00078,,,,,,,,,,,,,,,,,,,,,,,High,High,High,Medium,Low,,,,206.365297,-13.93958,2109.495252,0.97055,1:00,0.212329,-0.417642,-0.883454,-10.493287,18.413668,57.98395,177.077196,-13.179758,0.049647,-0.228007,-0.972393,13.196325,-2.845751,0.228007,-0.049647,0.972393,-13.196325,2.845751,-0.228007,0.049647,0.972393,-177.077196,13.179758,-0.049647,0.228007,-0.972393
280,2026-03-24,21:49:03.69,4,4,"Hicks, Garrett",830248,Right,ARI_WIL,"Perez, Jaime",1000122545,Right,GRA_CAN,Undefined,9,Top,2,1,2,Fastball,Four-Seam,InPlay,Undefined,FlyBall,Out,1,0,,90.71827,-1.062495,-3.489153,2255.184705,209.500534,1:00,5.76901,1.94102,6.19183,-14.25048,19.83044,10.52477,3.59859,-0.40728,81.70116,-3.843932,-1.594804,0.420172,83.93349,28.814375,18.489015,3554.075209,102.35278,51.63102,40.29729,305.38415,298.85528,26.741257,4.410952,-6.54851,10.94642,-1.68302,50,5.68157,7.57245,-131.44306,-2.79244,-11.29663,31.49297,-13.29074,ARI_WIL,GRA_CAN,UArizona,D1,BIG12,20260324-UArizona-1,913ba390-27fd-11f1-8d4e-73b83eb2bf78,89.70717,61.36045,,9.01712,,,,0.88291,3.3906,0.38275,fcc4ca4f-6759-4024-9276-a76842dbcbc5,2026-03-25,03:49:03.69,2026-03-24T21:49:03.6976640-06:00,2026-03-25T03:49:03.6976640Z,FlyBall,v3,232,5310,4b3137947cb04fa1abe03d266626d88b,"Meyers, Roman",834679,Right,ARI_WIL,1da6f37d-4225-42c3-9a65-61ff48e71657,54.30526,-132.47056,15.74649,5.7656,-2.35882,-6.64537,-1.9361,7.94102,-5.64831,211.100776,0.88375,102.27656,-17.66954,3.61183,-0.70464,0.13272,-0.02748,0.00457,-0.00032,3.39099,59.31752,-16.68201,0.74355,0.14478,-0.14256,0.05083,-0.00818,0.00049,0.38318,34.19346,-0.05413,-0.62186,0.29937,-0.10127,0.02274,-0.0028,0.00014,,,,,,,,,,,,,,,,,,,,,,,High,High,High,High,High,,,,203.607256,-14.624987,2182.114801,0.967599,12:45,0.205192,-0.382741,-0.90078,-6.822506,14.302472,69.209098,176.869697,12.3331,0.053347,0.213595,-0.975465,12.350964,3.057994,0.213595,0.053347,0.975465,-12.350964,-3.057994,-0.213595,-0.053347,0.975465,-176.869697,-12.3331,-0.053347,-0.213595,-0.975465