PitchNo,Date,Time,PAofInning,PitchofPA,Pitcher,PitcherId,PitcherThrows,PitcherTeam,Batter,BatterId,BatterSide,BatterTeam,PitcherSet,Inning,Top/Bottom,Outs,Balls,Strikes,TaggedPitchType,AutoPitchType,PitchCall,KorBB,TaggedHitType,PlayResult,OutsOnPlay,RunsScored,Notes,RelSpeed,VertRelAngle,HorzRelAngle,SpinRate,SpinAxis,Tilt,RelHeight,RelSide,Extension,VertBreak,InducedVertBreak,HorzBreak,PlateLocHeight,PlateLocSide,ZoneSpeed,VertApprAngle,HorzApprAngle,ZoneTime,ExitSpeed,Angle,Direction,HitSpinRate,PositionAt110X,PositionAt110Y,PositionAt110Z,Distance,LastTrackedDistance,Bearing,HangTime,pfxx,pfxz,x0,y0,z0,vx0,vy0,vz0,ax0,ay0,az0,HomeTeam,AwayTeam,Stadium,Level,League,GameID,PitchUID,EffectiveVelo,MaxHeight,MeasuredDuration,SpeedDrop,PitchLastMeasuredX,PitchLastMeasuredY,PitchLastMeasuredZ,ContactPositionX,ContactPositionY,ContactPositionZ,GameUID,UTCDate,UTCTime,LocalDateTime,UTCDateTime,AutoHitType,System,HomeTeamForeignID,AwayTeamForeignID,GameForeignID,Catcher,CatcherId,CatcherThrows,CatcherTeam,PlayID,PitchTrajectoryXc0,PitchTrajectoryXc1,PitchTrajectoryXc2,PitchTrajectoryYc0,PitchTrajectoryYc1,PitchTrajectoryYc2,PitchTrajectoryZc0,PitchTrajectoryZc1,PitchTrajectoryZc2,HitSpinAxis,HitTrajectoryXc0,HitTrajectoryXc1,HitTrajectoryXc2,HitTrajectoryXc3,HitTrajectoryXc4,HitTrajectoryXc5,HitTrajectoryXc6,HitTrajectoryXc7,HitTrajectoryXc8,HitTrajectoryYc0,HitTrajectoryYc1,HitTrajectoryYc2,HitTrajectoryYc3,HitTrajectoryYc4,HitTrajectoryYc5,HitTrajectoryYc6,HitTrajectoryYc7,HitTrajectoryYc8,HitTrajectoryZc0,HitTrajectoryZc1,HitTrajectoryZc2,HitTrajectoryZc3,HitTrajectoryZc4,HitTrajectoryZc5,HitTrajectoryZc6,HitTrajectoryZc7,HitTrajectoryZc8,ThrowSpeed,PopTime,ExchangeTime,TimeToBase,CatchPositionX,CatchPositionY,CatchPositionZ,ThrowPositionX,ThrowPositionY,ThrowPositionZ,BasePositionX,BasePositionY,BasePositionZ,ThrowTrajectoryXc0,ThrowTrajectoryXc1,ThrowTrajectoryXc2,ThrowTrajectoryYc0,ThrowTrajectoryYc1,ThrowTrajectoryYc2,ThrowTrajectoryZc0,ThrowTrajectoryZc1,ThrowTrajectoryZc2,PitchReleaseConfidence,PitchLocationConfidence,PitchMovementConfidence,HitLaunchConfidence,HitLandingConfidence,CatcherThrowCatchConfidence,CatcherThrowReleaseConfidence,CatcherThrowLocationConfidence,SpinAxis3dTransverseAngle,SpinAxis3dLongitudinalAngle,SpinAxis3dActiveSpinRate,SpinAxis3dSpinEfficiency,SpinAxis3dTilt,SpinAxis3dVectorX,SpinAxis3dVectorY,SpinAxis3dVectorZ,SpinAxis3dSeamOrientationRotationX,SpinAxis3dSeamOrientationRotationY,SpinAxis3dSeamOrientationRotationZ,SpinAxis3dSeamOrientationBallAngleHorizontalAmb1,SpinAxis3dSeamOrientationBallAngleVerticalAmb1,SpinAxis3dSeamOrientationBallXAmb1,SpinAxis3dSeamOrientationBallYAmb1,SpinAxis3dSeamOrientationBallZAmb1,SpinAxis3dSeamOrientationBallAngleHorizontalAmb2,SpinAxis3dSeamOrientationBallAngleVerticalAmb2,SpinAxis3dSeamOrientationBallXAmb2,SpinAxis3dSeamOrientationBallYAmb2,SpinAxis3dSeamOrientationBallZAmb2,SpinAxis3dSeamOrientationBallAngleHorizontalAmb3,SpinAxis3dSeamOrientationBallAngleVerticalAmb3,SpinAxis3dSeamOrientationBallXAmb3,SpinAxis3dSeamOrientationBallYAmb3,SpinAxis3dSeamOrientationBallZAmb3,SpinAxis3dSeamOrientationBallAngleHorizontalAmb4,SpinAxis3dSeamOrientationBallAngleVerticalAmb4,SpinAxis3dSeamOrientationBallXAmb4,SpinAxis3dSeamOrientationBallYAmb4,SpinAxis3dSeamOrientationBallZAmb4
1,2026-03-25,18:05:14.69,1,1,"Dobis, Jonathan",831056,Right,MIN_GOL,"Recchio, Tanner",1000255768,Left,THO_M,Undefined,1,Top,0,0,0,Sinker,Sinker,FoulBallNotFieldable,Undefined,Undefined,Undefined,0,0,,90.50187,-1.385522,-1.456324,2256.423577,224.567756,1:30,6.25036,1.04091,5.66708,-17.5545,17.45544,15.90611,3.49495,1.00824,81.27135,-4.739616,1.386438,0.42586,45.04766,47.968391,-155.055789,2405.928787,,,,106.20236,47.22116,-151.785332,2.676794,-8.5689,9.69489,-0.92821,50,6.12262,2.62586,-131.14835,-3.70818,-14.64263,32.61642,-15.60731,MIN_GOL,THO_M,SiebertField,D1,BIG10,20260325-SiebertField-2,158c3fa0-289f-11f1-b64b-5fc02d581842,88.50897,33.49109,,9.23052,,,,1.07175,3.47521,-1.01428,34f96caf-3623-479a-a7fb-b2cda99893ab,2026-03-25,23:05:14.69,2026-03-25T18:05:14.6933248-05:00,2026-03-25T23:05:14.6933248Z,Popup,v3,471360,stthomas,193273f8758c40888fe81a81bb299a6a,"Hunt, Sam",1000048505,Right,MIN_GOL,682bc798-e785-4c9e-8fda-de7852a616e2,54.82965,-132.34403,16.30821,6.24807,-3.13604,-7.80366,-1.03431,3.16263,-7.32132,339.439492,1.07173,-40.11033,1.55513,0.04644,0.11148,-0.17716,0.1187,-0.03456,0.00367,3.47533,49.06938,-21.74957,1.63764,-0.15795,-0.10639,0.05557,-0.00947,0.00046,-1.01426,-18.65758,-0.69804,0.40996,0.00841,-0.10009,0.06491,-0.01753,0.00174,,,,,,,,,,,,,,,,,,,,,,,High,High,High,High,Medium,,,,,,,,,,,,,,,,,,,,,,,,,,,,,,,,,,
2,2026-03-25,18:05:36.70,1,2,"Dobis, Jonathan",831056,Right,MIN_GOL,"Recchio, Tanner",1000255768,Left,THO_M,Undefined,1,Top,0,0,1,Fastball,Four-Seam,BallCalled,Undefined,Undefined,Undefined,0,0,,90.58312,-0.42197,-2.381254,2321.621701,203.538609,12:45,6.18352,1.08741,5.89696,-19.53052,14.61997,5.88583,4.16388,-0.63411,82.48478,-4.11297,-1.326069,0.4206,,,,,,,,,,,,-3.67705,7.92949,-0.89902,50,6.13836,5.20947,-131.44634,-1.58091,-6.41633,28.55061,-18.33739,MIN_GOL,THO_M,SiebertField,D1,BIG10,20260325-SiebertField-2,22aeace0-289f-11f1-b64b-5fc02d581842,89.6158,,,8.09834,,,,,,,34f96caf-3623-479a-a7fb-b2cda99893ab,2026-03-25,23:05:36.70,2026-03-25T18:05:36.7003136-05:00,2026-03-25T23:05:36.7003136Z,,v3,471360,stthomas,193273f8758c40888fe81a81bb299a6a,"Hunt, Sam",1000048505,Right,MIN_GOL,167b4f0b-60cb-40ba-9aed-0bb4395d62c6,54.59972,-132.44165,14.2753,6.18233,-0.94164,-9.16869,-1.08452,5.43315,-3.20817,,,,,,,,,,,,,,,,,,,,,,,,,,,,,,,,,,,,,,,,,,,,,,,,,,,High,High,High,,,,,,,,,,,,,,,,,,,,,,,,,,,,,,,,,,,,
3,2026-03-25,18:05:54.23,1,3,"Dobis, Jonathan",831056,Right,MIN_GOL,"Recchio, Tanner",1000255768,Left,THO_M,Undefined,1,Top,0,1,1,Cutter,Cutter,BallinDirt,Undefined,Undefined,Undefined,0,0,,86.27853,-2.848712,-2.171447,2643.496131,144.737633,10:45,5.81506,1.55671,5.47258,-30.19057,8.37335,-4.98835,0.62924,-0.892,78.72216,-8.385376,-3.059977,0.446953,,,,,,,,,,,,1.86473,5.47445,-1.3623,50,5.54399,4.94944,-124.93576,-7.28063,2.92025,27.33008,-23.60081,MIN_GOL,THO_M,SiebertField,D1,BIG10,20260325-SiebertField-2,2d2ea9e0-289f-11f1-b64b-5fc02d581842,84.33198,,,7.55637,,,,,,,34f96caf-3623-479a-a7fb-b2cda99893ab,2026-03-25,23:05:54.23,2026-03-25T18:05:54.2394880-05:00,2026-03-25T23:05:54.2394880Z,,v3,471360,stthomas,193273f8758c40888fe81a81bb299a6a,"Hunt, Sam",1000048505,Right,MIN_GOL,88668d15-bcd8-4b67-9ae7-b31d11e1523c,55.02515,-126.03023,13.66504,5.81663,-6.33551,-11.80041,-1.55816,4.83249,1.46012,,,,,,,,,,,,,,,,,,,,,,,,,,,,,,,,,,,,,,,,,,,,,,,,,,,High,High,High,,,,,,,,,,,,,,,,,,,,,,,,,,,,,,,,,,,,
4,2026-03-25,18:06:11.37,1,4,"Dobis, Jonathan",831056,Right,MIN_GOL,"Recchio, Tanner",1000255768,Left,THO_M,Undefined,1,Top,0,2,1,Sinker,Sinker,BallCalled,Undefined,Undefined,Undefined,0,0,,88.43928,-2.821642,-0.750844,2238.453842,227.642372,1:30,6.04733,1.24081,5.86299,-24.22974,11.59729,11.46068,1.40458,1.4983,81.09658,-7.324251,1.307569,0.430801,,,,,,,,,,,,-6.06323,7.07914,-1.18657,50,5.80439,1.19939,-128.32844,-7.12101,-10.10199,26.7749,-20.37947,MIN_GOL,THO_M,SiebertField,D1,BIG10,20260325-SiebertField-2,376011b0-289f-11f1-b64b-5fc02d581842,87.49384,,,7.3427,,,,,,,34f96caf-3623-479a-a7fb-b2cda99893ab,2026-03-25,23:06:11.37,2026-03-25T18:06:11.3740800-05:00,2026-03-25T23:06:11.3740800Z,,v3,471360,stthomas,193273f8758c40888fe81a81bb299a6a,"Hunt, Sam",1000048505,Right,MIN_GOL,d379fc14-a8b1-41e3-908f-fdf38d188b73,54.63508,-129.2919,13.38745,6.04744,-6.38768,-10.18973,-1.23627,1.5629,-5.05099,,,,,,,,,,,,,,,,,,,,,,,,,,,,,,,,,,,,,,,,,,,,,,,,,,,High,High,High,,,,,,,,,,,,,,,,,,,,,,,,,,,,,,,,,,,,
5,2026-03-25,18:06:29.36,1,5,"Dobis, Jonathan",831056,Right,MIN_GOL,"Recchio, Tanner",1000255768,Left,THO_M,Undefined,1,Top,0,3,1,Fastball,Four-Seam,FoulBallNotFieldable,Undefined,Undefined,Undefined,0,0,,88.06455,-3.010701,-1.968167,2437.69738,183.820391,12:15,6.07277,1.24939,5.89395,-15.98154,20.11438,1.26555,1.94148,-0.4732,80.62799,-6.05109,-1.741212,0.432415,61.85579,57.576485,-80.51841,4920.047736,0.4295,63.73937,-109.99908,156.33115,73.45773,-91.35331,4.043372,-1.19752,11.51012,-1.09162,50,5.82095,4.33707,-127.71775,-7.16871,-1.97832,26.25958,-13.15892,MIN_GOL,THO_M,SiebertField,D1,BIG10,20260325-SiebertField-2,421d8ce0-289f-11f1-b64b-5fc02d581842,87.16731,71.77039,,7.43656,,,,1.63696,1.96482,0.4665,34f96caf-3623-479a-a7fb-b2cda99893ab,2026-03-25,23:06:29.36,2026-03-25T18:06:29.3638656-05:00,2026-03-25T23:06:29.3638656Z,Popup,v3,471360,stthomas,193273f8758c40888fe81a81bb299a6a,"Hunt, Sam",1000048505,Right,MIN_GOL,a3a807d6-c82a-4173-ba82-7458a65aaec6,54.60465,-128.66101,13.12979,6.06997,-6.69604,-6.57946,-1.24869,4.40813,-0.98916,,1.64175,7.87431,-5.54381,0.17217,1.41925,-0.93562,0.28459,-0.0421,0.00244,1.96741,76.51244,-24.02008,1.84848,0.07607,-0.16195,0.03417,-0.00126,-0.00018,0.46605,-47.97604,2.49276,-0.26742,0.34994,-0.30101,0.12446,-0.02364,0.00168,,,,,,,,,,,,,,,,,,,,,,,High,High,High,Low,Low,,,,,,,,,,,,,,,,,,,,,,,,,,,,,,,,,,
6,2026-03-25,18:06:50.72,1,6,"Dobis, Jonathan",831056,Right,MIN_GOL,"Recchio, Tanner",1000255768,Left,THO_M,Undefined,1,Top,0,3,2,Fastball,Four-Seam,BallCalled,Walk,Undefined,Undefined,0,0,,88.63575,-3.403434,-1.854983,2406.912625,211.021566,1:00,5.99144,1.23189,5.96349,-22.54171,12.60375,6.98095,0.95183,0.09304,82.28585,-7.579321,-0.599731,0.426684,,,,,,,,,,,,-4.05173,7.62414,-1.0887,50,5.7084,3.88551,-128.6795,-8.38341,-6.87948,23.54007,-19.229,MIN_GOL,THO_M,SiebertField,D1,BIG10,20260325-SiebertField-2,4ecf8510-289f-11f1-b64b-5fc02d581842,88.33815,,,6.3499,,,,,,,34f96caf-3623-479a-a7fb-b2cda99893ab,2026-03-25,23:06:50.72,2026-03-25T18:06:50.7203072-05:00,2026-03-25T23:06:50.7203072Z,,v3,471360,stthomas,193273f8758c40888fe81a81bb299a6a,"Hunt, Sam",1000048505,Right,MIN_GOL,ea8f7bd4-e811-4a79-a220-ec40ed07b16e,54.53666,-129.50676,11.77003,5.99114,-7.70765,-9.6145,-1.22949,4.12727,-3.43974,,,,,,,,,,,,,,,,,,,,,,,,,,,,,,,,,,,,,,,,,,,,,,,,,,,High,High,High,,,,,,,,,,,,,,,,,,,,,,,,,,,,,,,,,,,,
7,2026-03-25,18:07:20.82,2,1,"Dobis, Jonathan",831056,Right,MIN_GOL,"Puder, Adam",10307401,Right,THO_M,Undefined,1,Top,0,0,0,Slider,Slider,BallCalled,Undefined,Undefined,Undefined,0,0,,80.09493,0.491205,-2.301903,2890.647395,71.812436,8:30,5.91777,1.47711,5.08533,-46.65857,-1.60953,-9.22815,2.49293,-1.46274,73.49502,-7.951936,-3.932562,0.483075,,,,,,,,,,,,3.92484,-0.50969,-1.25161,50,5.92754,5.05335,-116.14132,-0.69768,5.34376,22.39959,-32.86801,MIN_GOL,THO_M,SiebertField,D1,BIG10,20260325-SiebertField-2,60d21d90-289f-11f1-b64b-5fc02d581842,78.02613,,,6.59991,,,,,,,34f96caf-3623-479a-a7fb-b2cda99893ab,2026-03-25,23:07:20.82,2026-03-25T18:07:20.8279040-05:00,2026-03-25T23:07:20.8279040Z,,v3,471360,stthomas,193273f8758c40888fe81a81bb299a6a,"Hunt, Sam",1000048505,Right,MIN_GOL,e925489d-ee3f-4953-874c-b8c337b031af,55.414,-117.18084,11.19979,5.92452,0.82766,-16.43401,-1.48037,4.80535,2.67188,,,,,,,,,,,,,,,,,,,,,,,,,,,,,,,,,,,,,,,,,,,,,,,,,,,High,High,High,,,,,,,,,,,,,,,,,,,,,,,,,,,,,,,,,,,,
8,2026-03-25,18:07:57.30,2,2,"Dobis, Jonathan",831056,Right,MIN_GOL,"Puder, Adam",10307401,Right,THO_M,Undefined,1,Top,0,1,0,Cutter,Cutter,BallCalled,Undefined,Undefined,Undefined,0,0,,86.30915,-0.932219,-2.555311,2593.242886,167.03972,11:30,6.005,1.26575,5.30095,-26.45765,12.01272,-2.48012,2.92409,-1.34142,78.88899,-5.814581,-2.994889,0.446411,,,,,,,,,,,,0.51878,6.65394,-1.03158,50,5.90127,5.6928,-125.11221,-2.96749,0.82112,25.58024,-21.64246,MIN_GOL,THO_M,SiebertField,D1,BIG10,20260325-SiebertField-2,768b5570-289f-11f1-b64b-5fc02d581842,84.43443,,,7.42016,,,,,,,34f96caf-3623-479a-a7fb-b2cda99893ab,2026-03-25,23:07:57.30,2026-03-25T18:07:57.3049344-05:00,2026-03-25T23:07:57.3049344Z,,v3,471360,stthomas,193273f8758c40888fe81a81bb299a6a,"Hunt, Sam",1000048505,Right,MIN_GOL,a2b9aac6-b754-45ce-9692-b735a6f150f3,55.19603,-126.17011,12.79012,6.00548,-2.07244,-10.82123,-1.26631,5.65885,0.41056,,,,,,,,,,,,,,,,,,,,,,,,,,,,,,,,,,,,,,,,,,,,,,,,,,,High,High,High,,,,,,,,,,,,,,,,,,,,,,,,,,,,,,,,,,,,
9,2026-03-25,18:08:19.14,2,3,"Dobis, Jonathan",831056,Right,MIN_GOL,"Puder, Adam",10307401,Right,THO_M,Undefined,1,Top,0,2,0,Fastball,Cutter,BallCalled,Undefined,Undefined,Undefined,0,0,,89.15219,-0.228108,-2.562859,2452.692187,175.820016,11:45,6.16304,1.06219,5.74345,-22.18985,13.06343,-0.87677,4.10129,-1.39867,81.75902,-4.372412,-2.719499,0.427338,,,,,,,,,,,,-0.2385,7.04083,-0.84845,50,6.13052,5.8303,-129.41255,-1.24919,-0.40603,26.01847,-20.18707,MIN_GOL,THO_M,SiebertField,D1,BIG10,20260325-SiebertField-2,838be2d0-289f-11f1-b64b-5fc02d581842,88.20293,,,7.39316,,,,,,,34f96caf-3623-479a-a7fb-b2cda99893ab,2026-03-25,23:08:19.14,2026-03-25T18:08:19.1427072-05:00,2026-03-25T23:08:19.1427072Z,,v3,471360,stthomas,193273f8758c40888fe81a81bb299a6a,"Hunt, Sam",1000048505,Right,MIN_GOL,fce7de6b-7257-44d6-bba8-8b26a66da352,54.75433,-130.36491,13.00924,6.16272,-0.51028,-10.09353,-1.06214,5.84516,-0.20302,,,,,,,,,,,,,,,,,,,,,,,,,,,,,,,,,,,,,,,,,,,,,,,,,,,High,High,High,,,,,,,,,,,,,,,,,,,,,,,,,,,,,,,,,,,,
10,2026-03-25,18:09:02.01,2,4,"Dobis, Jonathan",831056,Right,MIN_GOL,"Puder, Adam",10307401,Right,THO_M,Undefined,1,Top,0,3,0,Sinker,Four-Seam,StrikeCalled,Undefined,Undefined,Undefined,0,0,,87.88178,-1.741845,-1.986657,2206.171109,215.688322,1:15,6.11221,1.0994,5.90088,-23.23415,13.09784,8.54347,2.55756,-0.03365,80.14049,-6.09691,-0.453106,0.433826,,,,,,,,,,,,-4.93429,7.57359,-0.94445,50,5.95883,4.06321,-127.49868,-4.61629,-8.08901,27.21537,-19.7583,MIN_GOL,THO_M,SiebertField,D1,BIG10,20260325-SiebertField-2,9d0f1b00-289f-11f1-b64b-5fc02d581842,86.88367,,,7.74129,,,,,,,34f96caf-3623-479a-a7fb-b2cda99893ab,2026-03-25,23:09:02.01,2026-03-25T18:09:02.0161536-05:00,2026-03-25T23:09:02.0161536Z,,v3,471360,stthomas,193273f8758c40888fe81a81bb299a6a,"Hunt, Sam",1000048505,Right,MIN_GOL,848b781f-eb86-4dac-b2ef-b87d27d96192,54.59611,-128.476,13.60768,6.11186,-3.90675,-9.87915,-1.09557,4.35369,-4.0445,,,,,,,,,,,,,,,,,,,,,,,,,,,,,,,,,,,,,,,,,,,,,,,,,,,High,High,High,,,,,,,,,,,,,,,,,,,,,,,,,,,,,,,,,,,,
11,2026-03-25,18:09:33.58,2,5,"Dobis, Jonathan",831056,Right,MIN_GOL,"Puder, Adam",10307401,Right,THO_M,Undefined,1,Top,0,3,1,Sinker,Four-Seam,BallCalled,Walk,Undefined,Undefined,0,0,,87.20437,0.197602,-1.361217,2277.061679,224.909229,1:30,6.10779,1.28561,5.73957,-23.27631,14.15934,12.78146,4.35215,1.08301,78.5769,-4.196781,0.925882,0.440366,,,,,,,,,,,,-6.87996,7.51977,-1.18002,50,6.11024,2.44768,-126.44029,-0.29941,-10.98193,29.14628,-20.1709,MIN_GOL,THO_M,SiebertField,D1,BIG10,20260325-SiebertField-2,afeb2390-289f-11f1-b64b-5fc02d581842,85.59338,,,8.62746,,,,,,,34f96caf-3623-479a-a7fb-b2cda99893ab,2026-03-25,23:09:33.58,2026-03-25T18:09:33.5852032-05:00,2026-03-25T23:09:33.5852032Z,,v3,471360,stthomas,193273f8758c40888fe81a81bb299a6a,"Hunt, Sam",1000048505,Right,MIN_GOL,01dec866-c9f5-48e7-99ab-652773762bff,54.75542,-127.53177,14.57314,6.10731,0.45596,-10.08545,-1.27938,2.85894,-5.49096,,,,,,,,,,,,,,,,,,,,,,,,,,,,,,,,,,,,,,,,,,,,,,,,,,,High,High,High,,,,,,,,,,,,,,,,,,,,,,,,,,,,,,,,,,,,
12,2026-03-25,18:10:07.76,3,1,"Dobis, Jonathan",831056,Right,MIN_GOL,"Maulik, Matthew",1000283220,Right,THO_M,Undefined,1,Top,0,0,0,Cutter,Slider,BallCalled,Undefined,Undefined,Undefined,0,0,,85.6161,-0.781583,-2.826672,2643.69014,159.78214,11:15,5.87859,1.47187,5.36868,-29.90939,9.01536,-2.87146,2.65238,-1.4199,78.49751,-6.274418,-3.33612,0.449039,,,,,,,,,,,,0.67158,5.08866,-1.21601,50,5.78722,6.25076,-124.16938,-2.74935,1.04811,24.94915,-24.23244,MIN_GOL,THO_M,SiebertField,D1,BIG10,20260325-SiebertField-2,c43a9240-289f-11f1-b64b-5fc02d581842,83.94016,,,7.11859,,,,,,,34f96caf-3623-479a-a7fb-b2cda99893ab,2026-03-25,23:10:07.76,2026-03-25T18:10:07.7600768-05:00,2026-03-25T23:10:07.7600768Z,,v3,471360,stthomas,193273f8758c40888fe81a81bb299a6a,"Hunt, Sam",1000048505,Right,MIN_GOL,75143c25-40a1-4a42-8d89-3d5fec0954d9,55.1312,-125.19614,12.47457,5.87985,-1.75209,-12.11622,-1.47237,6.20762,0.52406,,,,,,,,,,,,,,,,,,,,,,,,,,,,,,,,,,,,,,,,,,,,,,,,,,,High,High,High,,,,,,,,,,,,,,,,,,,,,,,,,,,,,,,,,,,,
13,2026-03-25,18:10:27.46,3,2,"Dobis, Jonathan",831056,Right,MIN_GOL,"Maulik, Matthew",1000283220,Right,THO_M,Undefined,1,Top,0,1,0,ChangeUp,Changeup,BallCalled,Undefined,Undefined,Undefined,0,0,,83.008,0.197355,-2.29924,2256.008598,243.120232,2:00,5.82106,1.53689,5.72381,-29.25135,11.91253,20.7117,3.56741,1.12017,75.24636,-5.268831,1.405072,0.461774,,,,,,,,,,,,-11.16351,6.41741,-1.35753,50,5.81975,3.98129,-120.39322,-0.51204,-16.23593,25.358,-22.84076,MIN_GOL,THO_M,SiebertField,D1,BIG10,20260325-SiebertField-2,d0064920-289f-11f1-b64b-5fc02d581842,81.62529,,,7.76163,,,,,,,34f96caf-3623-479a-a7fb-b2cda99893ab,2026-03-25,23:10:27.46,2026-03-25T18:10:27.4617856-05:00,2026-03-25T23:10:27.4617856Z,,v3,471360,stthomas,193273f8758c40888fe81a81bb299a6a,"Hunt, Sam",1000048505,Right,MIN_GOL,e69e3c17-87fa-4aad-a4dc-2c713004943e,54.77355,-121.39449,12.679,5.82217,0.38984,-11.42038,-1.52739,4.62237,-8.11796,,,,,,,,,,,,,,,,,,,,,,,,,,,,,,,,,,,,,,,,,,,,,,,,,,,High,High,High,,,,,,,,,,,,,,,,,,,,,,,,,,,,,,,,,,,,
14,2026-03-25,18:11:42.10,3,3,"Dobis, Jonathan",831056,Right,MIN_GOL,"Maulik, Matthew",1000283220,Right,THO_M,Undefined,1,Top,0,2,0,Sinker,Sinker,FoulBallNotFieldable,Undefined,Undefined,Undefined,0,0,,88.33122,-1.065488,-3.034092,2297.784656,234.461405,1:45,5.95821,1.31942,5.93247,-23.14887,12.7904,16.23721,3.03911,-0.14506,80.42637,-5.414321,-0.120956,0.431475,75.04067,46.382349,-118.57388,4421.057546,,,,,41.52981,,,-9.22918,7.22213,-1.08627,50,5.85999,6.11906,-128.13586,-3.12023,-15.27568,27.58036,-20.22034,MIN_GOL,THO_M,SiebertField,D1,BIG10,20260325-SiebertField-2,fc77b250-289f-11f1-b64b-5fc02d581842,87.35709,40.24393,,7.90485,,,,1.07751,3.05804,0.28109,34f96caf-3623-479a-a7fb-b2cda99893ab,2026-03-25,23:11:42.10,2026-03-25T18:11:42.1014528-05:00,2026-03-25T23:11:42.1014528Z,,v3,471360,stthomas,193273f8758c40888fe81a81bb299a6a,"Hunt, Sam",1000048505,Right,MIN_GOL,7dbeee40-e095-4a7f-9243-693bd0e78cbc,54.56651,-129.11503,13.79018,5.95802,-2.40236,-10.11017,-1.31314,6.66138,-7.63784,,1.07751,-36.31367,-2.30749,1.71253,-0.62184,0.19158,-0.05527,0.01361,-0.00201,3.05804,79.67859,-32.98447,4.85941,-1.0441,0.22408,-0.05322,0.01325,-0.00256,0.28109,-66.67629,15.05588,-4.4593,1.1386,-0.29169,0.07684,-0.01938,0.00344,,,,,,,,,,,,,,,,,,,,,,,High,High,High,Medium,Undefined,,,,,,,,,,,,,,,,,,,,,,,,,,,,,,,,,,
15,2026-03-25,18:12:02.50,3,4,"Dobis, Jonathan",831056,Right,MIN_GOL,"Maulik, Matthew",1000283220,Right,THO_M,Undefined,1,Top,0,2,1,Sinker,Four-Seam,BallCalled,Undefined,Undefined,Undefined,0,0,,87.64242,-1.31077,-4.469349,2326.661759,229.43759,1:45,5.88405,1.43011,6.01601,-24.50344,12.36335,12.87635,2.624,-1.6453,79.05899,-5.927933,-2.162008,0.437008,,,,,,,,,,,,-8.13367,7.16311,-1.08641,50,5.76774,9.39624,-126.82052,-3.66894,-13.0462,29.59684,-20.68457,MIN_GOL,THO_M,SiebertField,D1,BIG10,20260325-SiebertField-2,08a9cc20-28a0-11f1-b64b-5fc02d581842,86.25123,,,8.58343,,,,,,,34f96caf-3623-479a-a7fb-b2cda99893ab,2026-03-25,23:12:02.50,2026-03-25T18:12:02.5085440-05:00,2026-03-25T23:12:02.5085440Z,,v3,471360,stthomas,193273f8758c40888fe81a81bb299a6a,"Hunt, Sam",1000048505,Right,MIN_GOL,b6bb1867-ad37-450d-ac2f-2e7c0bb91ce3,54.48271,-127.8624,14.79842,5.88408,-2.94079,-10.34228,-1.42527,9.8555,-6.5231,,,,,,,,,,,,,,,,,,,,,,,,,,,,,,,,,,,,,,,,,,,,,,,,,,,High,High,High,,,,,,,,,,,,,,,,,,,,,,,,,,,,,,,,,,,,
16,2026-03-25,18:12:25.33,3,5,"Dobis, Jonathan",831056,Right,MIN_GOL,"Maulik, Matthew",1000283220,Right,THO_M,Undefined,1,Top,0,3,1,Fastball,Four-Seam,InPlay,Undefined,GroundBall,Error,0,0,,87.54584,-2.184383,-1.908226,2337.680789,198.105651,12:30,5.95545,1.26484,5.9178,-22.49982,14.40702,4.27929,2.05119,-0.1501,79.24393,-6.4244,-1.139894,0.437245,78.01596,-1.504744,19.998214,2736.318459,,,,28.19374,28.19374,19.487841,0.238984,-2.81343,8.46697,-1.11446,50,5.76771,4.05292,-126.9006,-5.53572,-4.52572,29.24884,-18.55408,MIN_GOL,THO_M,SiebertField,D1,BIG10,20260325-SiebertField-2,163b27d0-28a0-11f1-b64b-5fc02d581842,86.20441,2.01852,,8.30191,,,,1.69054,2.01852,0.14874,34f96caf-3623-479a-a7fb-b2cda99893ab,2026-03-25,23:12:25.33,2026-03-25T18:12:25.3345280-05:00,2026-03-25T23:12:25.3345280Z,GroundBall,v3,471360,stthomas,193273f8758c40888fe81a81bb299a6a,"Hunt, Sam",1000048505,Right,MIN_GOL,75a3b273-ec9a-42cb-9101-93e110ff7183,54.57975,-127.95182,14.62442,5.95468,-4.86887,-9.27704,-1.26304,4.21557,-2.26286,334.701643,1.69127,107.44668,-13.85783,,,,,,,2.02026,-3.10113,-22.42608,,,,,,,0.14852,39.13041,-1.65012,,,,,,,,,,,,,,,,,,,,,,,,,,,,,High,High,High,High,High,,,,,,,,,,,,,,,,,,,,,,,,,,,,,,,,,,
17,2026-03-25,18:13:10.96,4,1,"Dobis, Jonathan",831056,Right,MIN_GOL,"Bond, Owen",10054698,Left,THO_M,Undefined,1,Top,0,0,0,Cutter,Cutter,BallinDirt,Undefined,Undefined,Undefined,0,0,,85.74627,-3.184125,-1.53329,2644.900092,160.851831,11:15,5.85282,1.56826,5.5105,-27.58533,11.21615,-3.44886,0.57231,-0.15332,78.53339,-8.257596,-2.148396,0.448328,,,,,,,,,,,,1.3061,6.97178,-1.43212,50,5.55642,3.4699,-124.23789,-7.85333,2.03271,25.87637,-21.32369,MIN_GOL,THO_M,SiebertField,D1,BIG10,20260325-SiebertField-2,317278a0-28a0-11f1-b64b-5fc02d581842,84.07342,,,7.21287,,,,,,,34f96caf-3623-479a-a7fb-b2cda99893ab,2026-03-25,23:13:10.96,2026-03-25T18:13:10.9671936-05:00,2026-03-25T23:13:10.9671936Z,,v3,471360,stthomas,193273f8758c40888fe81a81bb299a6a,"Hunt, Sam",1000048505,Right,MIN_GOL,6b193f15-6694-42b9-b4d9-b9e520a03984,54.98771,-125.27243,12.93819,5.85336,-7.00081,-10.66185,-1.56922,3.38863,1.01636,,,,,,,,,,,,,,,,,,,,,,,,,,,,,,,,,,,,,,,,,,,,,,,,,,,High,High,High,,,,,,,,,,,,,,,,,,,,,,,,,,,,,,,,,,,,
18,2026-03-25,18:16:34.41,4,2,"Sperry, Joe",831058,Right,MIN_GOL,"Bond, Owen",10054698,Left,THO_M,Undefined,1,Top,0,1,0,Slider,Slider,BallCalled,Undefined,Undefined,Undefined,0,0,,79.68587,0.330417,-1.698866,2552.802022,87.001337,9:00,5.20414,1.47694,4.84664,-45.42483,0.86843,-13.75284,1.73169,-1.27796,72.51119,-7.888233,-4.119614,0.4897,,,,,,,,,,,,6.24374,0.7878,-1.29666,50,5.1982,4.01154,-115.42718,-1.00799,8.32208,23.90308,-31.12402,MIN_GOL,THO_M,SiebertField,D1,BIG10,20260325-SiebertField-2,aabce2e0-28a0-11f1-b64b-5fc02d581842,76.97044,,,7.17468,,,,,,,34f96caf-3623-479a-a7fb-b2cda99893ab,2026-03-25,23:16:34.41,2026-03-25T18:16:34.4190976-05:00,2026-03-25T23:16:34.4190976Z,,v3,471360,stthomas,193273f8758c40888fe81a81bb299a6a,"Hunt, Sam",1000048505,Right,MIN_GOL,f5d47001-9d43-4743-a617-d0836a009c97,55.65139,-116.59162,11.95154,5.21037,0.50821,-15.56201,-1.48221,3.60613,4.16104,,,,,,,,,,,,,,,,,,,,,,,,,,,,,,,,,,,,,,,,,,,,,,,,,,,High,High,High,,,,,,,,,,,,,,,,,,,,,,,,,,,,,,,,,,,,
19,2026-03-25,18:16:54.83,4,3,"Sperry, Joe",831058,Right,MIN_GOL,"Bond, Owen",10054698,Left,THO_M,Undefined,1,Top,0,2,0,Fastball,Sinker,StrikeCalled,Undefined,Undefined,Undefined,0,0,,91.43535,-1.527697,-2.709994,2421.052917,236.374231,2:00,5.36353,1.29394,5.5496,-22.84119,11.27394,15.21024,2.0306,0.0272,83.07914,-5.782387,0.001023,0.420383,,,,,,,,,,,,-8.46437,6.49244,-1.06954,50,5.2163,5.57671,-132.51857,-4.34701,-14.95614,29.99924,-20.7022,MIN_GOL,THO_M,SiebertField,D1,BIG10,20260325-SiebertField-2,b6e0cbe0-28a0-11f1-b64b-5fc02d581842,89.66218,,,8.35622,,,,,,,34f96caf-3623-479a-a7fb-b2cda99893ab,2026-03-25,23:16:54.83,2026-03-25T18:16:54.8343808-05:00,2026-03-25T23:16:54.8343808Z,,v3,471360,stthomas,193273f8758c40888fe81a81bb299a6a,"Hunt, Sam",1000048505,Right,MIN_GOL,48938b0d-1dd4-4a74-a2a7-fcfb87377ef3,54.94797,-133.63398,14.99962,5.36362,-3.57727,-10.3511,-1.28723,6.1328,-7.47807,,,,,,,,,,,,,,,,,,,,,,,,,,,,,,,,,,,,,,,,,,,,,,,,,,,High,High,High,,,,,,,,,,,,,,,,,,,,,,,,,,,,,,,,,,,,
20,2026-03-25,18:17:14.42,4,4,"Sperry, Joe",831058,Right,MIN_GOL,"Bond, Owen",10054698,Left,THO_M,Undefined,1,Top,0,2,1,Fastball,Four-Seam,StrikeSwinging,Undefined,Undefined,Undefined,0,0,,91.84476,-1.009318,-2.919403,2430.73723,227.168063,1:30,5.3303,1.36898,5.38678,-20.69556,13.24272,13.0695,2.65832,-0.28061,83.53477,-4.871148,-0.598746,0.419292,,,,,,,,,,,,-7.37851,7.27158,-1.11732,50,5.22571,6.17523,-133.10303,-3.08361,-13.19137,29.48484,-19.17385,MIN_GOL,THO_M,SiebertField,D1,BIG10,20260325-SiebertField-2,c296b0d0-28a0-11f1-b64b-5fc02d581842,89.89546,,,8.30999,,,,,,,34f96caf-3623-479a-a7fb-b2cda99893ab,2026-03-25,23:17:14.42,2026-03-25T18:17:14.4275456-05:00,2026-03-25T23:17:14.4275456Z,,v3,471360,stthomas,193273f8758c40888fe81a81bb299a6a,"Hunt, Sam",1000048505,Right,MIN_GOL,5da93146-f2c9-42cf-9586-1c0452a56c41,55.11054,-134.23034,14.74242,5.32959,-2.35052,-9.58693,-1.36306,6.67958,-6.59569,,,,,,,,,,,,,,,,,,,,,,,,,,,,,,,,,,,,,,,,,,,,,,,,,,,High,High,High,,,,,,,,,,,,,,,,,,,,,,,,,,,,,,,,,,,,
21,2026-03-25,18:17:35.39,4,5,"Sperry, Joe",831058,Right,MIN_GOL,"Bond, Owen",10054698,Left,THO_M,Undefined,1,Top,0,2,2,Fastball,Sinker,FoulBallNotFieldable,Undefined,Undefined,Undefined,0,0,,90.76579,-0.982882,-3.167533,2453.925978,236.01505,1:45,5.32214,1.27324,5.69821,-25.80305,8.56016,11.01268,2.25448,-0.76375,82.66679,-5.774339,-1.200876,0.421909,,,,,,,,,,,,-6.55634,4.96485,-1.01429,50,5.22348,6.80446,-131.60096,-3.17165,-11.44354,29.16166,-23.50833,MIN_GOL,THO_M,SiebertField,D1,BIG10,20260325-SiebertField-2,cf182320-28a0-11f1-b64b-5fc02d581842,89.33793,,,8.099,,,,,,,34f96caf-3623-479a-a7fb-b2cda99893ab,2026-03-25,23:17:35.39,2026-03-25T18:17:35.3942016-05:00,2026-03-25T23:17:35.3942016Z,,v3,471360,stthomas,193273f8758c40888fe81a81bb299a6a,"Hunt, Sam",1000048505,Right,MIN_GOL,218fb532-adc1-4beb-88b7-6bb75f384a04,54.80091,-132.66054,14.58083,5.32321,-2.31749,-11.75416,-1.26908,7.22025,-5.72177,,,,,,,,,,,,,,,,,,,,,,,,,,,,,,,,,,,,,,,,,,,,,,,,,,,High,High,High,,,,,,,,,,,,,,,,,,,,,,,,,,,,,,,,,,,,
22,2026-03-25,18:17:59.89,4,6,"Sperry, Joe",831058,Right,MIN_GOL,"Bond, Owen",10054698,Left,THO_M,Undefined,1,Top,0,2,2,Slider,Slider,BallCalled,Undefined,Undefined,Undefined,0,0,,78.35165,0.593491,2.156317,2611.860504,85.429125,8:45,5.24136,1.32116,4.56574,-48.39125,0.23996,-19.27725,1.77396,1.7677,70.81165,-8.141554,-1.22312,0.501914,,,,,,,,,,,,10.04036,0.47236,-1.52571,50,5.25803,-3.41907,-113.35175,-0.65166,12.85084,23.85988,-31.56945,MIN_GOL,THO_M,SiebertField,D1,BIG10,20260325-SiebertField-2,ddbdfc10-28a0-11f1-b64b-5fc02d581842,75.09747,,,7.54,,,,,,,34f96caf-3623-479a-a7fb-b2cda99893ab,2026-03-25,23:17:59.89,2026-03-25T18:17:59.8973952-05:00,2026-03-25T23:17:59.8973952Z,,v3,471360,stthomas,193273f8758c40888fe81a81bb299a6a,"Hunt, Sam",1000048505,Right,MIN_GOL,d8cd8c57-d8e6-48fd-a228-8377e22848cf,55.93161,-114.59352,11.92994,5.24919,0.99134,-15.78472,-1.33036,-4.08788,6.42542,,,,,,,,,,,,,,,,,,,,,,,,,,,,,,,,,,,,,,,,,,,,,,,,,,,High,High,High,,,,,,,,,,,,,,,,,,,,,,,,,,,,,,,,,,,,
23,2026-03-25,18:18:19.80,4,7,"Sperry, Joe",831058,Right,MIN_GOL,"Bond, Owen",10054698,Left,THO_M,Undefined,1,Top,0,3,2,Fastball,Four-Seam,InPlay,Undefined,FlyBall,Sacrifice,1,1,,90.87226,-0.752491,-2.370016,2397.720331,219.990813,1:15,5.34134,1.20618,5.65166,-24.42234,9.85804,7.32815,2.60367,-0.39485,82.79368,-5.295493,-1.061549,0.4214,71.23037,32.469982,20.504789,2586.719597,103.06697,51.64666,38.43391,255.50249,248.74513,20.107559,4.080713,-4.43252,5.54792,-1.01012,50,5.26209,5.13686,-131.84022,-2.59196,-7.76896,29.12591,-22.45012,MIN_GOL,THO_M,SiebertField,D1,BIG10,20260325-SiebertField-2,e985bb50-28a0-11f1-b64b-5fc02d581842,89.44583,54.97992,,8.07858,,,,2.37476,2.7261,0.38507,34f96caf-3623-479a-a7fb-b2cda99893ab,2026-03-25,23:18:19.80,2026-03-25T18:18:19.8053376-05:00,2026-03-25T23:18:19.8053376Z,FlyBall,v3,471360,stthomas,193273f8758c40888fe81a81bb299a6a,"Hunt, Sam",1000048505,Right,MIN_GOL,7634bd3e-0769-450f-8bd2-8237a8d2e77d,54.84728,-132.90675,14.56295,5.34195,-1.76987,-11.22506,-1.20343,5.42135,-3.88448,183.109665,2.37553,82.53575,-11.25169,2.16579,-0.28603,0.00624,0.00465,-0.00035,-2E-05,2.72575,56.09125,-16.51486,0.95466,-0.0654,-0.0563,0.031,-0.00618,0.00044,0.38538,30.86567,-3.77068,0.56391,-0.02891,-0.02078,0.00541,-0.00038,-0,,,,,,,,,,,,,,,,,,,,,,,High,High,High,High,High,,,,,,,,,,,,,,,,,,,,,,,,,,,,,,,,,,
24,2026-03-25,18:19:09.61,5,1,"Sperry, Joe",831058,Right,MIN_GOL,"Roder, Joe",1000227314,Left,THO_M,Undefined,1,Top,1,0,0,Cutter,Cutter,BallCalled,Undefined,Undefined,Undefined,0,0,,88.51694,-0.243532,-0.884693,2348.734976,211.95433,1:00,5.30133,1.35391,5.45254,-26.98135,8.58288,4.78422,2.82488,0.92433,82.4229,-5.18916,-0.032698,0.429218,,,,,,,,,,,,-2.61886,4.67335,-1.27928,50,5.26115,1.78231,-128.77858,-1.53066,-4.48375,21.84369,-24.17278,MIN_GOL,THO_M,SiebertField,D1,BIG10,20260325-SiebertField-2,073e11b0-28a1-11f1-b64b-5fc02d581842,87.81654,,,6.09404,,,,,,,34f96caf-3623-479a-a7fb-b2cda99893ab,2026-03-25,23:19:09.61,2026-03-25T18:19:09.6161792-05:00,2026-03-25T23:19:09.6161792Z,,v3,471360,stthomas,193273f8758c40888fe81a81bb299a6a,"Hunt, Sam",1000048505,Right,MIN_GOL,e030a5e4-a4b0-4f82-aa17-a13171a6355c,55.04811,-129.63203,10.92185,5.3025,-0.58622,-12.08639,-1.35234,1.95749,-2.24187,,,,,,,,,,,,,,,,,,,,,,,,,,,,,,,,,,,,,,,,,,,,,,,,,,,High,High,High,,,,,,,,,,,,,,,,,,,,,,,,,,,,,,,,,,,,
25,2026-03-25,18:19:29.54,5,2,"Sperry, Joe",831058,Right,MIN_GOL,"Roder, Joe",1000227314,Left,THO_M,Undefined,1,Top,1,1,0,Fastball,Four-Seam,StrikeSwinging,Undefined,Undefined,Undefined,0,0,,90.87053,-1.087419,-2.391491,2365.990545,210.114984,1:00,5.33603,1.19642,5.702,-20.77722,13.05182,6.99678,2.59034,-0.45019,83.70178,-4.9595,-1.14132,0.418617,,,,,,,,,,,,-4.16815,7.22288,-1.0002,50,5.23182,5.20666,-131.9749,-3.2121,-7.41485,25.81458,-19.32506,MIN_GOL,THO_M,SiebertField,D1,BIG10,20260325-SiebertField-2,132518c0-28a1-11f1-b64b-5fc02d581842,90.04049,,,7.16874,,,,,,,34f96caf-3623-479a-a7fb-b2cda99893ab,2026-03-25,23:19:29.54,2026-03-25T18:19:29.5486976-05:00,2026-03-25T23:19:29.5486976Z,,v3,471360,stthomas,193273f8758c40888fe81a81bb299a6a,"Hunt, Sam",1000048505,Right,MIN_GOL,19b47252-ef7d-4c85-b2ea-91c2f3f08d3a,54.79715,-132.90993,12.90729,5.33549,-2.51213,-9.66253,-1.19365,5.47523,-3.70742,,,,,,,,,,,,,,,,,,,,,,,,,,,,,,,,,,,,,,,,,,,,,,,,,,,High,High,High,,,,,,,,,,,,,,,,,,,,,,,,,,,,,,,,,,,,
26,2026-03-25,18:19:51.29,5,3,"Sperry, Joe",831058,Right,MIN_GOL,"Roder, Joe",1000227314,Left,THO_M,Undefined,1,Top,1,1,1,Fastball,Sinker,BallCalled,Undefined,Undefined,Undefined,0,0,,90.56591,-1.443799,-1.087539,2412.474543,229.996977,1:45,5.32983,1.24715,5.53346,-24.87572,9.12567,9.78567,1.90675,1.04594,84.15379,-6.012504,0.658397,0.419681,,,,,,,,,,,,-5.20386,5.24595,-1.15941,50,5.18782,2.06773,-131.68147,-4.22925,-9.28437,23.74177,-22.81457,MIN_GOL,THO_M,SiebertField,D1,BIG10,20260325-SiebertField-2,20218770-28a1-11f1-b64b-5fc02d581842,89.81202,,,6.41211,,,,,,,34f96caf-3623-479a-a7fb-b2cda99893ab,2026-03-25,23:19:51.29,2026-03-25T18:19:51.2993280-05:00,2026-03-25T23:19:51.2993280Z,,v3,471360,stthomas,193273f8758c40888fe81a81bb299a6a,"Hunt, Sam",1000048505,Right,MIN_GOL,5811f3ce-e8bd-4275-932c-9c60facdf92a,54.96673,-132.57394,11.87089,5.33068,-3.37164,-11.40729,-1.24369,2.41674,-4.64218,,,,,,,,,,,,,,,,,,,,,,,,,,,,,,,,,,,,,,,,,,,,,,,,,,,High,High,High,,,,,,,,,,,,,,,,,,,,,,,,,,,,,,,,,,,,
27,2026-03-25,18:20:14.74,5,4,"Sperry, Joe",831058,Right,MIN_GOL,"Roder, Joe",1000227314,Left,THO_M,Undefined,1,Top,1,2,1,Fastball,Four-Seam,InPlay,Undefined,FlyBall,Double,0,1,,90.02412,-2.007749,-2.281439,2374.739934,216.072137,1:15,5.37285,1.12447,5.62465,-20.93218,13.32174,9.04599,1.75274,-0.25173,83.81376,-5.876821,-0.666673,0.421237,96.17097,49.304948,-19.11934,4968.296473,97.91397,111.3276,-50.12835,308.43753,265.73259,-37.134318,5.961738,-5.13756,7.51158,-0.93606,50,5.18805,4.82862,-130.83883,-5.31221,-9.07434,22.70636,-18.90656,MIN_GOL,THO_M,SiebertField,D1,BIG10,20260325-SiebertField-2,2e18d0e0-28a1-11f1-b64b-5fc02d581842,89.48036,136.12842,,6.21036,,,,1.09411,1.77405,0.26135,34f96caf-3623-479a-a7fb-b2cda99893ab,2026-03-25,23:20:14.74,2026-03-25T18:20:14.7454976-05:00,2026-03-25T23:20:14.7454976Z,FlyBall,v3,471360,stthomas,193273f8758c40888fe81a81bb299a6a,"Hunt, Sam",1000048505,Right,MIN_GOL,11ea43d8-bd3e-43e9-9c26-28ed9d17c1ce,54.87657,-131.68242,11.35318,5.37236,-4.6098,-9.45328,-1.12171,5.16574,-4.53717,144.882473,1.1389,86.08968,-18.69306,1.25034,1.87392,-0.95026,0.20926,-0.02224,0.00093,1.75996,107.13008,-27.1097,3.43021,-0.57885,-0.00448,0.02902,-0.0053,0.0003,0.2882,-30.57775,-2.24084,-0.33946,0.93606,-0.40653,0.08219,-0.00804,0.00031,,,,,,,,,,,,,,,,,,,,,,,High,High,High,High,Low,,,,,,,,,,,,,,,,,,,,,,,,,,,,,,,,,,
28,2026-03-25,18:21:16.21,6,1,"Sperry, Joe",831058,Right,MIN_GOL,"McNellis, Lucas",1000133897,Right,THO_M,Undefined,1,Top,1,0,0,Slider,Slider,StrikeCalled,Undefined,Undefined,Undefined,0,0,,79.50746,0.958693,0.602638,2575.556993,98.559764,9:15,5.20379,1.42227,4.80285,-42.84774,3.61335,-13.41497,2.54163,0.87536,72.20104,-6.825607,-1.758667,0.490587,,,,,,,,,,,,6.75796,1.96307,-1.47,50,5.26244,-0.63128,-115.19777,0.35364,8.99485,23.29985,-29.56122,MIN_GOL,THO_M,SiebertField,D1,BIG10,20260325-SiebertField-2,52c78850-28a1-11f1-b64b-5fc02d581842,76.83128,,,7.30642,,,,,,,34f96caf-3623-479a-a7fb-b2cda99893ab,2026-03-25,23:21:16.21,2026-03-25T18:21:16.2178560-05:00,2026-03-25T23:21:16.2178560Z,,v3,471360,stthomas,193273f8758c40888fe81a81bb299a6a,"Hunt, Sam",1000048505,Right,MIN_GOL,20757589-a9f1-4783-b189-cbcf241206fb,55.69438,-116.34381,11.64992,5.20929,1.80766,-14.78061,-1.42807,-1.07371,4.49743,,,,,,,,,,,,,,,,,,,,,,,,,,,,,,,,,,,,,,,,,,,,,,,,,,,High,High,High,,,,,,,,,,,,,,,,,,,,,,,,,,,,,,,,,,,,
29,2026-03-25,18:21:35.93,6,2,"Sperry, Joe",831058,Right,MIN_GOL,"McNellis, Lucas",1000133897,Right,THO_M,Undefined,1,Top,1,0,1,Fastball,Four-Seam,FoulBallNotFieldable,Undefined,Undefined,Undefined,0,0,,89.8256,-0.5123,-1.544735,2309.853322,214.312832,1:15,5.38043,1.17637,5.64287,-20.24895,14.7028,9.27674,3.21495,0.50811,82.0023,-4.314085,0.11212,0.425506,77.7163,75.878971,160.239856,4355.132652,,,,,18.44977,,,-5.1613,7.94217,-1.05136,50,5.3242,3.11496,-130.42286,-1.83436,-8.88352,27.61938,-18.50419,MIN_GOL,THO_M,SiebertField,D1,BIG10,20260325-SiebertField-2,5e7f1af0-28a1-11f1-b64b-5fc02d581842,88.58257,64.83854,,7.8233,,,,1.99657,3.28708,-0.4871,34f96caf-3623-479a-a7fb-b2cda99893ab,2026-03-25,23:21:35.93,2026-03-25T18:21:35.9318016-05:00,2026-03-25T23:21:35.9318016Z,,v3,471360,stthomas,193273f8758c40888fe81a81bb299a6a,"Hunt, Sam",1000048505,Right,MIN_GOL,55c95e76-9ccd-4de1-bd02-0487d3128fc3,54.85594,-131.44717,13.80969,5.37951,-1.14811,-9.25209,-1.17299,3.44442,-4.44176,350.57099,1.99657,-26.17078,-6.05582,2.94272,-0.054,-2.18219,3.63819,-2.98843,1.0072,3.28708,110.53954,-33.03924,4.63859,-0.60278,-0.56922,1.049,-0.86422,0.29101,-0.4871,9.40207,-5.01543,2.27321,0.12721,-2.04295,3.32218,-2.7182,0.91525,,,,,,,,,,,,,,,,,,,,,,,High,High,High,High,Undefined,,,,,,,,,,,,,,,,,,,,,,,,,,,,,,,,,,
30,2026-03-25,18:22:01.51,6,3,"Sperry, Joe",831058,Right,MIN_GOL,"McNellis, Lucas",1000133897,Right,THO_M,Undefined,1,Top,1,0,2,Slider,Slider,BallCalled,Undefined,Undefined,Undefined,0,0,,79.99467,-0.027892,-1.697412,2644.2127,74.270537,8:30,5.26647,1.32253,4.96154,-50.53117,-4.34429,-21.43151,1.02918,-2.06747,72.41541,-9.155434,-5.480088,0.489137,,,,,,,,,,,,10.0065,-1.64173,-1.13976,50,5.22252,4.34606,-115.81325,-1.92575,13.27627,26.29218,-34.35223,MIN_GOL,THO_M,SiebertField,D1,BIG10,20260325-SiebertField-2,6dc21e40-28a1-11f1-b64b-5fc02d581842,77.05902,,,7.57927,,,,,,,34f96caf-3623-479a-a7fb-b2cda99893ab,2026-03-25,23:22:01.51,2026-03-25T18:22:01.5183872-05:00,2026-03-25T23:22:01.5183872Z,,v3,471360,stthomas,193273f8758c40888fe81a81bb299a6a,"Hunt, Sam",1000048505,Right,MIN_GOL,f06ac91e-9ca2-49e2-a04c-7012dca7cb7d,55.53716,-117.06356,13.14609,5.27525,-0.29215,-17.17612,-1.33142,3.71472,6.63813,,,,,,,,,,,,,,,,,,,,,,,,,,,,,,,,,,,,,,,,,,,,,,,,,,,High,High,High,,,,,,,,,,,,,,,,,,,,,,,,,,,,,,,,,,,,
31,2026-03-25,18:22:21.52,6,4,"Sperry, Joe",831058,Right,MIN_GOL,"McNellis, Lucas",1000133897,Right,THO_M,Undefined,1,Top,1,1,2,Slider,Slider,StrikeSwinging,Strikeout,Undefined,Undefined,0,0,,79.01387,-0.158984,-0.184534,2722.581744,88.16731,9:00,5.17949,1.24877,5.15719,-46.17542,1.14213,-22.97249,1.18189,-0.83931,70.81529,-8.599053,-4.258015,0.495088,,,,,,,,,,,,11.31839,1.19,-1.21329,50,5.1299,1.332,-114.35229,-1.93571,14.52737,27.10888,-30.64668,MIN_GOL,THO_M,SiebertField,D1,BIG10,20260325-SiebertField-2,79b86790-28a1-11f1-b64b-5fc02d581842,76.13279,,,8.19858,,,,,,,34f96caf-3623-479a-a7fb-b2cda99893ab,2026-03-25,23:22:21.52,2026-03-25T18:22:21.5299072-05:00,2026-03-25T23:22:21.5299072Z,,v3,471360,stthomas,193273f8758c40888fe81a81bb299a6a,"Hunt, Sam",1000048505,Right,MIN_GOL,9df8c308-591c-4ce9-a13e-a5a303ee8801,55.33895,-115.61103,13.55444,5.18675,-0.51269,-15.32334,-1.25948,0.65745,7.26369,,,,,,,,,,,,,,,,,,,,,,,,,,,,,,,,,,,,,,,,,,,,,,,,,,,High,High,High,,,,,,,,,,,,,,,,,,,,,,,,,,,,,,,,,,,,
32,2026-03-25,18:22:52.52,7,1,"Sperry, Joe",831058,Right,MIN_GOL,"Von Schlegell, Zan",807371,Right,THO_M,Undefined,1,Top,2,0,0,Slider,Slider,StrikeCalled,Undefined,Undefined,Undefined,0,0,,79.25112,0.926341,0.485426,2586.311138,77.337516,8:30,5.21143,1.30557,4.94228,-49.75117,-2.76181,-20.0419,1.94105,0.09418,71.47406,-8.106794,-3.054079,0.493368,,,,,,,,,,,,9.99434,-1.11823,-1.33546,50,5.26069,-0.10791,-114.76,0.02208,13.05062,25.363,-33.63424,MIN_GOL,THO_M,SiebertField,D1,BIG10,20260325-SiebertField-2,8c3698b0-28a1-11f1-b64b-5fc02d581842,76.3982,,,7.77706,,,,,,,34f96caf-3623-479a-a7fb-b2cda99893ab,2026-03-25,23:22:52.52,2026-03-25T18:22:52.5206016-05:00,2026-03-25T23:22:52.5206016Z,,v3,471360,stthomas,193273f8758c40888fe81a81bb299a6a,"Hunt, Sam",1000048505,Right,MIN_GOL,a6eb9b21-519b-43e5-bac6-b10c49d77ae4,55.55521,-115.98125,12.6815,5.22063,1.6416,-16.81712,-1.31513,-0.73631,6.52531,,,,,,,,,,,,,,,,,,,,,,,,,,,,,,,,,,,,,,,,,,,,,,,,,,,High,High,High,,,,,,,,,,,,,,,,,,,,,,,,,,,,,,,,,,,,
33,2026-03-25,18:23:10.90,7,2,"Sperry, Joe",831058,Right,MIN_GOL,"Von Schlegell, Zan",807371,Right,THO_M,Undefined,1,Top,2,0,1,Cutter,Slider,InPlay,Undefined,FlyBall,Out,1,0,,84.48647,0.227822,-1.349452,2563.924856,166.13129,11:30,5.35581,1.20807,5.18186,-37.12911,3.30252,-0.48402,2.47614,-0.10216,76.96088,-6.555699,-1.435219,0.457649,97.75173,27.237664,-1.450189,3144.83728,109.97465,51.79682,2.34474,381.40599,373.68898,7.056395,4.77274,-0.1585,1.93524,-1.08225,50,5.34874,2.90731,-122.53481,-0.88104,-0.23938,25.74962,-29.25172,MIN_GOL,THO_M,SiebertField,D1,BIG10,20260325-SiebertField-2,97149430-28a1-11f1-b64b-5fc02d581842,82.3611,73.59694,,7.52558,,,,1.70443,2.51989,0.09477,34f96caf-3623-479a-a7fb-b2cda99893ab,2026-03-25,23:23:10.90,2026-03-25T18:23:10.9040640-05:00,2026-03-25T23:23:10.9040640Z,FlyBall,v3,471360,stthomas,193273f8758c40888fe81a81bb299a6a,"Hunt, Sam",1000048505,Right,MIN_GOL,2e8caf57-c12d-434a-8769-65591fa17cc8,55.31698,-123.64707,12.87481,5.35951,0.3825,-14.62586,-1.20806,2.91765,-0.11969,211.872165,1.705,127.42014,-21.88974,4.92698,-1.02936,0.21294,-0.03961,0.00497,-0.00027,2.52104,65.58848,-16.37659,0.3875,0.30737,-0.19102,0.05427,-0.00739,0.00039,0.09417,-3.21322,7.25169,-2.11726,0.51361,-0.10988,0.01905,-0.00217,0.00011,,,,,,,,,,,,,,,,,,,,,,,High,High,High,High,High,,,,,,,,,,,,,,,,,,,,,,,,,,,,,,,,,,
34,2026-03-25,18:25:41.84,1,1,"Scanlon, Jack",1000465398,Right,THO_M,"Spanier, Jack",822384,Right,MIN_GOL,Undefined,1,Bottom,0,0,0,Fastball,Four-Seam,BallCalled,Undefined,Undefined,Undefined,0,0,,88.24563,-2.12517,-3.599737,2355.033982,196.629435,12:30,5.13192,1.33574,6.76874,-17.70336,17.89603,4.93166,1.71125,-1.54481,78.99014,-5.578908,-2.702559,0.42943,,,,,,,,,,,,-3.82402,10.5602,-1.102,50,4.98571,7.84339,-127.75159,-5.14654,-6.17133,32.07464,-15.13163,MIN_GOL,THO_M,SiebertField,D1,BIG10,20260325-SiebertField-2,f11b4d20-28a1-11f1-b64b-5fc02d581842,87.77313,,,9.25548,,,,,,,34f96caf-3623-479a-a7fb-b2cda99893ab,2026-03-25,23:25:41.84,2026-03-25T18:25:41.8408448-05:00,2026-03-25T23:25:41.8408448Z,,v3,471360,stthomas,193273f8758c40888fe81a81bb299a6a,"Verhage, Terek",10120179,Right,THO_M,2b2eaf12-bea8-446e-a059-ddffae938b82,53.72418,-128.68323,16.03732,5.12881,-4.70703,-7.56582,-1.33242,8.02264,-3.08566,,,,,,,,,,,,,,,,,,,,,,,,,,,,,,,,,,,,,,,,,,,,,,,,,,,High,High,High,,,,,,,,,,,,,,,,,,,,,,,,,,,,,,,,,,,,
35,2026-03-25,18:25:58.78,1,2,"Scanlon, Jack",1000465398,Right,THO_M,"Spanier, Jack",822384,Right,MIN_GOL,Undefined,1,Bottom,0,1,0,Fastball,Four-Seam,FoulBallNotFieldable,Undefined,Undefined,Undefined,0,0,,89.50334,-1.466495,-3.903956,2485.895885,221.17494,1:15,5.16565,1.36396,6.86521,-17.2082,17.20469,13.88808,2.39154,-1.04264,80.08186,-4.836874,-1.372621,0.422213,,,,,,,,,,,,-8.60355,9.97075,-1.119,50,5.06543,8.29921,-129.63897,-3.70725,-14.31908,32.66682,-15.57948,MIN_GOL,THO_M,SiebertField,D1,BIG10,20260325-SiebertField-2,fb2d4610-28a1-11f1-b64b-5fc02d581842,89.27343,,,9.42148,,,,,,,34f96caf-3623-479a-a7fb-b2cda99893ab,2026-03-25,23:25:58.78,2026-03-25T18:25:58.7870720-05:00,2026-03-25T23:25:58.7870720Z,,v3,471360,stthomas,193273f8758c40888fe81a81bb299a6a,"Verhage, Terek",10120179,Right,THO_M,dbab1eef-6b6a-4396-b55c-81588184c44d,53.62874,-130.55015,16.33341,5.16277,-3.27269,-7.78974,-1.35606,8.69861,-7.15954,,,,,,,,,,,,,,,,,,,,,,,,,,,,,,,,,,,,,,,,,,,,,,,,,,,High,High,High,,,,,,,,,,,,,,,,,,,,,,,,,,,,,,,,,,,,
36,2026-03-25,18:26:18.56,1,3,"Scanlon, Jack",1000465398,Right,THO_M,"Spanier, Jack",822384,Right,MIN_GOL,Undefined,1,Bottom,0,1,1,Fastball,Four-Seam,InPlay,Undefined,Popup,Out,1,0,,88.74285,-0.608315,-2.577701,2373.866849,219.37974,1:15,5.22386,1.35921,6.74703,-20.15855,14.7854,11.07638,2.98767,-0.07422,79.72105,-4.506484,-0.559462,0.425459,79.32363,67.593405,34.099437,,,,,107.43373,103.28345,56.500037,5.613104,-6.72571,8.39201,-1.19371,50,5.17599,5.37983,-128.78939,-1.87843,-11.07498,31.63494,-18.35519,MIN_GOL,THO_M,SiebertField,D1,BIG10,20260325-SiebertField-2,06f55370-28a2-11f1-b64b-5fc02d581842,88.59246,132.20031,,9.02179,,,,2.18559,3.04782,0.06652,34f96caf-3623-479a-a7fb-b2cda99893ab,2026-03-25,23:26:18.56,2026-03-25T18:26:18.5618432-05:00,2026-03-25T23:26:18.5618432Z,Popup,v3,471360,stthomas,193273f8758c40888fe81a81bb299a6a,"Verhage, Terek",10120179,Right,THO_M,ed3b6fee-45f9-428c-81d7-46902adc571b,53.74979,-129.70719,15.81747,5.22276,-1.3459,-9.1776,-1.35446,5.70114,-5.53749,,2.16658,37.02659,-18.60349,7.29314,-2.257,0.51791,-0.07367,0.00539,-0.00014,3.01967,108.08416,-29.92729,6.03096,-2.63315,0.91844,-0.19132,0.02063,-0.00089,0.07127,24.76949,-3.44623,0.18613,0.33661,-0.17417,0.04113,-0.00479,0.00022,,,,,,,,,,,,,,,,,,,,,,,High,High,High,Medium,Low,,,,,,,,,,,,,,,,,,,,,,,,,,,,,,,,,,
37,2026-03-25,18:27:00.87,2,1,"Scanlon, Jack",1000465398,Right,THO_M,"Lippe, Michael",702588,Right,MIN_GOL,Undefined,1,Bottom,1,0,0,Fastball,Sinker,BallCalled,Undefined,Undefined,Undefined,0,0,,87.7524,2.254363,-3.350681,2377.468427,235.105867,1:45,5.6394,1.64084,5.81755,-26.51761,10.62713,13.27745,5.53033,-0.37164,78.5212,-2.735847,-0.977985,0.438652,,,,,,,,,,,,-7.74622,5.0802,-1.37365,50,5.80895,6.83642,-126.90675,4.13619,-12.41852,30.08041,-24.02962,MIN_GOL,THO_M,SiebertField,D1,BIG10,20260325-SiebertField-2,2022ca80-28a2-11f1-b64b-5fc02d581842,85.9279,,,9.2312,,,,,,,34f96caf-3623-479a-a7fb-b2cda99893ab,2026-03-25,23:27:00.87,2026-03-25T18:27:00.8701952-05:00,2026-03-25T23:27:00.8701952Z,,v3,471360,stthomas,193273f8758c40888fe81a81bb299a6a,"Verhage, Terek",10120179,Right,THO_M,bd1a44ce-0ebf-4784-81dc-bc46cbc6148b,54.67553,-128.01018,15.04021,5.64105,5.01767,-12.01481,-1.63279,7.29196,-6.20926,,,,,,,,,,,,,,,,,,,,,,,,,,,,,,,,,,,,,,,,,,,,,,,,,,,High,High,High,,,,,,,,,,,,,,,,,,,,,,,,,,,,,,,,,,,,
38,2026-03-25,18:27:18.47,2,2,"Scanlon, Jack",1000465398,Right,THO_M,"Lippe, Michael",702588,Right,MIN_GOL,Undefined,1,Bottom,1,1,0,Fastball,Four-Seam,InPlay,Undefined,LineDrive,Out,1,0,,88.45834,-1.708939,-2.601273,2395.068619,202.297357,12:45,5.23386,1.14068,6.87567,-15.37922,19.49989,7.48182,2.39282,-0.60804,79.81017,-4.731294,-1.235123,0.425064,108.16675,17.653527,-3.84532,1536.545289,109.95784,31.82503,-3.04434,347.89872,337.9261,0.548123,3.572877,-4.83512,11.29788,-0.97809,50,5.11949,5.56221,-128.40441,-4.15901,-7.9467,30.45307,-13.60555,MIN_GOL,THO_M,SiebertField,D1,BIG10,20260325-SiebertField-2,2aac3d60-28a2-11f1-b64b-5fc02d581842,88.67479,41.6052,,8.64817,,,,2.05357,2.44743,0.6102,34f96caf-3623-479a-a7fb-b2cda99893ab,2026-03-25,23:27:18.47,2026-03-25T18:27:18.4739840-05:00,2026-03-25T23:27:18.4739840Z,LineDrive,v3,471360,stthomas,193273f8758c40888fe81a81bb299a6a,"Verhage, Terek",10120179,Right,THO_M,a8476b31-a54b-4807-9480-53f253804e2c,53.62203,-129.26057,15.22654,5.23104,-3.7765,-6.80278,-1.13761,5.78563,-3.97335,217.324322,2.05344,150.8367,-28.62657,6.84745,-1.50402,0.30801,-0.05683,0.00742,-0.00042,2.44737,48.11342,-15.06993,-0.26885,0.4109,-0.10598,0.01129,0.00121,-0.00028,0.61016,-10.13643,9.6631,-4.21592,1.29568,-0.3125,0.05682,-0.00645,0.00031,,,,,,,,,,,,,,,,,,,,,,,High,High,High,High,High,,,,,,,,,,,,,,,,,,,,,,,,,,,,,,,,,,
39,2026-03-25,18:27:54.93,3,1,"Scanlon, Jack",1000465398,Right,THO_M,"Richter, Easton",809741,Left,MIN_GOL,Undefined,1,Bottom,2,0,0,Fastball,Four-Seam,BallCalled,Undefined,Undefined,Undefined,0,0,,88.65755,-0.332263,0.085145,2285.278226,223.989051,1:30,5.15954,1.56584,6.6002,-23.64989,10.81182,9.42717,2.88432,2.42944,81.32505,-4.807367,1.800431,0.422513,,,,,,,,,,,,-4.90496,6.10725,-1.57499,50,5.12698,-0.55566,-128.98047,-1.42561,-8.27829,26.35404,-21.86666,MIN_GOL,THO_M,SiebertField,D1,BIG10,20260325-SiebertField-2,40659c50-28a2-11f1-b64b-5fc02d581842,89.21015,,,7.3325,,,,,,,34f96caf-3623-479a-a7fb-b2cda99893ab,2026-03-25,23:27:54.93,2026-03-25T18:27:54.9317120-05:00,2026-03-25T23:27:54.9317120Z,,v3,471360,stthomas,193273f8758c40888fe81a81bb299a6a,"Verhage, Terek",10120179,Right,THO_M,796da548-d534-40af-92b0-832bb9757f72,53.89768,-129.77442,13.17702,5.16,-0.76684,-10.93333,-1.562,-0.30627,-4.13914,,,,,,,,,,,,,,,,,,,,,,,,,,,,,,,,,,,,,,,,,,,,,,,,,,,High,High,High,,,,,,,,,,,,,,,,,,,,,,,,,,,,,,,,,,,,
40,2026-03-25,18:28:12.36,3,2,"Scanlon, Jack",1000465398,Right,THO_M,"Richter, Easton",809741,Left,MIN_GOL,Undefined,1,Bottom,2,1,0,ChangeUp,Slider,BallinDirt,Undefined,Undefined,Undefined,0,0,,82.13365,-1.861095,-2.648253,2004.61661,247.204789,2:15,4.87107,1.57291,6.38619,-36.90537,4.08894,6.45386,0.08125,-0.32701,75.10281,-8.723595,-1.478142,0.460822,,,,,,,,,,,,-4.18851,3.09087,-1.38521,50,4.72013,5.2819,-119.19429,-4.96694,-5.97264,24.79481,-27.7666,MIN_GOL,THO_M,SiebertField,D1,BIG10,20260325-SiebertField-2,4ac62a70-28a2-11f1-b64b-5fc02d581842,81.7939,,,7.03085,,,,,,,34f96caf-3623-479a-a7fb-b2cda99893ab,2026-03-25,23:28:12.36,2026-03-25T18:28:12.3655680-05:00,2026-03-25T23:28:12.3655680Z,,v3,471360,stthomas,193273f8758c40888fe81a81bb299a6a,"Verhage, Terek",10120179,Right,THO_M,81765c62-9e54-4b96-a92a-d0138ed68e7a,54.11274,-120.04678,12.39741,4.87449,-4.01228,-13.8833,-1.57034,5.48724,-2.98632,,,,,,,,,,,,,,,,,,,,,,,,,,,,,,,,,,,,,,,,,,,,,,,,,,,High,High,High,,,,,,,,,,,,,,,,,,,,,,,,,,,,,,,,,,,,
41,2026-03-25,18:28:34.25,3,3,"Scanlon, Jack",1000465398,Right,THO_M,"Richter, Easton",809741,Left,MIN_GOL,Undefined,1,Bottom,2,2,0,Fastball,Sinker,BallCalled,Undefined,Undefined,Undefined,0,0,,89.90085,-0.091352,-0.873674,2321.461624,231.316321,1:45,5.11308,1.52217,6.8595,-26.35407,7.00197,7.41473,2.83362,1.34357,82.04781,-5.087874,0.482414,0.415679,,,,,,,,,,,,-4.15902,4.09016,-1.46862,50,5.09794,1.71178,-130.76945,-0.96556,-7.17389,28.57529,-25.11896,MIN_GOL,THO_M,SiebertField,D1,BIG10,20260325-SiebertField-2,57d4c190-28a2-11f1-b64b-5fc02d581842,90.67669,,,7.85304,,,,,,,34f96caf-3623-479a-a7fb-b2cda99893ab,2026-03-25,23:28:34.25,2026-03-25T18:28:34.2580736-05:00,2026-03-25T23:28:34.2580736Z,,v3,471360,stthomas,193273f8758c40888fe81a81bb299a6a,"Verhage, Terek",10120179,Right,THO_M,2cbc6b2b-96cd-46c9-b937-b382573add97,53.63779,-131.56197,14.28764,5.11506,-0.26891,-12.55948,-1.51885,1.91074,-3.58695,,,,,,,,,,,,,,,,,,,,,,,,,,,,,,,,,,,,,,,,,,,,,,,,,,,High,High,High,,,,,,,,,,,,,,,,,,,,,,,,,,,,,,,,,,,,
42,2026-03-25,18:28:53.59,3,4,"Scanlon, Jack",1000465398,Right,THO_M,"Richter, Easton",809741,Left,MIN_GOL,Undefined,1,Bottom,2,3,0,Fastball,Sinker,BallCalled,Walk,Undefined,Undefined,0,0,,88.6376,-1.784991,-3.289689,2328.095319,235.104217,1:45,5.17774,1.49839,6.8231,-25.86293,8.74252,10.86658,1.39096,-0.60031,80.73582,-6.684473,-1.307037,0.423393,,,,,,,,,,,,-6.7241,5.53044,-1.28995,50,5.0533,6.98851,-128.64403,-4.73864,-11.1846,28.53539,-22.97496,MIN_GOL,THO_M,SiebertField,D1,BIG10,20260325-SiebertField-2,634e39c0-28a2-11f1-b64b-5fc02d581842,89.02474,,,7.90178,,,,,,,34f96caf-3623-479a-a7fb-b2cda99893ab,2026-03-25,23:28:53.59,2026-03-25T18:28:53.5901184-05:00,2026-03-25T23:28:53.5901184Z,,v3,471360,stthomas,193273f8758c40888fe81a81bb299a6a,"Verhage, Terek",10120179,Right,THO_M,a69178a1-c459-4eb2-946d-bbd5d485477a,53.67461,-129.45656,14.2677,5.17891,-4.08445,-11.48748,-1.49348,7.30699,-5.5923,,,,,,,,,,,,,,,,,,,,,,,,,,,,,,,,,,,,,,,,,,,,,,,,,,,High,High,High,,,,,,,,,,,,,,,,,,,,,,,,,,,,,,,,,,,,
43,2026-03-25,18:29:41.99,4,1,"Scanlon, Jack",1000465398,Right,THO_M,"Neels, Weber",809730,Right,MIN_GOL,Undefined,1,Bottom,2,0,0,Fastball,Sinker,StrikeCalled,Undefined,Undefined,Undefined,0,0,,88.07403,-0.886943,-3.336555,2370.291716,231.674035,1:45,5.23369,1.33459,6.88545,-24.33765,10.7052,12.01442,2.39598,-0.70772,79.85235,-5.534485,-1.143025,0.42606,,,,,,,,,,,,-7.3713,6.32642,-1.12681,50,5.16884,7.00566,-127.83885,-2.62969,-12.07213,28.90501,-21.81319,MIN_GOL,THO_M,SiebertField,D1,BIG10,20260325-SiebertField-2,803c6250-28a2-11f1-b64b-5fc02d581842,88.46736,,,8.22168,,,,,,,34f96caf-3623-479a-a7fb-b2cda99893ab,2026-03-25,23:29:41.99,2026-03-25T18:29:41.9997184-05:00,2026-03-25T23:29:41.9997184Z,,v3,471360,stthomas,193273f8758c40888fe81a81bb299a6a,"Verhage, Terek",10120179,Right,THO_M,048bcbcf-0525-4687-8679-7c195172f670,53.61148,-128.65283,14.4525,5.23424,-2.01542,-10.9066,-1.32888,7.34562,-6.03606,,,,,,,,,,,,,,,,,,,,,,,,,,,,,,,,,,,,,,,,,,,,,,,,,,,High,High,High,,,,,,,,,,,,,,,,,,,,,,,,,,,,,,,,,,,,
44,2026-03-25,18:30:23.53,4,2,"Scanlon, Jack",1000465398,Right,THO_M,"Neels, Weber",809730,Right,MIN_GOL,Undefined,1,Bottom,2,0,1,ChangeUp,Changeup,BallCalled,Undefined,Undefined,Undefined,0,0,,79.88496,2.630496,-2.265154,1809.703074,258.602524,2:30,4.93643,1.86922,5.78353,-40.76719,3.57941,10.42347,3.99014,0.62931,72.4392,-4.919755,-0.401004,0.479293,,,,,,,,,,,,-5.93363,1.52559,-1.68852,50,5.12943,4.16582,-115.76434,4.00692,-7.99829,22.95976,-30.11761,MIN_GOL,THO_M,SiebertField,D1,BIG10,20260325-SiebertField-2,98f4a960-28a2-11f1-b64b-5fc02d581842,78.64167,,,7.44576,,,,,,,34f96caf-3623-479a-a7fb-b2cda99893ab,2026-03-25,23:30:23.53,2026-03-25T18:30:23.5370000-05:00,2026-03-25T23:30:23.5370000Z,,v3,471360,stthomas,193273f8758c40888fe81a81bb299a6a,"Verhage, Terek",10120179,Right,THO_M,f3f73711-5129-4458-90f2-e3e141b31553,54.71326,-116.69538,11.47988,4.94218,5.22823,-15.05881,-1.86403,4.49016,-3.99915,,,,,,,,,,,,,,,,,,,,,,,,,,,,,80.49131,1.960164,0.722176,1.237988,-2.0395,3.67616,-0.60876,-0.28151,6.13387,1.39136,127.28089,3.60776,1.1103,-0.13093,115.81436,-10.5301,6.12912,10.9122,-10.45946,1.35971,-2.30997,1.72642,High,High,High,,,High,High,High,,,,,,,,,,,,,,,,,,,,,,,,,,,,,,,
45,2026-03-25,18:30:53.58,4,3,"Scanlon, Jack",1000465398,Right,THO_M,"Neels, Weber",809730,Right,MIN_GOL,Undefined,1,Bottom,2,1,1,ChangeUp,Slider,StrikeSwinging,Undefined,Undefined,Undefined,0,0,,81.26204,-0.408717,-2.397668,2083.108583,272.929997,3:00,5.06514,1.3593,6.30878,-41.17227,1.10768,7.97981,1.25727,-0.18575,73.62167,-8.078001,-0.95316,0.467992,,,,,,,,,,,,-4.9065,1.19772,-1.18701,50,5.01615,4.63761,-117.89097,-2.09508,-6.79058,25.8817,-30.51641,MIN_GOL,THO_M,SiebertField,D1,BIG10,20260325-SiebertField-2,aae78a70-28a2-11f1-b64b-5fc02d581842,80.54074,,,7.64037,,,,,,,34f96caf-3623-479a-a7fb-b2cda99893ab,2026-03-25,23:30:53.58,2026-03-25T18:30:53.5821824-05:00,2026-03-25T23:30:53.5821824Z,,v3,471360,stthomas,193273f8758c40888fe81a81bb299a6a,"Verhage, Terek",10120179,Right,THO_M,d6645572-d2d3-452a-82dc-e232aee52c99,54.18793,-118.80683,12.94085,5.07118,-1.01521,-15.25821,-1.35537,4.8779,-3.39529,,,,,,,,,,,,,,,,,,,,,,,,,,,,,,,,,,,,,,,,,,,,,,,,,,,High,High,High,,,,,,,,,,,,,,,,,,,,,,,,,,,,,,,,,,,,
46,2026-03-25,18:31:14.09,4,4,"Scanlon, Jack",1000465398,Right,THO_M,"Neels, Weber",809730,Right,MIN_GOL,Undefined,1,Bottom,2,1,2,ChangeUp,Slider,BallinDirt,Undefined,Undefined,Undefined,0,0,,80.54085,-1.148596,-3.941206,1914.182538,201.39857,12:45,4.89169,1.65159,6.29488,-35.94943,6.43685,2.02315,0.83489,-1.81716,74.35595,-7.811551,-3.576349,0.46858,,,,,,,,,,,,-2.10847,4.04988,-1.36237,50,4.78974,7.97919,-116.85831,-3.39909,-2.92666,21.23709,-26.55257,MIN_GOL,THO_M,SiebertField,D1,BIG10,20260325-SiebertField-2,b71c3c50-28a2-11f1-b64b-5fc02d581842,80.43968,,,6.18491,,,,,,,34f96caf-3623-479a-a7fb-b2cda99893ab,2026-03-25,23:31:14.09,2026-03-25T18:31:14.0985344-05:00,2026-03-25T23:31:14.0985344Z,,v3,471360,stthomas,193273f8758c40888fe81a81bb299a6a,"Verhage, Terek",10120179,Right,THO_M,3a191c14-c717-4502-8097-b8785293e1b3,54.20434,-117.6199,10.61854,4.89456,-2.44689,-13.27628,-1.65039,8.08414,-1.46333,,,,,,,,,,,,,,,,,,,,,,,,,,,,,,,,,,,,,,,,,,,,,,,,,,,High,High,High,,,,,,,,,,,,,,,,,,,,,,,,,,,,,,,,,,,,
47,2026-03-25,18:31:40.13,4,5,"Scanlon, Jack",1000465398,Right,THO_M,"Neels, Weber",809730,Right,MIN_GOL,Undefined,1,Bottom,2,2,2,ChangeUp,Slider,BallinDirt,Undefined,Undefined,Undefined,0,0,,79.93804,0.249148,-1.71119,1952.050571,279.167658,3:15,4.91575,1.38501,6.18538,-41.98061,0.33354,4.34859,1.64753,0.16688,74.9567,-7.469523,-0.925682,0.468182,,,,,,,,,,,,-2.65721,0.37496,-1.2582,50,4.91266,3.33007,-116.43889,-0.76089,-3.72496,17.53968,-31.64843,MIN_GOL,THO_M,SiebertField,D1,BIG10,20260325-SiebertField-2,c6ac7540-28a2-11f1-b64b-5fc02d581842,80.50816,,,4.98134,,,,,,,34f96caf-3623-479a-a7fb-b2cda99893ab,2026-03-25,23:31:40.13,2026-03-25T18:31:40.1305600-05:00,2026-03-25T23:31:40.1305600Z,,v3,471360,stthomas,193273f8758c40888fe81a81bb299a6a,"Verhage, Terek",10120179,Right,THO_M,a2d94ed2-0f09-4e93-8f0d-4e07b6c29078,54.31774,-117.08748,8.76984,4.91916,0.40943,-15.82421,-1.38389,3.46781,-1.86248,,,,,,,,,,,,,,,,,,,,,,,,,,,,,,,,,,,,,,,,,,,,,,,,,,,High,High,High,,,,,,,,,,,,,,,,,,,,,,,,,,,,,,,,,,,,
48,2026-03-25,18:32:09.76,4,6,"Scanlon, Jack",1000465398,Right,THO_M,"Neels, Weber",809730,Right,MIN_GOL,Undefined,1,Bottom,2,3,2,Fastball,Four-Seam,InPlay,Undefined,GroundBall,Single,0,1,,89.48854,-1.385066,-2.618276,2344.715222,217.900345,1:15,5.24274,1.0341,7.03494,-20.90123,12.44178,8.88347,2.24104,-0.60605,82.05628,-5.38386,-0.990425,0.415598,93.11457,1.63168,0.877642,1334.701052,,,,64.99457,54.60101,3.026117,0.501056,-5.49071,7.35882,-0.87781,50,5.15158,5.63873,-130.13144,-3.67831,-9.42287,27.10068,-19.54523,MIN_GOL,THO_M,SiebertField,D1,BIG10,20260325-SiebertField-2,d84130c0-28a2-11f1-b64b-5fc02d581842,90.69438,2.46469,,7.43226,,,,1.00757,2.24803,0.60278,34f96caf-3623-479a-a7fb-b2cda99893ab,2026-03-25,23:32:09.76,2026-03-25T18:32:09.7626624-05:00,2026-03-25T23:32:09.7626624Z,GroundBall,v3,471360,stthomas,193273f8758c40888fe81a81bb299a6a,"Verhage, Terek",10120179,Right,THO_M,0d6ddd41-bd8a-44e9-9e14-04efa14f5fe1,53.46466,-130.85099,13.55034,5.24235,-3.15936,-9.77262,-1.03084,5.88891,-4.71144,276.316868,1.023,136.08307,-17.20288,,,,,,,2.25686,3.65233,-16.31214,,,,,,,0.59211,2.37812,6.60185,,,,,,,,,,,,,,,,,,,,,,,,,,,,,High,High,High,High,High,,,,,,,,,,,,,,,,,,,,,,,,,,,,,,,,,,
49,2026-03-25,18:34:38.54,5,1,"Scanlon, Jack",1000465398,Right,THO_M,"Hamilton, Davis",837901,Left,MIN_GOL,Undefined,1,Bottom,2,0,0,Fastball,Sinker,BallCalled,Undefined,Undefined,Undefined,0,0,,88.74899,0.81621,-0.992208,2279.344714,242.251897,2:00,5.112,1.43305,6.66678,-28.42383,6.33229,9.7741,3.49031,1.33964,80.31219,-4.567373,0.788127,0.424314,,,,,,,,,,,,-5.41642,3.45827,-1.36977,50,5.15565,1.85084,-128.94946,0.9926,-9.01238,29.76552,-26.41984,MIN_GOL,THO_M,SiebertField,D1,BIG10,20260325-SiebertField-2,30ed14a0-28a3-11f1-b64b-5fc02d581842,88.83154,,,8.4368,,,,,,,34f96caf-3623-479a-a7fb-b2cda99893ab,2026-03-25,23:34:38.54,2026-03-25T18:34:38.5426944-05:00,2026-03-25T23:34:38.5426944Z,,v3,471360,stthomas,193273f8758c40888fe81a81bb299a6a,"Verhage, Terek",10120179,Right,THO_M,d50fac0e-d540-4bbd-bd79-fc224c6ce43d,53.82963,-129.83044,14.88276,5.1147,1.77456,-13.20992,-1.42849,2.11759,-4.50619,,,,,,,,,,,,,,,,,,,,,,,,,,,,,,,,,,,,,,,,,,,,,,,,,,,High,High,High,,,,,,,,,,,,,,,,,,,,,,,,,,,,,,,,,,,,
50,2026-03-25,18:34:56.25,5,2,"Scanlon, Jack",1000465398,Right,THO_M,"Hamilton, Davis",837901,Left,MIN_GOL,Undefined,1,Bottom,2,1,0,Fastball,Four-Seam,StrikeCalled,Undefined,Undefined,Undefined,0,0,,87.44798,-1.106936,-1.601204,2288.703336,210.361079,1:00,5.21461,1.4247,6.68284,-23.85655,11.6641,6.1615,2.21356,0.4732,79.86877,-5.636664,-0.478509,0.428955,,,,,,,,,,,,-3.69555,6.82437,-1.3199,50,5.13112,3.3212,-127.10466,-3.1122,-6.02502,26.88112,-21.04793,MIN_GOL,THO_M,SiebertField,D1,BIG10,20260325-SiebertField-2,3b82bc80-28a3-11f1-b64b-5fc02d581842,87.87035,,,7.57922,,,,,,,34f96caf-3623-479a-a7fb-b2cda99893ab,2026-03-25,23:34:56.25,2026-03-25T18:34:56.2541568-05:00,2026-03-25T23:34:56.2541568Z,,v3,471360,stthomas,193273f8758c40888fe81a81bb299a6a,"Verhage, Terek",10120179,Right,THO_M,2a2c0b68-1e1c-47b9-b120-9d2e53424143,53.81442,-127.90882,13.44056,5.2148,-2.48254,-10.52397,-1.42195,3.50144,-3.01251,,,,,,,,,,,,,,,,,,,,,,,,,,,,,,,,,,,,,,,,,,,,,,,,,,,High,High,High,,,,,,,,,,,,,,,,,,,,,,,,,,,,,,,,,,,,
51,2026-03-25,18:35:30.90,5,3,"Scanlon, Jack",1000465398,Right,THO_M,"Hamilton, Davis",837901,Left,MIN_GOL,Undefined,1,Bottom,2,1,1,ChangeUp,Changeup,StrikeSwinging,Undefined,Undefined,Undefined,1,0,,80.9303,0.610299,-2.21698,1812.181552,265.295804,2:45,4.91056,1.53034,6.37316,-40.68471,2.64921,10.193,2.08214,0.33894,71.79303,-7.053447,-0.370513,0.473789,,,,,,,,,,,,-6.08693,1.73347,-1.37436,50,4.93692,4.14414,-117.18535,0.03602,-8.16075,29.53169,-29.84996,MIN_GOL,THO_M,SiebertField,D1,BIG10,20260325-SiebertField-2,5030c5f0-28a3-11f1-b64b-5fc02d581842,79.55526,,,9.13727,,,,,,,34f96caf-3623-479a-a7fb-b2cda99893ab,2026-03-25,23:35:30.90,2026-03-25T18:35:30.9093888-05:00,2026-03-25T23:35:30.9093888Z,,v3,471360,stthomas,193273f8758c40888fe81a81bb299a6a,"Verhage, Terek",10120179,Right,THO_M,5f87afde-0efd-4202-99f2-11d0e4b2ca1e,54.11922,-118.21887,14.76584,4.91738,1.08068,-14.92498,-1.52439,4.42975,-4.08038,,,,,,,,,,,,,,,,,,,,,,,,,,,,,,,,,,,,,,,,,,,,,,,,,,,High,High,High,,,,,,,,,,,,,,,,,,,,,,,,,,,,,,,,,,,,
52,2026-03-25,18:38:22.96,1,1,"Capomaccio, Caden",809732,Right,MIN_GOL,"Verhage, Terek",10120179,Left,THO_M,Undefined,2,Top,0,0,0,Fastball,Four-Seam,BallinDirt,Undefined,Undefined,Undefined,0,0,,91.19323,-3.682297,-5.79963,2076.395733,230.394186,1:45,5.75551,1.5858,4.79818,-20.56111,15.59906,17.11658,0.53007,-2.50221,81.67801,-7.503801,-2.809941,0.432799,,,,,,,,,,,,-10.31886,9.28855,-1.02182,50,5.36941,12.45814,-131.04465,-9.23871,-17.60213,32.60766,-16.32944,MIN_GOL,THO_M,SiebertField,D1,BIG10,20260325-SiebertField-2,b6ba50c0-28a3-11f1-b64b-5fc02d581842,87.08985,,,9.51522,,,,,,,34f96caf-3623-479a-a7fb-b2cda99893ab,2026-03-25,23:38:22.96,2026-03-25T18:38:22.9648384-05:00,2026-03-25T23:38:22.9648384Z,,v3,471360,stthomas,193273f8758c40888fe81a81bb299a6a,"Hunt, Sam",1000048505,Right,MIN_GOL,c87cd3d7-70f6-4f4e-840e-3cfd9b4e312a,55.69729,-132.45471,16.30383,5.75366,-8.53258,-8.16472,-1.577,13.21931,-8.80106,,,,,,,,,,,,,,,,,,,,,,,,,,,,,,,,,,,,,,,,,,,,,,,,,,,High,High,High,,,,,,,,,,,,,,,,,,,,,,,,,,,,,,,,,,,,
53,2026-03-25,18:38:44.29,1,2,"Capomaccio, Caden",809732,Right,MIN_GOL,"Verhage, Terek",10120179,Left,THO_M,Undefined,2,Top,0,1,0,Fastball,Sinker,BallCalled,Undefined,Undefined,Undefined,0,0,,90.61809,-1.429386,-1.486456,1944.135763,230.116836,1:45,5.68084,1.61234,4.79598,-21.27978,14.81906,16.11241,2.55229,1.54615,81.38837,-5.387831,1.347753,0.432432,,,,,,,,,,,,-8.34721,8.12304,-1.47885,50,5.52076,2.59559,-131.07997,-4.06783,-14.27211,32.17081,-18.28525,MIN_GOL,THO_M,SiebertField,D1,BIG10,20260325-SiebertField-2,c36c48f0-28a3-11f1-b64b-5fc02d581842,87.1638,,,9.22972,,,,,,,34f96caf-3623-479a-a7fb-b2cda99893ab,2026-03-25,23:38:44.29,2026-03-25T18:38:44.2988544-05:00,2026-03-25T23:38:44.2988544Z,,v3,471360,stthomas,193273f8758c40888fe81a81bb299a6a,"Hunt, Sam",1000048505,Right,MIN_GOL,c19423a1-050c-41f0-9300-d5e96b82ca50,55.6987,-132.47121,16.0854,5.67958,-3.27708,-9.14262,-1.60444,3.21279,-7.13605,,,,,,,,,,,,,,,,,,,,,,,,,,,,,,,,,,,,,,,,,,,,,,,,,,,High,High,High,,,,,,,,,,,,,,,,,,,,,,,,,,,,,,,,,,,,
54,2026-03-25,18:39:02.71,1,3,"Capomaccio, Caden",809732,Right,MIN_GOL,"Verhage, Terek",10120179,Left,THO_M,Undefined,2,Top,0,2,0,Fastball,Sinker,BallCalled,Undefined,Undefined,Undefined,0,0,,90.95798,-0.687344,-1.13252,1998.182704,245.16049,2:15,5.65244,1.64851,4.64723,-25.05525,10.82229,20.58304,2.91123,2.2875,82.00816,-5.288539,2.478944,0.431105,,,,,,,,,,,,-10.33123,5.88189,-1.55238,50,5.5601,1.55253,-131.66269,-2.59205,-17.88427,31.56061,-21.99198,MIN_GOL,THO_M,SiebertField,D1,BIG10,20260325-SiebertField-2,ce6a2880-28a3-11f1-b64b-5fc02d581842,87.43222,,,8.94981,,,,,,,34f96caf-3623-479a-a7fb-b2cda99893ab,2026-03-25,23:39:02.71,2026-03-25T18:39:02.7128320-05:00,2026-03-25T23:39:02.7128320Z,,v3,471360,stthomas,193273f8758c40888fe81a81bb299a6a,"Hunt, Sam",1000048505,Right,MIN_GOL,82ccbc75-3cff-4f32-89fb-b0dd4671d9c1,55.84855,-133.05725,15.78031,5.65316,-1.6203,-10.99599,-1.63844,2.34278,-8.94213,,,,,,,,,,,,,,,,,,,,,,,,,,,,,,,,,,,,,,,,,,,,,,,,,,,High,High,High,,,,,,,,,,,,,,,,,,,,,,,,,,,,,,,,,,,,
55,2026-03-25,18:39:22.73,1,4,"Capomaccio, Caden",809732,Right,MIN_GOL,"Verhage, Terek",10120179,Left,THO_M,Undefined,2,Top,0,3,0,Fastball,Sinker,StrikeCalled,Undefined,Undefined,Undefined,0,0,,91.26225,-1.683109,-2.700475,1928.599657,227.142835,1:30,5.74049,1.61796,4.77801,-18.66765,17.02009,16.87891,2.58717,0.4628,81.8239,-5.183915,0.264187,0.429963,,,,,,,,,,,,-9.11213,9.27091,-1.36328,50,5.55672,5.36777,-131.88627,-4.55342,-15.76813,32.63433,-16.13112,MIN_GOL,THO_M,SiebertField,D1,BIG10,20260325-SiebertField-2,da63f440-28a3-11f1-b64b-5fc02d581842,87.66439,,,9.43835,,,,,,,34f96caf-3623-479a-a7fb-b2cda99893ab,2026-03-25,23:39:22.73,2026-03-25T18:39:22.7385856-05:00,2026-03-25T23:39:22.7385856Z,,v3,471360,stthomas,193273f8758c40888fe81a81bb299a6a,"Hunt, Sam",1000048505,Right,MIN_GOL,89fa9854-ac49-4a4c-8388-ab4b0d5b7063,55.71667,-133.29331,16.31717,5.73805,-3.85791,-8.06556,-1.60937,6.04762,-7.88407,,,,,,,,,,,,,,,,,,,,,,,,,,,,,,,,,,,,,,,,,,,,,,,,,,,High,High,High,,,,,,,,,,,,,,,,,,,,,,,,,,,,,,,,,,,,
56,2026-03-25,18:39:40.78,1,5,"Capomaccio, Caden",809732,Right,MIN_GOL,"Verhage, Terek",10120179,Left,THO_M,Undefined,2,Top,0,3,1,Fastball,Sinker,InPlay,Undefined,LineDrive,Single,0,0,,91.07355,-2.320021,-3.691299,1971.075969,239.591719,2:00,5.63649,1.59263,4.93234,-21.78159,13.85221,21.31537,1.62265,-0.12504,81.90275,-6.366115,0.060555,0.429638,96.75402,5.949667,-15.401616,3369.841299,103.9013,4.93975,-36.11764,155.88637,148.91003,-20.899671,1.275559,-11.78694,7.97693,-1.25201,50,5.3929,7.4615,-131.56597,-6.15633,-20.32156,32.17721,-18.42122,MIN_GOL,THO_M,SiebertField,D1,BIG10,20260325-SiebertField-2,e5122d30-28a3-11f1-b64b-5fc02d581842,87.73073,5.8774,,9.1708,,,,1.38956,1.61345,0.12342,34f96caf-3623-479a-a7fb-b2cda99893ab,2026-03-25,23:39:40.78,2026-03-25T18:39:40.7887872-05:00,2026-03-25T23:39:40.7887872Z,GroundBall,v3,471360,stthomas,193273f8758c40888fe81a81bb299a6a,"Hunt, Sam",1000048505,Right,MIN_GOL,26775b1d-75cc-4095-a822-bd36f1ab08f9,55.56581,-132.92024,16.08861,5.6357,-5.38102,-9.21061,-1.58404,8.31679,-10.16078,112.639588,1.38956,136.07259,-22.56278,4.4337,-0.82909,0.13255,-0.01964,0.00258,-0.00019,1.61345,14.7092,-12.73461,0.00418,0.17814,-0.05631,0.01564,-0.00282,0.00027,0.12342,-37.48477,-7.60217,3.02486,-0.92331,0.23951,-0.05609,0.01032,-0.00105,,,,,,,,,,,,,,,,,,,,,,,High,High,High,High,High,,,,,,,,,,,,,,,,,,,,,,,,,,,,,,,,,,
57,2026-03-25,18:40:16.12,2,1,"Capomaccio, Caden",809732,Right,MIN_GOL,"Fritcher, Easton",809726,Left,THO_M,Undefined,2,Top,0,0,0,Slider,Slider,BallCalled,Undefined,Undefined,Undefined,0,0,,84.67933,1.470442,-0.634999,2597.666922,353.11838,5:45,5.29824,1.67299,4.54816,-45.5816,-4.60618,0.71067,2.89993,1.12772,77.52085,-6.708631,-0.510476,0.460716,,,,,,,,,,,,-0.52118,-2.24476,-1.60766,50,5.40804,1.32737,-122.77831,1.25481,-0.79577,24.2432,-35.60158,MIN_GOL,THO_M,SiebertField,D1,BIG10,20260325-SiebertField-2,fa256110-28a3-11f1-b64b-5fc02d581842,81.81278,,,7.15848,,,,,,,34f96caf-3623-479a-a7fb-b2cda99893ab,2026-03-25,23:40:16.12,2026-03-25T18:40:16.1263104-05:00,2026-03-25T23:40:16.1263104Z,,v3,471360,stthomas,193273f8758c40888fe81a81bb299a6a,"Hunt, Sam",1000048505,Right,MIN_GOL,6f4dd84b-1930-48ff-8b12-27d19bd4cf71,55.9511,-123.94782,12.1216,5.30609,2.97225,-17.80079,-1.67262,1.36576,-0.39788,,,,,,,,,,,,,,,,,,,,,,,,,,,,,,,,,,,,,,,,,,,,,,,,,,,High,High,High,,,,,,,,,,,,,,,,,,,,,,,,,,,,,,,,,,,,
58,2026-03-25,18:40:35.78,2,2,"Capomaccio, Caden",809732,Right,MIN_GOL,"Fritcher, Easton",809726,Left,THO_M,Undefined,2,Top,0,1,0,ChangeUp,Changeup,HitByPitch,Undefined,Undefined,Undefined,0,0,,82.55629,-0.331236,-4.927618,1451.512119,249.655566,2:15,5.47465,1.67859,5.1096,-36.24396,6.28827,13.21048,2.14109,-1.87449,75.43158,-6.936512,-2.601611,0.469387,,,,,,,,,,,,-8.08709,3.55697,-1.22448,50,5.41494,9.74994,-119.40608,-1.98737,-11.65169,23.43395,-27.04923,MIN_GOL,THO_M,SiebertField,D1,BIG10,20260325-SiebertField-2,05e46dc0-28a4-11f1-b64b-5fc02d581842,80.3015,,,7.12471,,,,,,,34f96caf-3623-479a-a7fb-b2cda99893ab,2026-03-25,23:40:35.78,2026-03-25T18:40:35.7840896-05:00,2026-03-25T23:40:35.7840896Z,,v3,471360,stthomas,193273f8758c40888fe81a81bb299a6a,"Hunt, Sam",1000048505,Right,MIN_GOL,e4d67623-1e53-4732-809d-c9b0ea147e31,55.39141,-120.45952,11.71698,5.47695,-0.77141,-13.52462,-1.67455,10.27373,-5.82585,,,,,,,,,,,,,,,,,,,,,,,,,,,,,,,,,,,,,,,,,,,,,,,,,,,High,High,High,,,,,,,,,,,,,,,,,,,,,,,,,,,,,,,,,,,,
59,2026-03-25,18:41:11.00,3,1,"Capomaccio, Caden",809732,Right,MIN_GOL,"Recchio, Tanner",1000255768,Left,THO_M,Undefined,2,Top,0,0,0,Sinker,Changeup,StrikeCalled,Undefined,Undefined,Undefined,0,0,,90.63452,-0.500178,-2.041911,1761.044406,246.533831,2:15,5.53441,1.77889,5.10755,-27.45072,7.3965,14.62875,2.77528,1.07331,83.29188,-5.51905,0.545838,0.424869,,,,,,,,,,,,-7.78961,4.13488,-1.59825,50,5.46596,3.99897,-131.54912,-2.22918,-13.73311,26.31366,-24.88422,MIN_GOL,THO_M,SiebertField,D1,BIG10,20260325-SiebertField-2,1ae3cb80-28a4-11f1-b64b-5fc02d581842,88.71534,,,7.34263,,,,,,,34f96caf-3623-479a-a7fb-b2cda99893ab,2026-03-25,23:41:11.00,2026-03-25T18:41:11.0035968-05:00,2026-03-25T23:41:11.0035968Z,,v3,471360,stthomas,193273f8758c40888fe81a81bb299a6a,"Hunt, Sam",1000048505,Right,MIN_GOL,526db807-8aaf-4de8-a7a3-8d703d702ba6,55.39161,-132.62321,13.15683,5.53622,-1.21344,-12.44211,-1.77292,4.55954,-6.86656,,,,,,,,,,,,,,,,,,,,,,,,,,,,,,,,,,,,,,,,,,,,,,,,,,,High,High,High,,,,,,,,,,,,,,,,,,,,,,,,,,,,,,,,,,,,
60,2026-03-25,18:41:31.30,3,2,"Capomaccio, Caden",809732,Right,MIN_GOL,"Recchio, Tanner",1000255768,Left,THO_M,Undefined,2,Top,0,0,1,Fastball,Sinker,InPlay,Undefined,GroundBall,Sacrifice,1,0,,92.43126,-2.389017,-3.268047,1974.801115,225.349208,1:30,5.78318,1.4717,4.6908,-18.14792,16.02347,15.14194,1.99761,-0.37266,84.78016,-5.734507,-0.614681,0.420729,30.69855,-12.916685,-31.109042,,,,,8.445,8.22926,-23.822583,0.16664,-8.31197,8.80359,-1.15421,50,5.52454,6.89303,-133.83424,-6.29689,-15.1623,27.33034,-16.11496,MIN_GOL,THO_M,SiebertField,D1,BIG10,20260325-SiebertField-2,26fb3160-28a4-11f1-b64b-5fc02d581842,89.58831,2.02912,,7.6511,,,,1.53158,2.02912,0.38404,34f96caf-3623-479a-a7fb-b2cda99893ab,2026-03-25,23:41:31.30,2026-03-25T18:41:31.3018368-05:00,2026-03-25T23:41:31.3018368Z,GroundBall,v3,471360,stthomas,193273f8758c40888fe81a81bb299a6a,"Hunt, Sam",1000048505,Right,MIN_GOL,8e60ad88-8c7e-480e-a30a-e95e94cd7ea6,55.80901,-135.01529,13.66517,5.78161,-5.6005,-8.05748,-1.46624,7.54825,-7.58115,142.090591,1.53167,37.5667,-2.39053,,,,,,,2.02922,-10.07265,-12.63403,,,,,,,0.38399,-22.66966,-0.62086,,,,,,,,,,,,,,,,,,,,,,,,,,,,,High,High,High,High,High,,,,,,,,,,,,,,,,,,,,,,,,,,,,,,,,,,
61,2026-03-25,18:42:10.26,4,1,"Capomaccio, Caden",809732,Right,MIN_GOL,"Puder, Adam",10307401,Right,THO_M,Undefined,2,Top,1,0,0,Sinker,Sinker,InPlay,Undefined,LineDrive,Out,1,0,,92.27224,-0.705873,-2.064865,1845.25495,242.815437,2:00,5.72207,1.50181,4.86477,-23.67186,10.49831,18.28855,3.08091,1.0708,84.14148,-5.051098,1.155244,0.420722,44.72989,17.124141,6.637304,3236.369122,,,,81.98901,57.25902,9.402832,1.440225,-9.64209,5.69603,-1.31498,50,5.63283,3.93155,-133.78557,-2.59667,-17.44794,29.28698,-21.86672,MIN_GOL,THO_M,SiebertField,D1,BIG10,20260325-SiebertField-2,3e3b0940-28a4-11f1-b64b-5fc02d581842,89.58995,9.13377,,8.13076,,,,1.19885,3.06709,-1.07404,34f96caf-3623-479a-a7fb-b2cda99893ab,2026-03-25,23:42:10.26,2026-03-25T18:42:10.2600704-05:00,2026-03-25T23:42:10.2600704Z,GroundBall,v3,471360,stthomas,193273f8758c40888fe81a81bb299a6a,"Hunt, Sam",1000048505,Right,MIN_GOL,bd89e526-b451-4870-9220-c1eebd7f75aa,55.63482,-135.01345,14.64349,5.72248,-1.67989,-10.93336,-1.49515,4.66306,-8.72397,235.647505,1.19885,62.27537,-5.86041,0.94504,-0.18465,-0.00069,0.04279,-0.03201,0.00865,3.06709,19.31658,-15.77917,0.6877,-0.10573,0.08283,-0.0668,0.03817,-0.00893,-1.07403,7.24658,2.43123,-0.48675,0.11893,-0.00212,-0.0159,0.01054,-0.00265,,,,,,,,,,,,,,,,,,,,,,,High,High,High,High,Medium,,,,,,,,,,,,,,,,,,,,,,,,,,,,,,,,,,
62,2026-03-25,18:42:46.26,5,1,"Capomaccio, Caden",809732,Right,MIN_GOL,"Maulik, Matthew",1000283220,Right,THO_M,Undefined,2,Top,2,0,0,Sinker,Sinker,FoulBallNotFieldable,Undefined,Undefined,Undefined,0,0,,91.79006,-1.454723,-3.660719,1777.263701,244.402234,2:15,5.64531,1.53854,4.83485,-24.89718,9.703,17.928,2.18991,-0.43863,83.88075,-6.0042,-0.510961,0.423361,85.12241,40.761171,-53.991716,4479.349024,54.28137,74.17533,-95.67406,282.74443,116.13297,-69.949302,4.592247,-9.89579,5.49969,-1.19216,50,5.47995,7.63573,-132.90325,-4.38628,-17.71433,28.25976,-22.32916,MIN_GOL,THO_M,SiebertField,D1,BIG10,20260325-SiebertField-2,53a73290-28a4-11f1-b64b-5fc02d581842,89.0315,83.90132,,7.90931,,,,0.31962,1.98694,0.57594,34f96caf-3623-479a-a7fb-b2cda99893ab,2026-03-25,23:42:46.26,2026-03-25T18:42:46.2687744-05:00,2026-03-25T23:42:46.2687744Z,FlyBall,v3,471360,stthomas,193273f8758c40888fe81a81bb299a6a,"Hunt, Sam",1000048505,Right,MIN_GOL,a36bd174-d5b7-46c8-894e-9b90855fc430,55.66528,-134.10247,14.12988,5.64598,-3.43873,-11.16458,-1.53213,8.38745,-8.85716,134.096027,0.29809,56.05406,-18.39111,7.62222,-3.91978,1.56313,-0.37656,0.04685,-0.00226,1.99657,81.28348,-22.9109,0.42348,1.51335,-0.94928,0.28199,-0.04167,0.00244,0.563,-76.20116,4.5768,1.85214,-2.20755,1.10911,-0.30001,0.0419,-0.00236,,,,,,,,,,,,,,,,,,,,,,,High,High,High,High,Low,,,,,,,,,,,,,,,,,,,,,,,,,,,,,,,,,,
63,2026-03-25,18:43:09.03,5,2,"Capomaccio, Caden",809732,Right,MIN_GOL,"Maulik, Matthew",1000283220,Right,THO_M,Undefined,2,Top,2,0,1,Sinker,Sinker,StrikeCalled,Undefined,Undefined,Undefined,0,0,,92.35975,-1.489783,-2.575306,1831.141689,261.712315,2:45,5.62364,1.50917,4.7383,-30.28895,3.90847,19.4693,1.68458,0.68699,84.69653,-6.96311,0.846875,0.420889,,,,,,,,,,,,-10.25556,2.64559,-1.26796,50,5.44674,5.05071,-133.866,-4.7834,-18.6461,28.36787,-27.36395,MIN_GOL,THO_M,SiebertField,D1,BIG10,20260325-SiebertField-2,614649e0-28a4-11f1-b64b-5fc02d581842,89.55424,,,7.66322,,,,,,,34f96caf-3623-479a-a7fb-b2cda99893ab,2026-03-25,23:43:09.03,2026-03-25T18:43:09.0347008-05:00,2026-03-25T23:43:09.0347008Z,,v3,471360,stthomas,193273f8758c40888fe81a81bb299a6a,"Hunt, Sam",1000048505,Right,MIN_GOL,2a85a5b4-a485-4ed9-b0d3-04c2d359566f,55.76177,-135.08147,14.18394,5.62657,-3.61094,-13.68198,-1.50148,5.84964,-9.32305,,,,,,,,,,,,,,,,,,,,,,,,,,,,,,,,,,,,,,,,,,,,,,,,,,,High,High,High,,,,,,,,,,,,,,,,,,,,,,,,,,,,,,,,,,,,
64,2026-03-25,18:43:30.94,5,3,"Capomaccio, Caden",809732,Right,MIN_GOL,"Maulik, Matthew",1000283220,Right,THO_M,Undefined,2,Top,2,0,2,ChangeUp,Changeup,InPlay,Undefined,GroundBall,Out,1,0,,84.17578,-1.504254,-2.50833,1498.950402,258.578751,2:30,5.49058,1.62637,4.82673,-36.80573,4.55142,15.60611,0.99711,0.5498,76.82158,-8.168345,0.240567,0.462857,88.69909,8.628194,-5.97001,1119.197269,109.00923,6.36778,-14.72731,157.84355,148.38274,-8.375139,1.415941,-8.46847,3.07166,-1.39189,50,5.30976,4.64392,-121.90645,-4.61761,-12.66151,25.40939,-27.58149,MIN_GOL,THO_M,SiebertField,D1,BIG10,20260325-SiebertField-2,6e494840-28a4-11f1-b64b-5fc02d581842,81.43435,7.34552,,7.3542,,,,1.23767,0.97227,-0.53725,34f96caf-3623-479a-a7fb-b2cda99893ab,2026-03-25,23:43:30.94,2026-03-25T18:43:30.9499904-05:00,2026-03-25T23:43:30.9499904Z,GroundBall,v3,471360,stthomas,193273f8758c40888fe81a81bb299a6a,"Hunt, Sam",1000048505,Right,MIN_GOL,bd1dcc9a-d69a-4c33-a12e-7647ee79b6df,55.67246,-123.0831,12.7047,5.49402,-3.34037,-13.79075,-1.62051,5.23025,-6.33075,126.921817,1.23767,127.92192,-15.88774,2.56508,-0.51772,0.09928,-0.01869,0.00309,-0.00029,0.97227,19.51661,-15.63833,1.1859,-0.20931,0.04862,-0.00844,0.00129,-0.00012,-0.53725,-13.37744,-2.1691,0.3809,-0.07763,0.01515,-0.00284,0.00047,-4E-05,,,,,,,,,,,,,,,,,,,,,,,High,High,High,High,High,,,,,,,,,,,,,,,,,,,,,,,,,,,,,,,,,,
65,2026-03-25,18:45:44.78,1,1,"Scanlon, Jack",1000465398,Right,THO_M,"Hamilton, Davis",837901,Left,MIN_GOL,Undefined,2,Bottom,0,0,0,Fastball,Cutter,BallCalled,Undefined,Undefined,Undefined,0,0,,88.22168,1.660143,-0.945921,2234.852185,199.168293,12:45,5.32297,1.63592,6.69273,-24.21797,10.75296,3.34402,4.82364,1.04946,80.10579,-2.956189,-0.336883,0.425623,,,,,,,,,,,,-2.02244,5.53028,-1.57399,50,5.42391,1.9864,-128.18367,3.04327,-3.34635,27.86537,-23.02362,MIN_GOL,THO_M,SiebertField,D1,BIG10,20260325-SiebertField-2,be1a0580-28a4-11f1-b64b-5fc02d581842,88.55827,,,8.11589,,,,,,,34f96caf-3623-479a-a7fb-b2cda99893ab,2026-03-25,23:45:44.78,2026-03-25T18:45:44.7811072-05:00,2026-03-25T23:45:44.7811072Z,,v3,471360,stthomas,193273f8758c40888fe81a81bb299a6a,"Verhage, Terek",10120179,Right,THO_M,debb2642-79c2-4f4f-9c18-6ea542e3a7d5,53.80302,-129.00774,13.93268,5.32384,3.72416,-11.51181,-1.6342,2.08536,-1.67317,,,,,,,,,,,,,,,,,,,,,,,,,,,,,,,,,,,,,,,,,,,,,,,,,,,High,High,High,,,,,,,,,,,,,,,,,,,,,,,,,,,,,,,,,,,,
66,2026-03-25,18:46:01.51,1,2,"Scanlon, Jack",1000465398,Right,THO_M,"Hamilton, Davis",837901,Left,MIN_GOL,Undefined,2,Bottom,0,1,0,Fastball,Four-Seam,BallCalled,Undefined,Undefined,Undefined,0,0,,88.74217,-2.439043,-3.028481,2337.940312,204.636849,12:45,5.14979,1.61944,6.7716,-21.66446,12.88312,5.3826,1.11281,-0.69997,80.97761,-6.562059,-2.047631,0.423039,,,,,,,,,,,,-3.74831,7.88933,-1.42366,50,4.98208,6.61528,-128.78249,-6.06957,-6.2587,28.18079,-19.00094,MIN_GOL,THO_M,SiebertField,D1,BIG10,20260325-SiebertField-2,c80c8f90-28a4-11f1-b64b-5fc02d581842,89.09926,,,7.76456,,,,,,,34f96caf-3623-479a-a7fb-b2cda99893ab,2026-03-25,23:46:01.51,2026-03-25T18:46:01.5192064-05:00,2026-03-25T23:46:01.5192064Z,,v3,471360,stthomas,193273f8758c40888fe81a81bb299a6a,"Verhage, Terek",10120179,Right,THO_M,085abfa6-41d3-48c3-9417-6010a9c3bb2d,53.72668,-129.59541,14.09039,5.14926,-5.52146,-9.50047,-1.61709,6.79583,-3.12935,,,,,,,,,,,,,,,,,,,,,,,,,,,,,,,,,,,,,,,,,,,,,,,,,,,High,High,High,,,,,,,,,,,,,,,,,,,,,,,,,,,,,,,,,,,,
67,2026-03-25,18:46:20.06,1,3,"Scanlon, Jack",1000465398,Right,THO_M,"Hamilton, Davis",837901,Left,MIN_GOL,Undefined,2,Bottom,0,2,0,Fastball,Four-Seam,StrikeCalled,Undefined,Undefined,Undefined,0,0,,86.86998,-0.130626,-1.817921,2265.622849,205.19799,12:45,5.19499,1.52179,6.92037,-21.79871,14.09457,6.05563,3.25944,0.3706,78.70207,-4.330735,-0.710268,0.431199,,,,,,,,,,,,-3.75969,7.89851,-1.40958,50,5.17891,3.78485,-126.23733,-0.82136,-6.00346,28.20758,-19.56177,MIN_GOL,THO_M,SiebertField,D1,BIG10,20260325-SiebertField-2,d31878e0-28a4-11f1-b64b-5fc02d581842,87.41304,,,8.16791,,,,,,,34f96caf-3623-479a-a7fb-b2cda99893ab,2026-03-25,23:46:20.06,2026-03-25T18:46:20.0672768-05:00,2026-03-25T23:46:20.0672768Z,,v3,471360,stthomas,193273f8758c40888fe81a81bb299a6a,"Verhage, Terek",10120179,Right,THO_M,051bfbc4-8991-44b4-ba0a-fc79c9d10c27,53.57562,-127.03379,14.10379,5.1943,-0.26903,-9.78089,-1.51884,3.95436,-3.00173,,,,,,,,,,,,,,,,,,,,,,,,,,,,,,,,,,,,,,,,,,,,,,,,,,,High,High,High,,,,,,,,,,,,,,,,,,,,,,,,,,,,,,,,,,,,
68,2026-03-25,18:46:37.29,1,4,"Scanlon, Jack",1000465398,Right,THO_M,"Hamilton, Davis",837901,Left,MIN_GOL,Undefined,2,Bottom,0,2,1,Fastball,Four-Seam,BallCalled,Undefined,Undefined,Undefined,0,0,,88.05473,0.14826,-0.875012,2289.821436,211.448963,1:00,5.20772,1.51318,6.76426,-23.11722,11.95457,6.5917,3.41671,1.26332,79.88883,-4.273458,0.327854,0.426236,,,,,,,,,,,,-3.71677,6.6313,-1.45797,50,5.2085,1.70195,-127.98572,-0.28747,-6.11154,28.55063,-21.27012,MIN_GOL,THO_M,SiebertField,D1,BIG10,20260325-SiebertField-2,dd599820-28a4-11f1-b64b-5fc02d581842,88.43088,,,8.1659,,,,,,,34f96caf-3623-479a-a7fb-b2cda99893ab,2026-03-25,23:46:37.29,2026-03-25T18:46:37.2971008-05:00,2026-03-25T23:46:37.2971008Z,,v3,471360,stthomas,193273f8758c40888fe81a81bb299a6a,"Verhage, Terek",10120179,Right,THO_M,d0253914-7191-426f-b3f1-b264b9ecd348,53.73145,-128.81543,14.27532,5.20787,0.33066,-10.63506,-1.51001,1.87955,-3.05577,,,,,,,,,,,,,,,,,,,,,,,,,,,,,,,,,,,,,,,,,,,,,,,,,,,High,High,High,,,,,,,,,,,,,,,,,,,,,,,,,,,,,,,,,,,,
69,2026-03-25,18:46:56.34,1,5,"Scanlon, Jack",1000465398,Right,THO_M,"Hamilton, Davis",837901,Left,MIN_GOL,Undefined,2,Bottom,0,3,1,Fastball,Four-Seam,BallCalled,Walk,Undefined,Undefined,0,0,,88.20977,0.061702,-1.580962,2347.171608,206.691669,1:00,5.19198,1.44637,6.82804,-21.58391,13.40205,6.13024,3.44962,0.51479,79.76033,-4.091698,-0.461447,0.425714,,,,,,,,,,,,-3.71032,7.4365,-1.34654,50,5.18777,3.30273,-128.15235,-0.41292,-6.0969,29.42263,-19.95419,MIN_GOL,THO_M,SiebertField,D1,BIG10,20260325-SiebertField-2,e8c3a700-28a4-11f1-b64b-5fc02d581842,88.53927,,,8.44944,,,,,,,34f96caf-3623-479a-a7fb-b2cda99893ab,2026-03-25,23:46:56.34,2026-03-25T18:46:56.3499008-05:00,2026-03-25T23:46:56.3499008Z,,v3,471360,stthomas,193273f8758c40888fe81a81bb299a6a,"Verhage, Terek",10120179,Right,THO_M,70e6a286-40be-4d26-8afb-91dd9610bc14,53.66715,-128.99155,14.71132,5.19143,0.15621,-9.97709,-1.44322,3.47663,-3.04845,,,,,,,,,,,,,,,,,,,,,,,,,,,,,,,,,,,,,,,,,,,,,,,,,,,High,High,High,,,,,,,,,,,,,,,,,,,,,,,,,,,,,,,,,,,,
70,2026-03-25,18:47:31.40,2,1,"Scanlon, Jack",1000465398,Right,THO_M,"Martin, Jameson",831053,Right,MIN_GOL,Undefined,2,Bottom,0,0,0,Fastball,Cutter,BallCalled,Undefined,Undefined,Undefined,0,0,,87.08445,-0.632605,-0.90645,2343.774033,204.371997,12:45,5.40078,1.2528,6.73447,-23.85974,12.35824,5.00134,2.83431,0.84122,78.43534,-5.205333,0.005937,0.433145,,,,,,,,,,,,-2.90229,7.12252,-1.19455,50,5.3499,1.80595,-126.44126,-2.02855,-4.61658,29.9744,-20.8445,MIN_GOL,THO_M,SiebertField,D1,BIG10,20260325-SiebertField-2,fda3bcf0-28a4-11f1-b64b-5fc02d581842,87.02038,,,8.64912,,,,,,,34f96caf-3623-479a-a7fb-b2cda99893ab,2026-03-25,23:47:31.40,2026-03-25T18:47:31.4026496-05:00,2026-03-25T23:47:31.4026496Z,,v3,471360,stthomas,193273f8758c40888fe81a81bb299a6a,"Verhage, Terek",10120179,Right,THO_M,5ac54c92-2366-4035-817f-855a2d9e331a,53.75906,-127.32928,14.9872,5.40084,-1.41101,-10.42225,-1.25008,1.94272,-2.30829,,,,,,,,,,,,,,,,,,,,,,,,,,,,,,,,,,,,,,,,,,,,,,,,,,,High,High,High,,,,,,,,,,,,,,,,,,,,,,,,,,,,,,,,,,,,
71,2026-03-25,18:48:03.64,2,2,"Scanlon, Jack",1000465398,Right,THO_M,"Martin, Jameson",831053,Right,MIN_GOL,Undefined,2,Bottom,0,1,0,Fastball,Four-Seam,BallCalled,Undefined,Undefined,Undefined,0,0,,86.04874,1.201533,-1.607728,2305.657951,217.901647,1:15,5.34339,1.31711,6.78459,-24.99927,11.92453,8.27556,4.35759,0.53866,77.57151,-3.591992,-0.098114,0.437346,,,,,,,,,,,,-4.83453,6.31004,-1.21496,50,5.41205,3.19275,-124.9448,1.96793,-7.53559,28.45715,-22.33857,MIN_GOL,THO_M,SiebertField,D1,BIG10,20260325-SiebertField-2,10dd27c0-28a5-11f1-b64b-5fc02d581842,86.18457,,,8.47722,,,,,,,34f96caf-3623-479a-a7fb-b2cda99893ab,2026-03-25,23:48:03.64,2026-03-25T18:48:03.6497920-05:00,2026-03-25T23:48:03.6497920Z,,v3,471360,stthomas,193273f8758c40888fe81a81bb299a6a,"Verhage, Terek",10120179,Right,THO_M,aaf31842-f7f2-472c-acf9-44d8a56316f5,53.70995,-125.78693,14.22858,5.34404,2.629,-11.16929,-1.31274,3.41575,-3.7678,,,,,,,,,,,,,,,,,,,,,,,,,,,,,,,,,,,,,,,,,,,,,,,,,,,High,High,High,,,,,,,,,,,,,,,,,,,,,,,,,,,,,,,,,,,,
72,2026-03-25,18:48:37.72,2,3,"Scanlon, Jack",1000465398,Right,THO_M,"Martin, Jameson",831053,Right,MIN_GOL,Undefined,2,Bottom,0,2,0,Fastball,Four-Seam,BallCalled,Undefined,Undefined,Undefined,0,0,,86.45194,0.507195,-1.527195,2278.776271,214.300624,1:15,5.4298,1.10603,6.75411,-24.15348,12.4378,7.61016,3.88048,0.3449,78.03423,-4.123207,-0.139348,0.435372,,,,,,,,,,,,-4.45744,6.79118,-1.0082,50,5.45373,3.05683,-125.55656,0.4787,-7.01956,28.61927,-21.47934,MIN_GOL,THO_M,SiebertField,D1,BIG10,20260325-SiebertField-2,25306700-28a5-11f1-b64b-5fc02d581842,86.57533,,,8.4177,,,,,,,34f96caf-3623-479a-a7fb-b2cda99893ab,2026-03-25,23:48:37.72,2026-03-25T18:48:37.7270000-05:00,2026-03-25T23:48:37.7270000Z,,v3,471360,stthomas,193273f8758c40888fe81a81bb299a6a,"Verhage, Terek",10120179,Right,THO_M,ad2287a8-a64f-4b76-9e05-155fab620aed,53.7405,-126.40629,14.30964,5.43005,1.11644,-10.73967,-1.10205,3.26525,-3.50978,,,,,,,,,,,,,,,,,,,,,,,,,,,,,75.79227,1.583536,0.712858,0.870679,-2.51692,3.58302,-0.33891,-3.43421,5.79576,3.35049,65.57629,1.76074,59.20573,-3.39396,86.53718,-8.47501,5.79511,4.40052,-10.37655,3.37271,68.47765,-5.03403,High,High,High,,,High,High,High,,,,,,,,,,,,,,,,,,,,,,,,,,,,,,,
73,2026-03-25,18:49:02.91,2,4,"Scanlon, Jack",1000465398,Right,THO_M,"Martin, Jameson",831053,Right,MIN_GOL,Undefined,2,Bottom,0,3,0,Fastball,Four-Seam,HitByPitch,Undefined,Undefined,Undefined,0,0,,86.89835,-1.007563,0.126262,2198.020127,201.028052,12:45,5.14699,1.47585,6.93149,-21.02186,14.88406,5.24146,2.47785,2.02758,78.68145,-5.064063,1.086056,0.431275,,,,,,,,,,,,-2.79705,8.64311,-1.48548,50,5.07662,-0.45638,-126.36706,-2.73221,-4.45651,29.27267,-18.40309,MIN_GOL,THO_M,SiebertField,D1,BIG10,20260325-SiebertField-2,3424ae10-28a5-11f1-b64b-5fc02d581842,87.39766,,,8.2169,,,,,,,34f96caf-3623-479a-a7fb-b2cda99893ab,2026-03-25,23:49:02.91,2026-03-25T18:49:02.9159424-05:00,2026-03-25T23:49:02.9159424Z,,v3,471360,stthomas,193273f8758c40888fe81a81bb299a6a,"Verhage, Terek",10120179,Right,THO_M,d4ae82cb-8530-4c43-b410-db289ed461b5,53.56808,-127.19091,14.63634,5.14622,-2.21428,-9.20155,-1.4744,-0.33095,-2.22825,,,,,,,,,,,,,,,,,,,,,,,,,,,,,,,,,,,,,,,,,,,,,,,,,,,High,High,High,,,,,,,,,,,,,,,,,,,,,,,,,,,,,,,,,,,,
74,2026-03-25,18:52:23.59,3,1,"Rasmussen, AJ",825136,Right,THO_M,"Akin, Jackson",1000309281,Right,MIN_GOL,Undefined,2,Bottom,0,0,0,Fastball,Four-Seam,FoulBallNotFieldable,Undefined,Undefined,Undefined,0,0,,86.32354,-1.201099,-2.074671,2043.642742,209.953305,1:00,5.56979,0.98688,6.30199,-18.2282,19.18442,10.27886,2.94329,-0.06883,77.8642,-4.723037,-0.216749,0.440231,71.73062,50.318983,156.166141,4303.737226,-105.14776,66.14504,32.30963,181.29812,62.87571,168.642561,3.732705,-6.03681,10.76489,-0.83942,50,5.47283,4.14037,-125.25033,-3.0907,-9.44499,28.85976,-15.33167,MIN_GOL,THO_M,SiebertField,D1,BIG10,20260325-SiebertField-2,abc89440-28a5-11f1-b64b-5fc02d581842,85.6197,66.69954,,8.45933,,,,2.04343,3.03095,0.09817,34f96caf-3623-479a-a7fb-b2cda99893ab,2026-03-25,23:52:23.59,2026-03-25T18:52:23.5914752-05:00,2026-03-25T23:52:23.5914752Z,FlyBall,v3,471360,stthomas,193273f8758c40888fe81a81bb299a6a,"Verhage, Terek",10120179,Right,THO_M,673c654d-dccd-4631-9cb0-7a1035c56add,54.19547,-126.21334,14.42988,5.56743,-2.57911,-7.66583,-0.98283,4.45553,-4.72249,335.298895,2.04211,-61.40489,0.01466,2.34097,-1.09878,0.42977,-0.09706,0.01073,-0.00044,3.03139,80.95178,-30.71095,3.88501,-0.47432,-0.12179,0.08317,-0.01666,0.00117,0.09912,27.11484,-6.35441,0.47572,0.28528,-0.23267,0.07099,-0.01001,0.00054,,,,,,,,,,,,,,,,,,,,,,,High,High,High,High,Low,,,,,,,,,,,,,,,,,,,,,,,,,,,,,,,,,,
75,2026-03-25,18:52:45.02,3,2,"Rasmussen, AJ",825136,Right,THO_M,"Akin, Jackson",1000309281,Right,MIN_GOL,Undefined,2,Bottom,0,0,1,Curveball,Curveball,FoulBallNotFieldable,Undefined,Undefined,Undefined,0,0,,76.70819,1.11882,-0.599284,2438.29283,39.182664,7:15,5.68655,0.81016,5.79995,-58.55074,-10.21697,-9.71272,1.84811,-0.55664,69.74985,-9.608169,-2.34393,0.500376,77.454,-38.299302,-60.197178,,,,,4.29267,4.29267,-24.002414,0.029059,4.78016,-5.15036,-0.75497,50,5.7434,1.52067,-111.34047,0.30277,5.89158,23.37518,-38.52189,MIN_GOL,THO_M,SiebertField,D1,BIG10,20260325-SiebertField-2,b89a9790-28a5-11f1-b64b-5fc02d581842,75.32817,2.05093,,6.95834,,,,2.63072,2.05093,0.50737,34f96caf-3623-479a-a7fb-b2cda99893ab,2026-03-25,23:52:45.02,2026-03-25T18:52:45.0233344-05:00,2026-03-25T23:52:45.0233344Z,GroundBall,v3,471360,stthomas,193273f8758c40888fe81a81bb299a6a,"Verhage, Terek",10120179,Right,THO_M,daf75314-e448-4e71-b607-0ef11ebce85c,54.70094,-112.32306,11.68759,5.69663,1.92207,-19.26095,-0.81369,1.27302,2.94579,,2.63022,44.41774,,,,,,,,2.05174,-70.57739,,,,,,,,0.50825,-77.54889,,,,,,,,,,,,,,,,,,,,,,,,,,,,,,High,High,High,Estimated,Estimated,,,,,,,,,,,,,,,,,,,,,,,,,,,,,,,,,,
76,2026-03-25,18:53:13.98,3,3,"Rasmussen, AJ",825136,Right,THO_M,"Akin, Jackson",1000309281,Right,MIN_GOL,Undefined,2,Bottom,0,0,2,Fastball,Changeup,BallCalled,Undefined,Undefined,Undefined,0,0,,84.55168,2.387613,-1.589497,1849.601274,221.661583,1:30,5.6138,1.07795,6.25228,-25.68249,13.18635,10.58528,5.67755,0.49386,76.49478,-2.484461,0.321263,0.448717,,,,,,,,,,,,-5.89843,6.50091,-0.96451,50,5.77866,2.98143,-122.64859,4.38397,-8.91809,25.93529,-22.34504,MIN_GOL,THO_M,SiebertField,D1,BIG10,20260325-SiebertField-2,c9ce4750-28a5-11f1-b64b-5fc02d581842,84.00053,,,8.0569,,,,,,,34f96caf-3623-479a-a7fb-b2cda99893ab,2026-03-25,23:53:13.98,2026-03-25T18:53:13.9840000-05:00,2026-03-25T23:53:13.9840000Z,,v3,471360,stthomas,193273f8758c40888fe81a81bb299a6a,"Verhage, Terek",10120179,Right,THO_M,1196db3f-dab9-4cbc-962c-7e9231ceda97,54.24289,-123.54254,12.96764,5.61428,5.15417,-11.17252,-1.07257,3.28882,-4.45904,,,,,,,,,,,,,,,,,,,,,,,,,,,,,,,,,,,,,,,,,,,,,,,,,,,High,High,High,,,,,,,,,,,,,,,,,,,,,,,,,,,,,,,,,,,,
77,2026-03-25,18:53:34.19,3,4,"Rasmussen, AJ",825136,Right,THO_M,"Akin, Jackson",1000309281,Right,MIN_GOL,Undefined,2,Bottom,0,1,2,Curveball,Curveball,FoulBallNotFieldable,Undefined,Undefined,Undefined,0,0,,76.62393,1.349648,-0.053648,2145.000765,19.293998,6:45,5.63372,0.50926,5.75529,-65.98118,-17.37792,-6.68886,1.39186,-0.09809,69.69155,-10.691437,-1.256033,0.501769,,,,,,,,,,,,3.41067,-8.91599,-0.50059,50,5.70516,0.34965,-111.23383,0.47198,4.18494,23.79478,-43.11408,MIN_GOL,THO_M,SiebertField,D1,BIG10,20260325-SiebertField-2,d5e510f0-28a5-11f1-b64b-5fc02d581842,75.11905,,,6.93238,,,,,,,34f96caf-3623-479a-a7fb-b2cda99893ab,2026-03-25,23:53:34.19,2026-03-25T18:53:34.1910016-05:00,2026-03-25T23:53:34.1910016Z,,v3,471360,stthomas,193273f8758c40888fe81a81bb299a6a,"Verhage, Terek",10120179,Right,THO_M,5b264979-efe2-4a9d-a1ad-332a3fa51cc6,54.74743,-112.24479,11.89739,5.6462,2.30375,-21.55704,-0.51167,0.17184,2.09247,,,,,,,,,,,,,,,,,,,,,,,,,,,,,,,,,,,,,,,,,,,,,,,,,,,High,High,High,,,,,,,,,,,,,,,,,,,,,,,,,,,,,,,,,,,,
78,2026-03-25,18:54:01.18,3,5,"Rasmussen, AJ",825136,Right,THO_M,"Akin, Jackson",1000309281,Right,MIN_GOL,Undefined,2,Bottom,0,1,2,Fastball,Four-Seam,BallinDirt,Undefined,Undefined,Undefined,0,0,,88.34518,-3.541274,-3.808895,2193.59271,213.628855,1:00,5.57124,0.76681,6.2111,-16.78253,19.46938,12.01863,0.89301,-1.75209,79.36206,-6.784412,-1.644869,0.433348,,,,,,,,,,,,-7.468,11.65127,-0.48651,50,5.29638,8.00406,-127.6659,-8.3417,-12.08664,31.02703,-13.317,MIN_GOL,THO_M,SiebertField,D1,BIG10,20260325-SiebertField-2,e5f1a5d0-28a5-11f1-b64b-5fc02d581842,86.9796,,,8.98313,,,,,,,34f96caf-3623-479a-a7fb-b2cda99893ab,2026-03-25,23:54:01.18,2026-03-25T18:54:01.1878912-05:00,2026-03-25T23:54:01.1878912Z,,v3,471360,stthomas,193273f8758c40888fe81a81bb299a6a,"Verhage, Terek",10120179,Right,THO_M,426c80d8-9193-47d3-bc46-dc6a396d3f03,54.28427,-128.70291,15.51351,5.56775,-7.89661,-6.6585,-0.76077,8.40803,-6.04332,,,,,,,,,,,,,,,,,,,,,,,,,,,,,,,,,,,,,,,,,,,,,,,,,,,High,High,High,,,,,,,,,,,,,,,,,,,,,,,,,,,,,,,,,,,,
79,2026-03-25,18:54:28.56,3,6,"Rasmussen, AJ",825136,Right,THO_M,"Akin, Jackson",1000309281,Right,MIN_GOL,Undefined,2,Bottom,0,2,2,Fastball,Sinker,InPlay,Undefined,GroundBall,Out,2,0,,88.64506,-2.185608,-2.293241,2041.337319,229.177393,1:45,5.49263,0.84439,6.22483,-20.93659,14.4958,15.36469,1.72873,0.00774,80.50922,-6.156137,0.481395,0.428422,97.27734,-12.39789,-42.167386,,,,,9.39372,8.50257,-34.990895,0.058128,-8.68815,8.5463,-0.68043,50,5.31867,4.53525,-128.60293,-5.52219,-14.41571,28.97177,-17.99373,MIN_GOL,THO_M,SiebertField,D1,BIG10,20260325-SiebertField-2,f63d3f80-28a5-11f1-b64b-5fc02d581842,87.97973,1.78271,,8.13584,,,,1.68498,1.78271,0.0572,34f96caf-3623-479a-a7fb-b2cda99893ab,2026-03-25,23:54:28.56,2026-03-25T18:54:28.5609472-05:00,2026-03-25T23:54:28.5609472Z,GroundBall,v3,471360,stthomas,193273f8758c40888fe81a81bb299a6a,"Verhage, Terek",10120179,Right,THO_M,4bbde2e3-0814-4b09-822f-4cb017c46e30,54.27368,-129.56213,14.48589,5.49164,-4.92645,-8.99686,-0.83849,5.01252,-7.20785,180,1.68382,103.40517,,,,,,,,1.78305,-30.66853,,,,,,,,0.05825,-93.65489,,,,,,,,,,,,,,,,,,,,,,,,,,,,,,High,High,High,Low,Low,,,,,,,,,,,,,,,,,,,,,,,,,,,,,,,,,,
80,2026-03-25,18:55:06.80,4,1,"Rasmussen, AJ",825136,Right,THO_M,"Hunt, Sam",1000048505,Left,MIN_GOL,Undefined,2,Bottom,2,0,0,Curveball,Curveball,StrikeSwinging,Undefined,Undefined,Undefined,0,0,,77.96473,1.567042,-0.674421,2457.822496,26.460727,7:00,5.63603,0.86177,5.69735,-63.98295,-16.87906,-9.23993,1.76488,-0.53673,70.75479,-10.106822,-2.331953,0.493969,,,,,,,,,,,,4.44512,-8.54386,-0.79941,50,5.72821,1.68944,-113.12345,0.92154,5.63928,24.67115,-43.0132,MIN_GOL,THO_M,SiebertField,D1,BIG10,20260325-SiebertField-2,0d11f980-28a6-11f1-b64b-5fc02d581842,76.30526,,,7.20994,,,,,,,34f96caf-3623-479a-a7fb-b2cda99893ab,2026-03-25,23:55:06.80,2026-03-25T18:55:06.8093952-05:00,2026-03-25T23:55:06.8093952Z,,v3,471360,stthomas,193273f8758c40888fe81a81bb299a6a,"Verhage, Terek",10120179,Right,THO_M,748e7580-7708-4481-be45-c0a688e7c5b0,54.8042,-114.16639,12.33558,5.65082,2.73987,-21.5066,-0.86579,1.45104,2.81964,,,,,,,,,,,,,,,,,,,,,,,,,,,,,,,,,,,,,,,,,,,,,,,,,,,High,High,High,,,,,,,,,,,,,,,,,,,,,,,,,,,,,,,,,,,,
81,2026-03-25,18:55:29.50,4,2,"Rasmussen, AJ",825136,Right,THO_M,"Hunt, Sam",1000048505,Left,MIN_GOL,Undefined,2,Bottom,2,0,1,Curveball,Curveball,StrikeSwinging,Undefined,Undefined,Undefined,0,0,,77.6128,1.542623,-0.419294,1997.274014,35.510293,7:15,5.57975,0.70977,5.78469,-60.27035,-12.76068,-10.35426,1.99279,-0.54318,70.14336,-9.505808,-2.278622,0.496092,,,,,,,,,,,,5.1026,-6.45469,-0.66907,50,5.67133,1.22105,-112.56998,1.035,6.39345,24.91608,-40.26164,MIN_GOL,THO_M,SiebertField,D1,BIG10,20260325-SiebertField-2,1aa020e0-28a6-11f1-b64b-5fc02d581842,75.97867,,,7.46944,,,,,,,34f96caf-3623-479a-a7fb-b2cda99893ab,2026-03-25,23:55:29.50,2026-03-25T18:55:29.5047168-05:00,2026-03-25T23:55:29.5047168Z,,v3,471360,stthomas,193273f8758c40888fe81a81bb299a6a,"Verhage, Terek",10120179,Right,THO_M,11ecf8b6-515c-41c9-a61b-465661e2e0bb,54.71502,-113.6088,12.45804,5.59319,2.71363,-20.13082,-0.71442,0.95449,3.19672,,,,,,,,,,,,,,,,,,,,,,,,,,,,,,,,,,,,,,,,,,,,,,,,,,,High,High,High,,,,,,,,,,,,,,,,,,,,,,,,,,,,,,,,,,,,
82,2026-03-25,18:55:48.83,4,3,"Rasmussen, AJ",825136,Right,THO_M,"Hunt, Sam",1000048505,Left,MIN_GOL,Undefined,2,Bottom,2,0,2,Fastball,Four-Seam,StrikeSwinging,Strikeout,Undefined,Undefined,0,0,,86.5304,-0.870545,-0.878256,2171.737411,196.800477,12:30,5.60206,0.66225,6.21487,-16.85501,20.86978,5.85524,3.39395,0.33964,77.20691,-4.167768,0.178913,0.442064,,,,,,,,,,,,-3.29634,11.4693,-0.59904,50,5.5282,1.67804,-125.4048,-2.29644,-5.11941,31.20672,-14.36146,MIN_GOL,THO_M,SiebertField,D1,BIG10,20260325-SiebertField-2,26270690-28a6-11f1-b64b-5fc02d581842,85.26475,,,9.32349,,,,,,,34f96caf-3623-479a-a7fb-b2cda99893ab,2026-03-25,23:55:48.83,2026-03-25T18:55:48.8300000-05:00,2026-03-25T23:55:48.8300000Z,,v3,471360,stthomas,193273f8758c40888fe81a81bb299a6a,"Verhage, Terek",10120179,Right,THO_M,93a7021d-c2ea-4c06-843c-5dc9b8e7eb6e,54.27695,-126.46463,15.60336,5.59791,-1.8087,-7.18073,-0.65898,1.85191,-2.5597,,,,,,,,,,,,,,,,,,,,,,,,,,,,,49.52474,,,1.472852,,,,0.04603,6.1683,-5.83597,79.70004,1.42994,45.08571,0.10109,59.43157,-3.76022,6.2003,16.98705,-13.80994,-5.81372,36.76116,-1.53746,High,High,High,,,High,High,High,,,,,,,,,,,,,,,,,,,,,,,,,,,,,,,
83,2026-03-25,18:58:17.32,1,1,"Capomaccio, Caden",809732,Right,MIN_GOL,"Bond, Owen",10054698,Left,THO_M,Undefined,3,Top,0,0,0,Slider,Curveball,BallCalled,Undefined,Undefined,Undefined,0,0,,82.68583,1.328884,0.306679,2595.951887,35.919915,7:15,5.29291,1.88106,4.44407,-52.31353,-8.87134,-7.47556,2.20112,1.5506,75.35811,-8.026953,-1.001836,0.474381,,,,,,,,,,,,3.70268,-4.22981,-1.9058,50,5.38235,-0.29215,-119.8037,0.60595,5.3409,24.77204,-38.27532,MIN_GOL,THO_M,SiebertField,D1,BIG10,20260325-SiebertField-2,7ea6aa50-28a6-11f1-b64b-5fc02d581842,79.45606,,,7.32772,,,,,,,34f96caf-3623-479a-a7fb-b2cda99893ab,2026-03-25,23:58:17.32,2026-03-25T18:58:17.3258752-05:00,2026-03-25T23:58:17.3258752Z,,v3,471360,stthomas,193273f8758c40888fe81a81bb299a6a,"Hunt, Sam",1000048505,Right,MIN_GOL,41e4c8ea-ea20-4df1-9e44-93fe06d27ae1,56.05541,-121.04932,12.38602,5.30349,2.53055,-19.13766,-1.88436,-0.56071,2.67045,,,,,,,,,,,,,,,,,,,,,,,,,,,,,,,,,,,,,,,,,,,,,,,,,,,High,High,High,,,,,,,,,,,,,,,,,,,,,,,,,,,,,,,,,,,,
84,2026-03-25,18:58:33.24,1,2,"Capomaccio, Caden",809732,Right,MIN_GOL,"Bond, Owen",10054698,Left,THO_M,Undefined,3,Top,0,1,0,Fastball,Sinker,StrikeCalled,Undefined,Undefined,Undefined,0,0,,89.58351,-0.547881,-3.859156,1953.53885,233.583285,1:45,5.71723,1.49128,4.82506,-22.05442,14.68001,18.12489,3.35927,-0.65886,80.82886,-4.641605,-0.678539,0.436222,,,,,,,,,,,,-10.01461,7.74823,-1.12434,50,5.6446,7.84174,-129.49863,-2.06198,-16.84655,29.41072,-19.13995,MIN_GOL,THO_M,SiebertField,D1,BIG10,20260325-SiebertField-2,881e5f10-28a6-11f1-b64b-5fc02d581842,86.40647,,,8.75465,,,,,,,34f96caf-3623-479a-a7fb-b2cda99893ab,2026-03-25,23:58:33.24,2026-03-25T18:58:33.2432896-05:00,2026-03-25T23:58:33.2432896Z,,v3,471360,stthomas,193273f8758c40888fe81a81bb299a6a,"Hunt, Sam",1000048505,Right,MIN_GOL,617ef970-9f52-4ba4-bc2c-d8043f83d158,55.67086,-130.78021,14.70536,5.71628,-1.22795,-9.56997,-1.48204,8.57584,-8.42327,,,,,,,,,,,,,,,,,,,,,,,,,,,,,,,,,,,,,,,,,,,,,,,,,,,High,High,High,,,,,,,,,,,,,,,,,,,,,,,,,,,,,,,,,,,,
85,2026-03-25,18:58:51.68,1,3,"Capomaccio, Caden",809732,Right,MIN_GOL,"Bond, Owen",10054698,Left,THO_M,Undefined,3,Top,0,1,1,Slider,Slider,BallCalled,Undefined,Undefined,Undefined,0,0,,83.4586,-0.027551,-0.628754,2640.875254,61.920203,8:00,5.28861,1.79446,4.61941,-44.23282,-1.88819,-6.1889,1.57635,0.68095,76.15021,-7.981805,-1.715557,0.46835,,,,,,,,,,,,2.83059,-0.48441,-1.72383,50,5.24509,1.61173,-120.9503,-1.83754,4.16329,25.15596,-32.88653,MIN_GOL,THO_M,SiebertField,D1,BIG10,20260325-SiebertField-2,9329fa40-28a6-11f1-b64b-5fc02d581842,80.47922,,,7.30839,,,,,,,34f96caf-3623-479a-a7fb-b2cda99893ab,2026-03-25,23:58:51.68,2026-03-25T18:58:51.6823552-05:00,2026-03-25T23:58:51.6823552Z,,v3,471360,stthomas,193273f8758c40888fe81a81bb299a6a,"Hunt, Sam",1000048505,Right,MIN_GOL,427d6e6c-9aea-49cc-9952-981b11cbb940,55.8787,-122.16686,12.57798,5.2955,-0.24711,-16.44327,-1.79691,1.41038,2.08164,,,,,,,,,,,,,,,,,,,,,,,,,,,,,,,,,,,,,,,,,,,,,,,,,,,High,High,High,,,,,,,,,,,,,,,,,,,,,,,,,,,,,,,,,,,,
86,2026-03-25,18:59:11.08,1,4,"Capomaccio, Caden",809732,Right,MIN_GOL,"Bond, Owen",10054698,Left,THO_M,Undefined,3,Top,0,2,1,Fastball,Sinker,FoulBallNotFieldable,Undefined,Undefined,Undefined,0,0,,90.55556,-1.471104,-2.96448,1920.658159,227.704311,1:30,5.61137,1.70185,4.78332,-20.06485,15.96284,16.11343,2.54277,0.23231,81.67566,-5.207148,-0.134957,0.432006,91.89118,43.373978,-32.525075,3598.537248,86.7083,86.91925,-67.68788,328.9721,159.25978,-47.150988,5.327597,-8.86544,8.67441,-1.42053,50,5.44764,5.99609,-130.97251,-4.11256,-15.2148,30.75445,-17.28707,MIN_GOL,THO_M,SiebertField,D1,BIG10,20260325-SiebertField-2,9ea37270-28a6-11f1-b64b-5fc02d581842,87.24984,107.6263,,8.8799,,,,0.9749,2.43001,-0.14559,34f96caf-3623-479a-a7fb-b2cda99893ab,2026-03-25,23:59:11.08,2026-03-25T18:59:11.0858240-05:00,2026-03-25T23:59:11.0858240Z,FlyBall,v3,471360,stthomas,193273f8758c40888fe81a81bb299a6a,"Hunt, Sam",1000048505,Right,MIN_GOL,ad9915b9-7ad2-4308-965a-cf6d0e30da65,55.71402,-132.30745,15.37722,5.60987,-3.36219,-8.64353,-1.69513,6.65651,-7.6074,138.478862,0.97995,82.53518,-18.09902,4.27745,-0.94783,0.24719,-0.06497,0.01018,-0.00062,2.44104,92.3341,-23.90761,1.35166,0.59833,-0.40624,0.1064,-0.01305,0.00061,-0.15572,-52.46622,0.41952,1.62451,-1.15546,0.46531,-0.10701,0.01281,-0.00061,,,,,,,,,,,,,,,,,,,,,,,High,High,High,High,Low,,,,,,,,,,,,,,,,,,,,,,,,,,,,,,,,,,
87,2026-03-25,18:59:49.72,1,5,"Capomaccio, Caden",809732,Right,MIN_GOL,"Bond, Owen",10054698,Left,THO_M,Undefined,3,Top,0,2,2,Slider,Slider,InPlay,Undefined,GroundBall,Out,1,0,,84.43605,0.544616,-1.114614,2621.169517,82.067054,8:45,5.42075,1.69779,4.45094,-42.2264,-0.20205,-12.31355,2.42136,-0.3914,76.26152,-7.062964,-3.267279,0.466575,53.60777,-40.087183,-15.459291,,,,,4.10751,4.10751,-5.127373,0.047326,5.62,0.14575,-1.56716,50,5.43754,2.95877,-122.18099,-0.57037,8.35571,27.76914,-31.95737,MIN_GOL,THO_M,SiebertField,D1,BIG10,20260325-SiebertField-2,b5b61fd0-28a6-11f1-b64b-5fc02d581842,80.78532,2.41065,,8.17453,,,,1.33066,2.41065,0.39633,34f96caf-3623-479a-a7fb-b2cda99893ab,2026-03-25,23:59:49.72,2026-03-25T18:59:49.7219072-05:00,2026-03-25T23:59:49.7219072Z,GroundBall,v3,471360,stthomas,193273f8758c40888fe81a81bb299a6a,"Hunt, Sam",1000048505,Right,MIN_GOL,11ba645e-1393-49fe-a548-44a5b8508568,56.04636,-123.54756,13.88457,5.42692,1.0023,-15.97868,-1.70265,2.54757,4.17785,,1.32798,58.32821,,,,,,,,2.41299,-50.93753,,,,,,,,0.39707,-16.13122,,,,,,,,,,,,,,,,,,,,,,,,,,,,,,High,High,High,Estimated,Estimated,,,,,,,,,,,,,,,,,,,,,,,,,,,,,,,,,,
88,2026-03-25,19:00:30.35,2,1,"Capomaccio, Caden",809732,Right,MIN_GOL,"Roder, Joe",1000227314,Left,THO_M,Undefined,3,Top,1,0,0,Fastball,Sinker,StrikeCalled,Undefined,Undefined,Undefined,0,0,,92.82309,-1.048454,-2.47675,2022.371668,251.962109,2:30,5.74631,1.5535,4.73871,-26.5773,7.7665,20.0471,2.53593,0.87317,83.75451,-5.911236,1.045209,0.421789,,,,,,,,,,,,-10.56064,4.5011,-1.32274,50,5.61769,4.78362,-134.30836,-3.56989,-19.04113,32.59327,-24.05842,MIN_GOL,THO_M,SiebertField,D1,BIG10,20260325-SiebertField-2,cdf20af0-28a6-11f1-b64b-5fc02d581842,89.36321,,,9.06858,,,,,,,34f96caf-3623-479a-a7fb-b2cda99893ab,2026-03-26,00:00:30.35,2026-03-25T19:00:30.3503872-05:00,2026-03-26T00:00:30.3503872Z,,v3,471360,stthomas,193273f8758c40888fe81a81bb299a6a,"Hunt, Sam",1000048505,Right,MIN_GOL,5bb87170-17b0-4a4e-a8e0-5c97ba11507f,55.75819,-135.69853,16.29664,5.74807,-2.54375,-12.02921,-1.54409,5.59576,-9.52056,,,,,,,,,,,,,,,,,,,,,,,,,,,,,,,,,,,,,,,,,,,,,,,,,,,High,High,High,,,,,,,,,,,,,,,,,,,,,,,,,,,,,,,,,,,,
89,2026-03-25,19:00:49.71,2,2,"Capomaccio, Caden",809732,Right,MIN_GOL,"Roder, Joe",1000227314,Left,THO_M,Undefined,3,Top,1,0,1,Slider,Slider,InPlay,Undefined,GroundBall,Out,1,0,,84.19765,0.400135,-1.58924,2779.222654,48.929598,7:45,5.28282,1.74007,4.67244,-46.59337,-5.11209,-7.41839,1.78022,-0.38792,76.96654,-7.964879,-2.892129,0.463551,98.49532,-35.084065,52.000408,,,,,3.57266,3.57266,36.246805,0.02461,3.17343,-2.24957,-1.57106,50,5.2811,3.72399,-122.04046,-1.03472,4.7572,25.36754,-35.54633,MIN_GOL,THO_M,SiebertField,D1,BIG10,20260325-SiebertField-2,d97a2920-28a6-11f1-b64b-5fc02d581842,81.31238,2.04643,,7.23111,,,,1.08756,2.04643,-0.18349,34f96caf-3623-479a-a7fb-b2cda99893ab,2026-03-26,00:00:49.71,2026-03-25T19:00:49.7182720-05:00,2026-03-26T00:00:49.7182720Z,GroundBall,v3,471360,stthomas,193273f8758c40888fe81a81bb299a6a,"Hunt, Sam",1000048505,Right,MIN_GOL,388b1661-766f-43b2-a1e8-2023e49d6033,55.82732,-123.24579,12.68377,5.29014,0.65424,-17.77317,-1.74263,3.49795,2.3786,180,1.08713,72.88649,,,,,,,,2.04692,-83.15555,,,,,,,,-0.18404,93.29182,,,,,,,,,,,,,,,,,,,,,,,,,,,,,,High,High,High,Low,Low,,,,,,,,,,,,,,,,,,,,,,,,,,,,,,,,,,
90,2026-03-25,19:01:22.89,3,1,"Capomaccio, Caden",809732,Right,MIN_GOL,"McNellis, Lucas",1000133897,Right,THO_M,Undefined,3,Top,2,0,0,Slider,Slider,StrikeCalled,Undefined,Undefined,Undefined,0,0,,84.76038,0.581665,-2.01883,2645.845027,73.124234,8:30,5.21973,1.76891,4.76813,-43.98203,-3.20126,-14.85383,2.10639,-1.38374,77.54691,-7.332193,-4.627952,0.45962,,,,,,,,,,,,6.67721,-1.31937,-1.55302,50,5.23951,5.01493,-122.84539,-0.52696,10.15077,25.51079,-34.1798,MIN_GOL,THO_M,SiebertField,D1,BIG10,20260325-SiebertField-2,ed40b8c0-28a6-11f1-b64b-5fc02d581842,82.00776,,,7.21346,,,,,,,34f96caf-3623-479a-a7fb-b2cda99893ab,2026-03-26,00:01:22.89,2026-03-25T19:01:22.8973568-05:00,2026-03-26T00:01:22.8973568Z,,v3,471360,stthomas,193273f8758c40888fe81a81bb299a6a,"Hunt, Sam",1000048505,Right,MIN_GOL,be7032ba-8a4c-4573-b7d7-768899918689,55.73103,-124.02982,12.75539,5.22714,1.05996,-17.0899,-1.77492,4.54365,5.07539,,,,,,,,,,,,,,,,,,,,,,,,,,,,,,,,,,,,,,,,,,,,,,,,,,,High,High,High,,,,,,,,,,,,,,,,,,,,,,,,,,,,,,,,,,,,
91,2026-03-25,19:01:40.80,3,2,"Capomaccio, Caden",809732,Right,MIN_GOL,"McNellis, Lucas",1000133897,Right,THO_M,Undefined,3,Top,2,0,1,Slider,Curveball,BallinDirt,Undefined,Undefined,Undefined,0,0,,83.90124,-0.214822,-1.827233,2747.08604,48.030084,7:30,5.34799,1.81486,4.77442,-52.43361,-10.44237,-13.22509,0.77477,-1.02001,76.41318,-9.607362,-4.156275,0.466392,,,,,,,,,,,,5.91945,-4.65937,-1.61974,50,5.28028,4.4741,-121.53053,-2.57085,8.7123,27.34923,-39.03178,MIN_GOL,THO_M,SiebertField,D1,BIG10,20260325-SiebertField-2,f7ef8df0-28a6-11f1-b64b-5fc02d581842,80.81712,,,7.48806,,,,,,,34f96caf-3623-479a-a7fb-b2cda99893ab,2026-03-26,00:01:40.80,2026-03-25T19:01:40.8078848-05:00,2026-03-26T00:01:40.8078848Z,,v3,471360,stthomas,193273f8758c40888fe81a81bb299a6a,"Hunt, Sam",1000048505,Right,MIN_GOL,724c9ac8-95cf-407e-b7ab-0f5f37924071,55.72579,-122.8123,13.67462,5.3579,-0.74155,-19.51589,-1.81987,4.06578,4.35615,,,,,,,,,,,,,,,,,,,,,,,,,,,,,,,,,,,,,,,,,,,,,,,,,,,High,High,High,,,,,,,,,,,,,,,,,,,,,,,,,,,,,,,,,,,,
92,2026-03-25,19:01:58.72,3,3,"Capomaccio, Caden",809732,Right,MIN_GOL,"McNellis, Lucas",1000133897,Right,THO_M,Undefined,3,Top,2,1,1,Sinker,Sinker,StrikeSwinging,Undefined,Undefined,Undefined,0,0,,91.4629,-1.071719,-2.674906,1818.503931,269.631277,3:00,5.68864,1.58772,5.10924,-33.27372,1.26252,21.2069,1.9049,0.83299,83.54668,-7.11998,1.078963,0.422969,,,,,,,,,,,,-11.32879,1.26547,-1.35293,50,5.56158,5.18862,-132.60209,-3.84374,-20.10179,29.26058,-29.92859,MIN_GOL,THO_M,SiebertField,D1,BIG10,20260325-SiebertField-2,028e84a0-28a7-11f1-b64b-5fc02d581842,89.11388,,,7.91621,,,,,,,34f96caf-3623-479a-a7fb-b2cda99893ab,2026-03-26,00:01:58.72,2026-03-25T19:01:58.7246080-05:00,2026-03-26T00:01:58.7246080Z,,v3,471360,stthomas,193273f8758c40888fe81a81bb299a6a,"Hunt, Sam",1000048505,Right,MIN_GOL,7d3b3290-e03c-4522-a557-6e0a7991abc8,55.39115,-133.78644,14.63029,5.69264,-2.63236,-14.9643,-1.57941,6.00226,-10.0509,,,,,,,,,,,,,,,,,,,,,,,,,,,,,,,,,,,,,,,,,,,,,,,,,,,High,High,High,,,,,,,,,,,,,,,,,,,,,,,,,,,,,,,,,,,,
93,2026-03-25,19:02:19.24,3,4,"Capomaccio, Caden",809732,Right,MIN_GOL,"McNellis, Lucas",1000133897,Right,THO_M,Undefined,3,Top,2,1,2,Slider,Curveball,InPlay,Undefined,GroundBall,Single,0,0,,85.12222,-0.41891,-1.143332,2768.183023,29.998607,7:00,5.31212,1.67947,4.64276,-50.2879,-9.3502,-6.22115,0.7233,0.07441,77.44924,-9.419811,-2.237452,0.460504,73.32551,6.254467,-23.220412,881.906938,,,,80.87972,78.06872,-23.691515,0.794481,2.7011,-4.12091,-1.55634,50,5.2227,2.74606,-123.30938,-2.97522,4.0972,27.91096,-38.42491,MIN_GOL,THO_M,SiebertField,D1,BIG10,20260325-SiebertField-2,0ed29fd0-28a7-11f1-b64b-5fc02d581842,81.85048,2.84965,,7.67298,,,,2.6319,0.75486,0.07691,34f96caf-3623-479a-a7fb-b2cda99893ab,2026-03-26,00:02:19.24,2026-03-25T19:02:19.2401408-05:00,2026-03-26T00:02:19.2401408Z,GroundBall,v3,471360,stthomas,193273f8758c40888fe81a81bb299a6a,"Hunt, Sam",1000048505,Right,MIN_GOL,90c18298-222f-4844-ae4f-eca00a2324e8,55.85746,-124.62816,13.95548,5.32039,-1.15966,-19.21246,-1.68152,2.55247,2.0486,100.866421,2.66383,97.69786,-9.90001,,,,,,,0.77668,11.34712,-15.54566,,,,,,,0.07717,-42.15397,1.44916,,,,,,,,,,,,,,,,,,,,,,,,,,,,,High,High,High,High,High,,,,,,,,,,,,,,,,,,,,,,,,,,,,,,,,,,
94,2026-03-25,19:02:59.84,4,1,"Capomaccio, Caden",809732,Right,MIN_GOL,"Von Schlegell, Zan",807371,Right,THO_M,Undefined,3,Top,2,0,0,Sinker,Sinker,InPlay,Undefined,GroundBall,Out,1,0,,92.30415,-0.64178,-2.548063,1857.584111,240.911711,2:00,5.7062,1.553,4.8142,-23.14478,11.06024,17.89796,3.16889,0.62915,84.18062,-4.890757,0.598721,0.420936,64.65225,-9.618732,-15.477278,,,,,15.66112,15.66112,-16.851792,0.160759,-9.548,5.94319,-1.31617,50,5.62285,5.07316,-133.78533,-2.42879,-17.29594,29.00256,-21.4081,MIN_GOL,THO_M,SiebertField,D1,BIG10,20260325-SiebertField-2,26fe1030-28a7-11f1-b64b-5fc02d581842,89.5443,3.16327,,8.12354,,,,0.82385,3.16327,-0.63405,34f96caf-3623-479a-a7fb-b2cda99893ab,2026-03-26,00:02:59.84,2026-03-25T19:02:59.8413824-05:00,2026-03-26T00:02:59.8413824Z,GroundBall,v3,471360,stthomas,193273f8758c40888fe81a81bb299a6a,"Hunt, Sam",1000048505,Right,MIN_GOL,abcffc5d-4d04-412f-8748-e1fbc08590d4,55.68519,-135.01216,14.50128,5.70644,-1.5232,-10.70405,-1.54624,5.80479,-8.64797,356.482902,0.82385,90.09943,-12.36437,,,,,,,3.16387,-15.89383,-23.58208,,,,,,,-0.63407,-24.94642,4.03744,,,,,,,,,,,,,,,,,,,,,,,,,,,,,High,High,High,High,High,,,,,,,,,,,,,,,,,,,,,,,,,,,,,,,,,,
95,2026-03-25,19:05:14.14,1,1,"Rasmussen, AJ",825136,Right,THO_M,"Allen, Tyler",10962618,Right,MIN_GOL,Undefined,3,Bottom,0,0,0,Curveball,Curveball,StrikeCalled,Undefined,Undefined,Undefined,0,0,,74.90156,2.554791,-1.222917,2368.78496,38.754053,7:15,5.54917,0.85196,5.88515,-62.82791,-12.5304,-11.39493,2.68801,-1.23339,68.38841,-8.961801,-3.269273,0.51044,,,,,,,,,,,,5.40362,-6.59331,-0.74697,50,5.72,2.73695,-108.7091,2.87184,6.39279,21.07954,-39.97432,MIN_GOL,THO_M,SiebertField,D1,BIG10,20260325-SiebertField-2,7725ee20-28a7-11f1-b64b-5fc02d581842,73.84304,,,6.51315,,,,,,,34f96caf-3623-479a-a7fb-b2cda99893ab,2026-03-26,00:05:14.14,2026-03-25T19:05:14.1421568-05:00,2026-03-26T00:05:14.1421568Z,,v3,471360,stthomas,193273f8758c40888fe81a81bb299a6a,"Verhage, Terek",10120179,Right,THO_M,1483d1fb-1d5d-4e2c-9746-aa0d29570f21,54.6165,-109.60062,10.53977,5.56279,4.56248,-19.98716,-0.857,2.46657,3.19639,,,,,,,,,,,,,,,,,,,,,,,,,,,,,,,,,,,,,,,,,,,,,,,,,,,High,High,High,,,,,,,,,,,,,,,,,,,,,,,,,,,,,,,,,,,,
96,2026-03-25,19:05:27.33,1,2,"Rasmussen, AJ",825136,Right,THO_M,"Allen, Tyler",10962618,Right,MIN_GOL,Undefined,3,Bottom,0,0,1,Curveball,Curveball,BallCalled,Undefined,Undefined,Undefined,0,0,,77.05465,1.884831,-0.879878,2279.178897,57.199439,8:00,5.34696,0.84226,5.67322,-57.59798,-9.53217,-17.34883,2.30519,-1.42385,70.09059,-8.65117,-3.983678,0.498987,,,,,,,,,,,,8.44965,-4.85406,-0.75729,50,5.47045,2.3878,-111.79306,1.76535,10.52877,23.04524,-38.22249,MIN_GOL,THO_M,SiebertField,D1,BIG10,20260325-SiebertField-2,7ef54a10-28a7-11f1-b64b-5fc02d581842,75.53785,,,6.96405,,,,,,,34f96caf-3623-479a-a7fb-b2cda99893ab,2026-03-26,00:05:27.33,2026-03-25T19:05:27.3376256-05:00,2026-03-26T00:05:27.3376256Z,,v3,471360,stthomas,193273f8758c40888fe81a81bb299a6a,"Verhage, Terek",10120179,Right,THO_M,a1492360-389b-4532-ac49-34d0ee8a0444,54.82716,-112.78375,11.52262,5.35924,3.40849,-19.11124,-0.85021,1.93517,5.26438,,,,,,,,,,,,,,,,,,,,,,,,,,,,,,,,,,,,,,,,,,,,,,,,,,,High,High,High,,,,,,,,,,,,,,,,,,,,,,,,,,,,,,,,,,,,
97,2026-03-25,19:05:42.02,1,3,"Rasmussen, AJ",825136,Right,THO_M,"Allen, Tyler",10962618,Right,MIN_GOL,Undefined,3,Bottom,0,1,1,Fastball,Sinker,BallinDirt,Undefined,Undefined,Undefined,0,0,,85.71767,-3.460921,-1.800515,2074.116379,232.201316,1:45,5.50353,0.80271,6.14991,-23.511,14.63505,17.1269,0.341,0.56576,77.91826,-7.883914,1.291091,0.444525,,,,,,,,,,,,-9.43567,9.04634,-0.67444,50,5.22789,3.23444,-124.21714,-8.19938,-14.57379,27.54212,-18.2016,MIN_GOL,THO_M,SiebertField,D1,BIG10,20260325-SiebertField-2,87bd0fc0-28a7-11f1-b64b-5fc02d581842,84.79265,,,7.79941,,,,,,,34f96caf-3623-479a-a7fb-b2cda99893ab,2026-03-26,00:05:42.02,2026-03-25T19:05:42.0268032-05:00,2026-03-26T00:05:42.0268032Z,,v3,471360,stthomas,193273f8758c40888fe81a81bb299a6a,"Verhage, Terek",10120179,Right,THO_M,dee46cb5-5ea5-4d8a-b55e-7e5fe748cd78,54.34832,-125.17756,13.77106,5.50274,-7.56468,-9.1008,-0.79609,3.74264,-7.28689,,,,,,,,,,,,,,,,,,,,,,,,,,,,,,,,,,,,,,,,,,,,,,,,,,,High,High,High,,,,,,,,,,,,,,,,,,,,,,,,,,,,,,,,,,,,
98,2026-03-25,19:06:02.69,1,4,"Rasmussen, AJ",825136,Right,THO_M,"Allen, Tyler",10962618,Right,MIN_GOL,Undefined,3,Bottom,0,2,1,Fastball,Cutter,BallCalled,Undefined,Undefined,Undefined,0,0,,85.41795,2.613832,-3.092759,2200.406752,181.840343,12:00,5.51811,0.71469,6.43005,-18.69816,19.67611,0.58736,6.36745,-2.08165,76.3541,-1.02935,-2.986637,0.445853,,,,,,,,,,,,-1.32319,9.69213,-0.49461,50,5.69522,6.65159,-123.56121,5.23269,-2.00825,28.8163,-17.46402,MIN_GOL,THO_M,SiebertField,D1,BIG10,20260325-SiebertField-2,93fd8170-28a7-11f1-b64b-5fc02d581842,84.54011,,,9.06384,,,,,,,34f96caf-3623-479a-a7fb-b2cda99893ab,2026-03-26,00:06:02.69,2026-03-25T19:06:02.6982400-05:00,2026-03-26T00:06:02.6982400Z,,v3,471360,stthomas,193273f8758c40888fe81a81bb299a6a,"Verhage, Terek",10120179,Right,THO_M,35213b01-4d7d-4012-9d98-37566d2e92ea,54.05847,-124.50411,14.40815,5.51465,5.80412,-8.73201,-0.71333,6.7173,-1.00412,,,,,,,,,,,,,,,,,,,,,,,,,,,,,,,,,,,,,,,,,,,,,,,,,,,High,High,High,,,,,,,,,,,,,,,,,,,,,,,,,,,,,,,,,,,,
99,2026-03-25,19:06:25.04,1,5,"Rasmussen, AJ",825136,Right,THO_M,"Allen, Tyler",10962618,Right,MIN_GOL,Undefined,3,Bottom,0,3,1,Fastball,Four-Seam,BallCalled,Walk,Undefined,Undefined,0,0,,86.82902,-2.862456,-3.269463,2181.709453,213.392283,1:00,5.46505,0.85749,6.18884,-18.94257,18.52769,11.26804,1.23709,-1.22548,78.03627,-6.501962,-1.239424,0.44057,,,,,,,,,,,,-6.87268,10.92961,-0.61611,50,5.23919,6.7131,-125.6108,-6.78635,-10.77142,29.96071,-15.04427,MIN_GOL,THO_M,SiebertField,D1,BIG10,20260325-SiebertField-2,a14ddc80-28a7-11f1-b64b-5fc02d581842,85.55385,,,8.79274,,,,,,,34f96caf-3623-479a-a7fb-b2cda99893ab,2026-03-26,00:06:25.04,2026-03-25T19:06:25.0431488-05:00,2026-03-26T00:06:25.0431488Z,,v3,471360,stthomas,193273f8758c40888fe81a81bb299a6a,"Verhage, Terek",10120179,Right,THO_M,6f22399c-ab50-41e6-ae49-c918bc595480,54.30566,-126.63362,14.98035,5.46211,-6.27276,-7.52214,-0.85156,7.08082,-5.38571,,,,,,,,,,,,,,,,,,,,,,,,,,,,,,,,,,,,,,,,,,,,,,,,,,,High,High,High,,,,,,,,,,,,,,,,,,,,,,,,,,,,,,,,,,,,
100,2026-03-25,19:07:16.38,2,1,"Rasmussen, AJ",825136,Right,THO_M,"Spanier, Jack",822384,Right,MIN_GOL,Undefined,3,Bottom,0,0,0,Fastball,Four-Seam,BallCalled,Undefined,Undefined,Undefined,0,0,,87.01417,-0.823979,-3.176948,2254.952026,197.786685,12:30,5.51805,0.54187,6.54584,-16.97028,19.6154,5.8665,3.347,-1.88572,78.3248,-4.132927,-2.113667,0.435339,,,,,,,,,,,,-4.07256,10.90032,-0.32412,50,5.45329,6.7703,-126.14022,-2.20095,-6.45935,29.39093,-14.8854,MIN_GOL,THO_M,SiebertField,D1,BIG10,20260325-SiebertField-2,bff35200-28a7-11f1-b64b-5fc02d581842,86.58189,,,8.68937,,,,,,,34f96caf-3623-479a-a7fb-b2cda99893ab,2026-03-26,00:07:16.38,2026-03-25T19:07:16.3875840-05:00,2026-03-26T00:07:16.3875840Z,,v3,471360,stthomas,193273f8758c40888fe81a81bb299a6a,"Verhage, Terek",10120179,Right,THO_M,f405f43f-b897-44bb-b726-a4c2c8f2f542,53.94845,-127.05688,14.69547,5.51469,-1.7367,-7.4427,-0.53842,6.97176,-3.22967,,,,,,,,,,,,,,,,,,,,,,,,,,,,,,,,,,,,,,,,,,,,,,,,,,,High,High,High,,,,,,,,,,,,,,,,,,,,,,,,,,,,,,,,,,,,
101,2026-03-25,19:07:37.04,2,2,"Rasmussen, AJ",825136,Right,THO_M,"Spanier, Jack",822384,Right,MIN_GOL,Undefined,3,Bottom,0,1,0,Fastball,Four-Seam,BallCalled,Undefined,Undefined,Undefined,0,0,,87.82501,-3.011506,-2.530725,2214.639766,207.91544,1:00,5.47421,0.76557,6.10972,-17.4395,19.08477,9.40158,1.23096,-0.79259,79.30928,-6.359395,-0.837968,0.434973,,,,,,,,,,,,-5.63158,11.18044,-0.57592,50,5.23351,5.23099,-127.16676,-7.15747,-9.09168,29.51234,-14.12425,MIN_GOL,THO_M,SiebertField,D1,BIG10,20260325-SiebertField-2,cc37e260-28a7-11f1-b64b-5fc02d581842,86.6547,,,8.51573,,,,,,,34f96caf-3623-479a-a7fb-b2cda99893ab,2026-03-26,00:07:37.04,2026-03-25T19:07:37.0439680-05:00,2026-03-26T00:07:37.0439680Z,,v3,471360,stthomas,193273f8758c40888fe81a81bb299a6a,"Verhage, Terek",10120179,Right,THO_M,03472ce7-0c9a-4844-89dc-6488acf74513,54.3858,-128.18055,14.75617,5.47105,-6.67227,-7.06212,-0.76098,5.54331,-4.54584,,,,,,,,,,,,,,,,,,,,,,,,,,,,,,,,,,,,,,,,,,,,,,,,,,,High,High,High,,,,,,,,,,,,,,,,,,,,,,,,,,,,,,,,,,,,
102,2026-03-25,19:07:56.09,2,3,"Rasmussen, AJ",825136,Right,THO_M,"Spanier, Jack",822384,Right,MIN_GOL,Undefined,3,Bottom,0,2,0,Fastball,Four-Seam,BallCalled,Undefined,Undefined,Undefined,0,0,,86.8695,-2.778224,-2.678681,2197.030104,198.724429,12:30,5.49893,0.71924,6.32581,-17.77714,19.00674,6.01154,1.45422,-1.24842,78.95598,-6.188087,-1.592362,0.436516,,,,,,,,,,,,-3.9111,11.08213,-0.52623,50,5.28714,5.65228,-125.9111,-6.56706,-6.23139,27.36301,-14.51741,MIN_GOL,THO_M,SiebertField,D1,BIG10,20260325-SiebertField-2,d7b35660-28a7-11f1-b64b-5fc02d581842,86.34836,,,7.91351,,,,,,,34f96caf-3623-479a-a7fb-b2cda99893ab,2026-03-26,00:07:56.09,2026-03-25T19:07:56.0955392-05:00,2026-03-26T00:07:56.0955392Z,,v3,471360,stthomas,193273f8758c40888fe81a81bb299a6a,"Verhage, Terek",10120179,Right,THO_M,ba735434-1a20-4cb2-87c6-cef60f732a52,54.17019,-126.81413,13.68151,5.49595,-6.08796,-7.25871,-0.71616,5.85793,-3.1157,,,,,,,,,,,,,,,,,,,,,,,,,,,,,,,,,,,,,,,,,,,,,,,,,,,High,High,High,,,,,,,,,,,,,,,,,,,,,,,,,,,,,,,,,,,,
103,2026-03-25,19:08:16.39,2,4,"Rasmussen, AJ",825136,Right,THO_M,"Spanier, Jack",822384,Right,MIN_GOL,Undefined,3,Bottom,0,3,0,Fastball,Four-Seam,StrikeCalled,Undefined,Undefined,Undefined,0,0,,86.50123,-1.86097,-1.70651,2197.286323,209.686842,1:00,5.48695,0.73103,6.10012,-15.82623,21.72371,11.60906,2.44562,0.11973,78.04224,-4.935799,0.384463,0.441038,,,,,,,,,,,,-6.48477,12.15646,-0.6055,50,5.33526,3.25903,-125.42207,-4.45546,-10.18794,28.61238,-13.0755,MIN_GOL,THO_M,SiebertField,D1,BIG10,20260325-SiebertField-2,e3b167e0-28a7-11f1-b64b-5fc02d581842,85.463,,,8.45899,,,,,,,34f96caf-3623-479a-a7fb-b2cda99893ab,2026-03-26,00:08:16.39,2026-03-25T19:08:16.3924480-05:00,2026-03-26T00:08:16.3924480Z,,v3,471360,stthomas,193273f8758c40888fe81a81bb299a6a,"Verhage, Terek",10120179,Right,THO_M,30e4c7f9-273a-406b-a7d6-ef8774f40813,54.39517,-126.42076,14.30619,5.48281,-3.99907,-6.53775,-0.72546,3.61463,-5.09397,,,,,,,,,,,,,,,,,,,,,,,,,,,,,,,,,,,,,,,,,,,,,,,,,,,High,High,High,,,,,,,,,,,,,,,,,,,,,,,,,,,,,,,,,,,,
104,2026-03-25,19:08:38.68,2,5,"Rasmussen, AJ",825136,Right,THO_M,"Spanier, Jack",822384,Right,MIN_GOL,Undefined,3,Bottom,0,3,1,Fastball,Four-Seam,FoulBallNotFieldable,Undefined,Undefined,Undefined,0,0,,86.1818,-2.166825,-2.510216,2202.701629,210.408452,1:00,5.55532,0.68921,6.28252,-15.63505,22.18257,12.1726,2.25245,-0.61146,77.33798,-5.230334,-0.311794,0.442607,,,,,,,,,,,,-7.19469,12.68079,-0.50981,50,5.38781,5.00051,-124.87933,-5.08557,-11.1286,29.95296,-12.55963,MIN_GOL,THO_M,SiebertField,D1,BIG10,20260325-SiebertField-2,f10ff3c0-28a7-11f1-b64b-5fc02d581842,85.16,,,8.84382,,,,,,,34f96caf-3623-479a-a7fb-b2cda99893ab,2026-03-26,00:08:38.68,2026-03-25T19:08:38.6886144-05:00,2026-03-26T00:08:38.6886144Z,,v3,471360,stthomas,193273f8758c40888fe81a81bb299a6a,"Verhage, Terek",10120179,Right,THO_M,159311d1-9ff8-407c-b7a9-63e6d7bc82c1,54.21431,-125.8861,14.97648,5.55165,-4.66343,-6.27981,-0.68417,5.37456,-5.5643,,,,,,,,,,,,,,,,,,,,,,,,,,,,,,,,,,,,,,,,,,,,,,,,,,,High,High,High,,,,,,,,,,,,,,,,,,,,,,,,,,,,,,,,,,,,
105,2026-03-25,19:09:22.17,2,6,"Rasmussen, AJ",825136,Right,THO_M,"Spanier, Jack",822384,Right,MIN_GOL,Undefined,3,Bottom,0,3,2,Fastball,Four-Seam,InPlay,Undefined,LineDrive,Single,0,0,,86.55254,-1.652954,-2.122069,2172.52277,216.239439,1:15,5.52237,0.70435,6.28462,-20.96407,16.19686,10.91008,2.2505,-0.34312,78.35963,-5.65336,-0.150117,0.438747,83.70478,16.700344,-24.579055,1967.076875,97.7131,21.80811,-50.5182,230.81769,229.51738,-31.174599,2.47448,-6.36044,9.32599,-0.55311,50,5.39032,4.23119,-125.58474,-4.20315,-10.03219,28.36873,-17.46436,MIN_GOL,THO_M,SiebertField,D1,BIG10,20260325-SiebertField-2,0ae40b10-28a8-11f1-b64b-5fc02d581842,85.9092,22.00561,,8.19291,,,,2.71033,2.43059,0.32816,34f96caf-3623-479a-a7fb-b2cda99893ab,2026-03-26,00:09:22.17,2026-03-25T19:09:22.1740032-05:00,2026-03-26T00:09:22.1740032Z,LineDrive,v3,471360,stthomas,193273f8758c40888fe81a81bb299a6a,"Verhage, Terek",10120179,Right,THO_M,a6de161a-30a5-4d5f-b58f-24cf5d907955,54.21323,-126.5329,14.18437,5.52104,-3.61945,-8.73218,-0.70013,4.5665,-5.0161,116.929855,2.71034,106.93331,-17.57313,3.89246,-0.77572,0.0876,0.0094,-0.00698,0.00111,2.43058,35.2799,-17.02844,1.08906,-0.11813,0.06759,-0.03767,0.01266,-0.00167,0.32816,-48.91084,-1.53456,1.51694,-0.55246,0.1456,-0.03265,0.00508,-0.0004,,,,,,,,,,,,,,,,,,,,,,,High,High,High,High,High,,,,,,,,,,,,,,,,,,,,,,,,,,,,,,,,,,
106,2026-03-25,19:10:12.48,3,1,"Rasmussen, AJ",825136,Right,THO_M,"Lippe, Michael",702588,Right,MIN_GOL,Undefined,3,Bottom,0,0,0,Curveball,Curveball,StrikeCalled,Undefined,Undefined,Undefined,0,0,,75.64155,2.231965,-0.7583,2383.331152,36.802637,7:15,5.53012,0.72836,5.87541,-60.84362,-11.0876,-9.64016,2.53403,-0.77931,68.4338,-8.953705,-2.490384,0.507685,,,,,,,,,,,,4.62134,-5.75642,-0.66173,50,5.6765,1.8129,-109.69372,2.33493,5.51571,23.10253,-39.04449,MIN_GOL,THO_M,SiebertField,D1,BIG10,20260325-SiebertField-2,28f297c0-28a8-11f1-b64b-5fc02d581842,74.24376,,,7.20775,,,,,,,34f96caf-3623-479a-a7fb-b2cda99893ab,2026-03-26,00:10:12.48,2026-03-25T19:10:12.4858368-05:00,2026-03-26T00:10:12.4858368Z,,v3,471360,stthomas,193273f8758c40888fe81a81bb299a6a,"Verhage, Terek",10120179,Right,THO_M,3ac2e052-6a17-409d-9d47-eff9d60219c5,54.62376,-110.66324,11.55126,5.54413,3.97347,-19.52225,-0.73295,1.58143,2.75785,,,,,,,,,,,,,,,,,,,,,,,,,,,,,,,,,,,,,,,,,,,,,,,,,,,High,High,High,,,,,,,,,,,,,,,,,,,,,,,,,,,,,,,,,,,,
107,2026-03-25,19:10:31.76,3,2,"Rasmussen, AJ",825136,Right,THO_M,"Lippe, Michael",702588,Right,MIN_GOL,Undefined,3,Bottom,0,0,1,Curveball,Curveball,BallinDirt,Undefined,Undefined,Undefined,0,0,,76.87177,0.842271,-0.963538,2200.881496,34.604411,7:15,5.54187,0.62011,5.90081,-62.67708,-14.50296,-11.21012,1.10085,-1.20863,69.78558,-10.633354,-2.982756,0.499549,,,,,,,,,,,,5.40315,-7.20189,-0.53627,50,5.57417,2.28949,-111.56727,-0.37235,6.6492,24.4989,-41.03678,MIN_GOL,THO_M,SiebertField,D1,BIG10,20260325-SiebertField-2,346a6240-28a8-11f1-b64b-5fc02d581842,75.45288,,,7.08619,,,,,,,34f96caf-3623-479a-a7fb-b2cda99893ab,2026-03-26,00:10:31.76,2026-03-25T19:10:31.7644288-05:00,2026-03-26T00:10:31.7644288Z,,v3,471360,stthomas,193273f8758c40888fe81a81bb299a6a,"Verhage, Terek",10120179,Right,THO_M,69bc0bd9-ab8a-48eb-a0cc-4f2e3832b278,54.60032,-112.57291,12.24945,5.55489,1.31215,-20.51839,-0.62465,2.01655,3.3246,,,,,,,,,,,,,,,,,,,,,,,,,,,,,,,,,,,,,,,,,,,,,,,,,,,High,High,High,,,,,,,,,,,,,,,,,,,,,,,,,,,,,,,,,,,,
108,2026-03-25,19:10:53.96,3,3,"Rasmussen, AJ",825136,Right,THO_M,"Lippe, Michael",702588,Right,MIN_GOL,Undefined,3,Bottom,0,1,1,Fastball,Four-Seam,StrikeCalled,Undefined,Undefined,Undefined,0,0,,86.81093,-2.411191,-2.10169,2068.550164,214.992007,1:15,5.49903,0.68308,6.15743,-18.89678,18.23611,11.84442,1.69392,-0.27239,78.64755,-6.024447,0.034084,0.438582,,,,,,,,,,,,-6.72516,10.53843,-0.52913,50,5.30598,4.13443,-125.84953,-5.80975,-10.67076,28.07905,-15.45278,MIN_GOL,THO_M,SiebertField,D1,BIG10,20260325-SiebertField-2,41986840-28a8-11f1-b64b-5fc02d581842,85.94159,,,8.16338,,,,,,,34f96caf-3623-479a-a7fb-b2cda99893ab,2026-03-26,00:10:53.96,2026-03-25T19:10:53.9680256-05:00,2026-03-26T00:10:53.9680256Z,,v3,471360,stthomas,193273f8758c40888fe81a81bb299a6a,"Verhage, Terek",10120179,Right,THO_M,0d89869b-218a-4a6e-a18f-e7b88dbccb7d,54.33832,-126.81378,14.03953,5.49638,-5.27909,-7.72639,-0.6774,4.50088,-5.33538,,,,,,,,,,,,,,,,,,,,,,,,,,,,,,,,,,,,,,,,,,,,,,,,,,,High,High,High,,,,,,,,,,,,,,,,,,,,,,,,,,,,,,,,,,,,
109,2026-03-25,19:11:12.90,3,4,"Rasmussen, AJ",825136,Right,THO_M,"Lippe, Michael",702588,Right,MIN_GOL,Undefined,3,Bottom,0,1,2,Curveball,Curveball,BallCalled,Undefined,Undefined,Undefined,0,0,,77.10252,1.115578,0.636715,2403.72072,23.04153,6:45,5.50637,0.62232,5.81312,-65.47208,-17.27973,-8.11752,1.08789,0.53794,69.73014,-10.858369,-0.824438,0.499644,,,,,,,,,,,,4.35272,-8.62591,-0.66971,50,5.55956,-0.93579,-111.85728,0.0147,5.36713,25.20964,-42.81025,MIN_GOL,THO_M,SiebertField,D1,BIG10,20260325-SiebertField-2,4cead070-28a8-11f1-b64b-5fc02d581842,75.43865,,,7.37239,,,,,,,34f96caf-3623-479a-a7fb-b2cda99893ab,2026-03-26,00:11:12.90,2026-03-25T19:11:12.9057792-05:00,2026-03-26T00:11:12.9057792Z,,v3,471360,stthomas,193273f8758c40888fe81a81bb299a6a,"Verhage, Terek",10120179,Right,THO_M,dd0519b2-1d8e-4d6c-836b-200bef511d40,54.68785,-112.90885,12.60482,5.52171,1.80045,-21.40513,-0.62601,-1.15967,2.68357,,,,,,,,,,,,,,,,,,,,,,,,,,,,,,,,,,,,,,,,,,,,,,,,,,,High,High,High,,,,,,,,,,,,,,,,,,,,,,,,,,,,,,,,,,,,
110,2026-03-25,19:11:39.59,3,5,"Rasmussen, AJ",825136,Right,THO_M,"Lippe, Michael",702588,Right,MIN_GOL,Undefined,3,Bottom,0,2,2,Curveball,Curveball,FoulBallNotFieldable,Undefined,Undefined,Undefined,0,0,,77.69781,1.805394,-0.433408,2221.913631,44.768316,7:30,5.52499,0.629,5.84886,-60.6083,-13.36056,-14.9582,2.15254,-1.02026,70.28538,-9.313796,-3.121739,0.494723,58.72235,-60.310289,-74.16707,,,,,2.79594,2.79594,-6.239909,0.030793,7.52587,-7.0215,-0.58481,50,5.6363,1.40804,-112.73367,1.58799,9.46108,24.91261,-41.00105,MIN_GOL,THO_M,SiebertField,D1,BIG10,20260325-SiebertField-2,5cd20300-28a8-11f1-b64b-5fc02d581842,76.18898,2.31517,,7.41244,,,,2.41924,2.31517,0.96603,34f96caf-3623-479a-a7fb-b2cda99893ab,2026-03-26,00:11:39.59,2026-03-25T19:11:39.5963392-05:00,2026-03-26T00:11:39.5963392Z,GroundBall,v3,471360,stthomas,193273f8758c40888fe81a81bb299a6a,"Verhage, Terek",10120179,Right,THO_M,6007407a-35b4-491e-a0af-31c35c377fb4,54.65265,-113.75719,12.4563,5.53646,3.2725,-20.50053,-0.63468,1.01933,4.73054,,2.41896,11.69549,,,,,,,,2.31698,-75.1849,,,,,,,,0.96702,-41.24051,,,,,,,,,,,,,,,,,,,,,,,,,,,,,,High,High,High,Estimated,Estimated,,,,,,,,,,,,,,,,,,,,,,,,,,,,,,,,,,
111,2026-03-25,19:12:05.68,3,6,"Rasmussen, AJ",825136,Right,THO_M,"Lippe, Michael",702588,Right,MIN_GOL,Undefined,3,Bottom,0,2,2,Curveball,Curveball,StrikeSwinging,Strikeout,Undefined,Undefined,0,0,,76.19159,1.71685,-0.627424,2408.342535,37.999654,7:15,5.48317,0.57794,5.87506,-63.40559,-14.09284,-12.46627,1.79451,-1.04367,68.71238,-9.924234,-2.870015,0.505418,,,,,,,,,,,,6.09201,-7.14705,-0.52028,50,5.58646,1.67977,-110.48547,1.26166,7.32362,24.71716,-40.76602,MIN_GOL,THO_M,SiebertField,D1,BIG10,20260325-SiebertField-2,6c70e1f0-28a8-11f1-b64b-5fc02d581842,74.57671,,,7.47921,,,,,,,34f96caf-3623-479a-a7fb-b2cda99893ab,2026-03-26,00:12:05.68,2026-03-25T19:12:05.6843264-05:00,2026-03-26T00:12:05.6843264Z,,v3,471360,stthomas,193273f8758c40888fe81a81bb299a6a,"Verhage, Terek",10120179,Right,THO_M,10dbd711-0598-4ed5-8288-beb4fde24eea,54.62456,-111.51525,12.35858,5.49851,2.96008,-20.38301,-0.58391,1.37465,3.66181,,,,,,,,,,,,,,,,,,,,,,,,,,,,,,,,,,,,,,,,,,,,,,,,,,,High,High,High,,,,,,,,,,,,,,,,,,,,,,,,,,,,,,,,,,,,
112,2026-03-25,19:12:39.39,4,1,"Rasmussen, AJ",825136,Right,THO_M,"Richter, Easton",809741,Left,MIN_GOL,Undefined,3,Bottom,1,0,0,Curveball,Curveball,InPlay,Undefined,GroundBall,Out,1,1,,76.63465,2.59025,-0.209629,2266.063851,45.427351,7:30,5.51829,0.8736,5.76278,-58.45649,-9.73449,-11.68162,3.05941,-0.29497,69.1426,-8.153866,-2.302993,0.502382,85.51368,-14.29713,48.32239,,,,,13.60776,13.60776,42.126329,0.098544,5.90366,-5.39709,-0.8489,50,5.69728,0.83926,-111.10044,3.15141,7.22166,23.85989,-38.77603,MIN_GOL,THO_M,SiebertField,D1,BIG10,20260325-SiebertField-2,8077fd00-28a8-11f1-b64b-5fc02d581842,75.02746,3.16085,,7.49204,,,,2.31471,3.16085,0.21212,34f96caf-3623-479a-a7fb-b2cda99893ab,2026-03-26,00:12:39.39,2026-03-25T19:12:39.3979904-05:00,2026-03-26T00:12:39.3979904Z,GroundBall,v3,471360,stthomas,193273f8758c40888fe81a81bb299a6a,"Verhage, Terek",10120179,Right,THO_M,cc41fc34-ba68-47da-93e6-5d20e61b5d78,54.73764,-112.11328,11.92994,5.52857,4.79742,-19.38801,-0.87802,0.5327,3.61083,278.032292,2.31483,80.79708,-19.00478,,,,,,,3.16088,-30.97688,-11.17086,,,,,,,0.2121,90.77805,-3.09135,,,,,,,,,,,,,,,,,,,,,,,,,,,,,High,High,High,High,High,,,,,,,,,,,,,,,,,,,,,,,,,,,,,,,,,,
113,2026-03-25,19:13:23.71,5,1,"Rasmussen, AJ",825136,Right,THO_M,"Neels, Weber",809730,Right,MIN_GOL,Undefined,3,Bottom,2,0,0,Curveball,Curveball,BallCalled,Undefined,Undefined,Undefined,0,0,,74.90308,3.907015,-0.136298,2208.388647,45.817901,7:30,5.48119,0.51352,6.03633,-63.67673,-12.95879,-15.27891,3.79816,-0.88593,67.29344,-7.854479,-2.8857,0.512569,,,,,,,,,,,,7.7015,-7.28835,-0.49524,50,5.75361,0.82131,-108.48533,5.42905,8.95869,23.20875,-40.65218,MIN_GOL,THO_M,SiebertField,D1,BIG10,20260325-SiebertField-2,9af43b30-28a8-11f1-b64b-5fc02d581842,73.53636,,,7.60964,,,,,,,34f96caf-3623-479a-a7fb-b2cda99893ab,2026-03-26,00:13:23.71,2026-03-25T19:13:23.7165568-05:00,2026-03-26T00:13:23.7165568Z,,v3,471360,stthomas,193273f8758c40888fe81a81bb299a6a,"Verhage, Terek",10120179,Right,THO_M,76711102-2a0b-4140-8d3a-8ae477d151f4,54.46347,-109.43605,11.60437,5.4971,7.09433,-20.32609,-0.52136,0.45432,4.47935,,,,,,,,,,,,,,,,,,,,,,,,,,,,,,,,,,,,,,,,,,,,,,,,,,,High,High,High,,,,,,,,,,,,,,,,,,,,,,,,,,,,,,,,,,,,
114,2026-03-25,19:13:42.92,5,2,"Rasmussen, AJ",825136,Right,THO_M,"Neels, Weber",809730,Right,MIN_GOL,Undefined,3,Bottom,2,1,0,Fastball,Changeup,StrikeCalled,Undefined,Undefined,Undefined,0,0,,86.20831,-1.169331,-2.659821,2075.678601,218.677511,1:15,5.37678,0.74678,6.38856,-21.28729,15.78332,11.65091,2.52597,-0.7306,78.50602,-5.225057,-0.551215,0.438214,,,,,,,,,,,,-6.83,8.93638,-0.56041,50,5.28266,5.3631,-125.14578,-3.13349,-10.78078,26.36207,-18.06844,MIN_GOL,THO_M,SiebertField,D1,BIG10,20260325-SiebertField-2,a64b1030-28a8-11f1-b64b-5fc02d581842,86.0138,,,7.70229,,,,,,,34f96caf-3623-479a-a7fb-b2cda99893ab,2026-03-26,00:13:42.92,2026-03-25T19:13:42.9299712-05:00,2026-03-26T00:13:42.9299712Z,,v3,471360,stthomas,193273f8758c40888fe81a81bb299a6a,"Verhage, Terek",10120179,Right,THO_M,fe99e546-2a54-45c3-9c97-196730b1c886,54.10883,-126.00834,13.18104,5.37552,-2.5423,-9.03422,-0.74166,5.71584,-5.39039,,,,,,,,,,,,,,,,,,,,,,,,,,,,,,,,,,,,,,,,,,,,,,,,,,,High,High,High,,,,,,,,,,,,,,,,,,,,,,,,,,,,,,,,,,,,
115,2026-03-25,19:13:59.58,5,3,"Rasmussen, AJ",825136,Right,THO_M,"Neels, Weber",809730,Right,MIN_GOL,Undefined,3,Bottom,2,1,1,Curveball,Curveball,InPlay,Undefined,GroundBall,Single,0,1,,76.32741,2.052454,-0.264247,2339.171639,42.123531,7:30,5.46992,0.4942,5.91117,-61.40854,-12.758,-13.08548,2.25835,-0.84152,69.28729,-9.224273,-2.618335,0.502013,89.10334,-14.84216,-30.402234,,,,,10.6456,3.58195,-20.149681,0.070548,6.63508,-6.768,-0.46543,50,5.59962,0.98448,-110.78551,2.03386,8.09205,23.24152,-40.4282,MIN_GOL,THO_M,SiebertField,D1,BIG10,20260325-SiebertField-2,b05b8280-28a8-11f1-b64b-5fc02d581842,75.08256,2.3663,,7.04011,,,,2.29244,2.3663,0.85177,34f96caf-3623-479a-a7fb-b2cda99893ab,2026-03-26,00:13:59.58,2026-03-25T19:13:59.5800576-05:00,2026-03-26T00:13:59.5800576Z,GroundBall,v3,471360,stthomas,193273f8758c40888fe81a81bb299a6a,"Verhage, Terek",10120179,Right,THO_M,93ea9338-ad40-46d6-b7ad-cb215ef6998c,54.5906,-111.74442,11.62076,5.48129,3.70185,-20.2141,-0.49916,0.65061,4.04602,,2.29001,109.16868,,,,,,,,2.36704,-33.54176,,,,,,,,0.85321,-64.05461,,,,,,,,,,,,,,,,,,,,,,,,,,,,,,High,High,High,Low,Low,,,,,,,,,,,,,,,,,,,,,,,,,,,,,,,,,,
116,2026-03-25,19:14:58.98,6,1,"Rasmussen, AJ",825136,Right,THO_M,"Hamilton, Davis",837901,Left,MIN_GOL,Undefined,3,Bottom,2,0,0,Fastball,Four-Seam,BallCalled,Undefined,Undefined,Undefined,0,0,,88.03296,-2.19156,-3.542153,2170.07691,220.884563,1:15,5.36129,0.77323,6.35956,-20.78966,15.14107,11.99867,1.60704,-1.49095,79.66483,-6.155029,-1.374093,0.431424,,,,,,,,,,,,-7.34859,8.94725,-0.52177,50,5.19251,7.41892,-127.53947,-5.4663,-11.95741,29.19826,-17.61538,MIN_GOL,THO_M,SiebertField,D1,BIG10,20260325-SiebertField-2,d3b6b7e0-28a8-11f1-b64b-5fc02d581842,87.36748,,,8.36812,,,,,,,34f96caf-3623-479a-a7fb-b2cda99893ab,2026-03-26,00:14:58.98,2026-03-25T19:14:58.9807104-05:00,2026-03-26T00:14:58.9807104Z,,v3,471360,stthomas,193273f8758c40888fe81a81bb299a6a,"Verhage, Terek",10120179,Right,THO_M,10975920-0875-444a-8a78-6a7a60fb326a,54.13744,-128.48319,14.59913,5.35999,-4.89696,-8.80769,-0.7678,7.8054,-5.9787,,,,,,,,,,,,,,,,,,,,,,,,,,,,,,,,,,,,,,,,,,,,,,,,,,,High,High,High,,,,,,,,,,,,,,,,,,,,,,,,,,,,,,,,,,,,
117,2026-03-25,19:15:33.90,6,2,"Rasmussen, AJ",825136,Right,THO_M,"Hamilton, Davis",837901,Left,MIN_GOL,Undefined,3,Bottom,2,1,0,Fastball,Four-Seam,FoulBallNotFieldable,Undefined,Undefined,Undefined,0,0,,86.90144,-2.312693,-2.582733,2181.840458,212.785127,1:00,5.41677,0.77628,6.30708,-20.06615,16.92025,10.03107,1.61074,-0.76871,78.48691,-6.15236,-0.76971,0.437716,100.80273,28.009812,54.890457,3210.925043,57.77359,50.53776,93.60616,324.08169,168.81442,70.276485,4.372589,-6.09158,9.95327,-0.59164,50,5.23743,5.2966,-125.97718,-5.63491,-9.63721,29.30214,-16.42737,MIN_GOL,THO_M,SiebertField,D1,BIG10,20260325-SiebertField-2,e8845740-28a8-11f1-b64b-5fc02d581842,86.11164,68.83514,,8.41453,,,,3.74818,1.98998,0.71656,34f96caf-3623-479a-a7fb-b2cda99893ab,2026-03-26,00:15:33.90,2026-03-25T19:15:33.9010560-05:00,2026-03-26T00:15:33.9010560Z,FlyBall,v3,471360,stthomas,193273f8758c40888fe81a81bb299a6a,"Verhage, Terek",10120179,Right,THO_M,e2ab46ec-6e77-40ec-83e1-b91cde45f19b,54.1909,-126.94824,14.65107,5.41515,-5.09051,-8.21368,-0.77246,5.61597,-4.8186,,3.74571,75.13008,-23.98326,6.20909,-1.70167,0.46068,-0.10656,0.01505,-0.00084,1.99037,69.41709,-20.88095,1.75794,-0.09257,-0.0959,0.04614,-0.00902,0.00065,0.71876,106.72437,-9.92061,0.0607,0.48452,-0.25552,0.07192,-0.01153,0.00077,,,,,,,,,,,,,,,,,,,,,,,High,High,High,High,Low,,,,,,,,,,,,,,,,,,,,,,,,,,,,,,,,,,
118,2026-03-25,19:16:06.78,6,3,"Rasmussen, AJ",825136,Right,THO_M,"Hamilton, Davis",837901,Left,MIN_GOL,Undefined,3,Bottom,2,1,1,Curveball,Curveball,BallinDirt,Undefined,Undefined,Undefined,0,0,,77.61881,-0.995061,-0.921277,2453.939151,32.083068,7:00,5.44667,0.72682,5.74897,-62.18007,-14.85052,-10.33465,-0.66159,-0.99216,71.14184,-12.272921,-2.782054,0.495151,,,,,,,,,,,,5.02827,-6.95311,-0.64371,50,5.32552,2.18682,-112.68536,-3.97727,6.33844,24.22507,-40.93891,MIN_GOL,THO_M,SiebertField,D1,BIG10,20260325-SiebertField-2,fc19c4c0-28a8-11f1-b64b-5fc02d581842,76.12312,,,6.47697,,,,,,,34f96caf-3623-479a-a7fb-b2cda99893ab,2026-03-26,00:16:06.78,2026-03-25T19:16:06.7898880-05:00,2026-03-26T00:16:06.7898880Z,,v3,471360,stthomas,193273f8758c40888fe81a81bb299a6a,"Verhage, Terek",10120179,Right,THO_M,17785599-1cb3-4b0d-9994-8712848e7d24,54.75389,-113.70276,12.11254,5.45645,-2.25793,-20.46946,-0.72996,1.92062,3.16922,,,,,,,,,,,,,,,,,,,,,,,,,,,,,,,,,,,,,,,,,,,,,,,,,,,High,High,High,,,,,,,,,,,,,,,,,,,,,,,,,,,,,,,,,,,,
119,2026-03-25,19:16:38.46,6,4,"Rasmussen, AJ",825136,Right,THO_M,"Hamilton, Davis",837901,Left,MIN_GOL,Undefined,3,Bottom,2,2,1,Fastball,Four-Seam,StrikeCalled,Undefined,Undefined,Undefined,0,0,,86.99441,-2.716168,-2.95602,2288.096511,201.732952,12:45,5.42326,0.96246,6.24546,-15.2832,21.92186,8.17319,1.63929,-1.08522,78.14149,-5.703767,-1.482114,0.439008,,,,,,,,,,,,-5.18764,12.63957,-0.74612,50,5.21309,6.16853,-125.91425,-6.32446,-8.17224,30.03554,-12.2625,MIN_GOL,THO_M,SiebertField,D1,BIG10,20260325-SiebertField-2,0efa3a20-28a9-11f1-b64b-5fc02d581842,85.8582,,,8.85292,,,,,,,34f96caf-3623-479a-a7fb-b2cda99893ab,2026-03-26,00:16:38.46,2026-03-25T19:16:38.4634368-05:00,2026-03-26T00:16:38.4634368Z,,v3,471360,stthomas,193273f8758c40888fe81a81bb299a6a,"Verhage, Terek",10120179,Right,THO_M,51532802-10f4-4377-91de-e46bd8fd6fba,54.24892,-126.92373,15.01777,5.41872,-5.91232,-6.13125,-0.95806,6.4432,-4.08612,,,,,,,,,,,,,,,,,,,,,,,,,,,,,,,,,,,,,,,,,,,,,,,,,,,High,High,High,,,,,,,,,,,,,,,,,,,,,,,,,,,,,,,,,,,,
120,2026-03-25,19:16:59.12,6,5,"Rasmussen, AJ",825136,Right,THO_M,"Hamilton, Davis",837901,Left,MIN_GOL,Undefined,3,Bottom,2,2,2,Curveball,Curveball,BallinDirt,Undefined,Undefined,Undefined,0,0,,78.29107,-0.651537,0.017299,2382.282266,48.72297,7:30,5.47319,0.69215,5.72771,-58.56834,-11.39103,-15.0791,-0.01433,-0.54833,70.59023,-11.346738,-2.694149,0.494354,,,,,,,,,,,,7.71662,-5.09016,-0.68407,50,5.38296,0.53892,-113.48921,-3.2276,9.73114,27.16711,-38.59308,MIN_GOL,THO_M,SiebertField,D1,BIG10,20260325-SiebertField-2,1b472ef0-28a9-11f1-b64b-5fc02d581842,76.24587,,,7.70084,,,,,,,34f96caf-3623-479a-a7fb-b2cda99893ab,2026-03-26,00:16:59.12,2026-03-25T19:16:59.1281664-05:00,2026-03-26T00:16:59.1281664Z,,v3,471360,stthomas,193273f8758c40888fe81a81bb299a6a,"Verhage, Terek",10120179,Right,THO_M,02bec143-6703-4245-9580-11b3ae9969b5,54.77189,-114.62581,13.58355,5.48422,-1.61296,-19.29654,-0.6981,0.13179,4.86557,,,,,,,,,,,,,,,,,,,,,,,,,,,,,,,,,,,,,,,,,,,,,,,,,,,High,High,High,,,,,,,,,,,,,,,,,,,,,,,,,,,,,,,,,,,,
121,2026-03-25,19:17:23.12,6,6,"Rasmussen, AJ",825136,Right,THO_M,"Hamilton, Davis",837901,Left,MIN_GOL,Undefined,3,Bottom,2,3,2,Curveball,Curveball,BallinDirt,Walk,Undefined,Undefined,0,0,,77.89379,-0.123967,-0.212681,2406.433929,45.406312,7:30,5.49042,0.75852,5.93241,-57.66684,-10.64402,-12.59064,0.56984,-0.48802,70.47896,-10.703513,-2.483743,0.493544,,,,,,,,,,,,6.38886,-4.91855,-0.73445,50,5.44838,0.88625,-113.0152,-2.09161,8.03709,25.842,-38.36153,MIN_GOL,THO_M,SiebertField,D1,BIG10,20260325-SiebertField-2,2996f8a0-28a9-11f1-b64b-5fc02d581842,76.37102,,,7.41484,,,,,,,34f96caf-3623-479a-a7fb-b2cda99893ab,2026-03-26,00:17:23.12,2026-03-25T19:17:23.1220224-05:00,2026-03-26T00:17:23.1220224Z,,v3,471360,stthomas,193273f8758c40888fe81a81bb299a6a,"Verhage, Terek",10120179,Right,THO_M,51d93806-97d3-4614-ab2a-9f8ddef051b5,54.56723,-114.05476,12.921,5.50148,-0.54842,-19.18077,-0.7636,0.56294,4.01854,,,,,,,,,,,,,,,,,,,,,,,,,,,,,,,,,,,,,,,,,,,,,,,,,,,High,High,High,,,,,,,,,,,,,,,,,,,,,,,,,,,,,,,,,,,,
122,2026-03-25,19:17:56.72,7,1,"Rasmussen, AJ",825136,Right,THO_M,"Martin, Jameson",831053,Right,MIN_GOL,Undefined,3,Bottom,2,0,0,Fastball,Four-Seam,StrikeCalled,Undefined,Undefined,Undefined,0,0,,86.53201,-2.33728,-2.079339,2029.43615,198.841695,12:45,5.50986,0.73666,6.34637,-16.66304,20.58836,6.55973,1.96708,-0.63166,78.05041,-5.572055,-0.892761,0.439281,,,,,,,,,,,,-4.05697,11.83603,-0.58839,50,5.33182,4.29232,-125.43051,-5.51342,-6.36599,28.93093,-13.60154,MIN_GOL,THO_M,SiebertField,D1,BIG10,20260325-SiebertField-2,3d982040-28a9-11f1-b64b-5fc02d581842,85.80481,,,8.4816,,,,,,,34f96caf-3623-479a-a7fb-b2cda99893ab,2026-03-26,00:17:56.72,2026-03-25T19:17:56.7296000-05:00,2026-03-26T00:17:56.7296000Z,,v3,471360,stthomas,193273f8758c40888fe81a81bb299a6a,"Verhage, Terek",10120179,Right,THO_M,cfe83b38-c8f8-4fd9-8bbd-39b4a09e1f34,54.14841,-126.38373,14.46546,5.5061,-5.06527,-6.80077,-0.73326,4.50207,-3.183,,,,,,,,,,,,,,,,,,,,,,,,,,,,,,,,,,,,,,,,,,,,,,,,,,,High,High,High,,,,,,,,,,,,,,,,,,,,,,,,,,,,,,,,,,,,
123,2026-03-25,19:18:16.21,7,2,"Rasmussen, AJ",825136,Right,THO_M,"Martin, Jameson",831053,Right,MIN_GOL,Undefined,3,Bottom,2,0,1,Curveball,Curveball,InPlay,Undefined,LineDrive,Single,0,1,,76.24506,2.751529,-0.742195,2358.482241,28.574367,7:00,5.51996,0.67249,5.76235,-64.72055,-15.58528,-9.44276,2.68973,-0.80523,69.0546,-9.09731,-2.435372,0.504508,99.74772,9.291356,10.935736,2215.851358,106.24959,11.83825,28.47595,199.05135,196.87755,17.800021,1.72833,4.56004,-8.3591,-0.6052,50,5.70875,1.7835,-110.56915,3.20825,5.53484,23.30809,-42.32007,MIN_GOL,THO_M,SiebertField,D1,BIG10,20260325-SiebertField-2,494579b0-28a9-11f1-b64b-5fc02d581842,74.71129,11.88569,,7.19046,,,,0.76455,2.6242,0.82427,34f96caf-3623-479a-a7fb-b2cda99893ab,2026-03-26,00:18:16.21,2026-03-25T19:18:16.2180096-05:00,2026-03-26T00:18:16.2180096Z,LineDrive,v3,471360,stthomas,193273f8758c40888fe81a81bb299a6a,"Verhage, Terek",10120179,Right,THO_M,cd564865-e194-425b-a476-2049f3015721,54.73953,-111.56377,11.65404,5.53331,5.01417,-21.16003,-0.67627,1.54732,2.76742,249.445523,0.76457,141.75218,-25.56616,5.11231,-0.78122,0.02737,0.00665,0.00556,-0.00182,2.62417,23.62394,-15.56491,0.81704,-0.3849,0.27873,-0.10685,0.01909,-0.00093,0.82422,27.39572,7.81575,-2.83524,0.28943,0.25501,-0.13474,0.02394,-0.00076,,,,,,,,,,,,,,,,,,,,,,,High,High,High,High,High,,,,,,,,,,,,,,,,,,,,,,,,,,,,,,,,,,
124,2026-03-25,19:19:22.86,8,1,"Rasmussen, AJ",825136,Right,THO_M,"Akin, Jackson",1000309281,Right,MIN_GOL,Undefined,3,Bottom,2,0,0,Fastball,Sinker,BallCalled,Undefined,Undefined,Undefined,0,0,,86.37,-2.804253,-2.823706,2046.759316,222.502518,1:30,5.40626,0.93354,6.29889,-21.37922,15.98611,13.4332,1.03567,-0.55083,78.32926,-6.868262,-0.395915,0.439953,,,,,,,,,,,,-7.83032,9.56469,-0.73203,50,5.18957,5.64348,-125.15315,-6.72545,-12.28283,27.85232,-17.17065,MIN_GOL,THO_M,SiebertField,D1,BIG10,20260325-SiebertField-2,70fb7db0-28a9-11f1-b64b-5fc02d581842,85.67387,,,8.04075,,,,,,,34f96caf-3623-479a-a7fb-b2cda99893ab,2026-03-26,00:19:22.86,2026-03-25T19:19:22.8686848-05:00,2026-03-26T00:19:22.8686848Z,,v3,471360,stthomas,193273f8758c40888fe81a81bb299a6a,"Verhage, Terek",10120179,Right,THO_M,eddfaf9a-fcbc-4532-8fe2-691a7eca25d5,54.1979,-126.08391,13.92616,5.40473,-6.15165,-8.58533,-0.92748,6.05395,-6.14142,,,,,,,,,,,,,,,,,,,,,,,,,,,,,,,,,,,,,,,,,,,,,,,,,,,High,High,High,,,,,,,,,,,,,,,,,,,,,,,,,,,,,,,,,,,,
125,2026-03-25,19:19:43.73,8,2,"Rasmussen, AJ",825136,Right,THO_M,"Akin, Jackson",1000309281,Right,MIN_GOL,Undefined,3,Bottom,2,1,0,Curveball,Curveball,FoulBallNotFieldable,Undefined,Undefined,Undefined,0,0,,76.69468,1.63121,0.062451,2362.614727,37.00882,7:15,5.53852,0.70977,5.68379,-63.22086,-14.53284,-12.27284,1.791,-0.25475,69.5805,-9.916556,-2.138504,0.502207,,,,,,,,,,,,6.29217,-7.52563,-0.70703,50,5.63591,0.33479,-111.28761,1.09725,7.72569,23.87331,-41.41423,MIN_GOL,THO_M,SiebertField,D1,BIG10,20260325-SiebertField-2,7d746480-28a9-11f1-b64b-5fc02d581842,75.05363,,,7.11418,,,,,,,34f96caf-3623-479a-a7fb-b2cda99893ab,2026-03-26,00:19:43.73,2026-03-25T19:19:43.7308928-05:00,2026-03-26T00:19:43.7308928Z,,v3,471360,stthomas,193273f8758c40888fe81a81bb299a6a,"Verhage, Terek",10120179,Right,THO_M,06dda065-4ac2-4b56-8e27-6ec99f836a61,54.81828,-112.31647,11.93665,5.55016,2.88206,-20.70711,-0.71428,0.00184,3.86285,,,,,,,,,,,,,,,,,,,,,,,,,,,,,,,,,,,,,,,,,,,,,,,,,,,High,High,High,,,,,,,,,,,,,,,,,,,,,,,,,,,,,,,,,,,,
126,2026-03-25,19:20:07.26,8,3,"Rasmussen, AJ",825136,Right,THO_M,"Akin, Jackson",1000309281,Right,MIN_GOL,Undefined,3,Bottom,2,1,1,Curveball,Curveball,BallinDirt,Undefined,Undefined,Undefined,0,0,,76.37477,0.142933,-2.639505,2396.598453,30.045369,7:00,5.59032,0.57375,5.88018,-60.97125,-12.3441,-8.10288,0.64227,-2.55449,69.87896,-10.978707,-4.096173,0.501893,,,,,,,,,,,,3.28693,-5.87945,-0.3558,50,5.56696,5.40193,-110.80551,-1.6569,4.01682,22.94847,-39.35909,MIN_GOL,THO_M,SiebertField,D1,BIG10,20260325-SiebertField-2,8b6ff3b0-28a9-11f1-b64b-5fc02d581842,75.10062,,,6.49581,,,,,,,34f96caf-3623-479a-a7fb-b2cda99893ab,2026-03-26,00:20:07.26,2026-03-25T19:20:07.2610304-05:00,2026-03-26T00:20:07.2610304Z,,v3,471360,stthomas,193273f8758c40888fe81a81bb299a6a,"Verhage, Terek",10120179,Right,THO_M,79033c9a-89e5-4c48-91c3-40229dc0ec0b,54.62111,-111.75846,11.47424,5.60183,-0.02247,-19.67954,-0.57665,5.23512,2.00841,,,,,,,,,,,,,,,,,,,,,,,,,,,,,,,,,,,,,,,,,,,,,,,,,,,High,High,High,,,,,,,,,,,,,,,,,,,,,,,,,,,,,,,,,,,,
127,2026-03-25,19:20:31.23,8,4,"Rasmussen, AJ",825136,Right,THO_M,"Akin, Jackson",1000309281,Right,MIN_GOL,Undefined,3,Bottom,2,2,1,Fastball,Changeup,FoulBallNotFieldable,Undefined,Undefined,Undefined,0,0,,85.34969,-0.476643,-1.153608,2057.605696,232.442833,1:45,5.49363,0.84095,6.28713,-25.02627,12.85083,15.11032,2.96874,1.03686,77.83139,-5.203709,1.579479,0.442955,,,,,,,,,,,,-8.25748,7.18894,-0.76332,50,5.44637,1.93166,-124.05431,-1.75449,-12.7997,26.04694,-21.03067,MIN_GOL,THO_M,SiebertField,D1,BIG10,20260325-SiebertField-2,99b70ad0-28a9-11f1-b64b-5fc02d581842,85.09311,,,7.5183,,,,,,,34f96caf-3623-479a-a7fb-b2cda99893ab,2026-03-26,00:20:31.23,2026-03-25T19:20:31.2352768-05:00,2026-03-26T00:20:31.2352768Z,,v3,471360,stthomas,193273f8758c40888fe81a81bb299a6a,"Verhage, Terek",10120179,Right,THO_M,af68fad9-65f4-4806-89d8-b5b00a8026d8,54.21257,-124.93567,13.02347,5.49369,-1.04287,-10.51533,-0.83601,2.36477,-6.39985,,,,,,,,,,,,,,,,,,,,,,,,,,,,,,,,,,,,,,,,,,,,,,,,,,,High,High,High,,,,,,,,,,,,,,,,,,,,,,,,,,,,,,,,,,,,
128,2026-03-25,19:21:00.55,8,5,"Rasmussen, AJ",825136,Right,THO_M,"Akin, Jackson",1000309281,Right,MIN_GOL,Undefined,3,Bottom,2,2,2,Curveball,Curveball,InPlay,Undefined,LineDrive,Out,1,0,,76.50808,1.431099,-1.015948,2216.601676,59.255172,8:00,5.32674,1.02177,5.95708,-55.8646,-7.34591,-15.31272,1.99897,-1.19652,69.22819,-8.863962,-3.770983,0.501332,91.62246,9.399385,-19.60975,1669.486016,102.04893,9.0303,-41.05943,173.33619,141.88089,-24.331437,1.532779,7.55445,-3.82677,-0.93236,50,5.40923,2.51739,-111.00558,1.05202,9.2125,24.06855,-36.84073,MIN_GOL,THO_M,SiebertField,D1,BIG10,20260325-SiebertField-2,ab2c3060-28a9-11f1-b64b-5fc02d581842,75.18452,9.63588,,7.2799,,,,2.48635,2.14559,1.13133,34f96caf-3623-479a-a7fb-b2cda99893ab,2026-03-26,00:21:00.55,2026-03-25T19:21:00.5534208-05:00,2026-03-26T00:21:00.5534208Z,LineDrive,v3,471360,stthomas,193273f8758c40888fe81a81bb299a6a,"Verhage, Terek",10120179,Right,THO_M,719bc038-18e3-4629-be09-d33c28c02996,54.54321,-111.98632,12.03428,5.33578,2.5532,-18.42036,-1.02729,2.14199,4.60625,103.955968,2.48635,124.88589,-18.81713,3.02726,-0.61162,0.10821,-0.01954,0.00306,-0.00027,2.14559,21.94622,-16.91468,1.36736,-0.23856,0.05171,-0.00857,0.00127,-0.00012,1.13133,-44.49382,-3.28631,1.36236,-0.38565,0.09405,-0.01994,0.00334,-0.0003,,,,,,,,,,,,,,,,,,,,,,,High,High,High,High,High,,,,,,,,,,,,,,,,,,,,,,,,,,,,,,,,,,
129,2026-03-25,19:23:14.78,1,1,"Capomaccio, Caden",809732,Right,MIN_GOL,"Verhage, Terek",10120179,Left,THO_M,Undefined,4,Top,0,0,0,Fastball,Sinker,BallinDirt,Undefined,Undefined,Undefined,0,0,,89.56723,-3.566551,-5.164067,1869.880488,241.295777,2:00,5.7221,1.50398,4.82417,-24.37923,12.66103,20.62789,0.29441,-1.68129,81.013,-8.040845,-1.549577,0.438035,,,,,,,,,,,,-11.79134,7.72414,-1.00948,50,5.34617,10.67627,-129.03467,-9.00844,-19.66104,29.60943,-19.29469,MIN_GOL,THO_M,SiebertField,D1,BIG10,20260325-SiebertField-2,fb2c8920-28a9-11f1-b64b-5fc02d581842,86.049,,,8.55423,,,,,,,34f96caf-3623-479a-a7fb-b2cda99893ab,2026-03-26,00:23:14.78,2026-03-25T19:23:14.7866112-05:00,2026-03-26T00:23:14.7866112Z,,v3,471360,stthomas,193273f8758c40888fe81a81bb299a6a,"Hunt, Sam",1000048505,Right,MIN_GOL,36b848d1-9218-4120-8a26-6c0148b11d34,55.67433,-130.33025,14.80471,5.72187,-8.16419,-9.64735,-1.49545,11.53655,-9.83052,,,,,,,,,,,,,,,,,,,,,,,,,,,,,,,,,,,,,,,,,,,,,,,,,,,High,High,High,,,,,,,,,,,,,,,,,,,,,,,,,,,,,,,,,,,,
130,2026-03-25,19:23:32.55,1,2,"Capomaccio, Caden",809732,Right,MIN_GOL,"Verhage, Terek",10120179,Left,THO_M,Undefined,4,Top,0,1,0,Sinker,Sinker,InPlay,Undefined,LineDrive,Out,1,0,,91.02123,-1.53474,-3.982085,1755.396076,251.303164,2:30,5.65784,1.5931,4.95199,-27.12907,8.21032,20.62934,1.94308,-0.45647,82.56575,-6.503394,-0.350346,0.427859,84.38334,-34.090441,1.071302,,,,,4.31484,4.31484,6.790109,0.027953,-11.40469,4.86949,-1.22449,50,5.48664,8.16977,-131.63915,-4.6136,-19.86319,29.88868,-23.693,MIN_GOL,THO_M,SiebertField,D1,BIG10,20260325-SiebertField-2,05d088e0-28aa-11f1-b64b-5fc02d581842,88.09545,1.94281,,8.45548,,,,1.41452,1.94281,0.45649,34f96caf-3623-479a-a7fb-b2cda99893ab,2026-03-26,00:23:32.55,2026-03-25T19:23:32.5584384-05:00,2026-03-26T00:23:32.5584384Z,GroundBall,v3,471360,stthomas,193273f8758c40888fe81a81bb299a6a,"Hunt, Sam",1000048505,Right,MIN_GOL,3429db63-716f-4cd7-8465-5f1c14efea5f,55.54694,-132.89262,14.94434,5.65929,-3.61997,-11.8465,-1.58458,9.00279,-9.93159,,1.41363,102.67445,,,,,,,,1.94342,-69.503,,,,,,,,0.45647,1.92001,,,,,,,,,,,,,,,,,,,,,,,,,,,,,,High,High,High,Estimated,Estimated,,,,,,,,,,,,,,,,,,,,,,,,,,,,,,,,,,
131,2026-03-25,19:24:10.52,2,1,"Capomaccio, Caden",809732,Right,MIN_GOL,"Fritcher, Easton",809726,Left,THO_M,Undefined,4,Top,1,0,0,Slider,Slider,BallCalled,Undefined,Undefined,Undefined,0,0,,85.08901,1.362149,-0.735939,2708.109966,42.188827,7:30,5.43745,1.62822,4.36192,-43.61849,-1.69492,-3.02815,3.10404,0.67288,75.9485,-6.513156,-1.26457,0.466016,,,,,,,,,,,,1.19217,-0.77937,-1.54607,50,5.54054,1.72809,-122.90976,1.08115,1.77799,30.04737,-33.33641,MIN_GOL,THO_M,SiebertField,D1,BIG10,20260325-SiebertField-2,1c6fdb00-28aa-11f1-b64b-5fc02d581842,80.88235,,,9.14051,,,,,,,34f96caf-3623-479a-a7fb-b2cda99893ab,2026-03-26,00:24:10.52,2026-03-25T19:24:10.5265664-05:00,2026-03-26T00:24:10.5265664Z,,v3,471360,stthomas,193273f8758c40888fe81a81bb299a6a,"Hunt, Sam",1000048505,Right,MIN_GOL,7f7a47f3-c3ac-4686-add7-5b50091903c3,56.13181,-124.39975,15.02368,5.44594,2.73425,-16.66821,-1.62958,1.63992,0.88899,,,,,,,,,,,,,,,,,,,,,,,,,,,,,,,,,,,,,,,,,,,,,,,,,,,High,High,High,,,,,,,,,,,,,,,,,,,,,,,,,,,,,,,,,,,,
132,2026-03-25,19:24:27.91,2,2,"Capomaccio, Caden",809732,Right,MIN_GOL,"Fritcher, Easton",809726,Left,THO_M,Undefined,4,Top,1,1,0,Fastball,Sinker,FoulBallNotFieldable,Undefined,Undefined,Undefined,0,0,,89.86635,-1.520008,-3.180748,1850.197844,221.896316,1:30,5.58967,1.60341,4.8602,-19.99434,16.21867,13.45292,2.48225,-0.28914,81.67928,-5.232801,-0.816225,0.433116,70.09266,43.107644,-131.849456,4467.941255,-81.07267,50.82801,-74.34526,198.54532,96.55922,-140.250813,3.197328,-7.60851,8.80304,-1.30195,50,5.4234,6.59371,-130.08775,-4.19255,-12.98213,28.3824,-17.15378,MIN_GOL,THO_M,SiebertField,D1,BIG10,20260325-SiebertField-2,26c76870-28aa-11f1-b64b-5fc02d581842,87.02628,51.22872,,8.18707,,,,0.97447,2.20831,0.44765,34f96caf-3623-479a-a7fb-b2cda99893ab,2026-03-26,00:24:27.91,2026-03-25T19:24:27.9153152-05:00,2026-03-26T00:24:27.9153152Z,Popup,v3,471360,stthomas,193273f8758c40888fe81a81bb299a6a,"Hunt, Sam",1000048505,Right,MIN_GOL,737ee801-ee4f-4913-9b95-cedc57d96956,55.63873,-131.31224,14.1912,5.58832,-3.45249,-8.57689,-1.5985,7.15379,-6.49107,33.519663,0.97476,-50.08422,-0.70214,0.78361,-0.22538,0.0971,-0.04232,0.00995,-0.00088,2.20841,70.2489,-29.50683,3.96005,-0.8639,0.18635,-0.03969,0.00581,-0.00037,0.44728,-55.89341,8.86034,-1.8921,0.26608,-0.01023,-0.00656,0.00241,-0.00028,,,,,,,,,,,,,,,,,,,,,,,High,High,High,High,Medium,,,,,,,,,,,,,,,,,,,,,,,,,,,,,,,,,,
133,2026-03-25,19:24:54.35,2,3,"Capomaccio, Caden",809732,Right,MIN_GOL,"Fritcher, Easton",809726,Left,THO_M,Undefined,4,Top,1,1,1,ChangeUp,Changeup,BallCalled,Undefined,Undefined,Undefined,0,0,,83.12232,0.030191,-4.252376,1492.006952,272.196578,3:00,5.42062,1.63803,5.05183,-41.40758,1.01343,13.03056,1.99855,-1.29406,75.25028,-7.502639,-1.955957,0.468772,,,,,,,,,,,,-7.77205,0.95327,-1.2433,50,5.39076,8.3583,-120.15437,-1.49061,-11.22327,25.93446,-30.7975,MIN_GOL,THO_M,SiebertField,D1,BIG10,20260325-SiebertField-2,36945c40-28aa-11f1-b64b-5fc02d581842,80.40673,,,7.87204,,,,,,,34f96caf-3623-479a-a7fb-b2cda99893ab,2026-03-26,00:24:54.35,2026-03-25T19:24:54.3549440-05:00,2026-03-26T00:24:54.3549440Z,,v3,471360,stthomas,193273f8758c40888fe81a81bb299a6a,"Hunt, Sam",1000048505,Right,MIN_GOL,91f50b12-8689-43be-9001-16584e4da678,55.44553,-121.32406,12.96723,5.42667,-0.10159,-15.39875,-1.63169,8.86449,-5.61163,,,,,,,,,,,,,,,,,,,,,,,,,,,,,,,,,,,,,,,,,,,,,,,,,,,High,High,High,,,,,,,,,,,,,,,,,,,,,,,,,,,,,,,,,,,,
134,2026-03-25,19:25:12.37,2,4,"Capomaccio, Caden",809732,Right,MIN_GOL,"Fritcher, Easton",809726,Left,THO_M,Undefined,4,Top,1,2,1,Sinker,Sinker,BallCalled,Undefined,Undefined,Undefined,0,0,,92.07936,0.617467,-0.663417,1912.157053,241.447147,2:00,5.64254,1.6373,4.77782,-24.10218,10.608,17.28233,4.2194,2.4486,83.15719,-3.824395,2.374717,0.424033,,,,,,,,,,,,-8.62725,5.36796,-1.58677,50,5.68389,0.66646,-133.38031,0.46967,-15.38062,31.462,-22.60409,MIN_GOL,THO_M,SiebertField,D1,BIG10,20260325-SiebertField-2,41426e20-28aa-11f1-b64b-5fc02d581842,88.89031,,,8.92218,,,,,,,34f96caf-3623-479a-a7fb-b2cda99893ab,2026-03-26,00:25:12.37,2026-03-25T19:25:12.3794944-05:00,2026-03-26T00:25:12.3794944Z,,v3,471360,stthomas,193273f8758c40888fe81a81bb299a6a,"Hunt, Sam",1000048505,Right,MIN_GOL,cbb99939-f6d6-41b5-bf78-376ed907bb77,55.71823,-134.72238,15.731,5.64329,1.43389,-11.30205,-1.62919,1.32255,-7.69031,,,,,,,,,,,,,,,,,,,,,,,,,,,,,,,,,,,,,,,,,,,,,,,,,,,High,High,High,,,,,,,,,,,,,,,,,,,,,,,,,,,,,,,,,,,,
135,2026-03-25,19:25:35.36,2,5,"Capomaccio, Caden",809732,Right,MIN_GOL,"Fritcher, Easton",809726,Left,THO_M,Undefined,4,Top,1,3,1,Fastball,Sinker,InPlay,Undefined,FlyBall,Out,1,0,,90.28643,-1.137352,-3.836397,2037.458461,236.956158,2:00,5.61528,1.58836,4.86489,-22.12682,14.10851,19.64096,2.69242,-0.41112,81.25999,-5.247333,-0.386038,0.433249,95.88933,42.81791,3.889106,4044.747551,109.96503,97.39399,2.77327,325.02042,316.75456,-4.583153,6.045671,-10.90465,7.68485,-1.22785,50,5.48505,7.79781,-130.48945,-3.42536,-18.54721,30.92964,-19.10328,MIN_GOL,THO_M,SiebertField,D1,BIG10,20260325-SiebertField-2,4ef81ab0-28aa-11f1-b64b-5fc02d581842,86.99948,131.08909,,9.02644,,,,1.40648,2.70065,0.42002,34f96caf-3623-479a-a7fb-b2cda99893ab,2026-03-26,00:25:35.36,2026-03-25T19:25:35.3693696-05:00,2026-03-26T00:25:35.3693696Z,FlyBall,v3,471360,stthomas,193273f8758c40888fe81a81bb299a6a,"Hunt, Sam",1000048505,Right,MIN_GOL,9babd1ba-5933-4b26-8ba7-895bfaa145b7,55.63259,-131.81777,15.46482,5.61454,-2.60494,-9.55164,-1.57985,8.59435,-9.27361,167.364848,1.41492,102.78196,-22.88598,5.42488,-0.93667,0.1203,-0.01212,0.00096,-4E-05,2.70037,95.57435,-20.89281,1.33927,0.06742,-0.11246,0.02994,-0.00349,0.00015,0.42189,6.96603,-5.24018,1.30818,-0.25512,0.03953,-0.00483,0.00041,-2E-05,,,,,,,,,,,,,,,,,,,,,,,High,High,High,Medium,Medium,,,,,,,,,,,,,,,,,,,,,,,,,,,,,,,,,,
136,2026-03-25,19:26:12.64,3,1,"Capomaccio, Caden",809732,Right,MIN_GOL,"Recchio, Tanner",1000255768,Left,THO_M,Undefined,4,Top,2,0,0,Fastball,Sinker,StrikeCalled,Undefined,Undefined,Undefined,0,0,,91.62374,-2.206883,-2.846562,2002.946078,230.405407,1:45,5.57638,1.5653,4.93007,-20.48761,14.48611,16.00021,1.77937,0.20567,82.84039,-6.011134,-0.028033,0.42564,,,,,,,,,,,,-8.73036,8.18481,-1.30191,50,5.34491,5.79654,-132.51066,-5.87754,-15.36513,31.00239,-17.76905,MIN_GOL,THO_M,SiebertField,D1,BIG10,20260325-SiebertField-2,6536d640-28aa-11f1-b64b-5fc02d581842,88.55477,,,8.78334,,,,,,,34f96caf-3623-479a-a7fb-b2cda99893ab,2026-03-26,00:26:12.64,2026-03-25T19:26:12.6467584-05:00,2026-03-26T00:26:12.6467584Z,,v3,471360,stthomas,193273f8758c40888fe81a81bb299a6a,"Hunt, Sam",1000048505,Right,MIN_GOL,cd38abe8-3528-4ae7-97f3-a47f3546a8e9,55.56609,-133.80657,15.50119,5.57507,-5.13478,-8.88452,-1.55763,6.43881,-7.68257,,,,,,,,,,,,,,,,,,,,,,,,,,,,,,,,,,,,,,,,,,,,,,,,,,,High,High,High,,,,,,,,,,,,,,,,,,,,,,,,,,,,,,,,,,,,
137,2026-03-25,19:26:28.82,3,2,"Capomaccio, Caden",809732,Right,MIN_GOL,"Recchio, Tanner",1000255768,Left,THO_M,Undefined,4,Top,2,0,1,Slider,Slider,InPlay,Undefined,GroundBall,Out,1,0,,84.79568,-0.093796,-1.630338,2650.602801,96.370981,9:15,5.27086,1.89294,4.70803,-39.28124,2.48244,-7.37166,1.90836,-0.26921,75.75249,-7.241404,-2.92497,0.465126,79.2117,-32.865385,56.507447,,,,,4.15112,4.15112,41.30223,0.030334,3.02662,1.70071,-1.72085,50,5.22674,3.83078,-122.54392,-1.74684,4.47245,30.5824,-29.6609,MIN_GOL,THO_M,SiebertField,D1,BIG10,20260325-SiebertField-2,6edc51c0-28aa-11f1-b64b-5fc02d581842,81.03702,1.9166,,9.04319,,,,1.48146,1.9166,0.2659,34f96caf-3623-479a-a7fb-b2cda99893ab,2026-03-26,00:26:28.82,2026-03-25T19:26:28.8286208-05:00,2026-03-26T00:26:28.8286208Z,GroundBall,v3,471360,stthomas,193273f8758c40888fe81a81bb299a6a,"Hunt, Sam",1000048505,Right,MIN_GOL,e06593ca-7bb1-41a1-9d35-1df8c86d7fd1,55.78694,-123.97971,15.2912,5.27606,-0.35431,-14.83045,-1.89576,3.6208,2.23623,,1.48089,53.96572,,,,,,,,1.91727,-63.18223,,,,,,,,0.26503,81.55634,,,,,,,,,,,,,,,,,,,,,,,,,,,,,,High,High,High,Estimated,Estimated,,,,,,,,,,,,,,,,,,,,,,,,,,,,,,,,,,
138,2026-03-25,19:29:14.27,1,1,"Majerus, Landon",10082940,Right,THO_M,"Hunt, Sam",1000048505,Left,MIN_GOL,Undefined,4,Bottom,0,0,0,Curveball,Curveball,StrikeCalled,Undefined,Undefined,Undefined,0,0,,75.9097,1.447049,0.17847,2463.035894,53.027063,7:45,5.78121,1.60856,5.47838,-55.4783,-6.28847,-10.35808,2.51231,0.91238,69.90148,-8.64817,-1.669753,0.504788,,,,,,,,,,,,5.24977,-3.06154,-1.61709,50,5.87059,0.05235,-110.26564,0.94059,6.46083,19.67795,-35.94186,MIN_GOL,THO_M,SiebertField,D1,BIG10,20260325-SiebertField-2,d17b34e0-28aa-11f1-b64b-5fc02d581842,74.66982,,,6.00822,,,,,,,34f96caf-3623-479a-a7fb-b2cda99893ab,2026-03-26,00:29:14.27,2026-03-25T19:29:14.2718464-05:00,2026-03-26T00:29:14.2718464Z,,v3,471360,stthomas,193273f8758c40888fe81a81bb299a6a,"Verhage, Terek",10120179,Right,THO_M,b9357166-8bc4-4eeb-a77b-1fed7e4430b8,55.02255,-111.15835,9.83898,5.79093,2.57113,-17.97093,-1.61282,-0.24075,3.23042,,,,,,,,,,,,,,,,,,,,,,,,,,,,,,,,,,,,,,,,,,,,,,,,,,,High,High,High,,,,,,,,,,,,,,,,,,,,,,,,,,,,,,,,,,,,
139,2026-03-25,19:29:29.07,1,2,"Majerus, Landon",10082940,Right,THO_M,"Hunt, Sam",1000048505,Left,MIN_GOL,Undefined,4,Bottom,0,0,1,Fastball,Four-Seam,BallCalled,Undefined,Undefined,Undefined,0,0,,89.54435,-1.967439,-0.850492,2160.260149,206.880991,1:00,5.88012,1.26536,6.0759,-24.37202,10.00319,4.5563,2.02779,0.85806,82.60081,-6.504238,-0.029108,0.421982,,,,,,,,,,,,-2.56547,5.99296,-1.20193,50,5.71489,1.74397,-130.13662,-5.26498,-4.42925,25.58134,-21.82726,MIN_GOL,THO_M,SiebertField,D1,BIG10,20260325-SiebertField-2,da474050-28aa-11f1-b64b-5fc02d581842,89.32233,,,6.94354,,,,,,,34f96caf-3623-479a-a7fb-b2cda99893ab,2026-03-26,00:29:29.07,2026-03-25T19:29:29.0788864-05:00,2026-03-26T00:29:29.0788864Z,,v3,471360,stthomas,193273f8758c40888fe81a81bb299a6a,"Verhage, Terek",10120179,Right,THO_M,594b5568-be98-4d51-906a-116ff93b196a,54.4227,-131.00311,12.79067,5.88071,-4.52564,-10.91363,-1.26355,1.894,-2.21463,,,,,,,,,,,,,,,,,,,,,,,,,,,,,,,,,,,,,,,,,,,,,,,,,,,High,High,High,,,,,,,,,,,,,,,,,,,,,,,,,,,,,,,,,,,,
140,2026-03-25,19:29:46.44,1,3,"Majerus, Landon",10082940,Right,THO_M,"Hunt, Sam",1000048505,Left,MIN_GOL,Undefined,4,Bottom,0,1,1,Curveball,Curveball,StrikeSwinging,Undefined,Undefined,Undefined,0,0,,78.02301,0.731449,-1.097441,2494.245467,37.186579,7:15,5.92607,1.26771,5.38353,-59.48948,-12.34142,-10.54028,1.65441,-0.63946,71.50902,-10.040652,-2.976621,0.494201,,,,,,,,,,,,4.94988,-5.93922,-1.16195,50,5.94951,2.58639,-113.25337,-0.63459,6.36058,22.736,-39.80589,MIN_GOL,THO_M,SiebertField,D1,BIG10,20260325-SiebertField-2,e4a843a0-28aa-11f1-b64b-5fc02d581842,76.26951,,,6.51399,,,,,,,34f96caf-3623-479a-a7fb-b2cda99893ab,2026-03-26,00:29:46.44,2026-03-25T19:29:46.4472064-05:00,2026-03-26T00:29:46.4472064Z,,v3,471360,stthomas,193273f8758c40888fe81a81bb299a6a,"Verhage, Terek",10120179,Right,THO_M,258d0b37-f61c-487a-9f8d-af6de3838fe5,55.11815,-114.27623,11.368,5.93778,1.15623,-19.90295,-1.27187,2.30024,3.18029,,,,,,,,,,,,,,,,,,,,,,,,,,,,,,,,,,,,,,,,,,,,,,,,,,,High,High,High,,,,,,,,,,,,,,,,,,,,,,,,,,,,,,,,,,,,
141,2026-03-25,19:30:04.94,1,4,"Majerus, Landon",10082940,Right,THO_M,"Hunt, Sam",1000048505,Left,MIN_GOL,Undefined,4,Bottom,0,1,2,Curveball,Curveball,BallCalled,Undefined,Undefined,Undefined,0,0,,78.78668,1.410215,0.636375,2587.787451,33.212568,7:00,5.79493,1.28414,5.34516,-61.01649,-14.63946,-10.60894,2.03339,0.99702,71.92285,-9.646456,-1.254298,0.490143,,,,,,,,,,,,5.49551,-7.24989,-1.33371,50,5.87842,-0.83937,-114.33575,0.62519,7.18629,23.46999,-41.65452,MIN_GOL,THO_M,SiebertField,D1,BIG10,20260325-SiebertField-2,efab7a60-28aa-11f1-b64b-5fc02d581842,76.90091,,,6.86384,,,,,,,34f96caf-3623-479a-a7fb-b2cda99893ab,2026-03-26,00:30:04.94,2026-03-25T19:30:04.9494528-05:00,2026-03-26T00:30:04.9494528Z,,v3,471360,stthomas,193273f8758c40888fe81a81bb299a6a,"Verhage, Terek",10120179,Right,THO_M,5e1f00e6-0d5e-4194-aa46-57f4df8f6a6c,55.15668,-115.38942,11.73499,5.80837,2.49525,-20.82726,-1.28879,-1.162,3.59315,,,,,,,,,,,,,,,,,,,,,,,,,,,,,,,,,,,,,,,,,,,,,,,,,,,High,High,High,,,,,,,,,,,,,,,,,,,,,,,,,,,,,,,,,,,,
142,2026-03-25,19:30:26.33,1,5,"Majerus, Landon",10082940,Right,THO_M,"Hunt, Sam",1000048505,Left,MIN_GOL,Undefined,4,Bottom,0,2,2,Slider,Slider,BallCalled,Undefined,Undefined,Undefined,0,0,,82.84877,-1.692487,-1.316554,2273.737955,89.253777,9:00,5.78406,1.33408,5.63516,-39.89916,1.1891,-5.95138,0.87923,-0.39038,76.41717,-8.968518,-2.381712,0.46135,,,,,,,,,,,,2.67225,1.42965,-1.21818,50,5.61439,3.00019,-120.2953,-4.92274,3.91439,23.40977,-30.07987,MIN_GOL,THO_M,SiebertField,D1,BIG10,20260325-SiebertField-2,fc74f230-28aa-11f1-b64b-5fc02d581842,81.70037,,,6.43161,,,,,,,34f96caf-3623-479a-a7fb-b2cda99893ab,2026-03-26,00:30:26.33,2026-03-25T19:30:26.3325184-05:00,2026-03-26T00:30:26.3325184Z,,v3,471360,stthomas,193273f8758c40888fe81a81bb299a6a,"Verhage, Terek",10120179,Right,THO_M,3573c4eb-e95d-4439-8e27-e89a8dec90e7,54.8649,-121.23833,11.70489,5.78829,-3.71102,-15.03993,-1.33586,2.84251,1.95719,,,,,,,,,,,,,,,,,,,,,,,,,,,,,,,,,,,,,,,,,,,,,,,,,,,High,High,High,,,,,,,,,,,,,,,,,,,,,,,,,,,,,,,,,,,,
143,2026-03-25,19:30:45.33,1,6,"Majerus, Landon",10082940,Right,THO_M,"Hunt, Sam",1000048505,Left,MIN_GOL,Undefined,4,Bottom,0,3,2,Curveball,Curveball,BallCalled,Walk,Undefined,Undefined,0,0,,79.07279,2.850997,0.552051,2531.194463,54.902708,7:45,5.84174,1.12046,5.41095,-51.55085,-5.88729,-10.44465,4.2192,0.76729,72.19,-6.552779,-1.305962,0.486358,,,,,,,,,,,,5.36319,-3.25666,-1.1622,50,6.05976,-0.67947,-114.68696,3.90248,7.12254,21.78314,-36.49902,MIN_GOL,THO_M,SiebertField,D1,BIG10,20260325-SiebertField-2,07cf97c0-28ab-11f1-b64b-5fc02d581842,77.49932,,,6.88279,,,,,,,34f96caf-3623-479a-a7fb-b2cda99893ab,2026-03-26,00:30:45.33,2026-03-25T19:30:45.3388800-05:00,2026-03-26T00:30:45.3388800Z,,v3,471360,stthomas,193273f8758c40888fe81a81bb299a6a,"Verhage, Terek",10120179,Right,THO_M,6858e764-16d1-4230-916a-6dd3b25e1984,55.08875,-115.64946,10.89157,5.8517,5.51521,-18.24951,-1.12523,-0.99418,3.56127,,,,,,,,,,,,,,,,,,,,,,,,,,,,,,,,,,,,,,,,,,,,,,,,,,,High,High,High,,,,,,,,,,,,,,,,,,,,,,,,,,,,,,,,,,,,
144,2026-03-25,19:31:14.90,2,1,"Majerus, Landon",10082940,Right,THO_M,"Allen, Tyler",10962618,Right,MIN_GOL,Undefined,4,Bottom,0,0,0,Fastball,Sinker,BallCalled,Undefined,Undefined,Undefined,0,0,,90.28502,-2.296095,-2.590344,2091.599835,232.575835,1:45,5.89275,1.42112,6.16677,-27.10643,6.93504,7.6341,1.50971,-0.33699,82.69484,-7.337968,-1.212961,0.419929,,,,,,,,,,,,-4.68481,4.57922,-1.22855,50,5.70478,5.61227,-130.9962,-6.15407,-8.12267,28.23606,-24.23446,MIN_GOL,THO_M,SiebertField,D1,BIG10,20260325-SiebertField-2,19544db0-28ab-11f1-b64b-5fc02d581842,89.75913,,,7.59017,,,,,,,34f96caf-3623-479a-a7fb-b2cda99893ab,2026-03-26,00:31:14.90,2026-03-25T19:31:14.9045248-05:00,2026-03-26T00:31:14.9045248Z,,v3,471360,stthomas,193273f8758c40888fe81a81bb299a6a,"Verhage, Terek",10120179,Right,THO_M,d8388a77-0bc0-4cf0-ae59-06dbe3083f0c,54.33166,-131.92658,14.11803,5.8944,-5.35554,-12.11723,-1.41789,5.87991,-4.06134,,,,,,,,,,,,,,,,,,,,,,,,,,,,,,,,,,,,,,,,,,,,,,,,,,,High,High,High,,,,,,,,,,,,,,,,,,,,,,,,,,,,,,,,,,,,
145,2026-03-25,19:31:35.82,2,2,"Majerus, Landon",10082940,Right,THO_M,"Allen, Tyler",10962618,Right,MIN_GOL,Undefined,4,Bottom,0,1,0,Fastball,Slider,BallCalled,Undefined,Undefined,Undefined,0,0,,89.58074,-1.140896,-0.353844,2065.380236,235.228265,1:45,5.84466,1.3235,6.28732,-30.02462,4.4224,4.74012,2.29103,1.39241,81.73816,-6.741851,0.504508,0.422423,,,,,,,,,,,,-2.54563,3.0154,-1.29949,50,5.74652,0.60743,-130.13606,-3.58298,-4.33901,28.85332,-27.0343,MIN_GOL,THO_M,SiebertField,D1,BIG10,20260325-SiebertField-2,25d809f0-28ab-11f1-b64b-5fc02d581842,89.22919,,,7.84259,,,,,,,34f96caf-3623-479a-a7fb-b2cda99893ab,2026-03-26,00:31:35.82,2026-03-25T19:31:35.8289408-05:00,2026-03-26T00:31:35.8289408Z,,v3,471360,stthomas,193273f8758c40888fe81a81bb299a6a,"Verhage, Terek",10120179,Right,THO_M,a5652e38-72e0-4e11-abcf-9f2e7c1bee84,54.20928,-131.066,14.42666,5.84796,-2.71166,-13.51715,-1.32132,0.74728,-2.16951,,,,,,,,,,,,,,,,,,,,,,,,,,,,,,,,,,,,,,,,,,,,,,,,,,,High,High,High,,,,,,,,,,,,,,,,,,,,,,,,,,,,,,,,,,,,
146,2026-03-25,19:31:54.66,2,3,"Majerus, Landon",10082940,Right,THO_M,"Allen, Tyler",10962618,Right,MIN_GOL,Undefined,4,Bottom,0,2,0,Fastball,Cutter,BallCalled,Undefined,Undefined,Undefined,0,0,,89.76685,-3.363372,-1.759224,2171.249021,203.272802,12:45,5.94133,1.25292,6.25212,-24.37249,9.92225,3.79882,0.80358,-0.05336,82.43818,-7.906967,-1.0722,0.421488,,,,,,,,,,,,-2.47193,6.42969,-1.12407,50,5.67917,3.84867,-130.23319,-8.42349,-4.24242,27.53142,-21.13917,MIN_GOL,THO_M,SiebertField,D1,BIG10,20260325-SiebertField-2,31127d50-28ab-11f1-b64b-5fc02d581842,89.42708,,,7.32866,,,,,,,34f96caf-3623-479a-a7fb-b2cda99893ab,2026-03-26,00:31:54.66,2026-03-25T19:31:54.6638336-05:00,2026-03-26T00:31:54.6638336Z,,v3,471360,stthomas,193273f8758c40888fe81a81bb299a6a,"Verhage, Terek",10120179,Right,THO_M,2b71b46a-b765-4206-b0fc-0ddc53e1d0dc,54.24673,-131.12788,13.76571,5.94175,-7.73653,-10.56958,-1.25138,3.98654,-2.12121,,,,,,,,,,,,,,,,,,,,,,,,,,,,,,,,,,,,,,,,,,,,,,,,,,,High,High,High,,,,,,,,,,,,,,,,,,,,,,,,,,,,,,,,,,,,
147,2026-03-25,19:32:15.43,2,4,"Majerus, Landon",10082940,Right,THO_M,"Allen, Tyler",10962618,Right,MIN_GOL,Undefined,4,Bottom,0,3,0,Fastball,Sinker,StrikeCalled,Undefined,Undefined,Undefined,0,0,,90.4402,-1.39908,-1.505114,2094.581696,244.367929,2:15,5.92864,1.22448,6.12191,-29.58624,4.49772,6.99961,2.16902,0.41603,82.39591,-6.902407,-0.242005,0.420191,,,,,,,,,,,,-4.04457,3.10799,-1.1127,50,5.80638,3.15302,-131.28789,-4.21807,-7.00636,29.74252,-26.7901,MIN_GOL,THO_M,SiebertField,D1,BIG10,20260325-SiebertField-2,3d75e050-28ab-11f1-b64b-5fc02d581842,89.7032,,,8.0443,,,,,,,34f96caf-3623-479a-a7fb-b2cda99893ab,2026-03-26,00:32:15.43,2026-03-25T19:32:15.4326528-05:00,2026-03-26T00:32:15.4326528Z,,v3,471360,stthomas,193273f8758c40888fe81a81bb299a6a,"Verhage, Terek",10120179,Right,THO_M,04ecdaee-da81-4c81-8aae-78cf47a606e4,54.37515,-132.27534,14.87126,5.93165,-3.32865,-13.39505,-1.22124,3.38563,-3.50318,,,,,,,,,,,,,,,,,,,,,,,,,,,,,,,,,,,,,,,,,,,,,,,,,,,High,High,High,,,,,,,,,,,,,,,,,,,,,,,,,,,,,,,,,,,,
148,2026-03-25,19:32:33.25,2,5,"Majerus, Landon",10082940,Right,THO_M,"Allen, Tyler",10962618,Right,MIN_GOL,Undefined,4,Bottom,0,3,1,Fastball,Sinker,FoulBallNotFieldable,Undefined,Undefined,Undefined,0,0,,89.6058,-1.799568,-1.2705,2154.611157,232.082289,1:45,5.88478,1.48923,6.09513,-27.13289,7.63304,8.29839,1.95827,1.00545,81.62314,-6.861391,0.226233,0.424374,46.23292,-0.589808,-55.174822,,64.04622,1.04644,-89.43187,211.64617,4.55374,-54.767883,3.098772,-4.68449,4.82185,-1.39578,50,5.73188,2.54549,-130.07921,-4.98004,-7.96074,29.36894,-23.97993,MIN_GOL,THO_M,SiebertField,D1,BIG10,20260325-SiebertField-2,4814d700-28ab-11f1-b64b-5fc02d581842,88.819,2.15521,,7.98267,,,,2.53834,2.15521,-1.01655,34f96caf-3623-479a-a7fb-b2cda99893ab,2026-03-26,00:32:33.25,2026-03-25T19:32:33.2597760-05:00,2026-03-26T00:32:33.2597760Z,GroundBall,v3,471360,stthomas,193273f8758c40888fe81a81bb299a6a,"Verhage, Terek",10120179,Right,THO_M,720cf28a-16d0-45d4-ba5b-0f6f9d525823,54.4034,-131.06962,14.68447,5.88619,-4.17136,-11.98997,-1.48615,2.81395,-3.98037,180,2.60895,38.58247,,,,,,,,2.15394,-0.69551,,,,,,,,-1.11804,-55.46087,,,,,,,,,,,,,,,,,,,,,,,,,,,,,,High,High,High,Low,Low,,,,,,,,,,,,,,,,,,,,,,,,,,,,,,,,,,
149,2026-03-25,19:33:01.08,2,6,"Majerus, Landon",10082940,Right,THO_M,"Allen, Tyler",10962618,Right,MIN_GOL,Undefined,4,Bottom,0,3,2,Fastball,Four-Seam,BallCalled,Walk,Undefined,Undefined,0,0,,90.00046,-0.628278,-0.51137,2151.904517,209.755212,1:00,5.98432,1.37927,5.99196,-22.88871,11.7278,6.03044,3.49464,1.40789,81.62147,-4.939362,0.573466,0.423461,,,,,,,,,,,,-3.22512,6.56599,-1.34211,50,5.92231,0.9041,-130.63775,-2.16747,-5.52473,29.76442,-20.92623,MIN_GOL,THO_M,SiebertField,D1,BIG10,20260325-SiebertField-2,58afc930-28ab-11f1-b64b-5fc02d581842,89.01047,,,8.37899,,,,,,,34f96caf-3623-479a-a7fb-b2cda99893ab,2026-03-26,00:33:01.08,2026-03-25T19:33:01.0800000-05:00,2026-03-26T00:33:01.0800000Z,,v3,471360,stthomas,193273f8758c40888fe81a81bb299a6a,"Verhage, Terek",10120179,Right,THO_M,80b24a7f-ebf4-4de4-a34c-5bb7e01d4833,54.50344,-131.65981,14.88221,5.9844,-1.4489,-10.46312,-1.37641,1.09382,-2.76237,,,,,,,,,,,,,,,,,,,,,,,,,,,,,,,,,,,,,,,,,,,,,,,,,,,High,High,High,,,,,,,,,,,,,,,,,,,,,,,,,,,,,,,,,,,,
150,2026-03-25,19:33:41.55,3,1,"Majerus, Landon",10082940,Right,THO_M,"Spanier, Jack",822384,Right,MIN_GOL,Undefined,4,Bottom,0,0,0,Undefined,,StrikeCalled,Undefined,Undefined,Undefined,0,0,,,,,,,,,,,,,,,,,,,,,,,,,,,,,,,,,,,,,,,,,,MIN_GOL,THO_M,SiebertField,D1,BIG10,20260325-SiebertField-2,6f20b280-2912-11f1-a2dc-3b2a900b0039,,,,,,,,,,,34f96caf-3623-479a-a7fb-b2cda99893ab,2026-03-26,00:33:41.55,2026-03-25T19:33:41.5500000-05:00,2026-03-26T00:33:41.5500000Z,,v3,471360,stthomas,193273f8758c40888fe81a81bb299a6a,"Verhage, Terek",10120179,Right,THO_M,6c62d018-8fbc-42ef-afeb-7ebfa43cbc6c,,,,,,,,,,,,,,,,,,,,,,,,,,,,,,,,,,,,,,,,,,,,,,,,,,,,,,,,,,,,,,,,,,,,,,,,,,,,,,,,,,,,,,,,,,,,,,,,,,
151,2026-03-25,19:34:21.55,3,2,"Majerus, Landon",10082940,Right,THO_M,"Spanier, Jack",822384,Right,MIN_GOL,Undefined,4,Bottom,0,0,1,Undefined,,InPlay,Undefined,GroundBall,Out,2,0,,,,,,,,,,,,,,,,,,,,,,,,,,,,,,,,,,,,,,,,,,MIN_GOL,THO_M,SiebertField,D1,BIG10,20260325-SiebertField-2,6f20b281-2912-11f1-a2dc-3b2a900b0039,,,,,,,,,,,34f96caf-3623-479a-a7fb-b2cda99893ab,2026-03-26,00:34:21.55,2026-03-25T19:34:21.5500000-05:00,2026-03-26T00:34:21.5500000Z,,v3,471360,stthomas,193273f8758c40888fe81a81bb299a6a,"Verhage, Terek",10120179,Right,THO_M,cd77e3cd-5072-4367-8ff2-92a209c6ce98,,,,,,,,,,,,,,,,,,,,,,,,,,,,,,,,,,,,,,,,,,,,,,,,,,,,,,,,,,,,,,,,,,,,,,,,,,,,,,,,,,,,,,,,,,,,,,,,,,
152,2026-03-25,19:35:01.55,4,1,"Majerus, Landon",10082940,Right,THO_M,"Lippe, Michael",702588,Right,MIN_GOL,Undefined,4,Bottom,2,0,0,Curveball,Curveball,BallCalled,Undefined,Undefined,Undefined,0,0,,77.66738,0.067041,-3.506033,2373.295371,53.81604,7:45,5.8255,1.22026,5.47952,-53.00802,-5.19366,-9.35528,1.47101,-2.84397,70.84948,-9.56588,-5.16954,0.497681,,,,,,,,,,,,3.55473,-2.06799,-0.90592,50,5.79595,7.25933,-112.44967,-1.6652,4.48336,23.24225,-34.78229,MIN_GOL,THO_M,SiebertField,D1,BIG10,20260325-SiebertField-2,a085fbd0-28ab-11f1-94fa-bfca4161a604,75.73621,,,6.81789,,,,,,,34f96caf-3623-479a-a7fb-b2cda99893ab,2026-03-26,00:35:01.55,2026-03-25T19:35:01.5500000-05:00,2026-03-26T00:35:01.5500000Z,,v3,471360,stthomas,193273f8758c40888fe81a81bb299a6a,"Verhage, Terek",10120179,Right,THO_M,603fbe61-fe6c-4c0c-b818-35c166af324a,55.01843,-113.48219,11.62113,5.8356,-0.12002,-17.39115,-1.22398,7.06015,2.24168,,,,,,,,,,,,,,,,,,,,,,,,,,,,,,,,,,,,,,,,,,,,,,,,,,,High,High,High,,,,,,,,,,,,,,,,,,,,,,,,,,,,,,,,,,,,
153,2026-03-25,19:35:21.26,4,2,"Majerus, Landon",10082940,Right,THO_M,"Lippe, Michael",702588,Right,MIN_GOL,Undefined,4,Bottom,2,1,0,Fastball,Four-Seam,BallCalled,Undefined,Undefined,Undefined,0,0,,89.32988,-0.508955,-1.209455,2147.295234,216.191934,1:15,5.93581,1.31005,6.03639,-23.04623,12.05359,7.94028,3.5439,0.85167,80.96445,-4.856561,0.219729,0.426406,,,,,,,,,,,,-4.42335,6.71256,-1.21974,50,5.88373,2.39817,-129.65585,-1.87802,-7.46004,29.44782,-20.85318,MIN_GOL,THO_M,SiebertField,D1,BIG10,20260325-SiebertField-2,ac306f10-28ab-11f1-94fa-bfca4161a604,88.39557,,,8.36543,,,,,,,34f96caf-3623-479a-a7fb-b2cda99893ab,2026-03-26,00:35:21.26,2026-03-25T19:35:21.2680000-05:00,2026-03-26T00:35:21.2680000Z,,v3,471360,stthomas,193273f8758c40888fe81a81bb299a6a,"Verhage, Terek",10120179,Right,THO_M,88f005a8-52ce-468b-9fe3-d2d52fe7234e,54.45937,-130.66475,14.72391,5.93583,-1.16358,-10.42659,-1.30629,2.65376,-3.73002,,,,,,,,,,,,,,,,,,,,,,,,,,,,,,,,,,,,,,,,,,,,,,,,,,,High,High,High,,,,,,,,,,,,,,,,,,,,,,,,,,,,,,,,,,,,
154,2026-03-25,19:35:42.86,4,3,"Majerus, Landon",10082940,Right,THO_M,"Lippe, Michael",702588,Right,MIN_GOL,Undefined,4,Bottom,2,2,0,Curveball,Curveball,BallCalled,Undefined,Undefined,Undefined,0,0,,77.52083,0.303912,0.131724,2423.724067,47.030056,7:30,5.83067,1.27987,5.59644,-56.11909,-8.51646,-10.92367,1.43782,0.49255,70.65404,-9.930777,-1.824755,0.496577,,,,,,,,,,,,5.56906,-3.90768,-1.28395,50,5.82046,0.16126,-112.50479,-1.27888,7.02427,23.43913,-37.10283,MIN_GOL,THO_M,SiebertField,D1,BIG10,20260325-SiebertField-2,b9227d80-28ab-11f1-94fa-bfca4161a604,75.90445,,,6.86679,,,,,,,34f96caf-3623-479a-a7fb-b2cda99893ab,2026-03-26,00:35:42.86,2026-03-25T19:35:42.8640000-05:00,2026-03-26T00:35:42.8640000Z,,v3,471360,stthomas,193273f8758c40888fe81a81bb299a6a,"Verhage, Terek",10120179,Right,THO_M,d1a3d599-6199-4dc5-b352-528899966479,54.90353,-113.52179,11.71957,5.84102,0.33097,-18.55141,-1.28433,-0.14352,3.51213,,,,,,,,,,,,,,,,,,,,,,,,,,,,,,,,,,,,,,,,,,,,,,,,,,,High,High,High,,,,,,,,,,,,,,,,,,,,,,,,,,,,,,,,,,,,
155,2026-03-25,19:36:03.01,4,4,"Majerus, Landon",10082940,Right,THO_M,"Lippe, Michael",702588,Right,MIN_GOL,Undefined,4,Bottom,2,3,0,Fastball,Four-Seam,BallCalled,Walk,Undefined,Undefined,0,0,,89.22792,-0.133201,-1.370663,2140.921306,216.552808,1:15,5.84299,1.38859,6.19054,-24.47875,10.40697,6.85402,3.68009,0.69403,81.06559,-4.746555,-0.133537,0.425104,,,,,,,,,,,,-3.92953,5.77937,-1.28852,50,5.82068,2.8145,-129.57285,-1.06802,-6.63514,28.78879,-22.41535,MIN_GOL,THO_M,SiebertField,D1,BIG10,20260325-SiebertField-2,c512ac50-28ab-11f1-94fa-bfca4161a604,88.66639,,,8.16233,,,,,,,34f96caf-3623-479a-a7fb-b2cda99893ab,2026-03-26,00:36:03.01,2026-03-25T19:36:03.0100000-05:00,2026-03-26T00:36:03.0100000Z,,v3,471360,stthomas,193273f8758c40888fe81a81bb299a6a,"Verhage, Terek",10120179,Right,THO_M,0e90be14-a091-4108-ab11-e9922a93add0,54.30572,-130.52599,14.3944,5.84375,-0.32589,-11.20768,-1.38534,3.03418,-3.31757,,,,,,,,,,,,,,,,,,,,,,,,,,,,,,,,,,,,,,,,,,,,,,,,,,,High,High,High,,,,,,,,,,,,,,,,,,,,,,,,,,,,,,,,,,,,
156,2026-03-25,19:36:48.53,5,1,"Majerus, Landon",10082940,Right,THO_M,"Richter, Easton",809741,Left,MIN_GOL,Undefined,4,Bottom,2,0,0,Fastball,Sinker,BallCalled,Undefined,Undefined,Undefined,0,0,,89.52656,-0.985626,-0.753979,2227.380591,225.590305,1:30,5.86641,1.48668,6.13447,-25.13942,9.52741,8.56304,2.86033,1.50337,81.59494,-5.699824,0.791011,0.423768,,,,,,,,,,,,-4.6013,5.56638,-1.43321,50,5.7783,1.34861,-130.02239,-3.047,-7.83846,28.50587,-22.69155,MIN_GOL,THO_M,SiebertField,D1,BIG10,20260325-SiebertField-2,e035fff0-28ab-11f1-94fa-bfca4161a604,88.94589,,,7.93162,,,,,,,34f96caf-3623-479a-a7fb-b2cda99893ab,2026-03-26,00:36:48.53,2026-03-25T19:36:48.5330000-05:00,2026-03-26T00:36:48.5330000Z,,v3,471360,stthomas,193273f8758c40888fe81a81bb299a6a,"Verhage, Terek",10120179,Right,THO_M,20a31667-7f22-421a-85c7-b492921cd156,54.36175,-130.97516,14.25293,5.86747,-2.28856,-11.34577,-1.48266,1.6106,-3.91923,,,,,,,,,,,,,,,,,,,,,,,,,,,,,,,,,,,,,,,,,,,,,,,,,,,High,High,High,,,,,,,,,,,,,,,,,,,,,,,,,,,,,,,,,,,,
157,2026-03-25,19:37:08.94,5,2,"Majerus, Landon",10082940,Right,THO_M,"Richter, Easton",809741,Left,MIN_GOL,Undefined,4,Bottom,2,1,0,Fastball,Four-Seam,StrikeCalled,Undefined,Undefined,Undefined,0,0,,90.14818,-1.529438,-1.768518,2212.698034,205.635062,12:45,5.94443,1.58783,6.21381,-20.46682,13.79398,6.05414,2.82639,0.45972,81.77249,-5.414605,-0.675468,0.421279,,,,,,,,,,,,-3.64638,7.9526,-1.45804,50,5.81949,3.78313,-130.80426,-4.10121,-6.26068,29.9078,-18.5198,MIN_GOL,THO_M,SiebertField,D1,BIG10,20260325-SiebertField-2,ec692b30-28ab-11f1-94fa-bfca4161a604,89.47134,,,8.3757,,,,,,,34f96caf-3623-479a-a7fb-b2cda99893ab,2026-03-26,00:37:08.94,2026-03-25T19:37:08.9440000-05:00,2026-03-26T00:37:08.9440000Z,,v3,471360,stthomas,193273f8758c40888fe81a81bb299a6a,"Verhage, Terek",10120179,Right,THO_M,eb1ce46b-2b87-48f1-bfba-739419a9a5f3,54.28168,-131.77961,14.9539,5.94339,-3.49724,-9.2599,-1.58474,3.9873,-3.13034,,,,,,,,,,,,,,,,,,,,,,,,,,,,,,,,,,,,,,,,,,,,,,,,,,,High,High,High,,,,,,,,,,,,,,,,,,,,,,,,,,,,,,,,,,,,
158,2026-03-25,19:37:30.72,5,3,"Majerus, Landon",10082940,Right,THO_M,"Richter, Easton",809741,Left,MIN_GOL,Undefined,4,Bottom,2,1,1,Curveball,Curveball,InPlay,Undefined,FlyBall,Out,1,0,,78.3911,1.07064,-0.712975,2370.837767,47.597599,7:30,5.84296,1.56845,5.52555,-55.43594,-8.64752,-11.28426,2.22441,-0.03848,71.15617,-9.046765,-2.728654,0.492312,102.99247,37.93103,0.862563,4613.6853,109.85741,84.10419,-5.59244,365.36994,311.00221,-10.615137,6.086734,5.48103,-4.27902,-1.49865,50,5.89892,1.85393,-113.7085,0.24283,7.04691,24.35021,-37.67558,MIN_GOL,THO_M,SiebertField,D1,BIG10,20260325-SiebertField-2,f95ee320-28ab-11f1-94fa-bfca4161a604,76.56208,127.29002,,7.23494,,,,1.78237,2.30563,0.03969,34f96caf-3623-479a-a7fb-b2cda99893ab,2026-03-26,00:37:30.72,2026-03-25T19:37:30.7210000-05:00,2026-03-26T00:37:30.7210000Z,FlyBall,v3,471360,stthomas,193273f8758c40888fe81a81bb299a6a,"Verhage, Terek",10120179,Right,THO_M,3ccf8d32-bd1a-4b53-8ab6-ecf9fb8d2392,54.97459,-114.76885,12.17511,5.85263,1.88344,-18.83779,-1.57269,1.54707,3.52345,156.321996,1.79197,118.95324,-27.04485,5.9104,-0.72577,-0.01125,0.01839,-0.00236,0.0001,2.30059,92.93501,-19.99865,1.49011,-0.2807,0.03594,0.00176,-0.0009,6E-05,0.04308,1.72367,-8.00248,2.24376,-0.31012,-0.00577,0.00917,-0.00124,6E-05,,,,,,,,,,,,,,,,,,,,,,,High,High,High,Medium,Medium,,,,,,,,,,,,,,,,,,,,,,,,,,,,,,,,,,
159,2026-03-25,19:39:58.28,1,1,"Capomaccio, Caden",809732,Right,MIN_GOL,"Puder, Adam",10307401,Right,THO_M,Undefined,5,Top,0,0,0,Slider,Curveball,FoulBallNotFieldable,Undefined,Undefined,Undefined,0,0,,81.83437,0.168483,-0.997307,2641.151838,49.451179,7:45,5.45051,1.81928,4.60975,-50.83522,-6.15662,-9.14607,1.37447,0.10871,73.8483,-8.97158,-2.603713,0.481084,,,,,,,,,,,,4.18142,-2.73225,-1.70747,50,5.42051,2.46473,-118.43706,-1.64558,5.80459,27.40428,-35.96691,MIN_GOL,THO_M,SiebertField,D1,BIG10,20260325-SiebertField-2,5147ec30-28ac-11f1-8a82-49bc3e741f4e,78.34893,,,7.98607,,,,,,,34f96caf-3623-479a-a7fb-b2cda99893ab,2026-03-26,00:39:58.28,2026-03-25T19:39:58.2810000-05:00,2026-03-26T00:39:58.2810000Z,,v3,471360,stthomas,193273f8758c40888fe81a81bb299a6a,"Hunt, Sam",1000048505,Right,MIN_GOL,9cdff4f2-4f94-447b-a606-6862b9405780,55.88965,-119.79207,13.70214,5.4579,0.13281,-17.98346,-1.82224,2.17772,2.9023,,,,,,,,,,,,,,,,,,,,,,,,,,,,,,,,,,,,,,,,,,,,,,,,,,,High,High,High,,,,,,,,,,,,,,,,,,,,,,,,,,,,,,,,,,,,
160,2026-03-25,19:40:24.63,1,2,"Capomaccio, Caden",809732,Right,MIN_GOL,"Puder, Adam",10307401,Right,THO_M,Undefined,5,Top,0,0,1,Slider,Curveball,StrikeCalled,Undefined,Undefined,Undefined,0,0,,83.65456,1.047139,-2.191532,2604.812374,48.93528,7:45,5.41194,1.70747,4.82965,-48.29412,-6.30902,-8.86386,2.37993,-1.10762,76.13534,-7.65501,-3.750671,0.466358,,,,,,,,,,,,3.67579,-2.98484,-1.48223,50,5.47421,5.03799,-121.16367,0.29391,5.40848,25.93081,-36.56591,MIN_GOL,THO_M,SiebertField,D1,BIG10,20260325-SiebertField-2,610305b0-28ac-11f1-8a82-49bc3e741f4e,80.82305,,,7.51922,,,,,,,34f96caf-3623-479a-a7fb-b2cda99893ab,2026-03-26,00:40:24.63,2026-03-25T19:40:24.6300000-05:00,2026-03-26T00:40:24.6300000Z,,v3,471360,stthomas,193273f8758c40888fe81a81bb299a6a,"Hunt, Sam",1000048505,Right,MIN_GOL,ee6b459e-a925-4d8c-b853-0b5aa9ef9e60,55.66919,-122.37095,12.9654,5.4209,1.99633,-18.28295,-1.71092,4.78618,2.70424,,,,,,,,,,,,,,,,,,,,,,,,,,,,,,,,,,,,,,,,,,,,,,,,,,,High,High,High,,,,,,,,,,,,,,,,,,,,,,,,,,,,,,,,,,,,
161,2026-03-25,19:40:43.90,1,3,"Capomaccio, Caden",809732,Right,MIN_GOL,"Puder, Adam",10307401,Right,THO_M,Undefined,5,Top,0,0,2,Slider,Slider,BallinDirt,Undefined,Undefined,Undefined,0,0,,83.57675,-2.024818,-3.101216,2640.25574,31.95939,7:00,5.44543,1.73831,4.71148,-47.66404,-5.44386,-4.2565,-0.45191,-1.56259,76.82421,-10.516872,-3.849473,0.467661,,,,,,,,,,,,1.18807,-1.79665,-1.42025,50,5.19709,6.7389,-120.95396,-6.16384,1.7464,25.29663,-34.81509,MIN_GOL,THO_M,SiebertField,D1,BIG10,20260325-SiebertField-2,6c7d4130-28ac-11f1-8a82-49bc3e741f4e,80.59775,,,6.75253,,,,,,,34f96caf-3623-479a-a7fb-b2cda99893ab,2026-03-26,00:40:43.90,2026-03-25T19:40:43.9080000-05:00,2026-03-26T00:40:43.9080000Z,,v3,471360,stthomas,193273f8758c40888fe81a81bb299a6a,"Hunt, Sam",1000048505,Right,MIN_GOL,1df2270b-818c-4f2e-8715-3001f9d7c732,55.78967,-122.15883,12.64831,5.45118,-4.50561,-17.40754,-1.73924,6.65572,0.8732,,,,,,,,,,,,,,,,,,,,,,,,,,,,,,,,,,,,,,,,,,,,,,,,,,,High,High,High,,,,,,,,,,,,,,,,,,,,,,,,,,,,,,,,,,,,
162,2026-03-25,19:41:06.25,1,4,"Capomaccio, Caden",809732,Right,MIN_GOL,"Puder, Adam",10307401,Right,THO_M,Undefined,5,Top,0,1,2,Slider,Slider,BallCalled,Undefined,Undefined,Undefined,0,0,,84.34691,-0.948851,-1.198037,2545.854597,33.017723,7:00,5.49098,1.65723,4.729,-49.24601,-7.79485,-5.98028,0.48662,0.02204,77.04426,-9.765848,-2.251785,0.463383,,,,,,,,,,,,2.57721,-3.17276,-1.53075,50,5.35111,2.82593,-122.21868,-4.01555,3.85271,26.71216,-36.91704,MIN_GOL,THO_M,SiebertField,D1,BIG10,20260325-SiebertField-2,7aa75a70-28ac-11f1-8a82-49bc3e741f4e,81.34193,,,7.30266,,,,,,,34f96caf-3623-479a-a7fb-b2cda99893ab,2026-03-26,00:41:06.25,2026-03-25T19:41:06.2520000-05:00,2026-03-26T00:41:06.2520000Z,,v3,471360,stthomas,193273f8758c40888fe81a81bb299a6a,"Hunt, Sam",1000048505,Right,MIN_GOL,95b268dc-0388-4caa-b391-f3d8458848fb,55.77096,-123.47354,13.35608,5.49902,-2.28129,-18.45852,-1.65926,2.64493,1.92636,,,,,,,,,,,,,,,,,,,,,,,,,,,,,,,,,,,,,,,,,,,,,,,,,,,High,High,High,,,,,,,,,,,,,,,,,,,,,,,,,,,,,,,,,,,,
163,2026-03-25,19:41:26.73,1,5,"Capomaccio, Caden",809732,Right,MIN_GOL,"Puder, Adam",10307401,Right,THO_M,Undefined,5,Top,0,2,2,Slider,Slider,InPlay,Undefined,GroundBall,Out,1,0,,83.62229,0.858208,-0.656022,2601.963038,43.045325,7:30,5.42529,1.69825,4.56641,-48.88014,-6.48863,-7.41071,2.16874,0.45639,76.04408,-7.914791,-1.955811,0.468609,82.72001,-48.186229,-42.544185,,,,,4.12998,2.91242,-26.247131,0.024974,3.43028,-3.06906,-1.62278,50,5.46806,1.72587,-121.15852,-0.17623,5.04367,26.06533,-36.68659,MIN_GOL,THO_M,SiebertField,D1,BIG10,20260325-SiebertField-2,8607f370-28ac-11f1-8a82-49bc3e741f4e,80.43465,2.2636,,7.57822,,,,2.21232,2.2636,-0.45732,34f96caf-3623-479a-a7fb-b2cda99893ab,2026-03-26,00:41:26.73,2026-03-25T19:41:26.7380000-05:00,2026-03-26T00:41:26.7380000Z,GroundBall,v3,471360,stthomas,193273f8758c40888fe81a81bb299a6a,"Hunt, Sam",1000048505,Right,MIN_GOL,6982a8a5-82f0-44d5-932a-7e43315e0986,55.93336,-122.42833,13.03267,5.43311,1.61101,-18.3433,-1.70088,1.48016,2.52184,,2.21175,59.73579,,,,,,,,2.26447,-90.63859,,,,,,,,-0.4568,-54.82257,,,,,,,,,,,,,,,,,,,,,,,,,,,,,,High,High,High,Low,Low,,,,,,,,,,,,,,,,,,,,,,,,,,,,,,,,,,
164,2026-03-25,19:42:07.20,2,1,"Capomaccio, Caden",809732,Right,MIN_GOL,"Maulik, Matthew",1000283220,Right,THO_M,Undefined,5,Top,1,0,0,ChangeUp,Changeup,StrikeSwinging,Undefined,Undefined,Undefined,0,0,,82.96604,-0.306666,-3.302071,1425.974039,265.179385,2:45,5.45174,1.6472,4.8793,-39.52297,2.78689,16.80973,1.86752,-0.07971,75.92456,-7.462612,-0.34277,0.468158,,,,,,,,,,,,-9.21768,1.86709,-1.33754,50,5.38822,6.19082,-120.18829,-2.14979,-13.46695,23.55232,-29.44624,MIN_GOL,THO_M,SiebertField,D1,BIG10,20260325-SiebertField-2,9e2f9340-28ac-11f1-8a82-49bc3e741f4e,80.51225,,,7.04147,,,,,,,34f96caf-3623-479a-a7fb-b2cda99893ab,2026-03-26,00:42:07.20,2026-03-25T19:42:07.2000000-05:00,2026-03-26T00:42:07.2000000Z,,v3,471360,stthomas,193273f8758c40888fe81a81bb299a6a,"Hunt, Sam",1000048505,Right,MIN_GOL,4fb2226e-6cbe-459e-a7fd-988c744715c3,55.62018,-121.28463,11.77616,5.45638,-0.77909,-14.72312,-1.64031,6.8177,-6.73347,,,,,,,,,,,,,,,,,,,,,,,,,,,,,,,,,,,,,,,,,,,,,,,,,,,High,High,High,,,,,,,,,,,,,,,,,,,,,,,,,,,,,,,,,,,,
165,2026-03-25,19:42:25.39,2,2,"Capomaccio, Caden",809732,Right,MIN_GOL,"Maulik, Matthew",1000283220,Right,THO_M,Undefined,5,Top,1,0,1,Slider,Curveball,BallCalled,Undefined,Undefined,Undefined,0,0,,84.77044,0.257733,0.107469,2780.040653,48.135139,7:30,5.47982,1.68082,4.73154,-50.1803,-9.07457,-11.72497,1.54265,0.8057,77.01888,-8.756758,-1.957679,0.461448,,,,,,,,,,,,5.76677,-4.08103,-1.68069,50,5.4611,0.31424,-122.83832,-1.51342,8.6879,27.51251,-38.32228,MIN_GOL,THO_M,SiebertField,D1,BIG10,20260325-SiebertField-2,a91074f0-28ac-11f1-8a82-49bc3e741f4e,81.68299,,,7.75155,,,,,,,34f96caf-3623-479a-a7fb-b2cda99893ab,2026-03-26,00:42:25.39,2026-03-25T19:42:25.3930000-05:00,2026-03-26T00:42:25.3930000Z,,v3,471360,stthomas,193273f8758c40888fe81a81bb299a6a,"Hunt, Sam",1000048505,Right,MIN_GOL,3d38ae61-80f6-41c2-a75e-abd1c046613d,55.76764,-124.1234,13.75626,5.48998,0.27657,-19.16114,-1.6859,-0.09156,4.34395,,,,,,,,,,,,,,,,,,,,,,,,,,,,,,,,,,,,,,,,,,,,,,,,,,,High,High,High,,,,,,,,,,,,,,,,,,,,,,,,,,,,,,,,,,,,
166,2026-03-25,19:42:44.79,2,3,"Capomaccio, Caden",809732,Right,MIN_GOL,"Maulik, Matthew",1000283220,Right,THO_M,Undefined,5,Top,1,1,1,Sinker,Changeup,BallCalled,Undefined,Undefined,Undefined,0,0,,89.24391,-2.393993,-2.913883,1764.737124,257.70653,2:30,5.62231,1.66059,4.99634,-31.3562,5.07457,17.87355,0.74485,0.39665,81.7826,-8.081173,0.243082,0.434416,,,,,,,,,,,,-9.7293,3.52012,-1.39555,50,5.36623,5.75346,-129.25711,-6.65438,-16.43878,27.26603,-26.2264,MIN_GOL,THO_M,SiebertField,D1,BIG10,20260325-SiebertField-2,b497cfd0-28ac-11f1-8a82-49bc3e741f4e,86.76581,,,7.46131,,,,,,,34f96caf-3623-479a-a7fb-b2cda99893ab,2026-03-26,00:42:44.79,2026-03-25T19:42:44.7970000-05:00,2026-03-26T00:42:44.7970000Z,,v3,471360,stthomas,193273f8758c40888fe81a81bb299a6a,"Hunt, Sam",1000048505,Right,MIN_GOL,a5e54e87-f1a2-4de1-99eb-0ea0fffa24bd,55.5039,-130.41296,13.63301,5.62475,-5.5426,-13.1132,-1.65422,6.45033,-8.21939,,,,,,,,,,,,,,,,,,,,,,,,,,,,,,,,,,,,,,,,,,,,,,,,,,,High,High,High,,,,,,,,,,,,,,,,,,,,,,,,,,,,,,,,,,,,
167,2026-03-25,19:43:08.00,2,4,"Capomaccio, Caden",809732,Right,MIN_GOL,"Maulik, Matthew",1000283220,Right,THO_M,Undefined,5,Top,1,2,1,Fastball,Sinker,BallCalled,Undefined,Undefined,Undefined,0,0,,90.86566,-0.876216,-4.439145,1977.887233,230.953227,1:45,5.69714,1.48553,4.84914,-22.9747,12.52465,13.9695,2.95053,-1.56122,82.55789,-5.106842,-1.989948,0.428826,,,,,,,,,,,,-8.26032,6.76926,-1.05927,50,5.59131,9.54008,-131.39663,-2.90568,-14.38326,28.88518,-20.38706,MIN_GOL,THO_M,SiebertField,D1,BIG10,20260325-SiebertField-2,c2628b00-28ac-11f1-8a82-49bc3e741f4e,87.89674,,,8.30776,,,,,,,34f96caf-3623-479a-a7fb-b2cda99893ab,2026-03-26,00:43:08.00,2026-03-25T19:43:08.0040000-05:00,2026-03-26T00:43:08.0040000Z,,v3,471360,stthomas,193273f8758c40888fe81a81bb299a6a,"Hunt, Sam",1000048505,Right,MIN_GOL,585fe955-8dc9-46ce-8197-377774b47cec,55.65076,-132.63303,14.44259,5.697,-2.03303,-10.19353,-1.4808,10.15574,-7.19163,,,,,,,,,,,,,,,,,,,,,,,,,,,,,,,,,,,,,,,,,,,,,,,,,,,High,High,High,,,,,,,,,,,,,,,,,,,,,,,,,,,,,,,,,,,,
168,2026-03-25,19:43:29.25,2,5,"Capomaccio, Caden",809732,Right,MIN_GOL,"Maulik, Matthew",1000283220,Right,THO_M,Undefined,5,Top,1,3,1,Fastball,Sinker,BallCalled,Walk,Undefined,Undefined,0,0,,91.87989,-0.364676,-2.683282,2015.958069,231.632978,1:45,5.61566,1.60106,4.53094,-22.8634,12.05662,13.79662,3.36274,0.19379,83.68695,-4.549488,-0.271357,0.425313,,,,,,,,,,,,-7.4452,6.30162,-1.33487,50,5.55663,5.53051,-133.06057,-1.78869,-13.3438,28.6334,-20.87989,MIN_GOL,THO_M,SiebertField,D1,BIG10,20260325-SiebertField-2,cf145c20-28ac-11f1-8a82-49bc3e741f4e,88.62282,,,8.19294,,,,,,,34f96caf-3623-479a-a7fb-b2cda99893ab,2026-03-26,00:43:29.25,2026-03-25T19:43:29.2530000-05:00,2026-03-26T00:43:29.2530000Z,,v3,471360,stthomas,193273f8758c40888fe81a81bb299a6a,"Hunt, Sam",1000048505,Right,MIN_GOL,2500a018-c449-4ce6-aa5a-b38554ac8945,55.96662,-134.33839,14.3167,5.61566,-0.85688,-10.43994,-1.59497,6.126,-6.6719,,,,,,,,,,,,,,,,,,,,,,,,,,,,,,,,,,,,,,,,,,,,,,,,,,,High,High,High,,,,,,,,,,,,,,,,,,,,,,,,,,,,,,,,,,,,
169,2026-03-25,19:44:03.45,3,1,"Capomaccio, Caden",809732,Right,MIN_GOL,"Bond, Owen",10054698,Left,THO_M,Undefined,5,Top,1,0,0,Slider,Curveball,BallCalled,Undefined,Undefined,Undefined,0,0,,83.49013,-0.100066,-1.551336,2523.636716,13.99045,6:30,5.34741,1.73715,4.70642,-48.25778,-6.66422,-1.95713,1.23091,0.10121,77.38404,-8.722972,-1.895626,0.464178,,,,,,,,,,,,0.5663,-2.93532,-1.5782,50,5.29341,3.36976,-121.22274,-2.14787,0.84866,22.11887,-36.57301,MIN_GOL,THO_M,SiebertField,D1,BIG10,20260325-SiebertField-2,e377c800-28ac-11f1-8a82-49bc3e741f4e,81.20256,,,6.10609,,,,,,,34f96caf-3623-479a-a7fb-b2cda99893ab,2026-03-26,00:44:03.45,2026-03-25T19:44:03.4580000-05:00,2026-03-26T00:44:03.4580000Z,,v3,471360,stthomas,193273f8758c40888fe81a81bb299a6a,"Hunt, Sam",1000048505,Right,MIN_GOL,ab7b0740-925d-448b-b8a2-a435e974479b,55.79551,-122.27565,11.05944,5.35421,-0.40692,-18.2865,-1.73765,3.32937,0.42433,,,,,,,,,,,,,,,,,,,,,,,,,,,,,,,,,,,,,,,,,,,,,,,,,,,High,High,High,,,,,,,,,,,,,,,,,,,,,,,,,,,,,,,,,,,,
170,2026-03-25,19:44:23.31,3,2,"Capomaccio, Caden",809732,Right,MIN_GOL,"Bond, Owen",10054698,Left,THO_M,Undefined,5,Top,1,1,0,Sinker,Changeup,InPlay,Undefined,LineDrive,Single,0,0,,89.40013,-0.898148,-3.225376,1763.818424,249.385184,2:15,5.63489,1.57295,4.81199,-28.93722,7.43922,16.75899,2.3712,-0.08919,81.95121,-6.15853,-0.280132,0.434092,103.81972,9.35207,3.762977,785.318162,109.86072,13.70652,5.52472,243.94422,237.35744,1.834384,2.056125,-9.17111,4.22256,-1.26757,50,5.52062,6.51121,-129.55797,-3.19782,-15.63818,26.25177,-24.97392,MIN_GOL,THO_M,SiebertField,D1,BIG10,20260325-SiebertField-2,ef4ea270-28ac-11f1-8a82-49bc3e741f4e,86.83056,13.99882,,7.44893,,,,1.1864,2.33777,0.07659,34f96caf-3623-479a-a7fb-b2cda99893ab,2026-03-26,00:44:23.31,2026-03-25T19:44:23.3150000-05:00,2026-03-26T00:44:23.3150000Z,LineDrive,v3,471360,stthomas,193273f8758c40888fe81a81bb299a6a,"Hunt, Sam",1000048505,Right,MIN_GOL,d75b7495-5340-459d-97a3-04da0a725931,55.68841,-130.7055,13.12588,5.63654,-2.10614,-12.48696,-1.56713,7.1948,-7.81909,151.227985,1.1864,149.92083,-21.66704,4.28743,-0.90366,0.1872,-0.03591,0.00528,-0.0004,2.33777,24.74375,-13.65586,0.61027,-0.05999,0.00708,0.00064,-0.00016,1E-05,0.07659,9.86041,-4.73766,1.34301,-0.35335,0.08441,-0.01749,0.00265,-0.0002,,,,,,,,,,,,,,,,,,,,,,,High,High,High,Medium,Medium,,,,,,,,,,,,,,,,,,,,,,,,,,,,,,,,,,
171,2026-03-25,19:48:08.79,4,1,"Urban, Adam",828157,Right,MIN_GOL,"Roder, Joe",1000227314,Left,THO_M,Undefined,5,Top,1,0,0,Slider,Slider,FoulBallNotFieldable,Undefined,Undefined,Undefined,0,0,,80.70253,0.327721,-1.550809,2407.342291,77.211192,8:30,5.50963,1.88697,5.77579,-42.99392,0.15854,-5.29473,2.23187,0.00235,74.02513,-7.569759,-2.49957,0.472796,,,,,,,,,,,,2.27236,0.35071,-1.75558,50,5.51054,3.37486,-117.21465,-0.73678,3.15106,22.83322,-31.68774,MIN_GOL,THO_M,SiebertField,D1,BIG10,20260325-SiebertField-2,75ac5ec0-28ad-11f1-8a82-49bc3e741f4e,79.72236,,,6.6774,,,,,,,34f96caf-3623-479a-a7fb-b2cda99893ab,2026-03-26,00:48:08.79,2026-03-25T19:48:08.7960000-05:00,2026-03-26T00:48:08.7960000Z,,v3,471360,stthomas,193273f8758c40888fe81a81bb299a6a,"Hunt, Sam",1000048505,Right,MIN_GOL,758d217b-c540-4b42-a4a5-3461e208ab04,54.72426,-118.13135,11.41661,5.51458,0.5354,-15.84387,-1.88853,3.24835,1.57553,,,,,,,,,,,,,,,,,,,,,,,,,,,,,,,,,,,,,,,,,,,,,,,,,,,High,High,High,,,,,,,,,,,,,,,,,,,,,,,,,,,,,,,,,,,,
172,2026-03-25,19:48:32.56,4,2,"Urban, Adam",828157,Right,MIN_GOL,"Roder, Joe",1000227314,Left,THO_M,Undefined,5,Top,1,0,1,Slider,Slider,FoulBallNotFieldable,Undefined,Undefined,Undefined,0,0,,83.84264,-0.249777,-0.724842,2604.842319,83.463283,8:45,5.62996,1.60652,5.76595,-39.68093,0.82595,-5.43083,2.09074,0.47931,75.89253,-7.572137,-1.698694,0.458074,71.54347,41.424298,-107.96693,5530.800837,,,,,67.40983,,,2.52248,0.94445,-1.54325,50,5.58556,1.76146,-121.61296,-1.88839,3.71521,27.5294,-30.78302,MIN_GOL,THO_M,SiebertField,D1,BIG10,20260325-SiebertField-2,83e39760-28ad-11f1-8a82-49bc3e741f4e,82.2846,50.29502,,7.95011,,,,-0.01158,1.79483,-0.30187,34f96caf-3623-479a-a7fb-b2cda99893ab,2026-03-26,00:48:32.56,2026-03-25T19:48:32.5630000-05:00,2026-03-26T00:48:32.5630000Z,,v3,471360,stthomas,193273f8758c40888fe81a81bb299a6a,"Hunt, Sam",1000048505,Right,MIN_GOL,f5d057aa-5b47-42f2-ad82-761ed6b41a66,54.7308,-122.67919,13.7647,5.63561,-0.69614,-15.39151,-1.60869,1.61756,1.85761,,-0.01158,-24.27023,-7.9084,2.37,-0.58368,0.12553,-0.02693,0.00397,-0.00027,1.79483,69.42499,-17.91653,1.00948,-0.05606,-0.01819,0.00949,-0.00109,0.0003,-0.30187,-74.84306,8.51252,-2.24933,0.43014,-0.0602,0.00823,-0.00025,-0.00041,,,,,,,,,,,,,,,,,,,,,,,High,High,High,Medium,Undefined,,,,,,,,,,,,,,,,,,,,,,,,,,,,,,,,,,
173,2026-03-25,19:48:56.75,4,3,"Urban, Adam",828157,Right,MIN_GOL,"Roder, Joe",1000227314,Left,THO_M,Undefined,5,Top,1,0,2,Fastball,Four-Seam,InPlay,Undefined,FlyBall,HomeRun,0,3,,95.01123,-2.272927,-1.84052,2473.521398,200.773919,12:45,5.78372,1.41073,6.35958,-12.27296,18.4069,6.58115,2.66698,0.26471,86.10173,-4.67003,-0.649611,0.398656,100.52228,32.292921,-11.361436,3315.345266,105.9918,64.8745,-29.42242,374.18494,347.36333,-24.031382,5.232464,-3.98445,10.58942,-1.28035,50,5.61307,4.14946,-137.86796,-5.774,-7.59846,33.27996,-11.97968,MIN_GOL,THO_M,SiebertField,D1,BIG10,20260325-SiebertField-2,9245feb0-28ad-11f1-8a82-49bc3e741f4e,94.5488,92.61635,,8.9095,,,,0.51221,2.66948,-0.27421,34f96caf-3623-479a-a7fb-b2cda99893ab,2026-03-26,00:48:56.75,2026-03-25T19:48:56.7590000-05:00,2026-03-26T00:48:56.7590000Z,FlyBall,v3,471360,stthomas,193273f8758c40888fe81a81bb299a6a,"Hunt, Sam",1000048505,Right,MIN_GOL,c505ed6c-24ea-4a32-9d53-44c7d046e72f,54.13767,-138.86316,16.63998,5.78038,-5.41576,-5.98984,-1.40784,4.37668,-3.79923,142.245144,0.51749,122.08341,-25.10631,5.37352,-0.79507,0.06615,-0.00602,0.00138,-0.00012,2.67162,78.71688,-19.47105,0.96939,0.19297,-0.17363,0.05284,-0.00723,0.00037,-0.27408,-24.55645,-4.79031,1.97981,-0.51365,0.11337,-0.02154,0.00263,-0.00013,,,,,,,,,,,,,,,,,,,,,,,High,High,High,High,High,,,,,,,,,,,,,,,,,,,,,,,,,,,,,,,,,,
174,2026-03-25,19:49:48.86,5,1,"Urban, Adam",828157,Right,MIN_GOL,"McNellis, Lucas",1000133897,Right,THO_M,Undefined,5,Top,1,0,0,Slider,Curveball,StrikeCalled,Undefined,Undefined,Undefined,0,0,,82.84168,0.720988,-1.536,2566.532189,32.966458,7:00,5.65303,1.54756,5.70128,-49.17026,-8.01461,-6.04894,2.22761,-0.38811,75.91038,-8.258754,-2.619182,0.461728,,,,,,,,,,,,2.61945,-3.87284,-1.41492,50,5.683,3.4699,-120.30147,-0.21969,3.81731,24.55772,-37.81785,MIN_GOL,THO_M,SiebertField,D1,BIG10,20260325-SiebertField-2,b157a380-28ad-11f1-8a82-49bc3e741f4e,81.63344,,,6.9313,,,,,,,34f96caf-3623-479a-a7fb-b2cda99893ab,2026-03-26,00:49:48.86,2026-03-25T19:49:48.8630000-05:00,2026-03-26T00:49:48.8630000Z,,v3,471360,stthomas,193273f8758c40888fe81a81bb299a6a,"Hunt, Sam",1000048505,Right,MIN_GOL,d339defb-698a-4732-bc9e-63c8e5497ed2,54.79915,-121.27719,12.27886,5.66188,1.28287,-18.90892,-1.54977,3.31823,1.90865,,,,,,,,,,,,,,,,,,,,,,,,,,,,,,,,,,,,,,,,,,,,,,,,,,,High,High,High,,,,,,,,,,,,,,,,,,,,,,,,,,,,,,,,,,,,
175,2026-03-25,19:50:03.77,5,2,"Urban, Adam",828157,Right,MIN_GOL,"McNellis, Lucas",1000133897,Right,THO_M,Undefined,5,Top,1,0,1,Slider,Slider,StrikeSwinging,Undefined,Undefined,Undefined,0,0,,83.79765,0.524909,-2.061827,2613.518343,53.889319,7:45,5.59439,1.65122,5.78261,-44.39609,-4.41437,-7.73847,2.38342,-0.91278,76.98894,-7.601682,-3.447938,0.455095,,,,,,,,,,,,3.35445,-1.99803,-1.47652,50,5.61112,4.69371,-121.69742,-0.43403,5.02218,24.25887,-35.16543,MIN_GOL,THO_M,SiebertField,D1,BIG10,20260325-SiebertField-2,ba41be40-28ad-11f1-8a82-49bc3e741f4e,82.82324,,,6.80872,,,,,,,34f96caf-3623-479a-a7fb-b2cda99893ab,2026-03-26,00:50:03.77,2026-03-25T19:50:03.7750000-05:00,2026-03-26T00:50:03.7750000Z,,v3,471360,stthomas,193273f8758c40888fe81a81bb299a6a,"Hunt, Sam",1000048505,Right,MIN_GOL,dd8d39bb-1bf7-405d-8de4-8504f848d31f,54.71732,-122.63415,12.12944,5.60166,0.92386,-17.58272,-1.65402,4.49978,2.51109,,,,,,,,,,,,,,,,,,,,,,,,,,,,,,,,,,,,,,,,,,,,,,,,,,,High,High,High,,,,,,,,,,,,,,,,,,,,,,,,,,,,,,,,,,,,
176,2026-03-25,19:50:20.83,5,3,"Urban, Adam",828157,Right,MIN_GOL,"McNellis, Lucas",1000133897,Right,THO_M,Undefined,5,Top,1,0,2,Slider,Curveball,InPlay,Undefined,GroundBall,Out,1,0,,83.69829,0.158411,-1.481315,2722.621498,54.30594,7:45,5.70361,1.45447,5.86005,-46.18085,-6.17126,-10.32949,2.00242,-0.78282,76.87906,-8.295459,-3.33643,0.455254,58.41888,-44.967378,-45.168126,,,,,4.28852,4.28852,-11.281582,0.035876,4.90071,-2.91122,-1.32808,50,5.68919,3.54529,-121.62042,-1.23953,7.30555,24.90642,-36.51385,MIN_GOL,THO_M,SiebertField,D1,BIG10,20260325-SiebertField-2,c463bcc0-28ad-11f1-8a82-49bc3e741f4e,82.79434,2.1824,,6.81923,,,,2.66524,2.1824,0.71051,34f96caf-3623-479a-a7fb-b2cda99893ab,2026-03-26,00:50:20.83,2026-03-25T19:50:20.8390000-05:00,2026-03-26T00:50:20.8390000Z,GroundBall,v3,471360,stthomas,193273f8758c40888fe81a81bb299a6a,"Hunt, Sam",1000048505,Right,MIN_GOL,fba9ca44-95e1-4406-a071-ea4f63356f8d,54.64159,-122.56727,12.45321,5.70993,0.14859,-18.25693,-1.45758,3.26756,3.65278,,2.6641,42.93677,,,,,,,,2.18403,-60.83142,,,,,,,,0.71166,-43.18949,,,,,,,,,,,,,,,,,,,,,,,,,,,,,,High,High,High,Estimated,Estimated,,,,,,,,,,,,,,,,,,,,,,,,,,,,,,,,,,
177,2026-03-25,19:50:58.04,6,1,"Urban, Adam",828157,Right,MIN_GOL,"Von Schlegell, Zan",807371,Right,THO_M,Undefined,5,Top,2,0,0,Slider,Curveball,BallCalled,Undefined,Undefined,Undefined,0,0,,81.61252,1.776327,0.26868,2565.315332,53.02979,7:45,5.73106,1.69648,5.6467,-48.8157,-6.6839,-10.53162,3.32053,1.06946,75.17333,-7.137485,-1.614987,0.467172,,,,,,,,,,,,5.4028,-3.45721,-1.7125,50,5.85067,-0.13521,-118.6083,1.97223,7.72427,21.91709,-37.11676,MIN_GOL,THO_M,SiebertField,D1,BIG10,20260325-SiebertField-2,da9cabf0-28ad-11f1-8a82-49bc3e741f4e,80.68222,,,6.43919,,,,,,,34f96caf-3623-479a-a7fb-b2cda99893ab,2026-03-26,00:50:58.04,2026-03-25T19:50:58.0460000-05:00,2026-03-26T00:50:58.0460000Z,,v3,471360,stthomas,193273f8758c40888fe81a81bb299a6a,"Hunt, Sam",1000048505,Right,MIN_GOL,612f6117-3d19-435c-b653-5864fd077126,54.85477,-119.50202,10.95855,5.73939,3.48576,-18.55838,-1.70057,-0.45019,3.86214,,,,,,,,,,,,,,,,,,,,,,,,,,,,,,,,,,,,,,,,,,,,,,,,,,,High,High,High,,,,,,,,,,,,,,,,,,,,,,,,,,,,,,,,,,,,
178,2026-03-25,19:51:16.19,6,2,"Urban, Adam",828157,Right,MIN_GOL,"Von Schlegell, Zan",807371,Right,THO_M,Undefined,5,Top,2,1,0,Sinker,Four-Seam,StrikeSwinging,Undefined,Undefined,Undefined,0,0,,94.50057,-2.24966,-1.272581,2423.758233,221.824739,1:30,5.82809,1.46818,6.42292,-17.50253,13.00548,10.81804,2.30006,1.19972,86.91176,-5.564431,0.689342,0.397538,,,,,,,,,,,,-5.97512,7.67449,-1.38198,50,5.65947,2.60168,-137.3633,-5.92068,-11.4735,29.0016,-17.4374,MIN_GOL,THO_M,SiebertField,D1,BIG10,20260325-SiebertField-2,e577e850-28ad-11f1-8a82-49bc3e741f4e,94.81478,,,7.58881,,,,,,,34f96caf-3623-479a-a7fb-b2cda99893ab,2026-03-26,00:51:16.19,2026-03-25T19:51:16.1950000-05:00,2026-03-26T00:51:16.1950000Z,,v3,471360,stthomas,193273f8758c40888fe81a81bb299a6a,"Hunt, Sam",1000048505,Right,MIN_GOL,11211693-3db9-4245-9225-fc0f2b706bb7,54.07611,-138.22121,14.5008,5.82699,-5.40485,-8.7187,-1.46396,2.94108,-5.73675,,,,,,,,,,,,,,,,,,,,,,,,,,,,,,,,,,,,,,,,,,,,,,,,,,,High,High,High,,,,,,,,,,,,,,,,,,,,,,,,,,,,,,,,,,,,
179,2026-03-25,19:51:32.59,6,3,"Urban, Adam",828157,Right,MIN_GOL,"Von Schlegell, Zan",807371,Right,THO_M,Undefined,5,Top,2,1,1,Slider,Slider,FoulBallNotFieldable,Undefined,Undefined,Undefined,0,0,,83.30557,-0.612498,-1.188812,2673.980334,68.857474,8:15,5.69448,1.48677,5.86169,-43.64506,-3.39831,-11.93564,1.48823,-0.61243,76.84512,-8.595685,-3.333423,0.456601,,,,,,,,,,,,5.84378,-1.28587,-1.38314,50,5.61898,2.9683,-121.09366,-2.76065,8.667,23.9038,-34.08115,MIN_GOL,THO_M,SiebertField,D1,BIG10,20260325-SiebertField-2,ef2ca610-28ad-11f1-8a82-49bc3e741f4e,82.55003,,,6.46045,,,,,,,34f96caf-3623-479a-a7fb-b2cda99893ab,2026-03-26,00:51:32.59,2026-03-25T19:51:32.5970000-05:00,2026-03-26T00:51:32.5970000Z,,v3,471360,stthomas,193273f8758c40888fe81a81bb299a6a,"Hunt, Sam",1000048505,Right,MIN_GOL,7360a3ba-e419-4115-bb50-3accd6e8c35c,54.6402,-122.00619,11.9519,5.69953,-1.45959,-17.04057,-1.49014,2.63744,4.3335,,,,,,,,,,,,,,,,,,,,,,,,,,,,,,,,,,,,,,,,,,,,,,,,,,,High,High,High,,,,,,,,,,,,,,,,,,,,,,,,,,,,,,,,,,,,
180,2026-03-25,19:51:53.39,6,4,"Urban, Adam",828157,Right,MIN_GOL,"Von Schlegell, Zan",807371,Right,THO_M,Undefined,5,Top,2,1,2,Slider,Curveball,BallinDirt,Undefined,Undefined,Undefined,0,0,,84.25602,-1.293466,-1.445291,2598.027234,48.165634,7:30,5.7046,1.41989,5.74432,-47.21573,-7.63524,-9.86934,0.56509,-0.74849,77.86915,-9.869933,-3.216942,0.452806,,,,,,,,,,,,4.65394,-3.21764,-1.29353,50,5.56788,3.47932,-122.41446,-4.42731,7.04732,24.63323,-37.04644,MIN_GOL,THO_M,SiebertField,D1,BIG10,20260325-SiebertField-2,fb8f93e0-28ad-11f1-8a82-49bc3e741f4e,83.24196,,,6.38687,,,,,,,34f96caf-3623-479a-a7fb-b2cda99893ab,2026-03-26,00:51:53.39,2026-03-25T19:51:53.3910000-05:00,2026-03-26T00:51:53.3910000Z,,v3,471360,stthomas,193273f8758c40888fe81a81bb299a6a,"Hunt, Sam",1000048505,Right,MIN_GOL,054048e3-4910-452d-a75c-0b5d9bb86c4b,54.7576,-123.3681,12.31662,5.71151,-2.9931,-18.52322,-1.42294,3.20649,3.52366,,,,,,,,,,,,,,,,,,,,,,,,,,,,,,,,,,,,,,,,,,,,,,,,,,,High,High,High,,,,,,,,,,,,,,,,,,,,,,,,,,,,,,,,,,,,
181,2026-03-25,19:52:19.68,6,5,"Urban, Adam",828157,Right,MIN_GOL,"Von Schlegell, Zan",807371,Right,THO_M,Undefined,5,Top,2,2,2,Slider,Curveball,FoulBallNotFieldable,Undefined,Undefined,Undefined,0,0,,82.46746,2.702172,1.130971,2501.72844,46.913165,7:30,5.65949,1.67632,5.48977,-48.12861,-6.74146,-8.46304,4.17902,2.02923,76.05095,-6.059756,-0.37661,0.463025,,,,,,,,,,,,4.48685,-3.55599,-1.76986,50,5.86436,-2.00346,-119.7602,3.8821,6.57674,21.1227,-37.38634,MIN_GOL,THO_M,SiebertField,D1,BIG10,20260325-SiebertField-2,0b3f3bb0-28ae-11f1-8a82-49bc3e741f4e,81.40482,,,6.41651,,,,,,,34f96caf-3623-479a-a7fb-b2cda99893ab,2026-03-26,00:52:19.68,2026-03-25T19:52:19.6810000-05:00,2026-03-26T00:52:19.6810000Z,,v3,471360,stthomas,193273f8758c40888fe81a81bb299a6a,"Hunt, Sam",1000048505,Right,MIN_GOL,2641d22a-11d3-41ca-bb7d-830f9dc5645b,55.01061,-120.64071,10.56135,5.67006,5.44056,-18.69317,-1.68063,-2.27762,3.28837,,,,,,,,,,,,,,,,,,,,,,,,,,,,,,,,,,,,,,,,,,,,,,,,,,,High,High,High,,,,,,,,,,,,,,,,,,,,,,,,,,,,,,,,,,,,
182,2026-03-25,19:52:56.02,6,6,"Urban, Adam",828157,Right,MIN_GOL,"Von Schlegell, Zan",807371,Right,THO_M,Undefined,5,Top,2,2,2,Slider,Slider,StrikeSwinging,Strikeout,Undefined,Undefined,0,0,,82.4276,0.444092,-2.670267,2572.674336,53.582993,7:45,5.57235,1.62401,5.59984,-46.71373,-5.03693,-8.57233,2.0946,-1.58506,75.77609,-8.065483,-4.199279,0.464642,,,,,,,,,,,,3.58358,-2.2876,-1.3895,50,5.58008,5.92437,-119.62434,-0.71456,5.17957,23.62233,-35.48046,MIN_GOL,THO_M,SiebertField,D1,BIG10,20260325-SiebertField-2,20ea90e0-28ae-11f1-8a82-49bc3e741f4e,81.12144,,,6.65152,,,,,,,34f96caf-3623-479a-a7fb-b2cda99893ab,2026-03-26,00:52:56.02,2026-03-25T19:52:56.0240000-05:00,2026-03-26T00:52:56.0240000Z,,v3,471360,stthomas,193273f8758c40888fe81a81bb299a6a,"Hunt, Sam",1000048505,Right,MIN_GOL,a15b21cc-1892-47df-b512-a7833bd6b4b0,54.90058,-120.58818,11.81117,5.5797,0.73312,-17.74023,-1.62692,5.71303,2.58979,,,,,,,,,,,,,,,,,,,,,,,,,,,,,,,,,,,,,,,,,,,,,,,,,,,High,High,High,,,,,,,,,,,,,,,,,,,,,,,,,,,,,,,,,,,,
183,2026-03-25,19:55:05.32,1,1,"Majerus, Landon",10082940,Right,THO_M,"Neels, Weber",809730,Right,MIN_GOL,Undefined,5,Bottom,0,0,0,Fastball,Four-Seam,BallCalled,Undefined,Undefined,Undefined,0,0,,89.74996,-1.411289,-0.776469,2136.808242,201.064221,12:45,5.9004,1.52203,6.26473,-22.54997,11.69131,4.07918,2.71969,1.14604,82.00699,-5.660766,-0.038753,0.421159,,,,,,,,,,,,-2.32571,6.8091,-1.46637,50,5.78485,1.59917,-130.3875,-3.90221,-3.99472,27.99099,-20.47844,MIN_GOL,THO_M,SiebertField,D1,BIG10,20260325-SiebertField-2,6df158b0-28ae-11f1-8a82-49bc3e741f4e,89.4969,,,7.74296,,,,,,,34f96caf-3623-479a-a7fb-b2cda99893ab,2026-03-26,00:55:05.32,2026-03-25T19:55:05.3230000-05:00,2026-03-26T00:55:05.3230000Z,,v3,471360,stthomas,193273f8758c40888fe81a81bb299a6a,"Verhage, Terek",10120179,Right,THO_M,ebd4b426-53b2-40a7-a489-f764eae32423,54.23209,-131.29288,13.99549,5.90036,-3.23982,-10.23922,-1.52019,1.72839,-1.99736,,,,,,,,,,,,,,,,,,,,,,,,,,,,,,,,,,,,,,,,,,,,,,,,,,,High,High,High,,,,,,,,,,,,,,,,,,,,,,,,,,,,,,,,,,,,
184,2026-03-25,19:55:23.39,1,2,"Majerus, Landon",10082940,Right,THO_M,"Neels, Weber",809730,Right,MIN_GOL,Undefined,5,Bottom,0,1,0,Slider,Slider,BallinDirt,Undefined,Undefined,Undefined,0,0,,81.64156,-1.911798,-1.641243,2137.461756,79.167014,8:45,5.80101,1.21781,5.96219,-41.03262,0.71492,-2.88402,0.60752,-0.54478,75.49566,-9.426007,-2.160687,0.465036,,,,,,,,,,,,1.04028,1.24504,-1.08596,50,5.62617,3.50518,-118.59075,-5.27766,1.48275,22.49803,-30.39949,MIN_GOL,THO_M,SiebertField,D1,BIG10,20260325-SiebertField-2,78bf0080-28ae-11f1-8a82-49bc3e741f4e,81.05266,,,6.14591,,,,,,,34f96caf-3623-479a-a7fb-b2cda99893ab,2026-03-26,00:55:23.39,2026-03-25T19:55:23.3960000-05:00,2026-03-26T00:55:23.3960000Z,,v3,471360,stthomas,193273f8758c40888fe81a81bb299a6a,"Verhage, Terek",10120179,Right,THO_M,de3f999a-ae2f-44da-a000-606e8ab02fbb,54.53826,-119.44861,11.24902,5.80531,-4.11852,-15.19975,-1.21854,3.44865,0.74137,,,,,,,,,,,,,,,,,,,,,,,,,,,,,,,,,,,,,,,,,,,,,,,,,,,High,High,High,,,,,,,,,,,,,,,,,,,,,,,,,,,,,,,,,,,,
185,2026-03-25,19:55:45.06,1,3,"Majerus, Landon",10082940,Right,THO_M,"Neels, Weber",809730,Right,MIN_GOL,Undefined,5,Bottom,0,2,0,Fastball,Four-Seam,BallCalled,Undefined,Undefined,Undefined,0,0,,88.94789,-2.686728,-2.599424,2106.943648,223.643217,1:30,5.96099,1.30963,6.23218,-28.04576,7.27741,5.76441,1.14085,-0.60972,80.85281,-7.919272,-1.55795,0.427761,,,,,,,,,,,,-3.80107,4.98339,-1.11832,50,5.74646,5.61955,-128.91282,-6.95369,-6.32086,29.75335,-23.88705,MIN_GOL,THO_M,SiebertField,D1,BIG10,20260325-SiebertField-2,85a1ccb0-28ae-11f1-8a82-49bc3e741f4e,88.11564,,,8.09509,,,,,,,34f96caf-3623-479a-a7fb-b2cda99893ab,2026-03-26,00:55:45.06,2026-03-25T19:55:45.0670000-05:00,2026-03-26T00:55:45.0670000Z,,v3,471360,stthomas,193273f8758c40888fe81a81bb299a6a,"Verhage, Terek",10120179,Right,THO_M,e7bba970-9eaf-43b7-8bca-56e275aeefed,54.26508,-129.89348,14.87668,5.96267,-6.16638,-11.94353,-1.30697,5.82788,-3.16043,,,,,,,,,,,,,,,,,,,,,,,,,,,,,,,,,,,,,,,,,,,,,,,,,,,High,High,High,,,,,,,,,,,,,,,,,,,,,,,,,,,,,,,,,,,,
186,2026-03-25,19:56:04.72,1,4,"Majerus, Landon",10082940,Right,THO_M,"Neels, Weber",809730,Right,MIN_GOL,Undefined,5,Bottom,0,3,0,Fastball,Four-Seam,BallCalled,Walk,Undefined,Undefined,0,0,,90.09329,-0.118158,-1.668932,2132.503162,207.838895,1:00,5.98474,1.29812,6.20769,-23.52934,10.95327,5.13236,3.91486,0.18501,81.18529,-4.576276,-0.742567,0.422641,,,,,,,,,,,,-3.16563,6.07319,-1.17519,50,5.96424,3.58877,-130.69553,-0.99968,-5.39342,31.39617,-21.82689,MIN_GOL,THO_M,SiebertField,D1,BIG10,20260325-SiebertField-2,9167b730-28ae-11f1-8a82-49bc3e741f4e,89.18315,,,8.908,,,,,,,34f96caf-3623-479a-a7fb-b2cda99893ab,2026-03-26,00:56:04.72,2026-03-25T19:56:04.7290000-05:00,2026-03-26T00:56:04.7290000Z,,v3,471360,stthomas,193273f8758c40888fe81a81bb299a6a,"Verhage, Terek",10120179,Right,THO_M,aa61ef0d-c87a-4ed0-9232-52197df57c4d,54.28673,-131.72128,15.69808,5.98525,-0.28657,-10.91345,-1.29532,3.76498,-2.69671,,,,,,,,,,,,,,,,,,,,,,,,,,,,,,,,,,,,,,,,,,,,,,,,,,,High,High,High,,,,,,,,,,,,,,,,,,,,,,,,,,,,,,,,,,,,
187,2026-03-25,19:59:44.24,2,1,"Bobb, Easton",1000364742,Left,THO_M,"Hamilton, Davis",837901,Left,MIN_GOL,Undefined,5,Bottom,0,0,0,Fastball,Four-Seam,StrikeSwinging,Undefined,Undefined,Undefined,0,0,,86.96725,-1.242071,1.461404,2061.795129,156.142844,11:15,6.23994,-0.26601,5.49583,-17.20741,21.05033,-8.66221,3.64361,0.37942,77.8778,-4.551437,-0.081326,0.445175,,,,,,,,,,,,4.81028,11.39812,0.14401,50,6.12014,-2.82123,-125.89656,-3.21215,7.56652,30.30808,-14.24489,MIN_GOL,THO_M,SiebertField,D1,BIG10,20260325-SiebertField-2,1444ff50-28af-11f1-8a82-49bc3e741f4e,84.66874,,,9.08945,,,,,,,34f96caf-3623-479a-a7fb-b2cda99893ab,2026-03-26,00:59:44.24,2026-03-25T19:59:44.2430000-05:00,2026-03-26T00:59:44.2430000Z,,v3,471360,stthomas,193273f8758c40888fe81a81bb299a6a,"Verhage, Terek",10120179,Right,THO_M,b7987e80-9b13-4fa2-a8b3-0d08451a9d4f,54.99706,-127.09385,15.15404,6.23592,-2.64942,-7.12244,0.26136,-3.12014,3.78326,,,,,,,,,,,,,,,,,,,,,,,,,,,,,,,,,,,,,,,,,,,,,,,,,,,High,High,High,,,,,,,,,,,,,,,,,,,,,,,,,,,,,,,,,,,,
188,2026-03-25,20:00:03.61,2,2,"Bobb, Easton",1000364742,Left,THO_M,"Hamilton, Davis",837901,Left,MIN_GOL,Undefined,5,Bottom,0,0,1,Curveball,Changeup,StrikeCalled,Undefined,Undefined,Undefined,0,0,,71.57729,2.567692,0.315602,1906.129631,301.9595,4:00,5.9984,-0.11257,5.02382,-62.51873,-5.1413,11.58174,3.21312,1.15039,64.74592,-8.783485,2.362761,0.545183,,,,,,,,,,,,-5.5928,-2.7241,0.07267,50,6.19437,-1.01773,-103.60533,2.57774,-5.96794,20.25964,-35.08084,MIN_GOL,THO_M,SiebertField,D1,BIG10,20260325-SiebertField-2,1fd0c700-28af-11f1-8a82-49bc3e741f4e,69.13728,,,6.83137,,,,,,,34f96caf-3623-479a-a7fb-b2cda99893ab,2026-03-26,01:00:03.61,2026-03-25T20:00:03.6140000-05:00,2026-03-26T01:00:03.6140000Z,,v3,471360,stthomas,193273f8758c40888fe81a81bb299a6a,"Verhage, Terek",10120179,Right,THO_M,df1ba4ed-a093-48a3-b29a-0e527eb667ae,55.47414,-104.67031,10.12982,6.0104,4.42181,-17.54042,0.11792,-0.70401,-2.98397,,,,,,,,,,,,,,,,,,,,,,,,,,,,,,,,,,,,,,,,,,,,,,,,,,,High,High,High,,,,,,,,,,,,,,,,,,,,,,,,,,,,,,,,,,,,
189,2026-03-25,20:00:23.39,2,3,"Bobb, Easton",1000364742,Left,THO_M,"Hamilton, Davis",837901,Left,MIN_GOL,Undefined,5,Bottom,0,0,2,Slider,Slider,FoulBallNotFieldable,Undefined,Undefined,Undefined,0,0,,82.18712,-0.467102,0.679693,2025.280647,218.828886,1:15,6.00597,-0.05529,5.27841,-39.71916,3.54091,1.5165,2.2573,0.70948,73.86199,-7.762206,0.9492,0.473386,42.65601,3.409448,-75.633951,3973.575018,,,,34.01365,32.49668,-69.504949,0.533849,-0.52969,2.33878,-0.00793,50,5.93436,-1.47493,-119.02912,-2.36402,-0.7414,28.03011,-28.90039,MIN_GOL,THO_M,SiebertField,D1,BIG10,20260325-SiebertField-2,2b9a0ce0-28af-11f1-8a82-49bc3e741f4e,79.62313,2.83662,,8.32513,,,,4.77394,2.62752,-0.5118,34f96caf-3623-479a-a7fb-b2cda99893ab,2026-03-26,01:00:23.39,2026-03-25T20:00:23.3900000-05:00,2026-03-26T01:00:23.3900000Z,GroundBall,v3,471360,stthomas,193273f8758c40888fe81a81bb299a6a,"Verhage, Terek",10120179,Right,THO_M,7fb94a54-c48a-4e34-b2f1-92df308bcb06,55.21897,-120.25185,14.01506,6.00998,-1.10332,-14.4502,0.05571,-1.4426,-0.3707,93.666614,4.77394,15.4951,-4.06886,0.15749,-0.47324,2.62391,-6.24496,7.29949,-3.39281,2.62752,3.72064,-16.63994,0.84809,0.1284,-0.69101,1.52451,-1.7377,0.79611,-0.5118,-60.49843,3.25148,0.15321,0.3366,-2.04195,4.83727,-5.64571,2.6227,,,,,,,,,,,,,,,,,,,,,,,High,High,High,High,High,,,,,,,,,,,,,,,,,,,,,,,,,,,,,,,,,,
190,2026-03-25,20:00:50.29,2,4,"Bobb, Easton",1000364742,Left,THO_M,"Hamilton, Davis",837901,Left,MIN_GOL,Undefined,5,Bottom,0,0,2,Fastball,Four-Seam,BallCalled,Undefined,Undefined,Undefined,0,0,,87.58624,0.25446,1.097809,1980.839621,169.554931,11:45,6.34284,-0.04688,5.33851,-15.66363,21.86226,-3.79177,5.2763,0.66716,79.10672,-2.75277,0.424587,0.440897,,,,,,,,,,,,2.21449,11.2089,-0.04941,50,6.35504,-2.25872,-126.94759,0.12067,3.58155,28.15068,-14.0455,MIN_GOL,THO_M,SiebertField,D1,BIG10,20260325-SiebertField-2,3b92f2b0-28af-11f1-8a82-49bc3e741f4e,85.49037,,,8.47952,,,,,,,34f96caf-3623-479a-a7fb-b2cda99893ab,2026-03-26,01:00:50.29,2026-03-25T20:00:50.2900000-05:00,2026-03-26T01:00:50.2900000Z,,v3,471360,stthomas,193273f8758c40888fe81a81bb299a6a,"Verhage, Terek",10120179,Right,THO_M,650bffb9-45a9-467c-9a57-2f47a3b9916c,55.15558,-128.08573,14.07534,6.33868,0.68854,-7.02275,0.04484,-2.40353,1.79077,,,,,,,,,,,,,,,,,,,,,,,,,,,,,,,,,,,,,,,,,,,,,,,,,,,High,High,High,,,,,,,,,,,,,,,,,,,,,,,,,,,,,,,,,,,,
191,2026-03-25,20:01:10.40,2,5,"Bobb, Easton",1000364742,Left,THO_M,"Hamilton, Davis",837901,Left,MIN_GOL,Undefined,5,Bottom,0,1,2,Curveball,Changeup,FoulBallNotFieldable,Undefined,Undefined,Undefined,0,0,,69.89718,2.027215,-0.856574,1875.673928,310.490141,4:15,6.03451,-0.04518,5.26948,-68.4446,-9.25875,13.21308,2.23606,0.25123,63.89446,-10.385403,1.493329,0.553707,81.42514,23.08456,49.778327,3538.066909,66.54134,35.44737,87.59073,249.08453,185.0654,59.777039,3.179666,-6.95788,-4.86075,0.11304,50,6.16871,1.05364,-101.37945,1.46982,-7.14518,18.62649,-37.16568,MIN_GOL,THO_M,SiebertField,D1,BIG10,20260325-SiebertField-2,47a9e360-28af-11f1-8a82-49bc3e741f4e,68.07284,37.33257,,6.00272,,,,4.17939,2.79634,-0.29364,34f96caf-3623-479a-a7fb-b2cda99893ab,2026-03-26,01:01:10.40,2026-03-25T20:01:10.4010000-05:00,2026-03-26T01:01:10.4010000Z,LineDrive,v3,471360,stthomas,193273f8758c40888fe81a81bb299a6a,"Verhage, Terek",10120179,Right,THO_M,3042cf62-59a3-4c5f-b5b2-0ed76eb569e2,55.23306,-102.33641,9.31325,6.04415,3.37924,-18.58284,0.04948,1.42073,-3.57259,,4.17922,70.94833,-18.9829,4.64319,-1.02237,0.24015,-0.05552,0.00848,-0.00055,2.79653,46.81764,-16.83496,0.71911,-0.00772,-0.05301,0.02246,-0.00368,0.00022,-0.29357,83.88162,-8.24677,1.47336,-0.17486,-0.00456,0.00832,-0.00184,0.00015,,,,,,,,,,,,,,,,,,,,,,,High,High,High,High,Medium,,,,,,,,,,,,,,,,,,,,,,,,,,,,,,,,,,
192,2026-03-25,20:01:38.84,2,6,"Bobb, Easton",1000364742,Left,THO_M,"Hamilton, Davis",837901,Left,MIN_GOL,Undefined,5,Bottom,0,1,2,Slider,Slider,BallCalled,Undefined,Undefined,Undefined,1,0,,82.46086,-2.808091,3.11768,2028.350992,223.974832,1:30,6.02327,-0.06934,5.45654,-38.19837,4.7967,3.01114,0.20548,3.10286,74.31719,-9.796933,3.653743,0.471933,,,,,,,,,,,,-0.41213,3.89732,-0.20784,50,5.74948,-6.61241,-119.09876,-7.16314,-0.57675,28.36049,-26.72024,MIN_GOL,THO_M,SiebertField,D1,BIG10,20260325-SiebertField-2,5890f9c0-28af-11f1-8a82-49bc3e741f4e,79.86812,,,8.14366,,,,,,,34f96caf-3623-479a-a7fb-b2cda99893ab,2026-03-26,01:01:38.84,2026-03-25T20:01:38.8450000-05:00,2026-03-26T01:01:38.8450000Z,,v3,471360,stthomas,193273f8758c40888fe81a81bb299a6a,"Verhage, Terek",10120179,Right,THO_M,f2806e8b-b580-4983-9f30-3d1025b0aca8,55.03842,-120.29255,14.18025,6.02733,-6.03839,-13.36012,0.06999,-6.58813,-0.28837,,,,,,,,,,,,,,,,,,,,,,,,,,,,,76.22922,,,1.296753,,,,0.42532,6.09025,-1.63652,127.28021,2.55407,-6.23342,0.56847,109.48293,-9.17884,6.08492,10.78084,-10.41354,-1.68637,-6.8704,2.62937,High,High,High,,,High,High,High,,,,,,,,,,,,,,,,,,,,,,,,,,,,,,,
193,2026-03-25,20:02:08.33,2,7,"Bobb, Easton",1000364742,Left,THO_M,"Hamilton, Davis",837901,Left,MIN_GOL,Undefined,5,Bottom,1,2,2,Curveball,Curveball,BallCalled,Undefined,Undefined,Undefined,0,0,,72.93262,3.731656,-0.276895,1947.747552,327.764084,5:00,5.92039,-0.17337,5.69795,-63.28456,-10.23993,7.49441,4.12904,0.19314,66.85771,-7.837731,1.063465,0.524194,,,,,,,,,,,,-3.86166,-5.67851,0.19194,50,6.19476,0.24093,-105.80571,4.92382,-4.37196,18.26732,-38.60297,MIN_GOL,THO_M,SiebertField,D1,BIG10,20260325-SiebertField-2,6a265180-28af-11f1-8a82-49bc3e741f4e,71.90551,,,6.07491,,,,,,,34f96caf-3623-479a-a7fb-b2cda99893ab,2026-03-26,01:02:08.33,2026-03-25T20:02:08.3300000-05:00,2026-03-26T01:02:08.3300000Z,,v3,471360,stthomas,193273f8758c40888fe81a81bb299a6a,"Verhage, Terek",10120179,Right,THO_M,5aafb128-96b8-4182-9b36-fb73b5a53eac,54.80414,-106.63192,9.13366,5.93258,6.66978,-19.30149,0.17657,0.43866,-2.18598,,,,,,,,,,,,,,,,,,,,,,,,,,,,,,,,,,,,,,,,,,,,,,,,,,,High,High,High,,,,,,,,,,,,,,,,,,,,,,,,,,,,,,,,,,,,
194,2026-03-25,20:02:24.62,2,8,"Bobb, Easton",1000364742,Left,THO_M,"Hamilton, Davis",837901,Left,MIN_GOL,Undefined,5,Bottom,1,3,2,Fastball,Four-Seam,InPlay,Undefined,LineDrive,Single,0,0,,87.97077,-1.440176,0.855733,1994.305008,153.523739,11:00,6.0475,-0.19429,5.62365,-20.51824,16.11383,-7.41796,2.9933,-0.01386,80.07985,-5.298481,-0.469381,0.435614,91.04329,10.351642,29.57086,1647.04365,93.86484,11.66217,57.35286,187.18914,185.47872,33.86702,1.703083,4.04772,8.97138,0.12638,50,5.91185,-1.59393,-127.66841,-3.86708,6.64265,27.67984,-17.45129,MIN_GOL,THO_M,SiebertField,D1,BIG10,20260325-SiebertField-2,73cae2a0-28af-11f1-8a82-49bc3e741f4e,86.52709,11.97618,,7.89092,,,,2.68686,3.03933,-0.08904,34f96caf-3623-479a-a7fb-b2cda99893ab,2026-03-26,01:02:24.62,2026-03-25T20:02:24.6240000-05:00,2026-03-26T01:02:24.6240000Z,LineDrive,v3,471360,stthomas,193273f8758c40888fe81a81bb299a6a,"Verhage, Terek",10120179,Right,THO_M,72aa41b9-287b-4e49-a1f7-b23fa077fb32,54.87514,-128.72105,13.83992,6.0463,-3.20343,-8.72565,0.1918,-1.84655,3.32133,250.189314,2.68686,114.24682,-18.4343,3.22112,-0.68297,0.13832,-0.02713,0.00431,-0.00036,3.03934,23.99385,-17.10361,1.51732,-0.30193,0.06913,-0.01262,0.00194,-0.00017,-0.08904,64.8244,-2.52869,0.36685,-0.07547,0.01497,-0.00295,0.00047,-4E-05,,,,,,,,,,,,,,,,,,,,,,,High,High,High,High,High,,,,,,,,,,,,,,,,,,,,,,,,,,,,,,,,,,
195,2026-03-25,20:03:05.43,3,1,"Bobb, Easton",1000364742,Left,THO_M,"Martin, Jameson",831053,Right,MIN_GOL,Undefined,5,Bottom,1,0,0,Fastball,Four-Seam,InPlay,Undefined,LineDrive,Single,0,0,,88.4413,-2.966647,1.242728,1995.858399,148.646579,11:00,6.17333,-0.32552,5.55944,-17.76603,18.53749,-10.5654,1.91802,-0.04473,80.79643,-6.311637,-0.642238,0.433657,101.03077,14.249247,-19.305065,1300.798844,102.20226,21.10585,-40.67774,278.70115,277.4792,-26.30687,2.534511,5.71922,10.58981,0.22545,50,5.90552,-2.32578,-128.22627,-7.20031,9.50236,27.02632,-14.57938,MIN_GOL,THO_M,SiebertField,D1,BIG10,20260325-SiebertField-2,8c24b600-28af-11f1-8a82-49bc3e741f4e,86.91772,22.90369,,7.64487,,,,1.63429,1.91651,0.05641,34f96caf-3623-479a-a7fb-b2cda99893ab,2026-03-26,01:03:05.43,2026-03-25T20:03:05.4380000-05:00,2026-03-26T01:03:05.4380000Z,LineDrive,v3,471360,stthomas,193273f8758c40888fe81a81bb299a6a,"Verhage, Terek",10120179,Right,THO_M,de511a0f-24a3-40cf-a847-1f2935fee7e5,54.9391,-129.26309,13.51316,6.17102,-6.64099,-7.28969,0.32167,-2.69032,4.75118,115.288704,1.63429,135.54382,-21.03427,3.81344,-0.79531,0.14702,-0.02528,0.00328,-0.00022,1.91651,36.47264,-17.16918,1.34662,-0.22761,0.04406,-0.00589,0.00065,-5E-05,0.05641,-47.48036,-2.33641,1.34718,-0.4123,0.10109,-0.01953,0.00259,-0.00016,,,,,,,,,,,,,,,,,,,,,,,High,High,High,High,High,,,,,,,,,,,,,,,,,,,,,,,,,,,,,,,,,,
196,2026-03-25,20:03:51.84,4,1,"Bobb, Easton",1000364742,Left,THO_M,"Akin, Jackson",1000309281,Right,MIN_GOL,Undefined,5,Bottom,1,0,0,Curveball,Curveball,StrikeCalled,Undefined,Undefined,Undefined,0,0,,73.71045,2.807965,0.362057,1951.664784,335.707507,5:15,5.9038,-0.43354,5.21274,-61.81759,-8.93902,4.78378,3.39492,0.30557,67.62156,-8.393221,1.210626,0.523373,,,,,,,,,,,,-2.27099,-4.68898,0.39638,50,6.11694,-0.8598,-106.92043,3.16315,-2.6235,18.78936,-37.59084,MIN_GOL,THO_M,SiebertField,D1,BIG10,20260325-SiebertField-2,a7dd92e0-28af-11f1-8a82-49bc3e741f4e,72.01832,,,6.08889,,,,,,,34f96caf-3623-479a-a7fb-b2cda99893ab,2026-03-26,01:03:51.84,2026-03-25T20:03:51.8410000-05:00,2026-03-26T01:03:51.8410000Z,,v3,471360,stthomas,193273f8758c40888fe81a81bb299a6a,"Verhage, Terek",10120179,Right,THO_M,a117bb87-aadc-4e83-8e5c-d5848af2c74a,55.28838,-107.84576,9.39468,5.91558,5.01441,-18.79542,0.43555,-0.73059,-1.31175,,,,,,,,,,,,,,,,,,,,,,,,,,,,,,,,,,,,,,,,,,,,,,,,,,,High,High,High,,,,,,,,,,,,,,,,,,,,,,,,,,,,,,,,,,,,
197,2026-03-25,20:04:13.08,4,2,"Bobb, Easton",1000364742,Left,THO_M,"Akin, Jackson",1000309281,Right,MIN_GOL,Undefined,5,Bottom,1,0,1,Curveball,Curveball,FoulBallNotFieldable,Undefined,Undefined,Undefined,0,0,,74.31323,1.803571,0.197954,2006.440334,308.830772,4:15,5.86416,-0.34029,5.25804,-56.85428,-5.24083,8.42028,2.82141,0.54739,68.60465,-8.499662,1.693529,0.517074,,,,,,,,,,,,-4.20981,-2.78008,0.31548,50,5.98656,-0.68262,-107.94191,1.53297,-4.97958,18.3384,-35.46245,MIN_GOL,THO_M,SiebertField,D1,BIG10,20260325-SiebertField-2,b47c9f50-28af-11f1-8a82-49bc3e741f4e,72.89562,,,5.70858,,,,,,,34f96caf-3623-479a-a7fb-b2cda99893ab,2026-03-26,01:04:13.08,2026-03-25T20:04:13.0890000-05:00,2026-03-26T01:04:13.0890000Z,,v3,471360,stthomas,193273f8758c40888fe81a81bb299a6a,"Verhage, Terek",10120179,Right,THO_M,4e0459db-273b-4185-9c61-0a1412bb709c,55.24452,-108.82926,9.1692,5.87086,3.24891,-17.73122,0.34268,-0.44167,-2.48979,,,,,,,,,,,,,,,,,,,,,,,,,,,,,,,,,,,,,,,,,,,,,,,,,,,High,High,High,,,,,,,,,,,,,,,,,,,,,,,,,,,,,,,,,,,,
198,2026-03-25,20:04:40.85,4,3,"Bobb, Easton",1000364742,Left,THO_M,"Akin, Jackson",1000309281,Right,MIN_GOL,Undefined,5,Bottom,1,0,2,Slider,Slider,FoulBallNotFieldable,Undefined,Undefined,Undefined,0,0,,79.74626,0.596793,-0.636282,1967.54522,304.806696,4:15,5.90375,-0.15276,5.29651,-47.53715,-1.66441,4.89118,2.50268,-0.34257,71.75781,-8.103756,0.233422,0.487471,70.46358,63.915399,117.832606,5531.212762,,,,,27.10504,,,-2.67122,-0.55996,0.20688,50,5.92356,1.08211,-115.50987,-0.45995,-3.52604,26.12796,-32.9132,MIN_GOL,THO_M,SiebertField,D1,BIG10,20260325-SiebertField-2,c507b300-28af-11f1-8a82-49bc3e741f4e,77.32241,49.01308,,7.98845,,,,1.95045,2.60943,0.32343,34f96caf-3623-479a-a7fb-b2cda99893ab,2026-03-26,01:04:40.85,2026-03-25T20:04:40.8580000-05:00,2026-03-26T01:04:40.8580000Z,,v3,471360,stthomas,193273f8758c40888fe81a81bb299a6a,"Verhage, Terek",10120179,Right,THO_M,bcd7ac76-31f0-4314-a23f-de8d8a6fff90,55.20039,-116.68025,13.06398,5.91114,1.01437,-16.4566,0.15487,1.24006,-1.76302,340.91914,1.95045,-21.21606,-5.00685,2.57557,-1.18232,2.65269,-6.71689,8.70317,-4.2625,2.60943,92.82015,-31.63931,4.36261,-1.27617,2.09467,-5.02249,6.31191,-3.02283,0.32343,40.18436,-3.47149,-0.06709,0.22062,-0.59886,1.56925,-2.09332,1.04712,,,,,,,,,,,,,,,,,,,,,,,High,High,High,High,Undefined,,,,,,,,,,,,,,,,,,,,,,,,,,,,,,,,,,
199,2026-03-25,20:05:12.88,4,4,"Bobb, Easton",1000364742,Left,THO_M,"Akin, Jackson",1000309281,Right,MIN_GOL,Undefined,5,Bottom,1,0,2,Fastball,Sinker,StrikeSwinging,Strikeout,Undefined,Undefined,0,0,,89.7229,-1.977346,1.273302,2097.015113,147.148702,11:00,6.19957,-0.15878,5.35935,-15.51867,20.32426,-12.29497,3.05085,0.01091,81.03303,-4.942097,-0.911386,0.430897,,,,,,,,,,,,6.51146,11.14804,0.05323,50,6.01127,-2.3148,-129.96435,-4.94916,11.01068,30.1203,-13.32306,MIN_GOL,THO_M,SiebertField,D1,BIG10,20260325-SiebertField-2,d821fd10-28af-11f1-8a82-49bc3e741f4e,87.47442,,,8.68987,,,,,,,34f96caf-3623-479a-a7fb-b2cda99893ab,2026-03-26,01:05:12.88,2026-03-25T20:05:12.8830000-05:00,2026-03-26T01:05:12.8830000Z,,v3,471360,stthomas,193273f8758c40888fe81a81bb299a6a,"Verhage, Terek",10120179,Right,THO_M,b0839952-601d-4b63-93a1-b112243a6e05,55.13572,-131.14919,15.06015,6.19565,-4.42507,-6.66153,0.15281,-2.74792,5.50534,,,,,,,,,,,,,,,,,,,,,,,,,,,,,,,,,,,,,,,,,,,,,,,,,,,High,High,High,,,,,,,,,,,,,,,,,,,,,,,,,,,,,,,,,,,,
200,2026-03-25,20:05:41.99,5,1,"Bobb, Easton",1000364742,Left,THO_M,"Hunt, Sam",1000048505,Right,MIN_GOL,Undefined,5,Bottom,2,0,0,Undefined,,BallCalled,Undefined,Undefined,Undefined,0,0,,,,,,,,,,,,,,,,,,,,,,,,,,,,,,,,,,,,,,,,,,MIN_GOL,THO_M,SiebertField,D1,BIG10,20260325-SiebertField-2,6f2175d0-2912-11f1-a2dc-3b2a900b0039,,,,,,,,,,,34f96caf-3623-479a-a7fb-b2cda99893ab,2026-03-26,01:05:41.99,2026-03-25T20:05:41.9940000-05:00,2026-03-26T01:05:41.9940000Z,,v3,471360,stthomas,193273f8758c40888fe81a81bb299a6a,"Verhage, Terek",10120179,Right,THO_M,4b135e76-4bc6-4a3c-a446-fe579f9d3a64,,,,,,,,,,,,,,,,,,,,,,,,,,,,,,,,,,,,,,,,,,,,,,,,,,,,,,,,,,,,,,,,,,,,,,,,,,,,,,,,,,,,,,,,,,,,,,,,,,
201,2026-03-25,20:06:09.99,5,2,"Bobb, Easton",1000364742,Left,THO_M,"Hunt, Sam",1000048505,Right,MIN_GOL,Undefined,5,Bottom,2,1,0,Fastball,Cutter,BallCalled,Undefined,Undefined,Undefined,0,0,,88.07136,-3.162802,1.664795,2092.673632,150.80699,11:00,6.26687,-0.10973,5.38091,-17.34076,19.83178,-10.34087,1.85274,0.58954,79.82616,-6.442347,-0.173427,0.438816,,,,,,,,,,,,5.67402,11.29264,-0.03177,50,5.97178,-3.23756,-127.46985,-7.57759,9.24887,28.47576,-13.76656,MIN_GOL,THO_M,SiebertField,D1,BIG10,20260325-SiebertField-2,fa2124e0-28af-11f1-8a82-49bc3e741f4e,85.89576,,,8.24521,,,,,,,34f96caf-3623-479a-a7fb-b2cda99893ab,2026-03-26,01:06:09.99,2026-03-25T20:06:09.9940000-05:00,2026-03-26T01:06:09.9940000Z,,v3,471360,stthomas,193273f8758c40888fe81a81bb299a6a,"Verhage, Terek",10120179,Right,THO_M,f43aa1bf-dced-4604-8912-796f25ba8d7e,55.11485,-128.6074,14.23788,6.2635,-7.02765,-6.88328,0.10494,-3.60703,4.62444,,,,,,,,,,,,,,,,,,,,,,,,,,,,,,,,,,,,,,,,,,,,,,,,,,,High,High,High,,,,,,,,,,,,,,,,,,,,,,,,,,,,,,,,,,,,
202,2026-03-25,20:06:32.72,5,3,"Bobb, Easton",1000364742,Left,THO_M,"Hunt, Sam",1000048505,Right,MIN_GOL,Undefined,5,Bottom,2,2,0,Fastball,Four-Seam,FoulBallNotFieldable,Undefined,Undefined,Undefined,0,0,,88.73068,-1.56985,1.909072,2122.750098,144.162225,10:45,6.20949,-0.26758,5.43132,-17.70292,18.92048,-12.70324,3.26286,0.46236,79.97947,-4.936899,-0.350455,0.435563,104.38552,43.432113,-42.686276,3049.103157,76.70908,100.61922,-78.83964,368.26341,161.56096,-53.593011,6.414364,7.03103,10.41595,0.10767,50,6.05869,-3.72025,-128.54085,-4.07471,11.59461,30.21673,-14.99752,MIN_GOL,THO_M,SiebertField,D1,BIG10,20260325-SiebertField-2,07adecb0-28b0-11f1-8a82-49bc3e741f4e,86.53731,148.65309,,8.75121,,,,2.44015,3.27832,-0.2974,34f96caf-3623-479a-a7fb-b2cda99893ab,2026-03-26,01:06:32.72,2026-03-25T20:06:32.7200000-05:00,2026-03-26T01:06:32.7200000Z,FlyBall,v3,471360,stthomas,193273f8758c40888fe81a81bb299a6a,"Verhage, Terek",10120179,Right,THO_M,dfac319c-5f0e-40d1-9523-2fc9f92f1c53,55.06593,-129.72626,15.10836,6.207,-3.48636,-7.49876,0.26254,-4.17511,5.79731,,2.45298,81.50976,-22.60634,5.44539,-0.85175,0.05871,0.00445,-0.00103,5E-05,3.26991,105.36596,-23.63905,2.42407,-0.3889,0.02605,0.00538,-0.00119,7E-05,-0.30265,-75.29061,11.55602,-2.25602,0.2647,-0.00118,-0.00454,0.00056,-2E-05,,,,,,,,,,,,,,,,,,,,,,,High,High,High,High,Low,,,,,,,,,,,,,,,,,,,,,,,,,,,,,,,,,,
203,2026-03-25,20:07:01.26,5,4,"Bobb, Easton",1000364742,Left,THO_M,"Hunt, Sam",1000048505,Right,MIN_GOL,Undefined,5,Bottom,2,2,1,Curveball,Curveball,StrikeCalled,Undefined,Undefined,Undefined,0,0,,73.63856,1.746499,0.249706,1856.733161,323.591114,4:45,5.94156,-0.16993,5.22849,-59.90822,-6.43445,6.1163,2.59155,0.5745,67.00649,-9.141175,1.335901,0.526309,,,,,,,,,,,,-2.95087,-3.13083,0.14226,50,6.05811,-0.70253,-106.74233,1.25395,-3.35891,20.67454,-35.7378,MIN_GOL,THO_M,SiebertField,D1,BIG10,20260325-SiebertField-2,18c4c5a0-28b0-11f1-8a82-49bc3e741f4e,71.6164,,,6.63207,,,,,,,34f96caf-3623-479a-a7fb-b2cda99893ab,2026-03-26,01:07:01.26,2026-03-25T20:07:01.2610000-05:00,2026-03-26T01:07:01.2610000Z,,v3,471360,stthomas,193273f8758c40888fe81a81bb299a6a,"Verhage, Terek",10120179,Right,THO_M,836b130a-1b55-43c4-85db-e9ccc625bcc5,55.26999,-107.75823,10.33727,5.95336,3.01001,-17.8689,0.17272,-0.53748,-1.67946,,,,,,,,,,,,,,,,,,,,,,,,,,,,,,,,,,,,,,,,,,,,,,,,,,,High,High,High,,,,,,,,,,,,,,,,,,,,,,,,,,,,,,,,,,,,
204,2026-03-25,20:07:22.40,5,5,"Bobb, Easton",1000364742,Left,THO_M,"Hunt, Sam",1000048505,Right,MIN_GOL,Undefined,5,Bottom,2,2,2,Curveball,Curveball,FoulBallNotFieldable,Undefined,Undefined,Undefined,0,0,,75.30322,2.00214,0.798572,2053.267933,326.93608,5:00,5.73872,-0.45847,5.26388,-61.30956,-9.96922,7.69855,2.51144,0.93333,68.18242,-9.143752,2.166545,0.515704,,,,,,,,,,,,-3.61386,-5.24571,0.37934,50,5.87625,-1.81473,-109.12173,1.75362,-4.27142,22.73781,-38.37424,MIN_GOL,THO_M,SiebertField,D1,BIG10,20260325-SiebertField-2,254af2e0-28b0-11f1-8a82-49bc3e741f4e,73.08925,,,7.1208,,,,,,,34f96caf-3623-479a-a7fb-b2cda99893ab,2026-03-26,01:07:22.40,2026-03-25T20:07:22.4050000-05:00,2026-03-26T01:07:22.4050000Z,,v3,471360,stthomas,193273f8758c40888fe81a81bb299a6a,"Verhage, Terek",10120179,Right,THO_M,84d84f99-e65e-467e-aa66-37318d838071,55.23683,-110.20753,11.3689,5.74876,3.58611,-19.18712,0.46113,-1.61076,-2.13571,,,,,,,,,,,,,,,,,,,,,,,,,,,,,,,,,,,,,,,,,,,,,,,,,,,High,High,High,,,,,,,,,,,,,,,,,,,,,,,,,,,,,,,,,,,,
205,2026-03-25,20:07:52.63,5,6,"Bobb, Easton",1000364742,Left,THO_M,"Hunt, Sam",1000048505,Right,MIN_GOL,Undefined,5,Bottom,2,2,2,ChangeUp,Changeup,StrikeSwinging,Strikeout,Undefined,Undefined,0,0,,80.06149,-1.602852,1.638129,1601.90904,130.782825,10:15,5.89393,-0.3405,6.28906,-30.18982,12.94997,-13.34623,1.90002,0.05734,73.16364,-7.270471,-0.777174,0.472727,,,,,,,,,,,,7.39662,7.64095,0.22592,50,5.76134,-2.84014,-116.25464,-4.0899,10.06687,22.91499,-21.77464,MIN_GOL,THO_M,SiebertField,D1,BIG10,20260325-SiebertField-2,375a3590-28b0-11f1-8a82-49bc3e741f4e,79.73404,,,6.89785,,,,,,,34f96caf-3623-479a-a7fb-b2cda99893ab,2026-03-26,01:07:52.63,2026-03-25T20:07:52.6330000-05:00,2026-03-26T01:07:52.6330000Z,,v3,471360,stthomas,193273f8758c40888fe81a81bb299a6a,"Verhage, Terek",10120179,Right,THO_M,08536a2f-5f96-439f-986b-3cfc0910256e,54.20833,-117.0812,11.45749,5.8947,-3.30446,-10.88732,0.33491,-3.20326,5.03344,,,,,,,,,,,,,,,,,,,,,,,,,,,,,70.11977,1.992264,1.067264,0.925,-0.41697,1.66246,-0.03112,-1.1451,5.76537,-3.21837,63.65514,6.67525,-61.13218,-1.1279,73.49074,-3.74184,5.78645,13.61276,-13.68609,-3.26961,-69.62573,7.66469,High,High,High,,,Medium,High,High,,,,,,,,,,,,,,,,,,,,,,,,,,,,,,,
206,2026-03-25,20:10:29.40,1,1,"O'Donnell, Nathan",837900,Right,MIN_GOL,"Verhage, Terek",10120179,Left,THO_M,Undefined,6,Top,0,0,0,Slider,Slider,StrikeCalled,Undefined,Undefined,Undefined,0,0,,82.69723,-0.363881,-1.788816,2004.230532,89.974318,9:00,5.51207,1.58691,5.55898,-40.31502,1.40398,-3.83713,1.81235,-0.40467,75.38648,-7.754871,-2.47366,0.464877,,,,,,,,,,,,1.39004,1.25874,-1.42983,50,5.45428,3.90416,-119.94258,-2.1645,2.00639,25.18509,-30.35719,MIN_GOL,THO_M,SiebertField,D1,BIG10,20260325-SiebertField-2,94cd1760-28b0-11f1-8a82-49bc3e741f4e,81.08041,,,7.31075,,,,,,,34f96caf-3623-479a-a7fb-b2cda99893ab,2026-03-26,01:10:29.40,2026-03-25T20:10:29.4090000-05:00,2026-03-26T01:10:29.4090000Z,,v3,471360,stthomas,193273f8758c40888fe81a81bb299a6a,"Hunt, Sam",1000048505,Right,MIN_GOL,859aa5f2-4717-4902-ba12-6fb22e3dbd28,54.93843,-120.97509,12.59254,5.51751,-0.91995,-15.17859,-1.5882,3.82191,1.0032,,,,,,,,,,,,,,,,,,,,,,,,,,,,,,,,,,,,,,,,,,,,,,,,,,,High,High,High,,,,,,,,,,,,,,,,,,,,,,,,,,,,,,,,,,,,
207,2026-03-25,20:10:43.98,1,2,"O'Donnell, Nathan",837900,Right,MIN_GOL,"Verhage, Terek",10120179,Left,THO_M,Undefined,6,Top,0,0,1,Slider,Slider,BallCalled,Undefined,Undefined,Undefined,0,0,,82.81176,-1.190364,-2.005733,2238.205946,62.602272,8:00,5.43804,1.60477,5.62207,-43.35959,-1.70276,-6.04524,0.71307,-0.77149,75.52396,-9.110741,-3.086769,0.464531,,,,,,,,,,,,2.44858,-0.10886,-1.42968,50,5.30855,4.44741,-120.08027,-3.99621,3.52757,26.14074,-32.33087,MIN_GOL,THO_M,SiebertField,D1,BIG10,20260325-SiebertField-2,9d6e4240-28b0-11f1-8a82-49bc3e741f4e,81.1409,,,7.2878,,,,,,,34f96caf-3623-479a-a7fb-b2cda99893ab,2026-03-26,01:10:43.98,2026-03-25T20:10:43.9850000-05:00,2026-03-26T01:10:43.9850000Z,,v3,471360,stthomas,193273f8758c40888fe81a81bb299a6a,"Hunt, Sam",1000048505,Right,MIN_GOL,55774187-32d7-4d5d-88fb-5b7839001acc,54.87699,-121.13731,13.07037,5.44371,-2.68887,-16.16543,-1.60663,4.30477,1.76378,,,,,,,,,,,,,,,,,,,,,,,,,,,,,,,,,,,,,,,,,,,,,,,,,,,High,High,High,,,,,,,,,,,,,,,,,,,,,,,,,,,,,,,,,,,,
208,2026-03-25,20:10:58.87,1,3,"O'Donnell, Nathan",837900,Right,MIN_GOL,"Verhage, Terek",10120179,Left,THO_M,Undefined,6,Top,0,1,1,Fastball,Sinker,StrikeCalled,Undefined,Undefined,Undefined,0,0,,91.86028,-2.423927,-3.844776,2206.610531,239.287628,2:00,5.66613,1.4203,6.28346,-21.1417,11.94603,18.13426,1.66394,-0.61737,83.17543,-6.427385,-0.57227,0.414004,,,,,,,,,,,,-10.57217,7.29965,-1.1447,50,5.47674,8.17782,-133.03864,-6.29068,-18.73915,31.47595,-19.23542,MIN_GOL,THO_M,SiebertField,D1,BIG10,20260325-SiebertField-2,a64b64b0-28b0-11f1-8a82-49bc3e741f4e,91.04358,,,8.68485,,,,,,,34f96caf-3623-479a-a7fb-b2cda99893ab,2026-03-26,01:10:58.87,2026-03-25T20:10:58.8770000-05:00,2026-03-26T01:10:58.8770000Z,,v3,471360,stthomas,193273f8758c40888fe81a81bb299a6a,"Hunt, Sam",1000048505,Right,MIN_GOL,9b0111b8-433b-457f-bc06-b328f83678dc,54.21435,-134.03202,15.73798,5.6657,-5.68362,-9.61771,-1.41212,8.76923,-9.36957,,,,,,,,,,,,,,,,,,,,,,,,,,,,,,,,,,,,,,,,,,,,,,,,,,,High,High,High,,,,,,,,,,,,,,,,,,,,,,,,,,,,,,,,,,,,
209,2026-03-25,20:11:17.57,1,4,"O'Donnell, Nathan",837900,Right,MIN_GOL,"Verhage, Terek",10120179,Left,THO_M,Undefined,6,Top,0,1,2,Slider,Slider,BallinDirt,Undefined,Undefined,Undefined,0,0,,83.99041,-2.146787,-2.45256,2335.795014,58.7555,8:00,5.40551,1.54255,5.58634,-42.87798,-2.03827,-5.78048,-0.17513,-1.23079,76.33775,-9.958165,-3.485669,0.459952,,,,,,,,,,,,2.13351,0.04594,-1.32787,50,5.19287,5.44379,-121.62096,-6.06999,3.13409,28.13315,-32.10658,MIN_GOL,THO_M,SiebertField,D1,BIG10,20260325-SiebertField-2,b17b29b0-28b0-11f1-8a82-49bc3e741f4e,81.94861,,,7.65267,,,,,,,34f96caf-3623-479a-a7fb-b2cda99893ab,2026-03-26,01:11:17.57,2026-03-25T20:11:17.5720000-05:00,2026-03-26T01:11:17.5720000Z,,v3,471360,stthomas,193273f8758c40888fe81a81bb299a6a,"Hunt, Sam",1000048505,Right,MIN_GOL,7c79bb33-2692-43f2-8b6c-0eaae67d76db,54.91245,-122.75204,14.06657,5.41097,-4.77916,-16.05329,-1.5442,5.31779,1.56704,,,,,,,,,,,,,,,,,,,,,,,,,,,,,,,,,,,,,,,,,,,,,,,,,,,High,High,High,,,,,,,,,,,,,,,,,,,,,,,,,,,,,,,,,,,,
210,2026-03-25,20:11:35.68,1,5,"O'Donnell, Nathan",837900,Right,MIN_GOL,"Verhage, Terek",10120179,Left,THO_M,Undefined,6,Top,0,2,2,Fastball,Four-Seam,FoulBallNotFieldable,Undefined,Undefined,Undefined,0,0,,91.28573,-1.849458,-3.342008,2191.449381,225.504397,1:30,5.63633,1.49433,6.32956,-19.90666,13.44733,12.50438,2.27089,-0.54459,82.72428,-5.636955,-1.083143,0.415667,,,,,,,,,,,,-7.58008,7.91658,-1.25627,50,5.49178,7.22536,-132.3569,-4.86677,-13.30534,31.01738,-18.27805,MIN_GOL,THO_M,SiebertField,D1,BIG10,20260325-SiebertField-2,bc3151e0-28b0-11f1-8a82-49bc3e741f4e,90.67947,,,8.56146,,,,,,,34f96caf-3623-479a-a7fb-b2cda99893ab,2026-03-26,01:11:35.68,2026-03-25T20:11:35.6800000-05:00,2026-03-26T01:11:35.6800000Z,,v3,471360,stthomas,193273f8758c40888fe81a81bb299a6a,"Hunt, Sam",1000048505,Right,MIN_GOL,3a68cfbe-905a-4781-90f5-83d127985567,54.16921,-133.33036,15.50869,5.63552,-4.29313,-9.13903,-1.48959,7.64294,-6.65267,,,,,,,,,,,,,,,,,,,,,,,,,,,,,,,,,,,,,,,,,,,,,,,,,,,High,High,High,,,,,,,,,,,,,,,,,,,,,,,,,,,,,,,,,,,,
211,2026-03-25,20:11:54.08,1,6,"O'Donnell, Nathan",837900,Right,MIN_GOL,"Verhage, Terek",10120179,Left,THO_M,Undefined,6,Top,0,2,2,ChangeUp,Changeup,BallCalled,Undefined,Undefined,Undefined,0,0,,86.76138,-1.829233,-2.238795,1422.801923,234.200036,1:45,5.03385,1.87857,5.89798,-28.67639,8.73107,10.34575,0.94406,0.66122,79.02443,-7.160872,-0.380906,0.4402,,,,,,,,,,,,-5.98193,5.39654,-1.70439,50,4.87019,4.4957,-125.83363,-4.96393,-9.5159,27.4076,-23.58939,MIN_GOL,THO_M,SiebertField,D1,BIG10,20260325-SiebertField-2,c7383220-28b0-11f1-8a82-49bc3e741f4e,85.62564,,,7.73695,,,,,,,34f96caf-3623-479a-a7fb-b2cda99893ab,2026-03-26,01:11:54.08,2026-03-25T20:11:54.0800000-05:00,2026-03-26T01:11:54.0800000Z,,v3,471360,stthomas,193273f8758c40888fe81a81bb299a6a,"Hunt, Sam",1000048505,Right,MIN_GOL,3a6aa222-8d78-455b-ba61-f49889cbbb34,54.60006,-126.83161,13.7038,5.0353,-4.10499,-11.7947,-1.87439,4.84219,-4.75795,,,,,,,,,,,,,,,,,,,,,,,,,,,,,,,,,,,,,,,,,,,,,,,,,,,High,High,High,,,,,,,,,,,,,,,,,,,,,,,,,,,,,,,,,,,,
212,2026-03-25,20:12:08.56,1,7,"O'Donnell, Nathan",837900,Right,MIN_GOL,"Verhage, Terek",10120179,Left,THO_M,Undefined,6,Top,0,3,2,Fastball,Sinker,InPlay,Undefined,GroundBall,Out,1,0,,91.54944,-2.572938,-2.808562,2184.942694,225.914807,1:30,5.53098,1.59689,6.39478,-19.75796,12.99024,12.34001,1.5137,0.0401,83.87995,-6.308525,-0.574368,0.411875,,,,,,,,,,,,-7.26689,7.81953,-1.40077,50,5.33678,6.03244,-132.88543,-6.56392,-12.99541,28.44546,-18.19033,MIN_GOL,THO_M,SiebertField,D1,BIG10,20260325-SiebertField-2,cfd16dc0-28b0-11f1-8a82-49bc3e741f4e,91.51427,,,7.66949,,,,,,,34f96caf-3623-479a-a7fb-b2cda99893ab,2026-03-26,01:12:08.56,2026-03-25T20:12:08.5640000-05:00,2026-03-26T01:12:08.5640000Z,,v3,471360,stthomas,193273f8758c40888fe81a81bb299a6a,"Hunt, Sam",1000048505,Right,MIN_GOL,345c9bb5-3350-4048-a9d6-41cabb0bda0e,54.10529,-133.76132,14.22273,5.53028,-6.0038,-9.09516,-1.59268,6.4326,-6.49771,,,,,,,,,,,,,,,,,,,,,,,,,,,,,,,,,,,,,,,,,,,,,,,,,,,High,High,High,,,,,,,,,,,,,,,,,,,,,,,,,,,,,,,,,,,,
213,2026-03-25,20:12:49.93,2,1,"O'Donnell, Nathan",837900,Right,MIN_GOL,"Fritcher, Easton",809726,Left,THO_M,Undefined,6,Top,1,0,0,Slider,Slider,HitByPitch,Undefined,Undefined,Undefined,0,0,,81.99601,-0.255585,-2.958906,2258.544135,80.85594,8:45,5.39987,1.66448,5.62698,-42.14427,0.41571,-6.56311,1.64904,-1.64587,74.56058,-7.98217,-4.129504,0.46954,,,,,,,,,,,,2.39736,0.70055,-1.40792,50,5.3511,6.40338,-118.81262,-1.963,3.37939,25.70681,-31.18651,MIN_GOL,THO_M,SiebertField,D1,BIG10,20260325-SiebertField-2,e882d700-28b0-11f1-8a82-49bc3e741f4e,80.27533,,,7.43543,,,,,,,34f96caf-3623-479a-a7fb-b2cda99893ab,2026-03-26,01:12:49.93,2026-03-25T20:12:49.9370000-05:00,2026-03-26T01:12:49.9370000Z,,v3,471360,stthomas,193273f8758c40888fe81a81bb299a6a,"Hunt, Sam",1000048505,Right,MIN_GOL,eeac6d34-2799-4d0f-a1e8-3edd54f728d8,54.8713,-119.86196,12.85341,5.40524,-0.68998,-15.59325,-1.66649,6.26544,1.68969,,,,,,,,,,,,,,,,,,,,,,,,,,,,,,,,,,,,,,,,,,,,,,,,,,,High,High,High,,,,,,,,,,,,,,,,,,,,,,,,,,,,,,,,,,,,
214,2026-03-25,20:14:13.59,3,1,"O'Donnell, Nathan",837900,Right,MIN_GOL,"Recchio, Tanner",1000255768,Left,THO_M,Undefined,6,Top,1,0,0,Fastball,Sinker,FoulBallNotFieldable,Undefined,Undefined,Undefined,0,0,,90.49188,-2.295237,-3.046083,2139.02675,247.769154,2:15,5.62806,1.67441,6.02036,-24.83777,9.65886,20.57229,1.42817,0.56471,81.7933,-6.950845,0.654566,0.422727,67.45111,31.576451,-78.384214,4298.690306,17.06347,33.88995,-108.66814,181.04655,108.05155,-83.827671,2.797494,-11.55886,6.068,-1.44678,50,5.43462,6.10122,-131.09638,-6.07777,-19.81852,31.5356,-21.77001,MIN_GOL,THO_M,SiebertField,D1,BIG10,20260325-SiebertField-2,1a5c3910-28b1-11f1-8a82-49bc3e741f4e,89.16503,34.35832,,8.69858,,,,1.19966,1.40166,-0.56721,34f96caf-3623-479a-a7fb-b2cda99893ab,2026-03-26,01:14:13.59,2026-03-25T20:14:13.5910000-05:00,2026-03-26T01:14:13.5910000Z,FlyBall,v3,471360,stthomas,193273f8758c40888fe81a81bb299a6a,"Hunt, Sam",1000048505,Right,MIN_GOL,3bd40f83-4501-4923-b4b8-354ffdbcfba2,54.47796,-132.16918,15.7678,5.62878,-5.33719,-10.885,-1.66581,6.77542,-9.90926,,1.19962,16.97201,-5.18486,0.86238,-0.26981,0.12763,-0.05268,0.0127,-0.00124,1.40165,51.80213,-22.3466,1.87867,-0.30535,0.00271,0.03211,-0.00999,0.00098,-0.56718,-82.55783,7.71973,-0.96051,0.44612,-0.24975,0.12148,-0.03177,0.00319,,,,,,,,,,,,,,,,,,,,,,,High,High,High,Medium,Low,,,,,,,,,,,,,,,,,,,,,,,,,,,,,,,,,,
215,2026-03-25,20:14:34.96,3,2,"O'Donnell, Nathan",837900,Right,MIN_GOL,"Recchio, Tanner",1000255768,Left,THO_M,Undefined,6,Top,1,0,1,Fastball,Four-Seam,BallCalled,Undefined,Undefined,Undefined,0,0,,91.2825,0.472738,-2.895234,2130.105141,227.835436,1:30,5.63616,1.6716,5.96909,-19.6047,14.08005,14.29682,4.4413,0.17645,82.67601,-3.247258,-0.329666,0.417723,,,,,,,,,,,,-8.11973,7.40327,-1.44964,50,5.66274,6.06083,-132.37895,0.48512,-14.31441,29.983,-19.12275,MIN_GOL,THO_M,SiebertField,D1,BIG10,20260325-SiebertField-2,2719f110-28b1-11f1-8a82-49bc3e741f4e,90.23316,,,8.60649,,,,,,,34f96caf-3623-479a-a7fb-b2cda99893ab,2026-03-26,01:14:34.96,2026-03-25T20:14:34.9650000-05:00,2026-03-26T01:14:34.9650000Z,,v3,471360,stthomas,193273f8758c40888fe81a81bb299a6a,"Hunt, Sam",1000048505,Right,MIN_GOL,c72a8d7c-fc64-4569-ba40-f4fcc9584bfb,54.52713,-133.40038,14.9915,5.63512,1.13657,-9.56137,-1.66441,6.54848,-7.1572,,,,,,,,,,,,,,,,,,,,,,,,,,,,,,,,,,,,,,,,,,,,,,,,,,,High,High,High,,,,,,,,,,,,,,,,,,,,,,,,,,,,,,,,,,,,
216,2026-03-25,20:14:53.44,3,3,"O'Donnell, Nathan",837900,Right,MIN_GOL,"Recchio, Tanner",1000255768,Left,THO_M,Undefined,6,Top,1,1,1,Fastball,Sinker,InPlay,Undefined,GroundBall,FieldersChoice,1,0,,91.18389,-2.372161,-3.501675,2238.26063,225.750335,1:30,5.59678,1.67996,5.85466,-18.64174,15.34182,14.55076,1.83386,-0.36504,82.81906,-5.897138,-0.897009,0.419571,99.73399,-5.935563,15.558691,,,,,22.00926,22.00926,15.554204,0.14408,-8.48918,8.89406,-1.40393,50,5.39294,7.44988,-132.06481,-6.06553,-14.89246,29.88185,-16.57126,MIN_GOL,THO_M,SiebertField,D1,BIG10,20260325-SiebertField-2,322a6e40-28b1-11f1-8a82-49bc3e741f4e,89.83556,2.01653,,8.36483,,,,1.19683,2.01653,0.36484,34f96caf-3623-479a-a7fb-b2cda99893ab,2026-03-26,01:14:53.44,2026-03-25T20:14:53.4460000-05:00,2026-03-26T01:14:53.4460000Z,GroundBall,v3,471360,stthomas,193273f8758c40888fe81a81bb299a6a,"Hunt, Sam",1000048505,Right,MIN_GOL,f808d5c6-02df-4df9-8c81-ef4bc4d99278,54.64362,-133.11136,14.94092,5.59521,-5.48515,-8.28563,-1.67398,7.97146,-7.44623,175.966325,1.19685,140.15915,-9.0437,,,,,,,2.01618,-15.09437,7.65756,,,,,,,0.36488,39.02122,-4.10921,,,,,,,,,,,,,,,,,,,,,,,,,,,,,High,High,High,High,High,,,,,,,,,,,,,,,,,,,,,,,,,,,,,,,,,,
217,2026-03-25,20:15:30.18,4,1,"O'Donnell, Nathan",837900,Right,MIN_GOL,"Puder, Adam",10307401,Right,THO_M,Undefined,6,Top,2,0,0,Slider,Slider,BallCalled,Undefined,Undefined,Undefined,0,0,,81.83619,-0.795717,-4.052366,2332.737172,59.110794,8:00,5.52512,1.53942,5.41774,-45.36467,-2.11713,-6.06449,0.99743,-2.76837,74.48312,-9.040339,-5.128177,0.473317,,,,,,,,,,,,1.74189,-0.35717,-1.17457,50,5.42288,8.63574,-118.36988,-3.25402,2.43373,25.80813,-32.6731,MIN_GOL,THO_M,SiebertField,D1,BIG10,20260325-SiebertField-2,480fe640-28b1-11f1-8a82-49bc3e741f4e,79.63465,,,7.35307,,,,,,,34f96caf-3623-479a-a7fb-b2cda99893ab,2026-03-26,01:15:30.18,2026-03-25T20:15:30.1830000-05:00,2026-03-26T01:15:30.1830000Z,,v3,471360,stthomas,193273f8758c40888fe81a81bb299a6a,"Hunt, Sam",1000048505,Right,MIN_GOL,c3509f66-2894-422d-b702-f01b526c15b3,55.08005,-119.47235,12.90407,5.53207,-1.85829,-16.33655,-1.54125,8.53178,1.21687,,,,,,,,,,,,,,,,,,,,,,,,,,,,,,,,,,,,,,,,,,,,,,,,,,,High,High,High,,,,,,,,,,,,,,,,,,,,,,,,,,,,,,,,,,,,
218,2026-03-25,20:15:49.62,4,2,"O'Donnell, Nathan",837900,Right,MIN_GOL,"Puder, Adam",10307401,Right,THO_M,Undefined,6,Top,2,1,0,Fastball,Sinker,InPlay,Undefined,GroundBall,Out,1,0,,91.69323,-1.577352,-2.889167,2270.689699,235.966573,1:45,5.70022,1.51449,5.98887,-19.95076,13.59639,18.35918,2.57355,0.3645,82.82476,-5.35913,0.409213,0.416869,87.30978,-24.205537,-27.528478,,,,,7.81543,7.81543,-23.073709,0.049944,-10.37292,7.83225,-1.29673,50,5.56477,5.92004,-132.91947,-4.29219,-18.31567,31.95427,-18.34447,MIN_GOL,THO_M,SiebertField,D1,BIG10,20260325-SiebertField-2,53980470-28b1-11f1-8a82-49bc3e741f4e,90.41803,2.6285,,8.86847,,,,2.00506,2.6285,-0.36049,34f96caf-3623-479a-a7fb-b2cda99893ab,2026-03-26,01:15:49.62,2026-03-25T20:15:49.6220000-05:00,2026-03-26T01:15:49.6220000Z,GroundBall,v3,471360,stthomas,193273f8758c40888fe81a81bb299a6a,"Hunt, Sam",1000048505,Right,MIN_GOL,8e5548d6-aa6c-4b3b-8ab0-3eb08661645d,54.50959,-133.9992,15.97714,5.69933,-3.67233,-9.17223,-1.50722,6.53892,-9.15783,,2.00306,103.81999,,,,,,,,2.62951,-52.62923,,,,,,,,-0.35945,-54.11087,,,,,,,,,,,,,,,,,,,,,,,,,,,,,,High,High,High,Estimated,Estimated,,,,,,,,,,,,,,,,,,,,,,,,,,,,,,,,,,
219,2026-03-25,20:17:59.94,1,1,"Bobb, Easton",1000364742,Left,THO_M,"Allen, Tyler",10962618,Right,MIN_GOL,Undefined,6,Bottom,0,0,0,Fastball,Slider,BallCalled,Undefined,Undefined,Undefined,0,0,,87.88487,-0.616295,1.193296,1974.029556,141.854884,10:45,6.07652,-0.10532,5.81611,-20.68682,15.96509,-11.52953,3.77944,0.04357,79.44184,-4.538974,-0.873142,0.435732,,,,,,,,,,,,6.20784,8.69961,0.01429,50,6.01393,-2.15614,-127.48044,-1.99992,10.10034,28.96888,-18.01957,MIN_GOL,THO_M,SiebertField,D1,BIG10,20260325-SiebertField-2,a1454570-28b1-11f1-8a82-49bc3e741f4e,86.50364,,,8.44303,,,,,,,34f96caf-3623-479a-a7fb-b2cda99893ab,2026-03-26,01:17:59.94,2026-03-25T20:17:59.9410000-05:00,2026-03-26T01:17:59.9410000Z,,v3,471360,stthomas,193273f8758c40888fe81a81bb299a6a,"Verhage, Terek",10120179,Right,THO_M,d210f9bd-6d91-4517-92da-5616c7220eab,54.67927,-128.53937,14.48444,6.07499,-1.34124,-9.00978,0.09986,-2.52535,5.05017,,,,,,,,,,,,,,,,,,,,,,,,,,,,,,,,,,,,,,,,,,,,,,,,,,,High,High,High,,,,,,,,,,,,,,,,,,,,,,,,,,,,,,,,,,,,
220,2026-03-25,20:18:16.13,1,2,"Bobb, Easton",1000364742,Left,THO_M,"Allen, Tyler",10962618,Right,MIN_GOL,Undefined,6,Bottom,0,1,0,Fastball,Four-Seam,BallCalled,Undefined,Undefined,Undefined,0,0,,89.53739,-3.029305,1.948984,2068.739682,150.371499,11:00,5.94555,-0.03935,5.56608,-14.87308,20.88753,-11.14717,1.87198,0.85309,80.97131,-5.881887,-0.038597,0.430402,,,,,,,,,,,,6.2078,11.84875,-0.12137,50,5.67453,-3.90791,-129.6136,-7.28066,10.44535,29.84533,-12.23719,MIN_GOL,THO_M,SiebertField,D1,BIG10,20260325-SiebertField-2,aaf10280-28b1-11f1-8a82-49bc3e741f4e,87.57504,,,8.56608,,,,,,,34f96caf-3623-479a-a7fb-b2cda99893ab,2026-03-26,01:18:16.13,2026-03-25T20:18:16.1380000-05:00,2026-03-26T01:18:16.1380000Z,,v3,471360,stthomas,193273f8758c40888fe81a81bb299a6a,"Verhage, Terek",10120179,Right,THO_M,8046e56c-36ec-46da-91a6-0131f864dc0e,54.92973,-130.74381,14.92266,5.94147,-6.81725,-6.11859,0.0341,-4.30346,5.22267,,,,,,,,,,,,,,,,,,,,,,,,,,,,,,,,,,,,,,,,,,,,,,,,,,,High,High,High,,,,,,,,,,,,,,,,,,,,,,,,,,,,,,,,,,,,
221,2026-03-25,20:18:33.12,1,3,"Bobb, Easton",1000364742,Left,THO_M,"Allen, Tyler",10962618,Right,MIN_GOL,Undefined,6,Bottom,0,2,0,Fastball,Cutter,FoulBallNotFieldable,Undefined,Undefined,Undefined,0,0,,88.78421,-1.46891,1.269773,2124.527897,152.056871,11:00,6.03845,-0.08273,5.6478,-16.38662,19.75119,-9.80272,3.30215,0.28494,80.29009,-4.605698,-0.481365,0.432666,93.9542,62.506824,-49.656332,3807.991563,,,,,74.72955,,,5.41701,10.88166,-0.01838,50,5.9039,-2.436,-128.76506,-3.78446,8.98946,29.62862,-14.116,MIN_GOL,THO_M,SiebertField,D1,BIG10,20260325-SiebertField-2,b506cc00-28b1-11f1-8a82-49bc3e741f4e,87.11679,144.13227,,8.49412,,,,4.00928,3.50685,-0.3048,34f96caf-3623-479a-a7fb-b2cda99893ab,2026-03-26,01:18:33.12,2026-03-25T20:18:33.1290000-05:00,2026-03-26T01:18:33.1290000Z,,v3,471360,stthomas,193273f8758c40888fe81a81bb299a6a,"Verhage, Terek",10120179,Right,THO_M,d0fc3385-ef0f-4fde-9edc-43be17402196,54.85057,-129.87637,14.81431,6.03592,-3.255,-7.058,0.07931,-2.77318,4.49473,,4.0093,41.1797,-14.4162,4.21175,-0.87665,0.04448,0.05764,-0.01656,0.00081,3.50683,122.23835,-27.76823,3.37309,-0.73272,0.24631,-0.09651,0.02196,-0.00183,-0.30482,-48.48346,13.06858,-3.62549,0.74548,-0.05514,-0.03684,0.01099,-0.00046,,,,,,,,,,,,,,,,,,,,,,,High,High,High,Medium,Undefined,,,,,,,,,,,,,,,,,,,,,,,,,,,,,,,,,,
222,2026-03-25,20:19:23.25,1,4,"Bobb, Easton",1000364742,Left,THO_M,"Allen, Tyler",10962618,Right,MIN_GOL,Undefined,6,Bottom,0,2,1,ChangeUp,Changeup,BallCalled,Undefined,Undefined,Undefined,0,0,,80.96796,-1.856403,2.975133,1641.027141,122.868839,10:00,6.01798,-0.1511,6.34112,-32.86864,9.08878,-12.00619,1.56694,1.58988,74.42646,-7.98412,0.802053,0.466204,,,,,,,,,,,,7.06083,5.67288,-0.06015,50,5.8674,-5.67301,-117.52294,-4.75813,9.87607,22.25131,-24.23931,MIN_GOL,THO_M,SiebertField,D1,BIG10,20260325-SiebertField-2,d2fa56a0-28b1-11f1-8a82-49bc3e741f4e,80.84968,,,6.5415,,,,,,,34f96caf-3623-479a-a7fb-b2cda99893ab,2026-03-26,01:19:23.25,2026-03-25T20:19:23.2500000-05:00,2026-03-26T01:19:23.2500000Z,,v3,471360,stthomas,193273f8758c40888fe81a81bb299a6a,"Verhage, Terek",10120179,Right,THO_M,0e951273-e219-42ee-b945-20645e71525a,54.15722,-118.30743,11.12565,6.02009,-3.90355,-12.11966,0.146,-6.0212,4.93803,,,,,,,,,,,,,,,,,,,,,,,,,,,,,,,,,,,,,,,,,,,,,,,,,,,High,High,High,,,,,,,,,,,,,,,,,,,,,,,,,,,,,,,,,,,,
223,2026-03-25,20:19:42.33,1,5,"Bobb, Easton",1000364742,Left,THO_M,"Allen, Tyler",10962618,Right,MIN_GOL,Undefined,6,Bottom,0,3,1,Fastball,Four-Seam,InPlay,Undefined,LineDrive,HomeRun,0,1,,88.22061,-1.432739,1.907644,1984.386605,146.77313,11:00,5.99258,-0.28868,5.56609,-17.34784,18.98918,-11.67981,3.20749,0.52072,80.6213,-4.71449,-0.174912,0.433856,109.69123,24.014699,-30.843351,2449.556712,92.48727,47.32292,-59.54863,431.09009,394.15121,-39.027791,4.803905,6.48339,10.3767,0.13221,50,5.8579,-3.7667,-128.041,-3.73986,10.76535,26.38691,-14.9441,MIN_GOL,THO_M,SiebertField,D1,BIG10,20260325-SiebertField-2,de545ff0-28b1-11f1-8a82-49bc3e741f4e,86.87769,74.884,,7.59931,,,,2.69662,3.24601,-0.43847,34f96caf-3623-479a-a7fb-b2cda99893ab,2026-03-26,01:19:42.33,2026-03-25T20:19:42.3370000-05:00,2026-03-26T01:19:42.3370000Z,FlyBall,v3,471360,stthomas,193273f8758c40888fe81a81bb299a6a,"Verhage, Terek",10120179,Right,THO_M,0d93a5df-26fc-4c1b-b404-5097f8b63ed0,54.93333,-129.05367,13.19346,5.99042,-3.16634,-7.47205,0.28469,-4.17984,5.38267,145.504511,2.69686,126.16012,-27.75213,6.85213,-1.37418,0.23071,-0.03487,0.00409,-0.00023,3.24813,65.43107,-15.44898,-0.15728,0.38544,-0.16545,0.0426,-0.00558,0.00028,-0.43843,-75.3469,6.40604,-0.7026,0.07838,-0.0275,0.00891,-0.00144,9E-05,,,,,,,,,,,,,,,,,,,,,,,High,High,High,High,Medium,,,,,,,,,,,,,,,,,,,,,,,,,,,,,,,,,,
224,2026-03-25,20:20:30.46,2,1,"Bobb, Easton",1000364742,Left,THO_M,"Spanier, Jack",822384,Right,MIN_GOL,Undefined,6,Bottom,0,0,0,Fastball,Sinker,StrikeCalled,Undefined,Undefined,Undefined,0,0,,89.92559,-2.226308,1.469154,2108.169033,143.630719,10:45,6.07596,-0.17055,5.61322,-17.23765,18.20155,-12.45079,2.55986,0.16341,81.09128,-5.509671,-0.753968,0.428463,,,,,,,,,,,,6.70784,10.26957,0.05296,50,5.87483,-2.77099,-130.24548,-5.58232,11.36163,30.92025,-14.77963,MIN_GOL,THO_M,SiebertField,D1,BIG10,20260325-SiebertField-2,fafcf400-28b1-11f1-8a82-49bc3e741f4e,87.97128,,,8.8343,,,,,,,34f96caf-3623-479a-a7fb-b2cda99893ab,2026-03-26,01:20:30.46,2026-03-25T20:20:30.4670000-05:00,2026-03-26T01:20:30.4670000Z,,v3,471360,stthomas,193273f8758c40888fe81a81bb299a6a,"Verhage, Terek",10120179,Right,THO_M,520a0b32-3af0-4c4a-93c9-3e8f5f6f4f6a,54.88134,-131.3992,15.46012,6.07283,-5.03085,-7.38982,0.16426,-3.19492,5.68081,,,,,,,,,,,,,,,,,,,,,,,,,,,,,,,,,,,,,,,,,,,,,,,,,,,High,High,High,,,,,,,,,,,,,,,,,,,,,,,,,,,,,,,,,,,,
225,2026-03-25,20:20:44.85,2,2,"Bobb, Easton",1000364742,Left,THO_M,"Spanier, Jack",822384,Right,MIN_GOL,Undefined,6,Bottom,0,0,1,Curveball,Changeup,BallCalled,Undefined,Undefined,Undefined,0,0,,72.10046,4.931498,-3.009944,1949.889265,324.535244,4:45,5.87584,-0.06904,5.50439,-63.0487,-7.78898,6.8463,5.25175,-2.31614,65.44996,-6.577346,-1.794778,0.535027,,,,,,,,,,,,-4.28603,-4.68083,0.32748,50,6.26613,5.22174,-104.17601,7.00044,-4.68526,18.36333,-37.29086,MIN_GOL,THO_M,SiebertField,D1,BIG10,20260325-SiebertField-2,039fa580-28b2-11f1-8a82-49bc3e741f4e,70.44959,,,6.6505,,,,,,,34f96caf-3623-479a-a7fb-b2cda99893ab,2026-03-26,01:20:44.85,2026-03-25T20:20:44.8580000-05:00,2026-03-26T01:20:44.8580000Z,,v3,471360,stthomas,193273f8758c40888fe81a81bb299a6a,"Verhage, Terek",10120179,Right,THO_M,c895f6ba-e630-4ea1-907b-3d7c6be12865,54.99533,-105.05285,9.18167,5.88934,8.78108,-18.64543,0.0728,5.44546,-2.34263,,,,,,,,,,,,,,,,,,,,,,,,,,,,,,,,,,,,,,,,,,,,,,,,,,,High,High,High,,,,,,,,,,,,,,,,,,,,,,,,,,,,,,,,,,,,
226,2026-03-25,20:21:01.84,2,3,"Bobb, Easton",1000364742,Left,THO_M,"Spanier, Jack",822384,Right,MIN_GOL,Undefined,6,Bottom,0,1,1,Fastball,Sinker,InPlay,Undefined,Popup,Double,0,0,,89.43207,-2.188055,1.004902,2024.942385,144.540378,10:45,6.04072,-0.22049,5.52879,-18.09954,17.60473,-11.66225,2.48569,-0.25285,81.18721,-5.606154,-1.074623,0.430062,84.01454,60.078296,27.091085,,82.6186,135.26131,72.62332,202.22989,92.74832,45.966918,5.791072,6.21752,9.9241,0.14129,50,5.83885,-1.7606,-129.6665,-5.52942,10.49802,29.20503,-15.4176,MIN_GOL,THO_M,SiebertField,D1,BIG10,20260325-SiebertField-2,0db4abb0-28b2-11f1-8a82-49bc3e741f4e,87.64411,135.45071,,8.24486,,,,2.01284,2.59529,0.26333,34f96caf-3623-479a-a7fb-b2cda99893ab,2026-03-26,01:21:01.84,2026-03-25T20:21:01.8410000-05:00,2026-03-26T01:21:01.8410000Z,Popup,v3,471360,stthomas,193273f8758c40888fe81a81bb299a6a,"Verhage, Terek",10120179,Right,THO_M,383d5db5-1fa7-4b31-bbdc-cbcbe4ca0228,54.96912,-130.78092,14.60251,6.03862,-4.94111,-7.7088,0.21612,-2.16119,5.24901,203.481716,2.00925,54.70984,-16.69564,3.81062,0.0272,-0.33642,0.10286,-0.01314,0.00063,2.57528,107.12906,-27.80496,4.48973,-1.48738,0.3871,-0.05887,0.00435,-0.00011,0.26065,28.06646,0.74523,-0.18509,-0.40541,0.25501,-0.06619,0.0081,-0.00038,,,,,,,,,,,,,,,,,,,,,,,High,High,High,High,Low,,,,,,,,,,,,,,,,,,,,,,,,,,,,,,,,,,
227,2026-03-25,20:21:56.84,3,1,"Bobb, Easton",1000364742,Left,THO_M,"Lippe, Michael",702588,Right,MIN_GOL,Undefined,6,Bottom,0,0,0,Curveball,Curveball,StrikeCalled,Undefined,Undefined,Undefined,0,0,,70.75055,2.31461,-1.500252,1892.915491,287.591217,3:30,5.90402,-0.30582,5.40966,-59.03121,-1.95,11.958,3.15523,-0.71523,64.81762,-8.455531,0.628094,0.543773,,,,,,,,,,,,-6.41784,-1.0561,0.43076,50,6.06901,2.25625,-102.61518,2.32907,-6.81653,17.59585,-33.29576,MIN_GOL,THO_M,SiebertField,D1,BIG10,20260325-SiebertField-2,2e97dc30-28b2-11f1-8a82-49bc3e741f4e,69.31645,,,5.93292,,,,,,,34f96caf-3623-479a-a7fb-b2cda99893ab,2026-03-26,01:21:56.84,2026-03-25T20:21:56.8400000-05:00,2026-03-26T01:21:56.8400000Z,,v3,471360,stthomas,193273f8758c40888fe81a81bb299a6a,"Verhage, Terek",10120179,Right,THO_M,bd9d269f-5199-40af-b355-74699b8d0aeb,55.08994,-103.48429,8.79793,5.91335,3.97365,-16.64788,0.31101,2.59294,-3.40827,,,,,,,,,,,,,,,,,,,,,,,,,,,,,,,,,,,,,,,,,,,,,,,,,,,High,High,High,,,,,,,,,,,,,,,,,,,,,,,,,,,,,,,,,,,,
228,2026-03-25,20:22:17.79,3,2,"Bobb, Easton",1000364742,Left,THO_M,"Lippe, Michael",702588,Right,MIN_GOL,Undefined,6,Bottom,0,0,1,Slider,Slider,StrikeCalled,Undefined,Undefined,Undefined,0,0,,81.83083,-0.287359,0.855457,1934.428154,214.323908,1:15,5.96427,-0.24005,5.47303,-41.43168,2.61414,0.48209,2.24269,0.60071,72.38656,-7.959227,0.941439,0.477665,,,,,,,,,,,,0.09937,2.05158,0.16457,50,5.91189,-1.78679,-118.26147,-2.03358,0.13518,30.81858,-29.38305,MIN_GOL,THO_M,SiebertField,D1,BIG10,20260325-SiebertField-2,3b0b1db0-28b2-11f1-8a82-49bc3e741f4e,78.90974,,,9.44427,,,,,,,34f96caf-3623-479a-a7fb-b2cda99893ab,2026-03-26,01:22:17.79,2026-03-25T20:22:17.7930000-05:00,2026-03-26T01:22:17.7930000Z,,v3,471360,stthomas,193273f8758c40888fe81a81bb299a6a,"Verhage, Terek",10120179,Right,THO_M,d12cb36b-4a84-4315-9f19-f0e87285764b,55.01687,-119.5617,15.40929,5.97154,-0.79391,-14.69153,0.24007,-1.7925,0.06759,,,,,,,,,,,,,,,,,,,,,,,,,,,,,,,,,,,,,,,,,,,,,,,,,,,High,High,High,,,,,,,,,,,,,,,,,,,,,,,,,,,,,,,,,,,,
229,2026-03-25,20:22:39.73,3,3,"Bobb, Easton",1000364742,Left,THO_M,"Lippe, Michael",702588,Right,MIN_GOL,Undefined,6,Bottom,0,0,2,Fastball,Sinker,BallCalled,Undefined,Undefined,Undefined,0,0,,89.10194,1.922247,-0.860735,1877.360748,141.08837,10:45,6.20646,-0.19902,5.30594,-20.3656,15.95304,-11.89536,6.31463,-1.99834,80.51888,-1.910307,-2.970183,0.433747,,,,,,,,,,,,5.54579,7.71756,0.28527,50,6.36653,2.51784,-129.05317,3.65788,9.28342,28.71633,-19.25516,MIN_GOL,THO_M,SiebertField,D1,BIG10,20260325-SiebertField-2,481b6280-28b2-11f1-8a82-49bc3e741f4e,86.89967,,,8.58305,,,,,,,34f96caf-3623-479a-a7fb-b2cda99893ab,2026-03-26,01:22:39.73,2026-03-25T20:22:39.7300000-05:00,2026-03-26T01:22:39.7300000Z,,v3,471360,stthomas,193273f8758c40888fe81a81bb299a6a,"Verhage, Terek",10120179,Right,THO_M,eaf1bdad-5c06-4158-9400-d4100c7bb14e,55.18553,-130.20192,14.35817,6.2048,4.42815,-9.62758,0.19198,2.14648,4.64171,,,,,,,,,,,,,,,,,,,,,,,,,,,,,,,,,,,,,,,,,,,,,,,,,,,High,High,High,,,,,,,,,,,,,,,,,,,,,,,,,,,,,,,,,,,,
230,2026-03-25,20:23:13.53,3,4,"Bobb, Easton",1000364742,Left,THO_M,"Lippe, Michael",702588,Right,MIN_GOL,Undefined,6,Bottom,0,1,2,Slider,Changeup,BallCalled,Undefined,Undefined,Undefined,0,0,,82.22741,-1.104221,1.477803,1939.157464,291.678614,3:45,5.99734,-0.1103,5.48514,-44.18073,-1.08571,6.97107,1.28205,1.85353,73.88906,-9.197806,2.72193,0.472482,,,,,,,,,,,,-2.95347,0.39791,-0.02398,50,5.87125,-3.36546,-119.00494,-3.85814,-4.11771,28.75304,-31.61927,MIN_GOL,THO_M,SiebertField,D1,BIG10,20260325-SiebertField-2,5c3f5460-28b2-11f1-8a82-49bc3e741f4e,79.77545,,,8.33834,,,,,,,34f96caf-3623-479a-a7fb-b2cda99893ab,2026-03-26,01:23:13.53,2026-03-25T20:23:13.5390000-05:00,2026-03-26T01:23:13.5390000Z,,v3,471360,stthomas,193273f8758c40888fe81a81bb299a6a,"Verhage, Terek",10120179,Right,THO_M,bbec2878-2e64-4d5b-af76-ff83824c4dee,55.00929,-120.20915,14.37652,6.00511,-2.53388,-15.80963,0.11336,-3.19301,-2.05886,,,,,,,,,,,,,,,,,,,,,,,,,,,,,,,,,,,,,,,,,,,,,,,,,,,High,High,High,,,,,,,,,,,,,,,,,,,,,,,,,,,,,,,,,,,,
231,2026-03-25,20:23:34.72,3,5,"Bobb, Easton",1000364742,Left,THO_M,"Lippe, Michael",702588,Right,MIN_GOL,Undefined,6,Bottom,0,2,2,ChangeUp,Changeup,BallCalled,Undefined,Undefined,Undefined,0,0,,81.34064,-2.609902,2.276383,1715.023273,127.961212,10:15,5.91769,-0.20327,6.10014,-30.07187,12.16418,-13.74985,0.99437,0.75732,74.31357,-8.218838,-0.203149,0.467749,,,,,,,,,,,,7.78142,7.48839,0.03522,50,5.70094,-4.1746,-117.95416,-6.26028,10.88678,23.89085,-21.69727,MIN_GOL,THO_M,SiebertField,D1,BIG10,20260325-SiebertField-2,68eb3210-28b2-11f1-8a82-49bc3e741f4e,80.58259,,,7.02706,,,,,,,34f96caf-3623-479a-a7fb-b2cda99893ab,2026-03-26,01:23:34.72,2026-03-25T20:23:34.7200000-05:00,2026-03-26T01:23:34.7200000Z,,v3,471360,stthomas,193273f8758c40888fe81a81bb299a6a,"Verhage, Terek",10120179,Right,THO_M,18d94e8d-e91b-434b-be7c-e5d8217aae48,54.39787,-118.84158,11.94542,5.91851,-5.45433,-10.84864,0.1978,-4.57899,5.44339,,,,,,,,,,,,,,,,,,,,,,,,,,,,,,,,,,,,,,,,,,,,,,,,,,,High,High,High,,,,,,,,,,,,,,,,,,,,,,,,,,,,,,,,,,,,
232,2026-03-25,20:23:59.79,3,6,"Bobb, Easton",1000364742,Left,THO_M,"Lippe, Michael",702588,Right,MIN_GOL,Undefined,6,Bottom,0,3,2,Slider,Slider,BallCalled,Walk,Undefined,Undefined,0,0,,81.57652,1.264009,0.795996,1957.114322,264.947721,2:45,5.95806,-0.24603,5.38907,-41.50967,2.1052,5.47764,3.68393,0.95654,73.31912,-6.380199,1.770259,0.475323,,,,,,,,,,,,-2.49012,1.06535,0.17088,50,6.04196,-1.86822,-118.16881,1.1664,-3.44751,26.89965,-30.69909,MIN_GOL,THO_M,SiebertField,D1,BIG10,20260325-SiebertField-2,77d5dc30-28b2-11f1-8a82-49bc3e741f4e,79.29861,,,8.25739,,,,,,,34f96caf-3623-479a-a7fb-b2cda99893ab,2026-03-26,01:23:59.79,2026-03-25T20:23:59.7920000-05:00,2026-03-26T01:23:59.7920000Z,,v3,471360,stthomas,193273f8758c40888fe81a81bb299a6a,"Verhage, Terek",10120179,Right,THO_M,2a41c530-e148-4cca-8386-bdf7e5011af5,55.10777,-119.32587,13.44982,5.96339,2.48688,-15.34954,0.24805,-1.71993,-1.72376,,,,,,,,,,,,,,,,,,,,,,,,,,,,,,,,,,,,,,,,,,,,,,,,,,,High,High,High,,,,,,,,,,,,,,,,,,,,,,,,,,,,,,,,,,,,
233,2026-03-25,20:25:18.87,4,1,"Bobb, Easton",1000364742,Left,THO_M,"Richter, Easton",809741,Left,MIN_GOL,Undefined,6,Bottom,0,0,0,Curveball,Curveball,StrikeCalled,Undefined,Undefined,Undefined,0,0,,72.0014,1.78776,0.082846,1773.298812,297.802878,4:00,5.94495,-0.37272,5.20025,-57.87452,-2.00772,7.42981,2.8041,0.32435,65.62061,-8.744803,1.400942,0.537958,,,,,,,,,,,,-3.65835,-0.93484,0.35926,50,6.0672,-0.43201,-104.37057,1.38792,-3.99244,19.3093,-33.19426,MIN_GOL,THO_M,SiebertField,D1,BIG10,20260325-SiebertField-2,a6f9e240-28b2-11f1-8a82-49bc3e741f4e,70.06579,,,6.38079,,,,,,,34f96caf-3623-479a-a7fb-b2cda99893ab,2026-03-26,01:25:18.87,2026-03-25T20:25:18.8720000-05:00,2026-03-26T01:25:18.8720000Z,,v3,471360,stthomas,193273f8758c40888fe81a81bb299a6a,"Verhage, Terek",10120179,Right,THO_M,03be7939-fe02-4180-8497-df6c6f9f1f04,55.29767,-105.34612,9.65465,5.95471,3.06497,-16.59713,0.37599,-0.2303,-1.99622,,,,,,,,,,,,,,,,,,,,,,,,,,,,,78.05472,,0.967014,,-1.63185,2.31735,-0.40091,0.17922,5.85604,0.20879,,,,0.29927,112.731,-10.19079,5.86417,7.80356,-11.0612,0.15983,-3.05777,3.10376,High,High,High,,,High,High,High,,,,,,,,,,,,,,,,,,,,,,,,,,,,,,,
234,2026-03-25,20:25:47.72,4,2,"Bobb, Easton",1000364742,Left,THO_M,"Richter, Easton",809741,Left,MIN_GOL,Undefined,6,Bottom,0,0,1,Slider,Four-Seam,BallCalled,Undefined,Undefined,Undefined,0,0,,80.22938,-1.383704,1.61989,1944.45733,262.062982,2:45,5.91335,-0.0315,5.52331,-41.85172,2.70433,8.30363,1.13129,2.17533,73.14692,-9.036594,3.102123,0.480424,,,,,,,,,,,,-3.68606,2.26004,-0.11512,50,5.76517,-3.61952,-116.30038,-4.21716,-4.9828,24.46157,-29.11894,MIN_GOL,THO_M,SiebertField,D1,BIG10,20260325-SiebertField-2,b82b9630-28b2-11f1-8a82-49bc3e741f4e,78.45662,,,7.08245,,,,,,,34f96caf-3623-479a-a7fb-b2cda99893ab,2026-03-26,01:25:47.72,2026-03-25T20:25:47.7210000-05:00,2026-03-26T01:25:47.7210000Z,,v3,471360,stthomas,193273f8758c40888fe81a81bb299a6a,"Verhage, Terek",10120179,Right,THO_M,13622f01-42bf-4b0f-be42-2826192be5d3,54.97424,-117.34196,12.23079,5.91834,-2.97727,-14.55947,0.03448,-3.40736,-2.4914,,,,,,,,,,,,,,,,,,,,,,,,,,,,,,,,,,,,,,,,,,,,,,,,,,,High,High,High,,,,,,,,,,,,,,,,,,,,,,,,,,,,,,,,,,,,
235,2026-03-25,20:26:11.91,4,3,"Bobb, Easton",1000364742,Left,THO_M,"Richter, Easton",809741,Left,MIN_GOL,Undefined,6,Bottom,0,1,1,Fastball,Four-Seam,FoulBallNotFieldable,Undefined,Undefined,Undefined,0,0,,86.56355,-2.059521,0.865554,1955.747905,155.117486,11:15,6.18426,-0.33577,5.43272,-19.2991,19.10241,-8.22182,2.64622,-0.21027,78.28068,-5.708513,-0.597851,0.446011,81.9019,71.773364,-95.203829,7510.679291,,,,,11.15311,,,4.41429,10.65973,0.26504,50,5.98899,-1.53689,-125.42611,-5.10686,6.9463,28.25323,-15.39993,MIN_GOL,THO_M,SiebertField,D1,BIG10,20260325-SiebertField-2,c6929160-28b2-11f1-8a82-49bc3e741f4e,84.51014,35.26407,,8.28287,,,,1.26731,2.78635,0.17832,34f96caf-3623-479a-a7fb-b2cda99893ab,2026-03-26,01:26:11.91,2026-03-25T20:26:11.9140000-05:00,2026-03-26T01:26:11.9140000Z,,v3,471360,stthomas,193273f8758c40888fe81a81bb299a6a,"Verhage, Terek",10120179,Right,THO_M,eb10410a-5b72-48ba-a81d-18b6b4ad6509,55.06371,-126.56161,14.12661,6.18179,-4.48794,-7.69996,0.33241,-1.81606,3.47315,17.857198,1.27128,-3.58052,-9.05706,,,,,,,2.78888,113.98636,-24.92836,,,,,,,0.17857,-37.42798,1.21343,,,,,,,,,,,,,,,,,,,,,,,,,,,,,High,High,High,High,Undefined,,,,,,,,,,,,,,,,,,,,,,,,,,,,,,,,,,
236,2026-03-25,20:26:41.82,4,4,"Bobb, Easton",1000364742,Left,THO_M,"Richter, Easton",809741,Left,MIN_GOL,Undefined,6,Bottom,0,1,2,Fastball,Slider,BallCalled,Undefined,Undefined,Undefined,0,0,,87.08904,-0.813056,1.985594,1915.904136,157.540242,11:15,6.22024,-0.12758,5.50355,-21.83548,15.59052,-5.94819,3.63969,1.23452,79.51033,-4.897219,0.926413,0.44031,,,,,,,,,,,,3.53288,8.44457,-0.04186,50,6.1347,-4.11758,-126.33489,-2.50763,5.70857,25.78433,-18.52892,MIN_GOL,THO_M,SiebertField,D1,BIG10,20260325-SiebertField-2,d8658e60-28b2-11f1-8a82-49bc3e741f4e,85.60441,,,7.57871,,,,,,,34f96caf-3623-479a-a7fb-b2cda99893ab,2026-03-26,01:26:41.82,2026-03-25T20:26:41.8200000-05:00,2026-03-26T01:26:41.8200000Z,,v3,471360,stthomas,193273f8758c40888fe81a81bb299a6a,"Verhage, Terek",10120179,Right,THO_M,1122f37d-f134-47f7-a4e4-55f12535c73c,54.99262,-127.34978,12.89217,6.21906,-1.77831,-9.26446,0.12464,-4.34227,2.85428,,,,,,,,,,,,,,,,,,,,,,,,,,,,,,,,,,,,,,,,,,,,,,,,,,,High,High,High,,,,,,,,,,,,,,,,,,,,,,,,,,,,,,,,,,,,
237,2026-03-25,20:27:03.20,4,5,"Bobb, Easton",1000364742,Left,THO_M,"Richter, Easton",809741,Left,MIN_GOL,Undefined,6,Bottom,0,2,2,Fastball,Four-Seam,InPlay,Undefined,LineDrive,Double,0,2,,87.14683,-2.019371,0.185091,2073.895261,143.753669,10:45,6.24453,-0.15562,5.31946,-18.69324,19.15966,-13.09997,2.79085,-1.07358,79.21303,-5.537571,-2.141588,0.442814,101.42472,24.939264,29.402564,2148.987221,91.71224,43.316,60.73508,347.69383,338.72759,41.022647,3.89632,6.65748,10.60351,0.14885,50,6.04875,0.16581,-126.35582,-5.05108,10.68438,27.50649,-15.15686,MIN_GOL,THO_M,SiebertField,D1,BIG10,20260325-SiebertField-2,e51870f0-28b2-11f1-8a82-49bc3e741f4e,85.12032,55.28983,,7.9338,,,,1.86686,2.73882,0.9847,34f96caf-3623-479a-a7fb-b2cda99893ab,2026-03-26,01:27:03.20,2026-03-25T20:27:03.2080000-05:00,2026-03-26T01:27:03.2080000Z,FlyBall,v3,471360,stthomas,193273f8758c40888fe81a81bb299a6a,"Verhage, Terek",10120179,Right,THO_M,817cdfc2-4c0b-421a-a127-a78e458fe683,55.17867,-127.47818,13.75325,6.24223,-4.43262,-7.57843,0.15098,-0.27015,5.34219,241.976681,1.86875,117.46032,-25.10816,5.87662,-0.93034,-0.01477,0.04313,-0.00891,0.00065,2.73797,62.74697,-21.59255,2.13604,-0.44811,0.15671,-0.04722,0.00897,-0.00076,0.98184,66.30486,0.5556,-1.38708,-0.22445,0.47014,-0.20028,0.03883,-0.00295,,,,,,,,,,,,,,,,,,,,,,,High,High,High,High,Medium,,,,,,,,,,,,,,,,,,,,,,,,,,,,,,,,,,
238,2026-03-25,20:30:38.93,5,1,"Koenig, Nelson",1000299359,Right,THO_M,"Neels, Weber",809730,Right,MIN_GOL,Undefined,6,Bottom,0,0,0,Fastball,Four-Seam,HitByPitch,Undefined,Undefined,Undefined,0,0,,86.18758,-1.10119,0.023386,2416.32182,200.489702,12:45,6.07504,0.76184,4.33342,-18.49812,21.77289,7.60504,3.48101,1.41794,77.91225,-4.555346,1.349477,0.456739,,,,,,,,,,,,-3.71481,11.31457,-0.77268,50,5.93955,-0.41313,-124.76386,-3.06039,-5.79496,27.5194,-14.52378,MIN_GOL,THO_M,SiebertField,D1,BIG10,20260325-SiebertField-2,65b1e390-28b3-11f1-8a82-49bc3e741f4e,82.5252,,,8.27533,,,,,,,34f96caf-3623-479a-a7fb-b2cda99893ab,2026-03-26,01:30:38.93,2026-03-25T20:30:38.9360000-05:00,2026-03-26T01:30:38.9360000Z,,v3,471360,stthomas,193273f8758c40888fe81a81bb299a6a,"Verhage, Terek",10120179,Right,THO_M,c4bc8fe0-8112-4362-ae18-da43c8c3390d,56.16446,-126.11623,13.7597,6.07241,-2.34666,-7.26189,-0.75937,-0.12835,-2.89748,,,,,,,,,,,,,,,,,,,,,,,,,,,,,,,,,,,,,,,,,,,,,,,,,,,High,High,High,,,,,,,,,,,,,,,,,,,,,,,,,,,,,,,,,,,,
239,2026-03-25,20:31:49.56,6,1,"Koenig, Nelson",1000299359,Right,THO_M,"Hamilton, Davis",837901,Left,MIN_GOL,Undefined,6,Bottom,0,0,0,Fastball,Cutter,BallCalled,Undefined,Undefined,Undefined,0,0,,86.22558,-0.151117,-1.011309,2527.12287,185.918522,12:15,6.105,0.72453,4.67998,-19.75623,20.11576,1.93575,4.31512,-0.07463,77.58951,-3.860127,-0.671741,0.45447,39.5952,3.21834,174.418709,2094.171931,,,,32.51955,29.5983,173.361286,0.525671,-1.25457,10.2604,-0.6235,50,6.07301,2.10845,-124.76393,-0.99873,-1.95238,28.07549,-16.20666,MIN_GOL,THO_M,SiebertField,D1,BIG10,20260325-SiebertField-2,8fcf71b0-28b3-11f1-8a82-49bc3e741f4e,82.93713,4.13407,,8.63607,,,,,,,34f96caf-3623-479a-a7fb-b2cda99893ab,2026-03-26,01:31:49.56,2026-03-25T20:31:49.5680000-05:00,2026-03-26T01:31:49.5680000Z,GroundBall,v3,471360,stthomas,193273f8758c40888fe81a81bb299a6a,"Verhage, Terek",10120179,Right,THO_M,1f818905-4835-4a53-88aa-f92eb357ad15,55.81264,-126.06516,14.03774,6.10189,-0.24759,-8.10333,-0.72332,2.19894,-0.97619,31.743677,-2.3913,-57.90144,1.87794,,,,,,,4.00886,3.21721,-20.63314,,,,,,,0.04401,5.67367,2.65729,,,,,,,,,,,,,,,,,,,,,,,,,,,,,High,High,High,Medium,Medium,,,,,,,,,,,,,,,,,,,,,,,,,,,,,,,,,,
240,2026-03-25,20:32:16.35,6,2,"Koenig, Nelson",1000299359,Right,THO_M,"Hamilton, Davis",837901,Left,MIN_GOL,Undefined,6,Bottom,0,1,0,Undefined,,BallCalled,Undefined,Undefined,Undefined,0,0,,,,,,,,,,,,,,,,,,,,,,,,,,,,,,,,,,,,,,,,,,MIN_GOL,THO_M,SiebertField,D1,BIG10,20260325-SiebertField-2,6f221210-2912-11f1-a2dc-3b2a900b0039,,,,,,,,,,,34f96caf-3623-479a-a7fb-b2cda99893ab,2026-03-26,01:32:16.35,2026-03-25T20:32:16.3510000-05:00,2026-03-26T01:32:16.3510000Z,,v3,471360,stthomas,193273f8758c40888fe81a81bb299a6a,"Verhage, Terek",10120179,Right,THO_M,b41e21ed-b118-4848-8b9a-93277aeedebb,,,,,,,,,,,,,,,,,,,,,,,,,,,,,,,,,,,,,,,,,,,,,,,,,,,,,,,,,,,,,,,,,,,,,,,,,,,,,,,,,,,,,,,,,,,,,,,,,,
241,2026-03-25,20:32:42.35,6,3,"Koenig, Nelson",1000299359,Right,THO_M,"Hamilton, Davis",837901,Left,MIN_GOL,Undefined,6,Bottom,0,2,0,Undefined,,BallCalled,Undefined,Undefined,Undefined,0,0,,,,,,,,,,,,,,,,,,,,,,,,,,,,,,,,,,,,,,,,,,MIN_GOL,THO_M,SiebertField,D1,BIG10,20260325-SiebertField-2,6f221211-2912-11f1-a2dc-3b2a900b0039,,,,,,,,,,,34f96caf-3623-479a-a7fb-b2cda99893ab,2026-03-26,01:32:42.35,2026-03-25T20:32:42.3510000-05:00,2026-03-26T01:32:42.3510000Z,,v3,471360,stthomas,193273f8758c40888fe81a81bb299a6a,"Verhage, Terek",10120179,Right,THO_M,6ccc09b3-b203-4e62-bdbb-488c68498318,,,,,,,,,,,,,,,,,,,,,,,,,,,,,,,,,,,,,,,,,,,,,,,,,,,,,,,,,,,,,,,,,,,,,,,,,,,,,,,,,,,,,,,,,,,,,,,,,,
242,2026-03-25,20:33:09.35,6,4,"Koenig, Nelson",1000299359,Right,THO_M,"Hamilton, Davis",837901,Left,MIN_GOL,Undefined,6,Bottom,0,3,0,Undefined,,BallCalled,Walk,Undefined,Undefined,0,0,,,,,,,,,,,,,,,,,,,,,,,,,,,,,,,,,,,,,,,,,,MIN_GOL,THO_M,SiebertField,D1,BIG10,20260325-SiebertField-2,6f221212-2912-11f1-a2dc-3b2a900b0039,,,,,,,,,,,34f96caf-3623-479a-a7fb-b2cda99893ab,2026-03-26,01:33:09.35,2026-03-25T20:33:09.3510000-05:00,2026-03-26T01:33:09.3510000Z,,v3,471360,stthomas,193273f8758c40888fe81a81bb299a6a,"Verhage, Terek",10120179,Right,THO_M,a2e455c1-f21c-453b-ac88-c1a3ca2a51d9,,,,,,,,,,,,,,,,,,,,,,,,,,,,,,,,,,,,,,,,,,,,,,,,,,,,,,,,,,,,,,,,,,,,,,,,,,,,,,,,,,,,,,,,,,,,,,,,,,
243,2026-03-25,20:33:35.35,7,1,"Koenig, Nelson",1000299359,Right,THO_M,"Martin, Jameson",831053,Right,MIN_GOL,Undefined,6,Bottom,0,0,0,Fastball,Four-Seam,InPlay,Undefined,GroundBall,Out,1,1,,86.89509,-2.313834,-1.605387,2366.252463,209.803904,1:00,6.18347,0.45897,4.49258,-19.1071,20.37206,10.8556,2.38429,-0.16658,78.5846,-5.871466,0.292901,0.452226,82.91242,-55.028391,-31.350712,,,,,2.23979,2.23979,-17.663665,0.023181,-5.79733,11.03552,-0.30162,50,5.92352,3.00173,-125.67558,-5.76185,-9.17537,27.94519,-14.70822,MIN_GOL,THO_M,SiebertField,D1,BIG10,20260325-SiebertField-2,cedc30f0-28b3-11f1-8a82-49bc3e741f4e,83.34873,2.31553,,8.31049,,,,0.75102,2.31553,0.16304,34f96caf-3623-479a-a7fb-b2cda99893ab,2026-03-26,01:33:35.35,2026-03-25T20:33:35.3510000-05:00,2026-03-26T01:33:35.3510000Z,GroundBall,v3,471360,stthomas,193273f8758c40888fe81a81bb299a6a,"Verhage, Terek",10120179,Right,THO_M,62c6eb9c-4284-4f3f-bc46-3d6f39f8975f,56.00431,-127.00368,13.9726,6.18074,-5.06284,-7.35411,-0.45464,3.43779,-4.58768,,0.75049,59.66849,,,,,,,,2.31643,-99.88935,,,,,,,,0.16337,-36.35138,,,,,,,,,,,,,,,,,,,,,,,,,,,,,,High,High,High,Estimated,Estimated,,,,,,,,,,,,,,,,,,,,,,,,,,,,,,,,,,
244,2026-03-25,20:34:46.69,8,1,"Koenig, Nelson",1000299359,Right,THO_M,"Sutherland, Charlie",822390,Left,MIN_GOL,Undefined,6,Bottom,1,0,0,Curveball,Curveball,StrikeCalled,Undefined,Undefined,Undefined,0,0,,71.8014,2.579371,0.49825,2628.366502,40.786483,7:15,6.14524,0.60164,4.01139,-75.07327,-15.43127,-15.2928,2.37046,-0.19378,64.7198,-10.746174,-2.160148,0.555837,,,,,,,,,,,,7.4089,-7.49276,-0.63996,50,6.3545,-0.24591,-103.7174,1.82003,7.86238,21.51386,-40.12543,MIN_GOL,THO_M,SiebertField,D1,BIG10,20260325-SiebertField-2,f96970d0-28b3-11f1-8a82-49bc3e741f4e,67.81203,,,7.0816,,,,,,,34f96caf-3623-479a-a7fb-b2cda99893ab,2026-03-26,01:34:46.69,2026-03-25T20:34:46.6970000-05:00,2026-03-26T01:34:46.6970000Z,,v3,471360,stthomas,193273f8758c40888fe81a81bb299a6a,"Verhage, Terek",10120179,Right,THO_M,36bc518d-5b51-4651-9f38-7db54ce7a8c2,56.48893,-105.05477,10.75693,6.16384,4.31434,-20.06271,-0.60948,-0.73466,3.93119,,,,,,,,,,,,,,,,,,,,,,,,,,,,,,,,,,,,,,,,,,,,,,,,,,,High,High,High,,,,,,,,,,,,,,,,,,,,,,,,,,,,,,,,,,,,
245,2026-03-25,20:35:08.87,8,2,"Koenig, Nelson",1000299359,Right,THO_M,"Sutherland, Charlie",822390,Left,MIN_GOL,Undefined,6,Bottom,1,0,1,Curveball,Curveball,HitByPitch,Undefined,Undefined,Undefined,0,0,,72.50816,3.543672,-0.808057,2654.616862,47.054058,7:30,6.13574,0.76458,3.56831,-72.3565,-12.88009,-16.27166,3.5447,-1.37448,65.17416,-9.226785,-3.60664,0.555065,35.58507,22.503806,-170.735673,4765.507855,,,,53.89437,36.32333,-170.863915,1.253243,7.38276,-6.71662,-0.64449,50,6.47432,2.19027,-104.5648,3.62509,7.9794,21.54265,-39.43345,MIN_GOL,THO_M,SiebertField,D1,BIG10,20260325-SiebertField-2,06c4c860-28b4-11f1-8a82-49bc3e741f4e,67.90637,8.62975,,7.33401,,,,1.77752,3.43924,1.3669,34f96caf-3623-479a-a7fb-b2cda99893ab,2026-03-26,01:35:08.87,2026-03-25T20:35:08.8720000-05:00,2026-03-26T01:35:08.8720000Z,GroundBall,v3,471360,stthomas,193273f8758c40888fe81a81bb299a6a,"Verhage, Terek",10120179,Right,THO_M,f652f825-c9df-401b-a460-edb66ccd3b0d,56.9322,-105.98336,10.77132,6.15012,6.22175,-19.71673,-0.77142,1.66483,3.9897,354.070942,1.77752,-47.5887,2.86731,0.09589,0.24302,-0.93251,1.23808,-0.72243,0.15673,3.43924,19.97554,-20.18177,2.00933,-0.22377,-0.22589,0.20791,-0.06365,0.00376,1.3669,-7.76227,0.6089,-0.83247,0.11371,0.26456,-0.29743,0.14822,-0.02951,,,,,,,,,,,,,,,,,,,,,,,High,High,High,High,Medium,,,,,,,,,,,,,,,,,,,,,,,,,,,,,,,,,,
246,2026-03-25,20:35:52.52,9,1,"Koenig, Nelson",1000299359,Right,THO_M,"Hunt, Sam",1000048505,Left,MIN_GOL,Undefined,6,Bottom,1,0,0,Fastball,Four-Seam,BallCalled,Undefined,Undefined,Undefined,0,0,,85.31854,-0.155901,-0.76908,2460.076163,204.438607,12:45,6.08403,0.82594,4.48775,-21.84088,19.05934,8.00351,4.11538,0.75993,77.00233,-4.214979,0.630376,0.460293,,,,,,,,,,,,-4.09988,9.70371,-0.75328,50,6.04804,1.27096,-123.48102,-1.11808,-6.26585,26.91918,-17.34396,MIN_GOL,THO_M,SiebertField,D1,BIG10,20260325-SiebertField-2,20962090-28b4-11f1-8a82-49bc3e741f4e,81.88798,,,8.31621,,,,,,,34f96caf-3623-479a-a7fb-b2cda99893ab,2026-03-26,01:35:52.52,2026-03-25T20:35:52.5230000-05:00,2026-03-26T01:35:52.5230000Z,,v3,471360,stthomas,193273f8758c40888fe81a81bb299a6a,"Verhage, Terek",10120179,Right,THO_M,a3c90186-a997-4cc7-b118-1688d47c7461,56.00646,-124.78358,13.45959,6.08184,-0.27885,-8.67198,-0.82212,1.57415,-3.13292,,,,,,,,,,,,,,,,,,,,,,,,,,,,,,,,,,,,,,,,,,,,,,,,,,,High,High,High,,,,,,,,,,,,,,,,,,,,,,,,,,,,,,,,,,,,
247,2026-03-25,20:36:11.01,9,2,"Koenig, Nelson",1000299359,Right,THO_M,"Hunt, Sam",1000048505,Left,MIN_GOL,Undefined,6,Bottom,1,1,0,Curveball,Curveball,BallinDirt,Undefined,Undefined,Undefined,0,1,,72.39908,0.448508,-1.136504,2546.567384,25.712598,6:45,6.09726,0.90789,3.84174,-72.38693,-13.32335,-7.51823,0.4976,-0.81467,65.56979,-12.311211,-2.44221,0.553135,,,,,,,,,,,,3.18512,-5.95477,-0.76622,50,6.06495,2.39384,-104.59449,-1.94708,3.43031,22.21306,-38.58721,MIN_GOL,THO_M,SiebertField,D1,BIG10,20260325-SiebertField-2,2bb1c150-28b4-11f1-8a82-49bc3e741f4e,68.14327,,,6.82929,,,,,,,34f96caf-3623-479a-a7fb-b2cda99893ab,2026-03-26,01:36:11.01,2026-03-25T20:36:11.0160000-05:00,2026-03-26T01:36:11.0160000Z,,v3,471360,stthomas,193273f8758c40888fe81a81bb299a6a,"Verhage, Terek",10120179,Right,THO_M,13948bc6-bc19-497a-af19-483a8b0ea860,56.65831,-105.9991,11.10653,6.11092,0.49293,-19.29361,-0.91073,2.17693,1.71515,,,,,,,,,,,,,,,,,,,,,,,,,,,,,,,,,,,,,,,,,,,,,,,,,,,High,High,High,,,,,,,,,,,,,,,,,,,,,,,,,,,,,,,,,,,,
248,2026-03-25,20:36:45.09,9,3,"Koenig, Nelson",1000299359,Right,THO_M,"Hunt, Sam",1000048505,Left,MIN_GOL,Undefined,6,Bottom,1,2,0,Fastball,Cutter,BallCalled,Undefined,Undefined,Undefined,0,0,,84.99473,-0.090822,-1.625711,2387.9169,188.952344,12:15,6.08836,0.73065,4.42705,-21.16324,19.82017,2.91055,4.23808,-0.57823,77.32148,-4.008096,-1.117704,0.460761,,,,,,,,,,,,-1.86228,10.01402,-0.56112,50,6.05928,3.35361,-123.08974,-0.95719,-2.85329,24.73642,-16.83102,MIN_GOL,THO_M,SiebertField,D1,BIG10,20260325-SiebertField-2,3fee6b50-28b4-11f1-8a82-49bc3e741f4e,81.80484,,,7.67324,,,,,,,34f96caf-3623-479a-a7fb-b2cda99893ab,2026-03-26,01:36:45.09,2026-03-25T20:36:45.0930000-05:00,2026-03-26T01:36:45.0930000Z,,v3,471360,stthomas,193273f8758c40888fe81a81bb299a6a,"Verhage, Terek",10120179,Right,THO_M,229f3514-3f35-4c73-8454-9be491333811,56.06826,-124.30326,12.36821,6.08598,-0.13149,-8.41551,-0.72907,3.49359,-1.42664,,,,,,,,,,,,,,,,,,,,,,,,,,,,,,,,,,,,,,,,,,,,,,,,,,,High,High,High,,,,,,,,,,,,,,,,,,,,,,,,,,,,,,,,,,,,
249,2026-03-25,20:37:02.97,9,4,"Koenig, Nelson",1000299359,Right,THO_M,"Hunt, Sam",1000048505,Left,MIN_GOL,Undefined,6,Bottom,1,3,0,Fastball,Cutter,StrikeCalled,Undefined,Undefined,Undefined,0,0,,83.99319,-1.003948,-0.564601,2334.823545,197.258176,12:30,6.08139,0.75965,4.49171,-23.52403,18.30611,5.25965,3.16424,0.65992,76.5899,-5.332154,0.355398,0.465496,,,,,,,,,,,,-2.70477,9.57784,-0.70571,50,5.95452,0.95164,-121.6875,-2.9881,-4.0514,24.11276,-17.82767,MIN_GOL,THO_M,SiebertField,D1,BIG10,20260325-SiebertField-2,4aa2bec0-28b4-11f1-8a82-49bc3e741f4e,80.97261,,,7.40329,,,,,,,34f96caf-3623-479a-a7fb-b2cda99893ab,2026-03-26,01:37:02.97,2026-03-25T20:37:02.9750000-05:00,2026-03-26T01:37:02.9750000Z,,v3,471360,stthomas,193273f8758c40888fe81a81bb299a6a,"Verhage, Terek",10120179,Right,THO_M,a408e4cf-c74f-4a5f-9251-ad5ce6fe02cc,56.00396,-122.87145,12.05638,6.07975,-2.11275,-8.91384,-0.75732,1.15057,-2.0257,,,,,,,,,,,,,,,,,,,,,,,,,,,,,,,,,,,,,,,,,,,,,,,,,,,High,High,High,,,,,,,,,,,,,,,,,,,,,,,,,,,,,,,,,,,,
250,2026-03-25,20:37:24.58,9,5,"Koenig, Nelson",1000299359,Right,THO_M,"Hunt, Sam",1000048505,Left,MIN_GOL,Undefined,6,Bottom,1,3,1,Curveball,Curveball,BallCalled,Walk,Undefined,Undefined,0,0,,71.47658,5.008734,0.670214,2618.515889,50.514321,7:45,6.07966,0.73228,3.67921,-70.59283,-10.42335,-15.10371,5.05358,0.12182,64.84494,-7.459274,-1.928408,0.558289,,,,,,,,,,,,7.24374,-5.69717,-0.79233,50,6.59184,-0.54389,-103.10902,6.29426,7.74982,18.13824,-38.26924,MIN_GOL,THO_M,SiebertField,D1,BIG10,20260325-SiebertField-2,578081e0-28b4-11f1-8a82-49bc3e741f4e,67.51415,,,6.63164,,,,,,,34f96caf-3623-479a-a7fb-b2cda99893ab,2026-03-26,01:37:24.58,2026-03-25T20:37:24.5840000-05:00,2026-03-26T01:37:24.5840000Z,,v3,471360,stthomas,193273f8758c40888fe81a81bb299a6a,"Verhage, Terek",10120179,Right,THO_M,a6dde8dc-9437-496d-bf3b-fc7dcec3b3e2,56.82186,-104.30217,9.06912,6.095,8.81164,-19.13462,-0.73979,-1.05368,3.87491,,,,,,,,,,,,,,,,,,,,,,,,,,,,,,,,,,,,,,,,,,,,,,,,,,,High,High,High,,,,,,,,,,,,,,,,,,,,,,,,,,,,,,,,,,,,
251,2026-03-25,20:40:19.30,10,1,"Moser, Ben",1000213008,Right,THO_M,"Allen, Tyler",10962618,Right,MIN_GOL,Undefined,6,Bottom,1,0,0,Slider,Curveball,StrikeCalled,Undefined,Undefined,Undefined,0,0,,76.04543,0.624895,-4.712626,1808.153265,61.739306,8:00,5.58655,4.13019,6.05594,-50.36892,-1.39406,-5.77331,1.96953,-0.72287,69.16691,-8.655154,-5.746307,0.503684,,,,,,,,,,,,1.42866,-0.38106,-3.76032,50,5.60884,9.27578,-110.0154,-0.29955,1.72276,22.44998,-32.63354,MIN_GOL,THO_M,SiebertField,D1,BIG10,20260325-SiebertField-2,bfb5e7f0-28b4-11f1-8a82-49bc3e741f4e,74.83352,,,6.87852,,,,,,,34f96caf-3623-479a-a7fb-b2cda99893ab,2026-03-26,01:40:19.30,2026-03-25T20:40:19.3080000-05:00,2026-03-26T01:40:19.3080000Z,,v3,471360,stthomas,193273f8758c40888fe81a81bb299a6a,"Verhage, Terek",10120179,Right,THO_M,e8ef4c2a-68ca-4963-ae44-8aa148c55411,54.44162,-110.91806,11.22499,5.59451,1.01257,-16.31677,-4.13189,9.20652,0.86138,,,,,,,,,,,,,,,,,,,,,,,,,,,,,,,,,,,,,,,,,,,,,,,,,,,High,High,High,,,,,,,,,,,,,,,,,,,,,,,,,,,,,,,,,,,,
252,2026-03-25,20:40:39.06,10,2,"Moser, Ben",1000213008,Right,THO_M,"Allen, Tyler",10962618,Right,MIN_GOL,Undefined,6,Bottom,1,0,1,Slider,Curveball,BallinDirt,Undefined,Undefined,Undefined,0,0,,75.97705,-0.094798,-6.003926,1823.358562,24.24397,6:45,5.55112,4.04023,5.84203,-55.05853,-5.62138,-3.27465,0.87433,-1.83292,69.64661,-10.114346,-6.586404,0.506055,,,,,,,,,,,,-0.20197,-2.36295,-3.54772,50,5.51118,11.65888,-109.73573,-1.89125,-0.24342,21.53111,-35.02179,MIN_GOL,THO_M,SiebertField,D1,BIG10,20260325-SiebertField-2,cb6e3de0-28b4-11f1-8a82-49bc3e741f4e,74.48283,,,6.33044,,,,,,,34f96caf-3623-479a-a7fb-b2cda99893ab,2026-03-26,01:40:39.06,2026-03-25T20:40:39.0690000-05:00,2026-03-26T01:40:39.0690000Z,,v3,471360,stthomas,193273f8758c40888fe81a81bb299a6a,"Verhage, Terek",10120179,Right,THO_M,c1cc01eb-24f0-4dcf-9da1-4ae3ce52d7af,54.65779,-110.64585,10.76555,5.55984,-0.41087,-17.5109,-4.04076,11.66917,-0.12171,,,,,,,,,,,,,,,,,,,,,,,,,,,,,,,,,,,,,,,,,,,,,,,,,,,High,High,High,,,,,,,,,,,,,,,,,,,,,,,,,,,,,,,,,,,,
253,2026-03-25,20:41:01.03,10,3,"Moser, Ben",1000213008,Right,THO_M,"Allen, Tyler",10962618,Right,MIN_GOL,Undefined,6,Bottom,1,1,1,Sinker,Changeup,InPlay,Undefined,Popup,Out,1,0,,82.52093,-0.362679,-5.036772,2156.165375,254.214996,2:30,5.66507,3.77522,5.87113,-35.75919,5.11359,13.92631,2.34696,0.24529,76.31759,-6.937415,-2.54994,0.460138,65.19444,73.374214,40.704109,,,,,70.53667,30.17067,62.534141,4.977776,-8.4339,3.03933,-3.37508,50,5.61452,10.01454,-119.61273,-1.91532,-12.3485,20.77478,-27.72401,MIN_GOL,THO_M,SiebertField,D1,BIG10,20260325-SiebertField-2,d87bc390-28b4-11f1-8a82-49bc3e741f4e,81.91545,103.94762,,6.20334,,,,2.16447,2.78087,-0.27131,34f96caf-3623-479a-a7fb-b2cda99893ab,2026-03-26,01:41:01.03,2026-03-25T20:41:01.0350000-05:00,2026-03-26T01:41:01.0350000Z,Popup,v3,471360,stthomas,193273f8758c40888fe81a81bb299a6a,"Verhage, Terek",10120179,Right,THO_M,f066e469-d995-440b-a8eb-1410cfca6d7f,54.63044,-120.41428,10.38739,5.66779,-0.84565,-13.86201,-3.77066,10.49097,-6.17425,189.789089,2.15375,20.94647,-11.32859,4.89147,-1.76764,0.50583,-0.09301,0.00917,-0.00036,2.76853,91.89394,-26.09943,4.59757,-2.16067,0.85434,-0.20569,0.02572,-0.00128,-0.26962,17.8006,-2.35506,0.21013,0.23787,-0.14796,0.04066,-0.00549,0.00029,,,,,,,,,,,,,,,,,,,,,,,High,High,High,High,Low,,,,,,,,,,,,,,,,,,,,,,,,,,,,,,,,,,
254,2026-03-25,20:41:37.30,11,1,"Moser, Ben",1000213008,Right,THO_M,"Spanier, Jack",822384,Right,MIN_GOL,Undefined,6,Bottom,2,0,0,Slider,Curveball,BallCalled,Undefined,Undefined,Undefined,0,0,,77.36636,0.057948,-5.623713,1867.894711,61.253534,8:00,5.61014,3.94412,6.06942,-48.09853,-0.98933,-4.62736,1.65582,-1.66236,70.8529,-8.770705,-6.45035,0.493997,,,,,,,,,,,,0.66169,-0.02764,-3.50483,50,5.58949,11.17995,-111.8477,-1.34103,0.83057,21.88579,-32.20874,MIN_GOL,THO_M,SiebertField,D1,BIG10,20260325-SiebertField-2,ee214c60-28b4-11f1-8a82-49bc3e741f4e,76.30095,,,6.51346,,,,,,,34f96caf-3623-479a-a7fb-b2cda99893ab,2026-03-26,01:41:37.30,2026-03-25T20:41:37.3060000-05:00,2026-03-26T01:41:37.3060000Z,,v3,471360,stthomas,193273f8758c40888fe81a81bb299a6a,"Verhage, Terek",10120179,Right,THO_M,3c186bbc-2751-490c-8f6d-f5e9000aa869,54.4289,-112.711,10.94289,5.61733,-0.07054,-16.10437,-3.94518,11.14719,0.41529,,,,,,,,,,,,,,,,,,,,,,,,,,,,,,,,,,,,,,,,,,,,,,,,,,,High,High,High,,,,,,,,,,,,,,,,,,,,,,,,,,,,,,,,,,,,
255,2026-03-25,20:41:59.21,11,2,"Moser, Ben",1000213008,Right,THO_M,"Spanier, Jack",822384,Right,MIN_GOL,Undefined,6,Bottom,2,1,0,Cutter,Slider,BallCalled,Undefined,Undefined,Undefined,0,0,,78.82729,0.39951,-6.215264,2146.689773,165.670286,11:30,5.67703,3.74219,5.96626,-36.50486,8.51937,-1.84193,3.00758,-2.19669,72.7659,-6.323187,-6.54255,0.482941,,,,,,,,,,,,-0.67122,4.68563,-3.24672,50,5.68849,12.47597,-113.94215,-0.2934,-0.8882,19.6504,-25.97372,MIN_GOL,THO_M,SiebertField,D1,BIG10,20260325-SiebertField-2,fb36e860-28b4-11f1-8a82-49bc3e741f4e,78.04763,,,6.06138,,,,,,,34f96caf-3623-479a-a7fb-b2cda99893ab,2026-03-26,01:41:59.21,2026-03-25T20:41:59.2140000-05:00,2026-03-26T01:41:59.2140000Z,,v3,471360,stthomas,193273f8758c40888fe81a81bb299a6a,"Verhage, Terek",10120179,Right,THO_M,a35a7e8d-3bc8-459a-b93f-93f9cdbe97eb,54.53235,-114.72114,9.8252,5.67971,0.73625,-12.98686,-3.74199,12.51118,-0.4441,,,,,,,,,,,,,,,,,,,,,,,,,,,,,,,,,,,,,,,,,,,,,,,,,,,High,High,High,,,,,,,,,,,,,,,,,,,,,,,,,,,,,,,,,,,,
256,2026-03-25,20:42:23.79,11,3,"Moser, Ben",1000213008,Right,THO_M,"Spanier, Jack",822384,Right,MIN_GOL,Undefined,6,Bottom,2,2,0,Slider,Curveball,BallCalled,Undefined,Undefined,Undefined,0,0,,77.77132,0.497739,-6.090841,1899.629113,57.949885,8:00,5.56987,3.71966,5.97712,-48.45688,-1.18626,-4.57681,1.99582,-2.32928,70.55585,-8.405411,-6.905265,0.494843,,,,,,,,,,,,0.31748,-0.21205,-3.23392,50,5.58332,12.1443,-112.20812,-0.5202,0.39761,23.65244,-32.4396,MIN_GOL,THO_M,SiebertField,D1,BIG10,20260325-SiebertField-2,09dc9a40-28b5-11f1-8a82-49bc3e741f4e,76.17056,,,7.21547,,,,,,,34f96caf-3623-479a-a7fb-b2cda99893ab,2026-03-26,01:42:23.79,2026-03-25T20:42:23.7990000-05:00,2026-03-26T01:42:23.7990000Z,,v3,471360,stthomas,193273f8758c40888fe81a81bb299a6a,"Verhage, Terek",10120179,Right,THO_M,5dfc0eb7-4cb6-4b7a-9535-168688565748,54.51931,-113.15674,11.82622,5.57809,0.78084,-16.2198,-3.72067,12.12836,0.19881,,,,,,,,,,,,,,,,,,,,,,,,,,,,,,,,,,,,,,,,,,,,,,,,,,,High,High,High,,,,,,,,,,,,,,,,,,,,,,,,,,,,,,,,,,,,
257,2026-03-25,20:42:45.80,11,4,"Moser, Ben",1000213008,Right,THO_M,"Spanier, Jack",822384,Right,MIN_GOL,Undefined,6,Bottom,2,3,0,Sinker,Changeup,StrikeCalled,Undefined,Undefined,Undefined,0,0,,83.39723,-0.232644,-5.36621,2092.940511,261.757296,2:45,5.64015,3.87336,5.92401,-36.85478,3.25118,14.19406,2.35209,0.06218,76.86998,-7.012039,-2.831126,0.455802,,,,,,,,,,,,-8.64382,2.10599,-3.45091,50,5.6005,10.78928,-120.78082,-1.70477,-12.86466,21.86587,-29.0397,MIN_GOL,THO_M,SiebertField,D1,BIG10,20260325-SiebertField-2,16ef5010-28b5-11f1-8a82-49bc3e741f4e,82.69482,,,6.52726,,,,,,,34f96caf-3623-479a-a7fb-b2cda99893ab,2026-03-26,01:42:45.80,2026-03-25T20:42:45.8010000-05:00,2026-03-26T01:42:45.8010000Z,,v3,471360,stthomas,193273f8758c40888fe81a81bb299a6a,"Verhage, Terek",10120179,Right,THO_M,ee6d1e1c-5e6a-4835-b1c9-48d6173d1437,54.57635,-121.60649,10.93294,5.64417,-0.60822,-14.51985,-3.86749,11.27506,-6.43233,,,,,,,,,,,,,,,,,,,,,,,,,,,,,,,,,,,,,,,,,,,,,,,,,,,High,High,High,,,,,,,,,,,,,,,,,,,,,,,,,,,,,,,,,,,,
258,2026-03-25,20:43:05.29,11,5,"Moser, Ben",1000213008,Right,THO_M,"Spanier, Jack",822384,Right,MIN_GOL,Undefined,6,Bottom,2,3,1,Sinker,Changeup,BallCalled,Walk,Undefined,Undefined,0,1,,82.35973,0.088255,-7.091666,2081.999208,261.740193,2:45,5.5808,4.08947,6.00627,-37.70297,3.55957,15.89741,2.52128,-1.18982,75.75906,-6.848813,-4.26451,0.462327,,,,,,,,,,,,-9.95847,2.21634,-3.53806,50,5.56719,14.17832,-118.90013,-1.02287,-14.3635,21.18694,-28.97735,MIN_GOL,THO_M,SiebertField,D1,BIG10,20260325-SiebertField-2,22952f70-28b5-11f1-8a82-49bc3e741f4e,81.52764,,,6.60066,,,,,,,34f96caf-3623-479a-a7fb-b2cda99893ab,2026-03-26,01:43:05.29,2026-03-25T20:43:05.2980000-05:00,2026-03-26T01:43:05.2980000Z,,v3,471360,stthomas,193273f8758c40888fe81a81bb299a6a,"Verhage, Terek",10120179,Right,THO_M,81b039f1-76e8-4d34-b7d2-3c77014c61ce,54.49393,-119.69823,10.59347,5.58516,0.06869,-14.48868,-4.08234,14.71938,-7.18175,,,,,,,,,,,,,,,,,,,,,,,,,,,,,,,,,,,,,,,,,,,,,,,,,,,High,High,High,,,,,,,,,,,,,,,,,,,,,,,,,,,,,,,,,,,,
259,2026-03-25,20:43:39.39,12,1,"Moser, Ben",1000213008,Right,THO_M,"Lippe, Michael",702588,Right,MIN_GOL,Undefined,6,Bottom,2,0,0,Slider,Curveball,StrikeSwinging,Undefined,Undefined,Undefined,0,0,,77.32271,-0.274728,-5.455418,1765.859313,351.688814,5:45,5.58765,4.0769,6.06145,-49.07223,-1.68799,0.48795,1.24287,-0.94685,70.45095,-9.294633,-5.368104,0.495437,,,,,,,,,,,,-2.00075,-0.26626,-3.65263,50,5.54049,10.65595,-111.7608,-2.02718,-2.49416,22.84181,-32.50598,MIN_GOL,THO_M,SiebertField,D1,BIG10,20260325-SiebertField-2,36eed750-28b5-11f1-8a82-49bc3e741f4e,76.07921,,,6.87175,,,,,,,34f96caf-3623-479a-a7fb-b2cda99893ab,2026-03-26,01:43:39.39,2026-03-25T20:43:39.3930000-05:00,2026-03-26T01:43:39.3930000Z,,v3,471360,stthomas,193273f8758c40888fe81a81bb299a6a,"Verhage, Terek",10120179,Right,THO_M,3488daec-5a6f-439a-9da8-ff8d3ed37944,54.43644,-112.66388,11.4209,5.59523,-0.74202,-16.25299,-4.07587,10.75456,-1.24708,,,,,,,,,,,,,,,,,,,,,,,,,,,,,,,,,,,,,,,,,,,,,,,,,,,High,High,High,,,,,,,,,,,,,,,,,,,,,,,,,,,,,,,,,,,,
260,2026-03-25,20:43:58.69,12,2,"Moser, Ben",1000213008,Right,THO_M,"Lippe, Michael",702588,Right,MIN_GOL,Undefined,6,Bottom,2,0,1,Slider,Curveball,InPlay,Undefined,LineDrive,Single,0,2,,77.25601,0.273296,-4.435382,1835.970722,53.918808,7:45,5.58915,3.88874,5.97272,-49.41113,-2.20622,-5.14,1.72568,-0.65973,70.7951,-8.791243,-5.355295,0.494499,100.67982,11.653518,-1.005843,1618.308961,109.90395,14.43067,4.57722,222.05525,222.05525,5.523198,1.876135,1.31177,-0.82091,-3.53414,50,5.58325,8.86247,-111.91029,-0.97003,1.64889,21.85812,-33.2059,MIN_GOL,THO_M,SiebertField,D1,BIG10,20260325-SiebertField-2,42715030-28b5-11f1-8a82-49bc3e741f4e,76.22356,14.46855,,6.46091,,,,2.01238,1.86782,0.60625,34f96caf-3623-479a-a7fb-b2cda99893ab,2026-03-26,01:43:58.69,2026-03-25T20:43:58.6930000-05:00,2026-03-26T01:43:58.6930000Z,LineDrive,v3,471360,stthomas,193273f8758c40888fe81a81bb299a6a,"Verhage, Terek",10120179,Right,THO_M,bd36d3e7-9b4c-4bc4-aee3-03cc2945715c,54.52746,-112.79112,10.92906,5.59538,0.36808,-16.60295,-3.88994,8.79603,0.82445,265.03033,2.01238,144.59739,-18.64377,2.7878,-0.52742,0.08323,-0.01345,0.00184,-0.00015,1.86782,29.82696,-19.01644,1.85527,-0.3634,0.07821,-0.01366,0.00199,-0.00017,0.60625,-2.53856,10.891,-2.89779,0.72731,-0.1544,0.0258,-0.00299,0.00018,,,,,,,,,,,,,,,,,,,,,,,High,High,High,High,High,,,,,,,,,,,,,,,,,,,,,,,,,,,,,,,,,,
261,2026-03-25,20:44:50.04,13,1,"Moser, Ben",1000213008,Right,THO_M,"Richter, Easton",809741,Left,MIN_GOL,Undefined,6,Bottom,2,0,0,Cutter,Slider,InPlay,Undefined,FlyBall,Out,1,0,,80.68521,-0.385328,-3.020416,2158.267388,175.637083,11:45,5.78508,2.73536,5.93976,-31.40632,11.4626,-0.77268,2.80994,-0.1335,74.03098,-6.225572,-3.158928,0.47124,101.51626,42.78825,-1.920499,4098.064486,109.59008,98.93807,-9.4853,352.99937,214.63636,-10.521217,6.312785,-0.43898,6.38713,-2.49395,50,5.73657,6.20718,-117.09375,-1.73187,-0.60964,22.05348,-23.30393,MIN_GOL,THO_M,SiebertField,D1,BIG10,20260325-SiebertField-2,6108bbf0-28b5-11f1-8a82-49bc3e741f4e,79.98557,142.82298,,6.65423,,,,1.6141,2.87835,0.12706,34f96caf-3623-479a-a7fb-b2cda99893ab,2026-03-26,01:44:50.04,2026-03-25T20:44:50.0460000-05:00,2026-03-26T01:44:50.0460000Z,FlyBall,v3,471360,stthomas,193273f8758c40888fe81a81bb299a6a,"Verhage, Terek",10120179,Right,THO_M,3a98b7d4-4fb4-470a-8fcd-3b93744ab62e,54.55904,-117.94928,11.02674,5.78622,-0.82784,-11.65197,-2.7352,6.23083,-0.30482,162.869028,1.6273,108.98115,-24.59778,5.53553,-0.77996,0.04171,0.00525,-0.00091,4E-05,2.8701,101.25648,-22.22762,2.09652,-0.33237,0.01665,0.00673,-0.00131,7E-05,0.13019,-3.71718,-4.40321,1.33495,-0.24921,0.02672,-0.00071,-0.00013,1E-05,,,,,,,,,,,,,,,,,,,,,,,High,High,High,High,Low,,,,,,,,,,,,,,,,,,,,,,,,,,,,,,,,,,
262,2026-03-25,20:47:43.40,1,1,"Kirchhoff, Josh",831295,Right,MIN_GOL,"Maulik, Matthew",1000283220,Right,THO_M,Undefined,7,Top,0,0,0,Cutter,Slider,InPlay,Undefined,LineDrive,Out,1,0,,88.58133,-1.857801,-1.62572,2503.003362,174.942294,11:45,5.88268,1.21878,5.93923,-27.77139,8.12406,-0.60984,1.8437,-0.34055,80.53339,-7.025732,-1.735337,0.431212,89.86646,7.632715,-29.36774,3638.430141,90.76421,5.74053,-62.14359,153.28789,88.03741,-36.728156,1.369678,-0.18787,5.09709,-1.08881,50,5.71889,3.67202,-128.49274,-5.09339,-0.31076,29.27541,-23.74339,MIN_GOL,THO_M,SiebertField,D1,BIG10,20260325-SiebertField-2,c84bd2c0-28b5-11f1-8a82-49bc3e741f4e,87.41039,7.04075,,8.04794,,,,0.65031,1.75021,0.39819,34f96caf-3623-479a-a7fb-b2cda99893ab,2026-03-26,01:47:43.40,2026-03-25T20:47:43.4070000-05:00,2026-03-26T01:47:43.4070000Z,GroundBall,v3,471360,stthomas,193273f8758c40888fe81a81bb299a6a,"Hunt, Sam",1000048505,Right,MIN_GOL,6a038c9f-05b5-482b-a7c8-fed94bf2e018,54.5587,-129.52722,14.63771,5.88405,-4.25439,-11.8717,-1.21875,3.68301,-0.15538,104.300929,0.65031,113.84808,-21.40096,3.18917,-0.60597,0.08835,-0.01207,0.0015,-0.00011,1.75021,17.50651,-15.21265,1.30453,-0.20259,0.044,-0.00727,0.00095,-9E-05,0.39819,-64.06567,-4.52038,2.28283,-0.66244,0.16913,-0.03585,0.00627,-0.00059,,,,,,,,,,,,,,,,,,,,,,,High,High,High,High,Medium,,,,,,,,,,,,,,,,,,,,,,,,,,,,,,,,,,
263,2026-03-25,20:48:14.35,2,1,"Kirchhoff, Josh",831295,Right,MIN_GOL,"Bond, Owen",10054698,Left,THO_M,Undefined,7,Top,1,0,0,Fastball,Four-Seam,StrikeCalled,Undefined,Undefined,Undefined,0,0,,89.71018,-2.603292,-1.727839,2447.32084,192.891154,12:30,5.90671,1.26267,6.06811,-20.71446,13.87351,2.91894,1.76865,-0.09352,82.06462,-6.497153,-1.202183,0.423286,,,,,,,,,,,,-1.98882,8.22752,-1.13029,50,5.69373,3.80449,-130.16037,-6.55877,-3.40628,27.73647,-18.08259,MIN_GOL,THO_M,SiebertField,D1,BIG10,20260325-SiebertField-2,dabff1c0-28b5-11f1-8a82-49bc3e741f4e,89.04719,,,7.64556,,,,,,,34f96caf-3623-479a-a7fb-b2cda99893ab,2026-03-26,01:48:14.35,2026-03-25T20:48:14.3500000-05:00,2026-03-26T01:48:14.3500000Z,,v3,471360,stthomas,193273f8758c40888fe81a81bb299a6a,"Hunt, Sam",1000048505,Right,MIN_GOL,9ed63c3e-67d7-44f5-97a0-0bc8c2197541,54.42918,-131.10081,13.86824,5.90572,-5.94566,-9.04129,-1.26124,3.91999,-1.70314,,,,,,,,,,,,,,,,,,,,,,,,,,,,,,,,,,,,,,,,,,,,,,,,,,,High,High,High,,,,,,,,,,,,,,,,,,,,,,,,,,,,,,,,,,,,
264,2026-03-25,20:48:28.52,2,2,"Kirchhoff, Josh",831295,Right,MIN_GOL,"Bond, Owen",10054698,Left,THO_M,Undefined,7,Top,1,0,1,Fastball,Four-Seam,FoulBallNotFieldable,Undefined,Undefined,Undefined,0,0,,90.77674,-1.600915,-1.524436,2522.569693,191.798312,12:30,5.86324,1.08502,6.37871,-16.5554,16.95198,3.30418,3.00991,-0.04242,82.4354,-4.785973,-0.926123,0.416621,71.8707,24.403842,-129.649116,3707.714452,,,,,48.98168,,,-2.17949,9.65567,-0.9766,50,5.73999,3.37381,-131.80816,-4.12513,-3.80419,30.06461,-15.32046,MIN_GOL,THO_M,SiebertField,D1,BIG10,20260325-SiebertField-2,e34900c0-28b5-11f1-8a82-49bc3e741f4e,90.47171,20.0285,,8.34133,,,,0.72425,3.11588,0.13012,34f96caf-3623-479a-a7fb-b2cda99893ab,2026-03-26,01:48:28.52,2026-03-25T20:48:28.5290000-05:00,2026-03-26T01:48:28.5290000Z,,v3,471360,stthomas,193273f8758c40888fe81a81bb299a6a,"Hunt, Sam",1000048505,Right,MIN_GOL,d83d4dca-fa0b-4c85-ad07-4879e40cee70,54.11842,-132.74422,15.0323,5.861,-3.64813,-7.66023,-1.08349,3.49225,-1.9021,,0.72425,-61.25125,1.30616,1.83948,-0.59879,0.19115,-0.04016,0.00525,0.00054,3.11588,43.55186,-25.59545,3.55381,-0.74441,0.15913,-0.02881,0.00668,-0.00115,0.13012,-73.91095,16.98347,-2.6272,0.53481,-0.07512,0.01053,-0.00328,0.00068,,,,,,,,,,,,,,,,,,,,,,,High,High,High,High,Undefined,,,,,,,,,,,,,,,,,,,,,,,,,,,,,,,,,,
265,2026-03-25,20:48:49.89,2,3,"Kirchhoff, Josh",831295,Right,MIN_GOL,"Bond, Owen",10054698,Left,THO_M,Undefined,7,Top,1,0,2,Slider,Slider,BallCalled,Undefined,Undefined,Undefined,0,0,,83.15857,-1.836909,-2.12062,2492.103925,110.40968,9:45,5.71123,1.4802,5.40091,-37.69341,3.70536,-6.33926,0.84707,-1.0361,76.28171,-8.701507,-3.248834,0.46309,,,,,,,,,,,,2.58851,2.77618,-1.28649,50,5.52093,4.72416,-120.56634,-5.19473,3.78963,24.61829,-28.10961,MIN_GOL,THO_M,SiebertField,D1,BIG10,20260325-SiebertField-2,eff812c0-28b5-11f1-8a82-49bc3e741f4e,81.3934,,,6.87686,,,,,,,34f96caf-3623-479a-a7fb-b2cda99893ab,2026-03-26,01:48:49.89,2026-03-25T20:48:49.8970000-05:00,2026-03-26T01:48:49.8970000Z,,v3,471360,stthomas,193273f8758c40888fe81a81bb299a6a,"Hunt, Sam",1000048505,Right,MIN_GOL,3b3e989c-76ac-4ea7-8c12-bc533eaedadf,55.09821,-121.60288,12.30915,5.71473,-4.01119,-14.05481,-1.48204,4.5646,1.89481,,,,,,,,,,,,,,,,,,,,,,,,,,,,,,,,,,,,,,,,,,,,,,,,,,,High,High,High,,,,,,,,,,,,,,,,,,,,,,,,,,,,,,,,,,,,
266,2026-03-25,20:49:08.87,2,4,"Kirchhoff, Josh",831295,Right,MIN_GOL,"Bond, Owen",10054698,Left,THO_M,Undefined,7,Top,1,1,2,Slider,Slider,FoulBallNotFieldable,Undefined,Undefined,Undefined,0,0,,83.16007,-0.227533,-1.828664,2495.936335,106.187878,9:30,5.64064,1.63377,5.30928,-36.51175,4.60504,-11.68607,2.38431,-1.05713,76.72019,-6.879723,-3.902457,0.46151,,,,,,,,,,,,5.40567,2.72067,-1.45894,50,5.5934,4.33891,-120.75383,-1.78016,8.01469,22.60334,-28.14027,MIN_GOL,THO_M,SiebertField,D1,BIG10,20260325-SiebertField-2,fb4327f0-28b5-11f1-8a82-49bc3e741f4e,81.67203,,,6.43988,,,,,,,34f96caf-3623-479a-a7fb-b2cda99893ab,2026-03-26,01:49:08.87,2026-03-25T20:49:08.8770000-05:00,2026-03-26T01:49:08.8770000Z,,v3,471360,stthomas,193273f8758c40888fe81a81bb299a6a,"Hunt, Sam",1000048505,Right,MIN_GOL,f1d212c7-f279-478f-a36a-018751fdd480,55.19088,-121.7216,11.30167,5.64383,-0.57532,-14.07013,-1.63737,3.99575,4.00735,,,,,,,,,,,,,,,,,,,,,,,,,,,,,,,,,,,,,,,,,,,,,,,,,,,High,High,High,,,,,,,,,,,,,,,,,,,,,,,,,,,,,,,,,,,,
267,2026-03-25,20:49:30.25,2,5,"Kirchhoff, Josh",831295,Right,MIN_GOL,"Bond, Owen",10054698,Left,THO_M,Undefined,7,Top,1,1,2,Fastball,Four-Seam,BallCalled,Undefined,Undefined,Undefined,0,0,,90.5257,-0.170752,-0.649019,2305.004924,211.104474,1:00,5.88838,1.11896,6.26773,-20.39493,13.42816,7.41473,4.03136,1.13849,82.08974,-4.052796,0.691387,0.41858,,,,,,,,,,,,-4.01713,7.35382,-1.07425,50,5.86574,1.17868,-131.48341,-0.99419,-6.97408,30.03387,-19.40719,MIN_GOL,THO_M,SiebertField,D1,BIG10,20260325-SiebertField-2,08048970-28b6-11f1-8a82-49bc3e741f4e,90.0484,,,8.43596,,,,,,,34f96caf-3623-479a-a7fb-b2cda99893ab,2026-03-26,01:49:30.25,2026-03-25T20:49:30.2570000-05:00,2026-03-26T01:49:30.2570000Z,,v3,471360,stthomas,193273f8758c40888fe81a81bb299a6a,"Hunt, Sam",1000048505,Right,MIN_GOL,060fde9c-6232-42e2-b81e-aeb698de983a,54.22832,-132.44573,15.01694,5.88763,-0.37236,-9.7036,-1.1156,1.40214,-3.48704,,,,,,,,,,,,,,,,,,,,,,,,,,,,,,,,,,,,,,,,,,,,,,,,,,,High,High,High,,,,,,,,,,,,,,,,,,,,,,,,,,,,,,,,,,,,
268,2026-03-25,20:49:47.82,2,6,"Kirchhoff, Josh",831295,Right,MIN_GOL,"Bond, Owen",10054698,Left,THO_M,Undefined,7,Top,1,2,2,Cutter,Slider,StrikeSwinging,Strikeout,Undefined,Undefined,0,0,,87.58606,-0.806273,-1.208419,2498.82935,135.256532,10:30,6.01364,1.01057,5.69037,-30.26084,6.51697,-5.29028,2.74025,-0.5567,80.09299,-6.394852,-2.154803,0.43648,,,,,,,,,,,,2.33788,3.90697,-0.90564,50,5.92705,2.90806,-127.14924,-2.8494,3.81589,26.79283,-25.79704,MIN_GOL,THO_M,SiebertField,D1,BIG10,20260325-SiebertField-2,12780350-28b6-11f1-8a82-49bc3e741f4e,86.35551,,,7.49307,,,,,,,34f96caf-3623-479a-a7fb-b2cda99893ab,2026-03-26,01:49:47.82,2026-03-25T20:49:47.8270000-05:00,2026-03-26T01:49:47.8270000Z,,v3,471360,stthomas,193273f8758c40888fe81a81bb299a6a,"Hunt, Sam",1000048505,Right,MIN_GOL,95e40ad8-49ec-4bc3-8ce0-c3ca29ddbae0,54.80731,-128.15823,13.39642,6.01606,-1.87791,-12.89852,-1.01245,2.76436,1.90795,,,,,,,,,,,,,,,,,,,,,,,,,,,,,54.36457,3.047002,1.772442,1.274561,-1.34192,2.42304,0.66168,-4.12212,5.91265,3.47229,68.35775,6.37905,56.44231,-4.05032,61.61941,-3.76997,5.9876,18.80024,-14.50411,3.52845,45.21352,-2.89896,High,High,High,,,High,High,High,,,,,,,,,,,,,,,,,,,,,,,,,,,,,,,
269,2026-03-25,20:50:19.45,3,1,"Kirchhoff, Josh",831295,Right,MIN_GOL,"Roder, Joe",1000227314,Left,THO_M,Undefined,7,Top,2,0,0,Cutter,Slider,StrikeCalled,Undefined,Undefined,Undefined,0,0,,88.39508,-1.853533,-1.966501,2561.083845,194.873804,12:30,5.8241,1.2468,5.79014,-30.98502,5.17996,1.05465,1.51614,-0.49538,80.6523,-7.5711,-1.777447,0.432828,,,,,,,,,,,,-1.12685,3.55894,-1.08551,50,5.65288,4.35712,-128.19986,-5.23488,-1.86161,28.31338,-26.29445,MIN_GOL,THO_M,SiebertField,D1,BIG10,20260325-SiebertField-2,25540be0-28b6-11f1-8a82-49bc3e741f4e,87.08407,,,7.74279,,,,,,,34f96caf-3623-479a-a7fb-b2cda99893ab,2026-03-26,01:50:19.45,2026-03-25T20:50:19.4550000-05:00,2026-03-26T01:50:19.4550000Z,,v3,471360,stthomas,193273f8758c40888fe81a81bb299a6a,"Hunt, Sam",1000048505,Right,MIN_GOL,6846fe7d-c5f6-4f55-a386-7a78121070f2,54.7076,-129.23537,14.15669,5.82676,-4.27321,-13.14723,-1.2461,4.4252,-0.93081,,,,,,,,,,,,,,,,,,,,,,,,,,,,,,,,,,,,,,,,,,,,,,,,,,,High,High,High,,,,,,,,,,,,,,,,,,,,,,,,,,,,,,,,,,,,
270,2026-03-25,20:50:38.37,3,2,"Kirchhoff, Josh",831295,Right,MIN_GOL,"Roder, Joe",1000227314,Left,THO_M,Undefined,7,Top,2,0,1,Slider,Slider,BallinDirt,Undefined,Undefined,Undefined,0,0,,83.04723,-2.043584,-1.25181,2569.501675,108.185252,9:30,5.64557,1.6577,5.46461,-38.14219,3.51831,-6.31158,0.55312,-0.04007,75.71266,-9.012201,-2.377807,0.464551,,,,,,,,,,,,2.81217,2.80449,-1.54299,50,5.43957,2.88771,-120.37079,-5.62116,4.07415,26.10195,-28.11103,MIN_GOL,THO_M,SiebertField,D1,BIG10,20260325-SiebertField-2,30ab2f00-28b6-11f1-8a82-49bc3e741f4e,81.13729,,,7.33458,,,,,,,34f96caf-3623-479a-a7fb-b2cda99893ab,2026-03-26,01:50:38.37,2026-03-25T20:50:38.3780000-05:00,2026-03-26T01:50:38.3780000Z,,v3,471360,stthomas,193273f8758c40888fe81a81bb299a6a,"Hunt, Sam",1000048505,Right,MIN_GOL,6232b7e3-401d-4d56-a895-e74ed4b6812c,55.03386,-121.45746,13.05097,5.64923,-4.45085,-14.05552,-1.65968,2.7181,2.03707,,,,,,,,,,,,,,,,,,,,,,,,,,,,,,,,,,,,,,,,,,,,,,,,,,,High,High,High,,,,,,,,,,,,,,,,,,,,,,,,,,,,,,,,,,,,
271,2026-03-25,20:50:58.90,3,3,"Kirchhoff, Josh",831295,Right,MIN_GOL,"Roder, Joe",1000227314,Left,THO_M,Undefined,7,Top,2,1,1,Cutter,Cutter,BallCalled,Undefined,Undefined,Undefined,0,0,,88.16555,-2.688653,-1.334479,2536.802622,162.632461,11:30,5.90429,0.86584,5.71535,-28.06324,7.94422,-2.15162,1.05852,-0.55684,81.50843,-7.841074,-1.719816,0.431885,,,,,,,,,,,,0.75413,5.0691,-0.75285,50,5.66178,3.07133,-127.99602,-6.98849,1.25906,24.84454,-23.71118,MIN_GOL,THO_M,SiebertField,D1,BIG10,20260325-SiebertField-2,3cd50b70-28b6-11f1-8a82-49bc3e741f4e,87.27433,,,6.65712,,,,,,,34f96caf-3623-479a-a7fb-b2cda99893ab,2026-03-26,01:50:58.90,2026-03-25T20:50:58.9020000-05:00,2026-03-26T01:50:58.9020000Z,,v3,471360,stthomas,193273f8758c40888fe81a81bb299a6a,"Hunt, Sam",1000048505,Right,MIN_GOL,0359b494-9b3f-4c80-90c0-69bc48873cfb,54.78428,-128.92132,12.42227,5.90561,-6.1054,-11.85559,-0.86637,3.02444,0.62953,,,,,,,,,,,,,,,,,,,,,,,,,,,,,,,,,,,,,,,,,,,,,,,,,,,High,High,High,,,,,,,,,,,,,,,,,,,,,,,,,,,,,,,,,,,,
272,2026-03-25,20:51:17.50,3,4,"Kirchhoff, Josh",831295,Right,MIN_GOL,"Roder, Joe",1000227314,Left,THO_M,Undefined,7,Top,2,2,1,Fastball,Four-Seam,BallCalled,Undefined,Undefined,Undefined,0,0,,90.01062,-0.876591,-1.673662,2397.290229,176.138405,11:45,5.83546,0.91062,6.38407,-16.92588,17.12292,-1.07902,3.6182,-0.71932,81.74467,-4.134156,-1.868978,0.419974,,,,,,,,,,,,0.05972,9.51355,-0.78972,50,5.76427,3.86323,-130.70821,-2.44373,0.10257,29.35979,-15.83137,MIN_GOL,THO_M,SiebertField,D1,BIG10,20260325-SiebertField-2,47ee1420-28b6-11f1-8a82-49bc3e741f4e,89.74945,,,8.26595,,,,,,,34f96caf-3623-479a-a7fb-b2cda99893ab,2026-03-26,01:51:17.50,2026-03-25T20:51:17.5060000-05:00,2026-03-26T01:51:17.5060000Z,,v3,471360,stthomas,193273f8758c40888fe81a81bb299a6a,"Hunt, Sam",1000048505,Right,MIN_GOL,75133e0d-7043-4388-bdfe-1c2c96d8ded0,54.112,-131.62861,14.67989,5.8331,-1.94743,-7.91569,-0.91078,3.86002,0.05129,,,,,,,,,,,,,,,,,,,,,,,,,,,,,,,,,,,,,,,,,,,,,,,,,,,High,High,High,,,,,,,,,,,,,,,,,,,,,,,,,,,,,,,,,,,,
273,2026-03-25,20:51:36.73,3,5,"Kirchhoff, Josh",831295,Right,MIN_GOL,"Roder, Joe",1000227314,Left,THO_M,Undefined,7,Top,2,3,1,Cutter,Cutter,BallCalled,Walk,Undefined,Undefined,0,0,,89.66222,-3.056634,-2.212721,2490.67766,206.482819,1:00,5.71252,1.06909,6.14539,-25.44682,9.00331,3.95126,0.76266,-0.64734,82.47756,-7.783344,-1.499877,0.422442,,,,,,,,,,,,-2.65882,5.82374,-0.9026,50,5.46629,4.86752,-130.09018,-7.77553,-4.56247,26.94905,-22.18065,MIN_GOL,THO_M,SiebertField,D1,BIG10,20260325-SiebertField-2,536653d0-28b6-11f1-8a82-49bc3e741f4e,89.22516,,,7.18466,,,,,,,34f96caf-3623-479a-a7fb-b2cda99893ab,2026-03-26,01:51:36.73,2026-03-25T20:51:36.7320000-05:00,2026-03-26T01:51:36.7320000Z,,v3,471360,stthomas,193273f8758c40888fe81a81bb299a6a,"Hunt, Sam",1000048505,Right,MIN_GOL,4ca4790e-8e3e-455d-9ccf-46351546312c,54.35381,-130.989,13.47453,5.71329,-7.03575,-11.09033,-1.06748,5.01969,-2.28124,,,,,,,,,,,,,,,,,,,,,,,,,,,,,,,,,,,,,,,,,,,,,,,,,,,High,High,High,,,,,,,,,,,,,,,,,,,,,,,,,,,,,,,,,,,,
274,2026-03-25,20:52:14.30,4,1,"Kirchhoff, Josh",831295,Right,MIN_GOL,"Knowles, Chris",1000232468,Right,THO_M,Undefined,7,Top,2,0,0,Cutter,Slider,BallinDirt,Undefined,Undefined,Undefined,0,0,,86.93625,-3.387474,-1.953925,2468.350501,179.439166,12:00,5.85924,0.8825,6.06514,-29.57423,7.42886,-0.06079,0.25428,-0.93154,79.68831,-8.853442,-1.964883,0.437815,,,,,,,,,,,,-0.54362,5.17973,-0.73094,50,5.58037,4.302,-126.03067,-8.41784,-0.86941,26.96526,-23.8901,MIN_GOL,THO_M,SiebertField,D1,BIG10,20260325-SiebertField-2,69cbd140-28b6-11f1-8a82-49bc3e741f4e,86.09222,,,7.24794,,,,,,,34f96caf-3623-479a-a7fb-b2cda99893ab,2026-03-26,01:52:14.30,2026-03-25T20:52:14.3090000-05:00,2026-03-26T01:52:14.3090000Z,,v3,471360,stthomas,193273f8758c40888fe81a81bb299a6a,"Hunt, Sam",1000048505,Right,MIN_GOL,7b811f47-058d-4b1d-bcc9-e552f317cc24,54.43394,-126.9758,13.48263,5.86074,-7.5805,-11.94505,-0.88226,4.33247,-0.4347,,,,,,,,,,,,,,,,,,,,,,,,,,,,,,,,,,,,,,,,,,,,,,,,,,,High,High,High,,,,,,,,,,,,,,,,,,,,,,,,,,,,,,,,,,,,
275,2026-03-25,20:53:33.09,4,2,"Kirchhoff, Josh",831295,Right,MIN_GOL,"Knowles, Chris",1000232468,Right,THO_M,Undefined,7,Top,2,1,0,Cutter,Slider,InPlay,Undefined,GroundBall,Single,0,0,,89.32185,-0.188542,-1.42896,2431.752189,194.076448,12:30,5.84998,1.17011,6.0017,-26.68446,8.2628,1.78992,3.45153,-0.00503,81.48094,-5.171616,-1.107038,0.425479,98.21119,-13.75794,-31.648682,,,,,16.46627,16.46627,-27.054017,0.105939,-1.34059,4.62811,-1.05874,50,5.82048,3.16338,-129.74969,-1.31081,-2.27624,28.1561,-24.31579,MIN_GOL,THO_M,SiebertField,D1,BIG10,20260325-SiebertField-2,98bc6b40-28b6-11f1-8a82-49bc3e741f4e,88.58832,3.64289,,7.8409,,,,2.1713,3.64289,0.09671,34f96caf-3623-479a-a7fb-b2cda99893ab,2026-03-26,01:53:33.09,2026-03-25T20:53:33.0910000-05:00,2026-03-26T01:53:33.0910000Z,GroundBall,v3,471360,stthomas,193273f8758c40888fe81a81bb299a6a,"Hunt, Sam",1000048505,Right,MIN_GOL,0f31a114-e442-4c9f-b36d-4ed1d469d959,54.49733,-130.72198,14.07805,5.85124,-0.47114,-12.15789,-1.16934,3.24198,-1.13812,221.593287,2.17137,119.0937,-11.01205,,,,,,,3.64279,-34.2441,-1.32906,,,,,,,0.09652,-73.38878,16.84293,,,,,,,,,,,,,,,,,,,,,,,,,,,,,High,High,High,High,High,,,,,,,,,,,,,,,,,,,,,,,,,,,,,,,,,,
276,2026-03-25,20:54:14.27,5,1,"Kirchhoff, Josh",831295,Right,MIN_GOL,"Berrisford, Max",10055261,Right,THO_M,Undefined,7,Top,2,0,0,Slider,Slider,StrikeCalled,Undefined,Undefined,Undefined,0,0,,81.58003,0.369106,-1.680419,2444.236577,78.425115,8:30,5.68807,1.48256,5.57378,-43.68455,-1.04744,-11.73131,2.3926,-1.06506,74.76207,-7.617271,-3.773748,0.469965,,,,,,,,,,,,5.44394,-0.2215,-1.33002,50,5.6913,3.94595,-118.42152,-0.74457,7.69364,23.62381,-32.48709,MIN_GOL,THO_M,SiebertField,D1,BIG10,20260325-SiebertField-2,b1556a80-28b6-11f1-8a82-49bc3e741f4e,80.20271,,,6.81796,,,,,,,34f96caf-3623-479a-a7fb-b2cda99893ab,2026-03-26,01:54:14.27,2026-03-25T20:54:14.2780000-05:00,2026-03-26T01:54:14.2780000Z,,v3,471360,stthomas,193273f8758c40888fe81a81bb299a6a,"Hunt, Sam",1000048505,Right,MIN_GOL,6716394f-a82c-4d87-97ce-57e4484e85c4,54.92561,-119.40008,11.8119,5.69427,0.60114,-16.24354,-1.48687,3.62726,3.84682,,,,,,,,,,,,,,,,,,,,,,,,,,,,,,,,,,,,,,,,,,,,,,,,,,,High,High,High,,,,,,,,,,,,,,,,,,,,,,,,,,,,,,,,,,,,
277,2026-03-25,20:54:31.55,5,2,"Kirchhoff, Josh",831295,Right,MIN_GOL,"Berrisford, Max",10055261,Right,THO_M,Undefined,7,Top,2,0,1,Slider,Slider,InPlay,Undefined,GroundBall,Out,1,0,,81.43507,-0.345972,-1.080566,2487.902093,80.776781,8:45,5.71796,1.34192,5.5028,-43.12223,-0.44925,-10.76552,1.8008,-0.56595,75.05853,-8.202301,-3.00139,0.470162,73.81045,-45.556934,-26.762459,,,,,2.94473,2.94473,-4.351069,0.02315,5.17441,0.21819,-1.23995,50,5.65841,2.65704,-118.30069,-2.20331,7.33384,22.53961,-31.86481,MIN_GOL,THO_M,SiebertField,D1,BIG10,20260325-SiebertField-2,bba5cc00-28b6-11f1-8a82-49bc3e741f4e,80.16899,1.79345,,6.37654,,,,1.36573,1.79345,0.56862,34f96caf-3623-479a-a7fb-b2cda99893ab,2026-03-26,01:54:31.55,2026-03-25T20:54:31.5540000-05:00,2026-03-26T01:54:31.5540000Z,GroundBall,v3,471360,stthomas,193273f8758c40888fe81a81bb299a6a,"Hunt, Sam",1000048505,Right,MIN_GOL,fe5e6d80-5f2f-404b-b44f-bc768ab2ca36,54.99797,-119.24914,11.2698,5.72291,-0.86246,-15.9324,-1.34527,2.34844,3.66692,,1.36514,67.8412,,,,,,,,1.79413,-77.47176,,,,,,,,0.56892,-34.21328,,,,,,,,,,,,,,,,,,,,,,,,,,,,,,High,High,High,Estimated,Estimated,,,,,,,,,,,,,,,,,,,,,,,,,,,,,,,,,,
278,2026-03-25,20:56:54.55,1,1,"Moser, Ben",1000213008,Right,THO_M,"Neels, Weber",809730,Right,MIN_GOL,Undefined,7,Bottom,0,0,0,ChangeUp,Changeup,BallCalled,Undefined,Undefined,Undefined,0,0,,77.35827,-1.50679,-5.738009,1729.190197,277.643528,3:15,5.36589,3.84292,6.46341,-47.10932,-0.72705,17.19926,0.04883,-0.01189,70.83778,-10.220838,-2.629871,0.490171,,,,,,,,,,,,-10.80686,0.49429,-3.4441,50,5.23819,10.67473,-111.91195,-4.27622,-13.58341,21.87467,-31.55278,MIN_GOL,THO_M,SiebertField,D1,BIG10,20260325-SiebertField-2,10d50c40-28b7-11f1-8a82-49bc3e741f4e,76.89654,,,6.52049,,,,,,,34f96caf-3623-479a-a7fb-b2cda99893ab,2026-03-26,01:56:54.55,2026-03-25T20:56:54.5530000-05:00,2026-03-26T01:56:54.5530000Z,,v3,471360,stthomas,193273f8758c40888fe81a81bb299a6a,"Verhage, Terek",10120179,Right,THO_M,f2630f80-3659-442a-8e28-675e708def7b,54.03771,-112.69841,10.93733,5.37154,-3.1418,-15.77639,-3.83667,11.16309,-6.7917,,,,,,,,,,,,,,,,,,,,,,,,,,,,,,,,,,,,,,,,,,,,,,,,,,,High,High,High,,,,,,,,,,,,,,,,,,,,,,,,,,,,,,,,,,,,
279,2026-03-25,20:57:14.48,1,2,"Moser, Ben",1000213008,Right,THO_M,"Neels, Weber",809730,Right,MIN_GOL,Undefined,7,Bottom,0,1,0,Sinker,Changeup,InPlay,Undefined,GroundBall,Out,1,0,,79.56126,0.885068,-4.691223,2158.945612,257.027811,2:30,5.68738,3.96497,6.08716,-40.25294,3.47264,9.49461,3.15454,0.40675,73.33982,-6.548952,-2.989018,0.475926,57.91992,0.806355,-9.98859,1657.151274,,,,37.70531,37.70531,-9.695898,0.44516,-6.13937,1.9276,-3.60741,50,5.73436,9.12608,-115.35656,0.56849,-8.32931,20.08384,-29.55887,MIN_GOL,THO_M,SiebertField,D1,BIG10,20260325-SiebertField-2,1cc14370-28b7-11f1-8a82-49bc3e741f4e,79.19817,3.20159,,6.22144,,,,1.46509,3.18319,-0.43795,34f96caf-3623-479a-a7fb-b2cda99893ab,2026-03-26,01:57:14.48,2026-03-25T20:57:14.4870000-05:00,2026-03-26T01:57:14.4870000Z,GroundBall,v3,471360,stthomas,193273f8758c40888fe81a81bb299a6a,"Verhage, Terek",10120179,Right,THO_M,017c3947-9c27-4e35-b486-d7c86175ddfe,54.41363,-116.12243,10.04192,5.69119,1.69569,-14.77943,-3.96148,9.44371,-4.16466,327.816127,1.46673,83.60327,-7.66197,,,,,,,3.18925,1.01413,-18.40133,,,,,,,-0.43963,-14.68249,3.16391,,,,,,,,,,,,,,,,,,,,,,,,,,,,,High,High,High,High,High,,,,,,,,,,,,,,,,,,,,,,,,,,,,,,,,,,
280,2026-03-25,20:57:51.22,2,1,"Moser, Ben",1000213008,Right,THO_M,"Hamilton, Davis",837901,Left,MIN_GOL,Undefined,7,Bottom,1,0,0,ChangeUp,Changeup,BallinDirt,Undefined,Undefined,Undefined,0,0,,76.89402,-1.944436,-3.245008,1763.370972,282.622191,3:30,5.38157,3.25965,6.1669,-49.04231,-2.22465,16.39127,-0.5049,1.62503,71.24575,-10.927842,-0.280518,0.492466,,,,,,,,,,,,-9.52977,-0.30323,-3.02232,50,5.20846,5.78504,-111.64267,-5.22814,-12.01859,20.2413,-32.55649,MIN_GOL,THO_M,SiebertField,D1,BIG10,20260325-SiebertField-2,3298d8c0-28b7-11f1-8a82-49bc3e741f4e,76.53815,,,5.64827,,,,,,,34f96caf-3623-479a-a7fb-b2cda99893ab,2026-03-26,01:57:51.22,2026-03-25T20:57:51.2200000-05:00,2026-03-26T01:57:51.2200000Z,,v3,471360,stthomas,193273f8758c40888fe81a81bb299a6a,"Verhage, Terek",10120179,Right,THO_M,5979fc0f-2d2b-4a20-bc23-57e864a20efa,54.33602,-112.42607,10.12065,5.38642,-3.96812,-16.27824,-3.25522,6.25019,-6.0093,,,,,,,,,,,,,,,,,,,,,,,,,,,,,,,,,,,,,,,,,,,,,,,,,,,High,High,High,,,,,,,,,,,,,,,,,,,,,,,,,,,,,,,,,,,,
281,2026-03-25,20:58:07.97,2,2,"Moser, Ben",1000213008,Right,THO_M,"Hamilton, Davis",837901,Left,MIN_GOL,Undefined,7,Bottom,1,1,0,Sinker,Changeup,StrikeSwinging,Undefined,Undefined,Undefined,0,0,,79.46317,-0.727472,-3.102204,2178.51561,245.904015,2:15,5.76199,3.00881,6.07647,-38.54219,5.2565,8.80465,1.87602,0.86938,73.33974,-7.847499,-1.517252,0.476323,,,,,,,,,,,,-5.35701,3.32563,-2.77327,50,5.68524,5.93138,-115.384,-2.63656,-7.25504,20.54793,-27.67014,MIN_GOL,THO_M,SiebertField,D1,BIG10,20260325-SiebertField-2,3c9d6430-28b7-11f1-8a82-49bc3e741f4e,79.13205,,,6.12342,,,,,,,34f96caf-3623-479a-a7fb-b2cda99893ab,2026-03-26,01:58:07.97,2026-03-25T20:58:07.9780000-05:00,2026-03-26T01:58:07.9780000Z,,v3,471360,stthomas,193273f8758c40888fe81a81bb299a6a,"Verhage, Terek",10120179,Right,THO_M,052c4425-0292-49d9-a4cc-f83f706811e3,54.4227,-116.16894,10.27397,5.76577,-1.57955,-13.83507,-3.00514,6.20853,-3.62752,,,,,,,,,,,,,,,,,,,,,,,,,,,,,,,,,,,,,,,,,,,,,,,,,,,High,High,High,,,,,,,,,,,,,,,,,,,,,,,,,,,,,,,,,,,,
282,2026-03-25,20:58:28.75,2,3,"Moser, Ben",1000213008,Right,THO_M,"Hamilton, Davis",837901,Left,MIN_GOL,Undefined,7,Bottom,1,1,1,Slider,Curveball,BallCalled,Undefined,Undefined,Undefined,0,0,,75.08122,0.598677,-1.289726,1712.251552,96.635978,9:15,5.63679,3.07257,5.79621,-48.25987,2.14343,-3.10354,2.17216,1.6141,68.17714,-8.308232,-1.846306,0.510977,,,,,,,,,,,,1.15996,1.46595,-2.96469,50,5.65762,2.56593,-108.89307,-0.33175,1.37219,21.76241,-30.43991,MIN_GOL,THO_M,SiebertField,D1,BIG10,20260325-SiebertField-2,49077df0-28b7-11f1-8a82-49bc3e741f4e,73.7655,,,6.90408,,,,,,,34f96caf-3623-479a-a7fb-b2cda99893ab,2026-03-26,01:58:28.75,2026-03-25T20:58:28.7590000-05:00,2026-03-26T01:58:28.7590000Z,,v3,471360,stthomas,193273f8758c40888fe81a81bb299a6a,"Verhage, Terek",10120179,Right,THO_M,4aec1e8d-02f6-4106-aab8-6ae4ff990d42,54.70012,-109.82838,10.8812,5.64377,0.9765,-15.21996,-3.0737,2.50695,0.68609,,,,,,,,,,,,,,,,,,,,,,,,,,,,,,,,,,,,,,,,,,,,,,,,,,,High,High,High,,,,,,,,,,,,,,,,,,,,,,,,,,,,,,,,,,,,
283,2026-03-25,20:58:46.78,2,4,"Moser, Ben",1000213008,Right,THO_M,"Hamilton, Davis",837901,Left,MIN_GOL,Undefined,7,Bottom,1,2,1,Sinker,Changeup,BallCalled,Undefined,Undefined,Undefined,0,0,,79.67199,-1.601635,-4.645915,2176.906465,237.789331,2:00,5.75225,3.16504,5.98857,-37.5453,6.2363,7.84524,1.13382,-0.49645,73.79046,-8.501482,-3.240233,0.476231,,,,,,,,,,,,-5.24933,4.00792,-2.80227,50,5.60461,9.09882,-115.46603,-4.38654,-7.139,20.02087,-26.72337,MIN_GOL,THO_M,SiebertField,D1,BIG10,20260325-SiebertField-2,53c19dc0-28b7-11f1-8a82-49bc3e741f4e,79.14747,,,5.88154,,,,,,,34f96caf-3623-479a-a7fb-b2cda99893ab,2026-03-26,01:58:46.78,2026-03-25T20:58:46.7810000-05:00,2026-03-26T01:58:46.7810000Z,,v3,471360,stthomas,193273f8758c40888fe81a81bb299a6a,"Verhage, Terek",10120179,Right,THO_M,b22bbc5f-14dc-4624-bb10-fe056d78c2fa,54.51159,-116.24567,10.01043,5.75516,-3.3459,-13.36168,-3.162,9.37682,-3.5695,,,,,,,,,,,,,,,,,,,,,,,,,,,,,,,,,,,,,,,,,,,,,,,,,,,High,High,High,,,,,,,,,,,,,,,,,,,,,,,,,,,,,,,,,,,,
284,2026-03-25,20:59:07.64,2,5,"Moser, Ben",1000213008,Right,THO_M,"Hamilton, Davis",837901,Left,MIN_GOL,Undefined,7,Bottom,1,3,1,Sinker,Changeup,FoulBallNotFieldable,Undefined,Undefined,Undefined,0,0,,79.86803,0.411175,-4.527982,2152.82691,251.547738,2:30,5.49081,3.14816,5.98425,-37.18506,6.89536,16.20702,2.77437,0.29315,72.65884,-6.499393,-1.624896,0.477853,84.15858,34.302043,40.537102,4618.045867,79.57241,65.2936,75.94863,290.60372,221.10319,50.86842,4.778799,-9.76501,3.80795,-2.7994,50,5.50266,8.57074,-115.69081,-0.29019,-13.14356,22.96938,-27.04858,MIN_GOL,THO_M,SiebertField,D1,BIG10,20260325-SiebertField-2,60330a80-28b7-11f1-8a82-49bc3e741f4e,78.87873,77.13949,,7.20919,,,,4.04695,3.0032,-0.44804,34f96caf-3623-479a-a7fb-b2cda99893ab,2026-03-26,01:59:07.64,2026-03-25T20:59:07.6480000-05:00,2026-03-26T01:59:07.6480000Z,FlyBall,v3,471360,stthomas,193273f8758c40888fe81a81bb299a6a,"Verhage, Terek",10120179,Right,THO_M,db0f041e-c88e-455b-94d1-aaf0ff1acb99,54.516,-116.58397,11.48469,5.49349,0.76159,-13.52429,-3.14261,9.08183,-6.57178,210.872464,4.0502,77.41822,-20.71251,5.18822,-0.81054,0.01739,0.01962,-0.00313,0.00015,3.00241,69.57144,-17.65062,0.38714,0.30139,-0.17384,0.05319,-0.00808,0.00047,-0.44706,66.24963,-7.53618,1.06568,0.01692,-0.06451,0.01782,-0.00214,0.0001,,,,,,,,,,,,,,,,,,,,,,,High,High,High,High,Medium,,,,,,,,,,,,,,,,,,,,,,,,,,,,,,,,,,
285,2026-03-25,20:59:42.48,2,6,"Moser, Ben",1000213008,Right,THO_M,"Hamilton, Davis",837901,Left,MIN_GOL,Undefined,7,Bottom,1,3,2,Sinker,Slider,BallCalled,Walk,Undefined,Undefined,0,0,,81.84631,-2.186551,-4.785246,2278.316606,249.87989,2:15,5.77983,3.08753,6.41381,-37.86183,3.23855,5.36071,0.60641,-0.87542,75.51663,-9.182524,-3.816903,0.461418,,,,,,,,,,,,-4.14882,2.66386,-2.74729,50,5.60576,9.73869,-118.57324,-5.65504,-5.90816,22.61497,-28.38057,MIN_GOL,THO_M,SiebertField,D1,BIG10,20260325-SiebertField-2,74f38a80-28b7-11f1-8a82-49bc3e741f4e,81.68834,,,6.32968,,,,,,,34f96caf-3623-479a-a7fb-b2cda99893ab,2026-03-26,01:59:42.48,2026-03-25T20:59:42.4870000-05:00,2026-03-26T01:59:42.4870000Z,,v3,471360,stthomas,193273f8758c40888fe81a81bb299a6a,"Verhage, Terek",10120179,Right,THO_M,1f5b604c-46d3-462e-b6bf-1aff9822bb61,54.0864,-119.35008,11.30748,5.78327,-4.68015,-14.19029,-3.08531,9.94164,-2.95408,,,,,,,,,,,,,,,,,,,,,,,,,,,,,,,,,,,,,,,,,,,,,,,,,,,High,High,High,,,,,,,,,,,,,,,,,,,,,,,,,,,,,,,,,,,,
286,2026-03-25,21:00:21.67,3,1,"Moser, Ben",1000213008,Right,THO_M,"Mosh, Jack",809348,Left,MIN_GOL,Undefined,7,Bottom,1,0,0,Cutter,Slider,BallCalled,Undefined,Undefined,Undefined,0,0,,80.20464,-1.230118,-3.295766,2206.743131,199.985066,12:45,5.77776,2.826,6.04922,-38.33069,5.46177,1.42815,1.44271,-0.10936,72.96043,-8.333711,-3.038969,0.47629,,,,,,,,,,,,-1.77425,3.67288,-2.57007,50,5.66161,6.63815,-116.2088,-3.67118,-2.39496,24.39681,-27.21624,MIN_GOL,THO_M,SiebertField,D1,BIG10,20260325-SiebertField-2,8c562ca0-28b7-11f1-8a82-49bc3e741f4e,79.13764,,,7.24421,,,,,,,34f96caf-3623-479a-a7fb-b2cda99893ab,2026-03-26,02:00:21.67,2026-03-25T21:00:21.6750000-05:00,2026-03-26T02:00:21.6750000Z,,v3,471360,stthomas,193273f8758c40888fe81a81bb299a6a,"Verhage, Terek",10120179,Right,THO_M,e0054ab4-a9f2-4f0d-8a47-c150f63fffe1,54.4473,-117.13874,12.19841,5.78177,-2.63377,-13.60812,-2.82483,6.72944,-1.19748,,,,,,,,,,,,,,,,,,,,,,,,,,,,,,,,,,,,,,,,,,,,,,,,,,,High,High,High,,,,,,,,,,,,,,,,,,,,,,,,,,,,,,,,,,,,
287,2026-03-25,21:00:39.16,3,2,"Moser, Ben",1000213008,Right,THO_M,"Mosh, Jack",809348,Left,MIN_GOL,Undefined,7,Bottom,1,1,0,Sinker,Changeup,InPlay,Undefined,LineDrive,Single,0,0,,80.59952,-0.400677,-3.661331,2117.918499,251.77917,2:30,5.45255,2.97754,5.89666,-36.91443,6.15599,14.5632,2.0036,0.78734,73.93956,-7.222807,-1.051061,0.472347,91.80675,14.766712,-23.048937,3402.962096,97.67299,20.23593,-50.59558,236.04088,234.40157,-32.197616,2.365355,-8.51414,3.65394,-2.69114,50,5.39893,6.93552,-116.92116,-1.97469,-11.78805,22.0087,-27.11508,MIN_GOL,THO_M,SiebertField,D1,BIG10,20260325-SiebertField-2,96c42840-28b7-11f1-8a82-49bc3e741f4e,79.79825,20.67109,,6.65996,,,,1.20758,1.98911,-0.77599,34f96caf-3623-479a-a7fb-b2cda99893ab,2026-03-26,02:00:39.16,2026-03-25T21:00:39.1650000-05:00,2026-03-26T02:00:39.1650000Z,LineDrive,v3,471360,stthomas,193273f8758c40888fe81a81bb299a6a,"Verhage, Terek",10120179,Right,THO_M,efe30042-ecbb-44b9-9afb-a665801d7e71,54.60344,-117.7845,11.00435,5.45553,-0.91104,-13.55754,-2.97227,7.39793,-5.89403,114.542823,1.20749,119.81486,-22.47917,4.82841,-1.31364,0.49873,-0.17919,0.0387,-0.00353,1.98917,34.31536,-16.66696,0.79805,0.1748,-0.23272,0.1135,-0.02673,0.00254,-0.7761,-50.96796,-3.22654,2.11951,-1.07917,0.5884,-0.23578,0.0529,-0.00494,,,,,,,,,,,,,,,,,,,,,,,High,High,High,High,High,,,,,,,,,,,,,,,,,,,,,,,,,,,,,,,,,,
288,2026-03-25,21:03:58.39,4,1,"Bowe, Warren",10250142,Left,THO_M,"Sutherland, Charlie",822390,Left,MIN_GOL,Undefined,7,Bottom,1,0,0,Fastball,Four-Seam,BallCalled,Undefined,Undefined,Undefined,0,0,,88.82653,-1.117675,3.830702,2474.39603,153.917873,11:15,5.56827,-1.48373,5.26823,-16.90501,19.85092,-9.0793,3.10713,1.36346,80.20773,-4.329571,2.225708,0.43635,,,,,,,,,,,,5.67272,10.61024,1.13981,50,5.45398,-8.17811,-128.45571,-3.03363,9.38871,28.96196,-14.61346,MIN_GOL,THO_M,SiebertField,D1,BIG10,20260325-SiebertField-2,0d8b4300-28b8-11f1-8a82-49bc3e741f4e,86.38119,,,8.6188,,,,,,,34f96caf-3623-479a-a7fb-b2cda99893ab,2026-03-26,02:03:58.39,2026-03-25T21:03:58.3930000-05:00,2026-03-26T02:03:58.3930000Z,,v3,471360,stthomas,193273f8758c40888fe81a81bb299a6a,"Verhage, Terek",10120179,Right,THO_M,8a15a446-16b2-4f23-9675-6942031bcb06,55.2267,-129.62878,14.48098,5.56486,-2.44173,-7.30673,1.47876,-8.55839,4.69436,,,,,,,,,,,,,,,,,,,,,,,,,,,,,,,,,,,,,,,,,,,,,,,,,,,High,High,High,,,,,,,,,,,,,,,,,,,,,,,,,,,,,,,,,,,,
289,2026-03-25,21:04:16.09,4,2,"Bowe, Warren",10250142,Left,THO_M,"Sutherland, Charlie",822390,Left,MIN_GOL,Undefined,7,Bottom,1,1,0,Fastball,Four-Seam,BallinDirt,Undefined,Undefined,Undefined,0,0,,88.48284,-3.124265,1.834208,2533.256613,134.40308,10:30,5.49643,-1.53398,5.09202,-22.58564,14.8745,-13.76123,0.66543,-0.95153,79.84289,-7.316457,-0.60041,0.44051,,,,,,,,,,,,7.44548,8.80536,1.372,50,5.18374,-3.46074,-127.93727,-7.78767,12.1441,30.31065,-17.81191,MIN_GOL,THO_M,SiebertField,D1,BIG10,20260325-SiebertField-2,17fac540-28b8-11f1-8a82-49bc3e741f4e,85.56541,,,8.63995,,,,,,,34f96caf-3623-479a-a7fb-b2cda99893ab,2026-03-26,02:04:16.09,2026-03-25T21:04:16.0930000-05:00,2026-03-26T02:04:16.0930000Z,,v3,471360,stthomas,193273f8758c40888fe81a81bb299a6a,"Verhage, Terek",10120179,Right,THO_M,5c26e22f-b5bc-405d-a7d9-da9fc85bf9dd,55.40451,-129.21136,15.15533,5.49535,-7.03896,-8.90596,1.5282,-3.9712,6.07205,,,,,,,,,,,,,,,,,,,,,,,,,,,,,,,,,,,,,,,,,,,,,,,,,,,High,High,High,,,,,,,,,,,,,,,,,,,,,,,,,,,,,,,,,,,,
290,2026-03-25,21:04:36.12,4,3,"Bowe, Warren",10250142,Left,THO_M,"Sutherland, Charlie",822390,Left,MIN_GOL,Undefined,7,Bottom,1,2,0,Fastball,Four-Seam,BallCalled,Undefined,Undefined,Undefined,0,0,,89.09545,0.448891,2.308781,2539.319668,141.061885,10:45,5.49897,-1.53805,5.0322,-17.23249,19.68269,-14.82087,4.4868,-0.59365,79.99358,-2.827319,-0.306221,0.437294,,,,,,,,,,,,7.9841,9.94134,1.32951,50,5.52891,-4.477,-128.92748,0.46074,13.25232,30.27419,-15.67304,MIN_GOL,THO_M,SiebertField,D1,BIG10,20260325-SiebertField-2,23f135a0-28b8-11f1-8a82-49bc3e741f4e,86.19464,,,9.10187,,,,,,,34f96caf-3623-479a-a7fb-b2cda99893ab,2026-03-26,02:04:36.12,2026-03-25T21:04:36.1270000-05:00,2026-03-26T02:04:36.1270000Z,,v3,471360,stthomas,193273f8758c40888fe81a81bb299a6a,"Verhage, Terek",10120179,Right,THO_M,0ece09dc-c201-49f6-b2d9-79a1f3697d74,55.46158,-130.20363,15.1371,5.49556,1.1214,-7.83652,1.53,-5.03563,6.62616,,,,,,,,,,,,,,,,,,,,,,,,,,,,,,,,,,,,,,,,,,,,,,,,,,,High,High,High,,,,,,,,,,,,,,,,,,,,,,,,,,,,,,,,,,,,
291,2026-03-25,21:04:55.74,4,4,"Bowe, Warren",10250142,Left,THO_M,"Sutherland, Charlie",822390,Left,MIN_GOL,Undefined,7,Bottom,1,3,0,Fastball,Sinker,BallCalled,Walk,Undefined,Undefined,0,0,,88.45594,-1.446404,1.612404,2530.256986,125.622445,10:15,5.46678,-1.60736,5.11161,-23.06037,14.30993,-18.04639,2.18161,-1.59178,79.65839,-5.74286,-1.580874,0.439982,,,,,,,,,,,,9.43808,7.97071,1.47007,50,5.31323,-2.75454,-128.05443,-4.05268,15.42299,30.35641,-19.14891,MIN_GOL,THO_M,SiebertField,D1,BIG10,20260325-SiebertField-2,2fa93d70-28b8-11f1-8a82-49bc3e741f4e,85.66822,,,8.79754,,,,,,,34f96caf-3623-479a-a7fb-b2cda99893ab,2026-03-26,02:04:55.74,2026-03-25T21:04:55.7470000-05:00,2026-03-26T02:04:55.7470000Z,,v3,471360,stthomas,193273f8758c40888fe81a81bb299a6a,"Verhage, Terek",10120179,Right,THO_M,6e038c79-60c5-4a31-9ba9-eb80ac1fde3f,55.38397,-129.32445,15.17821,5.46602,-3.25155,-9.57446,1.59881,-3.39979,7.7115,,,,,,,,,,,,,,,,,,,,,,,,,,,,,,,,,,,,,,,,,,,,,,,,,,,High,High,High,,,,,,,,,,,,,,,,,,,,,,,,,,,,,,,,,,,,
292,2026-03-25,21:05:28.89,5,1,"Bowe, Warren",10250142,Left,THO_M,"Hunt, Sam",1000048505,Right,MIN_GOL,Undefined,7,Bottom,1,0,0,Curveball,Curveball,BallCalled,Undefined,Undefined,Undefined,0,0,,77.29451,4.792209,-1.083165,2697.584817,316.082604,4:30,5.2986,-1.72801,4.67956,-62.46196,-12.84127,13.98871,4.65576,-1.59102,69.92207,-6.433346,1.368162,0.506994,,,,,,,,,,,,-7.09729,-7.12008,1.82485,50,5.73042,1.50459,-111.69013,6.98065,-8.88762,21.7422,-41.09022,MIN_GOL,THO_M,SiebertField,D1,BIG10,20260325-SiebertField-2,436e4670-28b8-11f1-8a82-49bc3e741f4e,74.34496,,,7.37245,,,,,,,34f96caf-3623-479a-a7fb-b2cda99893ab,2026-03-26,02:05:28.89,2026-03-25T21:05:28.8950000-05:00,2026-03-26T02:05:28.8950000Z,,v3,471360,stthomas,193273f8758c40888fe81a81bb299a6a,"Verhage, Terek",10120179,Right,THO_M,15380bc2-46ae-4bcf-bd10-c51b5eded8c9,55.82169,-112.81772,10.8711,5.31313,9.11167,-20.54511,1.73486,1.96552,-4.44381,,,,,,,,,,,,,,,,,,,,,,,,,,,,,,,,,,,,,,,,,,,,,,,,,,,High,High,High,,,,,,,,,,,,,,,,,,,,,,,,,,,,,,,,,,,,
293,2026-03-25,21:05:45.40,5,2,"Bowe, Warren",10250142,Left,THO_M,"Hunt, Sam",1000048505,Right,MIN_GOL,Undefined,7,Bottom,1,1,0,Fastball,Four-Seam,BallCalled,Undefined,Undefined,Undefined,0,0,,89.43087,-1.758938,2.138842,2508.063092,131.199472,10:15,5.47991,-1.54416,5.1126,-19.35426,17.20147,-18.10777,2.20832,-1.03724,80.51669,-5.397875,-1.063485,0.43516,,,,,,,,,,,,9.60564,9.47741,1.35723,50,5.2998,-3.96534,-129.41371,-4.63255,16.05169,30.69696,-16.33665,MIN_GOL,THO_M,SiebertField,D1,BIG10,20260325-SiebertField-2,4d3cf4d0-28b8-11f1-8a82-49bc3e741f4e,86.61737,,,8.91418,,,,,,,34f96caf-3623-479a-a7fb-b2cda99893ab,2026-03-26,02:05:45.40,2026-03-25T21:05:45.4020000-05:00,2026-03-26T02:05:45.4020000Z,,v3,471360,stthomas,193273f8758c40888fe81a81bb299a6a,"Verhage, Terek",10120179,Right,THO_M,d099a3e5-9779-4f2e-a564-fdcd62b0dc21,55.38259,-130.68423,15.34848,5.47755,-3.95639,-8.16832,1.5351,-4.6297,8.02585,,,,,,,,,,,,,,,,,,,,,,,,,,,,,,,,,,,,,,,,,,,,,,,,,,,High,High,High,,,,,,,,,,,,,,,,,,,,,,,,,,,,,,,,,,,,
294,2026-03-25,21:06:02.64,5,3,"Bowe, Warren",10250142,Left,THO_M,"Hunt, Sam",1000048505,Right,MIN_GOL,Undefined,7,Bottom,1,2,0,Fastball,Four-Seam,BallCalled,Undefined,Undefined,Undefined,0,0,,89.36394,-0.351316,2.201513,2489.72601,147.44102,11:00,5.53668,-1.55245,5.17977,-16.24186,20.30017,-12.09981,3.85239,-0.48833,80.17843,-3.458949,0.060555,0.435079,,,,,,,,,,,,6.67949,10.56808,1.35709,50,5.4924,-4.39377,-129.33703,-1.28877,11.1359,30.94372,-14.55515,MIN_GOL,THO_M,SiebertField,D1,BIG10,20260325-SiebertField-2,5784a3c0-28b8-11f1-8a82-49bc3e741f4e,86.63364,,,9.18551,,,,,,,34f96caf-3623-479a-a7fb-b2cda99893ab,2026-03-26,02:06:02.64,2026-03-25T21:06:02.6450000-05:00,2026-03-26T02:06:02.6450000Z,,v3,471360,stthomas,193273f8758c40888fe81a81bb299a6a,"Verhage, Terek",10120179,Right,THO_M,cfdef7a9-3e82-4e96-824c-1b055e6daba2,55.31409,-130.60223,15.47186,5.53292,-0.69365,-7.27758,1.54605,-4.84908,5.56795,,,,,,,,,,,,,,,,,,,,,,,,,,,,,,,,,,,,,,,,,,,,,,,,,,,High,High,High,,,,,,,,,,,,,,,,,,,,,,,,,,,,,,,,,,,,
295,2026-03-25,21:06:19.87,5,4,"Bowe, Warren",10250142,Left,THO_M,"Hunt, Sam",1000048505,Right,MIN_GOL,Undefined,7,Bottom,1,3,0,Fastball,Four-Seam,BallCalled,Walk,Undefined,Undefined,0,1,,89.44775,-2.400437,3.379523,2515.868827,139.420246,10:45,5.53203,-1.42841,5.20761,-20.7234,15.80442,-12.36871,1.5424,0.72274,80.54743,-6.28065,1.191747,0.434994,,,,,,,,,,,,7.24099,9.04095,1.1252,50,5.29457,-7.05533,-129.2667,-6.14085,12.06574,30.77031,-17.109,MIN_GOL,THO_M,SiebertField,D1,BIG10,20260325-SiebertField-2,61c59bf0-28b8-11f1-8a82-49bc3e741f4e,86.65047,,,8.90032,,,,,,,34f96caf-3623-479a-a7fb-b2cda99893ab,2026-03-26,02:06:19.87,2026-03-25T21:06:19.8760000-05:00,2026-03-26T02:06:19.8760000Z,,v3,471360,stthomas,193273f8758c40888fe81a81bb299a6a,"Verhage, Terek",10120179,Right,THO_M,ceb92ee4-c8e8-41ec-b65d-1748cde292ef,55.28801,-130.51937,15.38515,5.53039,-5.44433,-8.5545,1.42242,-7.54653,6.03287,,,,,,,,,,,,,,,,,,,,,,,,,,,,,,,,,,,,,,,,,,,,,,,,,,,High,High,High,,,,,,,,,,,,,,,,,,,,,,,,,,,,,,,,,,,,
296,2026-03-25,21:07:04.22,6,1,"Bowe, Warren",10250142,Left,THO_M,"Hellum, Brayden",831057,Left,MIN_GOL,Undefined,7,Bottom,1,0,0,Fastball,Four-Seam,BallCalled,Undefined,Undefined,Undefined,0,0,,88.78282,0.000793,2.601918,2493.26023,135.116569,10:30,5.51528,-1.55893,5.15988,-18.91914,18.14749,-16.70839,3.93943,-0.50054,79.63818,-3.583355,-0.352729,0.43819,,,,,,,,,,,,9.04812,9.38182,1.32895,50,5.50156,-5.03649,-128.46258,-0.61266,14.88307,30.50159,-16.74205,MIN_GOL,THO_M,SiebertField,D1,BIG10,20260325-SiebertField-2,7c4339b0-28b8-11f1-8a82-49bc3e741f4e,86.01841,,,9.14464,,,,,,,34f96caf-3623-479a-a7fb-b2cda99893ab,2026-03-26,02:07:04.22,2026-03-25T21:07:04.2250000-05:00,2026-03-26T02:07:04.2250000Z,,v3,471360,stthomas,193273f8758c40888fe81a81bb299a6a,"Verhage, Terek",10120179,Right,THO_M,ac0e4683-5a7e-49e3-b652-f922a05ccc31,55.33397,-129.72287,15.2508,5.51258,0.0791,-8.37102,1.54976,-5.65144,7.44154,,,,,,,,,,,,,,,,,,,,,,,,,,,,,,,,,,,,,,,,,,,,,,,,,,,High,High,High,,,,,,,,,,,,,,,,,,,,,,,,,,,,,,,,,,,,
297,2026-03-25,21:07:21.79,6,2,"Bowe, Warren",10250142,Left,THO_M,"Hellum, Brayden",831057,Left,MIN_GOL,Undefined,7,Bottom,1,1,0,Fastball,Four-Seam,StrikeCalled,Undefined,Undefined,Undefined,0,0,,89.41771,-0.978428,2.538279,2623.536882,134.438993,10:30,5.4979,-1.31418,5.16357,-19.20722,17.32714,-16.28599,2.97542,-0.28077,80.32184,-4.603978,-0.342775,0.435033,,,,,,,,,,,,8.84595,9.30245,1.09008,50,5.39257,-4.95553,-129.38274,-2.85195,14.7604,30.92979,-16.65195,MIN_GOL,THO_M,SiebertField,D1,BIG10,20260325-SiebertField-2,86b26dd0-28b8-11f1-8a82-49bc3e741f4e,86.64273,,,9.09587,,,,,,,34f96caf-3623-479a-a7fb-b2cda99893ab,2026-03-26,02:07:21.79,2026-03-25T21:07:21.7950000-05:00,2026-03-26T02:07:21.7950000Z,,v3,471360,stthomas,193273f8758c40888fe81a81bb299a6a,"Verhage, Terek",10120179,Right,THO_M,b3db0487-1486-49ad-bc69-ae3024c14473,55.33092,-130.65091,15.4649,5.49551,-2.16919,-8.32598,1.30567,-5.56074,7.3802,,,,,,,,,,,,,,,,,,,,,,,,,,,,,,,,,,,,,,,,,,,,,,,,,,,High,High,High,,,,,,,,,,,,,,,,,,,,,,,,,,,,,,,,,,,,
298,2026-03-25,21:07:40.69,6,3,"Bowe, Warren",10250142,Left,THO_M,"Hellum, Brayden",831057,Left,MIN_GOL,Undefined,7,Bottom,1,1,1,Fastball,Four-Seam,BallCalled,Undefined,Undefined,Undefined,0,1,,89.14785,-4.304516,3.272676,2488.444217,140.54726,10:45,5.52132,-1.33976,5.25944,-16.04087,20.64804,-15.87607,0.12616,0.41532,80.60403,-7.34448,0.46126,0.435952,,,,,,,,,,,,9.00063,12.07796,1.05218,50,5.11468,-6.64041,-128.69886,-10.20111,14.91664,29.67182,-12.15737,MIN_GOL,THO_M,SiebertField,D1,BIG10,20260325-SiebertField-2,91f5bad0-28b8-11f1-8a82-49bc3e741f4e,86.46001,,,8.54382,,,,,,,34f96caf-3623-479a-a7fb-b2cda99893ab,2026-03-26,02:07:40.69,2026-03-25T21:07:40.6940000-05:00,2026-03-26T02:07:40.6940000Z,,v3,471360,stthomas,193273f8758c40888fe81a81bb299a6a,"Verhage, Terek",10120179,Right,THO_M,99d7e18d-e20f-4a3b-96f7-f31e526b7ab8,55.23855,-129.901,14.83591,5.51799,-9.70856,-6.07868,1.33345,-7.24475,7.45832,,,,,,,,,,,,,,,,,,,,,,,,,,,,,,,,,,,,,,,,,,,,,,,,,,,High,High,High,,,,,,,,,,,,,,,,,,,,,,,,,,,,,,,,,,,,
299,2026-03-25,21:08:23.93,6,4,"Bowe, Warren",10250142,Left,THO_M,"Hellum, Brayden",831057,Left,MIN_GOL,Undefined,7,Bottom,1,2,1,Fastball,Four-Seam,FoulBallNotFieldable,Undefined,Undefined,Undefined,0,0,,89.16003,-0.249003,1.868452,2346.016024,139.171851,10:45,5.58894,-1.31406,5.16904,-16.36288,19.97281,-16.19867,3.9909,-0.90493,80.80691,-3.355248,-0.998393,0.433848,,,,,,,,,,,,8.6663,10.40032,1.15307,50,5.55403,-3.47587,-129.27323,-1.08686,14.56981,28.58768,-14.68903,MIN_GOL,THO_M,SiebertField,D1,BIG10,20260325-SiebertField-2,abbf98f0-28b8-11f1-8a82-49bc3e741f4e,86.87927,,,8.35312,,,,,,,34f96caf-3623-479a-a7fb-b2cda99893ab,2026-03-26,02:08:23.93,2026-03-25T21:08:23.9360000-05:00,2026-03-26T02:08:23.9360000Z,,v3,471360,stthomas,193273f8758c40888fe81a81bb299a6a,"Verhage, Terek",10120179,Right,THO_M,7e17668a-7c50-4f24-873d-55b664b45dde,55.32944,-130.44646,14.29384,5.58626,-0.48402,-7.34451,1.30799,-4.07381,7.2849,,,,,,,,,,,,,,,,,,,,,,,,,,,,,,,,,,,,,,,,,,,,,,,,,,,High,High,High,,,,,,,,,,,,,,,,,,,,,,,,,,,,,,,,,,,,
300,2026-03-25,21:08:51.71,6,5,"Bowe, Warren",10250142,Left,THO_M,"Hellum, Brayden",831057,Left,MIN_GOL,Undefined,7,Bottom,1,2,2,Curveball,Slider,BallCalled,Undefined,Undefined,Undefined,0,0,,78.26826,4.344009,-1.637781,2647.316272,288.506315,3:30,5.04611,-1.73905,4.79283,-52.51105,-4.44016,18.05938,4.79644,-1.78659,70.84956,-5.151511,1.532346,0.499014,,,,,,,,,,,,-9.25709,-2.9111,1.88597,50,5.43472,2.45048,-113.14092,6.63458,-11.92567,21.82445,-35.92432,MIN_GOL,THO_M,SiebertField,D1,BIG10,20260325-SiebertField-2,bc5979b0-28b8-11f1-8a82-49bc3e741f4e,75.53386,,,7.4187,,,,,,,34f96caf-3623-479a-a7fb-b2cda99893ab,2026-03-26,02:08:51.71,2026-03-25T21:08:51.7140000-05:00,2026-03-26T02:08:51.7140000Z,,v3,471360,stthomas,193273f8758c40888fe81a81bb299a6a,"Verhage, Terek",10120179,Right,THO_M,9c764d73-cc28-4522-b71f-3ae88b2f63ba,55.70647,-114.23637,10.91222,5.05645,8.43776,-17.96216,1.74795,3.04907,-5.96283,,,,,,,,,,,,,,,,,,,,,,,,,,,,,,,,,,,,,,,,,,,,,,,,,,,High,High,High,,,,,,,,,,,,,,,,,,,,,,,,,,,,,,,,,,,,
301,2026-03-25,21:09:14.19,6,6,"Bowe, Warren",10250142,Left,THO_M,"Hellum, Brayden",831057,Left,MIN_GOL,Undefined,7,Bottom,1,3,2,Curveball,Curveball,StrikeCalled,Strikeout,Undefined,Undefined,0,0,,77.2627,3.31443,-0.759167,2811.781791,311.534374,4:30,5.25332,-1.52165,4.72536,-62.07307,-12.50138,16.05792,3.22922,-0.90386,70.00367,-7.853232,2.062688,0.506743,,,,,,,,,,,,-8.04591,-6.57445,1.58321,50,5.53268,0.79215,-111.82411,4.12687,-10.05835,22.55865,-40.39287,MIN_GOL,THO_M,SiebertField,D1,BIG10,20260325-SiebertField-2,c9ba9da0-28b8-11f1-8a82-49bc3e741f4e,74.38171,,,7.25902,,,,,,,34f96caf-3623-479a-a7fb-b2cda99893ab,2026-03-26,02:09:14.19,2026-03-25T21:09:14.1980000-05:00,2026-03-26T02:09:14.1980000Z,,v3,471360,stthomas,193273f8758c40888fe81a81bb299a6a,"Verhage, Terek",10120179,Right,THO_M,50119681-b1f7-4138-885a-56dadb5d71ec,55.77576,-112.98326,11.27933,5.2673,6.20242,-20.19644,1.52923,1.30899,-5.02917,,,,,,,,,,,,,,,,,,,,,,,,,,,,,,,,,,,,,,,,,,,,,,,,,,,High,High,High,,,,,,,,,,,,,,,,,,,,,,,,,,,,,,,,,,,,
302,2026-03-25,21:09:44.67,7,1,"Bowe, Warren",10250142,Left,THO_M,"Spanier, Jack",822384,Right,MIN_GOL,Undefined,7,Bottom,2,0,0,Fastball,Four-Seam,BallCalled,Undefined,Undefined,Undefined,0,0,,90.1099,0.335136,2.720132,2497.825609,144.654,10:45,5.53732,-1.46466,5.18343,-15.43213,20.27674,-13.50324,4.56698,-0.02878,81.31296,-2.612785,0.332213,0.43009,,,,,,,,,,,,7.4889,10.31879,1.22224,50,5.5574,-5.55236,-130.48164,0.29164,12.79967,29.66303,-14.53763,MIN_GOL,THO_M,SiebertField,D1,BIG10,20260325-SiebertField-2,dbe864d0-28b8-11f1-8a82-49bc3e741f4e,87.63843,,,8.79694,,,,,,,34f96caf-3623-479a-a7fb-b2cda99893ab,2026-03-26,02:09:44.67,2026-03-25T21:09:44.6790000-05:00,2026-03-26T02:09:44.6790000Z,,v3,471360,stthomas,193273f8758c40888fe81a81bb299a6a,"Verhage, Terek",10120179,Right,THO_M,cf75211b-9758-4d9e-9223-d88a70640a28,55.31182,-131.68367,14.83151,5.53365,0.88074,-7.26882,1.45774,-6.07103,6.39983,,,,,,,,,,,,,,,,,,,,,,,,,,,,,,,,,,,,,,,,,,,,,,,,,,,High,High,High,,,,,,,,,,,,,,,,,,,,,,,,,,,,,,,,,,,,
303,2026-03-25,21:10:01.90,7,2,"Bowe, Warren",10250142,Left,THO_M,"Spanier, Jack",822384,Right,MIN_GOL,Undefined,7,Bottom,2,1,0,Fastball,Four-Seam,BallCalled,Undefined,Undefined,Undefined,0,0,,88.75299,-2.522182,3.780998,2509.843883,140.817558,10:45,5.4056,-1.49312,5.27324,-19.37607,17.36481,-13.10713,1.4152,0.97119,80.53178,-6.154024,1.461658,0.436261,,,,,,,,,,,,7.65682,9.80079,1.15724,50,5.16086,-7.8802,-128.33138,-6.30866,12.68483,28.19038,-15.93733,MIN_GOL,THO_M,SiebertField,D1,BIG10,20260325-SiebertField-2,e61b2c30-28b8-11f1-8a82-49bc3e741f4e,86.39887,,,8.22121,,,,,,,34f96caf-3623-479a-a7fb-b2cda99893ab,2026-03-26,02:10:01.90,2026-03-25T21:10:01.9010000-05:00,2026-03-26T02:10:01.9010000Z,,v3,471360,stthomas,193273f8758c40888fe81a81bb299a6a,"Verhage, Terek",10120179,Right,THO_M,996d1551-9456-44d8-b1df-20513e4f217a,55.22351,-129.47374,14.09519,5.40342,-5.66283,-7.96866,1.48698,-8.39422,6.34241,,,,,,,,,,,,,,,,,,,,,,,,,,,,,,,,,,,,,,,,,,,,,,,,,,,High,High,High,,,,,,,,,,,,,,,,,,,,,,,,,,,,,,,,,,,,
304,2026-03-25,21:10:22.26,7,3,"Bowe, Warren",10250142,Left,THO_M,"Spanier, Jack",822384,Right,MIN_GOL,Undefined,7,Bottom,2,2,0,Fastball,Four-Seam,BallCalled,Undefined,Undefined,Undefined,0,0,,88.613,-0.167764,1.414483,2471.218674,141.154919,10:45,5.43822,-1.30158,5.03688,-18.45655,18.59233,-13.94568,3.74186,-1.12902,80.15207,-3.644027,-1.048217,0.438086,,,,,,,,,,,,7.28811,9.6139,1.17807,50,5.40817,-2.50726,-128.40299,-0.99215,12.06988,28.58115,-16.25242,MIN_GOL,THO_M,SiebertField,D1,BIG10,20260325-SiebertField-2,f244ba80-28b8-11f1-8a82-49bc3e741f4e,86.03899,,,8.46094,,,,,,,34f96caf-3623-479a-a7fb-b2cda99893ab,2026-03-26,02:10:22.26,2026-03-25T21:10:22.2600000-05:00,2026-03-26T02:10:22.2600000Z,,v3,471360,stthomas,193273f8758c40888fe81a81bb299a6a,"Verhage, Terek",10120179,Right,THO_M,179ff6a7-22ac-43c5-86a3-287e9de30a56,55.45871,-129.61234,14.29057,5.4356,-0.30446,-8.12621,1.29496,-3.01798,6.03494,,,,,,,,,,,,,,,,,,,,,,,,,,,,,,,,,,,,,,,,,,,,,,,,,,,High,High,High,,,,,,,,,,,,,,,,,,,,,,,,,,,,,,,,,,,,
305,2026-03-25,21:10:40.99,7,4,"Bowe, Warren",10250142,Left,THO_M,"Spanier, Jack",822384,Right,MIN_GOL,Undefined,7,Bottom,2,3,0,Fastball,Four-Seam,BallCalled,Walk,Undefined,Undefined,0,0,,88.18425,-0.728065,1.759641,2445.50125,142.101204,10:45,5.44428,-1.38342,5.03188,-17.06206,20.43891,-14.88178,3.33515,-0.96284,79.63019,-3.962817,-0.867742,0.44075,,,,,,,,,,,,7.84016,10.6941,1.2275,50,5.36179,-3.21384,-127.71837,-2.16489,12.82445,28.68575,-14.68127,MIN_GOL,THO_M,SiebertField,D1,BIG10,20260325-SiebertField-2,fd79afa0-28b8-11f1-8a82-49bc3e741f4e,85.5188,,,8.55406,,,,,,,34f96caf-3623-479a-a7fb-b2cda99893ab,2026-03-26,02:10:40.99,2026-03-25T21:10:40.9980000-05:00,2026-03-26T02:10:40.9980000Z,,v3,471360,stthomas,193273f8758c40888fe81a81bb299a6a,"Verhage, Terek",10120179,Right,THO_M,42fac49f-9497-431c-ad82-b2f5057c7541,55.46307,-128.93954,14.34287,5.44065,-1.5399,-7.34064,1.37594,-3.75979,6.41222,,,,,,,,,,,,,,,,,,,,,,,,,,,,,,,,,,,,,,,,,,,,,,,,,,,High,High,High,,,,,,,,,,,,,,,,,,,,,,,,,,,,,,,,,,,,
306,2026-03-25,21:11:16.19,8,1,"Bowe, Warren",10250142,Left,THO_M,"Quinn, Jake",815524,Left,MIN_GOL,Undefined,7,Bottom,2,0,0,Fastball,Four-Seam,FoulBallNotFieldable,Undefined,Undefined,Undefined,0,0,,88.97139,-1.353213,2.325578,2492.534491,139.942996,10:45,5.48985,-1.44828,5.00122,-18.36265,18.638,-14.54505,2.68087,-0.46375,80.21253,-4.812578,-0.240205,0.4378,106.946,46.048028,49.58542,2214.767797,68.53111,107.23428,86.04346,,145.86161,,,7.97292,10.05067,1.2373,50,5.34578,-4.55143,-128.7901,-3.66776,13.21761,29.98566,-15.51195,MIN_GOL,THO_M,SiebertField,D1,BIG10,20260325-SiebertField-2,12636280-28b9-11f1-8a82-49bc3e741f4e,86.09502,133.87516,,8.75887,,,,2.57176,3.10195,0.5232,34f96caf-3623-479a-a7fb-b2cda99893ab,2026-03-26,02:11:16.19,2026-03-25T21:11:16.1960000-05:00,2026-03-26T02:11:16.1960000Z,,v3,471360,stthomas,193273f8758c40888fe81a81bb299a6a,"Verhage, Terek",10120179,Right,THO_M,fcd65b84-4aef-4f3a-8c1a-4f70833ea11c,55.4962,-130.06346,14.99283,5.48755,-3.00903,-7.75597,1.4425,-5.11272,6.6088,,2.57176,70.57866,-18.44488,5.02881,-1.25159,0.26501,-0.01977,-0.01219,0.00338,3.10195,112.92266,-26.10885,3.30127,-0.73334,0.21059,-0.08735,0.03048,-0.00498,0.5232,82.88706,-14.08155,3.45182,-0.80843,0.18826,-0.03598,0.0036,6E-05,,,,,,,,,,,,,,,,,,,,,,,High,High,High,High,Undefined,,,,,,,,,,,,,,,,,,,,,,,,,,,,,,,,,,
307,2026-03-25,21:11:42.50,8,2,"Bowe, Warren",10250142,Left,THO_M,"Quinn, Jake",815524,Left,MIN_GOL,Undefined,7,Bottom,2,0,1,Curveball,Curveball,BallCalled,Undefined,Undefined,Undefined,0,0,,77.55762,4.533092,-0.234432,2694.59005,320.158266,4:45,5.30609,-1.30541,4.7076,-60.8896,-11.44686,11.01386,4.54358,-0.6101,69.86169,-6.437423,1.697162,0.506084,,,,,,,,,,,,-5.39689,-6.39142,1.3188,50,5.71134,-0.02329,-112.04111,6.56005,-6.76651,22.82387,-40.18744,MIN_GOL,THO_M,SiebertField,D1,BIG10,20260325-SiebertField-2,22286710-28b9-11f1-8a82-49bc3e741f4e,74.47862,,,7.69593,,,,,,,34f96caf-3623-479a-a7fb-b2cda99893ab,2026-03-26,02:11:42.50,2026-03-25T21:11:42.5080000-05:00,2026-03-26T02:11:42.5080000Z,,v3,471360,stthomas,193273f8758c40888fe81a81bb299a6a,"Verhage, Terek",10120179,Right,THO_M,78884865-bca9-44cd-aed7-fc327676f0c2,55.79167,-113.21478,11.41194,5.32087,8.62661,-20.09372,1.31105,0.32466,-3.38325,,,,,,,,,,,,,,,,,,,,,,,,,,,,,,,,,,,,,,,,,,,,,,,,,,,High,High,High,,,,,,,,,,,,,,,,,,,,,,,,,,,,,,,,,,,,
308,2026-03-25,21:12:00.98,8,3,"Bowe, Warren",10250142,Left,THO_M,"Quinn, Jake",815524,Left,MIN_GOL,Undefined,7,Bottom,2,1,1,Curveball,Curveball,BallCalled,Undefined,Undefined,Undefined,0,0,,77.33701,0.895464,2.291314,2721.311852,307.958504,4:15,5.27559,-1.36689,4.99122,-55.71857,-6.94937,10.9743,1.47862,1.71224,70.7679,-9.146416,4.228525,0.502625,,,,,,,,,,,,-4.71748,-3.1961,1.13693,50,5.3166,-4.9353,-112.07316,-0.25598,-5.94352,22.03533,-36.20078,MIN_GOL,THO_M,SiebertField,D1,BIG10,20260325-SiebertField-2,2d286980-28b9-11f1-8a82-49bc3e741f4e,74.99116,,,6.56911,,,,,,,34f96caf-3623-479a-a7fb-b2cda99893ab,2026-03-26,02:12:00.98,2026-03-25T21:12:00.9860000-05:00,2026-03-26T02:12:00.9860000Z,,v3,471360,stthomas,193273f8758c40888fe81a81bb299a6a,"Verhage, Terek",10120179,Right,THO_M,7e3f696c-2e4d-41f6-94d1-e9d9edd872f3,55.50854,-113.15104,11.01766,5.28581,1.51482,-18.10039,1.37124,-4.64457,-2.97176,,,,,,,,,,,,,,,,,,,,,,,,,,,,,,,,,,,,,,,,,,,,,,,,,,,High,High,High,,,,,,,,,,,,,,,,,,,,,,,,,,,,,,,,,,,,
309,2026-03-25,21:12:20.42,8,4,"Bowe, Warren",10250142,Left,THO_M,"Quinn, Jake",815524,Left,MIN_GOL,Undefined,7,Bottom,2,2,1,Fastball,Four-Seam,StrikeCalled,Undefined,Undefined,Undefined,0,0,,88.6704,-1.74079,2.738952,2435.465555,141.21026,10:45,5.50843,-1.49068,5.17761,-18.57218,18.42186,-13.73737,2.32038,-0.05628,80.06918,-5.242603,0.308776,0.437761,,,,,,,,,,,,7.63445,10.07564,1.24647,50,5.3328,-5.49228,-128.31026,-4.51069,12.5904,29.21741,-15.55778,MIN_GOL,THO_M,SiebertField,D1,BIG10,20260325-SiebertField-2,38aeda00-28b9-11f1-8a82-49bc3e741f4e,86.10274,,,8.60122,,,,,,,34f96caf-3623-479a-a7fb-b2cda99893ab,2026-03-26,02:12:20.42,2026-03-25T21:12:20.4250000-05:00,2026-03-26T02:12:20.4250000Z,,v3,471360,stthomas,193273f8758c40888fe81a81bb299a6a,"Verhage, Terek",10120179,Right,THO_M,f75fa291-8729-41ca-9f6e-44d4db226bc7,55.31755,-129.51546,14.6087,5.50563,-3.86894,-7.77889,1.48373,-6.01162,6.2952,,,,,,,,,,,,,,,,,,,,,,,,,,,,,,,,,,,,,,,,,,,,,,,,,,,High,High,High,,,,,,,,,,,,,,,,,,,,,,,,,,,,,,,,,,,,
310,2026-03-25,21:12:41.10,8,5,"Bowe, Warren",10250142,Left,THO_M,"Quinn, Jake",815524,Left,MIN_GOL,Undefined,7,Bottom,2,2,2,Curveball,Curveball,BallCalled,Undefined,Undefined,Undefined,0,0,,77.79131,0.659969,2.084378,2673.921829,317.454006,4:30,5.28592,-1.44853,5.01224,-59.31424,-10.81945,11.49213,0.96641,1.47732,70.82957,-10.023272,4.11638,0.501209,,,,,,,,,,,,-5.03362,-5.14437,1.23874,50,5.30101,-4.569,-112.69766,-0.84375,-6.35857,23.87741,-38.67252,MIN_GOL,THO_M,SiebertField,D1,BIG10,20260325-SiebertField-2,4506a440-28b9-11f1-8a82-49bc3e741f4e,75.20303,,,6.96174,,,,,,,34f96caf-3623-479a-a7fb-b2cda99893ab,2026-03-26,02:12:41.10,2026-03-25T21:12:41.1020000-05:00,2026-03-26T02:12:41.1020000Z,,v3,471360,stthomas,193273f8758c40888fe81a81bb299a6a,"Verhage, Terek",10120179,Right,THO_M,76d7884e-1966-4fbb-af60-63104c550866,55.48852,-113.85458,11.93871,5.29649,1.03003,-19.33626,1.45266,-4.26091,-3.17928,,,,,,,,,,,,,,,,,,,,,,,,,,,,,,,,,,,,,,,,,,,,,,,,,,,High,High,High,,,,,,,,,,,,,,,,,,,,,,,,,,,,,,,,,,,,
311,2026-03-25,21:13:06.46,8,6,"Bowe, Warren",10250142,Left,THO_M,"Quinn, Jake",815524,Left,MIN_GOL,Undefined,7,Bottom,2,3,2,Fastball,Four-Seam,StrikeSwinging,Strikeout,Undefined,Undefined,0,0,,89.53135,-0.040956,2.062328,2467.242371,137.60519,10:30,5.54704,-1.29738,5.15961,-17.7206,18.72615,-15.86351,4.03175,-0.67731,80.27883,-3.410601,-0.744235,0.434511,,,,,,,,,,,,8.49532,9.68528,1.11732,50,5.5304,-3.90636,-129.59385,-0.66165,14.20726,31.28121,-15.97676,MIN_GOL,THO_M,SiebertField,D1,BIG10,20260325-SiebertField-2,54257dc0-28b9-11f1-8a82-49bc3e741f4e,86.74677,,,9.25252,,,,,,,34f96caf-3623-479a-a7fb-b2cda99893ab,2026-03-26,02:13:06.46,2026-03-25T21:13:06.4660000-05:00,2026-03-26T02:13:06.4660000Z,,v3,471360,stthomas,193273f8758c40888fe81a81bb299a6a,"Verhage, Terek",10120179,Right,THO_M,e19fe57e-8bd4-4657-b4d3-6bb1b821fe85,55.3348,-130.87522,15.64061,5.5441,-0.00719,-7.98838,1.28926,-4.48834,7.10363,,,,,,,,,,,,,,,,,,,,,,,,,,,,,,,,,,,,,,,,,,,,,,,,,,,High,High,High,,,,,,,,,,,,,,,,,,,,,,,,,,,,,,,,,,,,
312,2026-03-25,21:15:54.53,1,1,"Felling, Ethan",837908,Left,MIN_GOL,"Verhage, Terek",10120179,Left,THO_M,Undefined,8,Top,0,0,0,Fastball,Sinker,HitByPitch,Undefined,Undefined,Undefined,0,0,,89.76032,0.019974,2.522263,2228.899121,123.187089,10:00,5.51943,-2.81333,5.53112,-23.08667,12.42953,-17.11438,3.61423,-1.88025,81.12743,-4.304003,-0.526326,0.428928,,,,,,,,,,,,9.49945,6.62776,2.60624,50,5.50609,-4.98121,-130.13333,-0.74794,16.11095,30.10677,-20.93345,MIN_GOL,THO_M,SiebertField,D1,BIG10,20260325-SiebertField-2,b84e8350-28b9-11f1-8a82-49bc3e741f4e,87.87585,,,8.63289,,,,,,,34f96caf-3623-479a-a7fb-b2cda99893ab,2026-03-26,02:15:54.53,2026-03-25T21:15:54.5370000-05:00,2026-03-26T02:15:54.5370000Z,,v3,471360,stthomas,193273f8758c40888fe81a81bb299a6a,"Hunt, Sam",1000048505,Right,MIN_GOL,f0194eb3-bd8f-49e6-8fc1-d8452a9012c9,54.96795,-131.27765,15.05338,5.5194,0.04772,-10.46673,2.80721,-5.59356,8.05548,,,,,,,,,,,,,,,,,,,,,,,,,,,,,,,,,,,,,,,,,,,,,,,,,,,High,High,High,,,,,,,,,,,,,,,,,,,,,,,,,,,,,,,,,,,,
313,2026-03-25,21:16:48.43,2,1,"Felling, Ethan",837908,Left,MIN_GOL,"Welke, Nolan",10077722,Left,THO_M,Undefined,8,Top,0,0,0,Fastball,Sinker,StrikeCalled,Undefined,Undefined,Undefined,0,0,,90.43407,-0.987163,3.793164,2264.94068,115.433805,9:45,5.35557,-2.83905,5.58831,-24.77478,10.31772,-19.03359,2.3671,-0.87802,81.58157,-5.611044,0.403206,0.426362,,,,,,,,,,,,10.75587,5.89945,2.52542,50,5.25481,-7.8073,-130.88218,-3.13092,18.42102,30.88735,-22.07035,MIN_GOL,THO_M,SiebertField,D1,BIG10,20260325-SiebertField-2,d879ae70-28b9-11f1-8a82-49bc3e741f4e,88.40479,,,8.8525,,,,,,,34f96caf-3623-479a-a7fb-b2cda99893ab,2026-03-26,02:16:48.43,2026-03-25T21:16:48.4380000-05:00,2026-03-26T02:16:48.4380000Z,,v3,471360,stthomas,193273f8758c40888fe81a81bb299a6a,"Hunt, Sam",1000048505,Right,MIN_GOL,6c3fcf2c-be6c-418c-902a-17f898a16884,54.90849,-132.03547,15.44368,5.35633,-2.30684,-11.03517,2.82978,-8.49511,9.21051,,,,,,,,,,,,,,,,,,,,,,,,,,,,,,,,,,,,,,,,,,,,,,,,,,,High,High,High,,,,,,,,,,,,,,,,,,,,,,,,,,,,,,,,,,,,
314,2026-03-25,21:17:05.73,2,2,"Felling, Ethan",837908,Left,MIN_GOL,"Welke, Nolan",10077722,Left,THO_M,Undefined,8,Top,0,0,1,Fastball,Sinker,StrikeSwinging,Undefined,Undefined,Undefined,0,0,,90.91989,-1.187661,3.66845,2305.995079,110.828826,9:45,5.36749,-2.69597,5.54623,-25.85679,8.93591,-20.16985,2.10044,-0.94388,82.0123,-5.997225,0.077035,0.424537,,,,,,,,,,,,11.28607,5.26233,2.39143,50,5.24763,-7.50594,-131.58507,-3.66688,19.52076,31.43639,-23.07213,MIN_GOL,THO_M,SiebertField,D1,BIG10,20260325-SiebertField-2,e2be5020-28b9-11f1-8a82-49bc3e741f4e,88.78486,,,8.90759,,,,,,,34f96caf-3623-479a-a7fb-b2cda99893ab,2026-03-26,02:17:05.73,2026-03-25T21:17:05.7390000-05:00,2026-03-26T02:17:05.7390000Z,,v3,471360,stthomas,193273f8758c40888fe81a81bb299a6a,"Hunt, Sam",1000048505,Right,MIN_GOL,b3cb5e9d-799a-49b9-bdea-92de5a4536ab,54.95084,-132.76258,15.71819,5.3688,-2.80266,-11.53606,2.68628,-8.23713,9.76038,,,,,,,,,,,,,,,,,,,,,,,,,,,,,,,,,,,,,,,,,,,,,,,,,,,High,High,High,,,,,,,,,,,,,,,,,,,,,,,,,,,,,,,,,,,,
315,2026-03-25,21:17:23.00,2,3,"Felling, Ethan",837908,Left,MIN_GOL,"Welke, Nolan",10077722,Left,THO_M,Undefined,8,Top,0,0,2,Fastball,Sinker,BallCalled,Undefined,Undefined,Undefined,0,0,,91.63858,0.290596,4.325481,2318.451186,129.704203,10:15,5.5868,-2.5224,5.40782,-18.48662,15.93784,-17.70906,4.31929,0.06223,82.43586,-3.207116,1.188069,0.422285,,,,,,,,,,,,10.16674,8.2463,2.14931,50,5.60024,-9.181,-132.50687,0.06152,17.86928,31.33381,-17.68017,MIN_GOL,THO_M,SiebertField,D1,BIG10,20260325-SiebertField-2,ed0ae110-28b9-11f1-8a82-49bc3e741f4e,89.25839,,,9.20272,,,,,,,34f96caf-3623-479a-a7fb-b2cda99893ab,2026-03-26,02:17:23.00,2026-03-25T21:17:23.0020000-05:00,2026-03-26T02:17:23.0020000Z,,v3,471360,stthomas,193273f8758c40888fe81a81bb299a6a,"Hunt, Sam",1000048505,Right,MIN_GOL,b3f6bcb4-91ff-435f-947e-0fe0faf786b5,55.08822,-133.70466,15.6669,5.58497,0.73738,-8.84009,2.51333,-9.86408,8.93464,,,,,,,,,,,,,,,,,,,,,,,,,,,,,,,,,,,,,,,,,,,,,,,,,,,High,High,High,,,,,,,,,,,,,,,,,,,,,,,,,,,,,,,,,,,,
316,2026-03-25,21:17:43.13,2,4,"Felling, Ethan",837908,Left,MIN_GOL,"Welke, Nolan",10077722,Left,THO_M,Undefined,8,Top,0,1,2,Curveball,Curveball,BallCalled,Undefined,Undefined,Undefined,0,0,,76.29995,0.241472,4.418795,2483.22477,273.771348,3:15,5.26402,-2.81375,5.22317,-49.19038,0.94642,11.84146,1.39252,2.33563,69.54141,-8.6807,6.506337,0.509624,,,,,,,,,,,,-4.47362,0.94661,2.3964,50,5.25,-8.99104,-110.27604,-1.18805,-5.43047,22.21445,-31.02496,MIN_GOL,THO_M,SiebertField,D1,BIG10,20260325-SiebertField-2,f9207230-28b9-11f1-8a82-49bc3e741f4e,73.96131,,,6.75854,,,,,,,34f96caf-3623-479a-a7fb-b2cda99893ab,2026-03-26,02:17:43.13,2026-03-25T21:17:43.1360000-05:00,2026-03-26T02:17:43.1360000Z,,v3,471360,stthomas,193273f8758c40888fe81a81bb299a6a,"Hunt, Sam",1000048505,Right,MIN_GOL,629241d7-125f-4116-9bec-84795c174603,55.27378,-111.33334,11.10722,5.2714,0.28859,-15.51248,2.81818,-8.73258,-2.71524,,,,,,,,,,,,,,,,,,,,,,,,,,,,,,,,,,,,,,,,,,,,,,,,,,,High,High,High,,,,,,,,,,,,,,,,,,,,,,,,,,,,,,,,,,,,
317,2026-03-25,21:18:01.56,2,5,"Felling, Ethan",837908,Left,MIN_GOL,"Welke, Nolan",10077722,Left,THO_M,Undefined,8,Top,0,2,2,Fastball,Sinker,FoulBallNotFieldable,Undefined,Undefined,Undefined,0,0,,90.99299,-1.568129,3.105025,2212.857755,121.899006,10:00,5.44117,-2.72433,5.64489,-21.73911,12.76115,-18.53245,2.16433,-1.36952,82.26386,-5.647198,-0.202466,0.422749,68.15801,-15.797312,127.314012,,,,,8.74032,6.3084,86.368491,0.095746,10.5128,7.32477,2.47324,50,5.29431,-6.35001,-131.83874,-4.35179,18.27184,31.29836,-19.44317,MIN_GOL,THO_M,SiebertField,D1,BIG10,20260325-SiebertField-2,03f9b2c0-28ba-11f1-8a82-49bc3e741f4e,89.16035,2.61566,,8.72914,,,,,,,34f96caf-3623-479a-a7fb-b2cda99893ab,2026-03-26,02:18:01.56,2026-03-25T21:18:01.5610000-05:00,2026-03-26T02:18:01.5610000Z,GroundBall,v3,471360,stthomas,193273f8758c40888fe81a81bb299a6a,"Hunt, Sam",1000048505,Right,MIN_GOL,43cb6f7f-c2d7-4e8f-a0de-bf3d6a3c9d77,54.85513,-132.98635,15.64918,5.4408,-3.63887,-9.72158,2.71835,-7.01998,9.13592,,6.16134,-58.53272,,,,,,,,2.61727,-27.3187,,,,,,,,1.3653,76.79622,,,,,,,,,,,,,,,,,,,,,,,,,,,,,,High,High,High,Estimated,Estimated,,,,,,,,,,,,,,,,,,,,,,,,,,,,,,,,,,
318,2026-03-25,21:18:29.46,2,6,"Felling, Ethan",837908,Left,MIN_GOL,"Welke, Nolan",10077722,Left,THO_M,Undefined,8,Top,0,2,2,Fastball,Sinker,StrikeCalled,Strikeout,Undefined,Undefined,0,0,,90.9589,-0.837503,4.892288,2286.444202,125.560052,10:15,5.42411,-2.70506,5.62171,-19.87745,14.68249,-18.85351,2.9832,0.30041,82.27416,-4.58388,1.541661,0.423114,,,,,,,,,,,,10.97205,8.0278,2.29923,50,5.33991,-10.40402,-131.53926,-2.5841,19.08409,29.79499,-18.211,MIN_GOL,THO_M,SiebertField,D1,BIG10,20260325-SiebertField-2,14a96570-28ba-11f1-8a82-49bc3e741f4e,89.08331,,,8.68474,,,,,,,34f96caf-3623-479a-a7fb-b2cda99893ab,2026-03-26,02:18:29.46,2026-03-25T21:18:29.4600000-05:00,2026-03-26T02:18:29.4600000Z,,v3,471360,stthomas,193273f8758c40888fe81a81bb299a6a,"Hunt, Sam",1000048505,Right,MIN_GOL,8cb65c11-00b1-44ce-bae0-08babe0c65ab,54.87605,-132.63913,14.8975,5.42289,-1.91185,-9.1055,2.6963,-11.1085,9.54204,,,,,,,,,,,,,,,,,,,,,,,,,,,,,,,,,,,,,,,,,,,,,,,,,,,High,High,High,,,,,,,,,,,,,,,,,,,,,,,,,,,,,,,,,,,,
319,2026-03-25,21:18:59.91,3,1,"Felling, Ethan",837908,Left,MIN_GOL,"Recchio, Tanner",1000255768,Left,THO_M,Undefined,8,Top,1,0,0,Fastball,Sinker,BallCalled,Undefined,Undefined,Undefined,0,0,,90.37363,-2.11019,5.093495,2274.167804,124.77158,10:15,5.42651,-2.59437,5.59088,-20.32958,14.77087,-19.49714,1.75332,0.5494,81.87347,-5.930036,1.63082,0.426411,,,,,,,,,,,,11.33383,8.45378,2.16908,50,5.23169,-10.7567,-130.57724,-5.50203,19.43328,29.26545,-17.67894,MIN_GOL,THO_M,SiebertField,D1,BIG10,20260325-SiebertField-2,26c8adb0-28ba-11f1-8a82-49bc3e741f4e,88.39472,,,8.50016,,,,,,,34f96caf-3623-479a-a7fb-b2cda99893ab,2026-03-26,02:18:59.91,2026-03-25T21:18:59.9170000-05:00,2026-03-26T02:18:59.9170000Z,,v3,471360,stthomas,193273f8758c40888fe81a81bb299a6a,"Hunt, Sam",1000048505,Right,MIN_GOL,5cbda5c0-6674-47a5-967e-7015023e24ac,54.9069,-131.6724,14.63273,5.4252,-4.84046,-8.83947,2.58522,-11.48392,9.71664,,,,,,,,,,,,,,,,,,,,,,,,,,,,,,,,,,,,,,,,,,,,,,,,,,,High,High,High,,,,,,,,,,,,,,,,,,,,,,,,,,,,,,,,,,,,
320,2026-03-25,21:19:16.44,3,2,"Felling, Ethan",837908,Left,MIN_GOL,"Recchio, Tanner",1000255768,Left,THO_M,Undefined,8,Top,1,1,0,Fastball,Sinker,FoulBallNotFieldable,Undefined,Undefined,Undefined,0,0,,89.47343,-1.671566,3.934986,2269.240176,124.363287,10:15,5.39377,-2.75596,5.41535,-20.7417,15.28599,-20.47312,2.09523,-0.76996,80.8655,-5.56604,0.301737,0.432006,83.78051,6.960078,45.15142,2704.236196,,,,116.58001,110.00116,48.887344,1.067321,11.52524,8.57123,2.4207,50,5.23084,-7.98211,-129.45261,-4.48425,19.35382,29.64994,-17.7808,MIN_GOL,THO_M,SiebertField,D1,BIG10,20260325-SiebertField-2,30ac1c90-28ba-11f1-8a82-49bc3e741f4e,87.24981,5.68078,,8.60794,,,,1.69858,2.38354,0.79096,34f96caf-3623-479a-a7fb-b2cda99893ab,2026-03-26,02:19:16.44,2026-03-25T21:19:16.4490000-05:00,2026-03-26T02:19:16.4490000Z,GroundBall,v3,471360,stthomas,193273f8758c40888fe81a81bb299a6a,"Hunt, Sam",1000048505,Right,MIN_GOL,ffc8b020-87fe-4be4-bbbb-a7bbf592de1f,55.08308,-130.61166,14.82497,5.39255,-3.78918,-8.8904,2.74751,-8.73866,9.67691,,1.69858,86.01925,-17.08392,2.64827,-0.56231,0.10248,-0.01878,0.00331,-0.00035,2.38354,14.89006,-17.44508,1.54718,-0.27509,0.06253,-0.01122,0.00182,-0.0002,0.79096,86.47512,-4.55377,-0.11442,0.08744,-0.03738,0.00892,-0.00175,0.0002,,,,,,,,,,,,,,,,,,,,,,,High,High,High,High,High,,,,,,,,,,,,,,,,,,,,,,,,,,,,,,,,,,
321,2026-03-25,21:19:48.07,3,3,"Felling, Ethan",837908,Left,MIN_GOL,"Recchio, Tanner",1000255768,Left,THO_M,Undefined,8,Top,1,1,1,Curveball,Curveball,HitByPitch,Undefined,Undefined,Undefined,0,0,,73.63929,2.908492,-0.222354,2261.722445,283.088778,3:30,5.23126,-2.88576,5.10251,-54.78944,-1.51669,13.79957,3.4084,-1.94531,67.32582,-7.047137,2.217777,0.52532,,,,,,,,,,,,-6.96615,-1.15539,2.8952,50,5.46258,-0.10829,-106.76357,3.61412,-8.01515,18.9196,-33.50344,MIN_GOL,THO_M,SiebertField,D1,BIG10,20260325-SiebertField-2,4397dc90-28ba-11f1-8a82-49bc3e741f4e,71.75136,,,6.31347,,,,,,,34f96caf-3623-479a-a7fb-b2cda99893ab,2026-03-26,02:19:48.07,2026-03-25T21:19:48.0730000-05:00,2026-03-26T02:19:48.0730000Z,,v3,471360,stthomas,193273f8758c40888fe81a81bb299a6a,"Hunt, Sam",1000048505,Right,MIN_GOL,ca86d344-2a28-4ade-9105-5125f44ae798,55.39833,-107.71596,9.4598,5.2382,5.30065,-16.75172,2.8905,0.29518,-4.00758,,,,,,,,,,,,,,,,,,,,,,,,,,,,,,,,,,,,,,,,,,,,,,,,,,,High,High,High,,,,,,,,,,,,,,,,,,,,,,,,,,,,,,,,,,,,
322,2026-03-25,21:20:25.98,4,1,"Felling, Ethan",837908,Left,MIN_GOL,"Puder, Adam",10307401,Right,THO_M,Undefined,8,Top,1,0,0,Fastball,Sinker,StrikeCalled,Undefined,Undefined,Undefined,0,0,,90.23238,-0.549553,5.290555,2268.052267,127.518619,10:15,5.3818,-2.78791,5.72677,-21.056,14.40076,-16.97068,3.11309,0.73934,80.62338,-4.542398,2.272505,0.428569,,,,,,,,,,,,10.32075,7.87363,2.35561,50,5.32311,-11.28858,-130.23867,-1.92559,17.37524,32.41202,-18.9186,MIN_GOL,THO_M,SiebertField,D1,BIG10,20260325-SiebertField-2,5a1faf10-28ba-11f1-8a82-49bc3e741f4e,87.94948,,,9.609,,,,,,,34f96caf-3623-479a-a7fb-b2cda99893ab,2026-03-26,02:20:25.98,2026-03-25T21:20:25.9870000-05:00,2026-03-26T02:20:25.9870000Z,,v3,471360,stthomas,193273f8758c40888fe81a81bb299a6a,"Hunt, Sam",1000048505,Right,MIN_GOL,2d2d13cc-e767-45f0-a410-e7f3d6dd3fb1,54.76799,-131.41991,16.20601,5.38072,-1.23612,-9.4593,2.77855,-11.92181,8.68762,,,,,,,,,,,,,,,,,,,,,,,,,,,,,,,,,,,,,,,,,,,,,,,,,,,High,High,High,,,,,,,,,,,,,,,,,,,,,,,,,,,,,,,,,,,,
323,2026-03-25,21:20:43.45,4,2,"Felling, Ethan",837908,Left,MIN_GOL,"Puder, Adam",10307401,Right,THO_M,Undefined,8,Top,1,0,1,Fastball,Sinker,StrikeCalled,Undefined,Undefined,Undefined,0,0,,89.7836,-1.682658,4.379058,2294.79523,119.520403,10:00,5.41804,-2.77823,5.66396,-24.17072,11.61532,-18.09666,1.82976,-0.19503,80.55186,-6.21598,1.154802,0.430555,,,,,,,,,,,,10.56977,6.84154,2.41882,50,5.26045,-9.11677,-129.73333,-4.64003,17.6749,31.90501,-20.73354,MIN_GOL,THO_M,SiebertField,D1,BIG10,20260325-SiebertField-2,648d3580-28ba-11f1-8a82-49bc3e741f4e,87.54393,,,9.23174,,,,,,,34f96caf-3623-479a-a7fb-b2cda99893ab,2026-03-26,02:20:43.45,2026-03-25T21:20:43.4570000-05:00,2026-03-26T02:20:43.4570000Z,,v3,471360,stthomas,193273f8758c40888fe81a81bb299a6a,"Hunt, Sam",1000048505,Right,MIN_GOL,d3c5e85f-f1c3-4d8a-aba8-68f2e9995d84,54.83168,-130.91619,15.9525,5.41823,-3.87135,-10.36677,2.76896,-9.77205,8.83745,,,,,,,,,,,,,,,,,,,,,,,,,,,,,,,,,,,,,,,,,,,,,,,,,,,High,High,High,,,,,,,,,,,,,,,,,,,,,,,,,,,,,,,,,,,,
324,2026-03-25,21:21:00.88,4,3,"Felling, Ethan",837908,Left,MIN_GOL,"Puder, Adam",10307401,Right,THO_M,Undefined,8,Top,1,0,2,ChangeUp,Changeup,BallinDirt,Undefined,Undefined,Undefined,0,0,,80.41188,-3.066128,6.289633,2283.364286,103.09771,9:30,5.28439,-2.69983,6.24756,-37.48935,6.11784,-19.53844,-0.68737,1.49614,73.22641,-10.009262,2.779702,0.475281,,,,,,,,,,,,12.26666,4.53008,2.24037,50,5.03628,-12.10343,-116.00244,-7.33909,16.51042,24.17606,-26.07675,MIN_GOL,THO_M,SiebertField,D1,BIG10,20260325-SiebertField-2,6eed0050-28ba-11f1-8a82-49bc3e741f4e,79.30559,,,7.18546,,,,,,,34f96caf-3623-479a-a7fb-b2cda99893ab,2026-03-26,02:21:00.88,2026-03-25T21:21:00.8800000-05:00,2026-03-26T02:21:00.8800000Z,,v3,471360,stthomas,193273f8758c40888fe81a81bb299a6a,"Hunt, Sam",1000048505,Right,MIN_GOL,da75f98d-5e0e-4980-9660-28b81d865e87,54.25333,-116.88552,12.08803,5.28696,-6.38659,-13.03838,2.69349,-12.7065,8.25521,,,,,,,,,,,,,,,,,,,,,,,,,,,,,,,,,,,,,,,,,,,,,,,,,,,High,High,High,,,,,,,,,,,,,,,,,,,,,,,,,,,,,,,,,,,,
325,2026-03-25,21:21:27.91,4,4,"Felling, Ethan",837908,Left,MIN_GOL,"Puder, Adam",10307401,Right,THO_M,Undefined,8,Top,1,1,2,ChangeUp,Changeup,StrikeSwinging,Strikeout,Undefined,Undefined,0,0,,79.77149,-0.929984,5.458804,2146.961498,110.90101,9:45,5.18532,-2.8678,6.15075,-36.57841,7.51508,-15.69702,1.27386,0.88316,72.62636,-7.734207,2.64295,0.477924,,,,,,,,,,,,9.76178,4.60882,2.45948,50,5.09559,-10.45187,-115.37041,-2.95735,13.05624,23.00011,-26.0098,MIN_GOL,THO_M,SiebertField,D1,BIG10,20260325-SiebertField-2,7f19ee70-28ba-11f1-8a82-49bc3e741f4e,78.86706,,,7.14512,,,,,,,34f96caf-3623-479a-a7fb-b2cda99893ab,2026-03-26,02:21:27.91,2026-03-25T21:21:27.9140000-05:00,2026-03-26T02:21:27.9140000Z,,v3,471360,stthomas,193273f8758c40888fe81a81bb299a6a,"Hunt, Sam",1000048505,Right,MIN_GOL,f3a746ca-75c3-449c-b00c-932b4c4a056e,54.34794,-116.23398,11.50005,5.18829,-1.98078,-13.0049,2.86112,-10.94209,6.52812,,,,,,,,,,,,,,,,,,,,,,,,,,,,,,,,,,,,,,,,,,,,,,,,,,,High,High,High,,,,,,,,,,,,,,,,,,,,,,,,,,,,,,,,,,,,
326,2026-03-25,21:21:57.45,5,1,"Felling, Ethan",837908,Left,MIN_GOL,"Maulik, Matthew",1000283220,Right,THO_M,Undefined,8,Top,2,0,0,Fastball,Sinker,StrikeCalled,Undefined,Undefined,Undefined,0,0,,89.77325,-0.855341,4.821717,2242.721457,121.119773,10:00,5.33953,-2.78012,5.54263,-23.68623,12.04611,-17.81761,2.56341,0.252,80.95343,-5.28442,1.658912,0.430231,,,,,,,,,,,,10.45186,6.71792,2.37341,50,5.24977,-10.13597,-129.75373,-2.7598,17.61266,30.0781,-20.85354,MIN_GOL,THO_M,SiebertField,D1,BIG10,20260325-SiebertField-2,90ad7170-28ba-11f1-8a82-49bc3e741f4e,87.6097,,,8.81982,,,,,,,34f96caf-3623-479a-a7fb-b2cda99893ab,2026-03-26,02:21:57.45,2026-03-25T21:21:57.4510000-05:00,2026-03-26T02:21:57.4510000Z,,v3,471360,stthomas,193273f8758c40888fe81a81bb299a6a,"Hunt, Sam",1000048505,Right,MIN_GOL,5cc83013-42f5-41ba-ace8-676bcd0bbd0e,54.95421,-130.89713,15.03905,5.33961,-1.96707,-10.42677,2.77144,-10.8055,8.80633,,,,,,,,,,,,,,,,,,,,,,,,,,,,,,,,,,,,,,,,,,,,,,,,,,,High,High,High,,,,,,,,,,,,,,,,,,,,,,,,,,,,,,,,,,,,
327,2026-03-25,21:22:13.18,5,2,"Felling, Ethan",837908,Left,MIN_GOL,"Maulik, Matthew",1000283220,Right,THO_M,Undefined,8,Top,2,0,1,Fastball,Four-Seam,StrikeSwinging,Undefined,Undefined,Undefined,0,0,,89.91351,-2.339251,3.572964,2325.665021,130.976732,10:15,5.43422,-2.61036,5.61623,-18.79324,16.64458,-17.69418,1.67944,-0.74593,81.25917,-5.895152,0.419684,0.428455,,,,,,,,,,,,10.04493,9.518,2.31661,50,5.22227,-7.33172,-130.09871,-5.91812,17.0244,30.12991,-16.04272,MIN_GOL,THO_M,SiebertField,D1,BIG10,20260325-SiebertField-2,9a017190-28ba-11f1-8a82-49bc3e741f4e,87.973,,,8.65435,,,,,,,34f96caf-3623-479a-a7fb-b2cda99893ab,2026-03-26,02:22:13.18,2026-03-25T21:22:13.1820000-05:00,2026-03-26T02:22:13.1820000Z,,v3,471360,stthomas,193273f8758c40888fe81a81bb299a6a,"Hunt, Sam",1000048505,Right,MIN_GOL,1b1b361a-f126-4009-9388-d3b30a112bd3,54.881,-131.22425,15.06496,5.43215,-5.31883,-8.02136,2.60238,-7.96768,8.5122,,,,,,,,,,,,,,,,,,,,,,,,,,,,,,,,,,,,,,,,,,,,,,,,,,,High,High,High,,,,,,,,,,,,,,,,,,,,,,,,,,,,,,,,,,,,
328,2026-03-25,21:22:35.30,5,3,"Felling, Ethan",837908,Left,MIN_GOL,"Maulik, Matthew",1000283220,Right,THO_M,Undefined,8,Top,2,0,2,Fastball,Four-Seam,StrikeSwinging,Strikeout,Undefined,Undefined,0,0,,91.77567,-1.005851,4.368359,2344.474917,133.905984,10:30,5.54747,-2.55896,5.59741,-18.91903,15.08591,-14.42942,3.02897,0.3249,82.92165,-4.578602,1.803115,0.419703,,,,,,,,,,,,8.57087,8.27119,2.1933,50,5.449,-9.47149,-132.74934,-2.95816,15.15768,30.78745,-17.54636,MIN_GOL,THO_M,SiebertField,D1,BIG10,20260325-SiebertField-2,a7208370-28ba-11f1-8a82-49bc3e741f4e,89.80736,,,8.85402,,,,,,,34f96caf-3623-479a-a7fb-b2cda99893ab,2026-03-26,02:22:35.30,2026-03-25T21:22:35.3010000-05:00,2026-03-26T02:22:35.3010000Z,,v3,471360,stthomas,193273f8758c40888fe81a81bb299a6a,"Hunt, Sam",1000048505,Right,MIN_GOL,9cdade65-6420-4d77-ac03-f697b11c3178,54.89873,-133.88064,15.39373,5.54585,-2.31341,-8.77318,2.55157,-10.02847,7.57884,,,,,,,,,,,,,,,,,,,,,,,,,,,,,,,,,,,,,,,,,,,,,,,,,,,High,High,High,,,,,,,,,,,,,,,,,,,,,,,,,,,,,,,,,,,,
329,2026-03-25,21:25:26.46,1,1,"Phillips, Nolan",10149388,Right,THO_M,"Richter, Easton",809741,Left,MIN_GOL,Undefined,8,Bottom,0,0,0,Fastball,Four-Seam,BallCalled,Undefined,Undefined,Undefined,0,0,,83.37935,-0.971616,-0.473131,2142.116407,201.961413,12:45,5.62281,2.28322,6.05886,-21.15324,19.01851,7.12059,2.96063,2.43867,75.75901,-5.002219,0.809083,0.456175,,,,,,,,,,,,-3.77355,10.4654,-2.25004,50,5.53595,0.71546,-121.03637,-2.61966,-5.55946,25.13609,-16.75564,MIN_GOL,THO_M,SiebertField,D1,BIG10,20260325-SiebertField-2,0d3ca670-28bb-11f1-8a82-49bc3e741f4e,82.62707,,,7.62034,,,,,,,34f96caf-3623-479a-a7fb-b2cda99893ab,2026-03-26,02:25:26.46,2026-03-25T21:25:26.4650000-05:00,2026-03-26T02:25:26.4650000Z,,v3,471360,stthomas,193273f8758c40888fe81a81bb299a6a,"Verhage, Terek",10120179,Right,THO_M,8527bc0b-7661-444a-a848-6d7a7fa534bc,54.43612,-121.95415,12.56805,5.62043,-2.00786,-8.37782,-2.27987,0.91844,-2.77973,,,,,,,,,,,,,,,,,,,,,,,,,,,,,,,,,,,,,,,,,,,,,,,,,,,High,High,High,,,,,,,,,,,,,,,,,,,,,,,,,,,,,,,,,,,,
330,2026-03-25,21:25:45.25,1,2,"Phillips, Nolan",10149388,Right,THO_M,"Richter, Easton",809741,Left,MIN_GOL,Undefined,8,Bottom,0,1,0,Fastball,Cutter,BallCalled,Undefined,Undefined,Undefined,0,0,,84.5525,0.338669,-1.600131,2236.136723,193.95137,12:30,5.58204,2.11772,6.25934,-19.84143,19.03017,4.39748,4.24099,1.00837,76.49741,-3.478502,-0.805987,0.448733,,,,,,,,,,,,-2.74961,10.13426,-2.00102,50,5.59722,3.2546,-122.72291,0.22259,-4.15344,26.4435,-16.86557,MIN_GOL,THO_M,SiebertField,D1,BIG10,20260325-SiebertField-2,18689ae0-28bb-11f1-8a82-49bc3e741f4e,83.99752,,,8.05509,,,,,,,34f96caf-3623-479a-a7fb-b2cda99893ab,2026-03-26,02:25:45.25,2026-03-25T21:25:45.2550000-05:00,2026-03-26T02:25:45.2550000Z,,v3,471360,stthomas,193273f8758c40888fe81a81bb299a6a,"Verhage, Terek",10120179,Right,THO_M,bbc0c3e3-c4f3-4edb-b2c2-c85e1ed0386d,54.23545,-123.63217,13.22175,5.57959,0.80251,-8.43279,-2.11538,3.39741,-2.07672,,,,,,,,,,,,,,,,,,,,,,,,,,,,,,,,,,,,,,,,,,,,,,,,,,,High,High,High,,,,,,,,,,,,,,,,,,,,,,,,,,,,,,,,,,,,
331,2026-03-25,21:26:04.24,1,3,"Phillips, Nolan",10149388,Right,THO_M,"Richter, Easton",809741,Left,MIN_GOL,Undefined,8,Bottom,0,2,0,Fastball,Four-Seam,FoulBallNotFieldable,Undefined,Undefined,Undefined,0,0,,85.93653,-1.202983,-2.417784,2264.33246,201.918851,12:45,5.57438,2.02466,6.29266,-19.69993,17.93253,6.68981,2.82304,0.35287,77.85227,-4.979575,-1.209351,0.441522,79.77471,59.690943,-106.036123,4443.02127,,,,,23.35592,,,-4.21862,10.07221,-1.84981,50,5.47623,5.00423,-124.684,-3.1385,-6.57246,27.48441,-16.48193,MIN_GOL,THO_M,SiebertField,D1,BIG10,20260325-SiebertField-2,23c403c0-28bb-11f1-8a82-49bc3e741f4e,85.36925,38.3041,,8.08427,,,,1.06137,2.91524,-0.36046,34f96caf-3623-479a-a7fb-b2cda99893ab,2026-03-26,02:26:04.24,2026-03-25T21:26:04.2440000-05:00,2026-03-26T02:26:04.2440000Z,,v3,471360,stthomas,193273f8758c40888fe81a81bb299a6a,"Verhage, Terek",10120179,Right,THO_M,419fcc02-00dc-4592-9f34-6938acfe408b,54.20407,-125.60729,13.74221,5.57237,-2.58482,-8.24096,-2.02163,5.22502,-3.28623,,1.07313,-16.70629,-7.16861,,,,,,,2.93118,100.48021,-31.5386,,,,,,,-0.36192,-56.70272,5.31817,,,,,,,,,,,,,,,,,,,,,,,,,,,,,High,High,High,Medium,Undefined,,,,,,,,,,,,,,,,,,,,,,,,,,,,,,,,,,
332,2026-03-25,21:26:27.93,1,4,"Phillips, Nolan",10149388,Right,THO_M,"Richter, Easton",809741,Left,MIN_GOL,Undefined,8,Bottom,0,2,1,Fastball,Four-Seam,BallCalled,Undefined,Undefined,Undefined,0,0,,84.9432,-1.421445,-0.824874,2253.135092,200.381067,12:45,5.59117,2.14141,6.25855,-19.5871,18.57454,6.45024,2.64783,1.91828,77.71174,-5.155673,0.341032,0.444616,,,,,,,,,,,,-3.55012,10.38658,-2.08312,50,5.47586,1.52413,-123.4103,-3.5755,-5.47592,24.5223,-16.15325,MIN_GOL,THO_M,SiebertField,D1,BIG10,20260325-SiebertField-2,31dbcd80-28bb-11f1-8a82-49bc3e741f4e,84.77532,,,7.23146,,,,,,,34f96caf-3623-479a-a7fb-b2cda99893ab,2026-03-26,02:26:27.93,2026-03-25T21:26:27.9330000-05:00,2026-03-26T02:26:27.9330000Z,,v3,471360,stthomas,193273f8758c40888fe81a81bb299a6a,"Verhage, Terek",10120179,Right,THO_M,304ae9fb-203b-488c-bdb9-659dc2989023,54.23778,-124.24952,12.26115,5.58877,-3.02269,-8.07663,-2.13848,1.71154,-2.73796,,,,,,,,,,,,,,,,,,,,,,,,,,,,,,,,,,,,,,,,,,,,,,,,,,,High,High,High,,,,,,,,,,,,,,,,,,,,,,,,,,,,,,,,,,,,
333,2026-03-25,21:26:48.09,1,5,"Phillips, Nolan",10149388,Right,THO_M,"Richter, Easton",809741,Left,MIN_GOL,Undefined,8,Bottom,0,3,1,Fastball,Four-Seam,BallCalled,Walk,Undefined,Undefined,0,0,,85.06596,-3.694898,-2.801266,2222.362947,193.233255,12:30,5.63082,2.08801,6.43946,-17.45556,20.63194,4.55256,0.77208,-0.10881,77.76144,-7.039465,-1.976999,0.444184,,,,,,,,,,,,-3.18996,12.24323,-1.89095,50,5.35976,5.86324,-123.27298,-8.39093,-4.89299,25.23534,-13.39452,MIN_GOL,THO_M,SiebertField,D1,BIG10,20260325-SiebertField-2,3dd23de0-28bb-11f1-8a82-49bc3e741f4e,84.85776,,,7.30452,,,,,,,34f96caf-3623-479a-a7fb-b2cda99893ab,2026-03-26,02:26:48.09,2026-03-25T21:26:48.0970000-05:00,2026-03-26T02:26:48.0970000Z,,v3,471360,stthomas,193273f8758c40888fe81a81bb299a6a,"Verhage, Terek",10120179,Right,THO_M,65c1737f-9caa-4353-b47d-4fd10637ae12,54.05857,-124.10103,12.61767,5.62788,-7.95141,-6.69726,-2.08598,6.0238,-2.4465,,,,,,,,,,,,,,,,,,,,,,,,,,,,,,,,,,,,,,,,,,,,,,,,,,,High,High,High,,,,,,,,,,,,,,,,,,,,,,,,,,,,,,,,,,,,
334,2026-03-25,21:27:20.37,2,1,"Phillips, Nolan",10149388,Right,THO_M,"Neels, Weber",809730,Right,MIN_GOL,Undefined,8,Bottom,0,0,0,Fastball,Four-Seam,FoulBallNotFieldable,Undefined,Undefined,Undefined,0,0,,84.48643,-1.391586,-2.13432,2245.466346,203.740011,12:45,5.6108,1.88434,6.31931,-19.37977,19.04281,7.84953,2.713,0.57181,77.46,-5.089035,-0.715188,0.446133,,,,,,,,,,,,-4.70835,10.68756,-1.73207,50,5.49967,4.28866,-122.76925,-3.49064,-7.19821,23.91923,-15.83477,MIN_GOL,THO_M,SiebertField,D1,BIG10,20260325-SiebertField-2,511c4a80-28bb-11f1-8a82-49bc3e741f4e,84.48696,,,7.02643,,,,,,,34f96caf-3623-479a-a7fb-b2cda99893ab,2026-03-26,02:27:20.37,2026-03-25T21:27:20.3700000-05:00,2026-03-26T02:27:20.3700000Z,,v3,471360,stthomas,193273f8758c40888fe81a81bb299a6a,"Verhage, Terek",10120179,Right,THO_M,d8631df1-8b4f-41d8-a1f9-4aba773e0ade,54.1805,-123.58106,11.95961,5.60902,-2.95321,-7.91739,-1.88177,4.53296,-3.5991,,,,,,,,,,,,,,,,,,,,,,,,,,,,,,,,,,,,,,,,,,,,,,,,,,,High,High,High,,,,,,,,,,,,,,,,,,,,,,,,,,,,,,,,,,,,
335,2026-03-25,21:27:54.32,2,2,"Phillips, Nolan",10149388,Right,THO_M,"Neels, Weber",809730,Right,MIN_GOL,Undefined,8,Bottom,0,0,1,Curveball,Curveball,BallinDirt,Undefined,Undefined,Undefined,0,0,,71.72608,1.649468,-2.215964,3060.992052,31.800651,7:00,5.44566,2.19122,5.66374,-75.26354,-19.03603,-13.10635,0.71334,-0.96831,65.08281,-12.040249,-4.564303,0.539692,,,,,,,,,,,,5.85567,-9.70193,-1.99535,50,5.53782,4.48444,-103.95429,0.66507,6.21713,22.25316,-42.47488,MIN_GOL,THO_M,SiebertField,D1,BIG10,20260325-SiebertField-2,655f3610-28bb-11f1-8a82-49bc3e741f4e,69.84068,,,6.64327,,,,,,,34f96caf-3623-479a-a7fb-b2cda99893ab,2026-03-26,02:27:54.32,2026-03-25T21:27:54.3220000-05:00,2026-03-26T02:27:54.3220000Z,,v3,471360,stthomas,193273f8758c40888fe81a81bb299a6a,"Verhage, Terek",10120179,Right,THO_M,1b4c7b53-6597-4f80-bbd7-cd5fef96f1d3,54.8392,-104.98509,11.12658,5.46144,2.63257,-21.23744,-2.19641,4.19645,3.10856,,,,,,,,,,,,,,,,,,,,,,,,,,,,,,,,,,,,,,,,,,,,,,,,,,,High,High,High,,,,,,,,,,,,,,,,,,,,,,,,,,,,,,,,,,,,
336,2026-03-25,21:28:28.96,2,3,"Phillips, Nolan",10149388,Right,THO_M,"Neels, Weber",809730,Right,MIN_GOL,Undefined,8,Bottom,0,1,1,Fastball,Cutter,StrikeCalled,Undefined,Undefined,Undefined,0,0,,83.57914,-1.816042,-1.464823,2212.240515,190.455474,12:15,5.63874,2.01194,6.16209,-21.20229,18.58355,3.18362,2.19318,0.92379,76.17238,-5.847202,-0.890595,0.453979,,,,,,,,,,,,-2.06547,10.5293,-1.90237,50,5.48998,2.97819,-121.30399,-4.41337,-3.06251,24.8157,-16.56222,MIN_GOL,THO_M,SiebertField,D1,BIG10,20260325-SiebertField-2,7a006e40-28bb-11f1-8a82-49bc3e741f4e,83.02687,,,7.40676,,,,,,,34f96caf-3623-479a-a7fb-b2cda99893ab,2026-03-26,02:28:28.96,2026-03-25T21:28:28.9610000-05:00,2026-03-26T02:28:28.9610000Z,,v3,471360,stthomas,193273f8758c40888fe81a81bb299a6a,"Verhage, Terek",10120179,Right,THO_M,d2fe1588-44b1-4c37-b6b1-6bbfaf728a37,54.33391,-122.18738,12.40785,5.63659,-3.82379,-8.28111,-2.01033,3.0872,-1.53126,,,,,,,,,,,,,,,,,,,,,,,,,,,,,77.66004,2.150504,0.882022,1.268481,-1.45043,1.89307,-0.88,-0.95953,6.30617,1.4879,127.27908,1.56382,2.62514,-0.84139,112.06741,-8.81002,6.31731,10.61993,-11.33779,1.45332,-1.65137,2.05521,High,High,High,,,High,High,High,,,,,,,,,,,,,,,,,,,,,,,,,,,,,,,
337,2026-03-25,21:31:25.08,2,4,"Phillips, Nolan",10149388,Right,THO_M,"Neels, Weber",809730,Right,MIN_GOL,Undefined,8,Bottom,0,1,2,Curveball,Curveball,StrikeSwinging,Strikeout,Undefined,Undefined,1,0,,71.74991,3.013312,-2.515315,3013.91728,31.982869,7:00,5.56423,2.12699,5.74347,-75.45421,-19.66344,-13.52497,2.08729,-1.34353,65.18421,-10.7451,-4.93596,0.537592,,,,,,,,,,,,5.95473,-10.30879,-1.90965,50,5.77008,5.05107,-103.95124,3.12604,6.36527,21.17501,-43.1936,MIN_GOL,THO_M,SiebertField,D1,BIG10,20260325-SiebertField-2,e30c3720-28bb-11f1-8a82-49bc3e741f4e,70.1135,,,6.5657,,,,,,,34f96caf-3623-479a-a7fb-b2cda99893ab,2026-03-26,02:31:25.08,2026-03-25T21:31:25.0830000-05:00,2026-03-26T02:31:25.0830000Z,,v3,471360,stthomas,193273f8758c40888fe81a81bb299a6a,"Verhage, Terek",10120179,Right,THO_M,a160b2f1-3763-49fa-b6fe-a51d04569eec,54.76014,-104.91641,10.58751,5.58272,5.09483,-21.5968,-2.13327,4.76094,3.18263,,,,,,,,,,,,,,,,,,,,,,,,,,,,,67.89425,,,0.994434,,,,-0.6416,5.73984,0.00184,69.49358,6.20957,-55.29415,-0.62305,74.03524,-3.53921,5.79397,14.86039,-14.5024,-0.09649,-63.40969,7.91274,High,High,High,,,High,High,High,,,,,,,,,,,,,,,,,,,,,,,,,,,,,,,
338,2026-03-25,21:31:56.62,3,1,"Phillips, Nolan",10149388,Right,THO_M,"Cole, Ethan",837902,Right,MIN_GOL,Undefined,8,Bottom,2,0,0,Curveball,Curveball,BallCalled,Undefined,Undefined,Undefined,0,0,,74.84427,3.448428,-0.919746,2922.479208,61.108646,8:00,5.48267,2.44266,5.53892,-57.90275,-6.92146,-15.54938,3.88479,0.28718,68.21269,-7.135832,-3.689538,0.513898,,,,,,,,,,,,7.51796,-3.95481,-2.35254,50,5.7439,2.332,-108.48563,4.65313,8.89175,20.31849,-36.85154,MIN_GOL,THO_M,SiebertField,D1,BIG10,20260325-SiebertField-2,f5d83a20-28bb-11f1-8a82-49bc3e741f4e,73.34615,,,6.63158,,,,,,,34f96caf-3623-479a-a7fb-b2cda99893ab,2026-03-26,02:31:56.62,2026-03-25T21:31:56.6220000-05:00,2026-03-26T02:31:56.6220000Z,,v3,471360,stthomas,193273f8758c40888fe81a81bb299a6a,"Verhage, Terek",10120179,Right,THO_M,a69751bd-1ff0-4979-b737-91d7d8f60ed5,54.9616,-109.41095,10.15925,5.49378,6.33138,-18.42577,-2.44952,1.92707,4.44587,,,,,,,,,,,,,,,,,,,,,,,,,,,,,,,,,,,,,,,,,,,,,,,,,,,High,High,High,,,,,,,,,,,,,,,,,,,,,,,,,,,,,,,,,,,,
339,2026-03-25,21:32:10.56,3,2,"Phillips, Nolan",10149388,Right,THO_M,"Cole, Ethan",837902,Right,MIN_GOL,Undefined,8,Bottom,2,1,0,Fastball,Four-Seam,BallCalled,Undefined,Undefined,Undefined,0,0,,85.3332,-2.363016,-1.718556,2234.501758,198.776202,12:45,5.54501,2.08709,6.32364,-19.24556,18.53627,5.88926,1.76279,0.99469,78.13043,-6.029486,-0.653128,0.442398,,,,,,,,,,,,-3.54122,10.67611,-1.96423,50,5.36295,3.49293,-123.90126,-5.61765,-5.50293,24.83437,-15.58376,MIN_GOL,THO_M,SiebertField,D1,BIG10,20260325-SiebertField-2,fe157310-28bb-11f1-8a82-49bc3e741f4e,85.20033,,,7.20277,,,,,,,34f96caf-3623-479a-a7fb-b2cda99893ab,2026-03-26,02:32:10.56,2026-03-25T21:32:10.5640000-05:00,2026-03-26T02:32:10.5640000Z,,v3,471360,stthomas,193273f8758c40888fe81a81bb299a6a,"Verhage, Terek",10120179,Right,THO_M,f8584882-9b75-4e8d-80c2-4c11a6aa9884,54.17407,-124.73509,12.41719,5.54279,-5.09441,-7.79188,-2.08461,3.67769,-2.75146,,,,,,,,,,,,,,,,,,,,,,,,,,,,,,,,,,,,,,,,,,,,,,,,,,,High,High,High,,,,,,,,,,,,,,,,,,,,,,,,,,,,,,,,,,,,
340,2026-03-25,21:32:32.18,3,3,"Phillips, Nolan",10149388,Right,THO_M,"Cole, Ethan",837902,Right,MIN_GOL,Undefined,8,Bottom,2,2,0,Fastball,Four-Seam,BallCalled,Undefined,Undefined,Undefined,0,0,,85.29236,-3.140485,-0.788311,2186.775172,203.025854,12:45,5.6496,1.94754,6.16247,-17.63674,20.83525,8.27229,1.27565,1.90864,77.34178,-6.526756,0.704417,0.44642,,,,,,,,,,,,-4.51099,12.14383,-1.89182,50,5.40214,1.37446,-123.64548,-7.22778,-6.90576,27.21278,-13.58342,MIN_GOL,THO_M,SiebertField,D1,BIG10,20260325-SiebertField-2,0af61c60-28bc-11f1-8a82-49bc3e741f4e,84.43271,,,7.95057,,,,,,,34f96caf-3623-479a-a7fb-b2cda99893ab,2026-03-26,02:32:32.18,2026-03-25T21:32:32.1860000-05:00,2026-03-26T02:32:32.1860000Z,,v3,471360,stthomas,193273f8758c40888fe81a81bb299a6a,"Verhage, Terek",10120179,Right,THO_M,0fb72320-a04e-4f5a-ba0c-22ff713102f2,54.33377,-124.59564,13.60639,5.64622,-6.7535,-6.79171,-1.94402,1.61557,-3.45288,,,,,,,,,,,,,,,,,,,,,,,,,,,,,,,,,,,,,,,,,,,,,,,,,,,High,High,High,,,,,,,,,,,,,,,,,,,,,,,,,,,,,,,,,,,,
341,2026-03-25,21:32:50.75,3,4,"Phillips, Nolan",10149388,Right,THO_M,"Cole, Ethan",837902,Right,MIN_GOL,Undefined,8,Bottom,2,3,0,Fastball,Four-Seam,BallCalled,Walk,Undefined,Undefined,0,0,,84.53815,-3.138767,-1.916565,2241.839218,205.583396,12:45,5.63741,2.02211,6.3497,-18.98662,19.83285,8.84563,1.16148,0.99441,76.85359,-6.776066,-0.315498,0.448432,,,,,,,,,,,,-5.18343,11.68355,-1.88691,50,5.40025,3.76612,-122.56906,-7.19752,-7.8156,26.22489,-14.55747,MIN_GOL,THO_M,SiebertField,D1,BIG10,20260325-SiebertField-2,1602c900-28bc-11f1-8a82-49bc3e741f4e,84.05392,,,7.68456,,,,,,,34f96caf-3623-479a-a7fb-b2cda99893ab,2026-03-26,02:32:50.75,2026-03-25T21:32:50.7540000-05:00,2026-03-26T02:32:50.7540000Z,,v3,471360,stthomas,193273f8758c40888fe81a81bb299a6a,"Verhage, Terek",10120179,Right,THO_M,be768e2c-4455-440e-be2d-0faf8ee96f5e,54.14723,-123.45321,13.11244,5.63464,-6.70673,-7.27874,-2.01832,4.02962,-3.9078,,,,,,,,,,,,,,,,,,,,,,,,,,,,,,,,,,,,,,,,,,,,,,,,,,,High,High,High,,,,,,,,,,,,,,,,,,,,,,,,,,,,,,,,,,,,
342,2026-03-25,21:33:23.39,4,1,"Phillips, Nolan",10149388,Right,THO_M,"Mosh, Jack",809348,Left,MIN_GOL,Undefined,8,Bottom,2,0,0,ChangeUp,Changeup,BallCalled,Undefined,Undefined,Undefined,0,0,,78.31787,-0.502502,-1.093023,2227.587984,230.108064,1:45,5.51486,2.03232,6.36303,-31.81399,13.21335,13.98497,2.40117,2.19175,71.32046,-6.501098,1.440885,0.482958,,,,,,,,,,,,-7.5654,7.50233,-1.95911,50,5.46379,1.67089,-113.7603,-1.84722,-9.83234,22.4763,-22.42369,MIN_GOL,THO_M,SiebertField,D1,BIG10,20260325-SiebertField-2,298c2890-28bc-11f1-8a82-49bc3e741f4e,78.04495,,,6.99741,,,,,,,34f96caf-3623-479a-a7fb-b2cda99893ab,2026-03-26,02:33:23.39,2026-03-25T21:33:23.3940000-05:00,2026-03-26T02:33:23.3940000Z,,v3,471360,stthomas,193273f8758c40888fe81a81bb299a6a,"Verhage, Terek",10120179,Right,THO_M,a53d0870-d226-42f1-a78c-24f78f1fd18b,54.13328,-114.57403,11.23815,5.51597,-1.03539,-11.21184,-2.02605,2.02686,-4.91617,,,,,,,,,,,,,,,,,,,,,,,,,,,,,,,,,,,,,,,,,,,,,,,,,,,High,High,High,,,,,,,,,,,,,,,,,,,,,,,,,,,,,,,,,,,,
343,2026-03-25,21:33:58.09,4,2,"Phillips, Nolan",10149388,Right,THO_M,"Mosh, Jack",809348,Left,MIN_GOL,Undefined,8,Bottom,2,1,0,Fastball,Four-Seam,StrikeCalled,Undefined,Undefined,Undefined,0,0,,84.75671,-1.660002,-1.534953,2274.753906,195.927881,12:30,5.5913,2.06687,6.21498,-19.25139,19.56942,5.19496,2.45412,1.08293,76.75803,-5.356055,-0.597136,0.448439,,,,,,,,,,,,-3.14252,11.02674,-1.95424,50,5.45708,3.08843,-122.95585,-4.05425,-4.75943,26.8095,-15.47379,MIN_GOL,THO_M,SiebertField,D1,BIG10,20260325-SiebertField-2,3e2c7660-28bc-11f1-8a82-49bc3e741f4e,84.05249,,,7.99868,,,,,,,34f96caf-3623-479a-a7fb-b2cda99893ab,2026-03-26,02:33:58.09,2026-03-25T21:33:58.0980000-05:00,2026-03-26T02:33:58.0980000Z,,v3,471360,stthomas,193273f8758c40888fe81a81bb299a6a,"Verhage, Terek",10120179,Right,THO_M,49418ce2-a380-45c1-89ae-a9ad9efd52dd,54.27987,-123.88553,13.40475,5.58837,-3.51766,-7.7369,-2.0642,3.25347,-2.37972,,,,,,,,,,,,,,,,,,,,,,,,,,,,,,,,,,,,,,,,,,,,,,,,,,,High,High,High,,,,,,,,,,,,,,,,,,,,,,,,,,,,,,,,,,,,
344,2026-03-25,21:34:15.45,4,3,"Phillips, Nolan",10149388,Right,THO_M,"Mosh, Jack",809348,Left,MIN_GOL,Undefined,8,Bottom,2,1,1,ChangeUp,Changeup,BallCalled,Undefined,Undefined,Undefined,0,0,,78.6642,-1.72594,-4.486149,2269.74838,222.751792,1:30,5.49229,1.95103,6.3443,-34.22234,10.23678,8.1917,1.04619,-1.50467,72.53048,-8.092791,-3.008473,0.479901,,,,,,,,,,,,-5.4776,6.22713,-1.62814,50,5.35035,8.6623,-114.02059,-4.3941,-7.23474,20.31833,-23.94931,MIN_GOL,THO_M,SiebertField,D1,BIG10,20260325-SiebertField-2,48827d30-28bc-11f1-8a82-49bc3e741f4e,78.54207,,,6.13372,,,,,,,34f96caf-3623-479a-a7fb-b2cda99893ab,2026-03-26,02:34:15.45,2026-03-25T21:34:15.4510000-05:00,2026-03-26T02:34:15.4510000Z,,v3,471360,stthomas,193273f8758c40888fe81a81bb299a6a,"Verhage, Terek",10120179,Right,THO_M,5ab6543b-2359-4fac-9a5b-d7de8c894c6e,54.15447,-114.75853,10.15917,5.49415,-3.52429,-11.97466,-1.94752,8.92505,-3.61737,,,,,,,,,,,,,,,,,,,,,,,,,,,,,,,,,,,,,,,,,,,,,,,,,,,High,High,High,,,,,,,,,,,,,,,,,,,,,,,,,,,,,,,,,,,,
345,2026-03-25,21:34:49.58,4,4,"Phillips, Nolan",10149388,Right,THO_M,"Mosh, Jack",809348,Left,MIN_GOL,Undefined,8,Bottom,2,2,1,Fastball,Four-Seam,BallCalled,Undefined,Undefined,Undefined,0,0,,85.69904,-2.137,-0.811542,2256.380306,196.291565,12:30,5.53783,2.12333,6.21829,-15.79458,22.28856,6.1104,2.24852,1.8836,77.35586,-5.212844,0.291905,0.444158,,,,,,,,,,,,-3.38063,12.5656,-2.06527,50,5.36951,1.51088,-124.27195,-4.99135,-5.21515,28.04852,-12.78966,MIN_GOL,THO_M,SiebertField,D1,BIG10,20260325-SiebertField-2,5cde20e0-28bc-11f1-8a82-49bc3e741f4e,84.86263,,,8.34318,,,,,,,34f96caf-3623-479a-a7fb-b2cda99893ab,2026-03-26,02:34:49.58,2026-03-25T21:34:49.5850000-05:00,2026-03-26T02:34:49.5850000Z,,v3,471360,stthomas,193273f8758c40888fe81a81bb299a6a,"Verhage, Terek",10120179,Right,THO_M,c4614ad3-bc8b-4aa8-bc40-a53bc34bd188,54.27528,-125.23317,14.02426,5.53305,-4.55304,-6.39483,-2.12011,1.6896,-2.60758,,,,,,,,,,,,,,,,,,,,,,,,,,,,,,,,,,,,,,,,,,,,,,,,,,,High,High,High,,,,,,,,,,,,,,,,,,,,,,,,,,,,,,,,,,,,
346,2026-03-25,21:35:08.32,4,5,"Phillips, Nolan",10149388,Right,THO_M,"Mosh, Jack",809348,Left,MIN_GOL,Undefined,8,Bottom,2,3,1,Fastball,Four-Seam,BallCalled,Walk,Undefined,Undefined,0,0,,83.68688,-2.860537,-1.695455,2213.641362,189.725775,12:15,5.5501,1.93531,6.35507,-17.21135,22.47096,3.60866,1.47965,0.67508,75.84116,-6.193336,-1.042403,0.453388,,,,,,,,,,,,-2.40067,12.99764,-1.81398,50,5.33425,3.45487,-121.33486,-6.45557,-3.53811,26.2624,-13.01803,MIN_GOL,THO_M,SiebertField,D1,BIG10,20260325-SiebertField-2,680bc300-28bc-11f1-8a82-49bc3e741f4e,83.13511,,,7.84572,,,,,,,34f96caf-3623-479a-a7fb-b2cda99893ab,2026-03-26,02:35:08.32,2026-03-25T21:35:08.3260000-05:00,2026-03-26T02:35:08.3260000Z,,v3,471360,stthomas,193273f8758c40888fe81a81bb299a6a,"Verhage, Terek",10120179,Right,THO_M,b662c00e-3bb8-4220-a83f-14c22a3ce233,54.14077,-122.22783,13.1312,5.54622,-6.01293,-6.50902,-1.9335,3.57517,-1.76905,,,,,,,,,,,,,,,,,,,,,,,,,,,,,,,,,,,,,,,,,,,,,,,,,,,High,High,High,,,,,,,,,,,,,,,,,,,,,,,,,,,,,,,,,,,,
347,2026-03-25,21:35:41.51,5,1,"Phillips, Nolan",10149388,Right,THO_M,"Sutherland, Charlie",822390,Left,MIN_GOL,Undefined,8,Bottom,2,0,0,Curveball,Curveball,BallCalled,Undefined,Undefined,Undefined,0,0,,71.29207,3.676365,-2.669031,2976.724887,46.765961,7:30,5.56228,2.18265,5.6459,-72.19453,-15.2828,-18.45013,2.98373,-1.84626,64.48807,-9.503144,-5.95687,0.542966,,,,,,,,,,,,8.56937,-8.74524,-1.94345,50,5.82801,5.43546,-103.16191,4.46802,9.00428,21.15389,-41.36314,MIN_GOL,THO_M,SiebertField,D1,BIG10,20260325-SiebertField-2,7bd20480-28bc-11f1-8a82-49bc3e741f4e,69.41958,,,6.80401,,,,,,,34f96caf-3623-479a-a7fb-b2cda99893ab,2026-03-26,02:35:41.51,2026-03-25T21:35:41.5120000-05:00,2026-03-26T02:35:41.5120000Z,,v3,471360,stthomas,193273f8758c40888fe81a81bb299a6a,"Verhage, Terek",10120179,Right,THO_M,2b949626-0c79-4702-8727-ffc5e0546286,54.85772,-104.15324,10.57695,5.5732,6.40642,-20.68157,-2.18829,5.01349,4.50214,,,,,,,,,,,,,,,,,,,,,,,,,,,,,,,,,,,,,,,,,,,,,,,,,,,High,High,High,,,,,,,,,,,,,,,,,,,,,,,,,,,,,,,,,,,,
348,2026-03-25,21:36:23.69,5,2,"Phillips, Nolan",10149388,Right,THO_M,"Sutherland, Charlie",822390,Left,MIN_GOL,Undefined,8,Bottom,2,1,0,Fastball,Four-Seam,BallCalled,Undefined,Undefined,Undefined,0,0,,84.82926,-1.288343,-1.219413,2174.100487,196.676221,12:30,5.60251,2.12389,6.21027,-17.8634,20.64218,5.80103,2.92438,1.48171,77.22395,-4.723394,-0.17218,0.446615,,,,,,,,,,,,-3.33418,11.42024,-2.0351,50,5.49662,2.39226,-123.17207,-3.21334,-5.10005,25.45099,-14.70535,MIN_GOL,THO_M,SiebertField,D1,BIG10,20260325-SiebertField-2,94eb7e60-28bc-11f1-8a82-49bc3e741f4e,84.39587,,,7.6053,,,,,,,34f96caf-3623-479a-a7fb-b2cda99893ab,2026-03-26,02:36:23.69,2026-03-25T21:36:23.6950000-05:00,2026-03-26T02:36:23.6950000Z,,v3,471360,stthomas,193273f8758c40888fe81a81bb299a6a,"Verhage, Terek",10120179,Right,THO_M,17715ee0-03c8-4342-b2a8-4127108dae55,54.2854,-124.0544,12.72549,5.59918,-2.70354,-7.35267,-2.1211,2.56907,-2.55002,,,,,,,,,,,,,,,,,,,,,,,,,,,,,,,,,,,,,,,,,,,,,,,,,,,High,High,High,,,,,,,,,,,,,,,,,,,,,,,,,,,,,,,,,,,,
349,2026-03-25,21:36:45.04,5,3,"Phillips, Nolan",10149388,Right,THO_M,"Sutherland, Charlie",822390,Left,MIN_GOL,Undefined,8,Bottom,2,2,0,Fastball,Four-Seam,BallinDirt,Undefined,Undefined,Undefined,0,0,,85.79052,-4.383978,-4.421735,2260.112891,195.044566,12:30,5.4352,2.06561,6.48937,-16.43048,21.15363,5.34284,0.02136,-1.55661,78.37636,-7.537558,-3.456642,0.441239,,,,,,,,,,,,-4.10051,12.76725,-1.75726,50,5.1189,9.39505,-124.01744,-9.92343,-6.36057,25.73208,-12.36996,MIN_GOL,THO_M,SiebertField,D1,BIG10,20260325-SiebertField-2,a1a5db00-28bc-11f1-8a82-49bc3e741f4e,85.42413,,,7.41416,,,,,,,34f96caf-3623-479a-a7fb-b2cda99893ab,2026-03-26,02:36:45.04,2026-03-25T21:36:45.0450000-05:00,2026-03-26T02:36:45.0450000Z,,v3,471360,stthomas,193273f8758c40888fe81a81bb299a6a,"Verhage, Terek",10120179,Right,THO_M,5577ff01-c0c7-4357-b836-8d3b957b769b,54.00954,-124.8466,12.86604,5.43223,-9.52484,-6.18498,-2.06329,9.6,-3.18029,,,,,,,,,,,,,,,,,,,,,,,,,,,,,,,,,,,,,,,,,,,,,,,,,,,High,High,High,,,,,,,,,,,,,,,,,,,,,,,,,,,,,,,,,,,,
350,2026-03-25,21:37:08.27,5,4,"Phillips, Nolan",10149388,Right,THO_M,"Sutherland, Charlie",822390,Left,MIN_GOL,Undefined,8,Bottom,2,3,0,Fastball,Four-Seam,BallCalled,Walk,Undefined,Undefined,0,0,,82.71593,-2.996288,-2.543895,2126.821687,194.266009,12:30,5.56935,2.0642,6.3132,-18.75103,21.71934,5.17453,1.24156,0.15062,75.47493,-6.588882,-1.608957,0.457868,,,,,,,,,,,,-3.42937,12.57934,-1.88024,50,5.34047,5.13594,-119.9223,-6.73447,-4.97174,24.15808,-13.93705,MIN_GOL,THO_M,SiebertField,D1,BIG10,20260325-SiebertField-2,af9423c0-28bc-11f1-8a82-49bc3e741f4e,82.3217,,,7.24101,,,,,,,34f96caf-3623-479a-a7fb-b2cda99893ab,2026-03-26,02:37:08.27,2026-03-25T21:37:08.2720000-05:00,2026-03-26T02:37:08.2720000Z,,v3,471360,stthomas,193273f8758c40888fe81a81bb299a6a,"Verhage, Terek",10120179,Right,THO_M,b1972c82-0f65-4ebe-b7be-a8d666b98149,54.18387,-120.7622,12.07904,5.56618,-6.24993,-6.96853,-2.0618,5.30879,-2.48587,,,,,,,,,,,,,,,,,,,,,,,,,,,,,,,,,,,,,,,,,,,,,,,,,,,High,High,High,,,,,,,,,,,,,,,,,,,,,,,,,,,,,,,,,,,,
351,2026-03-25,21:37:39.99,6,1,"Phillips, Nolan",10149388,Right,THO_M,"Hunt, Sam",1000048505,Left,MIN_GOL,Undefined,8,Bottom,2,0,0,Fastball,Four-Seam,BallCalled,Undefined,Undefined,Undefined,0,0,,85.37566,-1.444729,-3.874157,2257.443315,187.008704,12:15,5.53468,2.05391,6.4869,-16.47635,21.22718,2.45807,2.83194,-1.30352,77.83812,-4.632544,-3.429901,0.441939,,,,,,,,,,,,-2.38925,11.87449,-1.78265,50,5.42532,8.28935,-123.78404,-3.50062,-3.69646,25.37013,-13.80284,MIN_GOL,THO_M,SiebertField,D1,BIG10,20260325-SiebertField-2,c26fb720-28bc-11f1-8a82-49bc3e741f4e,85.28878,,,7.53754,,,,,,,34f96caf-3623-479a-a7fb-b2cda99893ab,2026-03-26,02:37:39.99,2026-03-25T21:37:39.9910000-05:00,2026-03-26T02:37:39.9910000Z,,v3,471360,stthomas,193273f8758c40888fe81a81bb299a6a,"Verhage, Terek",10120179,Right,THO_M,73023d4c-c51a-49dc-89fe-429e8e51558f,54.00948,-124.60309,12.68507,5.53114,-3.05501,-6.90142,-2.05219,8.40869,-1.84823,,,,,,,,,,,,,,,,,,,,,,,,,,,,,,,,,,,,,,,,,,,,,,,,,,,High,High,High,,,,,,,,,,,,,,,,,,,,,,,,,,,,,,,,,,,,
352,2026-03-25,21:37:55.74,6,2,"Phillips, Nolan",10149388,Right,THO_M,"Hunt, Sam",1000048505,Left,MIN_GOL,Undefined,8,Bottom,2,1,0,Fastball,Four-Seam,BallCalled,Undefined,Undefined,Undefined,0,0,,84.27872,-1.28047,-0.417042,2072.484781,188.670458,12:15,5.5784,2.17503,6.13554,-17.72607,21.65978,3.09063,2.91755,2.04714,76.20209,-4.706991,0.140228,0.451691,,,,,,,,,,,,-1.70677,11.94379,-2.14467,50,5.47125,0.76532,-122.27948,-3.15938,-2.55481,26.67227,-14.29603,MIN_GOL,THO_M,SiebertField,D1,BIG10,20260325-SiebertField-2,cbd5b8a0-28bc-11f1-8a82-49bc3e741f4e,83.44738,,,8.07663,,,,,,,34f96caf-3623-479a-a7fb-b2cda99893ab,2026-03-26,02:37:55.74,2026-03-25T21:37:55.7460000-05:00,2026-03-26T02:37:55.7460000Z,,v3,471360,stthomas,193273f8758c40888fe81a81bb299a6a,"Verhage, Terek",10120179,Right,THO_M,0832addf-a0ab-47cf-bcbc-31ff60b5c447,54.35824,-123.22645,13.33614,5.57441,-2.65181,-7.14802,-2.17344,0.85603,-1.2774,,,,,,,,,,,,,,,,,,,,,,,,,,,,,,,,,,,,,,,,,,,,,,,,,,,High,High,High,,,,,,,,,,,,,,,,,,,,,,,,,,,,,,,,,,,,
353,2026-03-25,21:38:13.45,6,3,"Phillips, Nolan",10149388,Right,THO_M,"Hunt, Sam",1000048505,Left,MIN_GOL,Undefined,8,Bottom,2,2,0,Fastball,Four-Seam,StrikeCalled,Undefined,Undefined,Undefined,0,0,,83.69344,-1.755297,-2.358109,2184.95838,190.840084,12:15,5.53789,2.12246,6.47291,-17.62151,21.8443,3.91618,2.45561,0.28204,75.76892,-5.178006,-1.648428,0.452149,,,,,,,,,,,,-2.76417,12.34949,-1.95787,50,5.40592,4.85121,-121.39993,-4.11247,-4.07934,26.23111,-13.94883,MIN_GOL,THO_M,SiebertField,D1,BIG10,20260325-SiebertField-2,d6665770-28bc-11f1-8a82-49bc3e741f4e,83.36284,,,7.92453,,,,,,,34f96caf-3623-479a-a7fb-b2cda99893ab,2026-03-26,02:38:13.45,2026-03-25T21:38:13.4540000-05:00,2026-03-26T02:38:13.4540000Z,,v3,471360,stthomas,193273f8758c40888fe81a81bb299a6a,"Verhage, Terek",10120179,Right,THO_M,c74939ef-c6b1-42a6-aff0-1388c3dff73f,54.02208,-122.2659,13.11555,5.53408,-3.65198,-6.97441,-2.12024,4.98589,-2.03967,,,,,,,,,,,,,,,,,,,,,,,,,,,,,,,,,,,,,,,,,,,,,,,,,,,High,High,High,,,,,,,,,,,,,,,,,,,,,,,,,,,,,,,,,,,,
354,2026-03-25,21:38:30.93,6,4,"Phillips, Nolan",10149388,Right,THO_M,"Hunt, Sam",1000048505,Left,MIN_GOL,Undefined,8,Bottom,2,2,1,Fastball,Four-Seam,FoulBallNotFieldable,Undefined,Undefined,Undefined,0,0,,86.1812,-0.783094,-2.146401,2210.494753,199.799822,12:45,5.62886,2.08901,6.28022,-17.20324,20.26922,6.82367,3.47292,0.67838,77.87738,-4.116464,-0.913977,0.440583,73.3677,72.955662,-145.983198,4096.019775,,,,,23.20777,,,-4.23551,11.17607,-1.93387,50,5.56269,4.42431,-125.07157,-2.13686,-6.62573,28.15075,-14.69107,MIN_GOL,THO_M,SiebertField,D1,BIG10,20260325-SiebertField-2,e0c5fb30-28bc-11f1-8a82-49bc3e741f4e,85.55135,62.97234,,8.30381,,,,1.96383,3.58525,-0.67088,34f96caf-3623-479a-a7fb-b2cda99893ab,2026-03-26,02:38:30.93,2026-03-25T21:38:30.9360000-05:00,2026-03-26T02:38:30.9360000Z,,v3,471360,stthomas,193273f8758c40888fe81a81bb299a6a,"Verhage, Terek",10120179,Right,THO_M,d499c2c3-6247-4869-88c9-19c029424e64,54.21727,-126.0172,14.07537,5.62618,-1.64336,-7.34554,-2.08623,4.64688,-3.31286,5.932969,1.96383,-26.14309,-5.44312,2.68104,-0.80683,0.21679,-0.05392,0.0122,-0.00168,3.58525,102.87955,-32.24307,4.50863,-0.88362,0.14712,-0.02339,0.00267,0.0001,-0.67088,-17.6449,-0.08042,1.47397,-0.52553,0.15049,-0.0372,0.00862,-0.00116,,,,,,,,,,,,,,,,,,,,,,,High,High,High,High,Undefined,,,,,,,,,,,,,,,,,,,,,,,,,,,,,,,,,,
355,2026-03-25,21:38:52.87,6,5,"Phillips, Nolan",10149388,Right,THO_M,"Hunt, Sam",1000048505,Left,MIN_GOL,Undefined,8,Bottom,2,2,2,Fastball,Four-Seam,BallCalled,Undefined,Undefined,Undefined,0,0,,87.21963,-0.954289,-0.687677,2091.781793,198.320875,12:30,5.6805,2.0453,6.04765,-19.61883,16.87257,5.20315,3.162,1.84224,79.70501,-4.675897,0.249047,0.434777,,,,,,,,,,,,-2.85551,9.29536,-1.99445,50,5.59555,1.30679,-126.70415,-2.67412,-4.6407,25.95624,-17.06755,MIN_GOL,THO_M,SiebertField,D1,BIG10,20260325-SiebertField-2,ede470d0-28bc-11f1-8a82-49bc3e741f4e,86.69371,,,7.51462,,,,,,,34f96caf-3623-479a-a7fb-b2cda99893ab,2026-03-26,02:38:52.87,2026-03-25T21:38:52.8790000-05:00,2026-03-26T02:38:52.8790000Z,,v3,471360,stthomas,193273f8758c40888fe81a81bb299a6a,"Verhage, Terek",10120179,Right,THO_M,ec8bbb33-8b14-4c33-9d77-41d6e531d865,54.44904,-127.61232,12.97812,5.67867,-2.07696,-8.53377,-2.04301,1.46916,-2.32035,,,,,,,,,,,,,,,,,,,,,,,,,,,,,,,,,,,,,,,,,,,,,,,,,,,High,High,High,,,,,,,,,,,,,,,,,,,,,,,,,,,,,,,,,,,,
356,2026-03-25,21:39:10.68,6,6,"Phillips, Nolan",10149388,Right,THO_M,"Hunt, Sam",1000048505,Left,MIN_GOL,Undefined,8,Bottom,2,3,2,Fastball,Four-Seam,BallCalled,Walk,Undefined,Undefined,0,1,,86.56849,-1.331308,-0.409331,2029.168757,195.051353,12:30,5.62427,1.92761,6.25509,-21.26812,15.41406,3.83776,2.62402,1.86996,79.35025,-5.356137,0.28448,0.435912,,,,,,,,,,,,-2.09173,8.71032,-1.89897,50,5.51485,0.7467,-125.81128,-3.52588,-3.35815,25.13216,-18.19027,MIN_GOL,THO_M,SiebertField,D1,BIG10,20260325-SiebertField-2,f8836780-28bc-11f1-8a82-49bc3e741f4e,86.46794,,,7.21823,,,,,,,34f96caf-3623-479a-a7fb-b2cda99893ab,2026-03-26,02:39:10.68,2026-03-25T21:39:10.6870000-05:00,2026-03-26T02:39:10.6870000Z,,v3,471360,stthomas,193273f8758c40888fe81a81bb299a6a,"Verhage, Terek",10120179,Right,THO_M,6d76eea5-c532-4a9a-9689-0981303370fc,54.24184,-126.65579,12.56608,5.62306,-2.91463,-9.09513,-1.92595,0.85954,-1.67907,,,,,,,,,,,,,,,,,,,,,,,,,,,,,,,,,,,,,,,,,,,,,,,,,,,High,High,High,,,,,,,,,,,,,,,,,,,,,,,,,,,,,,,,,,,,