player_name,display_name,active,notes,id,pitcher,date,rel_speed,horz_break,induced_vert_break,original_pitch_type,new_pitch_type,new_pitcher,modified_at,pitch_key,created_at,PitchNo,Date,Time,PAofInning,PitchofPA,Pitcher,PitcherId,PitcherThrows,PitcherTeam,Batter,BatterId,BatterSide,BatterTeam,PitcherSet,Inning,Top/Bottom,Outs,Balls,Strikes,TaggedPitchType,AutoPitchType,PitchCall,KorBB,TaggedHitType,PlayResult,OutsOnPlay,RunsScored,Notes,RelSpeed,VertRelAngle,HorzRelAngle,SpinRate,SpinAxis,Tilt,RelHeight,RelSide,Extension,VertBreak,InducedVertBreak,HorzBreak,PlateLocHeight,PlateLocSide,ZoneSpeed,VertApprAngle,HorzApprAngle,ZoneTime,ExitSpeed,Angle,Direction,HitSpinRate,PositionAt110X,PositionAt110Y,PositionAt110Z,Distance,LastTrackedDistance,Bearing,HangTime,pfxx,pfxz,x0,y0,z0,vx0,vy0,vz0,ax0,ay0,az0,HomeTeam,AwayTeam,Stadium,Level,League,GameID,PitchUID,EffectiveVelo,MaxHeight,MeasuredDuration,SpeedDrop,PitchLastMeasuredX,PitchLastMeasuredY,PitchLastMeasuredZ,ContactPositionX,ContactPositionY,ContactPositionZ,GameUID,UTCDate,UTCTime,LocalDateTime,UTCDateTime,AutoHitType,System,HomeTeamForeignID,AwayTeamForeignID,GameForeignID,Catcher,CatcherId,CatcherThrows,CatcherTeam,PlayID,PitchTrajectoryXc0,PitchTrajectoryXc1,PitchTrajectoryXc2,PitchTrajectoryYc0,PitchTrajectoryYc1,PitchTrajectoryYc2,PitchTrajectoryZc0,PitchTrajectoryZc1,PitchTrajectoryZc2,HitSpinAxis,HitTrajectoryXc0,HitTrajectoryXc1,HitTrajectoryXc2,HitTrajectoryXc3,HitTrajectoryXc4,HitTrajectoryXc5,HitTrajectoryXc6,HitTrajectoryXc7,HitTrajectoryXc8,HitTrajectoryYc0,HitTrajectoryYc1,HitTrajectoryYc2,HitTrajectoryYc3,HitTrajectoryYc4,HitTrajectoryYc5,HitTrajectoryYc6,HitTrajectoryYc7,HitTrajectoryYc8,HitTrajectoryZc0,HitTrajectoryZc1,HitTrajectoryZc2,HitTrajectoryZc3,HitTrajectoryZc4,HitTrajectoryZc5,HitTrajectoryZc6,HitTrajectoryZc7,HitTrajectoryZc8,ThrowSpeed,PopTime,ExchangeTime,TimeToBase,CatchPositionX,CatchPositionY,CatchPositionZ,ThrowPositionX,ThrowPositionY,ThrowPositionZ,BasePositionX,BasePositionY,BasePositionZ,ThrowTrajectoryXc0,ThrowTrajectoryXc1,ThrowTrajectoryXc2,ThrowTrajectoryYc0,ThrowTrajectoryYc1,ThrowTrajectoryYc2,ThrowTrajectoryZc0,ThrowTrajectoryZc1,ThrowTrajectoryZc2,PitchReleaseConfidence,PitchLocationConfidence,PitchMovementConfidence,HitLaunchConfidence,HitLandingConfidence,CatcherThrowCatchConfidence,CatcherThrowReleaseConfidence,CatcherThrowLocationConfidence,SpinAxis3dTransverseAngle,SpinAxis3dLongitudinalAngle,SpinAxis3dActiveSpinRate,SpinAxis3dSpinEfficiency,SpinAxis3dTilt,SpinAxis3dVectorX,SpinAxis3dVectorY,SpinAxis3dVectorZ,SpinAxis3dSeamOrientationRotationX,SpinAxis3dSeamOrientationRotationY,SpinAxis3dSeamOrientationRotationZ,SpinAxis3dSeamOrientationBallYAmb1,SpinAxis3dSeamOrientationBallAngleHorizontalAmb1,SpinAxis3dSeamOrientationBallZAmb1,SpinAxis3dSeamOrientationBallAngleVerticalAmb2,SpinAxis3dSeamOrientationBallZAmb2,SpinAxis3dSeamOrientationBallXAmb4,SpinAxis3dSeamOrientationBallYAmb4,SpinAxis3dSeamOrientationBallAngleHorizontalAmb2,SpinAxis3dSeamOrientationBallAngleVerticalAmb1,SpinAxis3dSeamOrientationBallXAmb1,SpinAxis3dSeamOrientationBallYAmb2,SpinAxis3dSeamOrientationBallAngleHorizontalAmb4,SpinAxis3dSeamOrientationBallAngleVerticalAmb4,SpinAxis3dSeamOrientationBallXAmb2,SpinAxis3dSeamOrientationBallAngleVerticalAmb3,SpinAxis3dSeamOrientationBallAngleHorizontalAmb3,SpinAxis3dSeamOrientationBallXAmb3,SpinAxis3dSeamOrientationBallYAmb3,SpinAxis3dSeamOrientationBallZAmb3,SpinAxis3dSeamOrientationBallZAmb4,session_id,play_id,camera_slot,camera_name,camera_target,video_type,azure_blob,azure_md5,cloudinary_url,cloudinary_public_id,uploaded_at
NA,NA,NA,NA,NA,NA,NA,NA,NA,NA,NA,NA,NA,NA,NA,NA,1,2026-02-27,15:07:09,1,1,"Sauer, John-Paul",815663,Right,SOU_RED,"Raether, Carson",1000338521,Left,MIA_RED,Undefined,1,Top,0,0,0,Fastball,Four-Seam,StrikeCalled,Undefined,Undefined,Undefined,0,0,NA,89.75466,-2.599833,-1.042647,1984.276279,199.457604,12:45:00,5.77719,0.47466,5.79803,-16.12213,19.43064,6.38115,2.01347,0.03653,80.47973,-5.705692,0.100742,0.429149,NA,NA,NA,NA,NA,NA,NA,NA,NA,NA,NA,-3.56142,11.12465,-0.3926,50,5.55385,2.07601,-129.91568,-6.3395,-5.96395,32.33809,-13.5447,SOU_RED,MIA_RED,SEMissouriState,D1,OVC,20260227-SEMissouriState-1,4f0a9a80-1420-11f1-bd15-e1e313853076,87.83067,NA,NA,9.27493,NA,NA,NA,NA,NA,NA,9cb2ba17-931f-41d8-9324-5ddeae6b795a,2026-02-27,21:07:09,2026-02-27T21:07:09Z,2026-02-27T21:07:09Z,NA,v3,471444,471355,270b77465999425caf9e0eadef204240,"Rosario, Moises",10267810,Right,SOU_RED,c84ca6c9-e0cf-42d0-b67c-4eaa5cd0fcf3,54.69447,-131.079,16.16905,5.77314,-5.85224,-6.77235,-0.47115,2.29056,-2.98198,NA,NA,NA,NA,NA,NA,NA,NA,NA,NA,NA,NA,NA,NA,NA,NA,NA,NA,NA,NA,NA,NA,NA,NA,NA,NA,NA,NA,NA,NA,NA,NA,NA,NA,NA,NA,NA,NA,NA,NA,NA,NA,NA,NA,NA,NA,NA,NA,NA,NA,High,High,High,NA,NA,NA,NA,NA,NA,NA,NA,NA,NA,NA,NA,NA,NA,NA,NA,NA,NA,NA,NA,NA,NA,NA,NA,NA,NA,NA,NA,NA,NA,NA,NA,NA,NA,NA,NA,NA,NA,NA,NA,NA,NA,NA,NA,NA,NA,NA
NA,NA,NA,NA,NA,NA,NA,NA,NA,NA,NA,NA,NA,NA,NA,NA,2,2026-02-27,15:07:22,1,2,"Sauer, John-Paul",815663,Right,SOU_RED,"Raether, Carson",1000338521,Left,MIA_RED,Undefined,1,Top,0,0,1,ChangeUp,Changeup,BallCalled,Undefined,Undefined,Undefined,0,0,NA,78.79712,-3.052944,-2.516611,1793.444891,224.109486,01:30:00,5.78419,0.38639,5.9238,-32.66025,13.08721,11.05182,0.2242,-1.02935,71.53196,-9.128912,-0.530346,0.486805,NA,NA,NA,NA,NA,NA,NA,NA,NA,NA,NA,-6.47965,8.18973,-0.19124,50,5.52126,4.60002,-114.05727,-7.03973,-8.40422,23.9945,-21.55187,SOU_RED,MIA_RED,SEMissouriState,D1,OVC,20260227-SEMissouriState-1,56efef70-1420-11f1-bd15-e1e313853076,77.42826,NA,NA,7.26516,NA,NA,NA,NA,NA,NA,9cb2ba17-931f-41d8-9324-5ddeae6b795a,2026-02-27,21:07:22,2026-02-27T21:07:22Z,2026-02-27T21:07:22Z,NA,v3,471444,471355,270b77465999425caf9e0eadef204240,"Rosario, Moises",10267810,Right,SOU_RED,26f33322-f911-4400-a4f1-18a2487d50ef,54.57241,-115.01516,11.99725,5.78512,-6.17936,-10.77593,-0.38157,4.93553,-4.20211,NA,NA,NA,NA,NA,NA,NA,NA,NA,NA,NA,NA,NA,NA,NA,NA,NA,NA,NA,NA,NA,NA,NA,NA,NA,NA,NA,NA,NA,NA,NA,NA,NA,NA,NA,NA,NA,NA,NA,NA,NA,NA,NA,NA,NA,NA,NA,NA,NA,NA,High,High,High,NA,NA,NA,NA,NA,NA,NA,NA,NA,NA,NA,NA,NA,NA,NA,NA,NA,NA,NA,NA,NA,NA,NA,NA,NA,NA,NA,NA,NA,NA,NA,NA,NA,NA,NA,NA,NA,NA,NA,NA,NA,NA,NA,NA,NA,NA,NA
NA,NA,NA,NA,NA,NA,NA,NA,NA,NA,NA,NA,NA,NA,NA,NA,3,2026-02-27,15:07:36,1,3,"Sauer, John-Paul",815663,Right,SOU_RED,"Raether, Carson",1000338521,Left,MIA_RED,Undefined,1,Top,0,1,1,ChangeUp,Changeup,StrikeSwinging,Undefined,Undefined,Undefined,0,0,NA,81.01875,-1.609989,-1.079877,1852.55729,230.836203,01:45:00,5.80434,0.43931,5.96626,-29.65616,13.96481,14.98398,1.83959,0.68661,72.39783,-7.208054,1.615799,0.475356,NA,NA,NA,NA,NA,NA,NA,NA,NA,NA,NA,-7.95276,8.25154,-0.36135,50,5.66069,1.60433,-117.29332,-4.1569,-10.76834,27.98202,-21.00112,SOU_RED,MIA_RED,SEMissouriState,D1,OVC,20260227-SEMissouriState-1,5f5d1200-1420-11f1-bd15-e1e313853076,79.29306,NA,NA,8.62092,NA,NA,NA,NA,NA,NA,9cb2ba17-931f-41d8-9324-5ddeae6b795a,2026-02-27,21:07:36,2026-02-27T21:07:36Z,2026-02-27T21:07:36Z,NA,v3,471444,471355,270b77465999425caf9e0eadef204240,"Rosario, Moises",10267810,Right,SOU_RED,4e3f652c-d882-4e28-9456-fa93de03963f,54.52519,-118.36795,13.99101,5.8048400000000004,-3.35037,-10.50056,-0.43091,2.01787,-5.38417,NA,NA,NA,NA,NA,NA,NA,NA,NA,NA,NA,NA,NA,NA,NA,NA,NA,NA,NA,NA,NA,NA,NA,NA,NA,NA,NA,NA,NA,NA,NA,NA,NA,NA,NA,NA,NA,NA,NA,NA,NA,NA,NA,NA,NA,NA,NA,NA,NA,NA,High,High,High,NA,NA,NA,NA,NA,NA,NA,NA,NA,NA,NA,NA,NA,NA,NA,NA,NA,NA,NA,NA,NA,NA,NA,NA,NA,NA,NA,NA,NA,NA,NA,NA,NA,NA,NA,NA,NA,NA,NA,NA,NA,NA,NA,NA,NA,NA,NA
NA,NA,NA,NA,NA,NA,NA,NA,NA,NA,NA,NA,NA,NA,NA,NA,4,2026-02-27,15:07:54,1,4,"Sauer, John-Paul",815663,Right,SOU_RED,"Raether, Carson",1000338521,Left,MIA_RED,Undefined,1,Top,0,1,2,ChangeUp,Changeup,InPlay,Undefined,GroundBall,Out,1,0,NA,79.12946,-0.528133,-1.308261,1920.538407,229.631424,01:45:00,5.79467,0.37594,5.84647,-32.5086,12.79564,13.1295,2.59469,0.25413,71.55916,-6.61271,1.047588,0.484441,101.31441,3.822878,21.562951,2524.495369,NA,NA,NA,89.69232,87.88145,21.466125,0.637286,-7.18634,7.1713,-0.27751,50,5.73284,2.13122,-114.78436,-2.01699,-9.43554,24.39207,-22.75824,SOU_RED,MIA_RED,SEMissouriState,D1,OVC,20260227-SEMissouriState-1,69f7ea00-1420-11f1-bd15-e1e313853076,77.80604,3.90226,NA,7.5703,NA,NA,NA,3.45966,2.88559,-0.24215,9cb2ba17-931f-41d8-9324-5ddeae6b795a,2026-02-27,21:07:54,2026-02-27T21:07:54Z,2026-02-27T21:07:54Z,GroundBall,v3,471444,471355,270b77465999425caf9e0eadef204240,"Rosario, Moises",10267810,Right,SOU_RED,a27fa321-caeb-419c-9f8f-5630ebaad363,54.65118,-115.76854,12.19604,5.7957,-1.09874,-11.37912,-0.37118,2.51193,-4.71777,329.593156,3.49269,137.18638,-18.41678,NA,NA,NA,NA,NA,NA,2.92176,9.13845,-21.61628,NA,NA,NA,NA,NA,NA,-0.24033,54.45326,-4.04005,NA,NA,NA,NA,NA,NA,NA,NA,NA,NA,NA,NA,NA,NA,NA,NA,NA,NA,NA,NA,NA,NA,NA,NA,NA,NA,NA,NA,High,High,High,High,High,NA,NA,NA,NA,NA,NA,NA,NA,NA,NA,NA,NA,NA,NA,NA,NA,NA,NA,NA,NA,NA,NA,NA,NA,NA,NA,NA,NA,NA,NA,NA,NA,NA,NA,NA,NA,NA,NA,NA,NA,NA,NA,NA,NA,NA
NA,NA,NA,NA,NA,NA,NA,NA,NA,NA,NA,NA,NA,NA,NA,NA,5,2026-02-27,15:08:28,2,1,"Sauer, John-Paul",815663,Right,SOU_RED,"Krupinski, Dom",702597,Left,MIA_RED,Undefined,1,Top,1,0,0,Fastball,Four-Seam,StrikeCalled,Undefined,Undefined,Undefined,0,0,NA,90.37202,-3.077659,-1.786645,2061.518436,208.821639,01:00:00,5.77933,0.46841,5.85224,-16.95977,18.18532,9.24158,1.50221,-0.4221,80.84222,-6.334964,-0.129421,0.426681,NA,NA,NA,NA,NA,NA,NA,NA,NA,NA,NA,-5.27815,10.70969,-0.32836,50,5.51922,3.65859,-130.69497,-7.50697,-8.91692,33.51815,-14.08099,SOU_RED,MIA_RED,SEMissouriState,D1,OVC,20260227-SEMissouriState-1,7e7a4f90-1420-11f1-bd15-e1e313853076,88.33861,NA,NA,9.52981,NA,NA,NA,NA,NA,NA,9cb2ba17-931f-41d8-9324-5ddeae6b795a,2026-02-27,21:08:28,2026-02-27T21:08:28Z,2026-02-27T21:08:28Z,NA,v3,471444,471355,270b77465999425caf9e0eadef204240,"Rosario, Moises",10267810,Right,SOU_RED,70b7434a-22d6-4e45-bec0-b204c52c5596,54.64022,-131.87964,16.75908,5.77574,-7.00929,-7.0405,-0.46323,3.97375,-4.45846,NA,NA,NA,NA,NA,NA,NA,NA,NA,NA,NA,NA,NA,NA,NA,NA,NA,NA,NA,NA,NA,NA,NA,NA,NA,NA,NA,NA,NA,NA,NA,NA,NA,NA,NA,NA,NA,NA,NA,NA,NA,NA,NA,NA,NA,NA,NA,NA,NA,NA,High,High,High,NA,NA,NA,NA,NA,NA,NA,NA,NA,NA,NA,NA,NA,NA,NA,NA,NA,NA,NA,NA,NA,NA,NA,NA,NA,NA,NA,NA,NA,NA,NA,NA,NA,NA,NA,NA,NA,NA,NA,NA,NA,NA,NA,NA,NA,NA,NA
NA,NA,NA,NA,NA,NA,NA,NA,NA,NA,NA,NA,NA,NA,NA,NA,6,2026-02-27,15:08:44,2,2,"Sauer, John-Paul",815663,Right,SOU_RED,"Krupinski, Dom",702597,Left,MIA_RED,Undefined,1,Top,1,0,1,Fastball,Four-Seam,InPlay,Undefined,GroundBall,Out,1,0,NA,90.70672,-1.758636,-1.678965,2085.053223,216.827685,01:15:00,5.72011,0.36782,5.76063,-17.57576,17.33399,11.96339,2.61736,-0.19841,81.10571,-5.12878,0.462684,0.425251,96.75194,-2.145537,24.118075,3219.260251,NA,NA,NA,34.09282,34.09282,24.10609,0.239325,-6.68689,9.82426,-0.23616,50,5.56407,3.32112,-131.35473,-4.55973,-11.40621,33.96798,-15.41625,SOU_RED,MIA_RED,SEMissouriState,D1,OVC,20260227-SEMissouriState-1,879e6610-1420-11f1-bd15-e1e313853076,88.63585,2.6,NA,9.60101,NA,NA,NA,1.42738,2.6,0.21105,9cb2ba17-931f-41d8-9324-5ddeae6b795a,2026-02-27,21:08:44,2026-02-27T21:08:44Z,2026-02-27T21:08:44Z,GroundBall,v3,471444,471355,270b77465999425caf9e0eadef204240,"Rosario, Moises",10267810,Right,SOU_RED,d4a1bedb-0dee-4474-a31b-500be75116ad,54.73507,-132.57355,16.98399,5.71776,-4.00657,-7.70813,-0.36267,3.73039,-5.70311,318.931055,1.42955,129.30381,-21.95814,NA,NA,NA,NA,NA,NA,2.60235,-5.44289,-22.73445,NA,NA,NA,NA,NA,NA,0.21072,57.96223,-2.75439,NA,NA,NA,NA,NA,NA,NA,NA,NA,NA,NA,NA,NA,NA,NA,NA,NA,NA,NA,NA,NA,NA,NA,NA,NA,NA,NA,NA,High,High,High,High,High,NA,NA,NA,NA,NA,NA,NA,NA,NA,NA,NA,NA,NA,NA,NA,NA,NA,NA,NA,NA,NA,NA,NA,NA,NA,NA,NA,NA,NA,NA,NA,NA,NA,NA,NA,NA,NA,NA,NA,NA,NA,NA,NA,NA,NA
NA,NA,NA,NA,NA,NA,NA,NA,NA,NA,NA,NA,NA,NA,NA,NA,7,2026-02-27,15:09:23,3,1,"Sauer, John-Paul",815663,Right,SOU_RED,"Appelwick, Evan",695485,Right,MIA_RED,Undefined,1,Top,2,0,0,ChangeUp,Changeup,StrikeCalled,Undefined,Undefined,Undefined,0,0,NA,78.51697,-1.153406,-1.389838,1864.598661,222.683129,01:30:00,5.90418,0.165,5.86275,-31.08537,15.25229,12.41871,2.24177,-0.0915,70.54974,-7.003449,0.839207,0.489935,NA,NA,NA,NA,NA,NA,NA,NA,NA,NA,NA,-6.74752,8.7043,-0.05922,50,5.79301,2.27377,-113.73179,-3.17894,-8.64604,25.08032,-21.0207,SOU_RED,MIA_RED,SEMissouriState,D1,OVC,20260227-SEMissouriState-1,9ec00790-1420-11f1-bd15-e1e313853076,76.93355,NA,NA,7.96723,NA,NA,NA,NA,NA,NA,9cb2ba17-931f-41d8-9324-5ddeae6b795a,2026-02-27,21:09:23,2026-02-27T21:09:23Z,2026-02-27T21:09:23Z,NA,v3,471444,471355,270b77465999425caf9e0eadef204240,"Rosario, Moises",10267810,Right,SOU_RED,076632cb-a387-4eb5-86e4-23b233342775,54.62993,-114.74825,12.54016,5.90458,-2.32701,-10.51035,-0.15847,2.62418,-4.32302,NA,NA,NA,NA,NA,NA,NA,NA,NA,NA,NA,NA,NA,NA,NA,NA,NA,NA,NA,NA,NA,NA,NA,NA,NA,NA,NA,NA,NA,NA,NA,NA,NA,NA,NA,NA,NA,NA,NA,NA,NA,NA,NA,NA,NA,NA,NA,NA,NA,NA,High,High,High,NA,NA,NA,NA,NA,NA,NA,NA,NA,NA,NA,NA,NA,NA,NA,NA,NA,NA,NA,NA,NA,NA,NA,NA,NA,NA,NA,NA,NA,NA,NA,NA,NA,NA,NA,NA,NA,NA,NA,NA,NA,NA,NA,NA,NA,NA,NA
NA,NA,NA,NA,NA,NA,NA,NA,NA,NA,NA,NA,NA,NA,NA,NA,8,2026-02-27,15:09:39,3,2,"Sauer, John-Paul",815663,Right,SOU_RED,"Appelwick, Evan",695485,Right,MIA_RED,Undefined,1,Top,2,0,1,Slider,Curveball,BallCalled,Undefined,Undefined,Undefined,0,0,NA,79.31227,0.642828,-0.737753,2443.449408,65.587665,08:15:00,5.69818,0.49156,5.50479,-51.01609,-5.17587,-15.04635,2.04811,-1.45231,71.82574,-8.683393,-3.423224,0.487298,NA,NA,NA,NA,NA,NA,NA,NA,NA,NA,NA,7.26819,-2.23969,-0.41712,50,5.72068,2.09493,-114.98652,-0.47905,9.54233,25.17764,-35.11452,SOU_RED,MIA_RED,SEMissouriState,D1,OVC,20260227-SEMissouriState-1,a8b94860-1420-11f1-bd15-e1e313853076,77.34984,NA,NA,7.48653,NA,NA,NA,NA,NA,NA,9cb2ba17-931f-41d8-9324-5ddeae6b795a,2026-02-27,21:09:39,2026-02-27T21:09:39Z,2026-02-27T21:09:39Z,NA,v3,471444,471355,270b77465999425caf9e0eadef204240,"Rosario, Moises",10267810,Right,SOU_RED,99aacece-89e8-46b1-aa93-08ca8627632a,54.99256,-116.07455,12.58882,5.7086,1.03839,-17.55726,-0.49874,1.68257,4.77116,NA,NA,NA,NA,NA,NA,NA,NA,NA,NA,NA,NA,NA,NA,NA,NA,NA,NA,NA,NA,NA,NA,NA,NA,NA,NA,NA,NA,NA,NA,NA,NA,NA,NA,NA,NA,NA,NA,NA,NA,NA,NA,NA,NA,NA,NA,NA,NA,NA,NA,High,High,High,NA,NA,NA,NA,NA,NA,NA,NA,NA,NA,NA,NA,NA,NA,NA,NA,NA,NA,NA,NA,NA,NA,NA,NA,NA,NA,NA,NA,NA,NA,NA,NA,NA,NA,NA,NA,NA,NA,NA,NA,NA,NA,NA,NA,NA,NA,NA
NA,NA,NA,NA,NA,NA,NA,NA,NA,NA,NA,NA,NA,NA,NA,NA,9,2026-02-27,15:09:57,3,3,"Sauer, John-Paul",815663,Right,SOU_RED,"Appelwick, Evan",695485,Right,MIA_RED,Undefined,1,Top,2,1,1,Slider,Curveball,StrikeSwinging,Undefined,Undefined,Undefined,0,0,NA,78.84848,-0.875682,-0.357847,2346.956162,61.835305,08:00:00,5.62272,0.68216,5.44639,-52.85904,-6.14737,-14.75343,0.39786,-0.88234,71.39668,-10.493297,-2.993903,0.491908,NA,NA,NA,NA,NA,NA,NA,NA,NA,NA,NA,7.2776,-2.23768,-0.64024,50,5.50946,1.3066,-114.2595,-3.5735,9.38188,25.92512,-35.05872,SOU_RED,MIA_RED,SEMissouriState,D1,OVC,20260227-SEMissouriState-1,b356b870-1420-11f1-bd15-e1e313853076,76.62492,NA,NA,7.4518,NA,NA,NA,NA,NA,NA,9cb2ba17-931f-41d8-9324-5ddeae6b795a,2026-02-27,21:09:57,2026-02-27T21:09:57Z,2026-02-27T21:09:57Z,NA,v3,471444,471355,270b77465999425caf9e0eadef204240,"Rosario, Moises",10267810,Right,SOU_RED,b2e7d05c-940c-4412-b121-87fb00791b8c,55.05138,-115.39995,12.96256,5.63274,-2.03126,-17.52936,-0.68864,0.89389,4.69094,NA,NA,NA,NA,NA,NA,NA,NA,NA,NA,NA,NA,NA,NA,NA,NA,NA,NA,NA,NA,NA,NA,NA,NA,NA,NA,NA,NA,NA,NA,NA,NA,NA,NA,NA,NA,NA,NA,NA,NA,NA,NA,NA,NA,NA,NA,NA,NA,NA,NA,High,High,High,NA,NA,NA,NA,NA,NA,NA,NA,NA,NA,NA,NA,NA,NA,NA,NA,NA,NA,NA,NA,NA,NA,NA,NA,NA,NA,NA,NA,NA,NA,NA,NA,NA,NA,NA,NA,NA,NA,NA,NA,NA,NA,NA,NA,NA,NA,NA
NA,NA,NA,NA,NA,NA,NA,NA,NA,NA,NA,NA,NA,NA,NA,NA,10,2026-02-27,15:10:22,3,4,"Sauer, John-Paul",815663,Right,SOU_RED,"Appelwick, Evan",695485,Right,MIA_RED,Undefined,1,Top,2,1,2,Fastball,Four-Seam,StrikeCalled,Strikeout,Undefined,Undefined,0,0,NA,90.71706,-1.682633,-1.318123,2175.091896,208.976333,01:00:00,5.82113,0.03903,5.816,-14.43725,20.53777,10.59241,3.05265,-0.30408,80.70048,-4.5078,0.579918,0.425648,NA,NA,NA,NA,NA,NA,NA,NA,NA,NA,NA,-5.79374,11.40508,0.06294,50,5.67487,2.53323,-131.2882,-4.21822,-9.83862,34.80502,-12.8066,SOU_RED,MIA_RED,SEMissouriState,D1,OVC,20260227-SEMissouriState-1,c25a41c0-1420-11f1-bd15-e1e313853076,88.55314,NA,NA,10.01657,NA,NA,NA,NA,NA,NA,9cb2ba17-931f-41d8-9324-5ddeae6b795a,2026-02-27,21:10:22,2026-02-27T21:10:22Z,2026-02-27T21:10:22Z,NA,v3,471444,471355,270b77465999425caf9e0eadef204240,"Rosario, Moises",10267810,Right,SOU_RED,99ff1cbd-8c77-485e-956a-b74517993f7b,54.67556,-132.52191,17.40251,5.81635,-3.76427,-6.4033,-0.03303,2.88197,-4.91931,NA,NA,NA,NA,NA,NA,NA,NA,NA,NA,NA,NA,NA,NA,NA,NA,NA,NA,NA,NA,NA,NA,NA,NA,NA,NA,NA,NA,NA,NA,NA,NA,NA,NA,NA,NA,NA,NA,NA,NA,NA,NA,NA,NA,NA,NA,NA,NA,NA,NA,High,High,High,NA,NA,NA,NA,NA,NA,NA,NA,NA,NA,NA,NA,NA,NA,NA,NA,NA,NA,NA,NA,NA,NA,NA,NA,NA,NA,NA,NA,NA,NA,NA,NA,NA,NA,NA,NA,NA,NA,NA,NA,NA,NA,NA,NA,NA,NA,NA
NA,NA,NA,NA,NA,NA,NA,NA,NA,NA,NA,NA,NA,NA,NA,NA,11,2026-02-27,15:13:03,1,1,"Byers, Carson",1000133996,Left,MIA_RED,"Klein, Caleb",1000329534,Right,SOU_RED,Undefined,1,Bottom,0,0,0,Fastball,Changeup,StrikeCalled,Undefined,Undefined,Undefined,0,0,NA,85.44708,-2.011329,2.751105,2003.845138,124.938127,10:15:00,5.39665,-1.40324,5.81098,-25.16179,14.21367,-18.1156,1.42659,-0.35268,76.46278,-6.76077,-0.494477,0.451631,NA,NA,NA,NA,NA,NA,NA,NA,NA,NA,NA,10.10721,8.388,1.18806,50,5.21698,-5.16629,-123.61082,-5.119,15.25942,30.20064,-19.51021,SOU_RED,MIA_RED,SEMissouriState,D1,OVC,20260227-SEMissouriState-1,22075c20-1421-11f1-bd15-e1e313853076,83.45841,NA,NA,8.9843,NA,NA,NA,NA,NA,NA,9cb2ba17-931f-41d8-9324-5ddeae6b795a,2026-02-27,21:13:03,2026-02-27T21:13:03Z,2026-02-27T21:13:03Z,NA,v3,471444,471355,270b77465999425caf9e0eadef204240,"Raether, Carson",1000338521,Right,MIA_RED,f16b660f-10fc-45d7-8038-58f29c6df818,54.68302,-124.74973,15.10032,5.39616,-4.38324,-9.75511,1.39374,-5.74174,7.62971,NA,NA,NA,NA,NA,NA,NA,NA,NA,NA,NA,NA,NA,NA,NA,NA,NA,NA,NA,NA,NA,NA,NA,NA,NA,NA,NA,NA,NA,NA,NA,NA,NA,NA,NA,NA,NA,NA,NA,NA,NA,NA,NA,NA,NA,NA,NA,NA,NA,NA,High,High,High,NA,NA,NA,NA,NA,NA,NA,NA,NA,NA,NA,NA,NA,NA,NA,NA,NA,NA,NA,NA,NA,NA,NA,NA,NA,NA,NA,NA,NA,NA,NA,NA,NA,NA,NA,NA,NA,NA,NA,NA,NA,NA,NA,NA,NA,NA,NA
NA,NA,NA,NA,NA,NA,NA,NA,NA,NA,NA,NA,NA,NA,NA,NA,12,2026-02-27,15:13:19,1,2,"Byers, Carson",1000133996,Left,MIA_RED,"Klein, Caleb",1000329534,Right,SOU_RED,Undefined,1,Bottom,0,0,1,ChangeUp,Changeup,InPlay,Undefined,FlyBall,Out,1,0,NA,79.62876,-0.187901,3.728046,1789.645019,106.242837,09:30:00,5.05367,-1.82967,5.49368,-38.86742,6.38882,-16.52068,1.63858,0.28586,72.33251,-7.343549,0.789496,0.484184,100.787,28.684947,-15.729644,3116.323048,107.71044,56.18085,-22.32538,374.29272,209.88079,-2.003823,5.085581,9.50851,3.71681,1.51475,50,5.01101,-6.86191,-115.3134,-1.65556,12.6778,23.40049,-27.21839,SOU_RED,MIA_RED,SEMissouriState,D1,OVC,20260227-SEMissouriState-1,2b68a2b0-1421-11f1-bd15-e1e313853076,77.84731,82.90097,NA,7.29625,NA,NA,NA,1.75842,1.93537,-0.31832,9cb2ba17-931f-41d8-9324-5ddeae6b795a,2026-02-27,21:13:19,2026-02-27T21:13:19Z,2026-02-27T21:13:19Z,FlyBall,v3,471444,471355,270b77465999425caf9e0eadef204240,"Raether, Carson",1000338521,Right,MIA_RED,e3a53f48-f6cf-4e91-ba28-0b6796bb649f,55.00502,-116.32463,11.70025,5.05714,-0.47934,-13.6092,1.82312,-7.40977,6.3389,222.592373,1.75978,124.79553,-21.90908,4.61529,-0.85833,0.1488,-0.02487,0.00311,-1.7e-4,1.93695,70.919,-16.91551,0.44061,0.27817,-0.17523,0.04976,-0.00665,3.4e-4,-0.31987,-35.12059,16.65072,-4.45064,0.96227,-0.18318,0.03078,-0.00359,1.9e-4,NA,NA,NA,NA,NA,NA,NA,NA,NA,NA,NA,NA,NA,NA,NA,NA,NA,NA,NA,NA,NA,NA,High,High,High,High,Medium,NA,NA,NA,NA,NA,NA,NA,NA,NA,NA,NA,NA,NA,NA,NA,NA,NA,NA,NA,NA,NA,NA,NA,NA,NA,NA,NA,NA,NA,NA,NA,NA,NA,NA,NA,NA,NA,NA,NA,NA,NA,NA,NA,NA,NA
NA,NA,NA,NA,NA,NA,NA,NA,NA,NA,NA,NA,NA,NA,NA,NA,13,2026-02-27,15:13:54,2,1,"Byers, Carson",1000133996,Left,MIA_RED,"Sullivan, Cal",10092054,Right,SOU_RED,Undefined,1,Bottom,1,0,0,Slider,Changeup,StrikeCalled,Undefined,Undefined,Undefined,0,0,NA,78.98825,0.584054,3.99006,1715.018026,100.295936,09:15:00,4.95368,-2.09764,5.44726,-42.16195,4.60181,-15.26052,1.98835,0.37234,70.71817,-7.199742,1.279788,0.492182,NA,NA,NA,NA,NA,NA,NA,NA,NA,NA,NA,8.94473,2.70748,1.75516,50,4.97718,-7.32454,-114.1135,-0.24379,11.52236,25.51622,-28.68634,SOU_RED,MIA_RED,SEMissouriState,D1,OVC,20260227-SEMissouriState-1,408c0330-1421-11f1-bd15-e1e313853076,76.58224,NA,NA,8.27008,NA,NA,NA,NA,NA,NA,9cb2ba17-931f-41d8-9324-5ddeae6b795a,2026-02-27,21:13:54,2026-02-27T21:13:54Z,2026-02-27T21:13:54Z,NA,v3,471444,471355,270b77465999425caf9e0eadef204240,"Raether, Carson",1000338521,Right,MIA_RED,99c5b58f-7d0e-45e7-a55f-755735e7f2f6,55.04629,-115.23634,12.75811,4.96013,1.01856,-14.34317,2.08864,-7.83159,5.76118,NA,NA,NA,NA,NA,NA,NA,NA,NA,NA,NA,NA,NA,NA,NA,NA,NA,NA,NA,NA,NA,NA,NA,NA,NA,NA,NA,NA,NA,NA,NA,NA,NA,NA,NA,NA,NA,NA,NA,NA,NA,NA,NA,NA,NA,NA,NA,NA,NA,NA,High,High,High,NA,NA,NA,NA,NA,NA,NA,NA,NA,NA,NA,NA,NA,NA,NA,NA,NA,NA,NA,NA,NA,NA,NA,NA,NA,NA,NA,NA,NA,NA,NA,NA,NA,NA,NA,NA,NA,NA,NA,NA,NA,NA,NA,NA,NA,NA,NA
NA,NA,NA,NA,NA,NA,NA,NA,NA,NA,NA,NA,NA,NA,NA,NA,14,2026-02-27,15:14:12,2,2,"Byers, Carson",1000133996,Left,MIA_RED,"Sullivan, Cal",10092054,Right,SOU_RED,Undefined,1,Bottom,1,0,1,Slider,Changeup,InPlay,Undefined,GroundBall,Single,0,0,NA,78.08247,0.252436,3.24794,1687.65698,93.801579,09:15:00,4.93581,-2.16043,5.41321,-44.53609,3.15965,-20.19344,1.46135,-0.79718,70.24087,-7.94047,-0.343284,0.497063,55.00491,-53.466726,-140.491268,NA,NA,NA,NA,1.57362,2.42282,3.113636,0.025024,11.27674,1.99976,1.88615,50,4.92748,-5.61202,-112.99241,-0.97358,14.26313,24.7442,-29.64471,SOU_RED,MIA_RED,SEMissouriState,D1,OVC,20260227-SEMissouriState-1,4b660710-1421-11f1-bd15-e1e313853076,75.83032,1.62848,NA,7.8416,NA,NA,NA,2.50213,1.62848,0.85303,9cb2ba17-931f-41d8-9324-5ddeae6b795a,2026-02-27,21:14:12,2026-02-27T21:14:12Z,2026-02-27T21:14:12Z,GroundBall,v3,471444,471355,270b77465999425caf9e0eadef204240,"Raether, Carson",1000338521,Right,MIA_RED,40c1c415-78c8-4e44-b7b6-3a1984f5e729,55.08459,-114.10045,12.3721,4.94136,0.3539,-14.82236,2.15176,-6.25072,7.13157,NA,2.50271,-37.19723,NA,NA,NA,NA,NA,NA,NA,1.62951,-65.0763,NA,NA,NA,NA,NA,NA,NA,0.85351,-30.67255,NA,NA,NA,NA,NA,NA,NA,NA,NA,NA,NA,NA,NA,NA,NA,NA,NA,NA,NA,NA,NA,NA,NA,NA,NA,NA,NA,NA,NA,High,High,High,Low,Low,NA,NA,NA,NA,NA,NA,NA,NA,NA,NA,NA,NA,NA,NA,NA,NA,NA,NA,NA,NA,NA,NA,NA,NA,NA,NA,NA,NA,NA,NA,NA,NA,NA,NA,NA,NA,NA,NA,NA,NA,NA,NA,NA,NA,NA
NA,NA,NA,NA,NA,NA,NA,NA,NA,NA,NA,NA,NA,NA,NA,NA,15,2026-02-27,15:14:55,3,1,"Byers, Carson",1000133996,Left,MIA_RED,"Hall, Josiah",10136036,Right,SOU_RED,Undefined,1,Bottom,1,0,0,Fastball,Slider,InPlay,Undefined,GroundBall,Single,0,0,NA,83.81354,-0.097228,1.457671,2350.44401,169.449128,11:45:00,5.13083,-1.7789,5.67441,-32.06435,8.07839,-1.26665,2.36813,-0.52521,76.64777,-6.029277,1.231218,0.456011,98.50807,-5.454991,31.870309,NA,NA,NA,NA,20.49645,20.49645,33.092228,0.140582,1.05835,4.50996,1.65676,50,5.1025,-3.04519,-121.6854,-1.27394,1.58382,24.31062,-25.42493,SOU_RED,MIA_RED,SEMissouriState,D1,OVC,20260227-SEMissouriState-1,649579f0-1421-11f1-bd15-e1e313853076,82.65693,2.25195,NA,7.16577,NA,NA,NA,0.47539,2.25195,0.50522,9cb2ba17-931f-41d8-9324-5ddeae6b795a,2026-02-27,21:14:55,2026-02-27T21:14:55Z,2026-02-27T21:14:55Z,GroundBall,v3,471444,471355,270b77465999425caf9e0eadef204240,"Raether, Carson",1000338521,Right,MIA_RED,baa453ae-c250-4674-92fc-dd82477d71a2,54.82369,-122.64531,12.15531,5.13298,-0.27004,-12.71247,1.77823,-3.10772,0.79191,281.28528,0.47589,122.09513,-23.73004,NA,NA,NA,NA,NA,NA,2.25218,-13.75576,-16.12015,NA,NA,NA,NA,NA,NA,0.50502,75.957,0.39443,NA,NA,NA,NA,NA,NA,NA,NA,NA,NA,NA,NA,NA,NA,NA,NA,NA,NA,NA,NA,NA,NA,NA,NA,NA,NA,NA,NA,High,High,High,High,High,NA,NA,NA,NA,NA,NA,NA,NA,NA,NA,NA,NA,NA,NA,NA,NA,NA,NA,NA,NA,NA,NA,NA,NA,NA,NA,NA,NA,NA,NA,NA,NA,NA,NA,NA,NA,NA,NA,NA,NA,NA,NA,NA,NA,NA
NA,NA,NA,NA,NA,NA,NA,NA,NA,NA,NA,NA,NA,NA,NA,NA,16,2026-02-27,15:15:39,4,1,"Byers, Carson",1000133996,Left,MIA_RED,"Lopetegui, Ryan",1000327160,Right,SOU_RED,Undefined,1,Bottom,1,0,0,Fastball,Slider,InPlay,Undefined,GroundBall,FieldersChoice,1,1,NA,83.67935,0.280086,2.21508,2437.765409,202.394775,12:45:00,5.18569,-1.82235,5.65293,-32.33384,7.84437,2.72858,2.75262,0.47196,76.8141,-5.687633,2.702083,0.456212,57.09177,-0.059954,-20.836818,1341.18475,NA,NA,NA,33.18923,33.18923,-20.129329,0.384558,-0.79154,4.2602,1.63281,50,5.18883,-4.80847,-121.49632,-0.48405,-1.18555,23.34756,-25.79312,SOU_RED,MIA_RED,SEMissouriState,D1,OVC,20260227-SEMissouriState-1,7f1561a0-1421-11f1-bd15-e1e313853076,82.62044,2.75024,NA,6.86524,NA,NA,NA,1.90456,2.75024,-0.44937,9cb2ba17-931f-41d8-9324-5ddeae6b795a,2026-02-27,21:15:39,2026-02-27T21:15:39Z,2026-02-27T21:15:39Z,GroundBall,v3,471444,471355,270b77465999425caf9e0eadef204240,"Raether, Carson",1000338521,Right,MIA_RED,733af2ef-f94f-4899-ad7c-83814812b578,54.84633,-122.42408,11.67378,5.1877,0.54089,-12.89656,1.82295,-4.76136,-0.59278,337.101394,1.90488,78.24649,-5.63608,NA,NA,NA,NA,NA,NA,2.75319,-0.18921,-18.14452,NA,NA,NA,NA,NA,NA,-0.44989,-29.76669,3.21632,NA,NA,NA,NA,NA,NA,NA,NA,NA,NA,NA,NA,NA,NA,NA,NA,NA,NA,NA,NA,NA,NA,NA,NA,NA,NA,NA,NA,High,High,High,High,High,NA,NA,NA,NA,NA,NA,NA,NA,NA,NA,NA,NA,NA,NA,NA,NA,NA,NA,NA,NA,NA,NA,NA,NA,NA,NA,NA,NA,NA,NA,NA,NA,NA,NA,NA,NA,NA,NA,NA,NA,NA,NA,NA,NA,NA
NA,NA,NA,NA,NA,NA,NA,NA,NA,NA,NA,NA,NA,NA,NA,NA,17,2026-02-27,15:16:37,5,1,"Byers, Carson",1000133996,Left,MIA_RED,"Kettering, Brooks",62716,Left,SOU_RED,Undefined,1,Bottom,2,0,0,Fastball,Cutter,StrikeCalled,Undefined,Undefined,Undefined,0,0,NA,84.03294,-1.260679,1.360164,2290.165947,184.125828,12:15:00,5.15757,-1.34046,5.57366,-26.42183,13.59721,0.88972,1.77772,0.00436,77.02997,-6.164274,1.518914,0.455307,NA,NA,NA,NA,NA,NA,NA,NA,NA,NA,NA,-0.0748,7.61386,1.22275,50,5.03184,-2.93288,-121.96292,-3.54446,-0.11278,23.7589,-20.69411,SOU_RED,MIA_RED,SEMissouriState,D1,OVC,20260227-SEMissouriState-1,a177df20-1421-11f1-bd15-e1e313853076,82.78462,NA,NA,7.00297,NA,NA,NA,NA,NA,NA,9cb2ba17-931f-41d8-9324-5ddeae6b795a,2026-02-27,21:16:37,2026-02-27T21:16:37Z,2026-02-27T21:16:37Z,NA,v3,471444,471355,270b77465999425caf9e0eadef204240,"Raether, Carson",1000338521,Right,MIA_RED,7e948810-eb15-4430-bcde-55687ac49aae,54.92321,-122.91824,11.87945,5.15763,-2.71237,-10.34705,1.34059,-2.92835,-0.05639,NA,NA,NA,NA,NA,NA,NA,NA,NA,NA,NA,NA,NA,NA,NA,NA,NA,NA,NA,NA,NA,NA,NA,NA,NA,NA,NA,NA,NA,NA,NA,NA,NA,NA,NA,NA,NA,NA,NA,NA,NA,NA,NA,NA,NA,NA,NA,NA,NA,NA,High,High,High,NA,NA,NA,NA,NA,NA,NA,NA,NA,NA,NA,NA,NA,NA,NA,NA,NA,NA,NA,NA,NA,NA,NA,NA,NA,NA,NA,NA,NA,NA,NA,NA,NA,NA,NA,NA,NA,NA,NA,NA,NA,NA,NA,NA,NA,NA,NA
NA,NA,NA,NA,NA,NA,NA,NA,NA,NA,NA,NA,NA,NA,NA,NA,18,2026-02-27,15:16:55,5,2,"Byers, Carson",1000133996,Left,MIA_RED,"Kettering, Brooks",62716,Left,SOU_RED,Undefined,1,Bottom,2,0,1,Slider,Curveball,StrikeCalled,Undefined,Undefined,Undefined,0,0,NA,75.74081,2.466212,1.043437,2694.603656,308.221481,04:15:00,5.03169,-1.70576,5.31006,-53.43129,-3.61736,6.54343,2.89577,-0.18097,69.48362,-7.256244,2.204966,0.50798,NA,NA,NA,NA,NA,NA,NA,NA,NA,NA,NA,-2.97488,-1.99851,1.60624,50,5.21677,-2.2558,-109.88177,2.93622,-3.63709,19.47291,-34.61741,SOU_RED,MIA_RED,SEMissouriState,D1,OVC,20260227-SEMissouriState-1,ac288910-1421-11f1-bd15-e1e313853076,74.20062,NA,NA,6.25719,NA,NA,NA,NA,NA,NA,9cb2ba17-931f-41d8-9324-5ddeae6b795a,2026-02-27,21:16:55,2026-02-27T21:16:55Z,2026-02-27T21:16:55Z,NA,v3,471444,471355,270b77465999425caf9e0eadef204240,"Raether, Carson",1000338521,Right,MIA_RED,50d21cdc-ddef-4ff4-8539-fc1169fba105,55.18966,-110.79764,9.73645,5.04038,4.56439,-17.30871,1.70831,-2.08474,-1.81854,NA,NA,NA,NA,NA,NA,NA,NA,NA,NA,NA,NA,NA,NA,NA,NA,NA,NA,NA,NA,NA,NA,NA,NA,NA,NA,NA,NA,NA,NA,NA,NA,NA,NA,NA,NA,NA,NA,NA,NA,NA,NA,NA,NA,NA,NA,NA,NA,NA,NA,High,High,High,NA,NA,NA,NA,NA,NA,NA,NA,NA,NA,NA,NA,NA,NA,NA,NA,NA,NA,NA,NA,NA,NA,NA,NA,NA,NA,NA,NA,NA,NA,NA,NA,NA,NA,NA,NA,NA,NA,NA,NA,NA,NA,NA,NA,NA,NA,NA
NA,NA,NA,NA,NA,NA,NA,NA,NA,NA,NA,NA,NA,NA,NA,NA,19,2026-02-27,15:17:11,5,3,"Byers, Carson",1000133996,Left,MIA_RED,"Kettering, Brooks",62716,Left,SOU_RED,Undefined,1,Bottom,2,0,2,Fastball,Four-Seam,BallCalled,Undefined,Undefined,Undefined,0,0,NA,86.97561,-2.929966,2.6396,2021.387043,146.745707,11:00:00,5.40578,-0.76601,6.13741,-18.07698,18.64871,-11.44083,1.18628,0.72182,79.5377,-6.368369,0.578592,0.436171,NA,NA,NA,NA,NA,NA,NA,NA,NA,NA,NA,6.62374,10.80882,0.57021,50,5.17241,-5.35279,-126.11219,-6.95195,10.66047,25.80073,-14.77791,SOU_RED,MIA_RED,SEMissouriState,D1,OVC,20260227-SEMissouriState-1,b5d00060-1421-11f1-bd15-e1e313853076,86.41671,NA,NA,7.43791,NA,NA,NA,NA,NA,NA,9cb2ba17-931f-41d8-9324-5ddeae6b795a,2026-02-27,21:17:11,2026-02-27T21:17:11Z,2026-02-27T21:17:11Z,NA,v3,471444,471355,270b77465999425caf9e0eadef204240,"Raether, Carson",1000338521,Right,MIA_RED,401e7f1b-4ff3-4cfd-a386-f7c0b46b351a,54.35998,-127.00104,12.90036,5.40314,-6.44284,-7.38896,0.76094,-5.72005,5.33023,NA,NA,NA,NA,NA,NA,NA,NA,NA,NA,NA,NA,NA,NA,NA,NA,NA,NA,NA,NA,NA,NA,NA,NA,NA,NA,NA,NA,NA,NA,NA,NA,NA,NA,NA,NA,NA,NA,NA,NA,NA,NA,NA,NA,NA,NA,NA,NA,NA,NA,High,High,High,NA,NA,NA,NA,NA,NA,NA,NA,NA,NA,NA,NA,NA,NA,NA,NA,NA,NA,NA,NA,NA,NA,NA,NA,NA,NA,NA,NA,NA,NA,NA,NA,NA,NA,NA,NA,NA,NA,NA,NA,NA,NA,NA,NA,NA,NA,NA
NA,NA,NA,NA,NA,NA,NA,NA,NA,NA,NA,NA,NA,NA,NA,NA,20,2026-02-27,15:17:31,5,4,"Byers, Carson",1000133996,Left,MIA_RED,"Kettering, Brooks",62716,Left,SOU_RED,Undefined,1,Bottom,2,1,2,Fastball,Sinker,BallCalled,Undefined,Undefined,Undefined,0,0,NA,86.61145,-0.325258,2.080747,2056.039476,139.380235,10:45:00,5.51564,-0.91006,5.91906,-19.73509,17.5382,-14.00938,3.56901,-0.14572,78.92023,-4.072234,-0.433299,0.43941,NA,NA,NA,NA,NA,NA,NA,NA,NA,NA,NA,7.73815,9.42914,0.7512,50,5.47835,-3.98778,-125.74108,-1.28576,12.36363,25.9803,-17.10864,SOU_RED,MIA_RED,SEMissouriState,D1,OVC,20260227-SEMissouriState-1,c2026850-1421-11f1-bd15-e1e313853076,85.77962,NA,NA,7.69121,NA,NA,NA,NA,NA,NA,9cb2ba17-931f-41d8-9324-5ddeae6b795a,2026-02-27,21:17:31,2026-02-27T21:17:31Z,2026-02-27T21:17:31Z,NA,v3,471444,471355,270b77465999425caf9e0eadef204240,"Raether, Carson",1000338521,Right,MIA_RED,03a71c8c-57c1-410e-ac89-e6d56528fdf1,54.57833,-126.68351,12.99015,5.51374,-0.66515,-8.55432,0.90399,-4.43627,6.18182,NA,NA,NA,NA,NA,NA,NA,NA,NA,NA,NA,NA,NA,NA,NA,NA,NA,NA,NA,NA,NA,NA,NA,NA,NA,NA,NA,NA,NA,NA,NA,NA,NA,NA,NA,NA,NA,NA,NA,NA,NA,NA,NA,NA,NA,NA,NA,NA,NA,NA,High,High,High,NA,NA,NA,NA,NA,NA,NA,NA,NA,NA,NA,NA,NA,NA,NA,NA,NA,NA,NA,NA,NA,NA,NA,NA,NA,NA,NA,NA,NA,NA,NA,NA,NA,NA,NA,NA,NA,NA,NA,NA,NA,NA,NA,NA,NA,NA,NA
NA,NA,NA,NA,NA,NA,NA,NA,NA,NA,NA,NA,NA,NA,NA,NA,21,2026-02-27,15:17:48,5,5,"Byers, Carson",1000133996,Left,MIA_RED,"Kettering, Brooks",62716,Left,SOU_RED,Undefined,1,Bottom,2,2,2,Slider,Curveball,InPlay,Undefined,GroundBall,Single,0,0,NA,76.34967,0.86368,1.034483,2691.234776,283.779071,03:30:00,5.01182,-1.52061,5.50108,-50.23617,-1.35898,12.00485,1.63347,0.44745,69.93097,-8.311576,3.17546,0.503181,98.48916,6.529052,25.173709,2385.737924,NA,NA,NA,117.1175,108.00528,28.429164,0.896138,-5.78977,-0.52693,1.42175,50,5.0532,-2.45015,-110.83268,0.04268,-7.15168,21.09399,-32.82494,SOU_RED,MIA_RED,SEMissouriState,D1,OVC,20260227-SEMissouriState-1,cbb35580-1421-11f1-bd15-e1e313853076,74.90826,4.85853,NA,6.4187,NA,NA,NA,2.16536,1.7497,-0.41269,9cb2ba17-931f-41d8-9324-5ddeae6b795a,2026-02-27,21:17:48,2026-02-27T21:17:48Z,2026-02-27T21:17:48Z,LineDrive,v3,471444,471355,270b77465999425caf9e0eadef204240,"Raether, Carson",1000338521,Right,MIA_RED,a96216ce-5a92-4af8-89d9-171b71527b99,54.99912,-111.78008,10.547,5.01818,1.51696,-16.41247,1.52457,-2.12895,-3.57584,286.171098,2.16536,129.88308,-21.53428,2.89262,-0.64473,0.12811,-0.02581,0.00525,-6.4e-4,1.7497,16.42504,-22.68619,2.8646,-0.59556,0.14901,-0.03188,0.00631,-8.1e-4,-0.41269,61.04556,2.80953,-1.31582,0.30153,-0.08402,0.01996,-0.00427,6e-4,NA,NA,NA,NA,NA,NA,NA,NA,NA,NA,NA,NA,NA,NA,NA,NA,NA,NA,NA,NA,NA,NA,High,High,High,High,High,NA,NA,NA,NA,NA,NA,NA,NA,NA,NA,NA,NA,NA,NA,NA,NA,NA,NA,NA,NA,NA,NA,NA,NA,NA,NA,NA,NA,NA,NA,NA,NA,NA,NA,NA,NA,NA,NA,NA,NA,NA,NA,NA,NA,NA
NA,NA,NA,NA,NA,NA,NA,NA,NA,NA,NA,NA,NA,NA,NA,NA,22,2026-02-27,15:18:30,6,1,"Byers, Carson",1000133996,Left,MIA_RED,"Terranova, Joe",1000272666,Right,SOU_RED,Undefined,1,Bottom,2,0,0,Fastball,Cutter,FoulBallNotFieldable,Undefined,Undefined,Undefined,0,0,NA,83.5311,-1.799587,2.591194,2324.740479,173.257921,11:45:00,5.07498,-1.76343,5.70353,-27.89813,12.48757,-1.3248,1.07108,0.54221,76.65114,-6.968009,2.354472,0.457389,NA,NA,NA,NA,NA,NA,NA,NA,NA,NA,NA,1.38665,7.24319,1.54689,50,4.90669,-5.42832,-121.13869,-4.70438,2.06208,23.49641,-21.40291,SOU_RED,MIA_RED,SEMissouriState,D1,OVC,20260227-SEMissouriState-1,e5377810-1421-11f1-bd15-e1e313853076,82.40793,NA,NA,6.87996,NA,NA,NA,NA,NA,NA,9cb2ba17-931f-41d8-9324-5ddeae6b795a,2026-02-27,21:18:30,2026-02-27T21:18:30Z,2026-02-27T21:18:30Z,NA,v3,471444,471355,270b77465999425caf9e0eadef204240,"Raether, Carson",1000338521,Right,MIA_RED,4b03bbe6-f731-477b-b687-e0976e1c89e3,54.79342,-122.06489,11.74821,5.0755,-3.8607,-10.70145,1.76247,-5.50961,1.03104,NA,NA,NA,NA,NA,NA,NA,NA,NA,NA,NA,NA,NA,NA,NA,NA,NA,NA,NA,NA,NA,NA,NA,NA,NA,NA,NA,NA,NA,NA,NA,NA,NA,NA,NA,NA,NA,NA,NA,NA,NA,NA,NA,NA,NA,NA,NA,NA,NA,NA,High,High,High,NA,NA,NA,NA,NA,NA,NA,NA,NA,NA,NA,NA,NA,NA,NA,NA,NA,NA,NA,NA,NA,NA,NA,NA,NA,NA,NA,NA,NA,NA,NA,NA,NA,NA,NA,NA,NA,NA,NA,NA,NA,NA,NA,NA,NA,NA,NA
NA,NA,NA,NA,NA,NA,NA,NA,NA,NA,NA,NA,NA,NA,NA,NA,23,2026-02-27,15:18:50,6,2,"Byers, Carson",1000133996,Left,MIA_RED,"Terranova, Joe",1000272666,Right,SOU_RED,Undefined,1,Bottom,2,0,1,ChangeUp,Changeup,BallCalled,Undefined,Undefined,Undefined,1,1,NA,78.82062,-0.039782,3.021479,1642.80147,86.293619,09:00:00,4.87142,-2.09194,5.37332,-45.77747,0.21035,-19.57914,1.01929,-0.88818,72.3046,-8.379457,-0.460816,0.488082,NA,NA,NA,NA,NA,NA,NA,NA,NA,NA,NA,10.64823,0.59563,1.83516,50,4.83555,-5.24713,-114.31848,-1.65252,14.06321,21.4659,-31.38741,SOU_RED,MIA_RED,SEMissouriState,D1,OVC,20260227-SEMissouriState-1,f129c9c0-1421-11f1-bd15-e1e313853076,77.22562,NA,NA,6.51602,NA,NA,NA,NA,NA,NA,9cb2ba17-931f-41d8-9324-5ddeae6b795a,2026-02-27,21:18:50,2026-02-27T21:18:50Z,2026-02-27T21:18:50Z,NA,v3,471444,471355,270b77465999425caf9e0eadef204240,"Raether, Carson",1000338521,Right,MIA_RED,a0c490cd-05fc-4282-b8a4-77b289657b18,55.12669,-115.27711,10.73295,4.87805,-0.25081,-15.69371,2.08351,-5.87516,7.0316,NA,NA,NA,NA,NA,NA,NA,NA,NA,NA,NA,NA,NA,NA,NA,NA,NA,NA,NA,NA,NA,NA,NA,NA,NA,NA,NA,NA,74.32577,2.74995,1.390234,1.359717,-1.08683,0.64109,0.91189,-1.63122,5.74599,2.13049,127.27675,4.40339,10.54865,-1.4901,106.1548,-8.48697,5.79763,17.02762,-13.30274,2.05278,2.07374,3.10455,High,High,High,NA,NA,High,High,High,NA,NA,NA,NA,NA,NA,NA,NA,NA,NA,NA,NA,NA,NA,NA,NA,NA,NA,NA,NA,NA,NA,NA,NA,NA,NA,NA,NA,NA,NA,NA,NA,NA,NA,NA,NA,NA,NA,NA,NA,NA,NA
NA,NA,NA,NA,NA,NA,NA,NA,NA,NA,NA,NA,NA,NA,NA,NA,24,2026-02-27,15:21:09,1,1,"Sauer, John-Paul",815663,Right,SOU_RED,"Novak, Ryan",10035937,Left,MIA_RED,Undefined,2,Top,0,0,0,Slider,Slider,BallCalled,Undefined,Undefined,Undefined,0,0,NA,79.26233,0.401405,-0.855603,2285.202624,77.544858,08:30:00,5.63374,0.67972,5.48492,-46.45999,-1.28559,-12.18804,2.13767,-1.13649,72.86078,-8.071123,-3.029153,0.483746,NA,NA,NA,NA,NA,NA,NA,NA,NA,NA,NA,5.87406,-0.28606,-0.59642,50,5.63763,2.2057,-115.10451,-0.78321,7.86665,21.72004,-32.55716,SOU_RED,MIA_RED,SEMissouriState,D1,OVC,20260227-SEMissouriState-1,43a92c40-1422-11f1-bd15-e1e313853076,77.91783,NA,NA,6.40155,NA,NA,NA,NA,NA,NA,9cb2ba17-931f-41d8-9324-5ddeae6b795a,2026-02-27,21:21:09,2026-02-27T21:21:09Z,2026-02-27T21:21:09Z,NA,v3,471444,471355,270b77465999425caf9e0eadef204240,"Rosario, Moises",10267810,Right,SOU_RED,57da05cd-f99d-481d-86cc-85ee70b71f85,55.01418,-116.04682,10.86002,5.64097,0.62926,-16.27858,-0.6847,1.86441,3.93332,NA,NA,NA,NA,NA,NA,NA,NA,NA,NA,NA,NA,NA,NA,NA,NA,NA,NA,NA,NA,NA,NA,NA,NA,NA,NA,NA,NA,NA,NA,NA,NA,NA,NA,NA,NA,NA,NA,NA,NA,NA,NA,NA,NA,NA,NA,NA,NA,NA,NA,High,High,High,NA,NA,NA,NA,NA,NA,NA,NA,NA,NA,NA,NA,NA,NA,NA,NA,NA,NA,NA,NA,NA,NA,NA,NA,NA,NA,NA,NA,NA,NA,NA,NA,NA,NA,NA,NA,NA,NA,NA,NA,NA,NA,NA,NA,NA,NA,NA
NA,NA,NA,NA,NA,NA,NA,NA,NA,NA,NA,NA,NA,NA,NA,NA,25,2026-02-27,15:21:26,1,2,"Sauer, John-Paul",815663,Right,SOU_RED,"Novak, Ryan",10035937,Left,MIA_RED,Undefined,2,Top,0,1,0,ChangeUp,Changeup,StrikeSwinging,Undefined,Undefined,Undefined,0,0,NA,78.40396,-1.474983,-1.32218,1674.111356,233.298319,01:45:00,5.78019,0.26875,5.73756,-35.40191,10.71756,12.23957,1.4559,0.05732,71.46776,-8.03199,0.87113,0.48878,NA,NA,NA,NA,NA,NA,NA,NA,NA,NA,NA,-6.59382,6.39678,-0.16609,50,5.63597,2.1515,-113.70986,-4.01368,-8.55487,22.61744,-23.87485,SOU_RED,MIA_RED,SEMissouriState,D1,OVC,20260227-SEMissouriState-1,4dc6bdf0-1422-11f1-bd15-e1e313853076,77.11531,NA,NA,6.93621,NA,NA,NA,NA,NA,NA,9cb2ba17-931f-41d8-9324-5ddeae6b795a,2026-02-27,21:21:26,2026-02-27T21:21:26Z,2026-02-27T21:21:26Z,NA,v3,471444,471355,270b77465999425caf9e0eadef204240,"Rosario, Moises",10267810,Right,SOU_RED,a1b974ee-da63-40bd-abfa-6e6e1c0035ef,54.75836,-114.65242,11.30872,5.78251,-3.01872,-11.93742,-0.26318,2.50801,-4.27743,NA,NA,NA,NA,NA,NA,NA,NA,NA,NA,NA,NA,NA,NA,NA,NA,NA,NA,NA,NA,NA,NA,NA,NA,NA,NA,NA,NA,NA,NA,NA,NA,NA,NA,NA,NA,NA,NA,NA,NA,NA,NA,NA,NA,NA,NA,NA,NA,NA,NA,High,High,High,NA,NA,NA,NA,NA,NA,NA,NA,NA,NA,NA,NA,NA,NA,NA,NA,NA,NA,NA,NA,NA,NA,NA,NA,NA,NA,NA,NA,NA,NA,NA,NA,NA,NA,NA,NA,NA,NA,NA,NA,NA,NA,NA,NA,NA,NA,NA
NA,NA,NA,NA,NA,NA,NA,NA,NA,NA,NA,NA,NA,NA,NA,NA,26,2026-02-27,15:21:41,1,3,"Sauer, John-Paul",815663,Right,SOU_RED,"Novak, Ryan",10035937,Left,MIA_RED,Undefined,2,Top,0,1,1,Fastball,Sinker,FoulBallNotFieldable,Undefined,Undefined,Undefined,0,0,NA,88.32639,-1.561925,-1.769166,2094.75573,231.475399,01:45:00,5.73685,0.3836,5.85632,-23.36576,12.6141,14.36209,2.33747,-0.06381,80.59668,-5.935547,0.807569,0.431719,87.4676,18.240065,-60.676416,4097.172738,42.19448,32.28684,-101.58481,294.08086,116.60325,-83.584837,4.368975,-7.86382,7.25544,-0.24845,50,5.59642,3.35785,-128.2034,-4.25188,-13.03938,27.42401,-20.14352,SOU_RED,MIA_RED,SEMissouriState,D1,OVC,20260227-SEMissouriState-1,571bcf80-1422-11f1-bd15-e1e313853076,87.30782,41.44015,NA,7.72971,NA,NA,NA,0.5527,2.52301,-0.50848,9cb2ba17-931f-41d8-9324-5ddeae6b795a,2026-02-27,21:21:41,2026-02-27T21:21:41Z,2026-02-27T21:21:41Z,LineDrive,v3,471444,471355,270b77465999425caf9e0eadef204240,"Rosario, Moises",10267810,Right,SOU_RED,d82beea5-cca8-49ea-b0a7-b8646615c04b,54.64213,-129.19258,13.71201,5.73668,-3.52531,-10.07176,-0.37805,3.82819,-6.51969,NA,0.55778,59.53398,-20.88715,2.17588,0.74473,-0.68103,0.21818,-0.03025,0.00154,2.52304,40.15798,-11.38777,0.69706,-0.21841,0.12786,-0.04616,0.0084,-5.8e-4,-0.50904,-106.21945,6.70351,0.58274,-0.03737,-0.09971,0.07669,-0.01775,0.00131,NA,NA,NA,NA,NA,NA,NA,NA,NA,NA,NA,NA,NA,NA,NA,NA,NA,NA,NA,NA,NA,NA,High,High,High,High,Low,NA,NA,NA,NA,NA,NA,NA,NA,NA,NA,NA,NA,NA,NA,NA,NA,NA,NA,NA,NA,NA,NA,NA,NA,NA,NA,NA,NA,NA,NA,NA,NA,NA,NA,NA,NA,NA,NA,NA,NA,NA,NA,NA,NA,NA
NA,NA,NA,NA,NA,NA,NA,NA,NA,NA,NA,NA,NA,NA,NA,NA,27,2026-02-27,15:22:01,1,4,"Sauer, John-Paul",815663,Right,SOU_RED,"Novak, Ryan",10035937,Left,MIA_RED,Undefined,2,Top,0,1,2,ChangeUp,Changeup,FoulBallNotFieldable,Undefined,Undefined,Undefined,0,0,NA,79.89911,-1.111914,-0.01178,1637.436806,209.799161,01:00:00,5.74675,0.39684,6.01517,-30.52702,14.34221,7.15847,2.1727,0.98246,71.17921,-6.892593,1.277109,0.48211,67.69454,50.665043,-121.517223,4804.146036,NA,NA,NA,NA,43.41862,NA,NA,-3.67756,8.30225,-0.39975,50,5.64338,-0.25039,-115.71417,-3.10583,-4.82605,28.04991,-21.27901,SOU_RED,MIA_RED,SEMissouriState,D1,OVC,20260227-SEMissouriState-1,62cf9190-1422-11f1-bd15-e1e313853076,78.18228,43.08226,NA,8.7199,NA,NA,NA,1.49635,2.02364,-0.9544,9cb2ba17-931f-41d8-9324-5ddeae6b795a,2026-02-27,21:22:01,2026-02-27T21:22:01Z,2026-02-27T21:22:01Z,NA,v3,471444,471355,270b77465999425caf9e0eadef204240,"Rosario, Moises",10267810,Right,SOU_RED,9c2f2c64-e238-4eb1-bd66-65f7f249c724,54.47808,-116.79464,14.02495,5.74722,-2.28617,-10.63951,-0.39368,-0.06449,-2.41303,NA,1.49635,-32.89809,-7.24499,2.95502,-0.92643,0.48141,-0.54826,0.49286,-0.18525,2.02364,76.79247,-31.1829,4.33666,-0.95696,0.25304,-0.15353,0.11501,-0.04112,-0.9544,-53.64863,11.30056,-2.31866,0.48978,-0.16088,0.14757,-0.12669,0.04697,NA,NA,NA,NA,NA,NA,NA,NA,NA,NA,NA,NA,NA,NA,NA,NA,NA,NA,NA,NA,NA,NA,High,High,High,High,Undefined,NA,NA,NA,NA,NA,NA,NA,NA,NA,NA,NA,NA,NA,NA,NA,NA,NA,NA,NA,NA,NA,NA,NA,NA,NA,NA,NA,NA,NA,NA,NA,NA,NA,NA,NA,NA,NA,NA,NA,NA,NA,NA,NA,NA,NA
NA,NA,NA,NA,NA,NA,NA,NA,NA,NA,NA,NA,NA,NA,NA,NA,28,2026-02-27,15:22:25,1,5,"Sauer, John-Paul",815663,Right,SOU_RED,"Novak, Ryan",10035937,Left,MIA_RED,Undefined,2,Top,0,1,2,Fastball,Sinker,FoulBallNotFieldable,Undefined,Undefined,Undefined,0,0,NA,89.53819,-1.834721,-1.006148,2070.529326,217.86116,01:15:00,5.76727,0.32038,5.89546,-16.93099,18.51851,13.36883,2.65212,0.50023,80.49103,-5.089273,1.393819,0.428525,NA,NA,NA,NA,NA,NA,NA,NA,NA,NA,NA,-7.19229,10.47422,-0.24718,50,5.6101,1.70836,-129.79713,-4.63635,-12.03965,31.92046,-14.64059,SOU_RED,MIA_RED,SEMissouriState,D1,OVC,20260227-SEMissouriState-1,70f739d0-1422-11f1-bd15-e1e313853076,87.95849,NA,NA,9.04716,NA,NA,NA,NA,NA,NA,9cb2ba17-931f-41d8-9324-5ddeae6b795a,2026-02-27,21:22:25,2026-02-27T21:22:25Z,2026-02-27T21:22:25Z,NA,v3,471444,471355,270b77465999425caf9e0eadef204240,"Rosario, Moises",10267810,Right,SOU_RED,575cff64-970f-4087-9500-88e2fadb55cb,54.60111,-130.92377,15.96023,5.76462,-4.1196,-7.32029,-0.31498,2.13331,-6.01983,NA,NA,NA,NA,NA,NA,NA,NA,NA,NA,NA,NA,NA,NA,NA,NA,NA,NA,NA,NA,NA,NA,NA,NA,NA,NA,NA,NA,NA,NA,NA,NA,NA,NA,NA,NA,NA,NA,NA,NA,NA,NA,NA,NA,NA,NA,NA,NA,NA,NA,High,High,High,NA,NA,NA,NA,NA,NA,NA,NA,NA,NA,NA,NA,NA,NA,NA,NA,NA,NA,NA,NA,NA,NA,NA,NA,NA,NA,NA,NA,NA,NA,NA,NA,NA,NA,NA,NA,NA,NA,NA,NA,NA,NA,NA,NA,NA,NA,NA
NA,NA,NA,NA,NA,NA,NA,NA,NA,NA,NA,NA,NA,NA,NA,NA,29,2026-02-27,15:22:51,1,6,"Sauer, John-Paul",815663,Right,SOU_RED,"Novak, Ryan",10035937,Left,MIA_RED,Undefined,2,Top,0,1,2,ChangeUp,Changeup,InPlay,Undefined,LineDrive,Single,0,0,NA,78.23843,-1.213792,-0.531327,1743.898338,212.600391,01:00:00,5.88727,0.43854,5.70076,-30.6373,16.07186,9.17347,2.20292,0.70789,70.65215,-6.95408,1.110514,0.491895,103.16947,10.280256,7.614099,723.341828,108.71994,12.00905,16.73071,198.16315,196.48874,10.545644,1.616049,-4.86685,9.06571,-0.39992,50,5.76677,0.70517,-113.41981,-3.29617,-6.22677,24.19011,-20.57518,SOU_RED,MIA_RED,SEMissouriState,D1,OVC,20260227-SEMissouriState-1,808242a0-1422-11f1-bd15-e1e313853076,76.62701,12.08595,NA,7.58628,NA,NA,NA,2.19707,2.32229,-0.7545,9cb2ba17-931f-41d8-9324-5ddeae6b795a,2026-02-27,21:22:51,2026-02-27T21:22:51Z,2026-02-27T21:22:51Z,LineDrive,v3,471444,471355,270b77465999425caf9e0eadef204240,"Rosario, Moises",10267810,Right,SOU_RED,45f70ea7-dc19-4930-80a5-c928018af1cf,54.79567,-114.43806,12.09505,5.88729,-2.43009,-10.28759,-0.43512,0.96727,-3.11339,265.05762,2.19707,147.57311,-24.60035,6.01547,-1.43149,0.34649,-0.07838,0.01354,-0.00123,2.32229,27.00415,-19.80415,1.75006,-0.30044,0.04736,-0.00695,9.1e-4,-6e-5,-0.7545,19.72742,2.4083,-0.34599,0.05708,-0.00916,0.00163,-2e-4,1e-5,NA,NA,NA,NA,NA,NA,NA,NA,NA,NA,NA,NA,NA,NA,NA,NA,NA,NA,NA,NA,NA,NA,High,High,High,High,High,NA,NA,NA,NA,NA,NA,NA,NA,NA,NA,NA,NA,NA,NA,NA,NA,NA,NA,NA,NA,NA,NA,NA,NA,NA,NA,NA,NA,NA,NA,NA,NA,NA,NA,NA,NA,NA,NA,NA,NA,NA,NA,NA,NA,NA
NA,NA,NA,NA,NA,NA,NA,NA,NA,NA,NA,NA,NA,NA,NA,NA,30,2026-02-27,15:23:29,2,1,"Sauer, John-Paul",815663,Right,SOU_RED,"Harrison, Tommy",811731,Left,MIA_RED,Undefined,2,Top,0,0,0,ChangeUp,Changeup,InPlay,Undefined,GroundBall,Out,1,0,NA,79.16487,-1.133502,-1.189009,1740.019062,235.677891,01:45:00,5.80437,0.61178,5.98814,-32.93876,12.43347,15.65599,2.00858,0.81431,71.16977,-7.320125,1.628758,0.484804,73.36462,-7.11229,25.624914,NA,NA,NA,NA,17.80673,17.80673,19.302564,0.142425,-8.50811,7.26748,-0.52682,50,5.69704,1.80238,-114.76724,-3.2185,-11.07487,26.00027,-22.7141,SOU_RED,MIA_RED,SEMissouriState,D1,OVC,20260227-SEMissouriState-1,9730aff0-1422-11f1-bd15-e1e313853076,77.74776,2.18022,NA,7.99509,NA,NA,NA,3.22587,2.18022,-0.76557,9cb2ba17-931f-41d8-9324-5ddeae6b795a,2026-02-27,21:23:29,2026-02-27T21:23:29Z,2026-02-27T21:23:29Z,GroundBall,v3,471444,471355,270b77465999425caf9e0eadef204240,"Rosario, Moises",10267810,Right,SOU_RED,f2bd3b76-7074-424f-a1dd-0100bc77a3db,54.50868,-115.78416,13.00013,5.80555,-2.3301,-11.35705,-0.60578,2.23553,-5.53743,260.203482,3.2259,96.26895,-6.4729,NA,NA,NA,NA,NA,NA,2.18027,-13.32675,-13.91414,NA,NA,NA,NA,NA,NA,-0.76561,46.18038,3.67385,NA,NA,NA,NA,NA,NA,NA,NA,NA,NA,NA,NA,NA,NA,NA,NA,NA,NA,NA,NA,NA,NA,NA,NA,NA,NA,NA,NA,High,High,High,High,High,NA,NA,NA,NA,NA,NA,NA,NA,NA,NA,NA,NA,NA,NA,NA,NA,NA,NA,NA,NA,NA,NA,NA,NA,NA,NA,NA,NA,NA,NA,NA,NA,NA,NA,NA,NA,NA,NA,NA,NA,NA,NA,NA,NA,NA
NA,NA,NA,NA,NA,NA,NA,NA,NA,NA,NA,NA,NA,NA,NA,NA,31,2026-02-27,15:24:03,3,1,"Sauer, John-Paul",815663,Right,SOU_RED,"Dierks, Marcus",10322729,Left,MIA_RED,Undefined,2,Top,1,0,0,Slider,Curveball,BallCalled,Undefined,Undefined,Undefined,0,0,NA,78.66525,2.160836,0.229669,2428.485397,64.468273,08:15:00,5.65228,0.79138,5.33132,-51.04444,-4.22012,-12.33359,3.42699,-0.02092,71.06645,-7.172117,-1.96234,0.492501,NA,NA,NA,NA,NA,NA,NA,NA,NA,NA,NA,6.1952,-2.24315,-0.80314,50,5.81131,0.0524,-113.97142,2.51015,8.01833,24.0724,-35.07729,SOU_RED,MIA_RED,SEMissouriState,D1,OVC,20260227-SEMissouriState-1,ab55b340-1422-11f1-bd15-e1e313853076,76.53273,NA,NA,7.59881,NA,NA,NA,NA,NA,NA,9cb2ba17-931f-41d8-9324-5ddeae6b795a,2026-02-27,21:24:03,2026-02-27T21:24:03Z,2026-02-27T21:24:03Z,NA,v3,471444,471355,270b77465999425caf9e0eadef204240,"Rosario, Moises",10267810,Right,SOU_RED,c70c504e-e7de-4f07-b45e-ec9ad75a4b7a,55.16591,-115.05736,12.0362,5.66238,4.09254,-17.53865,-0.79734,-0.30931,4.00916,NA,NA,NA,NA,NA,NA,NA,NA,NA,NA,NA,NA,NA,NA,NA,NA,NA,NA,NA,NA,NA,NA,NA,NA,NA,NA,NA,NA,NA,NA,NA,NA,NA,NA,NA,NA,NA,NA,NA,NA,NA,NA,NA,NA,NA,NA,NA,NA,NA,NA,High,High,High,NA,NA,NA,NA,NA,NA,NA,NA,NA,NA,NA,NA,NA,NA,NA,NA,NA,NA,NA,NA,NA,NA,NA,NA,NA,NA,NA,NA,NA,NA,NA,NA,NA,NA,NA,NA,NA,NA,NA,NA,NA,NA,NA,NA,NA,NA,NA
NA,NA,NA,NA,NA,NA,NA,NA,NA,NA,NA,NA,NA,NA,NA,NA,32,2026-02-27,15:24:18,3,2,"Sauer, John-Paul",815663,Right,SOU_RED,"Dierks, Marcus",10322729,Left,MIA_RED,Undefined,2,Top,1,1,0,ChangeUp,Changeup,StrikeSwinging,Undefined,Undefined,Undefined,0,0,NA,80.14492,-1.409509,-1.695095,1805.566331,216.639323,01:15:00,5.76444,0.58116,6.0669,-25.67182,18.91068,12.68115,2.3199,0.06878,71.22084,-6.33046,0.588619,0.480567,NA,NA,NA,NA,NA,NA,NA,NA,NA,NA,NA,-7.04528,10.74532,-0.45582,50,5.64173,2.92665,-115.96751,-3.52024,-9.29172,28.05407,-18.00248,SOU_RED,MIA_RED,SEMissouriState,D1,OVC,20260227-SEMissouriState-1,b4a4f870-1422-11f1-bd15-e1e313853076,78.43333,NA,NA,8.92408,NA,NA,NA,NA,NA,NA,9cb2ba17-931f-41d8-9324-5ddeae6b795a,2026-02-27,21:24:18,2026-02-27T21:24:18Z,2026-02-27T21:24:18Z,NA,v3,471444,471355,270b77465999425caf9e0eadef204240,"Rosario, Moises",10267810,Right,SOU_RED,6fbc4b63-b57a-447e-865a-bc436ab1ecc1,54.42313,-117.03263,14.02703,5.76241,-2.83675,-9.00124,-0.57363,3.27943,-4.64586,NA,NA,NA,NA,NA,NA,NA,NA,NA,NA,NA,NA,NA,NA,NA,NA,NA,NA,NA,NA,NA,NA,NA,NA,NA,NA,NA,NA,NA,NA,NA,NA,NA,NA,NA,NA,NA,NA,NA,NA,NA,NA,NA,NA,NA,NA,NA,NA,NA,NA,High,High,High,NA,NA,NA,NA,NA,NA,NA,NA,NA,NA,NA,NA,NA,NA,NA,NA,NA,NA,NA,NA,NA,NA,NA,NA,NA,NA,NA,NA,NA,NA,NA,NA,NA,NA,NA,NA,NA,NA,NA,NA,NA,NA,NA,NA,NA,NA,NA
NA,NA,NA,NA,NA,NA,NA,NA,NA,NA,NA,NA,NA,NA,NA,NA,33,2026-02-27,15:24:35,3,3,"Sauer, John-Paul",815663,Right,SOU_RED,"Dierks, Marcus",10322729,Left,MIA_RED,Undefined,2,Top,1,1,1,Slider,Curveball,BallCalled,Undefined,Undefined,Undefined,0,0,NA,78.39996,2.692296,0.906819,2496.20415,70.475608,08:15:00,5.72532,0.78509,5.29026,-53.59491,-6.00418,-22.00257,3.78927,-0.1969,70.30547,-7.111092,-2.999025,0.496515,NA,NA,NA,NA,NA,NA,NA,NA,NA,NA,NA,11.16005,-3.28079,-0.8515,50,5.93227,-0.8709,-113.46402,3.43492,14.20501,25.33091,-36.34997,SOU_RED,MIA_RED,SEMissouriState,D1,OVC,20260227-SEMissouriState-1,becbb1e0-1422-11f1-bd15-e1e313853076,75.91396,NA,NA,8.09449,NA,NA,NA,NA,NA,NA,9cb2ba17-931f-41d8-9324-5ddeae6b795a,2026-02-27,21:24:35,2026-02-27T21:24:35Z,2026-02-27T21:24:35Z,NA,v3,471444,471355,270b77465999425caf9e0eadef204240,"Rosario, Moises",10267810,Right,SOU_RED,7f448ed2-30c5-4254-918b-0b49f52ca7be,55.20721,-114.62064,12.66546,5.73754,5.09468,-18.17499,-0.79693,-1.5195,7.1025,NA,NA,NA,NA,NA,NA,NA,NA,NA,NA,NA,NA,NA,NA,NA,NA,NA,NA,NA,NA,NA,NA,NA,NA,NA,NA,NA,NA,NA,NA,NA,NA,NA,NA,NA,NA,NA,NA,NA,NA,NA,NA,NA,NA,NA,NA,NA,NA,NA,NA,High,High,High,NA,NA,NA,NA,NA,NA,NA,NA,NA,NA,NA,NA,NA,NA,NA,NA,NA,NA,NA,NA,NA,NA,NA,NA,NA,NA,NA,NA,NA,NA,NA,NA,NA,NA,NA,NA,NA,NA,NA,NA,NA,NA,NA,NA,NA,NA,NA
NA,NA,NA,NA,NA,NA,NA,NA,NA,NA,NA,NA,NA,NA,NA,NA,34,2026-02-27,15:24:53,3,4,"Sauer, John-Paul",815663,Right,SOU_RED,"Dierks, Marcus",10322729,Left,MIA_RED,Undefined,2,Top,1,2,1,Fastball,Four-Seam,FoulBallNotFieldable,Undefined,Undefined,Undefined,0,0,NA,90.92703,-1.477382,-1.701936,2224.576665,201.862467,12:45:00,5.7246,0.58071,5.68146,-15.79521,18.5732,6.97473,3.03028,-0.42499,82.33315,-4.497577,-0.455624,0.421941,51.87945,36.944966,-60.145459,3754.428749,NA,NA,NA,128.90892,90.17433,-69.887187,2.762168,-4.06162,10.23142,-0.44182,50,5.59049,3.60752,-131.84882,-3.87201,-7.08424,30.43144,-14.3285,SOU_RED,MIA_RED,SEMissouriState,D1,OVC,20260227-SEMissouriState-1,c9792780-1422-11f1-bd15-e1e313853076,89.33117,31.54967,NA,8.59388,NA,NA,NA,-0.04574,2.8275,0.39871,9cb2ba17-931f-41d8-9324-5ddeae6b795a,2026-02-27,21:24:53,2026-02-27T21:24:53Z,2026-02-27T21:24:53Z,Popup,v3,471444,471355,270b77465999425caf9e0eadef204240,"Rosario, Moises",10267810,Right,SOU_RED,e84362e5-0bc1-4e23-a19d-d1ecf1697424,54.81534,-132.95558,15.21572,5.72183,-3.3509,-7.16425,-0.57771,3.86516,-3.54212,NA,-0.04581,30.2753,-8.11241,1.67411,-0.36431,0.09031,-0.01481,-3.7e-4,3.2e-4,2.82767,45.72632,-19.97619,1.68371,-0.22567,-0.00492,-0.00408,0.00514,-8.2e-4,0.39871,-52.74181,5.25646,-1.13168,0.20753,-0.04538,0.01024,-0.00109,-1e-5,NA,NA,NA,NA,NA,NA,NA,NA,NA,NA,NA,NA,NA,NA,NA,NA,NA,NA,NA,NA,NA,NA,High,High,High,High,Medium,NA,NA,NA,NA,NA,NA,NA,NA,NA,NA,NA,NA,NA,NA,NA,NA,NA,NA,NA,NA,NA,NA,NA,NA,NA,NA,NA,NA,NA,NA,NA,NA,NA,NA,NA,NA,NA,NA,NA,NA,NA,NA,NA,NA,NA
NA,NA,NA,NA,NA,NA,NA,NA,NA,NA,NA,NA,NA,NA,NA,NA,35,2026-02-27,15:25:17,3,5,"Sauer, John-Paul",815663,Right,SOU_RED,"Dierks, Marcus",10322729,Left,MIA_RED,Undefined,2,Top,1,2,2,Fastball,Four-Seam,BallCalled,Undefined,Undefined,Undefined,0,0,NA,90.82785,-2.940206,-0.3064,2201.407212,211.312011,01:00:00,5.7707,0.55848,5.72645,-16.51962,18.09658,10.2376,1.65322,1.12625,81.97648,-6.089071,1.52606,0.423459,NA,NA,NA,NA,NA,NA,NA,NA,NA,NA,NA,-5.24181,10.47438,-0.539,50,5.51515,0.23501,-131.53229,-7.24008,-9.05263,31.59481,-14.08473,SOU_RED,MIA_RED,SEMissouriState,D1,OVC,20260227-SEMissouriState-1,d7aa93c0-1422-11f1-bd15-e1e313853076,89.01092,NA,NA,8.85136,NA,NA,NA,NA,NA,NA,9cb2ba17-931f-41d8-9324-5ddeae6b795a,2026-02-27,21:25:17,2026-02-27T21:25:17Z,2026-02-27T21:25:17Z,NA,v3,471444,471355,270b77465999425caf9e0eadef204240,"Rosario, Moises",10267810,Right,SOU_RED,7d8fea3f-8aea-4037-bfb5-6bfe24daf989,54.76747,-132.67252,15.79741,5.76727,-6.73177,-7.04237,-0.55338,0.56171,-4.52632,NA,NA,NA,NA,NA,NA,NA,NA,NA,NA,NA,NA,NA,NA,NA,NA,NA,NA,NA,NA,NA,NA,NA,NA,NA,NA,NA,NA,NA,NA,NA,NA,NA,NA,NA,NA,NA,NA,NA,NA,NA,NA,NA,NA,NA,NA,NA,NA,NA,NA,High,High,High,NA,NA,NA,NA,NA,NA,NA,NA,NA,NA,NA,NA,NA,NA,NA,NA,NA,NA,NA,NA,NA,NA,NA,NA,NA,NA,NA,NA,NA,NA,NA,NA,NA,NA,NA,NA,NA,NA,NA,NA,NA,NA,NA,NA,NA,NA,NA
NA,NA,NA,NA,NA,NA,NA,NA,NA,NA,NA,NA,NA,NA,NA,NA,36,2026-02-27,15:25:36,3,6,"Sauer, John-Paul",815663,Right,SOU_RED,"Dierks, Marcus",10322729,Left,MIA_RED,Undefined,2,Top,1,3,2,ChangeUp,Changeup,FoulBallNotFieldable,Undefined,Undefined,Undefined,0,0,NA,83.28839,-0.861975,-2.28456,1700.673154,237.340066,02:00:00,5.75863,0.48188,6.32815,-29.63076,10.58737,14.23583,2.49494,-0.43668,75.20102,-6.454933,0.291697,0.456439,88.81386,49.12881,45.989874,3276.842234,NA,NA,NA,NA,92.71792,NA,NA,-8.19556,6.20646,-0.32181,50,5.68177,4.29275,-120.84551,-2.66837,-11.91114,27.32361,-23.15382,SOU_RED,MIA_RED,SEMissouriState,D1,OVC,20260227-SEMissouriState-1,e2ba2690-1422-11f1-bd15-e1e313853076,82.57944,98.56059,NA,8.08737,NA,NA,NA,2.42432,3.27745,0.20109,9cb2ba17-931f-41d8-9324-5ddeae6b795a,2026-02-27,21:25:36,2026-02-27T21:25:36Z,2026-02-27T21:25:36Z,NA,v3,471444,471355,270b77465999425caf9e0eadef204240,"Rosario, Moises",10267810,Right,SOU_RED,5754e2bd-5949-4f29-92f4-f1c15efef19f,54.16966,-121.78463,13.6618,5.7598,-1.87256,-11.57691,-0.47639,4.70215,-5.95557,NA,2.42432,59.22147,-16.65685,4.56172,-1.05983,0.17209,0.05302,-0.05675,0.01435,3.27745,98.50048,-23.10867,2.19848,-0.38045,0.11858,-0.0945,0.05286,-0.01182,0.20109,61.30398,-9.19396,2.07539,-0.41664,0.08175,-0.00942,-0.00271,0.00109,NA,NA,NA,NA,NA,NA,NA,NA,NA,NA,NA,NA,NA,NA,NA,NA,NA,NA,NA,NA,NA,NA,High,High,High,Medium,Undefined,NA,NA,NA,NA,NA,NA,NA,NA,NA,NA,NA,NA,NA,NA,NA,NA,NA,NA,NA,NA,NA,NA,NA,NA,NA,NA,NA,NA,NA,NA,NA,NA,NA,NA,NA,NA,NA,NA,NA,NA,NA,NA,NA,NA,NA
NA,NA,NA,NA,NA,NA,NA,NA,NA,NA,NA,NA,NA,NA,NA,NA,37,2026-02-27,15:26:07,3,7,"Sauer, John-Paul",815663,Right,SOU_RED,"Dierks, Marcus",10322729,Left,MIA_RED,Undefined,2,Top,1,3,2,Fastball,Four-Seam,FoulBallNotFieldable,Undefined,Undefined,Undefined,0,0,NA,90.54604,-2.153095,-0.557038,2093.695919,212.619839,01:00:00,5.87958,0.47064,5.73205,-15.81174,19.08387,11.37831,2.55578,0.90007,81.3847,-5.192924,1.479389,0.425164,62.18274,57.460904,-90.304436,NA,NA,NA,NA,NA,53.35225,NA,NA,-5.98248,10.8028,-0.43138,50,5.69075,0.77317,-131.19884,-5.38674,-10.23303,32.58703,-13.69593,SOU_RED,MIA_RED,SEMissouriState,D1,OVC,20260227-SEMissouriState-1,f57cb3b0-1422-11f1-bd15-e1e313853076,88.653809999999993,64.29093,NA,9.16134,NA,NA,NA,1.8183,2.5922,-0.88975,9cb2ba17-931f-41d8-9324-5ddeae6b795a,2026-02-27,21:26:07,2026-02-27T21:26:07Z,2026-02-27T21:26:07Z,NA,v3,471444,471355,270b77465999425caf9e0eadef204240,"Rosario, Moises",10267810,Right,SOU_RED,e4737259-7d0d-45a2-8876-d6702e4a16ef,54.76415,-132.37686,16.29352,5.87653,-4.89163,-6.84797,-0.46602,1.14309,-5.11651,NA,1.8183,-0.26065,-7.66166,1.56967,-0.29623,0.05925,-0.01228,0.00214,-2.4e-4,2.5922,76.88486,-22.72747,2.46924,-0.52261,0.10169,-0.02063,0.0036,-3.8e-4,-0.88975,-49.05416,4.65905,-1.05451,0.18537,-0.03919,0.00797,-0.00155,2.1e-4,NA,NA,NA,NA,NA,NA,NA,NA,NA,NA,NA,NA,NA,NA,NA,NA,NA,NA,NA,NA,NA,NA,High,High,High,Low,Undefined,NA,NA,NA,NA,NA,NA,NA,NA,NA,NA,NA,NA,NA,NA,NA,NA,NA,NA,NA,NA,NA,NA,NA,NA,NA,NA,NA,NA,NA,NA,NA,NA,NA,NA,NA,NA,NA,NA,NA,NA,NA,NA,NA,NA,NA
NA,NA,NA,NA,NA,NA,NA,NA,NA,NA,NA,NA,NA,NA,NA,NA,38,2026-02-27,15:26:28,3,8,"Sauer, John-Paul",815663,Right,SOU_RED,"Dierks, Marcus",10322729,Left,MIA_RED,Undefined,2,Top,1,3,2,ChangeUp,Changeup,BallCalled,Walk,Undefined,Undefined,0,0,NA,80.07475,-2.783227,-1.718444,1630.59457,224.216015,01:30:00,5.81889,0.25605,6.02912,-30.76482,12.96548,11.15532,0.67447,-0.40624,73.15685,-8.512367,0.291473,0.475951,NA,NA,NA,NA,NA,NA,NA,NA,NA,NA,NA,-6.26398,7.96233,-0.12771,50,5.58455,3.06863,-116.10609,-6.54118,-8.48385,23.3252,-21.39,SOU_RED,MIA_RED,SEMissouriState,D1,OVC,20260227-SEMissouriState-1,01b6bcc0-1423-11f1-bd15-e1e313853076,79.1939,NA,NA,6.91789,NA,NA,NA,NA,NA,NA,9cb2ba17-931f-41d8-9324-5ddeae6b795a,2026-02-27,21:26:28,2026-02-27T21:26:28Z,2026-02-27T21:26:28Z,NA,v3,471444,471355,270b77465999425caf9e0eadef204240,"Rosario, Moises",10267810,Right,SOU_RED,ea43cbd7-b855-4fb0-93ac-f5ed8cea45c9,54.46822,-117.0003,11.6626,5.81959,-5.72116,-10.695,-0.25158,3.39387,-4.24193,NA,NA,NA,NA,NA,NA,NA,NA,NA,NA,NA,NA,NA,NA,NA,NA,NA,NA,NA,NA,NA,NA,NA,NA,NA,NA,NA,NA,NA,NA,NA,NA,NA,NA,NA,NA,NA,NA,NA,NA,NA,NA,NA,NA,NA,NA,NA,NA,NA,NA,High,High,High,NA,NA,NA,NA,NA,NA,NA,NA,NA,NA,NA,NA,NA,NA,NA,NA,NA,NA,NA,NA,NA,NA,NA,NA,NA,NA,NA,NA,NA,NA,NA,NA,NA,NA,NA,NA,NA,NA,NA,NA,NA,NA,NA,NA,NA,NA,NA
NA,NA,NA,NA,NA,NA,NA,NA,NA,NA,NA,NA,NA,NA,NA,NA,39,2026-02-27,15:27:00,4,1,"Sauer, John-Paul",815663,Right,SOU_RED,"Christiansen, Hayden",830132,Right,MIA_RED,Undefined,2,Top,1,0,0,Fastball,Sinker,BallCalled,Undefined,Undefined,Undefined,0,0,NA,91.21124,-3.342093,-2.224824,2193.42876,231.193595,01:45:00,5.73468,0.44033,5.8425,-19.88367,14.09875,16.07694,0.96589,-0.28858,82.99152,-7.074652,0.658634,0.419564,NA,NA,NA,NA,NA,NA,NA,NA,NA,NA,NA,-8.83536,8.54426,-0.26841,50,5.45054,4.42227,-132.11838,-8.36093,-15.50751,29.98658,-17.17747,SOU_RED,MIA_RED,SEMissouriState,D1,OVC,20260227-SEMissouriState-1,1506e3e0-1423-11f1-bd15-e1e313853076,89.8371,NA,NA,8.21972,NA,NA,NA,NA,NA,NA,9cb2ba17-931f-41d8-9324-5ddeae6b795a,2026-02-27,21:27:00,2026-02-27T21:27:00Z,2026-02-27T21:27:00Z,NA,v3,471444,471355,270b77465999425caf9e0eadef204240,"Rosario, Moises",10267810,Right,SOU_RED,2e055ed0-ed74-409a-8c15-ac1fb3503ca6,54.65473,-133.17066,14.99329,5.73336,-7.75814,-8.58873,-0.43315,4.96646,-7.75375,NA,NA,NA,NA,NA,NA,NA,NA,NA,NA,NA,NA,NA,NA,NA,NA,NA,NA,NA,NA,NA,NA,NA,NA,NA,NA,NA,NA,NA,NA,NA,NA,NA,NA,NA,NA,NA,NA,NA,NA,NA,NA,NA,NA,NA,NA,NA,NA,NA,NA,High,High,High,NA,NA,NA,NA,NA,NA,NA,NA,NA,NA,NA,NA,NA,NA,NA,NA,NA,NA,NA,NA,NA,NA,NA,NA,NA,NA,NA,NA,NA,NA,NA,NA,NA,NA,NA,NA,NA,NA,NA,NA,NA,NA,NA,NA,NA,NA,NA
NA,NA,NA,NA,NA,NA,NA,NA,NA,NA,NA,NA,NA,NA,NA,NA,40,2026-02-27,15:27:18,4,2,"Sauer, John-Paul",815663,Right,SOU_RED,"Christiansen, Hayden",830132,Right,MIA_RED,Undefined,2,Top,1,1,0,Fastball,Four-Seam,BallCalled,Undefined,Undefined,Undefined,0,0,NA,90.69884,-3.80345,-2.575416,2098.086044,214.284362,01:15:00,5.81255,0.29133,5.7264099999999996,-15.80973,18.66288,11.92509,0.94387,-1.11519,82.66143,-6.802127,-0.443504,0.422579,NA,NA,NA,NA,NA,NA,NA,NA,NA,NA,NA,-6.78603,10.93001,-0.08367,50,5.48484,5.37625,-131.27953,-9.20487,-11.79966,28.73429,-13.16877,SOU_RED,MIA_RED,SEMissouriState,D1,OVC,20260227-SEMissouriState-1,1faeb430-1423-11f1-bd15-e1e313853076,89.19611,NA,NA,8.03741,NA,NA,NA,NA,NA,NA,9cb2ba17-931f-41d8-9324-5ddeae6b795a,2026-02-27,21:27:18,2026-02-27T21:27:18Z,2026-02-27T21:27:18Z,NA,v3,471444,471355,270b77465999425caf9e0eadef204240,"Rosario, Moises",10267810,Right,SOU_RED,23247ea8-22b4-47d3-b3a3-562b21da54b5,54.77077,-132.31962,14.36714,5.8094,-8.7282,-6.58438,-0.28601,5.80336,-5.89983,NA,NA,NA,NA,NA,NA,NA,NA,NA,NA,NA,NA,NA,NA,NA,NA,NA,NA,NA,NA,NA,NA,NA,NA,NA,NA,NA,NA,NA,NA,NA,NA,NA,NA,NA,NA,NA,NA,NA,NA,NA,NA,NA,NA,NA,NA,NA,NA,NA,NA,High,High,High,NA,NA,NA,NA,NA,NA,NA,NA,NA,NA,NA,NA,NA,NA,NA,NA,NA,NA,NA,NA,NA,NA,NA,NA,NA,NA,NA,NA,NA,NA,NA,NA,NA,NA,NA,NA,NA,NA,NA,NA,NA,NA,NA,NA,NA,NA,NA
NA,NA,NA,NA,NA,NA,NA,NA,NA,NA,NA,NA,NA,NA,NA,NA,41,2026-02-27,15:28:25,4,3,"Sauer, John-Paul",815663,Right,SOU_RED,"Christiansen, Hayden",830132,Right,MIA_RED,Undefined,2,Top,1,2,0,ChangeUp,Changeup,BallCalled,Undefined,Undefined,Undefined,0,0,NA,80.18615,-3.356896,-0.812857,1711.954747,222.630629,01:30:00,5.84595,0.68496,6.00557,-28.87399,14.61509,12.12764,0.32577,0.94244000000000006,73.59634,-8.723749,1.372113,0.474637,NA,NA,NA,NA,NA,NA,NA,NA,NA,NA,NA,-6.47343,8.92796,-0.62766,50,5.56616,1.19808,-116.28643,-7.65568,-8.83361,22.50541,-19.99099,SOU_RED,MIA_RED,SEMissouriState,D1,OVC,20260227-SEMissouriState-1,47a4f580-1423-11f1-bd15-e1e313853076,79.4132,NA,NA,6.58981,NA,NA,NA,NA,NA,NA,9cb2ba17-931f-41d8-9324-5ddeae6b795a,2026-02-27,21:28:25,2026-02-27T21:28:25Z,2026-02-27T21:28:25Z,NA,v3,471444,471355,270b77465999425caf9e0eadef204240,"Rosario, Moises",10267810,Right,SOU_RED,4c1ea063-28eb-422b-bbcb-5db82b32aada,54.49207,-117.15257,11.2527,5.84598,-6.88631,-9.99549,-0.68031,1.53805,-4.4168,NA,NA,NA,NA,NA,NA,NA,NA,NA,NA,NA,NA,NA,NA,NA,NA,NA,NA,NA,NA,NA,NA,NA,NA,NA,NA,NA,NA,NA,NA,NA,NA,NA,NA,NA,NA,NA,NA,NA,NA,NA,NA,NA,NA,NA,NA,NA,NA,NA,NA,High,High,High,NA,NA,NA,NA,NA,NA,NA,NA,NA,NA,NA,NA,NA,NA,NA,NA,NA,NA,NA,NA,NA,NA,NA,NA,NA,NA,NA,NA,NA,NA,NA,NA,NA,NA,NA,NA,NA,NA,NA,NA,NA,NA,NA,NA,NA,NA,NA
NA,NA,NA,NA,NA,NA,NA,NA,NA,NA,NA,NA,NA,NA,NA,NA,42,2026-02-27,15:28:44,4,4,"Sauer, John-Paul",815663,Right,SOU_RED,"Christiansen, Hayden",830132,Right,MIA_RED,Undefined,2,Top,1,3,0,Fastball,Sinker,BallCalled,Walk,Undefined,Undefined,0,0,NA,90.44144,-3.755263,-2.178175,2183.139971,227.39525,01:30:00,5.71887,0.5744,5.75645,-18.24859,16.5771,16.67048,0.69506,-0.06491,82.00022,-7.199993,0.806476,0.424738,NA,NA,NA,NA,NA,NA,NA,NA,NA,NA,NA,-9.1306,9.95993,-0.40387,50,5.39597,4.24091,-130.88574,-9.16108,-15.6707,30.3628,-15.07995,SOU_RED,MIA_RED,SEMissouriState,D1,OVC,20260227-SEMissouriState-1,52d1ad40-1423-11f1-bd15-e1e313853076,88.74276,NA,NA,8.44122,NA,NA,NA,NA,NA,NA,9cb2ba17-931f-41d8-9324-5ddeae6b795a,2026-02-27,21:28:44,2026-02-27T21:28:44Z,2026-02-27T21:28:44Z,NA,v3,471444,471355,270b77465999425caf9e0eadef204240,"Rosario, Moises",10267810,Right,SOU_RED,ef297914-0935-4109-9542-241de222886e,54.74054,-131.98086,15.1814,5.71658,-8.61718,-7.53997,-0.56703,4.80612,-7.83535,NA,NA,NA,NA,NA,NA,NA,NA,NA,NA,NA,NA,NA,NA,NA,NA,NA,NA,NA,NA,NA,NA,NA,NA,NA,NA,NA,NA,NA,NA,NA,NA,NA,NA,NA,NA,NA,NA,NA,NA,NA,NA,NA,NA,NA,NA,NA,NA,NA,NA,High,High,High,NA,NA,NA,NA,NA,NA,NA,NA,NA,NA,NA,NA,NA,NA,NA,NA,NA,NA,NA,NA,NA,NA,NA,NA,NA,NA,NA,NA,NA,NA,NA,NA,NA,NA,NA,NA,NA,NA,NA,NA,NA,NA,NA,NA,NA,NA,NA
NA,NA,NA,NA,NA,NA,NA,NA,NA,NA,NA,NA,NA,NA,NA,NA,43,2026-02-27,15:29:15,5,1,"Sauer, John-Paul",815663,Right,SOU_RED,"Gonzalez, Ignacio",10124440,Right,MIA_RED,Undefined,2,Top,1,0,0,Slider,Slider,BallCalled,Undefined,Undefined,Undefined,0,0,NA,80.22795,-0.440111,-1.034861,2494.516685,74.511282,08:30:00,5.7007,0.62682,5.46651,-45.9651,-2.05264,-12.08375,1.4583,-1.34879,74.24555,-8.78532,-3.190422,0.476942,NA,NA,NA,NA,NA,NA,NA,NA,NA,NA,NA,5.815,-0.50476,-0.52736,50,5.63052,2.58604,-116.57277,-2.4891,8.02662,21.27599,-32.87077,SOU_RED,MIA_RED,SEMissouriState,D1,OVC,20260227-SEMissouriState-1,6532e080-1423-11f1-bd15-e1e313853076,79.02943,NA,NA,5.9824,NA,NA,NA,NA,NA,NA,9cb2ba17-931f-41d8-9324-5ddeae6b795a,2026-02-27,21:29:15,2026-02-27T21:29:15Z,2026-02-27T21:29:15Z,NA,v3,471444,471355,270b77465999425caf9e0eadef204240,"Rosario, Moises",10267810,Right,SOU_RED,892574c7-f064-4902-b050-ad1bb9d4524c,55.03401,-117.48795,10.638,5.70717,-1.07518,-16.43538,-0.63117,2.24078,4.01331,NA,NA,NA,NA,NA,NA,NA,NA,NA,NA,NA,NA,NA,NA,NA,NA,NA,NA,NA,NA,NA,NA,NA,NA,NA,NA,NA,NA,NA,NA,NA,NA,NA,NA,NA,NA,NA,NA,NA,NA,NA,NA,NA,NA,NA,NA,NA,NA,NA,NA,High,High,High,NA,NA,NA,NA,NA,NA,NA,NA,NA,NA,NA,NA,NA,NA,NA,NA,NA,NA,NA,NA,NA,NA,NA,NA,NA,NA,NA,NA,NA,NA,NA,NA,NA,NA,NA,NA,NA,NA,NA,NA,NA,NA,NA,NA,NA,NA,NA
NA,NA,NA,NA,NA,NA,NA,NA,NA,NA,NA,NA,NA,NA,NA,NA,44,2026-02-27,15:29:30,5,2,"Sauer, John-Paul",815663,Right,SOU_RED,"Gonzalez, Ignacio",10124440,Right,MIA_RED,Undefined,2,Top,1,1,0,Fastball,Four-Seam,StrikeCalled,Undefined,Undefined,Undefined,0,0,NA,90.38566,-2.874496,-2.617354,2207.339025,215.150461,01:15:00,5.81776,0.46625,5.76809,-15.12194,19.73891,13.01119,1.87743,-0.88699,81.66774,-5.780475,-0.290001,0.424953,NA,NA,NA,NA,NA,NA,NA,NA,NA,NA,NA,-7.3789,11.27812,-0.25732,50,5.57053,5.39601,-130.83339,-6.99267,-12.64403,30.54275,-12.84855,SOU_RED,MIA_RED,SEMissouriState,D1,OVC,20260227-SEMissouriState-1,6e949c40-1423-11f1-bd15-e1e313853076,88.69796,NA,NA,8.71792,NA,NA,NA,NA,NA,NA,9cb2ba17-931f-41d8-9324-5ddeae6b795a,2026-02-27,21:29:30,2026-02-27T21:29:30Z,2026-02-27T21:29:30Z,NA,v3,471444,471355,270b77465999425caf9e0eadef204240,"Rosario, Moises",10267810,Right,SOU_RED,49f6c338-3621-4c2f-850e-b818eaa5fc15,54.72717,-131.93232,15.27138,5.81381,-6.53038,-6.42428,-0.45966,5.85095,-6.32201,NA,NA,NA,NA,NA,NA,NA,NA,NA,NA,NA,NA,NA,NA,NA,NA,NA,NA,NA,NA,NA,NA,NA,NA,NA,NA,NA,NA,NA,NA,NA,NA,NA,NA,NA,NA,NA,NA,NA,NA,NA,NA,NA,NA,NA,NA,NA,NA,NA,NA,High,High,High,NA,NA,NA,NA,NA,NA,NA,NA,NA,NA,NA,NA,NA,NA,NA,NA,NA,NA,NA,NA,NA,NA,NA,NA,NA,NA,NA,NA,NA,NA,NA,NA,NA,NA,NA,NA,NA,NA,NA,NA,NA,NA,NA,NA,NA,NA,NA
NA,NA,NA,NA,NA,NA,NA,NA,NA,NA,NA,NA,NA,NA,NA,NA,45,2026-02-27,15:29:47,5,3,"Sauer, John-Paul",815663,Right,SOU_RED,"Gonzalez, Ignacio",10124440,Right,MIA_RED,Undefined,2,Top,1,1,1,Fastball,Four-Seam,StrikeCalled,Undefined,Undefined,Undefined,0,0,NA,89.65902,-3.122895,-1.693409,2182.426018,212.056308,01:00:00,5.78409,0.52008,5.70484,-16.77647,18.60088,10.87253,1.47216,-0.15216,81.37077,-6.309714,0.251074,0.428089,NA,NA,NA,NA,NA,NA,NA,NA,NA,NA,NA,-5.99839,10.74001,-0.38481,50,5.51174,3.35562,-129.86037,-7.58331,-10.15954,29.2627,-13.98351,SOU_RED,MIA_RED,SEMissouriState,D1,OVC,20260227-SEMissouriState-1,784932f0-1423-11f1-bd15-e1e313853076,88.04817,NA,NA,8.28825,NA,NA,NA,NA,NA,NA,9cb2ba17-931f-41d8-9324-5ddeae6b795a,2026-02-27,21:29:47,2026-02-27T21:29:47Z,2026-02-27T21:29:47Z,NA,v3,471444,471355,270b77465999425caf9e0eadef204240,"Rosario, Moises",10267810,Right,SOU_RED,1a6274d4-2299-46f9-a49c-703bd896e4d0,54.79097,-130.93552,14.63135,5.78092,-7.06954,-6.99176,-0.51496,3.72889,-5.07977,NA,NA,NA,NA,NA,NA,NA,NA,NA,NA,NA,NA,NA,NA,NA,NA,NA,NA,NA,NA,NA,NA,NA,NA,NA,NA,NA,NA,NA,NA,NA,NA,NA,NA,NA,NA,NA,NA,NA,NA,NA,NA,NA,NA,NA,NA,NA,NA,NA,NA,High,High,High,NA,NA,NA,NA,NA,NA,NA,NA,NA,NA,NA,NA,NA,NA,NA,NA,NA,NA,NA,NA,NA,NA,NA,NA,NA,NA,NA,NA,NA,NA,NA,NA,NA,NA,NA,NA,NA,NA,NA,NA,NA,NA,NA,NA,NA,NA,NA
NA,NA,NA,NA,NA,NA,NA,NA,NA,NA,NA,NA,NA,NA,NA,NA,46,2026-02-27,15:30:04,5,4,"Sauer, John-Paul",815663,Right,SOU_RED,"Gonzalez, Ignacio",10124440,Right,MIA_RED,Undefined,2,Top,1,1,2,Slider,Slider,FoulBallNotFieldable,Undefined,Undefined,Undefined,0,0,NA,79.97757,-0.162135,0.214246,2506.067244,87.626275,09:00:00,5.74857,0.52899,5.28268,-44.77247,0.82291,-21.25556,1.86527,-1.0411,72.15949,-8.349918,-3.564397,0.485995,45.41212,-67.876769,-92.185106,NA,NA,NA,NA,1.54508,1.54508,9.950977,0.030348,10.71154,0.95433,-0.53231,50,5.70132,0.44331,-115.88772,-1.88876,14.2346,26.26299,-30.90584,SOU_RED,MIA_RED,SEMissouriState,D1,OVC,20260227-SEMissouriState-1,829a30b0-1423-11f1-bd15-e1e313853076,77.55724,1.88499,NA,7.81807,NA,NA,NA,1.55106,1.88499,1.03275,9cb2ba17-931f-41d8-9324-5ddeae6b795a,2026-02-27,21:30:04,2026-02-27T21:30:04Z,2026-02-27T21:30:04Z,GroundBall,v3,471444,471355,270b77465999425caf9e0eadef204240,"Rosario, Moises",10267810,Right,SOU_RED,627ebc58-cd09-4939-be54-8851ca4c99ff,55.21514,-117.06363,13.13149,5.75491,-0.50496,-15.45292,-0.53789,-0.19403,7.1173,NA,1.55109,-0.96276,NA,NA,NA,NA,NA,NA,NA,1.887,-62.11284,NA,NA,NA,NA,NA,NA,NA,1.03356,-25.23239,NA,NA,NA,NA,NA,NA,NA,NA,NA,NA,NA,NA,NA,NA,NA,NA,NA,NA,NA,NA,NA,NA,NA,NA,NA,NA,NA,NA,NA,High,High,High,Estimated,Estimated,NA,NA,NA,NA,NA,NA,NA,NA,NA,NA,NA,NA,NA,NA,NA,NA,NA,NA,NA,NA,NA,NA,NA,NA,NA,NA,NA,NA,NA,NA,NA,NA,NA,NA,NA,NA,NA,NA,NA,NA,NA,NA,NA,NA,NA
NA,NA,NA,NA,NA,NA,NA,NA,NA,NA,NA,NA,NA,NA,NA,NA,47,2026-02-27,15:30:28,5,5,"Sauer, John-Paul",815663,Right,SOU_RED,"Gonzalez, Ignacio",10124440,Right,MIA_RED,Undefined,2,Top,1,1,2,Fastball,Four-Seam,FoulBallNotFieldable,Undefined,Undefined,Undefined,0,0,NA,89.98257,-2.42127,-1.889066,2187.045176,221.246505,01:15:00,5.85746,0.40002,5.91199,-16.2119,19.04513,15.50154,2.25666,-0.06212,80.58633,-5.552487,0.893675,0.42736,71.47209,58.12059,52.304136,5472.339794,NA,NA,NA,NA,50.09908,NA,NA,-8.56071,10.95827,-0.25724,50,5.65407,3.62186,-130.28845,-5.9543,-14.38851,33.03631,-13.75578,SOU_RED,MIA_RED,SEMissouriState,D1,OVC,20260227-SEMissouriState-1,90d44f80-1423-11f1-bd15-e1e313853076,88.1983,70.40248,NA,9.39624,NA,NA,NA,-0.04723,2.40598,-0.02744,9cb2ba17-931f-41d8-9324-5ddeae6b795a,2026-02-27,21:30:28,2026-02-27T21:30:28Z,2026-02-27T21:30:28Z,NA,v3,471444,471355,270b77465999425caf9e0eadef204240,"Rosario, Moises",10267810,Right,SOU_RED,fb7241c4-8443-4244-8b00-90d88a3b25bc,54.58345,-131.4455,16.51815,5.85417,-5.47252,-6.87789,-0.39291,4.1258,-7.19426,210.766322,-0.04723,33.85298,-12.87461,3.75801,-0.10041,-1.31023,1.45386,-0.78235,0.17204,2.40599,89.01365,-25.2911,2.64468,-0.56834,0.33199,-0.28907,0.15092,-0.033,-0.02744,43.80571,-1.98469,-0.2227,-0.11506,0.51188,-0.55721,0.29993,-0.06607,NA,NA,NA,NA,NA,NA,NA,NA,NA,NA,NA,NA,NA,NA,NA,NA,NA,NA,NA,NA,NA,NA,High,High,High,High,Undefined,NA,NA,NA,NA,NA,NA,NA,NA,NA,NA,NA,NA,NA,NA,NA,NA,NA,NA,NA,NA,NA,NA,NA,NA,NA,NA,NA,NA,NA,NA,NA,NA,NA,NA,NA,NA,NA,NA,NA,NA,NA,NA,NA,NA,NA
NA,NA,NA,NA,NA,NA,NA,NA,NA,NA,NA,NA,NA,NA,NA,NA,48,2026-02-27,15:30:56,5,6,"Sauer, John-Paul",815663,Right,SOU_RED,"Gonzalez, Ignacio",10124440,Right,MIA_RED,Undefined,2,Top,1,1,2,Fastball,Four-Seam,FoulBallNotFieldable,Undefined,Undefined,Undefined,0,0,NA,90.01649,-1.935339,-0.8419,2197.190086,208.202237,01:00:00,5.93581,0.31178,5.80995,-14.37383,21.0384,10.53516,2.93742,0.40677,80.37244,-4.742368,1.046063,0.4283,66.33097,30.251812,165.159408,3458.474621,NA,NA,NA,NA,28.68918,NA,NA,-5.64555,11.78028,-0.24901,50,5.76887,1.44824,-130.35511,-4.77107,-9.47541,33.67702,-12.40225,SOU_RED,MIA_RED,SEMissouriState,D1,OVC,20260227-SEMissouriState-1,a1ac4ab0-1423-11f1-bd15-e1e313853076,88.00476,17.55429,NA,9.64405,NA,NA,NA,0.42734,2.80729,-0.42115,9cb2ba17-931f-41d8-9324-5ddeae6b795a,2026-02-27,21:30:56,2026-02-27T21:30:56Z,2026-02-27T21:30:56Z,NA,v3,471444,471355,270b77465999425caf9e0eadef204240,"Rosario, Moises",10267810,Right,SOU_RED,af40b1bb-6d7c-460f-a422-92daa1c269ab,54.68428,-131.55972,16.83851,5.93159,-4.32745,-6.20113,-0.30688,1.78717,-4.7377,288.990072,0.42544,-81.16462,7.75632,NA,NA,NA,NA,NA,NA,2.81339,48.78775,-22.6761,NA,NA,NA,NA,NA,NA,-0.41412,21.26474,-9.75305,NA,NA,NA,NA,NA,NA,NA,NA,NA,NA,NA,NA,NA,NA,NA,NA,NA,NA,NA,NA,NA,NA,NA,NA,NA,NA,NA,NA,High,High,High,High,Undefined,NA,NA,NA,NA,NA,NA,NA,NA,NA,NA,NA,NA,NA,NA,NA,NA,NA,NA,NA,NA,NA,NA,NA,NA,NA,NA,NA,NA,NA,NA,NA,NA,NA,NA,NA,NA,NA,NA,NA,NA,NA,NA,NA,NA,NA
NA,NA,NA,NA,NA,NA,NA,NA,NA,NA,NA,NA,NA,NA,NA,NA,49,2026-02-27,15:31:15,5,7,"Sauer, John-Paul",815663,Right,SOU_RED,"Gonzalez, Ignacio",10124440,Right,MIA_RED,Undefined,2,Top,1,1,2,Slider,Curveball,FoulBallNotFieldable,Undefined,Undefined,Undefined,0,0,NA,78.35105,1.401794,-0.551938,2554.217804,64.293752,08:15:00,5.77172,0.69324,5.47744,-53.89216,-6.93473,-17.86879,2.5927,-1.3123,71.01735,-8.441156,-3.73845,0.4932,NA,NA,NA,NA,NA,NA,NA,NA,NA,NA,NA,8.82516,-3.48079,-0.63224,50,5.85819,1.79893,-113.62465,0.94196,11.32386,24.41526,-36.64037,SOU_RED,MIA_RED,SEMissouriState,D1,OVC,20260227-SEMissouriState-1,acdfb930-1423-11f1-bd15-e1e313853076,76.42417,NA,NA,7.33369,NA,NA,NA,NA,NA,NA,9cb2ba17-931f-41d8-9324-5ddeae6b795a,2026-02-27,21:31:15,2026-02-27T21:31:15Z,2026-02-27T21:31:15Z,NA,v3,471444,471355,270b77465999425caf9e0eadef204240,"Rosario, Moises",10267810,Right,SOU_RED,76a9369e-58a3-4a49-a51f-fa90b4d933ff,55.02244,-114.69877,12.20763,5.78129,2.55392,-18.32018,-0.70043,1.30074,5.66193,NA,NA,NA,NA,NA,NA,NA,NA,NA,NA,NA,NA,NA,NA,NA,NA,NA,NA,NA,NA,NA,NA,NA,NA,NA,NA,NA,NA,NA,NA,NA,NA,NA,NA,NA,NA,NA,NA,NA,NA,NA,NA,NA,NA,NA,NA,NA,NA,NA,NA,High,High,High,NA,NA,NA,NA,NA,NA,NA,NA,NA,NA,NA,NA,NA,NA,NA,NA,NA,NA,NA,NA,NA,NA,NA,NA,NA,NA,NA,NA,NA,NA,NA,NA,NA,NA,NA,NA,NA,NA,NA,NA,NA,NA,NA,NA,NA,NA,NA
NA,NA,NA,NA,NA,NA,NA,NA,NA,NA,NA,NA,NA,NA,NA,NA,50,2026-02-27,15:31:34,5,8,"Sauer, John-Paul",815663,Right,SOU_RED,"Gonzalez, Ignacio",10124440,Right,MIA_RED,Undefined,2,Top,1,1,2,ChangeUp,Changeup,StrikeSwinging,Strikeout,Undefined,Undefined,0,0,NA,80.15682,-0.635119,-1.018283,1718.233925,228.387147,01:30:00,5.86458,0.2504,6.01076,-29.45813,14.11729,14.22847,2.82124,0.49267,72.92714,-6.166179,1.542496,0.475108,NA,NA,NA,NA,NA,NA,NA,NA,NA,NA,NA,-7.57465,7.89394,-0.17793,50,5.79877,1.5239,-116.36312,-2.13762,-10.30276,23.46144,-21.43698,SOU_RED,MIA_RED,SEMissouriState,D1,OVC,20260227-SEMissouriState-1,b84226f0-1423-11f1-bd15-e1e313853076,79.33448,NA,NA,7.22968,NA,NA,NA,NA,NA,NA,9cb2ba17-931f-41d8-9324-5ddeae6b795a,2026-02-27,21:31:34,2026-02-27T21:31:34Z,2026-02-27T21:31:34Z,NA,v3,471444,471355,270b77465999425caf9e0eadef204240,"Rosario, Moises",10267810,Right,SOU_RED,7bdd0f18-1b1a-4c71-af96-3210b30e4f4d,54.48536,-117.26399,11.73072,5.86505,-1.31449,-10.71849,-0.24404,1.9195,-5.15138,NA,NA,NA,NA,NA,NA,NA,NA,NA,NA,NA,NA,NA,NA,NA,NA,NA,NA,NA,NA,NA,NA,NA,NA,NA,NA,NA,NA,NA,NA,NA,NA,NA,NA,NA,NA,NA,NA,NA,NA,NA,NA,NA,NA,NA,NA,NA,NA,NA,NA,High,High,High,NA,NA,NA,NA,NA,NA,NA,NA,NA,NA,NA,NA,NA,NA,NA,NA,NA,NA,NA,NA,NA,NA,NA,NA,NA,NA,NA,NA,NA,NA,NA,NA,NA,NA,NA,NA,NA,NA,NA,NA,NA,NA,NA,NA,NA,NA,NA
NA,NA,NA,NA,NA,NA,NA,NA,NA,NA,NA,NA,NA,NA,NA,NA,51,2026-02-27,15:32:06,6,1,"Sauer, John-Paul",815663,Right,SOU_RED,"Cruz, Diego",1000178634,Left,MIA_RED,Undefined,2,Top,2,0,0,ChangeUp,Changeup,StrikeCalled,Undefined,Undefined,Undefined,0,0,NA,79.75547,-1.036025,-0.869473,1730.5122,219.675184,01:15:00,5.9174,0.33172,5.90532,-28.56171,15.76438,11.78969,2.57536,0.50705,72.38227,-6.403223,1.248306,0.479183,NA,NA,NA,NA,NA,NA,NA,NA,NA,NA,NA,-6.26205,8.84934,-0.2684,50,5.81805,1.29939,-115.70631,-2.91135,-8.39903,23.73123,-20.30476,SOU_RED,MIA_RED,SEMissouriState,D1,OVC,20260227-SEMissouriState-1,cb5b86a0-1423-11f1-bd15-e1e313853076,78.65985,NA,NA,7.3732,NA,NA,NA,NA,NA,NA,9cb2ba17-931f-41d8-9324-5ddeae6b795a,2026-02-27,21:32:06,2026-02-27T21:32:06Z,2026-02-27T21:32:06Z,NA,v3,471444,471355,270b77465999425caf9e0eadef204240,"Rosario, Moises",10267810,Right,SOU_RED,2654edac-c9a8-4cb6-85f7-5eaf2c378198,54.58978,-116.64387,11.86562,5.91723,-2.10916,-10.15238,-0.32629,1.63121,-4.19951,NA,NA,NA,NA,NA,NA,NA,NA,NA,NA,NA,NA,NA,NA,NA,NA,NA,NA,NA,NA,NA,NA,NA,NA,NA,NA,NA,NA,NA,NA,NA,NA,NA,NA,NA,NA,NA,NA,NA,NA,NA,NA,NA,NA,NA,NA,NA,NA,NA,NA,High,High,High,NA,NA,NA,NA,NA,NA,NA,NA,NA,NA,NA,NA,NA,NA,NA,NA,NA,NA,NA,NA,NA,NA,NA,NA,NA,NA,NA,NA,NA,NA,NA,NA,NA,NA,NA,NA,NA,NA,NA,NA,NA,NA,NA,NA,NA,NA,NA
NA,NA,NA,NA,NA,NA,NA,NA,NA,NA,NA,NA,NA,NA,NA,NA,52,2026-02-27,15:32:24,6,2,"Sauer, John-Paul",815663,Right,SOU_RED,"Cruz, Diego",1000178634,Left,MIA_RED,Undefined,2,Top,2,0,1,Fastball,Four-Seam,BallCalled,Undefined,Undefined,Undefined,0,0,NA,89.32053,-0.993904,-0.785509,2109.867683,216.22115,01:15:00,5.83153,0.54804,5.8731,-16.40607,18.97403,12.99367,3.54104,0.90121,80.77016,-4.144922,1.545761,0.428106,NA,NA,NA,NA,NA,NA,NA,NA,NA,NA,NA,-6.81756,10.33469,-0.4917,50,5.74162,1.20498,-129.58637,-2.70119,-11.47034,29.74972,-14.78626,SOU_RED,MIA_RED,SEMissouriState,D1,OVC,20260227-SEMissouriState-1,d6046860-1423-11f1-bd15-e1e313853076,88.04471,NA,NA,8.55037,NA,NA,NA,NA,NA,NA,9cb2ba17-931f-41d8-9324-5ddeae6b795a,2026-02-27,21:32:24,2026-02-27T21:32:24Z,2026-02-27T21:32:24Z,NA,v3,471444,471355,270b77465999425caf9e0eadef204240,"Rosario, Moises",10267810,Right,SOU_RED,e4be1e6e-8ce6-4af2-b328-3c6b86def6bb,54.62198,-130.64315,14.87486,5.82825,-2.17595,-7.39313,-0.54174,1.61243,-5.73517,NA,NA,NA,NA,NA,NA,NA,NA,NA,NA,NA,NA,NA,NA,NA,NA,NA,NA,NA,NA,NA,NA,NA,NA,NA,NA,NA,NA,NA,NA,NA,NA,NA,NA,NA,NA,NA,NA,NA,NA,NA,NA,NA,NA,NA,NA,NA,NA,NA,NA,High,High,High,NA,NA,NA,NA,NA,NA,NA,NA,NA,NA,NA,NA,NA,NA,NA,NA,NA,NA,NA,NA,NA,NA,NA,NA,NA,NA,NA,NA,NA,NA,NA,NA,NA,NA,NA,NA,NA,NA,NA,NA,NA,NA,NA,NA,NA,NA,NA
NA,NA,NA,NA,NA,NA,NA,NA,NA,NA,NA,NA,NA,NA,NA,NA,53,2026-02-27,15:32:42,6,3,"Sauer, John-Paul",815663,Right,SOU_RED,"Cruz, Diego",1000178634,Left,MIA_RED,Undefined,2,Top,2,1,1,ChangeUp,Changeup,StrikeSwinging,Undefined,Undefined,Undefined,0,0,NA,80.16854,-1.620417,-0.252116,1664.840525,221.676986,01:30:00,5.83658,0.48492,5.93564,-28.84663,15.04961,12.01304,1.929,1.25212,72.75522,-7.031445,1.907668,0.476854,NA,NA,NA,NA,NA,NA,NA,NA,NA,NA,NA,-6.18296,8.6854,-0.47126,50,5.69122,0.04356,-116.27634,-4.1218,-8.36216,24.27104,-20.42746,SOU_RED,MIA_RED,SEMissouriState,D1,OVC,20260227-SEMissouriState-1,e0efaa50-1423-11f1-bd15-e1e313853076,79.04405,NA,NA,7.41333,NA,NA,NA,NA,NA,NA,9cb2ba17-931f-41d8-9324-5ddeae6b795a,2026-02-27,21:32:42,2026-02-27T21:32:42Z,2026-02-27T21:32:42Z,NA,v3,471444,471355,270b77465999425caf9e0eadef204240,"Rosario, Moises",10267810,Right,SOU_RED,2ccaaa8b-9fa9-4eb4-8fec-dce3c92c377d,54.55902,-117.22411,12.13552,5.83659,-3.32412,-10.21373,-0.47934,0.3701,-4.18108,NA,NA,NA,NA,NA,NA,NA,NA,NA,NA,NA,NA,NA,NA,NA,NA,NA,NA,NA,NA,NA,NA,NA,NA,NA,NA,NA,NA,NA,NA,NA,NA,NA,NA,NA,NA,NA,NA,NA,NA,NA,NA,NA,NA,NA,NA,NA,NA,NA,NA,High,High,High,NA,NA,NA,NA,NA,NA,NA,NA,NA,NA,NA,NA,NA,NA,NA,NA,NA,NA,NA,NA,NA,NA,NA,NA,NA,NA,NA,NA,NA,NA,NA,NA,NA,NA,NA,NA,NA,NA,NA,NA,NA,NA,NA,NA,NA,NA,NA
NA,NA,NA,NA,NA,NA,NA,NA,NA,NA,NA,NA,NA,NA,NA,NA,54,2026-02-27,15:33:01,6,4,"Sauer, John-Paul",815663,Right,SOU_RED,"Cruz, Diego",1000178634,Left,MIA_RED,Undefined,2,Top,2,1,2,ChangeUp,Changeup,BallCalled,Undefined,Undefined,Undefined,0,0,NA,80.11276,-1.337464,0.137576,1686.934337,226.849527,01:30:00,5.70875,0.60221,6.127,-29.2697,14.178,13.55186,2.03307,1.85871,73.01012,-6.832034,2.582282,0.474411,NA,NA,NA,NA,NA,NA,NA,NA,NA,NA,NA,-6.89323,8.17559,-0.6192,50,5.59143,-0.79306,-116.30272,-3.53981,-9.3642,23.48068,-21.06784,SOU_RED,MIA_RED,SEMissouriState,D1,OVC,20260227-SEMissouriState-1,ec7bc020-1423-11f1-bd15-e1e313853076,79.45104,NA,NA,7.10264,NA,NA,NA,NA,NA,NA,9cb2ba17-931f-41d8-9324-5ddeae6b795a,2026-02-27,21:33:01,2026-02-27T21:33:01Z,2026-02-27T21:33:01Z,NA,v3,471444,471355,270b77465999425caf9e0eadef204240,"Rosario, Moises",10267810,Right,SOU_RED,fbeda71c-0dcd-4161-a74a-0fcc30c668ba,54.36849,-117.18137,11.74034,5.70914,-2.75145,-10.53392,-0.59608,-0.44266,-4.6821,NA,NA,NA,NA,NA,NA,NA,NA,NA,NA,NA,NA,NA,NA,NA,NA,NA,NA,NA,NA,NA,NA,NA,NA,NA,NA,NA,NA,NA,NA,NA,NA,NA,NA,NA,NA,NA,NA,NA,NA,NA,NA,NA,NA,NA,NA,NA,NA,NA,NA,High,High,High,NA,NA,NA,NA,NA,NA,NA,NA,NA,NA,NA,NA,NA,NA,NA,NA,NA,NA,NA,NA,NA,NA,NA,NA,NA,NA,NA,NA,NA,NA,NA,NA,NA,NA,NA,NA,NA,NA,NA,NA,NA,NA,NA,NA,NA,NA,NA
NA,NA,NA,NA,NA,NA,NA,NA,NA,NA,NA,NA,NA,NA,NA,NA,55,2026-02-27,15:33:23,6,5,"Sauer, John-Paul",815663,Right,SOU_RED,"Cruz, Diego",1000178634,Left,MIA_RED,Undefined,2,Top,2,2,2,Fastball,Sinker,InPlay,Undefined,Popup,Out,1,0,NA,89.62346,-1.971114,-2.160282,2052.420364,220.576263,01:15:00,5.79189,0.3613,5.93784,-17.47517,18.01147,14.25221,2.50505,-0.45601,80.26506,-5.33403,0.398773,0.42875,68.58513,54.368855,-20.067533,NA,96.54806,90.28531,-52.71119,182.36804,89.84491,-31.042043,4.856611,-8.06402,10.3026,-0.19709,50,5.62498,4.28852,-129.80644,-4.96432,-13.45172,32.82675,-14.98809,SOU_RED,MIA_RED,SEMissouriState,D1,OVC,20260227-SEMissouriState-1,f98fd580-1423-11f1-bd15-e1e313853076,87.91245,91.44129,NA,9.3584,NA,NA,NA,1.99123,2.83005,0.40636,9cb2ba17-931f-41d8-9324-5ddeae6b795a,2026-02-27,21:33:23,2026-02-27T21:33:23Z,2026-02-27T21:33:23Z,Popup,v3,471444,471355,270b77465999425caf9e0eadef204240,"Rosario, Moises",10267810,Right,SOU_RED,62b06606-87b4-463b-86bf-96fc33b2e100,54.55844,-130.95415,16.41338,5.78938,-4.4403,-7.49405,-0.35525,4.75883,-6.72586,156.380564,1.99393,54.97152,-12.6181,2.6935,0.17189,-0.35354,0.11335,-0.01592,8.5e-4,2.82482,81.86178,-22.18387,2.417,-0.73198,0.18905,-0.02556,0.00102,4e-5,0.40758,-20.13673,-1.06014,0.43918,0.12115,-0.13555,0.04289,-0.00607,3.2e-4,NA,NA,NA,NA,NA,NA,NA,NA,NA,NA,NA,NA,NA,NA,NA,NA,NA,NA,NA,NA,NA,NA,High,High,High,Medium,Low,NA,NA,NA,NA,NA,NA,NA,NA,NA,NA,NA,NA,NA,NA,NA,NA,NA,NA,NA,NA,NA,NA,NA,NA,NA,NA,NA,NA,NA,NA,NA,NA,NA,NA,NA,NA,NA,NA,NA,NA,NA,NA,NA,NA,NA
NA,NA,NA,NA,NA,NA,NA,NA,NA,NA,NA,NA,NA,NA,NA,NA,56,2026-02-27,15:35:26,1,1,"Byers, Carson",1000133996,Left,MIA_RED,"Terranova, Joe",1000272666,Right,SOU_RED,Undefined,2,Bottom,0,0,0,Fastball,Changeup,BallCalled,Undefined,Undefined,Undefined,0,0,NA,85.4883,-0.090366,2.517517,1994.714697,130.694314,10:15:00,5.38557,-1.4191,6.02666,-21.10454,16.94816,-18.30044,3.54308,-0.6111,78.01382,-4.092342,-0.772315,0.443981,NA,NA,NA,NA,NA,NA,NA,NA,NA,NA,NA,10.03725,9.09174,1.23153,50,5.36691,-4.71107,-124.12398,-0.79714,15.65635,24.88419,-17.99256,SOU_RED,MIA_RED,SEMissouriState,D1,OVC,20260227-SEMissouriState-1,4264b370-1424-11f1-bd15-e1e313853076,84.89653,NA,NA,7.47448,NA,NA,NA,NA,NA,NA,9cb2ba17-931f-41d8-9324-5ddeae6b795a,2026-02-27,21:35:26,2026-02-27T21:35:26Z,2026-02-27T21:35:26Z,NA,v3,471444,471355,270b77465999425caf9e0eadef204240,"Raether, Carson",1000338521,Right,MIA_RED,a9c751d6-3d7c-4e01-b9f9-1a894583767e,54.47095,-125.01709,12.4421,5.38393,-0.15137,-8.99628,1.4107,-5.27299,7.82817,NA,NA,NA,NA,NA,NA,NA,NA,NA,NA,NA,NA,NA,NA,NA,NA,NA,NA,NA,NA,NA,NA,NA,NA,NA,NA,NA,NA,NA,NA,NA,NA,NA,NA,NA,NA,NA,NA,NA,NA,NA,NA,NA,NA,NA,NA,NA,NA,NA,NA,High,High,High,NA,NA,NA,NA,NA,NA,NA,NA,NA,NA,NA,NA,NA,NA,NA,NA,NA,NA,NA,NA,NA,NA,NA,NA,NA,NA,NA,NA,NA,NA,NA,NA,NA,NA,NA,NA,NA,NA,NA,NA,NA,NA,NA,NA,NA,NA,NA
NA,NA,NA,NA,NA,NA,NA,NA,NA,NA,NA,NA,NA,NA,NA,NA,57,2026-02-27,15:35:41,1,2,"Byers, Carson",1000133996,Left,MIA_RED,"Terranova, Joe",1000272666,Right,SOU_RED,Undefined,2,Bottom,0,1,0,ChangeUp,Changeup,InPlay,Undefined,GroundBall,Single,0,0,NA,78.65511,0.964833,3.075045,1694.313803,94.507541,09:15:00,4.96952,-1.90929,5.51481,-42.8525,2.99229,-19.64725,2.30204,-0.66844,72.07832,-6.891184,-0.42412300000000003,0.487322,101.82445,0.055618,-23.863895,3042.544779,NA,NA,NA,47.77931,47.4287,-23.089961,0.323857,10.84319,1.6276,1.65504,50,5.0247,-5.37708,-114.11637,0.51605,14.29836,21.00232,-30.02783,SOU_RED,MIA_RED,SEMissouriState,D1,OVC,20260227-SEMissouriState-1,4b40eb80-1424-11f1-bd15-e1e313853076,77.34601,2.48436,NA,6.57679,NA,NA,NA,2.09754,2.48436,0.61169,9cb2ba17-931f-41d8-9324-5ddeae6b795a,2026-02-27,21:35:41,2026-02-27T21:35:41Z,2026-02-27T21:35:41Z,GroundBall,v3,471444,471355,270b77465999425caf9e0eadef204240,"Raether, Carson",1000338521,Right,MIA_RED,10cad5c3-9b17-4947-bede-d4b104704f18,54.98633,-115.03041,10.50116,4.97381,1.82289,-15.01391,1.90259,-5.99936,7.14918,43.003257,2.10279,136.35924,-22.09175,NA,NA,NA,NA,NA,NA,2.49025,-0.09789,-23.49474,NA,NA,NA,NA,NA,NA,0.61281,-60.46548,2.1969,NA,NA,NA,NA,NA,NA,NA,NA,NA,NA,NA,NA,NA,NA,NA,NA,NA,NA,NA,NA,NA,NA,NA,NA,NA,NA,NA,NA,High,High,High,High,High,NA,NA,NA,NA,NA,NA,NA,NA,NA,NA,NA,NA,NA,NA,NA,NA,NA,NA,NA,NA,NA,NA,NA,NA,NA,NA,NA,NA,NA,NA,NA,NA,NA,NA,NA,NA,NA,NA,NA,NA,NA,NA,NA,NA,NA
NA,NA,NA,NA,NA,NA,NA,NA,NA,NA,NA,NA,NA,NA,NA,NA,58,2026-02-27,15:36:17,2,1,"Byers, Carson",1000133996,Left,MIA_RED,"Rosario, Moises",10267810,Right,SOU_RED,Undefined,2,Bottom,0,0,0,Fastball,Changeup,StrikeCalled,Undefined,Undefined,Undefined,0,0,NA,85.64151,-0.263591,2.900055,1818.941552,118.626338,10:00:00,5.42811,-1.12521,5.83257,-26.12887,12.48103,-20.38367,3.00538,-0.12591,77.45107,-5.171189,-0.750945,0.447219,NA,NA,NA,NA,NA,NA,NA,NA,NA,NA,NA,11.19524,6.85036,0.90002,50,5.39139,-5.42462,-124.14552,-1.39726,17.28534,27.32756,-21.59715,SOU_RED,MIA_RED,SEMissouriState,D1,OVC,20260227-SEMissouriState-1,60bb45a0-1424-11f1-bd15-e1e313853076,84.28175,NA,NA,8.19044,NA,NA,NA,NA,NA,NA,9cb2ba17-931f-41d8-9324-5ddeae6b795a,2026-02-27,21:36:17,2026-02-27T21:36:17Z,2026-02-27T21:36:17Z,NA,v3,471444,471355,270b77465999425caf9e0eadef204240,"Raether, Carson",1000338521,Right,MIA_RED,4168a235-3741-4e99-8120-e121461b02c8,54.66388,-125.16794,13.66378,5.42856,-0.58923,-10.79857,1.11508,-6.07134,8.64267,NA,NA,NA,NA,NA,NA,NA,NA,NA,NA,NA,NA,NA,NA,NA,NA,NA,NA,NA,NA,NA,NA,NA,NA,NA,NA,NA,NA,NA,NA,NA,NA,NA,NA,NA,NA,NA,NA,NA,NA,NA,NA,NA,NA,NA,NA,NA,NA,NA,NA,High,High,High,NA,NA,NA,NA,NA,NA,NA,NA,NA,NA,NA,NA,NA,NA,NA,NA,NA,NA,NA,NA,NA,NA,NA,NA,NA,NA,NA,NA,NA,NA,NA,NA,NA,NA,NA,NA,NA,NA,NA,NA,NA,NA,NA,NA,NA,NA,NA
NA,NA,NA,NA,NA,NA,NA,NA,NA,NA,NA,NA,NA,NA,NA,NA,59,2026-02-27,15:36:32,2,2,"Byers, Carson",1000133996,Left,MIA_RED,"Rosario, Moises",10267810,Right,SOU_RED,Undefined,2,Bottom,0,0,1,Fastball,Sinker,BallCalled,Undefined,Undefined,Undefined,0,0,NA,86.11482,0.243929,2.405002,1917.038253,140.425452,10:45:00,5.48772,-1.1399,5.84641,-19.65733,18.70863,-14.30068,4.07649,-0.09541,77.3122,-3.525293,-0.156621,0.445805,NA,NA,NA,NA,NA,NA,NA,NA,NA,NA,NA,8.00225,9.84205,0.95221,50,5.49619,-4.62692,-124.7696,-0.01571,12.40904,28.91795,-16.91202,SOU_RED,MIA_RED,SEMissouriState,D1,OVC,20260227-SEMissouriState-1,6a1f2440-1424-11f1-bd15-e1e313853076,84.54925,NA,NA,8.80261,NA,NA,NA,NA,NA,NA,9cb2ba17-931f-41d8-9324-5ddeae6b795a,2026-02-27,21:36:32,2026-02-27T21:36:32Z,2026-02-27T21:36:32Z,NA,v3,471444,471355,270b77465999425caf9e0eadef204240,"Raether, Carson",1000338521,Right,MIA_RED,1ef83662-cb08-4c45-9663-7796ecfa2547,54.64765,-125.84218,14.45897,5.48514,0.61157,-8.45601,1.13237,-5.08718,6.20452,NA,NA,NA,NA,NA,NA,NA,NA,NA,NA,NA,NA,NA,NA,NA,NA,NA,NA,NA,NA,NA,NA,NA,NA,NA,NA,NA,NA,NA,NA,NA,NA,NA,NA,NA,NA,NA,NA,NA,NA,NA,NA,NA,NA,NA,NA,NA,NA,NA,NA,High,High,High,NA,NA,NA,NA,NA,NA,NA,NA,NA,NA,NA,NA,NA,NA,NA,NA,NA,NA,NA,NA,NA,NA,NA,NA,NA,NA,NA,NA,NA,NA,NA,NA,NA,NA,NA,NA,NA,NA,NA,NA,NA,NA,NA,NA,NA,NA,NA
NA,NA,NA,NA,NA,NA,NA,NA,NA,NA,NA,NA,NA,NA,NA,NA,60,2026-02-27,15:37:05,2,3,"Byers, Carson",1000133996,Left,MIA_RED,"Rosario, Moises",10267810,Right,SOU_RED,Undefined,2,Bottom,0,1,1,ChangeUp,Changeup,FoulBallNotFieldable,Undefined,Undefined,Undefined,0,0,NA,79.14454,0.905484,4.313831,1809.507776,105.050244,09:30:00,5.03914,-1.86642,5.49446,-38.56002,7.40445,-21.45194,2.67529,0.38878,71.52952,-6.219397,0.503911,0.487958,92.44102,29.000267,-37.443348,3272.612396,83.26584,54.32044,-71.88035,339.59946,157.34649,-49.62781,4.64535,12.21627,3.89209,1.50365,50,5.09264,-7.795,-114.50846,0.56623,16.02802,23.48164,-27.06754,SOU_RED,MIA_RED,SEMissouriState,D1,OVC,20260227-SEMissouriState-1,7d5cfbe0-1424-11f1-bd15-e1e313853076,77.24523,71.05536,NA,7.61502,NA,NA,NA,2.2834,2.84179,-0.31861,9cb2ba17-931f-41d8-9324-5ddeae6b795a,2026-02-27,21:37:05,2026-02-27T21:37:05Z,2026-02-27T21:37:05Z,FlyBall,v3,471444,471355,270b77465999425caf9e0eadef204240,"Raether, Carson",1000338521,Right,MIA_RED,9eb2e95a-8800-462b-996b-22962aee5e0c,55.00467,-115.53019,11.74082,5.04238,1.74398,-13.53377,1.858,-8.49241,8.01401,141.583751,2.28399,94.13507,-22.0266,5.22078,-1.16627,0.25995,-0.05227,0.00696,-4e-4,2.84298,65.70218,-17.41798,0.68242,0.22858,-0.17628,0.05386,-0.00761,4.1e-4,-0.31854,-72.09771,5.87129,-0.74166,0.07442,-0.0104,0.00365,-8.3e-4,7e-5,NA,NA,NA,NA,NA,NA,NA,NA,NA,NA,NA,NA,NA,NA,NA,NA,NA,NA,NA,NA,NA,NA,High,High,High,High,Low,NA,NA,NA,NA,NA,NA,NA,NA,NA,NA,NA,NA,NA,NA,NA,NA,NA,NA,NA,NA,NA,NA,NA,NA,NA,NA,NA,NA,NA,NA,NA,NA,NA,NA,NA,NA,NA,NA,NA,NA,NA,NA,NA,NA,NA
NA,NA,NA,NA,NA,NA,NA,NA,NA,NA,NA,NA,NA,NA,NA,NA,61,2026-02-27,15:37:34,2,4,"Byers, Carson",1000133996,Left,MIA_RED,"Rosario, Moises",10267810,Right,SOU_RED,Undefined,2,Bottom,0,1,2,ChangeUp,Changeup,BallCalled,Undefined,Undefined,Undefined,0,0,NA,79.29954,-0.004573,2.409334,1674.296543,71.986536,08:30:00,4.84675,-2.04579,5.53586,-50.72664,-4.89555,-20.20918,0.61526,-1.47658,71.80775,-9.279063,-1.201322,0.487249,NA,NA,NA,NA,NA,NA,NA,NA,NA,NA,NA,10.96792,-1.94221,1.85028,50,4.81297,-4.02493,-114.92765,-1.74806,14.38698,25.12405,-34.7217,SOU_RED,MIA_RED,SEMissouriState,D1,OVC,20260227-SEMissouriState-1,8ee3d4b0-1424-11f1-bd15-e1e313853076,77.35759,NA,NA,7.49179,NA,NA,NA,NA,NA,NA,9cb2ba17-931f-41d8-9324-5ddeae6b795a,2026-02-27,21:37:34,2026-02-27T21:37:34Z,2026-02-27T21:37:34Z,NA,v3,471444,471355,270b77465999425caf9e0eadef204240,"Raether, Carson",1000338521,Right,MIA_RED,068edf35-9923-4d8c-9e53-90a505c5db64,54.96321,-116.00758,12.56203,4.85603,-0.2556,-17.36085,2.03658,-4.64334,7.19349,NA,NA,NA,NA,NA,NA,NA,NA,NA,NA,NA,NA,NA,NA,NA,NA,NA,NA,NA,NA,NA,NA,NA,NA,NA,NA,NA,NA,NA,NA,NA,NA,NA,NA,NA,NA,NA,NA,NA,NA,NA,NA,NA,NA,NA,NA,NA,NA,NA,NA,High,High,High,NA,NA,NA,NA,NA,NA,NA,NA,NA,NA,NA,NA,NA,NA,NA,NA,NA,NA,NA,NA,NA,NA,NA,NA,NA,NA,NA,NA,NA,NA,NA,NA,NA,NA,NA,NA,NA,NA,NA,NA,NA,NA,NA,NA,NA,NA,NA
NA,NA,NA,NA,NA,NA,NA,NA,NA,NA,NA,NA,NA,NA,NA,NA,62,2026-02-27,15:37:58,2,5,"Byers, Carson",1000133996,Left,MIA_RED,"Rosario, Moises",10267810,Right,SOU_RED,Undefined,2,Bottom,0,2,2,Fastball,Sinker,FoulBallNotFieldable,Undefined,Undefined,Undefined,0,0,NA,86.70338,-0.410296,3.13581,1933.233218,130.254439,10:15:00,5.47195,-1.09317,6.05555,-22.54068,14.56977,-15.76265,3.21321,0.49875,78.8969,-4.670921,0.30262,0.438449,65.91381,26.171962,167.913528,1890.481459,NA,NA,NA,NA,33.46486,NA,NA,9.04638,7.98808,0.85779,50,5.42796,-6.26067,-125.80382,-1.57393,14.43745,26.51412,-19.42561,SOU_RED,MIA_RED,SEMissouriState,D1,OVC,20260227-SEMissouriState-1,9d5975e0-1424-11f1-bd15-e1e313853076,85.96757,17.49644,NA,7.80648,NA,NA,NA,1.51186,3.12404,-0.52456,9cb2ba17-931f-41d8-9324-5ddeae6b795a,2026-02-27,21:37:58,2026-02-27T21:37:58Z,2026-02-27T21:37:58Z,NA,v3,471444,471355,270b77465999425caf9e0eadef204240,"Raether, Carson",1000338521,Right,MIA_RED,fad3de4e-570c-4440-b6ff-4c9b8ce5d7a3,54.44316,-126.73679,13.25706,5.47131,-0.89038,-9.71281,1.08703,-6.76869,7.21873,278.821092,1.50493,-84.62099,9.62562,NA,NA,NA,NA,NA,NA,3.13225,42.38081,-20.47714,NA,NA,NA,NA,NA,NA,-0.51978,18.01601,-4.59165,NA,NA,NA,NA,NA,NA,NA,NA,NA,NA,NA,NA,NA,NA,NA,NA,NA,NA,NA,NA,NA,NA,NA,NA,NA,NA,NA,NA,High,High,High,High,Undefined,NA,NA,NA,NA,NA,NA,NA,NA,NA,NA,NA,NA,NA,NA,NA,NA,NA,NA,NA,NA,NA,NA,NA,NA,NA,NA,NA,NA,NA,NA,NA,NA,NA,NA,NA,NA,NA,NA,NA,NA,NA,NA,NA,NA,NA
NA,NA,NA,NA,NA,NA,NA,NA,NA,NA,NA,NA,NA,NA,NA,NA,63,2026-02-27,15:38:26,2,6,"Byers, Carson",1000133996,Left,MIA_RED,"Rosario, Moises",10267810,Right,SOU_RED,Undefined,2,Bottom,0,2,2,Fastball,Sinker,InPlay,Undefined,Popup,Out,1,0,NA,87.34591,-1.545327,2.938197,1997.780182,134.09419,10:30:00,5.35185,-1.28989,5.98535,-20.49064,16.73906,-15.8204,2.20978,0.11739,78.39935,-5.459413,0.097135,0.439153,91.70282,42.554332,-0.960873,4510.806245,109.71951,91.33552,7.84969,315.13987,248.24779,11.290575,5.686317,9.09977,9.51138,1.06652,50,5.2186,-5.83418,-126.49721,-4.00618,14.45551,30.52107,-17.06465,SOU_RED,MIA_RED,SEMissouriState,D1,OVC,20260227-SEMissouriState-1,adf838a0-1424-11f1-bd15-e1e313853076,85.82979,115.72488,NA,8.94656,NA,NA,NA,1.49834,2.42512,-0.13838,9cb2ba17-931f-41d8-9324-5ddeae6b795a,2026-02-27,21:38:26,2026-02-27T21:38:26Z,2026-02-27T21:38:26Z,FlyBall,v3,471444,471355,270b77465999425caf9e0eadef204240,"Raether, Carson",1000338521,Right,MIA_RED,a5ec9cf5-8940-4f7b-b49d-ebf141ffef14,54.51083,-127.58093,15.26053,5.35009,-3.40026,-8.53232,1.28279,-6.34745,7.22775,208.921944,1.50737,98.88285,-20.02208,3.90459,-0.17717,-0.1549,0.04599,-0.00533,2.3e-4,2.41925,91.05676,-21.82516,2.18268,-0.47566,0.06676,0.00112,-0.00137,1e-4,-0.14366,-1.5538,7.44004,-1.7881,0.06733,0.09033,-0.02635,0.00304,-1.3e-4,NA,NA,NA,NA,NA,NA,NA,NA,NA,NA,NA,NA,NA,NA,NA,NA,NA,NA,NA,NA,NA,NA,High,High,High,High,Medium,NA,NA,NA,NA,NA,NA,NA,NA,NA,NA,NA,NA,NA,NA,NA,NA,NA,NA,NA,NA,NA,NA,NA,NA,NA,NA,NA,NA,NA,NA,NA,NA,NA,NA,NA,NA,NA,NA,NA,NA,NA,NA,NA,NA,NA
NA,NA,NA,NA,NA,NA,NA,NA,NA,NA,NA,NA,NA,NA,NA,NA,64,2026-02-27,15:39:23,3,1,"Byers, Carson",1000133996,Left,MIA_RED,"Ramirez, Andrew",10063875,Right,SOU_RED,Undefined,2,Bottom,1,0,0,Fastball,Sinker,BallCalled,Undefined,Undefined,Undefined,0,0,NA,86.76285,-2.410427,3.011271,2013.942828,125.740442,10:15:00,5.27364,-1.52,5.88582,-22.14919,15.54237,-19.69485,1.18517,-0.36244,78.4367,-6.593607,-0.5207,0.441869,NA,NA,NA,NA,NA,NA,NA,NA,NA,NA,NA,10.9267,9.09725,1.28783,50,5.06624,-5.7697,-125.62938,-5.9626,17.23929,28.48948,-17.82111,SOU_RED,MIA_RED,SEMissouriState,D1,OVC,20260227-SEMissouriState-1,d00ff180-1424-11f1-bd15-e1e313853076,85.30234,NA,NA,8.32615,NA,NA,NA,NA,NA,NA,9cb2ba17-931f-41d8-9324-5ddeae6b795a,2026-02-27,21:39:23,2026-02-27T21:39:23Z,2026-02-27T21:39:23Z,NA,v3,471444,471355,270b77465999425caf9e0eadef204240,"Raether, Carson",1000338521,Right,MIA_RED,2f5e5983-833e-431f-baff-496e0fae7f77,54.61023,-126.67055,14.24474,5.27224,-5.31132,-8.91055,1.5102,-6.39972,8.61965,NA,NA,NA,NA,NA,NA,NA,NA,NA,NA,NA,NA,NA,NA,NA,NA,NA,NA,NA,NA,NA,NA,NA,NA,NA,NA,NA,NA,NA,NA,NA,NA,NA,NA,NA,NA,NA,NA,NA,NA,NA,NA,NA,NA,NA,NA,NA,NA,NA,NA,High,High,High,NA,NA,NA,NA,NA,NA,NA,NA,NA,NA,NA,NA,NA,NA,NA,NA,NA,NA,NA,NA,NA,NA,NA,NA,NA,NA,NA,NA,NA,NA,NA,NA,NA,NA,NA,NA,NA,NA,NA,NA,NA,NA,NA,NA,NA,NA,NA
NA,NA,NA,NA,NA,NA,NA,NA,NA,NA,NA,NA,NA,NA,NA,NA,65,2026-02-27,15:39:41,3,2,"Byers, Carson",1000133996,Left,MIA_RED,"Ramirez, Andrew",10063875,Right,SOU_RED,Undefined,2,Bottom,1,1,0,ChangeUp,Changeup,StrikeCalled,Undefined,Undefined,Undefined,0,0,NA,78.32815,1.506781,3.800081,1815.43964,85.175664,08:45:00,4.97501,-1.80967,5.3948,-47.4814,-0.02232,-21.56025,2.43375,-0.03987,70.34232,-7.21383,-0.027419,0.495828,NA,NA,NA,NA,NA,NA,NA,NA,NA,NA,NA,11.98308,0.07154,1.48546,50,5.077,-6.63558,-113.24722,1.36685,15.25203,24.5215,-32.08299,SOU_RED,MIA_RED,SEMissouriState,D1,OVC,20260227-SEMissouriState-1,da77d2a0-1424-11f1-bd15-e1e313853076,76.01916,NA,NA,7.98583,NA,NA,NA,NA,NA,NA,9cb2ba17-931f-41d8-9324-5ddeae6b795a,2026-02-27,21:39:41,2026-02-27T21:39:41Z,2026-02-27T21:39:41Z,NA,v3,471444,471355,270b77465999425caf9e0eadef204240,"Raether, Carson",1000338521,Right,MIA_RED,3a4e4df1-9390-46c6-8f67-7c15034ef6c5,55.10213,-114.34666,12.26075,4.98347,2.80531,-16.0415,1.7983,-7.31941,7.62601,NA,NA,NA,NA,NA,NA,NA,NA,NA,NA,NA,NA,NA,NA,NA,NA,NA,NA,NA,NA,NA,NA,NA,NA,NA,NA,NA,NA,NA,NA,NA,NA,NA,NA,NA,NA,NA,NA,NA,NA,NA,NA,NA,NA,NA,NA,NA,NA,NA,NA,High,High,High,NA,NA,NA,NA,NA,NA,NA,NA,NA,NA,NA,NA,NA,NA,NA,NA,NA,NA,NA,NA,NA,NA,NA,NA,NA,NA,NA,NA,NA,NA,NA,NA,NA,NA,NA,NA,NA,NA,NA,NA,NA,NA,NA,NA,NA,NA,NA
NA,NA,NA,NA,NA,NA,NA,NA,NA,NA,NA,NA,NA,NA,NA,NA,66,2026-02-27,15:40:20,3,3,"Byers, Carson",1000133996,Left,MIA_RED,"Ramirez, Andrew",10063875,Right,SOU_RED,Undefined,2,Bottom,1,1,1,Fastball,Sinker,InPlay,Undefined,Popup,Out,1,0,NA,87.08608,-1.145134,2.73624,2122.009347,133.019114,10:30:00,5.39788,-1.24685,6.01827,-21.26903,16.15221,-15.78343,2.56341,-0.0257,78.07687,-5.206915,-0.100783,0.440282,81.69261,62.480328,-7.046776,NA,109.94595,131.84248,-3.44476,157.70438,59.52274,-1.04341,5.914861,9.06812,9.10126,1.041,50,5.2967,-5.38376,-126.16708,-3.13926,14.30808,30.72223,-17.81364,SOU_RED,MIA_RED,SEMissouriState,D1,OVC,20260227-SEMissouriState-1,f1e0b650-1424-11f1-bd15-e1e313853076,85.60984,141.93174,NA,9.0092,NA,NA,NA,1.62977,3.14278,-0.06129,9cb2ba17-931f-41d8-9324-5ddeae6b795a,2026-02-27,21:40:20,2026-02-27T21:40:20Z,2026-02-27T21:40:20Z,Popup,v3,471444,471355,270b77465999425caf9e0eadef204240,"Raether, Carson",1000338521,Right,MIA_RED,ae4ee78d-577a-4024-bef3-175b22cc1828,54.47842,-127.25292,15.36112,5.39653,-2.50966,-8.90682,1.24022,-5.88947,7.15404,185.490038,1.63862,54.77189,-15.30112,3.29383,0.04157,-0.2349,0.06401,-0.00759,3.4e-4,3.12768,106.49582,-25.76488,3.61501,-1.11183,0.28536,-0.04635,0.0039,-1.2e-4,-0.06089,-6.79206,4.06697,-1.15866,0.14905,0.01174,-0.00787,0.00115,-6e-5,NA,NA,NA,NA,NA,NA,NA,NA,NA,NA,NA,NA,NA,NA,NA,NA,NA,NA,NA,NA,NA,NA,High,High,High,High,Low,NA,NA,NA,NA,NA,NA,NA,NA,NA,NA,NA,NA,NA,NA,NA,NA,NA,NA,NA,NA,NA,NA,NA,NA,NA,NA,NA,NA,NA,NA,NA,NA,NA,NA,NA,NA,NA,NA,NA,NA,NA,NA,NA,NA,NA
NA,NA,NA,NA,NA,NA,NA,NA,NA,NA,NA,NA,NA,NA,NA,NA,67,2026-02-27,15:41:25,4,1,"Byers, Carson",1000133996,Left,MIA_RED,"Schrack, Carson",10186680,Left,SOU_RED,Undefined,2,Bottom,2,0,0,Fastball,Slider,BallCalled,Undefined,Undefined,Undefined,0,0,NA,83.58397,-2.345479,2.549678,2476.502741,190.594002,12:15:00,5.11811,-1.39922,5.59779,-30.53037,9.99623,1.63028,0.38075,1.11862,76.85689,-7.955429,2.840568,0.458186,NA,NA,NA,NA,NA,NA,NA,NA,NA,NA,NA,-0.12028,6.11004,1.17956,50,4.89715,-5.46218,-121.17106,-5.98517,-0.17888,23.58411,-23.08621,SOU_RED,MIA_RED,SEMissouriState,D1,OVC,20260227-SEMissouriState-1,18c7d190-1425-11f1-bd15-e1e313853076,82.26456,NA,NA,6.72707,NA,NA,NA,NA,NA,NA,9cb2ba17-931f-41d8-9324-5ddeae6b795a,2026-02-27,21:41:25,2026-02-27T21:41:25Z,2026-02-27T21:41:25Z,NA,v3,471444,471355,270b77465999425caf9e0eadef204240,"Raether, Carson",1000338521,Right,MIA_RED,c0d92a8b-24b6-45c5-bd77-47e5dbf4ea78,54.89993,-122.12103,11.79205,5.1195,-5.05525,-11.5431,1.39943,-5.45497,-0.08944,NA,NA,NA,NA,NA,NA,NA,NA,NA,NA,NA,NA,NA,NA,NA,NA,NA,NA,NA,NA,NA,NA,NA,NA,NA,NA,NA,NA,78.42478,NA,NA,1.259741,NA,NA,NA,1.60357,5.74397,-0.36455,127.27705,0.6807,-2.55921,1.7278,112.54772,-10.34213,5.7854,12.39514,-13.09797,-0.45301,-7.69523,4.86076,High,High,High,NA,NA,High,High,High,NA,NA,NA,NA,NA,NA,NA,NA,NA,NA,NA,NA,NA,NA,NA,NA,NA,NA,NA,NA,NA,NA,NA,NA,NA,NA,NA,NA,NA,NA,NA,NA,NA,NA,NA,NA,NA,NA,NA,NA,NA,NA
NA,NA,NA,NA,NA,NA,NA,NA,NA,NA,NA,NA,NA,NA,NA,NA,68,2026-02-27,15:41:57,4,2,"Byers, Carson",1000133996,Left,MIA_RED,"Schrack, Carson",10186680,Left,SOU_RED,Undefined,2,Bottom,2,1,0,Fastball,Cutter,BallCalled,Undefined,Undefined,Undefined,0,0,NA,84.43119,-0.442771,3.527456,2387.35322,157.670172,11:15:00,5.12471,-1.35979,5.69266,-31.62671,8.4165,-2.88028,2.07573,1.69177,76.48686,-6.310276,3.013775,0.455445,NA,NA,NA,NA,NA,NA,NA,NA,NA,NA,NA,2.54162,4.85634,1.0648,50,5.0681,-7.41187,-122.22512,-2.00335,3.80213,26.58561,-24.90922,SOU_RED,MIA_RED,SEMissouriState,D1,OVC,20260227-SEMissouriState-1,2b7b6a90-1425-11f1-bd15-e1e313853076,82.75961,NA,NA,7.94434,NA,NA,NA,NA,NA,NA,9cb2ba17-931f-41d8-9324-5ddeae6b795a,2026-02-27,21:41:57,2026-02-27T21:41:57Z,2026-02-27T21:41:57Z,NA,v3,471444,471355,270b77465999425caf9e0eadef204240,"Raether, Carson",1000338521,Right,MIA_RED,9e901896-5cac-44de-b149-56d6652a890c,54.8016,-123.2651,13.2928,5.12741,-1.02894,-12.45461,1.35764,-7.56061,1.90106,NA,NA,NA,NA,NA,NA,NA,NA,NA,NA,NA,NA,NA,NA,NA,NA,NA,NA,NA,NA,NA,NA,NA,NA,NA,NA,NA,NA,NA,NA,NA,NA,NA,NA,NA,NA,NA,NA,NA,NA,NA,NA,NA,NA,NA,NA,NA,NA,NA,NA,High,High,High,NA,NA,NA,NA,NA,NA,NA,NA,NA,NA,NA,NA,NA,NA,NA,NA,NA,NA,NA,NA,NA,NA,NA,NA,NA,NA,NA,NA,NA,NA,NA,NA,NA,NA,NA,NA,NA,NA,NA,NA,NA,NA,NA,NA,NA,NA,NA
NA,NA,NA,NA,NA,NA,NA,NA,NA,NA,NA,NA,NA,NA,NA,NA,69,2026-02-27,15:42:24,4,3,"Byers, Carson",1000133996,Left,MIA_RED,"Schrack, Carson",10186680,Left,SOU_RED,Undefined,2,Bottom,2,2,0,Fastball,Slider,StrikeSwinging,Undefined,Undefined,Undefined,0,0,NA,83.81277,-0.671479,2.324855,2502.026659,176.930828,12:00:00,5.12211,-1.36133,5.64963,-32.49053,8.31343,-0.36618,1.78772,0.77776,75.67661,-6.702307,2.25947,0.459751,NA,NA,NA,NA,NA,NA,NA,NA,NA,NA,NA,0.93878,4.89114,1.16438,50,5.04494,-4.91288,-121.39257,-2.50842,1.37849,27.29894,-24.9919,SOU_RED,MIA_RED,SEMissouriState,D1,OVC,20260227-SEMissouriState-1,3b79a790-1425-11f1-bd15-e1e313853076,81.98446,NA,NA,8.13616,NA,NA,NA,NA,NA,NA,9cb2ba17-931f-41d8-9324-5ddeae6b795a,2026-02-27,21:42:24,2026-02-27T21:42:24Z,2026-02-27T21:42:24Z,NA,v3,471444,471355,270b77465999425caf9e0eadef204240,"Raether, Carson",1000338521,Right,MIA_RED,6b8d644c-b852-4f0f-aed5-ee06382826ed,54.84444,-122.47715,13.64947,5.12488,-1.5155,-12.49595,1.36065,-4.96765,0.68925,NA,NA,NA,NA,NA,NA,NA,NA,NA,NA,NA,NA,NA,NA,NA,NA,NA,NA,NA,NA,NA,NA,NA,NA,NA,NA,NA,NA,NA,NA,NA,NA,NA,NA,NA,NA,NA,NA,NA,NA,NA,NA,NA,NA,NA,NA,NA,NA,NA,NA,High,High,High,NA,NA,NA,NA,NA,NA,NA,NA,NA,NA,NA,NA,NA,NA,NA,NA,NA,NA,NA,NA,NA,NA,NA,NA,NA,NA,NA,NA,NA,NA,NA,NA,NA,NA,NA,NA,NA,NA,NA,NA,NA,NA,NA,NA,NA,NA,NA
NA,NA,NA,NA,NA,NA,NA,NA,NA,NA,NA,NA,NA,NA,NA,NA,70,2026-02-27,15:42:44,4,4,"Byers, Carson",1000133996,Left,MIA_RED,"Schrack, Carson",10186680,Left,SOU_RED,Undefined,2,Bottom,2,2,1,Slider,Curveball,InPlay,Undefined,FlyBall,Out,1,0,NA,76.43661,1.539938,2.159097,2763.658704,277.956588,03:15:00,4.96686,-1.95811,5.51904,-49.81475,0.33756,12.15619,2.25682,1.07458,68.10234,-7.652383,4.322821,0.509703,90.23589,22.99595,5.245316,2650.857364,109.77271,40.18398,7.06726,320.77214,313.1149,2.705158,3.90276,-5.31713,0.13756,1.76164,50,5.06818,-4.63678,-110.52389,1.37404,-6.34965,26.03689,-32.00978,SOU_RED,MIA_RED,SEMissouriState,D1,OVC,20260227-SEMissouriState-1,478ffc00-1425-11f1-bd15-e1e313853076,73.94988,49.42604,NA,8.33428,NA,NA,NA,1.79501,2.37748,-1.01541,9cb2ba17-931f-41d8-9324-5ddeae6b795a,2026-02-27,21:42:44,2026-02-27T21:42:44Z,2026-02-27T21:42:44Z,FlyBall,v3,471444,471355,270b77465999425caf9e0eadef204240,"Raether, Carson",1000338521,Right,MIA_RED,8990c311-7c70-4319-aebf-95ee12a65626,54.97634,-111.69005,13.01844,4.97453,2.80771,-16.00489,1.96295,-4.35239,-3.17482,165.962912,1.79476,121.32604,-19.75397,4.51551,-1.00856,0.23979,-0.04993,0.00659,-3.7e-4,2.37785,51.69027,-14.91751,0.22964,0.25303,-0.15195,0.04352,-0.00594,3.1e-4,-1.01543,11.13956,-4.19928,1.25476,-0.35259,0.10051,-0.02282,0.00317,-1.9e-4,NA,NA,NA,NA,NA,NA,NA,NA,NA,NA,NA,NA,NA,NA,NA,NA,NA,NA,NA,NA,NA,NA,High,High,High,High,High,NA,NA,NA,NA,NA,NA,NA,NA,NA,NA,NA,NA,NA,NA,NA,NA,NA,NA,NA,NA,NA,NA,NA,NA,NA,NA,NA,NA,NA,NA,NA,NA,NA,NA,NA,NA,NA,NA,NA,NA,NA,NA,NA,NA,NA
NA,NA,NA,NA,NA,NA,NA,NA,NA,NA,NA,NA,NA,NA,NA,NA,71,2026-02-27,15:44:47,1,1,"Sauer, John-Paul",815663,Right,SOU_RED,"Raether, Carson",1000338521,Left,MIA_RED,Undefined,3,Top,0,0,0,Fastball,Sinker,BallCalled,Undefined,Undefined,Undefined,0,0,NA,88.41335,-3.519123,-2.725785,2101.986658,221.183823,01:15:00,5.81443,0.57323,5.76137,-22.19466,14.45564,11.44949,0.68159,-1.0116,79.81408,-7.684498,-0.676594,0.435723,NA,NA,NA,NA,NA,NA,NA,NA,NA,NA,NA,-6.70473,8.90347,-0.35431,50,5.50909,5.59189,-127.84327,-8.57598,-10.91561,30.3584,-17.67878,SOU_RED,MIA_RED,SEMissouriState,D1,OVC,20260227-SEMissouriState-1,912013a0-1425-11f1-bd15-e1e313853076,86.50559,NA,NA,8.59927,NA,NA,NA,NA,NA,NA,9cb2ba17-931f-41d8-9324-5ddeae6b795a,2026-02-27,21:44:47,2026-02-27T21:44:47Z,2026-02-27T21:44:47Z,NA,v3,471444,471355,270b77465999425caf9e0eadef204240,"Rosario, Moises",10267810,Right,SOU_RED,1568eb26-4128-4758-a4a4-85e47c564532,54.73444,-128.96264,15.1792,5.81329,-7.92414,-8.83939,-0.56791,5.99437,-5.45781,NA,NA,NA,NA,NA,NA,NA,NA,NA,NA,NA,NA,NA,NA,NA,NA,NA,NA,NA,NA,NA,NA,NA,NA,NA,NA,NA,NA,NA,NA,NA,NA,NA,NA,NA,NA,NA,NA,NA,NA,NA,NA,NA,NA,NA,NA,NA,NA,NA,NA,High,High,High,NA,NA,NA,NA,NA,NA,NA,NA,NA,NA,NA,NA,NA,NA,NA,NA,NA,NA,NA,NA,NA,NA,NA,NA,NA,NA,NA,NA,NA,NA,NA,NA,NA,NA,NA,NA,NA,NA,NA,NA,NA,NA,NA,NA,NA,NA,NA
NA,NA,NA,NA,NA,NA,NA,NA,NA,NA,NA,NA,NA,NA,NA,NA,72,2026-02-27,15:45:02,1,2,"Sauer, John-Paul",815663,Right,SOU_RED,"Raether, Carson",1000338521,Left,MIA_RED,Undefined,3,Top,0,1,0,Fastball,Sinker,StrikeCalled,Undefined,Undefined,Undefined,0,0,NA,88.89092,-2.494005,-1.171449,2109.549064,229.401142,01:45:00,5.787,0.29421,5.72655,-22.00682,14.52269,15.24623,1.62832,0.47353,79.44828,-6.653853,1.558475,0.435004,NA,NA,NA,NA,NA,NA,NA,NA,NA,NA,NA,-8.04485,8.66134,-0.2054,50,5.5656,1.93557,-128.5976,-6.29783,-13.12744,33.01911,-18.04061,SOU_RED,MIA_RED,SEMissouriState,D1,OVC,20260227-SEMissouriState-1,99b557a0-1425-11f1-bd15-e1e313853076,86.64848,NA,NA,9.44265,NA,NA,NA,NA,NA,NA,9cb2ba17-931f-41d8-9324-5ddeae6b795a,2026-02-27,21:45:02,2026-02-27T21:45:02Z,2026-02-27T21:45:02Z,NA,v3,471444,471355,270b77465999425caf9e0eadef204240,"Rosario, Moises",10267810,Right,SOU_RED,53d8b6e3-b869-4182-bc67-c272fdac7a0b,54.76558,-129.81546,16.50956,5.78562,-5.63243,-9.02031,-0.28572,2.41976,-6.56372,NA,NA,NA,NA,NA,NA,NA,NA,NA,NA,NA,NA,NA,NA,NA,NA,NA,NA,NA,NA,NA,NA,NA,NA,NA,NA,NA,NA,NA,NA,NA,NA,NA,NA,NA,NA,NA,NA,NA,NA,NA,NA,NA,NA,NA,NA,NA,NA,NA,NA,High,High,High,NA,NA,NA,NA,NA,NA,NA,NA,NA,NA,NA,NA,NA,NA,NA,NA,NA,NA,NA,NA,NA,NA,NA,NA,NA,NA,NA,NA,NA,NA,NA,NA,NA,NA,NA,NA,NA,NA,NA,NA,NA,NA,NA,NA,NA,NA,NA
NA,NA,NA,NA,NA,NA,NA,NA,NA,NA,NA,NA,NA,NA,NA,NA,73,2026-02-27,15:45:18,1,3,"Sauer, John-Paul",815663,Right,SOU_RED,"Raether, Carson",1000338521,Left,MIA_RED,Undefined,3,Top,0,1,1,Fastball,Sinker,InPlay,Undefined,GroundBall,Out,1,0,NA,89.65889,-2.321788,-2.115153,2121.18343,226.841617,01:30:00,5.77581,0.50921,5.63652,-22.40745,13.61103,12.99095,1.73978,-0.3824,80.14221,-6.545232,0.205633,0.431951,77.10476,-21.518076,5.275362,NA,NA,NA,NA,5.91388,5.91388,7.669865,0.041966,-7.33126,8.11945,-0.33787,50,5.56437,4.21082,-129.698,-5.99911,-12.16833,33.59277,-18.69749,SOU_RED,MIA_RED,SEMissouriState,D1,OVC,20260227-SEMissouriState-1,a391c1a0-1425-11f1-bd15-e1e313853076,87.26101,1.74426,NA,9.51667,NA,NA,NA,1.45573,1.74426,0.38255,9cb2ba17-931f-41d8-9324-5ddeae6b795a,2026-02-27,21:45:18,2026-02-27T21:45:18Z,2026-02-27T21:45:18Z,GroundBall,v3,471444,471355,270b77465999425caf9e0eadef204240,"Rosario, Moises",10267810,Right,SOU_RED,a9138cea-19cc-4d50-a008-aa5a2494775a,54.85863,-130.95037,16.79639,5.77503,-5.30204,-9.34874,-0.50331,4.66447,-6.08417,NA,1.45429,104.97278,NA,NA,NA,NA,NA,NA,NA,1.74483,-41.56419,NA,NA,NA,NA,NA,NA,NA,0.38241000000000003,9.6925,NA,NA,NA,NA,NA,NA,NA,NA,NA,NA,NA,NA,NA,NA,NA,NA,NA,NA,NA,NA,NA,NA,NA,NA,NA,NA,NA,NA,NA,High,High,High,Estimated,Estimated,NA,NA,NA,NA,NA,NA,NA,NA,NA,NA,NA,NA,NA,NA,NA,NA,NA,NA,NA,NA,NA,NA,NA,NA,NA,NA,NA,NA,NA,NA,NA,NA,NA,NA,NA,NA,NA,NA,NA,NA,NA,NA,NA,NA,NA
NA,NA,NA,NA,NA,NA,NA,NA,NA,NA,NA,NA,NA,NA,NA,NA,74,2026-02-27,15:45:53,2,1,"Sauer, John-Paul",815663,Right,SOU_RED,"Krupinski, Dom",702597,Left,MIA_RED,Undefined,3,Top,1,0,0,Slider,Curveball,BallCalled,Undefined,Undefined,Undefined,0,0,NA,79.57088,2.54539,1.662156,2314.970746,61.860417,08:00:00,5.63865,0.80948,5.49192,-49.6331,-4.24284,-10.8943,3.88624,1.45694,71.96344,-6.553478,-0.278219,0.484901,NA,NA,NA,NA,NA,NA,NA,NA,NA,NA,NA,5.9391,-2.35335,-0.94771,50,5.82873,-2.89412,-115.2703,3.39459,7.89263,23.88541,-35.3015,SOU_RED,MIA_RED,SEMissouriState,D1,OVC,20260227-SEMissouriState-1,b87d4940-1425-11f1-bd15-e1e313853076,77.7323,NA,NA,7.60744,NA,NA,NA,NA,NA,NA,9cb2ba17-931f-41d8-9324-5ddeae6b795a,2026-02-27,21:45:53,2026-02-27T21:45:53Z,2026-02-27T21:45:53Z,NA,v3,471444,471355,270b77465999425caf9e0eadef204240,"Rosario, Moises",10267810,Right,SOU_RED,5204be8c-f738-4f2b-862a-94d176821b91,55.0052,-116.30281,11.94271,5.649,4.9206,-17.65075,-0.81523,-3.2353,3.94632,NA,NA,NA,NA,NA,NA,NA,NA,NA,NA,NA,NA,NA,NA,NA,NA,NA,NA,NA,NA,NA,NA,NA,NA,NA,NA,NA,NA,NA,NA,NA,NA,NA,NA,NA,NA,NA,NA,NA,NA,NA,NA,NA,NA,NA,NA,NA,NA,NA,NA,High,High,High,NA,NA,NA,NA,NA,NA,NA,NA,NA,NA,NA,NA,NA,NA,NA,NA,NA,NA,NA,NA,NA,NA,NA,NA,NA,NA,NA,NA,NA,NA,NA,NA,NA,NA,NA,NA,NA,NA,NA,NA,NA,NA,NA,NA,NA,NA,NA
NA,NA,NA,NA,NA,NA,NA,NA,NA,NA,NA,NA,NA,NA,NA,NA,75,2026-02-27,15:46:08,2,2,"Sauer, John-Paul",815663,Right,SOU_RED,"Krupinski, Dom",702597,Left,MIA_RED,Undefined,3,Top,1,1,0,Fastball,Four-Seam,StrikeCalled,Undefined,Undefined,Undefined,0,0,NA,90.52669,-2.285489,-1.897421,2167.40871,224.594593,01:30:00,5.68176,0.24973,5.76512,-22.0808,12.77264,11.32276,1.71232,-0.57326,81.59232,-6.436498,0.13046,0.424908,NA,NA,NA,NA,NA,NA,NA,NA,NA,NA,NA,-6.3278,7.618,-0.09933,50,5.47931,3.83135,-131.09359,-5.96246,-10.8329,31.91211,-19.13241,SOU_RED,MIA_RED,SEMissouriState,D1,OVC,20260227-SEMissouriState-1,c1130270-1425-11f1-bd15-e1e313853076,88.7074,NA,NA,8.93438,NA,NA,NA,NA,NA,NA,9cb2ba17-931f-41d8-9324-5ddeae6b795a,2026-02-27,21:46:08,2026-02-27T21:46:08Z,2026-02-27T21:46:08Z,NA,v3,471444,471355,270b77465999425caf9e0eadef204240,"Rosario, Moises",10267810,Right,SOU_RED,7a663944-3dbc-4a8c-9af8-25e66f802003,54.72933,-132.23984,15.95605,5.68114,-5.27524,-9.5662,-0.24393,4.22046,-5.41645,NA,NA,NA,NA,NA,NA,NA,NA,NA,NA,NA,NA,NA,NA,NA,NA,NA,NA,NA,NA,NA,NA,NA,NA,NA,NA,NA,NA,NA,NA,NA,NA,NA,NA,NA,NA,NA,NA,NA,NA,NA,NA,NA,NA,NA,NA,NA,NA,NA,NA,High,High,High,NA,NA,NA,NA,NA,NA,NA,NA,NA,NA,NA,NA,NA,NA,NA,NA,NA,NA,NA,NA,NA,NA,NA,NA,NA,NA,NA,NA,NA,NA,NA,NA,NA,NA,NA,NA,NA,NA,NA,NA,NA,NA,NA,NA,NA,NA,NA
NA,NA,NA,NA,NA,NA,NA,NA,NA,NA,NA,NA,NA,NA,NA,NA,76,2026-02-27,15:46:23,2,3,"Sauer, John-Paul",815663,Right,SOU_RED,"Krupinski, Dom",702597,Left,MIA_RED,Undefined,3,Top,1,1,1,ChangeUp,Changeup,BallCalled,Undefined,Undefined,Undefined,0,0,NA,79.94976,-3.251451,-2.708439,1569.988913,211.029038,01:00:00,5.84453,0.36582,5.87416,-29.80797,14.99658,7.97831,0.33401,-1.48676,72.11604,-8.824502,-1.276868,0.481762,NA,NA,NA,NA,NA,NA,NA,NA,NA,NA,NA,-4.98603,9.2754,-0.15126,50,5.56417,5.15951,-115.58938,-7.43951,-6.60563,25.719,-19.88578,SOU_RED,MIA_RED,SEMissouriState,D1,OVC,20260227-SEMissouriState-1,ca57c050-1425-11f1-bd15-e1e313853076,78.23874,NA,NA,7.83371,NA,NA,NA,NA,NA,NA,9cb2ba17-931f-41d8-9324-5ddeae6b795a,2026-02-27,21:46:23,2026-02-27T21:46:23Z,2026-02-27T21:46:23Z,NA,v3,471444,471355,270b77465999425caf9e0eadef204240,"Rosario, Moises",10267810,Right,SOU_RED,1ba3469a-b9d2-4df2-b13b-73d8d0c3ac40,54.62025,-116.61287,12.8595,5.84449,-6.64816,-9.94289,-0.36181,5.42238,-3.30282,NA,NA,NA,NA,NA,NA,NA,NA,NA,NA,NA,NA,NA,NA,NA,NA,NA,NA,NA,NA,NA,NA,NA,NA,NA,NA,NA,NA,NA,NA,NA,NA,NA,NA,NA,NA,NA,NA,NA,NA,NA,NA,NA,NA,NA,NA,NA,NA,NA,NA,High,High,High,NA,NA,NA,NA,NA,NA,NA,NA,NA,NA,NA,NA,NA,NA,NA,NA,NA,NA,NA,NA,NA,NA,NA,NA,NA,NA,NA,NA,NA,NA,NA,NA,NA,NA,NA,NA,NA,NA,NA,NA,NA,NA,NA,NA,NA,NA,NA
NA,NA,NA,NA,NA,NA,NA,NA,NA,NA,NA,NA,NA,NA,NA,NA,77,2026-02-27,15:46:39,2,4,"Sauer, John-Paul",815663,Right,SOU_RED,"Krupinski, Dom",702597,Left,MIA_RED,Undefined,3,Top,1,2,1,ChangeUp,Changeup,StrikeSwinging,Undefined,Undefined,Undefined,0,0,NA,80.12092,-1.539793,-1.210947,1680.04483,225.530905,01:30:00,5.83582,0.47728,5.83782,-31.01269,13.25276,11.85335,1.81965,0.33942,72.48837,-7.338626,0.916339,0.478855,NA,NA,NA,NA,NA,NA,NA,NA,NA,NA,NA,-6.38091,7.7489,-0.38528,50,5.69242,1.98442,-116.12798,-4.04973,-8.5812,24.8287,-21.7531,SOU_RED,MIA_RED,SEMissouriState,D1,OVC,20260227-SEMissouriState-1,d3d51a60-1425-11f1-bd15-e1e313853076,78.7137,NA,NA,7.63255,NA,NA,NA,NA,NA,NA,9cb2ba17-931f-41d8-9324-5ddeae6b795a,2026-02-27,21:46:39,2026-02-27T21:46:39Z,2026-02-27T21:46:39Z,NA,v3,471444,471355,270b77465999425caf9e0eadef204240,"Rosario, Moises",10267810,Right,SOU_RED,ce633780-c1da-4859-b297-696b07105791,54.65623,-117.11928,12.41435,5.83678,-3.18123,-10.87655,-0.47134,2.32702,-4.2906,NA,NA,NA,NA,NA,NA,NA,NA,NA,NA,NA,NA,NA,NA,NA,NA,NA,NA,NA,NA,NA,NA,NA,NA,NA,NA,NA,NA,NA,NA,NA,NA,NA,NA,NA,NA,NA,NA,NA,NA,NA,NA,NA,NA,NA,NA,NA,NA,NA,NA,High,High,High,NA,NA,NA,NA,NA,NA,NA,NA,NA,NA,NA,NA,NA,NA,NA,NA,NA,NA,NA,NA,NA,NA,NA,NA,NA,NA,NA,NA,NA,NA,NA,NA,NA,NA,NA,NA,NA,NA,NA,NA,NA,NA,NA,NA,NA,NA,NA
NA,NA,NA,NA,NA,NA,NA,NA,NA,NA,NA,NA,NA,NA,NA,NA,78,2026-02-27,15:46:56,2,5,"Sauer, John-Paul",815663,Right,SOU_RED,"Krupinski, Dom",702597,Left,MIA_RED,Undefined,3,Top,1,2,2,ChangeUp,Changeup,StrikeSwinging,Strikeout,Undefined,Undefined,0,0,NA,79.93183,-0.449932,-1.197419,1617.044488,205.577529,12:45:00,5.83991,0.33729,5.92952,-27.46348,17.4791,7.48733,3.13373,-0.14992,71.09313,-5.686234,0.147419,0.482503,NA,NA,NA,NA,NA,NA,NA,NA,NA,NA,NA,-4.22205,9.6141,-0.2456,50,5.78885,2.11939,-115.70507,-1.66067,-5.55269,27.59291,-19.53,SOU_RED,MIA_RED,SEMissouriState,D1,OVC,20260227-SEMissouriState-1,de157650-1425-11f1-bd15-e1e313853076,78.11849,NA,NA,8.83869,NA,NA,NA,NA,NA,NA,9cb2ba17-931f-41d8-9324-5ddeae6b795a,2026-02-27,21:46:56,2026-02-27T21:46:56Z,2026-02-27T21:46:56Z,NA,v3,471444,471355,270b77465999425caf9e0eadef204240,"Rosario, Moises",10267810,Right,SOU_RED,fe23bcfd-368e-4815-af0a-fa41753df227,54.56108,-116.78771,13.79645,5.83898,-0.89438,-9.765,-0.33303,2.33726,-2.77634,NA,NA,NA,NA,NA,NA,NA,NA,NA,NA,NA,NA,NA,NA,NA,NA,NA,NA,NA,NA,NA,NA,NA,NA,NA,NA,NA,NA,68.09557,NA,NA,0.971875,NA,NA,NA,-0.58339,5.2116,-0.95661,63.02986,3.71428,61.76852,-0.56134,69.58737,-4.30346,5.22984,11.74473,-13.71351,-0.92601,69.87832,-5.56264,High,High,High,NA,NA,High,High,High,NA,NA,NA,NA,NA,NA,NA,NA,NA,NA,NA,NA,NA,NA,NA,NA,NA,NA,NA,NA,NA,NA,NA,NA,NA,NA,NA,NA,NA,NA,NA,NA,NA,NA,NA,NA,NA,NA,NA,NA,NA,NA
NA,NA,NA,NA,NA,NA,NA,NA,NA,NA,NA,NA,NA,NA,NA,NA,79,2026-02-27,15:47:30,3,1,"Sauer, John-Paul",815663,Right,SOU_RED,"Appelwick, Evan",695485,Right,MIA_RED,Undefined,3,Top,2,0,0,Fastball,Four-Seam,StrikeCalled,Undefined,Undefined,Undefined,0,0,NA,90.71176,-3.073226,-2.381843,2138.474173,211.167097,01:00:00,5.77394,0.16666,5.81574,-13.74158,21.00481,11.90686,1.76609,-1.05703,81.502,-5.745624,-0.249794,0.424254,NA,NA,NA,NA,NA,NA,NA,NA,NA,NA,NA,-6.77827,12.04355,0.0217,50,5.51376,4.91726,-131.22284,-7.39508,-11.61636,32.20717,-11.53429,SOU_RED,MIA_RED,SEMissouriState,D1,OVC,20260227-SEMissouriState-1,f20c8bd0-1425-11f1-bd15-e1e313853076,88.84394,NA,NA,9.20976,NA,NA,NA,NA,NA,NA,9cb2ba17-931f-41d8-9324-5ddeae6b795a,2026-02-27,21:47:30,2026-02-27T21:47:30Z,2026-02-27T21:47:30Z,NA,v3,471444,471355,270b77465999425caf9e0eadef204240,"Rosario, Moises",10267810,Right,SOU_RED,af7fecfc-0ed4-4ede-a9f6-222610323335,54.67799,-132.36602,16.10359,5.76898,-6.98567,-5.76715,-0.16015,5.32957,-5.80818,NA,NA,NA,NA,NA,NA,NA,NA,NA,NA,NA,NA,NA,NA,NA,NA,NA,NA,NA,NA,NA,NA,NA,NA,NA,NA,NA,NA,NA,NA,NA,NA,NA,NA,NA,NA,NA,NA,NA,NA,NA,NA,NA,NA,NA,NA,NA,NA,NA,NA,High,High,High,NA,NA,NA,NA,NA,NA,NA,NA,NA,NA,NA,NA,NA,NA,NA,NA,NA,NA,NA,NA,NA,NA,NA,NA,NA,NA,NA,NA,NA,NA,NA,NA,NA,NA,NA,NA,NA,NA,NA,NA,NA,NA,NA,NA,NA,NA,NA
NA,NA,NA,NA,NA,NA,NA,NA,NA,NA,NA,NA,NA,NA,NA,NA,80,2026-02-27,15:47:44,3,2,"Sauer, John-Paul",815663,Right,SOU_RED,"Appelwick, Evan",695485,Right,MIA_RED,Undefined,3,Top,2,0,1,Fastball,Four-Seam,BallCalled,Undefined,Undefined,Undefined,0,0,NA,90.34225,-1.971748,-2.136659,2122.523186,207.49719,01:00:00,5.6731,0.22691,5.79247,-17.76355,17.30989,8.31441,2.35666,-1.06869,81.02693,-5.370329,-0.648076,0.426246,NA,NA,NA,NA,NA,NA,NA,NA,NA,NA,NA,-4.90748,9.83524,-0.05585,50,5.50026,4.5031,-130.77755,-5.02786,-8.33332,32.59204,-15.473,SOU_RED,MIA_RED,SEMissouriState,D1,OVC,20260227-SEMissouriState-1,fa5d4cc0-1425-11f1-bd15-e1e313853076,88.42877,NA,NA,9.31533,NA,NA,NA,NA,NA,NA,9cb2ba17-931f-41d8-9324-5ddeae6b795a,2026-02-27,21:47:44,2026-02-27T21:47:44Z,2026-02-27T21:47:44Z,NA,v3,471444,471355,270b77465999425caf9e0eadef204240,"Rosario, Moises",10267810,Right,SOU_RED,f8c69afd-0e0d-41fb-8c97-4b053445d988,54.70084,-131.94388,16.29602,5.67028,-4.47415,-7.7365,-0.22233,4.80132,-4.16666,NA,NA,NA,NA,NA,NA,NA,NA,NA,NA,NA,NA,NA,NA,NA,NA,NA,NA,NA,NA,NA,NA,NA,NA,NA,NA,NA,NA,NA,NA,NA,NA,NA,NA,NA,NA,NA,NA,NA,NA,NA,NA,NA,NA,NA,NA,NA,NA,NA,NA,High,High,High,NA,NA,NA,NA,NA,NA,NA,NA,NA,NA,NA,NA,NA,NA,NA,NA,NA,NA,NA,NA,NA,NA,NA,NA,NA,NA,NA,NA,NA,NA,NA,NA,NA,NA,NA,NA,NA,NA,NA,NA,NA,NA,NA,NA,NA,NA,NA
NA,NA,NA,NA,NA,NA,NA,NA,NA,NA,NA,NA,NA,NA,NA,NA,81,2026-02-27,15:48:05,3,3,"Sauer, John-Paul",815663,Right,SOU_RED,"Appelwick, Evan",695485,Right,MIA_RED,Undefined,3,Top,2,1,1,Fastball,Four-Seam,InPlay,Undefined,Popup,Out,1,0,NA,89.85648,-2.700415,-1.523318,2133.727417,213.226354,01:00:00,5.88219,0.28407,5.68987,-15.31942,20.38131,12.43324,2.08602,-0.0999,80.39062,-5.662969,0.699509,0.430041,NA,NA,NA,NA,NA,NA,NA,NA,NA,NA,NA,-6.83536,11.67438,-0.16391,50,5.64583,2.90511,-130.02896,-6.55598,-11.43208,33.13879,-12.64873,SOU_RED,MIA_RED,SEMissouriState,D1,OVC,20260227-SEMissouriState-1,06b4eff0-1426-11f1-bd15-e1e313853076,87.64844,NA,NA,9.46586,NA,NA,NA,NA,NA,NA,9cb2ba17-931f-41d8-9324-5ddeae6b795a,2026-02-27,21:48:05,2026-02-27T21:48:05Z,2026-02-27T21:48:05Z,NA,v3,471444,471355,270b77465999425caf9e0eadef204240,"Rosario, Moises",10267810,Right,SOU_RED,f592d326-2e64-4dbd-8dc7-628560669382,54.80535,-131.24793,16.56939,5.87843,-6.09071,-6.32436,-0.27851,3.32562,-5.71604,NA,NA,NA,NA,NA,NA,NA,NA,NA,NA,NA,NA,NA,NA,NA,NA,NA,NA,NA,NA,NA,NA,NA,NA,NA,NA,NA,NA,NA,NA,NA,NA,NA,NA,NA,NA,NA,NA,NA,NA,NA,NA,NA,NA,NA,NA,NA,NA,NA,NA,High,High,High,NA,NA,NA,NA,NA,NA,NA,NA,NA,NA,NA,NA,NA,NA,NA,NA,NA,NA,NA,NA,NA,NA,NA,NA,NA,NA,NA,NA,NA,NA,NA,NA,NA,NA,NA,NA,NA,NA,NA,NA,NA,NA,NA,NA,NA,NA,NA
NA,NA,NA,NA,NA,NA,NA,NA,NA,NA,NA,NA,NA,NA,NA,NA,82,2026-02-27,15:50:17,1,1,"Byers, Carson",1000133996,Left,MIA_RED,"Klein, Caleb",1000329534,Right,SOU_RED,Undefined,3,Bottom,0,0,0,Fastball,Changeup,InPlay,Undefined,FlyBall,HomeRun,0,1,NA,83.22348,-1.099034,2.172318,2396.189817,152.948501,11:00:00,5.16343,-1.50526,5.61751,-29.96671,11.65989,-5.14382,1.63965,0.09441,74.76923,-6.694127,1.254006,0.464362,103.9873,31.108636,-12.112193,3963.380685,108.53564,62.15993,-17.88868,402.53518,398.08434,-2.096723,5.411522,3.35658,6.72737,1.32325,50,5.05068,-4.35988,-120.50009,-3.27668,4.82845,28.13909,-22.49665,SOU_RED,MIA_RED,SEMissouriState,D1,OVC,20260227-SEMissouriState-1,559050b0-1426-11f1-bd15-e1e313853076,81.17036,97.53199,NA,8.45425,NA,NA,NA,2.1394,1.75479,-0.08062,9cb2ba17-931f-41d8-9324-5ddeae6b795a,2026-02-27,21:50:17,2026-02-27T21:50:17Z,2026-02-27T21:50:17Z,FlyBall,v3,471444,471355,270b77465999425caf9e0eadef204240,"Raether, Carson",1000338521,Right,MIA_RED,0cb654ed-0a21-4ed7-91b1-bf588dc465a6,54.87814,-121.6339,14.06955,5.16444,-2.37022,-11.24833,1.50284,-4.55443,2.41423,208.855702,2.13929,127.67583,-23.85978,5.62457,-1.16461,0.21578,-0.03292,0.00332,-1.5e-4,1.75895,78.7177,-18.28286,1.01424,-0.00107,-0.06148,0.01937,-0.00251,1.2e-4,-0.08018,-27.40554,11.86155,-3.03969,0.62351,-0.10061,0.0124,-0.00106,4e-5,NA,NA,NA,NA,NA,NA,NA,NA,NA,NA,NA,NA,NA,NA,NA,NA,NA,NA,NA,NA,NA,NA,High,High,High,High,Medium,NA,NA,NA,NA,NA,NA,NA,NA,NA,NA,NA,NA,NA,NA,NA,NA,NA,NA,NA,NA,NA,NA,NA,NA,NA,NA,NA,NA,NA,NA,NA,NA,NA,NA,NA,NA,NA,NA,NA,NA,NA,NA,NA,NA,NA
NA,NA,NA,NA,NA,NA,NA,NA,NA,NA,NA,NA,NA,NA,NA,NA,83,2026-02-27,15:51:03,2,1,"Byers, Carson",1000133996,Left,MIA_RED,"Sullivan, Cal",10092054,Right,SOU_RED,Undefined,3,Bottom,0,0,0,Fastball,Sinker,StrikeCalled,Undefined,Undefined,Undefined,0,0,NA,86.49606,-1.25192,3.513623,2103.210401,134.585038,10:30:00,5.37513,-1.31296,5.99934,-18.21773,19.86131,-18.64647,2.69458,0.39299,77.31186,-4.777168,0.167303,0.444134,NA,NA,NA,NA,NA,NA,NA,NA,NA,NA,NA,10.62485,10.98843,1.04562,50,5.26641,-6.88406,-125.14626,-3.20827,16.48905,30.29845,-15.1207,SOU_RED,MIA_RED,SEMissouriState,D1,OVC,20260227-SEMissouriState-1,7120e510-1426-11f1-bd15-e1e313853076,84.86718,NA,NA,9.1842,NA,NA,NA,NA,NA,NA,9cb2ba17-931f-41d8-9324-5ddeae6b795a,2026-02-27,21:51:03,2026-02-27T21:51:03Z,2026-02-27T21:51:03Z,NA,v3,471444,471355,270b77465999425caf9e0eadef204240,"Raether, Carson",1000338521,Right,MIA_RED,d66236c6-53a6-480f-b429-a9b19ef268ae,54.49409,-126.22961,15.14923,5.37146,-2.66762,-7.56035,1.30231,-7.47364,8.24452,NA,NA,NA,NA,NA,NA,NA,NA,NA,NA,NA,NA,NA,NA,NA,NA,NA,NA,NA,NA,NA,NA,NA,NA,NA,NA,NA,NA,NA,NA,NA,NA,NA,NA,NA,NA,NA,NA,NA,NA,NA,NA,NA,NA,NA,NA,NA,NA,NA,NA,High,High,High,NA,NA,NA,NA,NA,NA,NA,NA,NA,NA,NA,NA,NA,NA,NA,NA,NA,NA,NA,NA,NA,NA,NA,NA,NA,NA,NA,NA,NA,NA,NA,NA,NA,NA,NA,NA,NA,NA,NA,NA,NA,NA,NA,NA,NA,NA,NA
NA,NA,NA,NA,NA,NA,NA,NA,NA,NA,NA,NA,NA,NA,NA,NA,84,2026-02-27,15:51:18,2,2,"Byers, Carson",1000133996,Left,MIA_RED,"Sullivan, Cal",10092054,Right,SOU_RED,Undefined,3,Bottom,0,0,1,Fastball,Slider,BallCalled,Undefined,Undefined,Undefined,0,0,NA,83.34377,0.974159,1.392547,2513.487131,209.630431,01:00:00,5.17357,-1.55996,5.4911,-32.92931,8.41008,3.95949,3.34112,0.07294,75.30481,-5.132434,2.097475,0.462758,NA,NA,NA,NA,NA,NA,NA,NA,NA,NA,NA,-1.53563,4.38882,1.4354,50,5.2371,-3.1067,-120.76965,0.93229,-2.24062,26.1721,-25.77043,SOU_RED,MIA_RED,SEMissouriState,D1,OVC,20260227-SEMissouriState-1,7a4cc3c0-1426-11f1-bd15-e1e313853076,81.4518,NA,NA,8.03896,NA,NA,NA,NA,NA,NA,9cb2ba17-931f-41d8-9324-5ddeae6b795a,2026-02-27,21:51:18,2026-02-27T21:51:18Z,2026-02-27T21:51:18Z,NA,v3,471444,471355,270b77465999425caf9e0eadef204240,"Raether, Carson",1000338521,Right,MIA_RED,98153c6c-b97f-49aa-83a3-38c458bbefb7,55.00275,-121.84898,13.08605,5.17674,1.99505,-12.88521,1.56161,-3.0143,-1.12031,NA,NA,NA,NA,NA,NA,NA,NA,NA,NA,NA,NA,NA,NA,NA,NA,NA,NA,NA,NA,NA,NA,NA,NA,NA,NA,NA,NA,NA,NA,NA,NA,NA,NA,NA,NA,NA,NA,NA,NA,NA,NA,NA,NA,NA,NA,NA,NA,NA,NA,High,High,High,NA,NA,NA,NA,NA,NA,NA,NA,NA,NA,NA,NA,NA,NA,NA,NA,NA,NA,NA,NA,NA,NA,NA,NA,NA,NA,NA,NA,NA,NA,NA,NA,NA,NA,NA,NA,NA,NA,NA,NA,NA,NA,NA,NA,NA,NA,NA
NA,NA,NA,NA,NA,NA,NA,NA,NA,NA,NA,NA,NA,NA,NA,NA,85,2026-02-27,15:51:33,2,3,"Byers, Carson",1000133996,Left,MIA_RED,"Sullivan, Cal",10092054,Right,SOU_RED,Undefined,3,Bottom,0,1,1,ChangeUp,Changeup,InPlay,Undefined,LineDrive,HomeRun,0,1,NA,79.26627,0.667318,3.303518,1714.431154,96.990454,09:15:00,4.90903,-1.83261,5.53866,-41.49857,4.06469,-20.25899,2.07559,-0.42983,71.93518,-6.974196,-0.305526,0.485824,106.58179,21.961236,-0.704794,2440.204873,109.95644,42.22997,3.0824,415.1428,408.085,8.144319,4.571913,11.27552,2.28851,1.5599,50,4.93947,-5.8342,-114.85716,-0.02427,14.90804,23.30783,-29.14826,SOU_RED,MIA_RED,SEMissouriState,D1,OVC,20260227-SEMissouriState-1,83250430-1426-11f1-bd15-e1e313853076,77.58458,65.29508,NA,7.33109,NA,NA,NA,1.35645,2.16015,0.37729,9cb2ba17-931f-41d8-9324-5ddeae6b795a,2026-02-27,21:51:33,2026-02-27T21:51:33Z,2026-02-27T21:51:33Z,FlyBall,v3,471444,471355,270b77465999425caf9e0eadef204240,"Raether, Carson",1000338521,Right,MIA_RED,baf99c8e-26f3-415f-932c-1c056084e15c,54.96066,-115.85944,11.65391,4.91356,1.22916,-14.57413,1.82457,-6.47528,7.45402,207.783624,1.35612,144.97173,-26.30538,6.31552,-1.40519,0.29003,-0.04757,0.00488,-2.2e-4,2.16045,58.45625,-13.82791,-0.1043,0.20298,-0.05744,0.00712,-1e-5,-5e-5,0.3773,-1.78247,7.02115,-1.82113,0.43835,-0.08948,0.01358,-0.00126,5e-5,NA,NA,NA,NA,NA,NA,NA,NA,NA,NA,NA,NA,NA,NA,NA,NA,NA,NA,NA,NA,NA,NA,High,High,High,High,High,NA,NA,NA,NA,NA,NA,NA,NA,NA,NA,NA,NA,NA,NA,NA,NA,NA,NA,NA,NA,NA,NA,NA,NA,NA,NA,NA,NA,NA,NA,NA,NA,NA,NA,NA,NA,NA,NA,NA,NA,NA,NA,NA,NA,NA
NA,NA,NA,NA,NA,NA,NA,NA,NA,NA,NA,NA,NA,NA,NA,NA,86,2026-02-27,15:53:25,3,1,"Byers, Carson",1000133996,Left,MIA_RED,"Hall, Josiah",10136036,Right,SOU_RED,Undefined,3,Bottom,0,0,0,Fastball,Changeup,FoulBallNotFieldable,Undefined,Undefined,Undefined,0,0,NA,86.11953,-0.519214,2.681694,1941.076715,123.361931,10:00:00,5.36121,-1.26378,6.06322,-22.06706,15.76832,-21.93107,3.04122,-0.60767,77.86101,-4.714984,-1.264241,0.442711,NA,NA,NA,NA,NA,NA,NA,NA,NA,NA,NA,12.14083,8.67004,1.0673,50,5.30919,-4.97039,-124.93749,-1.77054,18.96418,27.93546,-18.6313,SOU_RED,MIA_RED,SEMissouriState,D1,OVC,20260227-SEMissouriState-1,c59d9e30-1426-11f1-bd15-e1e313853076,85.14003,NA,NA,8.25851,NA,NA,NA,NA,NA,NA,9cb2ba17-931f-41d8-9324-5ddeae6b795a,2026-02-27,21:53:25,2026-02-27T21:53:25Z,2026-02-27T21:53:25Z,NA,v3,471444,471355,270b77465999425caf9e0eadef204240,"Raether, Carson",1000338521,Right,MIA_RED,b8dd75e8-0e89-4710-8070-8dd18153a781,54.43523,-125.92529,13.96773,5.36015,-1.11175,-9.31565,1.2549,-5.64096,9.48209,NA,NA,NA,NA,NA,NA,NA,NA,NA,NA,NA,NA,NA,NA,NA,NA,NA,NA,NA,NA,NA,NA,NA,NA,NA,NA,NA,NA,NA,NA,NA,NA,NA,NA,NA,NA,NA,NA,NA,NA,NA,NA,NA,NA,NA,NA,NA,NA,NA,NA,High,High,High,NA,NA,NA,NA,NA,NA,NA,NA,NA,NA,NA,NA,NA,NA,NA,NA,NA,NA,NA,NA,NA,NA,NA,NA,NA,NA,NA,NA,NA,NA,NA,NA,NA,NA,NA,NA,NA,NA,NA,NA,NA,NA,NA,NA,NA,NA,NA
NA,NA,NA,NA,NA,NA,NA,NA,NA,NA,NA,NA,NA,NA,NA,NA,87,2026-02-27,15:53:44,3,2,"Byers, Carson",1000133996,Left,MIA_RED,"Hall, Josiah",10136036,Right,SOU_RED,Undefined,3,Bottom,0,0,1,Fastball,Sinker,BallCalled,Undefined,Undefined,Undefined,0,0,NA,87.09503,-2.522,3.46911,2028.224642,138.095946,10:30:00,5.38552,-1.26055,6.15356,-18.55017,18.88962,-15.61997,1.50378,0.64686,77.87847,-6.104235,0.65726,0.440391,NA,NA,NA,NA,NA,NA,NA,NA,NA,NA,NA,9.1752,11.01418,1.00399,50,5.18388,-6.98003,-125.9463,-6.03559,14.39542,31.11548,-14.89335,SOU_RED,MIA_RED,SEMissouriState,D1,OVC,20260227-SEMissouriState-1,d145ee90-1426-11f1-bd15-e1e313853076,85.58866,NA,NA,9.21655,NA,NA,NA,NA,NA,NA,9cb2ba17-931f-41d8-9324-5ddeae6b795a,2026-02-27,21:53:44,2026-02-27T21:53:44Z,2026-02-27T21:53:44Z,NA,v3,471444,471355,270b77465999425caf9e0eadef204240,"Raether, Carson",1000338521,Right,MIA_RED,fbbf3e59-f2d9-44a8-a27a-78c1cb029ffd,54.340089999999996,-127.01401,15.55774,5.38222,-5.52453,-7.44668,1.25198,-7.474,7.19771,NA,NA,NA,NA,NA,NA,NA,NA,NA,NA,NA,NA,NA,NA,NA,NA,NA,NA,NA,NA,NA,NA,NA,NA,NA,NA,NA,NA,NA,NA,NA,NA,NA,NA,NA,NA,NA,NA,NA,NA,NA,NA,NA,NA,NA,NA,NA,NA,NA,NA,High,High,High,NA,NA,NA,NA,NA,NA,NA,NA,NA,NA,NA,NA,NA,NA,NA,NA,NA,NA,NA,NA,NA,NA,NA,NA,NA,NA,NA,NA,NA,NA,NA,NA,NA,NA,NA,NA,NA,NA,NA,NA,NA,NA,NA,NA,NA,NA,NA
NA,NA,NA,NA,NA,NA,NA,NA,NA,NA,NA,NA,NA,NA,NA,NA,88,2026-02-27,15:54:01,3,3,"Byers, Carson",1000133996,Left,MIA_RED,"Hall, Josiah",10136036,Right,SOU_RED,Undefined,3,Bottom,0,1,1,Fastball,Changeup,FoulBallNotFieldable,Undefined,Undefined,Undefined,0,0,NA,86.05585,-1.844238,2.873048,2029.429277,129.641471,10:15:00,5.26889,-1.2864,6.04975,-22.26852,16.23158,-17.73997,1.7032,-0.10286,76.85837,-6.09868,-0.317832,0.446583,77.65428,67.033284,43.089007,4507.211538,51.69539,117.21399,97.09572,167.71084,53.10517,64.080114,5.3383,10.16619,9.44095,1.07225,50,5.11351,-5.53158,-124.56634,-4.64874,15.55307,31.15832,-17.73051,SOU_RED,MIA_RED,SEMissouriState,D1,OVC,20260227-SEMissouriState-1,db412b30-1426-11f1-bd15-e1e313853076,84.40187,123.34644,NA,9.19748,NA,NA,NA,1.70045,1.93877,0.08763,9cb2ba17-931f-41d8-9324-5ddeae6b795a,2026-02-27,21:54:01,2026-02-27T21:54:01Z,2026-02-27T21:54:01Z,Popup,v3,471444,471355,270b77465999425caf9e0eadef204240,"Raether, Carson",1000338521,Right,MIA_RED,0127fe97-366b-4b24-87d4-3f2a833186e6,54.44629,-125.67359,15.57916,5.26752,-4.01866,-8.86526,1.27865,-6.08428,7.77654,208.372156,1.70582,32.29515,-10.06732,1.39485,0.89253,-0.60444,0.16045,-0.02019,9.9e-4,1.9598,104.43892,-26.521,0.64018,1.57416,-0.83399,0.19916,-0.02346,0.0011,0.09897,30.18583,2.75232,-1.75046,0.42233,0.0107,-0.03281,0.00671,-4.3e-4,NA,NA,NA,NA,NA,NA,NA,NA,NA,NA,NA,NA,NA,NA,NA,NA,NA,NA,NA,NA,NA,NA,High,High,High,High,Low,NA,NA,NA,NA,NA,NA,NA,NA,NA,NA,NA,NA,NA,NA,NA,NA,NA,NA,NA,NA,NA,NA,NA,NA,NA,NA,NA,NA,NA,NA,NA,NA,NA,NA,NA,NA,NA,NA,NA,NA,NA,NA,NA,NA,NA
NA,NA,NA,NA,NA,NA,NA,NA,NA,NA,NA,NA,NA,NA,NA,NA,89,2026-02-27,15:54:40,3,4,"Byers, Carson",1000133996,Left,MIA_RED,"Hall, Josiah",10136036,Right,SOU_RED,Undefined,3,Bottom,0,1,2,Fastball,Changeup,BallCalled,Undefined,Undefined,Undefined,0,0,NA,84.0875,-1.468731,2.115567,2419.004937,141.011084,10:45:00,5.07375,-1.66275,5.79796,-28.37281,11.00123,-7.96815,1.34203,-0.35814,77.66513,-6.717962,0.687873,0.451623,NA,NA,NA,NA,NA,NA,NA,NA,NA,NA,NA,4.59823,6.35681,1.49357,50,4.93594,-4.19197,-122.13373,-4.04942,7.00347,22.17293,-22.49213,SOU_RED,MIA_RED,SEMissouriState,D1,OVC,20260227-SEMissouriState-1,f28018b0-1426-11f1-bd15-e1e313853076,83.45993,NA,NA,6.42237,NA,NA,NA,NA,NA,NA,9cb2ba17-931f-41d8-9324-5ddeae6b795a,2026-02-27,21:54:40,2026-02-27T21:54:40Z,2026-02-27T21:54:40Z,NA,v3,471444,471355,270b77465999425caf9e0eadef204240,"Raether, Carson",1000338521,Right,MIA_RED,ad3d1fbb-2fad-4305-aa6d-cf10df68ad2c,54.70058,-122.98414,11.08647,5.0747,-3.18677,-11.24606,1.6595,-4.46058,3.50174,NA,NA,NA,NA,NA,NA,NA,NA,NA,NA,NA,NA,NA,NA,NA,NA,NA,NA,NA,NA,NA,NA,NA,NA,NA,NA,NA,NA,NA,NA,NA,NA,NA,NA,NA,NA,NA,NA,NA,NA,NA,NA,NA,NA,NA,NA,NA,NA,NA,NA,High,High,High,NA,NA,NA,NA,NA,NA,NA,NA,NA,NA,NA,NA,NA,NA,NA,NA,NA,NA,NA,NA,NA,NA,NA,NA,NA,NA,NA,NA,NA,NA,NA,NA,NA,NA,NA,NA,NA,NA,NA,NA,NA,NA,NA,NA,NA,NA,NA
NA,NA,NA,NA,NA,NA,NA,NA,NA,NA,NA,NA,NA,NA,NA,NA,90,2026-02-27,15:55:01,3,5,"Byers, Carson",1000133996,Left,MIA_RED,"Hall, Josiah",10136036,Right,SOU_RED,Undefined,3,Bottom,0,2,2,Fastball,Four-Seam,InPlay,Undefined,LineDrive,Out,1,0,NA,86.82803,-1.545771,2.081353,1978.608928,147.270277,11:00:00,5.27587,-1.09285,6.14934,-16.3356,21.18777,-12.68115,2.48501,-0.22563,77.6479,-4.736474,-0.20418,0.440882,96.24758,17.681954,-19.711121,1101.782293,103.72626,27.38802,-36.61779,283.30245,273.21329,-19.501387,2.851763,7.27197,11.89213,0.94087,50,5.14991,-4.05828,-125.81376,-3.79098,11.38265,31.10444,-13.55955,SOU_RED,MIA_RED,SEMissouriState,D1,OVC,20260227-SEMissouriState-1,fec6f300-1426-11f1-bd15-e1e313853076,85.49325,30.14013,NA,9.18014,NA,NA,NA,1.89802,2.58852,0.17452,9cb2ba17-931f-41d8-9324-5ddeae6b795a,2026-02-27,21:55:01,2026-02-27T21:55:01Z,2026-02-27T21:55:01Z,LineDrive,v3,471444,471355,270b77465999425caf9e0eadef204240,"Raether, Carson",1000338521,Right,MIA_RED,db5e18d1-b223-4d7b-9a03-d439bf9d4288,54.34617,-126.8837,15.55222,5.27229,-3.32456,-6.77978,1.0872,-4.44982,5.69133,169.649513,1.89803,126.61302,-18.64497,3.95324,-0.86563,0.17436,-0.03085,0.00391,-2.3e-4,2.58852,42.87576,-18.27785,1.49804,-0.26763,0.04948,-0.00684,9.1e-4,-7e-5,0.17452,-45.36187,5.87397,-0.79375,0.10614,-0.01266,0.00176,-2.7e-4,2e-5,NA,NA,NA,NA,NA,NA,NA,NA,NA,NA,NA,NA,NA,NA,NA,NA,NA,NA,NA,NA,NA,NA,High,High,High,High,High,NA,NA,NA,NA,NA,NA,NA,NA,NA,NA,NA,NA,NA,NA,NA,NA,NA,NA,NA,NA,NA,NA,NA,NA,NA,NA,NA,NA,NA,NA,NA,NA,NA,NA,NA,NA,NA,NA,NA,NA,NA,NA,NA,NA,NA
NA,NA,NA,NA,NA,NA,NA,NA,NA,NA,NA,NA,NA,NA,NA,NA,91,2026-02-27,15:55:36,4,1,"Byers, Carson",1000133996,Left,MIA_RED,"Lopetegui, Ryan",1000327160,Right,SOU_RED,Undefined,3,Bottom,1,0,0,Fastball,Slider,BallCalled,Undefined,Undefined,Undefined,0,0,NA,83.37777,1.079784,1.238049,2428.351305,197.104492,12:30:00,5.08052,-1.70604,5.66883,-29.94962,10.71788,2.89394,3.59183,-0.31037,75.92078,-4.49454,1.754984,0.458981,NA,NA,NA,NA,NA,NA,NA,NA,NA,NA,NA,-1.10311,5.53162,1.59968,50,5.15304,-2.73449,-120.98299,1.30659,-1.62934,24.35965,-24.00357,SOU_RED,MIA_RED,SEMissouriState,D1,OVC,20260227-SEMissouriState-1,13bbf080-1427-11f1-bd15-e1e313853076,82.12194,NA,NA,7.45699,NA,NA,NA,NA,NA,NA,9cb2ba17-931f-41d8-9324-5ddeae6b795a,2026-02-27,21:55:36,2026-02-27T21:55:36Z,2026-02-27T21:55:36Z,NA,v3,471444,471355,270b77465999425caf9e0eadef204240,"Raether, Carson",1000338521,Right,MIA_RED,bde268da-0cd5-4fea-8456-41e4e96ab802,54.82712,-121.95105,12.17982,5.08216,2.2605,-12.00179,1.70706,-2.66974,-0.81467,NA,NA,NA,NA,NA,NA,NA,NA,NA,NA,NA,NA,NA,NA,NA,NA,NA,NA,NA,NA,NA,NA,NA,NA,NA,NA,NA,NA,NA,NA,NA,NA,NA,NA,NA,NA,NA,NA,NA,NA,NA,NA,NA,NA,NA,NA,NA,NA,NA,NA,High,High,High,NA,NA,NA,NA,NA,NA,NA,NA,NA,NA,NA,NA,NA,NA,NA,NA,NA,NA,NA,NA,NA,NA,NA,NA,NA,NA,NA,NA,NA,NA,NA,NA,NA,NA,NA,NA,NA,NA,NA,NA,NA,NA,NA,NA,NA,NA,NA
NA,NA,NA,NA,NA,NA,NA,NA,NA,NA,NA,NA,NA,NA,NA,NA,92,2026-02-27,15:55:52,4,2,"Byers, Carson",1000133996,Left,MIA_RED,"Lopetegui, Ryan",1000327160,Right,SOU_RED,Undefined,3,Bottom,1,1,0,Fastball,Four-Seam,InPlay,Undefined,LineDrive,Out,1,0,NA,86.03979,-1.654716,2.1539,2058.762325,143.760149,10:45:00,5.40797,-1.1607,5.93319,-19.15119,18.88344,-12.87013,2.27535,-0.23397,77.99607,-5.307508,-0.156559,0.443875,101.70869,17.930248,-19.614996,1487.898575,102.57873,30.16638,-39.71819,306.29624,297.9807,-24.738367,3.181483,7.28807,10.58894,0.99613,50,5.26512,-4.17485,-124.79205,-4.14604,11.38175,27.37838,-15.63737,SOU_RED,MIA_RED,SEMissouriState,D1,OVC,20260227-SEMissouriState-1,1d198d90-1427-11f1-bd15-e1e313853076,84.91671,35.91049,NA,8.04373,NA,NA,NA,2.2893,2.43733,0.20188,9cb2ba17-931f-41d8-9324-5ddeae6b795a,2026-02-27,21:55:52,2026-02-27T21:55:52Z,2026-02-27T21:55:52Z,LineDrive,v3,471444,471355,270b77465999425caf9e0eadef204240,"Raether, Carson",1000338521,Right,MIA_RED,4205e9b8-8541-48cf-9637-3811bb9a27bd,54.56473,-125.78953,13.68919,5.40579,-3.57632,-7.81869,1.15578,-4.58952,5.69087,137.268601,2.28919,133.69184,-25.60866,5.76179,-1.15399,0.18456,-0.01923,2.3e-4,1.4e-4,2.43744,45.9228,-16.90747,0.936,-0.15988,0.05769,-0.01936,0.00427,-3.8e-4,0.20176,-47.64336,1.75755,0.54747,-0.18961,0.01864,0.00659,-0.00256,2.6e-4,NA,NA,NA,NA,NA,NA,NA,NA,NA,NA,NA,NA,NA,NA,NA,NA,NA,NA,NA,NA,NA,NA,High,High,High,High,High,NA,NA,NA,NA,NA,NA,NA,NA,NA,NA,NA,NA,NA,NA,NA,NA,NA,NA,NA,NA,NA,NA,NA,NA,NA,NA,NA,NA,NA,NA,NA,NA,NA,NA,NA,NA,NA,NA,NA,NA,NA,NA,NA,NA,NA
NA,NA,NA,NA,NA,NA,NA,NA,NA,NA,NA,NA,NA,NA,NA,NA,93,2026-02-27,15:56:24,5,1,"Byers, Carson",1000133996,Left,MIA_RED,"Kettering, Brooks",62716,Left,SOU_RED,Undefined,3,Bottom,2,0,0,Slider,Curveball,StrikeCalled,Undefined,Undefined,Undefined,0,0,NA,75.58858,1.626243,-0.499514,2705.628088,307.553453,04:15:00,5.03236,-1.43488,5.38574,-57.88759,-7.23965,11.78662,1.73316,-0.92087,68.47444,-8.934144,1.600078,0.512215,NA,NA,NA,NA,NA,NA,NA,NA,NA,NA,NA,-6.03331,-3.54453,1.47112,50,5.13747,0.49166,-109.56288,1.16031,-7.20212,22.59668,-36.40525,SOU_RED,MIA_RED,SEMissouriState,D1,OVC,20260227-SEMissouriState-1,30d76aa0-1427-11f1-bd15-e1e313853076,73.58713,NA,NA,7.11414,NA,NA,NA,NA,NA,NA,9cb2ba17-931f-41d8-9324-5ddeae6b795a,2026-02-27,21:56:24,2026-02-27T21:56:24Z,2026-02-27T21:56:24Z,NA,v3,471444,471355,270b77465999425caf9e0eadef204240,"Raether, Carson",1000338521,Right,MIA_RED,e00fadf1-4a9f-4d88-945d-81d6e20c1761,55.11253,-110.61228,11.29834,5.04433,2.85099,-18.20263,1.44052,0.82613,-3.60106,NA,NA,NA,NA,NA,NA,NA,NA,NA,NA,NA,NA,NA,NA,NA,NA,NA,NA,NA,NA,NA,NA,NA,NA,NA,NA,NA,NA,NA,NA,NA,NA,NA,NA,NA,NA,NA,NA,NA,NA,NA,NA,NA,NA,NA,NA,NA,NA,NA,NA,High,High,High,NA,NA,NA,NA,NA,NA,NA,NA,NA,NA,NA,NA,NA,NA,NA,NA,NA,NA,NA,NA,NA,NA,NA,NA,NA,NA,NA,NA,NA,NA,NA,NA,NA,NA,NA,NA,NA,NA,NA,NA,NA,NA,NA,NA,NA,NA,NA
NA,NA,NA,NA,NA,NA,NA,NA,NA,NA,NA,NA,NA,NA,NA,NA,94,2026-02-27,15:56:40,5,2,"Byers, Carson",1000133996,Left,MIA_RED,"Kettering, Brooks",62716,Left,SOU_RED,Undefined,3,Bottom,2,0,1,Fastball,Slider,InPlay,Undefined,LineDrive,Single,0,0,NA,83.8229,-0.59679,1.906157,2455.604336,196.62648,12:30:00,5.13549,-1.20116,5.55154,-29.70494,11.08662,2.88,2.1021,0.82064,75.87291,-6.11816,2.419496,0.459681,67.00161,23.131473,-2.793823,2417.279984,109.60345,27.53402,-9.32804,203.68848,203.68848,-6.251268,2.832753,-0.8578,6.20552,1.03427,50,5.06451,-4.16229,-121.49575,-2.24561,-1.26488,26.79573,-23.02342,SOU_RED,MIA_RED,SEMissouriState,D1,OVC,20260227-SEMissouriState-1,3a1a2cb0-1427-11f1-bd15-e1e313853076,81.99695,27.53129,NA,7.95,NA,NA,NA,2.38554,2.26599,-0.8052,9cb2ba17-931f-41d8-9324-5ddeae6b795a,2026-02-27,21:56:40,2026-02-27T21:56:40Z,2026-02-27T21:56:40Z,LineDrive,v3,471444,471355,270b77465999425caf9e0eadef204240,"Raether, Carson",1000338521,Right,MIA_RED,ff1785e1-d95d-430e-9361-78bf5456efb8,54.9453,-122.58157,13.39786,5.1366,-1.31265,-11.51171,1.2019,-4.11103,-0.63244,154.847906,2.38541,90.26667,-10.36946,1.92594,-0.4613,0.17202,-0.06632,0.01502,-0.00135,2.26607,38.60365,-15.79291,1.08436,-0.3379,0.11096,-0.01964,0.00167,-8e-5,-0.80519,-4.40665,-1.6917,0.18831,0.11136,-0.09301,0.03309,-0.00598,4.5e-4,NA,NA,NA,NA,NA,NA,NA,NA,NA,NA,NA,NA,NA,NA,NA,NA,NA,NA,NA,NA,NA,NA,High,High,High,High,High,NA,NA,NA,NA,NA,NA,NA,NA,NA,NA,NA,NA,NA,NA,NA,NA,NA,NA,NA,NA,NA,NA,NA,NA,NA,NA,NA,NA,NA,NA,NA,NA,NA,NA,NA,NA,NA,NA,NA,NA,NA,NA,NA,NA,NA
NA,NA,NA,NA,NA,NA,NA,NA,NA,NA,NA,NA,NA,NA,NA,NA,95,2026-02-27,15:57:16,6,1,"Byers, Carson",1000133996,Left,MIA_RED,"Terranova, Joe",1000272666,Right,SOU_RED,Undefined,3,Bottom,2,0,0,Fastball,Sinker,StrikeCalled,Undefined,Undefined,Undefined,0,0,NA,87.02074,-1.268859,2.395164,2064.25408,135.162891,10:30:00,5.3496,-1.21122,6.15234,-19.25344,17.70202,-16.30025,2.57159,-0.35532,78.66346,-4.957614,-0.54283,0.437533,NA,NA,NA,NA,NA,NA,NA,NA,NA,NA,NA,9.07434,9.89587,1.03673,50,5.24305,-4.60233,-126.20308,-3.31756,14.46801,28.42004,-16.39616,SOU_RED,MIA_RED,SEMissouriState,D1,OVC,20260227-SEMissouriState-1,4f980940-1427-11f1-bd15-e1e313853076,86.14765,NA,NA,8.35728,NA,NA,NA,NA,NA,NA,9cb2ba17-931f-41d8-9324-5ddeae6b795a,2026-02-27,21:57:16,2026-02-27T21:57:16Z,2026-02-27T21:57:16Z,NA,v3,471444,471355,270b77465999425caf9e0eadef204240,"Raether, Carson",1000338521,Right,MIA_RED,c245b510-fe75-46fa-890c-9e3555ae6d94,54.34314,-127.17736,14.21002,5.34715,-2.75547,-8.19808,1.20301,-5.09831,7.23401,NA,NA,NA,NA,NA,NA,NA,NA,NA,NA,NA,NA,NA,NA,NA,NA,NA,NA,NA,NA,NA,NA,NA,NA,NA,NA,NA,NA,NA,NA,NA,NA,NA,NA,NA,NA,NA,NA,NA,NA,NA,NA,NA,NA,NA,NA,NA,NA,NA,NA,High,High,High,NA,NA,NA,NA,NA,NA,NA,NA,NA,NA,NA,NA,NA,NA,NA,NA,NA,NA,NA,NA,NA,NA,NA,NA,NA,NA,NA,NA,NA,NA,NA,NA,NA,NA,NA,NA,NA,NA,NA,NA,NA,NA,NA,NA,NA,NA,NA
NA,NA,NA,NA,NA,NA,NA,NA,NA,NA,NA,NA,NA,NA,NA,NA,96,2026-02-27,15:57:33,6,2,"Byers, Carson",1000133996,Left,MIA_RED,"Terranova, Joe",1000272666,Right,SOU_RED,Undefined,3,Bottom,2,0,1,Fastball,Four-Seam,FoulBallNotFieldable,Undefined,Undefined,Undefined,0,0,NA,86.22228,-1.025926,2.439782,2072.077223,144.371526,10:45:00,5.41424,-1.15656,6.00078,-19.24769,18.718,-12.4289,2.8587,0.0697,77.70853,-4.716667,0.206616,0.443473,63.91083,34.052674,153.614877,3428.272382,NA,NA,NA,NA,22.11945,NA,NA,7.16894,10.34308,0.97138,50,5.32305,-4.81951,-124.99833,-2.76849,11.17487,28.66723,-16.05133,SOU_RED,MIA_RED,SEMissouriState,D1,OVC,20260227-SEMissouriState-1,5961fcb0-1427-11f1-bd15-e1e313853076,84.99377,16.71805,NA,8.51375,NA,NA,NA,1.17099,2.7635,-0.08819,9cb2ba17-931f-41d8-9324-5ddeae6b795a,2026-02-27,21:57:33,2026-02-27T21:57:33Z,2026-02-27T21:57:33Z,NA,v3,471444,471355,270b77465999425caf9e0eadef204240,"Raether, Carson",1000338521,Right,MIA_RED,44d25fb2-d07a-4782-8820-afbb7786a355,54.49567,-126.02515,14.33362,5.41192,-2.19355,-8.02566,1.15117,-5.21978,5.58743,300.73798,1.17067,-69.55881,5.33734,NA,NA,NA,NA,NA,NA,2.76796,52.29588,-23.79701,NA,NA,NA,NA,NA,NA,-0.0839,34.32846,-9.94611,NA,NA,NA,NA,NA,NA,NA,NA,NA,NA,NA,NA,NA,NA,NA,NA,NA,NA,NA,NA,NA,NA,NA,NA,NA,NA,NA,NA,High,High,High,High,Undefined,NA,NA,NA,NA,NA,NA,NA,NA,NA,NA,NA,NA,NA,NA,NA,NA,NA,NA,NA,NA,NA,NA,NA,NA,NA,NA,NA,NA,NA,NA,NA,NA,NA,NA,NA,NA,NA,NA,NA,NA,NA,NA,NA,NA,NA
NA,NA,NA,NA,NA,NA,NA,NA,NA,NA,NA,NA,NA,NA,NA,NA,97,2026-02-27,15:57:54,6,3,"Byers, Carson",1000133996,Left,MIA_RED,"Terranova, Joe",1000272666,Right,SOU_RED,Undefined,3,Bottom,2,0,2,Fastball,Four-Seam,InPlay,Undefined,Popup,Out,1,0,NA,86.60523,-1.895293,2.732588,1940.991296,148.538229,11:00:00,5.39553,-1.18604,6.21734,-18.71328,18.036740000000002,-10.33292,2.08449,0.47642,79.40382,-5.454411,0.868971,0.436315,55.12527,52.43701,-9.488905,NA,NA,NA,NA,136.78887,134.17158,-1.53411,4.114945,6.12658,10.23201,0.98647,50,5.24399,-5.60376,-125.74099,-4.6777,9.83132,24.94562,-15.75475,SOU_RED,MIA_RED,SEMissouriState,D1,OVC,20260227-SEMissouriState-1,66427ef0-1427-11f1-bd15-e1e313853076,86.38812,62.6277,NA,7.20141,NA,NA,NA,1.30634,2.29905,-0.52263,9cb2ba17-931f-41d8-9324-5ddeae6b795a,2026-02-27,21:57:54,2026-02-27T21:57:54Z,2026-02-27T21:57:54Z,Popup,v3,471444,471355,270b77465999425caf9e0eadef204240,"Raether, Carson",1000338521,Right,MIA_RED,e4e06dd3-049a-4dc6-b432-ead4a96c0676,54.28196,-126.58763,12.47281,5.39367,-4.14299,-7.87738,1.18232,-5.93743,4.91566,189.233341,1.30629,48.6133,-9.84855,2.77575,-0.49301,0.01798,0.01953,-0.00469,3.4e-4,2.29776,64.12405,-19.00929,1.51771,-0.48038,0.1809,-0.04232,0.00495,-2.3e-4,-0.5235,-8.10124,3.0991,-0.36507,-0.15632,0.12158,-0.03448,0.00457,-2.4e-4,NA,NA,NA,NA,NA,NA,NA,NA,NA,NA,NA,NA,NA,NA,NA,NA,NA,NA,NA,NA,NA,NA,High,High,High,High,High,NA,NA,NA,NA,NA,NA,NA,NA,NA,NA,NA,NA,NA,NA,NA,NA,NA,NA,NA,NA,NA,NA,NA,NA,NA,NA,NA,NA,NA,NA,NA,NA,NA,NA,NA,NA,NA,NA,NA,NA,NA,NA,NA,NA,NA
NA,NA,NA,NA,NA,NA,NA,NA,NA,NA,NA,NA,NA,NA,NA,NA,98,2026-02-27,16:00:06,1,1,"Sauer, John-Paul",815663,Right,SOU_RED,"Novak, Ryan",10035937,Left,MIA_RED,Undefined,4,Top,0,0,0,Fastball,Sinker,InPlay,Undefined,LineDrive,Single,0,0,NA,88.92315,-2.188585,-1.780096,1974.938832,227.209751,01:30:00,5.65347,0.50197,5.64327,-21.83836,13.93768,13.79328,1.79008,-0.00963,81.23702,-6.264997,0.684788,0.430494,108.8188,13.477714,26.209684,2104.773874,96.39911,17.89485,52.98266,248.84905,181.9825,33.1772,1.973667,-7.57752,8.05666,-0.3601,50,5.45379,3.42533,-129.0111,-5.65835,-12.73388,27.56554,-18.63496,SOU_RED,MIA_RED,SEMissouriState,D1,OVC,20260227-SEMissouriState-1,b4d34220-1427-11f1-bd15-e1e313853076,87.55617,18.34885,NA,7.68614,NA,NA,NA,2.73226,1.96323,0.02452,9cb2ba17-931f-41d8-9324-5ddeae6b795a,2026-02-27,22:00:06,2026-02-27T22:00:06Z,2026-02-27T22:00:06Z,LineDrive,v3,471444,471355,270b77465999425caf9e0eadef204240,"Rosario, Moises",10267810,Right,SOU_RED,006babd3-99e3-4c34-b499-19960925d5fe,54.85641,-130.04462,13.78277,5.65284,-4.95967,-9.31748,-0.49748,3.90276,-6.36694,272.100476,2.73227,139.24547,-24.89335,4.95279,-0.62217,-0.24042,0.19359,-0.05771,0.00672,1.96323,37.19805,-23.23026,2.89139,-0.78318,0.28359,-0.10054,0.02406,-0.00257,0.02452,68.55066,2.06486,-1.11864,-0.43856,0.73649,-0.41228,0.11478,-0.01307,NA,NA,NA,NA,NA,NA,NA,NA,NA,NA,NA,NA,NA,NA,NA,NA,NA,NA,NA,NA,NA,NA,High,High,High,High,High,NA,NA,NA,NA,NA,NA,NA,NA,NA,NA,NA,NA,NA,NA,NA,NA,NA,NA,NA,NA,NA,NA,NA,NA,NA,NA,NA,NA,NA,NA,NA,NA,NA,NA,NA,NA,NA,NA,NA,NA,NA,NA,NA,NA,NA
NA,NA,NA,NA,NA,NA,NA,NA,NA,NA,NA,NA,NA,NA,NA,NA,99,2026-02-27,16:00:43,2,1,"Sauer, John-Paul",815663,Right,SOU_RED,"Harrison, Tommy",811731,Left,MIA_RED,Undefined,4,Top,0,0,0,Fastball,Sinker,FoulBallNotFieldable,Undefined,Undefined,Undefined,0,0,NA,89.06732,-2.209715,-2.033155,2035.954291,223.830812,01:30:00,5.76036,0.53761,5.76561,-18.51375,17.338,15.40942,2.15869,-0.07129,80.50921,-5.727508,0.725538,0.43095,66.44575,46.914385,-128.440384,4840.090479,NA,NA,NA,NA,26.73798,NA,NA,-8.51839,9.91099,-0.37892,50,5.56639,3.92205,-129.07959,-5.54347,-14.1867,30.09781,-15.66803,SOU_RED,MIA_RED,SEMissouriState,D1,OVC,20260227-SEMissouriState-1,ca832b30-1427-11f1-bd15-e1e313853076,87.46368,27.1127,NA,8.55811,NA,NA,NA,1.19824,2.14459,0.14964,9cb2ba17-931f-41d8-9324-5ddeae6b795a,2026-02-27,22:00:43,2026-02-27T22:00:43Z,2026-02-27T22:00:43Z,NA,v3,471444,471355,270b77465999425caf9e0eadef204240,"Rosario, Moises",10267810,Right,SOU_RED,3a801032-98d1-4a96-ad89-7b63fe3f6273,54.73207,-130.17831,15.0489,5.75831,-4.97151,-7.83402,-0.53155,4.43993,-7.09335,36.381206,1.21222,-41.82788,-2.79546,NA,NA,NA,NA,NA,NA,2.16679,70.48387,-30.1462,NA,NA,NA,NA,NA,NA,0.13726,-51.7573,11.18565,NA,NA,NA,NA,NA,NA,NA,NA,NA,NA,NA,NA,NA,NA,NA,NA,NA,NA,NA,NA,NA,NA,NA,NA,NA,NA,NA,NA,High,High,High,High,Undefined,NA,NA,NA,NA,NA,NA,NA,NA,NA,NA,NA,NA,NA,NA,NA,NA,NA,NA,NA,NA,NA,NA,NA,NA,NA,NA,NA,NA,NA,NA,NA,NA,NA,NA,NA,NA,NA,NA,NA,NA,NA,NA,NA,NA,NA
NA,NA,NA,NA,NA,NA,NA,NA,NA,NA,NA,NA,NA,NA,NA,NA,100,2026-02-27,16:01:02,2,2,"Sauer, John-Paul",815663,Right,SOU_RED,"Harrison, Tommy",811731,Left,MIA_RED,Undefined,4,Top,0,0,1,Slider,Curveball,FoulBallNotFieldable,Undefined,Undefined,Undefined,0,0,NA,78.60834,0.156358,0.215271,2407.884948,51.061814,07:45:00,5.72313,0.71719,5.39214,-54.09491,-6.90016,-10.78938,1.36177,0.01982,70.7914,-9.712535,-1.709357,0.494445,NA,NA,NA,NA,NA,NA,NA,NA,NA,NA,NA,5.51174,-3.03681,-0.72849,50,5.69915,0.00282,-113.88907,-1.55707,7.04027,26.27177,-36.05302,SOU_RED,MIA_RED,SEMissouriState,D1,OVC,20260227-SEMissouriState-1,d5f85da0-1427-11f1-bd15-e1e313853076,76.23177,NA,NA,7.81693,NA,NA,NA,NA,NA,NA,9cb2ba17-931f-41d8-9324-5ddeae6b795a,2026-02-27,22:01:02,2026-02-27T22:01:02Z,2026-02-27T22:01:02Z,NA,v3,471444,471355,270b77465999425caf9e0eadef204240,"Rosario, Moises",10267810,Right,SOU_RED,d64123b7-4afe-48d0-9116-d70b2ef292bb,55.10593,-115.06087,13.13588,5.73274,0.051,-18.02651,-0.72161,-0.31119,3.52013,NA,NA,NA,NA,NA,NA,NA,NA,NA,NA,NA,NA,NA,NA,NA,NA,NA,NA,NA,NA,NA,NA,NA,NA,NA,NA,NA,NA,NA,NA,NA,NA,NA,NA,NA,NA,NA,NA,NA,NA,NA,NA,NA,NA,NA,NA,NA,NA,NA,NA,High,High,High,NA,NA,NA,NA,NA,NA,NA,NA,NA,NA,NA,NA,NA,NA,NA,NA,NA,NA,NA,NA,NA,NA,NA,NA,NA,NA,NA,NA,NA,NA,NA,NA,NA,NA,NA,NA,NA,NA,NA,NA,NA,NA,NA,NA,NA,NA,NA
NA,NA,NA,NA,NA,NA,NA,NA,NA,NA,NA,NA,NA,NA,NA,NA,101,2026-02-27,16:01:28,2,3,"Sauer, John-Paul",815663,Right,SOU_RED,"Harrison, Tommy",811731,Left,MIA_RED,Undefined,4,Top,0,0,2,ChangeUp,Changeup,InPlay,Undefined,GroundBall,Single,0,0,NA,79.86169,-1.634957,-0.569916,1519.539278,230.559018,01:45:00,5.80009,0.46159,6.12917,-33.24336,10.93603,11.29796,1.51808,0.87628,72.16053,-7.864586,1.470036,0.478389,102.57906,5.093308,-11.758576,1659.743669,NA,NA,NA,127.1601,125.29682,-15.651128,0.952987,-6.01803,6.67744,-0.42372,50,5.65818,0.73144,-115.82124,-4.26313,-8.0152,25.56753,-23.28061,SOU_RED,MIA_RED,SEMissouriState,D1,OVC,20260227-SEMissouriState-1,e5d6dda0-1427-11f1-bd15-e1e313853076,78.79034,4.192,NA,7.70116,NA,NA,NA,1.10496,1.45093,-0.89673,9cb2ba17-931f-41d8-9324-5ddeae6b795a,2026-02-27,22:01:28,2026-02-27T22:01:28Z,2026-02-27T22:01:28Z,GroundBall,v3,471444,471355,270b77465999425caf9e0eadef204240,"Rosario, Moises",10267810,Right,SOU_RED,a26d4977-53af-4d3e-b14c-bdebbd10b1fa,54.36656,-116.78118,12.78377,5.80183,-3.38905,-11.64031,-0.45683,1.03237,-4.0076,96.845311,1.23186,144.88808,-18.69424,NA,NA,NA,NA,NA,NA,1.49537,12.72184,-15.04097,NA,NA,NA,NA,NA,NA,-0.83273,-31.47116,-3.8944,NA,NA,NA,NA,NA,NA,NA,NA,NA,NA,NA,NA,NA,NA,NA,NA,NA,NA,NA,NA,NA,NA,NA,NA,NA,NA,NA,NA,High,High,High,High,High,NA,NA,NA,NA,NA,NA,NA,NA,NA,NA,NA,NA,NA,NA,NA,NA,NA,NA,NA,NA,NA,NA,NA,NA,NA,NA,NA,NA,NA,NA,NA,NA,NA,NA,NA,NA,NA,NA,NA,NA,NA,NA,NA,NA,NA
NA,NA,NA,NA,NA,NA,NA,NA,NA,NA,NA,NA,NA,NA,NA,NA,102,2026-02-27,16:02:09,3,1,"Sauer, John-Paul",815663,Right,SOU_RED,"Dierks, Marcus",10322729,Left,MIA_RED,Undefined,4,Top,0,0,0,Fastball,Four-Seam,BallCalled,Undefined,Undefined,Undefined,0,0,NA,87.805,-0.679204,-0.189682,1975.148006,215.257978,01:15:00,5.81723,0.60988,5.66665,-19.30875,17.75914,11.60532,3.57484,1.40013,79.06822,-4.355262,1.884547,0.438198,NA,NA,NA,NA,NA,NA,NA,NA,NA,NA,NA,-5.89386,9.59288,-0.60106,50,5.74795,-0.0932,-127.29304,-2.08629,-9.52264,29.85714,-16.67493,SOU_RED,MIA_RED,SEMissouriState,D1,OVC,20260227-SEMissouriState-1,fe2abd90-1427-11f1-bd15-e1e313853076,86.01689,NA,NA,8.73678,NA,NA,NA,NA,NA,NA,9cb2ba17-931f-41d8-9324-5ddeae6b795a,2026-02-27,22:02:09,2026-02-27T22:02:09Z,2026-02-27T22:02:09Z,NA,v3,471444,471355,270b77465999425caf9e0eadef204240,"Rosario, Moises",10267810,Right,SOU_RED,69d2ca6a-ae0f-420d-bd2d-918b5e00bda7,54.82754,-128.42037,14.92857,5.81484,-1.45669,-8.33747,-0.60433,0.26635,-4.76132,NA,NA,NA,NA,NA,NA,NA,NA,NA,NA,NA,NA,NA,NA,NA,NA,NA,NA,NA,NA,NA,NA,NA,NA,NA,NA,NA,NA,NA,NA,NA,NA,NA,NA,NA,NA,NA,NA,NA,NA,NA,NA,NA,NA,NA,NA,NA,NA,NA,NA,High,High,High,NA,NA,NA,NA,NA,NA,NA,NA,NA,NA,NA,NA,NA,NA,NA,NA,NA,NA,NA,NA,NA,NA,NA,NA,NA,NA,NA,NA,NA,NA,NA,NA,NA,NA,NA,NA,NA,NA,NA,NA,NA,NA,NA,NA,NA,NA,NA
NA,NA,NA,NA,NA,NA,NA,NA,NA,NA,NA,NA,NA,NA,NA,NA,103,2026-02-27,16:02:28,3,2,"Sauer, John-Paul",815663,Right,SOU_RED,"Dierks, Marcus",10322729,Left,MIA_RED,Undefined,4,Top,0,1,0,Fastball,Four-Seam,InPlay,Undefined,Bunt,Single,0,0,NA,87.75474,-2.152145,-1.870649,2017.868067,218.009158,01:15:00,5.75039,0.65908,5.78395,-19.97501,17.2406,12.35509,2.08153,-0.05233,78.70552,-5.956591,0.342204,0.43907,NA,NA,NA,NA,NA,NA,NA,NA,NA,NA,NA,-6.9643,9.93819,-0.51251,50,5.56122,3.62749,-127.0746,-5.37332,-11.13923,31.33651,-16.27817,SOU_RED,MIA_RED,SEMissouriState,D1,OVC,20260227-SEMissouriState-1,09267a40-1428-11f1-bd15-e1e313853076,85.84601,NA,NA,9.04922,NA,NA,NA,NA,NA,NA,9cb2ba17-931f-41d8-9324-5ddeae6b795a,2026-02-27,22:02:28,2026-02-27T22:02:28Z,2026-02-27T22:02:28Z,NA,v3,471444,471355,270b77465999425caf9e0eadef204240,"Rosario, Moises",10267810,Right,SOU_RED,6fbaca0d-299e-4752-b699-14e332c62a7e,54.71238,-128.23141,15.66826,5.74848,-4.77241,-8.13908,-0.65401,4.0387,-5.56961,NA,NA,NA,NA,NA,NA,NA,NA,NA,NA,NA,NA,NA,NA,NA,NA,NA,NA,NA,NA,NA,NA,NA,NA,NA,NA,NA,NA,NA,NA,NA,NA,NA,NA,NA,NA,NA,NA,NA,NA,NA,NA,NA,NA,NA,NA,NA,NA,NA,NA,High,High,High,NA,NA,NA,NA,NA,NA,NA,NA,NA,NA,NA,NA,NA,NA,NA,NA,NA,NA,NA,NA,NA,NA,NA,NA,NA,NA,NA,NA,NA,NA,NA,NA,NA,NA,NA,NA,NA,NA,NA,NA,NA,NA,NA,NA,NA,NA,NA
NA,NA,NA,NA,NA,NA,NA,NA,NA,NA,NA,NA,NA,NA,NA,NA,104,2026-02-27,16:03:06,4,1,"Sauer, John-Paul",815663,Right,SOU_RED,"Christiansen, Hayden",830132,Right,MIA_RED,Undefined,4,Top,0,0,0,Slider,Curveball,FoulBallNotFieldable,Undefined,Undefined,Undefined,0,0,NA,77.36924,2.22927,0.221765,2355.52117,60.668134,08:00:00,5.64605,0.69032,5.30978,-57.09326,-8.61189,-18.39907,2.98183,-0.63477,70.012,-8.171651,-3.048358,0.50114,69.9199,57.051438,56.097231,4882.270817,NA,NA,NA,NA,51.71463,NA,NA,9.2939,-4.56807,-0.69647,50,5.80681,0.29647,-112.13869,2.3912,11.62058,23.69684,-37.88572,SOU_RED,MIA_RED,SEMissouriState,D1,OVC,20260227-SEMissouriState-1,1fd3fd30-1428-11f1-bd15-e1e313853076,75.21346,70.78295,NA,7.35724,NA,NA,NA,0.60044,3.07456,0.48197,9cb2ba17-931f-41d8-9324-5ddeae6b795a,2026-02-27,22:03:06,2026-02-27T22:03:06Z,2026-02-27T22:03:06Z,NA,v3,471444,471355,270b77465999425caf9e0eadef204240,"Rosario, Moises",10267810,Right,SOU_RED,d88c0cc7-7b5f-46ce-ad03-273df972c8c5,55.19074,-113.23027,11.84842,5.65646,4.13638,-18.94286,-0.6978,-0.23882,5.81029,207.502424,0.60043,31.11112,-12.34921,3.58913,0.05096,-1.44988,1.5203,-0.78504,0.16614,3.07456,86.05473,-23.7413,2.28662,-0.6132,0.52756,-0.47593,0.24109,-0.05079,0.48197,46.29232,-4.57561,0.69831,-0.15075,0.171,-0.16723,0.08611,-0.01828,NA,NA,NA,NA,NA,NA,NA,NA,NA,NA,NA,NA,NA,NA,NA,NA,NA,NA,NA,NA,NA,NA,High,High,High,High,Undefined,NA,NA,NA,NA,NA,NA,NA,NA,NA,NA,NA,NA,NA,NA,NA,NA,NA,NA,NA,NA,NA,NA,NA,NA,NA,NA,NA,NA,NA,NA,NA,NA,NA,NA,NA,NA,NA,NA,NA,NA,NA,NA,NA,NA,NA
NA,NA,NA,NA,NA,NA,NA,NA,NA,NA,NA,NA,NA,NA,NA,NA,105,2026-02-27,16:03:26,4,2,"Sauer, John-Paul",815663,Right,SOU_RED,"Christiansen, Hayden",830132,Right,MIA_RED,Undefined,4,Top,0,0,1,Fastball,Four-Seam,FoulBallNotFieldable,Undefined,Undefined,Undefined,0,0,NA,89.31292,-2.784495,-1.417136,2069.113885,201.909746,12:45:00,5.80467,0.48748,5.89973,-15.04922,20.79115,7.79843,1.96278,-0.1785,79.94699,-5.709503,-0.017493,0.430881,63.62906,52.233295,152.584489,4481.57149,NA,NA,NA,NA,35.16127,NA,NA,-4.48366,12.00292,-0.37802,50,5.57223,2.86383,-129.2884,-6.6787,-7.41396,32.75495,-12.32669,SOU_RED,MIA_RED,SEMissouriState,D1,OVC,20260227-SEMissouriState-1,2be9dc70-1428-11f1-bd15-e1e313853076,87.47758,40.40522,NA,9.36593,NA,NA,NA,2.19494,1.97031,0.16035,9cb2ba17-931f-41d8-9324-5ddeae6b795a,2026-02-27,22:03:26,2026-02-27T22:03:26Z,2026-02-27T22:03:26Z,NA,v3,471444,471355,270b77465999425caf9e0eadef204240,"Rosario, Moises",10267810,Right,SOU_RED,37b8a9d5-3208-41b1-8986-275a8ad0ec0b,54.59552,-130.44747,16.37748,5.80085,-6.24251,-6.16334,-0.484,3.12618,-3.70698,327.306201,2.19494,-50.73637,1.53235,0.69879,0.33307,-1.60686,2.41539,-1.60082,0.35852,1.97031,73.7722,-27.66207,3.13834,-0.19965,-1.17093,1.70652,-0.96587,0.13537,0.16035,26.31631,-6.79172,1.43232,0.09228,-1.09056,1.57593,-0.9537,0.16984,NA,NA,NA,NA,NA,NA,NA,NA,NA,NA,NA,NA,NA,NA,NA,NA,NA,NA,NA,NA,NA,NA,High,High,High,High,Undefined,NA,NA,NA,NA,NA,NA,NA,NA,NA,NA,NA,NA,NA,NA,NA,NA,NA,NA,NA,NA,NA,NA,NA,NA,NA,NA,NA,NA,NA,NA,NA,NA,NA,NA,NA,NA,NA,NA,NA,NA,NA,NA,NA,NA,NA
NA,NA,NA,NA,NA,NA,NA,NA,NA,NA,NA,NA,NA,NA,NA,NA,106,2026-02-27,16:03:49,4,3,"Sauer, John-Paul",815663,Right,SOU_RED,"Christiansen, Hayden",830132,Right,MIA_RED,Undefined,4,Top,0,0,2,Slider,Curveball,InPlay,Undefined,GroundBall,Single,0,1,NA,76.56237,1.037621,-0.315856,2447.458894,58.436098,08:00:00,5.65664,0.51026,5.39204,-56.36074,-6.67304,-13.92891,1.9325,-0.9465,68.99718,-9.254366,-2.797845,0.507336,84.78459,2.295476,0.92493,1564.632214,NA,NA,NA,75.4807,54.22879,3.035009,0.635652,6.90996,-3.22914,-0.4718,50,5.70966,1.15195,-110.93535,0.11967,8.38682,24.66066,-36.09333,SOU_RED,MIA_RED,SEMissouriState,D1,OVC,20260227-SEMissouriState-1,398f3550-1428-11f1-bd15-e1e313853076,74.29479,2.43572,NA,7.56519,NA,NA,NA,1.67437,1.95346,0.90994,9cb2ba17-931f-41d8-9324-5ddeae6b795a,2026-02-27,22:03:49,2026-02-27T22:03:49Z,2026-02-27T22:03:49Z,GroundBall,v3,471444,471355,270b77465999425caf9e0eadef204240,"Rosario, Moises",10267810,Right,SOU_RED,b0a4a54b-aaae-48bc-b519-fe433ce756e3,55.10674,-112.06481,12.33033,5.66633,1.77275,-18.04667,-0.51577,0.76783,4.19341,235.475082,1.69636,123.76933,-12.4154,NA,NA,NA,NA,NA,NA,1.95824,4.88114,-12.53785,NA,NA,NA,NA,NA,NA,0.89887,2.24102,4.1661,NA,NA,NA,NA,NA,NA,NA,NA,NA,NA,NA,NA,NA,NA,NA,NA,NA,NA,NA,NA,NA,NA,NA,NA,NA,NA,NA,NA,High,High,High,High,High,NA,NA,NA,NA,NA,NA,NA,NA,NA,NA,NA,NA,NA,NA,NA,NA,NA,NA,NA,NA,NA,NA,NA,NA,NA,NA,NA,NA,NA,NA,NA,NA,NA,NA,NA,NA,NA,NA,NA,NA,NA,NA,NA,NA,NA
NA,NA,NA,NA,NA,NA,NA,NA,NA,NA,NA,NA,NA,NA,NA,NA,107,2026-02-27,16:06:48,5,1,"Sauer, John-Paul",815663,Right,SOU_RED,"Gonzalez, Ignacio",10124440,Right,MIA_RED,Undefined,4,Top,0,0,0,Fastball,Four-Seam,InPlay,Undefined,LineDrive,Double,0,2,NA,90.01018,-1.848093,-1.997115,2120.579166,208.018946,01:00:00,5.73289,0.53483,5.61186,-15.60922,19.79564,9.84103,2.70553,-0.50988,81.01928,-4.848353,-0.24118,0.428255,100.01955,19.202687,6.281623,2659.681037,108.91042,36.20582,15.44328,372.79368,372.79368,12.649409,4.057429,-5.62394,10.99044,-0.37066,50,5.56524,4.10581,-130.37201,-4.65891,-9.5303,31.35182,-13.54973,SOU_RED,MIA_RED,SEMissouriState,D1,OVC,20260227-SEMissouriState-1,a4335170-1428-11f1-bd15-e1e313853076,88.01391,49.89886,NA,8.9909,NA,NA,NA,0.63173,2.7091,0.48922,9cb2ba17-931f-41d8-9324-5ddeae6b795a,2026-02-27,22:06:48,2026-02-27T22:06:48Z,2026-02-27T22:06:48Z,LineDrive,v3,471444,471355,270b77465999425caf9e0eadef204240,"Rosario, Moises",10267810,Right,SOU_RED,b4d2f487-ea11-469c-89a7-935c16dba032,54.88405,-131.54128,15.67591,5.72957,-4.15357,-6.77487,-0.53041,4.46125,-4.76515,200.251295,0.63187,137.69719,-23.85505,5.43946,-1.11774,0.22343,-0.0382,0.00421,-2e-4,2.70865,48.26259,-12.26692,-0.22635,0.15625,-0.03796,0.0027,8.3e-4,-1.2e-4,0.48926,15.15676,1.76587,-0.28674,0.06402,-0.01082,0.001,4e-5,-1e-5,NA,NA,NA,NA,NA,NA,NA,NA,NA,NA,NA,NA,NA,NA,NA,NA,NA,NA,NA,NA,NA,NA,High,High,High,High,High,NA,NA,NA,NA,NA,NA,NA,NA,NA,NA,NA,NA,NA,NA,NA,NA,NA,NA,NA,NA,NA,NA,NA,NA,NA,NA,NA,NA,NA,NA,NA,NA,NA,NA,NA,NA,NA,NA,NA,NA,NA,NA,NA,NA,NA
NA,NA,NA,NA,NA,NA,NA,NA,NA,NA,NA,NA,NA,NA,NA,NA,108,2026-02-27,16:07:42,6,1,"Sauer, John-Paul",815663,Right,SOU_RED,"Cruz, Diego",1000178634,Left,MIA_RED,Undefined,4,Top,0,0,0,ChangeUp,Changeup,FoulBallNotFieldable,Undefined,Undefined,Undefined,0,0,NA,80.7854,-0.571932,-1.746248,1542.622176,259.237165,02:45:00,5.69099,0.79818,6.20814,-38.55183,4.51414,15.3408,1.95021,0.46436,72.90122,-7.772461,1.0273,0.472322,NA,NA,NA,NA,NA,NA,NA,NA,NA,NA,NA,-8.63638,2.93079,-0.67499,50,5.62879,3.02087,-117.22637,-2.31418,-11.75882,26.61097,-28.18366,SOU_RED,MIA_RED,SEMissouriState,D1,OVC,20260227-SEMissouriState-1,c4546a70-1428-11f1-bd15-e1e313853076,79.80235,NA,NA,7.88418,NA,NA,NA,NA,NA,NA,9cb2ba17-931f-41d8-9324-5ddeae6b795a,2026-02-27,22:07:42,2026-02-27T22:07:42Z,2026-02-27T22:07:42Z,NA,v3,471444,471355,270b77465999425caf9e0eadef204240,"Rosario, Moises",10267810,Right,SOU_RED,b74f51cd-9c46-44dc-a624-862d9222b457,54.29081,-118.19639,13.30549,5.69443,-1.28683,-14.09183,-0.79292,3.4495,-5.87941,NA,NA,NA,NA,NA,NA,NA,NA,NA,NA,NA,NA,NA,NA,NA,NA,NA,NA,NA,NA,NA,NA,NA,NA,NA,NA,NA,NA,NA,NA,NA,NA,NA,NA,NA,NA,NA,NA,NA,NA,NA,NA,NA,NA,NA,NA,NA,NA,NA,NA,High,High,High,NA,NA,NA,NA,NA,NA,NA,NA,NA,NA,NA,NA,NA,NA,NA,NA,NA,NA,NA,NA,NA,NA,NA,NA,NA,NA,NA,NA,NA,NA,NA,NA,NA,NA,NA,NA,NA,NA,NA,NA,NA,NA,NA,NA,NA,NA,NA
NA,NA,NA,NA,NA,NA,NA,NA,NA,NA,NA,NA,NA,NA,NA,NA,109,2026-02-27,16:08:22,6,2,"Sauer, John-Paul",815663,Right,SOU_RED,"Cruz, Diego",1000178634,Left,MIA_RED,Undefined,4,Top,0,0,1,Fastball,Four-Seam,FoulBallNotFieldable,Undefined,Undefined,Undefined,0,0,NA,90.13185,-1.777055,-1.329186,2238.432757,212.680651,01:00:00,5.77738,0.56116,5.73449,-15.55076,20.3808,12.06808,2.82567,0.32884,79.36319,-4.824196,0.830185,0.431429,NA,NA,NA,NA,NA,NA,NA,NA,NA,NA,NA,-6.67304,11.49784,-0.45805,50,5.62044,2.48462,-130.31426,-4.45617,-11.02177,37.44281,-13.18324,SOU_RED,MIA_RED,SEMissouriState,D1,OVC,20260227-SEMissouriState-1,dc2e1150-1428-11f1-bd15-e1e313853076,87.36648,NA,NA,10.76866,NA,NA,NA,NA,NA,NA,9cb2ba17-931f-41d8-9324-5ddeae6b795a,2026-02-27,22:08:22,2026-02-27T22:08:22Z,2026-02-27T22:08:22Z,NA,v3,471444,471355,270b77465999425caf9e0eadef204240,"Rosario, Moises",10267810,Right,SOU_RED,4f8d394e-b242-4ce7-8f85-500cf167e467,54.75886,-131.67451,18.7214,5.77363,-3.97724,-6.59162,-0.55559,2.88503,-5.51088,NA,NA,NA,NA,NA,NA,NA,NA,NA,NA,NA,NA,NA,NA,NA,NA,NA,NA,NA,NA,NA,NA,NA,NA,NA,NA,NA,NA,NA,NA,NA,NA,NA,NA,NA,NA,NA,NA,NA,NA,NA,NA,NA,NA,NA,NA,NA,NA,NA,NA,High,High,High,NA,NA,NA,NA,NA,NA,NA,NA,NA,NA,NA,NA,NA,NA,NA,NA,NA,NA,NA,NA,NA,NA,NA,NA,NA,NA,NA,NA,NA,NA,NA,NA,NA,NA,NA,NA,NA,NA,NA,NA,NA,NA,NA,NA,NA,NA,NA
NA,NA,NA,NA,NA,NA,NA,NA,NA,NA,NA,NA,NA,NA,NA,NA,110,2026-02-27,16:08:46,6,3,"Sauer, John-Paul",815663,Right,SOU_RED,"Cruz, Diego",1000178634,Left,MIA_RED,Undefined,4,Top,0,0,2,Fastball,Four-Seam,FoulBallNotFieldable,Undefined,Undefined,Undefined,0,0,NA,89.85201,-0.270787,-1.400796,2132.223799,216.3845,01:15:00,5.67306,0.57068,5.55568,-17.72513,17.48867,12.02351,3.94288,0.26355,81.56688,-3.63172,0.743112,0.427098,NA,NA,NA,NA,NA,NA,NA,NA,NA,NA,NA,-6.52646,9.28123,-0.45793,50,5.63835,2.66012,-130.3924,-1.17761,-11.16873,28.95546,-16.29105,SOU_RED,MIA_RED,SEMissouriState,D1,OVC,20260227-SEMissouriState-1,ea99a060-1428-11f1-bd15-e1e313853076,88.25237,NA,NA,8.28513,NA,NA,NA,NA,NA,NA,9cb2ba17-931f-41d8-9324-5ddeae6b795a,2026-02-27,22:08:46,2026-02-27T22:08:46Z,2026-02-27T22:08:46Z,NA,v3,471444,471355,270b77465999425caf9e0eadef204240,"Rosario, Moises",10267810,Right,SOU_RED,5b4b8b9b-5796-4d7c-8192-5f1197f700e8,54.94268,-131.48541,14.47773,5.6712,-0.56266,-8.14553,-0.5663,3.08171,-5.58437,NA,NA,NA,NA,NA,NA,NA,NA,NA,NA,NA,NA,NA,NA,NA,NA,NA,NA,NA,NA,NA,NA,NA,NA,NA,NA,NA,NA,NA,NA,NA,NA,NA,NA,NA,NA,NA,NA,NA,NA,NA,NA,NA,NA,NA,NA,NA,NA,NA,NA,High,High,High,NA,NA,NA,NA,NA,NA,NA,NA,NA,NA,NA,NA,NA,NA,NA,NA,NA,NA,NA,NA,NA,NA,NA,NA,NA,NA,NA,NA,NA,NA,NA,NA,NA,NA,NA,NA,NA,NA,NA,NA,NA,NA,NA,NA,NA,NA,NA
NA,NA,NA,NA,NA,NA,NA,NA,NA,NA,NA,NA,NA,NA,NA,NA,111,2026-02-27,16:09:18,6,4,"Sauer, John-Paul",815663,Right,SOU_RED,"Cruz, Diego",1000178634,Left,MIA_RED,Undefined,4,Top,0,0,2,ChangeUp,Changeup,BallCalled,Undefined,Undefined,Undefined,0,0,NA,79.1549,-1.253264,0.848683,1679.846711,234.057997,01:45:00,5.67515,0.55256,5.89154,-33.42809,11.99638,14.21729,1.72553,2.52538,71.4753,-7.496611,3.401695,0.485083,NA,NA,NA,NA,NA,NA,NA,NA,NA,NA,NA,-6.9115,7.07437,-0.62865,50,5.5554500000000004,-2.25484,-114.72202,-3.50104,-9.03025,25.10662,-22.93101,SOU_RED,MIA_RED,SEMissouriState,D1,OVC,20260227-SEMissouriState-1,fdda3720-1428-11f1-bd15-e1e313853076,77.70303,NA,NA,7.6796,NA,NA,NA,NA,NA,NA,9cb2ba17-931f-41d8-9324-5ddeae6b795a,2026-02-27,22:09:18,2026-02-27T22:09:18Z,2026-02-27T22:09:18Z,NA,v3,471444,471355,270b77465999425caf9e0eadef204240,"Rosario, Moises",10267810,Right,SOU_RED,1b84b36f-c1a6-44fe-b200-d451820a552e,54.60212,-115.72481,12.55331,5.67699,-2.58515,-11.46551,-0.54579,-1.89416,-4.51512,NA,NA,NA,NA,NA,NA,NA,NA,NA,NA,NA,NA,NA,NA,NA,NA,NA,NA,NA,NA,NA,NA,NA,NA,NA,NA,NA,NA,NA,NA,NA,NA,NA,NA,NA,NA,NA,NA,NA,NA,NA,NA,NA,NA,NA,NA,NA,NA,NA,NA,High,High,High,NA,NA,NA,NA,NA,NA,NA,NA,NA,NA,NA,NA,NA,NA,NA,NA,NA,NA,NA,NA,NA,NA,NA,NA,NA,NA,NA,NA,NA,NA,NA,NA,NA,NA,NA,NA,NA,NA,NA,NA,NA,NA,NA,NA,NA,NA,NA
NA,NA,NA,NA,NA,NA,NA,NA,NA,NA,NA,NA,NA,NA,NA,NA,112,2026-02-27,16:09:35,6,5,"Sauer, John-Paul",815663,Right,SOU_RED,"Cruz, Diego",1000178634,Left,MIA_RED,Undefined,4,Top,0,1,2,Slider,Curveball,FoulBallNotFieldable,Undefined,Undefined,Undefined,0,0,NA,79.04215,0.088585,0.601632,2434.089077,47.035881,07:30:00,5.63364,0.87352,5.38139,-56.22787,-10.07158,-12.53465,1.03102,0.39295,72.06285,-10.112904,-1.634977,0.488975,NA,NA,NA,NA,NA,NA,NA,NA,NA,NA,NA,6.55894,-4.75394,-0.91795,50,5.6013,-0.71422,-114.69498,-1.77698,8.59598,24.40821,-38.40443,SOU_RED,MIA_RED,SEMissouriState,D1,OVC,20260227-SEMissouriState-1,07a6c2a0-1429-11f1-bd15-e1e313853076,77.08457,NA,NA,6.97931,NA,NA,NA,NA,NA,NA,9cb2ba17-931f-41d8-9324-5ddeae6b795a,2026-02-27,22:09:35,2026-02-27T22:09:35Z,2026-02-27T22:09:35Z,NA,v3,471444,471355,270b77465999425caf9e0eadef204240,"Rosario, Moises",10267810,Right,SOU_RED,a08bb6de-8459-41f6-9568-84d6560e56a8,55.12008,-115.77945,12.2041,5.64235,-0.07064,-19.20221,-0.87773,-1.09614,4.29799,NA,NA,NA,NA,NA,NA,NA,NA,NA,NA,NA,NA,NA,NA,NA,NA,NA,NA,NA,NA,NA,NA,NA,NA,NA,NA,NA,NA,NA,NA,NA,NA,NA,NA,NA,NA,NA,NA,NA,NA,NA,NA,NA,NA,NA,NA,NA,NA,NA,NA,High,High,High,NA,NA,NA,NA,NA,NA,NA,NA,NA,NA,NA,NA,NA,NA,NA,NA,NA,NA,NA,NA,NA,NA,NA,NA,NA,NA,NA,NA,NA,NA,NA,NA,NA,NA,NA,NA,NA,NA,NA,NA,NA,NA,NA,NA,NA,NA,NA
NA,NA,NA,NA,NA,NA,NA,NA,NA,NA,NA,NA,NA,NA,NA,NA,113,2026-02-27,16:09:59,6,6,"Sauer, John-Paul",815663,Right,SOU_RED,"Cruz, Diego",1000178634,Left,MIA_RED,Undefined,4,Top,0,1,2,ChangeUp,Changeup,BallCalled,Undefined,Undefined,Undefined,0,0,NA,80.1781,-0.799372,0.755826,1622.434147,229.001049,01:45:00,5.70964,0.6648,6.06565,-33.41336,10.455870000000001,10.1863,2.18531,2.21318,72.45569,-7.058004,2.591132,0.476707,NA,NA,NA,NA,NA,NA,NA,NA,NA,NA,NA,-4.9513,6.14,-0.72846,50,5.63025,-1.92618,-116.28782,-2.60624,-6.66001,25.40543,-23.91509,SOU_RED,MIA_RED,SEMissouriState,D1,OVC,20260227-SEMissouriState-1,15fa35d0-1429-11f1-bd15-e1e313853076,79.0684,NA,NA,7.72242,NA,NA,NA,NA,NA,NA,9cb2ba17-931f-41d8-9324-5ddeae6b795a,2026-02-27,22:09:59,2026-02-27T22:09:59Z,2026-02-27T22:09:59Z,NA,v3,471444,471355,270b77465999425caf9e0eadef204240,"Rosario, Moises",10267810,Right,SOU_RED,0fec3d5b-b006-43c2-b55c-4172ade29aaa,54.42865,-117.25136,12.70271,5.71189,-1.69922,-11.95755,-0.66019,-1.67359,-3.33001,NA,NA,NA,NA,NA,NA,NA,NA,NA,NA,NA,NA,NA,NA,NA,NA,NA,NA,NA,NA,NA,NA,NA,NA,NA,NA,NA,NA,NA,NA,NA,NA,NA,NA,NA,NA,NA,NA,NA,NA,NA,NA,NA,NA,NA,NA,NA,NA,NA,NA,High,High,High,NA,NA,NA,NA,NA,NA,NA,NA,NA,NA,NA,NA,NA,NA,NA,NA,NA,NA,NA,NA,NA,NA,NA,NA,NA,NA,NA,NA,NA,NA,NA,NA,NA,NA,NA,NA,NA,NA,NA,NA,NA,NA,NA,NA,NA,NA,NA
NA,NA,NA,NA,NA,NA,NA,NA,NA,NA,NA,NA,NA,NA,NA,NA,114,2026-02-27,16:10:17,6,7,"Sauer, John-Paul",815663,Right,SOU_RED,"Cruz, Diego",1000178634,Left,MIA_RED,Undefined,4,Top,0,2,2,Fastball,Four-Seam,FoulBallNotFieldable,Undefined,Undefined,Undefined,0,0,NA,91.50411,-3.40376,-1.695107,2236.245278,217.58017,01:15:00,5.71153,0.74583,5.66146,-14.95631,19.44111,13.94505,1.28603,0.32677,82.16251,-6.279567,0.796831,0.422118,NA,NA,NA,NA,NA,NA,NA,NA,NA,NA,NA,-7.69292,11.41127,-0.61167,50,5.41432,3.29751,-132.38464,-8.31096,-13.37627,33.5904,-12.33242,SOU_RED,MIA_RED,SEMissouriState,D1,OVC,20260227-SEMissouriState-1,210ab300-1429-11f1-bd15-e1e313853076,89.2935,NA,NA,9.3416,NA,NA,NA,NA,NA,NA,9cb2ba17-931f-41d8-9324-5ddeae6b795a,2026-02-27,22:10:17,2026-02-27T22:10:17Z,2026-02-27T22:10:17Z,NA,v3,471444,471355,270b77465999425caf9e0eadef204240,"Rosario, Moises",10267810,Right,SOU_RED,a3d2e4a3-9a24-420b-8a70-ab6e52eca222,54.8357,-133.60599,16.7952,5.70836,-7.86256,-6.16621,-0.74041,3.78387,-6.68814,NA,NA,NA,NA,NA,NA,NA,NA,NA,NA,NA,NA,NA,NA,NA,NA,NA,NA,NA,NA,NA,NA,NA,NA,NA,NA,NA,NA,NA,NA,NA,NA,NA,NA,NA,NA,NA,NA,NA,NA,NA,NA,NA,NA,NA,NA,NA,NA,NA,NA,High,High,High,NA,NA,NA,NA,NA,NA,NA,NA,NA,NA,NA,NA,NA,NA,NA,NA,NA,NA,NA,NA,NA,NA,NA,NA,NA,NA,NA,NA,NA,NA,NA,NA,NA,NA,NA,NA,NA,NA,NA,NA,NA,NA,NA,NA,NA,NA,NA
NA,NA,NA,NA,NA,NA,NA,NA,NA,NA,NA,NA,NA,NA,NA,NA,115,2026-02-27,16:10:40,6,8,"Sauer, John-Paul",815663,Right,SOU_RED,"Cruz, Diego",1000178634,Left,MIA_RED,Undefined,4,Top,0,2,2,Fastball,Four-Seam,InPlay,Undefined,LineDrive,Single,0,1,NA,90.96248,-3.10771,-1.2404,2109.717294,207.007034,01:00:00,5.74889,0.68164,5.73371,-15.20576,19.48592,9.25418,1.5842,0.29753,81.66073,-6.035635,0.415716,0.42392,82.91532,13.789764,-16.847113,2258.207299,103.98595,17.42525,-35.8729,213.32014,213.32014,-21.161475,2.303093,-5.14969,11.35922,-0.58418,50,5.48083,2.44347,-131.66236,-7.58227,-8.85496,33.27464,-12.64168,SOU_RED,MIA_RED,SEMissouriState,D1,OVC,20260227-SEMissouriState-1,2e92bfe0-1429-11f1-bd15-e1e313853076,88.91398,17.46053,NA,9.30175,NA,NA,NA,1.93323,1.68376,-0.26476,9cb2ba17-931f-41d8-9324-5ddeae6b795a,2026-02-27,22:10:40,2026-02-27T22:10:40Z,2026-02-27T22:10:40Z,LineDrive,v3,471444,471355,270b77465999425caf9e0eadef204240,"Rosario, Moises",10267810,Right,SOU_RED,ab9d50f0-8450-4157-afb6-b499fa4cd59d,54.76275,-132.86058,16.63732,5.74567,-7.12704,-6.32084,-0.67791,2.76234,-4.42748,140.572166,1.93323,113.03497,-17.86356,3.80194,-0.75497,0.13226,-0.0217,0.0031,-2.3e-4,1.68376,28.98668,-13.50352,0.05754,0.14927,-0.04675,0.012,-0.00157,8e-5,-0.26476,-34.22871,-0.48291,0.79556,-0.29581,0.07669,-0.01567,0.00213,-1.3e-4,NA,NA,NA,NA,NA,NA,NA,NA,NA,NA,NA,NA,NA,NA,NA,NA,NA,NA,NA,NA,NA,NA,High,High,High,High,High,NA,NA,NA,NA,NA,NA,NA,NA,NA,NA,NA,NA,NA,NA,NA,NA,NA,NA,NA,NA,NA,NA,NA,NA,NA,NA,NA,NA,NA,NA,NA,NA,NA,NA,NA,NA,NA,NA,NA,NA,NA,NA,NA,NA,NA
NA,NA,NA,NA,NA,NA,NA,NA,NA,NA,NA,NA,NA,NA,NA,NA,116,2026-02-27,16:13:04,7,1,"Sauer, John-Paul",815663,Right,SOU_RED,"Raether, Carson",1000338521,Left,MIA_RED,Undefined,4,Top,0,0,0,Fastball,Four-Seam,FoulBallNotFieldable,Undefined,Undefined,Undefined,0,0,NA,91.0296,-2.446711,-2.07559,2225.64659,214.086241,01:15:00,5.76223,0.5627,5.69537,-14.34587,20.44044,12.90843,2.28375,-0.2967,81.3663,-5.234772,0.231379,0.424498,NA,NA,NA,NA,NA,NA,NA,NA,NA,NA,NA,-7.28,11.61497,-0.39661,50,5.54808,4.19469,-131.72145,-6.02135,-12.49249,34.05413,-12.24278,SOU_RED,MIA_RED,SEMissouriState,D1,OVC,20260227-SEMissouriState-1,845cb980-1429-11f1-bd15-e1e313853076,88.79296,NA,NA,9.66329,NA,NA,NA,NA,NA,NA,9cb2ba17-931f-41d8-9324-5ddeae6b795a,2026-02-27,22:13:04,2026-02-27T22:13:04Z,2026-02-27T22:13:04Z,NA,v3,471444,471355,270b77465999425caf9e0eadef204240,"Rosario, Moises",10267810,Right,SOU_RED,7d22dec7-364c-4699-bb72-571a8eced9d2,54.80024,-132.95667,17.02707,5.75844,-5.57728,-6.12139,-0.55698,4.64782,-6.24624,NA,NA,NA,NA,NA,NA,NA,NA,NA,NA,NA,NA,NA,NA,NA,NA,NA,NA,NA,NA,NA,NA,NA,NA,NA,NA,NA,NA,NA,NA,NA,NA,NA,NA,NA,NA,NA,NA,NA,NA,NA,NA,NA,NA,NA,NA,NA,NA,NA,NA,High,High,High,NA,NA,NA,NA,NA,NA,NA,NA,NA,NA,NA,NA,NA,NA,NA,NA,NA,NA,NA,NA,NA,NA,NA,NA,NA,NA,NA,NA,NA,NA,NA,NA,NA,NA,NA,NA,NA,NA,NA,NA,NA,NA,NA,NA,NA,NA,NA
NA,NA,NA,NA,NA,NA,NA,NA,NA,NA,NA,NA,NA,NA,NA,NA,117,2026-02-27,16:13:42,7,2,"Sauer, John-Paul",815663,Right,SOU_RED,"Raether, Carson",1000338521,Left,MIA_RED,Undefined,4,Top,0,0,1,Slider,Curveball,BallCalled,Undefined,Undefined,Undefined,0,0,NA,78.81904,1.971048,1.524745,2487.05072,64.996255,08:15:00,5.7270200000000004,0.6771,5.27018,-50.84385,-4.62485,-13.11091,3.34288,1.0171,72.00253,-7.280248,-0.802461,0.489307,NA,NA,NA,NA,NA,NA,NA,NA,NA,NA,NA,6.96059,-2.38642,-0.80657,50,5.86994,-2.50606,-114.32355,2.13549,9.17589,21.84945,-35.31997,SOU_RED,MIA_RED,SEMissouriState,D1,OVC,20260227-SEMissouriState-1,9b205c80-1429-11f1-bd15-e1e313853076,77.03225,NA,NA,6.81651,NA,NA,NA,NA,NA,NA,9cb2ba17-931f-41d8-9324-5ddeae6b795a,2026-02-27,22:13:42,2026-02-27T22:13:42Z,2026-02-27T22:13:42Z,NA,v3,471444,471355,270b77465999425caf9e0eadef204240,"Rosario, Moises",10267810,Right,SOU_RED,3c8f4562-a4b9-4af9-9373-88ba1b8ea7e1,55.22953,-115.31868,10.92472,5.73605,3.74414,-17.65999,-0.68291,-2.92398,4.58795,NA,NA,NA,NA,NA,NA,NA,NA,NA,NA,NA,NA,NA,NA,NA,NA,NA,NA,NA,NA,NA,NA,NA,NA,NA,NA,NA,NA,NA,NA,NA,NA,NA,NA,NA,NA,NA,NA,NA,NA,NA,NA,NA,NA,NA,NA,NA,NA,NA,NA,High,High,High,NA,NA,NA,NA,NA,NA,NA,NA,NA,NA,NA,NA,NA,NA,NA,NA,NA,NA,NA,NA,NA,NA,NA,NA,NA,NA,NA,NA,NA,NA,NA,NA,NA,NA,NA,NA,NA,NA,NA,NA,NA,NA,NA,NA,NA,NA,NA
NA,NA,NA,NA,NA,NA,NA,NA,NA,NA,NA,NA,NA,NA,NA,NA,118,2026-02-27,16:14:01,7,3,"Sauer, John-Paul",815663,Right,SOU_RED,"Raether, Carson",1000338521,Left,MIA_RED,Undefined,4,Top,0,1,1,Slider,Curveball,StrikeCalled,Undefined,Undefined,Undefined,0,0,NA,80.3912,1.105321,1.408558,2474.645105,67.561453,08:15:00,5.67395,0.77024,5.25471,-51.45326,-6.69374,-19.94072,2.42518,0.43226,73.08166,-8.248759,-2.134259,0.48152,NA,NA,NA,NA,NA,NA,NA,NA,NA,NA,NA,10.3165,-3.14205,-0.8844,50,5.73761,-2.02147,-116.57903,0.36837,14.02085,24.46135,-36.44433,SOU_RED,MIA_RED,SEMissouriState,D1,OVC,20260227-SEMissouriState-1,a68f2650-1429-11f1-bd15-e1e313853076,78.27808,NA,NA,7.30955,NA,NA,NA,NA,NA,NA,9cb2ba17-931f-41d8-9324-5ddeae6b795a,2026-02-27,22:14:01,2026-02-27T22:14:01Z,2026-02-27T22:14:01Z,NA,v3,471444,471355,270b77465999425caf9e0eadef204240,"Rosario, Moises",10267810,Right,SOU_RED,4c19e6b9-df2d-478b-9d8d-357b99e826d8,55.24494,-117.67441,12.23068,5.68457,2.00034,-18.22217,-0.77982,-2.64933,7.01043,NA,NA,NA,NA,NA,NA,NA,NA,NA,NA,NA,NA,NA,NA,NA,NA,NA,NA,NA,NA,NA,NA,NA,NA,NA,NA,NA,NA,NA,NA,NA,NA,NA,NA,NA,NA,NA,NA,NA,NA,NA,NA,NA,NA,NA,NA,NA,NA,NA,NA,High,High,High,NA,NA,NA,NA,NA,NA,NA,NA,NA,NA,NA,NA,NA,NA,NA,NA,NA,NA,NA,NA,NA,NA,NA,NA,NA,NA,NA,NA,NA,NA,NA,NA,NA,NA,NA,NA,NA,NA,NA,NA,NA,NA,NA,NA,NA,NA,NA
NA,NA,NA,NA,NA,NA,NA,NA,NA,NA,NA,NA,NA,NA,NA,NA,119,2026-02-27,16:14:59,7,4,"Sauer, John-Paul",815663,Right,SOU_RED,"Krupinski, Dom",702597,Left,MIA_RED,Undefined,4,Top,1,0,0,ChangeUp,Curveball,BallCalled,Undefined,Undefined,Undefined,0,0,NA,79.04158,1.062163,0.21766,2490.350502,69.191769,08:15:00,5.67814,0.84686,5.34839,-49.14137,-3.58166,-13.09331,2.57942,-0.04009,72.71384,-7.87266,-2.112198,0.485805,NA,NA,NA,NA,NA,NA,NA,NA,NA,NA,NA,6.60276,-1.62335,-0.85692,50,5.73871,0.09237,-114.80048,0.40726,8.81578,21.15635,-34.34146,SOU_RED,MIA_RED,SEMissouriState,D1,OVC,20260227-SEMissouriState-1,c8eb3b30-1429-11f1-bd15-e1e313853076,77.58758,NA,NA,6.32774,NA,NA,NA,NA,NA,NA,9cb2ba17-931f-41d8-9324-5ddeae6b795a,2026-02-27,22:14:59,2026-02-27T22:14:59Z,2026-02-27T22:14:59Z,NA,v3,471444,471355,270b77465999425caf9e0eadef204240,"Rosario, Moises",10267810,Right,SOU_RED,a538e99d-098b-48e7-892f-55ae5f9bbb75,55.1518,-115.746,10.57817,5.68621,1.94205,-17.17073,-0.85224,-0.30163,4.40789,NA,NA,NA,NA,NA,NA,NA,NA,NA,NA,NA,NA,NA,NA,NA,NA,NA,NA,NA,NA,NA,NA,NA,NA,NA,NA,NA,NA,NA,NA,NA,NA,NA,NA,NA,NA,NA,NA,NA,NA,NA,NA,NA,NA,NA,NA,NA,NA,NA,NA,High,High,High,NA,NA,NA,NA,NA,NA,NA,NA,NA,NA,NA,NA,NA,NA,NA,NA,NA,NA,NA,NA,NA,NA,NA,NA,NA,NA,NA,NA,NA,NA,NA,NA,NA,NA,NA,NA,NA,NA,NA,NA,NA,NA,NA,NA,NA,NA,NA
NA,NA,NA,NA,NA,NA,NA,NA,NA,NA,NA,NA,NA,NA,NA,NA,120,2026-02-27,16:15:15,7,5,"Sauer, John-Paul",815663,Right,SOU_RED,"Krupinski, Dom",702597,Left,MIA_RED,Undefined,4,Top,1,1,0,Fastball,Sinker,InPlay,Undefined,GroundBall,Out,1,0,NA,90.89518,-2.588497,-2.051459,2203.706588,233.01311,01:45:00,5.67835,0.73831,5.67785,-20.65316,13.9919,16.89288,1.54103,0.23283,82.03977,-6.472931,0.969033,0.423635,106.21494,-8.251363,3.057543,NA,NA,NA,NA,11.02712,11.02712,2.477629,0.062355,-9.23949,8.30512,-0.5762,50,5.44724,3.9613,-131.63593,-6.63584,-15.96473,31.92049,-17.82382,SOU_RED,MIA_RED,SEMissouriState,D1,OVC,20260227-SEMissouriState-1,d2912be0-1429-11f1-bd15-e1e313853076,88.97378,1.39506,NA,8.85541,NA,NA,NA,1.41056,1.39506,-0.03642,9cb2ba17-931f-41d8-9324-5ddeae6b795a,2026-02-27,22:15:15,2026-02-27T22:15:15Z,2026-02-27T22:15:15Z,GroundBall,v3,471444,471355,270b77465999425caf9e0eadef204240,"Rosario, Moises",10267810,Right,SOU_RED,f3132f40-a8c9-4722-a3e4-c4efea68a9b2,54.81925,-132.79941,15.96024,5.67728,-5.98617,-8.91191,-0.73119,4.54321,-7.98237,180,1.40948,154.05721,NA,NA,NA,NA,NA,NA,NA,1.39522,-22.37282,NA,NA,NA,NA,NA,NA,NA,-0.03648,8.22895,NA,NA,NA,NA,NA,NA,NA,NA,NA,NA,NA,NA,NA,NA,NA,NA,NA,NA,NA,NA,NA,NA,NA,NA,NA,NA,NA,NA,NA,High,High,High,Medium,High,NA,NA,NA,NA,NA,NA,NA,NA,NA,NA,NA,NA,NA,NA,NA,NA,NA,NA,NA,NA,NA,NA,NA,NA,NA,NA,NA,NA,NA,NA,NA,NA,NA,NA,NA,NA,NA,NA,NA,NA,NA,NA,NA,NA,NA
NA,NA,NA,NA,NA,NA,NA,NA,NA,NA,NA,NA,NA,NA,NA,NA,121,2026-02-27,16:15:49,8,1,"Sauer, John-Paul",815663,Right,SOU_RED,"Appelwick, Evan",695485,Right,MIA_RED,Undefined,4,Top,2,0,0,ChangeUp,Changeup,BallCalled,Undefined,Undefined,Undefined,0,0,NA,81.29853,-2.493461,-1.415605,1704.908457,223.221397,01:30:00,5.84495,0.44328,6.0718,-28.93911,13.35324,11.19827,1.1239,0.06629,74.24582,-7.900344,0.603403,0.468061,NA,NA,NA,NA,NA,NA,NA,NA,NA,NA,NA,-6.17933,8.06308,-0.33946,50,5.63647,2.4897,-117.93305,-5.97851,-8.643,23.86389,-20.89627,SOU_RED,MIA_RED,SEMissouriState,D1,OVC,20260227-SEMissouriState-1,e70c8c90-1429-11f1-bd15-e1e313853076,80.52894,NA,NA,7.05271,NA,NA,NA,NA,NA,NA,9cb2ba17-931f-41d8-9324-5ddeae6b795a,2026-02-27,22:15:49,2026-02-27T22:15:49Z,2026-02-27T22:15:49Z,NA,v3,471444,471355,270b77465999425caf9e0eadef204240,"Rosario, Moises",10267810,Right,SOU_RED,f8e08e24-15ce-4d4e-aa34-fa03bcfadc7b,54.42503,-118.82508,11.93195,5.84534,-5.19741,-10.44814,-0.43856,2.81278,-4.3215,NA,NA,NA,NA,NA,NA,NA,NA,NA,NA,NA,NA,NA,NA,NA,NA,NA,NA,NA,NA,NA,NA,NA,NA,NA,NA,NA,NA,NA,NA,NA,NA,NA,NA,NA,NA,NA,NA,NA,NA,NA,NA,NA,NA,NA,NA,NA,NA,NA,NA,High,High,High,NA,NA,NA,NA,NA,NA,NA,NA,NA,NA,NA,NA,NA,NA,NA,NA,NA,NA,NA,NA,NA,NA,NA,NA,NA,NA,NA,NA,NA,NA,NA,NA,NA,NA,NA,NA,NA,NA,NA,NA,NA,NA,NA,NA,NA,NA,NA
NA,NA,NA,NA,NA,NA,NA,NA,NA,NA,NA,NA,NA,NA,NA,NA,122,2026-02-27,16:16:06,8,2,"Sauer, John-Paul",815663,Right,SOU_RED,"Appelwick, Evan",695485,Right,MIA_RED,Undefined,4,Top,2,1,0,Slider,Changeup,StrikeSwinging,Undefined,Undefined,Undefined,0,0,NA,81.05621,-1.884444,-1.046915,1822.808601,206.489276,01:00:00,5.87061,0.40767,5.98916,-25.83781,16.6358,7.59654,1.97007,0.07035,74.15666,-6.734714,0.319803,0.469063,NA,NA,NA,NA,NA,NA,NA,NA,NA,NA,NA,-4.1911,9.50756,-0.32921,50,5.70772,1.86006,-117.66096,-4.60591,-5.86069,22.84337,-18.87895,SOU_RED,MIA_RED,SEMissouriState,D1,OVC,20260227-SEMissouriState-1,f0cf5410-1429-11f1-bd15-e1e313853076,80.35689,NA,NA,6.89955,NA,NA,NA,NA,NA,NA,9cb2ba17-931f-41d8-9324-5ddeae6b795a,2026-02-27,22:16:06,2026-02-27T22:16:06Z,2026-02-27T22:16:06Z,NA,v3,471444,471355,270b77465999425caf9e0eadef204240,"Rosario, Moises",10267810,Right,SOU_RED,0812c37a-702e-420f-9916-fb6ae1cfbb0b,54.50751,-118.53284,11.42168,5.86977,-3.88534,-9.43948,-0.40448,2.08375,-2.93034,NA,NA,NA,NA,NA,NA,NA,NA,NA,NA,NA,NA,NA,NA,NA,NA,NA,NA,NA,NA,NA,NA,NA,NA,NA,NA,NA,NA,NA,NA,NA,NA,NA,NA,NA,NA,NA,NA,NA,NA,NA,NA,NA,NA,NA,NA,NA,NA,NA,NA,High,High,High,NA,NA,NA,NA,NA,NA,NA,NA,NA,NA,NA,NA,NA,NA,NA,NA,NA,NA,NA,NA,NA,NA,NA,NA,NA,NA,NA,NA,NA,NA,NA,NA,NA,NA,NA,NA,NA,NA,NA,NA,NA,NA,NA,NA,NA,NA,NA
NA,NA,NA,NA,NA,NA,NA,NA,NA,NA,NA,NA,NA,NA,NA,NA,123,2026-02-27,16:16:23,8,3,"Sauer, John-Paul",815663,Right,SOU_RED,"Appelwick, Evan",695485,Right,MIA_RED,Undefined,4,Top,2,1,1,Slider,Slider,InPlay,Undefined,LineDrive,HomeRun,0,2,NA,80.70266,0.85004,0.576051,2576.679549,69.76565,08:15:00,5.69729,0.69227,5.23473,-47.99987,-4.04768,-14.68922,2.49639,0.00965,74.12186,-7.859676,-2.032716,0.477157,97.07631,24.980421,22.984606,4346.820688,97.20121,46.2035,51.49643,351.54076,329.81223,37.98407,4.248776,7.52658,-1.87882,-0.73379,50,5.73942,-0.57583,-117.19309,0.00774,10.45336,22.42549,-34.78345,SOU_RED,MIA_RED,SEMissouriState,D1,OVC,20260227-SEMissouriState-1,fb545a20-1429-11f1-bd15-e1e313853076,78.99372,60.45833,NA,6.5808,NA,NA,NA,0.55683,2.48788,0.05788,9cb2ba17-931f-41d8-9324-5ddeae6b795a,2026-02-27,22:16:23,2026-02-27T22:16:23Z,2026-02-27T22:16:23Z,FlyBall,v3,471444,471355,270b77465999425caf9e0eadef204240,"Rosario, Moises",10267810,Right,SOU_RED,e9eab014-505c-4876-a4c7-236f478feab9,55.26633,-118.19654,11.21274,5.70426,1.56414,-17.39173,-0.69756,-1.04357,5.22668,227.937862,0.55609,118.83593,-26.56752,6.66614,-1.60458,0.37828,-0.07755,0.01033,-5.9e-4,2.48894,60.09685,-16.24937,-0.10278,0.49029,-0.21666,0.05468,-0.00699,3.4e-4,0.05779,50.39477,3.24298,-2.11121,0.69578,-0.15839,0.0246,-0.00221,8e-5,NA,NA,NA,NA,NA,NA,NA,NA,NA,NA,NA,NA,NA,NA,NA,NA,NA,NA,NA,NA,NA,NA,High,High,High,High,Medium,NA,NA,NA,NA,NA,NA,NA,NA,NA,NA,NA,NA,NA,NA,NA,NA,NA,NA,NA,NA,NA,NA,NA,NA,NA,NA,NA,NA,NA,NA,NA,NA,NA,NA,NA,NA,NA,NA,NA,NA,NA,NA,NA,NA,NA
NA,NA,NA,NA,NA,NA,NA,NA,NA,NA,NA,NA,NA,NA,NA,NA,124,2026-02-27,16:17:08,9,1,"Sauer, John-Paul",815663,Right,SOU_RED,"Novak, Ryan",10035937,Left,MIA_RED,Undefined,4,Top,2,0,0,Slider,Curveball,BallCalled,Undefined,Undefined,Undefined,0,0,NA,81.01817,2.978576,0.76929,2368.914546,41.018517,07:15:00,5.69543,0.74114,5.22616,-49.51062,-5.13788,-5.85256,4.37247,0.97668,72.96093,-6.061313,-0.26792,0.479435,NA,NA,NA,NA,NA,NA,NA,NA,NA,NA,NA,3.12689,-2.93547,-0.80762,50,5.93375,-1.3197,-117.25752,4.27265,4.28753,25.30462,-36.19913,SOU_RED,MIA_RED,SEMissouriState,D1,OVC,20260227-SEMissouriState-1,15a2aa80-142a-11f1-bd15-e1e313853076,78.61851,NA,NA,8.05724,NA,NA,NA,NA,NA,NA,9cb2ba17-931f-41d8-9324-5ddeae6b795a,2026-02-27,22:17:08,2026-02-27T22:17:08Z,2026-02-27T22:17:08Z,NA,v3,471444,471355,270b77465999425caf9e0eadef204240,"Rosario, Moises",10267810,Right,SOU_RED,4bb59ec5-9258-445f-b4da-bd7083d0f7c4,55.26994,-118.38933,12.65231,5.70643,5.89175,-18.09956,-0.74431,-1.51147,2.14376,NA,NA,NA,NA,NA,NA,NA,NA,NA,NA,NA,NA,NA,NA,NA,NA,NA,NA,NA,NA,NA,NA,NA,NA,NA,NA,NA,NA,NA,NA,NA,NA,NA,NA,NA,NA,NA,NA,NA,NA,NA,NA,NA,NA,NA,NA,NA,NA,NA,NA,High,High,High,NA,NA,NA,NA,NA,NA,NA,NA,NA,NA,NA,NA,NA,NA,NA,NA,NA,NA,NA,NA,NA,NA,NA,NA,NA,NA,NA,NA,NA,NA,NA,NA,NA,NA,NA,NA,NA,NA,NA,NA,NA,NA,NA,NA,NA,NA,NA
NA,NA,NA,NA,NA,NA,NA,NA,NA,NA,NA,NA,NA,NA,NA,NA,125,2026-02-27,16:17:23,9,2,"Sauer, John-Paul",815663,Right,SOU_RED,"Novak, Ryan",10035937,Left,MIA_RED,Undefined,4,Top,2,1,0,ChangeUp,Changeup,FoulBallNotFieldable,Undefined,Undefined,Undefined,0,0,NA,81.89602,-2.1606,-1.190051,1881.284291,208.793138,01:00:00,5.78502,0.50331,5.95524,-24.03049,18.1056,9.10961,1.77742,0.15867,74.10293,-6.7087580000000004,0.447624,0.467195,65.37997,42.569306,-154.513632,4164.83342,NA,NA,NA,NA,34.0181,NA,NA,-5.08217,10.43898,-0.41398,50,5.60005,2.11814,-118.73962,-5.15179,-7.14884,25.86084,-17.49004,SOU_RED,MIA_RED,SEMissouriState,D1,OVC,20260227-SEMissouriState-1,1edf03f0-142a-11f1-bd15-e1e313853076,80.67813,28.48477,NA,7.79309,NA,NA,NA,2.46465,1.94671,-0.14569,9cb2ba17-931f-41d8-9324-5ddeae6b795a,2026-02-27,22:17:23,2026-02-27T22:17:23Z,2026-02-27T22:17:23Z,NA,v3,471444,471355,270b77465999425caf9e0eadef204240,"Rosario, Moises",10267810,Right,SOU_RED,b17904d8-8cb6-45e0-8145-6d89ea58b0c5,54.54173,-119.7247,12.93042,5.7836,-4.48557,-8.74502,-0.49985,2.39045,-3.57442,19.251376,2.46465,-63.74733,1.90852,1.069,-0.17625,-0.57011,1.67642,-2.22763,1.18815,1.94671,64.86806,-29.55183,3.69561,-0.36024,-1.72747,4.71489,-6.20723,3.30074,-0.14569,-30.3873,4.73471,-0.17143,0.07311,-0.33423,0.89345,-1.17855,0.62783,NA,NA,NA,NA,NA,NA,NA,NA,NA,NA,NA,NA,NA,NA,NA,NA,NA,NA,NA,NA,NA,NA,High,High,High,High,Undefined,NA,NA,NA,NA,NA,NA,NA,NA,NA,NA,NA,NA,NA,NA,NA,NA,NA,NA,NA,NA,NA,NA,NA,NA,NA,NA,NA,NA,NA,NA,NA,NA,NA,NA,NA,NA,NA,NA,NA,NA,NA,NA,NA,NA,NA
NA,NA,NA,NA,NA,NA,NA,NA,NA,NA,NA,NA,NA,NA,NA,NA,126,2026-02-27,16:17:40,9,3,"Sauer, John-Paul",815663,Right,SOU_RED,"Novak, Ryan",10035937,Left,MIA_RED,Undefined,4,Top,2,1,1,Fastball,Four-Seam,StrikeCalled,Undefined,Undefined,Undefined,0,0,NA,91.85331,-2.421998,-2.854937,2223.312797,214.67005,01:15:00,5.7052,0.68949,5.56008,-15.87674,18.36099,11.79879,2.11518,-0.99677,82.42503,-5.46306,-0.753359,0.421138,NA,NA,NA,NA,NA,NA,NA,NA,NA,NA,NA,-6.83957,10.41115,-0.45053,50,5.48562,6.06735,-132.82806,-6.09958,-12.00152,33.18151,-13.90534,SOU_RED,MIA_RED,SEMissouriState,D1,OVC,20260227-SEMissouriState-1,28a9bab0-142a-11f1-bd15-e1e313853076,89.50148,NA,NA,9.42829,NA,NA,NA,NA,NA,NA,9cb2ba17-931f-41d8-9324-5ddeae6b795a,2026-02-27,22:17:40,2026-02-27T22:17:40Z,2026-02-27T22:17:40Z,NA,v3,471444,471355,270b77465999425caf9e0eadef204240,"Rosario, Moises",10267810,Right,SOU_RED,e892ec69-cbe4-4000-8c87-26c7704e2cb3,54.93375,-134.05489,16.59076,5.70164,-5.58545,-6.95267,-0.68306,6.51109,-6.00076,NA,NA,NA,NA,NA,NA,NA,NA,NA,NA,NA,NA,NA,NA,NA,NA,NA,NA,NA,NA,NA,NA,NA,NA,NA,NA,NA,NA,NA,NA,NA,NA,NA,NA,NA,NA,NA,NA,NA,NA,NA,NA,NA,NA,NA,NA,NA,NA,NA,NA,High,High,High,NA,NA,NA,NA,NA,NA,NA,NA,NA,NA,NA,NA,NA,NA,NA,NA,NA,NA,NA,NA,NA,NA,NA,NA,NA,NA,NA,NA,NA,NA,NA,NA,NA,NA,NA,NA,NA,NA,NA,NA,NA,NA,NA,NA,NA,NA,NA
NA,NA,NA,NA,NA,NA,NA,NA,NA,NA,NA,NA,NA,NA,NA,NA,127,2026-02-27,16:17:53,9,4,"Sauer, John-Paul",815663,Right,SOU_RED,"Novak, Ryan",10035937,Left,MIA_RED,Undefined,4,Top,2,1,2,Fastball,Sinker,InPlay,Undefined,GroundBall,Out,1,0,NA,91.33206,-2.517125,-2.512486,2101.360986,222.614718,01:30:00,5.62989,0.58462,5.56651,-19.9604,14.72379,12.31646,1.61135,-0.73757,81.90497,-6.285082,-0.316417,0.423874,86.56744,-8.288285,-1.527308,NA,NA,NA,NA,11.21757,11.21757,2.570502,0.078355,-7.09307,8.68012,-0.37625,50,5.39988,5.23714,-132.11117,-6.47435,-12.27016,33.70675,-17.15848,SOU_RED,MIA_RED,SEMissouriState,D1,OVC,20260227-SEMissouriState-1,30e56d00-142a-11f1-bd15-e1e313853076,88.92361,1.43573,NA,9.4271,NA,NA,NA,1.35407,1.43573,0.76578,9cb2ba17-931f-41d8-9324-5ddeae6b795a,2026-02-27,22:17:53,2026-02-27T22:17:53Z,2026-02-27T22:17:53Z,GroundBall,v3,471444,471355,270b77465999425caf9e0eadef204240,"Rosario, Moises",10267810,Right,SOU_RED,36e4112e-af87-402c-bb88-fbe1b9acf3e6,54.9295,-133.36295,16.85338,5.62848,-5.83713,-8.57924,-0.57921,5.69282,-6.13508,180,1.35225,125.7389,NA,NA,NA,NA,NA,NA,NA,1.436,-18.32358,NA,NA,NA,NA,NA,NA,NA,0.76583,-3.35256,NA,NA,NA,NA,NA,NA,NA,NA,NA,NA,NA,NA,NA,NA,NA,NA,NA,NA,NA,NA,NA,NA,NA,NA,NA,NA,NA,NA,NA,High,High,High,High,High,NA,NA,NA,NA,NA,NA,NA,NA,NA,NA,NA,NA,NA,NA,NA,NA,NA,NA,NA,NA,NA,NA,NA,NA,NA,NA,NA,NA,NA,NA,NA,NA,NA,NA,NA,NA,NA,NA,NA,NA,NA,NA,NA,NA,NA
NA,NA,NA,NA,NA,NA,NA,NA,NA,NA,NA,NA,NA,NA,NA,NA,128,2026-02-27,16:19:58,1,1,"Byers, Carson",1000133996,Left,MIA_RED,"Rosario, Moises",10267810,Right,SOU_RED,Undefined,4,Bottom,0,0,0,Fastball,Sinker,BallCalled,Undefined,Undefined,Undefined,0,0,NA,86.24532,-1.895504,0.66286,1958.119371,131.741105,10:30:00,5.47024,-1.28847,5.79847,-21.44021,16.98477,-17.4082,1.91977,-2.1226,77.52285,-5.963631,-2.45756,0.446147,NA,NA,NA,NA,NA,NA,NA,NA,NA,NA,NA,8.98497,9.68993,1.24392,50,5.30184,-0.69105,-124.94766,-4.76682,13.92367,29.80959,-17.15794,SOU_RED,MIA_RED,SEMissouriState,D1,OVC,20260227-SEMissouriState-1,7b06a110-142a-11f1-bd15-e1e313853076,84.48429,NA,NA,8.72247,NA,NA,NA,NA,NA,NA,9cb2ba17-931f-41d8-9324-5ddeae6b795a,2026-02-27,22:19:58,2026-02-27T22:19:58Z,2026-02-27T22:19:58Z,NA,v3,471444,471355,270b77465999425caf9e0eadef204240,"Raether, Carson",1000338521,Right,MIA_RED,bda62b7b-6927-4301-8b00-a90f0772b63b,54.69527,-126.06287,14.9048,5.46817,-4.12492,-8.57897,1.27951,-1.21195,6.96184,NA,NA,NA,NA,NA,NA,NA,NA,NA,NA,NA,NA,NA,NA,NA,NA,NA,NA,NA,NA,NA,NA,NA,NA,NA,NA,NA,NA,NA,NA,NA,NA,NA,NA,NA,NA,NA,NA,NA,NA,NA,NA,NA,NA,NA,NA,NA,NA,NA,NA,High,High,High,NA,NA,NA,NA,NA,NA,NA,NA,NA,NA,NA,NA,NA,NA,NA,NA,NA,NA,NA,NA,NA,NA,NA,NA,NA,NA,NA,NA,NA,NA,NA,NA,NA,NA,NA,NA,NA,NA,NA,NA,NA,NA,NA,NA,NA,NA,NA
NA,NA,NA,NA,NA,NA,NA,NA,NA,NA,NA,NA,NA,NA,NA,NA,129,2026-02-27,16:20:14,1,2,"Byers, Carson",1000133996,Left,MIA_RED,"Rosario, Moises",10267810,Right,SOU_RED,Undefined,4,Bottom,0,1,0,Fastball,Changeup,InPlay,Undefined,GroundBall,Out,1,0,NA,86.24433,-1.129815,3.557762,2028.2483790000001,125.792109,10:15:00,5.39821,-1.27911,5.99763,-22.21013,16.10497,-20.26564,2.49829,0.33306,77.12502,-5.370205,-0.080124,0.445509,98.35584,-7.866475,-41.873107,NA,NA,NA,NA,18.29506,18.29506,-38.53539,0.118867,11.64229,9.08044,1.00992,50,5.29717,-6.92992,-124.82966,-3.10675,17.9467,30.52766,-18.17649,SOU_RED,MIA_RED,SEMissouriState,D1,OVC,20260227-SEMissouriState-1,8467c090-142a-11f1-bd15-e1e313853076,84.60537,2.50784,NA,9.1193,NA,NA,NA,1.95692,2.50784,-0.21795,9cb2ba17-931f-41d8-9324-5ddeae6b795a,2026-02-27,22:20:14,2026-02-27T22:20:14Z,2026-02-27T22:20:14Z,GroundBall,v3,471444,471355,270b77465999425caf9e0eadef204240,"Raether, Carson",1000338521,Right,MIA_RED,fc14f6b2-84c2-478c-8575-f47c1c23b381,54.49897,-125.9251,15.26383,5.39695,-2.45452,-9.08824,1.27014,-7.57391,8.97335,94.679425,1.95727,106.36663,-20.54326,NA,NA,NA,NA,NA,NA,2.50789,-19.74896,-11.35513,NA,NA,NA,NA,NA,NA,-0.21809,-95.36629,11.06511,NA,NA,NA,NA,NA,NA,NA,NA,NA,NA,NA,NA,NA,NA,NA,NA,NA,NA,NA,NA,NA,NA,NA,NA,NA,NA,NA,NA,High,High,High,High,High,NA,NA,NA,NA,NA,NA,NA,NA,NA,NA,NA,NA,NA,NA,NA,NA,NA,NA,NA,NA,NA,NA,NA,NA,NA,NA,NA,NA,NA,NA,NA,NA,NA,NA,NA,NA,NA,NA,NA,NA,NA,NA,NA,NA,NA
NA,NA,NA,NA,NA,NA,NA,NA,NA,NA,NA,NA,NA,NA,NA,NA,130,2026-02-27,16:20:52,2,1,"Byers, Carson",1000133996,Left,MIA_RED,"Ramirez, Andrew",10063875,Right,SOU_RED,Undefined,4,Bottom,1,0,0,Fastball,Changeup,StrikeCalled,Undefined,Undefined,Undefined,0,0,NA,86.26082,-0.52595,3.642456,1826.636572,131.353768,10:30:00,5.46178,-1.22959,6.03445,-23.64978,14.62375,-14.92209,3.00294,0.90433,77.0746,-5.029968,0.963635,0.445267,NA,NA,NA,NA,NA,NA,NA,NA,NA,NA,NA,8.83595,8.10937,0.95243,50,5.40807,-7.3148,-124.80546,-1.83998,13.62084,30.42495,-19.67323,SOU_RED,MIA_RED,SEMissouriState,D1,OVC,20260227-SEMissouriState-1,9b2f5b30-142a-11f1-bd15-e1e313853076,84.6513,NA,NA,9.18622,NA,NA,NA,NA,NA,NA,9cb2ba17-931f-41d8-9324-5ddeae6b795a,2026-02-27,22:20:52,2026-02-27T22:20:52Z,2026-02-27T22:20:52Z,NA,v3,471444,471355,270b77465999425caf9e0eadef204240,"Raether, Carson",1000338521,Right,MIA_RED,3d7c13ea-cca5-400a-a86e-76827e19024e,54.45906,-125.8878,15.21247,5.46108,-1.14013,-9.83662,1.22126,-7.79935,6.81042,NA,NA,NA,NA,NA,NA,NA,NA,NA,NA,NA,NA,NA,NA,NA,NA,NA,NA,NA,NA,NA,NA,NA,NA,NA,NA,NA,NA,NA,NA,NA,NA,NA,NA,NA,NA,NA,NA,NA,NA,NA,NA,NA,NA,NA,NA,NA,NA,NA,NA,High,High,High,NA,NA,NA,NA,NA,NA,NA,NA,NA,NA,NA,NA,NA,NA,NA,NA,NA,NA,NA,NA,NA,NA,NA,NA,NA,NA,NA,NA,NA,NA,NA,NA,NA,NA,NA,NA,NA,NA,NA,NA,NA,NA,NA,NA,NA,NA,NA
NA,NA,NA,NA,NA,NA,NA,NA,NA,NA,NA,NA,NA,NA,NA,NA,131,2026-02-27,16:21:08,2,2,"Byers, Carson",1000133996,Left,MIA_RED,"Ramirez, Andrew",10063875,Right,SOU_RED,Undefined,4,Bottom,1,0,1,Fastball,Sinker,StrikeCalled,Undefined,Undefined,Undefined,0,0,NA,86.26425,-1.997448,3.530125,2058.887484,133.247158,10:30:00,5.40685,-1.02119,5.95194,-21.20375,17.26965,-16.7328,1.7831,0.8625,77.06578,-6.051806,0.529123,0.446428,NA,NA,NA,NA,NA,NA,NA,NA,NA,NA,NA,9.70339,9.95398,0.74907,50,5.23602,-6.98045,-124.72353,-4.95644,14.91951,30.67284,-16.86923,SOU_RED,MIA_RED,SEMissouriState,D1,OVC,20260227-SEMissouriState-1,a51a9240-142a-11f1-bd15-e1e313853076,84.43111,NA,NA,9.19848,NA,NA,NA,NA,NA,NA,9cb2ba17-931f-41d8-9324-5ddeae6b795a,2026-02-27,22:21:08,2026-02-27T22:21:08Z,2026-02-27T22:21:08Z,NA,v3,471444,471355,270b77465999425caf9e0eadef204240,"Raether, Carson",1000338521,Right,MIA_RED,9e7eacb6-68ed-4c83-aa4a-02a14dbeb048,54.54148,-125.83545,15.33642,5.40461,-4.34491,-8.43461,1.01192,-7.52129,7.45975,NA,NA,NA,NA,NA,NA,NA,NA,NA,NA,NA,NA,NA,NA,NA,NA,NA,NA,NA,NA,NA,NA,NA,NA,NA,NA,NA,NA,NA,NA,NA,NA,NA,NA,NA,NA,NA,NA,NA,NA,NA,NA,NA,NA,NA,NA,NA,NA,NA,NA,High,High,High,NA,NA,NA,NA,NA,NA,NA,NA,NA,NA,NA,NA,NA,NA,NA,NA,NA,NA,NA,NA,NA,NA,NA,NA,NA,NA,NA,NA,NA,NA,NA,NA,NA,NA,NA,NA,NA,NA,NA,NA,NA,NA,NA,NA,NA,NA,NA
NA,NA,NA,NA,NA,NA,NA,NA,NA,NA,NA,NA,NA,NA,NA,NA,132,2026-02-27,16:21:25,2,3,"Byers, Carson",1000133996,Left,MIA_RED,"Ramirez, Andrew",10063875,Right,SOU_RED,Undefined,4,Bottom,1,0,2,Fastball,Sinker,InPlay,Undefined,LineDrive,Single,0,0,NA,86.6717,-1.362386,2.475643,2010.95825,119.970512,10:00:00,5.45358,-1.28198,5.99219,-23.74265,14.31658,-22.18115,2.21105,-0.83473,77.2916,-5.879493,-1.512407,0.444019,88.65369,7.905624,16.085741,2651.92998,103.45633,7.36909,37.37315,162.63282,159.3111,21.464581,1.483971,12.28461,8.26874,1.09899,50,5.33335,-4.50774,-125.50786,-3.69419,19.04325,32.06391,-19.35608,SOU_RED,MIA_RED,SEMissouriState,D1,OVC,20260227-SEMissouriState-1,af3b3130-142a-11f1-bd15-e1e313853076,84.88926,8.27863,NA,9.3801,NA,NA,NA,0.99075,2.16308,0.8366,9cb2ba17-931f-41d8-9324-5ddeae6b795a,2026-02-27,22:21:25,2026-02-27T22:21:25Z,2026-02-27T22:21:25Z,GroundBall,v3,471444,471355,270b77465999425caf9e0eadef204240,"Raether, Carson",1000338521,Right,MIA_RED,ba0a97a2-8b16-453f-9ddb-3174cbd16429,54.50406,-126.6533,16.03196,5.45297,-3.00272,-9.67804,1.27217,-5.18803,9.52162,239.923441,0.99075,123.74699,-20.26438,4.40694,-0.54528,-0.40599,0.4717,-0.21409,0.03704,2.16308,17.8844,-13.03352,0.05267,-0.63013,1.30387,-1.17992,0.51561,-0.08807,0.8366,35.68466,3.81871,-1.08878,-0.02948,0.54702,-0.53721,0.23798,-0.0408,NA,NA,NA,NA,NA,NA,NA,NA,NA,NA,NA,NA,NA,NA,NA,NA,NA,NA,NA,NA,NA,NA,High,High,High,High,High,NA,NA,NA,NA,NA,NA,NA,NA,NA,NA,NA,NA,NA,NA,NA,NA,NA,NA,NA,NA,NA,NA,NA,NA,NA,NA,NA,NA,NA,NA,NA,NA,NA,NA,NA,NA,NA,NA,NA,NA,NA,NA,NA,NA,NA
NA,NA,NA,NA,NA,NA,NA,NA,NA,NA,NA,NA,NA,NA,NA,NA,133,2026-02-27,16:22:07,3,1,"Byers, Carson",1000133996,Left,MIA_RED,"Schrack, Carson",10186680,Left,SOU_RED,Undefined,4,Bottom,1,0,0,ChangeUp,Changeup,StrikeCalled,Undefined,Undefined,Undefined,0,0,NA,78.91089,-0.013536,3.509837,1589.194032,128.000661,10:15:00,4.90309,-1.71,5.49255,-37.50053,9.06351,-9.34083,1.76536,0.79898,70.94124,-6.962748,1.849089,0.49113,NA,NA,NA,NA,NA,NA,NA,NA,NA,NA,NA,5.82429,5.11674,1.40873,50,4.87722,-6.61509,-114.09797,-1.23686,7.52982,24.76731,-25.55896,SOU_RED,MIA_RED,SEMissouriState,D1,OVC,20260227-SEMissouriState-1,c7db3550-142a-11f1-bd15-e1e313853076,76.7463,NA,NA,7.96965,NA,NA,NA,NA,NA,NA,9cb2ba17-931f-41d8-9324-5ddeae6b795a,2026-02-27,22:22:07,2026-02-27T22:22:07Z,2026-02-27T22:22:07Z,NA,v3,471444,471355,270b77465999425caf9e0eadef204240,"Raether, Carson",1000338521,Right,MIA_RED,fe8c7bc1-3e22-4e46-b785-1bcf9e08f3f6,55.00051,-115.17832,12.38366,4.90686,-0.12198,-12.77948,1.70445,-6.94354,3.76491,NA,NA,NA,NA,NA,NA,NA,NA,NA,NA,NA,NA,NA,NA,NA,NA,NA,NA,NA,NA,NA,NA,NA,NA,NA,NA,NA,NA,NA,NA,NA,NA,NA,NA,NA,NA,NA,NA,NA,NA,NA,NA,NA,NA,NA,NA,NA,NA,NA,NA,High,High,High,NA,NA,NA,NA,NA,NA,NA,NA,NA,NA,NA,NA,NA,NA,NA,NA,NA,NA,NA,NA,NA,NA,NA,NA,NA,NA,NA,NA,NA,NA,NA,NA,NA,NA,NA,NA,NA,NA,NA,NA,NA,NA,NA,NA,NA,NA,NA
NA,NA,NA,NA,NA,NA,NA,NA,NA,NA,NA,NA,NA,NA,NA,NA,134,2026-02-27,16:22:25,3,2,"Byers, Carson",1000133996,Left,MIA_RED,"Schrack, Carson",10186680,Left,SOU_RED,Undefined,4,Bottom,1,0,1,Fastball,Changeup,InPlay,Undefined,GroundBall,Single,0,0,NA,85.96836,-1.421309,2.47044,2040.385906,122.943089,10:00:00,5.40267,-1.00264,5.91518,-25.06525,13.4756,-18.53521,1.99333,-0.25308,77.20422,-6.154604,-0.857179,0.446819,88.68171,-7.868704,6.13292,NA,NA,NA,NA,16.06696,16.06696,7.256592,0.112356,10.34048,7.79973,0.8152,50,5.27464,-4.61124,-124.54474,-3.86048,15.90211,29.88976,-20.17925,SOU_RED,MIA_RED,SEMissouriState,D1,OVC,20260227-SEMissouriState-1,d29db990-142a-11f1-bd15-e1e313853076,84.35721,2.03639,NA,8.76413,NA,NA,NA,1.69644,2.03639,0.32706,9cb2ba17-931f-41d8-9324-5ddeae6b795a,2026-02-27,22:22:25,2026-02-27T22:22:25Z,2026-02-27T22:22:25Z,GroundBall,v3,471444,471355,270b77465999425caf9e0eadef204240,"Raether, Carson",1000338521,Right,MIA_RED,efdf96e8-963b-4852-a08d-54640793f641,54.58159,-125.63948,14.94488,5.4025,-3.1214,-10.08963,0.99475,-5.19367,7.95106,229.941958,1.69648,128.09917,-11.95501,NA,NA,NA,NA,NA,NA,2.03633,-17.79908,-2.88739,NA,NA,NA,NA,NA,NA,0.32693,13.7812,12.2218,NA,NA,NA,NA,NA,NA,NA,NA,NA,NA,NA,NA,NA,NA,NA,NA,NA,NA,NA,NA,NA,NA,NA,NA,NA,NA,NA,NA,High,High,High,High,High,NA,NA,NA,NA,NA,NA,NA,NA,NA,NA,NA,NA,NA,NA,NA,NA,NA,NA,NA,NA,NA,NA,NA,NA,NA,NA,NA,NA,NA,NA,NA,NA,NA,NA,NA,NA,NA,NA,NA,NA,NA,NA,NA,NA,NA
NA,NA,NA,NA,NA,NA,NA,NA,NA,NA,NA,NA,NA,NA,NA,NA,135,2026-02-27,16:23:12,4,1,"Byers, Carson",1000133996,Left,MIA_RED,"Klein, Caleb",1000329534,Right,SOU_RED,Undefined,4,Bottom,1,0,0,ChangeUp,Changeup,InPlay,Undefined,GroundBall,Out,2,0,NA,78.93007,0.163608,2.522548,1726.826392,97.164263,09:15:00,5.00507,-1.87681,5.6652,-42.23546,3.83784,-16.91005,1.63815,-0.93235,71.17913,-7.644238,-0.500946,0.488535,82.67948,-7.949729,-16.217381,NA,NA,NA,NA,12.71225,12.71225,-9.580014,0.090736,9.45142,2.36236,1.67458,50,4.99242,-4.3839,-114.36169,-1.02799,12.27181,24.94201,-29.10673,SOU_RED,MIA_RED,SEMissouriState,D1,OVC,20260227-SEMissouriState-1,ef0a5610-142a-11f1-bd15-e1e313853076,77.15396,1.62017,NA,7.75094,NA,NA,NA,2.18771,1.62017,0.95637,9cb2ba17-931f-41d8-9324-5ddeae6b795a,2026-02-27,22:23:12,2026-02-27T22:23:12Z,2026-02-27T22:23:12Z,GroundBall,v3,471444,471355,270b77465999425caf9e0eadef204240,"Raether, Carson",1000338521,Right,MIA_RED,59f54bb6-970a-43d8-bd87-393c122f8738,54.83259,-115.41085,12.471,5.00991,0.19636,-14.55336,1.86984,-4.9001,6.13591,104.50659,2.18777,115.30998,-14.04394,NA,NA,NA,NA,NA,NA,1.62018,-16.77362,-11.93141,NA,NA,NA,NA,NA,NA,0.95641,-33.54559,-3.43485,NA,NA,NA,NA,NA,NA,NA,NA,NA,NA,NA,NA,NA,NA,NA,NA,NA,NA,NA,NA,NA,NA,NA,NA,NA,NA,NA,NA,High,High,High,High,High,NA,NA,NA,NA,NA,NA,NA,NA,NA,NA,NA,NA,NA,NA,NA,NA,NA,NA,NA,NA,NA,NA,NA,NA,NA,NA,NA,NA,NA,NA,NA,NA,NA,NA,NA,NA,NA,NA,NA,NA,NA,NA,NA,NA,NA
NA,NA,NA,NA,NA,NA,NA,NA,NA,NA,NA,NA,NA,NA,NA,NA,136,2026-02-27,16:25:59,1,1,"White, Eddie",1000214559,Right,SOU_RED,"Harrison, Tommy",811731,Left,MIA_RED,Undefined,5,Top,0,0,0,Fastball,Four-Seam,StrikeCalled,Undefined,Undefined,Undefined,0,0,NA,88.16028,-1.744092,-1.346224,1950.684335,214.21843,01:15:00,6.32557,0.87984,5.8362,-16.09351,21.01753,13.25268,3.36245,0.73275,78.25661,-4.885067,1.029577,0.438453,NA,NA,NA,NA,NA,NA,NA,NA,NA,NA,NA,-7.14599,11.72052,-0.7774,50,6.174,2.40237,-127.54673,-4.2856,-11.42006,33.5326,-13.44338,SOU_RED,MIA_RED,SEMissouriState,D1,OVC,20260227-SEMissouriState-1,52a6fa20-142b-11f1-bd15-e1e313853076,85.96688,NA,NA,9.90366,NA,NA,NA,NA,NA,NA,9cb2ba17-931f-41d8-9324-5ddeae6b795a,2026-02-27,22:25:59,2026-02-27T22:25:59Z,2026-02-27T22:25:59Z,NA,v3,471444,471355,270b77465999425caf9e0eadef204240,"Rosario, Moises",10267810,Right,SOU_RED,2df208cb-c238-4a0a-824c-aea6c7cb253e,54.65472,-128.76467,16.7663,6.32079,-3.79733,-6.72169,-0.87219,2.81715,-5.71003,NA,NA,NA,NA,NA,NA,NA,NA,NA,NA,NA,NA,NA,NA,NA,NA,NA,NA,NA,NA,NA,NA,NA,NA,NA,NA,NA,NA,NA,NA,NA,NA,NA,NA,NA,NA,NA,NA,NA,NA,NA,NA,NA,NA,NA,NA,NA,NA,NA,NA,High,High,High,NA,NA,NA,NA,NA,NA,NA,NA,NA,NA,NA,NA,NA,NA,NA,NA,NA,NA,NA,NA,NA,NA,NA,NA,NA,NA,NA,NA,NA,NA,NA,NA,NA,NA,NA,NA,NA,NA,NA,NA,NA,NA,NA,NA,NA,NA,NA
NA,NA,NA,NA,NA,NA,NA,NA,NA,NA,NA,NA,NA,NA,NA,NA,137,2026-02-27,16:26:12,1,2,"White, Eddie",1000214559,Right,SOU_RED,"Harrison, Tommy",811731,Left,MIA_RED,Undefined,5,Top,0,0,1,Fastball,Changeup,BallCalled,Undefined,Undefined,Undefined,0,0,NA,86.88671,-2.619982,-0.909029,1958.748945,220.982728,01:15:00,6.33121,1.02384,5.76021,-19.47769,18.55312,14.83737,2.26744,1.41411,77.9357,-6.333402,1.748658,0.443853,NA,NA,NA,NA,NA,NA,NA,NA,NA,NA,NA,-7.74363,10.71532,-0.95704,50,6.10238,1.33869,-125.75286,-6.31021,-12.13613,30.55912,-15.3805,SOU_RED,MIA_RED,SEMissouriState,D1,OVC,20260227-SEMissouriState-1,5a67fe30-142b-11f1-bd15-e1e313853076,84.92099,NA,NA,8.95101,NA,NA,NA,NA,NA,NA,9cb2ba17-931f-41d8-9324-5ddeae6b795a,2026-02-27,22:26:12,2026-02-27T22:26:12Z,2026-02-27T22:26:12Z,NA,v3,471444,471355,270b77465999425caf9e0eadef204240,"Rosario, Moises",10267810,Right,SOU_RED,3afecb42-ada9-4faf-bf43-4415bf7c001c,54.73222,-126.89762,15.27956,6.32797,-5.73405,-7.69025,-1.0157,1.79331,-6.06806,NA,NA,NA,NA,NA,NA,NA,NA,NA,NA,NA,NA,NA,NA,NA,NA,NA,NA,NA,NA,NA,NA,NA,NA,NA,NA,NA,NA,NA,NA,NA,NA,NA,NA,NA,NA,NA,NA,NA,NA,NA,NA,NA,NA,NA,NA,NA,NA,NA,NA,High,High,High,NA,NA,NA,NA,NA,NA,NA,NA,NA,NA,NA,NA,NA,NA,NA,NA,NA,NA,NA,NA,NA,NA,NA,NA,NA,NA,NA,NA,NA,NA,NA,NA,NA,NA,NA,NA,NA,NA,NA,NA,NA,NA,NA,NA,NA,NA,NA
NA,NA,NA,NA,NA,NA,NA,NA,NA,NA,NA,NA,NA,NA,NA,NA,138,2026-02-27,16:26:26,1,3,"White, Eddie",1000214559,Right,SOU_RED,"Harrison, Tommy",811731,Left,MIA_RED,Undefined,5,Top,0,1,1,Slider,Curveball,BallCalled,Undefined,Undefined,Undefined,0,0,NA,76.10392,2.100843,0.839861,1778.068948,37.206488,07:15:00,6.2019,0.98614,5.5154,-56.25472,-6.46851,-6.28532,3.47949,1.24773,68.74082,-8.204483,-0.281686,0.507839,NA,NA,NA,NA,NA,NA,NA,NA,NA,NA,NA,3.41583,-3.31949,-1.05511,50,6.34798,-1.36958,-110.26977,2.16989,4.1286,22.96497,-36.1862,SOU_RED,MIA_RED,SEMissouriState,D1,OVC,20260227-SEMissouriState-1,6268a350-142b-11f1-bd15-e1e313853076,74.22128,NA,NA,7.36311,NA,NA,NA,NA,NA,NA,9cb2ba17-931f-41d8-9324-5ddeae6b795a,2026-02-27,22:26:26,2026-02-27T22:26:26Z,2026-02-27T22:26:26Z,NA,v3,471444,471355,270b77465999425caf9e0eadef204240,"Rosario, Moises",10267810,Right,SOU_RED,43af0608-623a-470c-862b-ec9ee49eb5d0,54.98179,-111.30245,11.48248,6.21382,3.7971,-18.0931,-0.98934,-1.55523,2.0643,NA,NA,NA,NA,NA,NA,NA,NA,NA,NA,NA,NA,NA,NA,NA,NA,NA,NA,NA,NA,NA,NA,NA,NA,NA,NA,NA,NA,NA,NA,NA,NA,NA,NA,NA,NA,NA,NA,NA,NA,NA,NA,NA,NA,NA,NA,NA,NA,NA,NA,High,High,High,NA,NA,NA,NA,NA,NA,NA,NA,NA,NA,NA,NA,NA,NA,NA,NA,NA,NA,NA,NA,NA,NA,NA,NA,NA,NA,NA,NA,NA,NA,NA,NA,NA,NA,NA,NA,NA,NA,NA,NA,NA,NA,NA,NA,NA,NA,NA
NA,NA,NA,NA,NA,NA,NA,NA,NA,NA,NA,NA,NA,NA,NA,NA,139,2026-02-27,16:26:39,1,4,"White, Eddie",1000214559,Right,SOU_RED,"Harrison, Tommy",811731,Left,MIA_RED,Undefined,5,Top,0,2,1,ChangeUp,Changeup,BallCalled,Undefined,Undefined,Undefined,0,0,NA,79.7125,-0.264708,-0.403468,1927.13409,236.472039,02:00:00,6.09324,0.95002,5.97027,-33.14214,10.89095,14.23879,3.08597,1.76252,72.72259,-6.447685,2.15762,0.477596,NA,NA,NA,NA,NA,NA,NA,NA,NA,NA,NA,-7.35764,6.13071,-0.92552,50,6.0541,0.26634,-115.75196,-1.52427,-9.92391,22.78824,-23.90502,SOU_RED,MIA_RED,SEMissouriState,D1,OVC,20260227-SEMissouriState-1,6a587f90-142b-11f1-bd15-e1e313853076,78.92111,NA,NA,6.98991,NA,NA,NA,NA,NA,NA,9cb2ba17-931f-41d8-9324-5ddeae6b795a,2026-02-27,22:26:39,2026-02-27T22:26:39Z,2026-02-27T22:26:39Z,NA,v3,471444,471355,270b77465999425caf9e0eadef204240,"Rosario, Moises",10267810,Right,SOU_RED,591fcc5d-bff3-42a8-836b-6aec781e1601,54.52574,-116.63954,11.39412,6.09534,-0.59318,-11.95251,-0.94342,0.65287,-4.96196,NA,NA,NA,NA,NA,NA,NA,NA,NA,NA,NA,NA,NA,NA,NA,NA,NA,NA,NA,NA,NA,NA,NA,NA,NA,NA,NA,NA,NA,NA,NA,NA,NA,NA,NA,NA,NA,NA,NA,NA,NA,NA,NA,NA,NA,NA,NA,NA,NA,NA,High,High,High,NA,NA,NA,NA,NA,NA,NA,NA,NA,NA,NA,NA,NA,NA,NA,NA,NA,NA,NA,NA,NA,NA,NA,NA,NA,NA,NA,NA,NA,NA,NA,NA,NA,NA,NA,NA,NA,NA,NA,NA,NA,NA,NA,NA,NA,NA,NA
NA,NA,NA,NA,NA,NA,NA,NA,NA,NA,NA,NA,NA,NA,NA,NA,140,2026-02-27,16:26:55,1,5,"White, Eddie",1000214559,Right,SOU_RED,"Harrison, Tommy",811731,Left,MIA_RED,Undefined,5,Top,0,3,1,Fastball,Four-Seam,FoulBallNotFieldable,Undefined,Undefined,Undefined,0,0,NA,88.09453,-2.309861,-0.993611,1966.895639,215.439944,01:15:00,6.24053,0.76977,5.91523,-17.89828,18.65576,12.31646,2.60381,0.87391,79.38458,-5.736672,1.218469,0.43515,NA,NA,NA,NA,NA,NA,NA,NA,NA,NA,NA,-6.56583,10.66402,-0.69681,50,6.04518,1.68119,-127.6531,-5.64581,-10.66092,30.1958,-14.85893,SOU_RED,MIA_RED,SEMissouriState,D1,OVC,20260227-SEMissouriState-1,739b1a90-142b-11f1-bd15-e1e313853076,86.61939,NA,NA,8.70995,NA,NA,NA,NA,NA,NA,9cb2ba17-931f-41d8-9324-5ddeae6b795a,2026-02-27,22:26:55,2026-02-27T22:26:55Z,2026-02-27T22:26:55Z,NA,v3,471444,471355,270b77465999425caf9e0eadef204240,"Rosario, Moises",10267810,Right,SOU_RED,e0ef0a5a-30b1-4961-8bff-b25ff4da3b19,54.57908,-128.73171,15.0979,6.23737,-5.11505,-7.42947,-0.76367,2.062,-5.33046,NA,NA,NA,NA,NA,NA,NA,NA,NA,NA,NA,NA,NA,NA,NA,NA,NA,NA,NA,NA,NA,NA,NA,NA,NA,NA,NA,NA,NA,NA,NA,NA,NA,NA,NA,NA,NA,NA,NA,NA,NA,NA,NA,NA,NA,NA,NA,NA,NA,NA,High,High,High,NA,NA,NA,NA,NA,NA,NA,NA,NA,NA,NA,NA,NA,NA,NA,NA,NA,NA,NA,NA,NA,NA,NA,NA,NA,NA,NA,NA,NA,NA,NA,NA,NA,NA,NA,NA,NA,NA,NA,NA,NA,NA,NA,NA,NA,NA,NA
NA,NA,NA,NA,NA,NA,NA,NA,NA,NA,NA,NA,NA,NA,NA,NA,141,2026-02-27,16:27:14,1,6,"White, Eddie",1000214559,Right,SOU_RED,"Harrison, Tommy",811731,Left,MIA_RED,Undefined,5,Top,0,3,2,ChangeUp,Changeup,BallCalled,Walk,Undefined,Undefined,0,0,NA,79.24008,1.308054,-0.493906,1861.083239,237.063473,02:00:00,6.08926,0.83282,6.22664,-33.11073,11.51579,15.28855,4.53714,1.65115,71.34024,-4.948986,2.267011,0.480804,NA,NA,NA,NA,NA,NA,NA,NA,NA,NA,NA,-7.96371,6.03036,-0.80254,50,6.17095,0.40942,-114.94538,1.69835,-10.47182,24.71614,-24.24448,SOU_RED,MIA_RED,SEMissouriState,D1,OVC,20260227-SEMissouriState-1,7f5ebb20-142b-11f1-bd15-e1e313853076,78.39464,NA,NA,7.89984,NA,NA,NA,NA,NA,NA,9cb2ba17-931f-41d8-9324-5ddeae6b795a,2026-02-27,22:27:14,2026-02-27T22:27:14Z,2026-02-27T22:27:14Z,NA,v3,471444,471355,270b77465999425caf9e0eadef204240,"Rosario, Moises",10267810,Right,SOU_RED,b9929ede-7a3b-44de-9a1f-fd9e9cbf8cb1,54.26708,-115.85928,12.35807,6.09158,2.5948,-12.12224,-0.82484,0.79662,-5.23591,NA,NA,NA,NA,NA,NA,NA,NA,NA,NA,NA,NA,NA,NA,NA,NA,NA,NA,NA,NA,NA,NA,NA,NA,NA,NA,NA,NA,NA,NA,NA,NA,NA,NA,NA,NA,NA,NA,NA,NA,NA,NA,NA,NA,NA,NA,NA,NA,NA,NA,High,High,High,NA,NA,NA,NA,NA,NA,NA,NA,NA,NA,NA,NA,NA,NA,NA,NA,NA,NA,NA,NA,NA,NA,NA,NA,NA,NA,NA,NA,NA,NA,NA,NA,NA,NA,NA,NA,NA,NA,NA,NA,NA,NA,NA,NA,NA,NA,NA
NA,NA,NA,NA,NA,NA,NA,NA,NA,NA,NA,NA,NA,NA,NA,NA,142,2026-02-27,16:27:59,2,1,"White, Eddie",1000214559,Right,SOU_RED,"Dierks, Marcus",10322729,Left,MIA_RED,Undefined,5,Top,0,0,0,ChangeUp,Changeup,StrikeSwinging,Undefined,Undefined,Undefined,0,0,NA,79.31689,-0.132361,-1.853938,1810.626302,236.594312,02:00:00,6.09288,0.68813,6.32778,-33.1851,10.83272,14.14965,3.20551,0.15944,72.11354,-6.375561,0.707237,0.477514,NA,NA,NA,NA,NA,NA,NA,NA,NA,NA,NA,-7.845,6.14811,-0.55876,50,6.06778,3.20657,-115.15873,-1.18925,-10.44183,23.14782,-23.99082,SOU_RED,MIA_RED,SEMissouriState,D1,OVC,20260227-SEMissouriState-1,99c50050-142b-11f1-bd15-e1e313853076,78.93479,NA,NA,7.20335,NA,NA,NA,NA,NA,NA,9cb2ba17-931f-41d8-9324-5ddeae6b795a,2026-02-27,22:27:59,2026-02-27T22:27:59Z,2026-02-27T22:27:59Z,NA,v3,471444,471355,270b77465999425caf9e0eadef204240,"Rosario, Moises",10267810,Right,SOU_RED,449e96fb-88ff-484a-8187-c752307edb3d,54.16795,-115.9935,11.57391,6.09506,-0.32408,-11.99541,-0.68119,3.58313,-5.22091,NA,NA,NA,NA,NA,NA,NA,NA,NA,NA,NA,NA,NA,NA,NA,NA,NA,NA,NA,NA,NA,NA,NA,NA,NA,NA,NA,NA,72.83975,1.874193,0.96809,0.906104,-2.1688,2.78971,-0.20916,-3.59227,5.65306,2.85323,64.51955,6.63178,60.2939,-3.56502,82.00134,-7.64509,5.67006,14.5032,-14.88261,2.86041,66.19659,-3.12208,High,High,High,NA,NA,High,High,High,NA,NA,NA,NA,NA,NA,NA,NA,NA,NA,NA,NA,NA,NA,NA,NA,NA,NA,NA,NA,NA,NA,NA,NA,NA,NA,NA,NA,NA,NA,NA,NA,NA,NA,NA,NA,NA,NA,NA,NA,NA,NA
NA,NA,NA,NA,NA,NA,NA,NA,NA,NA,NA,NA,NA,NA,NA,NA,143,2026-02-27,16:28:51,2,2,"White, Eddie",1000214559,Right,SOU_RED,"Dierks, Marcus",10322729,Left,MIA_RED,Undefined,5,Top,0,0,1,ChangeUp,Changeup,InPlay,Undefined,GroundBall,Single,0,0,NA,79.12849,-0.48744,-1.693427,1838.731365,240.239487,02:00:00,6.13722,0.93311,6.22111,-33.54187,10.9491,16.44517,2.89208,0.74051,71.86713,-6.784318,1.278232,0.480073,65.15902,-8.792648,-12.169952,NA,NA,NA,NA,18.2387,18.2387,-12.869112,0.171231,-9.09737,6.2713,-0.81455,50,6.08411,2.81098,-114.89404,-1.91862,-12.01406,23.67902,-23.89211,SOU_RED,MIA_RED,SEMissouriState,D1,OVC,20260227-SEMissouriState-1,b898b1c0-142b-11f1-bd15-e1e313853076,78.51397,2.92481,NA,7.26135,NA,NA,NA,2.25332,2.92481,-0.6665,9cb2ba17-931f-41d8-9324-5ddeae6b795a,2026-02-27,22:28:51,2026-02-27T22:28:51Z,2026-02-27T22:28:51Z,GroundBall,v3,471444,471355,270b77465999425caf9e0eadef204240,"Rosario, Moises",10267810,Right,SOU_RED,dfa6824f-c5d8-45e2-93c3-05621cd10ea5,54.27732,-115.77221,11.83951,6.13883,-1.03255,-11.94605,-0.92707,3.25655,-6.00703,87.650849,2.25356,92.30183,-9.48867,NA,NA,NA,NA,NA,NA,2.92501,-14.62369,-14.36473,NA,NA,NA,NA,NA,NA,-0.6665,-19.91025,0.46203,NA,NA,NA,NA,NA,NA,NA,NA,NA,NA,NA,NA,NA,NA,NA,NA,NA,NA,NA,NA,NA,NA,NA,NA,NA,NA,NA,NA,High,High,High,High,High,NA,NA,NA,NA,NA,NA,NA,NA,NA,NA,NA,NA,NA,NA,NA,NA,NA,NA,NA,NA,NA,NA,NA,NA,NA,NA,NA,NA,NA,NA,NA,NA,NA,NA,NA,NA,NA,NA,NA,NA,NA,NA,NA,NA,NA
NA,NA,NA,NA,NA,NA,NA,NA,NA,NA,NA,NA,NA,NA,NA,NA,144,2026-02-27,16:29:34,3,1,"White, Eddie",1000214559,Right,SOU_RED,"Christiansen, Hayden",830132,Right,MIA_RED,Undefined,5,Top,0,0,0,ChangeUp,Changeup,StrikeSwinging,Undefined,Undefined,Undefined,0,0,NA,79.17908,-2.308449,-3.593806,1884.834233,215.974422,01:15:00,6.09933,2.19546,6.23186,-24.61261,20.37363,13.5315,1.91328,0.00328,71.23735,-7.014387,-1.15467,0.482738,NA,NA,NA,NA,NA,NA,NA,NA,NA,NA,NA,-8.11008,11.78993,-1.93289,50,5.91442,6.6818,-114.53813,-5.23146,-10.5723,24.84425,-16.80471,SOU_RED,MIA_RED,SEMissouriState,D1,OVC,20260227-SEMissouriState-1,d2b320e0-142b-11f1-bd15-e1e313853076,78.08057,NA,NA,7.94173,NA,NA,NA,NA,NA,NA,9cb2ba17-931f-41d8-9324-5ddeae6b795a,2026-02-27,22:29:34,2026-02-27T22:29:34Z,2026-02-27T22:29:34Z,NA,v3,471444,471355,270b77465999425caf9e0eadef204240,"Rosario, Moises",10267810,Right,SOU_RED,f6addcc2-bde7-475b-a852-0ebe2eb0f8e9,54.26102,-115.45868,12.42213,6.09673,-4.6088,-8.40235,-2.18773,7.07354,-5.28615,NA,NA,NA,NA,NA,NA,NA,NA,NA,NA,NA,NA,NA,NA,NA,NA,NA,NA,NA,NA,NA,NA,NA,NA,NA,NA,NA,NA,NA,NA,NA,NA,NA,NA,NA,NA,NA,NA,NA,NA,NA,NA,NA,NA,NA,NA,NA,NA,NA,NA,High,High,High,NA,NA,NA,NA,NA,NA,NA,NA,NA,NA,NA,NA,NA,NA,NA,NA,NA,NA,NA,NA,NA,NA,NA,NA,NA,NA,NA,NA,NA,NA,NA,NA,NA,NA,NA,NA,NA,NA,NA,NA,NA,NA,NA,NA,NA,NA,NA
NA,NA,NA,NA,NA,NA,NA,NA,NA,NA,NA,NA,NA,NA,NA,NA,145,2026-02-27,16:29:55,3,2,"White, Eddie",1000214559,Right,SOU_RED,"Christiansen, Hayden",830132,Right,MIA_RED,Undefined,5,Top,0,0,1,Fastball,Changeup,FoulBallNotFieldable,Undefined,Undefined,Undefined,0,0,NA,86.73574,-2.535244,-3.877258,1954.324613,222.167437,01:30:00,6.22362,2.04642,6.05674,-19.11647,19.01997,15.79469,2.27704,-0.23164,77.12452,-6.229134,-1.041121,0.444469,70.31453,62.740957,76.734844,5467.727791,NA,NA,NA,NA,53.34643,NA,NA,-9.51564,11.141540000000001,-1.75309,50,6.01614,7.83592,-125.29646,-6.06497,-14.68169,32.259,-14.98378,SOU_RED,MIA_RED,SEMissouriState,D1,OVC,20260227-SEMissouriState-1,debccb20-142b-11f1-bd15-e1e313853076,84.80331,81.6972,NA,9.61122,NA,NA,NA,1.39384,2.27454,0.23205,9cb2ba17-931f-41d8-9324-5ddeae6b795a,2026-02-27,22:29:55,2026-02-27T22:29:55Z,2026-02-27T22:29:55Z,NA,v3,471444,471355,270b77465999425caf9e0eadef204240,"Rosario, Moises",10267810,Right,SOU_RED,44bb8368-8a66-4c37-8f47-ca8ddad8204a,54.43761,-126.43381,16.1295,6.22066,-5.53669,-7.49189,-2.03848,8.35355,-7.34085,NA,1.39384,10.83821,-10.8069,3.91442,-1.0418,0.24278,-0.05347,0.00926,-9.1e-4,2.27454,91.67494,-26.751830000000002,2.9923,-0.48845,0.05775,-0.00568,1.8e-4,2e-5,0.23205,45.97374,-4.8234,0.6332,-0.02029,-0.01886,0.00702,-0.00162,1.2e-4,NA,NA,NA,NA,NA,NA,NA,NA,NA,NA,NA,NA,NA,NA,NA,NA,NA,NA,NA,NA,NA,NA,High,High,High,Low,Undefined,NA,NA,NA,NA,NA,NA,NA,NA,NA,NA,NA,NA,NA,NA,NA,NA,NA,NA,NA,NA,NA,NA,NA,NA,NA,NA,NA,NA,NA,NA,NA,NA,NA,NA,NA,NA,NA,NA,NA,NA,NA,NA,NA,NA,NA
NA,NA,NA,NA,NA,NA,NA,NA,NA,NA,NA,NA,NA,NA,NA,NA,146,2026-02-27,16:30:21,3,3,"White, Eddie",1000214559,Right,SOU_RED,"Christiansen, Hayden",830132,Right,MIA_RED,Undefined,5,Top,0,0,2,Slider,Curveball,BallCalled,Undefined,Undefined,Undefined,0,0,NA,76.17754,-1.648882,-2.940428,1735.058021,50.415105,07:45:00,6.15994,1.97657,5.44238,-55.34873,-4.84126,-8.245,0.0012,-1.46613,68.8783,-11.688317,-4.410634,0.511504,NA,NA,NA,NA,NA,NA,NA,NA,NA,NA,NA,3.07977,-1.29524,-1.71056,50,5.97613,5.97196,-110.13789,-4.99439,3.66587,25.1984,-33.71577,SOU_RED,MIA_RED,SEMissouriState,D1,OVC,20260227-SEMissouriState-1,ee89bef0-142b-11f1-bd15-e1e313853076,73.68942,NA,NA,7.29924,NA,NA,NA,NA,NA,NA,9cb2ba17-931f-41d8-9324-5ddeae6b795a,2026-02-27,22:30:21,2026-02-27T22:30:21Z,2026-02-27T22:30:21Z,NA,v3,471444,471355,270b77465999425caf9e0eadef204240,"Rosario, Moises",10267810,Right,SOU_RED,a2627459-ae82-4c39-89b2-2ecd210f4df4,55.05482,-111.28837,12.5992,6.16901,-3.45504,-16.85788,-1.97941,5.80459,1.83294,NA,NA,NA,NA,NA,NA,NA,NA,NA,NA,NA,NA,NA,NA,NA,NA,NA,NA,NA,NA,NA,NA,NA,NA,NA,NA,NA,NA,NA,NA,NA,NA,NA,NA,NA,NA,NA,NA,NA,NA,NA,NA,NA,NA,NA,NA,NA,NA,NA,NA,High,High,High,NA,NA,NA,NA,NA,NA,NA,NA,NA,NA,NA,NA,NA,NA,NA,NA,NA,NA,NA,NA,NA,NA,NA,NA,NA,NA,NA,NA,NA,NA,NA,NA,NA,NA,NA,NA,NA,NA,NA,NA,NA,NA,NA,NA,NA,NA,NA
NA,NA,NA,NA,NA,NA,NA,NA,NA,NA,NA,NA,NA,NA,NA,NA,147,2026-02-27,16:30:46,3,4,"White, Eddie",1000214559,Right,SOU_RED,"Christiansen, Hayden",830132,Right,MIA_RED,Undefined,5,Top,0,1,2,ChangeUp,Changeup,StrikeSwinging,Strikeout,Undefined,Undefined,0,0,NA,79.74035,-2.911689,-3.464001,1873.071083,216.528781,01:15:00,6.10131,2.05892,6.43517,-28.85167,15.31249,10.06355,1.01397,-0.28974,71.76973,-8.379812,-1.641559,0.478307,NA,NA,NA,NA,NA,NA,NA,NA,NA,NA,NA,-6.42489,9.50083,-1.81655,50,5.88102,6.61874,-115.34796,-6.62196,-8.45978,25.99288,-19.6641,SOU_RED,MIA_RED,SEMissouriState,D1,OVC,20260227-SEMissouriState-1,fd933bb0-142b-11f1-bd15-e1e313853076,78.80391,NA,NA,7.97062,NA,NA,NA,NA,NA,NA,9cb2ba17-931f-41d8-9324-5ddeae6b795a,2026-02-27,22:30:46,2026-02-27T22:30:46Z,2026-02-27T22:30:46Z,NA,v3,471444,471355,270b77465999425caf9e0eadef204240,"Rosario, Moises",10267810,Right,SOU_RED,4b2f3818-255f-4165-9607-4c03104a285b,54.05925,-116.25908,12.99644,6.10106,-5.93268,-9.83205,-2.05375,6.91528,-4.22989,NA,NA,NA,NA,NA,NA,NA,NA,NA,NA,NA,NA,NA,NA,NA,NA,NA,NA,NA,NA,NA,NA,NA,NA,NA,NA,NA,NA,NA,NA,NA,NA,NA,NA,NA,NA,NA,NA,NA,NA,NA,NA,NA,NA,NA,NA,NA,NA,NA,NA,High,High,High,NA,NA,NA,NA,NA,NA,NA,NA,NA,NA,NA,NA,NA,NA,NA,NA,NA,NA,NA,NA,NA,NA,NA,NA,NA,NA,NA,NA,NA,NA,NA,NA,NA,NA,NA,NA,NA,NA,NA,NA,NA,NA,NA,NA,NA,NA,NA
NA,NA,NA,NA,NA,NA,NA,NA,NA,NA,NA,NA,NA,NA,NA,NA,148,2026-02-27,16:31:12,4,1,"White, Eddie",1000214559,Right,SOU_RED,"Gonzalez, Ignacio",10124440,Right,MIA_RED,Undefined,5,Top,1,0,0,Fastball,Sinker,StrikeCalled,Undefined,Undefined,Undefined,0,0,NA,88.23321,-2.80206,-3.99097,1990.008924,215.709325,01:15:00,6.29192,2.07404,5.92333,-15.92336,21.00714,14.02658,2.3564600000000002,-0.46642,78.67852,-5.901391,-1.480138,0.437385,NA,NA,NA,NA,NA,NA,NA,NA,NA,NA,NA,-8.47851,12.09635,-1.76175,50,6.05807,8.27076,-127.39564,-6.64478,-13.5926,32.14348,-12.78135,SOU_RED,MIA_RED,SEMissouriState,D1,OVC,20260227-SEMissouriState-1,0d1a25d0-142c-11f1-bd15-e1e313853076,86.17676,NA,NA,9.55469,NA,NA,NA,NA,NA,NA,9cb2ba17-931f-41d8-9324-5ddeae6b795a,2026-02-27,22:31:12,2026-02-27T22:31:12Z,2026-02-27T22:31:12Z,NA,v3,471444,471355,270b77465999425caf9e0eadef204240,"Rosario, Moises",10267810,Right,SOU_RED,fdd260ed-e7d4-4889-b9c9-75e3ebe14c15,54.56925,-128.54335,16.07174,6.28719,-6.18841,-6.39067,-2.06573,8.7561,-6.7963,NA,NA,NA,NA,NA,NA,NA,NA,NA,NA,NA,NA,NA,NA,NA,NA,NA,NA,NA,NA,NA,NA,NA,NA,NA,NA,NA,NA,NA,NA,NA,NA,NA,NA,NA,NA,NA,NA,NA,NA,NA,NA,NA,NA,NA,NA,NA,NA,NA,NA,High,High,High,NA,NA,NA,NA,NA,NA,NA,NA,NA,NA,NA,NA,NA,NA,NA,NA,NA,NA,NA,NA,NA,NA,NA,NA,NA,NA,NA,NA,NA,NA,NA,NA,NA,NA,NA,NA,NA,NA,NA,NA,NA,NA,NA,NA,NA,NA,NA
NA,NA,NA,NA,NA,NA,NA,NA,NA,NA,NA,NA,NA,NA,NA,NA,149,2026-02-27,16:31:45,4,2,"White, Eddie",1000214559,Right,SOU_RED,"Gonzalez, Ignacio",10124440,Right,MIA_RED,Undefined,5,Top,1,0,1,ChangeUp,Changeup,BallCalled,Undefined,Undefined,Undefined,0,0,NA,80.15377,-3.74085,-3.912386,1886.419355,222.518617,01:30:00,6.08414,2.16712,6.33865,-28.88801,14.45682,11.87186,0.21972,-0.45123,73.24447,-9.148418,-1.767052,0.473849,NA,NA,NA,NA,NA,NA,NA,NA,NA,NA,NA,-7.36725,9.10749,-1.88745,50,5.79738,7.50902,-115.96101,-8.37944,-9.95563,23.21792,-19.86676,SOU_RED,MIA_RED,SEMissouriState,D1,OVC,20260227-SEMissouriState-1,2077e180-142c-11f1-bd15-e1e313853076,79.54525,NA,NA,6.9093,NA,NA,NA,NA,NA,NA,9cb2ba17-931f-41d8-9324-5ddeae6b795a,2026-02-27,22:31:45,2026-02-27T22:31:45Z,2026-02-27T22:31:45Z,NA,v3,471444,471355,270b77465999425caf9e0eadef204240,"Rosario, Moises",10267810,Right,SOU_RED,c70d30cb-c5d9-4fd3-b396-c5edaab575f1,54.15906,-116.79078,11.60896,6.08416,-7.66944,-9.93338,-2.16217,7.86482,-4.97782,NA,NA,NA,NA,NA,NA,NA,NA,NA,NA,NA,NA,NA,NA,NA,NA,NA,NA,NA,NA,NA,NA,NA,NA,NA,NA,NA,NA,NA,NA,NA,NA,NA,NA,NA,NA,NA,NA,NA,NA,NA,NA,NA,NA,NA,NA,NA,NA,NA,NA,High,High,High,NA,NA,NA,NA,NA,NA,NA,NA,NA,NA,NA,NA,NA,NA,NA,NA,NA,NA,NA,NA,NA,NA,NA,NA,NA,NA,NA,NA,NA,NA,NA,NA,NA,NA,NA,NA,NA,NA,NA,NA,NA,NA,NA,NA,NA,NA,NA
NA,NA,NA,NA,NA,NA,NA,NA,NA,NA,NA,NA,NA,NA,NA,NA,150,2026-02-27,16:32:19,4,3,"White, Eddie",1000214559,Right,SOU_RED,"Gonzalez, Ignacio",10124440,Right,MIA_RED,Undefined,5,Top,1,1,1,ChangeUp,Changeup,StrikeCalled,Undefined,Undefined,Undefined,0,0,NA,79.55503,-0.230077,-3.236036,1825.786447,231.411458,01:45:00,6.10756,2.10474,6.32536,-31.86868,11.93123,13.082090000000001,3.23962,0.21163,72.32916,-6.230973,-0.87246,0.47633,NA,NA,NA,NA,NA,NA,NA,NA,NA,NA,NA,-7.71134,6.73445,-1.87387,50,6.07579,6.04326,-115.39135,-1.34271,-10.31885,22.9827,-23.16241,SOU_RED,MIA_RED,SEMissouriState,D1,OVC,20260227-SEMissouriState-1,34e53870-142c-11f1-bd15-e1e313853076,79.13094,NA,NA,7.22587,NA,NA,NA,NA,NA,NA,9cb2ba17-931f-41d8-9324-5ddeae6b795a,2026-02-27,22:32:19,2026-02-27T22:32:19Z,2026-02-27T22:32:19Z,NA,v3,471444,471355,270b77465999425caf9e0eadef204240,"Rosario, Moises",10267810,Right,SOU_RED,02e37c37-5c4a-4b8d-833f-9587568bdbe5,54.17057,-116.21904,11.49135,6.10913,-0.50855,-11.58121,-2.0982,6.41488,-5.15942,NA,NA,NA,NA,NA,NA,NA,NA,NA,NA,NA,NA,NA,NA,NA,NA,NA,NA,NA,NA,NA,NA,NA,NA,NA,NA,NA,NA,NA,NA,NA,NA,NA,NA,NA,NA,NA,NA,NA,NA,NA,NA,NA,NA,NA,NA,NA,NA,NA,NA,High,High,High,NA,NA,NA,NA,NA,NA,NA,NA,NA,NA,NA,NA,NA,NA,NA,NA,NA,NA,NA,NA,NA,NA,NA,NA,NA,NA,NA,NA,NA,NA,NA,NA,NA,NA,NA,NA,NA,NA,NA,NA,NA,NA,NA,NA,NA,NA,NA
NA,NA,NA,NA,NA,NA,NA,NA,NA,NA,NA,NA,NA,NA,NA,NA,151,2026-02-27,16:32:42,4,4,"White, Eddie",1000214559,Right,SOU_RED,"Gonzalez, Ignacio",10124440,Right,MIA_RED,Undefined,5,Top,1,1,2,Fastball,Four-Seam,StrikeSwinging,Strikeout,Undefined,Undefined,0,0,NA,87.78083,-1.15853,-2.552151,2009.224946,217.075684,01:15:00,6.31536,2.12981,5.85228,-19.26497,17.5734,12.27103,3.63226,0.77945,79.12738,-4.834046,-0.353677,0.436839,NA,NA,NA,NA,NA,NA,NA,NA,NA,NA,NA,-7.00422,9.70083,-1.9292,50,6.20997,5.13369,-127.17945,-3.13125,-11.31797,29.34831,-16.49868,SOU_RED,MIA_RED,SEMissouriState,D1,OVC,20260227-SEMissouriState-1,429f51d0-142c-11f1-bd15-e1e313853076,86.28449,NA,NA,8.65345,NA,NA,NA,NA,NA,NA,9cb2ba17-931f-41d8-9324-5ddeae6b795a,2026-02-27,22:32:42,2026-02-27T22:32:42Z,2026-02-27T22:32:42Z,NA,v3,471444,471355,270b77465999425caf9e0eadef204240,"Rosario, Moises",10267810,Right,SOU_RED,efeaac43-69c0-4230-8025-b7e2e0983415,54.642,-128.24618,14.67415,6.31289,-2.53157,-8.24934,-2.12327,5.54507,-5.65899,NA,NA,NA,NA,NA,NA,NA,NA,NA,NA,NA,NA,NA,NA,NA,NA,NA,NA,NA,NA,NA,NA,NA,NA,NA,NA,NA,NA,NA,NA,NA,NA,NA,NA,NA,NA,NA,NA,NA,NA,NA,NA,NA,NA,NA,NA,NA,NA,NA,NA,High,High,High,NA,NA,NA,NA,NA,NA,NA,NA,NA,NA,NA,NA,NA,NA,NA,NA,NA,NA,NA,NA,NA,NA,NA,NA,NA,NA,NA,NA,NA,NA,NA,NA,NA,NA,NA,NA,NA,NA,NA,NA,NA,NA,NA,NA,NA,NA,NA
NA,NA,NA,NA,NA,NA,NA,NA,NA,NA,NA,NA,NA,NA,NA,NA,152,2026-02-27,16:33:12,5,1,"White, Eddie",1000214559,Right,SOU_RED,"Cruz, Diego",1000178634,Left,MIA_RED,Undefined,5,Top,2,0,0,ChangeUp,Changeup,BallCalled,Undefined,Undefined,Undefined,0,0,NA,79.53528,-0.007404,-0.899114,1920.785719,235.277567,01:45:00,6.10075,0.73672,6.11435,-33.60006,10.298,12.80442,3.2939,0.97237,72.66828,-6.287734,1.410069,0.476864,NA,NA,NA,NA,NA,NA,NA,NA,NA,NA,NA,-6.823,5.7678,-0.67406,50,6.08282,1.33436,-115.5416,-0.99486,-9.18768,22.30674,-24.40728,SOU_RED,MIA_RED,SEMissouriState,D1,OVC,20260227-SEMissouriState-1,5430d900-142c-11f1-bd15-e1e313853076,79.0424,NA,NA,6.867,NA,NA,NA,NA,NA,NA,9cb2ba17-931f-41d8-9324-5ddeae6b795a,2026-02-27,22:33:12,2026-02-27T22:33:12Z,2026-02-27T22:33:12Z,NA,v3,471444,471355,270b77465999425caf9e0eadef204240,"Rosario, Moises",10267810,Right,SOU_RED,33c48f35-f8cd-44f2-acb2-1d77e1b0517c,54.38242,-116.38461,11.15337,6.10299,-0.07247,-12.20364,-0.73104,1.68157,-4.59384,NA,NA,NA,NA,NA,NA,NA,NA,NA,NA,NA,NA,NA,NA,NA,NA,NA,NA,NA,NA,NA,NA,NA,NA,NA,NA,NA,NA,NA,NA,NA,NA,NA,NA,NA,NA,NA,NA,NA,NA,NA,NA,NA,NA,NA,NA,NA,NA,NA,NA,High,High,High,NA,NA,NA,NA,NA,NA,NA,NA,NA,NA,NA,NA,NA,NA,NA,NA,NA,NA,NA,NA,NA,NA,NA,NA,NA,NA,NA,NA,NA,NA,NA,NA,NA,NA,NA,NA,NA,NA,NA,NA,NA,NA,NA,NA,NA,NA,NA
NA,NA,NA,NA,NA,NA,NA,NA,NA,NA,NA,NA,NA,NA,NA,NA,153,2026-02-27,16:33:31,5,2,"White, Eddie",1000214559,Right,SOU_RED,"Cruz, Diego",1000178634,Left,MIA_RED,Undefined,5,Top,2,1,0,ChangeUp,Changeup,StrikeCalled,Undefined,Undefined,Undefined,0,0,NA,78.85343,-0.096832,-1.232986,1867.192026,217.59097,01:15:00,6.08256,0.79122,6.06933,-29.92356,15.17316,10.46308,3.4993,0.52199,71.4191,-5.74251,0.651374,0.48333,NA,NA,NA,NA,NA,NA,NA,NA,NA,NA,NA,-5.72607,8.31264,-0.70094,50,6.05928,2.06755,-114.41684,-1.0224,-7.50295,23.38552,-21.28187,SOU_RED,MIA_RED,SEMissouriState,D1,OVC,20260227-SEMissouriState-1,6011c590-142c-11f1-bd15-e1e313853076,77.98489,NA,NA,7.43433,NA,NA,NA,NA,NA,NA,9cb2ba17-931f-41d8-9324-5ddeae6b795a,2026-02-27,22:33:31,2026-02-27T22:33:31Z,2026-02-27T22:33:31Z,NA,v3,471444,471355,270b77465999425caf9e0eadef204240,"Rosario, Moises",10267810,Right,SOU_RED,433e4d11-2e4f-4cc6-a8c5-850414c796c9,54.42529,-115.31777,11.69276,6.08287,-0.20251,-10.640930000000001,-0.78617,2.3566,-3.75147,NA,NA,NA,NA,NA,NA,NA,NA,NA,NA,NA,NA,NA,NA,NA,NA,NA,NA,NA,NA,NA,NA,NA,NA,NA,NA,NA,NA,NA,NA,NA,NA,NA,NA,NA,NA,NA,NA,NA,NA,NA,NA,NA,NA,NA,NA,NA,NA,NA,NA,High,High,High,NA,NA,NA,NA,NA,NA,NA,NA,NA,NA,NA,NA,NA,NA,NA,NA,NA,NA,NA,NA,NA,NA,NA,NA,NA,NA,NA,NA,NA,NA,NA,NA,NA,NA,NA,NA,NA,NA,NA,NA,NA,NA,NA,NA,NA,NA,NA
NA,NA,NA,NA,NA,NA,NA,NA,NA,NA,NA,NA,NA,NA,NA,NA,154,2026-02-27,16:33:52,5,3,"White, Eddie",1000214559,Right,SOU_RED,"Cruz, Diego",1000178634,Left,MIA_RED,Undefined,5,Top,2,1,1,Fastball,Four-Seam,InPlay,Undefined,GroundBall,Single,0,2,NA,87.36658,-2.256346,-1.47811,1955.985885,209.936895,01:00:00,6.29217,0.72262,5.89266,-18.36288,18.26891,9.84217,2.66521,0.17012,79.92586,-5.733178,0.288415,0.435613,82.70854,-0.369925,5.603912,1653.624377,NA,NA,NA,50.89568,50.6479,5.070502,0.408918,-5.51162,10.378,-0.60949,50,6.09992,2.87815,-126.83185,-5.53901,-8.96925,26.17355,-15.28556,SOU_RED,MIA_RED,SEMissouriState,D1,OVC,20260227-SEMissouriState-1,6c830b40-142c-11f1-bd15-e1e313853076,86.52745,2.9305,NA,7.44071,NA,NA,NA,3.56656,2.9305,-0.14516,9cb2ba17-931f-41d8-9324-5ddeae6b795a,2026-02-27,22:33:52,2026-02-27T22:33:52Z,2026-02-27T22:33:52Z,GroundBall,v3,471444,471355,270b77465999425caf9e0eadef204240,"Rosario, Moises",10267810,Right,SOU_RED,0f3e78fc-1eae-4c0c-98bc-e83e6be3e8cd,54.60703,-127.77904,13.08678,6.29036,-4.98585,-7.64278,-0.71952,3.20274,-4.48463,311.996609,3.57241,120.53216,-12.97332,NA,NA,NA,NA,NA,NA,2.93397,-0.8961,-15.37488,NA,NA,NA,NA,NA,NA,-0.14467,11.82908,-1.16439,NA,NA,NA,NA,NA,NA,NA,NA,NA,NA,NA,NA,NA,NA,NA,NA,NA,NA,NA,NA,NA,NA,NA,NA,NA,NA,NA,NA,High,High,High,High,High,NA,NA,NA,NA,NA,NA,NA,NA,NA,NA,NA,NA,NA,NA,NA,NA,NA,NA,NA,NA,NA,NA,NA,NA,NA,NA,NA,NA,NA,NA,NA,NA,NA,NA,NA,NA,NA,NA,NA,NA,NA,NA,NA,NA,NA
NA,NA,NA,NA,NA,NA,NA,NA,NA,NA,NA,NA,NA,NA,NA,NA,155,2026-02-27,16:35:12,6,1,"White, Eddie",1000214559,Right,SOU_RED,"Raether, Carson",1000338521,Left,MIA_RED,Undefined,5,Top,2,0,0,Fastball,Four-Seam,BallCalled,Undefined,Undefined,Undefined,0,0,NA,87.49041,-2.083344,-0.876522,2043.999007,216.867834,01:15:00,6.30483,0.76103,5.75002,-18.47867,18.23084,12.7891,2.82436,1.01073,80.0374,-5.572395,1.413356,0.436075,NA,NA,NA,NA,NA,NA,NA,NA,NA,NA,NA,-6.73429,10.21256,-0.69604,50,6.12058,1.3989,-126.99318,-5.17206,-10.99698,26.01564,-15.49705,SOU_RED,MIA_RED,SEMissouriState,D1,OVC,20260227-SEMissouriState-1,9bb4ccf0-142c-11f1-bd15-e1e313853076,86.43576,NA,NA,7.45302,NA,NA,NA,NA,NA,NA,9cb2ba17-931f-41d8-9324-5ddeae6b795a,2026-02-27,22:35:12,2026-02-27T22:35:12Z,2026-02-27T22:35:12Z,NA,v3,471444,471355,270b77465999425caf9e0eadef204240,"Rosario, Moises",10267810,Right,SOU_RED,c2b38a75-3375-4de5-ab51-441c62870ee1,54.74751,-127.96205,13.00782,6.30245,-4.59492,-7.74852,-0.75576,1.80845,-5.49849,NA,NA,NA,NA,NA,NA,NA,NA,NA,NA,NA,NA,NA,NA,NA,NA,NA,NA,NA,NA,NA,NA,NA,NA,NA,NA,NA,NA,79.60359,1.93236,0.72489,1.207471,-1.64842,2.51886,-1.08987,0.27073,5.88139,0.67668,127.27848,-0.07626,3.24987,0.35432,115.28194,-8.49183,5.90804,10.41877,-12.75878,0.64931,-0.32996,2.08032,High,High,High,NA,NA,High,High,High,NA,NA,NA,NA,NA,NA,NA,NA,NA,NA,NA,NA,NA,NA,NA,NA,NA,NA,NA,NA,NA,NA,NA,NA,NA,NA,NA,NA,NA,NA,NA,NA,NA,NA,NA,NA,NA,NA,NA,NA,NA,NA
NA,NA,NA,NA,NA,NA,NA,NA,NA,NA,NA,NA,NA,NA,NA,NA,156,2026-02-27,16:38:24,6,2,"White, Eddie",1000214559,Right,SOU_RED,"Raether, Carson",1000338521,Left,MIA_RED,Undefined,5,Top,2,1,0,ChangeUp,Changeup,StrikeCalled,Undefined,Undefined,Undefined,0,0,NA,79.3314,-1.977978,-2.295388,1851.477331,228.821222,01:45:00,6.07488,0.72159,6.36058,-31.89809,12.35745,12.29418,1.59419,-0.36747,71.94722,-7.980227,-0.068061,0.478801,NA,NA,NA,NA,NA,NA,NA,NA,NA,NA,NA,-7.09158,7.55752,-0.56054,50,5.91694,4.1635,-115.0272,-4.84311,-9.36343,24.22601,-22.195430000000002,SOU_RED,MIA_RED,SEMissouriState,D1,OVC,20260227-SEMissouriState-1,0e229fb0-142d-11f1-bd15-e1e313853076,78.72254,NA,NA,7.38418,NA,NA,NA,NA,NA,NA,9cb2ba17-931f-41d8-9324-5ddeae6b795a,2026-02-27,22:38:24,2026-02-27T22:38:24Z,2026-02-27T22:38:24Z,NA,v3,471444,471355,270b77465999425caf9e0eadef204240,"Rosario, Moises",10267810,Right,SOU_RED,27144090-e51b-4955-a584-a9b1a7a136b3,54.13472,-115.89474,12.11301,6.07615,-4.04828,-11.09771,-0.71564,4.49881,-4.68171,NA,NA,NA,NA,NA,NA,NA,NA,NA,NA,NA,NA,NA,NA,NA,NA,NA,NA,NA,NA,NA,NA,NA,NA,NA,NA,NA,NA,NA,NA,NA,NA,NA,NA,NA,NA,NA,NA,NA,NA,NA,NA,NA,NA,NA,NA,NA,NA,NA,NA,High,High,High,NA,NA,NA,NA,NA,NA,NA,NA,NA,NA,NA,NA,NA,NA,NA,NA,NA,NA,NA,NA,NA,NA,NA,NA,NA,NA,NA,NA,NA,NA,NA,NA,NA,NA,NA,NA,NA,NA,NA,NA,NA,NA,NA,NA,NA,NA,NA
NA,NA,NA,NA,NA,NA,NA,NA,NA,NA,NA,NA,NA,NA,NA,NA,157,2026-02-27,16:38:39,6,3,"White, Eddie",1000214559,Right,SOU_RED,"Raether, Carson",1000338521,Left,MIA_RED,Undefined,5,Top,2,1,1,Fastball,Changeup,FoulBallNotFieldable,Undefined,Undefined,Undefined,0,0,NA,86.69214,-2.572758,-1.205973,1930.993193,219.550491,01:15:00,6.33372,0.69929,5.76838,-20.67611,17.04001,12.98524,2.21428,0.65891,78.73081,-6.471384,1.120315,0.442013,94.69595,22.946549,-43.579936,3801.217299,74.38245,38.51403,-81.03791,292.44137,203.91498,-55.411033,3.532249,-7.00689,9.86426,-0.60761,50,6.1085,2.10618,-125.68596,-6.27545,-11.10102,27.7502,-16.54614,SOU_RED,MIA_RED,SEMissouriState,D1,OVC,20260227-SEMissouriState-1,179a7b80-142d-11f1-bd15-e1e313853076,85.27451,45.12917,NA,7.96133,NA,NA,NA,1.34343,2.32709,-0.77956,9cb2ba17-931f-41d8-9324-5ddeae6b795a,2026-02-27,22:38:39,2026-02-27T22:38:39Z,2026-02-27T22:38:39Z,LineDrive,v3,471444,471355,270b77465999425caf9e0eadef204240,"Rosario, Moises",10267810,Right,SOU_RED,33b442b8-04fa-4d7a-b393-9a71a50fe3bb,54.72927,-126.72583,13.8751,6.33204,-5.65542,-8.27307,-0.69433,2.52217,-5.55051,NA,1.34355,92.64613,-23.60402,5.58145,-1.25889,0.23415,-0.03212,0.00241,-4e-5,2.327,54.1512,-19.10991,1.5569,-0.28732,0.07226,-0.01837,0.00345,-2.8e-4,-0.77963,-88.16544,8.00599,-0.79137,-0.02362,0.05342,-0.01827,0.00323,-2.5e-4,NA,NA,NA,NA,NA,NA,NA,NA,NA,NA,NA,NA,NA,NA,NA,NA,NA,NA,NA,NA,NA,NA,High,High,High,High,Medium,NA,NA,NA,NA,NA,NA,NA,NA,NA,NA,NA,NA,NA,NA,NA,NA,NA,NA,NA,NA,NA,NA,NA,NA,NA,NA,NA,NA,NA,NA,NA,NA,NA,NA,NA,NA,NA,NA,NA,NA,NA,NA,NA,NA,NA
NA,NA,NA,NA,NA,NA,NA,NA,NA,NA,NA,NA,NA,NA,NA,NA,158,2026-02-27,16:39:06,6,4,"White, Eddie",1000214559,Right,SOU_RED,"Raether, Carson",1000338521,Left,MIA_RED,Undefined,5,Top,2,1,2,Fastball,Four-Seam,FoulBallNotFieldable,Undefined,Undefined,Undefined,0,0,NA,88.28444,-2.050485,-1.093172,2042.731255,209.452732,01:00:00,6.28724,0.70329,5.6758,-14.14694,23.8432,12.44603,3.19561,0.72123,76.8436,-4.88428,1.131284,0.443616,NA,NA,NA,NA,NA,NA,NA,NA,NA,NA,NA,-6.75067,13.42418,-0.61903,50,6.10624,1.86957,-127.42492,-4.87435,-10.53609,38.52368,-11.22233,SOU_RED,MIA_RED,SEMissouriState,D1,OVC,20260227-SEMissouriState-1,2743e1c0-142d-11f1-bd15-e1e313853076,84.96645,NA,NA,11.44084,NA,NA,NA,NA,NA,NA,9cb2ba17-931f-41d8-9324-5ddeae6b795a,2026-02-27,22:39:06,2026-02-27T22:39:06Z,2026-02-27T22:39:06Z,NA,v3,471444,471355,270b77465999425caf9e0eadef204240,"Rosario, Moises",10267810,Right,SOU_RED,0631e784-bbfd-494f-bda7-c7fec46cfbd2,54.81413,-128.87213,19.26184,6.28144,-4.45277,-5.61116,-0.6967,2.26537,-5.26804,NA,NA,NA,NA,NA,NA,NA,NA,NA,NA,NA,NA,NA,NA,NA,NA,NA,NA,NA,NA,NA,NA,NA,NA,NA,NA,NA,NA,NA,NA,NA,NA,NA,NA,NA,NA,NA,NA,NA,NA,NA,NA,NA,NA,NA,NA,NA,NA,NA,NA,High,High,High,NA,NA,NA,NA,NA,NA,NA,NA,NA,NA,NA,NA,NA,NA,NA,NA,NA,NA,NA,NA,NA,NA,NA,NA,NA,NA,NA,NA,NA,NA,NA,NA,NA,NA,NA,NA,NA,NA,NA,NA,NA,NA,NA,NA,NA,NA,NA
NA,NA,NA,NA,NA,NA,NA,NA,NA,NA,NA,NA,NA,NA,NA,NA,159,2026-02-27,16:39:35,6,5,"White, Eddie",1000214559,Right,SOU_RED,"Raether, Carson",1000338521,Left,MIA_RED,Undefined,5,Top,2,1,2,Fastball,Four-Seam,StrikeCalled,Strikeout,Undefined,Undefined,0,0,NA,88.10913,-3.151024,-1.903339,2026.935754,213.219953,01:00:00,6.21536,0.75422,5.93293,-17.14269,19.98851,12.0715,1.85884,-0.00632,78.28513,-6.473415,0.264516,0.438572,NA,NA,NA,NA,NA,NA,NA,NA,NA,NA,NA,-6.81264,11.7919,-0.60869,50,5.95395,3.70281,-127.33518,-7.45679,-10.84083,33.64795,-13.40984,SOU_RED,MIA_RED,SEMissouriState,D1,OVC,20260227-SEMissouriState-1,388721e0-142d-11f1-bd15-e1e313853076,85.94355,NA,NA,9.82401,NA,NA,NA,NA,NA,NA,9cb2ba17-931f-41d8-9324-5ddeae6b795a,2026-02-27,22:39:35,2026-02-27T22:39:35Z,2026-02-27T22:39:35Z,NA,v3,471444,471355,270b77465999425caf9e0eadef204240,"Rosario, Moises",10267810,Right,SOU_RED,83322e83-6ff7-4d31-973e-77942f0ac820,54.5589,-128.53421,16.82397,6.21116,-6.97894,-6.70492,-0.74752,4.08912,-5.42041,NA,NA,NA,NA,NA,NA,NA,NA,NA,NA,NA,NA,NA,NA,NA,NA,NA,NA,NA,NA,NA,NA,NA,NA,NA,NA,NA,NA,75.07178,1.680756,0.809882,0.870874,-0.88532,1.59399,-0.00619,-0.25395,5.31575,-2.32917,65.9842,3.86678,-58.8154,-0.22942,81.16311,-5.92303,5.3313,9.75963,-13.15794,-2.37639,-72.56379,8.96416,High,High,High,NA,NA,High,High,High,NA,NA,NA,NA,NA,NA,NA,NA,NA,NA,NA,NA,NA,NA,NA,NA,NA,NA,NA,NA,NA,NA,NA,NA,NA,NA,NA,NA,NA,NA,NA,NA,NA,NA,NA,NA,NA,NA,NA,NA,NA,NA
NA,NA,NA,NA,NA,NA,NA,NA,NA,NA,NA,NA,NA,NA,NA,NA,160,2026-02-27,16:41:37,1,1,"Byers, Carson",1000133996,Left,MIA_RED,"Sullivan, Cal",10092054,Right,SOU_RED,Undefined,5,Bottom,0,0,0,Fastball,Sinker,StrikeCalled,Undefined,Undefined,Undefined,0,0,NA,86.501,-1.322203,2.412478,2018.865173,130.196017,10:15:00,5.42702,-1.377,5.89711,-20.97694,17.0945,-18.5219,2.45012,-0.67945,77.61454,-5.324393,-0.910479,0.44409,NA,NA,NA,NA,NA,NA,NA,NA,NA,NA,NA,10.1439,9.56945,1.19273,50,5.30865,-4.47714,-125.28153,-3.49621,15.81246,29.84174,-17.257,SOU_RED,MIA_RED,SEMissouriState,D1,OVC,20260227-SEMissouriState-1,81acb7e0-142d-11f1-bd15-e1e313853076,84.87569,NA,NA,8.88645,NA,NA,NA,NA,NA,NA,9cb2ba17-931f-41d8-9324-5ddeae6b795a,2026-02-27,22:41:37,2026-02-27T22:41:37Z,2026-02-27T22:41:37Z,NA,v3,471444,471355,270b77465999425caf9e0eadef204240,"Raether, Carson",1000338521,Right,MIA_RED,ebfbd58e-cd04-425d-8c2d-31c82fc9d44f,54.59671,-126.37171,14.92087,5.42485,-2.86578,-8.6285,1.36684,-5.0548,7.90623,NA,NA,NA,NA,NA,NA,NA,NA,NA,NA,NA,NA,NA,NA,NA,NA,NA,NA,NA,NA,NA,NA,NA,NA,NA,NA,NA,NA,NA,NA,NA,NA,NA,NA,NA,NA,NA,NA,NA,NA,NA,NA,NA,NA,NA,NA,NA,NA,NA,NA,High,High,High,NA,NA,NA,NA,NA,NA,NA,NA,NA,NA,NA,NA,NA,NA,NA,NA,NA,NA,NA,NA,NA,NA,NA,NA,NA,NA,NA,NA,NA,NA,NA,NA,NA,NA,NA,NA,NA,NA,NA,NA,NA,NA,NA,NA,NA,NA,NA
NA,NA,NA,NA,NA,NA,NA,NA,NA,NA,NA,NA,NA,NA,NA,NA,161,2026-02-27,16:41:52,1,2,"Byers, Carson",1000133996,Left,MIA_RED,"Sullivan, Cal",10092054,Right,SOU_RED,Undefined,5,Bottom,0,0,1,Fastball,Sinker,BallCalled,Undefined,Undefined,Undefined,0,0,NA,86.66066,-2.577951,4.123401,2144.668515,134.305318,10:30:00,5.41134,-1.06263,6.13626,-18.32403,19.56942,-18.50135,1.49397,1.21308,77.43918,-6.12373,0.797419,0.443051,NA,NA,NA,NA,NA,NA,NA,NA,NA,NA,NA,10.83178,11.36733,0.75617,50,5.20449,-8.24632,-125.21766,-6.11413,16.80357,30.68573,-14.53963,SOU_RED,MIA_RED,SEMissouriState,D1,OVC,20260227-SEMissouriState-1,8a8d5cc0-142d-11f1-bd15-e1e313853076,85.07476,NA,NA,9.22148,NA,NA,NA,NA,NA,NA,9cb2ba17-931f-41d8-9324-5ddeae6b795a,2026-02-27,22:41:52,2026-02-27T22:41:52Z,2026-02-27T22:41:52Z,NA,v3,471444,471355,270b77465999425caf9e0eadef204240,"Raether, Carson",1000338521,Right,MIA_RED,e13101ac-938d-41b6-942f-69c3f288b24e,54.35724,-126.28093,15.34286,5.40762,-5.61033,-7.26982,1.052,-8.82857,8.40179,NA,NA,NA,NA,NA,NA,NA,NA,NA,NA,NA,NA,NA,NA,NA,NA,NA,NA,NA,NA,NA,NA,NA,NA,NA,NA,NA,NA,NA,NA,NA,NA,NA,NA,NA,NA,NA,NA,NA,NA,NA,NA,NA,NA,NA,NA,NA,NA,NA,NA,High,High,High,NA,NA,NA,NA,NA,NA,NA,NA,NA,NA,NA,NA,NA,NA,NA,NA,NA,NA,NA,NA,NA,NA,NA,NA,NA,NA,NA,NA,NA,NA,NA,NA,NA,NA,NA,NA,NA,NA,NA,NA,NA,NA,NA,NA,NA,NA,NA
NA,NA,NA,NA,NA,NA,NA,NA,NA,NA,NA,NA,NA,NA,NA,NA,162,2026-02-27,16:42:08,1,3,"Byers, Carson",1000133996,Left,MIA_RED,"Sullivan, Cal",10092054,Right,SOU_RED,Undefined,5,Bottom,0,1,1,Fastball,Cutter,StrikeCalled,Undefined,Undefined,Undefined,0,0,NA,84.87669,0.60809,2.184488,2375.014347,149.077092,11:00:00,5.19678,-1.56389,5.75834,-29.29187,10.61524,-5.43579,3.32225,0.01745,75.82065,-4.896526,1.212244,0.45467,NA,NA,NA,NA,NA,NA,NA,NA,NA,NA,NA,3.47229,5.65201,1.38588,50,5.22997,-4.44893,-122.84274,0.35796,5.18402,29.54298,-23.73577,SOU_RED,MIA_RED,SEMissouriState,D1,OVC,20260227-SEMissouriState-1,93b2d2d0-142d-11f1-bd15-e1e313853076,82.90063,NA,NA,9.05604,NA,NA,NA,NA,NA,NA,9cb2ba17-931f-41d8-9324-5ddeae6b795a,2026-02-27,22:42:08,2026-02-27T22:42:08Z,2026-02-27T22:42:08Z,NA,v3,471444,471355,270b77465999425caf9e0eadef204240,"Raether, Carson",1000338521,Right,MIA_RED,a8ffed27-f1db-475a-9932-191cce50caa2,54.73281,-123.97573,14.77149,5.19879,1.26824,-11.86789,1.56031,-4.64774,2.59201,NA,NA,NA,NA,NA,NA,NA,NA,NA,NA,NA,NA,NA,NA,NA,NA,NA,NA,NA,NA,NA,NA,NA,NA,NA,NA,NA,NA,NA,NA,NA,NA,NA,NA,NA,NA,NA,NA,NA,NA,NA,NA,NA,NA,NA,NA,NA,NA,NA,NA,High,High,High,NA,NA,NA,NA,NA,NA,NA,NA,NA,NA,NA,NA,NA,NA,NA,NA,NA,NA,NA,NA,NA,NA,NA,NA,NA,NA,NA,NA,NA,NA,NA,NA,NA,NA,NA,NA,NA,NA,NA,NA,NA,NA,NA,NA,NA,NA,NA
NA,NA,NA,NA,NA,NA,NA,NA,NA,NA,NA,NA,NA,NA,NA,NA,163,2026-02-27,16:42:26,1,4,"Byers, Carson",1000133996,Left,MIA_RED,"Sullivan, Cal",10092054,Right,SOU_RED,Undefined,5,Bottom,0,1,2,Slider,Curveball,InPlay,Undefined,GroundBall,Single,0,0,NA,77.25497,2.164599,0.044233,2775.237512,303.396277,04:00:00,5.06435,-1.77688,5.34287,-55.09613,-5.79445,11.81631,2.50451,-0.7507,68.83146,-7.940149,2.145471,0.505362,95.46643,-0.300704,-3.179087,2270.580809,NA,NA,NA,43.26494,42.79099,-2.534107,0.312212,-5.9004,-3.16221,1.76404,50,5.22034,-0.55961,-111.75478,2.34522,-7.21626,26.31297,-36.04148,SOU_RED,MIA_RED,SEMissouriState,D1,OVC,20260227-SEMissouriState-1,9ec7bcd0-142d-11f1-bd15-e1e313853076,74.58508,2.4978,NA,8.42351,NA,NA,NA,1.31302,2.4978,0.76162,9cb2ba17-931f-41d8-9324-5ddeae6b795a,2026-02-27,22:42:26,2026-02-27T22:42:26Z,2026-02-27T22:42:26Z,GroundBall,v3,471444,471355,270b77465999425caf9e0eadef204240,"Raether, Carson",1000338521,Right,MIA_RED,db72e3ba-ab0c-4917-87a6-2d0410c49c42,55.1537,-112.96171,13.15649,5.07485,3.99838,-18.02074,1.78212,-0.22861,-3.60813,24.796251,1.3157,139.6853,-17.51283,NA,NA,NA,NA,NA,NA,2.50211,-0.91832,-22.77021,NA,NA,NA,NA,NA,NA,0.76266,-7.8096,-2.44513,NA,NA,NA,NA,NA,NA,NA,NA,NA,NA,NA,NA,NA,NA,NA,NA,NA,NA,NA,NA,NA,NA,NA,NA,NA,NA,NA,NA,High,High,High,High,High,NA,NA,NA,NA,NA,NA,NA,NA,NA,NA,NA,NA,NA,NA,NA,NA,NA,NA,NA,NA,NA,NA,NA,NA,NA,NA,NA,NA,NA,NA,NA,NA,NA,NA,NA,NA,NA,NA,NA,NA,NA,NA,NA,NA,NA
NA,NA,NA,NA,NA,NA,NA,NA,NA,NA,NA,NA,NA,NA,NA,NA,164,2026-02-27,16:43:03,2,1,"Byers, Carson",1000133996,Left,MIA_RED,"Hall, Josiah",10136036,Right,SOU_RED,Undefined,5,Bottom,0,0,0,Fastball,Four-Seam,StrikeCalled,Undefined,Undefined,Undefined,0,0,NA,86.67853,-1.214601,2.966971,2136.647503,148.181056,11:00:00,5.43078,-1.1418,6.02068,-18.07891,19.77926,-11.36351,2.79753,0.66179,77.52283,-4.712482,0.926112,0.442844,NA,NA,NA,NA,NA,NA,NA,NA,NA,NA,NA,6.77374,10.94725,0.91501999999999994,50,5.32569,-6.01825,-125.4614,-3.12847,10.56485,30.46328,-15.09981,SOU_RED,MIA_RED,SEMissouriState,D1,OVC,20260227-SEMissouriState-1,b4ab3900-142d-11f1-bd15-e1e313853076,85.11442,NA,NA,9.15569,NA,NA,NA,NA,NA,NA,9cb2ba17-931f-41d8-9324-5ddeae6b795a,2026-02-27,22:43:03,2026-02-27T22:43:03Z,2026-02-27T22:43:03Z,NA,v3,471444,471355,270b77465999425caf9e0eadef204240,"Raether, Carson",1000338521,Right,MIA_RED,30f41d28-5f68-4c11-9ea9-6e4834901cc0,54.47205,-126.54261,15.23164,5.42722,-2.59256,-7.54991,1.13527,-6.39322,5.28242,NA,NA,NA,NA,NA,NA,NA,NA,NA,NA,NA,NA,NA,NA,NA,NA,NA,NA,NA,NA,NA,NA,NA,NA,NA,NA,NA,NA,NA,NA,NA,NA,NA,NA,NA,NA,NA,NA,NA,NA,NA,NA,NA,NA,NA,NA,NA,NA,NA,NA,High,High,High,NA,NA,NA,NA,NA,NA,NA,NA,NA,NA,NA,NA,NA,NA,NA,NA,NA,NA,NA,NA,NA,NA,NA,NA,NA,NA,NA,NA,NA,NA,NA,NA,NA,NA,NA,NA,NA,NA,NA,NA,NA,NA,NA,NA,NA,NA,NA
NA,NA,NA,NA,NA,NA,NA,NA,NA,NA,NA,NA,NA,NA,NA,NA,165,2026-02-27,16:43:19,2,2,"Byers, Carson",1000133996,Left,MIA_RED,"Hall, Josiah",10136036,Right,SOU_RED,Undefined,5,Bottom,0,0,1,Slider,Curveball,FoulBallNotFieldable,Undefined,Undefined,Undefined,0,0,NA,77.46373,1.793466,0.977901,2712.461562,291.008102,03:45:00,5.0747,-1.70967,5.51054,-51.34172,-3.4326,13.31505,2.47415,0.31447,70.20559,-7.613989,3.351519,0.498173,76.7252,-20.15165,-68.19643,NA,NA,NA,NA,6.99716,6.99716,-47.467952,0.059325,-6.43508,-1.87953,1.61503,50,5.19656,-2.42767,-112.31406,1.82117,-8.08736,23.40035,-34.53618,SOU_RED,MIA_RED,SEMissouriState,D1,OVC,20260227-SEMissouriState-1,bdffae50-142d-11f1-bd15-e1e313853076,75.66128,2.30609,NA,7.25814,NA,NA,NA,2.396,2.30609,0.67839,9cb2ba17-931f-41d8-9324-5ddeae6b795a,2026-02-27,22:43:19,2026-02-27T22:43:19Z,2026-02-27T22:43:19Z,GroundBall,v3,471444,471355,270b77465999425caf9e0eadef204240,"Raether, Carson",1000338521,Right,MIA_RED,be43460d-2975-4ff3-adbc-8f33e9f09557,54.98888,-113.34872,11.70018,5.08227,3.3482,-17.26809,1.71447,-2.07008,-4.04368,180,2.39499,39.34419,NA,NA,NA,NA,NA,NA,NA,2.3071,-38.87227,NA,NA,NA,NA,NA,NA,NA,0.68092,-98.34972,NA,NA,NA,NA,NA,NA,NA,NA,NA,NA,NA,NA,NA,NA,NA,NA,NA,NA,NA,NA,NA,NA,NA,NA,NA,NA,NA,NA,NA,High,High,High,Low,Low,NA,NA,NA,NA,NA,NA,NA,NA,NA,NA,NA,NA,NA,NA,NA,NA,NA,NA,NA,NA,NA,NA,NA,NA,NA,NA,NA,NA,NA,NA,NA,NA,NA,NA,NA,NA,NA,NA,NA,NA,NA,NA,NA,NA,NA
NA,NA,NA,NA,NA,NA,NA,NA,NA,NA,NA,NA,NA,NA,NA,NA,166,2026-02-27,16:43:44,2,3,"Byers, Carson",1000133996,Left,MIA_RED,"Hall, Josiah",10136036,Right,SOU_RED,Undefined,5,Bottom,0,0,2,Fastball,Sinker,InPlay,Undefined,FlyBall,Double,0,0,NA,87.02018,-1.017473,3.124665,2003.535074,130.646766,10:15:00,5.37363,-1.23611,6.2776,-21.27883,16.25343,-17.12072,2.66104,0.22017,77.16991,-5.12695,0.033819,0.440934,103.51431,24.933216,-19.623524,1948.058409,103.64888,48.17828,-36.83611,373.30341,365.87613,-18.11578,4.703412,10.02729,9.23819,1.0131,50,5.28825,-6.18079,-125.94542,-2.81102,15.58526,33.27964,-17.81529,SOU_RED,MIA_RED,SEMissouriState,D1,OVC,20260227-SEMissouriState-1,cd3bacc0-142d-11f1-bd15-e1e313853076,85.48313,70.32076,NA,9.85027,NA,NA,NA,1.79036,2.82476,-0.24191,9cb2ba17-931f-41d8-9324-5ddeae6b795a,2026-02-27,22:43:44,2026-02-27T22:43:44Z,2026-02-27T22:43:44Z,FlyBall,v3,471444,471355,270b77465999425caf9e0eadef204240,"Raether, Carson",1000338521,Right,MIA_RED,c72acea3-e099-4d12-8e04-2fcd8a52d680,54.21689,-127.0548,16.63982,5.37206,-2.21715,-8.90764,1.2278,-6.70033,7.79263,176.651884,1.78965,129.68459,-25.33856,5.90588,-1.20414,0.20843,-0.02953,0.00303,-1.5e-4,2.82678,63.96196,-16.79135,0.94169,-0.08979,-0.00906,0.00757,-0.0012,6e-5,-0.24183,-46.23897,8.26382,-1.56646,0.38994,-0.10659,0.02187,-0.00256,1.2e-4,NA,NA,NA,NA,NA,NA,NA,NA,NA,NA,NA,NA,NA,NA,NA,NA,NA,NA,NA,NA,NA,NA,High,High,High,High,Medium,NA,NA,NA,NA,NA,NA,NA,NA,NA,NA,NA,NA,NA,NA,NA,NA,NA,NA,NA,NA,NA,NA,NA,NA,NA,NA,NA,NA,NA,NA,NA,NA,NA,NA,NA,NA,NA,NA,NA,NA,NA,NA,NA,NA,NA
NA,NA,NA,NA,NA,NA,NA,NA,NA,NA,NA,NA,NA,NA,NA,NA,167,2026-02-27,16:44:38,3,1,"Byers, Carson",1000133996,Left,MIA_RED,"Lopetegui, Ryan",1000327160,Right,SOU_RED,Undefined,5,Bottom,0,0,0,Fastball,Sinker,InPlay,Undefined,LineDrive,Single,0,1,NA,86.41783,-2.143074,2.040745,1945.940735,138.691637,10:30:00,5.38036,-1.36575,6.15807,-20.39422,17.32064,-13.97894,1.69883,-0.64455,77.77456,-6.045037,-0.480456,0.442006,102.03278,14.591525,-7.390882,3026.300226,109.2168,24.61476,-13.10253,293.9928,292.96033,-6.354682,2.916649,7.94059,10.08453,1.21795,50,5.20723,-3.9103,-125.25955,-5.25057,12.37576,29.79073,-16.45685,SOU_RED,MIA_RED,SEMissouriState,D1,OVC,20260227-SEMissouriState-1,ed340810-142d-11f1-bd15-e1e313853076,85.27594,28.79685,NA,8.64327,NA,NA,NA,2.23189,1.82821,0.64689,9cb2ba17-931f-41d8-9324-5ddeae6b795a,2026-02-27,22:44:38,2026-02-27T22:44:38Z,2026-02-27T22:44:38Z,LineDrive,v3,471444,471355,270b77465999425caf9e0eadef204240,"Raether, Carson",1000338521,Right,MIA_RED,ee1154b0-b4b1-4f8c-878a-0bde1a6438ff,54.33905,-126.2873,14.89536,5.37857,-4.68282,-8.22843,1.36022,-4.33724,6.18788,179.169659,2.2318,143.62398,-27.21653,6.82974,-1.44565,0.26136,-0.03722,0.00348,-1.4e-4,1.82835,37.6899,-12.36674,-1.13806,0.56669,-0.13973,0.01962,-9.5e-4,-4e-5,0.64686,-18.62749,3.32942,-0.3097,-0.01446,0.01142,-0.00156,3e-5,1e-5,NA,NA,NA,NA,NA,NA,NA,NA,NA,NA,NA,NA,NA,NA,NA,NA,NA,NA,NA,NA,NA,NA,High,High,High,High,High,NA,NA,NA,NA,NA,NA,NA,NA,NA,NA,NA,NA,NA,NA,NA,NA,NA,NA,NA,NA,NA,NA,NA,NA,NA,NA,NA,NA,NA,NA,NA,NA,NA,NA,NA,NA,NA,NA,NA,NA,NA,NA,NA,NA,NA
NA,NA,NA,NA,NA,NA,NA,NA,NA,NA,NA,NA,NA,NA,NA,NA,168,2026-02-27,16:45:30,4,1,"Byers, Carson",1000133996,Left,MIA_RED,"Kettering, Brooks",62716,Left,SOU_RED,Undefined,5,Bottom,0,0,0,ChangeUp,Changeup,BallCalled,Undefined,Undefined,Undefined,0,0,NA,78.197,0.626777,5.039306,1573.463589,81.815816,08:45:00,4.90445,-1.58136,5.5474,-48.09802,-1.0141,-18.69036,1.48429,1.58247,70.90611,-8.181094,1.718551,0.493864,NA,NA,NA,NA,NA,NA,NA,NA,NA,NA,NA,10.91965,-0.14079,1.15642,50,4.92753,-9.22086,-113.03467,-0.36863,13.96454,22.82473,-32.35407,SOU_RED,MIA_RED,SEMissouriState,D1,OVC,20260227-SEMissouriState-1,0c9c3150-142e-11f1-bd15-e1e313853076,76.32144,NA,NA,7.29089,NA,NA,NA,NA,NA,NA,9cb2ba17-931f-41d8-9324-5ddeae6b795a,2026-02-27,22:45:30,2026-02-27T22:45:30Z,2026-02-27T22:45:30Z,NA,v3,471444,471355,270b77465999425caf9e0eadef204240,"Raether, Carson",1000338521,Right,MIA_RED,28e38957-b717-44bc-acfa-105fca3f2a56,54.9508,-114.02998,11.41237,4.91284,1.04224,-16.17704,1.57179,-9.82982,6.98227,NA,NA,NA,NA,NA,NA,NA,NA,NA,NA,NA,NA,NA,NA,NA,NA,NA,NA,NA,NA,NA,NA,NA,NA,NA,NA,NA,NA,NA,NA,NA,NA,NA,NA,NA,NA,NA,NA,NA,NA,NA,NA,NA,NA,NA,NA,NA,NA,NA,NA,High,High,High,NA,NA,NA,NA,NA,NA,NA,NA,NA,NA,NA,NA,NA,NA,NA,NA,NA,NA,NA,NA,NA,NA,NA,NA,NA,NA,NA,NA,NA,NA,NA,NA,NA,NA,NA,NA,NA,NA,NA,NA,NA,NA,NA,NA,NA,NA,NA
NA,NA,NA,NA,NA,NA,NA,NA,NA,NA,NA,NA,NA,NA,NA,NA,169,2026-02-27,16:45:48,4,2,"Byers, Carson",1000133996,Left,MIA_RED,"Kettering, Brooks",62716,Left,SOU_RED,Undefined,5,Bottom,0,1,0,Fastball,Sinker,FoulBallNotFieldable,Undefined,Undefined,Undefined,0,0,NA,86.13752,-1.446538,2.877252,1983.933695,133.861395,10:30:00,5.37225,-1.06649,6.08371,-21.89257,16.48753,-15.56454,2.20766,0.30054,76.85822,-5.640303,0.076585,0.445886,76.22737,43.244383,-37.692396,5229.055875,78.63994,81.72256,-76.91364,224.29353,105.12972,-49.208137,4.866607,9.04516,9.43851,0.85233,50,5.24907,-5.63469,-124.69881,-3.76632,13.86357,31.28883,-17.70761,SOU_RED,MIA_RED,SEMissouriState,D1,OVC,20260227-SEMissouriState-1,16f2d460-142e-11f1-bd15-e1e313853076,84.53371,84.46508,NA,9.2793,NA,NA,NA,1.23128,2.39835,-0.35804,9cb2ba17-931f-41d8-9324-5ddeae6b795a,2026-02-27,22:45:48,2026-02-27T22:45:48Z,2026-02-27T22:45:48Z,FlyBall,v3,471444,471355,270b77465999425caf9e0eadef204240,"Raether, Carson",1000338521,Right,MIA_RED,3abddb9a-9709-432d-80ee-e10cf2ae9d51,54.4117,-125.8009,15.64442,5.37075,-3.14261,-8.8538,1.0594,-6.12301,6.93178,154.550695,1.23607,64.32982,-18.60136,4.48707,-0.36292,-0.19727,0.07806,-0.01119,5.9e-4,2.39445,76.67116,-20.39984,1.49534,-0.22859,0.0151,0.01245,-0.00346,2.6e-4,-0.35871,-49.77799,5.802,-0.76775,-0.04957,0.06691,-0.01874,0.00242,-1.2e-4,NA,NA,NA,NA,NA,NA,NA,NA,NA,NA,NA,NA,NA,NA,NA,NA,NA,NA,NA,NA,NA,NA,High,High,High,Medium,Low,NA,NA,NA,NA,NA,NA,NA,NA,NA,NA,NA,NA,NA,NA,NA,NA,NA,NA,NA,NA,NA,NA,NA,NA,NA,NA,NA,NA,NA,NA,NA,NA,NA,NA,NA,NA,NA,NA,NA,NA,NA,NA,NA,NA,NA
NA,NA,NA,NA,NA,NA,NA,NA,NA,NA,NA,NA,NA,NA,NA,NA,170,2026-02-27,16:46:22,4,3,"Byers, Carson",1000133996,Left,MIA_RED,"Kettering, Brooks",62716,Left,SOU_RED,Undefined,5,Bottom,0,1,1,Fastball,Changeup,BallCalled,Undefined,Undefined,Undefined,0,0,NA,85.91353,0.513978,2.469621,1803.31273,131.229619,10:15:00,5.4762,-0.91748,5.98062,-20.97698,16.99273,-17.93942,4.205,-0.12185,77.88673,-3.477604,-0.752203,0.443496,NA,NA,NA,NA,NA,NA,NA,NA,NA,NA,NA,9.87615,8.93032,0.73182,50,5.50521,-4.63527,-124.65566,0.51996,15.43939,26.573,-18.21327,SOU_RED,MIA_RED,SEMissouriState,D1,OVC,20260227-SEMissouriState-1,2b6a3d70-142e-11f1-bd15-e1e313853076,84.98933,NA,NA,8.0268,NA,NA,NA,NA,NA,NA,9cb2ba17-931f-41d8-9324-5ddeae6b795a,2026-02-27,22:46:22,2026-02-27T22:46:22Z,2026-02-27T22:46:22Z,NA,v3,471444,471355,270b77465999425caf9e0eadef204240,"Raether, Carson",1000338521,Right,MIA_RED,6e955332-06e8-4c36-b8bb-8c9547a2f30e,54.51629,-125.61472,13.2865,5.47459,1.1773,-9.10664,0.90917,-5.19249,7.7197,NA,NA,NA,NA,NA,NA,NA,NA,NA,NA,NA,NA,NA,NA,NA,NA,NA,NA,NA,NA,NA,NA,NA,NA,NA,NA,NA,NA,NA,NA,NA,NA,NA,NA,NA,NA,NA,NA,NA,NA,NA,NA,NA,NA,NA,NA,NA,NA,NA,NA,High,High,High,NA,NA,NA,NA,NA,NA,NA,NA,NA,NA,NA,NA,NA,NA,NA,NA,NA,NA,NA,NA,NA,NA,NA,NA,NA,NA,NA,NA,NA,NA,NA,NA,NA,NA,NA,NA,NA,NA,NA,NA,NA,NA,NA,NA,NA,NA,NA
NA,NA,NA,NA,NA,NA,NA,NA,NA,NA,NA,NA,NA,NA,NA,NA,171,2026-02-27,16:46:41,4,4,"Byers, Carson",1000133996,Left,MIA_RED,"Kettering, Brooks",62716,Left,SOU_RED,Undefined,5,Bottom,0,2,1,ChangeUp,Changeup,StrikeCalled,Undefined,Undefined,Undefined,0,0,NA,78.40685,1.936633,4.32333,1623.852317,80.386109,08:45:00,4.97612,-1.73309,5.55614,-48.61101,-1.80654,-20.51226,2.74053,0.60469,70.84636,-6.986608,0.675851,0.492397,NA,NA,NA,NA,NA,NA,NA,NA,NA,NA,NA,11.60595,-0.95146,1.37233,50,5.1124,-7.7468,-113.39571,2.20972,14.9228,23.155,-33.3974,SOU_RED,MIA_RED,SEMissouriState,D1,OVC,20260227-SEMissouriState-1,36b41a20-142e-11f1-bd15-e1e313853076,76.54892,NA,NA,7.56049,NA,NA,NA,NA,NA,NA,9cb2ba17-931f-41d8-9324-5ddeae6b795a,2026-02-27,22:46:41,2026-02-27T22:46:41Z,2026-02-27T22:46:41Z,NA,v3,471444,471355,270b77465999425caf9e0eadef204240,"Raether, Carson",1000338521,Right,MIA_RED,0daea9ed-7f11-4989-aa2c-ea8afe361e5d,54.94229,-114.40046,11.5775,4.98507,3.65891,-16.6987,1.72253,-8.39434,7.4614,NA,NA,NA,NA,NA,NA,NA,NA,NA,NA,NA,NA,NA,NA,NA,NA,NA,NA,NA,NA,NA,NA,NA,NA,NA,NA,NA,NA,NA,NA,NA,NA,NA,NA,NA,NA,NA,NA,NA,NA,NA,NA,NA,NA,NA,NA,NA,NA,NA,NA,High,High,High,NA,NA,NA,NA,NA,NA,NA,NA,NA,NA,NA,NA,NA,NA,NA,NA,NA,NA,NA,NA,NA,NA,NA,NA,NA,NA,NA,NA,NA,NA,NA,NA,NA,NA,NA,NA,NA,NA,NA,NA,NA,NA,NA,NA,NA,NA,NA
NA,NA,NA,NA,NA,NA,NA,NA,NA,NA,NA,NA,NA,NA,NA,NA,172,2026-02-27,16:46:59,4,5,"Byers, Carson",1000133996,Left,MIA_RED,"Kettering, Brooks",62716,Left,SOU_RED,Undefined,5,Bottom,0,2,2,Fastball,Sinker,FoulBallNotFieldable,Undefined,Undefined,Undefined,0,0,NA,85.92121,-1.671452,2.796072,1901.478798,130.743192,10:15:00,5.35104,-1.10207,6.09998,-21.74104,15.98906,-17.10489,1.99117,0.06051,78.3178,-5.785646,-0.283533,0.442095,NA,NA,NA,NA,NA,NA,NA,NA,NA,NA,NA,9.63733,9.10926,0.89572,50,5.21085,-5.41053,-124.66542,-4.26828,15.10478,26.01624,-17.89696,SOU_RED,MIA_RED,SEMissouriState,D1,OVC,20260227-SEMissouriState-1,41329080-142e-11f1-bd15-e1e313853076,85.25872,NA,NA,7.6034,NA,NA,NA,NA,NA,NA,9cb2ba17-931f-41d8-9324-5ddeae6b795a,2026-02-27,22:46:59,2026-02-27T22:46:59Z,2026-02-27T22:46:59Z,NA,v3,471444,471355,270b77465999425caf9e0eadef204240,"Raether, Carson",1000338521,Right,MIA_RED,426677da-7d6e-49f1-9f6c-d111b3868a8a,54.39855,-125.57999,13.00812,5.34984,-3.63913,-8.94848,1.09525,-5.94153,7.55239,NA,NA,NA,NA,NA,NA,NA,NA,NA,NA,NA,NA,NA,NA,NA,NA,NA,NA,NA,NA,NA,NA,NA,NA,NA,NA,NA,NA,NA,NA,NA,NA,NA,NA,NA,NA,NA,NA,NA,NA,NA,NA,NA,NA,NA,NA,NA,NA,NA,NA,High,High,High,NA,NA,NA,NA,NA,NA,NA,NA,NA,NA,NA,NA,NA,NA,NA,NA,NA,NA,NA,NA,NA,NA,NA,NA,NA,NA,NA,NA,NA,NA,NA,NA,NA,NA,NA,NA,NA,NA,NA,NA,NA,NA,NA,NA,NA,NA,NA
NA,NA,NA,NA,NA,NA,NA,NA,NA,NA,NA,NA,NA,NA,NA,NA,173,2026-02-27,16:47:19,4,6,"Byers, Carson",1000133996,Left,MIA_RED,"Kettering, Brooks",62716,Left,SOU_RED,Undefined,5,Bottom,0,2,2,ChangeUp,Changeup,BallCalled,Undefined,Undefined,Undefined,0,0,NA,79.12428,1.048787,1.769375,1568.243658,82.970219,08:45:00,4.92289,-1.61746,5.53249,-46.44353,-0.11331,-15.47324,2.03354,-1.25245,70.91688,-7.513263,-0.991648,0.489896,NA,NA,NA,NA,NA,NA,NA,NA,NA,NA,NA,8.33311,0.17866,1.474,50,4.98388,-2.90233,-114.55263,0.52637,10.79776,26.05875,-31.94254,SOU_RED,MIA_RED,SEMissouriState,D1,OVC,20260227-SEMissouriState-1,4d057350-142e-11f1-bd15-e1e313853076,76.93975,NA,NA,8.2074,NA,NA,NA,NA,NA,NA,9cb2ba17-931f-41d8-9324-5ddeae6b795a,2026-02-27,22:47:19,2026-02-27T22:47:19Z,2026-02-27T22:47:19Z,NA,v3,471444,471355,270b77465999425caf9e0eadef204240,"Raether, Carson",1000338521,Right,MIA_RED,a1df37ee-c6b2-4b07-b5dd-df160e879809,54.96234,-115.67597,13.02937,4.93151,1.90335,-15.97127,1.60914,-3.3678,5.39888,NA,NA,NA,NA,NA,NA,NA,NA,NA,NA,NA,NA,NA,NA,NA,NA,NA,NA,NA,NA,NA,NA,NA,NA,NA,NA,NA,NA,77.04209,1.637965,0.779469,0.858496,-1.33948,1.658,1.3036,-4.33051,5.20274,4.87706,61.62191,1.93987,63.16626,-4.28151,85.9907,-10.82833,5.22142,7.99565,-13.79943,4.88919,71.6832,-4.44796,High,High,High,NA,NA,High,High,High,NA,NA,NA,NA,NA,NA,NA,NA,NA,NA,NA,NA,NA,NA,NA,NA,NA,NA,NA,NA,NA,NA,NA,NA,NA,NA,NA,NA,NA,NA,NA,NA,NA,NA,NA,NA,NA,NA,NA,NA,NA,NA
NA,NA,NA,NA,NA,NA,NA,NA,NA,NA,NA,NA,NA,NA,NA,NA,174,2026-02-27,16:48:00,4,7,"Byers, Carson",1000133996,Left,MIA_RED,"Kettering, Brooks",62716,Left,SOU_RED,Undefined,5,Bottom,0,3,2,Fastball,Sinker,FoulBallNotFieldable,Undefined,Undefined,Undefined,0,0,NA,86.24054,-1.060736,3.20985,1892.303068,131.663165,10:30:00,5.39462,-1.14281,6.17783,-22.38856,15.73198,-15.98899,2.54768,0.49214,76.98726,-5.350144,0.329148,0.444376,NA,NA,NA,NA,NA,NA,NA,NA,NA,NA,NA,9.10434,8.88,0.90615,50,5.30295,-6.29221,-124.76475,-2.92973,14.02074,30.48169,-18.49881,SOU_RED,MIA_RED,SEMissouriState,D1,OVC,20260227-SEMissouriState-1,65d931a0-142e-11f1-bd15-e1e313853076,84.82098,NA,NA,9.25329,NA,NA,NA,NA,NA,NA,9cb2ba17-931f-41d8-9324-5ddeae6b795a,2026-02-27,22:48:00,2026-02-27T22:48:00Z,2026-02-27T22:48:00Z,NA,v3,471444,471355,270b77465999425caf9e0eadef204240,"Raether, Carson",1000338521,Right,MIA_RED,8fe7fb68-4a1f-4f0d-9a97-9203f8b27fa1,54.31099,-125.81357,15.24084,5.39281,-2.29322,-9.24941,1.13095,-6.77465,7.01037,NA,NA,NA,NA,NA,NA,NA,NA,NA,NA,NA,NA,NA,NA,NA,NA,NA,NA,NA,NA,NA,NA,NA,NA,NA,NA,NA,NA,NA,NA,NA,NA,NA,NA,NA,NA,NA,NA,NA,NA,NA,NA,NA,NA,NA,NA,NA,NA,NA,NA,High,High,High,NA,NA,NA,NA,NA,NA,NA,NA,NA,NA,NA,NA,NA,NA,NA,NA,NA,NA,NA,NA,NA,NA,NA,NA,NA,NA,NA,NA,NA,NA,NA,NA,NA,NA,NA,NA,NA,NA,NA,NA,NA,NA,NA,NA,NA,NA,NA
NA,NA,NA,NA,NA,NA,NA,NA,NA,NA,NA,NA,NA,NA,NA,NA,175,2026-02-27,16:48:20,4,8,"Byers, Carson",1000133996,Left,MIA_RED,"Kettering, Brooks",62716,Left,SOU_RED,Undefined,5,Bottom,0,3,2,Fastball,Slider,BallCalled,Walk,Undefined,Undefined,0,0,NA,84.10738,-0.053314,3.02523,2430.445521,198.035797,12:30:00,5.19616,-1.29185,5.81517,-29.69159,10.29902,2.91461,2.67222,1.76656,76.43118,-5.584784,3.546274,0.455146,NA,NA,NA,NA,NA,NA,NA,NA,NA,NA,NA,-0.56283,5.69016,1.04225,50,5.17443,-6.56251,-121.88953,-1.06622,-0.84004,25.72189,-23.6811,SOU_RED,MIA_RED,SEMissouriState,D1,OVC,20260227-SEMissouriState-1,71a90730-142e-11f1-bd15-e1e313853076,82.81403,NA,NA,7.6762,NA,NA,NA,NA,NA,NA,9cb2ba17-931f-41d8-9324-5ddeae6b795a,2026-02-27,22:48:20,2026-02-27T22:48:20Z,2026-02-27T22:48:20Z,NA,v3,471444,471355,270b77465999425caf9e0eadef204240,"Raether, Carson",1000338521,Right,MIA_RED,60cb78eb-987d-4378-b132-8a37210263e6,54.67977,-122.87312,12.86095,5.19788,-0.16068,-11.84055,1.29259,-6.53039,-0.42002,NA,NA,NA,NA,NA,NA,NA,NA,NA,NA,NA,NA,NA,NA,NA,NA,NA,NA,NA,NA,NA,NA,NA,NA,NA,NA,NA,NA,NA,NA,NA,NA,NA,NA,NA,NA,NA,NA,NA,NA,NA,NA,NA,NA,NA,NA,NA,NA,NA,NA,High,High,High,NA,NA,NA,NA,NA,NA,NA,NA,NA,NA,NA,NA,NA,NA,NA,NA,NA,NA,NA,NA,NA,NA,NA,NA,NA,NA,NA,NA,NA,NA,NA,NA,NA,NA,NA,NA,NA,NA,NA,NA,NA,NA,NA,NA,NA,NA,NA
NA,NA,NA,NA,NA,NA,NA,NA,NA,NA,NA,NA,NA,NA,NA,NA,176,2026-02-27,16:52:46,5,1,"Eisiminger, Jared",1000160731,Right,MIA_RED,"Terranova, Joe",1000272666,Right,SOU_RED,Undefined,5,Bottom,0,0,0,Fastball,Changeup,BallCalled,Undefined,Undefined,Undefined,0,0,NA,89.55799,0.02576,-6.220333,1843.023394,237.253379,02:00:00,5.12824,3.0415,6.03311,-22.23084,13.68938,19.00359,3.29967,-1.15771,79.39255,-4.216999,-2.830335,0.431361,NA,NA,NA,NA,NA,NA,NA,NA,NA,NA,NA,-11.81052,7.41174,-2.56326,50,5.11846,13.21348,-129.02807,-0.6099,-19.38209,33.48238,-20.01073,SOU_RED,MIA_RED,SEMissouriState,D1,OVC,20260227-SEMissouriState-1,0ff244b0-142f-11f1-bd15-e1e313853076,87.38027,NA,NA,10.16544,NA,NA,NA,NA,NA,NA,9cb2ba17-931f-41d8-9324-5ddeae6b795a,2026-02-27,22:52:46,2026-02-27T22:52:46Z,2026-02-27T22:52:46Z,NA,v3,471444,471355,270b77465999425caf9e0eadef204240,"Raether, Carson",1000338521,Right,MIA_RED,34e9db23-5a33-4c69-a683-6cf2692eeb3d,54.45953,-130.18016,16.74119,5.12761,0.07865,-10.00537,-3.02939,13.88039,-9.69105,NA,NA,NA,NA,NA,NA,NA,NA,NA,NA,NA,NA,NA,NA,NA,NA,NA,NA,NA,NA,NA,NA,NA,NA,NA,NA,NA,NA,NA,NA,NA,NA,NA,NA,NA,NA,NA,NA,NA,NA,NA,NA,NA,NA,NA,NA,NA,NA,NA,NA,High,High,High,NA,NA,NA,NA,NA,NA,NA,NA,NA,NA,NA,NA,NA,NA,NA,NA,NA,NA,NA,NA,NA,NA,NA,NA,NA,NA,NA,NA,NA,NA,NA,NA,NA,NA,NA,NA,NA,NA,NA,NA,NA,NA,NA,NA,NA,NA,NA
NA,NA,NA,NA,NA,NA,NA,NA,NA,NA,NA,NA,NA,NA,NA,NA,177,2026-02-27,16:53:03,5,2,"Eisiminger, Jared",1000160731,Right,MIA_RED,"Terranova, Joe",1000272666,Right,SOU_RED,Undefined,5,Bottom,0,1,0,Slider,Slider,StrikeCalled,Undefined,Undefined,Undefined,0,0,NA,78.70052,0.99886,-3.299778,1926.226878,142.128615,10:45:00,4.86168,3.32633,5.62639,-35.30927,10.32001,-6.94213,2.85293,-0.33466,72.19703,-5.519714,-4.534797,0.486176,NA,NA,NA,NA,NA,NA,NA,NA,NA,NA,NA,2.59925,5.39835,-3.04051,50,4.92442,6.84791,-114.09278,0.88556,3.4313,20.69391,-25.04761,SOU_RED,MIA_RED,SEMissouriState,D1,OVC,20260227-SEMissouriState-1,1a560720-142f-11f1-bd15-e1e313853076,77.52843,NA,NA,6.50349,NA,NA,NA,NA,NA,NA,9cb2ba17-931f-41d8-9324-5ddeae6b795a,2026-02-27,22:53:03,2026-02-27T22:53:03Z,2026-02-27T22:53:03Z,NA,v3,471444,471355,270b77465999425caf9e0eadef204240,"Raether, Carson",1000338521,Right,MIA_RED,3d614e93-edcf-4b51-b6c5-725cb74c9f36,54.87047,-114.97278,10.34696,4.86411,1.95071,-12.52381,-3.32862,6.70199,1.71565,NA,NA,NA,NA,NA,NA,NA,NA,NA,NA,NA,NA,NA,NA,NA,NA,NA,NA,NA,NA,NA,NA,NA,NA,NA,NA,NA,NA,NA,NA,NA,NA,NA,NA,NA,NA,NA,NA,NA,NA,NA,NA,NA,NA,NA,NA,NA,NA,NA,NA,High,High,High,NA,NA,NA,NA,NA,NA,NA,NA,NA,NA,NA,NA,NA,NA,NA,NA,NA,NA,NA,NA,NA,NA,NA,NA,NA,NA,NA,NA,NA,NA,NA,NA,NA,NA,NA,NA,NA,NA,NA,NA,NA,NA,NA,NA,NA,NA,NA
NA,NA,NA,NA,NA,NA,NA,NA,NA,NA,NA,NA,NA,NA,NA,NA,178,2026-02-27,16:53:22,5,3,"Eisiminger, Jared",1000160731,Right,MIA_RED,"Terranova, Joe",1000272666,Right,SOU_RED,Undefined,5,Bottom,0,1,1,Slider,Slider,BallCalled,Undefined,Undefined,Undefined,0,0,NA,77.71649,-0.707674,-4.16047,1741.371255,150.312181,11:00:00,4.86562,3.2429,5.73237,-34.31754,13.06249,-6.49048,1.34503,-1.17929,70.50993,-7.078833,-5.315969,0.495415,NA,NA,NA,NA,NA,NA,NA,NA,NA,NA,NA,1.95118,7.38252,-2.89173,50,4.78584,8.42569,-112.38956,-2.41234,2.46163,22.96344,-22.86021,SOU_RED,MIA_RED,SEMissouriState,D1,OVC,20260227-SEMissouriState-1,25cc4b00-142f-11f1-bd15-e1e313853076,76.08258,NA,NA,7.20656,NA,NA,NA,NA,NA,NA,9cb2ba17-931f-41d8-9324-5ddeae6b795a,2026-02-27,22:53:22,2026-02-27T22:53:22Z,2026-02-27T22:53:22Z,NA,v3,471444,471355,270b77465999425caf9e0eadef204240,"Raether, Carson",1000338521,Right,MIA_RED,bb93cb90-9a61-4a1a-83ba-96d6ae3d840e,54.76155,-113.35827,11.48172,4.86726,-1.44799,-11.43011,-3.24498,8.32184,1.23082,NA,NA,NA,NA,NA,NA,NA,NA,NA,NA,NA,NA,NA,NA,NA,NA,NA,NA,NA,NA,NA,NA,NA,NA,NA,NA,NA,NA,NA,NA,NA,NA,NA,NA,NA,NA,NA,NA,NA,NA,NA,NA,NA,NA,NA,NA,NA,NA,NA,NA,High,High,High,NA,NA,NA,NA,NA,NA,NA,NA,NA,NA,NA,NA,NA,NA,NA,NA,NA,NA,NA,NA,NA,NA,NA,NA,NA,NA,NA,NA,NA,NA,NA,NA,NA,NA,NA,NA,NA,NA,NA,NA,NA,NA,NA,NA,NA,NA,NA
NA,NA,NA,NA,NA,NA,NA,NA,NA,NA,NA,NA,NA,NA,NA,NA,179,2026-02-27,16:53:43,5,4,"Eisiminger, Jared",1000160731,Right,MIA_RED,"Terranova, Joe",1000272666,Right,SOU_RED,Undefined,5,Bottom,0,2,1,Fastball,Sinker,BallCalled,Undefined,Undefined,Undefined,0,0,NA,89.20965,-1.542694,-6.398568,1867.256367,236.194722,01:45:00,5.07773,3.12635,6.04163,-24.18505,11.78615,15.52666,1.62469,-1.52872,79.91707,-6.106318,-3.6295,0.431667,NA,NA,NA,NA,NA,NA,NA,NA,NA,NA,NA,-10.02949,6.97453,-2.63344,50,4.94393,13.741,-128.54631,-4.24132,-16.4616,31.38824,-20.72665,SOU_RED,MIA_RED,SEMissouriState,D1,OVC,20260227-SEMissouriState-1,325d26a0-142f-11f1-bd15-e1e313853076,87.31832,NA,NA,9.29259,NA,NA,NA,NA,NA,NA,9cb2ba17-931f-41d8-9324-5ddeae6b795a,2026-02-27,22:53:43,2026-02-27T22:53:43Z,2026-02-27T22:53:43Z,NA,v3,471444,471355,270b77465999425caf9e0eadef204240,"Raether, Carson",1000338521,Right,MIA_RED,32df5dee-4fcd-488b-a794-f1b1ec4d6858,54.45282,-129.62904,15.69412,5.0779,-3.52637,-10.36333,-3.11722,14.30884,-8.2308,NA,NA,NA,NA,NA,NA,NA,NA,NA,NA,NA,NA,NA,NA,NA,NA,NA,NA,NA,NA,NA,NA,NA,NA,NA,NA,NA,NA,NA,NA,NA,NA,NA,NA,NA,NA,NA,NA,NA,NA,NA,NA,NA,NA,NA,NA,NA,NA,NA,NA,High,High,High,NA,NA,NA,NA,NA,NA,NA,NA,NA,NA,NA,NA,NA,NA,NA,NA,NA,NA,NA,NA,NA,NA,NA,NA,NA,NA,NA,NA,NA,NA,NA,NA,NA,NA,NA,NA,NA,NA,NA,NA,NA,NA,NA,NA,NA,NA,NA
NA,NA,NA,NA,NA,NA,NA,NA,NA,NA,NA,NA,NA,NA,NA,NA,180,2026-02-27,16:54:05,5,5,"Eisiminger, Jared",1000160731,Right,MIA_RED,"Terranova, Joe",1000272666,Right,SOU_RED,Undefined,5,Bottom,0,3,1,Fastball,Sinker,StrikeCalled,Undefined,Undefined,Undefined,0,0,NA,89.70443,-1.223621,-6.118571,1921.227608,239.239744,02:00:00,5.08203,3.0848,6.07802,-22.65277,13.20694,19.65351,2.05552,-0.96011,79.40605,-5.547697,-2.606645,0.430997,NA,NA,NA,NA,NA,NA,NA,NA,NA,NA,NA,-12.21198,7.65343,-2.6196,50,4.97516,12.9803,-129.21366,-3.45862,-20.02334,34.48954,-19.62508,SOU_RED,MIA_RED,SEMissouriState,D1,OVC,20260227-SEMissouriState-1,3f356b80-142f-11f1-bd15-e1e313853076,87.45397,NA,NA,10.29838,NA,NA,NA,NA,NA,NA,9cb2ba17-931f-41d8-9324-5ddeae6b795a,2026-02-27,22:54:05,2026-02-27T22:54:05Z,2026-02-27T22:54:05Z,NA,v3,471444,471355,270b77465999425caf9e0eadef204240,"Raether, Carson",1000338521,Right,MIA_RED,511cc955-1950-4579-b160-711e195cca4e,54.414790000000004,-130.38672,17.24477,5.08145,-2.79113,-9.81254,-3.07267,13.66133,-10.01167,NA,NA,NA,NA,NA,NA,NA,NA,NA,NA,NA,NA,NA,NA,NA,NA,NA,NA,NA,NA,NA,NA,NA,NA,NA,NA,NA,NA,NA,NA,NA,NA,NA,NA,NA,NA,NA,NA,NA,NA,NA,NA,NA,NA,NA,NA,NA,NA,NA,NA,High,High,High,NA,NA,NA,NA,NA,NA,NA,NA,NA,NA,NA,NA,NA,NA,NA,NA,NA,NA,NA,NA,NA,NA,NA,NA,NA,NA,NA,NA,NA,NA,NA,NA,NA,NA,NA,NA,NA,NA,NA,NA,NA,NA,NA,NA,NA,NA,NA
NA,NA,NA,NA,NA,NA,NA,NA,NA,NA,NA,NA,NA,NA,NA,NA,181,2026-02-27,16:54:26,5,6,"Eisiminger, Jared",1000160731,Right,MIA_RED,"Terranova, Joe",1000272666,Right,SOU_RED,Undefined,5,Bottom,0,3,2,Slider,Slider,BallCalled,Walk,Undefined,Undefined,0,1,NA,80.68445,0.621744,-2.083513,1706.504814,179.736054,12:00:00,4.74242,3.37305,5.58417,-35.77506,7.77898,-0.02937,2.34219,1.42406,73.69086,-5.982744,-2.088752,0.474991,NA,NA,NA,NA,NA,NA,NA,NA,NA,NA,NA,-0.58728,4.13398,-3.19396,50,4.77245,4.26068,-117.08421,0.11045,-0.81211,22.89484,-26.45739,SOU_RED,MIA_RED,SEMissouriState,D1,OVC,20260227-SEMissouriState-1,4b935040-142f-11f1-bd15-e1e313853076,79.35397,NA,NA,6.99358,NA,NA,NA,NA,NA,NA,9cb2ba17-931f-41d8-9324-5ddeae6b795a,2026-02-27,22:54:26,2026-02-27T22:54:26Z,2026-02-27T22:54:26Z,NA,v3,471444,471355,270b77465999425caf9e0eadef204240,"Raether, Carson",1000338521,Right,MIA_RED,dcf06ca8-6900-4b0a-849d-57f16f0f8261,54.91519,-118.04142,11.44742,4.7447,1.21661,-13.22869,-3.37281,4.29463,-0.40605,NA,NA,NA,NA,NA,NA,NA,NA,NA,NA,NA,NA,NA,NA,NA,NA,NA,NA,NA,NA,NA,NA,NA,NA,NA,NA,NA,NA,NA,NA,NA,NA,NA,NA,NA,NA,NA,NA,NA,NA,NA,NA,NA,NA,NA,NA,NA,NA,NA,NA,High,High,High,NA,NA,NA,NA,NA,NA,NA,NA,NA,NA,NA,NA,NA,NA,NA,NA,NA,NA,NA,NA,NA,NA,NA,NA,NA,NA,NA,NA,NA,NA,NA,NA,NA,NA,NA,NA,NA,NA,NA,NA,NA,NA,NA,NA,NA,NA,NA
NA,NA,NA,NA,NA,NA,NA,NA,NA,NA,NA,NA,NA,NA,NA,NA,182,2026-02-27,16:54:58,6,1,"Eisiminger, Jared",1000160731,Right,MIA_RED,"Rosario, Moises",10267810,Right,SOU_RED,Undefined,5,Bottom,0,0,0,Fastball,Sinker,StrikeCalled,Undefined,Undefined,Undefined,0,0,NA,89.90875,-1.944873,-5.534974,1871.064833,235.358735,01:45:00,5.06443,3.14196,6.16395,-21.02568,14.1195,18.46844,1.50664,-0.44778,80.5411,-5.953472,-2.223705,0.426682,NA,NA,NA,NA,NA,NA,NA,NA,NA,NA,NA,-11.28296,8.31882,-2.72977,50,4.90561,11.77919,-129.7731,-5.04566,-18.87086,32.03268,-18.26074,SOU_RED,MIA_RED,SEMissouriState,D1,OVC,20260227-SEMissouriState-1,5eb90c00-142f-11f1-bd15-e1e313853076,88.33845,NA,NA,9.36765,NA,NA,NA,NA,NA,NA,9cb2ba17-931f-41d8-9324-5ddeae6b795a,2026-02-27,22:54:58,2026-02-27T22:54:58Z,2026-02-27T22:54:58Z,NA,v3,471444,471355,270b77465999425caf9e0eadef204240,"Raether, Carson",1000338521,Right,MIA_RED,9a538c81-817b-4d50-9da5-fe76312259d4,54.33106,-130.83779,16.01634,5.06323,-4.43872,-9.13037,-3.13171,12.40641,-9.43543,NA,NA,NA,NA,NA,NA,NA,NA,NA,NA,NA,NA,NA,NA,NA,NA,NA,NA,NA,NA,NA,NA,NA,NA,NA,NA,NA,NA,NA,NA,NA,NA,NA,NA,NA,NA,NA,NA,NA,NA,NA,NA,NA,NA,NA,NA,NA,NA,NA,NA,High,High,High,NA,NA,NA,NA,NA,NA,NA,NA,NA,NA,NA,NA,NA,NA,NA,NA,NA,NA,NA,NA,NA,NA,NA,NA,NA,NA,NA,NA,NA,NA,NA,NA,NA,NA,NA,NA,NA,NA,NA,NA,NA,NA,NA,NA,NA,NA,NA
NA,NA,NA,NA,NA,NA,NA,NA,NA,NA,NA,NA,NA,NA,NA,NA,183,2026-02-27,16:55:15,6,2,"Eisiminger, Jared",1000160731,Right,MIA_RED,"Rosario, Moises",10267810,Right,SOU_RED,Undefined,5,Bottom,0,0,1,Slider,Slider,InPlay,Undefined,LineDrive,Single,0,1,NA,79.50257,6.86e-4,-3.299224,1790.856029,173.743335,11:45:00,4.88187,3.4191,5.69306,-34.62281,9.82697,-0.93075,1.99728,0.26343,73.19004,-6.3844,-3.465204,0.479851,91.1794,15.871912,-9.379375,1458.469092,109.22049,23.70752,-13.07178,258.7254,258.7254,-3.25122,2.708672,-0.40461,5.39142,-3.14102,50,4.86022,6.6844,-115.3473,-1.08262,-0.54723,20.66884,-24.8819,SOU_RED,MIA_RED,SEMissouriState,D1,OVC,20260227-SEMissouriState-1,69351160-142f-11f1-bd15-e1e313853076,78.5503,25.172,NA,6.31253,NA,NA,NA,1.20811,1.98995,-0.25588,9cb2ba17-931f-41d8-9324-5ddeae6b795a,2026-02-27,22:55:15,2026-02-27T22:55:15Z,2026-02-27T22:55:15Z,LineDrive,v3,471444,471355,270b77465999425caf9e0eadef204240,"Raether, Carson",1000338521,Right,MIA_RED,2616343f-f5b5-40ef-8530-337b0a0941ab,54.80605,-116.2053,10.33442,4.88372,-0.04974,-12.44095,-3.41897,6.70711,-0.27362,227.315391,1.20812,126.91092,-18.6083,3.86183,-0.74472,0.12992,-0.01926,0.00201,-1e-4,1.98989,36.57648,-15.07722,0.5706,-0.08682,0.04867,-0.01847,0.00353,-2.4e-4,-0.25594,-20.96043,9.983,-2.56347,0.55166,-0.08095,0.00477,3.5e-4,-3e-5,NA,NA,NA,NA,NA,NA,NA,NA,NA,NA,NA,NA,NA,NA,NA,NA,NA,NA,NA,NA,NA,NA,High,High,High,High,High,NA,NA,NA,NA,NA,NA,NA,NA,NA,NA,NA,NA,NA,NA,NA,NA,NA,NA,NA,NA,NA,NA,NA,NA,NA,NA,NA,NA,NA,NA,NA,NA,NA,NA,NA,NA,NA,NA,NA,NA,NA,NA,NA,NA,NA
NA,NA,NA,NA,NA,NA,NA,NA,NA,NA,NA,NA,NA,NA,NA,NA,184,2026-02-27,16:56:02,7,1,"Eisiminger, Jared",1000160731,Right,MIA_RED,"Ramirez, Andrew",10063875,Right,SOU_RED,Undefined,5,Bottom,0,0,0,Fastball,Sinker,StrikeCalled,Undefined,Undefined,Undefined,0,0,NA,89.54238,-0.568172,-5.494052,1948.234728,238.276327,02:00:00,5.18607,3.12131,6.00698,-23.66793,12.01674,17.18981,2.6849,-0.55194,79.97132,-5.050555,-2.421959,0.429944,NA,NA,NA,NA,NA,NA,NA,NA,NA,NA,NA,-10.58544,6.75441,-2.69732,50,5.12854,11.67442,-129.24591,-2.03106,-17.52596,32.25863,-20.99097,SOU_RED,MIA_RED,SEMissouriState,D1,OVC,20260227-SEMissouriState-1,84e3b510-142f-11f1-bd15-e1e313853076,87.6682,NA,NA,9.57105,NA,NA,NA,NA,NA,NA,9cb2ba17-931f-41d8-9324-5ddeae6b795a,2026-02-27,22:56:02,2026-02-27T22:56:02Z,2026-02-27T22:56:02Z,NA,v3,471444,471355,270b77465999425caf9e0eadef204240,"Raether, Carson",1000338521,Right,MIA_RED,fa0d2164-51f1-4195-b20d-dbc8f7dfe85b,54.48724,-130.36107,16.12931,5.18621,-1.30542,-10.49549,-3.11137,12.28029,-8.76298,NA,NA,NA,NA,NA,NA,NA,NA,NA,NA,NA,NA,NA,NA,NA,NA,NA,NA,NA,NA,NA,NA,NA,NA,NA,NA,NA,NA,NA,NA,NA,NA,NA,NA,NA,NA,NA,NA,NA,NA,NA,NA,NA,NA,NA,NA,NA,NA,NA,NA,High,High,High,NA,NA,NA,NA,NA,NA,NA,NA,NA,NA,NA,NA,NA,NA,NA,NA,NA,NA,NA,NA,NA,NA,NA,NA,NA,NA,NA,NA,NA,NA,NA,NA,NA,NA,NA,NA,NA,NA,NA,NA,NA,NA,NA,NA,NA,NA,NA
NA,NA,NA,NA,NA,NA,NA,NA,NA,NA,NA,NA,NA,NA,NA,NA,185,2026-02-27,16:56:22,7,2,"Eisiminger, Jared",1000160731,Right,MIA_RED,"Ramirez, Andrew",10063875,Right,SOU_RED,Undefined,5,Bottom,0,0,1,Fastball,Sinker,InPlay,Undefined,GroundBall,Error,0,1,NA,88.90745,-0.470957,-4.853755,1913.157356,239.684992,02:00:00,5.10504,3.1247,6.01455,-24.24182,11.80599,17.83328,2.64704,0.10381,79.5834,-5.057559,-1.66046,0.432126,93.03978,0.615018,2.711156,1214.13858,NA,NA,NA,53.18036,51.31654,3.958082,0.402442,-10.83048,6.61185,-2.75309,50,5.05495,10.16767,-128.53151,-1.81975,-17.74545,31.74644,-21.34071,SOU_RED,MIA_RED,SEMissouriState,D1,OVC,20260227-SEMissouriState-1,90e98ec0-142f-11f1-bd15-e1e313853076,87.22548,2.65421,NA,9.32405,NA,NA,NA,1.27072,2.62933,-0.101,9cb2ba17-931f-41d8-9324-5ddeae6b795a,2026-02-27,22:56:22,2026-02-27T22:56:22Z,2026-02-27T22:56:22Z,GroundBall,v3,471444,471355,270b77465999425caf9e0eadef204240,"Raether, Carson",1000338521,Right,MIA_RED,dae958e5-9433-42fe-b1ed-eeabe43069cb,54.48266,-129.63397,15.87322,5.10527,-1.07865,-10.67036,-3.11688,10.78392,-8.87272,297.092445,1.27844,136.04149,-18.40645,NA,NA,NA,NA,NA,NA,2.63664,1.22181,-19.35869,NA,NA,NA,NA,NA,NA,-0.10708,6.65696,6.82061,NA,NA,NA,NA,NA,NA,NA,NA,NA,NA,NA,NA,NA,NA,NA,NA,NA,NA,NA,NA,NA,NA,NA,NA,NA,NA,NA,NA,High,High,High,High,High,NA,NA,NA,NA,NA,NA,NA,NA,NA,NA,NA,NA,NA,NA,NA,NA,NA,NA,NA,NA,NA,NA,NA,NA,NA,NA,NA,NA,NA,NA,NA,NA,NA,NA,NA,NA,NA,NA,NA,NA,NA,NA,NA,NA,NA
NA,NA,NA,NA,NA,NA,NA,NA,NA,NA,NA,NA,NA,NA,NA,NA,186,2026-02-27,16:57:09,8,1,"Eisiminger, Jared",1000160731,Right,MIA_RED,"Schrack, Carson",10186680,Left,SOU_RED,Undefined,5,Bottom,0,0,0,ChangeUp,Changeup,StrikeCalled,Undefined,Undefined,Undefined,0,0,NA,83.94327,0.514384,-4.799504,1550.973571,271.253503,03:00:00,4.9174,3.09271,6.2998,-38.77864,1.13693,15.85595,2.16146,-0.0184,75.5056,-6.726018,-1.943192,0.454718,NA,NA,NA,NA,NA,NA,NA,NA,NA,NA,NA,-9.73985,0.91484,-2.74628,50,4.93746,9.57099,-121.44118,-0.13071,-14.27718,27.87141,-30.83304,SOU_RED,MIA_RED,SEMissouriState,D1,OVC,20260227-SEMissouriState-1,ad377fb0-142f-11f1-bd15-e1e313853076,82.89183,NA,NA,8.43767,NA,NA,NA,NA,NA,NA,9cb2ba17-931f-41d8-9324-5ddeae6b795a,2026-02-27,22:57:09,2026-02-27T22:57:09Z,2026-02-27T22:57:09Z,NA,v3,471444,471355,270b77465999425caf9e0eadef204240,"Raether, Carson",1000338521,Right,MIA_RED,4fe859d9-14b9-49b9-84bb-c73786de27d5,54.19658,-122.40053,13.93571,4.92369,0.93058,-15.41652,-3.08418,10.06242,-7.13859,NA,NA,NA,NA,NA,NA,NA,NA,NA,NA,NA,NA,NA,NA,NA,NA,NA,NA,NA,NA,NA,NA,NA,NA,NA,NA,NA,NA,NA,NA,NA,NA,NA,NA,NA,NA,NA,NA,NA,NA,NA,NA,NA,NA,NA,NA,NA,NA,NA,NA,High,High,High,NA,NA,NA,NA,NA,NA,NA,NA,NA,NA,NA,NA,NA,NA,NA,NA,NA,NA,NA,NA,NA,NA,NA,NA,NA,NA,NA,NA,NA,NA,NA,NA,NA,NA,NA,NA,NA,NA,NA,NA,NA,NA,NA,NA,NA,NA,NA
NA,NA,NA,NA,NA,NA,NA,NA,NA,NA,NA,NA,NA,NA,NA,NA,187,2026-02-27,16:57:32,8,2,"Eisiminger, Jared",1000160731,Right,MIA_RED,"Schrack, Carson",10186680,Left,SOU_RED,Undefined,5,Bottom,0,0,1,Fastball,Changeup,FoulBallNotFieldable,Undefined,Undefined,Undefined,0,0,NA,88.02246,0.120236,-4.147752,1857.496507,238.921176,02:00:00,5.0474,3.30406,6.09549,-24.45127,12.03831,17.72847,3.1213,0.93836,79.00184,-4.512241,-0.96416,0.434766,NA,NA,NA,NA,NA,NA,NA,NA,NA,NA,NA,-10.45422,6.54949,-2.99317,50,5.04397,8.49884,-127.41336,-0.48028,-16.88907,30.39021,-21.59316,SOU_RED,MIA_RED,SEMissouriState,D1,OVC,20260227-SEMissouriState-1,ba673360-142f-11f1-bd15-e1e313853076,86.69587,NA,NA,9.02062,NA,NA,NA,NA,NA,NA,9cb2ba17-931f-41d8-9324-5ddeae6b795a,2026-02-27,22:57:32,2026-02-27T22:57:32Z,2026-02-27T22:57:32Z,NA,v3,471444,471355,270b77465999425caf9e0eadef204240,"Raether, Carson",1000338521,Right,MIA_RED,f7301173-c479-4dab-ac44-73fe2bfa4bf3,54.40085,-128.45875,15.19511,5.04771,0.2625,-10.79658,-3.29551,9.07981,-8.44454,NA,NA,NA,NA,NA,NA,NA,NA,NA,NA,NA,NA,NA,NA,NA,NA,NA,NA,NA,NA,NA,NA,NA,NA,NA,NA,NA,NA,NA,NA,NA,NA,NA,NA,NA,NA,NA,NA,NA,NA,NA,NA,NA,NA,NA,NA,NA,NA,NA,NA,High,High,High,NA,NA,NA,NA,NA,NA,NA,NA,NA,NA,NA,NA,NA,NA,NA,NA,NA,NA,NA,NA,NA,NA,NA,NA,NA,NA,NA,NA,NA,NA,NA,NA,NA,NA,NA,NA,NA,NA,NA,NA,NA,NA,NA,NA,NA,NA,NA
NA,NA,NA,NA,NA,NA,NA,NA,NA,NA,NA,NA,NA,NA,NA,NA,188,2026-02-27,16:57:58,8,3,"Eisiminger, Jared",1000160731,Right,MIA_RED,"Schrack, Carson",10186680,Left,SOU_RED,Undefined,5,Bottom,0,0,2,ChangeUp,Changeup,BallCalled,Undefined,Undefined,Undefined,0,0,NA,85.23035,-1.229338,-4.498596,1650.949254,262.902286,02:45:00,4.8045,3.33435,6.35598,-35.366,3.3626,15.16481,0.72221,0.44914,76.65961,-7.844695,-1.759863,0.447906,NA,NA,NA,NA,NA,NA,NA,NA,NA,NA,NA,-9.38245,2.62811,-3.01423,50,4.69919,9.1068,-123.31075,-3.75504,-14.13389,29.46428,-28.215,SOU_RED,MIA_RED,SEMissouriState,D1,OVC,20260227-SEMissouriState-1,ca362300-142f-11f1-bd15-e1e313853076,84.15249,NA,NA,8.57074,NA,NA,NA,NA,NA,NA,9cb2ba17-931f-41d8-9324-5ddeae6b795a,2026-02-27,22:57:58,2026-02-27T22:57:58Z,2026-02-27T22:57:58Z,NA,v3,471444,471355,270b77465999425caf9e0eadef204240,"Raether, Carson",1000338521,Right,MIA_RED,c733c2b0-91d0-48c6-9651-1ae3679ada58,54.14028,-124.29611,14.73214,4.80899,-2.81147,-14.1075,-3.32669,9.57947,-7.06695,NA,NA,NA,NA,NA,NA,NA,NA,NA,NA,NA,NA,NA,NA,NA,NA,NA,NA,NA,NA,NA,NA,NA,NA,NA,NA,NA,NA,NA,NA,NA,NA,NA,NA,NA,NA,NA,NA,NA,NA,NA,NA,NA,NA,NA,NA,NA,NA,NA,NA,High,High,High,NA,NA,NA,NA,NA,NA,NA,NA,NA,NA,NA,NA,NA,NA,NA,NA,NA,NA,NA,NA,NA,NA,NA,NA,NA,NA,NA,NA,NA,NA,NA,NA,NA,NA,NA,NA,NA,NA,NA,NA,NA,NA,NA,NA,NA,NA,NA
NA,NA,NA,NA,NA,NA,NA,NA,NA,NA,NA,NA,NA,NA,NA,NA,189,2026-02-27,16:58:20,8,4,"Eisiminger, Jared",1000160731,Right,MIA_RED,"Schrack, Carson",10186680,Left,SOU_RED,Undefined,5,Bottom,0,1,2,Fastball,Sinker,StrikeCalled,Strikeout,Undefined,Undefined,0,0,NA,89.34678,-1.163631,-3.956619,1951.370077,235.091132,01:45:00,5.06687,3.17857,5.84054,-21.98832,14.00564,18.03938,2.15033,0.99882,79.76418,-5.339077,-0.730425,0.431804,NA,NA,NA,NA,NA,NA,NA,NA,NA,NA,NA,-10.45753,7.93662,-2.86598,50,4.95925,8.12412,-129.16241,-3.31724,-17.25925,32.6777,-19.07529,SOU_RED,MIA_RED,SEMissouriState,D1,OVC,20260227-SEMissouriState-1,d73c2ea0-142f-11f1-bd15-e1e313853076,87.29072,NA,NA,9.5826,NA,NA,NA,NA,NA,NA,9cb2ba17-931f-41d8-9324-5ddeae6b795a,2026-02-27,22:58:20,2026-02-27T22:58:20Z,2026-02-27T22:58:20Z,NA,v3,471444,471355,270b77465999425caf9e0eadef204240,"Raether, Carson",1000338521,Right,MIA_RED,05c139c7-d007-4cb6-860f-ce730d6ee9e6,54.65326,-130.33435,16.33885,5.06595,-2.63313,-9.53764,-3.16844,8.7431,-8.62962,NA,NA,NA,NA,NA,NA,NA,NA,NA,NA,NA,NA,NA,NA,NA,NA,NA,NA,NA,NA,NA,NA,NA,NA,NA,NA,NA,NA,NA,NA,NA,NA,NA,NA,NA,NA,NA,NA,NA,NA,NA,NA,NA,NA,NA,NA,NA,NA,NA,NA,High,High,High,NA,NA,NA,NA,NA,NA,NA,NA,NA,NA,NA,NA,NA,NA,NA,NA,NA,NA,NA,NA,NA,NA,NA,NA,NA,NA,NA,NA,NA,NA,NA,NA,NA,NA,NA,NA,NA,NA,NA,NA,NA,NA,NA,NA,NA,NA,NA
NA,NA,NA,NA,NA,NA,NA,NA,NA,NA,NA,NA,NA,NA,NA,NA,190,2026-02-27,16:59:11,9,1,"Eisiminger, Jared",1000160731,Right,MIA_RED,"Klein, Caleb",1000329534,Right,SOU_RED,Undefined,5,Bottom,1,0,0,Fastball,Sinker,BallCalled,Undefined,Undefined,Undefined,0,0,NA,89.80456,-0.561624,-6.297893,1927.322472,235.989386,01:45:00,5.22406,3.07418,5.98564,-22.95922,12.6645,16.69383,2.78707,-1.39545,80.10587,-4.913321,-3.323563,0.429577,NA,NA,NA,NA,NA,NA,NA,NA,NA,NA,NA,-10.59961,7.07556,-2.58386,50,5.16703,13.54236,-129.42001,-1.99261,-17.59145,32.41937,-20.43125,SOU_RED,MIA_RED,SEMissouriState,D1,OVC,20260227-SEMissouriState-1,f5b93490-142f-11f1-bd15-e1e313853076,87.74312,NA,NA,9.6987,NA,NA,NA,NA,NA,NA,9cb2ba17-931f-41d8-9324-5ddeae6b795a,2026-02-27,22:59:11,2026-02-27T22:59:11Z,2026-02-27T22:59:11Z,NA,v3,471444,471355,270b77465999425caf9e0eadef204240,"Raether, Carson",1000338521,Right,MIA_RED,8880142d-80f0-45ce-8a1f-720e6ce4a1c0,54.50821,-130.54442,16.20968,5.22385,-1.28398,-10.21563,-3.06413,14.15249,-8.79573,NA,NA,NA,NA,NA,NA,NA,NA,NA,NA,NA,NA,NA,NA,NA,NA,NA,NA,NA,NA,NA,NA,NA,NA,NA,NA,NA,NA,NA,NA,NA,NA,NA,NA,NA,NA,NA,NA,NA,NA,NA,NA,NA,NA,NA,NA,NA,NA,NA,NA,High,High,High,NA,NA,NA,NA,NA,NA,NA,NA,NA,NA,NA,NA,NA,NA,NA,NA,NA,NA,NA,NA,NA,NA,NA,NA,NA,NA,NA,NA,NA,NA,NA,NA,NA,NA,NA,NA,NA,NA,NA,NA,NA,NA,NA,NA,NA,NA,NA
NA,NA,NA,NA,NA,NA,NA,NA,NA,NA,NA,NA,NA,NA,NA,NA,191,2026-02-27,16:59:32,9,2,"Eisiminger, Jared",1000160731,Right,MIA_RED,"Klein, Caleb",1000329534,Right,SOU_RED,Undefined,5,Bottom,1,1,0,Fastball,Sinker,InPlay,Undefined,GroundBall,Error,1,2,NA,88.62281,-0.301284,-3.928631,1892.998064,233.952106,01:45:00,5.17574,3.22031,5.9157400000000004,-23.58182,12.93489,15.78934,2.93032,0.88435,78.97349,-4.777525,-1.101781,0.434928,54.39354,16.353593,-6.657199,1440.957526,NA,NA,NA,106.91432,106.49655,-4.73842,1.549501,-9.43178,7.12717,-2.91392,50,5.13843,8.11922,-128.15925,-1.41185,-15.29151,32.70529,-20.61892,SOU_RED,MIA_RED,SEMissouriState,D1,OVC,20260227-SEMissouriState-1,02237560-1430-11f1-bd15-e1e313853076,86.66367,10.67436,NA,9.64932,NA,NA,NA,0.81077,2.92357,-0.86605,9cb2ba17-931f-41d8-9324-5ddeae6b795a,2026-02-27,22:59:32,2026-02-27T22:59:32Z,2026-02-27T22:59:32Z,GroundBall,v3,471444,471355,270b77465999425caf9e0eadef204240,"Raether, Carson",1000338521,Right,MIA_RED,7bf7fa6d-0b85-4ddb-bbeb-3e677de01c58,54.57918,-129.32255,16.35265,5.1756,-0.67845,-10.30946,-3.21239,8.66313,-7.64575,243.732445,0.81077,76.03344,-6.42952,1.1852,-0.21995,0.02885,-0.00339,4.4e-4,-1e-5,2.92357,22.46202,-16.80034,0.86984,-0.15626,0.04034,-0.01045,0.00355,-5.7e-4,-0.86605,-8.87464,3.11655,-0.61268,0.11975,-0.00942,-0.00423,0.00217,-3.7e-4,NA,NA,NA,NA,NA,NA,NA,NA,NA,NA,NA,NA,NA,NA,NA,NA,NA,NA,NA,NA,NA,NA,High,High,High,High,High,NA,NA,NA,NA,NA,NA,NA,NA,NA,NA,NA,NA,NA,NA,NA,NA,NA,NA,NA,NA,NA,NA,NA,NA,NA,NA,NA,NA,NA,NA,NA,NA,NA,NA,NA,NA,NA,NA,NA,NA,NA,NA,NA,NA,NA
NA,NA,NA,NA,NA,NA,NA,NA,NA,NA,NA,NA,NA,NA,NA,NA,192,2026-02-27,17:00:39,10,1,"Eisiminger, Jared",1000160731,Right,MIA_RED,"Sullivan, Cal",10092054,Right,SOU_RED,Undefined,5,Bottom,2,0,0,Slider,Slider,InPlay,Undefined,FlyBall,Out,1,0,NA,79.59193,1.001054,-3.52359,1710.372012,121.791343,10:00:00,4.83106,3.44028,5.81722,-40.34317,5.50051,-5.84154,2.40175,-0.32681,70.71865,-6.523624,-4.566676,0.487317,95.64683,35.609467,1.35037,4219.420586,109.52291,71.69165,10.23262,360.51057,243.19227,13.128586,5.369193,1.62913,2.95642,-3.14807,50,4.88981,7.30987,-114.99672,0.75547,2.10593,28.20683,-28.35239,SOU_RED,MIA_RED,SEMissouriState,D1,OVC,20260227-SEMissouriState-1,2a23efe0-1430-11f1-bd15-e1e313853076,77.34692,98.67847,NA,8.87328,NA,NA,NA,1.21759,2.65706,0.29808,9cb2ba17-931f-41d8-9324-5ddeae6b795a,2026-02-27,23:00:39,2026-02-27T23:00:39Z,2026-02-27T23:00:39Z,FlyBall,v3,471444,471355,270b77465999425caf9e0eadef204240,"Raether, Carson",1000338521,Right,MIA_RED,576af688-7083-43e8-8f0f-a7349ef9f8bf,54.67626,-116.13807,14.10342,4.83603,1.9027,-14.1762,-3.44213,7.22466,1.05297,214.496183,1.22221,113.93115,-21.165,4.54729,-0.70859,0.06006,-0.00105,1e-5,-2e-5,2.65786,81.65376,-19.99521,1.22004,0.10365,-0.13897,0.0425,-0.00574,2.9e-4,0.29666,2.71374,7.19321,-2.20422,0.5149,-0.09336,0.0131,-0.0013,6e-5,NA,NA,NA,NA,NA,NA,NA,NA,NA,NA,NA,NA,NA,NA,NA,NA,NA,NA,NA,NA,NA,NA,High,High,High,High,Medium,NA,NA,NA,NA,NA,NA,NA,NA,NA,NA,NA,NA,NA,NA,NA,NA,NA,NA,NA,NA,NA,NA,NA,NA,NA,NA,NA,NA,NA,NA,NA,NA,NA,NA,NA,NA,NA,NA,NA,NA,NA,NA,NA,NA,NA
NA,NA,NA,NA,NA,NA,NA,NA,NA,NA,NA,NA,NA,NA,NA,NA,193,2026-02-27,17:02:56,1,1,"White, Eddie",1000214559,Right,SOU_RED,"Krupinski, Dom",702597,Left,MIA_RED,Undefined,6,Top,0,0,0,Fastball,Changeup,BallCalled,Undefined,Undefined,Undefined,0,0,NA,86.85023,-0.82297,-1.960093,1857.569709,210.68966,01:00:00,6.22216,0.82366,5.90751,-19.01588,18.9256,10.34351,3.87312,-0.13446,77.43446,-4.491098,-0.104256,0.443331,NA,NA,NA,NA,NA,NA,NA,NA,NA,NA,NA,-5.89209,10.34327,-0.67172,50,6.14531,3.85014,-125.732,-2.31939,-9.1993,31.35187,-16.0251,SOU_RED,MIA_RED,SEMissouriState,D1,OVC,20260227-SEMissouriState-1,7bbf8210-1430-11f1-bd15-e1e313853076,85.02093,NA,NA,9.41577,NA,NA,NA,NA,NA,NA,9cb2ba17-931f-41d8-9324-5ddeae6b795a,2026-02-27,23:02:56,2026-02-27T23:02:56Z,2026-02-27T23:02:56Z,NA,v3,471444,471355,270b77465999425caf9e0eadef204240,"Rosario, Moises",10267810,Right,SOU_RED,7b38b0ae-e999-45a6-abca-cbb4232ca7c8,54.58376,-126.86983,15.67594,6.21893,-1.73781,-8.01255,-0.81751,4.184,-4.59965,NA,NA,NA,NA,NA,NA,NA,NA,NA,NA,NA,NA,NA,NA,NA,NA,NA,NA,NA,NA,NA,NA,NA,NA,NA,NA,NA,NA,NA,NA,NA,NA,NA,NA,NA,NA,NA,NA,NA,NA,NA,NA,NA,NA,NA,NA,NA,NA,NA,NA,High,High,High,NA,NA,NA,NA,NA,NA,NA,NA,NA,NA,NA,NA,NA,NA,NA,NA,NA,NA,NA,NA,NA,NA,NA,NA,NA,NA,NA,NA,NA,NA,NA,NA,NA,NA,NA,NA,NA,NA,NA,NA,NA,NA,NA,NA,NA,NA,NA
NA,NA,NA,NA,NA,NA,NA,NA,NA,NA,NA,NA,NA,NA,NA,NA,194,2026-02-27,17:03:09,1,2,"White, Eddie",1000214559,Right,SOU_RED,"Krupinski, Dom",702597,Left,MIA_RED,Undefined,6,Top,0,1,0,Fastball,Changeup,StrikeCalled,Undefined,Undefined,Undefined,0,0,NA,86.48214,-2.933496,-2.030068,1912.590418,210.445128,01:00:00,6.18869,0.99559,5.87683,-19.91005,18.59643,10.00375,1.80097,-0.05696,77.10778,-6.747575,-0.235429,0.44662,NA,NA,NA,NA,NA,NA,NA,NA,NA,NA,NA,-5.778,10.96973,-0.83697,50,5.94004,3.9982,-125.01291,-6.96137,-8.89119,31.68753,-15.29377,SOU_RED,MIA_RED,SEMissouriState,D1,OVC,20260227-SEMissouriState-1,83740300-1430-11f1-bd15-e1e313853076,84.39488,NA,NA,9.37436,NA,NA,NA,NA,NA,NA,9cb2ba17-931f-41d8-9324-5ddeae6b795a,2026-02-27,23:03:09,2026-02-27T23:03:09Z,2026-02-27T23:03:09Z,NA,v3,471444,471355,270b77465999425caf9e0eadef204240,"Rosario, Moises",10267810,Right,SOU_RED,9ff9c18e-5952-4399-8d8e-78621f44a05f,54.61485,-126.17724,15.84377,6.18551,-6.39941,-7.64689,-0.98988,4.32489,-4.44559,NA,NA,NA,NA,NA,NA,NA,NA,NA,NA,NA,NA,NA,NA,NA,NA,NA,NA,NA,NA,NA,NA,NA,NA,NA,NA,NA,NA,NA,NA,NA,NA,NA,NA,NA,NA,NA,NA,NA,NA,NA,NA,NA,NA,NA,NA,NA,NA,NA,NA,High,High,High,NA,NA,NA,NA,NA,NA,NA,NA,NA,NA,NA,NA,NA,NA,NA,NA,NA,NA,NA,NA,NA,NA,NA,NA,NA,NA,NA,NA,NA,NA,NA,NA,NA,NA,NA,NA,NA,NA,NA,NA,NA,NA,NA,NA,NA,NA,NA
NA,NA,NA,NA,NA,NA,NA,NA,NA,NA,NA,NA,NA,NA,NA,NA,195,2026-02-27,17:03:26,1,3,"White, Eddie",1000214559,Right,SOU_RED,"Krupinski, Dom",702597,Left,MIA_RED,Undefined,6,Top,0,1,1,Fastball,Changeup,StrikeCalled,Undefined,Undefined,Undefined,0,0,NA,87.11408,-3.22013,-1.859962,1967.467531,218.013057,01:15:00,6.23624,0.81118,5.85959,-20.13489,17.82143,12.72257,1.56197,0.14281,77.76341,-7.06377,0.422568,0.443418,NA,NA,NA,NA,NA,NA,NA,NA,NA,NA,NA,-7.06335,10.65339,-0.66722,50,5.96318,3.52984,-125.91254,-7.65901,-11.03671,31.92318,-15.52776,SOU_RED,MIA_RED,SEMissouriState,D1,OVC,20260227-SEMissouriState-1,8d9c1c00-1430-11f1-bd15-e1e313853076,85.00426,NA,NA,9.35066,NA,NA,NA,NA,NA,NA,9cb2ba17-931f-41d8-9324-5ddeae6b795a,2026-02-27,23:03:26,2026-02-27T23:03:26Z,2026-02-27T23:03:26Z,NA,v3,471444,471355,270b77465999425caf9e0eadef204240,"Rosario, Moises",10267810,Right,SOU_RED,0a53e3f2-cefa-4e54-8596-a78bab830b52,54.632,-127.08148,15.96159,6.23322,-7.09043,-7.76388,-0.80387,3.93398,-5.51835,NA,NA,NA,NA,NA,NA,NA,NA,NA,NA,NA,NA,NA,NA,NA,NA,NA,NA,NA,NA,NA,NA,NA,NA,NA,NA,NA,NA,NA,NA,NA,NA,NA,NA,NA,NA,NA,NA,NA,NA,NA,NA,NA,NA,NA,NA,NA,NA,NA,NA,High,High,High,NA,NA,NA,NA,NA,NA,NA,NA,NA,NA,NA,NA,NA,NA,NA,NA,NA,NA,NA,NA,NA,NA,NA,NA,NA,NA,NA,NA,NA,NA,NA,NA,NA,NA,NA,NA,NA,NA,NA,NA,NA,NA,NA,NA,NA,NA,NA
NA,NA,NA,NA,NA,NA,NA,NA,NA,NA,NA,NA,NA,NA,NA,NA,196,2026-02-27,17:03:40,1,4,"White, Eddie",1000214559,Right,SOU_RED,"Krupinski, Dom",702597,Left,MIA_RED,Undefined,6,Top,0,1,2,ChangeUp,Changeup,BallCalled,Undefined,Undefined,Undefined,0,0,NA,79.24927,-3.266109,-1.645398,1889.396266,236.223693,01:45:00,6.10335,0.88687,6.04627,-33.68203,11.57638,14.7041,0.26827,0.58851,71.61915,-9.542043,1.006796,0.484196,NA,NA,NA,NA,NA,NA,NA,NA,NA,NA,NA,-8.11288,7.59217,-0.76642,50,5.83095,2.74409,-114.71005,-7.52326,-10.57292,25.55396,-22.27971,SOU_RED,MIA_RED,SEMissouriState,D1,OVC,20260227-SEMissouriState-1,962b1e70-1430-11f1-bd15-e1e313853076,77.84547,NA,NA,7.63012,NA,NA,NA,NA,NA,NA,9cb2ba17-931f-41d8-9324-5ddeae6b795a,2026-02-27,23:03:40,2026-02-27T23:03:40Z,2026-02-27T23:03:40Z,NA,v3,471444,471355,270b77465999425caf9e0eadef204240,"Rosario, Moises",10267810,Right,SOU_RED,68b86dfe-ba8b-4afe-9f41-0bef7ae572e5,54.44915,-115.69694,12.77698,6.10489,-6.66282,-11.13986,-0.88028,3.15241,-5.28646,NA,NA,NA,NA,NA,NA,NA,NA,NA,NA,NA,NA,NA,NA,NA,NA,NA,NA,NA,NA,NA,NA,NA,NA,NA,NA,NA,NA,NA,NA,NA,NA,NA,NA,NA,NA,NA,NA,NA,NA,NA,NA,NA,NA,NA,NA,NA,NA,NA,NA,High,High,High,NA,NA,NA,NA,NA,NA,NA,NA,NA,NA,NA,NA,NA,NA,NA,NA,NA,NA,NA,NA,NA,NA,NA,NA,NA,NA,NA,NA,NA,NA,NA,NA,NA,NA,NA,NA,NA,NA,NA,NA,NA,NA,NA,NA,NA,NA,NA
NA,NA,NA,NA,NA,NA,NA,NA,NA,NA,NA,NA,NA,NA,NA,NA,197,2026-02-27,17:03:55,1,5,"White, Eddie",1000214559,Right,SOU_RED,"Krupinski, Dom",702597,Left,MIA_RED,Undefined,6,Top,0,2,2,ChangeUp,Changeup,StrikeSwinging,Strikeout,Undefined,Undefined,0,0,NA,79.73229,-2.225116,-1.938259,1862.524216,236.685683,02:00:00,6.08938,0.78411,5.96719,-33.07006,11.67449,15.16835,1.26827,0.25037,71.93656,-8.404343,0.791412,0.481439,NA,NA,NA,NA,NA,NA,NA,NA,NA,NA,NA,-8.38162,7.25335,-0.63858,50,5.8949,3.32168,-115.4725,-5.46472,-11.08436,25.62023,-22.58177,SOU_RED,MIA_RED,SEMissouriState,D1,OVC,20260227-SEMissouriState-1,9ee94730-1430-11f1-bd15-e1e313853076,78.29114,NA,NA,7.79573,NA,NA,NA,NA,NA,NA,9cb2ba17-931f-41d8-9324-5ddeae6b795a,2026-02-27,23:03:55,2026-02-27T23:03:55Z,2026-02-27T23:03:55Z,NA,v3,471444,471355,270b77465999425caf9e0eadef204240,"Rosario, Moises",10267810,Right,SOU_RED,1b0dd103-755d-4e5d-a0c5-56862313ec9c,54.52747,-116.47269,12.81012,6.09103,-4.58315,-11.29089,-0.7767,3.7544,-5.54218,NA,NA,NA,NA,NA,NA,NA,NA,NA,NA,NA,NA,NA,NA,NA,NA,NA,NA,NA,NA,NA,NA,NA,NA,NA,NA,NA,NA,63.5814,NA,NA,1.026807,NA,NA,NA,0.60726,5.56219,1.52163,65.58287,3.72554,59.21548,0.63504,68.05129,-4.70569,5.59218,13.13968,-14.6042,1.5549,61.42893,-5.17421,High,High,High,NA,NA,High,High,High,NA,NA,NA,NA,NA,NA,NA,NA,NA,NA,NA,NA,NA,NA,NA,NA,NA,NA,NA,NA,NA,NA,NA,NA,NA,NA,NA,NA,NA,NA,NA,NA,NA,NA,NA,NA,NA,NA,NA,NA,NA,NA
NA,NA,NA,NA,NA,NA,NA,NA,NA,NA,NA,NA,NA,NA,NA,NA,198,2026-02-27,17:04:26,2,1,"White, Eddie",1000214559,Right,SOU_RED,"Appelwick, Evan",695485,Right,MIA_RED,Undefined,6,Top,1,0,0,Fastball,Four-Seam,InPlay,Undefined,FlyBall,Single,0,0,NA,88.07169,-1.846165,-2.198577,1956.711282,212.429478,01:00:00,6.30825,2.08245,5.8373100000000004,-18.07702,19.00017,11.12532,3.0841,0.96514,78.48699,-5.331623,-0.205125,0.438253,67.2553,41.154106,-13.349697,NA,108.26013,65.37921,-19.48508,221.90252,221.90252,-7.470113,4.264256,-6.44902,10.76571,-1.90975,50,6.14739,4.41232,-127.44473,-4.61289,-10.32105,32.76223,-14.94452,SOU_RED,MIA_RED,SEMissouriState,D1,OVC,20260227-SEMissouriState-1,b194c9e0-1430-11f1-bd15-e1e313853076,86.00615,65.78639,NA,9.5847,NA,NA,NA,1.1906,3.20006,-0.97295,9cb2ba17-931f-41d8-9324-5ddeae6b795a,2026-02-27,23:04:26,2026-02-27T23:04:26Z,2026-02-27T23:04:26Z,FlyBall,v3,471444,471355,270b77465999425caf9e0eadef204240,"Rosario, Moises",10267810,Right,SOU_RED,1e5dbf01-bffb-4aea-8cd3-89da4208dce8,54.65684,-128.63629,16.38112,6.30528,-4.06935,-7.47226,-2.07705,4.7877,-5.16053,200.157911,1.1922,72.21913,-12.1182,2.95034,-0.20848,-0.15407,0.06247,-0.00964,5.5e-4,3.19826,64.95682,-18.74617,1.29825,-0.26081,0.04594,0.00393,-0.00273,2.6e-4,-0.97384,-17.12409,5.95012,-1.45228,0.11579,0.07099,-0.02926,0.00447,-2.5e-4,NA,NA,NA,NA,NA,NA,NA,NA,NA,NA,NA,NA,NA,NA,NA,NA,NA,NA,NA,NA,NA,NA,High,High,High,High,Medium,NA,NA,NA,NA,NA,NA,NA,NA,NA,NA,NA,NA,NA,NA,NA,NA,NA,NA,NA,NA,NA,NA,NA,NA,NA,NA,NA,NA,NA,NA,NA,NA,NA,NA,NA,NA,NA,NA,NA,NA,NA,NA,NA,NA,NA
NA,NA,NA,NA,NA,NA,NA,NA,NA,NA,NA,NA,NA,NA,NA,NA,199,2026-02-27,17:08:18,3,1,"Johnston, Gavin",1000214547,Right,SOU_RED,"Novak, Ryan",10035937,Left,MIA_RED,Undefined,6,Top,1,0,0,Slider,Slider,StrikeCalled,Undefined,Undefined,Undefined,0,0,NA,80.51044,1.172146,-1.242363,2431.703829,73.430232,08:30:00,5.74294,1.68403,4.94749,-46.25743,-0.95874,-8.61382,2.99621,-0.20796,72.86537,-7.231401,-2.761899,0.484411,NA,NA,NA,NA,NA,NA,NA,NA,NA,NA,NA,3.82547,-0.32335,-1.5561,50,5.81893,2.90492,-116.5845,0.66246,5.18948,24.85609,-32.6127,SOU_RED,MIA_RED,SEMissouriState,D1,OVC,20260227-SEMissouriState-1,3bc38b60-1431-11f1-bd15-e1e313853076,77.81082,NA,NA,7.64507,NA,NA,NA,NA,NA,NA,9cb2ba17-931f-41d8-9324-5ddeae6b795a,2026-02-27,23:08:18,2026-02-27T23:08:18Z,2026-02-27T23:08:18Z,NA,v3,471444,471355,270b77465999425caf9e0eadef204240,"Rosario, Moises",10267810,Right,SOU_RED,03cc9158-ad0a-4748-9f92-87d491f84283,55.54865,-117.76154,12.42805,5.75099,2.20681,-16.30635,-1.68784,2.65918,2.59474,NA,NA,NA,NA,NA,NA,NA,NA,NA,NA,NA,NA,NA,NA,NA,NA,NA,NA,NA,NA,NA,NA,NA,NA,NA,NA,NA,NA,NA,NA,NA,NA,NA,NA,NA,NA,NA,NA,NA,NA,NA,NA,NA,NA,NA,NA,NA,NA,NA,NA,High,High,High,NA,NA,NA,NA,NA,NA,NA,NA,NA,NA,NA,NA,NA,NA,NA,NA,NA,NA,NA,NA,NA,NA,NA,NA,NA,NA,NA,NA,NA,NA,NA,NA,NA,NA,NA,NA,NA,NA,NA,NA,NA,NA,NA,NA,NA,NA,NA
NA,NA,NA,NA,NA,NA,NA,NA,NA,NA,NA,NA,NA,NA,NA,NA,200,2026-02-27,17:08:36,3,2,"Johnston, Gavin",1000214547,Right,SOU_RED,"Novak, Ryan",10035937,Left,MIA_RED,Undefined,6,Top,1,0,1,Fastball,Four-Seam,StrikeSwinging,Undefined,Undefined,Undefined,0,0,NA,93.40408,-2.278387,-1.434127,2092.611465,202.632764,12:45:00,5.85622,1.10455,5.53869,-10.41445,22.63237,8.91804,2.85708,0.50705,83.8126,-4.342184,0.155236,0.413748,NA,NA,NA,NA,NA,NA,NA,NA,NA,NA,NA,-4.92177,12.46288,-0.98605,50,5.6519,2.95559,-135.21102,-5.61254,-8.95625,34.16399,-9.49502,SOU_RED,MIA_RED,SEMissouriState,D1,OVC,20260227-SEMissouriState-1,4673e730-1431-11f1-bd15-e1e313853076,91.09992,NA,NA,9.59148,NA,NA,NA,NA,NA,NA,9cb2ba17-931f-41d8-9324-5ddeae6b795a,2026-02-27,23:08:36,2026-02-27T23:08:36Z,2026-02-27T23:08:36Z,NA,v3,471444,471355,270b77465999425caf9e0eadef204240,"Rosario, Moises",10267810,Right,SOU_RED,620cc027-046f-425e-b0f8-85da32c2de44,54.95502,-136.45726,17.082,5.85032,-5.26617,-4.74751,-1.09983,3.2823,-4.47813,NA,NA,NA,NA,NA,NA,NA,NA,NA,NA,NA,NA,NA,NA,NA,NA,NA,NA,NA,NA,NA,NA,NA,NA,NA,NA,NA,NA,NA,NA,NA,NA,NA,NA,NA,NA,NA,NA,NA,NA,NA,NA,NA,NA,NA,NA,NA,NA,NA,NA,High,High,High,NA,NA,NA,NA,NA,NA,NA,NA,NA,NA,NA,NA,NA,NA,NA,NA,NA,NA,NA,NA,NA,NA,NA,NA,NA,NA,NA,NA,NA,NA,NA,NA,NA,NA,NA,NA,NA,NA,NA,NA,NA,NA,NA,NA,NA,NA,NA
NA,NA,NA,NA,NA,NA,NA,NA,NA,NA,NA,NA,NA,NA,NA,NA,201,2026-02-27,17:08:56,3,3,"Johnston, Gavin",1000214547,Right,SOU_RED,"Novak, Ryan",10035937,Left,MIA_RED,Undefined,6,Top,1,0,2,Fastball,Four-Seam,BallCalled,Undefined,Undefined,Undefined,0,0,NA,93.89635,-1.319046,-1.213975,2098.99556,215.556586,01:15:00,5.72546,1.23789,5.35422,-14.83052,18.10832,12.05721,3.25201,1.10394,84.1589,-4.162553,0.92825,0.413072,NA,NA,NA,NA,NA,NA,NA,NA,NA,NA,NA,-6.38709,9.83382,-1.13739,50,5.59677,2.2861,-135.94717,-3.59337,-11.73263,34.93201,-14.11003,SOU_RED,MIA_RED,SEMissouriState,D1,OVC,20260227-SEMissouriState-1,526f3990-1431-11f1-bd15-e1e313853076,91.24913,NA,NA,9.73745,NA,NA,NA,NA,NA,NA,9cb2ba17-931f-41d8-9324-5ddeae6b795a,2026-02-27,23:08:56,2026-02-27T23:08:56Z,2026-02-27T23:08:56Z,NA,v3,471444,471355,270b77465999425caf9e0eadef204240,"Rosario, Moises",10267810,Right,SOU_RED,12636437-0a38-4722-97a6-da4beeffccfb,55.13955,-137.26143,17.466,5.72198,-3.0625,-7.05502,-1.23171,2.72752,-5.86631,NA,NA,NA,NA,NA,NA,NA,NA,NA,NA,NA,NA,NA,NA,NA,NA,NA,NA,NA,NA,NA,NA,NA,NA,NA,NA,NA,NA,NA,NA,NA,NA,NA,NA,NA,NA,NA,NA,NA,NA,NA,NA,NA,NA,NA,NA,NA,NA,NA,NA,High,High,High,NA,NA,NA,NA,NA,NA,NA,NA,NA,NA,NA,NA,NA,NA,NA,NA,NA,NA,NA,NA,NA,NA,NA,NA,NA,NA,NA,NA,NA,NA,NA,NA,NA,NA,NA,NA,NA,NA,NA,NA,NA,NA,NA,NA,NA,NA,NA
NA,NA,NA,NA,NA,NA,NA,NA,NA,NA,NA,NA,NA,NA,NA,NA,202,2026-02-27,17:09:30,3,4,"Johnston, Gavin",1000214547,Right,SOU_RED,"Novak, Ryan",10035937,Left,MIA_RED,Undefined,6,Top,1,1,2,Slider,Slider,BallCalled,Undefined,Undefined,Undefined,0,0,NA,80.06516,-0.961165,-0.735339,2365.96209,74.041492,08:30:00,5.87616,1.36149,5.3391,-46.72345,-1.47295,-10.87875,1.08069,-0.23495,72.67262,-9.469338,-2.672956,0.484154,NA,NA,NA,NA,NA,NA,NA,NA,NA,NA,NA,5.19882,0.08244,-1.28716,50,5.75629,1.93616,-116.02575,-3.5859,6.95561,25.45862,-32.06376,SOU_RED,MIA_RED,SEMissouriState,D1,OVC,20260227-SEMissouriState-1,66bc3740-1431-11f1-bd15-e1e313853076,77.85222,NA,NA,7.39253,NA,NA,NA,NA,NA,NA,9cb2ba17-931f-41d8-9324-5ddeae6b795a,2026-02-27,23:09:30,2026-02-27T23:09:30Z,2026-02-27T23:09:30Z,NA,v3,471444,471355,270b77465999425caf9e0eadef204240,"Rosario, Moises",10267810,Right,SOU_RED,55e77e83-c9b0-4a28-9dcc-6c5d20915814,55.15799,-117.15206,12.72931,5.88356,-2.16738,-16.03188,-1.36601,1.62844,3.47781,NA,NA,NA,NA,NA,NA,NA,NA,NA,NA,NA,NA,NA,NA,NA,NA,NA,NA,NA,NA,NA,NA,NA,NA,NA,NA,NA,NA,NA,NA,NA,NA,NA,NA,NA,NA,NA,NA,NA,NA,NA,NA,NA,NA,NA,NA,NA,NA,NA,NA,High,High,High,NA,NA,NA,NA,NA,NA,NA,NA,NA,NA,NA,NA,NA,NA,NA,NA,NA,NA,NA,NA,NA,NA,NA,NA,NA,NA,NA,NA,NA,NA,NA,NA,NA,NA,NA,NA,NA,NA,NA,NA,NA,NA,NA,NA,NA,NA,NA
NA,NA,NA,NA,NA,NA,NA,NA,NA,NA,NA,NA,NA,NA,NA,NA,203,2026-02-27,17:09:50,3,5,"Johnston, Gavin",1000214547,Right,SOU_RED,"Novak, Ryan",10035937,Left,MIA_RED,Undefined,6,Top,1,2,2,Slider,Slider,BallCalled,Undefined,Undefined,Undefined,0,0,NA,81.89754,1.95068,0.22985,2544.074185,76.661928,08:30:00,5.7264099999999996,1.40723,5.02151,-45.73298,-2.11634,-15.39135,3.75686,0.34152,74.02923,-6.374041,-2.489227,0.475332,NA,NA,NA,NA,NA,NA,NA,NA,NA,NA,NA,7.61721,-1.14106,-1.4165,50,5.87685,0.20845,-118.62304,2.31066,10.70701,25.55156,-33.77795,SOU_RED,MIA_RED,SEMissouriState,D1,OVC,20260227-SEMissouriState-1,727884d0-1431-11f1-bd15-e1e313853076,79.297,NA,NA,7.86831,NA,NA,NA,NA,NA,NA,9cb2ba17-931f-41d8-9324-5ddeae6b795a,2026-02-27,23:09:50,2026-02-27T23:09:50Z,2026-02-27T23:09:50Z,NA,v3,471444,471355,270b77465999425caf9e0eadef204240,"Rosario, Moises",10267810,Right,SOU_RED,e8f26cfd-36f5-4e3e-9a01-22548ead830b,55.4754,-119.79664,12.77578,5.7351,3.86211,-16.88898,-1.41478,-0.28333,5.35351,NA,NA,NA,NA,NA,NA,NA,NA,NA,NA,NA,NA,NA,NA,NA,NA,NA,NA,NA,NA,NA,NA,NA,NA,NA,NA,NA,NA,NA,NA,NA,NA,NA,NA,NA,NA,NA,NA,NA,NA,NA,NA,NA,NA,NA,NA,NA,NA,NA,NA,High,High,High,NA,NA,NA,NA,NA,NA,NA,NA,NA,NA,NA,NA,NA,NA,NA,NA,NA,NA,NA,NA,NA,NA,NA,NA,NA,NA,NA,NA,NA,NA,NA,NA,NA,NA,NA,NA,NA,NA,NA,NA,NA,NA,NA,NA,NA,NA,NA
NA,NA,NA,NA,NA,NA,NA,NA,NA,NA,NA,NA,NA,NA,NA,NA,204,2026-02-27,17:10:24,3,6,"Johnston, Gavin",1000214547,Right,SOU_RED,"Novak, Ryan",10035937,Left,MIA_RED,Undefined,6,Top,1,3,2,Slider,Slider,BallCalled,Walk,Undefined,Undefined,0,0,NA,79.95507,2.75422,0.917408,2378.871907,71.626996,08:30:00,5.6768,1.54964,4.72819,-48.94534,-2.86866,-13.31182,4.21355,1.31082,72.52353,-6.09508,-1.420266,0.488553,NA,NA,NA,NA,NA,NA,NA,NA,NA,NA,NA,6.73914,-1.70713,-1.62977,50,5.9115,-1.26156,-115.75129,3.69294,9.07418,23.12744,-34.4727,SOU_RED,MIA_RED,SEMissouriState,D1,OVC,20260227-SEMissouriState-1,86860880-1431-11f1-bd15-e1e313853076,77.15113,NA,NA,7.43154,NA,NA,NA,NA,NA,NA,9cb2ba17-931f-41d8-9324-5ddeae6b795a,2026-02-27,23:10:24,2026-02-27T23:10:24Z,2026-02-27T23:10:24Z,NA,v3,471444,471355,270b77465999425caf9e0eadef204240,"Rosario, Moises",10267810,Right,SOU_RED,ce428dc3-3a2c-49a1-be5d-93c1fdafb1c0,55.76968,-116.89841,11.56372,5.68593,5.40277,-17.23635,-1.55604,-1.71164,4.53709,NA,NA,NA,NA,NA,NA,NA,NA,NA,NA,NA,NA,NA,NA,NA,NA,NA,NA,NA,NA,NA,NA,NA,NA,NA,NA,NA,NA,NA,NA,NA,NA,NA,NA,NA,NA,NA,NA,NA,NA,NA,NA,NA,NA,NA,NA,NA,NA,NA,NA,High,High,High,NA,NA,NA,NA,NA,NA,NA,NA,NA,NA,NA,NA,NA,NA,NA,NA,NA,NA,NA,NA,NA,NA,NA,NA,NA,NA,NA,NA,NA,NA,NA,NA,NA,NA,NA,NA,NA,NA,NA,NA,NA,NA,NA,NA,NA,NA,NA
NA,NA,NA,NA,NA,NA,NA,NA,NA,NA,NA,NA,NA,NA,NA,NA,205,2026-02-27,17:10:56,4,1,"Johnston, Gavin",1000214547,Right,SOU_RED,"Harrison, Tommy",811731,Left,MIA_RED,Undefined,6,Top,1,0,0,Slider,Curveball,BallCalled,Undefined,Undefined,Undefined,0,0,NA,81.88567,0.101423,-1.577443,2496.819233,49.882035,07:45:00,5.73817,1.50529,4.85165,-51.92589,-7.89792,-11.22772,1.50706,-0.924,74.34421,-9.244001,-3.557311,0.477569,NA,NA,NA,NA,NA,NA,NA,NA,NA,NA,NA,4.98736,-3.41654,-1.33956,50,5.70401,3.76518,-118.58664,-1.81731,6.97941,26.32947,-36.95523,SOU_RED,MIA_RED,SEMissouriState,D1,OVC,20260227-SEMissouriState-1,99c2ceb0-1431-11f1-bd15-e1e313853076,78.92571,NA,NA,7.54146,NA,NA,NA,NA,NA,NA,9cb2ba17-931f-41d8-9324-5ddeae6b795a,2026-02-27,23:10:56,2026-02-27T23:10:56Z,2026-02-27T23:10:56Z,NA,v3,471444,471355,270b77465999425caf9e0eadef204240,"Rosario, Moises",10267810,Right,SOU_RED,2ec0daf2-fd39-4f97-975a-bbf14b5f91ae,55.64657,-119.83378,13.16473,5.74864,-0.06687,-18.47762,-1.51008,3.43459,3.4897,NA,NA,NA,NA,NA,NA,NA,NA,NA,NA,NA,NA,NA,NA,NA,NA,NA,NA,NA,NA,NA,NA,NA,NA,NA,NA,NA,NA,NA,NA,NA,NA,NA,NA,NA,NA,NA,NA,NA,NA,NA,NA,NA,NA,NA,NA,NA,NA,NA,NA,High,High,High,NA,NA,NA,NA,NA,NA,NA,NA,NA,NA,NA,NA,NA,NA,NA,NA,NA,NA,NA,NA,NA,NA,NA,NA,NA,NA,NA,NA,NA,NA,NA,NA,NA,NA,NA,NA,NA,NA,NA,NA,NA,NA,NA,NA,NA,NA,NA
NA,NA,NA,NA,NA,NA,NA,NA,NA,NA,NA,NA,NA,NA,NA,NA,206,2026-02-27,17:11:13,4,2,"Johnston, Gavin",1000214547,Right,SOU_RED,"Harrison, Tommy",811731,Left,MIA_RED,Undefined,6,Top,1,1,0,Fastball,Four-Seam,BallCalled,Undefined,Undefined,Undefined,0,0,NA,94.58423,-3.697498,-2.69356,2170.386304,212.701115,01:00:00,5.83474,1.41699,5.58857,-11.57634,20.52678,12.42863,1.4088,-0.06432,85.41616,-5.946245,-0.478509,0.407798,NA,NA,NA,NA,NA,NA,NA,NA,NA,NA,NA,-7.06241,11.82489,-1.19365,50,5.50926,5.83685,-136.75499,-9.15135,-13.22696,33.26556,-10.02765,SOU_RED,MIA_RED,SEMissouriState,D1,OVC,20260227-SEMissouriState-1,a3bc84b0-1431-11f1-bd15-e1e313853076,92.42923,NA,NA,9.16807,NA,NA,NA,NA,NA,NA,9cb2ba17-931f-41d8-9324-5ddeae6b795a,2026-02-27,23:11:13,2026-02-27T23:11:13Z,2026-02-27T23:11:13Z,NA,v3,471444,471355,270b77465999425caf9e0eadef204240,"Rosario, Moises",10267810,Right,SOU_RED,c5b8a5b3-8481-44d5-b6ab-5754caef1416,54.9068,-137.94341,16.63278,5.82979,-8.79311,-5.01383,-1.41061,6.30938,-6.61348,NA,NA,NA,NA,NA,NA,NA,NA,NA,NA,NA,NA,NA,NA,NA,NA,NA,NA,NA,NA,NA,NA,NA,NA,NA,NA,NA,NA,NA,NA,NA,NA,NA,NA,NA,NA,NA,NA,NA,NA,NA,NA,NA,NA,NA,NA,NA,NA,NA,NA,High,High,High,NA,NA,NA,NA,NA,NA,NA,NA,NA,NA,NA,NA,NA,NA,NA,NA,NA,NA,NA,NA,NA,NA,NA,NA,NA,NA,NA,NA,NA,NA,NA,NA,NA,NA,NA,NA,NA,NA,NA,NA,NA,NA,NA,NA,NA,NA,NA
NA,NA,NA,NA,NA,NA,NA,NA,NA,NA,NA,NA,NA,NA,NA,NA,207,2026-02-27,17:11:31,4,3,"Johnston, Gavin",1000214547,Right,SOU_RED,"Harrison, Tommy",811731,Left,MIA_RED,Undefined,6,Top,1,2,0,Fastball,Four-Seam,FoulBallNotFieldable,Undefined,Undefined,Undefined,0,0,NA,94.48752,-2.956705,-2.424469,2148.116992,214.673051,01:15:00,5.7942,1.52927,5.43698,-13.16359,19.09489,12.41146,1.92358,0.29188,85.42058,-5.481824,-0.217791,0.408784,NA,NA,NA,NA,NA,NA,NA,NA,NA,NA,NA,-7.02233,10.87331,-1.32364,50,5.52362,5.20552,-136.76493,-7.47434,-13.15763,33.18935,-11.80096,SOU_RED,MIA_RED,SEMissouriState,D1,OVC,20260227-SEMissouriState-1,aef7e270-1431-11f1-bd15-e1e313853076,92.20636,NA,NA,9.06694,NA,NA,NA,NA,NA,NA,9cb2ba17-931f-41d8-9324-5ddeae6b795a,2026-02-27,23:11:31,2026-02-27T23:11:31Z,2026-02-27T23:11:31Z,NA,v3,471444,471355,270b77465999425caf9e0eadef204240,"Rosario, Moises",10267810,Right,SOU_RED,d5a819b8-6f97-4d6b-ac80-b8eac4fd65f0,55.06083,-137.9876,16.59467,5.79096,-7.03961,-5.90048,-1.52433,5.69023,-6.57881,NA,NA,NA,NA,NA,NA,NA,NA,NA,NA,NA,NA,NA,NA,NA,NA,NA,NA,NA,NA,NA,NA,NA,NA,NA,NA,NA,NA,NA,NA,NA,NA,NA,NA,NA,NA,NA,NA,NA,NA,NA,NA,NA,NA,NA,NA,NA,NA,NA,NA,High,High,High,NA,NA,NA,NA,NA,NA,NA,NA,NA,NA,NA,NA,NA,NA,NA,NA,NA,NA,NA,NA,NA,NA,NA,NA,NA,NA,NA,NA,NA,NA,NA,NA,NA,NA,NA,NA,NA,NA,NA,NA,NA,NA,NA,NA,NA,NA,NA
NA,NA,NA,NA,NA,NA,NA,NA,NA,NA,NA,NA,NA,NA,NA,NA,208,2026-02-27,17:11:54,4,4,"Johnston, Gavin",1000214547,Right,SOU_RED,"Harrison, Tommy",811731,Left,MIA_RED,Undefined,6,Top,1,2,1,Slider,Slider,BallCalled,Undefined,Undefined,Undefined,0,0,NA,79.72289,3.123535,0.766188,2467.727485,72.241656,08:30:00,5.75451,1.65735,4.99695,-48.19168,-2.67225,-12.74808,4.69065,1.31841,72.85469,-5.614086,-1.482771,0.48559,NA,NA,NA,NA,NA,NA,NA,NA,NA,NA,NA,6.47122,-1.6985,-1.72032,50,6.01614,-0.99902,-115.54819,4.52418,8.75708,21.3403,-34.47251,SOU_RED,MIA_RED,SEMissouriState,D1,OVC,20260227-SEMissouriState-1,bc41d4e0-1431-11f1-bd15-e1e313853076,77.62193,NA,NA,6.8682,NA,NA,NA,NA,NA,NA,9cb2ba17-931f-41d8-9324-5ddeae6b795a,2026-02-27,23:11:54,2026-02-27T23:11:54Z,2026-02-27T23:11:54Z,NA,v3,471444,471355,270b77465999425caf9e0eadef204240,"Rosario, Moises",10267810,Right,SOU_RED,00df0047-ad06-4396-be14-827879ee22d4,55.50231,-116.55996,10.67015,5.76289,6.15857,-17.23625,-1.66311,-1.4142,4.37854,NA,NA,NA,NA,NA,NA,NA,NA,NA,NA,NA,NA,NA,NA,NA,NA,NA,NA,NA,NA,NA,NA,NA,NA,NA,NA,NA,NA,NA,NA,NA,NA,NA,NA,NA,NA,NA,NA,NA,NA,NA,NA,NA,NA,NA,NA,NA,NA,NA,NA,High,High,High,NA,NA,NA,NA,NA,NA,NA,NA,NA,NA,NA,NA,NA,NA,NA,NA,NA,NA,NA,NA,NA,NA,NA,NA,NA,NA,NA,NA,NA,NA,NA,NA,NA,NA,NA,NA,NA,NA,NA,NA,NA,NA,NA,NA,NA,NA,NA
NA,NA,NA,NA,NA,NA,NA,NA,NA,NA,NA,NA,NA,NA,NA,NA,209,2026-02-27,17:12:15,4,5,"Johnston, Gavin",1000214547,Right,SOU_RED,"Harrison, Tommy",811731,Left,MIA_RED,Undefined,6,Top,1,3,1,Fastball,Four-Seam,StrikeCalled,Undefined,Undefined,Undefined,0,0,NA,92.99207,-2.454837,-1.30308,2130.152366,218.518752,01:15:00,5.77491,1.4299,5.54957,-13.7778,19.17832,14.37245,2.33084,1.40973,84.46636,-5.090156,1.259935,0.41318,NA,NA,NA,NA,NA,NA,NA,NA,NA,NA,NA,-7.59036,10.71591,-1.32664,50,5.55346,2.3898,-134.80012,-6.18663,-13.88621,30.87274,-12.56984,SOU_RED,MIA_RED,SEMissouriState,D1,OVC,20260227-SEMissouriState-1,c93a24e0-1431-11f1-bd15-e1e313853076,91.22521,NA,NA,8.52571,NA,NA,NA,NA,NA,NA,9cb2ba17-931f-41d8-9324-5ddeae6b795a,2026-02-27,23:12:15,2026-02-27T23:12:15Z,2026-02-27T23:12:15Z,NA,v3,471444,471355,270b77465999425caf9e0eadef204240,"Rosario, Moises",10267810,Right,SOU_RED,d3cd8368-689e-47e3-a142-4b330287cfb6,54.94691,-135.92837,15.43637,5.77116,-5.72727,-6.28492,-1.42325,2.89727,-6.94311,NA,NA,NA,NA,NA,NA,NA,NA,NA,NA,NA,NA,NA,NA,NA,NA,NA,NA,NA,NA,NA,NA,NA,NA,NA,NA,NA,NA,NA,NA,NA,NA,NA,NA,NA,NA,NA,NA,NA,NA,NA,NA,NA,NA,NA,NA,NA,NA,NA,NA,High,High,High,NA,NA,NA,NA,NA,NA,NA,NA,NA,NA,NA,NA,NA,NA,NA,NA,NA,NA,NA,NA,NA,NA,NA,NA,NA,NA,NA,NA,NA,NA,NA,NA,NA,NA,NA,NA,NA,NA,NA,NA,NA,NA,NA,NA,NA,NA,NA
NA,NA,NA,NA,NA,NA,NA,NA,NA,NA,NA,NA,NA,NA,NA,NA,210,2026-02-27,17:12:36,4,6,"Johnston, Gavin",1000214547,Right,SOU_RED,"Harrison, Tommy",811731,Left,MIA_RED,Undefined,6,Top,1,3,2,Fastball,Four-Seam,InPlay,Undefined,GroundBall,Out,2,0,NA,92.87126,-3.179685,-2.370426,1896.741808,210.858552,01:00:00,5.74991,1.05472,5.56609,-12.10205,20.99816,11.86312,1.76546,-0.17232,84.30628,-5.518478,-0.256308,0.414082,100.89211,1.733209,-0.750164,1206.25206,NA,NA,NA,62.96961,56.68641,-1.621083,0.441132,-6.71028,11.90335,-0.85828,50,5.4677,5.02384,-134.48432,-7.8123,-12.21207,30.87576,-10.51108,SOU_RED,MIA_RED,SEMissouriState,D1,OVC,20260227-SEMissouriState-1,d59ceba0-1431-11f1-bd15-e1e313853076,91.0264,1.981,NA,8.56498,NA,NA,NA,1.0941,1.72764,0.20555,9cb2ba17-931f-41d8-9324-5ddeae6b795a,2026-02-27,23:12:36,2026-02-27T23:12:36Z,2026-02-27T23:12:36Z,GroundBall,v3,471444,471355,270b77465999425caf9e0eadef204240,"Rosario, Moises",10267810,Right,SOU_RED,bb8f43a6-5e1d-49a3-8017-31fdb1b4081c,54.93179,-135.61186,15.43788,5.74598,-7.42845,-5.25554,-1.04989,5.46981,-6.10603,63.863879,1.10285,147.62936,-16.91124,NA,NA,NA,NA,NA,NA,1.73512,4.2491,-18.58674,NA,NA,NA,NA,NA,NA,0.21095,-2.10084,-5.50219,NA,NA,NA,NA,NA,NA,NA,NA,NA,NA,NA,NA,NA,NA,NA,NA,NA,NA,NA,NA,NA,NA,NA,NA,NA,NA,NA,NA,High,High,High,High,High,NA,NA,NA,NA,NA,NA,NA,NA,NA,NA,NA,NA,NA,NA,NA,NA,NA,NA,NA,NA,NA,NA,NA,NA,NA,NA,NA,NA,NA,NA,NA,NA,NA,NA,NA,NA,NA,NA,NA,NA,NA,NA,NA,NA,NA
NA,NA,NA,NA,NA,NA,NA,NA,NA,NA,NA,NA,NA,NA,NA,NA,211,2026-02-27,17:15:07,1,1,"Eisiminger, Jared",1000160731,Right,MIA_RED,"Hall, Josiah",10136036,Right,SOU_RED,Undefined,6,Bottom,0,0,0,Fastball,Changeup,FoulBallNotFieldable,Undefined,Undefined,Undefined,0,0,NA,88.67283,-1.480524,-4.695834,1831.347582,243.154461,02:00:00,5.31225,3.23319,5.81615,-25.71769,9.99138,17.52658,1.78757,0.31776,81.29002,-6.255863,-1.566535,0.430091,NA,NA,NA,NA,NA,NA,NA,NA,NA,NA,NA,-10.27233,5.83111,-2.85874,50,5.17528,9.82423,-128.45113,-4.19557,-17.21646,25.82553,-22.40109,SOU_RED,MIA_RED,SEMissouriState,D1,OVC,20260227-SEMissouriState-1,2f6b5680-1432-11f1-bd15-e1e313853076,87.63821,NA,NA,7.3828,NA,NA,NA,NA,NA,NA,9cb2ba17-931f-41d8-9324-5ddeae6b795a,2026-02-27,23:15:07,2026-02-27T23:15:07Z,2026-02-27T23:15:07Z,NA,v3,471444,471355,270b77465999425caf9e0eadef204240,"Raether, Carson",1000338521,Right,MIA_RED,4abd3478-6ebf-4fee-8f0f-7244b4da04e5,54.68444,-129.38953,12.91277,5.31294,-3.3816,-11.20054,-3.22708,10.4498,-8.60823,NA,NA,NA,NA,NA,NA,NA,NA,NA,NA,NA,NA,NA,NA,NA,NA,NA,NA,NA,NA,NA,NA,NA,NA,NA,NA,NA,NA,NA,NA,NA,NA,NA,NA,NA,NA,NA,NA,NA,NA,NA,NA,NA,NA,NA,NA,NA,NA,NA,NA,High,High,High,NA,NA,NA,NA,NA,NA,NA,NA,NA,NA,NA,NA,NA,NA,NA,NA,NA,NA,NA,NA,NA,NA,NA,NA,NA,NA,NA,NA,NA,NA,NA,NA,NA,NA,NA,NA,NA,NA,NA,NA,NA,NA,NA,NA,NA,NA,NA
NA,NA,NA,NA,NA,NA,NA,NA,NA,NA,NA,NA,NA,NA,NA,NA,212,2026-02-27,17:15:30,1,2,"Eisiminger, Jared",1000160731,Right,MIA_RED,"Hall, Josiah",10136036,Right,SOU_RED,Undefined,6,Bottom,0,0,1,ChangeUp,Changeup,InPlay,Undefined,GroundBall,Single,0,0,NA,82.73049,-0.192747,-5.045389,1500.627591,237.459452,02:00:00,5.13684,3.32309,6.22648,-31.76903,9.86882,12.83453,2.3109,-0.2745,73.69558,-6.194054,-2.739832,0.464425,94.8416,-18.763621,-45.266226,NA,NA,NA,NA,8.31026,5.62281,-29.562907,0.05183,-8.48437,5.64504,-2.95143,50,5.10692,10.0596,-119.50552,-1.32713,-11.91926,29.15779,-24.24362,SOU_RED,MIA_RED,SEMissouriState,D1,OVC,20260227-SEMissouriState-1,3d51b000-1432-11f1-bd15-e1e313853076,81.15939,2.3231,NA,9.03491,NA,NA,NA,2.41551,2.3231,0.75771,9cb2ba17-931f-41d8-9324-5ddeae6b795a,2026-02-27,23:15:30,2026-02-27T23:15:30Z,2026-02-27T23:15:30Z,GroundBall,v3,471444,471355,270b77465999425caf9e0eadef204240,"Raether, Carson",1000338521,Right,MIA_RED,9ba361e1-227c-4520-8c6d-4d38905360d1,54.26896,-120.54259,14.5789,5.13879,-0.46485,-12.12181,-3.31677,10.48354,-5.95963,180,2.41416,92.85935,NA,NA,NA,NA,NA,NA,NA,2.32375,-44.8217,NA,NA,NA,NA,NA,NA,NA,0.75906,-93.72633,NA,NA,NA,NA,NA,NA,NA,NA,NA,NA,NA,NA,NA,NA,NA,NA,NA,NA,NA,NA,NA,NA,NA,NA,NA,NA,NA,NA,NA,High,High,High,Low,Low,NA,NA,NA,NA,NA,NA,NA,NA,NA,NA,NA,NA,NA,NA,NA,NA,NA,NA,NA,NA,NA,NA,NA,NA,NA,NA,NA,NA,NA,NA,NA,NA,NA,NA,NA,NA,NA,NA,NA,NA,NA,NA,NA,NA,NA
NA,NA,NA,NA,NA,NA,NA,NA,NA,NA,NA,NA,NA,NA,NA,NA,213,2026-02-27,17:16:12,2,1,"Eisiminger, Jared",1000160731,Right,MIA_RED,"Lopetegui, Ryan",1000327160,Right,SOU_RED,Undefined,6,Bottom,0,0,0,Slider,Curveball,BallCalled,Undefined,Undefined,Undefined,0,0,NA,75.74341,1.706056,-0.661288,1679.754654,91.699853,09:00:00,4.92887,3.40944,5.51897,-48.7527,2.72764,-16.34938,2.46187,1.42867,66.82067,-7.346218,-3.575206,0.516407,NA,NA,NA,NA,NA,NA,NA,NA,NA,NA,NA,8.06304,1.19787,-3.34021,50,5.04524,1.88204,-109.49351,1.7412,9.35257,27.33597,-30.78458,SOU_RED,MIA_RED,SEMissouriState,D1,OVC,20260227-SEMissouriState-1,564f8b90-1432-11f1-bd15-e1e313853076,72.98978,NA,NA,8.92274,NA,NA,NA,NA,NA,NA,9cb2ba17-931f-41d8-9324-5ddeae6b795a,2026-02-27,23:16:12,2026-02-27T23:16:12Z,2026-02-27T23:16:12Z,NA,v3,471444,471355,270b77465999425caf9e0eadef204240,"Raether, Carson",1000338521,Right,MIA_RED,6bbefdde-0aed-42db-add3-a6c08e863229,54.97665,-110.729,13.66799,4.9351,3.13255,-15.39229,-3.41572,1.45934,4.67629,NA,NA,NA,NA,NA,NA,NA,NA,NA,NA,NA,NA,NA,NA,NA,NA,NA,NA,NA,NA,NA,NA,NA,NA,NA,NA,NA,NA,NA,NA,NA,NA,NA,NA,NA,NA,NA,NA,NA,NA,NA,NA,NA,NA,NA,NA,NA,NA,NA,NA,High,High,High,NA,NA,NA,NA,NA,NA,NA,NA,NA,NA,NA,NA,NA,NA,NA,NA,NA,NA,NA,NA,NA,NA,NA,NA,NA,NA,NA,NA,NA,NA,NA,NA,NA,NA,NA,NA,NA,NA,NA,NA,NA,NA,NA,NA,NA,NA,NA
NA,NA,NA,NA,NA,NA,NA,NA,NA,NA,NA,NA,NA,NA,NA,NA,214,2026-02-27,17:16:53,2,2,"Eisiminger, Jared",1000160731,Right,MIA_RED,"Lopetegui, Ryan",1000327160,Right,SOU_RED,Undefined,6,Bottom,0,1,0,Fastball,Sinker,BallCalled,Undefined,Undefined,Undefined,0,0,NA,89.05223,0.562654,-3.573164,1893.503858,240.680731,02:00:00,5.11943,3.21824,5.88618,-24.39064,11.84898,18.52741,3.61038,1.43992,79.15227,-4.063051,-0.255863,0.433275,NA,NA,NA,NA,NA,NA,NA,NA,NA,NA,NA,-10.58713,6.25945,-2.93971,50,5.15121,7.207,-128.77488,0.48691,-17.31324,33.25436,-21.93794,SOU_RED,MIA_RED,SEMissouriState,D1,OVC,20260227-SEMissouriState-1,6e858340-1432-11f1-bd15-e1e313853076,86.99436,NA,NA,9.89995,NA,NA,NA,NA,NA,NA,9cb2ba17-931f-41d8-9324-5ddeae6b795a,2026-02-27,23:16:53,2026-02-27T23:16:53Z,2026-02-27T23:16:53Z,NA,v3,471444,471355,270b77465999425caf9e0eadef204240,"Raether, Carson",1000338521,Right,MIA_RED,019c7d3a-2b56-48cb-97c5-d9c438faf2e0,54.60668,-129.95905,16.62718,5.11996,1.26811,-10.96897,-3.20733,7.82352,-8.65662,NA,NA,NA,NA,NA,NA,NA,NA,NA,NA,NA,NA,NA,NA,NA,NA,NA,NA,NA,NA,NA,NA,NA,NA,NA,NA,NA,NA,NA,NA,NA,NA,NA,NA,NA,NA,NA,NA,NA,NA,NA,NA,NA,NA,NA,NA,NA,NA,NA,NA,High,High,High,NA,NA,NA,NA,NA,NA,NA,NA,NA,NA,NA,NA,NA,NA,NA,NA,NA,NA,NA,NA,NA,NA,NA,NA,NA,NA,NA,NA,NA,NA,NA,NA,NA,NA,NA,NA,NA,NA,NA,NA,NA,NA,NA,NA,NA,NA,NA
NA,NA,NA,NA,NA,NA,NA,NA,NA,NA,NA,NA,NA,NA,NA,NA,215,2026-02-27,17:17:16,2,3,"Eisiminger, Jared",1000160731,Right,MIA_RED,"Lopetegui, Ryan",1000327160,Right,SOU_RED,Undefined,6,Bottom,0,2,0,Fastball,Sinker,InPlay,Undefined,Popup,Out,1,0,NA,88.87036,0.119918,-4.684195,1929.014035,232.057458,01:45:00,5.13484,3.27578,5.97668,-22.24265,14.15442,16.26521,3.39282,0.27927,78.8694,-4.128104,-1.774106,0.434215,86.95445,62.409728,4.627861,NA,NA,NA,NA,NA,54.5631,NA,NA,-10.04154,7.62119,-2.91367,50,5.13233,9.82588,-128.38243,-0.40113,-16.2833,33.60816,-19.81557,SOU_RED,MIA_RED,SEMissouriState,D1,OVC,20260227-SEMissouriState-1,7c292e70-1432-11f1-bd15-e1e313853076,86.80601,111.21908,NA,10.00096,NA,NA,NA,1.43144,3.89206,-0.35073,9cb2ba17-931f-41d8-9324-5ddeae6b795a,2026-02-27,23:17:16,2026-02-27T23:17:16Z,2026-02-27T23:17:16Z,NA,v3,471444,471355,270b77465999425caf9e0eadef204240,"Raether, Carson",1000338521,Right,MIA_RED,34c72871-11e4-4f72-9159-15955b6346f3,54.51869,-129.55994,16.80408,5.13422,0.29313,-9.90779,-3.26793,10.39638,-8.14165,180.803277,1.43141,58.87936,-19.8046,6.26175,-2.20794,1.13407,-0.31252,-0.07315,0.04535,3.89207,113.02739,-26.03682,2.44278,0.04822,-0.42117,0.18589,0.00489,-0.01542,-0.35073,4.76595,-1.20951,0.3514,-0.11291,0.05411,-0.01399,-0.00394,0.00224,NA,NA,NA,NA,NA,NA,NA,NA,NA,NA,NA,NA,NA,NA,NA,NA,NA,NA,NA,NA,NA,NA,High,High,High,High,Undefined,NA,NA,NA,NA,NA,NA,NA,NA,NA,NA,NA,NA,NA,NA,NA,NA,NA,NA,NA,NA,NA,NA,NA,NA,NA,NA,NA,NA,NA,NA,NA,NA,NA,NA,NA,NA,NA,NA,NA,NA,NA,NA,NA,NA,NA
NA,NA,NA,NA,NA,NA,NA,NA,NA,NA,NA,NA,NA,NA,NA,NA,216,2026-02-27,17:18:12,3,1,"Eisiminger, Jared",1000160731,Right,MIA_RED,"Kettering, Brooks",62716,Left,SOU_RED,Undefined,6,Bottom,1,0,0,Fastball,Sinker,StrikeCalled,Undefined,Undefined,Undefined,0,0,NA,89.47793,-0.084648,-4.95335,1903.013369,241.13861,02:00:00,5.07044,3.31111,5.91921,-24.19115,11.72249,18.67245,2.97566,0.25894,79.6227,-4.666548,-1.616841,0.431322,NA,NA,NA,NA,NA,NA,NA,NA,NA,NA,NA,-11.15595,6.42827,-2.92352,50,5.05023,10.36144,-129.20366,-0.96554,-18.39445,33.08665,-21.57478,SOU_RED,MIA_RED,SEMissouriState,D1,OVC,20260227-SEMissouriState-1,9d9da270-1432-11f1-bd15-e1e313853076,87.38827,NA,NA,9.85523,NA,NA,NA,NA,NA,NA,9cb2ba17-931f-41d8-9324-5ddeae6b795a,2026-02-27,23:18:12,2026-02-27T23:18:12Z,2026-02-27T23:18:12Z,NA,v3,471444,471355,270b77465999425caf9e0eadef204240,"Raether, Carson",1000338521,Right,MIA_RED,ab32c499-b6fc-4408-8164-c3d9d16a7420,54.57438,-130.36981,16.54332,5.07086,-0.20513,-10.78739,-3.30014,11.00976,-9.19722,NA,NA,NA,NA,NA,NA,NA,NA,NA,NA,NA,NA,NA,NA,NA,NA,NA,NA,NA,NA,NA,NA,NA,NA,NA,NA,NA,NA,NA,NA,NA,NA,NA,NA,NA,NA,NA,NA,NA,NA,NA,NA,NA,NA,NA,NA,NA,NA,NA,NA,High,High,High,NA,NA,NA,NA,NA,NA,NA,NA,NA,NA,NA,NA,NA,NA,NA,NA,NA,NA,NA,NA,NA,NA,NA,NA,NA,NA,NA,NA,NA,NA,NA,NA,NA,NA,NA,NA,NA,NA,NA,NA,NA,NA,NA,NA,NA,NA,NA
NA,NA,NA,NA,NA,NA,NA,NA,NA,NA,NA,NA,NA,NA,NA,NA,217,2026-02-27,17:18:33,3,2,"Eisiminger, Jared",1000160731,Right,MIA_RED,"Kettering, Brooks",62716,Left,SOU_RED,Undefined,6,Bottom,1,0,1,ChangeUp,Changeup,FoulBallNotFieldable,Undefined,Undefined,Undefined,0,0,NA,83.93729,-0.449801,-4.53272,1464.714689,256.927802,02:30:00,4.87928,3.36506,6.24648,-35.58805,4.86154,13.82646,1.49745,0.32803,74.74236,-7.132748,-2.042826,0.45775,68.00526,-27.851617,97.434323,NA,NA,NA,NA,3.57288,2.78691,46.438808,0.034852,-8.87437,3.12969,-3.03402,50,4.82856,9.08648,-121.33811,-2.04304,-12.81517,30.67995,-27.65456,SOU_RED,MIA_RED,SEMissouriState,D1,OVC,20260227-SEMissouriState-1,aa344a70-1432-11f1-bd15-e1e313853076,82.34284,1.62808,NA,9.19492,NA,NA,NA,2.86085,1.62808,-0.46625,9cb2ba17-931f-41d8-9324-5ddeae6b795a,2026-02-27,23:18:33,2026-02-27T23:18:33Z,2026-02-27T23:18:33Z,GroundBall,v3,471444,471355,270b77465999425caf9e0eadef204240,"Raether, Carson",1000338521,Right,MIA_RED,b0b85d53-9e7a-434c-9257-408efe10632d,54.24971,-122.40791,15.33997,4.88299,-1.07873,-13.82728,-3.35865,9.53335,-6.40758,NA,2.86101,-11.43901,NA,NA,NA,NA,NA,NA,NA,1.62873,-46.71379,NA,NA,NA,NA,NA,NA,NA,-0.46747,87.66428,NA,NA,NA,NA,NA,NA,NA,NA,NA,NA,NA,NA,NA,NA,NA,NA,NA,NA,NA,NA,NA,NA,NA,NA,NA,NA,NA,NA,NA,High,High,High,Low,Low,NA,NA,NA,NA,NA,NA,NA,NA,NA,NA,NA,NA,NA,NA,NA,NA,NA,NA,NA,NA,NA,NA,NA,NA,NA,NA,NA,NA,NA,NA,NA,NA,NA,NA,NA,NA,NA,NA,NA,NA,NA,NA,NA,NA,NA
NA,NA,NA,NA,NA,NA,NA,NA,NA,NA,NA,NA,NA,NA,NA,NA,218,2026-02-27,17:18:59,3,3,"Eisiminger, Jared",1000160731,Right,MIA_RED,"Kettering, Brooks",62716,Left,SOU_RED,Undefined,6,Bottom,1,0,2,Fastball,Sinker,BallCalled,Undefined,Undefined,Undefined,0,0,NA,88.99428,-0.093435,-2.998502,1860.672242,244.198705,02:15:00,5.07576,3.5203700000000002,5.72218,-25.5384,10.4728,18.9882,2.86042,2.30725,80.21272,-4.877931,0.394921,0.431907,NA,NA,NA,NA,NA,NA,NA,NA,NA,NA,NA,-10.49209,5.7352,-3.28115,50,5.05249,5.90136,-128.92897,-1.07597,-17.42546,30.13494,-22.64895,SOU_RED,MIA_RED,SEMissouriState,D1,OVC,20260227-SEMissouriState-1,b9ba9850-1432-11f1-bd15-e1e313853076,87.26978,NA,NA,8.78156,NA,NA,NA,NA,NA,NA,9cb2ba17-931f-41d8-9324-5ddeae6b795a,2026-02-27,23:18:59,2026-02-27T23:18:59Z,2026-02-27T23:18:59Z,NA,v3,471444,471355,270b77465999425caf9e0eadef204240,"Raether, Carson",1000338521,Right,MIA_RED,fce2332e-2cdf-4368-9a7d-ad8c1ba65037,54.77361,-130.03993,15.06747,5.07677,-0.24099,-11.32447,-3.51056,6.54377,-8.71273,NA,NA,NA,NA,NA,NA,NA,NA,NA,NA,NA,NA,NA,NA,NA,NA,NA,NA,NA,NA,NA,NA,NA,NA,NA,NA,NA,NA,NA,NA,NA,NA,NA,NA,NA,NA,NA,NA,NA,NA,NA,NA,NA,NA,NA,NA,NA,NA,NA,NA,High,High,High,NA,NA,NA,NA,NA,NA,NA,NA,NA,NA,NA,NA,NA,NA,NA,NA,NA,NA,NA,NA,NA,NA,NA,NA,NA,NA,NA,NA,NA,NA,NA,NA,NA,NA,NA,NA,NA,NA,NA,NA,NA,NA,NA,NA,NA,NA,NA
NA,NA,NA,NA,NA,NA,NA,NA,NA,NA,NA,NA,NA,NA,NA,NA,219,2026-02-27,17:19:19,3,4,"Eisiminger, Jared",1000160731,Right,MIA_RED,"Kettering, Brooks",62716,Left,SOU_RED,Undefined,6,Bottom,1,1,2,Slider,Slider,BallCalled,Undefined,Undefined,Undefined,0,0,NA,77.67204,1.107025,-1.451926,1791.41252,136.097138,10:30:00,4.89731,3.51048,5.46021,-39.75518,8.19036,-6.1817,2.62103,1.63603,69.91924,-6.255276,-2.551803,0.498363,NA,NA,NA,NA,NA,NA,NA,NA,NA,NA,NA,2.6024,4.29555,-3.37832,50,4.96825,3.09897,-112.47138,0.89939,3.27176,23.92076,-26.77365,SOU_RED,MIA_RED,SEMissouriState,D1,OVC,20260227-SEMissouriState-1,c5702f20-1432-11f1-bd15-e1e313853076,75.63255,NA,NA,7.7528,NA,NA,NA,NA,NA,NA,9cb2ba17-931f-41d8-9324-5ddeae6b795a,2026-02-27,23:19:19,2026-02-27T23:19:19Z,2026-02-27T23:19:19Z,NA,v3,471444,471355,270b77465999425caf9e0eadef204240,"Raether, Carson",1000338521,Right,MIA_RED,59f96d7d-aa7d-4706-8783-9488fb3d4263,55.03351,-113.53688,11.96038,4.90163,2.09196,-13.38682,-3.51311,2.95324,1.63588,NA,NA,NA,NA,NA,NA,NA,NA,NA,NA,NA,NA,NA,NA,NA,NA,NA,NA,NA,NA,NA,NA,NA,NA,NA,NA,NA,NA,NA,NA,NA,NA,NA,NA,NA,NA,NA,NA,NA,NA,NA,NA,NA,NA,NA,NA,NA,NA,NA,NA,High,High,High,NA,NA,NA,NA,NA,NA,NA,NA,NA,NA,NA,NA,NA,NA,NA,NA,NA,NA,NA,NA,NA,NA,NA,NA,NA,NA,NA,NA,NA,NA,NA,NA,NA,NA,NA,NA,NA,NA,NA,NA,NA,NA,NA,NA,NA,NA,NA
NA,NA,NA,NA,NA,NA,NA,NA,NA,NA,NA,NA,NA,NA,NA,NA,220,2026-02-27,17:19:40,3,5,"Eisiminger, Jared",1000160731,Right,MIA_RED,"Kettering, Brooks",62716,Left,SOU_RED,Undefined,6,Bottom,1,2,2,Fastball,Changeup,FoulBallNotFieldable,Undefined,Undefined,Undefined,0,0,NA,89.57941,-1.067106,-4.350631,1848.220017,232.586488,01:45:00,5.12399,3.27468,6.01891,-20.29666,15.13808,18.02745,2.44121,0.73938,80.26336,-4.942189,-1.118845,0.428436,71.60526,31.945337,-150.422119,3189.194347,NA,NA,NA,NA,31.56219,NA,NA,-10.7054,8.51481,-2.94297,50,5.02928,9.08946,-129.57469,-3.0234,-17.84783,31.9671,-17.97833,SOU_RED,MIA_RED,SEMissouriState,D1,OVC,20260227-SEMissouriState-1,d242f5c0-1432-11f1-bd15-e1e313853076,87.97683,18.15207,NA,9.31605,NA,NA,NA,0.95913,2.23472,-0.61577,9cb2ba17-931f-41d8-9324-5ddeae6b795a,2026-02-27,23:19:40,2026-02-27T23:19:40Z,2026-02-27T23:19:40Z,NA,v3,471444,471355,270b77465999425caf9e0eadef204240,"Raether, Carson",1000338521,Right,MIA_RED,0e5f5479-8ca4-4102-9d8c-3ec47e0a131e,54.47763,-130.67469,15.98355,5.12267,-2.40476,-8.98917,-3.26631,9.70361,-8.92391,33.57604,0.96601,-77.75404,3.29464,NA,NA,NA,NA,NA,NA,2.25089,54.98686,-33.43552,NA,NA,NA,NA,NA,NA,-0.62348,-43.71178,12.43986,NA,NA,NA,NA,NA,NA,NA,NA,NA,NA,NA,NA,NA,NA,NA,NA,NA,NA,NA,NA,NA,NA,NA,NA,NA,NA,NA,NA,High,High,High,High,Undefined,NA,NA,NA,NA,NA,NA,NA,NA,NA,NA,NA,NA,NA,NA,NA,NA,NA,NA,NA,NA,NA,NA,NA,NA,NA,NA,NA,NA,NA,NA,NA,NA,NA,NA,NA,NA,NA,NA,NA,NA,NA,NA,NA,NA,NA
NA,NA,NA,NA,NA,NA,NA,NA,NA,NA,NA,NA,NA,NA,NA,NA,221,2026-02-27,17:20:27,3,6,"Eisiminger, Jared",1000160731,Right,MIA_RED,"Kettering, Brooks",62716,Left,SOU_RED,Undefined,6,Bottom,1,2,2,Fastball,Changeup,InPlay,Undefined,FlyBall,Out,1,0,NA,87.52332,-0.102074,-4.089989,1825.989174,237.637661,02:00:00,5.03253,3.24728,5.96563,-25.8086,10.83879,15.1765,2.78693,0.71333,79.54505,-4.938409,-1.371035,0.435705,NA,NA,NA,NA,NA,NA,NA,NA,NA,NA,NA,-9.02382,5.94827,-2.93123,50,5.01005,8.45243,-126.84375,-1.05088,-14.62676,27.18112,-22.5325,SOU_RED,MIA_RED,SEMissouriState,D1,OVC,20260227-SEMissouriState-1,ee38b490-1432-11f1-bd15-e1e313853076,86.50905,NA,NA,7.97827,NA,NA,NA,NA,NA,NA,9cb2ba17-931f-41d8-9324-5ddeae6b795a,2026-02-27,23:20:27,2026-02-27T23:20:27Z,2026-02-27T23:20:27Z,NA,v3,471444,471355,270b77465999425caf9e0eadef204240,"Raether, Carson",1000338521,Right,MIA_RED,64ea41c8-dcea-4b08-9964-02157d49f671,54.53345,-127.81153,13.59056,5.03319,-0.24862,-11.26625,-3.24145,8.97321,-7.31338,NA,NA,NA,NA,NA,NA,NA,NA,NA,NA,NA,NA,NA,NA,NA,NA,NA,NA,NA,NA,NA,NA,NA,NA,NA,NA,NA,NA,NA,NA,NA,NA,NA,NA,NA,NA,NA,NA,NA,NA,NA,NA,NA,NA,NA,NA,NA,NA,NA,NA,High,High,High,NA,NA,NA,NA,NA,NA,NA,NA,NA,NA,NA,NA,NA,NA,NA,NA,NA,NA,NA,NA,NA,NA,NA,NA,NA,NA,NA,NA,NA,NA,NA,NA,NA,NA,NA,NA,NA,NA,NA,NA,NA,NA,NA,NA,NA,NA,NA
NA,NA,NA,NA,NA,NA,NA,NA,NA,NA,NA,NA,NA,NA,NA,NA,222,2026-02-27,17:21:11,4,1,"Eisiminger, Jared",1000160731,Right,MIA_RED,"Terranova, Joe",1000272666,Right,SOU_RED,Undefined,6,Bottom,2,0,0,ChangeUp,Changeup,StrikeCalled,Undefined,Undefined,Undefined,0,0,NA,83.43062,0.274433,-3.900657,1414.035451,259.040103,02:45:00,4.98969,3.37652,6.29756,-35.85002,4.09142,14.09367,2.25564,0.95137,75.77378,-6.420473,-1.357567,0.454866,NA,NA,NA,NA,NA,NA,NA,NA,NA,NA,NA,-8.61997,2.37669,-3.0965,50,4.99251,7.73848,-120.99422,-0.50043,-12.65088,25.80551,-28.68596,SOU_RED,MIA_RED,SEMissouriState,D1,OVC,20260227-SEMissouriState-1,089eaba0-1433-11f1-bd15-e1e313853076,82.86496,NA,NA,7.65684,NA,NA,NA,NA,NA,NA,9cb2ba17-931f-41d8-9324-5ddeae6b795a,2026-02-27,23:21:11,2026-02-27T23:21:11Z,2026-02-27T23:21:11Z,NA,v3,471444,471355,270b77465999425caf9e0eadef204240,"Raether, Carson",1000338521,Right,MIA_RED,bd65b5dd-e897-4c6f-8df7-6668f407c737,54.20281,-121.8873,12.90275,4.99265,0.49233,-14.34298,-3.37188,8.1763,-6.32544,NA,NA,NA,NA,NA,NA,NA,NA,NA,NA,NA,NA,NA,NA,NA,NA,NA,NA,NA,NA,NA,NA,NA,NA,NA,NA,NA,NA,NA,NA,NA,NA,NA,NA,NA,NA,NA,NA,NA,NA,NA,NA,NA,NA,NA,NA,NA,NA,NA,NA,High,High,High,NA,NA,NA,NA,NA,NA,NA,NA,NA,NA,NA,NA,NA,NA,NA,NA,NA,NA,NA,NA,NA,NA,NA,NA,NA,NA,NA,NA,NA,NA,NA,NA,NA,NA,NA,NA,NA,NA,NA,NA,NA,NA,NA,NA,NA,NA,NA
NA,NA,NA,NA,NA,NA,NA,NA,NA,NA,NA,NA,NA,NA,NA,NA,223,2026-02-27,17:21:31,4,2,"Eisiminger, Jared",1000160731,Right,MIA_RED,"Terranova, Joe",1000272666,Right,SOU_RED,Undefined,6,Bottom,2,0,1,Fastball,Sinker,HitByPitch,Undefined,Undefined,Undefined,0,0,NA,88.90463,0.686186,-2.630933,1937.657026,230.856227,01:45:00,5.22228,3.20918,6.01862,-21.59167,14.00517,15.67552,4.05927,2.07681,80.17892,-3.415457,0.185666,0.429415,NA,NA,NA,NA,NA,NA,NA,NA,NA,NA,NA,-8.92087,7.34831,-3.01161,50,5.26445,5.2759,-128.94349,0.88897,-14.82953,29.97108,-19.95863,SOU_RED,MIA_RED,SEMissouriState,D1,OVC,20260227-SEMissouriState-1,14594b80-1433-11f1-bd15-e1e313853076,87.7763,NA,NA,8.72571,NA,NA,NA,NA,NA,NA,9cb2ba17-931f-41d8-9324-5ddeae6b795a,2026-02-27,23:21:31,2026-02-27T23:21:31Z,2026-02-27T23:21:31Z,NA,v3,471444,471355,270b77465999425caf9e0eadef204240,"Raether, Carson",1000338521,Right,MIA_RED,edeaf4e9-12d0-42f5-a0e5-2562a674bcf7,54.47943,-129.9805,14.98554,5.22174,1.57954,-9.97932,-3.20303,5.78901,-7.41476,NA,NA,NA,NA,NA,NA,NA,NA,NA,NA,NA,NA,NA,NA,NA,NA,NA,NA,NA,NA,NA,NA,NA,NA,NA,NA,NA,NA,NA,NA,NA,NA,NA,NA,NA,NA,NA,NA,NA,NA,NA,NA,NA,NA,NA,NA,NA,NA,NA,NA,High,High,High,NA,NA,NA,NA,NA,NA,NA,NA,NA,NA,NA,NA,NA,NA,NA,NA,NA,NA,NA,NA,NA,NA,NA,NA,NA,NA,NA,NA,NA,NA,NA,NA,NA,NA,NA,NA,NA,NA,NA,NA,NA,NA,NA,NA,NA,NA,NA
NA,NA,NA,NA,NA,NA,NA,NA,NA,NA,NA,NA,NA,NA,NA,NA,224,2026-02-27,17:22:11,5,1,"Eisiminger, Jared",1000160731,Right,MIA_RED,"Rosario, Moises",10267810,Right,SOU_RED,Undefined,6,Bottom,2,0,0,Fastball,Sinker,BallCalled,Undefined,Undefined,Undefined,0,0,NA,88.97978,-2.414465,-5.049606,1880.329895,243.049707,02:00:00,5.19862,3.12128,5.9092,-25.22718,10.79213,18.60631,0.84525,-0.02729,80.28635,-7.139,-1.723069,0.431956,NA,NA,NA,NA,NA,NA,NA,NA,NA,NA,NA,-11.09536,6.68615,-2.72552,50,4.98982,10.55693,-128.52539,-6.26428,-18.295,30.17666,-21.14938,SOU_RED,MIA_RED,SEMissouriState,D1,OVC,20260227-SEMissouriState-1,2c099870-1433-11f1-bd15-e1e313853076,87.26,NA,NA,8.69343,NA,NA,NA,NA,NA,NA,9cb2ba17-931f-41d8-9324-5ddeae6b795a,2026-02-27,23:22:11,2026-02-27T23:22:11Z,2026-02-27T23:22:11Z,NA,v3,471444,471355,270b77465999425caf9e0eadef204240,"Raether, Carson",1000338521,Right,MIA_RED,937d6c51-a8c2-40d6-a639-168dade22f6f,54.58777,-129.59808,15.08833,5.19914,-5.51248,-10.57469,-3.11234,11.20726,-9.1475,NA,NA,NA,NA,NA,NA,NA,NA,NA,NA,NA,NA,NA,NA,NA,NA,NA,NA,NA,NA,NA,NA,NA,NA,NA,NA,NA,NA,NA,NA,NA,NA,NA,NA,NA,NA,NA,NA,NA,NA,NA,NA,NA,NA,NA,NA,NA,NA,NA,NA,High,High,High,NA,NA,NA,NA,NA,NA,NA,NA,NA,NA,NA,NA,NA,NA,NA,NA,NA,NA,NA,NA,NA,NA,NA,NA,NA,NA,NA,NA,NA,NA,NA,NA,NA,NA,NA,NA,NA,NA,NA,NA,NA,NA,NA,NA,NA,NA,NA
NA,NA,NA,NA,NA,NA,NA,NA,NA,NA,NA,NA,NA,NA,NA,NA,225,2026-02-27,17:22:30,5,2,"Eisiminger, Jared",1000160731,Right,MIA_RED,"Rosario, Moises",10267810,Right,SOU_RED,Undefined,6,Bottom,2,1,0,Fastball,Sinker,BallCalled,Undefined,Undefined,Undefined,0,0,NA,89.23598,-2.589517,-4.140177,1967.294532,245.784487,02:15:00,5.17041,3.02196,5.8444,-25.61931,10.19603,19.74796,0.62107,0.81341,80.61699,-7.37445,-0.605694,0.430731,NA,NA,NA,NA,NA,NA,NA,NA,NA,NA,NA,-11.34709,6.42256,-2.69588,50,4.94421,8.4794,-129.03305,-6.70651,-18.8618,30.3679,-21.49808,SOU_RED,MIA_RED,SEMissouriState,D1,OVC,20260227-SEMissouriState-1,3766d610-1433-11f1-bd15-e1e313853076,87.50808,NA,NA,8.61899,NA,NA,NA,NA,NA,NA,9cb2ba17-931f-41d8-9324-5ddeae6b795a,2026-02-27,23:22:30,2026-02-27T23:22:30Z,2026-02-27T23:22:30Z,NA,v3,471444,471355,270b77465999425caf9e0eadef204240,"Raether, Carson",1000338521,Right,MIA_RED,1c2d0543-2595-4373-be34-a59098ab1f45,54.65257,-130.12343,15.18395,5.17115,-5.93461,-10.74904,-3.0125,9.15664,-9.4309,NA,NA,NA,NA,NA,NA,NA,NA,NA,NA,NA,NA,NA,NA,NA,NA,NA,NA,NA,NA,NA,NA,NA,NA,NA,NA,NA,NA,NA,NA,NA,NA,NA,NA,NA,NA,NA,NA,NA,NA,NA,NA,NA,NA,NA,NA,NA,NA,NA,NA,High,High,High,NA,NA,NA,NA,NA,NA,NA,NA,NA,NA,NA,NA,NA,NA,NA,NA,NA,NA,NA,NA,NA,NA,NA,NA,NA,NA,NA,NA,NA,NA,NA,NA,NA,NA,NA,NA,NA,NA,NA,NA,NA,NA,NA,NA,NA,NA,NA
NA,NA,NA,NA,NA,NA,NA,NA,NA,NA,NA,NA,NA,NA,NA,NA,226,2026-02-27,17:22:52,5,3,"Eisiminger, Jared",1000160731,Right,MIA_RED,"Rosario, Moises",10267810,Right,SOU_RED,Undefined,6,Bottom,2,2,0,Fastball,Sinker,BallCalled,Undefined,Undefined,Undefined,0,0,NA,90.59152,-1.36124,-8.117323,2001.424207,239.574135,02:00:00,5.16479,3.06246,6.07658,-22.84655,12.02099,18.25347,1.98843,-2.97766,81.43586,-5.667384,-4.881005,0.424993,NA,NA,NA,NA,NA,NA,NA,NA,NA,NA,NA,-11.71851,6.9865,-2.43886,50,5.04647,17.73479,-130.12622,-3.84004,-19.8573,30.29342,-20.33524,SOU_RED,MIA_RED,SEMissouriState,D1,OVC,20260227-SEMissouriState-1,449ea010-1433-11f1-bd15-e1e313853076,88.68953,NA,NA,9.15566,NA,NA,NA,NA,NA,NA,9cb2ba17-931f-41d8-9324-5ddeae6b795a,2026-02-27,23:22:52,2026-02-27T23:22:52Z,2026-02-27T23:22:52Z,NA,v3,471444,471355,270b77465999425caf9e0eadef204240,"Raether, Carson",1000338521,Right,MIA_RED,c7737910-84aa-4428-b31b-14bb372049ae,54.41721,-131.15052,15.14671,5.16469,-3.15245,-10.16762,-3.04987,18.40622,-9.92865,NA,NA,NA,NA,NA,NA,NA,NA,NA,NA,NA,NA,NA,NA,NA,NA,NA,NA,NA,NA,NA,NA,NA,NA,NA,NA,NA,NA,NA,NA,NA,NA,NA,NA,NA,NA,NA,NA,NA,NA,NA,NA,NA,NA,NA,NA,NA,NA,NA,NA,High,High,High,NA,NA,NA,NA,NA,NA,NA,NA,NA,NA,NA,NA,NA,NA,NA,NA,NA,NA,NA,NA,NA,NA,NA,NA,NA,NA,NA,NA,NA,NA,NA,NA,NA,NA,NA,NA,NA,NA,NA,NA,NA,NA,NA,NA,NA,NA,NA
NA,NA,NA,NA,NA,NA,NA,NA,NA,NA,NA,NA,NA,NA,NA,NA,227,2026-02-27,17:23:30,5,4,"Eisiminger, Jared",1000160731,Right,MIA_RED,"Rosario, Moises",10267810,Right,SOU_RED,Undefined,6,Bottom,2,3,0,Fastball,Sinker,BallCalled,Walk,Undefined,Undefined,0,0,NA,89.35051,-1.181805,-6.56086,1966.628699,249.407209,02:15:00,5.10395,3.06859,6.05622,-26.66206,8.71473,19.92344,1.78085,-1.3706,81.01361,-6.163271,-3.005858,0.428086,NA,NA,NA,NA,NA,NA,NA,NA,NA,NA,NA,-12.09839,5.21071,-2.56684,50,4.9974,13.97888,-128.94137,-3.55228,-20.24906,28.27456,-23.45288,SOU_RED,MIA_RED,SEMissouriState,D1,OVC,20260227-SEMissouriState-1,5b2a9140-1433-11f1-bd15-e1e313853076,88.04886,NA,NA,8.3369,NA,NA,NA,NA,NA,NA,9cb2ba17-931f-41d8-9324-5ddeae6b795a,2026-02-27,23:23:30,2026-02-27T23:23:30Z,2026-02-27T23:23:30Z,NA,v3,471444,471355,270b77465999425caf9e0eadef204240,"Raether, Carson",1000338521,Right,MIA_RED,2c00e34b-afeb-47e3-820e-9bade2c48119,54.44164,-129.91169,14.13728,5.1055,-2.74742,-11.72644,-3.05849,14.67378,-10.12453,NA,NA,NA,NA,NA,NA,NA,NA,NA,NA,NA,NA,NA,NA,NA,NA,NA,NA,NA,NA,NA,NA,NA,NA,NA,NA,NA,NA,NA,NA,NA,NA,NA,NA,NA,NA,NA,NA,NA,NA,NA,NA,NA,NA,NA,NA,NA,NA,NA,NA,High,High,High,NA,NA,NA,NA,NA,NA,NA,NA,NA,NA,NA,NA,NA,NA,NA,NA,NA,NA,NA,NA,NA,NA,NA,NA,NA,NA,NA,NA,NA,NA,NA,NA,NA,NA,NA,NA,NA,NA,NA,NA,NA,NA,NA,NA,NA,NA,NA
NA,NA,NA,NA,NA,NA,NA,NA,NA,NA,NA,NA,NA,NA,NA,NA,228,2026-02-27,17:25:08,6,1,"Eisiminger, Jared",1000160731,Right,MIA_RED,"Ramirez, Andrew",10063875,Right,SOU_RED,Undefined,6,Bottom,2,0,0,Slider,Changeup,StrikeCalled,Undefined,Undefined,Undefined,0,0,NA,83.27114,0.508152,-4.502231,1455.657863,284.398728,03:30:00,4.97162,3.19758,6.31792,-42.92105,-2.67453,15.91147,1.86436,0.36823,75.48237,-7.464143,-1.631329,0.4566,NA,NA,NA,NA,NA,NA,NA,NA,NA,NA,NA,-9.62965,-1.07595,-2.87466,50,4.98919,8.8875,-120.62769,-0.29106,-14.01168,26.19783,-33.73963,SOU_RED,MIA_RED,SEMissouriState,D1,OVC,20260227-SEMissouriState-1,959a6fd0-1433-11f1-bd15-e1e313853076,82.5503,NA,NA,7.78877,NA,NA,NA,NA,NA,NA,9cb2ba17-931f-41d8-9324-5ddeae6b795a,2026-02-27,23:25:08,2026-02-27T23:25:08Z,2026-02-27T23:25:08Z,NA,v3,471444,471355,270b77465999425caf9e0eadef204240,"Raether, Carson",1000338521,Right,MIA_RED,6d0ad664-31d3-4f40-a4eb-da79640216c9,54.18073,-121.53227,13.09891,4.97912,0.87392,-16.86981,-3.18989,9.37131,-7.00584,NA,NA,NA,NA,NA,NA,NA,NA,NA,NA,NA,NA,NA,NA,NA,NA,NA,NA,NA,NA,NA,NA,NA,NA,NA,NA,NA,NA,NA,NA,NA,NA,NA,NA,NA,NA,NA,NA,NA,NA,NA,NA,NA,NA,NA,NA,NA,NA,NA,NA,High,High,High,NA,NA,NA,NA,NA,NA,NA,NA,NA,NA,NA,NA,NA,NA,NA,NA,NA,NA,NA,NA,NA,NA,NA,NA,NA,NA,NA,NA,NA,NA,NA,NA,NA,NA,NA,NA,NA,NA,NA,NA,NA,NA,NA,NA,NA,NA,NA
NA,NA,NA,NA,NA,NA,NA,NA,NA,NA,NA,NA,NA,NA,NA,NA,229,2026-02-27,17:25:30,6,2,"Eisiminger, Jared",1000160731,Right,MIA_RED,"Ramirez, Andrew",10063875,Right,SOU_RED,Undefined,6,Bottom,2,0,1,Slider,Changeup,InPlay,Undefined,GroundBall,Single,0,1,NA,82.52531,1.160868,-4.197176,1488.009278,283.668295,03:30:00,5.08934,3.2159,6.3405,-43.32695,-2.28295,15.44753,2.55053,0.63214,74.51226,-6.908211,-1.408533,0.461101,71.84455,-26.749286,-6.820598,NA,NA,NA,NA,6.309,6.309,-10.100085,0.051901,-9.39056,-1.13055,-2.91707,50,5.15403,8.19561,-119.55364,1.08418,-13.37478,26.47321,-33.78424,SOU_RED,MIA_RED,SEMissouriState,D1,OVC,20260227-SEMissouriState-1,a28ec830-1433-11f1-bd15-e1e313853076,81.74443,2.46978,NA,8.01305,NA,NA,NA,1.34579,2.46978,-0.52446,9cb2ba17-931f-41d8-9324-5ddeae6b795a,2026-02-27,23:25:30,2026-02-27T23:25:30Z,2026-02-27T23:25:30Z,GroundBall,v3,471444,471355,270b77465999425caf9e0eadef204240,"Raether, Carson",1000338521,Right,MIA_RED,a697fdd3-f51c-4310-9d8d-333f90217fd1,54.15843,-120.47094,13.2366,5.09618,2.2548,-16.89212,-3.20907,8.65905,-6.68739,180,1.34316,93.74514,NA,NA,NA,NA,NA,NA,NA,2.47112,-47.58675,NA,NA,NA,NA,NA,NA,NA,-0.52414,-11.21262,NA,NA,NA,NA,NA,NA,NA,NA,NA,NA,NA,NA,NA,NA,NA,NA,NA,NA,NA,NA,NA,NA,NA,NA,NA,NA,NA,NA,NA,High,High,High,Low,Low,NA,NA,NA,NA,NA,NA,NA,NA,NA,NA,NA,NA,NA,NA,NA,NA,NA,NA,NA,NA,NA,NA,NA,NA,NA,NA,NA,NA,NA,NA,NA,NA,NA,NA,NA,NA,NA,NA,NA,NA,NA,NA,NA,NA,NA
NA,NA,NA,NA,NA,NA,NA,NA,NA,NA,NA,NA,NA,NA,NA,NA,230,2026-02-27,17:26:13,7,1,"Eisiminger, Jared",1000160731,Right,MIA_RED,"Schrack, Carson",10186680,Left,SOU_RED,Undefined,6,Bottom,2,0,0,Fastball,Sinker,StrikeCalled,Undefined,Undefined,Undefined,0,0,NA,89.90257,-0.876535,-4.320426,1938.774252,254.236213,02:30:00,5.09037,3.21606,5.87017,-28.17344,6.97882,20.24792,1.92602,0.88271,81.17616,-6.128747,-0.697395,0.426725,NA,NA,NA,NA,NA,NA,NA,NA,NA,NA,NA,-11.62268,4.22973,-2.8772,50,5.00315,8.93674,-130.11361,-2.97179,-19.67462,30.49809,-25.01407,SOU_RED,MIA_RED,SEMissouriState,D1,OVC,20260227-SEMissouriState-1,bc84e670-1433-11f1-bd15-e1e313853076,88.329580000000007,NA,NA,8.7264,NA,NA,NA,NA,NA,NA,9cb2ba17-931f-41d8-9324-5ddeae6b795a,2026-02-27,23:26:13,2026-02-27T23:26:13Z,2026-02-27T23:26:13Z,NA,v3,471444,471355,270b77465999425caf9e0eadef204240,"Raether, Carson",1000338521,Right,MIA_RED,79643547-fdc3-472f-8270-abe097902570,54.62703,-131.19368,15.24905,5.09271,-2.08594,-12.50704,-3.20603,9.63351,-9.83731,NA,NA,NA,NA,NA,NA,NA,NA,NA,NA,NA,NA,NA,NA,NA,NA,NA,NA,NA,NA,NA,NA,NA,NA,NA,NA,NA,NA,NA,NA,NA,NA,NA,NA,NA,NA,NA,NA,NA,NA,NA,NA,NA,NA,NA,NA,NA,NA,NA,NA,High,High,High,NA,NA,NA,NA,NA,NA,NA,NA,NA,NA,NA,NA,NA,NA,NA,NA,NA,NA,NA,NA,NA,NA,NA,NA,NA,NA,NA,NA,NA,NA,NA,NA,NA,NA,NA,NA,NA,NA,NA,NA,NA,NA,NA,NA,NA,NA,NA
NA,NA,NA,NA,NA,NA,NA,NA,NA,NA,NA,NA,NA,NA,NA,NA,231,2026-02-27,17:26:33,7,2,"Eisiminger, Jared",1000160731,Right,MIA_RED,"Schrack, Carson",10186680,Left,SOU_RED,Undefined,6,Bottom,2,0,1,Fastball,Sinker,InPlay,Undefined,FlyBall,Double,0,3,NA,88.28366,-0.590763,-4.192433,1912.449622,247.051797,02:15:00,5.09706,3.22484,5.82012,-27.33462,9.18174,18.58284,2.26844,0.86861,79.66628,-5.699511,-0.870959,0.434926,93.58327,25.017556,-15.614139,2818.996988,104.17092,44.24008,-35.33078,350.77213,342.71947,-23.450427,4.223913,-10.83331,5.24504,-2.89261,50,5.03256,8.58047,-127.79757,-2.23558,-17.67867,29.59581,-23.61476,SOU_RED,MIA_RED,SEMissouriState,D1,OVC,20260227-SEMissouriState-1,c82f32a0-1433-11f1-bd15-e1e313853076,86.66408,56.62652,NA,8.61738,NA,NA,NA,1.25618,2.35449,-0.88052,9cb2ba17-931f-41d8-9324-5ddeae6b795a,2026-02-27,23:26:33,2026-02-27T23:26:33Z,2026-02-27T23:26:33Z,LineDrive,v3,471444,471355,270b77465999425caf9e0eadef204240,"Raether, Carson",1000338521,Right,MIA_RED,f6c1b8c4-a482-4d64-8867-fe1d7f332f4f,54.67815,-128.8764,14.7979,5.09836,-1.37477,-11.80738,-3.21713,9.2249,-8.83934,139.458647,1.25671,119.77697,-20.74797,4.74646,-1.01123,0.21111,-0.04761,0.0081,-5.8e-4,2.35498,58.02873,-16.73174,0.40291,0.34421,-0.21128,0.0683,-0.01076,6.5e-4,-0.8808,-33.47043,-2.20699,1.6966,-0.61395,0.16608,-0.03305,0.00387,-1.9e-4,NA,NA,NA,NA,NA,NA,NA,NA,NA,NA,NA,NA,NA,NA,NA,NA,NA,NA,NA,NA,NA,NA,High,High,High,High,High,NA,NA,NA,NA,NA,NA,NA,NA,NA,NA,NA,NA,NA,NA,NA,NA,NA,NA,NA,NA,NA,NA,NA,NA,NA,NA,NA,NA,NA,NA,NA,NA,NA,NA,NA,NA,NA,NA,NA,NA,NA,NA,NA,NA,NA
NA,NA,NA,NA,NA,NA,NA,NA,NA,NA,NA,NA,NA,NA,NA,NA,232,2026-02-27,17:27:32,8,1,"Eisiminger, Jared",1000160731,Right,MIA_RED,"Klein, Caleb",1000329534,Right,SOU_RED,Undefined,6,Bottom,2,0,0,Slider,Slider,BallCalled,Undefined,Undefined,Undefined,0,0,NA,80.82437,-0.248832,-5.06497,1799.314367,188.24049,12:15:00,4.88206,3.39046,5.71806,-38.99014,3.94473,0.395,1.40018,-1.30703,74.90471,-7.370308,-4.994749,0.471603,NA,NA,NA,NA,NA,NA,NA,NA,NA,NA,NA,-1.47079,2.46977,-2.96631,50,4.83704,10.3607,-117.06926,-1.79221,-2.06108,20.08106,-28.71306,SOU_RED,MIA_RED,SEMissouriState,D1,OVC,20260227-SEMissouriState-1,eb5d6490-1433-11f1-bd15-e1e313853076,79.92411,NA,NA,5.91966,NA,NA,NA,NA,NA,NA,9cb2ba17-931f-41d8-9324-5ddeae6b795a,2026-02-27,23:27:32,2026-02-27T23:27:32Z,2026-02-27T23:27:32Z,NA,v3,471444,471355,270b77465999425caf9e0eadef204240,"Raether, Carson",1000338521,Right,MIA_RED,6e6df9ba-13f6-4480-8025-53ac95f4cd47,54.78112,-117.88652,10.04053,4.8862,-0.62364,-14.35653,-3.38967,10.44458,-1.03054,NA,NA,NA,NA,NA,NA,NA,NA,NA,NA,NA,NA,NA,NA,NA,NA,NA,NA,NA,NA,NA,NA,NA,NA,NA,NA,NA,NA,NA,NA,NA,NA,NA,NA,NA,NA,NA,NA,NA,NA,NA,NA,NA,NA,NA,NA,NA,NA,NA,NA,High,High,High,NA,NA,NA,NA,NA,NA,NA,NA,NA,NA,NA,NA,NA,NA,NA,NA,NA,NA,NA,NA,NA,NA,NA,NA,NA,NA,NA,NA,NA,NA,NA,NA,NA,NA,NA,NA,NA,NA,NA,NA,NA,NA,NA,NA,NA,NA,NA
NA,NA,NA,NA,NA,NA,NA,NA,NA,NA,NA,NA,NA,NA,NA,NA,233,2026-02-27,17:27:51,8,2,"Eisiminger, Jared",1000160731,Right,MIA_RED,"Klein, Caleb",1000329534,Right,SOU_RED,Undefined,6,Bottom,2,1,0,Slider,Slider,BallCalled,Undefined,Undefined,Undefined,0,0,NA,79.79414,-0.15596,-4.648517,1755.342893,180.139846,12:00:00,4.77004,3.26625,5.69982,-37.27423,7.48272,0.01461,1.51805,-1.07369,72.72668,-7.028122,-4.645921,0.481506,NA,NA,NA,NA,NA,NA,NA,NA,NA,NA,NA,-1.39823,4.32583,-2.87543,50,4.73403,9.38429,-115.42015,-1.50418,-1.87272,22.91039,-26.38018,SOU_RED,MIA_RED,SEMissouriState,D1,OVC,20260227-SEMissouriState-1,f7248790-1433-11f1-bd15-e1e313853076,78.2803,NA,NA,7.06746,NA,NA,NA,NA,NA,NA,9cb2ba17-931f-41d8-9324-5ddeae6b795a,2026-02-27,23:27:51,2026-02-27T23:27:51Z,2026-02-27T23:27:51Z,NA,v3,471444,471355,270b77465999425caf9e0eadef204240,"Raether, Carson",1000338521,Right,MIA_RED,94ff5ad2-3c02-40af-8ae7-c025e8b99f90,54.79596,-116.36824,11.4552,4.77368,-0.41251,-13.19009,-3.26538,9.46178,-0.93636,NA,NA,NA,NA,NA,NA,NA,NA,NA,NA,NA,NA,NA,NA,NA,NA,NA,NA,NA,NA,NA,NA,NA,NA,NA,NA,NA,NA,NA,NA,NA,NA,NA,NA,NA,NA,NA,NA,NA,NA,NA,NA,NA,NA,NA,NA,NA,NA,NA,NA,High,High,High,NA,NA,NA,NA,NA,NA,NA,NA,NA,NA,NA,NA,NA,NA,NA,NA,NA,NA,NA,NA,NA,NA,NA,NA,NA,NA,NA,NA,NA,NA,NA,NA,NA,NA,NA,NA,NA,NA,NA,NA,NA,NA,NA,NA,NA,NA,NA
NA,NA,NA,NA,NA,NA,NA,NA,NA,NA,NA,NA,NA,NA,NA,NA,234,2026-02-27,17:28:11,8,3,"Eisiminger, Jared",1000160731,Right,MIA_RED,"Klein, Caleb",1000329534,Right,SOU_RED,Undefined,6,Bottom,2,2,0,Fastball,Sinker,BallCalled,Undefined,Undefined,Undefined,0,0,NA,89.22918,-2.782619,-6.444834,1983.641125,246.147298,02:15:00,5.0896,3.22064,5.97733,-26.16742,9.4567,18.5832,0.31109,-1.23036,81.12998,-7.653713,-3.131125,0.429579,NA,NA,NA,NA,NA,NA,NA,NA,NA,NA,NA,-11.43379,6.04677,-2.71927,50,4.85362,13.75462,-128.67029,-7.15502,-19.056,28.15985,-22.09622,SOU_RED,MIA_RED,SEMissouriState,D1,OVC,20260227-SEMissouriState-1,02b86590-1434-11f1-bd15-e1e313853076,87.74266,NA,NA,8.0992,NA,NA,NA,NA,NA,NA,9cb2ba17-931f-41d8-9324-5ddeae6b795a,2026-02-27,23:28:11,2026-02-27T23:28:11Z,2026-02-27T23:28:11Z,NA,v3,471444,471355,270b77465999425caf9e0eadef204240,"Raether, Carson",1000338521,Right,MIA_RED,c9950e43-9469-4bfb-a97a-b774a5a8b0d7,54.52143,-129.65604,14.07992,5.09055,-6.38153,-11.04811,-3.21243,14.42169,-9.528,NA,NA,NA,NA,NA,NA,NA,NA,NA,NA,NA,NA,NA,NA,NA,NA,NA,NA,NA,NA,NA,NA,NA,NA,NA,NA,NA,NA,NA,NA,NA,NA,NA,NA,NA,NA,NA,NA,NA,NA,NA,NA,NA,NA,NA,NA,NA,NA,NA,NA,High,High,High,NA,NA,NA,NA,NA,NA,NA,NA,NA,NA,NA,NA,NA,NA,NA,NA,NA,NA,NA,NA,NA,NA,NA,NA,NA,NA,NA,NA,NA,NA,NA,NA,NA,NA,NA,NA,NA,NA,NA,NA,NA,NA,NA,NA,NA,NA,NA
NA,NA,NA,NA,NA,NA,NA,NA,NA,NA,NA,NA,NA,NA,NA,NA,235,2026-02-27,17:28:35,8,4,"Eisiminger, Jared",1000160731,Right,MIA_RED,"Klein, Caleb",1000329534,Right,SOU_RED,Undefined,6,Bottom,2,3,0,Fastball,Sinker,StrikeCalled,Undefined,Undefined,Undefined,0,0,NA,89.04985,-0.265306,-5.714828,1993.31405,242.637071,02:00:00,5.10937,3.17597,5.8758,-25.11289,10.83501,18.42466,2.769,-0.61401,80.21859,-4.97772,-2.431945,0.431527,NA,NA,NA,NA,NA,NA,NA,NA,NA,NA,NA,-11.11111,5.9987,-2.72288,50,5.07349,12.06274,-128.60493,-1.42232,-18.39234,29.56353,-22.24433,SOU_RED,MIA_RED,SEMissouriState,D1,OVC,20260227-SEMissouriState-1,10c7a3d0-1434-11f1-bd15-e1e313853076,87.34661,NA,NA,8.83126,NA,NA,NA,NA,NA,NA,9cb2ba17-931f-41d8-9324-5ddeae6b795a,2026-02-27,23:28:35,2026-02-27T23:28:35Z,2026-02-27T23:28:35Z,NA,v3,471444,471355,270b77465999425caf9e0eadef204240,"Raether, Carson",1000338521,Right,MIA_RED,80fc1fed-5f52-4a83-a6a9-1cff92d3cd69,54.62059,-129.66276,14.78177,5.11014,-0.62639,-11.12217,-3.16628,12.72084,-9.19617,NA,NA,NA,NA,NA,NA,NA,NA,NA,NA,NA,NA,NA,NA,NA,NA,NA,NA,NA,NA,NA,NA,NA,NA,NA,NA,NA,NA,NA,NA,NA,NA,NA,NA,NA,NA,NA,NA,NA,NA,NA,NA,NA,NA,NA,NA,NA,NA,NA,NA,High,High,High,NA,NA,NA,NA,NA,NA,NA,NA,NA,NA,NA,NA,NA,NA,NA,NA,NA,NA,NA,NA,NA,NA,NA,NA,NA,NA,NA,NA,NA,NA,NA,NA,NA,NA,NA,NA,NA,NA,NA,NA,NA,NA,NA,NA,NA,NA,NA
NA,NA,NA,NA,NA,NA,NA,NA,NA,NA,NA,NA,NA,NA,NA,NA,236,2026-02-27,17:28:53,8,5,"Eisiminger, Jared",1000160731,Right,MIA_RED,"Klein, Caleb",1000329534,Right,SOU_RED,Undefined,6,Bottom,2,3,1,Fastball,Sinker,StrikeSwinging,Undefined,Undefined,Undefined,0,0,NA,89.67899,-0.479137,-5.098394,1994.214916,249.041091,02:15:00,5.10528,3.25053,5.976,-26.90147,8.18193,18.19733,2.41755,0.0282,81.25384,-5.504965,-1.843371,0.426307,NA,NA,NA,NA,NA,NA,NA,NA,NA,NA,NA,-10.79693,4.71087,-2.85604,50,5.05247,10.78969,-129.73656,-1.99152,-18.26719,28.99915,-24.2038,SOU_RED,MIA_RED,SEMissouriState,D1,OVC,20260227-SEMissouriState-1,1b9a7bc0-1434-11f1-bd15-e1e313853076,88.41621,NA,NA,8.42515,NA,NA,NA,NA,NA,NA,9cb2ba17-931f-41d8-9324-5ddeae6b795a,2026-02-27,23:28:53,2026-02-27T23:28:53Z,2026-02-27T23:28:53Z,NA,v3,471444,471355,270b77465999425caf9e0eadef204240,"Raether, Carson",1000338521,Right,MIA_RED,7c79137d-2da9-4cf4-b005-34cd2bd789df,54.52162,-130.74334,14.49957,5.10703,-1.15122,-12.1019,-3.24164,11.42388,-9.13359,NA,NA,NA,NA,NA,NA,NA,NA,NA,NA,NA,NA,NA,NA,NA,NA,NA,NA,NA,NA,NA,NA,NA,NA,NA,NA,NA,NA,NA,NA,NA,NA,NA,NA,NA,NA,NA,NA,NA,NA,NA,NA,NA,NA,NA,NA,NA,NA,NA,NA,High,High,High,NA,NA,NA,NA,NA,NA,NA,NA,NA,NA,NA,NA,NA,NA,NA,NA,NA,NA,NA,NA,NA,NA,NA,NA,NA,NA,NA,NA,NA,NA,NA,NA,NA,NA,NA,NA,NA,NA,NA,NA,NA,NA,NA,NA,NA,NA,NA
NA,NA,NA,NA,NA,NA,NA,NA,NA,NA,NA,NA,NA,NA,NA,NA,237,2026-02-27,17:29:16,8,6,"Eisiminger, Jared",1000160731,Right,MIA_RED,"Klein, Caleb",1000329534,Right,SOU_RED,Undefined,6,Bottom,2,3,2,Slider,Changeup,InPlay,Undefined,GroundBall,Out,1,0,NA,84.97006,0.384993,-4.715986,1512.443107,275.496525,03:15:00,5.00822,3.01763,6.40922,-38.55711,-0.24016,15.79914,2.15032,-0.01171,77.35821,-6.792622,-1.862604,0.44552,95.80106,-0.663039,7.670468,2261.717943,NA,NA,NA,45.8298,45.8298,9.30078,0.333955,-9.67378,0.12094,-2.68655,50,5.01843,9.56953,-123.14923,-0.37052,-14.75491,26.00856,-31.98957,SOU_RED,MIA_RED,SEMissouriState,D1,OVC,20260227-SEMissouriState-1,2999db80-1434-11f1-bd15-e1e313853076,84.60328,2.0761,NA,7.61185,NA,NA,NA,0.92346,2.0761,0.06202,9cb2ba17-931f-41d8-9324-5ddeae6b795a,2026-02-27,23:29:16,2026-02-27T23:29:16Z,2026-02-27T23:29:16Z,GroundBall,v3,471444,471355,270b77465999425caf9e0eadef204240,"Raether, Carson",1000338521,Right,MIA_RED,dcb4f3cf-4f3b-44c2-80a6-127084c3186a,54.09099,-124.01022,13.00428,5.01316,0.68847,-15.99478,-3.01142,10.05798,-7.37746,262.437192,0.92825,139.05096,-19.20922,NA,NA,NA,NA,NA,NA,2.07752,-1.6824,-13.60534,NA,NA,NA,NA,NA,NA,0.05738,18.9386,9.22936,NA,NA,NA,NA,NA,NA,NA,NA,NA,NA,NA,NA,NA,NA,NA,NA,NA,NA,NA,NA,NA,NA,NA,NA,NA,NA,NA,NA,High,High,High,High,High,NA,NA,NA,NA,NA,NA,NA,NA,NA,NA,NA,NA,NA,NA,NA,NA,NA,NA,NA,NA,NA,NA,NA,NA,NA,NA,NA,NA,NA,NA,NA,NA,NA,NA,NA,NA,NA,NA,NA,NA,NA,NA,NA,NA,NA
NA,NA,NA,NA,NA,NA,NA,NA,NA,NA,NA,NA,NA,NA,NA,NA,238,2026-02-27,17:31:25,1,1,"Johnston, Gavin",1000214547,Right,SOU_RED,"Dierks, Marcus",10322729,Left,MIA_RED,Undefined,7,Top,0,0,0,Fastball,Four-Seam,StrikeCalled,Undefined,Undefined,Undefined,0,0,NA,92.73317,-2.160277,-1.698128,2107.87488,201.986739,12:45:00,5.81426,1.02896,5.50338,-10.45674,22.82785,8.74768,2.9206,0.16928,83.90505,-4.215902,-0.14044,0.415234,NA,NA,NA,NA,NA,NA,NA,NA,NA,NA,NA,-4.89158,12.46174,-0.88656,50,5.61873,3.56998,-134.36598,-5.3171,-8.869,31.35315,-9.57944,SOU_RED,MIA_RED,SEMissouriState,D1,OVC,20260227-SEMissouriState-1,76779780-1434-11f1-bd15-e1e313853076,90.77396,NA,NA,8.82812,NA,NA,NA,NA,NA,NA,9cb2ba17-931f-41d8-9324-5ddeae6b795a,2026-02-27,23:31:25,2026-02-27T23:31:25Z,2026-02-27T23:31:25Z,NA,v3,471444,471355,270b77465999425caf9e0eadef204240,"Rosario, Moises",10267810,Right,SOU_RED,19afdeb9-1c23-4c26-8507-9350cfc79000,54.99224,-135.52587,15.67658,5.80888,-4.96272,-4.78972,-1.0247,3.89809,-4.4345,NA,NA,NA,NA,NA,NA,NA,NA,NA,NA,NA,NA,NA,NA,NA,NA,NA,NA,NA,NA,NA,NA,NA,NA,NA,NA,NA,NA,NA,NA,NA,NA,NA,NA,NA,NA,NA,NA,NA,NA,NA,NA,NA,NA,NA,NA,NA,NA,NA,NA,High,High,High,NA,NA,NA,NA,NA,NA,NA,NA,NA,NA,NA,NA,NA,NA,NA,NA,NA,NA,NA,NA,NA,NA,NA,NA,NA,NA,NA,NA,NA,NA,NA,NA,NA,NA,NA,NA,NA,NA,NA,NA,NA,NA,NA,NA,NA,NA,NA
NA,NA,NA,NA,NA,NA,NA,NA,NA,NA,NA,NA,NA,NA,NA,NA,239,2026-02-27,17:31:36,1,2,"Johnston, Gavin",1000214547,Right,SOU_RED,"Dierks, Marcus",10322729,Left,MIA_RED,Undefined,7,Top,0,0,1,Slider,Curveball,StrikeCalled,Undefined,Undefined,Undefined,0,0,NA,80.17114,0.824916,-0.524975,2268.114387,43.234456,07:30:00,5.77583,1.34802,5.01248,-50.38538,-5.33815,-6.37323,2.35572,0.32142,73.47408,-8.277659,-1.652255,0.483065,NA,NA,NA,NA,NA,NA,NA,NA,NA,NA,NA,2.99402,-2.40969,-1.29234,50,5.81426,1.33713,-116.32055,-0.20422,4.08676,22.58192,-35.46318,SOU_RED,MIA_RED,SEMissouriState,D1,OVC,20260227-SEMissouriState-1,7d2752a0-1434-11f1-bd15-e1e313853076,78.02768,NA,NA,6.69706,NA,NA,NA,NA,NA,NA,9cb2ba17-931f-41d8-9324-5ddeae6b795a,2026-02-27,23:31:36,2026-02-27T23:31:36Z,2026-02-27T23:31:36Z,NA,v3,471444,471355,270b77465999425caf9e0eadef204240,"Rosario, Moises",10267810,Right,SOU_RED,91906a79-b90e-48aa-9224-7cc0b6729c9c,55.48682,-117.3809,11.29096,5.78475,1.46098,-17.73159,-1.35062,1.14524,2.04338,NA,NA,NA,NA,NA,NA,NA,NA,NA,NA,NA,NA,NA,NA,NA,NA,NA,NA,NA,NA,NA,NA,NA,NA,NA,NA,NA,NA,NA,NA,NA,NA,NA,NA,NA,NA,NA,NA,NA,NA,NA,NA,NA,NA,NA,NA,NA,NA,NA,NA,High,High,High,NA,NA,NA,NA,NA,NA,NA,NA,NA,NA,NA,NA,NA,NA,NA,NA,NA,NA,NA,NA,NA,NA,NA,NA,NA,NA,NA,NA,NA,NA,NA,NA,NA,NA,NA,NA,NA,NA,NA,NA,NA,NA,NA,NA,NA,NA,NA
NA,NA,NA,NA,NA,NA,NA,NA,NA,NA,NA,NA,NA,NA,NA,NA,240,2026-02-27,17:31:47,1,3,"Johnston, Gavin",1000214547,Right,SOU_RED,"Dierks, Marcus",10322729,Left,MIA_RED,Undefined,7,Top,0,0,2,Slider,Curveball,StrikeCalled,Strikeout,Undefined,Undefined,0,0,NA,79.08204,1.773579,0.209649,2386.341524,33.027236,07:00:00,5.67091,1.22823,5.14407,-54.5666,-8.66843,-6.55028,2.79411,0.87977,72.69235,-8.092902,-0.951528,0.487606,NA,NA,NA,NA,NA,NA,NA,NA,NA,NA,NA,3.30536,-4.32898,-1.24265,50,5.79477,-0.14895,-114.80407,1.56289,4.4124,21.20527,-37.95296,SOU_RED,MIA_RED,SEMissouriState,D1,OVC,20260227-SEMissouriState-1,83addae0-1434-11f1-bd15-e1e313853076,77.30102,NA,NA,6.38969,NA,NA,NA,NA,NA,NA,9cb2ba17-931f-41d8-9324-5ddeae6b795a,2026-02-27,23:31:47,2026-02-27T23:31:47Z,2026-02-27T23:31:47Z,NA,v3,471444,471355,270b77465999425caf9e0eadef204240,"Rosario, Moises",10267810,Right,SOU_RED,f615d939-de6a-474d-8070-18e4c499025b,55.35687,-115.7893,10.60264,5.68119,3.32624,-18.97648,-1.23096,-0.35396,2.2062,NA,NA,NA,NA,NA,NA,NA,NA,NA,NA,NA,NA,NA,NA,NA,NA,NA,NA,NA,NA,NA,NA,NA,NA,NA,NA,NA,NA,74.74546,NA,NA,0.83606,NA,NA,NA,1.61938,4.42037,2.83205,65.4727,2.02996,59.31634,1.6431,82.52279,-7.4353,4.43435,8.97597,-14.20499,2.84264,70.93798,-4.07643,High,High,High,NA,NA,High,High,High,NA,NA,NA,NA,NA,NA,NA,NA,NA,NA,NA,NA,NA,NA,NA,NA,NA,NA,NA,NA,NA,NA,NA,NA,NA,NA,NA,NA,NA,NA,NA,NA,NA,NA,NA,NA,NA,NA,NA,NA,NA,NA
NA,NA,NA,NA,NA,NA,NA,NA,NA,NA,NA,NA,NA,NA,NA,NA,241,2026-02-27,17:32:23,2,1,"Johnston, Gavin",1000214547,Right,SOU_RED,"Christiansen, Hayden",830132,Right,MIA_RED,Undefined,7,Top,1,0,0,Fastball,Four-Seam,BallCalled,Undefined,Undefined,Undefined,0,0,NA,94.55098,-1.270624,-1.657041,2136.203152,210.490414,01:00:00,5.73087,1.22745,5.32362,-10.84654,21.45422,11.95662,3.63395,0.66844,85.24284,-3.392381,0.465208,0.409051,NA,NA,NA,NA,NA,NA,NA,NA,NA,NA,NA,-6.44599,11.42158,-1.08624,50,5.60853,3.37002,-136.98076,-3.32209,-12.11159,33.39371,-10.71369,SOU_RED,MIA_RED,SEMissouriState,D1,OVC,20260227-SEMissouriState-1,98e20440-1434-11f1-bd15-e1e313853076,92.14601,NA,NA,9.30814,NA,NA,NA,NA,NA,NA,9cb2ba17-931f-41d8-9324-5ddeae6b795a,2026-02-27,23:32:23,2026-02-27T23:32:23Z,2026-02-27T23:32:23Z,NA,v3,471444,471355,270b77465999425caf9e0eadef204240,"Rosario, Moises",10267810,Right,SOU_RED,ef861dc6-1d04-4bd0-a336-70fbd6286aa7,55.17142,-138.23572,16.69685,5.72581,-2.91947,-5.35684,-1.22144,3.82518,-6.05579,NA,NA,NA,NA,NA,NA,NA,NA,NA,NA,NA,NA,NA,NA,NA,NA,NA,NA,NA,NA,NA,NA,NA,NA,NA,NA,NA,NA,NA,NA,NA,NA,NA,NA,NA,NA,NA,NA,NA,NA,NA,NA,NA,NA,NA,NA,NA,NA,NA,NA,High,High,High,NA,NA,NA,NA,NA,NA,NA,NA,NA,NA,NA,NA,NA,NA,NA,NA,NA,NA,NA,NA,NA,NA,NA,NA,NA,NA,NA,NA,NA,NA,NA,NA,NA,NA,NA,NA,NA,NA,NA,NA,NA,NA,NA,NA,NA,NA,NA
NA,NA,NA,NA,NA,NA,NA,NA,NA,NA,NA,NA,NA,NA,NA,NA,242,2026-02-27,17:32:35,2,2,"Johnston, Gavin",1000214547,Right,SOU_RED,"Christiansen, Hayden",830132,Right,MIA_RED,Undefined,7,Top,1,1,0,Fastball,Four-Seam,StrikeCalled,Undefined,Undefined,Undefined,0,0,NA,94.12396,-3.339221,-1.999984,2108.763955,205.076886,12:45:00,5.85379,1.06413,5.51384,-8.98512,23.42041,10.4167,1.97716,0.06129,85.07685,-5.127263,-0.145309,0.409714,NA,NA,NA,NA,NA,NA,NA,NA,NA,NA,NA,-5.81937,13.11827,-0.89678,50,5.55658,4.25554,-136.21297,-8.13546,-10.83031,32.55229,-7.75996,SOU_RED,MIA_RED,SEMissouriState,D1,OVC,20260227-SEMissouriState-1,9fe8e010-1434-11f1-bd15-e1e313853076,91.99689,NA,NA,9.04711,NA,NA,NA,NA,NA,NA,9cb2ba17-931f-41d8-9324-5ddeae6b795a,2026-02-27,23:32:35,2026-02-27T23:32:35Z,2026-02-27T23:32:35Z,NA,v3,471444,471355,270b77465999425caf9e0eadef204240,"Rosario, Moises",10267810,Right,SOU_RED,e3f45c12-eb81-4054-aa86-9cc8ab686ee3,54.9817,-137.39834,16.27615,5.84768,-7.85288,-3.87998,-1.05892,4.64992,-5.41516,NA,NA,NA,NA,NA,NA,NA,NA,NA,NA,NA,NA,NA,NA,NA,NA,NA,NA,NA,NA,NA,NA,NA,NA,NA,NA,NA,NA,NA,NA,NA,NA,NA,NA,NA,NA,NA,NA,NA,NA,NA,NA,NA,NA,NA,NA,NA,NA,NA,NA,High,High,High,NA,NA,NA,NA,NA,NA,NA,NA,NA,NA,NA,NA,NA,NA,NA,NA,NA,NA,NA,NA,NA,NA,NA,NA,NA,NA,NA,NA,NA,NA,NA,NA,NA,NA,NA,NA,NA,NA,NA,NA,NA,NA,NA,NA,NA,NA,NA
NA,NA,NA,NA,NA,NA,NA,NA,NA,NA,NA,NA,NA,NA,NA,NA,243,2026-02-27,17:32:46,2,3,"Johnston, Gavin",1000214547,Right,SOU_RED,"Christiansen, Hayden",830132,Right,MIA_RED,Undefined,7,Top,1,1,1,Slider,Curveball,BallCalled,Undefined,Undefined,Undefined,0,0,NA,81.06463,-0.313645,-0.088357,2504.230327,55.858487,07:45:00,5.70499,1.31179,5.20469,-47.72699,-4.16713,-8.11768,1.43276,0.55222,74.72949,-8.943709,-1.530643,0.475023,NA,NA,NA,NA,NA,NA,NA,NA,NA,NA,NA,4.01406,-1.54425,-1.29734,50,5.64003,0.52188,-117.7174,-2.39619,5.63367,22.30278,-34.34141,SOU_RED,MIA_RED,SEMissouriState,D1,OVC,20260227-SEMissouriState-1,a6bd3a30-1434-11f1-bd15-e1e313853076,79.34867,NA,NA,6.33513,NA,NA,NA,NA,NA,NA,9cb2ba17-931f-41d8-9324-5ddeae6b795a,2026-02-27,23:32:46,2026-02-27T23:32:46Z,2026-02-27T23:32:46Z,NA,v3,471444,471355,270b77465999425caf9e0eadef204240,"Rosario, Moises",10267810,Right,SOU_RED,b47a0c7f-7ebb-4b9b-be9c-fc74eebb6019,55.29503,-118.71636,11.15139,5.71291,-0.85801,-17.1707,-1.31507,0.26954,2.81683,NA,NA,NA,NA,NA,NA,NA,NA,NA,NA,NA,NA,NA,NA,NA,NA,NA,NA,NA,NA,NA,NA,NA,NA,NA,NA,NA,NA,NA,NA,NA,NA,NA,NA,NA,NA,NA,NA,NA,NA,NA,NA,NA,NA,NA,NA,NA,NA,NA,NA,High,High,High,NA,NA,NA,NA,NA,NA,NA,NA,NA,NA,NA,NA,NA,NA,NA,NA,NA,NA,NA,NA,NA,NA,NA,NA,NA,NA,NA,NA,NA,NA,NA,NA,NA,NA,NA,NA,NA,NA,NA,NA,NA,NA,NA,NA,NA,NA,NA
NA,NA,NA,NA,NA,NA,NA,NA,NA,NA,NA,NA,NA,NA,NA,NA,244,2026-02-27,17:33:01,2,4,"Johnston, Gavin",1000214547,Right,SOU_RED,"Christiansen, Hayden",830132,Right,MIA_RED,Undefined,7,Top,1,2,1,Fastball,Four-Seam,InPlay,Undefined,FlyBall,Out,1,0,NA,94.47528,-3.187654,-2.307183,2143.422401,207.260205,01:00:00,5.73283,0.76178,5.45844,-10.71536,21.46084,10.47528,1.8506,-0.52608,85.56708,-5.275511,-0.444311,0.408262,89.24961,41.643444,3.102343,3579.443325,109.96822,87.58714,2.64187,316.22696,308.15773,-1.796757,5.609378,-5.99044,12.11768,-0.56591,50,5.44472,5.01732,-136.76292,-7.91214,-11.25176,32.49636,-9.4136,SOU_RED,MIA_RED,SEMissouriState,D1,OVC,20260227-SEMissouriState-1,af495670-1434-11f1-bd15-e1e313853076,92.32418,111.39621,NA,8.9082,NA,NA,NA,1.77712,2.10704,0.51278,9cb2ba17-931f-41d8-9324-5ddeae6b795a,2026-02-27,23:33:01,2026-02-27T23:33:01Z,2026-02-27T23:33:01Z,FlyBall,v3,471444,471355,270b77465999425caf9e0eadef204240,"Rosario, Moises",10267810,Right,SOU_RED,ce1f722e-aea1-476c-8263-76e45c9fbaba,55.03941,-137.95515,16.24818,5.72867,-7.56677,-4.7068,-0.75756,5.43012,-5.62588,168.158561,1.78211,97.58701,-19.18153,4.38825,-0.70622,0.0743,-0.00518,3.7e-4,-2e-5,2.1065,86.97941,-20.03428,1.31831,-0.00755,-0.08578,0.02699,-0.00353,1.7e-4,0.51355,5.27972,-3.808,1.04007,-0.2109,0.03139,-0.00311,1.9e-4,-1e-5,NA,NA,NA,NA,NA,NA,NA,NA,NA,NA,NA,NA,NA,NA,NA,NA,NA,NA,NA,NA,NA,NA,High,High,High,High,Medium,NA,NA,NA,NA,NA,NA,NA,NA,NA,NA,NA,NA,NA,NA,NA,NA,NA,NA,NA,NA,NA,NA,NA,NA,NA,NA,NA,NA,NA,NA,NA,NA,NA,NA,NA,NA,NA,NA,NA,NA,NA,NA,NA,NA,NA
NA,NA,NA,NA,NA,NA,NA,NA,NA,NA,NA,NA,NA,NA,NA,NA,245,2026-02-27,17:33:29,3,1,"Johnston, Gavin",1000214547,Right,SOU_RED,"Gonzalez, Ignacio",10124440,Right,MIA_RED,Undefined,7,Top,2,0,0,Fastball,Four-Seam,StrikeSwinging,Undefined,Undefined,Undefined,0,0,NA,94.62807,-2.714246,-1.760626,2095.843976,206.287388,01:00:00,5.85097,0.93858,5.50189,-10.11808,21.75399,10.21154,2.46611,0.14234,85.95512,-4.692267,0.057663,0.406328,NA,NA,NA,NA,NA,NA,NA,NA,NA,NA,NA,-5.62492,12.04162,-0.79167,50,5.60705,3.72382,-137.11563,-6.75419,-10.66226,31.54134,-9.3487,SOU_RED,MIA_RED,SEMissouriState,D1,OVC,20260227-SEMissouriState-1,c033a120-1434-11f1-bd15-e1e313853076,92.76361,NA,NA,8.67295,NA,NA,NA,NA,NA,NA,9cb2ba17-931f-41d8-9324-5ddeae6b795a,2026-02-27,23:33:29,2026-02-27T23:33:29Z,2026-02-27T23:33:29Z,NA,v3,471444,471355,270b77465999425caf9e0eadef204240,"Rosario, Moises",10267810,Right,SOU_RED,a5ad46d4-2317-40e7-af55-6bf83ce812b9,54.99453,-138.25977,15.77067,5.8459,-6.41507,-4.67435,-0.93376,4.11058,-5.33113,NA,NA,NA,NA,NA,NA,NA,NA,NA,NA,NA,NA,NA,NA,NA,NA,NA,NA,NA,NA,NA,NA,NA,NA,NA,NA,NA,NA,NA,NA,NA,NA,NA,NA,NA,NA,NA,NA,NA,NA,NA,NA,NA,NA,NA,NA,NA,NA,NA,NA,High,High,High,NA,NA,NA,NA,NA,NA,NA,NA,NA,NA,NA,NA,NA,NA,NA,NA,NA,NA,NA,NA,NA,NA,NA,NA,NA,NA,NA,NA,NA,NA,NA,NA,NA,NA,NA,NA,NA,NA,NA,NA,NA,NA,NA,NA,NA,NA,NA
NA,NA,NA,NA,NA,NA,NA,NA,NA,NA,NA,NA,NA,NA,NA,NA,246,2026-02-27,17:33:40,3,2,"Johnston, Gavin",1000214547,Right,SOU_RED,"Gonzalez, Ignacio",10124440,Right,MIA_RED,Undefined,7,Top,2,0,1,Fastball,Four-Seam,BallCalled,Undefined,Undefined,Undefined,0,0,NA,93.37767,-1.708816,-0.995087,2045.051102,204.421592,12:45:00,5.825,0.87752,5.40764,-11.72997,21.03478,9.0565,3.24574,0.6998,84.8762,-3.975683,0.615471,0.411979,NA,NA,NA,NA,NA,NA,NA,NA,NA,NA,NA,-4.80292,11.34981,-0.79533,50,5.66498,1.9171,-135.41856,-4.36407,-8.88783,30.52764,-11.17121,SOU_RED,MIA_RED,SEMissouriState,D1,OVC,20260227-SEMissouriState-1,c6e30e20-1434-11f1-bd15-e1e313853076,91.49122,NA,NA,8.50147,NA,NA,NA,NA,NA,NA,9cb2ba17-931f-41d8-9324-5ddeae6b795a,2026-02-27,23:33:40,2026-02-27T23:33:40Z,2026-02-27T23:33:40Z,NA,v3,471444,471355,270b77465999425caf9e0eadef204240,"Rosario, Moises",10267810,Right,SOU_RED,c5fbd3f2-898b-4b5e-ad85-37769b386d18,55.08842,-136.56083,15.26382,5.82046,-3.94607,-5.5856,-0.87329,2.24966,-4.44392,NA,NA,NA,NA,NA,NA,NA,NA,NA,NA,NA,NA,NA,NA,NA,NA,NA,NA,NA,NA,NA,NA,NA,NA,NA,NA,NA,NA,NA,NA,NA,NA,NA,NA,NA,NA,NA,NA,NA,NA,NA,NA,NA,NA,NA,NA,NA,NA,NA,NA,High,High,High,NA,NA,NA,NA,NA,NA,NA,NA,NA,NA,NA,NA,NA,NA,NA,NA,NA,NA,NA,NA,NA,NA,NA,NA,NA,NA,NA,NA,NA,NA,NA,NA,NA,NA,NA,NA,NA,NA,NA,NA,NA,NA,NA,NA,NA,NA,NA
NA,NA,NA,NA,NA,NA,NA,NA,NA,NA,NA,NA,NA,NA,NA,NA,247,2026-02-27,17:33:53,3,3,"Johnston, Gavin",1000214547,Right,SOU_RED,"Gonzalez, Ignacio",10124440,Right,MIA_RED,Undefined,7,Top,2,1,1,Slider,Curveball,BallCalled,Undefined,Undefined,Undefined,0,0,NA,81.19927,-0.137172,0.427286,2395.534203,40.862063,07:15:00,5.7216,1.1094,4.87014,-50.34125,-5.92237,-6.42807,1.39669,0.97808,74.10849,-9.203636,-0.70806500000000006,0.479684,NA,NA,NA,NA,NA,NA,NA,NA,NA,NA,NA,3.28606,-2.38402,-1.14575,50,5.66551,-0.59562,-117.71239,-2.22031,4.56379,24.46242,-35.48507,SOU_RED,MIA_RED,SEMissouriState,D1,OVC,20260227-SEMissouriState-1,ced2ea60-1434-11f1-bd15-e1e313853076,78.57763,NA,NA,7.09078,NA,NA,NA,NA,NA,NA,9cb2ba17-931f-41d8-9324-5ddeae6b795a,2026-02-27,23:33:53,2026-02-27T23:33:53Z,2026-02-27T23:33:53Z,NA,v3,471444,471355,270b77465999425caf9e0eadef204240,"Rosario, Moises",10267810,Right,SOU_RED,1fed9e4e-4cbd-49f3-9478-d5aa0c9a683b,55.62825,-118.87627,12.23121,5.73098,-0.53199,-17.74254,-1.11225,-0.81275,2.28189,NA,NA,NA,NA,NA,NA,NA,NA,NA,NA,NA,NA,NA,NA,NA,NA,NA,NA,NA,NA,NA,NA,NA,NA,NA,NA,NA,NA,NA,NA,NA,NA,NA,NA,NA,NA,NA,NA,NA,NA,NA,NA,NA,NA,NA,NA,NA,NA,NA,NA,High,High,High,NA,NA,NA,NA,NA,NA,NA,NA,NA,NA,NA,NA,NA,NA,NA,NA,NA,NA,NA,NA,NA,NA,NA,NA,NA,NA,NA,NA,NA,NA,NA,NA,NA,NA,NA,NA,NA,NA,NA,NA,NA,NA,NA,NA,NA,NA,NA
NA,NA,NA,NA,NA,NA,NA,NA,NA,NA,NA,NA,NA,NA,NA,NA,248,2026-02-27,17:34:07,3,4,"Johnston, Gavin",1000214547,Right,SOU_RED,"Gonzalez, Ignacio",10124440,Right,MIA_RED,Undefined,7,Top,2,2,1,Fastball,Four-Seam,StrikeSwinging,Undefined,Undefined,Undefined,0,0,NA,93.86466,-2.110011,-2.373102,2202.683756,199.624402,12:45:00,5.79246,0.95932,5.65665,-7.43563,24.80167,8.45044,3.20248,-0.55085,85.0714,-3.624887,-0.865318,0.408649,NA,NA,NA,NA,NA,NA,NA,NA,NA,NA,NA,-4.95126,13.4704,-0.76365,50,5.60901,5.24027,-136.0308,-5.1225,-9.22465,31.42615,-7.07741,SOU_RED,MIA_RED,SEMissouriState,D1,OVC,20260227-SEMissouriState-1,d6be0bb0-1434-11f1-bd15-e1e313853076,92.23661,NA,NA,8.79326,NA,NA,NA,NA,NA,NA,9cb2ba17-931f-41d8-9324-5ddeae6b795a,2026-02-27,23:34:07,2026-02-27T23:34:07Z,2026-02-27T23:34:07Z,NA,v3,471444,471355,270b77465999425caf9e0eadef204240,"Rosario, Moises",10267810,Right,SOU_RED,2b23912a-6e0b-4d67-8dd5-690e33237786,54.83953,-137.14428,15.71308,5.78606,-4.87173,-3.53871,-0.95511,5.56711,-4.61232,NA,NA,NA,NA,NA,NA,NA,NA,NA,NA,NA,NA,NA,NA,NA,NA,NA,NA,NA,NA,NA,NA,NA,NA,NA,NA,NA,NA,NA,NA,NA,NA,NA,NA,NA,NA,NA,NA,NA,NA,NA,NA,NA,NA,NA,NA,NA,NA,NA,NA,High,High,High,NA,NA,NA,NA,NA,NA,NA,NA,NA,NA,NA,NA,NA,NA,NA,NA,NA,NA,NA,NA,NA,NA,NA,NA,NA,NA,NA,NA,NA,NA,NA,NA,NA,NA,NA,NA,NA,NA,NA,NA,NA,NA,NA,NA,NA,NA,NA
NA,NA,NA,NA,NA,NA,NA,NA,NA,NA,NA,NA,NA,NA,NA,NA,249,2026-02-27,17:34:23,3,5,"Johnston, Gavin",1000214547,Right,SOU_RED,"Gonzalez, Ignacio",10124440,Right,MIA_RED,Undefined,7,Top,2,2,2,Fastball,Four-Seam,StrikeSwinging,Strikeout,Undefined,Undefined,0,0,NA,94.23586,-1.799956,-1.647368,2150.818022,201.529829,12:45:00,5.83603,0.82104,5.58619,-8.57,23.43497,8.81973,3.4398,0.01726,85.5021,-3.511624,-0.074507,0.407174,NA,NA,NA,NA,NA,NA,NA,NA,NA,NA,NA,-4.90839,12.65166,-0.68526,50,5.67593,3.51082,-136.64966,-4.46329,-9.23654,31.46072,-8.36643,SOU_RED,MIA_RED,SEMissouriState,D1,OVC,20260227-SEMissouriState-1,e0577940-1434-11f1-bd15-e1e313853076,92.57082,NA,NA,8.73376,NA,NA,NA,NA,NA,NA,9cb2ba17-931f-41d8-9324-5ddeae6b795a,2026-02-27,23:34:23,2026-02-27T23:34:23Z,2026-02-27T23:34:23Z,NA,v3,471444,471355,270b77465999425caf9e0eadef204240,"Rosario, Moises",10267810,Right,SOU_RED,66bcd0c3-aeae-42b3-84d5-cce21c9dfec0,54.91003,-137.77545,15.73036,5.83029,-4.1639,-4.18322,-0.81681,3.84134,-4.61827,NA,NA,NA,NA,NA,NA,NA,NA,NA,NA,NA,NA,NA,NA,NA,NA,NA,NA,NA,NA,NA,NA,NA,NA,NA,NA,NA,NA,NA,NA,NA,NA,NA,NA,NA,NA,NA,NA,NA,NA,NA,NA,NA,NA,NA,NA,NA,NA,NA,NA,High,High,High,NA,NA,NA,NA,NA,NA,NA,NA,NA,NA,NA,NA,NA,NA,NA,NA,NA,NA,NA,NA,NA,NA,NA,NA,NA,NA,NA,NA,NA,NA,NA,NA,NA,NA,NA,NA,NA,NA,NA,NA,NA,NA,NA,NA,NA,NA,NA
NA,NA,NA,NA,NA,NA,NA,NA,NA,NA,NA,NA,NA,NA,NA,NA,250,2026-02-27,17:36:54,1,1,"Eisiminger, Jared",1000160731,Right,MIA_RED,"Sullivan, Cal",10092054,Right,SOU_RED,Undefined,7,Bottom,0,0,0,Fastball,Sinker,StrikeCalled,Undefined,Undefined,Undefined,0,0,NA,88.40656,-0.530707,-5.590046,1931.754586,246.261875,02:15:00,5.26142,3.06015,5.79496,-27.01671,9.18056,18.16595,2.51401,-0.64228,80.52784,-5.552321,-2.356302,0.433021,NA,NA,NA,NA,NA,NA,NA,NA,NA,NA,NA,-10.75753,5.19536,-2.60967,50,5.2015,11.7235,-127.82928,-2.10706,-17.78468,26.55766,-23.58494,SOU_RED,MIA_RED,SEMissouriState,D1,OVC,20260227-SEMissouriState-1,3a4c7ef0-1435-11f1-bd15-e1e313853076,87.0452,NA,NA,7.87872,NA,NA,NA,NA,NA,NA,9cb2ba17-931f-41d8-9324-5ddeae6b795a,2026-02-27,23:36:54,2026-02-27T23:36:54Z,2026-02-27T23:36:54Z,NA,v3,471444,471355,270b77465999425caf9e0eadef204240,"Raether, Carson",1000338521,Right,MIA_RED,cf57f5a9-35e5-482a-b121-ed8543572d53,54.70317,-128.8027,13.27883,5.26289,-1.2426,-11.79247,-3.05132,12.37536,-8.89234,NA,NA,NA,NA,NA,NA,NA,NA,NA,NA,NA,NA,NA,NA,NA,NA,NA,NA,NA,NA,NA,NA,NA,NA,NA,NA,NA,NA,NA,NA,NA,NA,NA,NA,NA,NA,NA,NA,NA,NA,NA,NA,NA,NA,NA,NA,NA,NA,NA,NA,High,High,High,NA,NA,NA,NA,NA,NA,NA,NA,NA,NA,NA,NA,NA,NA,NA,NA,NA,NA,NA,NA,NA,NA,NA,NA,NA,NA,NA,NA,NA,NA,NA,NA,NA,NA,NA,NA,NA,NA,NA,NA,NA,NA,NA,NA,NA,NA,NA
NA,NA,NA,NA,NA,NA,NA,NA,NA,NA,NA,NA,NA,NA,NA,NA,251,2026-02-27,17:37:11,1,2,"Eisiminger, Jared",1000160731,Right,MIA_RED,"Sullivan, Cal",10092054,Right,SOU_RED,Undefined,7,Bottom,0,0,1,Slider,Slider,StrikeCalled,Undefined,Undefined,Undefined,0,0,NA,79.42394,1.753367,-3.869026,1869.245603,117.650259,10:00:00,4.99327,3.33337,5.5888,-43.5792,3.03382,-2.06047,3.00316,-0.45661,70.28683,-6.333052,-4.235096,0.491388,NA,NA,NA,NA,NA,NA,NA,NA,NA,NA,NA,-0.46217,1.51681,-2.9995,50,5.11697,7.83331,-114.54886,2.07052,-0.59238,28.12309,-30.22993,SOU_RED,MIA_RED,SEMissouriState,D1,OVC,20260227-SEMissouriState-1,44a91570-1435-11f1-bd15-e1e313853076,76.70599,NA,NA,9.13712,NA,NA,NA,NA,NA,NA,9cb2ba17-931f-41d8-9324-5ddeae6b795a,2026-02-27,23:37:11,2026-02-27T23:37:11Z,2026-02-27T23:37:11Z,NA,v3,471444,471355,270b77465999425caf9e0eadef204240,"Raether, Carson",1000338521,Right,MIA_RED,1cc5904f-b2d7-41fc-af35-bfb884672d14,54.90099,-115.74586,14.06155,5.00146,3.35719,-15.11497,-3.33345,7.85853,-0.29619,NA,NA,NA,NA,NA,NA,NA,NA,NA,NA,NA,NA,NA,NA,NA,NA,NA,NA,NA,NA,NA,NA,NA,NA,NA,NA,NA,NA,NA,NA,NA,NA,NA,NA,NA,NA,NA,NA,NA,NA,NA,NA,NA,NA,NA,NA,NA,NA,NA,NA,High,High,High,NA,NA,NA,NA,NA,NA,NA,NA,NA,NA,NA,NA,NA,NA,NA,NA,NA,NA,NA,NA,NA,NA,NA,NA,NA,NA,NA,NA,NA,NA,NA,NA,NA,NA,NA,NA,NA,NA,NA,NA,NA,NA,NA,NA,NA,NA,NA
NA,NA,NA,NA,NA,NA,NA,NA,NA,NA,NA,NA,NA,NA,NA,NA,252,2026-02-27,17:37:30,1,3,"Eisiminger, Jared",1000160731,Right,MIA_RED,"Sullivan, Cal",10092054,Right,SOU_RED,Undefined,7,Bottom,0,0,2,Slider,Curveball,StrikeSwinging,Strikeout,Undefined,Undefined,0,0,NA,76.78662,0.380687,-4.263399,1838.416755,144.253907,10:45:00,4.94395,3.16165,5.84749,-38.11671,10.60371,-6.31335,2.1223,-1.33357,69.06709,-6.723192,-5.389218,0.502374,NA,NA,NA,NA,NA,NA,NA,NA,NA,NA,NA,1.72209,5.85347,-2.81084,50,4.95333,8.51325,-110.95568,-0.37953,2.09979,23.90802,-25.03678,SOU_RED,MIA_RED,SEMissouriState,D1,OVC,20260227-SEMissouriState-1,4fcf6490-1435-11f1-bd15-e1e313853076,75.02868,NA,NA,7.71953,NA,NA,NA,NA,NA,NA,9cb2ba17-931f-41d8-9324-5ddeae6b795a,2026-02-27,23:37:30,2026-02-27T23:37:30Z,2026-02-27T23:37:30Z,NA,v3,471444,471355,270b77465999425caf9e0eadef204240,"Raether, Carson",1000338521,Right,MIA_RED,90110baf-23b2-44f4-9ea6-1262458f332a,54.64468,-111.95201,11.95401,4.94741,0.66384,-12.51839,-3.1638,8.42574,1.04989,NA,NA,NA,NA,NA,NA,NA,NA,NA,NA,NA,NA,NA,NA,NA,NA,NA,NA,NA,NA,NA,NA,NA,NA,NA,NA,NA,NA,68.28981,2.223407,1.214618,1.008789,-1.83864,1.72256,1.64264,-4.19476,5.44537,4.06483,78.86308,7.88771,45.95735,-4.14357,88.48987,-6.15053,5.47387,16.66465,-14.14591,4.06782,42.41809,-0.88561,High,High,High,NA,NA,High,High,High,NA,NA,NA,NA,NA,NA,NA,NA,NA,NA,NA,NA,NA,NA,NA,NA,NA,NA,NA,NA,NA,NA,NA,NA,NA,NA,NA,NA,NA,NA,NA,NA,NA,NA,NA,NA,NA,NA,NA,NA,NA,NA
NA,NA,NA,NA,NA,NA,NA,NA,NA,NA,NA,NA,NA,NA,NA,NA,253,2026-02-27,17:38:03,2,1,"Eisiminger, Jared",1000160731,Right,MIA_RED,"Hall, Josiah",10136036,Right,SOU_RED,Undefined,7,Bottom,1,0,0,Fastball,Sinker,BallCalled,Undefined,Undefined,Undefined,0,0,NA,89.21819,-0.578514,-6.50343,1994.072394,241.203637,02:00:00,5.18084,3.04809,6.06005,-24.12045,11.2402,18.27784,2.63187,-1.47395,81.01934,-5.103908,-3.243297,0.427988,NA,NA,NA,NA,NA,NA,NA,NA,NA,NA,NA,-11.19737,6.30654,-2.5505,50,5.12278,13.90894,-128.81212,-2.0748,-18.76062,27.45835,-21.60774,SOU_RED,MIA_RED,SEMissouriState,D1,OVC,20260227-SEMissouriState-1,63b40380-1435-11f1-bd15-e1e313853076,88.06892,NA,NA,8.19885,NA,NA,NA,NA,NA,NA,9cb2ba17-931f-41d8-9324-5ddeae6b795a,2026-02-27,23:38:03,2026-02-27T23:38:03Z,2026-02-27T23:38:03Z,NA,v3,471444,471355,270b77465999425caf9e0eadef204240,"Raether, Carson",1000338521,Right,MIA_RED,1a4eaabc-f2c6-4c82-adea-916568b44bc9,54.43782,-129.75467,13.72917,5.18127,-1.33309,-10.80387,-3.03899,14.55293,-9.38031,NA,NA,NA,NA,NA,NA,NA,NA,NA,NA,NA,NA,NA,NA,NA,NA,NA,NA,NA,NA,NA,NA,NA,NA,NA,NA,NA,NA,NA,NA,NA,NA,NA,NA,NA,NA,NA,NA,NA,NA,NA,NA,NA,NA,NA,NA,NA,NA,NA,NA,High,High,High,NA,NA,NA,NA,NA,NA,NA,NA,NA,NA,NA,NA,NA,NA,NA,NA,NA,NA,NA,NA,NA,NA,NA,NA,NA,NA,NA,NA,NA,NA,NA,NA,NA,NA,NA,NA,NA,NA,NA,NA,NA,NA,NA,NA,NA,NA,NA
NA,NA,NA,NA,NA,NA,NA,NA,NA,NA,NA,NA,NA,NA,NA,NA,254,2026-02-27,17:38:20,2,2,"Eisiminger, Jared",1000160731,Right,MIA_RED,"Hall, Josiah",10136036,Right,SOU_RED,Undefined,7,Bottom,1,1,0,Slider,Slider,FoulBallNotFieldable,Undefined,Undefined,Undefined,0,0,NA,77.70923,0.677544,-3.005267,3561.273892,162.161405,11:30:00,4.88799,3.35183,5.61554,-40.59738,7.13996,-1.72717,2.13813,0.40051,69.97899,-6.842667,-3.312997,0.49728,NA,NA,NA,NA,NA,NA,NA,NA,NA,NA,NA,-0.14102,3.97768,-3.094,50,4.9206,5.9717,-112.42149,0.04307,-0.1771,23.93793,-27.17873,SOU_RED,MIA_RED,SEMissouriState,D1,OVC,20260227-SEMissouriState-1,6d834e20-1435-11f1-bd15-e1e313853076,75.79727,NA,NA,7.73023,NA,NA,NA,NA,NA,NA,9cb2ba17-931f-41d8-9324-5ddeae6b795a,2026-02-27,23:38:20,2026-02-27T23:38:20Z,2026-02-27T23:38:20Z,NA,v3,471444,471355,270b77465999425caf9e0eadef204240,"Raether, Carson",1000338521,Right,MIA_RED,e5197595-be47-4ebc-8fbb-7460697ec85e,54.87643,-113.45508,11.96897,4.89341,1.21658,-13.58937,-3.35201,5.97935,-0.08855,NA,NA,NA,NA,NA,NA,NA,NA,NA,NA,NA,NA,NA,NA,NA,NA,NA,NA,NA,NA,NA,NA,NA,NA,NA,NA,NA,NA,NA,NA,NA,NA,NA,NA,NA,NA,NA,NA,NA,NA,NA,NA,NA,NA,NA,NA,NA,NA,NA,NA,High,High,High,NA,NA,NA,NA,NA,NA,NA,NA,NA,NA,NA,NA,NA,NA,NA,NA,NA,NA,NA,NA,NA,NA,NA,NA,NA,NA,NA,NA,NA,NA,NA,NA,NA,NA,NA,NA,NA,NA,NA,NA,NA,NA,NA,NA,NA,NA,NA
NA,NA,NA,NA,NA,NA,NA,NA,NA,NA,NA,NA,NA,NA,NA,NA,255,2026-02-27,17:38:42,2,3,"Eisiminger, Jared",1000160731,Right,MIA_RED,"Hall, Josiah",10136036,Right,SOU_RED,Undefined,7,Bottom,1,1,1,Fastball,Sinker,FoulBallNotFieldable,Undefined,Undefined,Undefined,0,0,NA,90.12165,-0.616592,-4.564782,2031.775079,251.476722,02:30:00,5.11192,3.07687,5.77959,-27.69167,7.63807,18.81281,2.22874,0.38834,80.84911,-5.788844,-1.207119,0.427801,NA,NA,NA,NA,NA,NA,NA,NA,NA,NA,NA,-11.1191,4.47012,-2.71109,50,5.04441,9.57926,-130.30695,-2.36716,-18.75337,32.25319,-24.63478,SOU_RED,MIA_RED,SEMissouriState,D1,OVC,20260227-SEMissouriState-1,7b156d20-1435-11f1-bd15-e1e313853076,88.10747,NA,NA,9.27254,NA,NA,NA,NA,NA,NA,9cb2ba17-931f-41d8-9324-5ddeae6b795a,2026-02-27,23:38:42,2026-02-27T23:38:42Z,2026-02-27T23:38:42Z,NA,v3,471444,471355,270b77465999425caf9e0eadef204240,"Raether, Carson",1000338521,Right,MIA_RED,8fe6ee30-241d-47a6-b5e1-7c17c5abefcc,54.71791,-131.46952,16.1266,5.11373,-1.47919,-12.31739,-3.06856,10.25523,-9.37668,NA,NA,NA,NA,NA,NA,NA,NA,NA,NA,NA,NA,NA,NA,NA,NA,NA,NA,NA,NA,NA,NA,NA,NA,NA,NA,NA,NA,NA,NA,NA,NA,NA,NA,NA,NA,NA,NA,NA,NA,NA,NA,NA,NA,NA,NA,NA,NA,NA,NA,High,High,High,NA,NA,NA,NA,NA,NA,NA,NA,NA,NA,NA,NA,NA,NA,NA,NA,NA,NA,NA,NA,NA,NA,NA,NA,NA,NA,NA,NA,NA,NA,NA,NA,NA,NA,NA,NA,NA,NA,NA,NA,NA,NA,NA,NA,NA,NA,NA
NA,NA,NA,NA,NA,NA,NA,NA,NA,NA,NA,NA,NA,NA,NA,NA,256,2026-02-27,17:39:12,2,4,"Eisiminger, Jared",1000160731,Right,MIA_RED,"Hall, Josiah",10136036,Right,SOU_RED,Undefined,7,Bottom,1,1,2,ChangeUp,Changeup,BallCalled,Undefined,Undefined,Undefined,0,0,NA,83.02275,-1.727101,-5.869026,1512.324576,299.984154,04:00:00,4.89688,3.04543,6.26608,-48.13381,-6.7017,14.47733,-0.71544,-1.17806,74.60141,-10.604285,-3.261715,0.463276,NA,NA,NA,NA,NA,NA,NA,NA,NA,NA,NA,-9.77339,-2.50347,-2.61671,50,4.74496,11.7836,-119.81424,-5.15026,-13.77372,29.72386,-35.70222,SOU_RED,MIA_RED,SEMissouriState,D1,OVC,20260227-SEMissouriState-1,8c965280-1435-11f1-bd15-e1e313853076,81.36062,NA,NA,8.42133,NA,NA,NA,NA,NA,NA,9cb2ba17-931f-41d8-9324-5ddeae6b795a,2026-02-27,23:39:12,2026-02-27T23:39:12Z,2026-02-27T23:39:12Z,NA,v3,471444,471355,270b77465999425caf9e0eadef204240,"Raether, Carson",1000338521,Right,MIA_RED,dd022df7-d0ef-446a-95cb-3beeb3c795e2,54.23353,-120.85994,14.86193,4.90405,-3.89424,-17.85111,-3.03978,12.26817,-6.88686,NA,NA,NA,NA,NA,NA,NA,NA,NA,NA,NA,NA,NA,NA,NA,NA,NA,NA,NA,NA,NA,NA,NA,NA,NA,NA,NA,NA,NA,NA,NA,NA,NA,NA,NA,NA,NA,NA,NA,NA,NA,NA,NA,NA,NA,NA,NA,NA,NA,NA,High,High,High,NA,NA,NA,NA,NA,NA,NA,NA,NA,NA,NA,NA,NA,NA,NA,NA,NA,NA,NA,NA,NA,NA,NA,NA,NA,NA,NA,NA,NA,NA,NA,NA,NA,NA,NA,NA,NA,NA,NA,NA,NA,NA,NA,NA,NA,NA,NA
NA,NA,NA,NA,NA,NA,NA,NA,NA,NA,NA,NA,NA,NA,NA,NA,257,2026-02-27,17:39:40,2,5,"Eisiminger, Jared",1000160731,Right,MIA_RED,"Hall, Josiah",10136036,Right,SOU_RED,Undefined,7,Bottom,1,2,2,Fastball,Sinker,FoulBallNotFieldable,Undefined,Undefined,Undefined,0,0,NA,88.73032,-0.663484,-3.82132,1936.928052,249.541184,02:15:00,5.15002,2.96978,5.78949,-28.28368,8.36225,18.48816,2.17443,0.95034,79.08836,-5.966405,-0.515609,0.435697,NA,NA,NA,NA,NA,NA,NA,NA,NA,NA,NA,-10.94611,4.8741,-2.66656,50,5.07849,7.79747,-128.34347,-2.44002,-17.74478,33.51461,-24.27262,SOU_RED,MIA_RED,SEMissouriState,D1,OVC,20260227-SEMissouriState-1,9d4bd190-1435-11f1-bd15-e1e313853076,86.51074,NA,NA,9.64196,NA,NA,NA,NA,NA,NA,9cb2ba17-931f-41d8-9324-5ddeae6b795a,2026-02-27,23:39:40,2026-02-27T23:39:40Z,2026-02-27T23:39:40Z,NA,v3,471444,471355,270b77465999425caf9e0eadef204240,"Raether, Carson",1000338521,Right,MIA_RED,e861bf71-e0c1-4869-8ce4-00a4a58cf238,54.70891,-129.56728,16.7573,5.15141,-1.55369,-12.13631,-2.96312,8.44544,-8.87239,NA,NA,NA,NA,NA,NA,NA,NA,NA,NA,NA,NA,NA,NA,NA,NA,NA,NA,NA,NA,NA,NA,NA,NA,NA,NA,NA,NA,NA,NA,NA,NA,NA,NA,NA,NA,NA,NA,NA,NA,NA,NA,NA,NA,NA,NA,NA,NA,NA,NA,High,High,High,NA,NA,NA,NA,NA,NA,NA,NA,NA,NA,NA,NA,NA,NA,NA,NA,NA,NA,NA,NA,NA,NA,NA,NA,NA,NA,NA,NA,NA,NA,NA,NA,NA,NA,NA,NA,NA,NA,NA,NA,NA,NA,NA,NA,NA,NA,NA
NA,NA,NA,NA,NA,NA,NA,NA,NA,NA,NA,NA,NA,NA,NA,NA,258,2026-02-27,17:40:06,2,6,"Eisiminger, Jared",1000160731,Right,MIA_RED,"Hall, Josiah",10136036,Right,SOU_RED,Undefined,7,Bottom,1,2,2,Fastball,Sinker,InPlay,Undefined,GroundBall,Out,1,0,NA,89.27835,-0.399201,-3.890321,1982.130961,242.709879,02:00:00,5.21762,3.04184,6.05174,-24.23438,11.59327,19.70092,2.8277,1.07681,79.48444,-5.001986,-0.352384,0.430805,59.25072,8.877643,-39.669776,1902.294102,NA,NA,NA,77.28057,77.10212,-42.516347,0.944295,-11.62075,6.50158,-2.74977,50,5.17374,7.96727,-129.18346,-1.6568,-19.09485,33.84026,-21.49085,SOU_RED,MIA_RED,SEMissouriState,D1,OVC,20260227-SEMissouriState-1,acc54e30-1435-11f1-bd15-e1e313853076,87.49305,5.35194,NA,9.79392,NA,NA,NA,1.55929,2.85592,-1.31897,9cb2ba17-931f-41d8-9324-5ddeae6b795a,2026-02-27,23:40:06,2026-02-27T23:40:06Z,2026-02-27T23:40:06Z,GroundBall,v3,471444,471355,270b77465999425caf9e0eadef204240,"Raether, Carson",1000338521,Right,MIA_RED,ce780f3d-c7a4-4cc1-8604-71fc51effec6,54.44579,-130.34285,16.92013,5.21789,-0.92051,-10.74542,-3.03394,8.62148,-9.54743,NA,1.55929,66.08946,-8.64019,1.03162,-0.2348,0.02606,-0.00371,9.8e-4,-1.3e-4,2.85592,13.41097,-18.43332,1.25257,-0.21219,0.0459,-0.00553,7.5e-4,-1.3e-4,-1.31897,-54.80966,0.72236,0.3092,-0.09112,0.02644,-0.00434,7e-4,-6e-5,NA,NA,NA,NA,NA,NA,NA,NA,NA,NA,NA,NA,NA,NA,NA,NA,NA,NA,NA,NA,NA,NA,High,High,High,High,High,NA,NA,NA,NA,NA,NA,NA,NA,NA,NA,NA,NA,NA,NA,NA,NA,NA,NA,NA,NA,NA,NA,NA,NA,NA,NA,NA,NA,NA,NA,NA,NA,NA,NA,NA,NA,NA,NA,NA,NA,NA,NA,NA,NA,NA
NA,NA,NA,NA,NA,NA,NA,NA,NA,NA,NA,NA,NA,NA,NA,NA,259,2026-02-27,17:40:46,3,1,"Eisiminger, Jared",1000160731,Right,MIA_RED,"Lopetegui, Ryan",1000327160,Right,SOU_RED,Undefined,7,Bottom,2,0,0,Fastball,Sinker,InPlay,Undefined,FlyBall,Single,0,0,NA,88.81074,-1.086945,-4.025163,1967.216307,232.23049,01:45:00,5.14868,3.07414,5.88287,-22.03926,14.51965,16.81013,2.30008,0.73091,78.89867,-5.288787,-1.016918,0.435179,68.99692,34.952667,-17.891969,3164.364262,106.01612,54.71594,-29.33417,233.84993,233.84993,-13.289137,4.010657,-10.07678,8.23351,-2.75865,50,5.0484,8.3106,-128.35626,-3.11569,-16.31822,33.82264,-18.8408,SOU_RED,MIA_RED,SEMissouriState,D1,OVC,20260227-SEMissouriState-1,c4a92e40-1435-11f1-bd15-e1e313853076,86.61365,56.31605,NA,9.91207,NA,NA,NA,2.13941,2.49213,-0.74176,9cb2ba17-931f-41d8-9324-5ddeae6b795a,2026-02-27,23:40:46,2026-02-27T23:40:46Z,2026-02-27T23:40:46Z,FlyBall,v3,471444,471355,270b77465999425caf9e0eadef204240,"Raether, Carson",1000338521,Right,MIA_RED,06f56610-bc09-4bda-bd74-132bce628115,54.61262,-129.56601,16.91132,5.14779,-2.4418,-9.4204,-3.0663299999999998,8.89426,-8.15911,200.774323,2.13987,78.91979,-11.50929,2.50058,-0.37008,0.03854,-0.0082,0.00218,-2.1e-4,2.49231,57.9656,-16.83044,0.72649,0.08056,-0.14456,0.06039,-0.01093,7.3e-4,-0.74207,-25.47398,6.60944,-1.54913,0.23347,-0.02059,0.00309,-9.4e-4,1e-4,NA,NA,NA,NA,NA,NA,NA,NA,NA,NA,NA,NA,NA,NA,NA,NA,NA,NA,NA,NA,NA,NA,High,High,High,High,High,NA,NA,NA,NA,NA,NA,NA,NA,NA,NA,NA,NA,NA,NA,NA,NA,NA,NA,NA,NA,NA,NA,NA,NA,NA,NA,NA,NA,NA,NA,NA,NA,NA,NA,NA,NA,NA,NA,NA,NA,NA,NA,NA,NA,NA
NA,NA,NA,NA,NA,NA,NA,NA,NA,NA,NA,NA,NA,NA,NA,NA,260,2026-02-27,17:41:29,4,1,"Eisiminger, Jared",1000160731,Right,MIA_RED,"Kettering, Brooks",62716,Left,SOU_RED,Undefined,7,Bottom,2,0,0,Fastball,Changeup,BallCalled,Undefined,Undefined,Undefined,0,0,NA,86.587,0.403879,-2.2275,1855.389721,240.550044,02:00:00,5.11311,3.22743,5.87946,-26.95029,11.47166,17.5382,3.24262,2.61924,76.79249,-4.702043,0.917878,0.44613,NA,NA,NA,NA,NA,NA,NA,NA,NA,NA,NA,-9.61111,6.1626,-3.05676,50,5.13071,4.09675,-125.28438,0.03167,-14.81203,32.46978,-22.67663,SOU_RED,MIA_RED,SEMissouriState,D1,OVC,20260227-SEMissouriState-1,de7b49c0-1435-11f1-bd15-e1e313853076,84.48764,NA,NA,9.79451,NA,NA,NA,NA,NA,NA,9cb2ba17-931f-41d8-9324-5ddeae6b795a,2026-02-27,23:41:29,2026-02-27T23:41:29Z,2026-02-27T23:41:29Z,NA,v3,471444,471355,270b77465999425caf9e0eadef204240,"Raether, Carson",1000338521,Right,MIA_RED,18559d7d-2fc1-4e3a-bc1c-19bbe43859ab,54.61177,-126.47396,16.23489,5.11433,0.86246,-11.33831,-3.21679,4.63941,-7.40602,NA,NA,NA,NA,NA,NA,NA,NA,NA,NA,NA,NA,NA,NA,NA,NA,NA,NA,NA,NA,NA,NA,NA,NA,NA,NA,NA,NA,NA,NA,NA,NA,NA,NA,NA,NA,NA,NA,NA,NA,NA,NA,NA,NA,NA,NA,NA,NA,NA,NA,High,High,High,NA,NA,NA,NA,NA,NA,NA,NA,NA,NA,NA,NA,NA,NA,NA,NA,NA,NA,NA,NA,NA,NA,NA,NA,NA,NA,NA,NA,NA,NA,NA,NA,NA,NA,NA,NA,NA,NA,NA,NA,NA,NA,NA,NA,NA,NA,NA
NA,NA,NA,NA,NA,NA,NA,NA,NA,NA,NA,NA,NA,NA,NA,NA,261,2026-02-27,17:41:50,4,2,"Eisiminger, Jared",1000160731,Right,MIA_RED,"Kettering, Brooks",62716,Left,SOU_RED,Undefined,7,Bottom,2,1,0,Fastball,Changeup,InPlay,Undefined,GroundBall,FieldersChoice,1,0,NA,87.09322,0.088029,-4.224834,1867.213156,245.268334,02:15:00,4.9944,3.08356,6.02077,-27.89403,9.94938,18.24391,2.75165,0.68362,77.30071,-5.188087,-0.952944,0.442758,99.02895,-1.215257,6.909285,NA,NA,NA,NA,42.71738,42.60056,6.621682,0.300334,-10.93713,5.50248,-2.76214,50,4.98645,8.54287,-125.89962,-0.68144,-17.02312,32.76855,-23.60969,SOU_RED,MIA_RED,SEMissouriState,D1,OVC,20260227-SEMissouriState-1,eae00c50-1435-11f1-bd15-e1e313853076,85.13102,2.72931,NA,9.7925,NA,NA,NA,1.29802,2.72931,-0.66729,9cb2ba17-931f-41d8-9324-5ddeae6b795a,2026-02-27,23:41:50,2026-02-27T23:41:50Z,2026-02-27T23:41:50Z,GroundBall,v3,471444,471355,270b77465999425caf9e0eadef204240,"Raether, Carson",1000338521,Right,MIA_RED,64dcce69-3e97-4e9f-a542-d4f287f7780a,54.475,-127.05902,16.38428,4.99579,0.1539,-11.80484,-3.07505,9.14517,-8.51156,306.231359,1.30336,143.91803,-23.27587,NA,NA,NA,NA,NA,NA,2.73303,-3.24566,-19.53235,NA,NA,NA,NA,NA,NA,-0.66923,17.5545,3.60012,NA,NA,NA,NA,NA,NA,NA,NA,NA,NA,NA,NA,NA,NA,NA,NA,NA,NA,NA,NA,NA,NA,NA,NA,NA,NA,NA,NA,High,High,High,High,High,NA,NA,NA,NA,NA,NA,NA,NA,NA,NA,NA,NA,NA,NA,NA,NA,NA,NA,NA,NA,NA,NA,NA,NA,NA,NA,NA,NA,NA,NA,NA,NA,NA,NA,NA,NA,NA,NA,NA,NA,NA,NA,NA,NA,NA
NA,NA,NA,NA,NA,NA,NA,NA,NA,NA,NA,NA,NA,NA,NA,NA,262,2026-02-27,17:44:05,1,1,"Johnston, Gavin",1000214547,Right,SOU_RED,"Cruz, Diego",1000178634,Left,MIA_RED,Undefined,8,Top,0,0,0,Fastball,Four-Seam,StrikeSwinging,Undefined,Undefined,Undefined,0,0,NA,93.6026,-1.615568,-2.003477,2185.43606,207.437029,01:00:00,5.78989,1.25759,5.56691,-9.89737,23.02395,11.30386,3.45461,0.32727,83.77766,-3.595326,0.011351,0.412962,NA,NA,NA,NA,NA,NA,NA,NA,NA,NA,NA,-6.31048,12.45442,-1.09212,50,5.64428,4.19381,-135.49557,-4.02552,-11.51015,34.81337,-9.45746,SOU_RED,MIA_RED,SEMissouriState,D1,OVC,20260227-SEMissouriState-1,3b6d62d0-1436-11f1-bd15-e1e313853076,91.27338,NA,NA,9.82495,NA,NA,NA,NA,NA,NA,9cb2ba17-931f-41d8-9324-5ddeae6b795a,2026-02-27,23:44:05,2026-02-27T23:44:05Z,2026-02-27T23:44:05Z,NA,v3,471444,471355,270b77465999425caf9e0eadef204240,"Rosario, Moises",10267810,Right,SOU_RED,8bd40344-4c87-4f34-b23a-7f6977970da1,54.92663,-136.75553,17.40669,5.78377,-3.68323,-4.72873,-1.25144,4.61038,-5.75508,NA,NA,NA,NA,NA,NA,NA,NA,NA,NA,NA,NA,NA,NA,NA,NA,NA,NA,NA,NA,NA,NA,NA,NA,NA,NA,NA,NA,NA,NA,NA,NA,NA,NA,NA,NA,NA,NA,NA,NA,NA,NA,NA,NA,NA,NA,NA,NA,NA,NA,High,High,High,NA,NA,NA,NA,NA,NA,NA,NA,NA,NA,NA,NA,NA,NA,NA,NA,NA,NA,NA,NA,NA,NA,NA,NA,NA,NA,NA,NA,NA,NA,NA,NA,NA,NA,NA,NA,NA,NA,NA,NA,NA,NA,NA,NA,NA,NA,NA
NA,NA,NA,NA,NA,NA,NA,NA,NA,NA,NA,NA,NA,NA,NA,NA,263,2026-02-27,17:44:19,1,2,"Johnston, Gavin",1000214547,Right,SOU_RED,"Cruz, Diego",1000178634,Left,MIA_RED,Undefined,8,Top,0,0,1,Fastball,Four-Seam,StrikeCalled,Undefined,Undefined,Undefined,0,0,NA,93.37106,-3.132519,-2.308631,2138.88222,217.428925,01:15:00,5.77712,0.89845,5.6617,-15.04166,17.60714,12.61107,1.5973,-0.20459,84.77166,-5.994076,-0.056234,0.411249,NA,NA,NA,NA,NA,NA,NA,NA,NA,NA,NA,-7.02748,10.17036,-0.71098,50,5.50239,4.86083,-135.20181,-7.86366,-12.9231,31.26998,-13.47142,SOU_RED,MIA_RED,SEMissouriState,D1,OVC,20260227-SEMissouriState-1,43b2d920-1436-11f1-bd15-e1e313853076,91.65352,NA,NA,8.5994,NA,NA,NA,NA,NA,NA,9cb2ba17-931f-41d8-9324-5ddeae6b795a,2026-02-27,23:44:19,2026-02-27T23:44:19Z,2026-02-27T23:44:19Z,NA,v3,471444,471355,270b77465999425caf9e0eadef204240,"Rosario, Moises",10267810,Right,SOU_RED,0ea8fb1f-28d2-441c-bd04-396c975f65c0,54.83434,-136.31533,15.63499,5.77387,-7.38394,-6.73571,-0.89227,5.32101,-6.46155,NA,NA,NA,NA,NA,NA,NA,NA,NA,NA,NA,NA,NA,NA,NA,NA,NA,NA,NA,NA,NA,NA,NA,NA,NA,NA,NA,NA,NA,NA,NA,NA,NA,NA,NA,NA,NA,NA,NA,NA,NA,NA,NA,NA,NA,NA,NA,NA,NA,NA,High,High,High,NA,NA,NA,NA,NA,NA,NA,NA,NA,NA,NA,NA,NA,NA,NA,NA,NA,NA,NA,NA,NA,NA,NA,NA,NA,NA,NA,NA,NA,NA,NA,NA,NA,NA,NA,NA,NA,NA,NA,NA,NA,NA,NA,NA,NA,NA,NA
NA,NA,NA,NA,NA,NA,NA,NA,NA,NA,NA,NA,NA,NA,NA,NA,264,2026-02-27,17:44:31,1,3,"Johnston, Gavin",1000214547,Right,SOU_RED,"Cruz, Diego",1000178634,Left,MIA_RED,Undefined,8,Top,0,0,2,Slider,Curveball,StrikeSwinging,Strikeout,Undefined,Undefined,0,0,NA,81.08273,-0.450352,0.34227,2366.117214,47.282622,07:30:00,5.72737,1.16749,5.06241,-55.80535,-11.45583,-14.05902,0.65224,0.31865,74.07833,-10.491485,-2.153627,0.479309,NA,NA,NA,NA,NA,NA,NA,NA,NA,NA,NA,7.07874,-5.0652,-1.18844,50,5.64025,-0.10248,-117.5969,-3.04018,9.77051,25.28364,-39.16535,SOU_RED,MIA_RED,SEMissouriState,D1,OVC,20260227-SEMissouriState-1,4b1f5490-1436-11f1-bd15-e1e313853076,78.63909,NA,NA,7.0044,NA,NA,NA,NA,NA,NA,9cb2ba17-931f-41d8-9324-5ddeae6b795a,2026-02-27,23:44:31,2026-02-27T23:44:31Z,2026-02-27T23:44:31Z,NA,v3,471444,471355,270b77465999425caf9e0eadef204240,"Rosario, Moises",10267810,Right,SOU_RED,df8ac085-1849-4e98-87d0-30029d5d4d1e,55.43824,-118.76038,12.64182,5.73868,-1.23791,-19.58267,-1.17338,-0.55209,4.88526,NA,NA,NA,NA,NA,NA,NA,NA,NA,NA,NA,NA,NA,NA,NA,NA,NA,NA,NA,NA,NA,NA,NA,NA,NA,NA,NA,NA,NA,NA,NA,NA,NA,NA,NA,NA,NA,NA,NA,NA,NA,NA,NA,NA,NA,NA,NA,NA,NA,NA,High,High,High,NA,NA,NA,NA,NA,NA,NA,NA,NA,NA,NA,NA,NA,NA,NA,NA,NA,NA,NA,NA,NA,NA,NA,NA,NA,NA,NA,NA,NA,NA,NA,NA,NA,NA,NA,NA,NA,NA,NA,NA,NA,NA,NA,NA,NA,NA,NA
NA,NA,NA,NA,NA,NA,NA,NA,NA,NA,NA,NA,NA,NA,NA,NA,265,2026-02-27,17:44:55,2,1,"Johnston, Gavin",1000214547,Right,SOU_RED,"Raether, Carson",1000338521,Left,MIA_RED,Undefined,8,Top,1,0,0,Slider,Curveball,StrikeCalled,Undefined,Undefined,Undefined,0,0,NA,82.01579,1.360136,-0.116847,2441.42508,51.308176,07:45:00,5.63532,1.33145,5.13652,-51.65979,-8.45619,-12.41638,2.61137,0.18673,74.50823,-8.005735,-2.318044,0.473077,NA,NA,NA,NA,NA,NA,NA,NA,NA,NA,NA,6.10827,-4.13902,-1.3106,50,5.72301,0.78097,-118.91648,0.86446,8.63523,25.51528,-38.02537,SOU_RED,MIA_RED,SEMissouriState,D1,OVC,20260227-SEMissouriState-1,5943a170-1436-11f1-bd15-e1e313853076,79.67513,NA,NA,7.50756,NA,NA,NA,NA,NA,NA,9cb2ba17-931f-41d8-9324-5ddeae6b795a,2026-02-27,23:44:55,2026-02-27T23:44:55Z,2026-02-27T23:44:55Z,NA,v3,471444,471355,270b77465999425caf9e0eadef204240,"Rosario, Moises",10267810,Right,SOU_RED,feab5604-6731-4145-bd2d-84ff92b84d42,55.36269,-120.06161,12.75764,5.64592,2.57104,-19.01269,-1.33696,0.39342,4.31761,NA,NA,NA,NA,NA,NA,NA,NA,NA,NA,NA,NA,NA,NA,NA,NA,NA,NA,NA,NA,NA,NA,NA,NA,NA,NA,NA,NA,NA,NA,NA,NA,NA,NA,NA,NA,NA,NA,NA,NA,NA,NA,NA,NA,NA,NA,NA,NA,NA,NA,High,High,High,NA,NA,NA,NA,NA,NA,NA,NA,NA,NA,NA,NA,NA,NA,NA,NA,NA,NA,NA,NA,NA,NA,NA,NA,NA,NA,NA,NA,NA,NA,NA,NA,NA,NA,NA,NA,NA,NA,NA,NA,NA,NA,NA,NA,NA,NA,NA
NA,NA,NA,NA,NA,NA,NA,NA,NA,NA,NA,NA,NA,NA,NA,NA,266,2026-02-27,17:45:06,2,2,"Johnston, Gavin",1000214547,Right,SOU_RED,"Raether, Carson",1000338521,Left,MIA_RED,Undefined,8,Top,1,0,1,Slider,Curveball,StrikeCalled,Undefined,Undefined,Undefined,0,0,NA,80.81126,0.380496,0.618581,2395.470623,53.300478,07:45:00,5.72663,1.31506,5.34576,-55.14672,-10.95209,-16.74603,1.48801,0.49981,73.61886,-9.620528,-2.366714,0.478472,NA,NA,NA,NA,NA,NA,NA,NA,NA,NA,NA,8.5754,-5.12587,-1.3585,50,5.72156,-0.57164,-117.25393,-1.23151,11.75726,25.31021,-39.20187,SOU_RED,MIA_RED,SEMissouriState,D1,OVC,20260227-SEMissouriState-1,5f7a8310-1436-11f1-bd15-e1e313853076,78.77676,NA,NA,7.19239,NA,NA,NA,NA,NA,NA,9cb2ba17-931f-41d8-9324-5ddeae6b795a,2026-02-27,23:45:06,2026-02-27T23:45:06Z,2026-02-27T23:45:06Z,NA,v3,471444,471355,270b77465999425caf9e0eadef204240,"Rosario, Moises",10267810,Right,SOU_RED,86221c30-e77c-4b00-af46-c7b4e15b1880,55.15501,-118.36145,12.65511,5.73792,0.48387,-19.60094,-1.32223,-1.08612,5.87863,NA,NA,NA,NA,NA,NA,NA,NA,NA,NA,NA,NA,NA,NA,NA,NA,NA,NA,NA,NA,NA,NA,NA,NA,NA,NA,NA,NA,NA,NA,NA,NA,NA,NA,NA,NA,NA,NA,NA,NA,NA,NA,NA,NA,NA,NA,NA,NA,NA,NA,High,High,High,NA,NA,NA,NA,NA,NA,NA,NA,NA,NA,NA,NA,NA,NA,NA,NA,NA,NA,NA,NA,NA,NA,NA,NA,NA,NA,NA,NA,NA,NA,NA,NA,NA,NA,NA,NA,NA,NA,NA,NA,NA,NA,NA,NA,NA,NA,NA
NA,NA,NA,NA,NA,NA,NA,NA,NA,NA,NA,NA,NA,NA,NA,NA,267,2026-02-27,17:45:17,2,3,"Johnston, Gavin",1000214547,Right,SOU_RED,"Raether, Carson",1000338521,Left,MIA_RED,Undefined,8,Top,1,0,2,Fastball,Four-Seam,FoulBallNotFieldable,Undefined,Undefined,Undefined,0,0,NA,92.82862,-2.070322,-1.037354,2269.921248,203.14011,12:45:00,5.81895,1.03905,5.72666,-10.9943,21.94919,8.88741,2.97339,0.81341,83.95998,-4.22895,0.552515,0.413101,89.97012,46.308271,-36.338956,4405.52666,79.53453,103.55216,-75.98834,282.29239,129.75517,-51.090519,5.728608,-4.85398,12.15509,-0.95814,50,5.63974,2.03875,-134.61669,-5.13834,-8.81561,32.02435,-10.09849,SOU_RED,MIA_RED,SEMissouriState,D1,OVC,20260227-SEMissouriState-1,6615f2e0-1436-11f1-bd15-e1e313853076,91.24269,121.30478,NA,8.86864,NA,NA,NA,0.73583,3.11091,-0.75363,9cb2ba17-931f-41d8-9324-5ddeae6b795a,2026-02-27,23:45:17,2026-02-27T23:45:17Z,2026-02-27T23:45:17Z,FlyBall,v3,471444,471355,270b77465999425caf9e0eadef204240,"Rosario, Moises",10267810,Right,SOU_RED,4d78f1f1-a505-4726-b4d0-e7160b447120,54.77083,-135.74689,16.01218,5.81479,-4.78194,-5.04925,-1.03558,2.34987,-4.4078,153.432385,0.74533,73.23002,-21.43738,4.72808,-0.14903,-0.27392,0.08324,-0.01014,4.6e-4,3.10164,95.55978,-23.21809,2.4375,-0.5938,0.11865,-0.01008,-2.5e-4,6e-5,-0.75369,-54.00845,5.21004,-0.61387,3.3e-4,0.02169,-0.00557,6.6e-4,-3e-5,NA,NA,NA,NA,NA,NA,NA,NA,NA,NA,NA,NA,NA,NA,NA,NA,NA,NA,NA,NA,NA,NA,High,High,High,Medium,Low,NA,NA,NA,NA,NA,NA,NA,NA,NA,NA,NA,NA,NA,NA,NA,NA,NA,NA,NA,NA,NA,NA,NA,NA,NA,NA,NA,NA,NA,NA,NA,NA,NA,NA,NA,NA,NA,NA,NA,NA,NA,NA,NA,NA,NA
NA,NA,NA,NA,NA,NA,NA,NA,NA,NA,NA,NA,NA,NA,NA,NA,268,2026-02-27,17:45:50,2,4,"Johnston, Gavin",1000214547,Right,SOU_RED,"Raether, Carson",1000338521,Left,MIA_RED,Undefined,8,Top,1,0,2,Slider,Curveball,InPlay,Undefined,LineDrive,Single,0,0,NA,80.9124,0.652087,-0.530685,2446.042629,44.2436,07:30:00,5.89389,0.99132,4.94322,-49.28833,-3.74571,-5.43788,2.40283,0.03664,72.23331,-8.317104,-1.491357,0.485714,104.27799,10.972215,18.737654,1327.9732,103.59687,12.1716,36.98137,192.97352,187.70628,20.967216,1.541729,2.49681,-1.61272,-0.935,50,5.91663,1.31944,-117.017,-0.50674,3.35303,28.54957,-34.33984,SOU_RED,MIA_RED,SEMissouriState,D1,OVC,20260227-SEMissouriState-1,79cb4470-1436-11f1-bd15-e1e313853076,77.60216,12.3399,NA,8.67909,NA,NA,NA,2.53082,2.51637,-0.06534,9cb2ba17-931f-41d8-9324-5ddeae6b795a,2026-02-27,23:45:50,2026-02-27T23:45:50Z,2026-02-27T23:45:50Z,LineDrive,v3,471444,471355,270b77465999425caf9e0eadef204240,"Rosario, Moises",10267810,Right,SOU_RED,35dc8529-2460-438a-9c3a-c817a731a636,55.55278,-118.364,14.27478,5.90231,1.11345,-17.16992,-0.99352,1.16123,1.67652,297.117741,2.53083,142.1849,-22.4802,4.17612,-0.21444,-1.09087,1.07402,-0.46193,0.0764,2.51637,29.10949,-23.30403,2.94497,-0.63898,0.07159,0.04404,-0.02662,0.00472,-0.06535,48.23524,-2.52901,0.67357,-1.3386,2.08705,-1.78177,0.75275,-0.12464,NA,NA,NA,NA,NA,NA,NA,NA,NA,NA,NA,NA,NA,NA,NA,NA,NA,NA,NA,NA,NA,NA,High,High,High,High,High,NA,NA,NA,NA,NA,NA,NA,NA,NA,NA,NA,NA,NA,NA,NA,NA,NA,NA,NA,NA,NA,NA,NA,NA,NA,NA,NA,NA,NA,NA,NA,NA,NA,NA,NA,NA,NA,NA,NA,NA,NA,NA,NA,NA,NA
NA,NA,NA,NA,NA,NA,NA,NA,NA,NA,NA,NA,NA,NA,NA,NA,269,2026-02-27,17:46:23,3,1,"Johnston, Gavin",1000214547,Right,SOU_RED,"Krupinski, Dom",702597,Left,MIA_RED,Undefined,8,Top,1,0,0,Fastball,Four-Seam,BallCalled,Undefined,Undefined,Undefined,0,0,NA,92.3628,-3.655524,-2.884502,2080.420114,217.734463,01:15:00,5.80368,1.51744,5.4678,-16.49962,17.71749,12.65666,0.99859,-0.12967,82.60566,-6.799507,-0.633252,0.421011,NA,NA,NA,NA,NA,NA,NA,NA,NA,NA,NA,-7.30217,10.53469,-1.27224,50,5.47062,6.11149,-133.32295,-9.04185,-12.84656,34.69472,-13.64059,SOU_RED,MIA_RED,SEMissouriState,D1,OVC,20260227-SEMissouriState-1,8d949330-1436-11f1-bd15-e1e313853076,89.52846,NA,NA,9.75714,NA,NA,NA,NA,NA,NA,9cb2ba17-931f-41d8-9324-5ddeae6b795a,2026-02-27,23:46:23,2026-02-27T23:46:23Z,2026-02-27T23:46:23Z,NA,v3,471444,471355,270b77465999425caf9e0eadef204240,"Rosario, Moises",10267810,Right,SOU_RED,7c11a094-14da-4908-99fb-ce4402576dfc,55.02557,-134.62441,17.34736,5.8002,-8.53017,-6.8203,-1.51053,6.59338,-6.42328,NA,NA,NA,NA,NA,NA,NA,NA,NA,NA,NA,NA,NA,NA,NA,NA,NA,NA,NA,NA,NA,NA,NA,NA,NA,NA,NA,NA,NA,NA,NA,NA,NA,NA,NA,NA,NA,NA,NA,NA,NA,NA,NA,NA,NA,NA,NA,NA,NA,NA,High,High,High,NA,NA,NA,NA,NA,NA,NA,NA,NA,NA,NA,NA,NA,NA,NA,NA,NA,NA,NA,NA,NA,NA,NA,NA,NA,NA,NA,NA,NA,NA,NA,NA,NA,NA,NA,NA,NA,NA,NA,NA,NA,NA,NA,NA,NA,NA,NA
NA,NA,NA,NA,NA,NA,NA,NA,NA,NA,NA,NA,NA,NA,NA,NA,270,2026-02-27,17:46:38,3,2,"Johnston, Gavin",1000214547,Right,SOU_RED,"Krupinski, Dom",702597,Left,MIA_RED,Undefined,8,Top,1,1,0,Fastball,Four-Seam,StrikeCalled,Undefined,Undefined,Undefined,0,0,NA,93.43172,-3.576935,-2.292764,2166.896332,193.732101,12:30:00,5.76157,1.29195,5.61309,-10.018,23.05257,5.32315,1.58121,-0.40554,83.81739,-5.56778,-1.34368,0.413897,NA,NA,NA,NA,NA,NA,NA,NA,NA,NA,NA,-3.43067,13.16603,-1.09945,50,5.4493,5.15419,-135.03763,-8.65939,-6.21984,34.37955,-8.30388,SOU_RED,MIA_RED,SEMissouriState,D1,OVC,20260227-SEMissouriState-1,9685d9e0-1436-11f1-bd15-e1e313853076,91.06717,NA,NA,9.61432,NA,NA,NA,NA,NA,NA,9cb2ba17-931f-41d8-9324-5ddeae6b795a,2026-02-27,23:46:38,2026-02-27T23:46:38Z,2026-02-27T23:46:38Z,NA,v3,471444,471355,270b77465999425caf9e0eadef204240,"Rosario, Moises",10267810,Right,SOU_RED,675b001e-7d00-4330-8858-4fe96c78a95d,54.8809,-136.2746,17.18977,5.75549,-8.36062,-4.15194,-1.28892,5.37798,-3.10992,NA,NA,NA,NA,NA,NA,NA,NA,NA,NA,NA,NA,NA,NA,NA,NA,NA,NA,NA,NA,NA,NA,NA,NA,NA,NA,NA,NA,NA,NA,NA,NA,NA,NA,NA,NA,NA,NA,NA,NA,NA,NA,NA,NA,NA,NA,NA,NA,NA,NA,High,High,High,NA,NA,NA,NA,NA,NA,NA,NA,NA,NA,NA,NA,NA,NA,NA,NA,NA,NA,NA,NA,NA,NA,NA,NA,NA,NA,NA,NA,NA,NA,NA,NA,NA,NA,NA,NA,NA,NA,NA,NA,NA,NA,NA,NA,NA,NA,NA
NA,NA,NA,NA,NA,NA,NA,NA,NA,NA,NA,NA,NA,NA,NA,NA,271,2026-02-27,17:47:09,3,3,"Johnston, Gavin",1000214547,Right,SOU_RED,"Krupinski, Dom",702597,Left,MIA_RED,Undefined,8,Top,1,1,1,Slider,Slider,BallCalled,Undefined,Undefined,Undefined,0,0,NA,81.38534,1.66361,-0.496359,2431.10862,56.007686,07:45:00,5.73483,1.62351,4.79167,-47.41199,-2.50673,-6.23244,3.36091,0.63374,73.0371,-6.944579,-1.593069,0.482303,NA,NA,NA,NA,NA,NA,NA,NA,NA,NA,NA,2.85484,-1.2165,-1.56837,50,5.86013,1.30361,-117.7098,1.58389,3.92089,26.74002,-33.84483,SOU_RED,MIA_RED,SEMissouriState,D1,OVC,20260227-SEMissouriState-1,a9168190-1436-11f1-bd15-e1e313853076,78.15095,NA,NA,8.34824,NA,NA,NA,NA,NA,NA,9cb2ba17-931f-41d8-9324-5ddeae6b795a,2026-02-27,23:47:09,2026-02-27T23:47:09Z,2026-02-27T23:47:09Z,NA,v3,471444,471355,270b77465999425caf9e0eadef204240,"Rosario, Moises",10267810,Right,SOU_RED,2a37d1b6-6a0a-42fb-87a3-34f76c6be597,55.70273,-118.99824,13.37001,5.74452,3.21466,-16.92242,-1.62663,1.11469,1.96044,NA,NA,NA,NA,NA,NA,NA,NA,NA,NA,NA,NA,NA,NA,NA,NA,NA,NA,NA,NA,NA,NA,NA,NA,NA,NA,NA,NA,NA,NA,NA,NA,NA,NA,NA,NA,NA,NA,NA,NA,NA,NA,NA,NA,NA,NA,NA,NA,NA,NA,High,High,High,NA,NA,NA,NA,NA,NA,NA,NA,NA,NA,NA,NA,NA,NA,NA,NA,NA,NA,NA,NA,NA,NA,NA,NA,NA,NA,NA,NA,NA,NA,NA,NA,NA,NA,NA,NA,NA,NA,NA,NA,NA,NA,NA,NA,NA,NA,NA
NA,NA,NA,NA,NA,NA,NA,NA,NA,NA,NA,NA,NA,NA,NA,NA,272,2026-02-27,17:47:27,3,4,"Johnston, Gavin",1000214547,Right,SOU_RED,"Krupinski, Dom",702597,Left,MIA_RED,Undefined,8,Top,1,2,1,Slider,Curveball,BallCalled,Undefined,Undefined,Undefined,0,0,NA,79.163570000000007,-0.239186,-0.031144,2465.221183,35.528281,07:15:00,5.8389,1.54417,5.01388,-53.52936,-6.19973,-5.76193,1.15238,1.03462,71.13258,-9.94114,-1.052268,0.495151,NA,NA,NA,NA,NA,NA,NA,NA,NA,NA,NA,2.81473,-2.34378,-1.53641,50,5.77347,0.31061,-114.53572,-2.4574,3.63219,26.78344,-35.19853,SOU_RED,MIA_RED,SEMissouriState,D1,OVC,20260227-SEMissouriState-1,b3c22270-1436-11f1-bd15-e1e313853076,76.12305,NA,NA,8.03099,NA,NA,NA,NA,NA,NA,9cb2ba17-931f-41d8-9324-5ddeae6b795a,2026-02-27,23:47:27,2026-02-27T23:47:27Z,2026-02-27T23:47:27Z,NA,v3,471444,471355,270b77465999425caf9e0eadef204240,"Rosario, Moises",10267810,Right,SOU_RED,8cb54e55-36e2-4a39-997a-cbf1782a03f3,55.48103,-115.81033,13.39172,5.85056,-0.78232,-17.59927,-1.54708,0.13776,1.8161,NA,NA,NA,NA,NA,NA,NA,NA,NA,NA,NA,NA,NA,NA,NA,NA,NA,NA,NA,NA,NA,NA,NA,NA,NA,NA,NA,NA,NA,NA,NA,NA,NA,NA,NA,NA,NA,NA,NA,NA,NA,NA,NA,NA,NA,NA,NA,NA,NA,NA,High,High,High,NA,NA,NA,NA,NA,NA,NA,NA,NA,NA,NA,NA,NA,NA,NA,NA,NA,NA,NA,NA,NA,NA,NA,NA,NA,NA,NA,NA,NA,NA,NA,NA,NA,NA,NA,NA,NA,NA,NA,NA,NA,NA,NA,NA,NA,NA,NA
NA,NA,NA,NA,NA,NA,NA,NA,NA,NA,NA,NA,NA,NA,NA,NA,273,2026-02-27,17:47:47,3,5,"Johnston, Gavin",1000214547,Right,SOU_RED,"Krupinski, Dom",702597,Left,MIA_RED,Undefined,8,Top,1,3,1,Fastball,Four-Seam,BallCalled,Walk,Undefined,Undefined,0,0,NA,92.99175,-1.574099,-3.222604,2255.730713,212.59667,01:00:00,5.73141,1.30805,5.7353,-15.66328,17.25891,10.29087,2.95763,-0.83847,83.99537,-4.569279,-1.38497,0.412967,NA,NA,NA,NA,NA,NA,NA,NA,NA,NA,NA,-6.19004,9.58095,-1.04565,50,5.59064,7.10666,-134.65832,-4.17815,-11.24701,32.0931,-14.76589,SOU_RED,MIA_RED,SEMissouriState,D1,OVC,20260227-SEMissouriState-1,bfb90800-1436-11f1-bd15-e1e313853076,91.27218,NA,NA,8.99638,NA,NA,NA,NA,NA,NA,9cb2ba17-931f-41d8-9324-5ddeae6b795a,2026-02-27,23:47:47,2026-02-27T23:47:47Z,2026-02-27T23:47:47Z,NA,v3,471444,471355,270b77465999425caf9e0eadef204240,"Rosario, Moises",10267810,Right,SOU_RED,bc55ad36-c118-4719-9514-273415ce12af,54.76025,-135.78809,16.04655,5.72857,-3.65834,-7.38294,-1.3028,7.50259,-5.62351,NA,NA,NA,NA,NA,NA,NA,NA,NA,NA,NA,NA,NA,NA,NA,NA,NA,NA,NA,NA,NA,NA,NA,NA,NA,NA,NA,NA,NA,NA,NA,NA,NA,NA,NA,NA,NA,NA,NA,NA,NA,NA,NA,NA,NA,NA,NA,NA,NA,NA,High,High,High,NA,NA,NA,NA,NA,NA,NA,NA,NA,NA,NA,NA,NA,NA,NA,NA,NA,NA,NA,NA,NA,NA,NA,NA,NA,NA,NA,NA,NA,NA,NA,NA,NA,NA,NA,NA,NA,NA,NA,NA,NA,NA,NA,NA,NA,NA,NA
NA,NA,NA,NA,NA,NA,NA,NA,NA,NA,NA,NA,NA,NA,NA,NA,274,2026-02-27,17:48:47,4,1,"Johnston, Gavin",1000214547,Right,SOU_RED,"Appelwick, Evan",695485,Right,MIA_RED,Undefined,8,Top,1,0,0,Slider,Slider,StrikeCalled,Undefined,Undefined,Undefined,0,0,NA,81.05094,-0.121099,-0.00932,2567.616167,63.933929,08:15:00,5.74633,1.53129,4.98127,-47.40369,-2.71189,-8.84182,1.68166,0.78567,73.43373,-8.712451,-1.573344,0.481155,NA,NA,NA,NA,NA,NA,NA,NA,NA,NA,NA,4.33969,-0.76819,-1.52293,50,5.6963800000000004,0.40646,-117.40854,-2.03052,5.95626,25.6961,-33.22842,SOU_RED,MIA_RED,SEMissouriState,D1,OVC,20260227-SEMissouriState-1,e34bc820-1436-11f1-bd15-e1e313853076,78.33736,NA,NA,7.61721,NA,NA,NA,NA,NA,NA,9cb2ba17-931f-41d8-9324-5ddeae6b795a,2026-02-27,23:48:47,2026-02-27T23:48:47Z,2026-02-27T23:48:47Z,NA,v3,471444,471355,270b77465999425caf9e0eadef204240,"Rosario, Moises",10267810,Right,SOU_RED,fbd078fc-7bae-436a-b070-292c7c2c1afd,55.51507,-118.60943,12.84805,5.75499,-0.47761,-16.61421,-1.53542,0.12809,2.97813,NA,NA,NA,NA,NA,NA,NA,NA,NA,NA,NA,NA,NA,NA,NA,NA,NA,NA,NA,NA,NA,NA,NA,NA,NA,NA,NA,NA,NA,NA,NA,NA,NA,NA,NA,NA,NA,NA,NA,NA,NA,NA,NA,NA,NA,NA,NA,NA,NA,NA,High,High,High,NA,NA,NA,NA,NA,NA,NA,NA,NA,NA,NA,NA,NA,NA,NA,NA,NA,NA,NA,NA,NA,NA,NA,NA,NA,NA,NA,NA,NA,NA,NA,NA,NA,NA,NA,NA,NA,NA,NA,NA,NA,NA,NA,NA,NA,NA,NA
NA,NA,NA,NA,NA,NA,NA,NA,NA,NA,NA,NA,NA,NA,NA,NA,275,2026-02-27,17:49:04,4,2,"Johnston, Gavin",1000214547,Right,SOU_RED,"Appelwick, Evan",695485,Right,MIA_RED,Undefined,8,Top,1,0,1,Fastball,Four-Seam,StrikeCalled,Undefined,Undefined,Undefined,0,0,NA,92.23691,-2.98898,-1.467391,2161.485025,194.547168,12:30:00,5.85272,1.45692,5.35678,-11.58847,22.53454,5.51559,2.08043,0.54011,82.92406,-5.25264,-0.487765,0.420431,NA,NA,NA,NA,NA,NA,NA,NA,NA,NA,NA,-3.20996,12.57402,-1.32896,50,5.57601,3.15059,-133.41092,-7.2599,-5.69583,32.84208,-9.86251,SOU_RED,MIA_RED,SEMissouriState,D1,OVC,20260227-SEMissouriState-1,ed595440-1436-11f1-bd15-e1e313853076,89.65183,NA,NA,9.31285,NA,NA,NA,NA,NA,NA,9cb2ba17-931f-41d8-9324-5ddeae6b795a,2026-02-27,23:49:04,2026-02-27T23:49:04Z,2026-02-27T23:49:04Z,NA,v3,471444,471355,270b77465999425caf9e0eadef204240,"Rosario, Moises",10267810,Right,SOU_RED,428123d4-2d7e-4213-8345-b38e9fa7a5d4,55.13674,-134.66951,16.42104,5.84698,-6.88194,-4.93125,-1.45388,3.36886,-2.84792,NA,NA,NA,NA,NA,NA,NA,NA,NA,NA,NA,NA,NA,NA,NA,NA,NA,NA,NA,NA,NA,NA,NA,NA,NA,NA,NA,NA,NA,NA,NA,NA,NA,NA,NA,NA,NA,NA,NA,NA,NA,NA,NA,NA,NA,NA,NA,NA,NA,NA,High,High,High,NA,NA,NA,NA,NA,NA,NA,NA,NA,NA,NA,NA,NA,NA,NA,NA,NA,NA,NA,NA,NA,NA,NA,NA,NA,NA,NA,NA,NA,NA,NA,NA,NA,NA,NA,NA,NA,NA,NA,NA,NA,NA,NA,NA,NA,NA,NA
NA,NA,NA,NA,NA,NA,NA,NA,NA,NA,NA,NA,NA,NA,NA,NA,276,2026-02-27,17:49:22,4,3,"Johnston, Gavin",1000214547,Right,SOU_RED,"Appelwick, Evan",695485,Right,MIA_RED,Undefined,8,Top,1,0,2,Slider,Curveball,BallCalled,Undefined,Undefined,Undefined,0,0,NA,80.89213,-1.605733,-1.34384,2489.893405,42.650401,07:30:00,5.70723,1.57135,5.1542,-49.95353,-5.55874,-6.51079,0.03206,-0.23648,74.07738,-10.60637,-2.500615,0.479554,NA,NA,NA,NA,NA,NA,NA,NA,NA,NA,NA,2.84406,-1.87882,-1.44053,50,5.51858,3.01887,-117.25145,-5.10949,3.91002,24.74239,-34.75709,SOU_RED,MIA_RED,SEMissouriState,D1,OVC,20260227-SEMissouriState-1,f88a51c0-1436-11f1-bd15-e1e313853076,78.59895,NA,NA,6.81475,NA,NA,NA,NA,NA,NA,9cb2ba17-931f-41d8-9324-5ddeae6b795a,2026-02-27,23:49:22,2026-02-27T23:49:22Z,2026-02-27T23:49:22Z,NA,v3,471444,471355,270b77465999425caf9e0eadef204240,"Rosario, Moises",10267810,Right,SOU_RED,59f305ff-03d9-4efa-8e0c-615c54637c60,55.34555,-118.37409,12.37119,5.71463,-3.53244,-17.37854,-1.57348,2.84146,1.95501,NA,NA,NA,NA,NA,NA,NA,NA,NA,NA,NA,NA,NA,NA,NA,NA,NA,NA,NA,NA,NA,NA,NA,NA,NA,NA,NA,NA,NA,NA,NA,NA,NA,NA,NA,NA,NA,NA,NA,NA,NA,NA,NA,NA,NA,NA,NA,NA,NA,NA,High,High,High,NA,NA,NA,NA,NA,NA,NA,NA,NA,NA,NA,NA,NA,NA,NA,NA,NA,NA,NA,NA,NA,NA,NA,NA,NA,NA,NA,NA,NA,NA,NA,NA,NA,NA,NA,NA,NA,NA,NA,NA,NA,NA,NA,NA,NA,NA,NA
NA,NA,NA,NA,NA,NA,NA,NA,NA,NA,NA,NA,NA,NA,NA,NA,277,2026-02-27,17:49:58,4,4,"Johnston, Gavin",1000214547,Right,SOU_RED,"Appelwick, Evan",695485,Right,MIA_RED,Undefined,8,Top,1,1,2,Slider,Curveball,BallCalled,Undefined,Undefined,Undefined,0,0,NA,80.8284,-0.993626,-0.965491,2282.215569,19.266332,06:45:00,5.72149,1.38575,5.13116,-52.76436,-8.57406,-3.49071,0.38848,0.18552,74.41944,-10.48397,-1.585621,0.478448,NA,NA,NA,NA,NA,NA,NA,NA,NA,NA,NA,1.46063,-3.59177,-1.29233,50,5.58705,2.12118,-117.29294,-3.98488,2.02269,23.41966,-37.14796,SOU_RED,MIA_RED,SEMissouriState,D1,OVC,20260227-SEMissouriState-1,0db33080-1437-11f1-bd15-e1e313853076,78.78061,NA,NA,6.40897,NA,NA,NA,NA,NA,NA,9cb2ba17-931f-41d8-9324-5ddeae6b795a,2026-02-27,23:49:58,2026-02-27T23:49:58Z,2026-02-27T23:49:58Z,NA,v3,471444,471355,270b77465999425caf9e0eadef204240,"Rosario, Moises",10267810,Right,SOU_RED,0221df74-fa6a-4b0b-9881-8c83acc9ff6a,55.36972,-118.36025,11.70983,5.73008,-2.29193,-18.57398,-1.3869,2.02901,1.01135,NA,NA,NA,NA,NA,NA,NA,NA,NA,NA,NA,NA,NA,NA,NA,NA,NA,NA,NA,NA,NA,NA,NA,NA,NA,NA,NA,NA,NA,NA,NA,NA,NA,NA,NA,NA,NA,NA,NA,NA,NA,NA,NA,NA,NA,NA,NA,NA,NA,NA,High,High,High,NA,NA,NA,NA,NA,NA,NA,NA,NA,NA,NA,NA,NA,NA,NA,NA,NA,NA,NA,NA,NA,NA,NA,NA,NA,NA,NA,NA,NA,NA,NA,NA,NA,NA,NA,NA,NA,NA,NA,NA,NA,NA,NA,NA,NA,NA,NA
NA,NA,NA,NA,NA,NA,NA,NA,NA,NA,NA,NA,NA,NA,NA,NA,278,2026-02-27,17:50:28,4,5,"Johnston, Gavin",1000214547,Right,SOU_RED,"Appelwick, Evan",695485,Right,MIA_RED,Undefined,8,Top,1,2,2,Slider,Curveball,InPlay,Undefined,GroundBall,Out,1,0,NA,82.23904,0.345969,-0.726368,2459.185156,28.451546,07:00:00,5.68277,1.49174,4.90282,-49.95644,-7.02276,-4.53925,1.84696,0.42648,75.51208,-8.642192,-1.52802,0.471596,61.74601,-33.18366,-54.698796,NA,NA,NA,NA,4.56076,3.69541,-33.714788,0.036551,2.05102,-3.24681,-1.41663,50,5.67412,1.70778,-119.34795,-1.20045,2.94897,23.64556,-36.84232,SOU_RED,MIA_RED,SEMissouriState,D1,OVC,20260227-SEMissouriState-1,1f8961d0-1437-11f1-bd15-e1e313853076,79.9252,1.81789,NA,6.72696,NA,NA,NA,2.18734,1.81789,-0.26286,9cb2ba17-931f-41d8-9324-5ddeae6b795a,2026-02-27,23:50:28,2026-02-27T23:50:28Z,2026-02-27T23:50:28Z,GroundBall,v3,471444,471355,270b77465999425caf9e0eadef204240,"Rosario, Moises",10267810,Right,SOU_RED,f9dd7b23-c24d-40aa-b2ab-4cc22339cffd,55.59831,-120.452,11.82278,5.69001,0.51978,-18.42116,-1.49316,1.57009,1.47449,180,2.18646,43.94819,NA,NA,NA,NA,NA,NA,NA,1.81889,-49.73568,NA,NA,NA,NA,NA,NA,NA,-0.26162,-62.06749,NA,NA,NA,NA,NA,NA,NA,NA,NA,NA,NA,NA,NA,NA,NA,NA,NA,NA,NA,NA,NA,NA,NA,NA,NA,NA,NA,NA,NA,High,High,High,Low,Low,NA,NA,NA,NA,NA,NA,NA,NA,NA,NA,NA,NA,NA,NA,NA,NA,NA,NA,NA,NA,NA,NA,NA,NA,NA,NA,NA,NA,NA,NA,NA,NA,NA,NA,NA,NA,NA,NA,NA,NA,NA,NA,NA,NA,NA
NA,NA,NA,NA,NA,NA,NA,NA,NA,NA,NA,NA,NA,NA,NA,NA,279,2026-02-27,17:51:03,5,1,"Johnston, Gavin",1000214547,Right,SOU_RED,"Novak, Ryan",10035937,Left,MIA_RED,Undefined,8,Top,2,0,0,Slider,Curveball,InPlay,Undefined,LineDrive,Out,1,0,NA,82.53546,0.938036,-1.317095,2518.16171,47.823844,07:30:00,5.66851,1.79181,4.89294,-51.97593,-8.65178,-11.27146,2.2248,-0.39356,74.66201,-8.44322,-3.30524,0.473736,103.95968,16.347425,21.060636,1916.865338,100.78652,26.19132,44.06844,321.6431,302.48599,28.677845,2.821697,5.15441,-4.20709,-1.65261,50,5.71633,3.24109,-119.53877,-0.05688,7.31494,27.17214,-38.14457,SOU_RED,MIA_RED,SEMissouriState,D1,OVC,20260227-SEMissouriState-1,34a98e00-1437-11f1-bd15-e1e313853076,79.56424,30.50198,NA,7.87345,NA,NA,NA,2.33012,2.35818,0.34797,9cb2ba17-931f-41d8-9324-5ddeae6b795a,2026-02-27,23:51:03,2026-02-27T23:51:03Z,2026-02-27T23:51:03Z,LineDrive,v3,471444,471355,270b77465999425caf9e0eadef204240,"Rosario, Moises",10267810,Right,SOU_RED,7a1cddd5-6ce2-4023-b2dc-148214f42259,55.60668,-120.80649,13.58607,5.67746,1.72276,-19.07228,-1.79586,2.89981,3.65747,242.934923,2.33021,136.53099,-22.53686,5.18829,-0.97658,0.14038,-0.00887,-0.00185,3.5e-4,2.35807,42.92202,-17.42741,1.02513,-0.27318,0.12803,-0.05125,0.01197,-0.00112,0.3479,52.58161,2.15344,-0.95373,0.21267,-2.5e-4,-0.01875,0.0059,-6.1e-4,NA,NA,NA,NA,NA,NA,NA,NA,NA,NA,NA,NA,NA,NA,NA,NA,NA,NA,NA,NA,NA,NA,High,High,High,High,High,NA,NA,NA,NA,NA,NA,NA,NA,NA,NA,NA,NA,NA,NA,NA,NA,NA,NA,NA,NA,NA,NA,NA,NA,NA,NA,NA,NA,NA,NA,NA,NA,NA,NA,NA,NA,NA,NA,NA,NA,NA,NA,NA,NA,NA
NA,NA,NA,NA,NA,NA,NA,NA,NA,NA,NA,NA,NA,NA,NA,NA,280,2026-02-27,17:53:35,1,1,"Eisiminger, Jared",1000160731,Right,MIA_RED,"Terranova, Joe",1000272666,Right,SOU_RED,Undefined,8,Bottom,0,0,0,Fastball,Changeup,StrikeCalled,Undefined,Undefined,Undefined,0,0,NA,87.19463,-0.965659,-4.208209,1878.167467,234.946287,01:45:00,5.26608,3.19824,5.74673,-23.02249,14.30249,18.55749,2.44598,0.81975,79.09134,-5.291953,-0.896939,0.439715,NA,NA,NA,NA,NA,NA,NA,NA,NA,NA,NA,-10.58292,7.93028,-2.85903,50,5.17171,8.4798,-126.23018,-2.86358,-16.97493,27.10681,-19.45389,SOU_RED,MIA_RED,SEMissouriState,D1,OVC,20260227-SEMissouriState-1,8f4d7150-1437-11f1-bd15-e1e313853076,85.72014,NA,NA,8.10329,NA,NA,NA,NA,NA,NA,9cb2ba17-931f-41d8-9324-5ddeae6b795a,2026-02-27,23:53:35,2026-02-27T23:53:35Z,2026-02-27T23:53:35Z,NA,v3,471444,471355,270b77465999425caf9e0eadef204240,"Raether, Carson",1000338521,Right,MIA_RED,e3c47bea-7d2e-4d5d-b48a-fd9f7c9d8ccf,54.74982,-127.24607,13.55341,5.26537,-2.13449,-9.72695,-3.18875,9.11598,-8.48746,NA,NA,NA,NA,NA,NA,NA,NA,NA,NA,NA,NA,NA,NA,NA,NA,NA,NA,NA,NA,NA,NA,NA,NA,NA,NA,NA,NA,NA,NA,NA,NA,NA,NA,NA,NA,NA,NA,NA,NA,NA,NA,NA,NA,NA,NA,NA,NA,NA,NA,High,High,High,NA,NA,NA,NA,NA,NA,NA,NA,NA,NA,NA,NA,NA,NA,NA,NA,NA,NA,NA,NA,NA,NA,NA,NA,NA,NA,NA,NA,NA,NA,NA,NA,NA,NA,NA,NA,NA,NA,NA,NA,NA,NA,NA,NA,NA,NA,NA
NA,NA,NA,NA,NA,NA,NA,NA,NA,NA,NA,NA,NA,NA,NA,NA,281,2026-02-27,17:53:56,1,2,"Eisiminger, Jared",1000160731,Right,MIA_RED,"Terranova, Joe",1000272666,Right,SOU_RED,Undefined,8,Bottom,0,0,1,Fastball,Changeup,BallCalled,Undefined,Undefined,Undefined,0,0,NA,87.47527,0.069232,-5.296637,1875.373355,228.521463,01:30:00,5.31055,3.09091,5.94081,-21.71584,15.26406,15.81099,3.5654,-0.51884,79.05006,-4.042727,-2.474302,0.437678,NA,NA,NA,NA,NA,NA,NA,NA,NA,NA,NA,-9.62028,8.16036,-2.67617,50,5.30391,11.05142,-126.46368,-0.49673,-15.45894,27.65674,-19.0611,SOU_RED,MIA_RED,SEMissouriState,D1,OVC,20260227-SEMissouriState-1,9b94e7e0-1437-11f1-bd15-e1e313853076,86.11918,NA,NA,8.42521,NA,NA,NA,NA,NA,NA,9cb2ba17-931f-41d8-9324-5ddeae6b795a,2026-02-27,23:53:56,2026-02-27T23:53:56Z,2026-02-27T23:53:56Z,NA,v3,471444,471355,270b77465999425caf9e0eadef204240,"Raether, Carson",1000338521,Right,MIA_RED,65bc1515-2417-493d-899a-51b3f4d212ef,54.55537,-127.45601,13.82837,5.30947,0.18719,-9.53055,-3.08265,11.60609,-7.72947,NA,NA,NA,NA,NA,NA,NA,NA,NA,NA,NA,NA,NA,NA,NA,NA,NA,NA,NA,NA,NA,NA,NA,NA,NA,NA,NA,NA,NA,NA,NA,NA,NA,NA,NA,NA,NA,NA,NA,NA,NA,NA,NA,NA,NA,NA,NA,NA,NA,NA,High,High,High,NA,NA,NA,NA,NA,NA,NA,NA,NA,NA,NA,NA,NA,NA,NA,NA,NA,NA,NA,NA,NA,NA,NA,NA,NA,NA,NA,NA,NA,NA,NA,NA,NA,NA,NA,NA,NA,NA,NA,NA,NA,NA,NA,NA,NA,NA,NA
NA,NA,NA,NA,NA,NA,NA,NA,NA,NA,NA,NA,NA,NA,NA,NA,282,2026-02-27,17:54:15,1,3,"Eisiminger, Jared",1000160731,Right,MIA_RED,"Terranova, Joe",1000272666,Right,SOU_RED,Undefined,8,Bottom,0,1,1,Fastball,Changeup,BallCalled,Undefined,Undefined,Undefined,0,0,NA,87.04565,0.051527,-2.610986,1880.222043,232.595905,01:45:00,5.33059,2.93019,5.88326,-23.81312,13.41304,15.86595,3.39406,1.82604,78.79262,-4.437583,0.233578,0.439133,NA,NA,NA,NA,NA,NA,NA,NA,NA,NA,NA,-8.99398,7.22327,-2.72892,50,5.32115,5.1136,-126.27325,-0.63066,-14.3743,28.14723,-20.62972,SOU_RED,MIA_RED,SEMissouriState,D1,OVC,20260227-SEMissouriState-1,a6fab100-1437-11f1-bd15-e1e313853076,85.83385,NA,NA,8.25302,NA,NA,NA,NA,NA,NA,9cb2ba17-931f-41d8-9324-5ddeae6b795a,2026-02-27,23:54:15,2026-02-27T23:54:15Z,2026-02-27T23:54:15Z,NA,v3,471444,471355,270b77465999425caf9e0eadef204240,"Raether, Carson",1000338521,Right,MIA_RED,d4f628c1-6852-4a2c-ba7c-6f8fb461d647,54.61575,-127.29797,14.07361,5.33044,0.12038,-10.31486,-2.92461,5.63691,-7.18715,NA,NA,NA,NA,NA,NA,NA,NA,NA,NA,NA,NA,NA,NA,NA,NA,NA,NA,NA,NA,NA,NA,NA,NA,NA,NA,NA,NA,NA,NA,NA,NA,NA,NA,NA,NA,NA,NA,NA,NA,NA,NA,NA,NA,NA,NA,NA,NA,NA,NA,High,High,High,NA,NA,NA,NA,NA,NA,NA,NA,NA,NA,NA,NA,NA,NA,NA,NA,NA,NA,NA,NA,NA,NA,NA,NA,NA,NA,NA,NA,NA,NA,NA,NA,NA,NA,NA,NA,NA,NA,NA,NA,NA,NA,NA,NA,NA,NA,NA
NA,NA,NA,NA,NA,NA,NA,NA,NA,NA,NA,NA,NA,NA,NA,NA,283,2026-02-27,17:54:37,1,4,"Eisiminger, Jared",1000160731,Right,MIA_RED,"Terranova, Joe",1000272666,Right,SOU_RED,Undefined,8,Bottom,0,2,1,Fastball,Changeup,BallCalled,Undefined,Undefined,Undefined,0,0,NA,87.55757,-0.635732,-2.955257,1865.433922,231.567854,01:45:00,5.32555,2.96272,5.82109,-22.66804,14.40851,16.47036,2.84469,1.58527,78.91795,-4.920571,-0.006541,0.438249,NA,NA,NA,NA,NA,NA,NA,NA,NA,NA,NA,-9.45008,7.95221,-2.73111,50,5.26032,5.87298,-126.90215,-2.11803,-15.17764,29.62876,-19.40215,SOU_RED,MIA_RED,SEMissouriState,D1,OVC,20260227-SEMissouriState-1,b3faa220-1437-11f1-bd15-e1e313853076,86.00687,NA,NA,8.63961,NA,NA,NA,NA,NA,NA,9cb2ba17-931f-41d8-9324-5ddeae6b795a,2026-02-27,23:54:37,2026-02-27T23:54:37Z,2026-02-27T23:54:37Z,NA,v3,471444,471355,270b77465999425caf9e0eadef204240,"Raether, Carson",1000338521,Right,MIA_RED,2ede08b0-c8ca-4ba3-a00a-9b963fa1ef19,54.67766,-127.98962,14.81438,5.32499,-1.40591,-9.70108,-2.95689,6.43005,-7.58882,NA,NA,NA,NA,NA,NA,NA,NA,NA,NA,NA,NA,NA,NA,NA,NA,NA,NA,NA,NA,NA,NA,NA,NA,NA,NA,NA,NA,NA,NA,NA,NA,NA,NA,NA,NA,NA,NA,NA,NA,NA,NA,NA,NA,NA,NA,NA,NA,NA,NA,High,High,High,NA,NA,NA,NA,NA,NA,NA,NA,NA,NA,NA,NA,NA,NA,NA,NA,NA,NA,NA,NA,NA,NA,NA,NA,NA,NA,NA,NA,NA,NA,NA,NA,NA,NA,NA,NA,NA,NA,NA,NA,NA,NA,NA,NA,NA,NA,NA
NA,NA,NA,NA,NA,NA,NA,NA,NA,NA,NA,NA,NA,NA,NA,NA,284,2026-02-27,17:54:56,1,5,"Eisiminger, Jared",1000160731,Right,MIA_RED,"Terranova, Joe",1000272666,Right,SOU_RED,Undefined,8,Bottom,0,3,1,Fastball,Changeup,StrikeCalled,Undefined,Undefined,Undefined,0,0,NA,86.89399,-0.577198,-4.888052,1887.273003,232.734913,01:45:00,5.22245,2.89062,5.96105,-23.3184,14.17253,16.87324,2.74206,-0.24686,78.45487,-4.983513,-1.87057,0.440691,NA,NA,NA,NA,NA,NA,NA,NA,NA,NA,NA,-10.06603,7.8243,-2.51082,50,5.16358,10.03217,-125.67205,-1.97759,-15.93354,27.89885,-19.78894,SOU_RED,MIA_RED,SEMissouriState,D1,OVC,20260227-SEMissouriState-1,bfab56f0-1437-11f1-bd15-e1e313853076,85.53024,NA,NA,8.43912,NA,NA,NA,NA,NA,NA,9cb2ba17-931f-41d8-9324-5ddeae6b795a,2026-02-27,23:54:56,2026-02-27T23:54:56Z,2026-02-27T23:54:56Z,NA,v3,471444,471355,270b77465999425caf9e0eadef204240,"Raether, Carson",1000338521,Right,MIA_RED,fcb44e17-7e20-4f46-8b5e-8900db12f16a,54.53477,-126.67476,13.94943,5.22187,-1.26636,-9.89447,-2.88168,10.60483,-7.96677,NA,NA,NA,NA,NA,NA,NA,NA,NA,NA,NA,NA,NA,NA,NA,NA,NA,NA,NA,NA,NA,NA,NA,NA,NA,NA,NA,NA,NA,NA,NA,NA,NA,NA,NA,NA,NA,NA,NA,NA,NA,NA,NA,NA,NA,NA,NA,NA,NA,NA,High,High,High,NA,NA,NA,NA,NA,NA,NA,NA,NA,NA,NA,NA,NA,NA,NA,NA,NA,NA,NA,NA,NA,NA,NA,NA,NA,NA,NA,NA,NA,NA,NA,NA,NA,NA,NA,NA,NA,NA,NA,NA,NA,NA,NA,NA,NA,NA,NA
NA,NA,NA,NA,NA,NA,NA,NA,NA,NA,NA,NA,NA,NA,NA,NA,285,2026-02-27,17:55:16,1,6,"Eisiminger, Jared",1000160731,Right,MIA_RED,"Terranova, Joe",1000272666,Right,SOU_RED,Undefined,8,Bottom,0,3,2,Fastball,Changeup,StrikeSwinging,Strikeout,Undefined,Undefined,0,0,NA,87.72372,0.199026,-4.427366,1852.008107,228.679497,01:30:00,5.19113,2.98071,6.05671,-22.01021,14.39009,14.98174,3.54172,0.12303,79.58147,-3.966519,-1.741556,0.434234,NA,NA,NA,NA,NA,NA,NA,NA,NA,NA,NA,-8.93993,7.70008,-2.64377,50,5.19482,9.21053,-127.05286,-0.21478,-14.54518,27.1606,-19.64609,SOU_RED,MIA_RED,SEMissouriState,D1,OVC,20260227-SEMissouriState-1,cb3b6460-1437-11f1-bd15-e1e313853076,86.80214,NA,NA,8.14225,NA,NA,NA,NA,NA,NA,9cb2ba17-931f-41d8-9324-5ddeae6b795a,2026-02-27,23:55:16,2026-02-27T23:55:16Z,2026-02-27T23:55:16Z,NA,v3,471444,471355,270b77465999425caf9e0eadef204240,"Raether, Carson",1000338521,Right,MIA_RED,836a9b57-7fb3-4a1f-abfc-7a4a0c34fe21,54.44005,-127.99851,13.5803,5.19039,0.46924,-9.82304,-2.97327,9.71695,-7.27259,NA,NA,NA,NA,NA,NA,NA,NA,NA,NA,NA,NA,NA,NA,NA,NA,NA,NA,NA,NA,NA,NA,NA,NA,NA,NA,NA,NA,61.58655,2.151528,0.985293,1.166235,-2.36532,3.26793,-0.01436,-5.74022,4.01445,3.34483,77.45691,7.34945,47.3618,-5.66556,78.21415,-5.94885,4.07912,20.68704,-15.33112,3.335,38.32527,-0.49257,High,High,High,NA,NA,High,High,High,NA,NA,NA,NA,NA,NA,NA,NA,NA,NA,NA,NA,NA,NA,NA,NA,NA,NA,NA,NA,NA,NA,NA,NA,NA,NA,NA,NA,NA,NA,NA,NA,NA,NA,NA,NA,NA,NA,NA,NA,NA,NA
NA,NA,NA,NA,NA,NA,NA,NA,NA,NA,NA,NA,NA,NA,NA,NA,286,2026-02-27,17:55:48,2,1,"Eisiminger, Jared",1000160731,Right,MIA_RED,"Rosario, Moises",10267810,Right,SOU_RED,Undefined,8,Bottom,1,0,0,Fastball,Changeup,BallCalled,Undefined,Undefined,Undefined,0,0,NA,87.28582,-1.980814,-3.503971,1957.725604,237.52852,02:00:00,5.22583,2.96356,5.97498,-24.86104,11.94505,16.83714,1.31363,1.11432,79.59261,-6.633131,-0.48118,0.436648,NA,NA,NA,NA,NA,NA,NA,NA,NA,NA,NA,-9.80662,7.07618,-2.69597,50,5.055,7.08649,-126.54696,-5.16814,-15.81901,27.08886,-20.75953,SOU_RED,MIA_RED,SEMissouriState,D1,OVC,20260227-SEMissouriState-1,de3666a0-1437-11f1-bd15-e1e313853076,86.3223,NA,NA,7.69321,NA,NA,NA,NA,NA,NA,9cb2ba17-931f-41d8-9324-5ddeae6b795a,2026-02-27,23:55:48,2026-02-27T23:55:48Z,2026-02-27T23:55:48Z,NA,v3,471444,471355,270b77465999425caf9e0eadef204240,"Raether, Carson",1000338521,Right,MIA_RED,4df6def1-0578-4398-9f74-3e6dd8410c74,54.52569,-127.51205,13.54443,5.22595,-4.42854,-10.37977,-2.95848,7.65007,-7.9095,NA,NA,NA,NA,NA,NA,NA,NA,NA,NA,NA,NA,NA,NA,NA,NA,NA,NA,NA,NA,NA,NA,NA,NA,NA,NA,NA,NA,NA,NA,NA,NA,NA,NA,NA,NA,NA,NA,NA,NA,NA,NA,NA,NA,NA,NA,NA,NA,NA,NA,High,High,High,NA,NA,NA,NA,NA,NA,NA,NA,NA,NA,NA,NA,NA,NA,NA,NA,NA,NA,NA,NA,NA,NA,NA,NA,NA,NA,NA,NA,NA,NA,NA,NA,NA,NA,NA,NA,NA,NA,NA,NA,NA,NA,NA,NA,NA,NA,NA
NA,NA,NA,NA,NA,NA,NA,NA,NA,NA,NA,NA,NA,NA,NA,NA,287,2026-02-27,17:56:09,2,2,"Eisiminger, Jared",1000160731,Right,MIA_RED,"Rosario, Moises",10267810,Right,SOU_RED,Undefined,8,Bottom,1,1,0,Fastball,Changeup,BallCalled,Undefined,Undefined,Undefined,0,0,NA,87.19364,0.144368,-4.609903,1899.597556,230.587096,01:45:00,5.27692,2.9897,5.88699,-22.43163,14.80564,16.44048,3.54211,0.06989,78.79772,-4.096165,-1.672685,0.439198,NA,NA,NA,NA,NA,NA,NA,NA,NA,NA,NA,-9.7167,7.8926,-2.62633,50,5.27576,9.46967,-126.16996,-0.36467,-15.5343,27.63729,-19.55594,SOU_RED,MIA_RED,SEMissouriState,D1,OVC,20260227-SEMissouriState-1,eadb1860-1437-11f1-bd15-e1e313853076,85.82108,NA,NA,8.39592,NA,NA,NA,NA,NA,NA,9cb2ba17-931f-41d8-9324-5ddeae6b795a,2026-02-27,23:56:09,2026-02-27T23:56:09Z,2026-02-27T23:56:09Z,NA,v3,471444,471355,270b77465999425caf9e0eadef204240,"Raether, Carson",1000338521,Right,MIA_RED,f87b778f-d382-449c-8da6-839756ae0334,54.60907,-127.17556,13.81865,5.27609,0.34688,-9.77797,-2.98117,10.0349,-7.76715,NA,NA,NA,NA,NA,NA,NA,NA,NA,NA,NA,NA,NA,NA,NA,NA,NA,NA,NA,NA,NA,NA,NA,NA,NA,NA,NA,NA,NA,NA,NA,NA,NA,NA,NA,NA,NA,NA,NA,NA,NA,NA,NA,NA,NA,NA,NA,NA,NA,NA,High,High,High,NA,NA,NA,NA,NA,NA,NA,NA,NA,NA,NA,NA,NA,NA,NA,NA,NA,NA,NA,NA,NA,NA,NA,NA,NA,NA,NA,NA,NA,NA,NA,NA,NA,NA,NA,NA,NA,NA,NA,NA,NA,NA,NA,NA,NA,NA,NA
NA,NA,NA,NA,NA,NA,NA,NA,NA,NA,NA,NA,NA,NA,NA,NA,288,2026-02-27,17:56:27,2,3,"Eisiminger, Jared",1000160731,Right,MIA_RED,"Rosario, Moises",10267810,Right,SOU_RED,Undefined,8,Bottom,1,2,0,ChangeUp,Changeup,BallCalled,Undefined,Undefined,Undefined,0,0,NA,82.73052,0.223262,-5.808635,1397.573965,264.04526,02:45:00,5.06887,3.06282,6.20722,-38.0616,2.84244,13.96615,2.1042,-1.153,75.24605,-6.84313,-3.304522,0.460314,NA,NA,NA,NA,NA,NA,NA,NA,NA,NA,NA,-8.8676,1.8841,-2.63176,50,5.06723,11.62193,-119.59869,-0.72627,-12.76628,24.36896,-29.46158,SOU_RED,MIA_RED,SEMissouriState,D1,OVC,20260227-SEMissouriState-1,f5f05080-1437-11f1-bd15-e1e313853076,81.88415,NA,NA,7.48447,NA,NA,NA,NA,NA,NA,9cb2ba17-931f-41d8-9324-5ddeae6b795a,2026-02-27,23:56:27,2026-02-27T23:56:27Z,2026-02-27T23:56:27Z,NA,v3,471444,471355,270b77465999425caf9e0eadef204240,"Raether, Carson",1000338521,Right,MIA_RED,15777c50-7fd7-4c07-8512-5e651883beed,54.29005,-120.46964,12.18448,5.07437,0.3267,-14.73079,-3.05529,12.0782,-6.38314,NA,NA,NA,NA,NA,NA,NA,NA,NA,NA,NA,NA,NA,NA,NA,NA,NA,NA,NA,NA,NA,NA,NA,NA,NA,NA,NA,NA,NA,NA,NA,NA,NA,NA,NA,NA,NA,NA,NA,NA,NA,NA,NA,NA,NA,NA,NA,NA,NA,NA,High,High,High,NA,NA,NA,NA,NA,NA,NA,NA,NA,NA,NA,NA,NA,NA,NA,NA,NA,NA,NA,NA,NA,NA,NA,NA,NA,NA,NA,NA,NA,NA,NA,NA,NA,NA,NA,NA,NA,NA,NA,NA,NA,NA,NA,NA,NA,NA,NA
NA,NA,NA,NA,NA,NA,NA,NA,NA,NA,NA,NA,NA,NA,NA,NA,289,2026-02-27,17:56:47,2,4,"Eisiminger, Jared",1000160731,Right,MIA_RED,"Rosario, Moises",10267810,Right,SOU_RED,Undefined,8,Bottom,1,3,0,Fastball,Changeup,StrikeCalled,Undefined,Undefined,Undefined,0,0,NA,85.61527,-0.329588,-4.922987,1893.789308,232.356642,01:45:00,5.23829,2.97202,5.90168,-25.16871,13.47796,15.72005,2.8338,-0.2993,77.44356,-5.06378,-2.115312,0.447432,NA,NA,NA,NA,NA,NA,NA,NA,NA,NA,NA,-9.45808,7.3889,-2.58404,50,5.19743,10.00734,-123.8267,-1.48954,-14.56072,26.67795,-20.79883,SOU_RED,MIA_RED,SEMissouriState,D1,OVC,20260227-SEMissouriState-1,01b6b030-1438-11f1-bd15-e1e313853076,84.24163,NA,NA,8.17171,NA,NA,NA,NA,NA,NA,9cb2ba17-931f-41d8-9324-5ddeae6b795a,2026-02-27,23:56:47,2026-02-27T23:56:47Z,2026-02-27T23:56:47Z,NA,v3,471444,471355,270b77465999425caf9e0eadef204240,"Raether, Carson",1000338521,Right,MIA_RED,bfc3c3ed-11da-4f69-92f3-4c79034a3879,54.59431,-124.8126,13.33897,5.23827,-0.72091,-10.39942,-2.96381,10.54544,-7.28036,NA,NA,NA,NA,NA,NA,NA,NA,NA,NA,NA,NA,NA,NA,NA,NA,NA,NA,NA,NA,NA,NA,NA,NA,NA,NA,NA,NA,NA,NA,NA,NA,NA,NA,NA,NA,NA,NA,NA,NA,NA,NA,NA,NA,NA,NA,NA,NA,NA,NA,High,High,High,NA,NA,NA,NA,NA,NA,NA,NA,NA,NA,NA,NA,NA,NA,NA,NA,NA,NA,NA,NA,NA,NA,NA,NA,NA,NA,NA,NA,NA,NA,NA,NA,NA,NA,NA,NA,NA,NA,NA,NA,NA,NA,NA,NA,NA,NA,NA
NA,NA,NA,NA,NA,NA,NA,NA,NA,NA,NA,NA,NA,NA,NA,NA,290,2026-02-27,17:57:05,2,5,"Eisiminger, Jared",1000160731,Right,MIA_RED,"Rosario, Moises",10267810,Right,SOU_RED,Undefined,8,Bottom,1,3,1,Fastball,Changeup,BallCalled,Walk,Undefined,Undefined,0,0,NA,86.97271,-0.623994,-3.107333,1929.900737,233.784215,01:45:00,5.11111,3.19673,5.87818,-23.76659,13.44453,16.64662,2.55017,1.69528,79.01141,-5.092913,-0.124419,0.439044,NA,NA,NA,NA,NA,NA,NA,NA,NA,NA,NA,-9.53386,7.43666,-2.95558,50,5.04698,6.17723,-126.15346,-2.12155,-15.25892,27.304,-20.2717,SOU_RED,MIA_RED,SEMissouriState,D1,OVC,20260227-SEMissouriState-1,0c2c7400-1438-11f1-bd15-e1e313853076,85.85122,NA,NA,7.9613,NA,NA,NA,NA,NA,NA,9cb2ba17-931f-41d8-9324-5ddeae6b795a,2026-02-27,23:57:05,2026-02-27T23:57:05Z,2026-02-27T23:57:05Z,NA,v3,471444,471355,270b77465999425caf9e0eadef204240,"Raether, Carson",1000338521,Right,MIA_RED,12feb0aa-74b0-48a2-af8c-fe23c24a0a67,54.62156,-127.14979,13.652,5.1109,-1.38182,-10.13585,-3.19115,6.73403,-7.62946,NA,NA,NA,NA,NA,NA,NA,NA,NA,NA,NA,NA,NA,NA,NA,NA,NA,NA,NA,NA,NA,NA,NA,NA,NA,NA,NA,NA,NA,NA,NA,NA,NA,NA,NA,NA,NA,NA,NA,NA,NA,NA,NA,NA,NA,NA,NA,NA,NA,NA,High,High,High,NA,NA,NA,NA,NA,NA,NA,NA,NA,NA,NA,NA,NA,NA,NA,NA,NA,NA,NA,NA,NA,NA,NA,NA,NA,NA,NA,NA,NA,NA,NA,NA,NA,NA,NA,NA,NA,NA,NA,NA,NA,NA,NA,NA,NA,NA,NA
NA,NA,NA,NA,NA,NA,NA,NA,NA,NA,NA,NA,NA,NA,NA,NA,291,2026-02-27,17:57:40,3,1,"Eisiminger, Jared",1000160731,Right,MIA_RED,"Ramirez, Andrew",10063875,Right,SOU_RED,Undefined,8,Bottom,1,0,0,ChangeUp,Changeup,InPlay,Undefined,Bunt,Single,0,0,NA,81.29503,0.907018,-4.85328,1431.575211,260.347233,02:45:00,5.04094,3.14654,6.25236,-38.61195,3.43421,12.12816,2.6628,-0.32915,74.13907,-6.274955,-2.672676,0.466697,28.12645,-56.062006,-58.068054,NA,NA,NA,NA,5.83216,5.83214,-15.231765,0.085218,-7.79048,1.84973,-2.79149,50,5.08932,9.571,-117.77876,0.72243,-10.89386,23.30769,-29.58749,SOU_RED,MIA_RED,SEMissouriState,D1,OVC,20260227-SEMissouriState-1,212da680-1438-11f1-bd15-e1e313853076,80.76433,2.99597,NA,7.15596,NA,NA,NA,4.56093,2.99597,0.1788,9cb2ba17-931f-41d8-9324-5ddeae6b795a,2026-02-27,23:57:40,2026-02-27T23:57:40Z,2026-02-27T23:57:40Z,GroundBall,v3,471444,471355,270b77465999425caf9e0eadef204240,"Raether, Carson",1000338521,Right,MIA_RED,0249996e-3a6e-4bda-afec-7c6b93d8d527,54.24845,-118.61653,11.65384,5.04424,1.78591,-14.79374,-3.14254,9.96256,-5.44693,NA,4.55637,12.51328,NA,NA,NA,NA,NA,NA,NA,3.00876,-35.15726,NA,NA,NA,NA,NA,NA,NA,0.1861,-20.07847,NA,NA,NA,NA,NA,NA,NA,NA,NA,NA,NA,NA,NA,NA,NA,NA,NA,NA,NA,NA,NA,NA,NA,NA,NA,NA,NA,NA,NA,High,High,High,Estimated,Estimated,NA,NA,NA,NA,NA,NA,NA,NA,NA,NA,NA,NA,NA,NA,NA,NA,NA,NA,NA,NA,NA,NA,NA,NA,NA,NA,NA,NA,NA,NA,NA,NA,NA,NA,NA,NA,NA,NA,NA,NA,NA,NA,NA,NA,NA
NA,NA,NA,NA,NA,NA,NA,NA,NA,NA,NA,NA,NA,NA,NA,NA,292,2026-02-27,17:58:29,4,1,"Eisiminger, Jared",1000160731,Right,MIA_RED,"Schrack, Carson",10186680,Left,SOU_RED,Undefined,8,Bottom,1,0,0,Fastball,Changeup,InPlay,Undefined,FlyBall,Out,1,0,NA,86.84665,-0.485136,-4.759974,1885.464004,230.136258,01:45:00,5.11893,3.2124,6.00885,-22.20285,15.11552,16.56111,2.81768,0.17251,78.66328,-4.688391,-1.795162,0.439676,87.40146,42.298688,-26.058901,NA,93.7751,90.11486,-57.49965,289.73698,148.59912,-37.978295,5.476443,-9.94493,8.28859,-2.84697,50,5.06863,9.79422,-125.71195,-1.7278,-15.79663,27.24763,-19.00836,SOU_RED,MIA_RED,SEMissouriState,D1,OVC,20260227-SEMissouriState-1,3e8edc30-1438-11f1-bd15-e1e313853076,85.72778,107.20418,NA,8.18337,NA,NA,NA,0.87596,3.01699,-0.22478,9cb2ba17-931f-41d8-9324-5ddeae6b795a,2026-02-27,23:58:29,2026-02-27T23:58:29Z,2026-02-27T23:58:29Z,FlyBall,v3,471444,471355,270b77465999425caf9e0eadef204240,"Raether, Carson",1000338521,Right,MIA_RED,d6923767-b0fd-450a-87cb-e5f60127a6a4,54.4893,-126.68125,13.62382,5.11807,-1.0516,-9.50418,-3.20538,10.35617,-7.89831,154.902979,0.88183,85.05197,-21.28829,4.73786,-0.37751,-0.14696,0.05261,-0.00664,3.1e-4,3.01351,86.32608,-20.62029,1.57901,-0.27816,0.02961,0.00563,-0.00178,1.2e-4,-0.2253,-41.64328,2.33481,0.00414,-0.07028,0.01321,-6.8e-4,-6e-5,1e-5,NA,NA,NA,NA,NA,NA,NA,NA,NA,NA,NA,NA,NA,NA,NA,NA,NA,NA,NA,NA,NA,NA,High,High,High,Medium,Low,NA,NA,NA,NA,NA,NA,NA,NA,NA,NA,NA,NA,NA,NA,NA,NA,NA,NA,NA,NA,NA,NA,NA,NA,NA,NA,NA,NA,NA,NA,NA,NA,NA,NA,NA,NA,NA,NA,NA,NA,NA,NA,NA,NA,NA
NA,NA,NA,NA,NA,NA,NA,NA,NA,NA,NA,NA,NA,NA,NA,NA,293,2026-02-27,17:59:15,5,1,"Eisiminger, Jared",1000160731,Right,MIA_RED,"Klein, Caleb",1000329534,Right,SOU_RED,Undefined,8,Bottom,2,0,0,Fastball,Changeup,BallCalled,Undefined,Undefined,Undefined,0,0,NA,86.43222,-1.503271,-5.633335,1927.566984,234.7572,01:45:00,5.23099,2.86633,6.03434,-24.80848,12.93977,16.45965,1.76453,-0.99533,78.43276,-6.164723,-2.690698,0.442201,NA,NA,NA,NA,NA,NA,NA,NA,NA,NA,NA,-10.05764,7.48744,-2.43361,50,5.09971,11.63707,-124.88965,-4.05065,-15.78615,26.61427,-20.42196,SOU_RED,MIA_RED,SEMissouriState,D1,OVC,20260227-SEMissouriState-1,59afe5e0-1438-11f1-bd15-e1e313853076,85.23822,NA,NA,7.99947,NA,NA,NA,NA,NA,NA,9cb2ba17-931f-41d8-9324-5ddeae6b795a,2026-02-27,23:59:15,2026-02-27T23:59:15Z,2026-02-27T23:59:15Z,NA,v3,471444,471355,270b77465999425caf9e0eadef204240,"Raether, Carson",1000338521,Right,MIA_RED,321d98e2-15e1-4670-9d12-fb2df8c69e34,54.46234,-125.83699,13.30713,5.23096,-3.32373,-10.21098,-2.85783,12.19899,-7.89308,NA,NA,NA,NA,NA,NA,NA,NA,NA,NA,NA,NA,NA,NA,NA,NA,NA,NA,NA,NA,NA,NA,NA,NA,NA,NA,NA,NA,NA,NA,NA,NA,NA,NA,NA,NA,NA,NA,NA,NA,NA,NA,NA,NA,NA,NA,NA,NA,NA,NA,High,High,High,NA,NA,NA,NA,NA,NA,NA,NA,NA,NA,NA,NA,NA,NA,NA,NA,NA,NA,NA,NA,NA,NA,NA,NA,NA,NA,NA,NA,NA,NA,NA,NA,NA,NA,NA,NA,NA,NA,NA,NA,NA,NA,NA,NA,NA,NA,NA
NA,NA,NA,NA,NA,NA,NA,NA,NA,NA,NA,NA,NA,NA,NA,NA,294,2026-02-27,17:59:34,5,2,"Eisiminger, Jared",1000160731,Right,MIA_RED,"Klein, Caleb",1000329534,Right,SOU_RED,Undefined,8,Bottom,2,1,0,Fastball,Changeup,StrikeCalled,Undefined,Undefined,Undefined,0,0,NA,87.21337,-0.580887,-5.225993,1936.734041,231.407247,01:45:00,5.30456,2.89835,5.87292,-23.04147,14.17536,16.16221,2.84264,-0.62225,79.05959,-4.918191,-2.343254,0.439077,NA,NA,NA,NA,NA,NA,NA,NA,NA,NA,NA,-9.74878,7.78611,-2.48372,50,5.24412,10.85026,-126.11619,-1.9988,-15.61149,27.01685,-19.70558,SOU_RED,MIA_RED,SEMissouriState,D1,OVC,20260227-SEMissouriState-1,64d4ae60-1438-11f1-bd15-e1e313853076,85.84466,NA,NA,8.15378,NA,NA,NA,NA,NA,NA,9cb2ba17-931f-41d8-9324-5ddeae6b795a,2026-02-27,23:59:34,2026-02-27T23:59:34Z,2026-02-27T23:59:34Z,NA,v3,471444,471355,270b77465999425caf9e0eadef204240,"Raether, Carson",1000338521,Right,MIA_RED,a2d4641f-4b45-4315-83c2-bbbe91cb34a7,54.62407,-127.10291,13.50843,5.30398,-1.2791,-9.85279,-2.89041,11.42043,-7.80575,NA,NA,NA,NA,NA,NA,NA,NA,NA,NA,NA,NA,NA,NA,NA,NA,NA,NA,NA,NA,NA,NA,NA,NA,NA,NA,NA,NA,NA,NA,NA,NA,NA,NA,NA,NA,NA,NA,NA,NA,NA,NA,NA,NA,NA,NA,NA,NA,NA,NA,High,High,High,NA,NA,NA,NA,NA,NA,NA,NA,NA,NA,NA,NA,NA,NA,NA,NA,NA,NA,NA,NA,NA,NA,NA,NA,NA,NA,NA,NA,NA,NA,NA,NA,NA,NA,NA,NA,NA,NA,NA,NA,NA,NA,NA,NA,NA,NA,NA
NA,NA,NA,NA,NA,NA,NA,NA,NA,NA,NA,NA,NA,NA,NA,NA,295,2026-02-27,18:00:13,5,3,"Eisiminger, Jared",1000160731,Right,MIA_RED,"Klein, Caleb",1000329534,Right,SOU_RED,Undefined,8,Bottom,2,1,1,Slider,Slider,FoulBallNotFieldable,Undefined,Undefined,Undefined,0,0,NA,78.52562,0.657592,-2.703866,1721.294888,179.447819,12:00:00,4.8825,3.27598,5.59409,-41.30959,5.85036,-0.03827,2.05472,0.74638,70.12727,-7.008274,-2.710692,0.494263,76.36504,34.307609,33.376879,4131.017253,86.73239,56.41865,67.65714,262.75134,164.8523,44.753897,4.014487,-0.96169,3.2578,-3.0439600000000002,50,4.91265,5.36486,-113.56647,-0.0141,-1.21997,26.35134,-28.04135,SOU_RED,MIA_RED,SEMissouriState,D1,OVC,20260227-SEMissouriState-1,7c455a40-1438-11f1-bd15-e1e313853076,76.25991,60.16979,NA,8.39835,NA,NA,NA,0.89297,2.01578,-0.79312,9cb2ba17-931f-41d8-9324-5ddeae6b795a,2026-02-28,00:00:13,2026-02-28T00:00:13Z,2026-02-28T00:00:13Z,FlyBall,v3,471444,471355,270b77465999425caf9e0eadef204240,"Raether, Carson",1000338521,Right,MIA_RED,78cccd38-e18a-4744-99ea-aec81f4c0956,54.89986,-114.69777,13.17567,4.88742,1.18975,-14.02068,-3.27541,5.41723,-0.60998,218.377763,0.89228,77.27802,-16.42266,4.2603,-1.12527,0.33429,-0.08117,0.01153,-6.8e-4,2.01667,63.10335,-18.88585,0.99962,0.11555,-0.13674,0.03927,-0.00488,2.2e-4,-0.79314,50.89789,-2.8013,0.7151,-0.1399,0.03549,-0.00931,0.00151,-1e-4,NA,NA,NA,NA,NA,NA,NA,NA,NA,NA,NA,NA,NA,NA,NA,NA,NA,NA,NA,NA,NA,NA,High,High,High,High,Medium,NA,NA,NA,NA,NA,NA,NA,NA,NA,NA,NA,NA,NA,NA,NA,NA,NA,NA,NA,NA,NA,NA,NA,NA,NA,NA,NA,NA,NA,NA,NA,NA,NA,NA,NA,NA,NA,NA,NA,NA,NA,NA,NA,NA,NA
NA,NA,NA,NA,NA,NA,NA,NA,NA,NA,NA,NA,NA,NA,NA,NA,296,2026-02-27,18:01:15,5,4,"Eisiminger, Jared",1000160731,Right,MIA_RED,"Klein, Caleb",1000329534,Right,SOU_RED,Undefined,8,Bottom,2,1,2,Fastball,Sinker,BallCalled,Undefined,Undefined,Undefined,0,0,NA,88.51525,-1.902951,-7.065413,1894.298273,243.902877,02:15:00,5.25403,2.92925,6.19818,-24.5982,11.0617,20.20903,1.43342,-1.94224,80.89188,-6.508497,-3.455927,0.429795,NA,NA,NA,NA,NA,NA,NA,NA,NA,NA,NA,-12.28052,6.59843,-2.40463,50,5.0974,14.99397,-127.6902,-5.03731,-20.32972,25.63463,-21.25075,SOU_RED,MIA_RED,SEMissouriState,D1,OVC,20260227-SEMissouriState-1,a103c920-1438-11f1-bd15-e1e313853076,87.69865,NA,NA,7.62337,NA,NA,NA,NA,NA,NA,9cb2ba17-931f-41d8-9324-5ddeae6b795a,2026-02-28,00:01:15,2026-02-28T00:01:15Z,2026-02-28T00:01:15Z,NA,v3,471444,471355,270b77465999425caf9e0eadef204240,"Raether, Carson",1000338521,Right,MIA_RED,7eb136f3-6e96-4dea-bdf2-f22cdc2c8404,54.30074,-128.5507,12.81731,5.25451,-4.32396,-10.62538,-2.9194,15.6764,-10.16486,NA,NA,NA,NA,NA,NA,NA,NA,NA,NA,NA,NA,NA,NA,NA,NA,NA,NA,NA,NA,NA,NA,NA,NA,NA,NA,NA,NA,NA,NA,NA,NA,NA,NA,NA,NA,NA,NA,NA,NA,NA,NA,NA,NA,NA,NA,NA,NA,NA,NA,High,High,High,NA,NA,NA,NA,NA,NA,NA,NA,NA,NA,NA,NA,NA,NA,NA,NA,NA,NA,NA,NA,NA,NA,NA,NA,NA,NA,NA,NA,NA,NA,NA,NA,NA,NA,NA,NA,NA,NA,NA,NA,NA,NA,NA,NA,NA,NA,NA
NA,NA,NA,NA,NA,NA,NA,NA,NA,NA,NA,NA,NA,NA,NA,NA,297,2026-02-27,18:01:36,5,5,"Eisiminger, Jared",1000160731,Right,MIA_RED,"Klein, Caleb",1000329534,Right,SOU_RED,Undefined,8,Bottom,2,2,2,ChangeUp,Changeup,InPlay,Undefined,GroundBall,Out,1,0,NA,83.06384,-0.404343,-5.543753,1554.274019,258.304964,02:30:00,5.00352,3.02359,6.44612,-34.41896,5.58536,20.59422,1.76201,-0.36981,75.7959,-6.838138,-1.828175,0.455224,96.02253,-0.855702,7.826895,1730.285934,NA,NA,NA,36.50455,35.95686,9.594249,0.262344,-12.38473,3.41815,-2.63834,50,4.95934,10.92833,-120.27379,-1.86017,-18.08515,24.00126,-27.18257,SOU_RED,MIA_RED,SEMissouriState,D1,OVC,20260227-SEMissouriState-1,ad9b5b80-1438-11f1-bd15-e1e313853076,82.7998,1.69886,NA,7.26794,NA,NA,NA,0.74064,1.69886,0.41654,9cb2ba17-931f-41d8-9324-5ddeae6b795a,2026-02-28,00:01:36,2026-02-28T00:01:36Z,2026-02-28T00:01:36Z,GroundBall,v3,471444,471355,270b77465999425caf9e0eadef204240,"Raether, Carson",1000338521,Right,MIA_RED,3d878f1e-3d76-4f24-bca3-8cdc5ae2c68a,54.0544,-121.08016,12.00063,5.0065,-0.94691,-13.59129,-3.01571,11.53594,-9.04258,275.936574,0.74278,139.39732,-19.19349,NA,NA,NA,NA,NA,NA,1.70015,-2.16797,-16.45709,NA,NA,NA,NA,NA,NA,0.41439,19.28533,8.89935,NA,NA,NA,NA,NA,NA,NA,NA,NA,NA,NA,NA,NA,NA,NA,NA,NA,NA,NA,NA,NA,NA,NA,NA,NA,NA,NA,NA,High,High,High,High,High,NA,NA,NA,NA,NA,NA,NA,NA,NA,NA,NA,NA,NA,NA,NA,NA,NA,NA,NA,NA,NA,NA,NA,NA,NA,NA,NA,NA,NA,NA,NA,NA,NA,NA,NA,NA,NA,NA,NA,NA,NA,NA,NA,NA,NA
NA,NA,NA,NA,NA,NA,NA,NA,NA,NA,NA,NA,NA,NA,NA,NA,298,2026-02-27,18:03:52,1,1,"Johnston, Gavin",1000214547,Right,SOU_RED,"Harrison, Tommy",811731,Left,MIA_RED,Undefined,9,Top,0,0,0,Fastball,Four-Seam,StrikeCalled,Undefined,Undefined,Undefined,0,0,NA,93.31944,-3.072448,-2.275677,2144.849423,207.835525,01:00:00,5.77531,1.2629,5.70571,-9.93343,22.54336,11.33166,2.07983,0.08578,84.97845,-5.022965,-0.251144,0.410164,NA,NA,NA,NA,NA,NA,NA,NA,NA,NA,NA,-6.36142,12.60997,-1.07907,50,5.51127,4.84962,-135.21767,-7.48744,-11.75558,30.00048,-8.87141,SOU_RED,MIA_RED,SEMissouriState,D1,OVC,20260227-SEMissouriState-1,feabebc0-1438-11f1-bd15-e1e313853076,91.89595,NA,NA,8.34099,NA,NA,NA,NA,NA,NA,9cb2ba17-931f-41d8-9324-5ddeae6b795a,2026-02-28,00:03:52,2026-02-28T00:03:52Z,2026-02-28T00:03:52Z,NA,v3,471444,471355,270b77465999425caf9e0eadef204240,"Rosario, Moises",10267810,Right,SOU_RED,5ffd8e9e-19e1-4b11-b017-1fffbf87dc03,54.79122,-136.27654,15.00024,5.77002,-7.17433,-4.4357,-1.25756,5.26454,-5.87779,NA,NA,NA,NA,NA,NA,NA,NA,NA,NA,NA,NA,NA,NA,NA,NA,NA,NA,NA,NA,NA,NA,NA,NA,NA,NA,NA,NA,NA,NA,NA,NA,NA,NA,NA,NA,NA,NA,NA,NA,NA,NA,NA,NA,NA,NA,NA,NA,NA,NA,High,High,High,NA,NA,NA,NA,NA,NA,NA,NA,NA,NA,NA,NA,NA,NA,NA,NA,NA,NA,NA,NA,NA,NA,NA,NA,NA,NA,NA,NA,NA,NA,NA,NA,NA,NA,NA,NA,NA,NA,NA,NA,NA,NA,NA,NA,NA,NA,NA
NA,NA,NA,NA,NA,NA,NA,NA,NA,NA,NA,NA,NA,NA,NA,NA,299,2026-02-27,18:04:05,1,2,"Johnston, Gavin",1000214547,Right,SOU_RED,"Harrison, Tommy",811731,Left,MIA_RED,Undefined,9,Top,0,0,1,ChangeUp,Splitter,BallCalled,Undefined,Undefined,Undefined,0,0,NA,82.52865,-1.077551,-1.260272,887.893097,293.054972,03:45:00,5.72474,1.31048,5.40297,-45.64975,-3.73311,11.933,0.91056,1.12382,75.8201,-9.362164,0.868543,0.465977,NA,NA,NA,NA,NA,NA,NA,NA,NA,NA,NA,-6.35071,-1.125,-1.20671,50,5.59688,2.13724,-119.78399,-3.90987,-9.18661,24.08285,-33.80142,SOU_RED,MIA_RED,SEMissouriState,D1,OVC,20260227-SEMissouriState-1,06ef3f30-1439-11f1-bd15-e1e313853076,80.88905,NA,NA,6.70855,NA,NA,NA,NA,NA,NA,9cb2ba17-931f-41d8-9324-5ddeae6b795a,2026-02-28,00:04:05,2026-02-28T00:04:05Z,2026-02-28T00:04:05Z,NA,v3,471444,471355,270b77465999425caf9e0eadef204240,"Rosario, Moises",10267810,Right,SOU_RED,edc51a09-558f-4c94-9fc4-156d08ed28eb,55.09656,-120.80431,12.04142,5.7322,-2.47779,-16.90071,-1.3055,2.52645,-4.5933,NA,NA,NA,NA,NA,NA,NA,NA,NA,NA,NA,NA,NA,NA,NA,NA,NA,NA,NA,NA,NA,NA,NA,NA,NA,NA,NA,NA,NA,NA,NA,NA,NA,NA,NA,NA,NA,NA,NA,NA,NA,NA,NA,NA,NA,NA,NA,NA,NA,NA,High,High,High,NA,NA,NA,NA,NA,NA,NA,NA,NA,NA,NA,NA,NA,NA,NA,NA,NA,NA,NA,NA,NA,NA,NA,NA,NA,NA,NA,NA,NA,NA,NA,NA,NA,NA,NA,NA,NA,NA,NA,NA,NA,NA,NA,NA,NA,NA,NA
NA,NA,NA,NA,NA,NA,NA,NA,NA,NA,NA,NA,NA,NA,NA,NA,300,2026-02-27,18:04:18,1,3,"Johnston, Gavin",1000214547,Right,SOU_RED,"Harrison, Tommy",811731,Left,MIA_RED,Undefined,9,Top,0,1,1,Slider,Curveball,BallCalled,Undefined,Undefined,Undefined,0,0,NA,82.04939,0.877599,-1.229574,2492.228426,46.70607,07:30:00,5.7563,1.21325,4.99582,-52.79038,-9.62859,-11.70123,2.18592,-0.92289,75.11204,-8.632485,-3.298019,0.472847,NA,NA,NA,NA,NA,NA,NA,NA,NA,NA,NA,5.40028,-4.55252,-1.08515,50,5.79785,3.06655,-119.01576,-0.21986,7.69179,24.32867,-38.65832,SOU_RED,MIA_RED,SEMissouriState,D1,OVC,20260227-SEMissouriState-1,0e84c670-1439-11f1-bd15-e1e313853076,79.71375,NA,NA,6.93735,NA,NA,NA,NA,NA,NA,9cb2ba17-931f-41d8-9324-5ddeae6b795a,2026-02-28,00:04:18,2026-02-28T00:04:18Z,2026-02-28T00:04:18Z,NA,v3,471444,471355,270b77465999425caf9e0eadef204240,"Rosario, Moises",10267810,Right,SOU_RED,9260c519-88bc-4909-bdbb-ea4ea1149f18,55.50452,-120.1357,12.16433,5.76701,1.55972,-19.32916,-1.21816,2.71247,3.8459,NA,NA,NA,NA,NA,NA,NA,NA,NA,NA,NA,NA,NA,NA,NA,NA,NA,NA,NA,NA,NA,NA,NA,NA,NA,NA,NA,NA,NA,NA,NA,NA,NA,NA,NA,NA,NA,NA,NA,NA,NA,NA,NA,NA,NA,NA,NA,NA,NA,NA,High,High,High,NA,NA,NA,NA,NA,NA,NA,NA,NA,NA,NA,NA,NA,NA,NA,NA,NA,NA,NA,NA,NA,NA,NA,NA,NA,NA,NA,NA,NA,NA,NA,NA,NA,NA,NA,NA,NA,NA,NA,NA,NA,NA,NA,NA,NA,NA,NA
NA,NA,NA,NA,NA,NA,NA,NA,NA,NA,NA,NA,NA,NA,NA,NA,301,2026-02-27,18:04:34,1,4,"Johnston, Gavin",1000214547,Right,SOU_RED,"Harrison, Tommy",811731,Left,MIA_RED,Undefined,9,Top,0,2,1,Fastball,Four-Seam,FoulBallNotFieldable,Undefined,Undefined,Undefined,0,0,NA,92.90231,-2.919471,-1.905801,2005.319169,214.34017,01:15:00,5.79204,1.15317,5.57028,-11.10131,21.6645,14.0878,2.13601,0.5463,85.00052,-5.064783,0.60607,0.411985,85.5483,43.042863,-71.36374,4434.866036,NA,NA,NA,NA,68.70466,NA,NA,-7.69252,12.10438,-0.99862,50,5.53331,3.85047,-134.74246,-7.18098,-14.17057,28.72797,-9.87637,SOU_RED,MIA_RED,SEMissouriState,D1,OVC,20260227-SEMissouriState-1,1811ff00-1439-11f1-bd15-e1e313853076,91.48976,57.6797,NA,7.90179,NA,NA,NA,2.19019,2.20431,-0.53837,9cb2ba17-931f-41d8-9324-5ddeae6b795a,2026-02-28,00:04:34,2026-02-28T00:04:34Z,2026-02-28T00:04:34Z,NA,v3,471444,471355,270b77465999425caf9e0eadef204240,"Rosario, Moises",10267810,Right,SOU_RED,06ceb031-abf1-406d-bd79-33988a0a4b54,54.92958,-135.78942,14.36399,5.78845,-6.82105,-4.93819,-1.14835,4.36689,-7.08529,NA,2.19019,29.30336,-10.54119,3.0835,-0.7967,0.18935,-0.0452,0.00932,-0.00117,2.20431,85.6394,-24.50406,2.64047,-0.51979,0.09566,-0.01797,0.00323,-3.3e-4,-0.53837,-86.89125,12.26495,-2.2595,0.42848,-0.07647,0.01571,-0.0027,3.1e-4,NA,NA,NA,NA,NA,NA,NA,NA,NA,NA,NA,NA,NA,NA,NA,NA,NA,NA,NA,NA,NA,NA,High,High,High,Low,Undefined,NA,NA,NA,NA,NA,NA,NA,NA,NA,NA,NA,NA,NA,NA,NA,NA,NA,NA,NA,NA,NA,NA,NA,NA,NA,NA,NA,NA,NA,NA,NA,NA,NA,NA,NA,NA,NA,NA,NA,NA,NA,NA,NA,NA,NA
NA,NA,NA,NA,NA,NA,NA,NA,NA,NA,NA,NA,NA,NA,NA,NA,302,2026-02-27,18:04:53,1,5,"Johnston, Gavin",1000214547,Right,SOU_RED,"Harrison, Tommy",811731,Left,MIA_RED,Undefined,9,Top,0,2,2,Fastball,Four-Seam,StrikeCalled,Strikeout,Undefined,Undefined,0,0,NA,92.92595,-2.134941,-3.027239,2005.433818,219.434005,01:15:00,5.84121,1.03334,5.50398,-15.81387,17.46473,13.38434,2.52297,-0.68515,83.93146,-5.144744,-0.646121,0.415197,NA,NA,NA,NA,NA,NA,NA,NA,NA,NA,NA,-7.6241,9.78398,-0.77782,50,5.64413,6.47562,-134.49256,-5.51802,-13.81775,32.02952,-14.44174,SOU_RED,MIA_RED,SEMissouriState,D1,OVC,20260227-SEMissouriState-1,22feeea0-1439-11f1-bd15-e1e313853076,90.78213,NA,NA,8.99449,NA,NA,NA,NA,NA,NA,9cb2ba17-931f-41d8-9324-5ddeae6b795a,2026-02-28,00:04:53,2026-02-28T00:04:53Z,2026-02-28T00:04:53Z,NA,v3,471444,471355,270b77465999425caf9e0eadef204240,"Rosario, Moises",10267810,Right,SOU_RED,16e6c87a-4d64-40f3-9f90-32de91a2a812,54.99148,-135.67608,16.01476,5.83817,-4.98438,-7.22087,-1.02653,6.98619,-6.90887,NA,NA,NA,NA,NA,NA,NA,NA,NA,NA,NA,NA,NA,NA,NA,NA,NA,NA,NA,NA,NA,NA,NA,NA,NA,NA,NA,NA,79.10196,NA,NA,NA,NA,NA,NA,0.25932,5.44935,2.91356,NA,NA,NA,0.27268,84.15581,-8.03866,5.44998,-0.84758,-10.61383,2.9219,79.37217,-5.40883,High,High,High,NA,NA,Medium,High,Medium,NA,NA,NA,NA,NA,NA,NA,NA,NA,NA,NA,NA,NA,NA,NA,NA,NA,NA,NA,NA,NA,NA,NA,NA,NA,NA,NA,NA,NA,NA,NA,NA,NA,NA,NA,NA,NA,NA,NA,NA,NA,NA
NA,NA,NA,NA,NA,NA,NA,NA,NA,NA,NA,NA,NA,NA,NA,NA,303,2026-02-27,18:05:22,2,1,"Johnston, Gavin",1000214547,Right,SOU_RED,"Dierks, Marcus",10322729,Left,MIA_RED,Undefined,9,Top,1,0,0,Slider,Curveball,StrikeCalled,Undefined,Undefined,Undefined,0,0,NA,81.66433,1.785539,-0.033582,2454.189106,51.184762,07:45:00,5.70737,1.34137,5.3117,-54.2007,-10.68615,-15.21674,2.8671,0.04179,73.8419,-8.075985,-2.73927,0.474776,NA,NA,NA,NA,NA,NA,NA,NA,NA,NA,NA,7.53315,-5.36965,-1.32718,50,5.8305,0.72366,-118.36904,1.6675,10.49415,26.41451,-39.65431,SOU_RED,MIA_RED,SEMissouriState,D1,OVC,20260227-SEMissouriState-1,343ed360-1439-11f1-bd15-e1e313853076,79.38998,NA,NA,7.82243,NA,NA,NA,NA,NA,NA,9cb2ba17-931f-41d8-9324-5ddeae6b795a,2026-02-28,00:05:22,2026-02-28T00:05:22Z,2026-02-28T00:05:22Z,NA,v3,471444,471355,270b77465999425caf9e0eadef204240,"Rosario, Moises",10267810,Right,SOU_RED,38a607a4-198b-4e4f-910d-6f5e37f3044c,55.18734,-119.521,13.20726,5.72007,3.39687,-19.82715,-1.34876,0.26599,5.24708,NA,NA,NA,NA,NA,NA,NA,NA,NA,NA,NA,NA,NA,NA,NA,NA,NA,NA,NA,NA,NA,NA,NA,NA,NA,NA,NA,NA,NA,NA,NA,NA,NA,NA,NA,NA,NA,NA,NA,NA,NA,NA,NA,NA,NA,NA,NA,NA,NA,NA,High,High,High,NA,NA,NA,NA,NA,NA,NA,NA,NA,NA,NA,NA,NA,NA,NA,NA,NA,NA,NA,NA,NA,NA,NA,NA,NA,NA,NA,NA,NA,NA,NA,NA,NA,NA,NA,NA,NA,NA,NA,NA,NA,NA,NA,NA,NA,NA,NA
NA,NA,NA,NA,NA,NA,NA,NA,NA,NA,NA,NA,NA,NA,NA,NA,304,2026-02-27,18:05:36,2,2,"Johnston, Gavin",1000214547,Right,SOU_RED,"Dierks, Marcus",10322729,Left,MIA_RED,Undefined,9,Top,1,0,1,Fastball,Four-Seam,StrikeSwinging,Undefined,Undefined,Undefined,0,0,NA,93.23037,-2.851888,-0.852071,2074.368283,210.46948,01:00:00,5.8107,1.13596,5.56327,-12.18946,20.61505,11.4654,2.12814,1.29533,84.63391,-5.203857,1.193088,0.412228,NA,NA,NA,NA,NA,NA,NA,NA,NA,NA,NA,-6.01713,11.57571,-1.07003,50,5.55666,1.47225,-135.11356,-7.06601,-11.05094,31.22352,-10.91434,SOU_RED,MIA_RED,SEMissouriState,D1,OVC,20260227-SEMissouriState-1,3d190fa0-1439-11f1-bd15-e1e313853076,91.4358,NA,NA,8.59647,NA,NA,NA,NA,NA,NA,9cb2ba17-931f-41d8-9324-5ddeae6b795a,2026-02-28,00:05:36,2026-02-28T00:05:36Z,2026-02-28T00:05:36Z,NA,v3,471444,471355,270b77465999425caf9e0eadef204240,"Rosario, Moises",10267810,Right,SOU_RED,11efa3c1-86fa-41ee-b0d9-7713366d46c6,54.93321,-136.24881,15.61176,5.80636,-6.66918,-5.45717,-1.13087,1.87405,-5.52547,NA,NA,NA,NA,NA,NA,NA,NA,NA,NA,NA,NA,NA,NA,NA,NA,NA,NA,NA,NA,NA,NA,NA,NA,NA,NA,NA,NA,NA,NA,NA,NA,NA,NA,NA,NA,NA,NA,NA,NA,NA,NA,NA,NA,NA,NA,NA,NA,NA,NA,High,High,High,NA,NA,NA,NA,NA,NA,NA,NA,NA,NA,NA,NA,NA,NA,NA,NA,NA,NA,NA,NA,NA,NA,NA,NA,NA,NA,NA,NA,NA,NA,NA,NA,NA,NA,NA,NA,NA,NA,NA,NA,NA,NA,NA,NA,NA,NA,NA
NA,NA,NA,NA,NA,NA,NA,NA,NA,NA,NA,NA,NA,NA,NA,NA,305,2026-02-27,18:05:54,2,3,"Johnston, Gavin",1000214547,Right,SOU_RED,"Dierks, Marcus",10322729,Left,MIA_RED,Undefined,9,Top,1,0,2,ChangeUp,Splitter,InPlay,Undefined,Popup,Out,1,0,NA,84.17062,-0.134292,-0.778389,774.915405,234.912865,01:45:00,5.76902,1.08168,5.75502,-29.17297,10.64016,13.27198,3.21292,1.46305,76.64577,-5.569469,1.598619,0.454135,58.9681,64.48547,-44.41341,4268.656144,NA,NA,NA,123.17851,111.49348,-54.59566,4.551813,-7.00906,5.84689,-1.0254,50,5.74023,1.12398,-122.21124,-1.2273,-10.53392,25.49561,-23.38675,SOU_RED,MIA_RED,SEMissouriState,D1,OVC,20260227-SEMissouriState-1,47deef40-1439-11f1-bd15-e1e313853076,82.99837,84.20435,NA,7.52485,NA,NA,NA,1.28972,3.20052,-1.4666,9cb2ba17-931f-41d8-9324-5ddeae6b795a,2026-02-28,00:05:54,2026-02-28T00:05:54Z,2026-02-28T00:05:54Z,Popup,v3,471444,471355,270b77465999425caf9e0eadef204240,"Rosario, Moises",10267810,Right,SOU_RED,bb20a938-06a1-42da-b804-a7ea29413c1c,54.74317,-123.19679,12.74781,5.7702,-0.32327,-11.69338,-1.07672,1.53117,-5.26696,NA,1.29156,26.54672,-6.71715,1.18416,0.4711,-0.39961,0.12328,-0.01802,0.00102,3.19576,78.15759,-22.07506,2.64381,-0.90868,0.24779,-0.03723,0.00185,6e-5,-1.46682,-26.06889,1.83771,-0.34168,0.08522,-0.0432,0.01593,-0.00287,2e-4,NA,NA,NA,NA,NA,NA,NA,NA,NA,NA,NA,NA,NA,NA,NA,NA,NA,NA,NA,NA,NA,NA,High,High,High,High,Low,NA,NA,NA,NA,NA,NA,NA,NA,NA,NA,NA,NA,NA,NA,NA,NA,NA,NA,NA,NA,NA,NA,NA,NA,NA,NA,NA,NA,NA,NA,NA,NA,NA,NA,NA,NA,NA,NA,NA,NA,NA,NA,NA,NA,NA
NA,NA,NA,NA,NA,NA,NA,NA,NA,NA,NA,NA,NA,NA,NA,NA,306,2026-02-27,18:06:23,3,1,"Johnston, Gavin",1000214547,Right,SOU_RED,"Christiansen, Hayden",830132,Right,MIA_RED,Undefined,9,Top,2,0,0,Fastball,Four-Seam,FoulBallNotFieldable,Undefined,Undefined,Undefined,0,0,NA,93.52559,-2.418052,-1.954917,2001.413655,200.556514,12:45:00,5.76823,1.29953,5.63529,-11.8306,20.6354,7.32646,2.52375,0.08551,84.95982,-4.709322,-0.647311,0.410096,NA,NA,NA,NA,NA,NA,NA,NA,NA,NA,NA,-4.29158,11.50071,-1.13808,50,5.55517,4.29217,-135.57369,-6.05208,-7.9452,31.10316,-10.88226,SOU_RED,MIA_RED,SEMissouriState,D1,OVC,20260227-SEMissouriState-1,58f8d570-1439-11f1-bd15-e1e313853076,91.91119,NA,NA,8.56577,NA,NA,NA,NA,NA,NA,9cb2ba17-931f-41d8-9324-5ddeae6b795a,2026-02-28,00:06:23,2026-02-28T00:06:23Z,2026-02-28T00:06:23Z,NA,v3,471444,471355,270b77465999425caf9e0eadef204240,"Rosario, Moises",10267810,Right,SOU_RED,a4d38403-ecfc-46b4-a904-350e16555bf8,54.86228,-136.68463,15.55158,5.7644,-5.66338,-5.44113,-1.29645,4.57596,-3.9726,NA,NA,NA,NA,NA,NA,NA,NA,NA,NA,NA,NA,NA,NA,NA,NA,NA,NA,NA,NA,NA,NA,NA,NA,NA,NA,NA,NA,NA,NA,NA,NA,NA,NA,NA,NA,NA,NA,NA,NA,NA,NA,NA,NA,NA,NA,NA,NA,NA,NA,High,High,High,NA,NA,NA,NA,NA,NA,NA,NA,NA,NA,NA,NA,NA,NA,NA,NA,NA,NA,NA,NA,NA,NA,NA,NA,NA,NA,NA,NA,NA,NA,NA,NA,NA,NA,NA,NA,NA,NA,NA,NA,NA,NA,NA,NA,NA,NA,NA
NA,NA,NA,NA,NA,NA,NA,NA,NA,NA,NA,NA,NA,NA,NA,NA,307,2026-02-27,18:06:39,3,2,"Johnston, Gavin",1000214547,Right,SOU_RED,"Christiansen, Hayden",830132,Right,MIA_RED,Undefined,9,Top,2,0,1,Fastball,Sinker,BallCalled,Undefined,Undefined,Undefined,0,0,NA,93.48701,-3.177191,-2.221381,2067.0534,222.752425,01:30:00,5.8228,1.10907,5.63769,-16.51454,16.5771,14.12509,1.47727,0.21277,83.67691,-6.328309,0.301078,0.414029,NA,NA,NA,NA,NA,NA,NA,NA,NA,NA,NA,-7.8378,9.82709,-0.92907,50,5.54213,4.56776,-135.1395,-8.01958,-14.17509,35.49764,-14.40122,SOU_RED,MIA_RED,SEMissouriState,D1,OVC,20260227-SEMissouriState-1,62a814f0-1439-11f1-bd15-e1e313853076,91.03823,NA,NA,9.8101,NA,NA,NA,NA,NA,NA,9cb2ba17-931f-41d8-9324-5ddeae6b795a,2026-02-28,00:06:39,2026-02-28T00:06:39Z,2026-02-28T00:06:39Z,NA,v3,471444,471355,270b77465999425caf9e0eadef204240,"Rosario, Moises",10267810,Right,SOU_RED,3ec707b6-69a8-409e-879f-f3f6e5a5b3c5,54.85588,-136.40905,17.74882,5.81973,-7.50452,-7.20061,-1.10151,5.07472,-7.08754,NA,NA,NA,NA,NA,NA,NA,NA,NA,NA,NA,NA,NA,NA,NA,NA,NA,NA,NA,NA,NA,NA,NA,NA,NA,NA,NA,NA,NA,NA,NA,NA,NA,NA,NA,NA,NA,NA,NA,NA,NA,NA,NA,NA,NA,NA,NA,NA,NA,NA,High,High,High,NA,NA,NA,NA,NA,NA,NA,NA,NA,NA,NA,NA,NA,NA,NA,NA,NA,NA,NA,NA,NA,NA,NA,NA,NA,NA,NA,NA,NA,NA,NA,NA,NA,NA,NA,NA,NA,NA,NA,NA,NA,NA,NA,NA,NA,NA,NA
NA,NA,NA,NA,NA,NA,NA,NA,NA,NA,NA,NA,NA,NA,NA,NA,308,2026-02-27,18:06:53,3,3,"Johnston, Gavin",1000214547,Right,SOU_RED,"Christiansen, Hayden",830132,Right,MIA_RED,Undefined,9,Top,2,1,1,Fastball,Four-Seam,FoulBallNotFieldable,Undefined,Undefined,Undefined,0,0,NA,93.49526,-2.165388,-1.793858,2144.528163,207.148442,01:00:00,5.78306,1.01047,5.68861,-11.56883,21.12596,10.2202,2.79884,0.18969,84.17004,-4.432572,0.032396,0.411539,73.96844,32.855055,-148.026821,2976.82819,NA,NA,NA,NA,28.17502,NA,NA,-5.76937,11.76989,-0.86613,50,5.59397,3.77346,-135.45218,-5.41988,-10.55992,33.67518,-10.63114,SOU_RED,MIA_RED,SEMissouriState,D1,OVC,20260227-SEMissouriState-1,6a9d4860-1439-11f1-bd15-e1e313853076,91.58904,18.58129,NA,9.32523,NA,NA,NA,0.42002,2.7812,-0.22613,9cb2ba17-931f-41d8-9324-5ddeae6b795a,2026-02-28,00:06:53,2026-02-28T00:06:53Z,2026-02-28T00:06:53Z,NA,v3,471444,471355,270b77465999425caf9e0eadef204240,"Rosario, Moises",10267810,Right,SOU_RED,67f960e3-34f7-4d8f-a492-c0120c47eb98,54.80797,-136.64228,16.83759,5.77887,-5.04417,-5.31557,-1.00608,4.14665,-5.27996,37.114324,0.42294,-77.43166,0.54195,NA,NA,NA,NA,NA,NA,2.78621,58.64611,-28.14766,NA,NA,NA,NA,NA,NA,-0.22865,-48.15151,9.54692,NA,NA,NA,NA,NA,NA,NA,NA,NA,NA,NA,NA,NA,NA,NA,NA,NA,NA,NA,NA,NA,NA,NA,NA,NA,NA,NA,NA,High,High,High,High,Undefined,NA,NA,NA,NA,NA,NA,NA,NA,NA,NA,NA,NA,NA,NA,NA,NA,NA,NA,NA,NA,NA,NA,NA,NA,NA,NA,NA,NA,NA,NA,NA,NA,NA,NA,NA,NA,NA,NA,NA,NA,NA,NA,NA,NA,NA
NA,NA,NA,NA,NA,NA,NA,NA,NA,NA,NA,NA,NA,NA,NA,NA,309,2026-02-27,18:07:13,3,4,"Johnston, Gavin",1000214547,Right,SOU_RED,"Christiansen, Hayden",830132,Right,MIA_RED,Undefined,9,Top,2,1,2,Fastball,Four-Seam,FoulBallNotFieldable,Undefined,Undefined,Undefined,0,0,NA,94.49485,-2.115018,-2.703694,2107.017275,213.950299,01:15:00,5.72686,1.22335,5.46062,-10.69997,21.89458,13.87576,2.85242,-0.15288,84.2806,-4.237083,-0.236771,0.410907,NA,NA,NA,NA,NA,NA,NA,NA,NA,NA,NA,-7.74859,11.97808,-0.99414,50,5.53315,5.74555,-136.57427,-5.28536,-14.32029,36.11416,-10.03718,SOU_RED,MIA_RED,SEMissouriState,D1,OVC,20260227-SEMissouriState-1,7670a060-1439-11f1-bd15-e1e313853076,91.72977,NA,NA,10.21425,NA,NA,NA,NA,NA,NA,9cb2ba17-931f-41d8-9324-5ddeae6b795a,2026-02-28,00:07:13,2026-02-28T00:07:13Z,2026-02-28T00:07:13Z,NA,v3,471444,471355,270b77465999425caf9e0eadef204240,"Rosario, Moises",10267810,Right,SOU_RED,886dd0b9-d317-4598-815f-90b2a0d3db53,55.03045,-137.89805,18.05708,5.72014,-4.91745,-5.01859,-1.21437,6.27047,-7.16014,NA,NA,NA,NA,NA,NA,NA,NA,NA,NA,NA,NA,NA,NA,NA,NA,NA,NA,NA,NA,NA,NA,NA,NA,NA,NA,NA,NA,NA,NA,NA,NA,NA,NA,NA,NA,NA,NA,NA,NA,NA,NA,NA,NA,NA,NA,NA,NA,NA,NA,High,High,High,NA,NA,NA,NA,NA,NA,NA,NA,NA,NA,NA,NA,NA,NA,NA,NA,NA,NA,NA,NA,NA,NA,NA,NA,NA,NA,NA,NA,NA,NA,NA,NA,NA,NA,NA,NA,NA,NA,NA,NA,NA,NA,NA,NA,NA,NA,NA
NA,NA,NA,NA,NA,NA,NA,NA,NA,NA,NA,NA,NA,NA,NA,NA,310,2026-02-27,18:07:42,3,5,"Johnston, Gavin",1000214547,Right,SOU_RED,"Christiansen, Hayden",830132,Right,MIA_RED,Undefined,9,Top,2,1,2,Slider,Slider,BallCalled,Undefined,Undefined,Undefined,0,0,NA,83.40375,-2.215284,-0.053701,2472.723816,64.993731,08:15:00,5.84206,1.03091,5.18418,-44.24266,-1.87595,-7.57524,0.06993,0.34912,75.11508,-10.246663,-1.400901,0.468472,NA,NA,NA,NA,NA,NA,NA,NA,NA,NA,NA,3.76095,0.33043,-1.01992,50,5.6029,0.44177,-120.64321,-6.31212,5.39001,29.50501,-31.70049,SOU_RED,MIA_RED,SEMissouriState,D1,OVC,20260227-SEMissouriState-1,87acb490-1439-11f1-bd15-e1e313853076,80.45824,NA,NA,8.28867,NA,NA,NA,NA,NA,NA,9cb2ba17-931f-41d8-9324-5ddeae6b795a,2026-02-28,00:07:42,2026-02-28T00:07:42Z,2026-02-28T00:07:42Z,NA,v3,471444,471355,270b77465999425caf9e0eadef204240,"Rosario, Moises",10267810,Right,SOU_RED,ada31611-6a42-45d2-be09-6d12583c22ad,55.31178,-121.93536,14.75251,5.84893,-4.92382,-15.85024,-1.0341,0.20572,2.69501,NA,NA,NA,NA,NA,NA,NA,NA,NA,NA,NA,NA,NA,NA,NA,NA,NA,NA,NA,NA,NA,NA,NA,NA,NA,NA,NA,NA,NA,NA,NA,NA,NA,NA,NA,NA,NA,NA,NA,NA,NA,NA,NA,NA,NA,NA,NA,NA,NA,NA,High,High,High,NA,NA,NA,NA,NA,NA,NA,NA,NA,NA,NA,NA,NA,NA,NA,NA,NA,NA,NA,NA,NA,NA,NA,NA,NA,NA,NA,NA,NA,NA,NA,NA,NA,NA,NA,NA,NA,NA,NA,NA,NA,NA,NA,NA,NA,NA,NA
NA,NA,NA,NA,NA,NA,NA,NA,NA,NA,NA,NA,NA,NA,NA,NA,311,2026-02-27,18:07:58,3,6,"Johnston, Gavin",1000214547,Right,SOU_RED,"Christiansen, Hayden",830132,Right,MIA_RED,Undefined,9,Top,2,2,2,Fastball,Four-Seam,InPlay,Undefined,LineDrive,Single,0,0,NA,94.16732,-1.14593,-1.114041,2077.716597,221.919102,01:30:00,5.81339,1.03213,5.55214,-16.50599,16.26308,13.4239,3.36678,1.10969,83.75589,-4.312022,1.280279,0.412006,88.30243,16.378226,-6.567348,1287.529257,108.59549,23.22745,-17.51918,235.82237,235.82237,-11.167213,2.448648,-7.18056,8.99134,-0.94494,50,5.70395,2.01288,-136.31091,-3.25365,-13.13004,37.81572,-15.73289,SOU_RED,MIA_RED,SEMissouriState,D1,OVC,20260227-SEMissouriState-1,91b7f6c0-1439-11f1-bd15-e1e313853076,91.48517,23.55972,NA,10.41144,NA,NA,NA,0.88185,3.35687,-1.08291,9cb2ba17-931f-41d8-9324-5ddeae6b795a,2026-02-28,00:07:58,2026-02-28T00:07:58Z,2026-02-28T00:07:58Z,LineDrive,v3,471444,471355,270b77465999425caf9e0eadef204240,"Rosario, Moises",10267810,Right,SOU_RED,3c00691e-57c1-4574-909d-41b091565eb9,54.94259,-137.67527,18.90786,5.81111,-2.68603,-7.86645,-1.02611,2.4866,-6.56502,124.571944,0.88185,123.43973,-17.8356,3.64178,-0.74576,0.14072,-0.02513,0.00344,-2.3e-4,3.35687,36.51822,-17.62534,1.16279,-0.16681000000000001,0.02378,-0.00166,2.4e-4,-3e-5,-1.08292,-14.21033,-3.36846,1.26425,-0.36416,0.08617,-0.01729,0.00246,-1.7e-4,NA,NA,NA,NA,NA,NA,NA,NA,NA,NA,NA,NA,NA,NA,NA,NA,NA,NA,NA,NA,NA,NA,High,High,High,High,High,NA,NA,NA,NA,NA,NA,NA,NA,NA,NA,NA,NA,NA,NA,NA,NA,NA,NA,NA,NA,NA,NA,NA,NA,NA,NA,NA,NA,NA,NA,NA,NA,NA,NA,NA,NA,NA,NA,NA,NA,NA,NA,NA,NA,NA
NA,NA,NA,NA,NA,NA,NA,NA,NA,NA,NA,NA,NA,NA,NA,NA,312,2026-02-27,18:08:31,4,1,"Johnston, Gavin",1000214547,Right,SOU_RED,"Gonzalez, Ignacio",10124440,Right,MIA_RED,Undefined,9,Top,2,0,0,Fastball,Four-Seam,FoulBallNotFieldable,Undefined,Undefined,Undefined,0,0,NA,91.32827,-2.686989,-0.966537,2100.565569,191.966731,12:30:00,5.79556,1.24289,5.68845,-13.3091,21.02202,4.185,2.17993,0.69072,82.18209,-5.271225,-0.218364,0.421711,65.35642,53.49619,137.889242,4622.892262,NA,NA,NA,NA,21.94362,NA,NA,-2.4376,11.91213,-1.16427,50,5.56148,2.04296,-132.26353,-6.56142,-4.24716,32.52664,-11.41887,SOU_RED,MIA_RED,SEMissouriState,D1,OVC,20260227-SEMissouriState-1,a54ec3d0-1439-11f1-bd15-e1e313853076,89.3797,28.97749,NA,9.14618,NA,NA,NA,0.86336,2.07904,-0.6687,9cb2ba17-931f-41d8-9324-5ddeae6b795a,2026-02-28,00:08:31,2026-02-28T00:08:31Z,2026-02-28T00:08:31Z,NA,v3,471444,471355,270b77465999425caf9e0eadef204240,"Rosario, Moises",10267810,Right,SOU_RED,b68b8f2b-5529-4de0-99df-de6d33af47ec,54.80707,-133.44046,16.26332,5.79142,-6.14824,-5.70944,-1.24097,2.19664,-2.12358,330.776457,0.87041,-42.53284,-0.16895,NA,NA,NA,NA,NA,NA,2.09951,76.39314,-29.71059,NA,NA,NA,NA,NA,NA,-0.65919,37.93188,-8.22269,NA,NA,NA,NA,NA,NA,NA,NA,NA,NA,NA,NA,NA,NA,NA,NA,NA,NA,NA,NA,NA,NA,NA,NA,NA,NA,NA,NA,High,High,High,High,Undefined,NA,NA,NA,NA,NA,NA,NA,NA,NA,NA,NA,NA,NA,NA,NA,NA,NA,NA,NA,NA,NA,NA,NA,NA,NA,NA,NA,NA,NA,NA,NA,NA,NA,NA,NA,NA,NA,NA,NA,NA,NA,NA,NA,NA,NA
NA,NA,NA,NA,NA,NA,NA,NA,NA,NA,NA,NA,NA,NA,NA,NA,313,2026-02-27,18:08:52,4,2,"Johnston, Gavin",1000214547,Right,SOU_RED,"Gonzalez, Ignacio",10124440,Right,MIA_RED,Undefined,9,Top,2,0,1,Slider,Slider,BallCalled,Undefined,Undefined,Undefined,0,0,NA,81.61708,-1.746322,-0.731392,2509.900443,54.834708,07:45:00,5.74736,1.24474,4.92257,-46.27054,-2.57173,-5.65571,0.23987,0.08194,75.07059,-10.055271,-1.731782,0.47578,NA,NA,NA,NA,NA,NA,NA,NA,NA,NA,NA,2.58914,-0.35236,-1.16851,50,5.53846,1.75322,-118.33556,-5.35902,3.65326,23.62142,-32.67121,SOU_RED,MIA_RED,SEMissouriState,D1,OVC,20260227-SEMissouriState-1,b1b9a0e0-1439-11f1-bd15-e1e313853076,79.22242,NA,NA,6.54649,NA,NA,NA,NA,NA,NA,9cb2ba17-931f-41d8-9324-5ddeae6b795a,2026-02-28,00:08:52,2026-02-28T00:08:52Z,2026-02-28T00:08:52Z,NA,v3,471444,471355,270b77465999425caf9e0eadef204240,"Rosario, Moises",10267810,Right,SOU_RED,777aa3ce-8995-4f68-8cce-ba5e702c5d3d,55.57671,-119.44356,11.81071,5.7539,-3.82652,-16.33561,-1.24673,1.58186,1.82663,NA,NA,NA,NA,NA,NA,NA,NA,NA,NA,NA,NA,NA,NA,NA,NA,NA,NA,NA,NA,NA,NA,NA,NA,NA,NA,NA,NA,NA,NA,NA,NA,NA,NA,NA,NA,NA,NA,NA,NA,NA,NA,NA,NA,NA,NA,NA,NA,NA,NA,High,High,High,NA,NA,NA,NA,NA,NA,NA,NA,NA,NA,NA,NA,NA,NA,NA,NA,NA,NA,NA,NA,NA,NA,NA,NA,NA,NA,NA,NA,NA,NA,NA,NA,NA,NA,NA,NA,NA,NA,NA,NA,NA,NA,NA,NA,NA,NA,NA
NA,NA,NA,NA,NA,NA,NA,NA,NA,NA,NA,NA,NA,NA,NA,NA,314,2026-02-27,18:09:12,4,3,"Johnston, Gavin",1000214547,Right,SOU_RED,"Gonzalez, Ignacio",10124440,Right,MIA_RED,Undefined,9,Top,2,1,1,Fastball,Four-Seam,BallCalled,Undefined,Undefined,Undefined,0,0,NA,92.8622,-2.930198,-2.96555,2288.838465,189.601498,12:15:00,5.81626,1.02445,5.44097,-7.86882,25.55903,4.12087,2.41076,-1.41141,83.85382,-4.526198,-2.234099,0.416127,NA,NA,NA,NA,NA,NA,NA,NA,NA,NA,NA,-2.95685,14.02202,-0.76487,50,5.5515,6.75868,-134.2968,-7.00138,-5.34826,31.69003,-6.81148,SOU_RED,MIA_RED,SEMissouriState,D1,OVC,20260227-SEMissouriState-1,bdadee60-1439-11f1-bd15-e1e313853076,90.57921,NA,NA,9.00837,NA,NA,NA,NA,NA,NA,9cb2ba17-931f-41d8-9324-5ddeae6b795a,2026-02-28,00:09:12,2026-02-28T00:09:12Z,2026-02-28T00:09:12Z,NA,v3,471444,471355,270b77465999425caf9e0eadef204240,"Rosario, Moises",10267810,Right,SOU_RED,20e1a9a7-4015-40dd-8770-5ed5e878cf99,55.0535,-135.48402,15.84501,5.80902,-6.7462,-3.40574,-1.02182,6.95905,-2.67413,NA,NA,NA,NA,NA,NA,NA,NA,NA,NA,NA,NA,NA,NA,NA,NA,NA,NA,NA,NA,NA,NA,NA,NA,NA,NA,NA,NA,NA,NA,NA,NA,NA,NA,NA,NA,NA,NA,NA,NA,NA,NA,NA,NA,NA,NA,NA,NA,NA,NA,High,High,High,NA,NA,NA,NA,NA,NA,NA,NA,NA,NA,NA,NA,NA,NA,NA,NA,NA,NA,NA,NA,NA,NA,NA,NA,NA,NA,NA,NA,NA,NA,NA,NA,NA,NA,NA,NA,NA,NA,NA,NA,NA,NA,NA,NA,NA,NA,NA
NA,NA,NA,NA,NA,NA,NA,NA,NA,NA,NA,NA,NA,NA,NA,NA,315,2026-02-27,18:09:30,4,4,"Johnston, Gavin",1000214547,Right,SOU_RED,"Gonzalez, Ignacio",10124440,Right,MIA_RED,Undefined,9,Top,2,2,1,Fastball,Four-Seam,BallCalled,Undefined,Undefined,Undefined,0,0,NA,92.74094,-4.12996,-2.042429,2207.319747,203.912527,12:45:00,5.82035,1.16619,5.41649,-13.6354,19.68214,8.23107,0.80605,-0.06199,84.61207,-6.716667,-0.579037,0.41544,NA,NA,NA,NA,NA,NA,NA,NA,NA,NA,NA,-4.71276,11.39977,-0.99058,50,5.44349,4.40117,-134.18717,-10.11342,-8.57638,29.55429,-11.42841,SOU_RED,MIA_RED,SEMissouriState,D1,OVC,20260227-SEMissouriState-1,c8571e40-1439-11f1-bd15-e1e313853076,90.72906,NA,NA,8.12887,NA,NA,NA,NA,NA,NA,9cb2ba17-931f-41d8-9324-5ddeae6b795a,2026-02-28,00:09:30,2026-02-28T00:09:30Z,2026-02-28T00:09:30Z,NA,v3,471444,471355,270b77465999425caf9e0eadef204240,"Rosario, Moises",10267810,Right,SOU_RED,ddebe094-7e62-4601-b5af-46945fcddac5,55.08092,-135.3016,14.77715,5.81672,-9.68248,-5.71421,-1.16264,4.72457,-4.28819,NA,NA,NA,NA,NA,NA,NA,NA,NA,NA,NA,NA,NA,NA,NA,NA,NA,NA,NA,NA,NA,NA,NA,NA,NA,NA,NA,NA,NA,NA,NA,NA,NA,NA,NA,NA,NA,NA,NA,NA,NA,NA,NA,NA,NA,NA,NA,NA,NA,NA,High,High,High,NA,NA,NA,NA,NA,NA,NA,NA,NA,NA,NA,NA,NA,NA,NA,NA,NA,NA,NA,NA,NA,NA,NA,NA,NA,NA,NA,NA,NA,NA,NA,NA,NA,NA,NA,NA,NA,NA,NA,NA,NA,NA,NA,NA,NA,NA,NA
NA,NA,NA,NA,NA,NA,NA,NA,NA,NA,NA,NA,NA,NA,NA,NA,316,2026-02-27,18:09:49,4,5,"Johnston, Gavin",1000214547,Right,SOU_RED,"Gonzalez, Ignacio",10124440,Right,MIA_RED,Undefined,9,Top,2,3,1,Fastball,Four-Seam,FoulBallNotFieldable,Undefined,Undefined,Undefined,0,0,NA,92.05409,-1.144357,-1.456932,2262.92573,206.298579,01:00:00,5.79369,1.03453,5.45856,-13.62481,20.08781,9.36449,3.58663,0.45086,83.49126,-3.761476,0.20962,0.417895,NA,NA,NA,NA,NA,NA,NA,NA,NA,NA,NA,-5.0474,10.70008,-0.91225,50,5.6835,2.93845,-133.45073,-3.04919,-9.05908,29.9914,-12.96957,SOU_RED,MIA_RED,SEMissouriState,D1,OVC,20260227-SEMissouriState-1,d3b916d0-1439-11f1-bd15-e1e313853076,90.19588,NA,NA,8.56283,NA,NA,NA,NA,NA,NA,9cb2ba17-931f-41d8-9324-5ddeae6b795a,2026-02-28,00:09:49,2026-02-28T00:09:49Z,2026-02-28T00:09:49Z,NA,v3,471444,471355,270b77465999425caf9e0eadef204240,"Rosario, Moises",10267810,Right,SOU_RED,585b9622-356a-403a-b315-c979c2887299,55.03473,-134.57746,14.9957,5.7889,-2.56194,-6.48478,-1.02904,3.27879,-4.52954,NA,NA,NA,NA,NA,NA,NA,NA,NA,NA,NA,NA,NA,NA,NA,NA,NA,NA,NA,NA,NA,NA,NA,NA,NA,NA,NA,NA,NA,NA,NA,NA,NA,NA,NA,NA,NA,NA,NA,NA,NA,NA,NA,NA,NA,NA,NA,NA,NA,NA,High,High,High,NA,NA,NA,NA,NA,NA,NA,NA,NA,NA,NA,NA,NA,NA,NA,NA,NA,NA,NA,NA,NA,NA,NA,NA,NA,NA,NA,NA,NA,NA,NA,NA,NA,NA,NA,NA,NA,NA,NA,NA,NA,NA,NA,NA,NA,NA,NA
NA,NA,NA,NA,NA,NA,NA,NA,NA,NA,NA,NA,NA,NA,NA,NA,317,2026-02-27,18:10:14,4,6,"Johnston, Gavin",1000214547,Right,SOU_RED,"Gonzalez, Ignacio",10124440,Right,MIA_RED,Undefined,9,Top,2,3,2,Fastball,Four-Seam,InPlay,Undefined,LineDrive,Double,0,1,NA,93.14877,-2.711477,-2.239245,2055.748604,209.663376,01:00:00,5.76457,0.99208,5.6706,-13.63583,19.16462,10.26453,2.09641,-0.24135,84.43182,-5.3303,-0.40607,0.412203,90.74466,9.265729,31.487379,4840.047996,88.99966,11.86077,64.64491,201.05367,196.51095,39.644292,1.927521,-5.8878,10.8826,-0.80961,50,5.52708,4.80894,-134.94337,-6.79227,-10.76768,31.61203,-12.27183,SOU_RED,MIA_RED,SEMissouriState,D1,OVC,20260227-SEMissouriState-1,e25d6920-1439-11f1-bd15-e1e313853076,91.44141,11.87422,NA,8.71695,NA,NA,NA,0.15444,2.0124,0.25213,9cb2ba17-931f-41d8-9324-5ddeae6b795a,2026-02-28,00:10:14,2026-02-28T00:10:14Z,2026-02-28T00:10:14Z,LineDrive,v3,471444,471355,270b77465999425caf9e0eadef204240,"Rosario, Moises",10267810,Right,SOU_RED,4986f628-1a39-4f3d-af5a-e5a8e449214e,54.8267,-136.06938,15.80602,5.76124,-6.35515,-6.13591,-0.98773,5.19248,-5.38384,237.160306,0.15447,112.01056,-23.41498,4.80666,-0.59635,-0.15743,0.12692,-0.03537,0.00387,2.01237,21.43444,-11.50789,-0.03824,-0.39793,0.47048,-0.23766,0.06219,-0.00673,0.2521,68.61206,-0.3287,-0.60723,-0.12361,0.31631,-0.17746,0.04791,-0.00526,NA,NA,NA,NA,NA,NA,NA,NA,NA,NA,NA,NA,NA,NA,NA,NA,NA,NA,NA,NA,NA,NA,High,High,High,High,High,NA,NA,NA,NA,NA,NA,NA,NA,NA,NA,NA,NA,NA,NA,NA,NA,NA,NA,NA,NA,NA,NA,NA,NA,NA,NA,NA,NA,NA,NA,NA,NA,NA,NA,NA,NA,NA,NA,NA,NA,NA,NA,NA,NA,NA
NA,NA,NA,NA,NA,NA,NA,NA,NA,NA,NA,NA,NA,NA,NA,NA,318,2026-02-27,18:11:05,5,1,"Johnston, Gavin",1000214547,Right,SOU_RED,"Cruz, Diego",1000178634,Left,MIA_RED,Undefined,9,Top,2,0,0,Fastball,Four-Seam,StrikeCalled,Undefined,Undefined,Undefined,0,0,NA,92.85244,-3.359496,-2.847031,2128.282544,206.956876,01:00:00,5.88487,1.30386,5.58223,-10.25477,23.02198,11.0967,1.88545,-0.4324,83.86989,-5.382172,-0.870538,0.415185,NA,NA,NA,NA,NA,NA,NA,NA,NA,NA,NA,-6.43607,12.97233,-1.06617,50,5.58899,6.15533,-134.29033,-8.12131,-11.63393,31.83208,-8.72507,SOU_RED,MIA_RED,SEMissouriState,D1,OVC,20260227-SEMissouriState-1,0111f9d0-143a-11f1-bd15-e1e313853076,90.78462,NA,NA,8.98255,NA,NA,NA,NA,NA,NA,9cb2ba17-931f-41d8-9324-5ddeae6b795a,2026-02-28,00:11:05,2026-02-28T00:11:05Z,2026-02-28T00:11:05Z,NA,v3,471444,471355,270b77465999425caf9e0eadef204240,"Rosario, Moises",10267810,Right,SOU_RED,690f3ec8-475b-4aac-88a6-2929777397dd,54.91317,-135.44994,15.91604,5.87905,-7.80346,-4.36254,-1.29813,6.57915,-5.81696,NA,NA,NA,NA,NA,NA,NA,NA,NA,NA,NA,NA,NA,NA,NA,NA,NA,NA,NA,NA,NA,NA,NA,NA,NA,NA,NA,NA,NA,NA,NA,NA,NA,NA,NA,NA,NA,NA,NA,NA,NA,NA,NA,NA,NA,NA,NA,NA,NA,NA,High,High,High,NA,NA,NA,NA,NA,NA,NA,NA,NA,NA,NA,NA,NA,NA,NA,NA,NA,NA,NA,NA,NA,NA,NA,NA,NA,NA,NA,NA,NA,NA,NA,NA,NA,NA,NA,NA,NA,NA,NA,NA,NA,NA,NA,NA,NA,NA,NA
NA,NA,NA,NA,NA,NA,NA,NA,NA,NA,NA,NA,NA,NA,NA,NA,319,2026-02-27,18:11:22,5,2,"Johnston, Gavin",1000214547,Right,SOU_RED,"Cruz, Diego",1000178634,Left,MIA_RED,Undefined,9,Top,2,0,1,Slider,Curveball,StrikeCalled,Undefined,Undefined,Undefined,0,0,NA,81.65369,0.249477,0.092751,2637.548802,53.556626,07:45:00,5.70557,1.5637,4.98223,-47.62711,-4.44268,-7.77315,1.97225,1.00353,75.32333,-8.333393,-1.282063,0.472972,NA,NA,NA,NA,NA,NA,NA,NA,NA,NA,NA,3.86473,-1.84209,-1.56605,50,5.69065,0.14333,-118.57003,-1.2964,5.51859,22.02459,-34.80442,SOU_RED,MIA_RED,SEMissouriState,D1,OVC,20260227-SEMissouriState-1,0aee15b0-143a-11f1-bd15-e1e313853076,79.69283,NA,NA,6.33036,NA,NA,NA,NA,NA,NA,9cb2ba17-931f-41d8-9324-5ddeae6b795a,2026-02-28,00:11:22,2026-02-28T00:11:22Z,2026-02-28T00:11:22Z,NA,v3,471444,471355,270b77465999425caf9e0eadef204240,"Rosario, Moises",10267810,Right,SOU_RED,346ad52a-0e3a-4447-96d4-6b960b60defc,55.5179,-119.59059,11.01229,5.71335,0.31635,-17.40221,-1.56677,-0.11239,2.75929,NA,NA,NA,NA,NA,NA,NA,NA,NA,NA,NA,NA,NA,NA,NA,NA,NA,NA,NA,NA,NA,NA,NA,NA,NA,NA,NA,NA,NA,NA,NA,NA,NA,NA,NA,NA,NA,NA,NA,NA,NA,NA,NA,NA,NA,NA,NA,NA,NA,NA,High,High,High,NA,NA,NA,NA,NA,NA,NA,NA,NA,NA,NA,NA,NA,NA,NA,NA,NA,NA,NA,NA,NA,NA,NA,NA,NA,NA,NA,NA,NA,NA,NA,NA,NA,NA,NA,NA,NA,NA,NA,NA,NA,NA,NA,NA,NA,NA,NA
NA,NA,NA,NA,NA,NA,NA,NA,NA,NA,NA,NA,NA,NA,NA,NA,320,2026-02-27,18:11:40,5,3,"Johnston, Gavin",1000214547,Right,SOU_RED,"Cruz, Diego",1000178634,Left,MIA_RED,Undefined,9,Top,2,0,2,Slider,Curveball,StrikeSwinging,Strikeout,Undefined,Undefined,0,0,NA,79.58876,-0.633351,-0.635418,2541.823005,51.276218,07:45:00,5.86905,1.35671,5.31245,-55.61448,-10.2393,-14.60591,0.63999,-0.45688,73.19259,-10.665622,-3.239038,0.48482,NA,NA,NA,NA,NA,NA,NA,NA,NA,NA,NA,7.15756,-4.53945,-1.2881,50,5.77107,1.86567,-115.54257,-3.25875,9.583,23.45674,-38.25176,SOU_RED,MIA_RED,SEMissouriState,D1,OVC,20260227-SEMissouriState-1,15f40b90-143a-11f1-bd15-e1e313853076,77.74519,NA,NA,6.39617,NA,NA,NA,NA,NA,NA,9cb2ba17-931f-41d8-9324-5ddeae6b795a,2026-02-28,00:11:40,2026-02-28T00:11:40Z,2026-02-28T00:11:40Z,NA,v3,471444,471355,270b77465999425caf9e0eadef204240,"Rosario, Moises",10267810,Right,SOU_RED,40aea512-7d22-49a6-9ef6-2044d213bbf1,55.18942,-116.59134,11.72837,5.87854,-1.54849,-19.12588,-1.36193,1.4372,4.7915,NA,NA,NA,NA,NA,NA,NA,NA,NA,NA,NA,NA,NA,NA,NA,NA,NA,NA,NA,NA,NA,NA,NA,NA,NA,NA,NA,NA,NA,NA,NA,NA,NA,NA,NA,NA,NA,NA,NA,NA,NA,NA,NA,NA,NA,NA,NA,NA,NA,NA,High,High,High,NA,NA,NA,NA,NA,NA,NA,NA,NA,NA,NA,NA,NA,NA,NA,NA,NA,NA,NA,NA,NA,NA,NA,NA,NA,NA,NA,NA,NA,NA,NA,NA,NA,NA,NA,NA,NA,NA,NA,NA,NA,NA,NA,NA,NA,NA,NA
