player_name,display_name,active,notes,id,pitcher,date,rel_speed,horz_break,induced_vert_break,original_pitch_type,new_pitch_type,new_pitcher,modified_at,pitch_key,created_at,PitchNo,Date,Time,PAofInning,PitchofPA,Pitcher,PitcherId,PitcherThrows,PitcherTeam,Batter,BatterId,BatterSide,BatterTeam,PitcherSet,Inning,Top/Bottom,Outs,Balls,Strikes,TaggedPitchType,AutoPitchType,PitchCall,KorBB,TaggedHitType,PlayResult,OutsOnPlay,RunsScored,Notes,RelSpeed,VertRelAngle,HorzRelAngle,SpinRate,SpinAxis,Tilt,RelHeight,RelSide,Extension,VertBreak,InducedVertBreak,HorzBreak,PlateLocHeight,PlateLocSide,ZoneSpeed,VertApprAngle,HorzApprAngle,ZoneTime,ExitSpeed,Angle,Direction,HitSpinRate,PositionAt110X,PositionAt110Y,PositionAt110Z,Distance,LastTrackedDistance,Bearing,HangTime,pfxx,pfxz,x0,y0,z0,vx0,vy0,vz0,ax0,ay0,az0,HomeTeam,AwayTeam,Stadium,Level,League,GameID,PitchUID,EffectiveVelo,MaxHeight,MeasuredDuration,SpeedDrop,PitchLastMeasuredX,PitchLastMeasuredY,PitchLastMeasuredZ,ContactPositionX,ContactPositionY,ContactPositionZ,GameUID,UTCDate,UTCTime,LocalDateTime,UTCDateTime,AutoHitType,System,HomeTeamForeignID,AwayTeamForeignID,GameForeignID,Catcher,CatcherId,CatcherThrows,CatcherTeam,PlayID,PitchTrajectoryXc0,PitchTrajectoryXc1,PitchTrajectoryXc2,PitchTrajectoryYc0,PitchTrajectoryYc1,PitchTrajectoryYc2,PitchTrajectoryZc0,PitchTrajectoryZc1,PitchTrajectoryZc2,HitSpinAxis,HitTrajectoryXc0,HitTrajectoryXc1,HitTrajectoryXc2,HitTrajectoryXc3,HitTrajectoryXc4,HitTrajectoryXc5,HitTrajectoryXc6,HitTrajectoryXc7,HitTrajectoryXc8,HitTrajectoryYc0,HitTrajectoryYc1,HitTrajectoryYc2,HitTrajectoryYc3,HitTrajectoryYc4,HitTrajectoryYc5,HitTrajectoryYc6,HitTrajectoryYc7,HitTrajectoryYc8,HitTrajectoryZc0,HitTrajectoryZc1,HitTrajectoryZc2,HitTrajectoryZc3,HitTrajectoryZc4,HitTrajectoryZc5,HitTrajectoryZc6,HitTrajectoryZc7,HitTrajectoryZc8,ThrowSpeed,PopTime,ExchangeTime,TimeToBase,CatchPositionX,CatchPositionY,CatchPositionZ,ThrowPositionX,ThrowPositionY,ThrowPositionZ,BasePositionX,BasePositionY,BasePositionZ,ThrowTrajectoryXc0,ThrowTrajectoryXc1,ThrowTrajectoryXc2,ThrowTrajectoryYc0,ThrowTrajectoryYc1,ThrowTrajectoryYc2,ThrowTrajectoryZc0,ThrowTrajectoryZc1,ThrowTrajectoryZc2,PitchReleaseConfidence,PitchLocationConfidence,PitchMovementConfidence,HitLaunchConfidence,HitLandingConfidence,CatcherThrowCatchConfidence,CatcherThrowReleaseConfidence,CatcherThrowLocationConfidence,SpinAxis3dTransverseAngle,SpinAxis3dLongitudinalAngle,SpinAxis3dActiveSpinRate,SpinAxis3dSpinEfficiency,SpinAxis3dTilt,SpinAxis3dVectorX,SpinAxis3dVectorY,SpinAxis3dVectorZ,SpinAxis3dSeamOrientationRotationX,SpinAxis3dSeamOrientationRotationY,SpinAxis3dSeamOrientationRotationZ,SpinAxis3dSeamOrientationBallYAmb1,SpinAxis3dSeamOrientationBallAngleHorizontalAmb1,SpinAxis3dSeamOrientationBallZAmb1,SpinAxis3dSeamOrientationBallAngleVerticalAmb2,SpinAxis3dSeamOrientationBallZAmb2,SpinAxis3dSeamOrientationBallXAmb4,SpinAxis3dSeamOrientationBallYAmb4,SpinAxis3dSeamOrientationBallAngleHorizontalAmb2,SpinAxis3dSeamOrientationBallAngleVerticalAmb1,SpinAxis3dSeamOrientationBallXAmb1,SpinAxis3dSeamOrientationBallYAmb2,SpinAxis3dSeamOrientationBallAngleHorizontalAmb4,SpinAxis3dSeamOrientationBallAngleVerticalAmb4,SpinAxis3dSeamOrientationBallXAmb2,SpinAxis3dSeamOrientationBallAngleVerticalAmb3,SpinAxis3dSeamOrientationBallAngleHorizontalAmb3,SpinAxis3dSeamOrientationBallXAmb3,SpinAxis3dSeamOrientationBallYAmb3,SpinAxis3dSeamOrientationBallZAmb3,SpinAxis3dSeamOrientationBallZAmb4,session_id,play_id,camera_slot,camera_name,camera_target,video_type,azure_blob,azure_md5,cloudinary_url,cloudinary_public_id,uploaded_at
NA,NA,NA,NA,NA,NA,NA,NA,NA,NA,NA,NA,NA,NA,NA,NA,1,2026-01-22,15:16:00,1,1,"Carroll, Andrew",1000138542,Right,SOU_RED,"Klein, Caleb",1000329534,Right,SOU_RED,Undefined,1,Top,0,0,0,Slider,Slider,BallinDirt,Undefined,Undefined,Undefined,0,0,NA,78.98343,-1.140485,-2.38887,2000.643573,96.339172,09:15:00,5.6957700000000004,1.66088,5.36136,-44.47865,2.89465,-8.25174,0.91867,-1.2682,70.46655,-9.304932,-3.855874,0.49538,NA,NA,NA,NA,NA,NA,NA,NA,NA,NA,NA,3.2015,2.47343,-1.44022,50,5.5624,5.09895,-114.10645,-3.77416,4.06839,28.06032,-29.0309,SOU_RED,SOU_RED,SEMissouriState,TeamExclusive,Team,20260122-SEMissouriState-Private-1,8ddd3840-f7d7-11f0-8217-ffa056d3feda,76.088,NA,NA,8.51688,NA,NA,NA,NA,NA,NA,fdc3883b-ec04-4f3d-97e9-3bef6ee70fa8,2026-01-22,21:16:00,2026-01-22T21:16:00Z,2026-01-22T21:16:00Z,NA,v3,471444,471444,NA,"Patterson, Caynen",10080896,Right,SOU_RED,f042d3c7-4762-43de-ba10-3e214d2db1be,55.13171,-115.36151,14.03016,5.70217,-2.4757,-14.51545,-1.66421,4.91699,2.03419,NA,NA,NA,NA,NA,NA,NA,NA,NA,NA,NA,NA,NA,NA,NA,NA,NA,NA,NA,NA,NA,NA,NA,NA,NA,NA,NA,NA,NA,NA,NA,NA,NA,NA,NA,NA,NA,NA,NA,NA,NA,NA,NA,NA,NA,NA,NA,NA,NA,NA,High,High,High,NA,NA,NA,NA,NA,36.760285,75.809912,490.437116,0.24514,07:15:00,-0.963185,0.127383,0.236746,27.713294,-1.68067,37.509519,-0.728213,97.753999,-0.092468,-42.772105,0.092468,-0.679084,0.728213,82.763386,-46.736821,0.679084,-0.679084,-97.753999,46.736821,0.728213,42.772105,-82.763386,-0.728213,0.679084,0.092468,-0.092468,NA,NA,NA,NA,NA,NA,NA,NA,NA,NA,NA
NA,NA,NA,NA,NA,NA,NA,NA,NA,NA,NA,NA,NA,NA,NA,NA,2,2026-01-22,15:16:13,1,2,"Carroll, Andrew",1000138542,Right,SOU_RED,"Klein, Caleb",1000329534,Right,SOU_RED,Undefined,1,Top,0,1,0,Slider,Slider,BallCalled,Undefined,Undefined,Undefined,0,0,NA,79.54996,-1.048817,-1.559822,2110.260397,87.13801,09:00:00,5.75762,1.79614,5.2232,-45.53329,1.64689,-8.25481,0.97665,-0.35859,70.53492,-9.40061,-3.025437,0.494369,NA,NA,NA,NA,NA,NA,NA,NA,NA,NA,NA,3.44043,1.90284,-1.64602,50,5.62792,3.48219,-114.85296,-3.69934,4.40532,29.45975,-29.73757,SOU_RED,SOU_RED,SEMissouriState,TeamExclusive,Team,20260122-SEMissouriState-Private-1,96158f30-f7d7-11f0-8217-ffa056d3feda,76.24354,NA,NA,9.01504,NA,NA,NA,NA,NA,NA,fdc3883b-ec04-4f3d-97e9-3bef6ee70fa8,2026-01-22,21:16:13,2026-01-22T21:16:13Z,2026-01-22T21:16:13Z,NA,v3,471444,471444,NA,"Patterson, Caynen",10080896,Right,SOU_RED,c4a72e39-f255-4943-b013-842c87bad7bb,55.26725,-116.19615,14.72987,5.76567,-2.34348,-14.86878,-1.80021,3.28134,2.20266,NA,NA,NA,NA,NA,NA,NA,NA,NA,NA,NA,NA,NA,NA,NA,NA,NA,NA,NA,NA,NA,NA,NA,NA,NA,NA,NA,NA,NA,NA,NA,NA,NA,NA,NA,NA,NA,NA,NA,NA,NA,NA,NA,NA,NA,NA,NA,NA,NA,NA,High,High,High,NA,NA,NA,NA,NA,35.05693,77.49052,457.084809,0.216601,07:15:00,-0.973185,0.106523,0.203872,41.797814,-16.707248,33.691759,-0.742449,99.647208,-0.112263,-41.332639,0.112263,-0.66043,0.742449,81.401637,-47.940414,0.66043,-0.66043,-99.647208,47.940414,0.742449,41.332639,-81.401637,-0.742449,0.66043,0.112263,-0.112263,NA,NA,NA,NA,NA,NA,NA,NA,NA,NA,NA
NA,NA,NA,NA,NA,NA,NA,NA,NA,NA,NA,NA,NA,NA,NA,NA,3,2026-01-22,15:16:28,1,3,"Carroll, Andrew",1000138542,Right,SOU_RED,"Klein, Caleb",1000329534,Right,SOU_RED,Undefined,1,Top,0,2,0,Fastball,Sinker,InPlay,Undefined,GroundBall,Out,1,0,NA,88.42386,-1.717241,-2.755953,1955.396389,226.758206,01:30:00,5.89507,1.48824,5.53367,-19.01383,17.68296,17.40308,2.70309,0.36044,79.87131,-5.318757,0.343842,0.435999,98.4798,-9.45806,9.832593,NA,NA,NA,NA,18.1896,18.1896,8.38932,0.123282,-9.66398,9.8493,-1.26089,50,5.73361,5.39951,-128.07272,-4.43912,-15.85845,29.4165,-16.01153,SOU_RED,SOU_RED,SEMissouriState,TeamExclusive,Team,20260122-SEMissouriState-Private-1,9ed65000-f7d7-11f0-8217-ffa056d3feda,86.45077,2.70009,NA,8.55255,NA,NA,NA,0.85902,2.70009,-0.38437,fdc3883b-ec04-4f3d-97e9-3bef6ee70fa8,2026-01-22,21:16:28,2026-01-22T21:16:28Z,2026-01-22T21:16:28Z,GroundBall,v3,471444,471444,NA,"Patterson, Caynen",10080896,Right,SOU_RED,77399117-d9a6-4ed1-9d12-d483704fc20b,54.96386,-129.20783,14.70825,5.89298,-3.82129,-8.00576,-1.48105,6.01144,-7.9292299999999996,188.833428,0.85897,140.38532,-11.24344,NA,NA,NA,NA,NA,NA,2.69973,-23.69611,14.60198,NA,NA,NA,NA,NA,NA,-0.38445,24.3387,2.4906,NA,NA,NA,NA,NA,NA,NA,NA,NA,NA,NA,NA,NA,NA,NA,NA,NA,NA,NA,NA,NA,NA,NA,NA,NA,NA,NA,NA,High,High,High,High,High,NA,NA,NA,226.201573,18.97768,1849.111466,0.945645,01:30:00,-0.335717,-0.691986,-0.6391,37.561268,53.659852,82.8574,-0.392858,174.820936,-0.915845,-4.761658,0.915845,-0.083011,0.392858,23.217277,-23.132478,0.083011,-0.083011,-174.820936,23.132478,0.392858,4.761658,-23.217277,-0.392858,0.083011,0.915845,-0.915845,NA,NA,NA,NA,NA,NA,NA,NA,NA,NA,NA
NA,NA,NA,NA,NA,NA,NA,NA,NA,NA,NA,NA,NA,NA,NA,NA,4,2026-01-22,15:16:55,2,1,"Carroll, Andrew",1000138542,Right,SOU_RED,"Klein, Caleb",1000329534,Right,SOU_RED,Undefined,1,Top,1,0,0,Fastball,Sinker,StrikeCalled,Undefined,Undefined,Undefined,0,0,NA,89.40883,-2.577391,-2.789463,2023.566854,229.866842,01:45:00,5.78687,1.7021,5.63958,-18.68355,17.1069,18.75942,1.82103,0.66109,80.82445,-6.114931,0.559149,0.430581,NA,NA,NA,NA,NA,NA,NA,NA,NA,NA,NA,-10.30241,9.83048,-1.47687,50,5.55587,5.46251,-129.42941,-6.41079,-17.27355,29.93627,-15.69177,SOU_RED,SOU_RED,SEMissouriState,TeamExclusive,Team,20260122-SEMissouriState-Private-1,af169f10-f7d7-11f0-8217-ffa056d3feda,87.53854,NA,NA,8.58438,NA,NA,NA,NA,NA,NA,fdc3883b-ec04-4f3d-97e9-3bef6ee70fa8,2026-01-22,21:16:55,2026-01-22T21:16:55Z,2026-01-22T21:16:55Z,NA,v3,471444,471444,NA,"Patterson, Caynen",10080896,Right,SOU_RED,35946427-99f4-41ad-b4a0-fb9c6de89ac2,54.85668,-130.5479,14.96813,5.78444,-5.82451,-7.84589,-1.69302,6.10789,-8.63678,NA,NA,NA,NA,NA,NA,NA,NA,NA,NA,NA,NA,NA,NA,NA,NA,NA,NA,NA,NA,NA,NA,NA,NA,NA,NA,NA,NA,NA,NA,NA,NA,NA,NA,NA,NA,NA,NA,NA,NA,NA,NA,NA,NA,NA,NA,NA,NA,NA,NA,High,High,High,NA,NA,NA,NA,NA,228.618786,13.208341,1970.034711,0.973546,01:30:00,-0.226502,-0.740015,-0.633305,28.683004,53.788298,83.291429,-0.353258,176.266415,-0.93354,-3.492557,0.93354,-0.060919,0.353258,20.726998,-20.686735,0.060919,-0.060919,-176.266415,20.686735,0.353258,3.492557,-20.726998,-0.353258,0.060919,0.93354,-0.93354,NA,NA,NA,NA,NA,NA,NA,NA,NA,NA,NA
NA,NA,NA,NA,NA,NA,NA,NA,NA,NA,NA,NA,NA,NA,NA,NA,5,2026-01-22,15:17:06,2,2,"Carroll, Andrew",1000138542,Right,SOU_RED,"Klein, Caleb",1000329534,Right,SOU_RED,Undefined,1,Top,1,0,1,Fastball,Sinker,BallCalled,Undefined,Undefined,Undefined,0,0,NA,89.78712,-2.748045,-4.596978,2006.306522,235.21237,01:45:00,5.91565,1.50493,5.60994,-19.63757,16.20462,21.35907,1.70391,-1.0152,80.68486,-6.466004,-0.796819,0.430892,NA,NA,NA,NA,NA,NA,NA,NA,NA,NA,NA,-12.21335,9.46827,-1.125,50,5.66753,9.44992,-129.63474,-6.863,-20.44456,31.22219,-16.32462,SOU_RED,SOU_RED,SEMissouriState,TeamExclusive,Team,20260122-SEMissouriState-Private-1,b5a93540-f7d7-11f0-8217-ffa056d3feda,87.47533,NA,NA,9.10226,NA,NA,NA,NA,NA,NA,fdc3883b-ec04-4f3d-97e9-3bef6ee70fa8,2026-01-22,21:17:06,2026-01-22T21:17:06Z,2026-01-22T21:17:06Z,NA,v3,471444,471444,NA,"Patterson, Caynen",10080896,Right,SOU_RED,7ffd475c-12d1-4598-8b4d-ee940f8c1b4d,54.88607,-130.80624,15.6111,5.91355,-6.25047,-8.16231,-1.49397,10.21703,-10.22228,NA,NA,NA,NA,NA,NA,NA,NA,NA,NA,NA,NA,NA,NA,NA,NA,NA,NA,NA,NA,NA,NA,NA,NA,NA,NA,NA,NA,NA,NA,NA,NA,NA,NA,NA,NA,NA,NA,NA,NA,NA,NA,NA,NA,NA,NA,NA,NA,NA,NA,High,High,High,NA,NA,NA,NA,NA,225.382808,15.012418,1937.830696,0.96587,01:30:00,-0.279413,-0.699149,-0.658118,-51.173246,-48.656698,-75.762778,-0.417395,174.176184,-0.904035,-5.290657,0.904035,-0.092208,0.417395,24.782855,-24.670207,0.092208,-0.092208,-174.176184,24.670207,0.417395,5.290657,-24.782855,-0.417395,0.092208,0.904035,-0.904035,NA,NA,NA,NA,NA,NA,NA,NA,NA,NA,NA
NA,NA,NA,NA,NA,NA,NA,NA,NA,NA,NA,NA,NA,NA,NA,NA,6,2026-01-22,15:17:17,2,3,"Carroll, Andrew",1000138542,Right,SOU_RED,"Klein, Caleb",1000329534,Right,SOU_RED,Undefined,1,Top,1,1,1,ChangeUp,Changeup,BallCalled,Undefined,Undefined,Undefined,0,0,NA,82.99082,0.626303,-2.085767,1587.201411,267.354365,03:00:00,5.79007,1.67209,6.29797,-37.89104,2.31012,20.97533,3.20996,1.49738,75.53498,-6.441626,1.709556,0.456342,NA,NA,NA,NA,NA,NA,NA,NA,NA,NA,NA,-11.46481,1.44685,-1.52807,50,5.81834,3.59074,-120.55263,0.14607,-16.72958,25.27969,-30.06278,SOU_RED,SOU_RED,SEMissouriState,TeamExclusive,Team,20260122-SEMissouriState-Private-1,bc1cd1c0-f7d7-11f0-8217-ffa056d3feda,82.59687,NA,NA,7.45584,NA,NA,NA,NA,NA,NA,fdc3883b-ec04-4f3d-97e9-3bef6ee70fa8,2026-01-22,21:17:17,2026-01-22T21:17:17Z,2026-01-22T21:17:17Z,NA,v3,471444,471444,NA,"Patterson, Caynen",10080896,Right,SOU_RED,e6dd97b9-f7e1-4ff0-8f61-6b179d63b3b4,54.2012,-121.43042,12.63984,5.79514,1.18994,-15.03139,-1.66284,4.17165,-8.36479,NA,NA,NA,NA,NA,NA,NA,NA,NA,NA,NA,NA,NA,NA,NA,NA,NA,NA,NA,NA,NA,NA,NA,NA,NA,NA,NA,NA,NA,NA,NA,NA,NA,NA,NA,NA,NA,NA,NA,NA,NA,NA,NA,NA,NA,NA,NA,NA,NA,NA,High,High,High,NA,NA,NA,NA,NA,251.427041,26.653322,1418.540863,0.893737,02:30:00,-0.467882,-0.842236,-0.267815,74.745394,63.403635,45.535459,0.984322,91.123391,-0.003458,10.156939,0.003458,-0.176345,-0.984322,89.798715,79.841088,0.176345,0.176345,-91.123391,-79.841088,0.984322,-10.156939,-89.798715,-0.984322,-0.176345,0.003458,-0.003458,NA,NA,NA,NA,NA,NA,NA,NA,NA,NA,NA
NA,NA,NA,NA,NA,NA,NA,NA,NA,NA,NA,NA,NA,NA,NA,NA,7,2026-01-22,15:17:31,2,4,"Carroll, Andrew",1000138542,Right,SOU_RED,"Klein, Caleb",1000329534,Right,SOU_RED,Undefined,1,Top,1,2,1,Slider,Slider,StrikeCalled,Undefined,Undefined,Undefined,0,0,NA,79.55629,1.314981,-0.596697,2081.076109,83.340372,08:45:00,5.8245,1.64573,5.2646,-45.81412,0.90776,-8.79658,3.24227,0.35211,70.63312,-7.124005,-2.158084,0.491962,NA,NA,NA,NA,NA,NA,NA,NA,NA,NA,NA,4.11347,0.57996,-1.58456,50,5.91199,1.57404,-115.00254,1.03566,5.32191,28.06427,-31.42369,SOU_RED,SOU_RED,SEMissouriState,TeamExclusive,Team,20260122-SEMissouriState-Private-1,c47274b0-f7d7-11f0-8217-ffa056d3feda,76.6166,NA,NA,8.92317,NA,NA,NA,NA,NA,NA,fdc3883b-ec04-4f3d-97e9-3bef6ee70fa8,2026-01-22,21:17:31,2026-01-22T21:17:31Z,2026-01-22T21:17:31Z,NA,v3,471444,471444,NA,"Patterson, Caynen",10080896,Right,SOU_RED,d8815f45-60fe-44e8-b28e-5c052f559df8,55.22743,-116.2712,14.03213,5.83306,2.45618,-15.71185,-1.65028,1.33345,2.66095,NA,NA,NA,NA,NA,NA,NA,NA,NA,NA,NA,NA,NA,NA,NA,NA,NA,NA,NA,NA,NA,NA,NA,NA,NA,NA,NA,NA,NA,NA,NA,NA,NA,NA,NA,NA,NA,NA,NA,NA,NA,NA,NA,NA,NA,NA,NA,NA,NA,NA,High,High,High,NA,NA,NA,NA,NA,35.702137,75.190645,531.930587,0.255604,07:15:00,-0.96089,0.17131,0.217585,24.762722,-1.6748,34.096686,-0.717776,95.674443,-0.068845,-43.857112,0.068845,-0.692862,0.717776,84.521294,-45.871161,0.692862,-0.692862,-95.674443,45.871161,0.717776,43.857112,-84.521294,-0.717776,0.692862,0.068845,-0.068845,NA,NA,NA,NA,NA,NA,NA,NA,NA,NA,NA
NA,NA,NA,NA,NA,NA,NA,NA,NA,NA,NA,NA,NA,NA,NA,NA,8,2026-01-22,15:17:44,2,5,"Carroll, Andrew",1000138542,Right,SOU_RED,"Klein, Caleb",1000329534,Right,SOU_RED,Undefined,1,Top,1,2,2,Slider,Slider,FoulBallNotFieldable,Undefined,Undefined,Undefined,0,0,NA,80.24874,-0.416992,-0.780166,2062.331832,187.977553,12:15:00,5.75403,1.8491,5.35171,-37.90356,8.00725,0.84595,2.20426,1.18783,71.06823,-7.458488,-0.6297,0.487673,64.44206,33.29327,-152.866336,4305.032072,NA,NA,NA,NA,35.72808,NA,NA,-0.72339,4.75059,-1.77953,50,5.6904,1.54333,-115.97496,-2.10979,-0.94855,29.20481,-25.94484,SOU_RED,SOU_RED,SEMissouriState,TeamExclusive,Team,20260122-SEMissouriState-Private-1,cbe7a2b0-f7d7-11f0-8217-ffa056d3feda,77.29035,20.29669,NA,9.18051,NA,NA,NA,1.45319,2.07649,-1.01082,fdc3883b-ec04-4f3d-97e9-3bef6ee70fa8,2026-01-22,21:17:44,2026-01-22T21:17:44Z,2026-01-22T21:17:44Z,NA,v3,471444,471444,NA,"Patterson, Caynen",10080896,Right,SOU_RED,81b966a0-c692-4d9c-a129-0b2c9fab6927,55.13894,-117.26191,14.60241,5.75818,-0.9665,-12.97242,-1.84845,1.58513,-0.47427,36.525905,1.46105,-70.53204,3.89816,NA,NA,NA,NA,NA,NA,2.10271,51.15247,-28.36731,NA,NA,NA,NA,NA,NA,-1.02529,-35.62811,9.77882,NA,NA,NA,NA,NA,NA,NA,NA,NA,NA,NA,NA,NA,NA,NA,NA,NA,NA,NA,NA,NA,NA,NA,NA,NA,NA,NA,NA,High,High,High,High,Undefined,NA,NA,NA,37.738826,76.765165,472.15591,0.228943,07:15:00,-0.971878,0.133039,0.194301,24.140065,-23.146943,40.583776,-0.52275,96.504108,-0.096565,-57.886759,0.096565,-0.846999,0.52275,79.534034,-31.51691,0.846999,-0.846999,-96.504108,31.51691,0.52275,57.886759,-79.534034,-0.52275,0.846999,0.096565,-0.096565,NA,NA,NA,NA,NA,NA,NA,NA,NA,NA,NA
NA,NA,NA,NA,NA,NA,NA,NA,NA,NA,NA,NA,NA,NA,NA,NA,9,2026-01-22,15:18:04,2,6,"Carroll, Andrew",1000138542,Right,SOU_RED,"Klein, Caleb",1000329534,Right,SOU_RED,Undefined,1,Top,1,2,2,Fastball,Sinker,BallCalled,Undefined,Undefined,Undefined,0,0,NA,88.98698,-0.840048,-4.173797,2002.958636,228.70878,01:30:00,5.94888,1.36936,5.4897,-21.34777,15.6854,16.11237,3.38189,-1.19944,78.86515,-4.89788,-1.313435,0.437993,NA,NA,NA,NA,NA,NA,NA,NA,NA,NA,NA,-9.52847,8.60512,-1.01414,50,5.8613,8.61901,-128.42542,-2.57143,-15.44981,33.81477,-18.22139,SOU_RED,SOU_RED,SEMissouriState,TeamExclusive,Team,20260122-SEMissouriState-Private-1,d803c380-f7d7-11f0-8217-ffa056d3feda,86.05726,NA,NA,10.12182,NA,NA,NA,NA,NA,NA,fdc3883b-ec04-4f3d-97e9-3bef6ee70fa8,2026-01-22,21:18:04,2026-01-22T21:18:04Z,2026-01-22T21:18:04Z,NA,v3,471444,471444,NA,"Patterson, Caynen",10080896,Right,SOU_RED,b1eaee76-990a-4452-baed-a36276594e12,55.00231,-129.73586,16.90739,5.94726,-1.8653,-9.1107,-1.35975,9.21774,-7.72491,NA,NA,NA,NA,NA,NA,NA,NA,NA,NA,NA,NA,NA,NA,NA,NA,NA,NA,NA,NA,NA,NA,NA,NA,NA,NA,NA,NA,NA,NA,NA,NA,NA,NA,NA,NA,NA,NA,NA,NA,NA,NA,NA,NA,NA,NA,NA,NA,NA,NA,High,High,High,NA,NA,NA,NA,NA,224.701575,21.356329,1865.422791,0.931334,01:30:00,-0.401763,-0.660382,-0.634415,109.94912,29.375235,-41.13798,-0.426089,167.281188,-0.882483,-11.489042,0.882483,-0.199181,0.426089,25.772634,-25.219603,0.199181,-0.199181,-167.281188,25.219603,0.426089,11.489042,-25.772634,-0.426089,0.199181,0.882483,-0.882483,NA,NA,NA,NA,NA,NA,NA,NA,NA,NA,NA
NA,NA,NA,NA,NA,NA,NA,NA,NA,NA,NA,NA,NA,NA,NA,NA,10,2026-01-22,15:18:17,2,7,"Carroll, Andrew",1000138542,Right,SOU_RED,"Klein, Caleb",1000329534,Right,SOU_RED,Undefined,1,Top,1,3,2,ChangeUp,Changeup,FoulBallNotFieldable,Undefined,Undefined,Undefined,0,0,NA,83.17504,-1.287697,-3.485049,1561.043194,249.314186,02:15:00,5.71281,1.83611,6.18054,-32.88962,7.96532,16.95887,1.78049,0.02714,74.78183,-7.456737,-0.427098,0.460038,86.94029,22.134708,50.120357,3926.684195,64.15218,33.4187,89.356,242.89866,112.78521,62.205091,3.047627,-10.02469,4.98937,-1.58127,50,5.59888,6.69323,-120.46127,-3.70064,-14.39954,28.29524,-25.00726,SOU_RED,SOU_RED,SEMissouriState,TeamExclusive,Team,20260122-SEMissouriState-Private-1,dfc93460-f7d7-11f0-8217-ffa056d3feda,81.93331,35.27127,NA,8.39321,NA,NA,NA,3.09546,2.14268,-0.16605,fdc3883b-ec04-4f3d-97e9-3bef6ee70fa8,2026-01-22,21:18:17,2026-01-22T21:18:17Z,2026-01-22T21:18:17Z,LineDrive,v3,471444,471444,NA,"Patterson, Caynen",10080896,Right,SOU_RED,62ef7000-b684-4928-b9bd-ca5a2fbc56ad,54.31723,-121.47112,14.14762,5.71503,-2.80814,-12.50363,-1.82932,7.20714,-7.19977,NA,3.09561,75.72147,-22.87469,5.33764,-0.78529,-0.06971,0.06806,-0.01514,0.00125,2.14262,48.04906,-19.06562,1.50112,-0.39184,0.17033,-0.05567,0.01063,-8.5e-4,-0.16603,90.64212,-8.35895,0.67256,-0.0772,0.05443,-0.0233,0.00437,-3.1e-4,NA,NA,NA,NA,NA,NA,NA,NA,NA,NA,NA,NA,NA,NA,NA,NA,NA,NA,NA,NA,NA,NA,High,High,High,High,Low,NA,NA,NA,249.827507,26.616373,1395.613588,0.894026,02:15:00,-0.44699,-0.849042,-0.281652,-70.86624,-26.067227,50.782018,0.213802,97.489051,-0.127323,75.590996,0.127323,-0.968544,-0.213802,59.225425,12.345247,0.968544,0.968544,-97.489051,-12.345247,0.213802,-75.590996,-59.225425,-0.213802,-0.968544,0.127323,-0.127323,NA,NA,NA,NA,NA,NA,NA,NA,NA,NA,NA
NA,NA,NA,NA,NA,NA,NA,NA,NA,NA,NA,NA,NA,NA,NA,NA,11,2026-01-22,15:18:33,2,8,"Carroll, Andrew",1000138542,Right,SOU_RED,"Klein, Caleb",1000329534,Right,SOU_RED,Undefined,1,Top,1,3,2,ChangeUp,Changeup,StrikeSwinging,Strikeout,Undefined,Undefined,0,0,NA,83.13766,-1.800164,-2.87266,1638.719283,260.771756,02:45:00,5.71763,1.71146,6.04859,-36.30581,4.84382,20.03733,1.02302,0.71966,74.80309,-8.556923,0.738074,0.461694,NA,NA,NA,NA,NA,NA,NA,NA,NA,NA,NA,-11.23942,3.60957,-1.498,50,5.55837,5.24068,-120.38588,-4.94241,-16.10377,28.52879,-27.00231,SOU_RED,SOU_RED,SEMissouriState,TeamExclusive,Team,20260122-SEMissouriState-Private-1,e8fadf70-f7d7-11f0-8217-ffa056d3feda,81.63942,NA,NA,8.33457,NA,NA,NA,NA,NA,NA,fdc3883b-ec04-4f3d-97e9-3bef6ee70fa8,2026-01-22,21:18:33,2026-01-22T21:18:33Z,2026-01-22T21:18:33Z,NA,v3,471444,471444,NA,"Patterson, Caynen",10080896,Right,SOU_RED,72007be7-e21d-4399-a070-d0095310b795,54.44757,-121.43528,14.2644,5.7219,-3.94916,-13.50115,-1.70166,5.83303,-8.05188,NA,NA,NA,NA,NA,NA,NA,NA,NA,NA,NA,NA,NA,NA,NA,NA,NA,NA,NA,NA,NA,NA,NA,NA,NA,NA,NA,NA,72.05228,NA,NA,0.902295,NA,NA,NA,3.37298,5.09127,1.53267,66.28977,4.47976,58.5145,3.43628,78.96543,-10.41887,5.10444,10.64051,-12.58432,1.55728,67.85267,-5.28144,High,High,High,NA,NA,High,High,High,253.161269,20.324346,1536.694961,0.937741,02:30:00,-0.332181,-0.908003,-0.255317,-79.099569,-30.286694,68.92177,0.963439,97.33721,-0.034217,15.410553,0.034217,-0.265734,-0.963439,87.965986,74.459018,0.265734,0.265734,-97.33721,-74.459018,0.963439,-15.410553,-87.965986,-0.963439,-0.265734,0.034217,-0.034217,NA,NA,NA,NA,NA,NA,NA,NA,NA,NA,NA
NA,NA,NA,NA,NA,NA,NA,NA,NA,NA,NA,NA,NA,NA,NA,NA,12,2026-01-22,15:18:58,3,1,"Carroll, Andrew",1000138542,Right,SOU_RED,"Sullivan, Cal",10092054,Right,SOU_RED,Undefined,1,Top,2,0,0,Slider,Slider,InPlay,Undefined,FlyBall,Out,1,0,NA,79.86936,0.291802,-0.911813,1997.518859,99.983804,09:15:00,5.7212,1.82137,5.27347,-44.10644,2.76016,-3.67217,2.31978,0.65885,70.22906,-7.865061,-1.564107,0.492723,92.8282,28.440892,-11.169451,2569.415843,108.42328,53.53688,-18.55529,331.44056,323.68484,-9.071886,4.620159,1.44764,1.8541,-1.73528,50,5.71633,1.99114,-115.32952,-0.93158,1.85995,30.63159,-29.79187,SOU_RED,SOU_RED,SEMissouriState,TeamExclusive,Team,20260122-SEMissouriState-Private-1,f85429e0-f7d7-11f0-8217-ffa056d3feda,76.4982,68.31983,NA,9.6403,NA,NA,NA,1.43377,2.49078,-0.69455,fdc3883b-ec04-4f3d-97e9-3bef6ee70fa8,2026-01-22,21:18:58,2026-01-22T21:18:58Z,2026-01-22T21:18:58Z,FlyBall,v3,471444,471444,NA,"Patterson, Caynen",10080896,Right,SOU_RED,3de5e4db-09e2-4c8a-b079-0c2d93307335,55.21771,-116.70712,15.31579,5.7281,0.40825,-14.89594,-1.82295,1.90749,0.92997,201.690354,1.43771,117.3542,-22.46674,4.71727,-0.395,-0.17291,0.07087,-0.01014,5.2e-4,2.48975,64.85576,-17.20722,0.25731,0.4115,-0.22861,0.07367,-0.01193,7.4e-4,-0.69699,-23.13248,8.87006,-2.95472,0.50961,0.00454,-0.01976,0.00307,-1.4e-4,NA,NA,NA,NA,NA,NA,NA,NA,NA,NA,NA,NA,NA,NA,NA,NA,NA,NA,NA,NA,NA,NA,High,High,High,High,High,NA,NA,NA,42.456894,74.766337,524.860284,0.262756,07:30:00,-0.960739,0.182281,0.209173,27.38142,-18.384113,33.679307,-0.596959,94.040126,-0.056524,-53.15666,0.056524,-0.800278,0.596959,84.590975,-36.652414,0.800278,-0.800278,-94.040126,36.652414,0.596959,53.15666,-84.590975,-0.596959,0.800278,0.056524,-0.056524,NA,NA,NA,NA,NA,NA,NA,NA,NA,NA,NA
NA,NA,NA,NA,NA,NA,NA,NA,NA,NA,NA,NA,NA,NA,NA,NA,13,2026-01-22,15:24:08,1,1,"Pennington, Mason",10062091,Right,SOU_RED,"Shakotko, Demitri",1000332439,Left,SOU_RED,Undefined,1,Bottom,0,0,0,Fastball,Four-Seam,StrikeCalled,Undefined,Undefined,Undefined,0,0,NA,89.64006,-4.022621,-2.357028,2109.218175,196.968138,12:30:00,6.56941,1.17793,6.6097,-12.53257,22.16111,6.34819,1.83132,-0.45319,80.3873,-6.513077,-1.203477,0.423932,NA,NA,NA,NA,NA,NA,NA,NA,NA,NA,NA,-4.08705,13.32741,-1.01957,50,6.28911,5.07722,-129.66877,-9.34505,-6.8111,32.47101,-9.96378,SOU_RED,SOU_RED,SEMissouriState,TeamExclusive,Team,20260122-SEMissouriState-Private-1,b12390a0-f7d8-11f0-8217-ffa056d3feda,88.91144,NA,NA,9.25276,NA,NA,NA,NA,NA,NA,fdc3883b-ec04-4f3d-97e9-3bef6ee70fa8,2026-01-22,21:24:08,2026-01-22T21:24:08Z,2026-01-22T21:24:08Z,NA,v3,471444,471444,NA,"Sims, Tank",10135104,Right,SOU_RED,9f914cda-2bad-40fd-a564-da2e0c67e283,53.88304,-130.63753,16.23551,6.56348,-9.0477900000000009,-4.98189,-1.17408,5.28042,-3.40555,NA,NA,NA,NA,NA,NA,NA,NA,NA,NA,NA,NA,NA,NA,NA,NA,NA,NA,NA,NA,NA,NA,NA,NA,NA,NA,NA,NA,NA,NA,NA,NA,NA,NA,NA,NA,NA,NA,NA,NA,NA,NA,NA,NA,NA,NA,NA,NA,NA,NA,High,High,High,NA,NA,NA,NA,NA,203.611806,23.067846,1940.568322,0.920042,12:45:00,-0.399366,-0.39509,-0.827291,-38.202997,2.732065,-57.147344,0.075583,171.081981,-0.985085,8.892302,0.985085,-0.154578,-0.075583,4.387579,4.334742,0.154578,0.154578,-171.081981,-4.334742,0.075583,-8.892302,-4.387579,-0.075583,-0.154578,0.985085,-0.985085,NA,NA,NA,NA,NA,NA,NA,NA,NA,NA,NA
NA,NA,NA,NA,NA,NA,NA,NA,NA,NA,NA,NA,NA,NA,NA,NA,14,2026-01-22,15:24:22,1,2,"Pennington, Mason",10062091,Right,SOU_RED,"Shakotko, Demitri",1000332439,Left,SOU_RED,Undefined,1,Bottom,0,0,1,Fastball,Four-Seam,InPlay,Undefined,Popup,Out,1,0,NA,89.73748,-2.509955,-1.700976,2152.846906,193.303959,12:30:00,6.58747,1.24056,6.5818,-12.15682,22.36647,4.97492,3.2717,0.09584,80.39925,-4.9411,-0.796981,0.42289,73.5806,58.886812,-11.998741,NA,103.45895,107.85592,-37.36636,171.66766,170.93519,-22.109242,5.318704,-3.20248,12.99887,-1.12593,50,6.40994,3.66872,-130.10427,-5.93122,-5.36547,33.03338,-10.39572,SOU_RED,SOU_RED,SEMissouriState,TeamExclusive,Team,20260122-SEMissouriState-Private-1,b98cbb90-f7d8-11f0-8217-ffa056d3feda,89.13058,112.38522,NA,9.33823,NA,NA,NA,1.31797,3.46674,-0.12737,fdc3883b-ec04-4f3d-97e9-3bef6ee70fa8,2026-01-22,21:24:22,2026-01-22T21:24:22Z,2026-01-22T21:24:22Z,Popup,v3,471444,471444,NA,"Sims, Tank",10135104,Right,SOU_RED,eb9f09ff-a70f-4123-aa9e-e496fd64b83e,53.91418,-131.09432,16.51669,6.58304,-5.61965,-5.19786,-1.23829,3.82952,-2.68274,169.694122,1.31226,54.62796,-15.85617,5.1468,-1.14921,0.15163,-8.8e-4,-0.00252,2.2e-4,3.43892,92.94258,-25.53924,5.46598,-2.90953,1.12966,-0.25132,0.02852,-0.00128,-0.1261,-11.6183,-0.06142,-0.10549,0.09922,-0.04508,0.01047,-0.00119,5e-5,NA,NA,NA,NA,NA,NA,NA,NA,NA,NA,NA,NA,NA,NA,NA,NA,NA,NA,NA,NA,NA,NA,High,High,High,High,Medium,NA,NA,NA,204.652478,22.434632,1989.909832,0.924316,12:45:00,-0.389154,-0.401887,-0.828882,-42.248295,18.017181,-68.543965,0.105165,151.371641,-0.872879,28.455071,0.872879,-0.476469,-0.105165,6.869947,6.036696,0.476469,0.476469,-151.371641,-6.036696,0.105165,-28.455071,-6.869947,-0.105165,-0.476469,0.872879,-0.872879,NA,NA,NA,NA,NA,NA,NA,NA,NA,NA,NA
NA,NA,NA,NA,NA,NA,NA,NA,NA,NA,NA,NA,NA,NA,NA,NA,15,2026-01-22,15:24:50,2,1,"Pennington, Mason",10062091,Right,SOU_RED,"Ramirez, Andrew",10063875,Right,SOU_RED,Undefined,1,Bottom,1,0,0,Fastball,Four-Seam,BallCalled,Undefined,Undefined,Undefined,0,0,NA,89.76579,-2.791731,-3.264041,2083.771151,211.316344,01:00:00,6.45327,1.04383,6.94053,-16.21162,17.80651,10.0528,2.55519,-1.0925,80.71069,-5.965278,-1.427213,0.419785,NA,NA,NA,NA,NA,NA,NA,NA,NA,NA,NA,-6.38461,10.75091,-0.84295,50,6.27285,7.03051,-130.05516,-6.69782,-10.72724,32.11489,-14.11064,SOU_RED,SOU_RED,SEMissouriState,TeamExclusive,Team,20260122-SEMissouriState-Private-1,ca2f4ee0-f7d8-11f0-8217-ffa056d3feda,89.78993,NA,NA,9.05511,NA,NA,NA,NA,NA,NA,fdc3883b-ec04-4f3d-97e9-3bef6ee70fa8,2026-01-22,21:24:50,2026-01-22T21:24:50Z,2026-01-22T21:24:50Z,NA,v3,471444,471444,NA,"Sims, Tank",10135104,Right,SOU_RED,b2c46ea6-7c58-4e00-9e31-cbce6632c682,53.55407,-130.92983,16.05744,6.45004,-6.3135,-7.05532,-1.03841,7.32267,-5.36362,NA,NA,NA,NA,NA,NA,NA,NA,NA,NA,NA,NA,NA,NA,NA,NA,NA,NA,NA,NA,NA,NA,NA,NA,NA,NA,NA,NA,NA,NA,NA,NA,NA,NA,NA,NA,NA,NA,NA,NA,NA,NA,NA,NA,NA,NA,NA,NA,NA,NA,High,High,High,NA,NA,NA,NA,NA,201.641069,27.955057,1840.627517,0.883316,12:45:00,-0.498371,-0.348204,-0.793965,-41.870298,-7.780888,-89.940724,0.185454,166.027246,-0.953577,13.725577,0.953577,-0.237272,-0.185454,11.005652,10.687614,0.237272,0.237272,-166.027246,-10.687614,0.185454,-13.725577,-11.005652,-0.185454,-0.237272,0.953577,-0.953577,NA,NA,NA,NA,NA,NA,NA,NA,NA,NA,NA
NA,NA,NA,NA,NA,NA,NA,NA,NA,NA,NA,NA,NA,NA,NA,NA,16,2026-01-22,15:25:06,2,2,"Pennington, Mason",10062091,Right,SOU_RED,"Ramirez, Andrew",10063875,Right,SOU_RED,Undefined,1,Bottom,1,1,0,Fastball,Four-Seam,FoulBallNotFieldable,Undefined,Undefined,Undefined,0,0,NA,89.35482,-2.680793,-2.635788,2089.780113,206.805619,01:00:00,6.51918,1.06203,6.66752,-14.47335,20.27702,9.56768,2.85591,-0.55395,80.08538,-5.535828,-0.895461,0.424279,NA,NA,NA,NA,NA,NA,NA,NA,NA,NA,NA,-5.92004,11.96509,-0.88858,50,6.33298,5.58428,-129.46119,-6.36801,-9.82567,32.58195,-12.31525,SOU_RED,SOU_RED,SEMissouriState,TeamExclusive,Team,20260122-SEMissouriState-Private-1,d3846070-f7d8-11f0-8217-ffa056d3feda,88.83889,NA,NA,9.26944,NA,NA,NA,NA,NA,NA,fdc3883b-ec04-4f3d-97e9-3bef6ee70fa8,2026-01-22,21:25:06,2026-01-22T21:25:06Z,2026-01-22T21:25:06Z,NA,v3,471444,471444,NA,"Sims, Tank",10135104,Right,SOU_RED,5c766d4e-2c82-490b-b516-c476512a2069,53.82758,-130.42093,16.29097,6.51522,-6.00525,-6.15763,-1.05733,5.87371,-4.91283,NA,NA,NA,NA,NA,NA,NA,NA,NA,NA,NA,NA,NA,NA,NA,NA,NA,NA,NA,NA,NA,NA,NA,NA,NA,NA,NA,NA,NA,NA,NA,NA,NA,NA,NA,NA,NA,NA,NA,NA,NA,NA,NA,NA,NA,NA,NA,NA,NA,NA,High,High,High,NA,NA,NA,NA,NA,206.227903,21.881942,1939.219322,0.927954,12:45:00,-0.391013,-0.427085,-0.815296,-32.649839,-2.49938,-65.855317,-0.002944,168.84758,-0.981112,-11.152371,0.981112,-0.193419,0.002944,0.171944,-0.168697,0.193419,-0.193419,-168.84758,0.168697,0.002944,11.152371,-0.171944,-0.002944,0.193419,0.981112,-0.981112,NA,NA,NA,NA,NA,NA,NA,NA,NA,NA,NA
NA,NA,NA,NA,NA,NA,NA,NA,NA,NA,NA,NA,NA,NA,NA,NA,17,2026-01-22,15:25:24,2,3,"Pennington, Mason",10062091,Right,SOU_RED,"Ramirez, Andrew",10063875,Right,SOU_RED,Undefined,1,Bottom,1,1,1,Slider,Changeup,BallCalled,Undefined,Undefined,Undefined,0,0,NA,81.62106,-2.899275,-4.385917,2080.821685,234.093025,01:45:00,6.25781,1.44024,7.05934,-26.80147,14.58068,17.82076,1.38153,-1.06535,73.04719,-8.061552,-1.123972,0.462997,NA,NA,NA,NA,NA,NA,NA,NA,NA,NA,NA,-10.96623,9.31449,-1.17943,50,6.07405,8.43044,-118.04286,-6.60451,-15.05245,28.16103,-19.3888,SOU_RED,SOU_RED,SEMissouriState,TeamExclusive,Team,20260122-SEMissouriState-Private-1,dde95b60-f7d8-11f0-8217-ffa056d3feda,81.40974,NA,NA,8.57387,NA,NA,NA,NA,NA,NA,fdc3883b-ec04-4f3d-97e9-3bef6ee70fa8,2026-01-22,21:25:24,2026-01-22T21:25:24Z,2026-01-22T21:25:24Z,NA,v3,471444,471444,NA,"Sims, Tank",10135104,Right,SOU_RED,091a6fff-c6be-4b67-8941-8bdd06a9c2f5,53.43434,-118.85936,14.08052,6.25739,-6.04236,-9.6944,-1.43018,8.86687,-7.52623,NA,NA,NA,NA,NA,NA,NA,NA,NA,NA,NA,NA,NA,NA,NA,NA,NA,NA,NA,NA,NA,NA,NA,NA,NA,NA,NA,NA,NA,NA,NA,NA,NA,NA,NA,NA,NA,NA,NA,NA,NA,NA,NA,NA,NA,NA,NA,NA,NA,NA,High,High,High,NA,NA,NA,NA,NA,235.288902,-19.936681,1956.118086,0.94007,01:45:00,0.337583,-0.754533,-0.562777,10.130703,-37.796772,-63.199443,-0.205263,161.681003,-0.929107,-17.915537,0.929107,-0.307615,0.205263,12.457947,-11.844883,0.307615,-0.307615,-161.681003,11.844883,0.205263,17.915537,-12.457947,-0.205263,0.307615,0.929107,-0.929107,NA,NA,NA,NA,NA,NA,NA,NA,NA,NA,NA
NA,NA,NA,NA,NA,NA,NA,NA,NA,NA,NA,NA,NA,NA,NA,NA,18,2026-01-22,15:26:03,2,4,"Pennington, Mason",10062091,Right,SOU_RED,"Ramirez, Andrew",10063875,Right,SOU_RED,Undefined,1,Bottom,1,2,1,Fastball,Four-Seam,BallCalled,Undefined,Undefined,Undefined,0,0,NA,90.15506,-1.945563,-0.832452,2046.133407,196.490528,12:30:00,6.5366,1.44793,6.57671,-12.49875,22.12568,6.11666,3.71101,1.19463,79.71014,-4.469436,0.279548,0.423509,NA,NA,NA,NA,NA,NA,NA,NA,NA,NA,NA,-3.46725,12.65827,-1.39278,50,6.39702,1.63803,-130.56314,-4.63773,-5.77713,36.37667,-11.08281,SOU_RED,SOU_RED,SEMissouriState,TeamExclusive,Team,20260122-SEMissouriState-Private-1,f53cbb40-f7d8-11f0-8217-ffa056d3feda,89.00035,NA,NA,10.44492,NA,NA,NA,NA,NA,NA,fdc3883b-ec04-4f3d-97e9-3bef6ee70fa8,2026-01-22,21:26:03,2026-01-22T21:26:03Z,2026-01-22T21:26:03Z,NA,v3,471444,471444,NA,"Sims, Tank",10135104,Right,SOU_RED,2fe75706-ba5e-4f4a-a295-33838ad341fb,53.91318,-131.64889,18.18834,6.53051,-4.30693,-5.5414,-1.44424,1.81047,-2.88856,NA,NA,NA,NA,NA,NA,NA,NA,NA,NA,NA,NA,NA,NA,NA,NA,NA,NA,NA,NA,NA,NA,NA,NA,NA,NA,NA,NA,NA,NA,NA,NA,NA,NA,NA,NA,NA,NA,NA,NA,NA,NA,NA,NA,NA,NA,NA,NA,NA,NA,High,High,High,NA,NA,NA,NA,NA,210.011047,20.516923,1916.344533,0.936569,01:00:00,-0.346126,-0.48007,-0.806058,-31.527112,1.85584,-60.036645,-0.042484,164.350433,-0.96206,-15.635076,0.96206,-0.269509,0.042484,2.528488,-2.434871,0.269509,-0.269509,-164.350433,2.434871,0.042484,15.635076,-2.528488,-0.042484,0.269509,0.96206,-0.96206,NA,NA,NA,NA,NA,NA,NA,NA,NA,NA,NA
NA,NA,NA,NA,NA,NA,NA,NA,NA,NA,NA,NA,NA,NA,NA,NA,19,2026-01-22,15:26:17,2,5,"Pennington, Mason",10062091,Right,SOU_RED,"Ramirez, Andrew",10063875,Right,SOU_RED,Undefined,1,Bottom,1,3,1,Slider,Curveball,StrikeCalled,Undefined,Undefined,Undefined,0,0,NA,80.12235,1.04636,-0.754081,2000.146966,46.58073,07:30:00,6.37507,1.31827,6.11363,-51.4757,-7.10709,-9.3593,3.0531,-0.15894,71.72443,-8.4988,-2.443877,0.479412,NA,NA,NA,NA,NA,NA,NA,NA,NA,NA,NA,4.47461,-3.37819,-1.25611,50,6.43011,1.89664,-116.13107,0.44671,5.92232,27.99127,-36.64521,SOU_RED,SOU_RED,SEMissouriState,TeamExclusive,Team,20260122-SEMissouriState-Private-1,fdf5daf0-f7d8-11f0-8217-ffa056d3feda,78.62216,NA,NA,8.39793,NA,NA,NA,NA,NA,NA,fdc3883b-ec04-4f3d-97e9-3bef6ee70fa8,2026-01-22,21:26:17,2026-01-22T21:26:17Z,2026-01-22T21:26:17Z,NA,v3,471444,471444,NA,"Sims, Tank",10135104,Right,SOU_RED,91b71f26-e5c0-4240-b64b-8ae8ce0b8a57,54.38127,-117.18234,13.99564,6.38749,1.82299,-18.32261,-1.32317,1.67422,2.96116,NA,NA,NA,NA,NA,NA,NA,NA,NA,NA,NA,NA,NA,NA,NA,NA,NA,NA,NA,NA,NA,NA,NA,NA,NA,NA,NA,NA,NA,NA,NA,NA,NA,NA,NA,NA,NA,NA,NA,NA,NA,NA,NA,NA,NA,NA,NA,NA,NA,NA,High,High,High,NA,NA,NA,NA,NA,46.974533,68.122614,745.297858,0.372622,07:30:00,-0.919428,0.289306,0.266372,70.670225,-29.867606,47.781707,-0.697699,162.402181,-0.68286500000000006,-12.508763,0.68286500000000006,-0.216589,0.697699,45.615631,-44.242724,0.216589,-0.216589,-162.402181,44.242724,0.697699,12.508763,-45.615631,-0.697699,0.216589,0.68286500000000006,-0.68286500000000006,NA,NA,NA,NA,NA,NA,NA,NA,NA,NA,NA
NA,NA,NA,NA,NA,NA,NA,NA,NA,NA,NA,NA,NA,NA,NA,NA,20,2026-01-22,15:26:30,2,6,"Pennington, Mason",10062091,Right,SOU_RED,"Ramirez, Andrew",10063875,Right,SOU_RED,Undefined,1,Bottom,1,3,2,Slider,Curveball,BallCalled,Walk,Undefined,Undefined,0,0,NA,79.72148,2.638155,0.906795,2012.107113,36.242971,07:15:00,6.39237,1.37349,5.85913,-52.68747,-7.59815,-6.8328,4.45476,1.64662,71.38058,-7.095823,-0.319283,0.48329,NA,NA,NA,NA,NA,NA,NA,NA,NA,NA,NA,3.74902,-4.12886,-1.44334,50,6.57715,-1.55087,-115.44887,3.54364,4.93473,26.44555,-37.60875,SOU_RED,SOU_RED,SEMissouriState,TeamExclusive,Team,20260122-SEMissouriState-Private-1,05be0af0-f7d9-11f0-8217-ffa056d3feda,77.99127,NA,NA,8.3409,NA,NA,NA,NA,NA,NA,fdc3883b-ec04-4f3d-97e9-3bef6ee70fa8,2026-01-22,21:26:30,2026-01-22T21:26:30Z,2026-01-22T21:26:30Z,NA,v3,471444,471444,NA,"Sims, Tank",10135104,Right,SOU_RED,827f7080-d27c-47b6-b88b-d877a5b829a3,54.63638,-116.50607,13.22278,6.40544,5.0471,-18.80438,-1.3774,-1.74814,2.46737,NA,NA,NA,NA,NA,NA,NA,NA,NA,NA,NA,NA,NA,NA,NA,NA,NA,NA,NA,NA,NA,NA,NA,NA,NA,NA,NA,NA,NA,NA,NA,NA,NA,NA,NA,NA,NA,NA,NA,NA,NA,NA,NA,NA,NA,NA,NA,NA,NA,NA,High,High,High,NA,NA,NA,NA,NA,41.888444,65.615333,830.719948,0.412861,07:30:00,-0.901893,0.31729,0.293116,84.641036,-37.371914,40.303317,-0.600634,165.119485,-0.772711,-11.848295,0.772711,-0.205321,0.600634,37.858203,-36.915327,0.205321,-0.205321,-165.119485,36.915327,0.600634,11.848295,-37.858203,-0.600634,0.205321,0.772711,-0.772711,NA,NA,NA,NA,NA,NA,NA,NA,NA,NA,NA
NA,NA,NA,NA,NA,NA,NA,NA,NA,NA,NA,NA,NA,NA,NA,NA,21,2026-01-22,15:27:01,3,1,"Pennington, Mason",10062091,Right,SOU_RED,"Terranova, Joe",1000272666,Right,SOU_RED,Undefined,1,Bottom,1,0,0,Fastball,Four-Seam,FoulBallNotFieldable,Undefined,Undefined,Undefined,0,0,NA,88.23468,-2.520583,-2.457015,2047.812999,193.921384,12:30:00,6.52454,1.11846,7.00805,-14.1204,21.10525,4.89063,3.05305,-0.70878,78.95681,-5.33591,-1.561723,0.42717,NA,NA,NA,NA,NA,NA,NA,NA,NA,NA,NA,-3.47032,12.53788,-0.96962,50,6.36501,5.311,-127.93289,-5.88678,-5.60795,32.52775,-11.91317,SOU_RED,SOU_RED,SEMissouriState,TeamExclusive,Team,20260122-SEMissouriState-Private-1,184033b0-f7d9-11f0-8217-ffa056d3feda,88.23753,NA,NA,9.27787,NA,NA,NA,NA,NA,NA,fdc3883b-ec04-4f3d-97e9-3bef6ee70fa8,2026-01-22,21:27:01,2026-01-22T21:27:01Z,2026-01-22T21:27:01Z,NA,v3,471444,471444,NA,"Sims, Tank",10135104,Right,SOU_RED,3dd74a75-fde4-4a4f-bac6-824640311d3f,53.48727,-128.8165,16.26388,6.52053,-5.56316,-5.95659,-1.11596,5.46334,-2.80398,NA,NA,NA,NA,NA,NA,NA,NA,NA,NA,NA,NA,NA,NA,NA,NA,NA,NA,NA,NA,NA,NA,NA,NA,NA,NA,NA,NA,NA,NA,NA,NA,NA,NA,NA,NA,NA,NA,NA,NA,NA,NA,NA,NA,NA,NA,NA,NA,NA,NA,High,High,High,NA,NA,NA,NA,NA,205.201918,28.196333,1804.806595,0.881334,12:45:00,-0.4893,-0.395697,-0.77718,34.901526,20.822906,80.79625,0.166802,170.537054,-0.972573,9.32918,0.972573,-0.162106,-0.166802,9.731906,9.601958,0.162106,0.162106,-170.537054,-9.601958,0.166802,-9.32918,-9.731906,-0.166802,-0.162106,0.972573,-0.972573,NA,NA,NA,NA,NA,NA,NA,NA,NA,NA,NA
NA,NA,NA,NA,NA,NA,NA,NA,NA,NA,NA,NA,NA,NA,NA,NA,22,2026-01-22,15:27:26,3,2,"Pennington, Mason",10062091,Right,SOU_RED,"Terranova, Joe",1000272666,Right,SOU_RED,Undefined,1,Bottom,1,0,1,Curveball,Changeup,InPlay,Undefined,GroundBall,Double,0,0,NA,80.55655,-1.90155,-2.631749,2022.625612,232.588503,01:45:00,6.27089,1.44977,6.86048,-27.64671,14.75792,17.1617,2.23113,0.47919,72.43374,-7.20468,0.505271,0.468682,103.89886,-2.34436,-40.372317,NA,NA,NA,NA,36.7676,34.45218,-40.129817,0.238934,-10.02012,8.96229,-1.28739,50,6.13969,4.78917,-116.84285,-4.53749,-13.52944,26.79589,-20.0729,SOU_RED,SOU_RED,SEMissouriState,TeamExclusive,Team,20260122-SEMissouriState-Private-1,26bc3d80-f7d9-11f0-8217-ffa056d3feda,80.42226,2.29507,NA,8.12281,NA,NA,NA,2.11516,2.29507,-0.47955,fdc3883b-ec04-4f3d-97e9-3bef6ee70fa8,2026-01-22,21:27:26,2026-01-22T21:27:26Z,2026-01-22T21:27:26Z,GroundBall,v3,471444,471444,NA,"Sims, Tank",10135104,Right,SOU_RED,87cbc2fd-8cfc-4bfb-ba25-1d7a95a3248c,53.63602,-117.67376,13.39794,6.27074,-3.91505,-10.03645,-1.4424,5.2087,-6.76472,89.701903,2.11965,115.74771,-29.21902,NA,NA,NA,NA,NA,NA,2.29594,-6.2819,-13.93996,NA,NA,NA,NA,NA,NA,-0.47923,-98.6437,6.14483,NA,NA,NA,NA,NA,NA,NA,NA,NA,NA,NA,NA,NA,NA,NA,NA,NA,NA,NA,NA,NA,NA,NA,NA,NA,NA,NA,NA,High,High,High,High,Medium,NA,NA,NA,236.411676,-18.725667,1915.561078,0.947067,02:00:00,0.322616,-0.777851,-0.53932,-2.075848,-30.55952,-51.691332,-0.197599,154.377499,-0.883885,-25.081907,0.883885,-0.423913,0.197599,12.601691,-11.396591,0.423913,-0.423913,-154.377499,11.396591,0.197599,25.081907,-12.601691,-0.197599,0.423913,0.883885,-0.883885,NA,NA,NA,NA,NA,NA,NA,NA,NA,NA,NA
NA,NA,NA,NA,NA,NA,NA,NA,NA,NA,NA,NA,NA,NA,NA,NA,23,2026-01-22,15:28:12,4,1,"Pennington, Mason",10062091,Right,SOU_RED,"Joggerst, Dakota",1000455588,Left,SOU_RED,Undefined,1,Bottom,1,0,0,Slider,Curveball,StrikeSwinging,Undefined,Undefined,Undefined,0,0,NA,80.58865,-0.366897,-1.793575,1983.644297,24.412958,06:45:00,6.26045,1.5778,6.01628,-51.28082,-7.12441,-4.03697,1.64702,-0.42056,72.21549,-9.830379,-2.521546,0.478264,NA,NA,NA,NA,NA,NA,NA,NA,NA,NA,NA,1.37587,-2.89236,-1.43515,50,6.20508,3.81462,-116.72637,-2.43975,1.83476,28.81083,-36.03116,SOU_RED,SOU_RED,SEMissouriState,TeamExclusive,Team,20260122-SEMissouriState-Private-1,42a5ee60-f7d9-11f0-8217-ffa056d3feda,78.81087,NA,NA,8.37316,NA,NA,NA,NA,NA,NA,fdc3883b-ec04-4f3d-97e9-3bef6ee70fa8,2026-01-22,21:28:12,2026-01-22T21:28:12Z,2026-01-22T21:28:12Z,NA,v3,471444,471444,NA,"Sims, Tank",10135104,Right,SOU_RED,87a4a7b2-8f8a-47e7-a3dc-17132912b2b2,54.47855,-117.82659,14.40542,6.27198,-1.06379,-18.01558,-1.57949,3.74455,0.91738,NA,NA,NA,NA,NA,NA,NA,NA,NA,NA,NA,NA,NA,NA,NA,NA,NA,NA,NA,NA,NA,NA,NA,NA,NA,NA,NA,NA,NA,NA,NA,NA,NA,NA,NA,NA,NA,NA,NA,NA,NA,NA,NA,NA,NA,NA,NA,NA,NA,NA,High,High,High,NA,NA,NA,NA,NA,43.723752,70.798073,652.417452,0.328898,07:30:00,-0.937899,0.221277,0.267174,82.841201,-42.950687,39.395536,-0.684753,160.281601,-0.686041,-14.234253,0.686041,-0.245887,0.684753,44.946168,-43.216208,0.245887,-0.245887,-160.281601,43.216208,0.684753,14.234253,-44.946168,-0.684753,0.245887,0.686041,-0.686041,NA,NA,NA,NA,NA,NA,NA,NA,NA,NA,NA
NA,NA,NA,NA,NA,NA,NA,NA,NA,NA,NA,NA,NA,NA,NA,NA,24,2026-01-22,15:28:30,4,2,"Pennington, Mason",10062091,Right,SOU_RED,"Joggerst, Dakota",1000455588,Left,SOU_RED,Undefined,1,Bottom,1,0,1,Slider,Curveball,StrikeCalled,Undefined,Undefined,Undefined,0,0,NA,79.42056,1.252424,-0.814748,1923.957528,53.58712,07:45:00,6.22685,1.42753,6.17421,-49.92022,-5.22142,-9.32158,3.22382,-0.10178,71.5854,-8.011043,-2.498698,0.481193,NA,NA,NA,NA,NA,NA,NA,NA,NA,NA,NA,4.48008,-2.52331,-1.36167,50,6.29752,1.99394,-115.21029,0.94398,5.88505,25.9277,-35.48868,SOU_RED,SOU_RED,SEMissouriState,TeamExclusive,Team,20260122-SEMissouriState-Private-1,4cf4c940-f7d9-11f0-8217-ffa056d3feda,78.33123,NA,NA,7.83517,NA,NA,NA,NA,NA,NA,fdc3883b-ec04-4f3d-97e9-3bef6ee70fa8,2026-01-22,21:28:30,2026-01-22T21:28:30Z,2026-01-22T21:28:30Z,NA,v3,471444,471444,NA,"Sims, Tank",10135104,Right,SOU_RED,63d6fa22-44cc-49fc-997e-f179f0f78c3e,54.32205,-116.17888,12.96385,6.23749,2.26975,-17.74434,-1.43205,1.77409,2.94253,NA,NA,NA,NA,NA,NA,NA,NA,NA,NA,NA,NA,NA,NA,NA,NA,NA,NA,NA,NA,NA,NA,NA,NA,NA,NA,NA,NA,NA,NA,NA,NA,NA,NA,NA,NA,NA,NA,NA,NA,NA,NA,NA,NA,NA,NA,NA,NA,NA,NA,High,High,High,NA,NA,NA,NA,NA,51.830236,67.191433,745.828715,0.387653,07:45:00,-0.911425,0.324842,0.252553,71.883664,-28.797231,45.349642,-0.670311,161.341673,-0.703079,-13.733685,0.703079,-0.237409,0.670311,43.633224,-42.091067,0.237409,-0.237409,-161.341673,42.091067,0.670311,13.733685,-43.633224,-0.670311,0.237409,0.703079,-0.703079,NA,NA,NA,NA,NA,NA,NA,NA,NA,NA,NA
NA,NA,NA,NA,NA,NA,NA,NA,NA,NA,NA,NA,NA,NA,NA,NA,25,2026-01-22,15:28:48,4,3,"Pennington, Mason",10062091,Right,SOU_RED,"Joggerst, Dakota",1000455588,Left,SOU_RED,Undefined,1,Bottom,1,0,2,Fastball,Four-Seam,InPlay,Undefined,GroundBall,Out,1,1,NA,89.67767,-2.154608,-1.635186,1998.429748,212.14238,01:00:00,6.53073,1.41256,6.70822,-16.1521,17.92469,10.50292,3.21318,0.79246,81.10597,-5.295898,0.278952,0.420146,71.82867,-62.875776,27.317903,NA,NA,NA,NA,3.524,3.524,-0.33746,0.034719,-6.0867000000000004,10.51642,-1.3079,50,6.38115,3.32055,-130.20785,-5.28212,-10.30706,30.81722,-14.36578,SOU_RED,SOU_RED,SEMissouriState,TeamExclusive,Team,20260122-SEMissouriState-Private-1,57c53030-f7d9-11f0-8217-ffa056d3feda,89.71262,3.27031,NA,8.57169,NA,NA,NA,2.03553,3.27031,-0.78957,fdc3883b-ec04-4f3d-97e9-3bef6ee70fa8,2026-01-22,21:28:48,2026-01-22T21:28:48Z,2026-01-22T21:28:48Z,GroundBall,v3,471444,471444,NA,"Sims, Tank",10135104,Right,SOU_RED,77c888d2-5fbb-4221-8c31-c288675e7fb6,53.78962,-131.1017,15.40861,6.52831,-4.86544,-7.18289,-1.40855,3.6195,-5.15353,NA,2.03443,42.86997,NA,NA,NA,NA,NA,NA,NA,3.27271,-94.19298,NA,NA,NA,NA,NA,NA,NA,-0.79014,22.14381,NA,NA,NA,NA,NA,NA,NA,NA,NA,NA,NA,NA,NA,NA,NA,NA,NA,NA,NA,NA,NA,NA,NA,NA,NA,NA,NA,NA,NA,High,High,High,Estimated,Estimated,NA,NA,NA,209.836921,27.17372,1777.854943,0.889626,01:00:00,-0.461568,-0.459475,-0.75884,-45.169131,-1.284551,-76.479833,0.151394,161.020064,-0.934733,18.752947,0.934733,-0.321488,-0.151394,9.200031,8.70773,0.321488,0.321488,-161.020064,-8.70773,0.151394,-18.752947,-9.200031,-0.151394,-0.321488,0.934733,-0.934733,NA,NA,NA,NA,NA,NA,NA,NA,NA,NA,NA
NA,NA,NA,NA,NA,NA,NA,NA,NA,NA,NA,NA,NA,NA,NA,NA,26,2026-01-22,15:29:25,5,1,"Pennington, Mason",10062091,Right,SOU_RED,"Patterson, Caynen",10080896,Right,SOU_RED,Undefined,1,Bottom,2,0,0,ChangeUp,Changeup,StrikeSwinging,Undefined,Undefined,Undefined,0,0,NA,80.89977,-1.64304,-2.973719,1941.967017,240.02644,02:00:00,6.23602,1.41099,6.89854,-29.14328,12.77115,19.39328,2.30832,0.31588,72.86042,-7.217089,0.573195,0.465965,NA,NA,NA,NA,NA,NA,NA,NA,NA,NA,NA,-11.20788,7.81556,-1.22857,50,6.12221,5.41837,-117.33722,-4.07838,-15.30152,26.49499,-21.50389,SOU_RED,SOU_RED,SEMissouriState,TeamExclusive,Team,20260122-SEMissouriState-Private-1,6dc07a20-f7d9-11f0-8217-ffa056d3feda,80.89115,NA,NA,8.03935,NA,NA,NA,NA,NA,NA,fdc3883b-ec04-4f3d-97e9-3bef6ee70fa8,2026-01-22,21:29:25,2026-01-22T21:29:25Z,2026-01-22T21:29:25Z,NA,v3,471444,471444,NA,"Sims, Tank",10135104,Right,SOU_RED,bb787645-8c22-4666-81e2-1088804a1162,53.59696,-118.14662,13.24749,6.23677,-3.42145,-10.75194,-1.40124,5.88582,-7.65076,NA,NA,NA,NA,NA,NA,NA,NA,NA,NA,NA,NA,NA,NA,NA,NA,NA,NA,NA,NA,NA,NA,NA,NA,NA,NA,NA,NA,NA,NA,NA,NA,NA,NA,NA,NA,NA,NA,NA,NA,NA,NA,NA,NA,NA,NA,NA,NA,NA,NA,High,High,High,NA,NA,NA,NA,NA,236.736841,-17.982096,1847.107822,0.951153,02:00:00,0.303886,-0.786138,-0.538183,3.884976,-33.870497,-59.611656,-0.196771,156.531632,-0.899347,-22.98293,0.899347,-0.390457,0.196771,12.341442,-11.34819,0.390457,-0.390457,-156.531632,11.34819,0.196771,22.98293,-12.341442,-0.196771,0.390457,0.899347,-0.899347,NA,NA,NA,NA,NA,NA,NA,NA,NA,NA,NA
NA,NA,NA,NA,NA,NA,NA,NA,NA,NA,NA,NA,NA,NA,NA,NA,27,2026-01-22,15:29:42,5,2,"Pennington, Mason",10062091,Right,SOU_RED,"Patterson, Caynen",10080896,Right,SOU_RED,Undefined,1,Bottom,2,0,1,Fastball,Four-Seam,BallCalled,Undefined,Undefined,Undefined,0,0,NA,89.28402,-0.32795,-1.732016,2082.426997,193.05456,12:30:00,6.571,1.24517,6.8304,-12.14406,22.21182,4.85941,5.25973,0.06987,80.15308,-2.770519,-0.844931,0.421864,NA,NA,NA,NA,NA,NA,NA,NA,NA,NA,NA,-3.11421,12.17292,-1.1353,50,6.54438,3.72869,-129.61966,-0.92994,-5.20318,31.6259,-11.8357,SOU_RED,SOU_RED,SEMissouriState,TeamExclusive,Team,20260122-SEMissouriState-Private-1,77f7d560-f7d9-11f0-8217-ffa056d3feda,89.34745,NA,NA,9.13094,NA,NA,NA,NA,NA,NA,fdc3883b-ec04-4f3d-97e9-3bef6ee70fa8,2026-01-22,21:29:42,2026-01-22T21:29:42Z,2026-01-22T21:29:42Z,NA,v3,471444,471444,NA,"Sims, Tank",10135104,Right,SOU_RED,62960c2f-8ce7-4987-888b-93b5709049a5,53.66323,-130.51039,15.81295,6.56588,-0.5966,-5.91785,-1.24238,3.87523,-2.60159,NA,NA,NA,NA,NA,NA,NA,NA,NA,NA,NA,NA,NA,NA,NA,NA,NA,NA,NA,NA,NA,NA,NA,NA,NA,NA,NA,NA,NA,NA,NA,NA,NA,NA,NA,NA,NA,NA,NA,NA,NA,NA,NA,NA,NA,NA,NA,NA,NA,NA,High,High,High,NA,NA,NA,NA,NA,204.162399,35.422616,1696.967842,0.814899,12:45:00,-0.599893,-0.33687,-0.725705,-42.267945,-17.028178,-89.770337,0.087073,173.824801,-0.990422,6.151655,0.990422,-0.10716,-0.087073,5.024264,4.995259,0.10716,0.10716,-173.824801,-4.995259,0.087073,-6.151655,-5.024264,-0.087073,-0.10716,0.990422,-0.990422,NA,NA,NA,NA,NA,NA,NA,NA,NA,NA,NA
NA,NA,NA,NA,NA,NA,NA,NA,NA,NA,NA,NA,NA,NA,NA,NA,28,2026-01-22,15:30:07,5,3,"Pennington, Mason",10062091,Right,SOU_RED,"Patterson, Caynen",10080896,Right,SOU_RED,Undefined,1,Bottom,2,1,1,Fastball,Four-Seam,StrikeCalled,Undefined,Undefined,Undefined,0,0,NA,90.24202,-4.015413,-2.506669,2080.340312,198.944287,12:45:00,6.49811,1.10719,6.94563,-11.74883,21.7573,7.04957,1.85516,-0.58809,81.59395,-6.355944,-1.217682,0.416614,NA,NA,NA,NA,NA,NA,NA,NA,NA,NA,NA,-4.50689,13.16241,-0.95304,50,6.24278,5.45258,-130.73055,-9.37137,-7.69772,30.91882,-9.69284,SOU_RED,SOU_RED,SEMissouriState,TeamExclusive,Team,20260122-SEMissouriState-Private-1,871f3a60-f7d9-11f0-8217-ffa056d3feda,90.47337,NA,NA,8.64808,NA,NA,NA,NA,NA,NA,fdc3883b-ec04-4f3d-97e9-3bef6ee70fa8,2026-01-22,21:30:07,2026-01-22T21:30:07Z,2026-01-22T21:30:07Z,NA,v3,471444,471444,NA,"Sims, Tank",10135104,Right,SOU_RED,29c0ef44-310f-4424-9bbf-a43b5b78c2cf,53.5496,-131.56738000000001,15.45941,6.49287,-9.10903,-4.84642,-1.10344,5.66092,-3.84886,NA,NA,NA,NA,NA,NA,NA,NA,NA,NA,NA,NA,NA,NA,NA,NA,NA,NA,NA,NA,NA,NA,NA,NA,NA,NA,NA,NA,NA,NA,NA,NA,NA,NA,NA,NA,NA,NA,NA,NA,NA,NA,NA,NA,NA,NA,NA,NA,NA,NA,High,High,High,NA,NA,NA,NA,NA,201.716822,30.333733,1795.538302,0.863098,12:45:00,-0.516041,-0.353944,-0.780016,-39.377368,-9.322484,-82.834829,0.088031,170.976962,-0.983791,8.987717,0.983791,-0.156223,-0.088031,5.113306,5.05036,0.156223,0.156223,-170.976962,-5.05036,0.088031,-8.987717,-5.113306,-0.088031,-0.156223,0.983791,-0.983791,NA,NA,NA,NA,NA,NA,NA,NA,NA,NA,NA
NA,NA,NA,NA,NA,NA,NA,NA,NA,NA,NA,NA,NA,NA,NA,NA,29,2026-01-22,15:30:27,5,4,"Pennington, Mason",10062091,Right,SOU_RED,"Patterson, Caynen",10080896,Right,SOU_RED,Undefined,1,Bottom,2,1,2,Slider,Curveball,StrikeSwinging,Strikeout,Undefined,Undefined,0,0,NA,80.00203,-0.664068,-1.78487,1994.516617,56.516756,08:00:00,6.32626,1.46124,5.92294,-46.97231,-2.84799,-6.59937,1.79536,-0.74549,72.97581,-9.292822,-2.971993,0.478091,NA,NA,NA,NA,NA,NA,NA,NA,NA,NA,NA,2.79599,-0.73658,-1.31481,50,6.24707,3.87133,-116.07468,-2.87346,3.76259,24.49111,-33.16527,SOU_RED,SOU_RED,SEMissouriState,TeamExclusive,Team,20260122-SEMissouriState-Private-1,92a95460-f7d9-11f0-8217-ffa056d3feda,78.83949,NA,NA,7.02622,NA,NA,NA,NA,NA,NA,fdc3883b-ec04-4f3d-97e9-3bef6ee70fa8,2026-01-22,21:30:27,2026-01-22T21:30:27Z,2026-01-22T21:30:27Z,NA,v3,471444,471444,NA,"Sims, Tank",10135104,Right,SOU_RED,bb548045-c1d6-4e62-9fba-58c8c5ac5775,54.57459,-117.03591,12.24555,6.3343,-1.57178,-16.58264,-1.46385,3.72365,1.8813,NA,NA,NA,NA,NA,NA,NA,NA,NA,NA,NA,NA,NA,NA,NA,NA,NA,NA,NA,NA,NA,NA,NA,NA,NA,NA,NA,NA,NA,NA,NA,NA,NA,NA,NA,NA,NA,NA,NA,NA,NA,NA,NA,NA,NA,NA,NA,NA,NA,NA,High,High,High,NA,NA,NA,NA,NA,44.802035,68.757561,722.643382,0.362315,07:30:00,-0.926491,0.244489,0.286075,89.225551,-44.61014,30.621843,-0.685298,157.522814,-0.672938,-16.166293,0.672938,-0.278426,0.685298,45.521391,-43.259059,0.278426,-0.278426,-157.522814,43.259059,0.685298,16.166293,-45.521391,-0.685298,0.278426,0.672938,-0.672938,NA,NA,NA,NA,NA,NA,NA,NA,NA,NA,NA
NA,NA,NA,NA,NA,NA,NA,NA,NA,NA,NA,NA,NA,NA,NA,NA,30,2026-01-22,15:33:48,1,1,"Carroll, Andrew",1000138542,Right,SOU_RED,"Sims, Tank",10135104,Left,SOU_RED,Undefined,2,Top,0,0,0,Fastball,Sinker,StrikeSwinging,Undefined,Undefined,Undefined,0,0,NA,88.63782,-2.869778,-2.353052,1977.081812,234.138346,01:45:00,5.85837,1.58973,5.80345,-22.1706,14.09855,17.66804,1.33738,0.87244,80.10706,-7.037184,0.813376,0.433451,NA,NA,NA,NA,NA,NA,NA,NA,NA,NA,NA,-9.68335,8.4878,-1.40672,50,5.6094,4.49841,-128.32436,-7.14145,-15.91758,30.07082,-18.22176,SOU_RED,SOU_RED,SEMissouriState,TeamExclusive,Team,20260122-SEMissouriState-Private-1,0a75f840-f7da-11f0-8217-ffa056d3feda,86.95892,NA,NA,8.53076,NA,NA,NA,NA,NA,NA,fdc3883b-ec04-4f3d-97e9-3bef6ee70fa8,2026-01-22,21:33:48,2026-01-22T21:33:48Z,2026-01-22T21:33:48Z,NA,v3,471444,471444,NA,"Patterson, Caynen",10080896,Right,SOU_RED,fb56c173-f807-4651-8a49-762ebd9bc4ca,54.69228,-129.41925,15.03541,5.85735,-6.47799,-9.11088,-1.58106,5.07798,-7.95879,NA,NA,NA,NA,NA,NA,NA,NA,NA,NA,NA,NA,NA,NA,NA,NA,NA,NA,NA,NA,NA,NA,NA,NA,NA,NA,NA,NA,NA,NA,NA,NA,NA,NA,NA,NA,NA,NA,NA,NA,NA,NA,NA,NA,NA,NA,NA,NA,NA,NA,High,High,High,NA,NA,NA,NA,NA,228.852139,9.630827,1949.217152,0.985906,01:45:00,-0.156446,-0.749846,-0.64285,2.129283,50.290801,48.83624,-0.41023,175.71385,-0.909431,-3.908277,0.909431,-0.068159,0.41023,24.279382,-24.219292,0.068159,-0.068159,-175.71385,24.219292,0.41023,3.908277,-24.279382,-0.41023,0.068159,0.909431,-0.909431,NA,NA,NA,NA,NA,NA,NA,NA,NA,NA,NA
NA,NA,NA,NA,NA,NA,NA,NA,NA,NA,NA,NA,NA,NA,NA,NA,31,2026-01-22,15:34:05,1,2,"Carroll, Andrew",1000138542,Right,SOU_RED,"Sims, Tank",10135104,Left,SOU_RED,Undefined,2,Top,0,0,1,Fastball,Changeup,InPlay,Undefined,Bunt,Out,1,0,NA,88.73324,-1.179587,-2.468377,1883.445547,241.713065,02:00:00,5.83588,1.49793,5.89321,-22.86576,13.0682,21.90352,2.83403,1.03003,80.175,-5.490969,1.462023,0.431444,NA,NA,NA,NA,NA,NA,NA,NA,NA,NA,NA,-12.01044,7.43363,-1.31181,50,5.72782,4.62103,-128.67552,-3.37643,-19.86505,30.06245,-19.87896,SOU_RED,SOU_RED,SEMissouriState,TeamExclusive,Team,20260122-SEMissouriState-Private-1,14c1ecf0-f7da-11f0-8217-ffa056d3feda,87.36356,NA,NA,8.55824,NA,NA,NA,NA,NA,NA,fdc3883b-ec04-4f3d-97e9-3bef6ee70fa8,2026-01-22,21:34:05,2026-01-22T21:34:05Z,2026-01-22T21:34:05Z,NA,v3,471444,471444,NA,"Patterson, Caynen",10080896,Right,SOU_RED,25102923-02b6-4f19-b292-0b22273185da,54.60525,-129.74698,15.03123,5.83554,-2.66792,-9.93948,-1.48912,5.32905,-9.93252,NA,NA,NA,NA,NA,NA,NA,NA,NA,NA,NA,NA,NA,NA,NA,NA,NA,NA,NA,NA,NA,NA,NA,NA,NA,NA,NA,NA,NA,NA,NA,NA,NA,NA,NA,NA,NA,NA,NA,NA,NA,NA,NA,NA,NA,NA,NA,NA,NA,NA,High,High,High,NA,NA,NA,NA,NA,228.015412,14.507689,1823.390058,0.968114,01:30:00,-0.263315,-0.724628,-0.636852,-73.665039,-44.717563,65.981775,0.100094,91.572923,-0.027311,84.044643,0.027311,-0.994603,-0.100094,74.737996,5.744605,0.994603,0.994603,-91.572923,-5.744605,0.100094,-84.044643,-74.737996,-0.100094,-0.994603,0.027311,-0.027311,NA,NA,NA,NA,NA,NA,NA,NA,NA,NA,NA
NA,NA,NA,NA,NA,NA,NA,NA,NA,NA,NA,NA,NA,NA,NA,NA,32,2026-01-22,15:34:48,2,1,"Carroll, Andrew",1000138542,Right,SOU_RED,"Rocha, Michael",1000047667,Right,SOU_RED,Undefined,2,Top,1,0,0,Fastball,Sinker,StrikeCalled,Undefined,Undefined,Undefined,0,0,NA,88.71264,-2.489854,-4.272225,1998.09047,237.23532,02:00:00,5.76871,1.60513,5.74787,-21.98147,14.18796,20.06781,1.61096,-0.70735,80.46917,-6.61612,-0.689789,0.432855,NA,NA,NA,NA,NA,NA,NA,NA,NA,NA,NA,-11.41682,8.33548,-1.26173,50,5.54795,8.70423,-128.31304,-6.30143,-18.88803,28.44937,-18.3838,SOU_RED,SOU_RED,SEMissouriState,TeamExclusive,Team,20260122-SEMissouriState-Private-1,2e9b8280-f7da-11f0-8217-ffa056d3feda,87.07872,NA,NA,8.24347,NA,NA,NA,NA,NA,NA,fdc3883b-ec04-4f3d-97e9-3bef6ee70fa8,2026-01-22,21:34:48,2026-01-22T21:34:48Z,2026-01-22T21:34:48Z,NA,v3,471444,471444,NA,"Patterson, Caynen",10080896,Right,SOU_RED,763dc078-02f3-4e72-932f-938b2254cea2,54.74938,-129.36178,14.22469,5.76775,-5.62375,-9.1919,-1.59542,9.4005,-9.44402,NA,NA,NA,NA,NA,NA,NA,NA,NA,NA,NA,NA,NA,NA,NA,NA,NA,NA,NA,NA,NA,NA,NA,NA,NA,NA,NA,NA,NA,NA,NA,NA,NA,NA,NA,NA,NA,NA,NA,NA,NA,NA,NA,NA,NA,NA,NA,NA,NA,NA,High,High,High,NA,NA,NA,NA,NA,225.702946,20.090308,1876.511397,0.939152,01:30:00,-0.361963,-0.686466,-0.630672,111.383165,23.335909,-38.747857,-0.385472,167.04181,-0.899221,-11.941365,0.899221,-0.206911,0.385472,23.203528,-22.673066,0.206911,-0.206911,-167.04181,22.673066,0.385472,11.941365,-23.203528,-0.385472,0.206911,0.899221,-0.899221,NA,NA,NA,NA,NA,NA,NA,NA,NA,NA,NA
NA,NA,NA,NA,NA,NA,NA,NA,NA,NA,NA,NA,NA,NA,NA,NA,33,2026-01-22,15:35:02,2,2,"Carroll, Andrew",1000138542,Right,SOU_RED,"Rocha, Michael",1000047667,Right,SOU_RED,Undefined,2,Top,1,0,1,Fastball,Changeup,BallCalled,Undefined,Undefined,Undefined,0,0,NA,89.472,-1.639833,-1.242423,1854.962569,239.175856,02:00:00,5.75122,1.68302,5.6666,-22.87844,12.46288,18.93359,2.31492,2.10218,81.58823,-5.907429,2.143466,0.427871,NA,NA,NA,NA,NA,NA,NA,NA,NA,NA,NA,-10.0863,7.15965,-1.59068,50,5.59835,2.01292,-129.8777,-4.49069,-17.13313,28.60402,-20.01233,SOU_RED,SOU_RED,SEMissouriState,TeamExclusive,Team,20260122-SEMissouriState-Private-1,366b7ab0-f7da-11f0-8217-ffa056d3feda,88.09302,NA,NA,7.88378,NA,NA,NA,NA,NA,NA,fdc3883b-ec04-4f3d-97e9-3bef6ee70fa8,2026-01-22,21:35:02,2026-01-22T21:35:02Z,2026-01-22T21:35:02Z,NA,v3,471444,471444,NA,"Patterson, Caynen",10080896,Right,SOU_RED,bacb9876-ae59-48be-90d9-50c15b18ed81,54.83363,-130.93792,14.30201,5.75105,-3.74893,-10.00616,-1.67706,2.64797,-8.56657,NA,NA,NA,NA,NA,NA,NA,NA,NA,NA,NA,NA,NA,NA,NA,NA,NA,NA,NA,NA,NA,NA,NA,NA,NA,NA,NA,NA,NA,NA,NA,NA,NA,NA,NA,NA,NA,NA,NA,NA,NA,NA,NA,NA,NA,NA,NA,NA,NA,NA,High,High,High,NA,NA,NA,NA,NA,229.27174,16.566843,1777.958886,0.958488,01:45:00,-0.277729,-0.734216,-0.61951,-58.693308,-41.083181,63.969842,0.077796,92.158821,-0.037555,85.04424,0.037555,-0.996262,-0.077796,64.231405,4.461891,0.996262,0.996262,-92.158821,-4.461891,0.077796,-85.04424,-64.231405,-0.077796,-0.996262,0.037555,-0.037555,NA,NA,NA,NA,NA,NA,NA,NA,NA,NA,NA
NA,NA,NA,NA,NA,NA,NA,NA,NA,NA,NA,NA,NA,NA,NA,NA,34,2026-01-22,15:35:17,2,3,"Carroll, Andrew",1000138542,Right,SOU_RED,"Rocha, Michael",1000047667,Right,SOU_RED,Undefined,2,Top,1,1,1,Slider,Curveball,BallCalled,Undefined,Undefined,Undefined,0,0,NA,79.8754,0.014463,-1.908408,2209.317508,79.413111,08:45:00,5.88735,1.58989,5.3124,-46.27286,-0.45134,-11.70575,2.04487,-1.17746,71.93885,-8.444241,-3.987325,0.487199,NA,NA,NA,NA,NA,NA,NA,NA,NA,NA,NA,5.15567,0.3213,-1.40819,50,5.85575,4.34095,-115.61178,-1.59255,6.80766,26.45615,-31.74977,SOU_RED,SOU_RED,SEMissouriState,TeamExclusive,Team,20260122-SEMissouriState-Private-1,3fea8270-f7da-11f0-8217-ffa056d3feda,77.36563,NA,NA,7.93655,NA,NA,NA,NA,NA,NA,fdc3883b-ec04-4f3d-97e9-3bef6ee70fa8,2026-01-22,21:35:17,2026-01-22T21:35:17Z,2026-01-22T21:35:17Z,NA,v3,471444,471444,NA,"Patterson, Caynen",10080896,Right,SOU_RED,3969aa79-b4ee-49f5-80ea-e38e1f7c65e5,55.18288,-116.79179,13.22807,5.8952,-0.17644,-15.87489,-1.59504,4.03731,3.40383,NA,NA,NA,NA,NA,NA,NA,NA,NA,NA,NA,NA,NA,NA,NA,NA,NA,NA,NA,NA,NA,NA,NA,NA,NA,NA,NA,NA,NA,NA,NA,NA,NA,NA,NA,NA,NA,NA,NA,NA,NA,NA,NA,NA,NA,NA,NA,NA,NA,NA,High,High,High,NA,NA,NA,NA,NA,NA,NA,NA,NA,NA,NA,NA,NA,NA,NA,NA,NA,NA,NA,NA,NA,NA,NA,NA,NA,NA,NA,NA,NA,NA,NA,NA,NA,NA,NA,NA,NA,NA,NA,NA,NA,NA,NA,NA,NA,NA,NA
NA,NA,NA,NA,NA,NA,NA,NA,NA,NA,NA,NA,NA,NA,NA,NA,35,2026-01-22,15:35:31,2,4,"Carroll, Andrew",1000138542,Right,SOU_RED,"Rocha, Michael",1000047667,Right,SOU_RED,Undefined,2,Top,1,2,1,Slider,Slider,StrikeCalled,Undefined,Undefined,Undefined,0,0,NA,80.19983,-0.74923,-1.248073,2123.332749,109.427691,09:45:00,5.86533,1.73111,5.38414,-40.54565,4.16118,-7.4528,1.78404,-0.06001,73.08748,-8.168382,-2.574648,0.481236,NA,NA,NA,NA,NA,NA,NA,NA,NA,NA,NA,3.34051,2.80784,-1.61418,50,5.77012,2.83944,-116.27501,-2.91045,4.52612,23.89847,-28.36962,SOU_RED,SOU_RED,SEMissouriState,TeamExclusive,Team,20260122-SEMissouriState-Private-1,47f81fe0-f7da-11f0-8217-ffa056d3feda,78.32418,NA,NA,7.11235,NA,NA,NA,NA,NA,NA,fdc3883b-ec04-4f3d-97e9-3bef6ee70fa8,2026-01-22,21:35:31,2026-01-22T21:35:31Z,2026-01-22T21:35:31Z,NA,v3,471444,471444,NA,"Patterson, Caynen",10080896,Right,SOU_RED,1b3c46d1-118b-4a3b-b8b1-bda5e0870b61,55.11212,-117.32102,11.94924,5.87033,-1.66874,-14.18481,-1.73413,2.64133,2.26306,NA,NA,NA,NA,NA,NA,NA,NA,NA,NA,NA,NA,NA,NA,NA,NA,NA,NA,NA,NA,NA,NA,NA,NA,NA,NA,NA,NA,NA,NA,NA,NA,NA,NA,NA,NA,NA,NA,NA,NA,NA,NA,NA,NA,NA,NA,NA,NA,NA,NA,High,High,High,NA,NA,NA,NA,NA,28.772351,75.05437,547.612454,0.257902,07:00:00,-0.962558,0.111492,0.247086,26.337047,-3.297668,38.991062,-0.747052,94.38611,-0.050839,-41.515163,0.050839,-0.662818,0.747052,86.106831,-48.335692,0.662818,-0.662818,-94.38611,48.335692,0.747052,41.515163,-86.106831,-0.747052,0.662818,0.050839,-0.050839,NA,NA,NA,NA,NA,NA,NA,NA,NA,NA,NA
NA,NA,NA,NA,NA,NA,NA,NA,NA,NA,NA,NA,NA,NA,NA,NA,36,2026-01-22,15:35:53,2,5,"Carroll, Andrew",1000138542,Right,SOU_RED,"Rocha, Michael",1000047667,Right,SOU_RED,Undefined,2,Top,1,2,2,Slider,Slider,InPlay,Undefined,GroundBall,Out,1,0,NA,81.34057,-0.611907,-2.171461,2145.579502,133.535811,10:30:00,5.96983,1.69405,5.27314,-38.55215,5.67697,-4.19571,2.18197,-0.69618,73.13912,-7.696984,-2.915809,0.478658,93.4899,-3.277866,-12.126779,NA,NA,NA,NA,25.76728,25.7406,-9.798242,0.178698,1.35378,3.50965,-1.49236,50,5.88595,4.63745,-117.7026,-2.59009,1.85435,27.25575,-27.36674,SOU_RED,SOU_RED,SEMissouriState,TeamExclusive,Team,20260122-SEMissouriState-Private-1,55395fc0-f7da-11f0-8217-ffa056d3feda,78.74604,2.23527,NA,8.20145,NA,NA,NA,2.1211700000000002,2.23527,0.70701,fdc3883b-ec04-4f3d-97e9-3bef6ee70fa8,2026-01-22,21:35:53,2026-01-22T21:35:53Z,2026-01-22T21:35:53Z,GroundBall,v3,471444,471444,NA,"Patterson, Caynen",10080896,Right,SOU_RED,06ad171c-8a96-41fd-91c9-637686e386c6,55.22279,-118.90586,13.62788,5.97362,-1.38193,-13.68337,-1.69528,4.55559,0.92718,14.057109,2.12175,133.79694,-20.04526,NA,NA,NA,NA,NA,NA,2.23641,-7.92469,-25.72283,NA,NA,NA,NA,NA,NA,0.70709,-28.76382,1.49721,NA,NA,NA,NA,NA,NA,NA,NA,NA,NA,NA,NA,NA,NA,NA,NA,NA,NA,NA,NA,NA,NA,NA,NA,NA,NA,NA,NA,High,High,High,High,High,NA,NA,NA,NA,NA,NA,NA,NA,NA,NA,NA,NA,NA,NA,NA,NA,NA,NA,NA,NA,NA,NA,NA,NA,NA,NA,NA,NA,NA,NA,NA,NA,NA,NA,NA,NA,NA,NA,NA,NA,NA,NA,NA,NA,NA
NA,NA,NA,NA,NA,NA,NA,NA,NA,NA,NA,NA,NA,NA,NA,NA,37,2026-01-22,15:36:32,3,1,"Carroll, Andrew",1000138542,Right,SOU_RED,"Schrack, Carson",10186680,Left,SOU_RED,Undefined,2,Top,2,0,0,Slider,Slider,StrikeCalled,Undefined,Undefined,Undefined,0,0,NA,80.57013,-0.225672,-0.940158,2135.45156,141.311482,10:45:00,5.79633,1.79469,5.32057,-38.35286,6.05941,-3.62012,2.38844,0.61064,73.20871,-7.265905,-1.583557,0.479648,NA,NA,NA,NA,NA,NA,NA,NA,NA,NA,NA,1.51528,3.57949,-1.70691,50,5.74858,2.06739,-116.80298,-1.7779,2.07104,24.18543,-27.28162,SOU_RED,SOU_RED,SEMissouriState,TeamExclusive,Team,20260122-SEMissouriState-Private-1,6c324390-f7da-11f0-8217-ffa056d3feda,78.58349,NA,NA,7.36141,NA,NA,NA,NA,NA,NA,fdc3883b-ec04-4f3d-97e9-3bef6ee70fa8,2026-01-22,21:36:32,2026-01-22T21:36:32Z,2026-01-22T21:36:32Z,NA,v3,471444,471444,NA,"Patterson, Caynen",10080896,Right,SOU_RED,8b591948-e13b-4b18-a9af-54cf12c0754d,55.17523,-117.8697,12.09272,5.80046,-0.57462,-13.64081,-1.79608,1.97605,1.03552,NA,NA,NA,NA,NA,NA,NA,NA,NA,NA,NA,NA,NA,NA,NA,NA,NA,NA,NA,NA,NA,NA,NA,NA,NA,NA,NA,NA,NA,NA,NA,NA,NA,NA,NA,NA,NA,NA,NA,NA,NA,NA,NA,NA,NA,NA,NA,NA,NA,NA,High,High,High,NA,NA,NA,NA,NA,30.561247,75.692128,527.738724,0.247132,07:00:00,-0.965847,0.121839,0.228681,20.017953,-11.059931,45.001457,-0.541448,93.793423,-0.055622,-57.023308,0.055622,-0.838892,0.541448,84.134638,-32.782285,0.838892,-0.838892,-93.793423,32.782285,0.541448,57.023308,-84.134638,-0.541448,0.838892,0.055622,-0.055622,NA,NA,NA,NA,NA,NA,NA,NA,NA,NA,NA
NA,NA,NA,NA,NA,NA,NA,NA,NA,NA,NA,NA,NA,NA,NA,NA,38,2026-01-22,15:36:45,3,2,"Carroll, Andrew",1000138542,Right,SOU_RED,"Schrack, Carson",10186680,Left,SOU_RED,Undefined,2,Top,2,1,0,Slider,Slider,BallCalled,Undefined,Undefined,Undefined,0,0,NA,80.46427,-0.992981,-2.453632,2067.146131,124.654316,10:15:00,5.83347,1.70421,5.33763,-39.6166,5.53851,-5.5013,1.59957,-1.05751,72.4015,-8.269011,-3.430547,0.483643,NA,NA,NA,NA,NA,NA,NA,NA,NA,NA,NA,1.88173,3.66173,-1.47874,50,5.71607,5.21808,-116.36989,-3.37577,2.51951,26.63791,-27.27129,SOU_RED,SOU_RED,SEMissouriState,TeamExclusive,Team,20260122-SEMissouriState-Private-1,73e257b0-f7da-11f0-8217-ffa056d3feda,77.93444,NA,NA,8.06277,NA,NA,NA,NA,NA,NA,fdc3883b-ec04-4f3d-97e9-3bef6ee70fa8,2026-01-22,21:36:45,2026-01-22T21:36:45Z,2026-01-22T21:36:45Z,NA,v3,471444,471444,NA,"Patterson, Caynen",10080896,Right,SOU_RED,61213af3-e30d-4d8e-99d3-2e2fce3359ee,55.15572,-117.54415,13.31895,5.83839,-2.17359,-13.63564,-1.70632,5.10702,1.25975,NA,NA,NA,NA,NA,NA,NA,NA,NA,NA,NA,NA,NA,NA,NA,NA,NA,NA,NA,NA,NA,NA,NA,NA,NA,NA,NA,NA,NA,NA,NA,NA,NA,NA,NA,NA,NA,NA,NA,NA,NA,NA,NA,NA,NA,NA,NA,NA,NA,NA,High,High,High,NA,NA,NA,NA,NA,24.62433,73.202091,597.398723,0.288997,06:45:00,-0.947147,0.103807,0.303542,27.423841,-10.679715,39.051443,-0.602224,94.530602,-0.063061,-52.733977,0.063061,-0.795833,0.602224,84.022131,-37.029338,0.795833,-0.795833,-94.530602,37.029338,0.602224,52.733977,-84.022131,-0.602224,0.795833,0.063061,-0.063061,NA,NA,NA,NA,NA,NA,NA,NA,NA,NA,NA
NA,NA,NA,NA,NA,NA,NA,NA,NA,NA,NA,NA,NA,NA,NA,NA,39,2026-01-22,15:37:00,3,3,"Carroll, Andrew",1000138542,Right,SOU_RED,"Schrack, Carson",10186680,Left,SOU_RED,Undefined,2,Top,2,1,0,Slider,Changeup,BallCalled,Undefined,Undefined,Undefined,0,0,NA,83.12421,-0.157077,-1.674136,1442.836567,279.908979,03:15:00,5.62583,1.72426,6.13081,-41.96069,-1.7715,17.54903,1.98386,1.63883,76.11791,-7.909761,1.495248,0.456274,NA,NA,NA,NA,NA,NA,NA,NA,NA,NA,NA,-9.51686,-0.43835,-1.605,50,5.5925,2.85168,-120.79223,-1.69731,-13.98631,24.6938,-32.81824,SOU_RED,SOU_RED,SEMissouriState,TeamExclusive,Team,20260122-SEMissouriState-Private-1,7d340de0-f7da-11f0-8217-ffa056d3feda,82.60919,NA,NA,7.0063,NA,NA,NA,NA,NA,NA,fdc3883b-ec04-4f3d-97e9-3bef6ee70fa8,2026-01-22,21:37:00,2026-01-22T21:37:00Z,2026-01-22T21:37:00Z,NA,v3,471444,471444,NA,"Patterson, Caynen",10080896,Right,SOU_RED,2e245083-a74b-4ff8-a228-2170263a9a67,54.36909,-121.68214,12.3469,5.63236,-0.51462,-16.40912,-1.71685,3.35571,-6.99316,NA,NA,NA,NA,NA,NA,NA,NA,NA,NA,NA,NA,NA,NA,NA,NA,NA,NA,NA,NA,NA,NA,NA,NA,NA,NA,NA,NA,NA,NA,NA,NA,NA,NA,NA,NA,NA,NA,NA,NA,NA,NA,NA,NA,NA,NA,NA,NA,NA,NA,High,High,High,NA,NA,NA,NA,NA,254.644599,22.580217,1332.232829,0.923343,02:30:00,-0.388515,-0.891431,-0.233255,-77.715599,-33.82975,55.767478,0.368899,96.432669,-0.104134,67.460861,0.104134,-0.923618,-0.368899,74.236553,21.647706,0.923618,0.923618,-96.432669,-21.647706,0.368899,-67.460861,-74.236553,-0.368899,-0.923618,0.104134,-0.104134,NA,NA,NA,NA,NA,NA,NA,NA,NA,NA,NA
NA,NA,NA,NA,NA,NA,NA,NA,NA,NA,NA,NA,NA,NA,NA,NA,40,2026-01-22,15:37:18,3,4,"Carroll, Andrew",1000138542,Right,SOU_RED,"Schrack, Carson",10186680,Left,SOU_RED,Undefined,2,Top,2,2,0,ChangeUp,Changeup,BallCalled,Undefined,Undefined,Undefined,0,0,NA,83.35661,-0.963802,-1.454787,1496.532416,278.742702,03:15:00,5.72746,1.67753,6.1937,-41.53868,-1.40827,18.05962,1.37574,1.83913,75.99751,-8.648375,1.812992,0.45594,NA,NA,NA,NA,NA,NA,NA,NA,NA,NA,NA,-9.76528,0.0211,-1.57653,50,5.6345,2.37698,-121.06005999999999,-3.37627,-14.31521,26.32336,-32.14309,SOU_RED,SOU_RED,SEMissouriState,TeamExclusive,Team,20260122-SEMissouriState-Private-1,878cfae0-f7da-11f0-8217-ffa056d3feda,82.66966,NA,NA,7.3591,NA,NA,NA,NA,NA,NA,fdc3883b-ec04-4f3d-97e9-3bef6ee70fa8,2026-01-22,21:37:18,2026-01-22T21:37:18Z,2026-01-22T21:37:18Z,NA,v3,471444,471444,NA,"Patterson, Caynen",10080896,Right,SOU_RED,cd1ca5f1-2bc5-4dbd-8152-c92b2a44d7af,54.30533,-121.99262,13.16168,5.73394,-2.23753,-16.07155,-1.66972,2.88413,-7.15761,NA,NA,NA,NA,NA,NA,NA,NA,NA,NA,NA,NA,NA,NA,NA,NA,NA,NA,NA,NA,NA,NA,NA,NA,NA,NA,NA,NA,NA,NA,NA,NA,NA,NA,NA,NA,NA,NA,NA,NA,NA,NA,NA,NA,NA,NA,NA,NA,NA,NA,High,High,High,NA,NA,NA,NA,NA,251.294456,20.139758,1405.027772,0.938856,02:30:00,-0.336843,-0.89493,-0.292638,-80.706846,-37.287235,60.675377,0.358991,95.399049,-0.08782,68.31047,0.08782,-0.9292,-0.358991,76.253754,21.038268,0.9292,0.9292,-95.399049,-21.038268,0.358991,-68.31047,-76.253754,-0.358991,-0.9292,0.08782,-0.08782,NA,NA,NA,NA,NA,NA,NA,NA,NA,NA,NA
NA,NA,NA,NA,NA,NA,NA,NA,NA,NA,NA,NA,NA,NA,NA,NA,41,2026-01-22,15:37:33,3,5,"Carroll, Andrew",1000138542,Right,SOU_RED,"Schrack, Carson",10186680,Left,SOU_RED,Undefined,2,Top,2,3,0,ChangeUp,Changeup,BallCalled,Walk,Undefined,Undefined,0,0,NA,84.13487,-1.750341,-5.079696,1431.079938,258.588732,02:30:00,5.75074,1.62773,6.17806,-34.32785,5.25611,19.25682,1.2668,-1.47088,76.59955,-8.128553,-1.616637,0.452826,NA,NA,NA,NA,NA,NA,NA,NA,NA,NA,NA,-11.41623,3.6874,-1.25206,50,5.60087,10.06246,-121.7209,-4.81473,-16.99376,25.63314,-26.68514,SOU_RED,SOU_RED,SEMissouriState,TeamExclusive,Team,20260122-SEMissouriState-Private-1,908371b0-f7da-11f0-8217-ffa056d3feda,83.23827,NA,NA,7.53532,NA,NA,NA,NA,NA,NA,fdc3883b-ec04-4f3d-97e9-3bef6ee70fa8,2026-01-22,21:37:33,2026-01-22T21:37:33Z,2026-01-22T21:37:33Z,NA,v3,471444,471444,NA,"Patterson, Caynen",10080896,Right,SOU_RED,f34c2bcf-0d96-44fa-89f9-9550a8d7c18c,54.32013,-122.6273,12.81657,5.75444,-3.87114,-13.34257,-1.6185,10.66337,-8.49688,NA,NA,NA,NA,NA,NA,NA,NA,NA,NA,NA,NA,NA,NA,NA,NA,NA,NA,NA,NA,NA,NA,NA,NA,NA,NA,NA,NA,NA,NA,NA,NA,NA,NA,NA,NA,NA,NA,NA,NA,NA,NA,NA,NA,NA,NA,NA,NA,NA,NA,High,High,High,NA,NA,NA,NA,NA,246.950511,30.386357,1234.498407,0.862634,02:15:00,-0.509361,-0.808847,-0.293798,-49.996367,-22.688956,46.528544,0.189654,94.938706,-0.084528,78.016052,0.084528,-0.978206,-0.189654,65.977734,10.932569,0.978206,0.978206,-94.938706,-10.932569,0.189654,-78.016052,-65.977734,-0.189654,-0.978206,0.084528,-0.084528,NA,NA,NA,NA,NA,NA,NA,NA,NA,NA,NA
NA,NA,NA,NA,NA,NA,NA,NA,NA,NA,NA,NA,NA,NA,NA,NA,42,2026-01-22,15:38:05,4,1,"Carroll, Andrew",1000138542,Right,SOU_RED,"Lopetegui, Ryan",1000327160,Right,SOU_RED,Undefined,2,Top,2,0,0,Slider,Slider,BallCalled,Undefined,Undefined,Undefined,0,0,NA,79.72335,1.356977,-0.623725,2153.754777,161.76061,11:30:00,5.87067,2.00706,5.29469,-32.40714,13.24001,-3.82099,4.44446,1.10301,71.75547,-4.674075,-1.301636,0.486271,NA,NA,NA,NA,NA,NA,NA,NA,NA,NA,NA,1.69012,6.67032,-1.94751,50,5.97118,1.41792,-115.44244,1.6849,2.24711,24.45165,-23.30538,SOU_RED,SOU_RED,SEMissouriState,TeamExclusive,Team,20260122-SEMissouriState-Private-1,a3f3cb00-f7da-11f0-8217-ffa056d3feda,77.51328,NA,NA,7.96788,NA,NA,NA,NA,NA,NA,fdc3883b-ec04-4f3d-97e9-3bef6ee70fa8,2026-01-22,21:38:05,2026-01-22T21:38:05Z,2026-01-22T21:38:05Z,NA,v3,471444,471444,NA,"Patterson, Caynen",10080896,Right,SOU_RED,b00bf14f-6986-4e70-9d20-b69c4ba840b2,55.19812,-116.53824,12.22583,5.87227,2.72933,-11.65269,-2.0088,1.31722,1.12356,NA,NA,NA,NA,NA,NA,NA,NA,NA,NA,NA,NA,NA,NA,NA,NA,NA,NA,NA,NA,NA,NA,NA,NA,NA,NA,NA,NA,NA,NA,NA,NA,NA,NA,NA,NA,NA,NA,NA,NA,NA,NA,NA,NA,NA,NA,NA,NA,NA,NA,High,High,High,NA,NA,NA,NA,NA,42.852065,77.610987,462.083848,0.214548,07:30:00,-0.971214,0.169005,0.16787,21.251297,-12.355404,45.836398,-0.861806,93.579019,-0.031664,-30.414333,0.031664,-0.50625,0.861806,87.895788,-59.519917,0.50625,-0.50625,-93.579019,59.519917,0.861806,30.414333,-87.895788,-0.861806,0.50625,0.031664,-0.031664,NA,NA,NA,NA,NA,NA,NA,NA,NA,NA,NA
NA,NA,NA,NA,NA,NA,NA,NA,NA,NA,NA,NA,NA,NA,NA,NA,43,2026-01-22,15:38:28,4,2,"Carroll, Andrew",1000138542,Right,SOU_RED,"Lopetegui, Ryan",1000327160,Right,SOU_RED,Undefined,2,Top,2,1,0,Slider,Slider,InPlay,Undefined,Popup,Out,1,0,NA,79.65701,-0.324075,-0.795267,2168.683253,104.27947,09:30:00,5.79503,2.03189,5.35194,-41.13656,4.93949,-12.33477,2.063,0.25806,71.45772,-7.898499,-2.9891,0.48855,78.79274,72.91473,-10.41617,NA,NA,NA,NA,NA,25.07648,NA,NA,5.94307,3.06414,-1.95103,50,5.73687,2.09807,-115.33496,-2.03181,7.78405,26.97142,-28.16072,SOU_RED,SOU_RED,SEMissouriState,TeamExclusive,Team,20260122-SEMissouriState-Private-1,b1b22a20-f7da-11f0-8217-ffa056d3feda,77.15164,86.74701,NA,8.19928,NA,NA,NA,2.36629,3.03926,-0.47161,fdc3883b-ec04-4f3d-97e9-3bef6ee70fa8,2026-01-22,21:38:28,2026-01-22T21:38:28Z,2026-01-22T21:38:28Z,NA,v3,471444,471444,NA,"Patterson, Caynen",10080896,Right,SOU_RED,1bdbf2b5-cba1-4a88-a655-bec585dce897,55.1445,-116.5318,13.48571,5.7993,-0.78219,-14.08036,-2.03647,1.75266,3.89202,173.02026,2.36629,33.39213,-16.05188,5.58407,-1.48515,0.36747,-0.08689,0.01729,-0.00204,3.03926,110.46256,-28.40618,3.15795,-0.4105,0.01544,0.01012,-0.00408,6.4e-4,-0.47161,-6.13834,-2.04213,1.03305,-0.32771,0.09018,-0.02302,0.00483,-5.9e-4,NA,NA,NA,NA,NA,NA,NA,NA,NA,NA,NA,NA,NA,NA,NA,NA,NA,NA,NA,NA,NA,NA,High,High,High,High,Undefined,NA,NA,NA,33.022996,74.713287,571.771938,0.263649,07:00:00,-0.962255,0.138224,0.234436,26.325161,-11.856473,35.648212,-0.638176,92.712585,-0.036436,-50.266691,0.036436,-0.769028,0.638176,86.732326,-39.655922,0.769028,-0.769028,-92.712585,39.655922,0.638176,50.266691,-86.732326,-0.638176,0.769028,0.036436,-0.036436,NA,NA,NA,NA,NA,NA,NA,NA,NA,NA,NA
NA,NA,NA,NA,NA,NA,NA,NA,NA,NA,NA,NA,NA,NA,NA,NA,44,2026-01-22,15:39:17,5,1,"Carroll, Andrew",1000138542,Right,SOU_RED,"Klein, Caleb",1000329534,Right,SOU_RED,Undefined,2,Top,1,0,0,Fastball,Sinker,InPlay,Undefined,GroundBall,Out,1,0,NA,89.25409,-1.302293,-2.494167,1968.31559,234.642199,01:45:00,5.93697,1.66309,5.64924,-21.15399,14.79068,18.99233,2.95811,0.91797,80.40072,-5.295632,0.897587,0.431508,59.42235,-13.911718,-17.573084,NA,NA,NA,NA,12.74585,12.74585,-21.072137,0.132227,-10.42764,8.29583,-1.46386,50,5.81333,4.79354,-129.31052,-3.62565,-17.38343,30.85265,-18.34451,SOU_RED,SOU_RED,SEMissouriState,TeamExclusive,Team,20260122-SEMissouriState-Private-1,ce7a2d10-f7da-11f0-8217-ffa056d3feda,87.35054,2.95962,NA,8.85337,NA,NA,NA,1.30605,2.95962,-1.01797,fdc3883b-ec04-4f3d-97e9-3bef6ee70fa8,2026-01-22,21:39:17,2026-01-22T21:39:17Z,2026-01-22T21:39:17Z,GroundBall,v3,471444,471444,NA,"Patterson, Caynen",10080896,Right,SOU_RED,9e3b8545-8125-401e-af27-1775aa746415,54.84785,-130.46206,15.42632,5.93588,-2.94096,-9.17226,-1.65488,5.44236,-8.69171,108.701721,1.30598,80.65453,-4.4119,NA,NA,NA,NA,NA,NA,2.95967,-20.95869,-10.77567,NA,NA,NA,NA,NA,NA,-1.01797,-25.54182,-10.71788,NA,NA,NA,NA,NA,NA,NA,NA,NA,NA,NA,NA,NA,NA,NA,NA,NA,NA,NA,NA,NA,NA,NA,NA,NA,NA,NA,NA,High,High,High,High,High,NA,NA,NA,224.090169,15.441716,1897.262941,0.963902,01:30:00,-0.280837,-0.676551,-0.680742,42.940759,49.685737,89.295811,-0.454075,174.902757,-0.88744,-4.540218,0.88744,-0.079159,0.454075,27.097411,-27.005455,0.079159,-0.079159,-174.902757,27.005455,0.454075,4.540218,-27.097411,-0.454075,0.079159,0.88744,-0.88744,NA,NA,NA,NA,NA,NA,NA,NA,NA,NA,NA
NA,NA,NA,NA,NA,NA,NA,NA,NA,NA,NA,NA,NA,NA,NA,NA,45,2026-01-22,15:40:01,6,1,"Carroll, Andrew",1000138542,Right,SOU_RED,"Kettering, Brooks",62716,Left,SOU_RED,Undefined,2,Top,2,0,0,Fastball,Sinker,BallCalled,Undefined,Undefined,Undefined,0,0,NA,89.88083,-2.929006,-3.233397,2003.461501,233.503985,01:45:00,5.89481,1.25674,5.70638,-21.21316,14.32131,17.55477,1.39132,-0.29617,80.96776,-6.922366,-0.096551,0.429039,NA,NA,NA,NA,NA,NA,NA,NA,NA,NA,NA,-9.89193,8.605,-0.9963,50,5.63594,6.55108,-129.96763,-7.34594,-16.64506,31.36286,-17.69447,SOU_RED,SOU_RED,SEMissouriState,TeamExclusive,Team,20260122-SEMissouriState-Private-1,e8f9c6a0-f7da-11f0-8217-ffa056d3feda,87.85328,NA,NA,8.91307,NA,NA,NA,NA,NA,NA,fdc3883b-ec04-4f3d-97e9-3bef6ee70fa8,2026-01-22,21:40:01,2026-01-22T21:40:01Z,2026-01-22T21:40:01Z,NA,v3,471444,471444,NA,"Patterson, Caynen",10080896,Right,SOU_RED,e8f00531-7d89-470f-a4be-24c5360d122c,54.789,-131.11819,15.68143,5.89352,-6.69681,-8.84724,-1.24782,7.16171,-8.32253,NA,NA,NA,NA,NA,NA,NA,NA,NA,NA,NA,NA,NA,NA,NA,NA,NA,NA,NA,NA,NA,NA,NA,NA,NA,NA,NA,NA,NA,NA,NA,NA,NA,NA,NA,NA,NA,NA,NA,NA,NA,NA,NA,NA,NA,NA,NA,NA,NA,NA,High,High,High,NA,NA,NA,NA,NA,222.911781,16.491638,1921.041453,0.958861,01:30:00,-0.289357,-0.666514,-0.687046,42.106824,47.627003,85.9208,-0.470854,177.019613,-0.881018,-2.629067,0.881018,-0.04587,0.470854,28.121965,-28.089739,0.04587,-0.04587,-177.019613,28.089739,0.470854,2.629067,-28.121965,-0.470854,0.04587,0.881018,-0.881018,NA,NA,NA,NA,NA,NA,NA,NA,NA,NA,NA
NA,NA,NA,NA,NA,NA,NA,NA,NA,NA,NA,NA,NA,NA,NA,NA,46,2026-01-22,15:40:23,6,2,"Carroll, Andrew",1000138542,Right,SOU_RED,"Kettering, Brooks",62716,Left,SOU_RED,Undefined,2,Top,2,1,0,ChangeUp,Changeup,BallinDirt,Undefined,Undefined,Undefined,0,0,NA,83.7099,-2.088983,-4.165411,1470.090981,272.769748,03:00:00,5.69852,1.6248,6.29549,-39.5462,0.54992,19.21816,0.47219,-0.61862,75.80944,-9.426291,-0.690365,0.455746,NA,NA,NA,NA,NA,NA,NA,NA,NA,NA,NA,-11.37363,1.41508,-1.32693,50,5.5259,8.0968,-121.18381,-5.66902,-16.59784,27.8012,-30.10901,SOU_RED,SOU_RED,SEMissouriState,TeamExclusive,Team,20260122-SEMissouriState-Private-1,f63dc5a0-f7da-11f0-8217-ffa056d3feda,82.70497,NA,NA,7.90045,NA,NA,NA,NA,NA,NA,fdc3883b-ec04-4f3d-97e9-3bef6ee70fa8,2026-01-22,21:40:23,2026-01-22T21:40:23Z,2026-01-22T21:40:23Z,NA,v3,471444,471444,NA,"Patterson, Caynen",10080896,Right,SOU_RED,9752f336-81b1-467e-b346-c87e95c4a453,54.20327,-122.14429,13.9006,5.70378,-4.62881,-15.05451,-1.61657,8.67022,-8.29892,NA,NA,NA,NA,NA,NA,NA,NA,NA,NA,NA,NA,NA,NA,NA,NA,NA,NA,NA,NA,NA,NA,NA,NA,NA,NA,NA,NA,NA,NA,NA,NA,NA,NA,NA,NA,NA,NA,NA,NA,NA,NA,NA,NA,NA,NA,NA,NA,NA,NA,High,High,High,NA,NA,NA,NA,NA,249.049316,24.457248,1338.180379,0.91027,02:15:00,-0.405382,-0.864618,-0.296819,-61.047591,-31.194558,46.842746,0.332522,99.390541,-0.153878,68.50622,0.153878,-0.930457,-0.332522,65.167083,19.421893,0.930457,0.930457,-99.390541,-19.421893,0.332522,-68.50622,-65.167083,-0.332522,-0.930457,0.153878,-0.153878,NA,NA,NA,NA,NA,NA,NA,NA,NA,NA,NA
NA,NA,NA,NA,NA,NA,NA,NA,NA,NA,NA,NA,NA,NA,NA,NA,47,2026-01-22,15:40:40,6,3,"Carroll, Andrew",1000138542,Right,SOU_RED,"Kettering, Brooks",62716,Left,SOU_RED,Undefined,2,Top,2,2,0,Fastball,Sinker,BallCalled,Undefined,Undefined,Undefined,0,0,NA,89.24235,-1.678073,-1.779363,1896.10877,235.444089,01:45:00,5.82853,1.66063,5.85989,-21.14096,14.45083,19.1267,2.5066,1.6009,80.61543,-5.673489,1.652141,0.429385,NA,NA,NA,NA,NA,NA,NA,NA,NA,NA,NA,-10.27268,8.28343,-1.52714,50,5.68019,3.18401,-129.38649,-4.45252,-17.17493,30.45625,-18.32495,SOU_RED,SOU_RED,SEMissouriState,TeamExclusive,Team,20260122-SEMissouriState-Private-1,007261c0-f7db-11f0-8217-ffa056d3feda,87.78248,NA,NA,8.62693,NA,NA,NA,NA,NA,NA,fdc3883b-ec04-4f3d-97e9-3bef6ee70fa8,2026-01-22,21:40:40,2026-01-22T21:40:40Z,2026-01-22T21:40:40Z,NA,v3,471444,471444,NA,"Patterson, Caynen",10080896,Right,SOU_RED,d6107d48-eea1-4b4a-96e2-16c3e41995ea,54.63651,-130.47331,15.22812,5.82741,-3.7986,-9.16248,-1.6517,3.79689,-8.58747,NA,NA,NA,NA,NA,NA,NA,NA,NA,NA,NA,NA,NA,NA,NA,NA,NA,NA,NA,NA,NA,NA,NA,NA,NA,NA,NA,NA,NA,NA,NA,NA,NA,NA,NA,NA,NA,NA,NA,NA,NA,NA,NA,NA,NA,NA,NA,NA,NA,NA,High,High,High,NA,NA,NA,NA,NA,227.80368000000001,15.338202,1828.571781,0.964381,01:30:00,-0.263476,-0.721899,-0.639876,-79.591037,-46.119426,62.933163,0.121439,94.223029,-0.073094,81.851474,0.073094,-0.989904,-0.121439,58.95627,6.975151,0.989904,0.989904,-94.223029,-6.975151,0.121439,-81.851474,-58.95627,-0.121439,-0.989904,0.073094,-0.073094,NA,NA,NA,NA,NA,NA,NA,NA,NA,NA,NA
NA,NA,NA,NA,NA,NA,NA,NA,NA,NA,NA,NA,NA,NA,NA,NA,48,2026-01-22,15:40:56,6,4,"Carroll, Andrew",1000138542,Right,SOU_RED,"Kettering, Brooks",62716,Left,SOU_RED,Undefined,2,Top,2,3,0,Slider,Slider,BallCalled,Walk,Undefined,Undefined,0,0,NA,79.87884,-1.048991,-3.236901,2142.961997,160.377466,11:15:00,5.80304,1.6414,5.5471,-35.30285,9.7677600000000009,-2.90992,1.87919,-1.62919,72.46267,-7.56607,-3.75472,0.48319,NA,NA,NA,NA,NA,NA,NA,NA,NA,NA,NA,0.43421,5.75634,-1.35898,50,5.68915,6.65525,-115.60896,-3.25546,0.57968,24.28761,-24.48939,SOU_RED,SOU_RED,SEMissouriState,TeamExclusive,Team,20260122-SEMissouriState-Private-1,09cbe020-f7db-11f0-8217-ffa056d3feda,78.00745,NA,NA,7.41618,NA,NA,NA,NA,NA,NA,fdc3883b-ec04-4f3d-97e9-3bef6ee70fa8,2026-01-22,21:40:56,2026-01-22T21:40:56Z,2026-01-22T21:40:56Z,NA,v3,471444,471444,NA,"Patterson, Caynen",10080896,Right,SOU_RED,7592fa28-5061-49e1-aea3-df48c53e2a42,54.9478,-116.64379,12.14381,5.80562,-2.21204,-12.2447,-1.64202,6.63055,0.28984,NA,NA,NA,NA,NA,NA,NA,NA,NA,NA,NA,NA,NA,NA,NA,NA,NA,NA,NA,NA,NA,NA,NA,NA,NA,NA,NA,NA,NA,NA,NA,NA,NA,NA,NA,NA,NA,NA,NA,NA,NA,NA,NA,NA,NA,NA,NA,NA,NA,NA,High,High,High,NA,NA,NA,NA,NA,33.098334,73.917998,593.627968,0.277013,07:00:00,-0.948834,0.133654,0.286095,25.993622,-7.663456,43.640677,-0.834729,90.312239,-0.003001,-33.411813,0.003001,-0.550653,0.834729,89.794021,-56.587626,0.550653,-0.550653,-90.312239,56.587626,0.834729,33.411813,-89.794021,-0.834729,0.550653,0.003001,-0.003001,NA,NA,NA,NA,NA,NA,NA,NA,NA,NA,NA
NA,NA,NA,NA,NA,NA,NA,NA,NA,NA,NA,NA,NA,NA,NA,NA,49,2026-01-22,15:41:32,7,1,"Carroll, Andrew",1000138542,Right,SOU_RED,"Sullivan, Cal",10092054,Right,SOU_RED,Undefined,2,Top,2,0,0,Slider,Slider,StrikeCalled,Undefined,Undefined,Undefined,0,0,NA,79.73796,-0.406043,-1.628808,2125.202833,79.217836,08:45:00,5.88169,1.54809,5.32443,-45.89711,0.4085,-7.71603,1.67575,-0.62377,71.28722,-8.821114,-3.0008,0.489766,NA,NA,NA,NA,NA,NA,NA,NA,NA,NA,NA,3.21524,0.9726,-1.39515,50,5.81277,3.60507,-115.3031,-2.4202,4.19106,27.77704,-30.90627,SOU_RED,SOU_RED,SEMissouriState,TeamExclusive,Team,20260122-SEMissouriState-Private-1,1f22acb0-f7db-11f0-8217-ffa056d3feda,76.96015,NA,NA,8.45074,NA,NA,NA,NA,NA,NA,fdc3883b-ec04-4f3d-97e9-3bef6ee70fa8,2026-01-22,21:41:32,2026-01-22T21:41:32Z,2026-01-22T21:41:32Z,NA,v3,471444,471444,NA,"Patterson, Caynen",10080896,Right,SOU_RED,828bbcaa-b765-4f9f-8471-d3be0013b860,55.16823,-116.5415,13.88852,5.88996,-1.04229,-15.45313,-1.55171,3.41821,2.09553,NA,NA,NA,NA,NA,NA,NA,NA,NA,NA,NA,NA,NA,NA,NA,NA,NA,NA,NA,NA,NA,NA,NA,NA,NA,NA,NA,NA,NA,NA,NA,NA,NA,NA,NA,NA,NA,NA,NA,NA,NA,NA,NA,NA,NA,NA,NA,NA,NA,NA,High,High,High,NA,NA,NA,NA,NA,NA,NA,NA,NA,NA,NA,NA,NA,NA,NA,NA,NA,NA,NA,NA,NA,NA,NA,NA,NA,NA,NA,NA,NA,NA,NA,NA,NA,NA,NA,NA,NA,NA,NA,NA,NA,NA,NA,NA,NA,NA,NA
NA,NA,NA,NA,NA,NA,NA,NA,NA,NA,NA,NA,NA,NA,NA,NA,50,2026-01-22,15:41:48,7,2,"Carroll, Andrew",1000138542,Right,SOU_RED,"Sullivan, Cal",10092054,Right,SOU_RED,Undefined,2,Top,2,0,1,Fastball,Sinker,BallinDirt,Undefined,Undefined,Undefined,0,0,NA,89.76084,-3.59532,-5.50687,2065.947838,238.246235,02:00:00,5.82386,1.44414,5.88268,-22.14718,13.13678,19.22391,0.61962,-2.08357,81.59455,-7.741391,-2.075649,0.427523,NA,NA,NA,NA,NA,NA,NA,NA,NA,NA,NA,-11.38079,8.14654,-1.00912,50,5.51929,11.64855,-129.51082,-8.88749,-19.2172,28.51769,-18.41808,SOU_RED,SOU_RED,SEMissouriState,TeamExclusive,Team,20260122-SEMissouriState-Private-1,28894a70-f7db-11f0-8217-ffa056d3feda,88.1646,NA,NA,8.16629,NA,NA,NA,NA,NA,NA,fdc3883b-ec04-4f3d-97e9-3bef6ee70fa8,2026-01-22,21:41:48,2026-01-22T21:41:48Z,2026-01-22T21:41:48Z,NA,v3,471444,471444,NA,"Patterson, Caynen",10080896,Right,SOU_RED,3e178421-0af2-4c03-b2c8-57a891903f8b,54.61483,-130.52303,14.25885,5.82315,-8.23375,-9.20904,-1.43468,12.33065,-9.6086,NA,NA,NA,NA,NA,NA,NA,NA,NA,NA,NA,NA,NA,NA,NA,NA,NA,NA,NA,NA,NA,NA,NA,NA,NA,NA,NA,NA,NA,NA,NA,NA,NA,NA,NA,NA,NA,NA,NA,NA,NA,NA,NA,NA,NA,NA,NA,NA,NA,NA,High,High,High,NA,NA,NA,NA,NA,222.591281,21.349642,1924.174546,0.931376,01:30:00,-0.388122,-0.651911,-0.65144,45.227664,51.39002,87.241347,-0.408758,174.26597,-0.908076,-5.231656,0.908076,-0.091183,0.408758,24.234248,-24.126853,0.091183,-0.091183,-174.26597,24.126853,0.408758,5.231656,-24.234248,-0.408758,0.091183,0.908076,-0.908076,NA,NA,NA,NA,NA,NA,NA,NA,NA,NA,NA
NA,NA,NA,NA,NA,NA,NA,NA,NA,NA,NA,NA,NA,NA,NA,NA,51,2026-01-22,15:42:05,7,3,"Carroll, Andrew",1000138542,Right,SOU_RED,"Sullivan, Cal",10092054,Right,SOU_RED,Undefined,2,Top,2,1,1,Fastball,Sinker,StrikeCalled,Undefined,Undefined,Undefined,0,0,NA,89.42576,-1.63163,-3.363786,2054.331852,225.959365,01:30:00,6.05406,1.32996,5.80739,-18.683,16.58107,15.92647,2.97678,-0.47459,81.3654,-5.16904,-0.515188,0.427403,NA,NA,NA,NA,NA,NA,NA,NA,NA,NA,NA,-9.04571,9.26579,-1.06312,50,5.90891,6.92278,-129.60357,-4.26792,-15.33259,27.95888,-16.46842,SOU_RED,SOU_RED,SEMissouriState,TeamExclusive,Team,20260122-SEMissouriState-Private-1,3300e300-f7db-11f0-8217-ffa056d3feda,88.18944,NA,NA,8.06036,NA,NA,NA,NA,NA,NA,fdc3883b-ec04-4f3d-97e9-3bef6ee70fa8,2026-01-22,21:42:05,2026-01-22T21:42:05Z,2026-01-22T21:42:05Z,NA,v3,471444,471444,NA,"Patterson, Caynen",10080896,Right,SOU_RED,0e856ac9-3f50-4a7c-aff7-e78ed2fa5047,54.68996,-130.6114,13.97944,6.05205,-3.67428,-8.23421,-1.32262,7.47547,-7.6663,NA,NA,NA,NA,NA,NA,NA,NA,NA,NA,NA,NA,NA,NA,NA,NA,NA,NA,NA,NA,NA,NA,NA,NA,NA,NA,NA,NA,NA,NA,NA,NA,NA,NA,NA,NA,NA,NA,NA,NA,NA,NA,NA,NA,NA,NA,NA,NA,NA,NA,High,High,High,NA,NA,NA,NA,NA,219.572088,19.121645,1940.984561,0.944825,01:15:00,-0.352502,-0.610983,-0.708832,34.076746,53.271308,78.211612,-0.355728,169.670298,-0.919442,-9.647337,0.919442,-0.167583,0.355728,21.15126,-20.838095,0.167583,-0.167583,-169.670298,20.838095,0.355728,9.647337,-21.15126,-0.355728,0.167583,0.919442,-0.919442,NA,NA,NA,NA,NA,NA,NA,NA,NA,NA,NA
NA,NA,NA,NA,NA,NA,NA,NA,NA,NA,NA,NA,NA,NA,NA,NA,52,2026-01-22,15:42:23,7,4,"Carroll, Andrew",1000138542,Right,SOU_RED,"Sullivan, Cal",10092054,Right,SOU_RED,Undefined,2,Top,2,1,2,Fastball,Sinker,BallCalled,Undefined,Undefined,Undefined,0,0,NA,88.98122,-2.861757,-1.446,2023.437633,234.665997,01:45:00,5.82507,1.54413,5.73135,-21.42391,14.39036,18.56576,1.37158,1.74436,80.98017,-6.871507,1.878641,0.430724,NA,NA,NA,NA,NA,NA,NA,NA,NA,NA,NA,-10.06193,8.57741,-1.43585,50,5.57336,2.49156,-129.03228,-7.14736,-16.80898,29.13334,-17.84507,SOU_RED,SOU_RED,SEMissouriState,TeamExclusive,Team,20260122-SEMissouriState-Private-1,3dbfbdc0-f7db-11f0-8217-ffa056d3feda,87.50941,NA,NA,8.00105,NA,NA,NA,NA,NA,NA,fdc3883b-ec04-4f3d-97e9-3bef6ee70fa8,2026-01-22,21:42:23,2026-01-22T21:42:23Z,2026-01-22T21:42:23Z,NA,v3,471444,471444,NA,"Patterson, Caynen",10080896,Right,SOU_RED,5d66b82e-4503-4d5c-a03b-a7d1027dfe49,54.76935,-130.10467,14.56667,5.82436,-6.49049,-8.92253,-1.53895,3.11029,-8.40449,NA,NA,NA,NA,NA,NA,NA,NA,NA,NA,NA,NA,NA,NA,NA,NA,NA,NA,NA,NA,NA,NA,NA,NA,NA,NA,NA,NA,NA,NA,NA,NA,NA,NA,NA,NA,NA,NA,NA,NA,NA,NA,NA,NA,NA,NA,NA,NA,NA,NA,High,High,High,NA,NA,NA,NA,NA,225.376856,16.837578,1936.692311,0.95713,01:30:00,-0.272172,-0.694842,-0.665671,33.505217,53.222444,75.970322,-0.467662,174.135361,-0.879281,-5.18181,0.879281,-0.090316,0.467662,28.007133,-27.882662,0.090316,-0.090316,-174.135361,27.882662,0.467662,5.18181,-28.007133,-0.467662,0.090316,0.879281,-0.879281,NA,NA,NA,NA,NA,NA,NA,NA,NA,NA,NA
NA,NA,NA,NA,NA,NA,NA,NA,NA,NA,NA,NA,NA,NA,NA,NA,53,2026-01-22,15:42:40,7,5,"Carroll, Andrew",1000138542,Right,SOU_RED,"Sullivan, Cal",10092054,Right,SOU_RED,Undefined,2,Top,2,2,2,Slider,Slider,BallCalled,Undefined,Undefined,Undefined,0,0,NA,80.29212,0.816563,-2.037828,2144.442371,135.906043,10:30:00,5.89207,1.53738,5.21653,-36.58561,7.66469,-6.16008,3.61159,-0.89287,73.92454,-5.868176,-3.128231,0.478773,NA,NA,NA,NA,NA,NA,NA,NA,NA,NA,NA,2.53677,4.02666,-1.34438,50,5.94019,4.40031,-116.51923,0.39618,3.50797,20.68996,-26.60574,SOU_RED,SOU_RED,SEMissouriState,TeamExclusive,Team,20260122-SEMissouriState-Private-1,47a4da50-f7db-11f0-8217-ffa056d3feda,78.72719,NA,NA,6.36758,NA,NA,NA,NA,NA,NA,fdc3883b-ec04-4f3d-97e9-3bef6ee70fa8,2026-01-22,21:42:40,2026-01-22T21:42:40Z,2026-01-22T21:42:40Z,NA,v3,471444,471444,NA,"Patterson, Caynen",10080896,Right,SOU_RED,04d2e5e7-1003-4fbb-abc2-fbcd22837c28,55.28143,-117.45329,10.34498,5.89519,1.59731,-13.30287,-1.53946,4.24194,1.75398,NA,NA,NA,NA,NA,NA,NA,NA,NA,NA,NA,NA,NA,NA,NA,NA,NA,NA,NA,NA,NA,NA,NA,NA,NA,NA,NA,NA,NA,NA,NA,NA,NA,NA,NA,NA,NA,NA,NA,NA,NA,NA,NA,NA,NA,NA,NA,NA,NA,NA,High,High,High,NA,NA,NA,NA,NA,NA,NA,NA,NA,NA,NA,NA,NA,NA,NA,NA,NA,NA,NA,NA,NA,NA,NA,NA,NA,NA,NA,NA,NA,NA,NA,NA,NA,NA,NA,NA,NA,NA,NA,NA,NA,NA,NA,NA,NA,NA,NA
NA,NA,NA,NA,NA,NA,NA,NA,NA,NA,NA,NA,NA,NA,NA,NA,54,2026-01-22,15:42:57,7,6,"Carroll, Andrew",1000138542,Right,SOU_RED,"Sullivan, Cal",10092054,Right,SOU_RED,Undefined,2,Top,2,3,2,Slider,Slider,InPlay,Undefined,GroundBall,Out,1,0,NA,79.56396,-0.075958,-0.223475,2135.409113,94.045833,09:15:00,5.88389,1.72447,5.25772,-43.87577,2.40579,-8.62796,2.15621,0.7955,71.43772,-8.124576,-1.756299,0.489638,95.66097,-7.116974,-35.511912,NA,NA,NA,NA,17.21714,17.21714,-34.964553,0.114056,4.24047,1.72347,-1.6973,50,5.84487,0.80425,-115.19809,-1.66648,5.55091,26.55742,-29.91796,SOU_RED,SOU_RED,SEMissouriState,TeamExclusive,Team,20260122-SEMissouriState-Private-1,519ce2a0-f7db-11f0-8217-ffa056d3feda,76.98015,2.20913,NA,8.12623,NA,NA,NA,1.56944,2.20913,-0.74993,fdc3883b-ec04-4f3d-97e9-3bef6ee70fa8,2026-01-22,21:42:57,2026-01-22T21:42:57Z,2026-01-22T21:42:57Z,GroundBall,v3,471444,471444,NA,"Patterson, Caynen",10080896,Right,SOU_RED,76b6d9df-c45d-44c7-b2be-fc06a717a233,55.23811,-116.39941,13.27871,5.88965,-0.31316,-14.95898,-1.728,0.55315,2.77545,64.613431,1.56995,113.26628,-29.17941,NA,NA,NA,NA,NA,NA,2.20935,-17.40834,-17.22221,NA,NA,NA,NA,NA,NA,-0.74996,-80.86608,8.19736,NA,NA,NA,NA,NA,NA,NA,NA,NA,NA,NA,NA,NA,NA,NA,NA,NA,NA,NA,NA,NA,NA,NA,NA,NA,NA,NA,NA,High,High,High,High,High,NA,NA,NA,35.541051,69.774425,738.247385,0.345717,07:15:00,-0.9375,0.199716,0.284968,42.112171,-17.222978,23.794247,-0.752977,90.354049,-0.004066,-41.150147,0.004066,-0.658035,0.752977,89.690592,-48.848897,0.658035,-0.658035,-90.354049,48.848897,0.752977,41.150147,-89.690592,-0.752977,0.658035,0.004066,-0.004066,NA,NA,NA,NA,NA,NA,NA,NA,NA,NA,NA
NA,NA,NA,NA,NA,NA,NA,NA,NA,NA,NA,NA,NA,NA,NA,NA,55,2026-01-22,15:46:09,1,1,"Pennington, Mason",10062091,Right,SOU_RED,"Gallo, Jack",1000455589,Right,SOU_RED,Undefined,2,Bottom,0,0,0,Fastball,Four-Seam,FoulBallNotFieldable,Undefined,Undefined,Undefined,0,0,NA,87.7487,-3.553037,-2.424476,1985.381223,189.843605,12:15:00,6.4776300000000004,1.14711,7.02141,-12.72438,22.63919,3.70232,2.18135,-0.74896,79.21704,-6.090086,-1.746602,0.428006,NA,NA,NA,NA,NA,NA,NA,NA,NA,NA,NA,-2.76264,13.62394,-1.00052,50,6.25601,5.25355,-127.20912,-8.11154,-4.45454,29.98602,-10.20645,SOU_RED,SOU_RED,SEMissouriState,TeamExclusive,Team,20260122-SEMissouriState-Private-1,c40d9b90-f7db-11f0-8217-ffa056d3feda,88.06528,NA,NA,8.53166,NA,NA,NA,NA,NA,NA,fdc3883b-ec04-4f3d-97e9-3bef6ee70fa8,2026-01-22,21:46:09,2026-01-22T21:46:09Z,2026-01-22T21:46:09Z,NA,v3,471444,471444,NA,"Sims, Tank",10135104,Right,SOU_RED,e6b5e268-fc14-4dc7-9e68-a23b95a98d08,53.47504,-128.02564,14.99301,6.4731,-7.83362,-5.10322,-1.14522,5.37485,-2.22727,NA,NA,NA,NA,NA,NA,NA,NA,NA,NA,NA,NA,NA,NA,NA,NA,NA,NA,NA,NA,NA,NA,NA,NA,NA,NA,NA,NA,NA,NA,NA,NA,NA,NA,NA,NA,NA,NA,NA,NA,NA,NA,NA,NA,NA,NA,NA,NA,NA,NA,High,High,High,NA,NA,NA,NA,NA,201.49559,34.119564,1643.635269,0.827869,12:45:00,-0.573145,-0.337534,-0.74671,-39.69596,-18.158194,-89.895009,0.078141,175.011239,-0.993166,4.9734680000000004,0.993166,-0.086694,-0.078141,4.498667,4.481695,0.086694,0.086694,-175.011239,-4.481695,0.078141,-4.9734680000000004,-4.498667,-0.078141,-0.086694,0.993166,-0.993166,NA,NA,NA,NA,NA,NA,NA,NA,NA,NA,NA
NA,NA,NA,NA,NA,NA,NA,NA,NA,NA,NA,NA,NA,NA,NA,NA,56,2026-01-22,15:46:42,1,2,"Pennington, Mason",10062091,Right,SOU_RED,"Gallo, Jack",1000455589,Right,SOU_RED,Undefined,2,Bottom,0,0,1,Fastball,Four-Seam,BallCalled,Undefined,Undefined,Undefined,0,0,NA,88.273929999999993,-4.429466,-1.932606,2070.092868,212.789596,01:00:00,6.49567,1.15084,6.68567,-15.80607,19.90552,11.9182,1.1168,0.37574,79.23725,-7.514617,0.2386,0.430107,NA,NA,NA,NA,NA,NA,NA,NA,NA,NA,NA,-6.8789,12.38288,-1.02566,50,6.1927,3.8397,-127.69541,-10.23305,-11.10249,31.81317,-12.18807,SOU_RED,SOU_RED,SEMissouriState,TeamExclusive,Team,20260122-SEMissouriState-Private-1,d817c3e0-f7db-11f0-8217-ffa056d3feda,87.63513,NA,NA,9.03668,NA,NA,NA,NA,NA,NA,fdc3883b-ec04-4f3d-97e9-3bef6ee70fa8,2026-01-22,21:46:42,2026-01-22T21:46:42Z,2026-01-22T21:46:42Z,NA,v3,471444,471444,NA,"Sims, Tank",10135104,Right,SOU_RED,09191cdd-45b6-4492-8b79-12f0dc0b3828,53.8083,-128.64069,15.90659,6.49138,-9.8709,-6.09404,-1.14465,4.1696,-5.55124,NA,NA,NA,NA,NA,NA,NA,NA,NA,NA,NA,NA,NA,NA,NA,NA,NA,NA,NA,NA,NA,NA,NA,NA,NA,NA,NA,NA,NA,NA,NA,NA,NA,NA,NA,NA,NA,NA,NA,NA,NA,NA,NA,NA,NA,NA,NA,NA,NA,NA,High,High,High,NA,NA,NA,NA,NA,206.026602,23.237223,1902.165313,0.918879,12:45:00,-0.389861,-0.43246,-0.813011,-40.557275,-3.835509,-58.446886,0.110447,173.666555,-0.987816,6.29454,0.987816,-0.10964,-0.110447,6.379678,6.341059,0.10964,0.10964,-173.666555,-6.341059,0.110447,-6.29454,-6.379678,-0.110447,-0.10964,0.987816,-0.987816,NA,NA,NA,NA,NA,NA,NA,NA,NA,NA,NA
NA,NA,NA,NA,NA,NA,NA,NA,NA,NA,NA,NA,NA,NA,NA,NA,57,2026-01-22,15:47:01,1,3,"Pennington, Mason",10062091,Right,SOU_RED,"Gallo, Jack",1000455589,Right,SOU_RED,Undefined,2,Bottom,0,1,1,Slider,Changeup,BallinDirt,Undefined,Undefined,Undefined,0,0,NA,81.38237,-5.357226,-4.084864,2183.308317,234.837067,01:45:00,6.23766,1.35386,7.1556,-27.31584,13.83859,17.4882,-0.92117,-0.89768,74.0882,-10.53738,-0.872433,0.461721,NA,NA,NA,NA,NA,NA,NA,NA,NA,NA,NA,-10.87288,9.6226,-1.11944,50,5.91413,7.8685600000000004,-117.61345,-11.67465,-14.98885,25.60145,-18.90878,SOU_RED,SOU_RED,SEMissouriState,TeamExclusive,Team,20260122-SEMissouriState-Private-1,e329a0a0-f7db-11f0-8217-ffa056d3feda,81.63465,NA,NA,7.29416,NA,NA,NA,NA,NA,NA,fdc3883b-ec04-4f3d-97e9-3bef6ee70fa8,2026-01-22,21:47:01,2026-01-22T21:47:01Z,2026-01-22T21:47:01Z,NA,v3,471444,471444,NA,"Sims, Tank",10135104,Right,SOU_RED,89f66f94-fd44-4c7a-b2fb-9c971532de26,53.34466,-118.33926,12.80073,6.23751,-11.13858,-9.45439,-1.34853,8.29349,-7.49442,NA,NA,NA,NA,NA,NA,NA,NA,NA,NA,NA,NA,NA,NA,NA,NA,NA,NA,NA,NA,NA,NA,NA,NA,NA,NA,NA,NA,NA,NA,NA,NA,NA,NA,NA,NA,NA,NA,NA,NA,NA,NA,NA,NA,NA,NA,NA,NA,NA,NA,High,High,High,NA,NA,NA,NA,NA,232.873159,-23.817906,1997.3636,0.914834,01:45:00,0.429639,-0.688508,-0.584266,17.80129,-21.70118,-80.26553,0.040915,151.158772,-0.875226,28.81481,0.875226,-0.48198,-0.040915,2.676528,2.344928,0.48198,0.48198,-151.158772,-2.344928,0.040915,-28.81481,-2.676528,-0.040915,-0.48198,0.875226,-0.875226,NA,NA,NA,NA,NA,NA,NA,NA,NA,NA,NA
NA,NA,NA,NA,NA,NA,NA,NA,NA,NA,NA,NA,NA,NA,NA,NA,58,2026-01-22,15:47:26,1,4,"Pennington, Mason",10062091,Right,SOU_RED,"Gallo, Jack",1000455589,Right,SOU_RED,Undefined,2,Bottom,0,2,1,Slider,Changeup,BallCalled,Undefined,Undefined,Undefined,0,0,NA,81.44126,-2.3169,-2.010664,2006.707293,234.971884,01:45:00,6.28717,1.3875,7.07742,-27.23757,12.92772,16.67182,1.91168,0.95081,75.02598,-7.48905,1.052001,0.456139,NA,NA,NA,NA,NA,NA,NA,NA,NA,NA,NA,-9.59993,7.94898,-1.27202,50,6.13936,3.64758,-118.46676,-5.4362,-13.65427,22.4513,-20.86795,SOU_RED,SOU_RED,SEMissouriState,TeamExclusive,Team,20260122-SEMissouriState-Private-1,f1fe03a0-f7db-11f0-8217-ffa056d3feda,82.6337,NA,NA,6.41529,NA,NA,NA,NA,NA,NA,fdc3883b-ec04-4f3d-97e9-3bef6ee70fa8,2026-01-22,21:47:26,2026-01-22T21:47:26Z,2026-01-22T21:47:26Z,NA,v3,471444,471444,NA,"Sims, Tank",10135104,Right,SOU_RED,fe62fa4f-5817-477c-a08a-a19b76183bd8,53.4238,-119.11386,11.22565,6.28738,-4.83474,-10.43398,-1.38282,4.04113,-6.82714,NA,NA,NA,NA,NA,NA,NA,NA,NA,NA,NA,NA,NA,NA,NA,NA,NA,NA,NA,NA,NA,NA,NA,NA,NA,NA,NA,NA,NA,NA,NA,NA,NA,NA,NA,NA,NA,NA,NA,NA,NA,NA,NA,NA,NA,NA,NA,NA,NA,NA,High,High,High,NA,NA,NA,NA,NA,234.509312,-13.807079,1948.723088,0.971105,01:45:00,0.250475,-0.780389,-0.572936,16.410824,-34.172463,-80.463247,-0.14995,159.321917,-0.925001,-20.433775,0.925001,-0.349124,0.14995,9.208011,-8.624042,0.349124,-0.349124,-159.321917,8.624042,0.14995,20.433775,-9.208011,-0.14995,0.349124,0.925001,-0.925001,NA,NA,NA,NA,NA,NA,NA,NA,NA,NA,NA
NA,NA,NA,NA,NA,NA,NA,NA,NA,NA,NA,NA,NA,NA,NA,NA,59,2026-01-22,15:47:44,1,5,"Pennington, Mason",10062091,Right,SOU_RED,"Gallo, Jack",1000455589,Right,SOU_RED,Undefined,2,Bottom,0,3,1,Fastball,Four-Seam,InPlay,Undefined,GroundBall,Error,0,0,NA,87.79828,-3.208875,-2.779661,2007.436089,206.77694,01:00:00,6.43689,1.10767,6.90717,-14.99174,19.80631,9.45414,2.25857,-0.63807,80.75261,-6.113445,-1.052323,0.42457,82.55812,-23.547608,-32.134535,NA,NA,NA,NA,6.31228,3.45455,-17.509058,0.0452,-5.79126,11.7476,-0.93587,50,6.22904,5.85972,-127.50219,-7.48052,-9.57594,25.11976,-12.74914,SOU_RED,SOU_RED,SEMissouriState,TeamExclusive,Team,20260122-SEMissouriState-Private-1,fd04e3e0-f7db-11f0-8217-ffa056d3feda,88.77799,2.19143,NA,7.04567,NA,NA,NA,1.76167,2.19143,0.77563,fdc3883b-ec04-4f3d-97e9-3bef6ee70fa8,2026-01-22,21:47:44,2026-01-22T21:47:44Z,2026-01-22T21:47:44Z,GroundBall,v3,471444,471444,NA,"Sims, Tank",10135104,Right,SOU_RED,5f5c7004-3727-4014-af1c-97fc96f09575,53.59259,-128.20803,12.55988,6.4342,-7.12228,-6.37457,-1.1043,6.1288,-4.78797,180,1.76014,94.20694,NA,NA,NA,NA,NA,NA,NA,2.19222,-48.48298,NA,NA,NA,NA,NA,NA,NA,0.77658,-59.17506,NA,NA,NA,NA,NA,NA,NA,NA,NA,NA,NA,NA,NA,NA,NA,NA,NA,NA,NA,NA,NA,NA,NA,NA,NA,NA,NA,NA,NA,High,High,High,Low,Low,NA,NA,NA,201.58818,32.994461,1683.683261,0.838723,12:45:00,-0.563632,-0.338592,-0.753442,-41.892442,-5.46399,-85.271787,0.08063,167.364541,-0.972604,12.593642,0.972604,-0.218035,-0.08063,4.739075,4.624806,0.218035,0.218035,-167.364541,-4.624806,0.08063,-12.593642,-4.739075,-0.08063,-0.218035,0.972604,-0.972604,NA,NA,NA,NA,NA,NA,NA,NA,NA,NA,NA
NA,NA,NA,NA,NA,NA,NA,NA,NA,NA,NA,NA,NA,NA,NA,NA,60,2026-01-22,15:48:46,2,1,"Pennington, Mason",10062091,Right,SOU_RED,"Champion, Caleb",10305160,Left,SOU_RED,Undefined,2,Bottom,0,0,0,Fastball,Changeup,FoulBallNotFieldable,Undefined,Undefined,Undefined,0,0,NA,86.11926,-1.990332,-1.421974,1903.618909,210.938999,01:00:00,6.52248,1.42757,6.6475,-17.89863,18.83572,10.56237,3.20791,1.00598,78.52949,-5.442697,0.500997,0.436222,NA,NA,NA,NA,NA,NA,NA,NA,NA,NA,NA,-6.01638,10.89457,-1.33582,50,6.38081,2.72599,-125.14442,-4.77793,-9.49106,26.4913,-14.98744,SOU_RED,SOU_RED,SEMissouriState,TeamExclusive,Team,20260122-SEMissouriState-Private-1,21b41080-f7dc-11f0-8217-ffa056d3feda,86.40656,NA,NA,7.58977,NA,NA,NA,NA,NA,NA,fdc3883b-ec04-4f3d-97e9-3bef6ee70fa8,2026-01-22,21:48:46,2026-01-22T21:48:46Z,2026-01-22T21:48:46Z,NA,v3,471444,471444,NA,"Sims, Tank",10135104,Right,SOU_RED,df5b723f-5f9c-46ba-9018-5062530cd3d2,53.85141,-125.95707,13.24565,6.52033,-4.31818,-7.49372,-1.4239,3.01715,-4.74553,NA,NA,NA,NA,NA,NA,NA,NA,NA,NA,NA,NA,NA,NA,NA,NA,NA,NA,NA,NA,NA,NA,NA,NA,NA,NA,NA,NA,NA,NA,NA,NA,NA,NA,NA,NA,NA,NA,NA,NA,NA,NA,NA,NA,NA,NA,NA,NA,NA,NA,High,High,High,NA,NA,NA,NA,NA,206.60654,31.45236,1623.928394,0.853074,01:00:00,-0.526977,-0.399951,-0.74989,-43.624055,0.801298,-75.05916,0.071848,164.820351,-0.962615,15.139478,0.962615,-0.26117,-0.071848,4.268548,4.120138,0.26117,0.26117,-164.820351,-4.120138,0.071848,-15.139478,-4.268548,-0.071848,-0.26117,0.962615,-0.962615,NA,NA,NA,NA,NA,NA,NA,NA,NA,NA,NA
NA,NA,NA,NA,NA,NA,NA,NA,NA,NA,NA,NA,NA,NA,NA,NA,61,2026-01-22,15:49:13,2,2,"Pennington, Mason",10062091,Right,SOU_RED,"Champion, Caleb",10305160,Left,SOU_RED,Undefined,2,Bottom,0,0,1,Slider,Curveball,StrikeCalled,Undefined,Undefined,Undefined,0,0,NA,78.49117,-0.284665,-0.283424,2020.811504,67.298409,08:15:00,6.31386,1.51951,6.07767,-46.34404,-0.94665,-5.93189,2.18846,0.76295,71.68095,-8.843381,-1.354307,0.484939,NA,NA,NA,NA,NA,NA,NA,NA,NA,NA,NA,2.95142,0.11783,-1.49463,50,6.26788,0.78393,-113.99434,-1.99995,3.84174,23.0648,-32.02068,SOU_RED,SOU_RED,SEMissouriState,TeamExclusive,Team,20260122-SEMissouriState-Private-1,31f263c0-f7dc-11f0-8217-ffa056d3feda,77.72618,NA,NA,6.81022,NA,NA,NA,NA,NA,NA,fdc3883b-ec04-4f3d-97e9-3bef6ee70fa8,2026-01-22,21:49:13,2026-01-22T21:49:13Z,2026-01-22T21:49:13Z,NA,v3,471444,471444,NA,"Sims, Tank",10135104,Right,SOU_RED,f8a7e627-d8d8-45b2-aa2a-cbfaf153646f,54.41983,-114.88514,11.5324,6.32124,-0.76327,-16.01034,-1.52204,0.63555,1.92087,NA,NA,NA,NA,NA,NA,NA,NA,NA,NA,NA,NA,NA,NA,NA,NA,NA,NA,NA,NA,NA,NA,NA,NA,NA,NA,NA,NA,NA,NA,NA,NA,NA,NA,NA,NA,NA,NA,NA,NA,NA,NA,NA,NA,NA,NA,NA,NA,NA,NA,High,High,High,NA,NA,NA,NA,NA,50.800455,71.226935,650.338841,0.321821,07:45:00,-0.94701,0.244688,0.208085,70.973298,-31.825867,48.108135,-0.674665,158.313466,-0.685879,-15.828441,0.685879,-0.272758,0.674665,44.527739,-42.428128,0.272758,-0.272758,-158.313466,42.428128,0.674665,15.828441,-44.527739,-0.674665,0.272758,0.685879,-0.685879,NA,NA,NA,NA,NA,NA,NA,NA,NA,NA,NA
NA,NA,NA,NA,NA,NA,NA,NA,NA,NA,NA,NA,NA,NA,NA,NA,62,2026-01-22,15:49:35,2,3,"Pennington, Mason",10062091,Right,SOU_RED,"Champion, Caleb",10305160,Left,SOU_RED,Undefined,2,Bottom,0,0,2,Slider,Slider,InPlay,Undefined,Bunt,Out,1,0,NA,78.52551,0.337492,-0.694789,2035.257733,78.083409,08:30:00,6.21802,1.63972,6.04622,-45.01302,0.2387,-5.88181,2.77941,0.50631,71.82991,-7.981545,-1.75508,0.48416,31.90668,48.996979,-42.38346,3130.088489,NA,NA,NA,64.91162,59.62746,-45.283812,2.294922,2.84,0.41965,-1.58242,50,6.22,1.59471,-114.09293,-0.70056,3.71518,22.47241,-31.62511,SOU_RED,SOU_RED,SEMissouriState,TeamExclusive,Team,20260122-SEMissouriState-Private-1,3f1aeb80-f7dc-11f0-8217-ffa056d3feda,77.8512,21.731,NA,6.69561,NA,NA,NA,2.39594,2.91532,-0.53615,fdc3883b-ec04-4f3d-97e9-3bef6ee70fa8,2026-01-22,21:49:35,2026-01-22T21:49:35Z,2026-01-22T21:49:35Z,GroundBall,v3,471444,471444,NA,"Sims, Tank",10135104,Right,SOU_RED,93a7b72a-6340-4b78-8501-c58203fd7dd7,54.45334,-114.96674,11.2362,6.22334,0.52914,-15.81255,-1.64162,1.45025,1.85759,155.227803,2.39584,22.68445,-3.06428,1.02842,-0.39233,0.12092,0.01253,-0.01866,0.0033,2.91514,35.32959,-17.49129,1.45989,-1.38069,1.31221,-0.69437,0.18342,-0.01924,-0.53593,-20.70958,1.45774,-1.01063,0.72953,-0.40107,0.07746,0.0101,-0.00382,NA,NA,NA,NA,NA,NA,NA,NA,NA,NA,NA,NA,NA,NA,NA,NA,NA,NA,NA,NA,NA,NA,High,High,High,High,High,NA,NA,NA,60.176492,68.002479,762.339334,0.374566,08:00:00,-0.922943,0.330415,0.197489,68.545366,-27.902636,43.966196,-0.673038,156.751731,-0.679554,-16.97385,0.679554,-0.291935,0.673038,44.723967,-42.301959,0.291935,-0.291935,-156.751731,42.301959,0.673038,16.97385,-44.723967,-0.673038,0.291935,0.679554,-0.679554,NA,NA,NA,NA,NA,NA,NA,NA,NA,NA,NA
NA,NA,NA,NA,NA,NA,NA,NA,NA,NA,NA,NA,NA,NA,NA,NA,63,2026-01-22,15:50:22,3,1,"Pennington, Mason",10062091,Right,SOU_RED,"Shakotko, Demitri",1000332439,Left,SOU_RED,Undefined,2,Bottom,1,0,0,Curveball,Changeup,BallCalled,Undefined,Undefined,Undefined,0,0,NA,78.38827,-1.245302,-1.159433,1888.004075,237.933915,02:00:00,6.25525,1.54813,6.72738,-31.42384,12.75146,18.04603,2.49811,1.99222,71.75267,-7.187372,2.134285,0.478367,NA,NA,NA,NA,NA,NA,NA,NA,NA,NA,NA,-9.80111,7.55902,-1.47729,50,6.16093,1.69548,-113.9606,-3.26197,-12.82374,21.93537,-22.28385,SOU_RED,SOU_RED,SEMissouriState,TeamExclusive,Team,20260122-SEMissouriState-Private-1,5b296270-f7dc-11f0-8217-ffa056d3feda,78.79399,NA,NA,6.63559,NA,NA,NA,NA,NA,NA,fdc3883b-ec04-4f3d-97e9-3bef6ee70fa8,2026-01-22,21:50:22,2026-01-22T21:50:22Z,2026-01-22T21:50:22Z,NA,v3,471444,471444,NA,"Sims, Tank",10135104,Right,SOU_RED,4c9cb485-6f00-4ee6-8644-8ca3d5c2fb7d,53.77001,-114.68396,10.96768,6.25638,-2.52711,-11.14192,-1.54018,2.11837,-6.41187,NA,NA,NA,NA,NA,NA,NA,NA,NA,NA,NA,NA,NA,NA,NA,NA,NA,NA,NA,NA,NA,NA,NA,NA,NA,NA,NA,NA,NA,NA,NA,NA,NA,NA,NA,NA,NA,NA,NA,NA,NA,NA,NA,NA,NA,NA,NA,NA,NA,NA,High,High,High,NA,NA,NA,NA,NA,240.564512,-16.561561,1809.678381,0.958514,02:00:00,0.293527,-0.828387,-0.477092,-5.295602,-30.085516,-53.622694,-0.176814,150.223431,-0.854293,-29.261376,0.854293,-0.488794,0.176814,11.693467,-10.18424,0.488794,-0.488794,-150.223431,10.18424,0.176814,29.261376,-11.693467,-0.176814,0.488794,0.854293,-0.854293,NA,NA,NA,NA,NA,NA,NA,NA,NA,NA,NA
NA,NA,NA,NA,NA,NA,NA,NA,NA,NA,NA,NA,NA,NA,NA,NA,64,2026-01-22,15:50:41,3,2,"Pennington, Mason",10062091,Right,SOU_RED,"Shakotko, Demitri",1000332439,Left,SOU_RED,Undefined,2,Bottom,1,1,0,Curveball,Changeup,StrikeSwinging,Undefined,Undefined,Undefined,0,0,NA,80.04382,-2.399002,-3.152353,1957.51123,240.732405,02:00:00,6.23161,1.57966,6.79121,-29.31915,12.94079,20.64824,1.59398,0.42002,73.48086,-7.937685,0.616936,0.467881,NA,NA,NA,NA,NA,NA,NA,NA,NA,NA,NA,-11.75686,7.96319,-1.38129,50,6.06466,5.6997,-116.21178,-5.60878,-16.05708,22.04177,-21.29818,SOU_RED,SOU_RED,SEMissouriState,TeamExclusive,Team,20260122-SEMissouriState-Private-1,66967e90-f7dc-11f0-8217-ffa056d3feda,80.55981,NA,NA,6.56296,NA,NA,NA,NA,NA,NA,fdc3883b-ec04-4f3d-97e9-3bef6ee70fa8,2026-01-22,21:50:41,2026-01-22T21:50:41Z,2026-01-22T21:50:41Z,NA,v3,471444,471444,NA,"Sims, Tank",10135104,Right,SOU_RED,c9607862-9435-4830-803c-da1ac71e1a0b,53.70755,-116.91287,11.02088,6.23229,-4.93134,-10.64909,-1.57071,6.21043,-8.02854,NA,NA,NA,NA,NA,NA,NA,NA,NA,NA,NA,NA,NA,NA,NA,NA,NA,NA,NA,NA,NA,NA,NA,NA,NA,NA,NA,NA,NA,NA,NA,NA,NA,NA,NA,NA,NA,NA,NA,NA,NA,NA,NA,NA,NA,NA,NA,NA,NA,NA,High,High,High,NA,NA,NA,NA,NA,NA,NA,NA,NA,NA,NA,NA,NA,NA,NA,NA,NA,NA,NA,NA,NA,NA,NA,NA,NA,NA,NA,NA,NA,NA,NA,NA,NA,NA,NA,NA,NA,NA,NA,NA,NA,NA,NA,NA,NA,NA,NA
NA,NA,NA,NA,NA,NA,NA,NA,NA,NA,NA,NA,NA,NA,NA,NA,65,2026-01-22,15:51:00,3,3,"Pennington, Mason",10062091,Right,SOU_RED,"Shakotko, Demitri",1000332439,Left,SOU_RED,Undefined,2,Bottom,1,1,1,Fastball,Four-Seam,StrikeSwinging,Undefined,Undefined,Undefined,0,0,NA,88.48742,-3.594685,-2.296126,1954.651094,207.782412,01:00:00,6.41166,1.33231,6.56684,-15.97115,18.80643,9.33296,1.77851,0.00408,81.3003,-6.65585,-0.60065,0.424445,NA,NA,NA,NA,NA,NA,NA,NA,NA,NA,NA,-5.48874,11.16363,-1.17777,50,6.15671,4.78786,-128.38592,-8.45879,-9.19419,25.68094,-13.47385,SOU_RED,SOU_RED,SEMissouriState,TeamExclusive,Team,20260122-SEMissouriState-Private-1,71a0ba30-f7dc-11f0-8217-ffa056d3feda,88.80413,NA,NA,7.18712,NA,NA,NA,NA,NA,NA,fdc3883b-ec04-4f3d-97e9-3bef6ee70fa8,2026-01-22,21:51:00,2026-01-22T21:51:00Z,2026-01-22T21:51:00Z,NA,v3,471444,471444,NA,"Sims, Tank",10135104,Right,SOU_RED,d3fdcc0f-543d-460e-82ef-a0e67bcbe50d,53.93095,-129.16983,12.84047,6.40864,-8.0475,-6.73692,-1.3282,5.06851,-4.59709,NA,NA,NA,NA,NA,NA,NA,NA,NA,NA,NA,NA,NA,NA,NA,NA,NA,NA,NA,NA,NA,NA,NA,NA,NA,NA,NA,NA,NA,NA,NA,NA,NA,NA,NA,NA,NA,NA,NA,NA,NA,NA,NA,NA,NA,NA,NA,NA,NA,NA,High,High,High,NA,NA,NA,NA,NA,206.311243,26.195828,1753.889885,0.897291,01:00:00,-0.447527,-0.424616,-0.787033,-45.555875,10.98145,-71.429799,0.124618,155.909636,-0.905787,23.890821,0.905787,-0.404995,-0.124618,7.833564,7.158692,0.404995,0.404995,-155.909636,-7.158692,0.124618,-23.890821,-7.833564,-0.124618,-0.404995,0.905787,-0.905787,NA,NA,NA,NA,NA,NA,NA,NA,NA,NA,NA
NA,NA,NA,NA,NA,NA,NA,NA,NA,NA,NA,NA,NA,NA,NA,NA,66,2026-01-22,15:51:34,3,4,"Pennington, Mason",10062091,Right,SOU_RED,"Shakotko, Demitri",1000332439,Left,SOU_RED,Undefined,2,Bottom,1,1,2,Curveball,Changeup,InPlay,Undefined,GroundBall,Out,1,0,NA,81.61593,-1.925403,-3.425563,2059.381436,235.2912,01:45:00,6.27063,1.60934,6.76597,-25.99135,14.92583,19.52737,2.34256,0.10459,74.33299,-6.878784,0.133676,0.460388,58.74387,-42.876995,38.511062,NA,NA,NA,NA,5.97426,5.97426,15.577729,0.043616,-11.44442,8.89981,-1.39239,50,6.13459,6.43704,-118.45641,-4.62819,-16.12789,24.35877,-19.63212,SOU_RED,SOU_RED,SEMissouriState,TeamExclusive,Team,20260122-SEMissouriState-Private-1,86315090-f7dc-11f0-8217-ffa056d3feda,81.87098,2.57073,NA,7.28294,NA,NA,NA,3.58837,2.57073,-0.11959,fdc3883b-ec04-4f3d-97e9-3bef6ee70fa8,2026-01-22,21:51:34,2026-01-22T21:51:34Z,2026-01-22T21:51:34Z,GroundBall,v3,471444,471444,NA,"Sims, Tank",10135104,Right,SOU_RED,f6ca26c1-72d9-44c1-91ad-2a89d5062b6b,53.73382,-119.22175,12.17939,6.27031,-4.01136,-9.81606,-1.6026,6.94376,-8.06395,180,3.5865,49.67041,NA,NA,NA,NA,NA,NA,NA,2.57294,-58.93949,NA,NA,NA,NA,NA,NA,NA,-0.12108,39.52529,NA,NA,NA,NA,NA,NA,NA,NA,NA,NA,NA,NA,NA,NA,NA,NA,NA,NA,NA,NA,NA,NA,NA,NA,NA,NA,NA,NA,NA,High,High,High,High,High,NA,NA,NA,235.91165,-15.272921,1986.648246,0.964682,01:45:00,0.257286,-0.789623,-0.557045,-8.846696,-27.915294,-55.743027,-0.095982,153.509376,-0.890875,-26.358865,0.890875,-0.443992,0.095982,6.149246,-5.507821,0.443992,-0.443992,-153.509376,5.507821,0.095982,26.358865,-6.149246,-0.095982,0.443992,0.890875,-0.890875,NA,NA,NA,NA,NA,NA,NA,NA,NA,NA,NA
NA,NA,NA,NA,NA,NA,NA,NA,NA,NA,NA,NA,NA,NA,NA,NA,67,2026-01-22,15:52:50,4,1,"Pennington, Mason",10062091,Right,SOU_RED,"Ramirez, Andrew",10063875,Right,SOU_RED,Undefined,2,Bottom,2,0,0,Slider,Slider,StrikeCalled,Undefined,Undefined,Undefined,0,0,NA,79.65279,-0.880016,-1.394848,2073.773669,47.838613,07:30:00,6.27796,1.59695,6.13269,-44.2588,-0.75685,-2.28169,1.77605,0.11734,73.63501,-9.022057,-1.807103,0.474707,NA,NA,NA,NA,NA,NA,NA,NA,NA,NA,NA,0.79575,0.2865,-1.48933,50,6.18815,2.90267,-115.78939,-3.15103,1.0821,21.28193,-31.78442,SOU_RED,SOU_RED,SEMissouriState,TeamExclusive,Team,20260122-SEMissouriState-Private-1,b321d4d0-f7dc-11f0-8217-ffa056d3feda,79.40144,NA,NA,6.01778,NA,NA,NA,NA,NA,NA,fdc3883b-ec04-4f3d-97e9-3bef6ee70fa8,2026-01-22,21:52:50,2026-01-22T21:52:50Z,2026-01-22T21:52:50Z,NA,v3,471444,471444,NA,"Sims, Tank",10135104,Right,SOU_RED,65de1b33-17b0-43a7-99e4-ee955e0f0ec4,54.3667,-116.58922,10.64096,6.28412,-1.95648,-15.89221,-1.59765,2.862,0.54105,NA,NA,NA,NA,NA,NA,NA,NA,NA,NA,NA,NA,NA,NA,NA,NA,NA,NA,NA,NA,NA,NA,NA,NA,NA,NA,NA,NA,NA,NA,NA,NA,NA,NA,NA,NA,NA,NA,NA,NA,NA,NA,NA,NA,NA,NA,NA,NA,NA,NA,High,High,High,NA,NA,NA,NA,NA,43.552757,70.853972,680.149884,0.327977,07:30:00,-0.941978,0.211448,0.260705,67.540561,-32.997666,50.298766,-0.751292,159.944679,-0.619951,-13.08061,0.619951,-0.226322,0.751292,50.471258,-48.702423,0.226322,-0.226322,-159.944679,48.702423,0.751292,13.08061,-50.471258,-0.751292,0.226322,0.619951,-0.619951,NA,NA,NA,NA,NA,NA,NA,NA,NA,NA,NA
NA,NA,NA,NA,NA,NA,NA,NA,NA,NA,NA,NA,NA,NA,NA,NA,68,2026-01-22,15:53:07,4,2,"Pennington, Mason",10062091,Right,SOU_RED,"Ramirez, Andrew",10063875,Right,SOU_RED,Undefined,2,Bottom,2,0,1,ChangeUp,Curveball,HitByPitch,Undefined,Undefined,Undefined,0,0,NA,73.68465,1.539807,0.894147,1893.474693,60.373895,08:00:00,6.26712,1.48335,6.39011,-52.33499,-1.51583,-5.62748,3.32267,1.83688,67.30157,-8.19736,-0.126673,0.51308,NA,NA,NA,NA,NA,NA,NA,NA,NA,NA,NA,3.24126,-0.86673,-1.54498,50,6.35359,-1.49248,-107.0841,1.46823,3.72688,20.17564,-33.17063,SOU_RED,SOU_RED,SEMissouriState,TeamExclusive,Team,20260122-SEMissouriState-Private-1,bd4de570-f7dc-11f0-8217-ffa056d3feda,73.46306,NA,NA,6.38308,NA,NA,NA,NA,NA,NA,fdc3883b-ec04-4f3d-97e9-3bef6ee70fa8,2026-01-22,21:53:07,2026-01-22T21:53:07Z,2026-01-22T21:53:07Z,NA,v3,471444,471444,NA,"Sims, Tank",10135104,Right,SOU_RED,929d159b-08d6-4e5e-b1dd-219801f1a4d4,54.11045,-107.85577,10.08782,6.27317,2.73692,-16.58531,-1.48517,-1.63502,1.86344,NA,NA,NA,NA,NA,NA,NA,NA,NA,NA,NA,NA,NA,NA,NA,NA,NA,NA,NA,NA,NA,NA,NA,NA,NA,NA,NA,NA,NA,NA,NA,NA,NA,NA,NA,NA,NA,NA,NA,NA,NA,NA,NA,NA,NA,NA,NA,NA,NA,NA,High,High,High,NA,NA,NA,NA,NA,43.200297,47.326914,1283.424362,0.677814,07:30:00,-0.730122,0.483588,0.482768,-89.773336,1.760562,57.954786,-0.007487,151.34853,-0.877528,-28.650593,0.877528,-0.479467,0.007487,0.488825,-0.428972,0.479467,-0.479467,-151.34853,0.428972,0.007487,28.650593,-0.488825,-0.007487,0.479467,0.877528,-0.877528,NA,NA,NA,NA,NA,NA,NA,NA,NA,NA,NA
NA,NA,NA,NA,NA,NA,NA,NA,NA,NA,NA,NA,NA,NA,NA,NA,69,2026-01-22,15:53:52,5,1,"Pennington, Mason",10062091,Right,SOU_RED,"Terranova, Joe",1000272666,Right,SOU_RED,Undefined,2,Bottom,2,0,0,Curveball,Changeup,BallCalled,Undefined,Undefined,Undefined,0,0,NA,81.09041,-0.982428,-2.481245,1954.564847,239.925961,02:00:00,6.25571,1.58763,6.84786,-27.79009,13.59694,20.9843,3.04317,1.07252,73.56907,-6.290928,1.353435,0.463024,NA,NA,NA,NA,NA,NA,NA,NA,NA,NA,NA,-11.95973,7.9515,-1.43585,50,6.18268,4.40431,-117.81376,-2.69837,-16.59628,25.03208,-21.13995,SOU_RED,SOU_RED,SEMissouriState,TeamExclusive,Team,20260122-SEMissouriState-Private-1,d82710b0-f7dc-11f0-8217-ffa056d3feda,81.40493,NA,NA,7.52135,NA,NA,NA,NA,NA,NA,fdc3883b-ec04-4f3d-97e9-3bef6ee70fa8,2026-01-22,21:53:52,2026-01-22T21:53:52Z,2026-01-22T21:53:52Z,NA,v3,471444,471444,NA,"Sims, Tank",10135104,Right,SOU_RED,3b281eb6-c146-475f-9974-1022f0983f86,53.65121,-118.587,12.51604,6.25595,-2.04536,-10.56998,-1.57982,4.91697,-8.29814,NA,NA,NA,NA,NA,NA,NA,NA,NA,NA,NA,NA,NA,NA,NA,NA,NA,NA,NA,NA,NA,NA,NA,NA,NA,NA,NA,NA,NA,NA,NA,NA,NA,NA,NA,NA,NA,NA,NA,NA,NA,NA,NA,NA,NA,NA,NA,NA,NA,NA,High,High,High,NA,NA,NA,NA,NA,237.5891,-16.806066,1871.083214,0.957289,02:00:00,0.28045,-0.803092,-0.525729,7.968257,-31.699077,-67.449544,-0.172321,153.069627,-0.878221,-26.495806,0.878221,-0.446132,0.172321,11.101302,-9.922781,0.446132,-0.446132,-153.069627,9.922781,0.172321,26.495806,-11.101302,-0.172321,0.446132,0.878221,-0.878221,NA,NA,NA,NA,NA,NA,NA,NA,NA,NA,NA
NA,NA,NA,NA,NA,NA,NA,NA,NA,NA,NA,NA,NA,NA,NA,NA,70,2026-01-22,15:54:27,5,2,"Pennington, Mason",10062091,Right,SOU_RED,"Terranova, Joe",1000272666,Right,SOU_RED,Undefined,2,Bottom,2,1,0,Curveball,Changeup,StrikeCalled,Undefined,Undefined,Undefined,0,0,NA,80.44712,-1.912811,-3.559735,1979.763411,241.783289,02:00:00,6.18175,1.60218,6.79986,-30.52124,11.33119,18.58647,1.8886,-0.10187,73.76379,-7.676137,-0.168936,0.46562,NA,NA,NA,NA,NA,NA,NA,NA,NA,NA,NA,-10.8019,6.9752,-1.37724,50,6.04635,6.63274,-116.77864,-4.68436,-14.88968,22.36013,-22.55922,SOU_RED,SOU_RED,SEMissouriState,TeamExclusive,Team,20260122-SEMissouriState-Private-1,ed6413b0-f7dc-11f0-8217-ffa056d3feda,80.95105,NA,NA,6.68334,NA,NA,NA,NA,NA,NA,fdc3883b-ec04-4f3d-97e9-3bef6ee70fa8,2026-01-22,21:54:27,2026-01-22T21:54:27Z,2026-01-22T21:54:27Z,NA,v3,471444,471444,NA,"Sims, Tank",10135104,Right,SOU_RED,e6e0579b-2abf-4279-84a2-7a238dd45231,53.69876,-117.48472,11.18007,6.18303,-3.97199,-11.27961,-1.59411,7.10292,-7.44484,NA,NA,NA,NA,NA,NA,NA,NA,NA,NA,NA,NA,NA,NA,NA,NA,NA,NA,NA,NA,NA,NA,NA,NA,NA,NA,NA,NA,70.86115,NA,1.284608,NA,-1.73011,1.45365,0.10552,-0.67002,5.9338,1.69269,NA,NA,NA,-0.58245,102.33492,-7.72654,5.96428,10.41966,-12.7871,1.6699,2.96953,1.49609,High,High,High,NA,NA,High,High,High,241.613623,-19.089971,1870.888644,0.945006,02:00:00,0.326042,-0.82,-0.470421,-3.43268,-36.498618,-55.717839,-0.138824,155.413519,-0.900529,-24.332891,0.900529,-0.412037,0.138824,8.763648,-7.979819,0.412037,-0.412037,-155.413519,7.979819,0.138824,24.332891,-8.763648,-0.138824,0.412037,0.900529,-0.900529,NA,NA,NA,NA,NA,NA,NA,NA,NA,NA,NA
NA,NA,NA,NA,NA,NA,NA,NA,NA,NA,NA,NA,NA,NA,NA,NA,71,2026-01-22,15:55:04,5,3,"Pennington, Mason",10062091,Right,SOU_RED,"Terranova, Joe",1000272666,Right,SOU_RED,Undefined,2,Bottom,2,1,1,Fastball,Four-Seam,FoulBallNotFieldable,Undefined,Undefined,Undefined,0,0,NA,89.27896,-2.658211,-1.973935,2011.929652,208.749459,01:00:00,6.51367,1.45698,6.61218,-11.75619,22.52493,11.72725,3.09612,0.62559,81.27014,-4.98424,0.158215,0.421404,NA,NA,NA,NA,NA,NA,NA,NA,NA,NA,NA,-6.58882,12.827209999999999,-1.32602,50,6.32644,3.97898,-129.55244,-6.20993,-11.16138,27.89088,-10.44491,SOU_RED,SOU_RED,SEMissouriState,TeamExclusive,Team,20260122-SEMissouriState-Private-1,0362b900-f7dd-11f0-8217-ffa056d3feda,89.44484,NA,NA,8.00882,NA,NA,NA,NA,NA,NA,fdc3883b-ec04-4f3d-97e9-3bef6ee70fa8,2026-01-22,21:55:04,2026-01-22T21:55:04Z,2026-01-22T21:55:04Z,NA,v3,471444,471444,NA,"Sims, Tank",10135104,Right,SOU_RED,864681f5-a4e2-4602-8e29-71910e222151,53.88164,-130.38542,13.94544,6.50724,-5.89799,-5.22246,-1.44984,4.31233,-5.58069,NA,NA,NA,NA,NA,NA,NA,NA,NA,NA,NA,NA,NA,NA,NA,NA,NA,NA,NA,NA,NA,NA,NA,NA,NA,NA,NA,NA,NA,NA,NA,NA,NA,NA,NA,NA,NA,NA,NA,NA,NA,NA,NA,NA,NA,NA,NA,NA,NA,NA,High,High,High,NA,NA,NA,NA,NA,207.101069,24.7383,1827.29215,0.908229,01:00:00,-0.426447,-0.432717,-0.794291,-40.278792,5.921046,-66.151092,0.064565,162.248677,-0.950402,17.713057,0.950402,-0.30425,-0.064565,3.886358,3.701851,0.30425,0.30425,-162.248677,-3.701851,0.064565,-17.713057,-3.886358,-0.064565,-0.30425,0.950402,-0.950402,NA,NA,NA,NA,NA,NA,NA,NA,NA,NA,NA
NA,NA,NA,NA,NA,NA,NA,NA,NA,NA,NA,NA,NA,NA,NA,NA,72,2026-01-22,15:55:31,5,4,"Pennington, Mason",10062091,Right,SOU_RED,"Terranova, Joe",1000272666,Right,SOU_RED,Undefined,2,Bottom,2,1,2,Slider,Slider,InPlay,Undefined,GroundBall,Out,1,1,NA,80.64436,-0.233094,-1.705732,2108.292846,60.316095,08:00:00,6.26393,1.4593,6.06525,-44.12018,-1.11917,-4.47477,2.37143,-0.49264,73.68212,-8.375973,-2.512428,0.471966,71.07484,-44.520375,-36.71395,NA,NA,NA,NA,3.5405,3.25618,-11.860693,0.031767,1.79225,-0.10441,-1.32466,50,6.2224,3.653,-117.10579,-1.86457,2.46426,24.15201,-32.31761,SOU_RED,SOU_RED,SEMissouriState,TeamExclusive,Team,20260122-SEMissouriState-Private-1,1302f780-f7dd-11f0-8217-ffa056d3feda,79.86261,2.32959,NA,6.96224,NA,NA,NA,1.56591,2.32959,0.6885,fdc3883b-ec04-4f3d-97e9-3bef6ee70fa8,2026-01-22,21:55:31,2026-01-22T21:55:31Z,2026-01-22T21:55:31Z,GroundBall,v3,471444,471444,NA,"Sims, Tank",10135104,Right,SOU_RED,9b64f2ce-596a-4ed7-8662-b0a0fbb49cfa,54.43386,-118.01669,12.076,6.26973,-0.6457,-16.15881,-1.46068,3.56006,1.23213,180,1.5649,59.77938,NA,NA,NA,NA,NA,NA,NA,2.33084,-73.33412,NA,NA,NA,NA,NA,NA,NA,0.68926,-44.58082,NA,NA,NA,NA,NA,NA,NA,NA,NA,NA,NA,NA,NA,NA,NA,NA,NA,NA,NA,NA,NA,NA,NA,NA,NA,NA,NA,NA,NA,High,High,High,Low,Low,NA,NA,NA,47.655961,67.856585,794.670862,0.376926,07:30:00,-0.919401,0.274821,0.281382,86.442937,-30.503478,33.572256,-0.598645,151.175951,-0.701773,-22.717412,0.701773,-0.386186,0.598645,40.46572,-36.772886,0.386186,-0.386186,-151.175951,36.772886,0.598645,22.717412,-40.46572,-0.598645,0.386186,0.701773,-0.701773,NA,NA,NA,NA,NA,NA,NA,NA,NA,NA,NA
NA,NA,NA,NA,NA,NA,NA,NA,NA,NA,NA,NA,NA,NA,NA,NA,73,2026-01-22,16:00:28,1,1,"Earwood, Ty",10323901,Left,SOU_RED,"Sims, Tank",10135104,Left,SOU_RED,Undefined,3,Top,0,0,0,Fastball,Changeup,BallinDirt,Undefined,Undefined,Undefined,0,0,NA,83.38017,-3.150586,3.933642,1902.552537,132.629236,10:30:00,5.71645,-1.14915,5.62412,-25.6573,15.8306,-15.4954,0.62845,1.23603,75.26766,-7.949451,1.171888,0.463588,NA,NA,NA,NA,NA,NA,NA,NA,NA,NA,NA,9.02662,9.48197,0.82316,50,5.43099,-7.62227,-120.41393,-7.43601,13.05079,26.71213,-18.4649,SOU_RED,SOU_RED,SEMissouriState,TeamExclusive,Team,20260122-SEMissouriState-Private-1,c480bdd0-f7dd-11f0-8217-ffa056d3feda,81.30591,NA,NA,8.11251,NA,NA,NA,NA,NA,NA,fdc3883b-ec04-4f3d-97e9-3bef6ee70fa8,2026-01-22,22:00:28,2026-01-22T22:00:28Z,2026-01-22T22:00:28Z,NA,v3,471444,471444,NA,"Patterson, Caynen",10080896,Right,SOU_RED,a942f2a6-1aa9-496b-a7cd-bf90dfe69ae8,54.87003,-121.48948,13.35606,5.71543,-6.69253,-9.23245,1.14065,-8.14775,6.52539,NA,NA,NA,NA,NA,NA,NA,NA,NA,NA,NA,NA,NA,NA,NA,NA,NA,NA,NA,NA,NA,NA,NA,NA,NA,NA,NA,NA,NA,NA,NA,NA,NA,NA,NA,NA,NA,NA,NA,NA,NA,NA,NA,NA,NA,NA,NA,NA,NA,NA,High,High,High,NA,NA,NA,NA,NA,141.248154,-4.680408,1896.208185,0.996665,10:45:00,0.100397,0.627403,-0.772196,31.655409,-18.137183,76.108774,-0.443292,156.260981,-0.820534,-21.152756,0.820534,-0.360856,0.443292,28.380077,-26.314123,0.360856,-0.360856,-156.260981,26.314123,0.443292,21.152756,-28.380077,-0.443292,0.360856,0.820534,-0.820534,NA,NA,NA,NA,NA,NA,NA,NA,NA,NA,NA
NA,NA,NA,NA,NA,NA,NA,NA,NA,NA,NA,NA,NA,NA,NA,NA,74,2026-01-22,16:00:42,1,2,"Earwood, Ty",10323901,Left,SOU_RED,"Sims, Tank",10135104,Left,SOU_RED,Undefined,3,Top,0,1,0,Fastball,Changeup,StrikeCalled,Undefined,Undefined,Undefined,0,0,NA,82.50609,-2.287867,2.854507,2006.449755,143.164571,10:45:00,5.736,-1.29781,5.6908,-21.74025,20.47733,-14.12926,1.78826,0.18732,74.18022,-6.423582,0.330863,0.467647,NA,NA,NA,NA,NA,NA,NA,NA,NA,NA,NA,8.04028,11.58253,1.06634,50,5.53012,-5.36105,-119.34332,-5.37774,11.38841,26.80193,-15.76829,SOU_RED,SOU_RED,SEMissouriState,TeamExclusive,Team,20260122-SEMissouriState-Private-1,ccd660c0-f7dd-11f0-8217-ffa056d3feda,80.60021,NA,NA,8.32586,NA,NA,NA,NA,NA,NA,fdc3883b-ec04-4f3d-97e9-3bef6ee70fa8,2026-01-22,22:00:42,2026-01-22T22:00:42Z,2026-01-22T22:00:42Z,NA,v3,471444,471444,NA,"Patterson, Caynen",10080896,Right,SOU_RED,5539e813-596a-47cc-a711-441a9320d96d,54.80279,-120.41709,13.40096,5.73291,-4.74601,-7.88414,1.29026,-5.81731,5.69421,NA,NA,NA,NA,NA,NA,NA,NA,NA,NA,NA,NA,NA,NA,NA,NA,NA,NA,NA,NA,NA,NA,NA,NA,NA,NA,NA,NA,NA,NA,NA,NA,NA,NA,NA,NA,NA,NA,NA,NA,NA,NA,NA,NA,NA,NA,NA,NA,NA,NA,High,High,High,NA,NA,NA,NA,NA,142.338656,-6.952023,1991.698039,0.992648,10:45:00,0.135744,0.610849,-0.780024,34.773303,-24.045241,68.865476,-0.472946,163.697941,-0.845667,-14.319181,0.845667,-0.247323,0.472946,29.216445,-28.225702,0.247323,-0.247323,-163.697941,28.225702,0.472946,14.319181,-29.216445,-0.472946,0.247323,0.845667,-0.845667,NA,NA,NA,NA,NA,NA,NA,NA,NA,NA,NA
NA,NA,NA,NA,NA,NA,NA,NA,NA,NA,NA,NA,NA,NA,NA,NA,75,2026-01-22,16:00:57,1,3,"Earwood, Ty",10323901,Left,SOU_RED,"Sims, Tank",10135104,Left,SOU_RED,Undefined,3,Top,0,1,1,Slider,Curveball,BallCalled,Undefined,Undefined,Undefined,0,0,NA,71.02202,2.720244,1.736221,2389.114912,319.557464,04:45:00,5.7847,-1.06049,4.88672,-72.04429,-13.6182,13.33076,2.35754,1.69341,64.7427,-10.236371,4.085958,0.550142,NA,NA,NA,NA,NA,NA,NA,NA,NA,NA,NA,-5.96382,-6.89536,0.87844,50,5.99117,-3.633,-102.82923,2.43844,-6.28531,19.5479,-39.44112,SOU_RED,SOU_RED,SEMissouriState,TeamExclusive,Team,20260122-SEMissouriState-Private-1,d5d84940-f7dd-11f0-8217-ffa056d3feda,68.51401,NA,NA,6.27932,NA,NA,NA,NA,NA,NA,fdc3883b-ec04-4f3d-97e9-3bef6ee70fa8,2026-01-22,22:00:57,2026-01-22T22:00:57Z,2026-01-22T22:00:57Z,NA,v3,471444,471444,NA,"Patterson, Caynen",10080896,Right,SOU_RED,b9b87f41-fd4a-41f8-ad88-3a5eee4c436c,55.61499,-103.89116,9.77395,5.80051,4.58106,-19.72056,1.06652,-3.29155,-3.14266,NA,NA,NA,NA,NA,NA,NA,NA,NA,NA,NA,NA,NA,NA,NA,NA,NA,NA,NA,NA,NA,NA,NA,NA,NA,NA,NA,NA,NA,NA,NA,NA,NA,NA,NA,NA,NA,NA,NA,NA,NA,NA,NA,NA,NA,NA,NA,NA,NA,NA,High,High,High,NA,NA,NA,NA,NA,351.601356,-57.406957,1286.940912,0.538668,05:45:00,0.821304,-0.118574,0.558032,2.138255,7.919855,-72.579659,0.278682,126.703719,-0.573999,50.351615,0.573999,-0.769975,-0.278682,25.897049,16.181587,0.769975,0.769975,-126.703719,-16.181587,0.278682,-50.351615,-25.897049,-0.278682,-0.769975,0.573999,-0.573999,NA,NA,NA,NA,NA,NA,NA,NA,NA,NA,NA
NA,NA,NA,NA,NA,NA,NA,NA,NA,NA,NA,NA,NA,NA,NA,NA,76,2026-01-22,16:01:13,1,4,"Earwood, Ty",10323901,Left,SOU_RED,"Sims, Tank",10135104,Left,SOU_RED,Undefined,3,Top,0,2,1,Fastball,Changeup,StrikeCalled,Undefined,Undefined,Undefined,0,0,NA,82.21738,-0.555043,3.658128,1949.897397,136.256816,10:30:00,5.67142,-1.38085,5.69254,-25.96832,16.21942,-14.09324,2.98905,0.85857000000000006,74.36096,-5.437459,1.144428,0.467482,NA,NA,NA,NA,NA,NA,NA,NA,NA,NA,NA,8.22359,8.83304,1.08179,50,5.60875,-7.03047,-119.03008,-1.93644,11.67912,24.99934,-19.62936,SOU_RED,SOU_RED,SEMissouriState,TeamExclusive,Team,20260122-SEMissouriState-Private-1,df02ef70-f7dd-11f0-8217-ffa056d3feda,80.62872,NA,NA,7.85642,NA,NA,NA,NA,NA,NA,fdc3883b-ec04-4f3d-97e9-3bef6ee70fa8,2026-01-22,22:01:13,2026-01-22T22:01:13Z,2026-01-22T22:01:13Z,NA,v3,471444,471444,NA,"Patterson, Caynen",10080896,Right,SOU_RED,ccf668ef-01ea-470e-8adb-0946e4ae3868,54.80278,-120.03455,12.49967,5.67071,-1.14774,-9.81468,1.3737,-7.49973,5.83956,NA,NA,NA,NA,NA,NA,NA,NA,NA,NA,NA,NA,NA,NA,NA,NA,NA,NA,NA,NA,NA,NA,NA,NA,NA,NA,NA,NA,NA,NA,NA,NA,NA,NA,NA,NA,NA,NA,NA,NA,NA,NA,NA,NA,NA,NA,NA,NA,NA,NA,High,High,High,NA,NA,NA,NA,NA,141.277036,-10.053557,1919.956737,0.984645,10:45:00,0.217264,0.617612,-0.755878,35.307154,-21.078351,67.914175,-0.518174,156.695904,-0.7855,-19.776772,0.7855,-0.338356,0.518174,33.411784,-31.209837,0.338356,-0.338356,-156.695904,31.209837,0.518174,19.776772,-33.411784,-0.518174,0.338356,0.7855,-0.7855,NA,NA,NA,NA,NA,NA,NA,NA,NA,NA,NA
NA,NA,NA,NA,NA,NA,NA,NA,NA,NA,NA,NA,NA,NA,NA,NA,77,2026-01-22,16:01:35,1,5,"Earwood, Ty",10323901,Left,SOU_RED,"Sims, Tank",10135104,Left,SOU_RED,Undefined,3,Top,0,2,2,Fastball,Changeup,InPlay,Undefined,FlyBall,Out,1,0,NA,81.91777,-0.922986,2.782721,1897.60081,145.179531,10:45:00,5.61471,-1.19195,5.75137,-22.0573,20.66848,-13.24024,2.91628,0.29726,73.44517,-5.139661,0.415958,0.470453,95.13543,27.882332,1.756846,2868.921451,109.99951,56.04455,-0.19949,365.85784,361.08935,-3.583472,5.150011,7.67674,11.29005,0.96906,50,5.52502,-5.23326,-118.59898,-2.51702,10.71243,26.96763,-16.41943,SOU_RED,SOU_RED,SEMissouriState,TeamExclusive,Team,20260122-SEMissouriState-Private-1,ec621790-f7dd-11f0-8217-ffa056d3feda,80.11942,81.02539,NA,8.47261,NA,NA,NA,1.37792,3.02366,-0.31034,fdc3883b-ec04-4f3d-97e9-3bef6ee70fa8,2026-01-22,22:01:35,2026-01-22T22:01:35Z,2026-01-22T22:01:35Z,FlyBall,v3,471444,471444,NA,"Patterson, Caynen",10080896,Right,SOU_RED,09e7e1fa-a908-49bf-975e-c1f2f86623b0,54.74397,-119.67283,13.48382,5.61223,-1.8632,-8.20971,1.18594,-5.65983,5.35621,164.585806,1.37962,123.24227,-23.41247,5.22897,-0.9974,0.17245,-0.02641,0.00288,-1.4e-4,3.02414,65.2389,-14.21009,-0.05461,0.34059,-0.16853,0.04393,-0.00565,2.8e-4,-0.30969,3.76735,-4.59596,1.30563,-0.28523,0.05077,-0.00681,6.1e-4,-3e-5,NA,NA,NA,NA,NA,NA,NA,NA,NA,NA,NA,NA,NA,NA,NA,NA,NA,NA,NA,NA,NA,NA,High,High,High,High,High,NA,NA,NA,140.142866,-5.249574,1889.641528,0.995806,10:45:00,0.118218,0.639578,-0.759581,41.126322,-24.515002,56.493042,-0.426322,165.319843,-0.875042,-13.252283,0.875042,-0.229239,0.426322,25.975411,-25.234363,0.229239,-0.229239,-165.319843,25.234363,0.426322,13.252283,-25.975411,-0.426322,0.229239,0.875042,-0.875042,NA,NA,NA,NA,NA,NA,NA,NA,NA,NA,NA
NA,NA,NA,NA,NA,NA,NA,NA,NA,NA,NA,NA,NA,NA,NA,NA,78,2026-01-22,16:02:13,2,1,"Earwood, Ty",10323901,Left,SOU_RED,"Rocha, Michael",1000047667,Right,SOU_RED,Undefined,3,Top,1,0,0,Fastball,Changeup,StrikeCalled,Undefined,Undefined,Undefined,0,0,NA,82.44545,-2.244593,3.439109,1935.849529,137.417004,10:30:00,5.61257,-1.33432,5.86065,-23.50588,17.96773,-15.2167,1.56364,0.59647,75.14383,-6.669493,0.714234,0.463508,NA,NA,NA,NA,NA,NA,NA,NA,NA,NA,NA,8.73237,10.24733,1.06382,50,5.41652,-6.56978,-119.42325,-5.36392,12.55885,23.88618,-17.43634,SOU_RED,SOU_RED,SEMissouriState,TeamExclusive,Team,20260122-SEMissouriState-Private-1,02b879d0-f7de-11f0-8217-ffa056d3feda,81.31995,NA,NA,7.30162,NA,NA,NA,NA,NA,NA,fdc3883b-ec04-4f3d-97e9-3bef6ee70fa8,2026-01-22,22:02:13,2026-01-22T22:02:13Z,2026-01-22T22:02:13Z,NA,v3,471444,471444,NA,"Patterson, Caynen",10080896,Right,SOU_RED,ca5c5135-38dd-4efb-9e2d-9722a5fa51a0,54.63612,-120.34697,11.94309,5.61091,-4.68964,-8.71817,1.32727,-7.05544,6.27942,NA,NA,NA,NA,NA,NA,NA,NA,NA,NA,NA,NA,NA,NA,NA,NA,NA,NA,NA,NA,NA,NA,NA,NA,NA,NA,NA,NA,NA,NA,NA,NA,NA,NA,NA,NA,NA,NA,NA,NA,NA,NA,NA,NA,NA,NA,NA,NA,NA,NA,High,High,High,NA,NA,NA,NA,NA,138.692927,-10.857828,1901.19323,0.982098,10:30:00,0.2068,0.655157,-0.726638,43.305414,-27.983875,55.755464,-0.508242,163.837938,-0.827177,-13.870219,0.827177,-0.239723,0.508242,31.56779,-30.546813,0.239723,-0.239723,-163.837938,30.546813,0.508242,13.870219,-31.56779,-0.508242,0.239723,0.827177,-0.827177,NA,NA,NA,NA,NA,NA,NA,NA,NA,NA,NA
NA,NA,NA,NA,NA,NA,NA,NA,NA,NA,NA,NA,NA,NA,NA,NA,79,2026-01-22,16:02:28,2,2,"Earwood, Ty",10323901,Left,SOU_RED,"Rocha, Michael",1000047667,Right,SOU_RED,Undefined,3,Top,1,0,1,Curveball,Curveball,BallCalled,Undefined,Undefined,Undefined,0,0,NA,70.69773,5.768365,0.302265,2461.161328,326.290309,05:00:00,5.70724,-1.18864,4.87468,-77.75429,-17.9508,13.47926,4.70452,0.22065,63.31902,-8.264165,2.671416,0.556589,NA,NA,NA,NA,NA,NA,NA,NA,NA,NA,NA,-6.43233,-9.96418,1.1469800000000001,50,6.21037,-1.07183,-101.93819,7.62546,-6.61314,20.33868,-42.41833,SOU_RED,SOU_RED,SEMissouriState,TeamExclusive,Team,20260122-SEMissouriState-Private-1,0baa83d0-f7de-11f0-8217-ffa056d3feda,67.72041,NA,NA,7.37872,NA,NA,NA,NA,NA,NA,fdc3883b-ec04-4f3d-97e9-3bef6ee70fa8,2026-01-22,22:02:28,2026-01-22T22:02:28Z,2026-01-22T22:02:28Z,NA,v3,471444,471444,NA,"Patterson, Caynen",10080896,Right,SOU_RED,3cb22931-e949-48f1-a634-6ee414ead03f,55.62699,-103.05477,10.16934,5.72782,9.95419,-21.20917,1.19585,-0.70877,-3.30657,NA,NA,NA,NA,NA,NA,NA,NA,NA,NA,NA,NA,NA,NA,NA,NA,NA,NA,NA,NA,NA,NA,NA,NA,NA,NA,NA,NA,NA,NA,NA,NA,NA,NA,NA,NA,NA,NA,NA,NA,NA,NA,NA,NA,NA,NA,NA,NA,NA,NA,High,High,High,NA,NA,NA,NA,NA,342.443186,-46.577836,1691.724839,0.687369,05:30:00,0.698324,-0.279295,0.659043,2.381771,1.241921,-86.676077,0.305218,131.94785100000001,-0.636557,45.093808,0.636557,-0.708264,-0.305218,25.616887,17.771265,0.708264,0.708264,-131.94785100000001,-17.771265,0.305218,-45.093808,-25.616887,-0.305218,-0.708264,0.636557,-0.636557,NA,NA,NA,NA,NA,NA,NA,NA,NA,NA,NA
NA,NA,NA,NA,NA,NA,NA,NA,NA,NA,NA,NA,NA,NA,NA,NA,80,2026-01-22,16:02:42,2,3,"Earwood, Ty",10323901,Left,SOU_RED,"Rocha, Michael",1000047667,Right,SOU_RED,Undefined,3,Top,1,1,1,Curveball,Curveball,BallCalled,Undefined,Undefined,Undefined,0,0,NA,70.71002,4.2123100000000004,0.356237,2465.66389,323.110864,04:45:00,5.68517,-1.18615,4.99546,-74.58768,-15.74918,13.37497,3.45373,0.26476,64.09201,-9.256085,2.717376,0.55208,NA,NA,NA,NA,NA,NA,NA,NA,NA,NA,NA,-6.43473,-8.40918,1.1406,50,6.03054,-1.15133,-102.2921,5.02421,-6.70793,19.41407,-40.94024,SOU_RED,SOU_RED,SEMissouriState,TeamExclusive,Team,20260122-SEMissouriState-Private-1,14170a20-f7de-11f0-8217-ffa056d3feda,68.27348,NA,NA,6.61802,NA,NA,NA,NA,NA,NA,fdc3883b-ec04-4f3d-97e9-3bef6ee70fa8,2026-01-22,22:02:42,2026-01-22T22:02:42Z,2026-01-22T22:02:42Z,NA,v3,471444,471444,NA,"Patterson, Caynen",10080896,Right,SOU_RED,7ac612b2-7c26-41a9-9f33-a0686d954fc0,55.5069,-103.33197,9.70704,5.7027,7.21708,-20.47012,1.19264,-0.79203,-3.35397,NA,NA,NA,NA,NA,NA,NA,NA,NA,NA,NA,NA,NA,NA,NA,NA,NA,NA,NA,NA,NA,NA,NA,NA,NA,NA,NA,NA,NA,NA,NA,NA,NA,NA,NA,NA,NA,NA,NA,NA,NA,NA,NA,NA,NA,NA,NA,NA,NA,NA,High,High,High,NA,NA,NA,NA,NA,342.154839,-51.223146,1544.218005,0.626289,05:30:00,0.759667,-0.248668,0.600892,3.246964,4.215583,-82.131773,0.305126,127.777382,-0.583382,48.825199,0.583382,-0.752705,-0.305126,27.610879,17.765724,0.752705,0.752705,-127.777382,-17.765724,0.305126,-48.825199,-27.610879,-0.305126,-0.752705,0.583382,-0.583382,NA,NA,NA,NA,NA,NA,NA,NA,NA,NA,NA
NA,NA,NA,NA,NA,NA,NA,NA,NA,NA,NA,NA,NA,NA,NA,NA,81,2026-01-22,16:02:59,2,4,"Earwood, Ty",10323901,Left,SOU_RED,"Rocha, Michael",1000047667,Right,SOU_RED,Undefined,3,Top,1,2,1,ChangeUp,Changeup,BallinDirt,Undefined,Undefined,Undefined,0,0,NA,77.58828,-1.81053,2.247858,1219.872802,101.818181,09:30:00,5.71375,-1.45089,5.64956,-42.73581,4.52973,-13.9345,0.46187,-0.51443,71.01537,-9.639433,-0.247047,0.494816,NA,NA,NA,NA,NA,NA,NA,NA,NA,NA,NA,7.77347,3.31914,1.26933,50,5.53303,-3.89084,-112.49217,-4.91334,9.87178,22.11277,-27.95897,SOU_RED,SOU_RED,SEMissouriState,TeamExclusive,Team,20260122-SEMissouriState-Private-1,1e93f9e0-f7de-11f0-8217-ffa056d3feda,76.17467,NA,NA,6.57291,NA,NA,NA,NA,NA,NA,fdc3883b-ec04-4f3d-97e9-3bef6ee70fa8,2026-01-22,22:02:59,2026-01-22T22:02:59Z,2026-01-22T22:02:59Z,NA,v3,471444,471444,NA,"Patterson, Caynen",10080896,Right,SOU_RED,45d22268-6919-4ea9-8b8e-3a4706a5be55,54.84902,-113.44135,11.05638,5.71818,-3.71322,-13.97949,1.44544,-4.31458,4.93589,NA,NA,NA,NA,NA,NA,NA,NA,NA,NA,NA,NA,NA,NA,NA,NA,NA,NA,NA,NA,NA,NA,NA,NA,NA,NA,NA,NA,NA,NA,NA,NA,NA,NA,NA,NA,NA,NA,NA,NA,NA,NA,NA,NA,NA,NA,NA,NA,NA,NA,High,High,High,NA,NA,NA,NA,NA,127.211163,-16.190356,1171.493416,0.960341,10:15:00,0.277109,0.773255,-0.57034,-64.812876,28.113958,-72.510051,-0.308182,96.293913,-0.104293,-71.013163,0.104293,-0.945593,0.308182,71.30352,-17.949712,0.945593,-0.945593,-96.293913,17.949712,0.308182,71.013163,-71.30352,-0.308182,0.945593,0.104293,-0.104293,NA,NA,NA,NA,NA,NA,NA,NA,NA,NA,NA
NA,NA,NA,NA,NA,NA,NA,NA,NA,NA,NA,NA,NA,NA,NA,NA,82,2026-01-22,16:03:18,2,5,"Earwood, Ty",10323901,Left,SOU_RED,"Rocha, Michael",1000047667,Right,SOU_RED,Undefined,3,Top,1,3,1,Fastball,Changeup,BallCalled,Walk,Undefined,Undefined,0,0,NA,81.12514,0.210543,2.629758,1989.144742,141.737615,10:45:00,5.68822,-1.48201,5.57694,-25.49564,17.97072,-12.96501,3.76043,-0.10458,73.28848,-4.593905,0.31969,0.474513,NA,NA,NA,NA,NA,NA,NA,NA,NA,NA,NA,7.315,9.45091,1.26408,50,5.69005,-4.86444,-117.52908,-0.32436,10.12316,24.47883,-19.09498,SOU_RED,SOU_RED,SEMissouriState,TeamExclusive,Team,20260122-SEMissouriState-Private-1,298dbac0-f7de-11f0-8217-ffa056d3feda,79.43399,NA,NA,7.83666,NA,NA,NA,NA,NA,NA,fdc3883b-ec04-4f3d-97e9-3bef6ee70fa8,2026-01-22,22:03:18,2026-01-22T22:03:18Z,2026-01-22T22:03:18Z,NA,v3,471444,471444,NA,"Patterson, Caynen",10080896,Right,SOU_RED,27240562-adb1-478f-81ce-b01a7ae072cc,54.91789,-118.54894,12.23942,5.68699,0.4712,-9.54749,1.47554,-5.2862,5.06158,NA,NA,NA,NA,NA,NA,NA,NA,NA,NA,NA,NA,NA,NA,NA,NA,NA,NA,NA,NA,NA,NA,NA,NA,NA,NA,NA,NA,NA,NA,NA,NA,NA,NA,NA,NA,NA,NA,NA,NA,NA,NA,NA,NA,NA,NA,NA,NA,NA,NA,High,High,High,NA,NA,NA,NA,NA,139.982054,-8.736213,1966.066859,0.988398,10:45:00,0.188788,0.635005,-0.749085,30.498242,-27.795837,63.411981,-0.3913,165.682519,-0.89168,-13.154411,0.89168,-0.227576,0.3913,23.693532,-23.035421,0.227576,-0.227576,-165.682519,23.035421,0.3913,13.154411,-23.693532,-0.3913,0.227576,0.89168,-0.89168,NA,NA,NA,NA,NA,NA,NA,NA,NA,NA,NA
NA,NA,NA,NA,NA,NA,NA,NA,NA,NA,NA,NA,NA,NA,NA,NA,83,2026-01-22,16:03:52,3,1,"Earwood, Ty",10323901,Left,SOU_RED,"Schrack, Carson",10186680,Left,SOU_RED,Undefined,3,Top,1,0,0,Fastball,Changeup,BallCalled,Undefined,Undefined,Undefined,0,0,NA,80.93168,-0.828432,4.762728,1980.414783,139.666116,10:45:00,5.59157,-1.31243,5.97056,-26.12694,16.91851,-13.10387,2.64356,2.02133,73.46842,-5.753885,2.418976,0.47221,NA,NA,NA,NA,NA,NA,NA,NA,NA,NA,NA,8.08709,9.35686,0.94151,50,5.51128,-9.24547,-117.09262,-2.43323,11.15542,23.4392,-19.26715,SOU_RED,SOU_RED,SEMissouriState,TeamExclusive,Team,20260122-SEMissouriState-Private-1,3e2248c0-f7de-11f0-8217-ffa056d3feda,79.82137,NA,NA,7.46327,NA,NA,NA,NA,NA,NA,fdc3883b-ec04-4f3d-97e9-3bef6ee70fa8,2026-01-22,22:03:52,2026-01-22T22:03:52Z,2026-01-22T22:03:52Z,NA,v3,471444,471444,NA,"Patterson, Caynen",10080896,Right,SOU_RED,2627a5f7-c3ce-436a-bd66-dad118e7cbbb,54.52525,-117.99499,11.7196,5.59068,-1.69148,-9.63357,1.30571,-9.67493,5.57771,NA,NA,NA,NA,NA,NA,NA,NA,NA,NA,NA,NA,NA,NA,NA,NA,NA,NA,NA,NA,NA,NA,NA,NA,NA,NA,NA,NA,NA,NA,NA,NA,NA,NA,NA,NA,NA,NA,NA,NA,NA,NA,NA,NA,NA,NA,NA,NA,NA,NA,High,High,High,NA,NA,NA,NA,NA,143.462633,-10.986694,1944.116689,0.981671,10:45:00,0.246971,0.587129,-0.770898,42.396529,-26.401766,50.232536,-0.511035,166.288317,-0.835063,-11.756151,0.835063,-0.203747,0.511035,31.465449,-30.732792,0.203747,-0.203747,-166.288317,30.732792,0.511035,11.756151,-31.465449,-0.511035,0.203747,0.835063,-0.835063,NA,NA,NA,NA,NA,NA,NA,NA,NA,NA,NA
NA,NA,NA,NA,NA,NA,NA,NA,NA,NA,NA,NA,NA,NA,NA,NA,84,2026-01-22,16:04:11,3,2,"Earwood, Ty",10323901,Left,SOU_RED,"Schrack, Carson",10186680,Left,SOU_RED,Undefined,3,Top,1,1,0,Fastball,Changeup,BallCalled,Undefined,Undefined,Undefined,0,0,NA,82.12063,-2.555355,3.698866,1886.636612,136.373125,10:30:00,5.65313,-1.24901,5.69027,-26.79395,15.19091,-13.15914,1.03217,1.10653,75.1936,-7.5348560000000004,1.350361,0.466356,NA,NA,NA,NA,NA,NA,NA,NA,NA,NA,NA,7.66808,8.85103,0.94575,50,5.42114,-7.15127,-118.89137,-6.144,10.97138,22.8744,-19.51012,SOU_RED,SOU_RED,SEMissouriState,TeamExclusive,Team,20260122-SEMissouriState-Private-1,49246e10-f7de-11f0-8217-ffa056d3feda,80.82327,NA,NA,6.92703,NA,NA,NA,NA,NA,NA,fdc3883b-ec04-4f3d-97e9-3bef6ee70fa8,2026-01-22,22:04:11,2026-01-22T22:04:11Z,2026-01-22T22:04:11Z,NA,v3,471444,471444,NA,"Patterson, Caynen",10080896,Right,SOU_RED,f68a0616-921a-4487-a70d-08a06ffca44c,54.8063,-119.81252,11.4372,5.65274,-5.35832,-9.75506,1.24263,-7.59309,5.48569,NA,NA,NA,NA,NA,NA,NA,NA,NA,NA,NA,NA,NA,NA,NA,NA,NA,NA,NA,NA,NA,NA,NA,NA,NA,NA,NA,NA,NA,NA,NA,NA,NA,NA,NA,NA,NA,NA,NA,NA,NA,NA,NA,NA,NA,NA,NA,NA,NA,NA,High,High,High,NA,NA,NA,NA,NA,143.144897,-5.484929,1877.99841,0.995421,10:45:00,0.12011,0.600715,-0.790389,35.049543,-18.297194,71.613083,-0.479048,157.980837,-0.813761,-19.214009,0.813761,-0.329098,0.479048,30.484646,-28.623267,0.329098,-0.329098,-157.980837,28.623267,0.479048,19.214009,-30.484646,-0.479048,0.329098,0.813761,-0.813761,NA,NA,NA,NA,NA,NA,NA,NA,NA,NA,NA
NA,NA,NA,NA,NA,NA,NA,NA,NA,NA,NA,NA,NA,NA,NA,NA,85,2026-01-22,16:04:56,3,3,"Earwood, Ty",10323901,Left,SOU_RED,"Schrack, Carson",10186680,Left,SOU_RED,Undefined,3,Top,1,2,0,Fastball,Changeup,BallCalled,Undefined,Undefined,Undefined,0,0,NA,81.47177,-1.849435,4.248591,1957.089404,144.580398,10:45:00,5.66665,-1.18892,5.61827,-23.19966,20.11977,-13.16997,2.00199,1.68587,73.51431,-6.236486,1.905609,0.47371,NA,NA,NA,NA,NA,NA,NA,NA,NA,NA,NA,7.93682,11.2041,0.83414,50,5.49379,-8.20101,-117.74183,-4.47249,10.99871,25.03086,-16.64758,SOU_RED,SOU_RED,SEMissouriState,TeamExclusive,Team,20260122-SEMissouriState-Private-1,642804b0-f7de-11f0-8217-ffa056d3feda,79.56856,NA,NA,7.95746,NA,NA,NA,NA,NA,NA,fdc3883b-ec04-4f3d-97e9-3bef6ee70fa8,2026-01-22,22:04:56,2026-01-22T22:04:56Z,2026-01-22T22:04:56Z,NA,v3,471444,471444,NA,"Patterson, Caynen",10080896,Right,SOU_RED,e94cd329-3716-43e1-be82-2adbd34c71b9,54.8757,-118.77384,12.51543,5.66404,-3.78612,-8.32379,1.18161,-8.65448,5.49936,NA,NA,NA,NA,NA,NA,NA,NA,NA,NA,NA,NA,NA,NA,NA,NA,NA,NA,NA,NA,NA,NA,NA,NA,NA,NA,NA,NA,NA,NA,NA,NA,NA,NA,NA,NA,NA,NA,NA,NA,NA,NA,NA,NA,NA,NA,NA,NA,NA,NA,High,High,High,NA,NA,NA,NA,NA,138.940461,-3.986034,1952.355251,0.997581,10:45:00,0.103923,0.657156,-0.746556,28.979477,-28.346506,69.539001,-0.352768,166.43083,-0.909593,-12.681759,0.909593,-0.219536,0.352768,21.197819,-20.656708,0.219536,-0.219536,-166.43083,20.656708,0.352768,12.681759,-21.197819,-0.352768,0.219536,0.909593,-0.909593,NA,NA,NA,NA,NA,NA,NA,NA,NA,NA,NA
NA,NA,NA,NA,NA,NA,NA,NA,NA,NA,NA,NA,NA,NA,NA,NA,86,2026-01-22,16:05:17,3,4,"Earwood, Ty",10323901,Left,SOU_RED,"Schrack, Carson",10186680,Left,SOU_RED,Undefined,3,Top,1,3,0,Fastball,Changeup,BallCalled,Walk,Undefined,Undefined,0,0,NA,81.53003,-2.438335,4.087257,1971.176835,134.278785,10:30:00,5.63814,-1.25391,5.73691,-27.10785,15.77154,-14.61178,1.10145,1.3409,74.06165,-7.503513,1.478959,0.471298,NA,NA,NA,NA,NA,NA,NA,NA,NA,NA,NA,8.59823,9.20772,0.92182,50,5.41813,-7.8317,-117.901,-5.8478,12.00089,24.17747,-19.32247,SOU_RED,SOU_RED,SEMissouriState,TeamExclusive,Team,20260122-SEMissouriState-Private-1,707854e0-f7de-11f0-8217-ffa056d3feda,79.97577,NA,NA,7.46838,NA,NA,NA,NA,NA,NA,fdc3883b-ec04-4f3d-97e9-3bef6ee70fa8,2026-01-22,22:05:17,2026-01-22T22:05:17Z,2026-01-22T22:05:17Z,NA,v3,471444,471444,NA,"Patterson, Caynen",10080896,Right,SOU_RED,2b74a4c8-5142-4bbf-b902-5a037d4e81db,54.7584,-118.87278,12.08874,5.63757,-5.07116,-9.66124,1.2463,-8.31406,6.00044,NA,NA,NA,NA,NA,NA,NA,NA,NA,NA,NA,NA,NA,NA,NA,NA,NA,NA,NA,NA,NA,NA,NA,NA,NA,NA,NA,NA,NA,NA,NA,NA,NA,NA,NA,NA,NA,NA,NA,NA,NA,NA,NA,NA,NA,NA,NA,NA,NA,NA,High,High,High,NA,NA,NA,NA,NA,137.898272,-4.150866,1966.006271,0.997377,10:30:00,0.096502,0.671164,-0.735001,38.559263,-17.103952,68.954671,-0.440816,152.411759,-0.79554,-24.562786,0.79554,-0.41569,0.440816,28.991239,-26.155941,0.41569,-0.41569,-152.411759,26.155941,0.440816,24.562786,-28.991239,-0.440816,0.41569,0.79554,-0.79554,NA,NA,NA,NA,NA,NA,NA,NA,NA,NA,NA
NA,NA,NA,NA,NA,NA,NA,NA,NA,NA,NA,NA,NA,NA,NA,NA,87,2026-01-22,16:06:22,4,1,"Earwood, Ty",10323901,Left,SOU_RED,"Lopetegui, Ryan",1000327160,Right,SOU_RED,Undefined,3,Top,1,0,0,Fastball,Changeup,StrikeCalled,Undefined,Undefined,Undefined,0,0,NA,82.07523,-0.997688,2.435335,1874.011826,137.860537,10:30:00,5.61237,-1.40775,5.7963,-25.47931,16.62899,-13.69603,2.56017,-0.2825,74.29603,-5.799536,-0.016886,0.467041,NA,NA,NA,NA,NA,NA,NA,NA,NA,NA,NA,7.6937,9.2165,1.21551,50,5.51524,-4.50675,-118.96269,-2.8212,10.90396,25.16909,-19.11187,SOU_RED,SOU_RED,SEMissouriState,TeamExclusive,Team,20260122-SEMissouriState-Private-1,973b6d60-f7de-11f0-8217-ffa056d3feda,80.70473,NA,NA,7.7792,NA,NA,NA,NA,NA,NA,fdc3883b-ec04-4f3d-97e9-3bef6ee70fa8,2026-01-22,22:06:22,2026-01-22T22:06:22Z,2026-01-22T22:06:22Z,NA,v3,471444,471444,NA,"Patterson, Caynen",10080896,Right,SOU_RED,411dddcc-9b97-4c46-8732-8b863dee4827,54.69922,-119.95279,12.58455,5.61143,-2.06938,-9.55594,1.40123,-4.93569,5.45198,NA,NA,NA,NA,NA,NA,NA,NA,NA,NA,NA,NA,NA,NA,NA,NA,NA,NA,NA,NA,NA,NA,NA,NA,NA,NA,NA,NA,77.25553,2.026165,0.704461,1.321704,-1.21925,2.28603,0.28607,-1.03357,6.11223,1.0904,127.2759,5.41762,4.95908,-0.86018,110.43321,-10.34151,6.12649,14.74771,-11.58005,1.03742,-0.00794,2.29207,High,High,High,NA,NA,High,High,High,139.683666,0.531313,1873.931252,0.999957,10:45:00,0.01188,0.64672,-0.762635,47.392595,-10.602967,58.163498,-0.402348,153.674254,-0.820539,-23.953466,0.820539,-0.405995,0.402348,26.120844,-23.725056,0.405995,-0.405995,-153.674254,23.725056,0.402348,23.953466,-26.120844,-0.402348,0.405995,0.820539,-0.820539,NA,NA,NA,NA,NA,NA,NA,NA,NA,NA,NA
NA,NA,NA,NA,NA,NA,NA,NA,NA,NA,NA,NA,NA,NA,NA,NA,88,2026-01-22,16:06:44,4,2,"Earwood, Ty",10323901,Left,SOU_RED,"Lopetegui, Ryan",1000327160,Right,SOU_RED,Undefined,3,Top,1,0,1,ChangeUp,Slider,InPlay,Undefined,GroundBall,Out,1,0,NA,76.93131,-0.277264,3.051294,1043.746397,117.282715,10:00:00,5.80565,-1.20826,5.61802,-39.96431,8.56032,-13.13796,2.21616,0.54724,69.53288,-7.676621,0.706677,0.501363,83.53867,-10.416795,-37.274977,NA,NA,NA,NA,15.12043,15.12043,-32.970582,0.104688,7.68863,4.91729,0.95651,50,5.75647,-5.44427,-111.41071,-1.76968,9.49998,23.17832,-26.09829,SOU_RED,SOU_RED,SEMissouriState,TeamExclusive,Team,20260122-SEMissouriState-Private-1,a4a14c40-f7de-11f0-8217-ffa056d3feda,75.17988,2.37135,NA,7.39843,NA,NA,NA,2.72968,2.37135,-0.51779,fdc3883b-ec04-4f3d-97e9-3bef6ee70fa8,2026-01-22,22:06:44,2026-01-22T22:06:44Z,2026-01-22T22:06:44Z,GroundBall,v3,471444,471444,NA,"Patterson, Caynen",10080896,Right,SOU_RED,f01b5445-1dea-4c9e-a3b8-8e6a005e901b,54.87929,-112.42123,11.58916,5.80882,-0.63185,-13.04914,1.2029,-5.85844,4.74999,128.008071,2.72969,95.88899,-7.5609,NA,NA,NA,NA,NA,NA,2.37135,-22.15317,-4.76238,NA,NA,NA,NA,NA,NA,-0.51777,-72.98444,-6.41356,NA,NA,NA,NA,NA,NA,NA,NA,NA,NA,NA,NA,NA,NA,NA,NA,NA,NA,NA,NA,NA,NA,NA,NA,NA,NA,NA,NA,High,High,High,High,High,NA,NA,NA,129.019295,-23.101226,960.051611,0.919813,10:15:00,0.419168,0.716524,-0.557576,-60.526033,24.368757,-73.467036,-0.286966,99.750255,-0.162231,-70.752549,0.162231,-0.944104,0.286966,60.519118,-16.676385,0.944104,-0.944104,-99.750255,16.676385,0.286966,70.752549,-60.519118,-0.286966,0.944104,0.162231,-0.162231,NA,NA,NA,NA,NA,NA,NA,NA,NA,NA,NA
NA,NA,NA,NA,NA,NA,NA,NA,NA,NA,NA,NA,NA,NA,NA,NA,89,2026-01-22,16:07:25,5,1,"Earwood, Ty",10323901,Left,SOU_RED,"Menth, Alexander",10180011,Left,SOU_RED,Undefined,3,Top,2,0,0,ChangeUp,Changeup,StrikeCalled,Undefined,Undefined,Undefined,0,0,NA,76.61346,0.429732,3.159725,1083.512854,110.602697,09:45:00,5.67323,-1.37771,5.52741,-42.5999,5.9376,-11.53544,2.52558,0.61784,69.99295,-7.398792,1.10559,0.50143,NA,NA,NA,NA,NA,NA,NA,NA,NA,NA,NA,6.69737,3.38855,1.11057,50,5.68251,-5.68291,-111.03932,-0.52616,8.33004,20.58655,-27.95946,SOU_RED,SOU_RED,SEMissouriState,TeamExclusive,Team,20260122-SEMissouriState-Private-1,bc9d4830-f7de-11f0-8217-ffa056d3feda,75.16993,NA,NA,6.62051,NA,NA,NA,NA,NA,NA,fdc3883b-ec04-4f3d-97e9-3bef6ee70fa8,2026-01-22,22:07:25,2026-01-22T22:07:25Z,2026-01-22T22:07:25Z,NA,v3,471444,471444,NA,"Patterson, Caynen",10080896,Right,SOU_RED,2a5fd786-cd1b-491c-81d0-fbc97dda3868,54.96958,-111.95688,10.29328,5.67819,0.72002,-13.97973,1.37214,-6.05418,4.16502,NA,NA,NA,NA,NA,NA,NA,NA,NA,NA,NA,NA,NA,NA,NA,NA,NA,NA,NA,NA,NA,NA,NA,NA,NA,NA,NA,NA,NA,NA,NA,NA,NA,NA,NA,NA,NA,NA,NA,NA,NA,NA,NA,NA,NA,NA,NA,NA,NA,NA,High,High,High,NA,NA,NA,NA,NA,123.531492,-19.930243,1018.619461,0.940108,10:00:00,0.374841,0.781079,-0.499409,-57.818256,21.334654,-65.135594,-0.331643,102.955363,-0.211504,-66.837142,0.211504,-0.919391,0.331643,57.472522,-19.368545,0.919391,-0.919391,-102.955363,19.368545,0.331643,66.837142,-57.472522,-0.331643,0.919391,0.211504,-0.211504,NA,NA,NA,NA,NA,NA,NA,NA,NA,NA,NA
NA,NA,NA,NA,NA,NA,NA,NA,NA,NA,NA,NA,NA,NA,NA,NA,90,2026-01-22,16:07:45,5,2,"Earwood, Ty",10323901,Left,SOU_RED,"Klein, Caleb",1000329534,Right,SOU_RED,Undefined,3,Top,2,0,1,Fastball,Changeup,StrikeCalled,Undefined,Undefined,Undefined,0,0,NA,81.71118,-1.281794,3.374448,2068.912089,138.037339,10:30:00,5.63406,-1.30767,5.81068,-26.15407,15.8956,-13.08076,2.26035,0.74378,74.81121,-6.172423,1.034502,0.466716,NA,NA,NA,NA,NA,NA,NA,NA,NA,NA,NA,7.57008,8.87099,1.03847,50,5.5133,-6.46802,-118.47532,-3.43513,10.77164,22.3966,-19.55126,SOU_RED,SOU_RED,SEMissouriState,TeamExclusive,Team,20260122-SEMissouriState-Private-1,c8e2ea00-f7de-11f0-8217-ffa056d3feda,80.76099,NA,NA,6.89997,NA,NA,NA,NA,NA,NA,fdc3883b-ec04-4f3d-97e9-3bef6ee70fa8,2026-01-22,22:07:45,2026-01-22T22:07:45Z,2026-01-22T22:07:45Z,NA,v3,471444,471444,NA,"Patterson, Caynen",10080896,Right,SOU_RED,31e54c18-74d5-48d3-a00f-14f1fd462c69,54.68654,-119.35798,11.1983,5.63349,-2.66461,-9.77563,1.30175,-6.89254,5.38582,NA,NA,NA,NA,NA,NA,NA,NA,NA,NA,NA,NA,NA,NA,NA,NA,NA,NA,NA,NA,NA,NA,NA,NA,NA,NA,NA,NA,NA,NA,NA,NA,NA,NA,NA,NA,NA,NA,NA,NA,NA,NA,NA,NA,NA,NA,NA,NA,NA,NA,High,High,High,NA,NA,NA,NA,NA,141.781194,-8.526164,2046.047018,0.988948,10:45:00,0.180038,0.614992,-0.767705,39.815985,-16.218335,65.315477,-0.513977,152.647503,-0.761898,-23.211698,0.761898,-0.39413,0.513977,34.003639,-30.929125,0.39413,-0.39413,-152.647503,30.929125,0.513977,23.211698,-34.003639,-0.513977,0.39413,0.761898,-0.761898,NA,NA,NA,NA,NA,NA,NA,NA,NA,NA,NA
NA,NA,NA,NA,NA,NA,NA,NA,NA,NA,NA,NA,NA,NA,NA,NA,91,2026-01-22,16:08:08,5,3,"Earwood, Ty",10323901,Left,SOU_RED,"Klein, Caleb",1000329534,Right,SOU_RED,Undefined,3,Top,2,0,2,ChangeUp,Changeup,BallinDirt,Undefined,Undefined,Undefined,0,0,NA,77.71208,-2.027217,1.794553,1104.41388,93.251449,09:00:00,5.60553,-1.27702,5.58375,-44.34132,2.38417,-16.77304,0.01557,-0.99837,71.96941,-10.089271,-1.207479,0.491981,NA,NA,NA,NA,NA,NA,NA,NA,NA,NA,NA,9.04623,2.16213,1.13418,50,5.40201,-2.91042,-112.82823,-5.42825,11.68063,20.20748,-29.38225,SOU_RED,SOU_RED,SEMissouriState,TeamExclusive,Team,20260122-SEMissouriState-Private-1,d67b4a90-f7de-11f0-8217-ffa056d3feda,76.61361,NA,NA,5.74267,NA,NA,NA,NA,NA,NA,fdc3883b-ec04-4f3d-97e9-3bef6ee70fa8,2026-01-22,22:08:08,2026-01-22T22:08:08Z,2026-01-22T22:08:08Z,NA,v3,471444,471444,NA,"Patterson, Caynen",10080896,Right,SOU_RED,e517f38e-c8ae-4865-b8a5-0f2f9f34e99b,54.91736,-113.70552,10.10374,5.60998,-4.15265,-14.69113,1.27154,-3.41752,5.84032,NA,NA,NA,NA,NA,NA,NA,NA,NA,NA,NA,NA,NA,NA,NA,NA,NA,NA,NA,NA,NA,NA,NA,NA,NA,NA,NA,NA,NA,NA,NA,NA,NA,NA,NA,NA,NA,NA,NA,NA,NA,NA,NA,NA,NA,NA,NA,NA,NA,NA,High,High,High,NA,NA,NA,NA,NA,122.872594,-13.620192,1073.355634,0.971878,10:00:00,0.222881,0.82408,-0.520785,-60.523235,21.672337,-61.902155,-0.385827,99.860582,-0.157992,-65.359614,0.157992,-0.908942,0.385827,67.731472,-22.695075,0.908942,-0.908942,-99.860582,22.695075,0.385827,65.359614,-67.731472,-0.385827,0.908942,0.157992,-0.157992,NA,NA,NA,NA,NA,NA,NA,NA,NA,NA,NA
NA,NA,NA,NA,NA,NA,NA,NA,NA,NA,NA,NA,NA,NA,NA,NA,92,2026-01-22,16:08:32,5,4,"Earwood, Ty",10323901,Left,SOU_RED,"Klein, Caleb",1000329534,Right,SOU_RED,Undefined,3,Top,2,1,2,Curveball,Curveball,InPlay,Undefined,GroundBall,Single,0,1,NA,71.10207,2.82733,0.543667,2318.720705,328.224159,05:00:00,5.71124,-1.2077,4.92785,-72.41465,-14.60698,10.23111,2.35167,0.15883,65.11767,-10.195771,2.350803,0.547223,85.21976,-9.94067,0.469435,NA,NA,NA,NA,13.13238,13.13238,-0.129621,0.09953,-4.89922,-7.56713,1.14573,50,5.92578,-1.3634,-103.07051,2.65807,-5.21933,18.67815,-40.23565,SOU_RED,SOU_RED,SEMissouriState,TeamExclusive,Team,20260122-SEMissouriState-Private-1,e4b5b780-f7de-11f0-8217-ffa056d3feda,68.87952,2.21937,NA,5.9844,NA,NA,NA,0.91479,2.21937,-0.17313,fdc3883b-ec04-4f3d-97e9-3bef6ee70fa8,2026-01-22,22:08:32,2026-01-22T22:08:32Z,2026-01-22T22:08:32Z,GroundBall,v3,471444,471444,NA,"Patterson, Caynen",10080896,Right,SOU_RED,748332fe-363f-47c7-931e-61daf7515099,55.57552,-104.07599,9.33907,5.7244,4.82402,-20.11783,1.21156,-1.08244,-2.60967,208.229151,0.9148,123.10616,-3.55198,NA,NA,NA,NA,NA,NA,2.21937,-21.57636,-7.26424,NA,NA,NA,NA,NA,NA,-0.17314,1.00994,4.3326,NA,NA,NA,NA,NA,NA,NA,NA,NA,NA,NA,NA,NA,NA,NA,NA,NA,NA,NA,NA,NA,NA,NA,NA,NA,NA,NA,NA,High,High,High,High,High,NA,NA,NA,345.302217,-52.557142,1409.712394,0.60797,05:30:00,0.779769,-0.19323,0.595501,-0.881765,4.890879,89.653531,0.238226,125.591357,-0.565244,52.164638,0.565244,-0.789777,-0.238226,22.853349,13.781884,0.789777,0.789777,-125.591357,-13.781884,0.238226,-52.164638,-22.853349,-0.238226,-0.789777,0.565244,-0.565244,NA,NA,NA,NA,NA,NA,NA,NA,NA,NA,NA
NA,NA,NA,NA,NA,NA,NA,NA,NA,NA,NA,NA,NA,NA,NA,NA,93,2026-01-22,16:09:31,6,1,"Earwood, Ty",10323901,Left,SOU_RED,"Kettering, Brooks",62716,Left,SOU_RED,Undefined,3,Top,2,0,0,Fastball,Changeup,BallCalled,Undefined,Undefined,Undefined,0,0,NA,81.14584,-0.983725,3.99425,1994.783159,145.059411,10:45:00,5.6665,-1.24214,5.62258,-24.98076,18.648,-11.9089,2.66445,1.49885,73.15457,-5.696836,1.874709,0.475399,NA,NA,NA,NA,NA,NA,NA,NA,NA,NA,NA,7.23666,10.19725,0.90867,50,5.56676,-7.70249,-117.34272,-2.74654,9.954,24.99675,-18.14777,SOU_RED,SOU_RED,SEMissouriState,TeamExclusive,Team,20260122-SEMissouriState-Private-1,08113b00-f7df-11f0-8217-ffa056d3feda,79.28598,NA,NA,7.99127,NA,NA,NA,NA,NA,NA,fdc3883b-ec04-4f3d-97e9-3bef6ee70fa8,2026-01-22,22:09:31,2026-01-22T22:09:31Z,2026-01-22T22:09:31Z,NA,v3,471444,471444,NA,"Patterson, Caynen",10080896,Right,SOU_RED,41eb3ae3-2d3d-4f52-9d2c-a98638286921,54.87126,-118.37587,12.49838,5.66478,-1.99647,-9.07388,1.23553,-8.1139,4.977,NA,NA,NA,NA,NA,NA,NA,NA,NA,NA,NA,NA,NA,NA,NA,NA,NA,NA,NA,NA,NA,NA,NA,NA,NA,NA,NA,NA,68.85061,1.737629,0.74112,0.996509,-1.41024,2.375,-1.58861,-3.789,5.12803,2.07268,67.05447,3.87101,57.74428,-3.73421,80.07752,-9.17115,5.15839,13.41339,-14.81487,2.08015,58.74341,-2.90822,High,High,High,NA,NA,High,High,High,140.536151,-9.062095,1969.884718,0.987518,10:45:00,0.199455,0.63027,-0.750319,29.037571,-26.443933,69.859789,-0.44261,163.332087,-0.859037,-14.903937,0.859037,-0.257199,0.44261,27.259329,-26.27054,0.257199,-0.257199,-163.332087,26.27054,0.44261,14.903937,-27.259329,-0.44261,0.257199,0.859037,-0.859037,NA,NA,NA,NA,NA,NA,NA,NA,NA,NA,NA
NA,NA,NA,NA,NA,NA,NA,NA,NA,NA,NA,NA,NA,NA,NA,NA,94,2026-01-22,16:09:56,6,2,"Earwood, Ty",10323901,Left,SOU_RED,"Kettering, Brooks",62716,Left,SOU_RED,Undefined,3,Top,2,1,0,Curveball,Curveball,StrikeCalled,Undefined,Undefined,Undefined,0,0,NA,69.57851,2.670744,1.076151,2402.332351,323.607269,04:45:00,5.65558,-1.24236,4.97524,-75.22835,-14.79658,12.4054,1.91128,0.80794,63.71728,-10.861402,3.269378,0.559505,NA,NA,NA,NA,NA,NA,NA,NA,NA,NA,NA,-5.78508,-7.53201,1.12781,50,5.85179,-2.35441,-100.84344,2.23585,-5.88107,18.35546,-39.83107,SOU_RED,SOU_RED,SEMissouriState,TeamExclusive,Team,20260122-SEMissouriState-Private-1,16ad28e0-f7df-11f0-8217-ffa056d3feda,67.36747,NA,NA,5.86123,NA,NA,NA,NA,NA,NA,fdc3883b-ec04-4f3d-97e9-3bef6ee70fa8,2026-01-22,22:09:56,2026-01-22T22:09:56Z,2026-01-22T22:09:56Z,NA,v3,471444,471444,NA,"Patterson, Caynen",10080896,Right,SOU_RED,70aa0661-09d7-40a7-a6d1-44dcbedc19d2,55.52799,-101.84468,9.17773,5.67057,4.40851,-19.91553,1.24749,-2.03361,-2.94053,NA,NA,NA,NA,NA,NA,NA,NA,NA,NA,NA,NA,NA,NA,NA,NA,NA,NA,NA,NA,NA,NA,NA,NA,NA,NA,NA,NA,NA,NA,NA,NA,NA,NA,NA,NA,NA,NA,NA,NA,NA,NA,NA,NA,NA,NA,NA,NA,NA,NA,High,High,High,NA,NA,NA,NA,NA,346.011542,-54.098593,1408.709074,0.586392,05:30:00,0.791714,-0.179337,0.583975,0.151053,-1.11844,-83.994285,0.272715,126.811927,-0.576478,50.377209,0.576478,-0.77026,-0.272715,25.317447,15.82587,0.77026,0.77026,-126.811927,-15.82587,0.272715,-50.377209,-25.317447,-0.272715,-0.77026,0.576478,-0.576478,NA,NA,NA,NA,NA,NA,NA,NA,NA,NA,NA
NA,NA,NA,NA,NA,NA,NA,NA,NA,NA,NA,NA,NA,NA,NA,NA,95,2026-01-22,16:10:12,6,3,"Earwood, Ty",10323901,Left,SOU_RED,"Kettering, Brooks",62716,Left,SOU_RED,Undefined,3,Top,2,1,1,Curveball,Curveball,BallCalled,Undefined,Undefined,Undefined,0,0,NA,70.35775,4.2982,0.196296,2378.311705,335.582569,05:15:00,5.68445,-1.17088,4.77496,-77.23784,-17.52871,8.88729,3.33022,-0.24419,64.00395,-9.571509,1.759591,0.55615,NA,NA,NA,NA,NA,NA,NA,NA,NA,NA,NA,-4.2852,-9.31701,1.14297,50,6.04682,-0.69125,-101.79163,5.00846,-4.44069,18.6302,-41.82912,SOU_RED,SOU_RED,SEMissouriState,TeamExclusive,Team,20260122-SEMissouriState-Private-1,20ad2070-f7df-11f0-8217-ffa056d3feda,67.7739,NA,NA,6.3538,NA,NA,NA,NA,NA,NA,fdc3883b-ec04-4f3d-97e9-3bef6ee70fa8,2026-01-22,22:10:12,2026-01-22T22:10:12Z,2026-01-22T22:10:12Z,NA,v3,471444,471444,NA,"Patterson, Caynen",10080896,Right,SOU_RED,8ded9f0b-3160-4542-ac22-fe10ae393369,55.7287,-102.83477,9.3151,5.70082,7.35054,-20.91456,1.17471,-0.44261,-2.22034,NA,NA,NA,NA,NA,NA,NA,NA,NA,NA,NA,NA,NA,NA,NA,NA,NA,NA,NA,NA,NA,NA,NA,NA,NA,NA,NA,NA,NA,NA,NA,NA,NA,NA,NA,NA,NA,NA,NA,NA,NA,NA,NA,NA,NA,NA,NA,NA,NA,NA,High,High,High,NA,NA,NA,NA,NA,343.776209,-45.969669,1653.019552,0.695039,05:30:00,0.700106,-0.247526,0.669764,-4.970772,13.189116,79.580422,0.266307,125.507175,-0.559831,51.68797,0.559831,-0.784646,-0.266307,25.440075,15.444648,0.784646,0.784646,-125.507175,-15.444648,0.266307,-51.68797,-25.440075,-0.266307,-0.784646,0.559831,-0.559831,NA,NA,NA,NA,NA,NA,NA,NA,NA,NA,NA
NA,NA,NA,NA,NA,NA,NA,NA,NA,NA,NA,NA,NA,NA,NA,NA,96,2026-01-22,16:10:29,6,4,"Earwood, Ty",10323901,Left,SOU_RED,"Kettering, Brooks",62716,Left,SOU_RED,Undefined,3,Top,2,2,1,Fastball,Changeup,StrikeSwinging,Undefined,Undefined,Undefined,0,0,NA,81.07129,-1.133837,3.979282,1987.228075,141.788904,10:45:00,5.61311,-1.31636,5.79396,-27.21411,15.80454,-11.30005,2.2879,1.44941,73.84684,-6.227824,1.961128,0.472063,NA,NA,NA,NA,NA,NA,NA,NA,NA,NA,NA,6.89012,8.81764,0.99526,50,5.50345,-7.72077,-117.40208,-3.13598,9.57569,23.10822,-19.91956,SOU_RED,SOU_RED,SEMissouriState,TeamExclusive,Team,20260122-SEMissouriState-Private-1,2acde670-f7df-11f0-8217-ffa056d3feda,79.84626,NA,NA,7.22445,NA,NA,NA,NA,NA,NA,fdc3883b-ec04-4f3d-97e9-3bef6ee70fa8,2026-01-22,22:10:29,2026-01-22T22:10:29Z,2026-01-22T22:10:29Z,NA,v3,471444,471444,NA,"Patterson, Caynen",10080896,Right,SOU_RED,dcb9692a-c8a7-4ef4-b7e1-b8cc4cd331f8,54.7024,-118.32404,11.55411,5.61272,-2.34124,-9.95978,1.31092,-8.10282,4.78784,NA,NA,NA,NA,NA,NA,NA,NA,NA,NA,NA,NA,NA,NA,NA,NA,NA,NA,NA,NA,NA,NA,NA,NA,NA,NA,NA,NA,NA,NA,NA,NA,NA,NA,NA,NA,NA,NA,NA,NA,NA,NA,NA,NA,NA,NA,NA,NA,NA,NA,High,High,High,NA,NA,NA,NA,NA,139.060207,-13.914463,1928.914477,0.970656,10:45:00,0.278174,0.640671,-0.715653,33.522286,-29.430552,56.539395,-0.43031,164.115554,-0.868213,-14.303733,0.868213,-0.247062,0.43031,26.364272,-25.487237,0.247062,-0.247062,-164.115554,25.487237,0.43031,14.303733,-26.364272,-0.43031,0.247062,0.868213,-0.868213,NA,NA,NA,NA,NA,NA,NA,NA,NA,NA,NA
NA,NA,NA,NA,NA,NA,NA,NA,NA,NA,NA,NA,NA,NA,NA,NA,97,2026-01-22,16:11:05,6,5,"Earwood, Ty",10323901,Left,SOU_RED,"Kettering, Brooks",62716,Left,SOU_RED,Undefined,3,Top,2,2,2,Curveball,Curveball,StrikeCalled,Strikeout,Undefined,Undefined,0,0,NA,68.87995,3.82455,-0.154578,2435.211338,332.554947,05:00:00,5.68367,-1.26541,4.8724,-80.0404,-17.89473,10.41544,2.6381,-0.54373,62.72758,-10.566572,1.682702,0.567384,NA,NA,NA,NA,NA,NA,NA,NA,NA,NA,NA,-5.17126,-9.40729,1.27123,50,5.99177,-0.11893,-99.71294,4.02316,-5.12752,18.30064,-41.50174,SOU_RED,SOU_RED,SEMissouriState,TeamExclusive,Team,20260122-SEMissouriState-Private-1,4050a500-f7df-11f0-8217-ffa056d3feda,66.432,NA,NA,6.15237,NA,NA,NA,NA,NA,NA,fdc3883b-ec04-4f3d-97e9-3bef6ee70fa8,2026-01-22,22:11:05,2026-01-22T22:11:05Z,2026-01-22T22:11:05Z,NA,v3,471444,471444,NA,"Patterson, Caynen",10080896,Right,SOU_RED,3ad9ad33-8b7f-41dd-a349-608ba4153d67,55.63161,-100.74122,9.15032,5.7002,6.35508,-20.75087,1.26982,0.16918,-2.56376,NA,NA,NA,NA,NA,NA,NA,NA,NA,NA,NA,NA,NA,NA,NA,NA,NA,NA,NA,NA,NA,NA,NA,NA,NA,NA,NA,NA,NA,NA,NA,NA,NA,NA,NA,NA,NA,NA,NA,NA,NA,NA,NA,NA,NA,NA,NA,NA,NA,NA,High,High,High,NA,NA,NA,NA,NA,343.441475,-51.441508,1517.899516,0.623313,05:30:00,0.769991,-0.229404,0.595389,0.759661,9.890716,88.115768,0.303283,126.139552,-0.561977,50.31315,0.561977,-0.769546,-0.303283,28.35451,17.654916,0.769546,0.769546,-126.139552,-17.654916,0.303283,-50.31315,-28.35451,-0.303283,-0.769546,0.561977,-0.561977,NA,NA,NA,NA,NA,NA,NA,NA,NA,NA,NA
NA,NA,NA,NA,NA,NA,NA,NA,NA,NA,NA,NA,NA,NA,NA,NA,98,2026-01-22,16:15:34,1,1,"Marchi, Cameron",1000189292,Right,SOU_RED,"Marchi, Cameron",1000189292,Right,SOU_RED,Undefined,3,Bottom,0,0,0,Slider,Curveball,BallCalled,Undefined,Undefined,Undefined,0,0,NA,72.03109,2.234612,-4.519373,2250.401969,111.709682,09:45:00,3.35637,3.7482,6.02991,-51.69515,4.33811,-4.90107,1.12535,-0.85417,63.74305,-7.427764,-5.39541,0.538759,NA,NA,NA,NA,NA,NA,NA,NA,NA,NA,NA,0.68528,2.11217,-3.39194,50,3.50501,8.38345,-103.83528,2.62524,0.71854,23.79104,-29.95938,SOU_RED,SOU_RED,SEMissouriState,TeamExclusive,Team,20260122-SEMissouriState-Private-1,e04fcfe0-f7df-11f0-8217-ffa056d3feda,69.96163,NA,NA,8.28803,NA,NA,NA,NA,NA,NA,fdc3883b-ec04-4f3d-97e9-3bef6ee70fa8,2026-01-22,22:15:34,2026-01-22T22:15:34Z,2026-01-22T22:15:34Z,NA,v3,471444,471444,NA,"Sims, Tank",10135104,Right,SOU_RED,f212fb37-4c78-4ab5-b0e9-7771217e3a5f,54.46032,-104.85226,11.89552,3.36542,3.9059,-14.97969,-3.74965,8.35274,0.35927,NA,NA,NA,NA,NA,NA,NA,NA,NA,NA,NA,NA,NA,NA,NA,NA,NA,NA,NA,NA,NA,NA,NA,NA,NA,NA,NA,NA,NA,NA,NA,NA,NA,NA,NA,NA,NA,NA,NA,NA,NA,NA,NA,NA,NA,NA,NA,NA,NA,NA,High,High,High,NA,NA,NA,NA,NA,50.533765,80.31047,378.763483,0.168309,07:45:00,-0.968442,0.168271,0.183862,82.163739,-34.385855,-26.017622,-0.675353,119.646239,-0.364797,-39.862969,0.364797,-0.640954,0.675353,61.623974,-42.481566,0.640954,-0.640954,-119.646239,42.481566,0.675353,39.862969,-61.623974,-0.675353,0.640954,0.364797,-0.364797,NA,NA,NA,NA,NA,NA,NA,NA,NA,NA,NA
NA,NA,NA,NA,NA,NA,NA,NA,NA,NA,NA,NA,NA,NA,NA,NA,99,2026-01-22,16:15:49,1,2,"Marchi, Cameron",1000189292,Right,SOU_RED,"Shakotko, Demitri",1000332439,Left,SOU_RED,Undefined,3,Bottom,0,1,0,Slider,Curveball,StrikeCalled,Undefined,Undefined,Undefined,0,0,NA,71.7749,3.527993,-3.743362,2337.679231,109.24673,09:45:00,3.40368,4.07039,5.9088,-50.92656,5.18437,-8.57335,2.44558,-0.12353,63.97083,-5.965498,-5.272897,0.539132,NA,NA,NA,NA,NA,NA,NA,NA,NA,NA,NA,2.96248,2.07941,-3.76499,50,3.65978,7.08333,-103.54438,4.96364,3.12426,21.89482,-29.98107,SOU_RED,SOU_RED,SEMissouriState,TeamExclusive,Team,20260122-SEMissouriState-Private-1,e983c4e0-f7df-11f0-8217-ffa056d3feda,69.91318,NA,NA,7.80406,NA,NA,NA,NA,NA,NA,fdc3883b-ec04-4f3d-97e9-3bef6ee70fa8,2026-01-22,22:15:49,2026-01-22T22:15:49Z,2026-01-22T22:15:49Z,NA,v3,471444,471444,NA,"Sims, Tank",10135104,Right,SOU_RED,1b24b1db-b696-4e87-8fa4-ee997c26f1b7,54.58326,-104.50903,10.94741,3.41199,6.28455,-14.99054,-4.07404,6.94568,1.56213,NA,NA,NA,NA,NA,NA,NA,NA,NA,NA,NA,NA,NA,NA,NA,NA,NA,NA,NA,NA,NA,NA,NA,NA,NA,NA,NA,NA,NA,NA,NA,NA,NA,NA,NA,NA,NA,NA,NA,NA,NA,NA,NA,NA,NA,NA,NA,NA,NA,NA,High,High,High,NA,NA,NA,NA,NA,54.805012,78.336523,472.592382,0.202163,07:45:00,-0.957659,0.225159,0.179425,93.067946,-25.500149,-35.59113,-0.743724,120.999624,-0.344293,-34.960225,0.344293,-0.573008,0.743724,65.159126,-48.049586,0.573008,-0.573008,-120.999624,48.049586,0.743724,34.960225,-65.159126,-0.743724,0.573008,0.344293,-0.344293,NA,NA,NA,NA,NA,NA,NA,NA,NA,NA,NA
NA,NA,NA,NA,NA,NA,NA,NA,NA,NA,NA,NA,NA,NA,NA,NA,100,2026-01-22,16:16:07,1,3,"Marchi, Cameron",1000189292,Right,SOU_RED,"Shakotko, Demitri",1000332439,Left,SOU_RED,Undefined,3,Bottom,0,1,1,Sinker,Changeup,BallCalled,Undefined,Undefined,Undefined,0,0,NA,78.27673,1.670819,-4.363083,2153.665442,269.59004,03:00:00,3.26938,3.9611,6.67312,-43.35164,1.6898,12.27379,1.19016,0.98465,70.71064,-6.47567,-2.136207,0.483034,NA,NA,NA,NA,NA,NA,NA,NA,NA,NA,NA,-7.79067,0.89996,-3.67255,50,3.36524,8.2222,-113.3782,2.12612,-9.99471,23.51627,-31.0195,SOU_RED,SOU_RED,SEMissouriState,TeamExclusive,Team,20260122-SEMissouriState-Private-1,f3ffca40-f7df-11f0-8217-ffa056d3feda,78.03272,NA,NA,7.56609,NA,NA,NA,NA,NA,NA,fdc3883b-ec04-4f3d-97e9-3bef6ee70fa8,2026-01-22,22:16:07,2026-01-22T22:16:07Z,2026-01-22T22:16:07Z,NA,v3,471444,471444,NA,"Sims, Tank",10135104,Right,SOU_RED,5f79072d-bce8-448c-b78d-acd340469c4e,53.82349,-114.16849,11.75814,3.27628,3.16856,-15.50975,-3.95451,8.55808,-4.99736,NA,NA,NA,NA,NA,NA,NA,NA,NA,NA,NA,NA,NA,NA,NA,NA,NA,NA,NA,NA,NA,NA,NA,NA,NA,NA,NA,NA,NA,NA,NA,NA,NA,NA,NA,NA,NA,NA,NA,NA,NA,NA,NA,NA,NA,NA,NA,NA,NA,NA,High,High,High,NA,NA,NA,NA,NA,285.28584,41.425554,1614.8529,0.749816,03:30:00,-0.665438,-0.70369,0.249023,52.649063,10.53091,-61.899497,-0.256893,160.792742,-0.912643,-18.538721,0.912643,-0.317945,0.256893,15.720972,-14.885771,0.317945,-0.317945,-160.792742,14.885771,0.256893,18.538721,-15.720972,-0.256893,0.317945,0.912643,-0.912643,NA,NA,NA,NA,NA,NA,NA,NA,NA,NA,NA
NA,NA,NA,NA,NA,NA,NA,NA,NA,NA,NA,NA,NA,NA,NA,NA,101,2026-01-22,16:16:25,1,4,"Marchi, Cameron",1000189292,Right,SOU_RED,"Shakotko, Demitri",1000332439,Left,SOU_RED,Undefined,3,Bottom,0,2,1,Slider,Slider,BallinDirt,Undefined,Undefined,Undefined,0,0,NA,71.89393,1.578809,-2.974923,2273.820824,143.268904,10:45:00,3.26521,3.85525,5.85618,-46.67314,9.33115,-5.25847,0.84501,0.65055,64.021,-7.15013,-3.915356,0.538619,NA,NA,NA,NA,NA,NA,NA,NA,NA,NA,NA,1.54012,4.86677,-3.61064,50,3.36729,5.58872,-103.88761,1.56991,1.62859,22.65738,-27.02777,SOU_RED,SOU_RED,SEMissouriState,TeamExclusive,Team,20260122-SEMissouriState-Private-1,ff046090-f7df-11f0-8217-ffa056d3feda,69.97974,NA,NA,7.87293,NA,NA,NA,NA,NA,NA,fdc3883b-ec04-4f3d-97e9-3bef6ee70fa8,2026-01-22,22:16:25,2026-01-22T22:16:25Z,2026-01-22T22:16:25Z,NA,v3,471444,471444,NA,"Sims, Tank",10135104,Right,SOU_RED,5e7ae2ae-a6b3-446c-8895-0174822a4e24,54.6348,-104.89357,11.32869,3.27094,2.76991,-13.51388,-3.85717,5.51641,0.81429,NA,NA,NA,NA,NA,NA,NA,NA,NA,NA,NA,NA,NA,NA,NA,NA,NA,NA,NA,NA,NA,NA,NA,NA,NA,NA,NA,NA,NA,NA,NA,NA,NA,NA,NA,NA,NA,NA,NA,NA,NA,NA,NA,NA,NA,NA,NA,NA,NA,NA,High,High,High,NA,NA,NA,NA,NA,73.52661,76.683508,523.728815,0.23033,08:30:00,-0.961965,0.247602,0.115395,-61.809771,60.544342,-9.168665,-0.752081,117.044837,-0.299671,-35.94455,0.299671,-0.587002,0.752081,68.274883,-48.770957,0.587002,-0.587002,-117.044837,48.770957,0.752081,35.94455,-68.274883,-0.752081,0.587002,0.299671,-0.299671,NA,NA,NA,NA,NA,NA,NA,NA,NA,NA,NA
NA,NA,NA,NA,NA,NA,NA,NA,NA,NA,NA,NA,NA,NA,NA,NA,102,2026-01-22,16:16:46,1,5,"Marchi, Cameron",1000189292,Right,SOU_RED,"Shakotko, Demitri",1000332439,Left,SOU_RED,Undefined,3,Bottom,0,3,1,Slider,Curveball,StrikeSwinging,Undefined,Undefined,Undefined,0,0,NA,73.29795,3.709881,-4.594416,2327.635518,103.589753,09:30:00,3.33336,3.83797,5.97214,-49.74833,4.48508,-9.3026,2.64293,-1.20578,64.8117,-5.586732,-6.25175,0.530035,NA,NA,NA,NA,NA,NA,NA,NA,NA,NA,NA,2.90347,1.59709,-3.46888,50,3.60206,8.82397,-105.52496,5.44547,3.15458,24.04849,-30.43886,SOU_RED,SOU_RED,SEMissouriState,TeamExclusive,Team,20260122-SEMissouriState-Private-1,0b190750-f7e0-11f0-8217-ffa056d3feda,71.11306,NA,NA,8.48625,NA,NA,NA,NA,NA,NA,fdc3883b-ec04-4f3d-97e9-3bef6ee70fa8,2026-01-22,22:16:46,2026-01-22T22:16:46Z,2026-01-22T22:16:46Z,NA,v3,471444,471444,NA,"Sims, Tank",10135104,Right,SOU_RED,84d5a1cb-3aa3-410e-9873-30bf2d8a78b0,54.51814,-106.54965,12.02425,3.3424,6.74244,-15.21943,-3.842,8.68956,1.57729,NA,NA,NA,NA,NA,NA,NA,NA,NA,NA,NA,NA,NA,NA,NA,NA,NA,NA,NA,NA,NA,NA,NA,NA,NA,NA,NA,NA,NA,NA,NA,NA,NA,NA,NA,NA,NA,NA,NA,NA,NA,NA,NA,NA,NA,NA,NA,NA,NA,NA,High,High,High,NA,NA,NA,NA,NA,58.374008,79.365717,429.540593,0.184539,08:00:00,-0.959728,0.220397,0.174203,92.139526,-29.683249,-35.67084,-0.703084,120.147453,-0.357137,-37.946088,0.357137,-0.61492,0.703084,63.071327,-44.674938,0.61492,-0.61492,-120.147453,44.674938,0.703084,37.946088,-63.071327,-0.703084,0.61492,0.357137,-0.357137,NA,NA,NA,NA,NA,NA,NA,NA,NA,NA,NA
NA,NA,NA,NA,NA,NA,NA,NA,NA,NA,NA,NA,NA,NA,NA,NA,103,2026-01-22,16:17:03,1,6,"Marchi, Cameron",1000189292,Right,SOU_RED,"Shakotko, Demitri",1000332439,Left,SOU_RED,Undefined,3,Bottom,0,3,2,Slider,Curveball,BallCalled,Walk,Undefined,Undefined,0,0,NA,72.90082,3.009273,-6.859077,2361.637768,93.890677,09:15:00,3.27253,4.20332,5.99066,-52.21227,3.01126,-10.84182,1.73305,-3.08739,64.65122,-6.684644,-8.775829,0.534852,NA,NA,NA,NA,NA,NA,NA,NA,NA,NA,NA,2.76654,1.12701,-3.65472,50,3.48442,12.97897,-104.61314,4.05542,2.94876,23.91718,-30.9728,SOU_RED,SOU_RED,SEMissouriState,TeamExclusive,Team,20260122-SEMissouriState-Private-1,1569de00-f7e0-11f0-8217-ffa056d3feda,70.47267,NA,NA,8.2496,NA,NA,NA,NA,NA,NA,fdc3883b-ec04-4f3d-97e9-3bef6ee70fa8,2026-01-22,22:17:03,2026-01-22T22:17:03Z,2026-01-22T22:17:03Z,NA,v3,471444,471444,NA,"Sims, Tank",10135104,Right,SOU_RED,b811c04b-eca7-405d-ba58-db9539144fdd,54.49993,-105.63693,11.95859,3.28245,5.38122,-15.4864,-4.20759,12.85275,1.47438,NA,NA,NA,NA,NA,NA,NA,NA,NA,NA,NA,NA,NA,NA,NA,NA,NA,NA,NA,NA,NA,NA,NA,NA,NA,NA,NA,NA,NA,NA,NA,NA,NA,NA,NA,NA,NA,NA,NA,NA,NA,NA,NA,NA,NA,NA,NA,NA,NA,NA,High,High,High,NA,NA,NA,NA,NA,50.028494,75.469147,592.537973,0.250901,07:45:00,-0.930488,0.242835,0.27427,96.713114,-21.632227,-40.805755,-0.701083,119.768912,-0.354046,-38.241571,0.354046,-0.618978,0.701083,63.206245,-44.513929,0.618978,-0.618978,-119.768912,44.513929,0.701083,38.241571,-63.206245,-0.701083,0.618978,0.354046,-0.354046,NA,NA,NA,NA,NA,NA,NA,NA,NA,NA,NA
NA,NA,NA,NA,NA,NA,NA,NA,NA,NA,NA,NA,NA,NA,NA,NA,104,2026-01-22,16:18:14,2,1,"Marchi, Cameron",1000189292,Right,SOU_RED,"Ramirez, Andrew",10063875,Right,SOU_RED,Undefined,3,Bottom,0,0,0,Sinker,Changeup,BallCalled,Undefined,Undefined,Undefined,0,0,NA,79.95917,1.441163,-4.878423,2206.060276,275.112306,03:15:00,3.34115,3.81254,6.57671,-43.12101,0.11858,15.50402,1.07368,0.62251,72.41488,-6.627329,-2.072707,0.473273,NA,NA,NA,NA,NA,NA,NA,NA,NA,NA,NA,-9.59646,0.10894,-3.48273,50,3.42307,9.32997,-115.78508,1.68602,-12.87882,23.91974,-32.02787,SOU_RED,SOU_RED,SEMissouriState,TeamExclusive,Team,20260122-SEMissouriState-Private-1,3f8dadb0-f7e0-11f0-8217-ffa056d3feda,79.642,NA,NA,7.54428,NA,NA,NA,NA,NA,NA,fdc3883b-ec04-4f3d-97e9-3bef6ee70fa8,2026-01-22,22:18:14,2026-01-22T22:18:14Z,2026-01-22T22:18:14Z,NA,v3,471444,471444,NA,"Sims, Tank",10135104,Right,SOU_RED,44f209de-4530-49f3-a460-0f31a509fb97,53.92161,-116.59242,11.95987,3.34792,2.76702,-16.01393,-3.80497,9.76466,-6.43941,NA,NA,NA,NA,NA,NA,NA,NA,NA,NA,NA,NA,NA,NA,NA,NA,NA,NA,NA,NA,NA,NA,NA,NA,NA,NA,NA,NA,NA,NA,NA,NA,NA,NA,NA,NA,NA,NA,NA,NA,NA,NA,NA,NA,NA,NA,NA,NA,NA,NA,High,High,High,NA,NA,NA,NA,NA,281.892757,42.713097,1620.923883,0.73476,03:30:00,-0.680797,-0.7017,0.210077,64.851447,8.142979,-56.594125,-0.178813,168.868046,-0.965372,-10.950307,0.965372,-0.189958,0.178813,10.49378,-10.300607,0.189958,-0.189958,-168.868046,10.300607,0.178813,10.950307,-10.49378,-0.178813,0.189958,0.965372,-0.965372,NA,NA,NA,NA,NA,NA,NA,NA,NA,NA,NA
NA,NA,NA,NA,NA,NA,NA,NA,NA,NA,NA,NA,NA,NA,NA,NA,105,2026-01-22,16:18:36,2,2,"Marchi, Cameron",1000189292,Right,SOU_RED,"Ramirez, Andrew",10063875,Right,SOU_RED,Undefined,3,Bottom,0,1,0,Sinker,Changeup,FoulBallNotFieldable,Undefined,Undefined,Undefined,0,0,NA,80.05055,2.82705,-5.657397,2177.780634,265.189301,02:45:00,3.32132,3.92543,6.84958,-39.83356,2.86862,16.90863,2.59418,0.15945,72.43199,-4.675679,-2.591526,0.470323,NA,NA,NA,NA,NA,NA,NA,NA,NA,NA,NA,-10.71701,1.05559,-3.56874,50,3.48848,10.91322,-115.77857,4.69671,-14.42871,23.255490000000002,-30.75289,SOU_RED,SOU_RED,SEMissouriState,TeamExclusive,Team,20260122-SEMissouriState-Private-1,4c847710-f7e0-11f0-8217-ffa056d3feda,80.14156,NA,NA,7.6185600000000004,NA,NA,NA,NA,NA,NA,fdc3883b-ec04-4f3d-97e9-3bef6ee70fa8,2026-01-22,22:18:36,2026-01-22T22:18:36Z,2026-01-22T22:18:36Z,NA,v3,471444,471444,NA,"Sims, Tank",10135104,Right,SOU_RED,16050bf4-e82b-4a4b-87a5-55e9248d7f07,53.6506,-116.50953,11.62775,3.32567,5.66333,-15.37644,-3.91888,11.36674,-7.21435,NA,NA,NA,NA,NA,NA,NA,NA,NA,NA,NA,NA,NA,NA,NA,NA,NA,NA,NA,NA,NA,NA,NA,NA,NA,NA,NA,NA,NA,NA,NA,NA,NA,NA,NA,NA,NA,NA,NA,NA,NA,NA,NA,NA,NA,NA,NA,NA,NA,NA,High,High,High,NA,NA,NA,NA,NA,283.140707,42.122623,1615.283998,0.741711,03:30:00,-0.685468,-0.688329,0.237352,68.003116,5.903071,-55.65957,-0.155792,172.936616,-0.980293,-6.976708,0.980293,-0.121466,0.155792,9.030163,-8.962748,0.121466,-0.121466,-172.936616,8.962748,0.155792,6.976708,-9.030163,-0.155792,0.121466,0.980293,-0.980293,NA,NA,NA,NA,NA,NA,NA,NA,NA,NA,NA
NA,NA,NA,NA,NA,NA,NA,NA,NA,NA,NA,NA,NA,NA,NA,NA,106,2026-01-22,16:19:29,2,3,"Marchi, Cameron",1000189292,Right,SOU_RED,"Ramirez, Andrew",10063875,Right,SOU_RED,Undefined,3,Bottom,0,1,1,ChangeUp,Changeup,BallinDirt,Undefined,Undefined,Undefined,0,0,NA,76.3937,2.094303,-4.368099,1434.823303,308.838936,04:15:00,3.2661,4.00416,6.00929,-58.02243,-9.10808,13.61642,0.37764,1.08427,68.69113,-8.608659,-1.925418,0.503373,NA,NA,NA,NA,NA,NA,NA,NA,NA,NA,NA,-8.44111,-4.76071,-3.6677399999999998,50,3.4003,7.93224,-110.47596,2.23394,-10.19195,23.90605,-37.92224,SOU_RED,SOU_RED,SEMissouriState,TeamExclusive,Team,20260122-SEMissouriState-Private-1,6c802dc0-f7e0-11f0-8217-ffa056d3feda,74.8798,NA,NA,7.70257,NA,NA,NA,NA,NA,NA,fdc3883b-ec04-4f3d-97e9-3bef6ee70fa8,2026-01-22,22:19:29,2026-01-22T22:19:29Z,2026-01-22T22:19:29Z,NA,v3,471444,471444,NA,"Sims, Tank",10135104,Right,SOU_RED,6952ef72-c78e-4f95-97dd-033b6982161c,54.4893,-111.44317,11.95303,3.27887,3.76823,-18.96112,-3.99701,8.34459,-5.09597,NA,NA,NA,NA,NA,NA,NA,NA,NA,NA,NA,NA,NA,NA,NA,NA,NA,NA,NA,NA,NA,NA,NA,NA,NA,NA,NA,NA,NA,NA,NA,NA,NA,NA,NA,NA,NA,NA,NA,NA,NA,NA,NA,NA,NA,NA,NA,NA,NA,NA,High,High,High,NA,NA,NA,NA,NA,286.032762,36.903344,1147.355898,0.79965,03:30:00,-0.609506,-0.746089,0.268054,-31.167897,-10.674448,-48.2578,-0.935795,145.746398,-0.291397,-11.445285,0.291397,-0.198432,0.935795,72.703939,-69.356977,0.198432,-0.198432,-145.746398,69.356977,0.935795,11.445285,-72.703939,-0.935795,0.198432,0.291397,-0.291397,NA,NA,NA,NA,NA,NA,NA,NA,NA,NA,NA
NA,NA,NA,NA,NA,NA,NA,NA,NA,NA,NA,NA,NA,NA,NA,NA,107,2026-01-22,16:20:04,2,4,"Marchi, Cameron",1000189292,Right,SOU_RED,"Ramirez, Andrew",10063875,Right,SOU_RED,Undefined,3,Bottom,0,2,1,Slider,Slider,BallCalled,Undefined,Undefined,Undefined,0,0,NA,73.22659,2.021977,-2.405073,2260.706602,124.297622,10:15:00,3.41721,3.94406,6.09477,-47.64648,5.22571,-4.77173,1.3193,1.32056,65.85216,-6.87608,-3.263077,0.523341,NA,NA,NA,NA,NA,NA,NA,NA,NA,NA,NA,1.60347,2.66358,-3.7565,50,3.54903,4.62374,-106.02121,2.4108,1.78614,21.73226,-29.20698,SOU_RED,SOU_RED,SEMissouriState,TeamExclusive,Team,20260122-SEMissouriState-Private-1,816d14f0-f7e0-11f0-8217-ffa056d3feda,72.02265,NA,NA,7.37442,NA,NA,NA,NA,NA,NA,fdc3883b-ec04-4f3d-97e9-3bef6ee70fa8,2026-01-22,22:20:04,2026-01-22T22:20:04Z,2026-01-22T22:20:04Z,NA,v3,471444,471444,NA,"Sims, Tank",10135104,Right,SOU_RED,1b75e863-bf2c-4e68-b89f-193625a47ae5,54.39825,-106.91897,10.86613,3.42451,3.61734,-14.60349,-3.94598,4.54995,0.89307,NA,NA,NA,NA,NA,NA,NA,NA,NA,NA,NA,NA,NA,NA,NA,NA,NA,NA,NA,NA,NA,NA,NA,NA,NA,NA,NA,NA,NA,NA,NA,NA,NA,NA,NA,NA,NA,NA,NA,NA,NA,NA,NA,NA,NA,NA,NA,NA,NA,NA,High,High,High,NA,NA,NA,NA,NA,54.279886,81.178718,346.685906,0.153353,07:45:00,-0.97854,0.159292,0.13071,75.815697,-38.838686,-22.779326,-0.668742,122.361074,-0.397958,-38.904457,0.397958,-0.628024,0.668742,59.243807,-41.970058,0.628024,-0.628024,-122.361074,41.970058,0.668742,38.904457,-59.243807,-0.668742,0.628024,0.397958,-0.397958,NA,NA,NA,NA,NA,NA,NA,NA,NA,NA,NA
NA,NA,NA,NA,NA,NA,NA,NA,NA,NA,NA,NA,NA,NA,NA,NA,108,2026-01-22,16:20:24,2,5,"Marchi, Cameron",1000189292,Right,SOU_RED,"Ramirez, Andrew",10063875,Right,SOU_RED,Undefined,3,Bottom,0,3,1,Sinker,Changeup,InPlay,Undefined,GroundBall,Out,1,0,NA,81.69038,2.527636,-5.322023,2205.390897,267.147937,03:00:00,3.43601,3.81662,6.69956,-39.0688,2.03307,13.57725,2.50301,0.06766,74.14134,-4.801768,-2.865355,0.461426,NA,NA,NA,NA,NA,NA,NA,NA,NA,NA,NA,-8.7539,0.70315,-3.46693,50,3.58957,10.54646,-118.22663,4.15199,-12.31896,23.7468,-31.18456,SOU_RED,SOU_RED,SEMissouriState,TeamExclusive,Team,20260122-SEMissouriState-Private-1,8d4bdea0-f7e0-11f0-8217-ffa056d3feda,81.68682,NA,NA,7.54903,NA,NA,NA,NA,NA,NA,fdc3883b-ec04-4f3d-97e9-3bef6ee70fa8,2026-01-22,22:20:24,2026-01-22T22:20:24Z,2026-01-22T22:20:24Z,NA,v3,471444,471444,NA,"Sims, Tank",10135104,Right,SOU_RED,2dccb565-eb43-444e-9138-851538646127,53.80034,-118.98751,11.8734,3.44053,5.15119,-15.59228,-3.81118,10.94118,-6.15948,NA,NA,NA,NA,NA,NA,NA,NA,NA,NA,NA,NA,NA,NA,NA,NA,NA,NA,NA,NA,NA,NA,NA,NA,NA,NA,NA,NA,NA,NA,NA,NA,NA,NA,NA,NA,NA,NA,NA,NA,NA,NA,NA,NA,NA,NA,NA,NA,NA,NA,High,High,High,NA,NA,NA,NA,NA,275.003016,43.446135,1601.160515,0.726021,03:15:00,-0.709928,-0.692224,0.129722,61.696355,19.255822,-54.641181,-0.102053,161.728317,-0.944623,-18.172943,0.944623,-0.311886,0.102053,6.166066,-5.857394,0.311886,-0.311886,-161.728317,5.857394,0.102053,18.172943,-6.166066,-0.102053,0.311886,0.944623,-0.944623,NA,NA,NA,NA,NA,NA,NA,NA,NA,NA,NA
NA,NA,NA,NA,NA,NA,NA,NA,NA,NA,NA,NA,NA,NA,NA,NA,109,2026-01-22,16:20:55,3,1,"Marchi, Cameron",1000189292,Right,SOU_RED,"Rosario, Moises",10267810,Right,SOU_RED,Undefined,3,Bottom,1,0,0,Slider,Slider,BallCalled,Undefined,Undefined,Undefined,0,0,NA,72.32256,2.565787,-1.882136,2158.629969,141.170912,10:45:00,3.34144,4.00507,6.12773,-47.42475,6.598,-3.71646,1.76397,1.95496,65.06897,-6.309724,-2.550989,0.529005,NA,NA,NA,NA,NA,NA,NA,NA,NA,NA,NA,1.30784,2.99268,-3.85915,50,3.51306,3.56427,-104.8032,3.43702,1.42325,21.27221,-28.91729,SOU_RED,SOU_RED,SEMissouriState,TeamExclusive,Team,20260122-SEMissouriState-Private-1,9fe31600-f7e0-11f0-8217-ffa056d3feda,71.25159,NA,NA,7.25358,NA,NA,NA,NA,NA,NA,fdc3883b-ec04-4f3d-97e9-3bef6ee70fa8,2026-01-22,22:20:55,2026-01-22T22:20:55Z,2026-01-22T22:20:55Z,NA,v3,471444,471444,NA,"Sims, Tank",10135104,Right,SOU_RED,2c67938a-8c28-4c9b-98f0-c8540c3c0d04,54.37081,-105.68663,10.63611,3.34539,4.63796,-14.45865,-4.00595,3.50516,0.71163,NA,NA,NA,NA,NA,NA,NA,NA,NA,NA,NA,NA,NA,NA,NA,NA,NA,NA,NA,NA,NA,NA,NA,NA,NA,NA,NA,NA,NA,NA,NA,NA,NA,NA,NA,NA,NA,NA,NA,NA,NA,NA,NA,NA,NA,NA,NA,NA,NA,NA,High,High,High,NA,NA,NA,NA,NA,58.572566,78.276253,438.618796,0.203193,08:00:00,-0.966392,0.217044,0.137763,75.576992,-41.415372,-24.122159,-0.63727,119.167963,-0.375588,-42.292794,0.375588,-0.672919,0.63727,59.486134,-39.588533,0.672919,-0.672919,-119.167963,39.588533,0.63727,42.292794,-59.486134,-0.63727,0.672919,0.375588,-0.375588,NA,NA,NA,NA,NA,NA,NA,NA,NA,NA,NA
NA,NA,NA,NA,NA,NA,NA,NA,NA,NA,NA,NA,NA,NA,NA,NA,110,2026-01-22,16:21:20,3,2,"Marchi, Cameron",1000189292,Right,SOU_RED,"Rosario, Moises",10267810,Right,SOU_RED,Undefined,3,Bottom,1,1,0,Slider,Curveball,BallCalled,Undefined,Undefined,Undefined,0,0,NA,73.38511,4.678884,-3.414673,2304.798528,99.501048,09:15:00,3.62414,3.84621,6.03537,-49.0642,3.99347,-12.45796,3.88536,-0.35759,65.78587,-4.46499,-5.641005,0.524259,NA,NA,NA,NA,NA,NA,NA,NA,NA,NA,NA,5.18012,1.08508,-3.57312,50,3.96498,6.76362,-105.89911,7.297,5.76395,21.48388,-30.96668,SOU_RED,SOU_RED,SEMissouriState,TeamExclusive,Team,20260122-SEMissouriState-Private-1,ae8f5790-f7e0-11f0-8217-ffa056d3feda,71.89666,NA,NA,7.59923,NA,NA,NA,NA,NA,NA,fdc3883b-ec04-4f3d-97e9-3bef6ee70fa8,2026-01-22,22:21:20,2026-01-22T22:21:20Z,2026-01-22T22:21:20Z,NA,v3,471444,471444,NA,"Sims, Tank",10135104,Right,SOU_RED,b1d7d314-6c26-49c3-8e62-ce1ed4729447,54.45941,-106.79996,10.74194,3.63178,8.59548,-15.48334,-3.85166,6.52193,2.88198,NA,NA,NA,NA,NA,NA,NA,NA,NA,NA,NA,NA,NA,NA,NA,NA,NA,NA,NA,NA,NA,NA,NA,NA,NA,NA,NA,NA,NA,NA,NA,NA,NA,NA,NA,NA,NA,NA,NA,NA,NA,NA,NA,NA,NA,NA,NA,NA,NA,NA,High,High,High,NA,NA,NA,NA,NA,63.708336,74.285534,624.239708,0.270844,08:00:00,-0.930794,0.320538,0.17572,-18.730239,52.453909,-59.806553,0.453917,138.246639,-0.664735,36.396438,0.664735,-0.593369,-0.453917,34.327367,26.995272,0.593369,0.593369,-138.246639,-26.995272,0.453917,-36.396438,-34.327367,-0.453917,-0.593369,0.664735,-0.664735,NA,NA,NA,NA,NA,NA,NA,NA,NA,NA,NA
NA,NA,NA,NA,NA,NA,NA,NA,NA,NA,NA,NA,NA,NA,NA,NA,111,2026-01-22,16:21:43,3,3,"Marchi, Cameron",1000189292,Right,SOU_RED,"Rosario, Moises",10267810,Right,SOU_RED,Undefined,3,Bottom,1,2,0,Sinker,Changeup,BallCalled,Undefined,Undefined,Undefined,0,0,NA,80.63683,2.377328,-4.577377,2173.660945,282.689976,03:30:00,3.43937,3.89773,6.65244,-43.95825,-1.8474,14.29477,1.96014,0.89079,73.40019,-5.838231,-1.986636,0.467055,NA,NA,NA,NA,NA,NA,NA,NA,NA,NA,NA,-8.77646,-1.1691,-3.59389,50,3.58316,8.84472,-116.84378,3.59362,-12.08256,22.87191,-33.78353,SOU_RED,SOU_RED,SEMissouriState,TeamExclusive,Team,20260122-SEMissouriState-Private-1,bc5075d0-f7e0-11f0-8217-ffa056d3feda,80.70229,NA,NA,7.23664,NA,NA,NA,NA,NA,NA,fdc3883b-ec04-4f3d-97e9-3bef6ee70fa8,2026-01-22,22:21:43,2026-01-22T22:21:43Z,2026-01-22T22:21:43Z,NA,v3,471444,471444,NA,"Sims, Tank",10135104,Right,SOU_RED,e1722077-4151-48e0-95a1-7ea8cb546570,53.84668,-117.59435,11.43596,3.44704,4.70226,-16.89176,-3.89064,9.24123,-6.04128,NA,NA,NA,NA,NA,NA,NA,NA,NA,NA,NA,NA,NA,NA,NA,NA,NA,NA,NA,NA,NA,NA,NA,NA,NA,NA,NA,NA,NA,NA,NA,NA,NA,NA,NA,NA,NA,NA,NA,NA,NA,NA,NA,NA,NA,NA,NA,NA,NA,NA,High,High,High,NA,NA,NA,NA,NA,275.187352,45.327995,1528.186502,0.703047,03:15:00,-0.732142,-0.670067,0.122384,67.776445,13.750426,-49.435709,-0.003114,165.070646,-0.96624,-14.92928,0.96624,-0.257627,0.003114,0.184679,-0.178445,0.257627,-0.257627,-165.070646,0.178445,0.003114,14.92928,-0.184679,-0.003114,0.257627,0.96624,-0.96624,NA,NA,NA,NA,NA,NA,NA,NA,NA,NA,NA
NA,NA,NA,NA,NA,NA,NA,NA,NA,NA,NA,NA,NA,NA,NA,NA,112,2026-01-22,16:22:01,3,4,"Marchi, Cameron",1000189292,Right,SOU_RED,"Rosario, Moises",10267810,Right,SOU_RED,Undefined,3,Bottom,1,3,0,Slider,Curveball,StrikeCalled,Undefined,Undefined,Undefined,0,0,NA,73.69924,3.126482,-4.382643,2301.072649,81.615451,08:45:00,3.34553,3.97726,6.09264,-51.14633,1.07559,-5.22859,1.98661,-0.52021,66.52658,-6.366012,-5.317965,0.520113,NA,NA,NA,NA,NA,NA,NA,NA,NA,NA,NA,1.23988,0.12413,-3.63637,50,3.56105,8.34519,-106.49117,4.37546,1.40008,21.13038,-32.03388,SOU_RED,SOU_RED,SEMissouriState,TeamExclusive,Team,20260122-SEMissouriState-Private-1,c6d2e3d0-f7e0-11f0-8217-ffa056d3feda,72.46969,NA,NA,7.17265,NA,NA,NA,NA,NA,NA,fdc3883b-ec04-4f3d-97e9-3bef6ee70fa8,2026-01-22,22:22:01,2026-01-22T22:22:01Z,2026-01-22T22:22:01Z,NA,v3,471444,471444,NA,"Sims, Tank",10135104,Right,SOU_RED,22ff9311-b750-41a9-9473-005370e23efa,54.4035,-107.36138,10.56519,3.35369,5.6947,-16.01694,-3.97886,8.28754,0.70004,NA,NA,NA,NA,NA,NA,NA,NA,NA,NA,NA,NA,NA,NA,NA,NA,NA,NA,NA,NA,NA,NA,NA,NA,NA,NA,NA,NA,NA,NA,NA,NA,NA,NA,NA,NA,NA,NA,NA,NA,NA,NA,NA,NA,NA,NA,NA,NA,NA,NA,High,High,High,NA,NA,NA,NA,NA,69.341598,81.002755,359.857803,0.156387,08:15:00,-0.971168,0.199983,0.129766,-86.35974,50.348459,-37.524882,-0.575046,125.095613,-0.470373,-42.019335,0.470373,-0.669381,0.575046,50.717753,-35.102878,0.669381,-0.669381,-125.095613,35.102878,0.575046,42.019335,-50.717753,-0.575046,0.669381,0.470373,-0.470373,NA,NA,NA,NA,NA,NA,NA,NA,NA,NA,NA
NA,NA,NA,NA,NA,NA,NA,NA,NA,NA,NA,NA,NA,NA,NA,NA,113,2026-01-22,16:22:16,3,5,"Marchi, Cameron",1000189292,Right,SOU_RED,"Rosario, Moises",10267810,Right,SOU_RED,Undefined,3,Bottom,1,3,1,Slider,Curveball,FoulBallNotFieldable,Undefined,Undefined,Undefined,0,0,NA,72.76189,3.897164,-3.423331,2412.794428,92.954015,09:00:00,3.37031,4.1235,5.95893,-51.64731,2.26008,-6.30453,2.69229,0.41986,65.43805,-5.693487,-4.55007,0.52844,92.30547,-12.899635,-63.212633,NA,NA,NA,NA,14.24714,14.24714,-51.747778,0.091991,2.10335,0.36622,-3.84787,50,3.65191,6.50593,-105.14673,5.71626,2.30997,20.98915,-31.77183,SOU_RED,SOU_RED,SEMissouriState,TeamExclusive,Team,20260122-SEMissouriState-Private-1,d0169040-f7e0-11f0-8217-ffa056d3feda,71.32776,2.78609,NA,7.32384,NA,NA,NA,3.33818,2.78609,-0.32859,fdc3883b-ec04-4f3d-97e9-3bef6ee70fa8,2026-01-22,22:22:16,2026-01-22T22:22:16Z,2026-01-22T22:22:16Z,GroundBall,v3,471444,471444,NA,"Sims, Tank",10135104,Right,SOU_RED,e0ffbcba-9b32-4d6e-a375-23101b782242,54.53867,-106.04886,10.49457,3.37688,7.08183,-15.88592,-4.12536,6.40664,1.15499,180,3.33633,59.59923,NA,NA,NA,NA,NA,NA,NA,2.78704,-30.28673,NA,NA,NA,NA,NA,NA,NA,-0.32491,-118.0511,NA,NA,NA,NA,NA,NA,NA,NA,NA,NA,NA,NA,NA,NA,NA,NA,NA,NA,NA,NA,NA,NA,NA,NA,NA,NA,NA,NA,NA,High,High,High,Low,Medium,NA,NA,NA,66.832357,78.280998,490.067599,0.203112,08:15:00,-0.957708,0.25285,0.137341,-64.881368,58.223195,-22.026777,-0.637838,124.532545,-0.43659,-39.380683,0.43659,-0.63447,0.637838,55.608975,-39.630781,0.63447,-0.63447,-124.532545,39.630781,0.637838,39.380683,-55.608975,-0.637838,0.63447,0.43659,-0.43659,NA,NA,NA,NA,NA,NA,NA,NA,NA,NA,NA
NA,NA,NA,NA,NA,NA,NA,NA,NA,NA,NA,NA,NA,NA,NA,NA,114,2026-01-22,16:22:53,3,6,"Marchi, Cameron",1000189292,Right,SOU_RED,"Rosario, Moises",10267810,Right,SOU_RED,Undefined,3,Bottom,1,3,2,Slider,Curveball,BallCalled,Walk,Undefined,Undefined,0,0,NA,72.50368,2.311614,-3.78055,2189.935069,87.799867,09:00:00,3.35455,3.88987,6.11307,-53.26298,1.86815,-12.44875,1.05915,-0.64817,64.17827,-7.643944,-6.012088,0.534404,NA,NA,NA,NA,NA,NA,NA,NA,NA,NA,NA,4.81551,0.76394,-3.59357,50,3.50583,7.35524,-104.64384,2.74991,5.11297,24.62717,-31.36294,SOU_RED,SOU_RED,SEMissouriState,TeamExclusive,Team,20260122-SEMissouriState-Private-1,e63c4590-f7e0-11f0-8217-ffa056d3feda,70.53173,NA,NA,8.32541,NA,NA,NA,NA,NA,NA,fdc3883b-ec04-4f3d-97e9-3bef6ee70fa8,2026-01-22,22:22:53,2026-01-22T22:22:53Z,2026-01-22T22:22:53Z,NA,v3,471444,471444,NA,"Sims, Tank",10135104,Right,SOU_RED,a8279ba1-6001-484e-b59a-8485877ed8c1,54.379,-105.66938,12.31359,3.3641200000000002,4.05595,-15.68147,-3.89543,7.14232,2.55649,NA,NA,NA,NA,NA,NA,NA,NA,NA,NA,NA,NA,NA,NA,NA,NA,NA,NA,NA,NA,NA,NA,NA,NA,NA,NA,NA,NA,NA,NA,NA,NA,NA,NA,NA,NA,NA,NA,NA,NA,NA,NA,NA,NA,NA,NA,NA,NA,NA,NA,High,High,High,NA,NA,NA,NA,NA,54.157573,81.003651,342.443502,0.156372,07:45:00,-0.973608,0.166495,0.156099,-82.599661,55.179546,-26.185709,-0.646811,118.72179,-0.366497,-41.975759,0.366497,-0.668816,0.646811,60.463209,-40.301629,0.668816,-0.668816,-118.72179,40.301629,0.646811,41.975759,-60.463209,-0.646811,0.668816,0.366497,-0.366497,NA,NA,NA,NA,NA,NA,NA,NA,NA,NA,NA
NA,NA,NA,NA,NA,NA,NA,NA,NA,NA,NA,NA,NA,NA,NA,NA,115,2026-01-22,16:23:45,4,1,"Marchi, Cameron",1000189292,Right,SOU_RED,"Patterson, Caynen",10080896,Right,SOU_RED,Undefined,3,Bottom,1,0,0,Sinker,Changeup,StrikeCalled,Undefined,Undefined,Undefined,0,0,NA,81.14681,1.639948,-5.21479,2205.092034,262.967044,02:45:00,3.38243,3.61791,6.7345,-38.15585,3.80209,18.43218,1.70796,0.37559,72.99883,-5.560766,-1.872707,0.466207,NA,NA,NA,NA,NA,NA,NA,NA,NA,NA,NA,-11.32595,1.96473,-3.27935,50,3.47686,10.05502,-117.40575,2.32142,-15.55761,25.52045,-29.47524,SOU_RED,SOU_RED,SEMissouriState,TeamExclusive,Team,20260122-SEMissouriState-Private-1,04f5b840-f7e1-11f0-8217-ffa056d3feda,80.84921,NA,NA,8.14799,NA,NA,NA,NA,NA,NA,fdc3883b-ec04-4f3d-97e9-3bef6ee70fa8,2026-01-22,22:23:45,2026-01-22T22:23:45Z,2026-01-22T22:23:45Z,NA,v3,471444,471444,NA,"Sims, Tank",10135104,Right,SOU_RED,ecd3d640-043f-4cd3-93c0-fa9d0ceaaa5f,53.76267,-118.22081,12.76023,3.38768,3.26279,-14.73762,-3.60842,10.55189,-7.7788,NA,NA,NA,NA,NA,NA,NA,NA,NA,NA,NA,NA,NA,NA,NA,NA,NA,NA,NA,NA,NA,NA,NA,NA,NA,NA,NA,NA,NA,NA,NA,NA,NA,NA,NA,NA,NA,NA,NA,NA,NA,NA,NA,NA,NA,NA,NA,NA,NA,NA,High,High,High,NA,NA,NA,NA,NA,279.390637,38.227357,1732.235477,0.785562,03:15:00,-0.626409,-0.757008,0.185879,63.127891,18.296001,-55.564021,-0.19822,168.601038,-0.960824,-11.169838,0.960824,-0.193718,0.19822,11.656713,-11.432895,0.193718,-0.193718,-168.601038,11.432895,0.19822,11.169838,-11.656713,-0.19822,0.193718,0.960824,-0.960824,NA,NA,NA,NA,NA,NA,NA,NA,NA,NA,NA
NA,NA,NA,NA,NA,NA,NA,NA,NA,NA,NA,NA,NA,NA,NA,NA,116,2026-01-22,16:24:01,4,2,"Marchi, Cameron",1000189292,Right,SOU_RED,"Patterson, Caynen",10080896,Right,SOU_RED,Undefined,3,Bottom,1,0,1,Sinker,Changeup,InPlay,Undefined,GroundBall,Out,1,1,NA,79.04479,1.730023,-5.681327,2162.426525,268.978945,03:00:00,3.32187,3.65847,6.85971,-42.36195,1.82567,11.15627,1.37704,-0.6079,71.08944,-6.25775,-3.657761,0.478434,72.51917,-23.064693,-3.800206,NA,NA,NA,NA,5.60706,5.60706,3.393675,0.034963,-7.83697,0.83634,-3.29919,50,3.41776,11.00206,-114.28431,2.35961,-10.16511,24.84586,-31.08926,SOU_RED,SOU_RED,SEMissouriState,TeamExclusive,Team,20260122-SEMissouriState-Private-1,0e9bd000-f7e1-11f0-8217-ffa056d3feda,78.78302,1.45969,NA,7.95535,NA,NA,NA,2.17671,1.45969,0.55912,fdc3883b-ec04-4f3d-97e9-3bef6ee70fa8,2026-01-22,22:24:01,2026-01-22T22:24:01Z,2026-01-22T22:24:01Z,GroundBall,v3,471444,471444,NA,"Sims, Tank",10135104,Right,SOU_RED,e2efd9dc-a838-4601-b6fd-57fecef77125,53.63845,-115.07261,12.42293,3.32725,3.34599,-15.54463,-3.65337,11.32457,-5.08256,NA,2.17564,97.83389,NA,NA,NA,NA,NA,NA,NA,1.46015,-41.75025,NA,NA,NA,NA,NA,NA,NA,0.55919,-6.49847,NA,NA,NA,NA,NA,NA,NA,NA,NA,NA,NA,NA,NA,NA,NA,NA,NA,NA,NA,NA,NA,NA,NA,NA,NA,NA,NA,NA,NA,High,High,High,Estimated,Estimated,NA,NA,NA,280.939843,44.725922,1536.363328,0.710481,03:15:00,-0.707549,-0.676006,0.205889,59.464869,2.153582,-57.642296,-0.18396,161.989637,-0.934771,-17.692738,0.934771,-0.303912,0.18396,11.133354,-10.600497,0.303912,-0.303912,-161.989637,10.600497,0.18396,17.692738,-11.133354,-0.18396,0.303912,0.934771,-0.934771,NA,NA,NA,NA,NA,NA,NA,NA,NA,NA,NA
NA,NA,NA,NA,NA,NA,NA,NA,NA,NA,NA,NA,NA,NA,NA,NA,117,2026-01-22,16:25:06,5,1,"Marchi, Cameron",1000189292,Right,SOU_RED,"Gallo, Jack",1000455589,Right,SOU_RED,Undefined,3,Bottom,2,0,0,Slider,Slider,InPlay,Undefined,GroundBall,Out,1,0,NA,73.90691,2.89487,-4.251791,2188.476873,74.788338,08:30:00,3.37947,3.81395,6.12393,-50.92755,1.58902,-1.82488,1.82128,-0.27583,65.84245,-6.609697,-4.578767,0.521578,94.91522,5.310957,-30.941176,2406.961473,NA,NA,NA,86.00876,85.36428,-33.050307,0.676296,-0.63252,0.32457,-3.4872,50,3.57578,7.99647,-106.70574,3.97931,-0.70671,23.64852,-31.81143,SOU_RED,SOU_RED,SEMissouriState,TeamExclusive,Team,20260122-SEMissouriState-Private-1,35414e60-f7e1-11f0-8217-ffa056d3feda,72.26611,3.50408,NA,8.06446,NA,NA,NA,2.10321,1.81735,0.34445,fdc3883b-ec04-4f3d-97e9-3bef6ee70fa8,2026-01-22,22:25:06,2026-01-22T22:25:06Z,2026-01-22T22:25:06Z,GroundBall,v3,471444,471444,NA,"Sims, Tank",10135104,Right,SOU_RED,dfe1cac9-d544-418f-b7f4-a35aeaa852c4,54.37144,-107.67019,11.82426,3.38704,5.27668,-15.90572,-3.81391,8.02529,-0.35336,64.470905,2.15915,117.76253,-21.3415,NA,NA,NA,NA,NA,NA,1.86626,11.90011,-21.77424,NA,NA,NA,NA,NA,NA,0.36059,-71.6,2.49488,NA,NA,NA,NA,NA,NA,NA,NA,NA,NA,NA,NA,NA,NA,NA,NA,NA,NA,NA,NA,NA,NA,NA,NA,NA,NA,NA,NA,High,High,High,High,High,NA,NA,NA,347.07133,82.649217,280.001856,0.127944,05:30:00,-0.979986,0.021499,0.197901,73.242192,-40.776377,-15.230028,-0.590747,123.831355,-0.449218,-42.085589,0.449218,-0.67024,0.590747,52.749773,-36.210012,0.67024,-0.67024,-123.831355,36.210012,0.590747,42.085589,-52.749773,-0.590747,0.67024,0.449218,-0.449218,NA,NA,NA,NA,NA,NA,NA,NA,NA,NA,NA
NA,NA,NA,NA,NA,NA,NA,NA,NA,NA,NA,NA,NA,NA,NA,NA,118,2026-01-22,16:30:45,1,1,"Johnston, Gavin",1000214547,Right,SOU_RED,"Joggerst, Dakota",1000455588,Left,SOU_RED,Undefined,4,Top,0,2,0,Fastball,Four-Seam,FoulBallNotFieldable,Undefined,Undefined,Undefined,0,0,NA,92.07853,-2.469574,-2.577339,2158.014633,213.908425,01:15:00,5.82139,0.93216,5.48235,-13.7017,19.89474,12.62883,2.36521,-0.42849,83.93635,-5.086052,-0.330633,0.417175,NA,NA,NA,NA,NA,NA,NA,NA,NA,NA,NA,-7.09898,11.05922,-0.7149,50,5.59557,5.42834,-133.44335,-6.17282,-12.7834,29.07469,-12.25929,SOU_RED,SOU_RED,SEMissouriState,TeamExclusive,Team,20260122-SEMissouriState-Private-1,ff44b300-f7e1-11f0-8217-ffa056d3feda,90.35169,NA,NA,8.14219,NA,NA,NA,NA,NA,NA,fdc3883b-ec04-4f3d-97e9-3bef6ee70fa8,2026-01-22,22:30:45,2026-01-22T22:30:45Z,2026-01-22T22:30:45Z,NA,v3,471444,471444,NA,"Patterson, Caynen",10080896,Right,SOU_RED,f1501113-9a6e-4c1a-8710-d798f67470de,55.01594,-134.53178,14.53735,5.81807,-5.71388,-6.12965,-0.92707,5.9069,-6.3917,NA,NA,NA,NA,NA,NA,NA,NA,NA,NA,NA,NA,NA,NA,NA,NA,NA,NA,NA,NA,NA,NA,NA,NA,NA,NA,NA,NA,NA,NA,NA,NA,NA,NA,NA,NA,NA,NA,NA,NA,NA,NA,NA,NA,NA,NA,NA,NA,NA,NA,High,High,High,NA,NA,NA,NA,NA,211.634944,-11.531408,2114.455691,0.979815,01:00:00,0.184126,-0.504827,-0.843355,-42.080094,13.315447,44.915595,-0.223219,178.50368,-0.974436,-1.458557,0.974436,-0.025454,0.223219,12.902413,-12.89816,0.025454,-0.025454,-178.50368,12.89816,0.223219,1.458557,-12.902413,-0.223219,0.025454,0.974436,-0.974436,NA,NA,NA,NA,NA,NA,NA,NA,NA,NA,NA
NA,NA,NA,NA,NA,NA,NA,NA,NA,NA,NA,NA,NA,NA,NA,NA,119,2026-01-22,16:31:14,1,2,"Johnston, Gavin",1000214547,Right,SOU_RED,"Joggerst, Dakota",1000455588,Left,SOU_RED,Undefined,4,Top,0,2,0,Fastball,Sinker,FoulBallNotFieldable,Undefined,Undefined,Undefined,0,0,NA,91.8994,-3.072759,-2.433484,2081.791277,224.828446,01:30:00,5.9158,0.7327,5.47981,-16.88202,17.50021,16.07245,1.62852,-0.20624,82.40279,-6.285455,0.427719,0.422025,69.69088,-56.412986,-114.31205,NA,NA,NA,NA,1.0999,1.04138,-44.861342,0.018975,-8.9165,10.23111,-0.53039,50,5.63483,4.89957,-132.86602,-7.67299,-15.61134,33.92497,-14.26102,SOU_RED,SOU_RED,SEMissouriState,TeamExclusive,Team,20260122-SEMissouriState-Private-1,10890490-f7e2-11f0-8217-ffa056d3feda,89.31321,1.61959,NA,9.4966,NA,NA,NA,1.22243,1.61959,0.20428,fdc3883b-ec04-4f3d-97e9-3bef6ee70fa8,2026-01-22,22:31:14,2026-01-22T22:31:14Z,2026-01-22T22:31:14Z,GroundBall,v3,471444,471444,NA,"Patterson, Caynen",10080896,Right,SOU_RED,42a5b296-5264-4b61-95aa-b577e0d20e3d,55.01617,-134.1407,16.96249,5.91306,-7.13715,-7.13051,-0.7255,5.48614,-7.80567,NA,1.2226,-23.33607,NA,NA,NA,NA,NA,NA,NA,1.62022,-85.3543,NA,NA,NA,NA,NA,NA,NA,0.20467,-51.65469,NA,NA,NA,NA,NA,NA,NA,NA,NA,NA,NA,NA,NA,NA,NA,NA,NA,NA,NA,NA,NA,NA,NA,NA,NA,NA,NA,NA,NA,High,High,High,Low,Low,NA,NA,NA,209.797546,-11.450597,2040.355812,0.980096,01:00:00,0.18803,-0.475704,-0.859273,-43.878143,14.999755,51.23918,-0.300484,178.672199,-0.953531,-1.266428,0.953531,-0.022102,0.300484,17.491114,-17.486704,0.022102,-0.022102,-178.672199,17.486704,0.300484,1.266428,-17.491114,-0.300484,0.022102,0.953531,-0.953531,NA,NA,NA,NA,NA,NA,NA,NA,NA,NA,NA
NA,NA,NA,NA,NA,NA,NA,NA,NA,NA,NA,NA,NA,NA,NA,NA,120,2026-01-22,16:31:38,1,3,"Johnston, Gavin",1000214547,Right,SOU_RED,"Joggerst, Dakota",1000455588,Left,SOU_RED,Undefined,4,Top,0,2,1,Fastball,Slider,FoulBallNotFieldable,Undefined,Undefined,Undefined,0,0,NA,83.49136,0.311917,-1.175385,2517.827941,96.461242,09:15:00,5.74013,1.12276,4.80528,-40.08152,1.6935,-3.30103,2.69559,-0.26609,76.48225,-6.934962,-1.756408,0.465189,90.1889,44.445369,35.73393,5015.37219,80.18237,100.29994,75.3042,266.42566,107.45865,50.620482,5.642249,1.30161,1.10941,-1.00274,50,5.73637,2.63093,-121.09849,-0.89162,1.93087,23.87303,-30.52826,SOU_RED,SOU_RED,SEMissouriState,TeamExclusive,Team,20260122-SEMissouriState-Private-1,1edc77c0-f7e2-11f0-8217-ffa056d3feda,81.02605,115.59268,NA,7.00912,NA,NA,NA,0.38513,3.23923,0.20346,fdc3883b-ec04-4f3d-97e9-3bef6ee70fa8,2026-01-22,22:31:38,2026-01-22T22:31:38Z,2026-01-22T22:31:38Z,FlyBall,v3,471444,471444,NA,"Patterson, Caynen",10080896,Right,SOU_RED,9532e2c9-1af9-496b-96be-3906f7e5fc01,55.69381,-122.21579,11.93651,5.74467,0.53716,-15.26413,-1.12376,2.54056,0.96543,NA,0.3947,76.45383,-24.62871,6.17207,-0.6682,-0.14724,0.06538,-0.00888,4.3e-4,3.2272,92.8299,-22.72935,2.14279,-0.5036,0.11432,-0.01212,8e-5,4e-5,0.20303,55.15743,-6.5122,0.83205,0.00226,-0.03497,0.00912,-0.00107,5e-5,NA,NA,NA,NA,NA,NA,NA,NA,NA,NA,NA,NA,NA,NA,NA,NA,NA,NA,NA,NA,NA,NA,High,High,High,High,Low,NA,NA,NA,12.879328,75.95758,610.926276,0.24264,06:30:00,-0.964751,0.059365,0.25638,10.113885,-29.163013,12.899584,-0.684698,147.844884,-0.617033,-22.823359,0.617033,-0.387891,0.684698,47.975617,-43.211849,0.387891,-0.387891,-147.844884,43.211849,0.684698,22.823359,-47.975617,-0.684698,0.387891,0.617033,-0.617033,NA,NA,NA,NA,NA,NA,NA,NA,NA,NA,NA
NA,NA,NA,NA,NA,NA,NA,NA,NA,NA,NA,NA,NA,NA,NA,NA,121,2026-01-22,16:32:09,1,4,"Johnston, Gavin",1000214547,Right,SOU_RED,"Joggerst, Dakota",1000455588,Left,SOU_RED,Undefined,4,Top,0,2,2,Fastball,Four-Seam,BallCalled,Undefined,Undefined,Undefined,0,0,NA,91.8172,-0.958291,-1.607172,2070.763046,217.802967,01:15:00,5.94927,0.97414,5.47221,-13.70863,20.59623,14.97391,3.90968,0.71757,82.2224,-3.621074,1.058387,0.42155,NA,NA,NA,NA,NA,NA,NA,NA,NA,NA,NA,-7.94685,10.98028,-0.84283,50,5.85599,3.00442,-132.94223,-2.5941,-13.95938,33.40818,-12.88611,SOU_RED,SOU_RED,SEMissouriState,TeamExclusive,Team,20260122-SEMissouriState-Private-1,31718c40-f7e2-11f0-8217-ffa056d3feda,89.41389,NA,NA,9.5948,NA,NA,NA,NA,NA,NA,fdc3883b-ec04-4f3d-97e9-3bef6ee70fa8,2026-01-22,22:32:09,2026-01-22T22:32:09Z,2026-01-22T22:32:09Z,NA,v3,471444,471444,NA,"Patterson, Caynen",10080896,Right,SOU_RED,c97c8165-c9cd-489e-b041-09fb16c26748,55.0205,-134.19794,16.70409,5.94439,-2.10975,-6.44305,-0.96562,3.52911,-6.97969,NA,NA,NA,NA,NA,NA,NA,NA,NA,NA,NA,NA,NA,NA,NA,NA,NA,NA,NA,NA,NA,NA,NA,NA,NA,NA,NA,NA,NA,NA,NA,NA,NA,NA,NA,NA,NA,NA,NA,NA,NA,NA,NA,NA,NA,NA,NA,NA,NA,NA,High,High,High,NA,NA,NA,NA,NA,215.034394,-18.028843,1969.090313,0.950901,01:15:00,0.296619,-0.540629,-0.787234,-44.302655,8.753577,47.137382,-0.144524,175.818219,-0.986867,-4.137801,0.986867,-0.072155,0.144524,8.331598,-8.309727,0.072155,-0.072155,-175.818219,8.309727,0.144524,4.137801,-8.331598,-0.144524,0.072155,0.986867,-0.986867,NA,NA,NA,NA,NA,NA,NA,NA,NA,NA,NA
NA,NA,NA,NA,NA,NA,NA,NA,NA,NA,NA,NA,NA,NA,NA,NA,122,2026-01-22,16:32:28,1,5,"Johnston, Gavin",1000214547,Right,SOU_RED,"Joggerst, Dakota",1000455588,Left,SOU_RED,Undefined,4,Top,0,3,2,Slider,Curveball,BallCalled,Walk,Undefined,Undefined,0,0,NA,80.98284,2.432788,0.523982,2501.180041,63.555257,08:00:00,5.84677,0.95873,4.7489,-48.89404,-3.66847,-10.66922,4.08107,0.5666,72.92502,-6.424972,-1.351162,0.48402,NA,NA,NA,NA,NA,NA,NA,NA,NA,NA,NA,5.33158,-2.00469,-1.0016,50,6.0487,-0.58541,-117.15108,3.07347,7.29237,25.39548,-34.91601,SOU_RED,SOU_RED,SEMissouriState,TeamExclusive,Team,20260122-SEMissouriState-Private-1,3c823080-f7e2-11f0-8217-ffa056d3feda,77.87369,NA,NA,8.05782,NA,NA,NA,NA,NA,NA,fdc3883b-ec04-4f3d-97e9-3bef6ee70fa8,2026-01-22,22:32:28,2026-01-22T22:32:28Z,2026-01-22T22:32:28Z,NA,v3,471444,471444,NA,"Patterson, Caynen",10080896,Right,SOU_RED,3b689829-1a34-4968-be6b-ac56ace4c551,55.74685,-118.3903,12.69774,5.85716,4.77727,-17.45801,-0.96436,-0.94126,3.64619,NA,NA,NA,NA,NA,NA,NA,NA,NA,NA,NA,NA,NA,NA,NA,NA,NA,NA,NA,NA,NA,NA,NA,NA,NA,NA,NA,NA,NA,NA,NA,NA,NA,NA,NA,NA,NA,NA,NA,NA,NA,NA,NA,NA,NA,NA,NA,NA,NA,NA,High,High,High,NA,NA,NA,NA,NA,13.748427,67.869025,942.257296,0.376725,06:30:00,-0.924998,0.128772,0.357487,1.231875,-10.835888,13.855671,-0.784727,144.795322,-0.506471,-20.9368,0.506471,-0.357338,0.784727,57.161383,-51.69545,0.357338,-0.357338,-144.795322,51.69545,0.784727,20.9368,-57.161383,-0.784727,0.357338,0.506471,-0.506471,NA,NA,NA,NA,NA,NA,NA,NA,NA,NA,NA
NA,NA,NA,NA,NA,NA,NA,NA,NA,NA,NA,NA,NA,NA,NA,NA,123,2026-01-22,16:33:04,2,1,"Johnston, Gavin",1000214547,Right,SOU_RED,"Sims, Tank",10135104,Left,SOU_RED,Undefined,4,Top,0,0,0,Slider,Curveball,StrikeSwinging,Undefined,Undefined,Undefined,0,0,NA,80.9373,-0.216613,-1.307006,2438.426253,2.930167,06:00:00,5.82421,1.35315,4.49681,-50.44822,-4.96614,-0.33547,1.41374,0.07962,73.66957,-9.248847,-1.365822,0.485391,NA,NA,NA,NA,NA,NA,NA,NA,NA,NA,NA,-0.24764,-1.79874,-1.2157,50,5.75345,2.68878,-117.17434,-2.46732,-0.34011,24.64403,-34.6445,SOU_RED,SOU_RED,SEMissouriState,TeamExclusive,Team,20260122-SEMissouriState-Private-1,520c1b00-f7e2-11f0-8217-ffa056d3feda,77.653809999999993,NA,NA,7.26774,NA,NA,NA,NA,NA,NA,fdc3883b-ec04-4f3d-97e9-3bef6ee70fa8,2026-01-22,22:33:04,2026-01-22T22:33:04Z,2026-01-22T22:33:04Z,NA,v3,471444,471444,NA,"Patterson, Caynen",10080896,Right,SOU_RED,fa0a4278-8921-4b72-a8d4-58c84eabca4b,55.99997,-118.42953,12.32201,5.83418,-0.70279,-17.32225,-1.35308,2.7061,-0.17006,NA,NA,NA,NA,NA,NA,NA,NA,NA,NA,NA,NA,NA,NA,NA,NA,NA,NA,NA,NA,NA,NA,NA,NA,NA,NA,NA,NA,NA,NA,NA,NA,NA,NA,NA,NA,NA,NA,NA,NA,NA,NA,NA,NA,NA,NA,NA,NA,NA,NA,High,High,High,NA,NA,NA,NA,NA,2.334654,74.782959,640.028805,0.262476,06:00:00,-0.958739,0.007044,0.284201,28.823004,-29.840654,-6.776259,-0.685229,159.522164,-0.682303,-14.761835,0.682303,-0.254802,0.685229,45.122623,-43.253647,0.254802,-0.254802,-159.522164,43.253647,0.685229,14.761835,-45.122623,-0.685229,0.254802,0.682303,-0.682303,NA,NA,NA,NA,NA,NA,NA,NA,NA,NA,NA
NA,NA,NA,NA,NA,NA,NA,NA,NA,NA,NA,NA,NA,NA,NA,NA,124,2026-01-22,16:33:23,2,2,"Johnston, Gavin",1000214547,Right,SOU_RED,"Sims, Tank",10135104,Left,SOU_RED,Undefined,4,Top,0,0,1,Fastball,Four-Seam,FoulBallNotFieldable,Undefined,Undefined,Undefined,0,0,NA,89.79943,-3.864824,-2.165934,2120.356603,210.966607,01:00:00,5.91409,0.93077,5.4507,-12.5865,23.04348,13.07509,1.23896,-0.00831,81.51255,-6.294219,0.159657,0.429615,72.99267,-9.200909,61.478646,NA,NA,NA,NA,8.589,7.31334,46.590161,0.067099,-7.28032,13.16583,-0.74907,50,5.56434,4.33543,-129.9372,-9.12849,-12.35458,29.10965,-9.83185,SOU_RED,SOU_RED,SEMissouriState,TeamExclusive,Team,20260122-SEMissouriState-Private-1,5da26a00-f7e2-11f0-8217-ffa056d3feda,87.73544,1.15016,NA,8.28688,NA,NA,NA,2.51202,1.15016,6.6e-4,fdc3883b-ec04-4f3d-97e9-3bef6ee70fa8,2026-01-22,22:33:23,2026-01-22T22:33:23Z,2026-01-22T22:33:23Z,GroundBall,v3,471444,471444,NA,"Patterson, Caynen",10080896,Right,SOU_RED,d17ac268-7a68-4bbc-a97a-0036af74eed7,55.04794,-131.0632,14.55482,5.91009,-8.74818,-4.91592,-0.92601,4.81332,-6.17729,180,2.51128,50.5291,NA,NA,NA,NA,NA,NA,NA,1.15042,-17.14133,NA,NA,NA,NA,NA,NA,NA,-7.1e-4,92.98036,NA,NA,NA,NA,NA,NA,NA,NA,NA,NA,NA,NA,NA,NA,NA,NA,NA,NA,NA,NA,NA,NA,NA,NA,NA,NA,NA,NA,NA,High,High,High,Low,Low,NA,NA,NA,212.74371,-18.324733,2012.832992,0.94929,01:00:00,0.31787,-0.491095,-0.811039,-48.39807,5.543657,44.640095,-0.231706,177.66635,-0.971979,-2.270108,0.971979,-0.03961,0.231706,13.408243,-13.397524,0.03961,-0.03961,-177.66635,13.397524,0.231706,2.270108,-13.408243,-0.231706,0.03961,0.971979,-0.971979,NA,NA,NA,NA,NA,NA,NA,NA,NA,NA,NA
NA,NA,NA,NA,NA,NA,NA,NA,NA,NA,NA,NA,NA,NA,NA,NA,125,2026-01-22,16:33:57,2,3,"Johnston, Gavin",1000214547,Right,SOU_RED,"Sims, Tank",10135104,Left,SOU_RED,Undefined,4,Top,0,0,2,Fastball,Four-Seam,InPlay,Undefined,GroundBall,Out,2,0,NA,91.97767,-2.022711,-3.129969,2139.326497,210.42586,01:00:00,5.84949,1.41637,5.527,-13.12635,21.48844,11.76894,2.86109,-0.53184,81.43597,-4.606272,-1.036411,0.42345,72.77096,-27.008502,56.222893,NA,NA,NA,NA,6.83919,3.98123,47.032831,0.057762,-7.08445,11.9756,-1.15219,50,5.66537,6.71258,-132.84353,-5.03826,-12.26387,36.74606,-11.44321,SOU_RED,SOU_RED,SEMissouriState,TeamExclusive,Team,20260122-SEMissouriState-Private-1,71da8020-f7e2-11f0-8217-ffa056d3feda,89.01271,2.81013,NA,10.5417,NA,NA,NA,1.59633,2.81013,0.42196,fdc3883b-ec04-4f3d-97e9-3bef6ee70fa8,2026-01-22,22:33:57,2026-01-22T22:33:57Z,2026-01-22T22:33:57Z,GroundBall,v3,471444,471444,NA,"Patterson, Caynen",10080896,Right,SOU_RED,cbcefc27-86b8-4a68-bc98-3fb0e3dbb962,54.96668,-134.21034,18.37303,5.84486,-4.61262,-5.72161,-1.41035,7.16874,-6.13194,180,1.59449,53.06481,NA,NA,NA,NA,NA,NA,NA,2.81182,-48.6503,NA,NA,NA,NA,NA,NA,NA,0.41921,79.33582,NA,NA,NA,NA,NA,NA,NA,NA,NA,NA,NA,NA,NA,NA,NA,NA,NA,NA,NA,NA,NA,NA,NA,NA,NA,NA,NA,NA,NA,High,High,High,Low,Low,NA,NA,NA,213.046559,-16.378039,2052.517175,0.959422,01:00:00,0.255906,-0.512914,-0.819409,-47.926159,3.110212,37.43234,-0.234297,176.218149,-0.970048,-3.676436,0.970048,-0.064122,0.234297,13.578656,-13.550179,0.064122,-0.064122,-176.218149,13.550179,0.234297,3.676436,-13.578656,-0.234297,0.064122,0.970048,-0.970048,NA,NA,NA,NA,NA,NA,NA,NA,NA,NA,NA
NA,NA,NA,NA,NA,NA,NA,NA,NA,NA,NA,NA,NA,NA,NA,NA,126,2026-01-22,16:34:38,3,1,"Johnston, Gavin",1000214547,Right,SOU_RED,"Rocha, Michael",1000047667,Right,SOU_RED,Undefined,4,Top,2,0,0,Fastball,Four-Seam,StrikeCalled,Undefined,Undefined,Undefined,0,0,NA,92.17672,-3.102584,-2.474656,2077.21258,210.287762,01:00:00,5.86066,0.99596,5.50914,-13.04729,20.92915,11.48327,1.86643,-0.36274,82.96043,-5.628621,-0.430592,0.419527,NA,NA,NA,NA,NA,NA,NA,NA,NA,NA,NA,-6.52028,11.86249,-0.78766,50,5.58111,5.21473,-133.29467,-7.58355,-11.56019,32.54233,-11.14236,SOU_RED,SOU_RED,SEMissouriState,TeamExclusive,Team,20260122-SEMissouriState-Private-1,8a09e820-f7e2-11f0-8217-ffa056d3feda,89.84501,NA,NA,9.21628,NA,NA,NA,NA,NA,NA,fdc3883b-ec04-4f3d-97e9-3bef6ee70fa8,2026-01-22,22:34:38,2026-01-22T22:34:38Z,2026-01-22T22:34:38Z,NA,v3,471444,471444,NA,"Patterson, Caynen",10080896,Right,SOU_RED,c237d7d0-2ef8-47f4-b781-9962bcddade7,54.98509,-134.50621,16.27117,5.85572,-7.16872,-5.57118,-0.98981,5.64511,-5.7801,NA,NA,NA,NA,NA,NA,NA,NA,NA,NA,NA,NA,NA,NA,NA,NA,NA,NA,NA,NA,NA,NA,NA,NA,NA,NA,NA,NA,NA,NA,NA,NA,NA,NA,NA,NA,NA,NA,NA,NA,NA,NA,NA,NA,NA,NA,NA,NA,NA,NA,High,High,High,NA,NA,NA,NA,NA,214.857987,-15.265218,2003.923176,0.964717,01:15:00,0.258291,-0.53632,-0.803521,-47.590548,16.46078,48.79715,0.248329,179.785303,-0.968669,0.207972,0.968669,-0.00363,-0.248329,14.378773,14.378676,0.00363,0.00363,-179.785303,-14.378676,0.248329,-0.207972,-14.378773,-0.248329,-0.00363,0.968669,-0.968669,NA,NA,NA,NA,NA,NA,NA,NA,NA,NA,NA
NA,NA,NA,NA,NA,NA,NA,NA,NA,NA,NA,NA,NA,NA,NA,NA,127,2026-01-22,16:34:50,3,2,"Johnston, Gavin",1000214547,Right,SOU_RED,"Rocha, Michael",1000047667,Right,SOU_RED,Undefined,4,Top,2,0,1,Fastball,Sinker,BallCalled,Undefined,Undefined,Undefined,0,0,NA,92.56702,-3.778811,-1.901391,2253.073995,228.745962,01:30:00,5.87484,0.72508,5.26647,-16.71013,17.47091,18.40958,0.92542,0.4724,83.09621,-6.93742,1.365022,0.420789,NA,NA,NA,NA,NA,NA,NA,NA,NA,NA,NA,-9.69461,10.32816,-0.56466,50,5.5168,3.52519,-133.69777,-9.37996,-17.21325,33.94723,-13.83589,SOU_RED,SOU_RED,SEMissouriState,TeamExclusive,Team,20260122-SEMissouriState-Private-1,9135ff30-f7e2-11f0-8217-ffa056d3feda,89.5757,NA,NA,9.47081,NA,NA,NA,NA,NA,NA,fdc3883b-ec04-4f3d-97e9-3bef6ee70fa8,2026-01-22,22:34:50,2026-01-22T22:34:50Z,2026-01-22T22:34:50Z,NA,v3,471444,471444,NA,"Patterson, Caynen",10080896,Right,SOU_RED,a3b1859d-c43f-4c58-8ee3-6fc7aa18f622,55.22699,-135.01844,16.97362,5.87125,-8.8417,-6.91794,-0.71482,4.19484,-8.60662,NA,NA,NA,NA,NA,NA,NA,NA,NA,NA,NA,NA,NA,NA,NA,NA,NA,NA,NA,NA,NA,NA,NA,NA,NA,NA,NA,NA,NA,NA,NA,NA,NA,NA,NA,NA,NA,NA,NA,NA,NA,NA,NA,NA,NA,NA,NA,NA,NA,NA,High,High,High,NA,NA,NA,NA,NA,210.114057,-16.69506,2158.100766,0.957847,01:00:00,0.290659,-0.460596,-0.83867100000000006,-45.822935,15.884871,54.717953,0.26843,178.271622,-0.962861,1.664927,0.962861,-0.029054,-0.26843,15.577597,15.570854,0.029054,0.029054,-178.271622,-15.570854,0.26843,-1.664927,-15.577597,-0.26843,-0.029054,0.962861,-0.962861,NA,NA,NA,NA,NA,NA,NA,NA,NA,NA,NA
NA,NA,NA,NA,NA,NA,NA,NA,NA,NA,NA,NA,NA,NA,NA,NA,128,2026-01-22,16:35:05,3,3,"Johnston, Gavin",1000214547,Right,SOU_RED,"Rocha, Michael",1000047667,Right,SOU_RED,Undefined,4,Top,2,1,1,Fastball,Four-Seam,BallCalled,Undefined,Undefined,Undefined,0,0,NA,93.15156,-3.648055,-3.25943,2292.045904,225.51057,01:30:00,5.85586,0.93754,5.36524,-15.19847,18.3641,17.39757,1.1584700000000001,-0.67223,83.77458,-6.543917,-0.172144,0.416964,NA,NA,NA,NA,NA,NA,NA,NA,NA,NA,NA,-9.67103,10.71316,-0.65713,50,5.51721,6.80772,-134.50601,-9.06278,-17.44291,33.38877,-12.85153,SOU_RED,SOU_RED,SEMissouriState,TeamExclusive,Team,20260122-SEMissouriState-Private-1,9a499af0-f7e2-11f0-8217-ffa056d3feda,90.39725,NA,NA,9.37698,NA,NA,NA,NA,NA,NA,fdc3883b-ec04-4f3d-97e9-3bef6ee70fa8,2026-01-22,22:35:05,2026-01-22T22:35:05Z,2026-01-22T22:35:05Z,NA,v3,471444,471444,NA,"Patterson, Caynen",10080896,Right,SOU_RED,ba02c957-69a7-4473-9b37-38d4bf180b61,55.12934,-135.77331,16.69438,5.85194,-8.57498,-6.42577,-0.92808,7.46978,-8.72146,NA,NA,NA,NA,NA,NA,NA,NA,NA,NA,NA,NA,NA,NA,NA,NA,NA,NA,NA,NA,NA,NA,NA,NA,NA,NA,NA,NA,NA,NA,NA,NA,NA,NA,NA,NA,NA,NA,NA,NA,NA,NA,NA,NA,NA,NA,NA,NA,NA,NA,High,High,High,NA,NA,NA,NA,NA,208.593987,-12.202911,2240.257486,0.977405,01:00:00,0.191526,-0.453389,-0.870492,-42.984461,17.895747,57.002011,0.324578,179.715801,-0.945847,0.268812,0.945847,-0.004692,-0.324578,18.940256,18.94004,0.004692,0.004692,-179.715801,-18.94004,0.324578,-0.268812,-18.940256,-0.324578,-0.004692,0.945847,-0.945847,NA,NA,NA,NA,NA,NA,NA,NA,NA,NA,NA
NA,NA,NA,NA,NA,NA,NA,NA,NA,NA,NA,NA,NA,NA,NA,NA,129,2026-01-22,16:35:25,3,4,"Johnston, Gavin",1000214547,Right,SOU_RED,"Rocha, Michael",1000047667,Right,SOU_RED,Undefined,4,Top,2,2,1,Slider,Slider,BallCalled,Undefined,Undefined,Undefined,0,0,NA,83.13376,1.820697,-0.351946,2604.295516,54.522837,07:45:00,5.90826,1.03547,4.86388,-44.70298,-2.28402,-5.23504,3.90677,0.26612,75.37641,-6.284547,-1.274076,0.468761,NA,NA,NA,NA,NA,NA,NA,NA,NA,NA,NA,2.44563,-1.18059,-0.9962,50,6.04996,0.97903,-120.42171,2.07511,3.55835,25.38175,-33.89179,SOU_RED,SOU_RED,SEMissouriState,TeamExclusive,Team,20260122-SEMissouriState-Private-1,a6006a40-f7e2-11f0-8217-ffa056d3feda,80.40866,NA,NA,7.75735,NA,NA,NA,NA,NA,NA,fdc3883b-ec04-4f3d-97e9-3bef6ee70fa8,2026-01-22,22:35:25,2026-01-22T22:35:25Z,2026-01-22T22:35:25Z,NA,v3,471444,471444,NA,"Patterson, Caynen",10080896,Right,SOU_RED,d9f6584f-a9ba-4681-abd9-919f2d08840c,55.63262,-121.60312,12.69088,5.91666,3.65263,-16.9459,-1.03792,0.8134,1.77917,NA,NA,NA,NA,NA,NA,NA,NA,NA,NA,NA,NA,NA,NA,NA,NA,NA,NA,NA,NA,NA,NA,NA,NA,NA,NA,NA,NA,NA,NA,NA,NA,NA,NA,NA,NA,NA,NA,NA,NA,NA,NA,NA,NA,NA,NA,NA,NA,NA,NA,High,High,High,NA,NA,NA,NA,NA,6.861159,76.91957,589.400577,0.226319,06:15:00,-0.971304,0.057971,0.230669,5.029241,-27.473691,15.475647,-0.710233,148.385207,-0.599492,-21.655397,0.599492,-0.369023,0.710233,49.833031,-45.253886,0.369023,-0.369023,-148.385207,45.253886,0.710233,21.655397,-49.833031,-0.710233,0.369023,0.599492,-0.599492,NA,NA,NA,NA,NA,NA,NA,NA,NA,NA,NA
NA,NA,NA,NA,NA,NA,NA,NA,NA,NA,NA,NA,NA,NA,NA,NA,130,2026-01-22,16:35:39,3,5,"Johnston, Gavin",1000214547,Right,SOU_RED,"Rocha, Michael",1000047667,Right,SOU_RED,Undefined,4,Top,2,3,1,Slider,Curveball,StrikeCalled,Undefined,Undefined,Undefined,0,0,NA,79.45665,1.178949,0.175955,2547.79922,55.576728,07:45:00,5.77989,1.13838,5.07122,-50.08223,-4.21807,-8.34819,2.71805,0.60859,72.58804,-7.897572,-1.301974,0.487425,NA,NA,NA,NA,NA,NA,NA,NA,NA,NA,NA,4.17343,-1.94008,-1.14825,50,5.85226,-0.00179,-115.25148,0.53818,5.58038,22.59699,-34.76817,SOU_RED,SOU_RED,SEMissouriState,TeamExclusive,Team,20260122-SEMissouriState-Private-1,aea7fdc0-f7e2-11f0-8217-ffa056d3feda,77.32964,NA,NA,6.86862,NA,NA,NA,NA,NA,NA,fdc3883b-ec04-4f3d-97e9-3bef6ee70fa8,2026-01-22,22:35:39,2026-01-22T22:35:39Z,2026-01-22T22:35:39Z,NA,v3,471444,471444,NA,"Patterson, Caynen",10080896,Right,SOU_RED,f33a846e-6adf-4560-9759-d6df2d86b378,55.42744,-116.31075,11.29849,5.78884,2.168,-17.38409,-1.14204,-0.26338,2.79019,NA,NA,NA,NA,NA,NA,NA,NA,NA,NA,NA,NA,NA,NA,NA,NA,NA,NA,NA,NA,NA,NA,NA,NA,NA,NA,NA,NA,NA,NA,NA,NA,NA,NA,NA,NA,NA,NA,NA,NA,NA,NA,NA,NA,NA,NA,NA,NA,NA,NA,High,High,High,NA,NA,NA,NA,NA,17.254145,64.807959,1084.479908,0.425654,06:30:00,-0.903341,0.144845,0.403726,-21.346551,-3.765767,27.027303,-0.710778,151.227663,-0.616572,-19.790119,0.616572,-0.338576,0.710778,49.059664,-45.298271,0.338576,-0.338576,-151.227663,45.298271,0.710778,19.790119,-49.059664,-0.710778,0.338576,0.616572,-0.616572,NA,NA,NA,NA,NA,NA,NA,NA,NA,NA,NA
NA,NA,NA,NA,NA,NA,NA,NA,NA,NA,NA,NA,NA,NA,NA,NA,131,2026-01-22,16:35:55,3,6,"Johnston, Gavin",1000214547,Right,SOU_RED,"Rocha, Michael",1000047667,Right,SOU_RED,Undefined,4,Top,2,3,2,Slider,Slider,StrikeSwinging,Strikeout,Undefined,Undefined,0,0,NA,80.70506,1.405379,-0.024735,2554.560407,79.372983,08:45:00,5.77944,0.93098,4.79201,-46.35392,-1.0063,-13.97402,3.24872,-0.25697,72.95262,-6.999189,-2.48393,0.484673,NA,NA,NA,NA,NA,NA,NA,NA,NA,NA,NA,6.78559,-0.39949,-0.91588,50,5.87978,0.67674,-116.85271,1.09725,9.24505,25.0227,-32.71834,SOU_RED,SOU_RED,SEMissouriState,TeamExclusive,Team,20260122-SEMissouriState-Private-1,b81a3440-f7e2-11f0-8217-ffa056d3feda,77.76882,NA,NA,7.75245,NA,NA,NA,NA,NA,NA,fdc3883b-ec04-4f3d-97e9-3bef6ee70fa8,2026-01-22,22:35:55,2026-01-22T22:35:55Z,2026-01-22T22:35:55Z,NA,v3,471444,471444,NA,"Patterson, Caynen",10080896,Right,SOU_RED,9a7b768f-b9e6-4017-b025-18c03a70aa12,55.70414,-118.06787,12.51135,5.78792,2.68613,-16.35917,-0.93784,0.22778,4.62253,NA,NA,NA,NA,NA,NA,NA,NA,NA,NA,NA,NA,NA,NA,NA,NA,NA,NA,NA,NA,NA,NA,NA,NA,NA,NA,NA,NA,NA,NA,NA,NA,NA,NA,NA,NA,NA,NA,NA,NA,NA,NA,NA,NA,NA,NA,NA,NA,NA,NA,High,High,High,NA,NA,NA,NA,NA,17.210859,68.440704,938.708792,0.367464,06:30:00,-0.92694,0.131506,0.35141,10.507856,-24.435547,4.5374930000000004,-0.686622,153.160613,-0.648697,-19.162009,0.648697,-0.32824,0.686622,46.626862,-43.363337,0.32824,-0.32824,-153.160613,43.363337,0.686622,19.162009,-46.626862,-0.686622,0.32824,0.648697,-0.648697,NA,NA,NA,NA,NA,NA,NA,NA,NA,NA,NA
NA,NA,NA,NA,NA,NA,NA,NA,NA,NA,NA,NA,NA,NA,NA,NA,132,2026-01-22,16:38:42,1,1,"Marchi, Cameron",1000189292,Right,SOU_RED,"Champion, Caleb",10305160,Left,SOU_RED,Undefined,4,Bottom,0,0,0,Sinker,Changeup,StrikeCalled,Undefined,Undefined,Undefined,0,0,NA,78.61766,3.223115,-5.868145,2102.947192,269.33556,03:00:00,3.29636,3.63177,6.79678,-42.51727,1.56823,15.75363,2.71356,-0.43,71.65828,-4.742885,-3.017527,0.47788,NA,NA,NA,NA,NA,NA,NA,NA,NA,NA,NA,-9.87571,0.4163,-3.25517,50,3.4912,11.14997,-113.6681,5.29434,-12.93418,20.63063,-31.62881,SOU_RED,SOU_RED,SEMissouriState,TeamExclusive,Team,20260122-SEMissouriState-Private-1,1b7e1510-f7e3-11f0-8217-ffa056d3feda,78.87421,NA,NA,6.95938,NA,NA,NA,NA,NA,NA,fdc3883b-ec04-4f3d-97e9-3bef6ee70fa8,2026-01-22,22:38:42,2026-01-22T22:38:42Z,2026-01-22T22:38:42Z,NA,v3,471444,471444,NA,"Sims, Tank",10135104,Right,SOU_RED,e566d406-e2b7-4ddc-aaad-cd709162a637,53.70267,-114.33816,10.31532,3.30257,6.3216,-15.8144,-3.62412,11.57006,-6.46709,NA,NA,NA,NA,NA,NA,NA,NA,NA,NA,NA,NA,NA,NA,NA,NA,NA,NA,NA,NA,NA,NA,NA,NA,NA,NA,NA,NA,NA,NA,NA,NA,NA,NA,NA,NA,NA,NA,NA,NA,NA,NA,NA,NA,NA,NA,NA,NA,NA,NA,High,High,High,NA,NA,NA,NA,NA,283.470126,40.050843,1609.750872,0.765474,03:30:00,-0.662488,-0.707061,0.247337,64.827475,5.704978,-49.995529,-0.090085,169.797637,-0.980187,-10.16044,0.980187,-0.176405,0.090085,5.251089,-5.168514,0.176405,-0.176405,-169.797637,5.168514,0.090085,10.16044,-5.251089,-0.090085,0.176405,0.980187,-0.980187,NA,NA,NA,NA,NA,NA,NA,NA,NA,NA,NA
NA,NA,NA,NA,NA,NA,NA,NA,NA,NA,NA,NA,NA,NA,NA,NA,133,2026-01-22,16:38:55,1,2,"Marchi, Cameron",1000189292,Right,SOU_RED,"Champion, Caleb",10305160,Left,SOU_RED,Undefined,4,Bottom,0,0,1,ChangeUp,Changeup,BallCalled,Undefined,Undefined,Undefined,0,0,NA,74.01867,2.536163,-3.232888,1337.077019,293.537489,03:45:00,3.21034,3.87264,5.74878,-56.34125,-4.37394,14.17142,0.88166,2.04065,67.17382,-7.819822,-0.699796,0.518844,NA,NA,NA,NA,NA,NA,NA,NA,NA,NA,NA,-8.19961,-2.47122,-3.61267,50,3.38717,5.54107,-107.20516,3.0193,-9.43245,20.52955,-35.0168,SOU_RED,SOU_RED,SEMissouriState,TeamExclusive,Team,20260122-SEMissouriState-Private-1,23a7c600-f7e3-11f0-8217-ffa056d3feda,72.647,NA,NA,6.84484,NA,NA,NA,NA,NA,NA,fdc3883b-ec04-4f3d-97e9-3bef6ee70fa8,2026-01-22,22:38:55,2026-01-22T22:38:55Z,2026-01-22T22:38:55Z,NA,v3,471444,471444,NA,"Sims, Tank",10135104,Right,SOU_RED,6f618770-7437-4f52-8026-3ae09caa5e03,54.75092,-108.11112,10.26477,3.21983,4.56458,-17.5084,-3.86637,5.95732,-4.71623,NA,NA,NA,NA,NA,NA,NA,NA,NA,NA,NA,NA,NA,NA,NA,NA,NA,NA,NA,NA,NA,NA,NA,NA,NA,NA,NA,NA,NA,NA,NA,NA,NA,NA,NA,NA,NA,NA,NA,NA,NA,NA,NA,NA,NA,NA,NA,NA,NA,NA,High,High,High,NA,NA,NA,NA,NA,281.116267,25.839405,1203.395028,0.900019,03:15:00,-0.463961,-0.862982,0.200007,-31.877057,-10.70181,-48.097002,-0.853887,135.688357,-0.372414,-21.319711,0.372414,-0.363572,0.853887,66.436055,-58.637001,0.363572,-0.363572,-135.688357,58.637001,0.853887,21.319711,-66.436055,-0.853887,0.363572,0.372414,-0.372414,NA,NA,NA,NA,NA,NA,NA,NA,NA,NA,NA
NA,NA,NA,NA,NA,NA,NA,NA,NA,NA,NA,NA,NA,NA,NA,NA,134,2026-01-22,16:39:10,1,3,"Marchi, Cameron",1000189292,Right,SOU_RED,"Champion, Caleb",10305160,Left,SOU_RED,Undefined,4,Bottom,0,1,1,ChangeUp,Changeup,BallCalled,Undefined,Undefined,Undefined,0,0,NA,74.9316,2.807724,-4.935221,1447.78091,311.595399,04:30:00,3.17178,3.99302,5.80775,-59.76413,-8.47615,11.71981,0.81428,0.36879,67.36644,-8.173568,-2.845797,0.515441,NA,NA,NA,NA,NA,NA,NA,NA,NA,NA,NA,-7.61863,-4.66359,-3.59426,50,3.36795,8.90846,-108.19334,3.4504,-8.84022,22.58767,-37.58541,SOU_RED,SOU_RED,SEMissouriState,TeamExclusive,Team,20260122-SEMissouriState-Private-1,2c19f1a0-f7e3-11f0-8217-ffa056d3feda,73.12655,NA,NA,7.56515,NA,NA,NA,NA,NA,NA,fdc3883b-ec04-4f3d-97e9-3bef6ee70fa8,2026-01-22,22:39:10,2026-01-22T22:39:10Z,2026-01-22T22:39:10Z,NA,v3,471444,471444,NA,"Sims, Tank",10135104,Right,SOU_RED,d0cb904a-a567-436b-a4d3-4e3a543f4112,54.69113,-109.16831,11.29384,3.184,5.07274,-18.79271,-3.98702,9.29004,-4.42011,NA,NA,NA,NA,NA,NA,NA,NA,NA,NA,NA,NA,NA,NA,NA,NA,NA,NA,NA,NA,NA,NA,NA,NA,NA,NA,NA,NA,NA,NA,NA,NA,NA,NA,NA,NA,NA,NA,NA,NA,NA,NA,NA,NA,NA,NA,NA,NA,NA,NA,High,High,High,NA,NA,NA,NA,NA,283.83575,32.099672,1226.451347,0.847125,03:30:00,-0.551503,-0.795528,0.250957,-34.187118,-9.072273,-41.11626,-0.925562,157.31874,-0.349317,-8.394514,0.349317,-0.145988,0.925562,69.322946,-67.753245,0.145988,-0.145988,-157.31874,67.753245,0.925562,8.394514,-69.322946,-0.925562,0.145988,0.349317,-0.349317,NA,NA,NA,NA,NA,NA,NA,NA,NA,NA,NA
NA,NA,NA,NA,NA,NA,NA,NA,NA,NA,NA,NA,NA,NA,NA,NA,135,2026-01-22,16:39:25,1,4,"Marchi, Cameron",1000189292,Right,SOU_RED,"Champion, Caleb",10305160,Left,SOU_RED,Undefined,4,Bottom,0,2,1,Slider,Slider,StrikeCalled,Undefined,Undefined,Undefined,0,0,NA,73.83028,2.822182,-3.705107,2234.926865,86.141077,08:45:00,3.29297,3.7282,5.98606,-51.15629,1.87016,-4.29776,1.65324,-0.06876,65.57779,-6.71674,-4.474111,0.524104,NA,NA,NA,NA,NA,NA,NA,NA,NA,NA,NA,0.76843,0.64614,-3.43334,50,3.48951,7.06013,-106.55405,3.76744,0.85426,23.94155,-31.45575,SOU_RED,SOU_RED,SEMissouriState,TeamExclusive,Team,20260122-SEMissouriState-Private-1,3565db70-f7e3-11f0-8217-ffa056d3feda,71.91783,NA,NA,8.25249,NA,NA,NA,NA,NA,NA,fdc3883b-ec04-4f3d-97e9-3bef6ee70fa8,2026-01-22,22:39:25,2026-01-22T22:39:25Z,2026-01-22T22:39:25Z,NA,v3,471444,471444,NA,"Sims, Tank",10135104,Right,SOU_RED,a258457f-02ee-4e79-91d0-55c5963aaf66,54.50503,-107.56152,11.97077,3.30313,5.09111,-15.72788,-3.72967,7.02418,0.42713,NA,NA,NA,NA,NA,NA,NA,NA,NA,NA,NA,NA,NA,NA,NA,NA,NA,NA,NA,NA,NA,NA,NA,NA,NA,NA,NA,NA,NA,NA,NA,NA,NA,NA,NA,NA,NA,NA,NA,NA,NA,NA,NA,NA,NA,NA,NA,NA,NA,NA,High,High,High,NA,NA,NA,NA,NA,321.590336,86.949758,118.924076,0.053212,04:45:00,-0.994217,0.016147,0.106166,88.988307,-39.012476,-27.29183,-0.625148,125.438315,-0.452558,-39.487479,0.452558,-0.63591,0.625148,54.09845,-38.69308,0.63591,-0.63591,-125.438315,38.69308,0.625148,39.487479,-54.09845,-0.625148,0.63591,0.452558,-0.452558,NA,NA,NA,NA,NA,NA,NA,NA,NA,NA,NA
NA,NA,NA,NA,NA,NA,NA,NA,NA,NA,NA,NA,NA,NA,NA,NA,136,2026-01-22,16:39:42,1,5,"Marchi, Cameron",1000189292,Right,SOU_RED,"Champion, Caleb",10305160,Left,SOU_RED,Undefined,4,Bottom,0,2,2,Sinker,Changeup,BallCalled,Undefined,Undefined,Undefined,0,0,NA,80.45163,5.329092,-4.645494,2264.515082,252.502666,02:30:00,3.3551,3.92655,6.67633,-35.48163,7.0565,18.04544,5.3035,1.17136,72.67993,-1.347785,-1.380898,0.469419,NA,NA,NA,NA,NA,NA,NA,NA,NA,NA,NA,-10.68792,2.63248,-3.62091,50,3.6998,8.78619,-116.13353,9.91313,-14.55821,22.2811,-28.58827,SOU_RED,SOU_RED,SEMissouriState,TeamExclusive,Team,20260122-SEMissouriState-Private-1,3f7cdd70-f7e3-11f0-8217-ffa056d3feda,80.29596,NA,NA,7.7717,NA,NA,NA,NA,NA,NA,fdc3883b-ec04-4f3d-97e9-3bef6ee70fa8,2026-01-22,22:39:42,2026-01-22T22:39:42Z,2026-01-22T22:39:42Z,NA,v3,471444,471444,NA,"Sims, Tank",10135104,Right,SOU_RED,71dc26a4-0def-41dc-92cc-28031bde9464,53.82105,-116.86433,11.14055,3.35928,10.8508,-14.29413,-3.91692,9.26368,-7.2791,NA,NA,NA,NA,NA,NA,NA,NA,NA,NA,NA,NA,NA,NA,NA,NA,NA,NA,NA,NA,NA,NA,NA,NA,NA,NA,NA,NA,NA,NA,NA,NA,NA,NA,NA,NA,NA,NA,NA,NA,NA,NA,NA,NA,NA,NA,NA,NA,NA,NA,High,High,High,NA,NA,NA,NA,NA,275.799648,40.839564,1713.20455,0.756544,03:15:00,-0.712462,-0.688682,0.134594,68.447933,8.365589,-57.630593,-0.178791,167.945418,-0.962191,-11.857502,0.962191,-0.205478,0.178791,10.52645,-10.299354,0.205478,-0.205478,-167.945418,10.299354,0.178791,11.857502,-10.52645,-0.178791,0.205478,0.962191,-0.962191,NA,NA,NA,NA,NA,NA,NA,NA,NA,NA,NA
NA,NA,NA,NA,NA,NA,NA,NA,NA,NA,NA,NA,NA,NA,NA,NA,137,2026-01-22,16:39:56,1,6,"Marchi, Cameron",1000189292,Right,SOU_RED,"Champion, Caleb",10305160,Left,SOU_RED,Undefined,4,Bottom,0,3,2,Sinker,Changeup,BallCalled,Walk,Undefined,Undefined,0,0,NA,78.30539,2.297602,-7.015852,2124.516196,260.803018,02:45:00,3.36277,3.79326,6.5454,-41.2638,3.72114,14.23064,2.04822,-1.48724,71.49464,-5.391682,-4.462743,0.482731,NA,NA,NA,NA,NA,NA,NA,NA,NA,NA,NA,-9.31563,1.79315,-3.31106,50,3.50574,13.41242,-112.99808,3.42668,-12.06946,20.19326,-29.85082,SOU_RED,SOU_RED,SEMissouriState,TeamExclusive,Team,20260122-SEMissouriState-Private-1,480e29d0-f7e3-11f0-8217-ffa056d3feda,78.08169,NA,NA,6.81075,NA,NA,NA,NA,NA,NA,fdc3883b-ec04-4f3d-97e9-3bef6ee70fa8,2026-01-22,22:39:56,2026-01-22T22:39:56Z,2026-01-22T22:39:56Z,NA,v3,471444,471444,NA,"Sims, Tank",10135104,Right,SOU_RED,163f536d-2cdb-4c23-8ad7-834259e73df3,53.95354,-113.70241,10.09663,3.36806,4.46785,-14.92541,-3.78621,13.8334,-6.03473,NA,NA,NA,NA,NA,NA,NA,NA,NA,NA,NA,NA,NA,NA,NA,NA,NA,NA,NA,NA,NA,NA,NA,NA,NA,NA,NA,NA,NA,NA,NA,NA,NA,NA,NA,NA,NA,NA,NA,NA,NA,NA,NA,NA,NA,NA,NA,NA,NA,NA,High,High,High,NA,NA,NA,NA,NA,281.597241,43.998584,1528.285522,0.719357,03:30:00,-0.69926,-0.676257,0.231759,59.485255,22.651779,-57.140116,-0.08479,166.211986,-0.967687,-13.737385,0.967687,-0.237472,0.08479,5.007558,-4.863964,0.237472,-0.237472,-166.211986,4.863964,0.08479,13.737385,-5.007558,-0.08479,0.237472,0.967687,-0.967687,NA,NA,NA,NA,NA,NA,NA,NA,NA,NA,NA
NA,NA,NA,NA,NA,NA,NA,NA,NA,NA,NA,NA,NA,NA,NA,NA,138,2026-01-22,16:40:31,2,1,"Marchi, Cameron",1000189292,Right,SOU_RED,"Shakotko, Demitri",1000332439,Left,SOU_RED,Undefined,4,Bottom,0,0,0,Sinker,Changeup,BallCalled,Undefined,Undefined,Undefined,0,0,NA,77.85115,3.416154,-1.951123,2134.049626,255.83074,02:30:00,3.77182,3.74682,6.45072,-39.79388,5.55847,16.32528,3.59972,3.31402,70.82401,-4.050781,1.005156,0.484698,NA,NA,NA,NA,NA,NA,NA,NA,NA,NA,NA,-9.05686,2.36705,-3.61533,50,3.99651,3.28111,-112.95346,5.64923,-11.66399,21.17876,-29.1256,SOU_RED,SOU_RED,SEMissouriState,TeamExclusive,Team,20260122-SEMissouriState-Private-1,5cbad3b0-f7e3-11f0-8217-ffa056d3feda,77.7648,NA,NA,7.02714,NA,NA,NA,NA,NA,NA,fdc3883b-ec04-4f3d-97e9-3bef6ee70fa8,2026-01-22,22:40:31,2026-01-22T22:40:31Z,2026-01-22T22:40:31Z,NA,v3,471444,471444,NA,"Sims, Tank",10135104,Right,SOU_RED,2b20bc1c-c6a9-4802-a4a2-c667ff66107d,54.04809,-113.70994,10.58938,3.77614,6.68956,-14.5628,-3.73997,3.69774,-5.83199,NA,NA,NA,NA,NA,NA,NA,NA,NA,NA,NA,NA,NA,NA,NA,NA,NA,NA,NA,NA,NA,NA,NA,NA,NA,NA,NA,NA,NA,NA,NA,NA,NA,NA,NA,NA,NA,NA,NA,NA,NA,NA,NA,NA,NA,NA,NA,NA,NA,NA,High,High,High,NA,NA,NA,NA,NA,275.482481,41.580689,1596.315693,0.748022,03:15:00,-0.704021,-0.70373,0.095492,71.296611,7.030903,-52.255989,-0.112974,167.656735,-0.97063,-12.26301,0.97063,-0.2124,0.112974,6.638923,-6.486784,0.2124,-0.2124,-167.656735,6.486784,0.112974,12.26301,-6.638923,-0.112974,0.2124,0.97063,-0.97063,NA,NA,NA,NA,NA,NA,NA,NA,NA,NA,NA
NA,NA,NA,NA,NA,NA,NA,NA,NA,NA,NA,NA,NA,NA,NA,NA,139,2026-01-22,16:40:48,2,2,"Marchi, Cameron",1000189292,Right,SOU_RED,"Shakotko, Demitri",1000332439,Left,SOU_RED,Undefined,4,Bottom,0,1,0,Slider,Curveball,BallCalled,Undefined,Undefined,Undefined,0,0,NA,73.21262,3.372141,-4.430388,2234.05471,102.175753,09:30:00,3.2591,3.79533,6.05771,-49.81085,3.84063,-8.17319,2.24237,-0.99465,65.32333,-5.919879,-5.89033,0.527184,NA,NA,NA,NA,NA,NA,NA,NA,NA,NA,NA,2.54547,1.43102,-3.44663,50,3.49643,8.47476,-105.59451,4.8373100000000004,2.79303,22.70063,-30.60386,SOU_RED,SOU_RED,SEMissouriState,TeamExclusive,Team,20260122-SEMissouriState-Private-1,66f3b590-f7e3-11f0-8217-ffa056d3feda,71.49766,NA,NA,7.88929,NA,NA,NA,NA,NA,NA,fdc3883b-ec04-4f3d-97e9-3bef6ee70fa8,2026-01-22,22:40:48,2026-01-22T22:40:48Z,2026-01-22T22:40:48Z,NA,v3,471444,471444,NA,"Sims, Tank",10135104,Right,SOU_RED,3ef37168-41b2-4557-80d4-de46b0f0550d,54.43508,-106.54369,11.35032,3.26742,6.11696,-15.30193,-3.79854,8.35798,1.39652,NA,NA,NA,NA,NA,NA,NA,NA,NA,NA,NA,NA,NA,NA,NA,NA,NA,NA,NA,NA,NA,NA,NA,NA,NA,NA,NA,NA,76.55209,2.109092,0.769638,1.339453,1.68644,2.27036,0.96684,-0.46149,6.04802,1.54262,127.27668,2.55135,7.46802,-0.20196,109.01622,-10.35029,6.08008,12.94772,-11.63454,1.40695,-0.33476,3.63597,High,High,High,NA,NA,High,High,High,342.68434,89.129719,33.932346,0.015189,05:30:00,-0.994316,0.054301,0.091583,-78.004377,55.71966,-16.731572,-0.682802,121.787566,-0.384861,-38.390503,0.384861,-0.621018,0.682802,60.59226,-43.063012,0.621018,-0.621018,-121.787566,43.063012,0.682802,38.390503,-60.59226,-0.682802,0.621018,0.384861,-0.384861,NA,NA,NA,NA,NA,NA,NA,NA,NA,NA,NA
NA,NA,NA,NA,NA,NA,NA,NA,NA,NA,NA,NA,NA,NA,NA,NA,140,2026-01-22,16:41:25,2,3,"Marchi, Cameron",1000189292,Right,SOU_RED,"Shakotko, Demitri",1000332439,Left,SOU_RED,Undefined,4,Bottom,0,2,0,Slider,Slider,StrikeSwinging,Undefined,Undefined,Undefined,0,0,NA,71.79624,3.165838,-2.001576,2239.357449,140.297787,10:45:00,3.29846,3.79114,6.07911,-47.72692,7.14552,-4.29567,2.25506,1.58054,64.63584,-5.75908,-2.773432,0.533149,NA,NA,NA,NA,NA,NA,NA,NA,NA,NA,NA,1.52307,3.29858,-3.63436,50,3.51907,3.78282,-103.91378,4.44898,1.63759,20.12227,-28.62748,SOU_RED,SOU_RED,SEMissouriState,TeamExclusive,Team,20260122-SEMissouriState-Private-1,7cce5820-f7e3-11f0-8217-ffa056d3feda,70.69776,NA,NA,7.1604,NA,NA,NA,NA,NA,NA,fdc3883b-ec04-4f3d-97e9-3bef6ee70fa8,2026-01-22,22:41:25,2026-01-22T22:41:25Z,2026-01-22T22:41:25Z,NA,v3,471444,471444,NA,"Sims, Tank",10135104,Right,SOU_RED,8a868296-26c1-4179-a131-cd74ff1951c3,54.41386,-104.76501,10.06114,3.30525,5.66,-14.31374,-3.79292,3.71354,0.8188,NA,NA,NA,NA,NA,NA,NA,NA,NA,NA,NA,NA,NA,NA,NA,NA,NA,NA,NA,NA,NA,NA,NA,NA,NA,NA,NA,NA,NA,NA,NA,NA,NA,NA,NA,NA,NA,NA,NA,NA,NA,NA,NA,NA,NA,NA,NA,NA,NA,NA,High,High,High,NA,NA,NA,NA,NA,87.579125,84.311674,221.958388,0.099117,09:00:00,-0.987339,0.153832,0.038695,73.151179,-46.920322,-21.75285,-0.637181,123.639309,-0.426947,-39.9151,0.426947,-0.641652,0.637181,56.175661,-39.581898,0.641652,-0.641652,-123.639309,39.581898,0.637181,39.9151,-56.175661,-0.637181,0.641652,0.426947,-0.426947,NA,NA,NA,NA,NA,NA,NA,NA,NA,NA,NA
NA,NA,NA,NA,NA,NA,NA,NA,NA,NA,NA,NA,NA,NA,NA,NA,141,2026-01-22,16:41:42,2,4,"Marchi, Cameron",1000189292,Right,SOU_RED,"Shakotko, Demitri",1000332439,Left,SOU_RED,Undefined,4,Bottom,0,2,1,Slider,Curveball,StrikeCalled,Undefined,Undefined,Undefined,0,0,NA,72.30545,2.449721,-3.926571,2340.697169,113.934554,09:45:00,3.23858,3.86873,6.02005,-48.81451,5.97197,-8.76158,1.44646,-0.50406,64.82095,-6.652893,-5.493536,0.532731,NA,NA,NA,NA,NA,NA,NA,NA,NA,NA,NA,3.05886,2.87315,-3.55637,50,3.40537,7.48016,-104.45331,3.12445,3.29352,21.76111,-29.08047,SOU_RED,SOU_RED,SEMissouriState,TeamExclusive,Team,20260122-SEMissouriState-Private-1,872b15b0-f7e3-11f0-8217-ffa056d3feda,70.75321,NA,NA,7.4845,NA,NA,NA,NA,NA,NA,fdc3883b-ec04-4f3d-97e9-3bef6ee70fa8,2026-01-22,22:41:42,2026-01-22T22:41:42Z,2026-01-22T22:41:42Z,NA,v3,471444,471444,NA,"Sims, Tank",10135104,Right,SOU_RED,ea9d36b3-f488-41c4-babf-5e0ddca28a99,54.47285,-105.38104,10.88055,3.24574,4.36421,-14.54024,-3.87227,7.33975,1.64676,NA,NA,NA,NA,NA,NA,NA,NA,NA,NA,NA,NA,NA,NA,NA,NA,NA,NA,NA,NA,NA,NA,NA,NA,NA,NA,NA,NA,NA,NA,NA,NA,NA,NA,NA,NA,NA,NA,NA,NA,NA,NA,NA,NA,NA,NA,NA,NA,NA,NA,High,High,High,NA,NA,NA,NA,NA,73.136501,82.755072,295.188014,0.126111,08:30:00,-0.981131,0.162979,0.104014,89.525379,-37.011912,-37.036533,-0.641132,127.389625,-0.466008,-37.570881,0.466008,-0.609742,0.641132,53.988384,-39.87629,0.609742,-0.609742,-127.389625,39.87629,0.641132,37.570881,-53.988384,-0.641132,0.609742,0.466008,-0.466008,NA,NA,NA,NA,NA,NA,NA,NA,NA,NA,NA
NA,NA,NA,NA,NA,NA,NA,NA,NA,NA,NA,NA,NA,NA,NA,NA,142,2026-01-22,16:42:00,2,5,"Marchi, Cameron",1000189292,Right,SOU_RED,"Shakotko, Demitri",1000332439,Left,SOU_RED,Undefined,4,Bottom,0,2,2,Sinker,Changeup,BallCalled,Undefined,Undefined,Undefined,0,0,NA,78.54788,0.498291,-3.776944,2186.190101,253.441778,02:30:00,3.24987,3.93667,6.62698,-38.35797,5.73922,14.65044,0.51064,1.69416,72.01272,-6.69282,-1.116496,0.477944,NA,NA,NA,NA,NA,NA,NA,NA,NA,NA,NA,-8.76434,3.30362,-3.68601,50,3.26812,7.03878,-114.05174,-0.03709,-11.54243,21.00492,-27.82324,SOU_RED,SOU_RED,SEMissouriState,TeamExclusive,Team,20260122-SEMissouriState-Private-1,9194a480-f7e3-11f0-8217-ffa056d3feda,78.86374,NA,NA,6.53516,NA,NA,NA,NA,NA,NA,fdc3883b-ec04-4f3d-97e9-3bef6ee70fa8,2026-01-22,22:42:00,2026-01-22T22:42:00Z,2026-01-22T22:42:00Z,NA,v3,471444,471444,NA,"Sims, Tank",10135104,Right,SOU_RED,001357e4-e486-46f7-91d4-dbfbbbccfba9,53.87265,-114.76275,10.50246,3.25344,0.90472,-13.91162,-3.93088,7.42949,-5.77122,NA,NA,NA,NA,NA,NA,NA,NA,NA,NA,NA,NA,NA,NA,NA,NA,NA,NA,NA,NA,NA,NA,NA,NA,NA,NA,NA,NA,NA,NA,NA,NA,NA,NA,NA,NA,NA,NA,NA,NA,NA,NA,NA,NA,NA,NA,NA,NA,NA,NA,High,High,High,NA,NA,NA,NA,NA,281.262338,47.720478,1470.755292,0.672748,03:30:00,-0.735307,-0.653334,0.180217,62.382975,8.492284,-59.01947,-0.152264,164.38041,-0.951841,-15.432898,0.951841,-0.26611,0.152264,9.088479,-8.758148,0.26611,-0.26611,-164.38041,8.758148,0.152264,15.432898,-9.088479,-0.152264,0.26611,0.951841,-0.951841,NA,NA,NA,NA,NA,NA,NA,NA,NA,NA,NA
NA,NA,NA,NA,NA,NA,NA,NA,NA,NA,NA,NA,NA,NA,NA,NA,143,2026-01-22,16:42:19,2,6,"Marchi, Cameron",1000189292,Right,SOU_RED,"Shakotko, Demitri",1000332439,Left,SOU_RED,Undefined,4,Bottom,0,3,2,Slider,Curveball,InPlay,Undefined,LineDrive,Double,0,1,NA,72.14231,2.976056,-2.796569,2246.56149,104.655906,09:30:00,3.26182,3.63258,6.05295,-50.63841,4.40504,-8.62756,1.80256,0.32286,64.40181,-6.487766,-4.344141,0.533979,99.82342,9.437086,30.27737,2336.480297,92.90779,7.60714,58.89082,158.2769,157.43769,34.279142,1.304827,3.43532,1.73488,-3.41034,50,3.46683,5.38729,-104.31651,4.04681,3.67186,22.45041,-30.31971,SOU_RED,SOU_RED,SEMissouriState,TeamExclusive,Team,20260122-SEMissouriState-Private-1,9d30e6f0-f7e3-11f0-8217-ffa056d3feda,70.58785,8.806,NA,7.7405,NA,NA,NA,2.99627,1.9513,-0.52957,fdc3883b-ec04-4f3d-97e9-3bef6ee70fa8,2026-01-22,22:42:19,2026-01-22T22:42:19Z,2026-01-22T22:42:19Z,LineDrive,v3,471444,471444,NA,"Sims, Tank",10135104,Right,SOU_RED,de8eba41-0950-43c3-a01f-2e0183b572a3,54.44314,-105.2684,11.2252,3.26799,5.33236,-15.15986,-3.63546,5.2316,1.83593,277.799483,2.99627,124.72553,-26.53205,6.08855,-1.52117,0.38842,-0.09612,0.01886,-0.002,1.9513,24.00562,-22.5838,3.10032,-0.79237,0.20549,-0.04996,0.00989,-0.00106,-0.52957,72.81765,-4.05605,0.92965,-0.22833,0.0576,-0.01425,0.00279,-3e-4,NA,NA,NA,NA,NA,NA,NA,NA,NA,NA,NA,NA,NA,NA,NA,NA,NA,NA,NA,NA,NA,NA,High,High,High,High,High,NA,NA,NA,78.745253,81.55508,329.926832,0.146859,08:30:00,-0.977779,0.195196,0.07646,-75.921595,55.276546,-23.066161,-0.686416,121.669945,-0.381803,-38.237155,0.381803,-0.618918,0.686416,60.91601,-43.347077,0.618918,-0.618918,-121.669945,43.347077,0.686416,38.237155,-60.91601,-0.686416,0.618918,0.381803,-0.381803,NA,NA,NA,NA,NA,NA,NA,NA,NA,NA,NA
NA,NA,NA,NA,NA,NA,NA,NA,NA,NA,NA,NA,NA,NA,NA,NA,144,2026-01-22,16:42:57,3,1,"Marchi, Cameron",1000189292,Right,SOU_RED,"Ramirez, Andrew",10063875,Right,SOU_RED,Undefined,4,Bottom,0,0,0,Sinker,Changeup,InPlay,Undefined,Bunt,Single,0,0,NA,78.42441,2.423952,-4.712096,2204.475088,259.308817,02:45:00,3.46778,3.5462,6.7939,-39.86242,4.62792,16.49458,2.36717,0.61013,70.99764,-5.097063,-1.716322,0.48007,23.38271,14.221359,-28.441835,1780.402573,NA,NA,NA,28.60151,28.1887,-27.223754,0.780995,-10.31532,2.05799,-3.24629,50,3.61038,8.84586,-113.62082,3.80613,-13.34774,22.79049,-29.51106,SOU_RED,SOU_RED,SEMissouriState,TeamExclusive,Team,20260122-SEMissouriState-Private-1,b360ae60-f7e3-11f0-8217-ffa056d3feda,78.51454,3.62029,NA,7.42676,NA,NA,NA,3.3267,2.45389,-0.63475,fdc3883b-ec04-4f3d-97e9-3bef6ee70fa8,2026-01-22,22:42:57,2026-01-22T22:42:57Z,2026-01-22T22:42:57Z,GroundBall,v3,471444,471444,NA,"Sims, Tank",10135104,Right,SOU_RED,af03e22e-d0ec-4a84-8c6f-f8a3ab2852da,53.70705,-114.36198,11.39524,3.471,4.76584,-14.75553,-3.54101,9.27993,-6.67387,136.596295,3.3267,29.23118,-1.82358,0.88846,-0.69435,2.69798,-4.56395,3.52406,-1.06044,2.45389,8.42475,-15.46309,0.86543,0.98376,-2.86038,3.02564,-1.60886,0.34194,-0.63475,-15.83279,0.16696,-0.37938,0.10195,-0.89589,1.84811,-1.49042,0.44936,NA,NA,NA,NA,NA,NA,NA,NA,NA,NA,NA,NA,NA,NA,NA,NA,NA,NA,NA,NA,NA,NA,High,High,High,High,High,NA,NA,NA,276.307015,39.756123,1694.742004,0.768773,03:15:00,-0.662059,-0.736389,0.139313,65.931284,1.568078,-54.157227,-0.204174,164.477656,-0.943229,-15.187389,0.943229,-0.261977,0.204174,12.213958,-11.781144,0.261977,-0.261977,-164.477656,11.781144,0.204174,15.187389,-12.213958,-0.204174,0.261977,0.943229,-0.943229,NA,NA,NA,NA,NA,NA,NA,NA,NA,NA,NA
NA,NA,NA,NA,NA,NA,NA,NA,NA,NA,NA,NA,NA,NA,NA,NA,145,2026-01-22,16:43:43,4,1,"Marchi, Cameron",1000189292,Right,SOU_RED,"Terranova, Joe",1000272666,Right,SOU_RED,Undefined,4,Bottom,0,0,0,Slider,Curveball,StrikeSwinging,Undefined,Undefined,Undefined,0,0,NA,71.55857,4.892365,-4.007336,2338.464844,93.961038,09:15:00,3.31889,3.8261,6.09858,-52.84782,2.41154,-8.19115,3.46186,-0.56882,64.70136,-4.917863,-5.471161,0.535025,NA,NA,NA,NA,NA,NA,NA,NA,NA,NA,NA,2.93563,0.34496,-3.5133,50,3.67005,7.51586,-103.27338,7.40659,3.13691,18.89553,-31.80545,SOU_RED,SOU_RED,SEMissouriState,TeamExclusive,Team,20260122-SEMissouriState-Private-1,ceea16d0-f7e3-11f0-8217-ffa056d3feda,70.44984,NA,NA,6.85721,NA,NA,NA,NA,NA,NA,fdc3883b-ec04-4f3d-97e9-3bef6ee70fa8,2026-01-22,22:43:43,2026-01-22T22:43:43Z,2026-01-22T22:43:43Z,NA,v3,471444,471444,NA,"Sims, Tank",10135104,Right,SOU_RED,21b34721-ff1f-402f-bf1d-3fa69913931e,54.39765,-104.07489,9.44777,3.32726,8.75572,-15.90273,-3.82929,7.3828,1.56845,NA,NA,NA,NA,NA,NA,NA,NA,NA,NA,NA,NA,NA,NA,NA,NA,NA,NA,NA,NA,NA,NA,NA,NA,NA,NA,NA,NA,NA,NA,NA,NA,NA,NA,NA,NA,NA,NA,NA,NA,NA,NA,NA,NA,NA,NA,NA,NA,NA,NA,High,High,High,NA,NA,NA,NA,NA,98.119171,77.845015,492.379706,0.210557,09:15:00,-0.955983,0.291059,0.037162,-31.74803,45.730711,-60.933084,0.333236,145.916838,-0.780887,31.895077,0.780887,-0.528365,-0.333236,23.109893,19.465291,0.528365,0.528365,-145.916838,-19.465291,0.333236,-31.895077,-23.109893,-0.333236,-0.528365,0.780887,-0.780887,NA,NA,NA,NA,NA,NA,NA,NA,NA,NA,NA
NA,NA,NA,NA,NA,NA,NA,NA,NA,NA,NA,NA,NA,NA,NA,NA,146,2026-01-22,16:44:02,4,2,"Marchi, Cameron",1000189292,Right,SOU_RED,"Terranova, Joe",1000272666,Right,SOU_RED,Undefined,4,Bottom,0,0,1,Slider,Curveball,StrikeCalled,Undefined,Undefined,Undefined,0,0,NA,69.84243,3.144957,-4.256144,2296.434885,101.311974,09:30:00,3.45897,3.81801,6.02626,-54.47897,3.40146,-7.43804,1.8427,-0.75085,63.58964,-6.935508,-5.585197,0.547567,NA,NA,NA,NA,NA,NA,NA,NA,NA,NA,NA,2.49354,1.42508,-3.48077,50,3.67689,7.76404,-100.98328,4.08486,2.55138,17.84457,-30.7159,SOU_RED,SOU_RED,SEMissouriState,TeamExclusive,Team,20260122-SEMissouriState-Private-1,daac30c0-f7e3-11f0-8217-ffa056d3feda,68.83622,NA,NA,6.25278,NA,NA,NA,NA,NA,NA,fdc3883b-ec04-4f3d-97e9-3bef6ee70fa8,2026-01-22,22:44:02,2026-01-22T22:44:02Z,2026-01-22T22:44:02Z,NA,v3,471444,471444,NA,"Sims, Tank",10135104,Right,SOU_RED,1a2920a0-94d3-4557-b033-24c754fbd28d,54.4702,-101.77014,8.92228,3.46691,5.43927,-15.35795,-3.82065,7.65154,1.27569,NA,NA,NA,NA,NA,NA,NA,NA,NA,NA,NA,NA,NA,NA,NA,NA,NA,NA,NA,NA,NA,NA,NA,NA,NA,NA,NA,NA,NA,NA,NA,NA,NA,NA,NA,NA,NA,NA,NA,NA,NA,NA,NA,NA,NA,NA,NA,NA,NA,NA,High,High,High,NA,NA,NA,NA,NA,84.074941,73.857584,638.468231,0.278026,08:45:00,-0.939222,0.328823,0.098677,-28.717359,43.109455,-60.058605,0.357115,138.613062,-0.70079,38.137109,0.70079,-0.617545,-0.357115,27.002923,20.92314,0.617545,0.617545,-138.613062,-20.92314,0.357115,-38.137109,-27.002923,-0.357115,-0.617545,0.70079,-0.70079,NA,NA,NA,NA,NA,NA,NA,NA,NA,NA,NA
NA,NA,NA,NA,NA,NA,NA,NA,NA,NA,NA,NA,NA,NA,NA,NA,147,2026-01-22,16:44:24,4,3,"Marchi, Cameron",1000189292,Right,SOU_RED,"Terranova, Joe",1000272666,Right,SOU_RED,Undefined,4,Bottom,3,0,2,Slider,Curveball,StrikeSwinging,Strikeout,Undefined,Undefined,0,0,NA,70.33595,2.890847,-3.043634,2342.12644,107.830279,09:30:00,3.35828,3.77884,6.15885,-52.64719,4.12713,-6.79737,1.64768,0.39798,63.82822,-6.90564,-4.264995,0.54231,NA,NA,NA,NA,NA,NA,NA,NA,NA,NA,NA,2.52504,1.85744,-3.54445,50,3.5519,5.6414,-101.8454,3.74572,2.61921,18.66179,-30.24732,SOU_RED,SOU_RED,SEMissouriState,TeamExclusive,Team,20260122-SEMissouriState-Private-1,e76aac10-f7e3-11f0-8217-ffa056d3feda,69.50354,NA,NA,6.50773,NA,NA,NA,NA,NA,NA,fdc3883b-ec04-4f3d-97e9-3bef6ee70fa8,2026-01-22,22:44:24,2026-01-22T22:44:24Z,2026-01-22T22:44:24Z,NA,v3,471444,471444,NA,"Sims, Tank",10135104,Right,SOU_RED,703e79b5-fc39-41a4-8aa6-589559261694,54.33707,-102.63703,9.3309,3.36579,5.02882,-15.12366,-3.7814,5.53029,1.30961,NA,NA,NA,NA,NA,NA,NA,NA,NA,NA,NA,NA,NA,NA,NA,NA,NA,NA,NA,NA,NA,NA,NA,NA,NA,NA,NA,NA,NA,NA,NA,NA,NA,NA,NA,NA,NA,NA,NA,NA,NA,NA,NA,NA,NA,NA,NA,NA,NA,NA,High,High,High,NA,NA,NA,NA,NA,93.194918,74.66096,619.563221,0.26453,09:00:00,-0.949273,0.31242,0.03571,-38.370994,34.379023,-63.321042,0.326143,140.420945,-0.728602,37.035062,0.728602,-0.602304,-0.326143,24.114641,19.034835,0.602304,0.602304,-140.420945,-19.034835,0.326143,-37.035062,-24.114641,-0.326143,-0.602304,0.728602,-0.728602,NA,NA,NA,NA,NA,NA,NA,NA,NA,NA,NA
NA,NA,NA,NA,NA,NA,NA,NA,NA,NA,NA,NA,NA,NA,NA,NA,148,2026-01-22,16:47:38,1,1,"Johnston, Gavin",1000214547,Right,SOU_RED,"Schrack, Carson",10186680,Left,SOU_RED,Undefined,5,Top,0,0,1,ChangeUp,Splitter,BallCalled,Undefined,Undefined,Undefined,0,0,NA,82.76482,0.004374,-0.904878,1037.166262,231.188543,01:45:00,5.68381,0.98977,5.25736,-30.84293,11.938,12.7582,3.11768,1.2027,73.94782,-5.740514,1.358888,0.470757,NA,NA,NA,NA,NA,NA,NA,NA,NA,NA,NA,-6.59796,6.45,-0.91634,50,5.66224,1.32356,-119.7521,-1.03533,-9.34948,28.33511,-23.03419,SOU_RED,SOU_RED,SEMissouriState,TeamExclusive,Team,20260122-SEMissouriState-Private-1,5b56e170-f7e4-11f0-8217-ffa056d3feda,80.06777,NA,NA,8.817,NA,NA,NA,NA,NA,NA,fdc3883b-ec04-4f3d-97e9-3bef6ee70fa8,2026-01-22,22:47:38,2026-01-22T22:47:38Z,2026-01-22T22:47:38Z,NA,v3,471444,471444,NA,"Patterson, Caynen",10080896,Right,SOU_RED,ca11b8da-a966-49ef-9880-882f514779ae,55.23436,-120.98429,14.16756,5.68548,-0.03366,-11.5171,-0.98273,1.73013,-4.67474,NA,NA,NA,NA,NA,NA,NA,NA,NA,NA,NA,NA,NA,NA,NA,NA,NA,NA,NA,NA,NA,NA,NA,NA,NA,NA,NA,NA,NA,NA,NA,NA,NA,NA,NA,NA,NA,NA,NA,NA,NA,NA,NA,NA,NA,NA,NA,NA,NA,NA,High,High,High,NA,NA,NA,NA,NA,235.43071,-24.88977,940.833403,0.907119,01:45:00,0.412636,-0.746991,-0.521283,-110.898876,7.956882,1.149953,0.700288,139.267073,-0.540934,27.763183,0.540934,-0.465818,-0.700288,52.315868,44.450123,0.465818,0.465818,-139.267073,-44.450123,0.700288,-27.763183,-52.315868,-0.700288,-0.465818,0.540934,-0.540934,NA,NA,NA,NA,NA,NA,NA,NA,NA,NA,NA
NA,NA,NA,NA,NA,NA,NA,NA,NA,NA,NA,NA,NA,NA,NA,NA,149,2026-01-22,16:47:52,1,2,"Johnston, Gavin",1000214547,Right,SOU_RED,"Schrack, Carson",10186680,Left,SOU_RED,Undefined,5,Top,0,1,1,ChangeUp,Splitter,BallCalled,Undefined,Undefined,Undefined,0,0,NA,83.42099,-0.215547,-1.246042,902.712131,260.164307,02:45:00,5.62969,1.20384,5.50698,-36.96908,4.63272,17.57698,2.3473,1.50311,74.91693,-7.049616,1.889818,0.464224,NA,NA,NA,NA,NA,NA,NA,NA,NA,NA,NA,-9.15855,2.93484,-1.10663,50,5.58677,1.86044,-120.8222,-1.74772,-13.23739,28.41625,-27.93213,SOU_RED,SOU_RED,SEMissouriState,TeamExclusive,Team,20260122-SEMissouriState-Private-1,63ae5920-f7e4-11f0-8217-ffa056d3feda,81.19454,NA,NA,8.50406,NA,NA,NA,NA,NA,NA,fdc3883b-ec04-4f3d-97e9-3bef6ee70fa8,2026-01-22,22:47:52,2026-01-22T22:47:52Z,2026-01-22T22:47:52Z,NA,v3,471444,471444,NA,"Patterson, Caynen",10080896,Right,SOU_RED,342455c0-33d6-4d71-955d-b00e090a4681,54.98695,-121.98945,14.20813,5.63499,-0.60036,-13.96607,-1.19422,2.40419,-6.61869,NA,NA,NA,NA,NA,NA,NA,NA,NA,NA,NA,NA,NA,NA,NA,NA,NA,NA,NA,NA,NA,NA,NA,NA,NA,NA,NA,NA,NA,NA,NA,NA,NA,NA,NA,NA,NA,NA,NA,NA,NA,NA,NA,NA,NA,NA,NA,NA,NA,NA,High,High,High,NA,NA,NA,NA,NA,245.524148,-18.196898,857.566558,0.949989,02:15:00,0.3069,-0.863438,-0.400358,-109.484651,-1.7357070000000001,9.04057,0.6827,167.72523,-0.713994,8.936898,0.713994,-0.155347,-0.6827,43.716459,43.055012,0.155347,0.155347,-167.72523,-43.055012,0.6827,-8.936898,-43.716459,-0.6827,-0.155347,0.713994,-0.713994,NA,NA,NA,NA,NA,NA,NA,NA,NA,NA,NA
NA,NA,NA,NA,NA,NA,NA,NA,NA,NA,NA,NA,NA,NA,NA,NA,150,2026-01-22,16:48:06,1,3,"Johnston, Gavin",1000214547,Right,SOU_RED,"Schrack, Carson",10186680,Left,SOU_RED,Undefined,5,Top,0,2,1,ChangeUp,Splitter,BallCalled,Undefined,Undefined,Undefined,0,0,NA,82.95097,0.036346,-0.805873,988.500235,250.534431,02:15:00,5.69979,0.99336,5.46942,-35.59407,6.56492,14.00107,2.76763,1.40589,74.37893,-6.559794,1.689423,0.467322,NA,NA,NA,NA,NA,NA,NA,NA,NA,NA,NA,-7.24481,3.79792,-0.932,50,5.67936,1.08357,-120.12748,-1.14861,-10.34387,28.24139,-26.75155,SOU_RED,SOU_RED,SEMissouriState,TeamExclusive,Team,20260122-SEMissouriState-Private-1,6bf221c0-f7e4-11f0-8217-ffa056d3feda,80.6562,NA,NA,8.57204,NA,NA,NA,NA,NA,NA,fdc3883b-ec04-4f3d-97e9-3bef6ee70fa8,2026-01-22,22:48:06,2026-01-22T22:48:06Z,2026-01-22T22:48:06Z,NA,v3,471444,471444,NA,"Patterson, Caynen",10080896,Right,SOU_RED,b5081da8-03df-4f33-8788-14c31d813ea7,55.02412,-121.30288,14.1207,5.704,-0.03522,-13.37577,-0.98605,1.51407,-5.17194,NA,NA,NA,NA,NA,NA,NA,NA,NA,NA,NA,NA,NA,NA,NA,NA,NA,NA,NA,NA,NA,NA,NA,NA,NA,NA,NA,NA,NA,NA,NA,NA,NA,NA,NA,NA,NA,NA,NA,NA,NA,NA,NA,NA,NA,NA,NA,NA,NA,NA,High,High,High,NA,NA,NA,NA,NA,237.998236,-20.270218,927.281567,0.938069,02:00:00,0.338917,-0.795732,-0.501942,-115.399197,-0.967254,2.910488,0.805908,150.681803,-0.516208,16.851858,0.516208,-0.289898,-0.805908,57.359233,53.698067,0.289898,0.289898,-150.681803,-53.698067,0.805908,-16.851858,-57.359233,-0.805908,-0.289898,0.516208,-0.516208,NA,NA,NA,NA,NA,NA,NA,NA,NA,NA,NA
NA,NA,NA,NA,NA,NA,NA,NA,NA,NA,NA,NA,NA,NA,NA,NA,151,2026-01-22,16:48:22,1,4,"Johnston, Gavin",1000214547,Right,SOU_RED,"Schrack, Carson",10186680,Left,SOU_RED,Undefined,5,Top,0,3,1,Fastball,Sinker,FoulBallNotFieldable,Undefined,Undefined,Undefined,0,0,NA,91.96862,-2.903249,-2.114955,2149.252235,226.360604,01:30:00,5.8318,0.9313,5.42315,-15.78576,18.62336,18.12485,1.79279,0.45982,82.36953,-5.922193,1.108951,0.42219,81.088,45.146031,-54.11472,4606.384061,NA,NA,NA,NA,97.66055,NA,NA,-9.83693,10.73166,-0.7567,50,5.56354,4.06392,-132.99818,-7.23767,-17.2392,34.26264,-13.36685,SOU_RED,SOU_RED,SEMissouriState,TeamExclusive,Team,20260122-SEMissouriState-Private-1,7590e680-f7e4-11f0-8217-ffa056d3feda,89.27834,77.38041,NA,9.59909,NA,NA,NA,0.81172,2.00057,-0.51538,fdc3883b-ec04-4f3d-97e9-3bef6ee70fa8,2026-01-22,22:48:22,2026-01-22T22:48:22Z,2026-01-22T22:48:22Z,NA,v3,471444,471444,NA,"Patterson, Caynen",10080896,Right,SOU_RED,7c2c9562-a3a2-457f-938b-0bfc5a311061,55.07308,-134.29874,17.13132,5.82865,-6.73029,-6.68343,-0.92338,4.71829,-8.6196,NA,0.81169,49.17215,-17.01555,5.2116,-2.7028,2.63617,-1.90558,0.73755,-0.11679,2.00057,84.30856,-24.40975,2.33047,-0.03729,-0.51379,0.44894,-0.18351,0.03,-0.51538,-67.95822,5.10404,-0.11282,-0.63107,0.86726,-0.6598,0.26123,-0.04201,NA,NA,NA,NA,NA,NA,NA,NA,NA,NA,NA,NA,NA,NA,NA,NA,NA,NA,NA,NA,NA,NA,High,High,High,High,Undefined,NA,NA,NA,214.589983,-17.819544,2046.141997,0.952025,01:15:00,0.303851,-0.524271,-0.795496,-45.930492,17.035803,52.816145,0.20687,179.445526,-0.978323,0.542479,0.978323,-0.009468,-0.20687,11.939554,11.939011,0.009468,0.009468,-179.445526,-11.939011,0.20687,-0.542479,-11.939554,-0.20687,-0.009468,0.978323,-0.978323,NA,NA,NA,NA,NA,NA,NA,NA,NA,NA,NA
NA,NA,NA,NA,NA,NA,NA,NA,NA,NA,NA,NA,NA,NA,NA,NA,152,2026-01-22,16:48:41,1,5,"Johnston, Gavin",1000214547,Right,SOU_RED,"Schrack, Carson",10186680,Left,SOU_RED,Undefined,5,Top,0,3,2,Slider,Curveball,BallCalled,Walk,Undefined,Undefined,0,0,NA,80.31731,-0.122276,-1.725531,2494.603493,24.090792,06:45:00,5.73761,1.09137,4.93019,-47.92601,-2.81181,-1.91319,1.62814,-0.69964,73.6088,-8.765409,-2.063331,0.483424,NA,NA,NA,NA,NA,NA,NA,NA,NA,NA,NA,0.43902,-0.8889,-0.92172,50,5.68594,3.58995,-116.44752,-2.04166,0.59986,22.85842,-33.38867,SOU_RED,SOU_RED,SEMissouriState,TeamExclusive,Team,20260122-SEMissouriState-Private-1,807857e0-f7e4-11f0-8217-ffa056d3feda,77.96974,NA,NA,6.70851,NA,NA,NA,NA,NA,NA,fdc3883b-ec04-4f3d-97e9-3bef6ee70fa8,2026-01-22,22:48:41,2026-01-22T22:48:41Z,2026-01-22T22:48:41Z,NA,v3,471444,471444,NA,"Patterson, Caynen",10080896,Right,SOU_RED,8c3dca80-f861-425b-8ac2-95665166d829,55.56827,-117.53548,11.42921,5.7453,-0.45251,-16.69433,-1.09191,3.5614,0.29993,NA,NA,NA,NA,NA,NA,NA,NA,NA,NA,NA,NA,NA,NA,NA,NA,NA,NA,NA,NA,NA,NA,NA,NA,NA,NA,NA,NA,NA,NA,NA,NA,NA,NA,NA,NA,NA,NA,NA,NA,NA,NA,NA,NA,NA,NA,NA,NA,NA,NA,High,High,High,NA,NA,NA,NA,NA,3.40669,73.775844,696.982089,0.279396,06:00:00,-0.951376,0.014553,0.307689,-7.565487,-24.758647,25.90812,-0.642549,153.527066,-0.6859,-19.972712,0.6859,-0.341573,0.642549,43.130965,-39.98218,0.341573,-0.341573,-153.527066,39.98218,0.642549,19.972712,-43.130965,-0.642549,0.341573,0.6859,-0.6859,NA,NA,NA,NA,NA,NA,NA,NA,NA,NA,NA
NA,NA,NA,NA,NA,NA,NA,NA,NA,NA,NA,NA,NA,NA,NA,NA,153,2026-01-22,16:49:17,2,1,"Johnston, Gavin",1000214547,Right,SOU_RED,"Lopetegui, Ryan",1000327160,Right,SOU_RED,Undefined,5,Top,0,0,0,Slider,Slider,StrikeCalled,Undefined,Undefined,Undefined,0,0,NA,79.70615,-0.176883,-0.965422,2530.677958,71.703073,08:30:00,5.86145,1.16117,5.05258,-47.45873,-1.12244,-8.65973,1.73971,-0.47108,71.91576,-8.805251,-2.498374,0.489928,NA,NA,NA,NA,NA,NA,NA,NA,NA,NA,NA,3.92126,0.09169,-1.06222,50,5.80753,2.31807,-115.37466,-2.08755,5.17115,25.79513,-32.05312,SOU_RED,SOU_RED,SEMissouriState,TeamExclusive,Team,20260122-SEMissouriState-Private-1,963894a0-f7e4-11f0-8217-ffa056d3feda,76.9347,NA,NA,7.79038,NA,NA,NA,NA,NA,NA,fdc3883b-ec04-4f3d-97e9-3bef6ee70fa8,2026-01-22,22:49:17,2026-01-22T22:49:17Z,2026-01-22T22:49:17Z,NA,v3,471444,471444,NA,"Patterson, Caynen",10080896,Right,SOU_RED,65b2f418-5c9f-44bd-8303-0ead9af54ba3,55.44211,-116.58504,12.89757,5.8702,-0.58353,-16.02656,-1.1653,2.07543,2.58557,NA,NA,NA,NA,NA,NA,NA,NA,NA,NA,NA,NA,NA,NA,NA,NA,NA,NA,NA,NA,NA,NA,NA,NA,NA,NA,NA,NA,NA,NA,NA,NA,NA,NA,NA,NA,NA,NA,NA,NA,NA,NA,NA,NA,NA,NA,NA,NA,NA,NA,High,High,High,NA,NA,NA,NA,NA,14.345987,70.047819,863.557824,0.341236,06:30:00,-0.934531,0.081648,0.34639,-16.113828,-12.980698,31.698848,-0.655247,148.205282,-0.642058,-23.453879,0.642058,-0.398011,0.655247,45.582506,-40.938418,0.398011,-0.398011,-148.205282,40.938418,0.655247,23.453879,-45.582506,-0.655247,0.398011,0.642058,-0.642058,NA,NA,NA,NA,NA,NA,NA,NA,NA,NA,NA
NA,NA,NA,NA,NA,NA,NA,NA,NA,NA,NA,NA,NA,NA,NA,NA,154,2026-01-22,16:49:36,2,2,"Johnston, Gavin",1000214547,Right,SOU_RED,"Lopetegui, Ryan",1000327160,Right,SOU_RED,Undefined,5,Top,0,0,1,Slider,Curveball,StrikeSwinging,Undefined,Undefined,Undefined,1,0,"Caught Stealing
",79.32975,-1.615808,-2.179759,2551.01705,26.5402,07:00:00,5.79335,1.32924,4.88583,-50.76459,-4.27654,-2.90122,0.03284,-0.97566,72.93079,-10.709364,-2.692179,0.490729,NA,NA,NA,NA,NA,NA,NA,NA,NA,NA,NA,0.78535,-1.22378,-1.11271,50,5.59162,4.49487,-114.9276,-5.11778,1.04212,22.86302,-33.79798,SOU_RED,SOU_RED,SEMissouriState,TeamExclusive,Team,20260122-SEMissouriState-Private-1,a168a7c0-f7e4-11f0-8217-ffa056d3feda,76.80903,NA,NA,6.39895,NA,NA,NA,NA,NA,NA,fdc3883b-ec04-4f3d-97e9-3bef6ee70fa8,2026-01-22,22:49:36,2026-01-22T22:49:36Z,2026-01-22T22:49:36Z,NA,v3,471444,471444,NA,"Patterson, Caynen",10080896,Right,SOU_RED,ee2f6684-040f-433c-a8bf-eb0a31b46630,55.61399,-116.03904,11.43151,5.80047,-3.47476,-16.89899,-1.32999,4.44421,0.52106,NA,NA,NA,NA,NA,NA,NA,NA,NA,NA,NA,NA,NA,NA,NA,NA,NA,NA,NA,NA,NA,NA,NA,NA,NA,NA,NA,NA,79.98383,NA,NA,NA,NA,NA,NA,3.63176,5.93017,1.91805,NA,NA,NA,3.7138,115.8034,-11.45833,5.92798,3.90694,-10.20339,1.87805,-7.66359,4.18729,High,High,High,NA,NA,High,High,Medium,6.038915,71.814992,796.137565,0.312086,06:15:00,-0.93811,0.006031,0.346286,13.913213,-26.714213,14.599752,-0.65394,147.429295,-0.637562,-24.034021,0.637562,-0.407279,0.65394,45.726544,-40.839348,0.407279,-0.407279,-147.429295,40.839348,0.65394,24.034021,-45.726544,-0.65394,0.407279,0.637562,-0.637562,NA,NA,NA,NA,NA,NA,NA,NA,NA,NA,NA
NA,NA,NA,NA,NA,NA,NA,NA,NA,NA,NA,NA,NA,NA,NA,NA,155,2026-01-22,16:50:12,2,3,"Johnston, Gavin",1000214547,Right,SOU_RED,"Lopetegui, Ryan",1000327160,Right,SOU_RED,Undefined,5,Top,1,0,2,Fastball,Four-Seam,FoulBallNotFieldable,Undefined,Undefined,Undefined,0,0,NA,91.80334,-2.793075,-2.696019,2154.837983,209.741697,01:00:00,5.79285,0.99743,5.43304,-10.015319999999999,24.37954,13.18473,2.3376,-0.43049,82.39486,-4.790004,-0.35354,0.422103,NA,NA,NA,NA,NA,NA,NA,NA,NA,NA,NA,-7.51268,13.54272,-0.76802,50,5.5389,5.63766,-132.76779,-6.70505,-13.18285,32.91166,-8.40998,SOU_RED,SOU_RED,SEMissouriState,TeamExclusive,Team,20260122-SEMissouriState-Private-1,b70ea5c0-f7e4-11f0-8217-ffa056d3feda,89.29685,NA,NA,9.40849,NA,NA,NA,NA,NA,NA,fdc3883b-ec04-4f3d-97e9-3bef6ee70fa8,2026-01-22,22:50:12,2026-01-22T22:50:12Z,2026-01-22T22:50:12Z,NA,v3,471444,471444,NA,"Patterson, Caynen",10080896,Right,SOU_RED,05d8a43c-1861-45ba-8e57-71188fc7cc99,55.06327,-134.01704,16.45583,5.78736,-6.38582,-4.20499,-0.99152,6.13805,-6.59143,NA,NA,NA,NA,NA,NA,NA,NA,NA,NA,NA,NA,NA,NA,NA,NA,NA,NA,NA,NA,NA,NA,NA,NA,NA,NA,NA,NA,NA,NA,NA,NA,NA,NA,NA,NA,NA,NA,NA,NA,NA,NA,NA,NA,NA,NA,NA,NA,NA,NA,High,High,High,NA,NA,NA,NA,NA,210.711708,-9.462411,2125.518547,0.986394,01:00:00,0.148655,-0.49516,-0.85599,-37.302323,22.74171,63.002549,-0.281251,179.183947,-0.959537,-0.78311,0.959537,-0.013667,0.281251,16.33646,-16.334892,0.013667,-0.013667,-179.183947,16.334892,0.281251,0.78311,-16.33646,-0.281251,0.013667,0.959537,-0.959537,NA,NA,NA,NA,NA,NA,NA,NA,NA,NA,NA
NA,NA,NA,NA,NA,NA,NA,NA,NA,NA,NA,NA,NA,NA,NA,NA,156,2026-01-22,16:50:35,2,4,"Johnston, Gavin",1000214547,Right,SOU_RED,"Lopetegui, Ryan",1000327160,Right,SOU_RED,Undefined,5,Top,1,0,2,Slider,Slider,StrikeSwinging,Strikeout,Undefined,Undefined,0,0,NA,81.05936,-0.953526,-0.35807,2564.342085,70.294338,08:15:00,5.73383,0.96637,5.04399,-45.78499,-1.07551,-7.61107,1.01888,-0.00565,73.36696,-9.25966,-1.706376,0.48125,NA,NA,NA,NA,NA,NA,NA,NA,NA,NA,NA,3.63335,0.31173,-0.92595,50,5.60682,1.06368,-117.37279,-3.64783,4.97003,26.2406,-31.74762,SOU_RED,SOU_RED,SEMissouriState,TeamExclusive,Team,20260122-SEMissouriState-Private-1,c4634690-f7e4-11f0-8217-ffa056d3feda,78.32189,NA,NA,7.69239,NA,NA,NA,NA,NA,NA,fdc3883b-ec04-4f3d-97e9-3bef6ee70fa8,2026-01-22,22:50:35,2026-01-22T22:50:35Z,2026-01-22T22:50:35Z,NA,v3,471444,471444,NA,"Patterson, Caynen",10080896,Right,SOU_RED,618be662-bfcd-4e72-92de-af84518c6028,55.45178,-118.58536,13.1203,5.74149,-2.18078,-15.87381,-0.9698,0.83402,2.48501,NA,NA,NA,NA,NA,NA,NA,NA,NA,NA,NA,NA,NA,NA,NA,NA,NA,NA,NA,NA,NA,NA,NA,NA,NA,NA,NA,NA,NA,NA,NA,NA,NA,NA,NA,NA,NA,NA,NA,NA,NA,NA,NA,NA,NA,NA,NA,NA,NA,NA,High,High,High,NA,NA,NA,NA,NA,8.34869,71.547767,811.650012,0.316514,06:15:00,-0.947246,0.030165,0.319086,-8.859946,-18.641542,28.846659,-0.670337,148.173278,-0.630486,-23.036979,0.630486,-0.391325,0.670337,46.754724,-42.093094,0.391325,-0.391325,-148.173278,42.093094,0.670337,23.036979,-46.754724,-0.670337,0.391325,0.630486,-0.630486,NA,NA,NA,NA,NA,NA,NA,NA,NA,NA,NA
NA,NA,NA,NA,NA,NA,NA,NA,NA,NA,NA,NA,NA,NA,NA,NA,157,2026-01-22,16:51:11,3,1,"Johnston, Gavin",1000214547,Right,SOU_RED,"Klein, Caleb",1000329534,Right,SOU_RED,Undefined,5,Top,2,0,0,Fastball,Four-Seam,FoulBallNotFieldable,Undefined,Undefined,Undefined,0,0,NA,91.13624,-3.72375,-1.891265,2189.916252,207.347252,01:00:00,5.89265,0.9003,5.52283,-10.76544,24.48053,11.89682,1.50732,0.12287,80.91732,-5.878934,0.227727,0.427293,67.9662,42.178688,130.533801,5055.505986,NA,NA,NA,NA,23.2508,NA,NA,-6.66516,14.08922,-0.74387,50,5.56168,3.79018,-131.57488,-8.79148,-11.33904,35.60011,-8.20494,SOU_RED,SOU_RED,SEMissouriState,TeamExclusive,Team,20260122-SEMissouriState-Private-1,d9fbfe20-f7e4-11f0-8217-ffa056d3feda,88.21208,20.72865,NA,10.21892,NA,NA,NA,1.20807,1.481,-0.04947,fdc3883b-ec04-4f3d-97e9-3bef6ee70fa8,2026-01-22,22:51:11,2026-01-22T22:51:11Z,2026-01-22T22:51:11Z,NA,v3,471444,471444,NA,"Patterson, Caynen",10080896,Right,SOU_RED,a3126a2d-28b3-4915-858e-b0b535b8e349,54.97074,-132.913,17.80006,5.88633,-8.48307,-4.10247,-0.89434,4.21639,-5.66952,320.794625,1.21208,-48.16925,-0.64553,NA,NA,NA,NA,NA,NA,1.49019,66.56838,-28.79534,NA,NA,NA,NA,NA,NA,-0.04418,55.93448,-11.00342,NA,NA,NA,NA,NA,NA,NA,NA,NA,NA,NA,NA,NA,NA,NA,NA,NA,NA,NA,NA,NA,NA,NA,NA,NA,NA,NA,NA,High,High,High,Low,Undefined,NA,NA,NA,204.214498,-10.83491,2150.876392,0.982173,12:45:00,0.184067,-0.389783,-0.902324,-36.740202,8.74541,44.469201,-0.220477,179.816092,-0.975387,-0.179383,0.975387,-0.003131,0.220477,12.737115,-12.737052,0.003131,-0.003131,-179.816092,12.737052,0.220477,0.179383,-12.737115,-0.220477,0.003131,0.975387,-0.975387,NA,NA,NA,NA,NA,NA,NA,NA,NA,NA,NA
NA,NA,NA,NA,NA,NA,NA,NA,NA,NA,NA,NA,NA,NA,NA,NA,158,2026-01-22,16:51:29,3,2,"Johnston, Gavin",1000214547,Right,SOU_RED,"Klein, Caleb",1000329534,Right,SOU_RED,Undefined,5,Top,2,0,1,Fastball,Four-Seam,FoulBallNotFieldable,Undefined,Undefined,Undefined,0,0,NA,90.62985,-2.521301,-1.801091,2114.836308,215.169049,01:15:00,5.89229,0.64795,5.62379,-15.00103,20.13548,13.22682,2.28675,0.06893,81.14418,-5.41998,0.560305,0.426629,78.34115,43.20597,48.113953,NA,NA,NA,NA,NA,73.01255,NA,NA,-7.32378,11.45095,-0.50318,50,5.6681,3.52971,-131.15905,-6.20082,-12.47863,33.39722,-12.6633,SOU_RED,SOU_RED,SEMissouriState,TeamExclusive,Team,20260122-SEMissouriState-Private-1,e50e01f0-f7e4-11f0-8217-ffa056d3feda,88.34937,63.69127,NA,9.48566,NA,NA,NA,0.97594,2.48716,-0.34832,fdc3883b-ec04-4f3d-97e9-3bef6ee70fa8,2026-01-22,22:51:29,2026-01-22T22:51:29Z,2026-01-22T22:51:29Z,NA,v3,471444,471444,NA,"Patterson, Caynen",10080896,Right,SOU_RED,c03c44b2-5ecb-414b-a280-cc332e393b17,54.87202,-132.39381,16.69861,5.8887,-5.73263,-6.33165,-0.6422,3.99107,-6.23932,NA,0.97594,55.91607,-19.37368,5.78391,-1.44374,0.33152,-0.07385,0.01368,-0.00147,2.48716,78.6633,-21.27069,1.35589,-0.00191,-0.06463,0.02573,-0.00611,8.4e-4,-0.34832,62.35002,-8.11211,1.31602,-0.13022,-0.00902,0.00867,-0.00263,3.8e-4,NA,NA,NA,NA,NA,NA,NA,NA,NA,NA,NA,NA,NA,NA,NA,NA,NA,NA,NA,NA,NA,NA,High,High,High,High,Undefined,NA,NA,NA,211.628913,-16.430965,2028.469032,0.959161,01:00:00,0.278894,-0.490069,-0.825863,-45.135262,10.81463,41.632576,0.201607,177.663373,-0.978652,2.288622,0.978652,-0.039933,-0.201607,11.640364,11.630949,0.039933,0.039933,-177.663373,-11.630949,0.201607,-2.288622,-11.640364,-0.201607,-0.039933,0.978652,-0.978652,NA,NA,NA,NA,NA,NA,NA,NA,NA,NA,NA
NA,NA,NA,NA,NA,NA,NA,NA,NA,NA,NA,NA,NA,NA,NA,NA,159,2026-01-22,16:51:59,3,3,"Johnston, Gavin",1000214547,Right,SOU_RED,"Klein, Caleb",1000329534,Right,SOU_RED,Undefined,5,Top,2,0,2,Slider,Slider,InPlay,Undefined,GroundBall,Out,1,0,NA,81.34897,-0.061049,-1.191075,2425.269376,22.007715,06:45:00,5.80032,0.9878,5.06256,-46.12156,-2.1791,-1.48476,1.89928,-0.25923,74.1501,-8.420991,-1.45395,0.477105,70.79161,-64.406534,-19.631991,NA,NA,NA,NA,1.78295,1.78295,-0.762584,0.0195,0.37252,-0.63638,-0.87337,50,5.75791,2.51515,-117.93687,-1.83173,0.51939,24.53395,-33.06134,SOU_RED,SOU_RED,SEMissouriState,TeamExclusive,Team,20260122-SEMissouriState-Private-1,f670d800-f7e4-11f0-8217-ffa056d3feda,79.00245,1.83087,NA,7.19888,NA,NA,NA,0.95682,1.83087,0.27091,fdc3883b-ec04-4f3d-97e9-3bef6ee70fa8,2026-01-22,22:51:59,2026-01-22T22:51:59Z,2026-01-22T22:51:59Z,GroundBall,v3,471444,471444,NA,"Patterson, Caynen",10080896,Right,SOU_RED,9f95c12e-68aa-4d49-9901-993951809f30,55.43579,-119.06228,12.26698,5.80715,-0.31515,-16.53067,-0.9882,2.49132,0.2597,NA,0.95647,42.35663,NA,NA,NA,NA,NA,NA,NA,1.83165,-93.88873,NA,NA,NA,NA,NA,NA,NA,0.27103,-15.10917,NA,NA,NA,NA,NA,NA,NA,NA,NA,NA,NA,NA,NA,NA,NA,NA,NA,NA,NA,NA,NA,NA,NA,NA,NA,NA,NA,NA,NA,High,High,High,Estimated,Estimated,NA,NA,NA,355.727748,75.233227,618.164872,0.254885,05:45:00,-0.961458,-0.020018,0.274222,-12.038331,-22.096567,31.688194,-0.664802,151.280307,-0.655122,-21.036434,0.655122,-0.358962,0.664802,45.420191,-41.667144,0.358962,-0.358962,-151.280307,41.667144,0.664802,21.036434,-45.420191,-0.664802,0.358962,0.655122,-0.655122,NA,NA,NA,NA,NA,NA,NA,NA,NA,NA,NA
NA,NA,NA,NA,NA,NA,NA,NA,NA,NA,NA,NA,NA,NA,NA,NA,160,2026-01-22,16:56:33,1,1,"Kranawetter, Jackson",1000184921,Left,SOU_RED,"Joggerst, Dakota",1000455588,Left,SOU_RED,Undefined,5,Bottom,0,0,0,Sinker,Sinker,InPlay,Undefined,GroundBall,Out,1,0,NA,87.02248,-0.339464,2.860073,1908.339818,132.011702,10:30:00,5.2512,-2.11952,6.09633,-22.31509,14.72343,-14.89863,3.07725,-0.71356,78.62052,-4.578999,0.179304,0.438024,53.76605,-34.419959,26.668357,NA,NA,NA,NA,5.90319,5.83728,15.602986,0.06208,8.62843,8.0839,1.90715,50,5.21339,-5.7119,-126.2194,-1.40406,13.74703,28.66193,-19.29458,SOU_RED,SOU_RED,SEMissouriState,TeamExclusive,Team,20260122-SEMissouriState-Private-1,99bb5d50-f7e5-11f0-8217-ffa056d3feda,86.05104,2.78634,NA,8.40197,NA,NA,NA,2.05192,2.78634,-0.23728,fdc3883b-ec04-4f3d-97e9-3bef6ee70fa8,2026-01-22,22:56:33,2026-01-22T22:56:33Z,2026-01-22T22:56:33Z,GroundBall,v3,471444,471444,NA,"Sims, Tank",10135104,Right,SOU_RED,948e239d-70c4-4515-a581-487e09e5d97c,54.40195,-127.21507,14.33097,5.25052,-0.73379,-9.64729,2.11386,-6.18945,6.87352,NA,2.0479,58.5332,NA,NA,NA,NA,NA,NA,NA,2.78943,-44.88318,NA,NA,NA,NA,NA,NA,NA,-0.2393,29.39864,NA,NA,NA,NA,NA,NA,NA,NA,NA,NA,NA,NA,NA,NA,NA,NA,NA,NA,NA,NA,NA,NA,NA,NA,NA,NA,NA,NA,NA,High,High,High,Low,Low,NA,NA,NA,140.327272,-22.118979,1767.893563,0.926404,10:45:00,0.408135,0.593638,-0.693556,-50.471729,6.29615,-50.32901,-0.118821,94.74644,-0.08216,-81.69398,0.08216,-0.989511,0.118821,55.337684,-6.824071,0.989511,-0.989511,-94.74644,6.824071,0.118821,81.69398,-55.337684,-0.118821,0.989511,0.08216,-0.08216,NA,NA,NA,NA,NA,NA,NA,NA,NA,NA,NA
NA,NA,NA,NA,NA,NA,NA,NA,NA,NA,NA,NA,NA,NA,NA,NA,161,2026-01-22,16:57:05,2,1,"Kranawetter, Jackson",1000184921,Left,SOU_RED,"Rosario, Moises",10267810,Right,SOU_RED,Undefined,5,Bottom,1,0,0,Sinker,Changeup,FoulBallNotFieldable,Undefined,Undefined,Undefined,0,0,NA,86.96097,-1.04282,3.067333,1934.403993,106.72678,09:30:00,5.15241,-2.12859,6.06851,-30.16206,7.11378,-19.17222,1.6724,-0.88506,78.53314,-6.683467,-0.384224,0.439425,NA,NA,NA,NA,NA,NA,NA,NA,NA,NA,NA,10.90666,4.38492,1.90102,50,5.05556,-5.98199,-126.06246,-3.26969,17.26965,29.45965,-25.23096,SOU_RED,SOU_RED,SEMissouriState,TeamExclusive,Team,20260122-SEMissouriState-Private-1,ad21f2a0-f7e5-11f0-8217-ffa056d3feda,85.77666,NA,NA,8.42782,NA,NA,NA,NA,NA,NA,fdc3883b-ec04-4f3d-97e9-3bef6ee70fa8,2026-01-22,22:57:05,2026-01-22T22:57:05Z,2026-01-22T22:57:05Z,NA,v3,471444,471444,NA,"Sims, Tank",10135104,Right,SOU_RED,07a67970-7744-4c6e-9030-7fece4b9fa36,54.42999,-127.09349,14.72982,5.15454,-2.38665,-12.61548,2.12095,-6.58639,8.63483,NA,NA,NA,NA,NA,NA,NA,NA,NA,NA,NA,NA,NA,NA,NA,NA,NA,NA,NA,NA,NA,NA,NA,NA,NA,NA,NA,NA,NA,NA,NA,NA,NA,NA,NA,NA,NA,NA,NA,NA,NA,NA,NA,NA,NA,NA,NA,NA,NA,NA,High,High,High,NA,NA,NA,NA,NA,133.463348,-17.171764,1848.175953,0.955424,10:30:00,0.317331,0.698719,-0.641165,-49.87678,17.852958,-43.28839,-0.039644,96.487713,-0.112901,-83.12756,0.112901,-0.992815,0.039644,19.348088,-2.272023,0.992815,-0.992815,-96.487713,2.272023,0.039644,83.12756,-19.348088,-0.039644,0.992815,0.112901,-0.112901,NA,NA,NA,NA,NA,NA,NA,NA,NA,NA,NA
NA,NA,NA,NA,NA,NA,NA,NA,NA,NA,NA,NA,NA,NA,NA,NA,162,2026-01-22,16:57:26,2,2,"Kranawetter, Jackson",1000184921,Left,SOU_RED,"Rosario, Moises",10267810,Right,SOU_RED,Undefined,5,Bottom,1,0,1,Slider,Curveball,BallCalled,Undefined,Undefined,Undefined,0,0,NA,75.00269,2.318382,-0.538057,2235.703125,259.782486,02:45:00,5.07242,-2.29599,5.71311,-46.49199,4.81374,15.64316,3.35917,-1.49367,67.02062,-6.330858,2.260387,0.515531,NA,NA,NA,NA,NA,NA,NA,NA,NA,NA,NA,-8.01646,2.27732,2.33171,50,5.23867,0.41668,-108.55281,2.97583,-9.31746,23.59226,-29.52713,SOU_RED,SOU_RED,SEMissouriState,TeamExclusive,Team,20260122-SEMissouriState-Private-1,b9759e30-f7e5-11f0-8217-ffa056d3feda,73.11388,NA,NA,7.98207,NA,NA,NA,NA,NA,NA,fdc3883b-ec04-4f3d-97e9-3bef6ee70fa8,2026-01-22,22:57:26,2026-01-22T22:57:26Z,2026-01-22T22:57:26Z,NA,v3,471444,471444,NA,"Sims, Tank",10135104,Right,SOU_RED,15ca4914-3f47-447b-b9ac-8e00d78c53cf,54.780029999999996,-109.58675,11.79613,5.0799,4.26987,-14.76356,2.3045,0.82502,-4.65873,NA,NA,NA,NA,NA,NA,NA,NA,NA,NA,NA,NA,NA,NA,NA,NA,NA,NA,NA,NA,NA,NA,NA,NA,NA,NA,NA,NA,NA,NA,NA,NA,NA,NA,NA,NA,NA,NA,NA,NA,NA,NA,NA,NA,NA,NA,NA,NA,NA,NA,High,High,High,NA,NA,NA,NA,NA,299.860582,-69.055054,799.198438,0.357471,04:00:00,0.92225,-0.347538,0.169328,47.03266,2.100374,-34.897108,0.314177,92.301368,-0.038122,71.549744,0.038122,-0.948599,-0.314177,83.081527,18.311123,0.948599,0.948599,-92.301368,-18.311123,0.314177,-71.549744,-83.081527,-0.314177,-0.948599,0.038122,-0.038122,NA,NA,NA,NA,NA,NA,NA,NA,NA,NA,NA
NA,NA,NA,NA,NA,NA,NA,NA,NA,NA,NA,NA,NA,NA,NA,NA,163,2026-01-22,16:57:42,2,3,"Kranawetter, Jackson",1000184921,Left,SOU_RED,"Rosario, Moises",10267810,Right,SOU_RED,Undefined,5,Bottom,1,1,1,Slider,Curveball,StrikeSwinging,Undefined,Undefined,Undefined,0,0,NA,74.9898,0.757279,0.710507,2385.60645,268.122465,03:00:00,4.99627,-2.31698,5.79292,-48.42951,2.34563,14.72902,1.665,-0.42861,67.80239,-8.193879,3.352457,0.512858,NA,NA,NA,NA,NA,NA,NA,NA,NA,NA,NA,-7.21634,1.53929,2.24991,50,5.03023,-1.89465,-108.73007,-0.03622,-8.46346,22.67312,-30.36875,SOU_RED,SOU_RED,SEMissouriState,TeamExclusive,Team,20260122-SEMissouriState-Private-1,c2ec1a70-f7e5-11f0-8217-ffa056d3feda,73.49493,NA,NA,7.18741,NA,NA,NA,NA,NA,NA,fdc3883b-ec04-4f3d-97e9-3bef6ee70fa8,2026-01-22,22:57:42,2026-01-22T22:57:42Z,2026-01-22T22:57:42Z,NA,v3,471444,471444,NA,"Sims, Tank",10135104,Right,SOU_RED,1751779a-85c8-4457-b7ec-5f6959584f17,54.70304,-109.70639,11.33656,5.00363,1.27149,-15.18438,2.32365,-1.53021,-4.23173,NA,NA,NA,NA,NA,NA,NA,NA,NA,NA,NA,NA,NA,NA,NA,NA,NA,NA,NA,NA,NA,NA,NA,NA,NA,NA,NA,NA,NA,NA,NA,NA,NA,NA,NA,NA,NA,NA,NA,NA,NA,NA,NA,NA,NA,NA,NA,NA,NA,NA,High,High,High,NA,NA,NA,NA,NA,303.773912,-71.063295,774.185209,0.324523,04:15:00,0.93992,-0.282234,0.192078,49.706501,-0.702287,-32.235347,0.307598,95.048265,-0.083729,71.410243,0.083729,-0.947825,-0.307598,74.772931,17.914532,0.947825,0.947825,-95.048265,-17.914532,0.307598,-71.410243,-74.772931,-0.307598,-0.947825,0.083729,-0.083729,NA,NA,NA,NA,NA,NA,NA,NA,NA,NA,NA
NA,NA,NA,NA,NA,NA,NA,NA,NA,NA,NA,NA,NA,NA,NA,NA,164,2026-01-22,16:57:59,2,4,"Kranawetter, Jackson",1000184921,Left,SOU_RED,"Rosario, Moises",10267810,Right,SOU_RED,Undefined,5,Bottom,1,1,2,Slider,Slider,BallCalled,Undefined,Undefined,Undefined,0,0,NA,76.84066,0.17918,0.672451,2474.715529,266.110023,02:45:00,5.00397,-2.23933,5.81978,-45.43317,2.78929,15.38532,1.38448,-0.33198,69.60352,-8.216206,3.433314,0.4998,NA,NA,NA,NA,NA,NA,NA,NA,NA,NA,NA,-7.59197,1.9084700000000001,2.17535,50,4.99222,-1.88649,-111.4543,-1.05534,-9.36973,23.55171,-29.81869,SOU_RED,SOU_RED,SEMissouriState,TeamExclusive,Team,20260122-SEMissouriState-Private-1,cd6b0600-f7e5-11f0-8217-ffa056d3feda,75.41507,NA,NA,7.23714,NA,NA,NA,NA,NA,NA,fdc3883b-ec04-4f3d-97e9-3bef6ee70fa8,2026-01-22,22:57:59,2026-01-22T22:57:59Z,2026-01-22T22:57:59Z,NA,v3,471444,471444,NA,"Sims, Tank",10135104,Right,SOU_RED,a9e545dd-9e34-4d62-937f-e045e3f81f8c,54.67685,-112.43824,11.77585,5.01029,0.19041,-14.90934,2.24598,-1.49505,-4.68486,NA,NA,NA,NA,NA,NA,NA,NA,NA,NA,NA,NA,NA,NA,NA,NA,NA,NA,NA,NA,NA,NA,NA,NA,NA,NA,NA,NA,NA,NA,NA,NA,NA,NA,NA,NA,NA,NA,NA,NA,NA,NA,NA,NA,NA,NA,NA,NA,NA,NA,High,High,High,NA,NA,NA,NA,NA,299.691965,-72.348606,750.395058,0.303225,04:00:00,0.950262,-0.26639,0.161362,54.865815,0.31693,-26.640944,0.244345,93.40487,-0.057591,75.460928,0.057591,-0.967977,-0.244345,76.737697,14.143124,0.967977,0.967977,-93.40487,-14.143124,0.244345,-75.460928,-76.737697,-0.244345,-0.967977,0.057591,-0.057591,NA,NA,NA,NA,NA,NA,NA,NA,NA,NA,NA
NA,NA,NA,NA,NA,NA,NA,NA,NA,NA,NA,NA,NA,NA,NA,NA,165,2026-01-22,16:58:18,2,5,"Kranawetter, Jackson",1000184921,Left,SOU_RED,"Rosario, Moises",10267810,Right,SOU_RED,Undefined,5,Bottom,1,2,2,Sinker,Sinker,BallCalled,Undefined,Undefined,Undefined,0,0,NA,87.10643,-1.897115,3.187047,1987.366677,119.119677,10:00:00,5.2361,-1.91274,6.05357,-25.66462,11.73127,-18.49938,1.33794,-0.5012,78.26303,-6.737226,-0.14108,0.440133,NA,NA,NA,NA,NA,NA,NA,NA,NA,NA,NA,10.48816,7.09221,1.67402,50,5.07488,-6.23896,-126.0923,-4.9762,16.54821,30.41603,-20.98399,SOU_RED,SOU_RED,SEMissouriState,TeamExclusive,Team,20260122-SEMissouriState-Private-1,d8daba30-f7e5-11f0-8217-ffa056d3feda,85.63883,NA,NA,8.8434,NA,NA,NA,NA,NA,NA,fdc3883b-ec04-4f3d-97e9-3bef6ee70fa8,2026-01-22,22:58:18,2026-01-22T22:58:18Z,2026-01-22T22:58:18Z,NA,v3,471444,471444,NA,"Sims, Tank",10135104,Right,SOU_RED,6c313fc7-ee2d-4828-a7d2-d047cc10af2b,54.44134,-127.15913,15.20802,5.23651,-4.24019,-10.49199,1.90303,-6.81938,8.2741,NA,NA,NA,NA,NA,NA,NA,NA,NA,NA,NA,NA,NA,NA,NA,NA,NA,NA,NA,NA,NA,NA,NA,NA,NA,NA,NA,NA,NA,NA,NA,NA,NA,NA,NA,NA,NA,NA,NA,NA,NA,NA,NA,NA,NA,NA,NA,NA,NA,NA,High,High,High,NA,NA,NA,NA,NA,137.727323,-16.849099,1902.051929,0.957071,10:30:00,0.307338,0.653026,-0.692171,-53.271252,9.054563,-29.127412,0.06023,99.437664,-0.163677,79.955867,0.163677,-0.984674,-0.06023,20.202549,3.452991,0.984674,0.984674,-99.437664,-3.452991,0.06023,-79.955867,-20.202549,-0.06023,-0.984674,0.163677,-0.163677,NA,NA,NA,NA,NA,NA,NA,NA,NA,NA,NA
NA,NA,NA,NA,NA,NA,NA,NA,NA,NA,NA,NA,NA,NA,NA,NA,166,2026-01-22,16:58:36,2,6,"Kranawetter, Jackson",1000184921,Left,SOU_RED,"Rosario, Moises",10267810,Right,SOU_RED,Undefined,5,Bottom,1,3,2,Slider,Slider,BallCalled,Walk,Undefined,Undefined,0,0,NA,76.6142,0.762834,2.70661,2356.452463,288.701395,03:30:00,4.90115,-2.47606,5.8648,-50.81345,-2.62095,12.51764,1.37617,1.08325,69.98081,-8.566612,4.950152,0.499645,NA,NA,NA,NA,NA,NA,NA,NA,NA,NA,NA,-5.52134,-1.03315,2.24957,50,4.93406,-5.71639,-111.10941,-0.1105,-6.82042,22.10944,-33.45028,SOU_RED,SOU_RED,SEMissouriState,TeamExclusive,Team,20260122-SEMissouriState-Private-1,e38aa0d0-f7e5-11f0-8217-ffa056d3feda,75.43849,NA,NA,6.63339,NA,NA,NA,NA,NA,NA,fdc3883b-ec04-4f3d-97e9-3bef6ee70fa8,2026-01-22,22:58:36,2026-01-22T22:58:36Z,2026-01-22T22:58:36Z,NA,v3,471444,471444,NA,"Sims, Tank",10135104,Right,SOU_RED,16ccb1c1-9c20-4338-a61a-65d783bb26a9,54.633540000000004,-112.02763,11.05472,4.9098,1.27872,-16.72514,2.4811,-5.43313,-3.41021,NA,NA,NA,NA,NA,NA,NA,NA,NA,NA,NA,NA,NA,NA,NA,NA,NA,NA,NA,NA,NA,NA,NA,NA,NA,NA,NA,NA,NA,NA,NA,NA,NA,NA,NA,NA,NA,NA,NA,NA,NA,NA,NA,NA,NA,NA,NA,NA,NA,NA,High,High,High,NA,NA,NA,NA,NA,299.777887,-74.051092,647.506176,0.27478,04:00:00,0.950733,-0.251277,0.181564,39.989935,-5.709553,-33.954833,0.304013,98.423133000000007,-0.139549,70.457156,0.139549,-0.942392,-0.304013,65.343791,17.698812,0.942392,0.942392,-98.423133000000007,-17.698812,0.304013,-70.457156,-65.343791,-0.304013,-0.942392,0.139549,-0.139549,NA,NA,NA,NA,NA,NA,NA,NA,NA,NA,NA
NA,NA,NA,NA,NA,NA,NA,NA,NA,NA,NA,NA,NA,NA,NA,NA,167,2026-01-22,16:59:13,3,1,"Kranawetter, Jackson",1000184921,Left,SOU_RED,"Patterson, Caynen",10080896,Right,SOU_RED,Undefined,5,Bottom,1,0,0,Slider,Curveball,StrikeSwinging,Undefined,Undefined,Undefined,0,0,NA,76.29386,0.505643,1.744901,2382.799587,262.104634,02:45:00,4.96363,-2.33379,5.93368,-45.18416,3.41992,12.34316,1.66762,0.31414,69.27521,-7.858366,3.962357,0.501773,NA,NA,NA,NA,NA,NA,NA,NA,NA,NA,NA,-5.73378,2.12937,2.18772,50,4.97898,-3.82361,-110.65894,-0.381,-6.9979,22.64544,-29.57523,SOU_RED,SOU_RED,SEMissouriState,TeamExclusive,Team,20260122-SEMissouriState-Private-1,f94b79d0-f7e5-11f0-8217-ffa056d3feda,75.11844,NA,NA,7.01865,NA,NA,NA,NA,NA,NA,fdc3883b-ec04-4f3d-97e9-3bef6ee70fa8,2026-01-22,22:59:13,2026-01-22T22:59:13Z,2026-01-22T22:59:13Z,NA,v3,471444,471444,NA,"Sims, Tank",10135104,Right,SOU_RED,1daf2b3a-1065-4640-bd13-5de2a5e1a457,54.56288,-111.58878,11.32272,4.96969,0.83339,-14.78762,2.33882,-3.53626,-3.49895,NA,NA,NA,NA,NA,NA,NA,NA,NA,NA,NA,NA,NA,NA,NA,NA,NA,NA,NA,NA,NA,NA,NA,NA,NA,NA,NA,NA,NA,NA,NA,NA,NA,NA,NA,NA,NA,NA,NA,NA,NA,NA,NA,NA,NA,NA,NA,NA,NA,NA,High,High,High,NA,NA,NA,NA,NA,304.052605,-74.082873,653.474898,0.274247,04:15:00,0.954496,-0.235698,0.182714,50.201003,0.917582,-34.36488,0.371825,98.527229,-0.137648,66.641333,0.137648,-0.918041,-0.371825,69.685644,21.828219,0.918041,0.918041,-98.527229,-21.828219,0.371825,-66.641333,-69.685644,-0.371825,-0.918041,0.137648,-0.137648,NA,NA,NA,NA,NA,NA,NA,NA,NA,NA,NA
NA,NA,NA,NA,NA,NA,NA,NA,NA,NA,NA,NA,NA,NA,NA,NA,168,2026-01-22,16:59:52,3,2,"Kranawetter, Jackson",1000184921,Left,SOU_RED,"Patterson, Caynen",10080896,Right,SOU_RED,Undefined,5,Bottom,1,0,1,Sinker,Four-Seam,InPlay,Undefined,GroundBall,Single,0,0,NA,86.62624,-1.572962,2.863019,2015.871476,146.118367,10:45:00,5.24158,-2.11216,6.28776,-20.76375,16.34304,-10.09808,2.05949,-0.313,78.43757,-5.536628,1.039485,0.438428,99.10284,3.83165,14.604465,2511.272043,104.73699,3.00891,33.61786,139.78236,136.84039,18.692995,1.151701,6.14107,9.36441,1.90588,50,5.11553,-5.88756,-125.62269,-4.022,9.70222,28.13893,-17.37922,SOU_RED,SOU_RED,SEMissouriState,TeamExclusive,Team,20260122-SEMissouriState-Private-1,106c30f0-f7e6-11f0-8217-ffa056d3feda,85.97183,4.44914,NA,8.18867,NA,NA,NA,1.26734,2.03497,0.25758,fdc3883b-ec04-4f3d-97e9-3bef6ee70fa8,2026-01-22,22:59:52,2026-01-22T22:59:52Z,2026-01-22T22:59:52Z,GroundBall,v3,471444,471444,NA,"Sims, Tank",10135104,Right,SOU_RED,47d17c5d-36cf-442e-8955-093452d294f3,54.20935,-126.56205,14.06947,5.24011,-3.44182,-8.68961,2.10783,-6.21145,4.85111,232.773442,1.59313,136.39407,-20.01779,NA,NA,NA,NA,NA,NA,2.01851,9.93998,-10.14528,NA,NA,NA,NA,NA,NA,0.17987,37.54145,1.08998,NA,NA,NA,NA,NA,NA,NA,NA,NA,NA,NA,NA,NA,NA,NA,NA,NA,NA,NA,NA,NA,NA,NA,NA,NA,NA,NA,NA,High,High,High,High,High,NA,NA,NA,142.72385,-25.480357,1819.793353,0.902733,10:45:00,0.450393,0.55835,-0.696701,-56.486038,19.216135,-66.163181,-0.080992,96.259328,-0.108671,-82.210588,0.108671,-0.990773,0.080992,36.697255,-4.645612,0.990773,-0.990773,-96.259328,4.645612,0.080992,82.210588,-36.697255,-0.080992,0.990773,0.108671,-0.108671,NA,NA,NA,NA,NA,NA,NA,NA,NA,NA,NA
NA,NA,NA,NA,NA,NA,NA,NA,NA,NA,NA,NA,NA,NA,NA,NA,169,2026-01-22,17:00:28,4,1,"Kranawetter, Jackson",1000184921,Left,SOU_RED,"Gallo, Jack",1000455589,Right,SOU_RED,Undefined,5,Bottom,1,0,0,Sinker,Sinker,BallCalled,Undefined,Undefined,Undefined,0,0,NA,87.25622,-1.386951,2.552989,1968.424763,129.798348,10:15:00,5.14378,-2.23476,6.05465,-22.09151,14.89796,-16.27824,2.01748,-1.22657,78.75832,-5.579811,-0.376018,0.437734,NA,NA,NA,NA,NA,NA,NA,NA,NA,NA,NA,9.13792,8.49245,2.04459,50,5.02413,-4.96154,-126.48719,-3.71655,14.5969,29.16878,-18.60827,SOU_RED,SOU_RED,SEMissouriState,TeamExclusive,Team,20260122-SEMissouriState-Private-1,26111d80-f7e6-11f0-8217-ffa056d3feda,86.10806,NA,NA,8.4979,NA,NA,NA,NA,NA,NA,fdc3883b-ec04-4f3d-97e9-3bef6ee70fa8,2026-01-22,23:00:28,2026-01-22T23:00:28Z,2026-01-22T23:00:28Z,NA,v3,471444,471444,NA,"Sims, Tank",10135104,Right,SOU_RED,f92a79d5-3e4e-4c31-adf8-0e48fefc1921,54.44136,-127.50728,14.58439,5.14273,-3.06578,-9.30413,2.22703,-5.47202,7.29845,NA,NA,NA,NA,NA,NA,NA,NA,NA,NA,NA,NA,NA,NA,NA,NA,NA,NA,NA,NA,NA,NA,NA,NA,NA,NA,NA,NA,74.69218,2.253612,0.90537,1.348242,-1.23389,1.75281,1.24736,-1.5951,5.89584,1.58319,127.27927,-1.01647,-3.43992,-1.44597,107.47932,-9.02558,5.903,9.54463,-10.89703,1.59113,-3.29859,-0.32742,High,High,High,NA,NA,Medium,High,High,136.836913,-14.651551,1904.415496,0.967482,10:30:00,0.268045,0.667761,-0.69444,-58.570766,16.409841,-41.855062,-0.039728,101.172683,-0.193614,-78.600566,0.193614,-0.980273,0.039728,11.595816,-2.276871,0.980273,-0.980273,-101.172683,2.276871,0.039728,78.600566,-11.595816,-0.039728,0.980273,0.193614,-0.193614,NA,NA,NA,NA,NA,NA,NA,NA,NA,NA,NA
NA,NA,NA,NA,NA,NA,NA,NA,NA,NA,NA,NA,NA,NA,NA,NA,170,2026-01-22,17:00:59,4,2,"Kranawetter, Jackson",1000184921,Left,SOU_RED,"Gallo, Jack",1000455589,Right,SOU_RED,Undefined,5,Bottom,1,1,0,Slider,Slider,StrikeSwinging,Undefined,Undefined,Undefined,0,0,NA,76.65436,0.70786,1.157137,2383.608674,279.970193,03:15:00,4.89138,-2.25653,5.93125,-49.95329,-1.56394,18.92033,1.38552,0.39389,69.36569,-8.515829,4.557737,0.500664,NA,NA,NA,NA,NA,NA,NA,NA,NA,NA,NA,-9.20394,-0.43339,2.15403,50,4.92064,-2.95673,-111.17709,-0.17593,-11.26805,23.99307,-32.70462,SOU_RED,SOU_RED,SEMissouriState,TeamExclusive,Team,20260122-SEMissouriState-Private-1,384d1580-f7e6-11f0-8217-ffa056d3feda,75.28489,NA,NA,7.28867,NA,NA,NA,NA,NA,NA,fdc3883b-ec04-4f3d-97e9-3bef6ee70fa8,2026-01-22,23:00:59,2026-01-22T23:00:59Z,2026-01-22T23:00:59Z,NA,v3,471444,471444,NA,"Sims, Tank",10135104,Right,SOU_RED,febac5ad-9a5a-4c0e-a676-214bbfead079,54.56574,-112.15809,11.99654,4.9005,1.16126,-16.35231,2.26551,-2.49601,-5.63403,NA,NA,NA,NA,NA,NA,NA,NA,NA,NA,NA,NA,NA,NA,NA,NA,NA,NA,NA,NA,NA,NA,NA,NA,NA,NA,NA,NA,NA,NA,NA,NA,NA,NA,NA,NA,NA,NA,NA,NA,NA,NA,NA,NA,NA,NA,NA,NA,NA,NA,High,High,High,NA,NA,NA,NA,NA,307.518496,-75.64013,591.162186,0.248011,04:15:00,0.963006,-0.208665,0.170525,43.378984,-0.082117,-35.754039,0.401988,99.25981,-0.147338,64.65048,0.147338,-0.903713,-0.401988,69.870972,23.70254,0.903713,0.903713,-99.25981,-23.70254,0.401988,-64.65048,-69.870972,-0.401988,-0.903713,0.147338,-0.147338,NA,NA,NA,NA,NA,NA,NA,NA,NA,NA,NA
NA,NA,NA,NA,NA,NA,NA,NA,NA,NA,NA,NA,NA,NA,NA,NA,171,2026-01-22,17:01:40,4,3,"Kranawetter, Jackson",1000184921,Left,SOU_RED,"Gallo, Jack",1000455589,Right,SOU_RED,Undefined,5,Bottom,1,1,1,Sinker,Changeup,BallCalled,Undefined,Undefined,Undefined,0,0,NA,86.77329,-2.231234,2.197167,2034.331735,117.760226,10:00:00,5.15982,-2.06525,5.9792,-27.10013,10.44201,-17.25859,0.83066,-1.46579,78.52773,-7.301199,-0.907649,0.440992,NA,NA,NA,NA,NA,NA,NA,NA,NA,NA,NA,9.54186,6.47989,1.90092,50,4.96848,-4.11185,-125.75974,-5.76568,15.05517,29.02321,-21.95011,SOU_RED,SOU_RED,SEMissouriState,TeamExclusive,Team,20260122-SEMissouriState-Private-1,51293840-f7e6-11f0-8217-ffa056d3feda,85.47189,NA,NA,8.24556,NA,NA,NA,NA,NA,NA,fdc3883b-ec04-4f3d-97e9-3bef6ee70fa8,2026-01-22,23:01:40,2026-01-22T23:01:40Z,2026-01-22T23:01:40Z,NA,v3,471444,471444,NA,"Sims, Tank",10135104,Right,SOU_RED,18b2c7b4-4f77-4c44-a93a-9e0e3e3860b3,54.51776,-126.79808,14.5116,5.16071,-4.98039,-10.97506,2.05766,-4.65046,7.52759,NA,NA,NA,NA,NA,NA,NA,NA,NA,NA,NA,NA,NA,NA,NA,NA,NA,NA,NA,NA,NA,NA,NA,NA,NA,NA,NA,NA,NA,NA,NA,NA,NA,NA,NA,NA,NA,NA,NA,NA,NA,NA,NA,NA,NA,NA,NA,NA,NA,NA,High,High,High,NA,NA,NA,NA,NA,137.38567,-14.694142,1967.796251,0.967294,10:30:00,0.255093,0.664295,-0.702595,-55.882287,6.656507,-30.573665,-0.036242,100.479402,-0.181763,-79.319019,0.181763,-0.982674,0.036242,11.276316,-2.076946,0.982674,-0.982674,-100.479402,2.076946,0.036242,79.319019,-11.276316,-0.036242,0.982674,0.181763,-0.181763,NA,NA,NA,NA,NA,NA,NA,NA,NA,NA,NA
NA,NA,NA,NA,NA,NA,NA,NA,NA,NA,NA,NA,NA,NA,NA,NA,172,2026-01-22,17:02:03,4,4,"Kranawetter, Jackson",1000184921,Left,SOU_RED,"Gallo, Jack",1000455589,Right,SOU_RED,Undefined,5,Bottom,1,2,1,Slider,Slider,InPlay,Undefined,Bunt,Sacrifice,1,2,NA,76.83059,0.179179,2.929984,2315.896562,245.289497,02:15:00,4.9387,-2.26062,5.93011,-39.97274,8.54595,14.55166,1.7741,1.67286,69.06836,-7.269696,5.53591,0.501332,NA,NA,NA,NA,NA,NA,NA,NA,NA,NA,NA,-6.49087,4.79886,2.01785,50,4.93065,-6.21367,-111.25009,-0.8071,-7.90936,25.10906,-26.32647,SOU_RED,SOU_RED,SEMissouriState,TeamExclusive,Team,20260122-SEMissouriState-Private-1,5ec34680-f7e6-11f0-8217-ffa056d3feda,75.18452,NA,NA,7.76223,NA,NA,NA,NA,NA,NA,fdc3883b-ec04-4f3d-97e9-3bef6ee70fa8,2026-01-22,23:02:03,2026-01-22T23:02:03Z,2026-01-22T23:02:03Z,NA,v3,471444,471444,NA,"Sims, Tank",10135104,Right,SOU_RED,280aa0ec-7405-4869-b076-9781bb30a469,54.56721,-112.27617,12.55453,4.94165,0.26873,-13.16324,2.26517,-5.89046,-3.95468,NA,NA,NA,NA,NA,NA,NA,NA,NA,NA,NA,NA,NA,NA,NA,NA,NA,NA,NA,NA,NA,NA,NA,NA,NA,NA,NA,NA,NA,NA,NA,NA,NA,NA,NA,NA,NA,NA,NA,NA,NA,NA,NA,NA,NA,NA,NA,NA,NA,NA,High,High,High,NA,NA,NA,NA,NA,287.446384,-78.712827,453.282574,0.195727,03:30:00,0.975789,-0.189789,0.108702,47.11747,2.58613,-31.509439,0.347653,99.368568,-0.152631,67.685961,0.152631,-0.925117,-0.347653,66.297028,20.343857,0.925117,0.925117,-99.368568,-20.343857,0.347653,-67.685961,-66.297028,-0.347653,-0.925117,0.152631,-0.152631,NA,NA,NA,NA,NA,NA,NA,NA,NA,NA,NA
NA,NA,NA,NA,NA,NA,NA,NA,NA,NA,NA,NA,NA,NA,NA,NA,173,2026-01-22,17:02:46,5,1,"Kranawetter, Jackson",1000184921,Left,SOU_RED,"Champion, Caleb",10305160,Left,SOU_RED,Undefined,5,Bottom,2,0,0,Slider,Slider,StrikeCalled,Undefined,Undefined,Undefined,0,0,NA,76.3477,1.906586,0.038492,2395.557024,262.953121,02:45:00,4.90911,-2.40703,5.58283,-45.43908,4.05811,17.91221,2.90368,-0.8784,68.61775,-6.502911,3.235107,0.506363,NA,NA,NA,NA,NA,NA,NA,NA,NA,NA,NA,-8.96193,1.98358,2.39208,50,5.04401,-0.77363,-110.58951,2.24209,-10.85896,23.6923,-29.77057,SOU_RED,SOU_RED,SEMissouriState,TeamExclusive,Team,20260122-SEMissouriState-Private-1,78704dd0-f7e6-11f0-8217-ffa056d3feda,74.43763,NA,NA,7.72996,NA,NA,NA,NA,NA,NA,fdc3883b-ec04-4f3d-97e9-3bef6ee70fa8,2026-01-22,23:02:46,2026-01-22T23:02:46Z,2026-01-22T23:02:46Z,NA,v3,471444,471444,NA,"Sims, Tank",10135104,Right,SOU_RED,6f4e741b-8c61-44f2-945b-7ef2958b373e,54.91257,-111.637,11.84615,4.91579,3.55831,-14.88529,2.41568,-0.29353,-5.42948,NA,NA,NA,NA,NA,NA,NA,NA,NA,NA,NA,NA,NA,NA,NA,NA,NA,NA,NA,NA,NA,NA,NA,NA,NA,NA,NA,NA,NA,NA,NA,NA,NA,NA,NA,NA,NA,NA,NA,NA,NA,NA,NA,NA,NA,NA,NA,NA,NA,NA,High,High,High,NA,NA,NA,NA,NA,303.253815,-67.475891,917.671197,0.383072,04:00:00,0.912408,-0.350899,0.21067,32.351502,-10.869779,-41.438995,0.305963,99.280282,-0.153531,69.981523,0.153531,-0.939582,-0.305963,63.352783,17.816127,0.939582,0.939582,-99.280282,-17.816127,0.305963,-69.981523,-63.352783,-0.305963,-0.939582,0.153531,-0.153531,NA,NA,NA,NA,NA,NA,NA,NA,NA,NA,NA
NA,NA,NA,NA,NA,NA,NA,NA,NA,NA,NA,NA,NA,NA,NA,NA,174,2026-01-22,17:03:02,5,2,"Kranawetter, Jackson",1000184921,Left,SOU_RED,"Champion, Caleb",10305160,Left,SOU_RED,Undefined,5,Bottom,2,0,1,Slider,Slider,BallCalled,Undefined,Undefined,Undefined,0,0,NA,77.73924,0.87093,2.189027,2474.018228,293.943397,03:45:00,4.87371,-2.38758,5.81495,-52.72318,-5.1754,15.71395,1.29058,0.95831,70.05065,-8.82737,5.005371,0.496291,NA,NA,NA,NA,NA,NA,NA,NA,NA,NA,NA,-7.15898,-2.32358,2.1993,50,4.91482,-4.91217,-112.61012,0.00327,-8.94474,25.5893,-35.07722,SOU_RED,SOU_RED,SEMissouriState,TeamExclusive,Team,20260122-SEMissouriState-Private-1,81c18ed0-f7e6-11f0-8217-ffa056d3feda,75.94826,NA,NA,7.6886,NA,NA,NA,NA,NA,NA,fdc3883b-ec04-4f3d-97e9-3bef6ee70fa8,2026-01-22,23:03:02,2026-01-22T23:03:02Z,2026-01-22T23:03:02Z,NA,v3,471444,471444,NA,"Sims, Tank",10135104,Right,SOU_RED,6c05a8bb-2f22-4d44-a494-28e985e137aa,54.6816,-113.66898,12.79465,4.88465,1.45473,-17.53861,2.3949,-4.54205,-4.47237,NA,NA,NA,NA,NA,NA,NA,NA,NA,NA,NA,NA,NA,NA,NA,NA,NA,NA,NA,NA,NA,NA,NA,NA,NA,NA,NA,NA,NA,NA,NA,NA,NA,NA,NA,NA,NA,NA,NA,NA,NA,NA,NA,NA,NA,NA,NA,NA,NA,NA,High,High,High,NA,NA,NA,NA,NA,300.729781,-73.642663,696.750495,0.281627,04:00:00,0.949539,-0.25664,0.180309,38.228996,-2.612856,-36.293284,0.364583,96.845749,-0.110993,67.597934,0.110993,-0.924532,-0.364583,73.067802,21.381916,0.924532,0.924532,-96.845749,-21.381916,0.364583,-67.597934,-73.067802,-0.364583,-0.924532,0.110993,-0.110993,NA,NA,NA,NA,NA,NA,NA,NA,NA,NA,NA
NA,NA,NA,NA,NA,NA,NA,NA,NA,NA,NA,NA,NA,NA,NA,NA,175,2026-01-22,17:03:18,5,3,"Kranawetter, Jackson",1000184921,Left,SOU_RED,"Champion, Caleb",10305160,Left,SOU_RED,Undefined,5,Bottom,2,1,1,Slider,Slider,BallCalled,Undefined,Undefined,Undefined,0,0,NA,76.33246,-0.534125,2.554375,2405.72323,269.198813,03:00:00,4.83097,-2.25429,5.78085,-47.21412,2.1135100000000002,20.21509,0.39899,1.8085,69.10005,-9.212854,6.170606,0.505495,NA,NA,NA,NA,NA,NA,NA,NA,NA,NA,NA,-9.34926,1.84776,2.03158,50,4.75916,-5.69133,-110.55028,-2.49089,-11.27759,24.35045,-29.94517,SOU_RED,SOU_RED,SEMissouriState,TeamExclusive,Team,20260122-SEMissouriState-Private-1,8b784860-f7e6-11f0-8217-ffa056d3feda,74.56547,NA,NA,7.23241,NA,NA,NA,NA,NA,NA,fdc3883b-ec04-4f3d-97e9-3bef6ee70fa8,2026-01-22,23:03:18,2026-01-22T23:03:18Z,2026-01-22T23:03:18Z,NA,v3,471444,471444,NA,"Sims, Tank",10135104,Right,SOU_RED,1390b262-0923-409b-bf97-9100934fb4d0,54.71558,-111.58412,12.175230000000001,4.83793,-1.2195,-14.97259,2.26305,-5.21251,-5.6388,NA,NA,NA,NA,NA,NA,NA,NA,NA,NA,NA,NA,NA,NA,NA,NA,NA,NA,NA,NA,NA,NA,NA,NA,NA,NA,NA,NA,NA,NA,NA,NA,NA,NA,NA,NA,NA,NA,NA,NA,NA,NA,NA,NA,NA,NA,NA,NA,NA,NA,High,High,High,NA,NA,NA,NA,NA,304.17193,-69.271402,851.4858,0.353942,04:15:00,0.928165,-0.284104,0.240406,33.687251,-6.207639,-38.037167,0.367786,94.656293,-0.075488,67.947684,0.075488,-0.926841,-0.367786,78.401065,21.579133,0.926841,0.926841,-94.656293,-21.579133,0.367786,-67.947684,-78.401065,-0.367786,-0.926841,0.075488,-0.075488,NA,NA,NA,NA,NA,NA,NA,NA,NA,NA,NA
NA,NA,NA,NA,NA,NA,NA,NA,NA,NA,NA,NA,NA,NA,NA,NA,176,2026-01-22,17:03:39,5,4,"Kranawetter, Jackson",1000184921,Left,SOU_RED,"Champion, Caleb",10305160,Left,SOU_RED,Undefined,5,Bottom,2,2,1,Sinker,Changeup,FoulBallNotFieldable,Undefined,Undefined,Undefined,0,0,NA,86.84445,-0.499516,2.709315,1990.658262,118.241542,10:00:00,5.12951,-2.09735,6.44487,-25.4923,11.43894,-18.74162,2.54566,-1.1679,78.04724,-5.351801,-0.687628,0.43739,NA,NA,NA,NA,NA,NA,NA,NA,NA,NA,NA,10.73068,6.53528,1.91314,50,5.08271,-5.24043,-125.98082,-1.82626,16.90192,30.34858,-21.88029,SOU_RED,SOU_RED,SEMissouriState,TeamExclusive,Team,20260122-SEMissouriState-Private-1,97b00780-f7e6-11f0-8217-ffa056d3feda,86.17589,NA,NA,8.79721,NA,NA,NA,NA,NA,NA,fdc3883b-ec04-4f3d-97e9-3bef6ee70fa8,2026-01-22,23:03:39,2026-01-22T23:03:39Z,2026-01-22T23:03:39Z,NA,v3,471444,471444,NA,"Sims, Tank",10135104,Right,SOU_RED,06fd73f6-9eeb-4201-b137-6eccf36e1ac8,54.05289,-126.9534,15.17429,5.13,-1.12507,-10.94014,2.08976,-5.78209,8.45096,NA,NA,NA,NA,NA,NA,NA,NA,NA,NA,NA,NA,NA,NA,NA,NA,NA,NA,NA,NA,NA,NA,NA,NA,NA,NA,NA,NA,NA,NA,NA,NA,NA,NA,NA,NA,NA,NA,NA,NA,NA,NA,NA,NA,NA,NA,NA,NA,NA,NA,High,High,High,NA,NA,NA,NA,NA,138.094234,-26.035522,1788.650437,0.898522,10:30:00,0.464804,0.603933,-0.647473,-64.326205,39.598949,-78.17397,0.030508,99.695536,-0.168334,80.149586,0.168334,-0.985258,-0.030508,10.272602,1.748272,0.985258,0.985258,-99.695536,-1.748272,0.030508,-80.149586,-10.272602,-0.030508,-0.985258,0.168334,-0.168334,NA,NA,NA,NA,NA,NA,NA,NA,NA,NA,NA
NA,NA,NA,NA,NA,NA,NA,NA,NA,NA,NA,NA,NA,NA,NA,NA,177,2026-01-22,17:03:59,5,5,"Kranawetter, Jackson",1000184921,Left,SOU_RED,"Champion, Caleb",10305160,Left,SOU_RED,Undefined,5,Bottom,3,2,2,Sinker,Sinker,StrikeSwinging,Strikeout,Undefined,Undefined,0,0,NA,87.19879,-0.076023,2.710605,1948.325988,118.64776,10:00:00,5.1993,-2.0886,6.22349,-25.46005,11.7406,-18.81674,3.0074,-1.15374,77.77382,-4.922903,-0.685201,0.438982,NA,NA,NA,NA,NA,NA,NA,NA,NA,NA,NA,10.67886,6.51807,1.89473,50,5.18118,-5.21415,-126.34195,-0.92303,16.80511,32.07248,-21.91672,SOU_RED,SOU_RED,SEMissouriState,TeamExclusive,Team,20260122-SEMissouriState-Private-1,a414f120-f7e6-11f0-8217-ffa056d3feda,85.86334,NA,NA,9.42496,NA,NA,NA,NA,NA,NA,fdc3883b-ec04-4f3d-97e9-3bef6ee70fa8,2026-01-22,23:03:59,2026-01-22T23:03:59Z,2026-01-22T23:03:59Z,NA,v3,471444,471444,NA,"Sims, Tank",10135104,Right,SOU_RED,2d21ccba-d5af-4b67-85fb-68c000403c54,54.27218,-127.42185,16.03624,5.19983,-0.18509,-10.95836,2.07982,-5.77999,8.40256,NA,NA,NA,NA,NA,NA,NA,NA,NA,NA,NA,NA,NA,NA,NA,NA,NA,NA,NA,NA,NA,NA,NA,NA,NA,NA,NA,NA,NA,NA,NA,NA,NA,NA,NA,NA,NA,NA,NA,NA,NA,NA,NA,NA,NA,NA,NA,NA,NA,NA,High,High,High,NA,NA,NA,NA,NA,137.786965,-20.339059,1826.852164,0.937652,10:30:00,0.379193,0.630459,-0.677299,-60.440399,22.848431,-52.724522,0.012662,103.580812,-0.234798,76.400187,0.234798,-0.971962,-0.012662,3.086817,0.725499,0.971962,0.971962,-103.580812,-0.725499,0.012662,-76.400187,-3.086817,-0.012662,-0.971962,0.234798,-0.234798,NA,NA,NA,NA,NA,NA,NA,NA,NA,NA,NA
NA,NA,NA,NA,NA,NA,NA,NA,NA,NA,NA,NA,NA,NA,NA,NA,178,2026-01-22,17:16:22,1,1,"Kranawetter, Jackson",1000184921,Left,SOU_RED,"Johnston, Gavin",1000214547,Right,SOU_RED,Undefined,6,Bottom,0,0,0,Slider,Curveball,StrikeCalled,Undefined,Undefined,Undefined,0,0,NA,75.58865,1.199626,1.376157,2324.533245,276.191049,03:15:00,4.96819,-2.24184,5.70239,-49.75881,-0.05256,15.79733,1.9399,0.35714,68.96705,-7.94108,4.201295,0.507431,NA,NA,NA,NA,NA,NA,NA,NA,NA,NA,NA,-7.55898,0.14819,2.1167,50,5.0383,-3.22535,-109.67388,0.73599,-9.10815,21.33763,-31.99547,SOU_RED,SOU_RED,SEMissouriState,TeamExclusive,Team,20260122-SEMissouriState-Private-1,5edf9630-f7e8-11f0-8217-ffa056d3feda,74.28093,NA,NA,6.62159,NA,NA,NA,NA,NA,NA,fdc3883b-ec04-4f3d-97e9-3bef6ee70fa8,2026-01-22,23:16:22,2026-01-22T23:16:22Z,2026-01-22T23:16:22Z,NA,v3,471444,471444,NA,"Sims, Tank",10135104,Right,SOU_RED,fe38165e-7618-4d84-aa8a-00f0bbc11ee3,54.79586,-110.603,10.66882,4.97592,2.1292,-15.99774,2.24851,-2.82874,-4.55407,NA,NA,NA,NA,NA,NA,NA,NA,NA,NA,NA,NA,NA,NA,NA,NA,NA,NA,NA,NA,NA,NA,NA,NA,NA,NA,NA,NA,NA,NA,NA,NA,NA,NA,NA,NA,NA,NA,NA,NA,NA,NA,NA,NA,NA,NA,NA,NA,NA,NA,High,High,High,NA,NA,NA,NA,NA,296.687633,-72.240064,709.051114,0.305029,04:00:00,0.942865,-0.292413,0.159687,43.212934,-0.670732,-45.367755,0.441713,103.541489,-0.210069,60.71719,0.210069,-0.872216,-0.441713,64.565297,26.213223,0.872216,0.872216,-103.541489,-26.213223,0.441713,-60.71719,-64.565297,-0.441713,-0.872216,0.210069,-0.210069,NA,NA,NA,NA,NA,NA,NA,NA,NA,NA,NA
NA,NA,NA,NA,NA,NA,NA,NA,NA,NA,NA,NA,NA,NA,NA,NA,179,2026-01-22,17:16:35,1,2,"Kranawetter, Jackson",1000184921,Left,SOU_RED,"Johnston, Gavin",1000214547,Right,SOU_RED,Undefined,6,Bottom,0,0,1,Sinker,Sinker,StrikeSwinging,Undefined,Undefined,Undefined,0,0,NA,86.95706,-1.408601,2.494621,1910.412825,121.876835,10:00:00,5.12044,-2.07305,6.08243,-24.14749,13.00989,-18.78702,1.80348,-1.32927,78.63223,-5.968655,-0.888695,0.438726,NA,NA,NA,NA,NA,NA,NA,NA,NA,NA,NA,10.34587,7.53489,1.8894,50,4.99888,-4.70332,-126.07676,-3.83334,16.44287,28.64238,-20.19871,SOU_RED,SOU_RED,SEMissouriState,TeamExclusive,Team,20260122-SEMissouriState-Private-1,66595810-f7e8-11f0-8217-ffa056d3feda,85.9133,NA,NA,8.32482,NA,NA,NA,NA,NA,NA,fdc3883b-ec04-4f3d-97e9-3bef6ee70fa8,2026-01-22,23:16:35,2026-01-22T23:16:35Z,2026-01-22T23:16:35Z,NA,v3,471444,471444,NA,"Sims, Tank",10135104,Right,SOU_RED,43c6605f-fb4a-464b-a322-b3d70143b05b,54.41322,-127.07541,14.32119,5.12026,-3.12908,-10.09936,2.06338,-5.27662,8.22143,NA,NA,NA,NA,NA,NA,NA,NA,NA,NA,NA,NA,NA,NA,NA,NA,NA,NA,NA,NA,NA,NA,NA,NA,NA,NA,NA,NA,NA,NA,NA,NA,NA,NA,NA,NA,NA,NA,NA,NA,NA,NA,NA,NA,NA,NA,NA,NA,NA,NA,High,High,High,NA,NA,NA,NA,NA,135.152914,-18.720635,1809.341948,0.947095,10:30:00,0.333377,0.675595,-0.657595,-59.855548,7.619817,-45.574131,-0.159463,105.921477,-0.270809,-71.683196,0.270809,-0.949333,0.159463,30.491193,-9.175723,0.949333,-0.949333,-105.921477,9.175723,0.159463,71.683196,-30.491193,-0.159463,0.949333,0.270809,-0.270809,NA,NA,NA,NA,NA,NA,NA,NA,NA,NA,NA
NA,NA,NA,NA,NA,NA,NA,NA,NA,NA,NA,NA,NA,NA,NA,NA,180,2026-01-22,17:16:48,1,3,"Kranawetter, Jackson",1000184921,Left,SOU_RED,"Johnston, Gavin",1000214547,Right,SOU_RED,Undefined,6,Bottom,0,0,2,Slider,Slider,StrikeCalled,Strikeout,Undefined,Undefined,0,0,NA,76.38342,1.059527,1.7986,2355.377986,271.051905,03:00:00,4.86426,-2.42078,5.75684,-47.63609,1.41551,19.27375,1.88143,0.86011,69.10216,-7.727714,5.246083,0.504078,NA,NA,NA,NA,NA,NA,NA,NA,NA,NA,NA,-9.113,0.95618,2.2603,50,4.92395,-4.21145,-110.70281,0.55726,-11.07829,23.5195,-31.01166,SOU_RED,SOU_RED,SEMissouriState,TeamExclusive,Team,20260122-SEMissouriState-Private-1,6e4a6cd0-f7e8-11f0-8217-ffa056d3feda,74.77497,NA,NA,7.28126,NA,NA,NA,NA,NA,NA,fdc3883b-ec04-4f3d-97e9-3bef6ee70fa8,2026-01-22,23:16:48,2026-01-22T23:16:48Z,2026-01-22T23:16:48Z,NA,v3,471444,471444,NA,"Sims, Tank",10135104,Right,SOU_RED,fa8c7a95-970a-43eb-9a7a-c4b0ba79f129,54.73957,-111.70522,11.75975,4.87203,1.87899,-15.50583,2.42973,-3.73928,-5.53915,NA,NA,NA,NA,NA,NA,NA,NA,NA,NA,NA,NA,NA,NA,NA,NA,NA,NA,NA,NA,NA,NA,NA,NA,NA,NA,NA,NA,NA,NA,NA,NA,NA,NA,NA,NA,NA,NA,NA,NA,NA,NA,NA,NA,NA,NA,NA,NA,NA,NA,High,High,High,NA,NA,NA,NA,NA,294.820482,-71.286298,755.698299,0.32084,03:45:00,0.936896,-0.308667,0.164168,42.11055,-5.543991,-36.552236,0.27922400000000003,99.210997,-0.153704,71.41366,0.153704,-0.947844,-0.27922400000000003,61.168599,16.213894,0.947844,0.947844,-99.210997,-16.213894,0.27922400000000003,-71.41366,-61.168599,-0.27922400000000003,-0.947844,0.153704,-0.153704,NA,NA,NA,NA,NA,NA,NA,NA,NA,NA,NA
NA,NA,NA,NA,NA,NA,NA,NA,NA,NA,NA,NA,NA,NA,NA,NA,181,2026-01-22,17:17:14,2,1,"Kranawetter, Jackson",1000184921,Left,SOU_RED,"Ramirez, Andrew",10063875,Right,SOU_RED,Undefined,6,Bottom,1,0,0,Sinker,Sinker,InPlay,Undefined,GroundBall,Out,1,0,NA,87.598,-0.791525,3.451546,2003.138229,119.652876,10:00:00,5.10937,-2.1682,6.18664,-25.32269,11.35575,-17.55387,2.26693,-0.44023,78.76517,-5.584011,0.288399,0.43589,89.42398,-21.567189,-17.81435,NA,NA,NA,NA,7.67542,7.67542,-9.348347,0.046274,10.24737,6.52528,1.91641,50,5.0369,-6.9489,-126.92526,-2.52364,16.40983,30.42548,-21.72464,SOU_RED,SOU_RED,SEMissouriState,TeamExclusive,Team,20260122-SEMissouriState-Private-1,7d613000-f7e8-11f0-8217-ffa056d3feda,86.47237,2.23521,NA,8.83283,NA,NA,NA,2.18968,2.23521,0.48327,fdc3883b-ec04-4f3d-97e9-3bef6ee70fa8,2026-01-22,23:17:14,2026-01-22T23:17:14Z,2026-01-22T23:17:14Z,GroundBall,v3,471444,471444,NA,"Sims, Tank",10135104,Right,SOU_RED,daca13ac-0bd9-4a18-a828-100e3ec10e09,54.3109,-127.95446,15.21274,5.10984,-1.78876,-10.86232,2.16086,-7.504,8.20492,180,2.18802,116.34707,NA,NA,NA,NA,NA,NA,NA,2.2359,-48.30406,NA,NA,NA,NA,NA,NA,NA,0.4838,-37.3871,NA,NA,NA,NA,NA,NA,NA,NA,NA,NA,NA,NA,NA,NA,NA,NA,NA,NA,NA,NA,NA,NA,NA,NA,NA,NA,NA,NA,NA,High,High,High,High,High,NA,NA,NA,133.417821,-21.55094,1863.10155,0.930091,10:30:00,0.395798,0.680592,-0.616554,-57.959611,27.736207,-58.941552,-0.048519,101.679133,-0.202192,-77.998802,0.202192,-0.978143,0.048519,13.493761,-2.781013,0.978143,-0.978143,-101.679133,2.781013,0.048519,77.998802,-13.493761,-0.048519,0.978143,0.202192,-0.202192,NA,NA,NA,NA,NA,NA,NA,NA,NA,NA,NA
NA,NA,NA,NA,NA,NA,NA,NA,NA,NA,NA,NA,NA,NA,NA,NA,182,2026-01-22,17:17:43,3,1,"Kranawetter, Jackson",1000184921,Left,SOU_RED,"Terranova, Joe",1000272666,Right,SOU_RED,Undefined,6,Bottom,2,0,0,Sinker,Sinker,BallCalled,Undefined,Undefined,Undefined,0,0,NA,87.00871,0.128902,1.922752,1952.310857,138.121128,10:30:00,5.14054,-2.28857,6.32296,-19.31702,17.50741,-14.50855,3.64957,-1.72618,78.27951,-3.598267,-0.701308,0.436757,NA,NA,NA,NA,NA,NA,NA,NA,NA,NA,NA,8.05087,9.40709,2.15399,50,5.14052,-3.63976,-126.22476,-0.21253,12.79116,29.34156,-17.2281,SOU_RED,SOU_RED,SEMissouriState,TeamExclusive,Team,20260122-SEMissouriState-Private-1,8f177d40-f7e8-11f0-8217-ffa056d3feda,86.30081,NA,NA,8.7292,NA,NA,NA,NA,NA,NA,fdc3883b-ec04-4f3d-97e9-3bef6ee70fa8,2026-01-22,23:17:43,2026-01-22T23:17:43Z,2026-01-22T23:17:43Z,NA,v3,471444,471444,NA,"Sims, Tank",10135104,Right,SOU_RED,22d4c0dd-3e4f-4546-b5f5-fd4452916b09,54.17098,-127.19063,14.67078,5.13818,0.35458,-8.61405,2.28073,-4.06082,6.39558,NA,NA,NA,NA,NA,NA,NA,NA,NA,NA,NA,NA,NA,NA,NA,NA,NA,NA,NA,NA,NA,NA,NA,NA,NA,NA,NA,NA,NA,NA,NA,NA,NA,NA,NA,NA,NA,NA,NA,NA,NA,NA,NA,NA,NA,NA,NA,NA,NA,NA,High,High,High,NA,NA,NA,NA,NA,137.376738,-21.157046,1820.714654,0.932595,10:30:00,0.385166,0.630716,-0.67368,-61.12859,31.234824,-55.595863,0.090556,103.723026,-0.236254,75.344032,0.236254,-0.967462,-0.090556,20.971881,5.195615,0.967462,0.967462,-103.723026,-5.195615,0.090556,-75.344032,-20.971881,-0.090556,-0.967462,0.236254,-0.236254,NA,NA,NA,NA,NA,NA,NA,NA,NA,NA,NA
NA,NA,NA,NA,NA,NA,NA,NA,NA,NA,NA,NA,NA,NA,NA,NA,183,2026-01-22,17:17:56,3,2,"Kranawetter, Jackson",1000184921,Left,SOU_RED,"Terranova, Joe",1000272666,Right,SOU_RED,Undefined,6,Bottom,2,1,0,Slider,Curveball,FoulBallNotFieldable,Undefined,Undefined,Undefined,0,0,NA,73.54518,1.010521,0.788394,2348.143202,286.42269,03:30:00,5.18739,-2.02714,5.94731,-56.02428,-3.9611,19.38477,1.45615,0.31954,67.24016,-9.291442,4.276309,0.519322,NA,NA,NA,NA,NA,NA,NA,NA,NA,NA,NA,-9.77619,-1.9199600000000001,1.95323,50,5.23622,-2.12916,-106.82185,0.24342,-11.13919,20.78622,-34.3617,SOU_RED,SOU_RED,SEMissouriState,TeamExclusive,Team,20260122-SEMissouriState-Private-1,96c76a50-f7e8-11f0-8217-ffa056d3feda,72.58008,NA,NA,6.30502,NA,NA,NA,NA,NA,NA,fdc3883b-ec04-4f3d-97e9-3bef6ee70fa8,2026-01-22,23:17:56,2026-01-22T23:17:56Z,2026-01-22T23:17:56Z,NA,v3,471444,471444,NA,"Sims, Tank",10135104,Right,SOU_RED,bed2aa94-9779-4deb-9fdc-f8e9fc1bd99c,54.55407,-107.70437,10.39311,5.19491,1.70232,-17.18085,2.03359,-1.65622,-5.5696,NA,NA,NA,NA,NA,NA,NA,NA,NA,NA,NA,NA,NA,NA,NA,NA,NA,NA,NA,NA,NA,NA,NA,NA,NA,NA,NA,NA,NA,NA,NA,NA,NA,NA,NA,NA,NA,NA,NA,NA,NA,NA,NA,NA,NA,NA,NA,NA,NA,NA,High,High,High,NA,NA,NA,NA,NA,308.636663,-62.507049,1083.995614,0.461639,04:15:00,0.876521,-0.376185,0.300327,-72.459711,18.147266,38.030548,-0.660265,152.866135,-0.668376,-20.030733,0.668376,-0.342524,0.660265,44.650222,-41.320105,0.342524,-0.342524,-152.866135,41.320105,0.660265,20.030733,-44.650222,-0.660265,0.342524,0.668376,-0.668376,NA,NA,NA,NA,NA,NA,NA,NA,NA,NA,NA
NA,NA,NA,NA,NA,NA,NA,NA,NA,NA,NA,NA,NA,NA,NA,NA,184,2026-01-22,17:18:16,3,3,"Kranawetter, Jackson",1000184921,Left,SOU_RED,"Terranova, Joe",1000272666,Right,SOU_RED,Undefined,6,Bottom,2,1,1,ChangeUp,Slider,FoulBallNotFieldable,Undefined,Undefined,Undefined,0,0,NA,81.04146,-0.291958,2.381453,1160.260961,120.44541,10:00:00,4.94134,-2.19949,5.94027,-34.9273,8.60839,-11.73658,1.75967,-0.96716,72.51951,-6.836759,0.273103,0.474891,58.16781,40.817037,136.394857,4122.468275,NA,NA,NA,123.44526,40.7327,138.117315,2.28952,6.83658,5.00945,2.0161,50,4.89882,-4.41971,-117.36067,-1.66744,9.28704,27.5951,-25.36905,SOU_RED,SOU_RED,SEMissouriState,TeamExclusive,Team,20260122-SEMissouriState-Private-1,a2579ed0-f7e8-11f0-8217-ffa056d3feda,79.37066,29.15293,NA,8.52194,NA,NA,NA,1.09406,1.43916,1.50791,fdc3883b-ec04-4f3d-97e9-3bef6ee70fa8,2026-01-22,23:18:16,2026-01-22T23:18:16Z,2026-01-22T23:18:16Z,Popup,v3,471444,471444,NA,"Sims, Tank",10135104,Right,SOU_RED,0b738a09-423f-4a6c-8a98-c78437bc5472,54.55433,-118.42669,13.79755,4.94431,-0.68741,-12.68452,2.19376,-4.77848,4.64352,NA,1.09406,-46.752,5.52797,-1.94157,0.43047,-0.08065,0.016,-0.0024,1.3e-4,1.43916,55.76423,-32.26429,4.99245,-1.03492,0.19327,-0.03524,0.00503,-2.8e-4,1.50793,44.52805,-2.28028,-1.77401,0.85223,-0.3209,0.1075,-0.02645,0.00293,NA,NA,NA,NA,NA,NA,NA,NA,NA,NA,NA,NA,NA,NA,NA,NA,NA,NA,NA,NA,NA,NA,High,High,High,High,Low,NA,NA,NA,112.802433,-0.401166,1160.232522,0.999975,09:45:00,0.018406,0.921848,-0.387115,-37.396569,14.99283,-55.153422,-0.774696,101.054014,-0.12124,-38.360159,0.12124,-0.620603,0.774696,81.105333,-50.777434,0.620603,-0.620603,-101.054014,50.777434,0.774696,38.360159,-81.105333,-0.774696,0.620603,0.12124,-0.12124,NA,NA,NA,NA,NA,NA,NA,NA,NA,NA,NA
NA,NA,NA,NA,NA,NA,NA,NA,NA,NA,NA,NA,NA,NA,NA,NA,185,2026-01-22,17:18:34,3,4,"Kranawetter, Jackson",1000184921,Left,SOU_RED,"Terranova, Joe",1000272666,Right,SOU_RED,Undefined,6,Bottom,2,1,2,Slider,Curveball,StrikeSwinging,Strikeout,Undefined,Undefined,0,0,NA,74.20581,-0.526694,0.819603,2331.819602,282.642199,03:30:00,5.11426,-2.16398,5.6487,-54.38279,-2.15417,18.17985,0.09104,0.11552,67.41883,-10.470436,4.07695,0.520147,NA,NA,NA,NA,NA,NA,NA,NA,NA,NA,NA,-8.8667,-0.25811,2.08317,50,5.0359,-2.21782,-107.58152,-2.69411,-10.15676,22.59369,-32.46973,SOU_RED,SOU_RED,SEMissouriState,TeamExclusive,Team,20260122-SEMissouriState-Private-1,ad5de2d0-f7e8-11f0-8217-ffa056d3feda,72.46504,NA,NA,6.78698,NA,NA,NA,NA,NA,NA,fdc3883b-ec04-4f3d-97e9-3bef6ee70fa8,2026-01-22,23:18:34,2026-01-22T23:18:34Z,2026-01-22T23:18:34Z,NA,v3,471444,471444,NA,"Sims, Tank",10135104,Right,SOU_RED,e9afe042-1207-498f-9b9b-a5c2c8c9e1bf,54.84847,-108.595,11.29684,5.12408,-1.23763,-16.23487,2.17243,-1.76222,-5.07838,NA,NA,NA,NA,NA,NA,NA,NA,NA,NA,NA,NA,NA,NA,NA,NA,NA,NA,NA,NA,NA,NA,NA,NA,NA,NA,NA,NA,NA,NA,NA,NA,NA,NA,NA,NA,NA,NA,NA,NA,NA,NA,NA,NA,NA,NA,NA,NA,NA,NA,High,High,High,NA,NA,NA,NA,NA,308.133936,-61.554978,1110.681276,0.476315,04:15:00,0.878384,-0.366557,0.306722,97.053211,-35.660666,20.601826,-0.741965,173.649344,-0.666324,-4.252916,0.666324,-0.074159,0.741965,48.074458,-47.899077,0.074159,-0.074159,-173.649344,47.899077,0.741965,4.252916,-48.074458,-0.741965,0.074159,0.666324,-0.666324,NA,NA,NA,NA,NA,NA,NA,NA,NA,NA,NA
