PitchNo,Date,Time,PAofInning,PitchofPA,Pitcher,PitcherId,PitcherThrows,PitcherTeam,Batter,BatterId,BatterSide,BatterTeam,PitcherSet,Inning,Top/Bottom,Outs,Balls,Strikes,TaggedPitchType,AutoPitchType,PitchCall,KorBB,TaggedHitType,PlayResult,OutsOnPlay,RunsScored,Notes,RelSpeed,VertRelAngle,HorzRelAngle,SpinRate,SpinAxis,Tilt,RelHeight,RelSide,Extension,VertBreak,InducedVertBreak,HorzBreak,PlateLocHeight,PlateLocSide,ZoneSpeed,VertApprAngle,HorzApprAngle,ZoneTime,ExitSpeed,Angle,Direction,HitSpinRate,PositionAt110X,PositionAt110Y,PositionAt110Z,Distance,LastTrackedDistance,Bearing,HangTime,pfxx,pfxz,x0,y0,z0,vx0,vy0,vz0,ax0,ay0,az0,HomeTeam,AwayTeam,Stadium,Level,League,GameID,PitchUID,EffectiveVelo,MaxHeight,MeasuredDuration,SpeedDrop,PitchLastMeasuredX,PitchLastMeasuredY,PitchLastMeasuredZ,ContactPositionX,ContactPositionY,ContactPositionZ,GameUID,UTCDate,UTCTime,LocalDateTime,UTCDateTime,AutoHitType,System,HomeTeamForeignID,AwayTeamForeignID,GameForeignID,Catcher,CatcherId,CatcherThrows,CatcherTeam,PlayID,PitchTrajectoryXc0,PitchTrajectoryXc1,PitchTrajectoryXc2,PitchTrajectoryYc0,PitchTrajectoryYc1,PitchTrajectoryYc2,PitchTrajectoryZc0,PitchTrajectoryZc1,PitchTrajectoryZc2,HitSpinAxis,HitTrajectoryXc0,HitTrajectoryXc1,HitTrajectoryXc2,HitTrajectoryXc3,HitTrajectoryXc4,HitTrajectoryXc5,HitTrajectoryXc6,HitTrajectoryXc7,HitTrajectoryXc8,HitTrajectoryYc0,HitTrajectoryYc1,HitTrajectoryYc2,HitTrajectoryYc3,HitTrajectoryYc4,HitTrajectoryYc5,HitTrajectoryYc6,HitTrajectoryYc7,HitTrajectoryYc8,HitTrajectoryZc0,HitTrajectoryZc1,HitTrajectoryZc2,HitTrajectoryZc3,HitTrajectoryZc4,HitTrajectoryZc5,HitTrajectoryZc6,HitTrajectoryZc7,HitTrajectoryZc8,ThrowSpeed,PopTime,ExchangeTime,TimeToBase,CatchPositionX,CatchPositionY,CatchPositionZ,ThrowPositionX,ThrowPositionY,ThrowPositionZ,BasePositionX,BasePositionY,BasePositionZ,ThrowTrajectoryXc0,ThrowTrajectoryXc1,ThrowTrajectoryXc2,ThrowTrajectoryYc0,ThrowTrajectoryYc1,ThrowTrajectoryYc2,ThrowTrajectoryZc0,ThrowTrajectoryZc1,ThrowTrajectoryZc2,PitchReleaseConfidence,PitchLocationConfidence,PitchMovementConfidence,HitLaunchConfidence,HitLandingConfidence,CatcherThrowCatchConfidence,CatcherThrowReleaseConfidence,CatcherThrowLocationConfidence,SpinAxis3dTransverseAngle,SpinAxis3dLongitudinalAngle,SpinAxis3dActiveSpinRate,SpinAxis3dSpinEfficiency,SpinAxis3dTilt,SpinAxis3dVectorX,SpinAxis3dVectorY,SpinAxis3dVectorZ,SpinAxis3dSeamOrientationRotationX,SpinAxis3dSeamOrientationRotationY,SpinAxis3dSeamOrientationRotationZ,SpinAxis3dSeamOrientationBallAngleHorizontalAmb1,SpinAxis3dSeamOrientationBallAngleVerticalAmb1,SpinAxis3dSeamOrientationBallXAmb1,SpinAxis3dSeamOrientationBallYAmb1,SpinAxis3dSeamOrientationBallZAmb1,SpinAxis3dSeamOrientationBallAngleHorizontalAmb2,SpinAxis3dSeamOrientationBallAngleVerticalAmb2,SpinAxis3dSeamOrientationBallXAmb2,SpinAxis3dSeamOrientationBallYAmb2,SpinAxis3dSeamOrientationBallZAmb2,SpinAxis3dSeamOrientationBallAngleHorizontalAmb3,SpinAxis3dSeamOrientationBallAngleVerticalAmb3,SpinAxis3dSeamOrientationBallXAmb3,SpinAxis3dSeamOrientationBallYAmb3,SpinAxis3dSeamOrientationBallZAmb3,SpinAxis3dSeamOrientationBallAngleHorizontalAmb4,SpinAxis3dSeamOrientationBallAngleVerticalAmb4,SpinAxis3dSeamOrientationBallXAmb4,SpinAxis3dSeamOrientationBallYAmb4,SpinAxis3dSeamOrientationBallZAmb4
1,2026-03-24,16:06:58.57,1,1,"Sarantos, Lukas",832270,Right,STM_GAE,"Kelly, Rowan",1000253487,Left,SAN_GAU,Undefined,1,Top,0,0,0,Fastball,Four-Seam,BallCalled,Undefined,Undefined,Undefined,0,0,,91.07016,-1.411685,-1.57933,1974.237239,198.513097,12:30,6.34789,1.46694,5.63977,-19.36517,14.8928,4.59677,3.41637,0.37624,82.66939,-5.058485,-0.758395,0.421262,,,,,,,,,,,,-2.78642,8.30575,-1.33562,50,6.2157,3.43205,-132.05994,-3.89065,-4.88683,29.93142,-17.60737,STM_GAE,SAN_GAU,RonaldGallagherStad,D1,WCC,20260324-RonaldGallagherStad-1,29291980-27d6-11f1-b8ea-f9a2eeae71cc,89.47508,,,8.40078,,,,,,,c9e67c30-a63b-4587-9ae4-a41912f8aeeb,2026-03-24,23:06:58.57,2026-03-24T16:06:58.5717760-07:00,2026-03-24T23:06:58.5717760Z,,v3,471428,471258,d6bb620095054923be50e712cd675082,"Armstrong, Ian",1000321869,Right,STM_GAE,ded1148c-04e6-4b64-b740-227ed7408bdf,54.85833,-133.15653,14.96571,6.34642,-3.24557,-8.80368,-1.46464,3.61109,-2.44342,,,,,,,,,,,,,,,,,,,,,,,,,,,,,,,,,,,,,,,,,,,,,,,,,,,High,High,High,,,,,,,,,,,,,,,,,,,,,,,,,,,,,,,,,,,,
2,2026-03-24,16:07:15.66,1,2,"Sarantos, Lukas",832270,Right,STM_GAE,"Kelly, Rowan",1000253487,Left,SAN_GAU,Undefined,1,Top,0,1,0,Fastball,Four-Seam,BallCalled,Undefined,Undefined,Undefined,0,0,,90.92086,-2.516074,-3.444954,1997.147244,202.898186,12:45,6.29488,1.49606,5.67466,-19.14241,15.29934,5.9639,2.34815,-1.2226,82.63755,-6.113986,-2.381582,0.422391,,,,,,,,,,,,-4.06374,8.87197,-1.20893,50,6.07025,7.66039,-131.61511,-6.4166,-7.07935,29.72029,-16.71838,STM_GAE,SAN_GAU,RonaldGallagherStad,D1,WCC,20260324-RonaldGallagherStad-1,335a3330-27d6-11f1-b8ea-f9a2eeae71cc,89.236,,,8.28331,,,,,,,c9e67c30-a63b-4587-9ae4-a41912f8aeeb,2026-03-24,23:07:15.66,2026-03-24T16:07:15.6628480-07:00,2026-03-24T23:07:15.6628480Z,,v3,471428,471258,d6bb620095054923be50e712cd675082,"Armstrong, Ian",1000321869,Right,STM_GAE,deeed2e1-0ca7-4dd3-9eff-befe9f6bd4a8,54.8253,-132.70025,14.86014,6.29339,-5.80618,-8.35919,-1.49334,7.91887,-3.53968,,,,,,,,,,,,,,,,,,,,,,,,,,,,,,,,,,,,,,,,,,,,,,,,,,,High,High,High,,,,,,,,,,,,,,,,,,,,,,,,,,,,,,,,,,,,
3,2026-03-24,16:07:36.72,1,3,"Sarantos, Lukas",832270,Right,STM_GAE,"Kelly, Rowan",1000253487,Left,SAN_GAU,Undefined,1,Top,0,2,0,Fastball,Four-Seam,StrikeCalled,Undefined,Undefined,Undefined,0,0,,91.76897,-2.894937,-1.529191,1950.867236,214.15179,1:15,6.24193,1.50257,5.71111,-17.89135,15.74595,9.91127,2.05058,0.90345,83.56243,-6.264967,0.24401,0.417429,,,,,,,,,,,,-5.44485,9.17378,-1.38052,50,5.98824,3.0994,-132.99926,-7.2999,-9.70652,29.78592,-15.81997,STM_GAE,SAN_GAU,RonaldGallagherStad,D1,WCC,20260324-RonaldGallagherStad-1,3fde8bb0-27d6-11f1-b8ea-f9a2eeae71cc,90.29675,,,8.20654,,,,,,,c9e67c30-a63b-4587-9ae4-a41912f8aeeb,2026-03-24,23:07:36.72,2026-03-24T16:07:36.7297024-07:00,2026-03-24T23:07:36.7297024Z,,v3,471428,471258,d6bb620095054923be50e712cd675082,"Armstrong, Ian",1000321869,Right,STM_GAE,41d307fa-b1b2-4b56-93aa-fdf582dbf789,54.78738,-134.06713,14.89296,6.23978,-6.73272,-7.90999,-1.49788,3.4474,-4.85326,,,,,,,,,,,,,,,,,,,,,,,,,,,,,,,,,,,,,,,,,,,,,,,,,,,High,High,High,,,,,,,,,,,,,,,,,,,,,,,,,,,,,,,,,,,,
4,2026-03-24,16:07:57.37,1,4,"Sarantos, Lukas",832270,Right,STM_GAE,"Kelly, Rowan",1000253487,Left,SAN_GAU,Undefined,1,Top,0,2,1,Fastball,Sinker,BallCalled,Undefined,Undefined,Undefined,0,0,,91.69772,-3.662043,-2.964418,2033.206032,227.240312,1:30,6.24124,1.42126,5.81963,-23.38895,10.29556,9.89662,0.87805,-0.51275,83.64135,-8.002659,-1.191351,0.417721,,,,,,,,,,,,-5.98091,6.6841,-1.18454,50,5.9269,6.44995,-132.7326,-9.30837,-10.59836,30.18998,-20.32958,STM_GAE,SAN_GAU,RonaldGallagherStad,D1,WCC,20260324-RonaldGallagherStad-1,4c227fd0-27d6-11f1-b8ea-f9a2eeae71cc,90.23347,,,8.05638,,,,,,,c9e67c30-a63b-4587-9ae4-a41912f8aeeb,2026-03-24,23:07:57.37,2026-03-24T16:07:57.3701632-07:00,2026-03-24T23:07:57.3701632Z,,v3,471428,471258,d6bb620095054923be50e712cd675082,"Armstrong, Ian",1000321869,Right,STM_GAE,2f10d3ab-5b1d-446c-88d1-e28943862738,54.68192,-133.79326,15.09499,6.24138,-8.59414,-10.16479,-1.41769,6.8223,-5.29918,,,,,,,,,,,,,,,,,,,,,,,,,,,,,,,,,,,,,,,,,,,,,,,,,,,High,High,High,,,,,,,,,,,,,,,,,,,,,,,,,,,,,,,,,,,,
5,2026-03-24,16:08:16.70,1,5,"Sarantos, Lukas",832270,Right,STM_GAE,"Kelly, Rowan",1000253487,Left,SAN_GAU,Undefined,1,Top,0,3,1,Fastball,Four-Seam,StrikeCalled,Undefined,Undefined,Undefined,0,0,,91.14795,-3.586313,-3.274647,1951.064843,213.109867,1:00,6.20636,1.59171,5.48457,-18.7041,16.11643,9.67197,1.28234,-0.66949,82.3095,-7.102899,-1.554875,0.424707,,,,,,,,,,,,-5.95359,9.65493,-1.31116,50,5.87873,7.09999,-131.70696,-8.8871,-10.30728,31.72801,-15.45876,STM_GAE,SAN_GAU,RonaldGallagherStad,D1,WCC,20260324-RonaldGallagherStad-1,57ac4bb0-27d6-11f1-b8ea-f9a2eeae71cc,88.74935,,,8.83845,,,,,,,c9e67c30-a63b-4587-9ae4-a41912f8aeeb,2026-03-24,23:08:16.70,2026-03-24T16:08:16.7024640-07:00,2026-03-24T23:08:16.7024640Z,,v3,471428,471258,d6bb620095054923be50e712cd675082,"Armstrong, Ian",1000321869,Right,STM_GAE,a8d749ca-5f68-405d-b1d2-27a4a9c4c45a,55.01519,-132.90962,15.864,6.2045,-8.30113,-7.72938,-1.58769,7.49069,-5.15364,,,,,,,,,,,,,,,,,,,,,,,,,,,,,,,,,,,,,,,,,,,,,,,,,,,High,High,High,,,,,,,,,,,,,,,,,,,,,,,,,,,,,,,,,,,,
6,2026-03-24,16:08:39.19,1,6,"Sarantos, Lukas",832270,Right,STM_GAE,"Kelly, Rowan",1000253487,Left,SAN_GAU,Undefined,1,Top,0,3,2,Fastball,Four-Seam,InPlay,Undefined,GroundBall,Out,1,0,,92.70223,-2.52555,-1.541217,1893.396989,209.596452,1:00,6.23808,1.45345,5.85291,-18.49883,14.36158,7.51445,2.3474,0.64721,84.17024,-6.016828,-0.193319,0.41258,98.69586,-14.635737,-26.978795,,,,,9.90525,9.70906,-27.807894,0.062403,-4.30855,8.44079,-1.33261,50,6.02196,3.28345,-134.40357,-6.52564,-7.81413,31.44365,-16.86547,STM_GAE,SAN_GAU,RonaldGallagherStad,D1,WCC,20260324-RonaldGallagherStad-1,651d0000-27d6-11f1-b8ea-f9a2eeae71cc,91.35797,2.28589,,8.532,,,,0.96066,2.28589,-0.64987,c9e67c30-a63b-4587-9ae4-a41912f8aeeb,2026-03-24,23:08:39.19,2026-03-24T16:08:39.1937536-07:00,2026-03-24T23:08:39.1937536Z,GroundBall,v3,471428,471258,d6bb620095054923be50e712cd675082,"Armstrong, Ian",1000321869,Right,STM_GAE,42cda8d7-6f3e-4953-9c52-2df12191137a,54.64667,-135.48629,15.72183,6.23666,-5.9449,-8.43273,-1.45031,3.55252,-3.90707,180,0.95875,125.00558,,,,,,,,2.28645,-36.6312,,,,,,,,-0.64889,-63.63526,,,,,,,,,,,,,,,,,,,,,,,,,,,,,,High,High,High,High,High,,,,,,,,,,,,,,,,,,,,,,,,,,,,,,,,,,
7,2026-03-24,16:09:19.79,2,1,"Sarantos, Lukas",832270,Right,STM_GAE,"Libed, Nico",822297,Right,SAN_GAU,Undefined,1,Top,1,0,0,Fastball,Four-Seam,StrikeCalled,Undefined,Undefined,Undefined,0,0,,92.1835,-2.031701,-1.963408,1847.673371,212.433448,1:00,6.27296,1.45186,5.57467,-19.05422,14.63028,8.53784,2.78547,0.32869,83.37607,-5.619359,-0.440534,0.417721,,,,,,,,,,,,-4.89748,8.36642,-1.28832,50,6.08562,4.18057,-133.5387,-5.37701,-8.74645,31.70331,-17.23236,STM_GAE,SAN_GAU,RonaldGallagherStad,D1,WCC,20260324-RonaldGallagherStad-1,7d5a71c0-27d6-11f1-b8ea-f9a2eeae71cc,90.23346,,,8.80744,,,,,,,c9e67c30-a63b-4587-9ae4-a41912f8aeeb,2026-03-24,23:09:19.79,2026-03-24T16:09:19.7911040-07:00,2026-03-24T23:09:19.7911040Z,,v3,471428,471258,d6bb620095054923be50e712cd675082,"Armstrong, Ian",1000321869,Right,STM_GAE,08e3184e-1a32-413a-adf8-78202510524e,54.92312,-134.70242,15.85166,6.27138,-4.74447,-8.61618,-1.44767,4.50162,-4.37323,,,,,,,,,,,,,,,,,,,,,,,,,,,,,,,,,,,,,,,,,,,,,,,,,,,High,High,High,,,,,,,,,,,,,,,,,,,,,,,,,,,,,,,,,,,,
8,2026-03-24,16:09:36.94,2,2,"Sarantos, Lukas",832270,Right,STM_GAE,"Libed, Nico",822297,Right,SAN_GAU,Undefined,1,Top,1,0,1,Curveball,Curveball,BallCalled,Undefined,Undefined,Undefined,0,0,,75.27995,3.03163,-0.013869,2157.630367,55.093995,7:45,6.24132,1.15515,5.43413,-58.1535,-7.81146,-13.46804,4.23699,0.01983,68.89791,-7.562289,-2.410808,0.510666,,,,,,,,,,,,6.73567,-4.26819,-1.14441,50,6.46985,0.54309,-109.20872,3.8485,8.10721,19.83667,-37.31134,STM_GAE,SAN_GAU,RonaldGallagherStad,D1,WCC,20260324-RonaldGallagherStad-1,87957680-27d6-11f1-b8ea-f9a2eeae71cc,73.81036,,,6.38204,,,,,,,c9e67c30-a63b-4587-9ae4-a41912f8aeeb,2026-03-24,23:09:36.94,2026-03-24T16:09:36.9462784-07:00,2026-03-24T23:09:36.9462784Z,,v3,471428,471258,d6bb620095054923be50e712cd675082,"Armstrong, Ian",1000321869,Right,STM_GAE,0866d313-f475-4d12-9987-6f630342fcc0,55.06948,-110.12569,9.91834,6.25208,5.57326,-18.65567,-1.16086,0.16833,4.05361,,,,,,,,,,,,,,,,,,,,,,,,,,,,,,,,,,,,,,,,,,,,,,,,,,,High,High,High,,,,,,,,,,,,,,,,,,,,,,,,,,,,,,,,,,,,
9,2026-03-24,16:09:54.47,2,3,"Sarantos, Lukas",832270,Right,STM_GAE,"Libed, Nico",822297,Right,SAN_GAU,Undefined,1,Top,1,1,1,Fastball,Four-Seam,InPlay,Undefined,Bunt,Out,1,0,,91.77546,-2.259849,-0.596734,1921.186421,206.302711,1:00,6.3673,1.43194,5.66733,-20.7504,13.23453,5.9274,2.52972,1.36945,82.77619,-6.160014,0.463387,0.41958,36.0618,-37.995586,-45.348686,,,,,5.42894,4.47189,-38.078427,0.072836,-3.22516,7.81941,-1.38542,50,6.16345,1.12222,-132.99534,-5.94704,-5.68043,32.94861,-18.40184,STM_GAE,SAN_GAU,RonaldGallagherStad,D1,WCC,20260324-RonaldGallagherStad-1,91f6a0e0-27d6-11f1-b8ea-f9a2eeae71cc,89.83374,2.4032,,8.99927,,,,2.11139,2.4032,-1.15967,c9e67c30-a63b-4587-9ae4-a41912f8aeeb,2026-03-24,23:09:54.47,2026-03-24T16:09:54.4750592-07:00,2026-03-24T23:09:54.4750592Z,GroundBall,v3,471428,471258,d6bb620095054923be50e712cd675082,"Armstrong, Ian",1000321869,Right,STM_GAE,092b765a-58b4-4173-b9ab-d896ea0490b0,54.8323,-134.18716,16.4743,6.36653,-5.2814,-9.20092,-1.42973,1.32769,-2.84021,180,2.1068,29.68463,,,,,,,,2.4083,-32.99489,,,,,,,,-1.15502,-30.04815,,,,,,,,,,,,,,,,,,,,,,,,,,,,,,High,High,High,High,Medium,,,,,,,,,,,,,,,,,,,,,,,,,,,,,,,,,,
10,2026-03-24,16:10:31.59,3,1,"Sarantos, Lukas",832270,Right,STM_GAE,"Kosciusko, Cole",1000364960,Left,SAN_GAU,Undefined,1,Top,2,0,0,Curveball,Curveball,StrikeCalled,Undefined,Undefined,Undefined,0,0,,74.69381,1.446895,0.166624,2084.864128,52.326583,7:45,6.27618,1.26353,5.11534,-59.9872,-8.14,-12.73528,2.64063,0.35923,68.45978,-9.396755,-2.091487,0.518244,,,,,,,,,,,,6.38059,-3.97059,-1.26885,50,6.36547,0.18112,-108.38022,0.68016,7.53357,20.24042,-36.86212,STM_GAE,SAN_GAU,RonaldGallagherStad,D1,WCC,20260324-RonaldGallagherStad-1,a82ca9e0-27d6-11f1-b8ea-f9a2eeae71cc,72.73111,,,6.23403,,,,,,,c9e67c30-a63b-4587-9ae4-a41912f8aeeb,2026-03-24,23:10:31.59,2026-03-24T16:10:31.5940864-07:00,2026-03-24T23:10:31.5940864Z,,v3,471428,471258,d6bb620095054923be50e712cd675082,"Armstrong, Ian",1000321869,Right,STM_GAE,50686346-b177-45ea-a27a-411ee2b59795,55.38819,-109.38186,10.12021,6.28668,2.50435,-18.43106,-1.26858,-0.1917,3.76679,,,,,,,,,,,,,,,,,,,,,,,,,,,,,,,,,,,,,,,,,,,,,,,,,,,High,High,High,,,,,,,,,,,,,,,,,,,,,,,,,,,,,,,,,,,,
11,2026-03-24,16:10:50.55,3,2,"Sarantos, Lukas",832270,Right,STM_GAE,"Kosciusko, Cole",1000364960,Left,SAN_GAU,Undefined,1,Top,2,0,1,Fastball,Four-Seam,BallCalled,Undefined,Undefined,Undefined,0,0,,92.2112,-0.570469,-1.23952,2019.526411,211.128876,1:00,6.34644,1.5013,5.4324,-19.15737,14.90753,8.22961,4.21559,1.02606,82.6189,-4.196414,0.224743,0.420073,,,,,,,,,,,,-4.50721,8.03115,-1.39718,50,6.2831,2.49315,-133.53081,-1.97493,-7.98301,33.85492,-17.94951,STM_GAE,SAN_GAU,RonaldGallagherStad,D1,WCC,20260324-RonaldGallagherStad-1,b35b3660-27d6-11f1-b8ea-f9a2eeae71cc,89.72827,,,9.5923,,,,,,,c9e67c30-a63b-4587-9ae4-a41912f8aeeb,2026-03-24,23:10:50.55,2026-03-24T16:10:50.5541120-07:00,2026-03-24T23:10:50.5541120Z,,v3,471428,471258,d6bb620095054923be50e712cd675082,"Armstrong, Ian",1000321869,Right,STM_GAE,99c0b1ea-e2c7-433c-9e93-1b15efb608cc,55.06322,-134.8084,16.92746,6.34485,-1.29756,-8.97476,-1.49695,2.7944,-3.99151,,,,,,,,,,,,,,,,,,,,,,,,,,,,,,,,,,,,,,,,,,,,,,,,,,,High,High,High,,,,,,,,,,,,,,,,,,,,,,,,,,,,,,,,,,,,
12,2026-03-24,16:11:09.05,3,3,"Sarantos, Lukas",832270,Right,STM_GAE,"Kosciusko, Cole",1000364960,Left,SAN_GAU,Undefined,1,Top,2,1,1,Fastball,Four-Seam,StrikeCalled,Undefined,Undefined,Undefined,0,0,,91.9279,-2.536093,-2.315654,2073.31331,208.23017,1:00,6.22066,1.41277,5.94488,-19.91115,13.73343,6.6976,2.20547,-0.17826,82.72793,-6.306718,-1.113011,0.417473,,,,,,,,,,,,-4.18697,8.23945,-1.23191,50,6.00732,5.0858,-133.09538,-6.52779,-7.37429,33.39613,-17.66231,STM_GAE,SAN_GAU,RonaldGallagherStad,D1,WCC,20260324-RonaldGallagherStad-1,be833330-27d6-11f1-b8ea-f9a2eeae71cc,90.28703,,,9.19997,,,,,,,c9e67c30-a63b-4587-9ae4-a41912f8aeeb,2026-03-24,23:11:09.05,2026-03-24T16:11:09.0566656-07:00,2026-03-24T23:11:09.0566656Z,,v3,471428,471258,d6bb620095054923be50e712cd675082,"Armstrong, Ian",1000321869,Right,STM_GAE,0d5a2769-8556-4ea7-85d5-004dbb767ca1,54.55269,-134.23287,16.69806,6.21942,-5.9262,-8.83116,-1.40941,5.33698,-3.68715,,,,,,,,,,,,,,,,,,,,,,,,,,,,,,,,,,,,,,,,,,,,,,,,,,,High,High,High,,,,,,,,,,,,,,,,,,,,,,,,,,,,,,,,,,,,
13,2026-03-24,16:11:30.05,3,4,"Sarantos, Lukas",832270,Right,STM_GAE,"Kosciusko, Cole",1000364960,Left,SAN_GAU,Undefined,1,Top,2,1,2,Fastball,Four-Seam,BallCalled,Undefined,Undefined,Undefined,0,0,,92.02018,-0.512024,-1.239796,2013.817231,217.061465,1:15,6.4267,1.49959,5.32046,-19.06304,15.26489,10.55839,4.35746,1.21573,82.48845,-4.114766,0.634877,0.421692,,,,,,,,,,,,-5.64575,8.15937,-1.39504,50,6.36711,2.37157,-133.24586,-1.84114,-9.96406,33.52379,-17.77375,STM_GAE,SAN_GAU,RonaldGallagherStad,D1,WCC,20260324-RonaldGallagherStad-1,cae70b60-27d6-11f1-b8ea-f9a2eeae71cc,89.38386,,,9.53173,,,,,,,c9e67c30-a63b-4587-9ae4-a41912f8aeeb,2026-03-24,23:11:30.05,2026-03-24T16:11:30.0502528-07:00,2026-03-24T23:11:30.0502528Z,,v3,471428,471258,d6bb620095054923be50e712cd675082,"Armstrong, Ian",1000321869,Right,STM_GAE,0dc1f657-56a2-4e9a-a39b-6700ffebb3c2,55.17554,-134.54169,16.76189,6.425,-1.15411,-8.88687,-1.49415,2.75672,-4.98203,,,,,,,,,,,,,,,,,,,,,,,,,,,,,,,,,,,,,,,,,,,,,,,,,,,High,High,High,,,,,,,,,,,,,,,,,,,,,,,,,,,,,,,,,,,,
14,2026-03-24,16:11:49.80,3,5,"Sarantos, Lukas",832270,Right,STM_GAE,"Kosciusko, Cole",1000364960,Left,SAN_GAU,Undefined,1,Top,2,2,2,Curveball,Curveball,InPlay,Undefined,FlyBall,Out,1,0,,76.32061,0.820882,-0.151871,2263.404873,54.527128,7:45,6.29096,1.15381,4.91245,-57.67889,-7.80119,-13.16253,2.26069,-0.08668,70.20675,-9.549316,-2.477551,0.508305,96.0757,44.42179,20.075955,3854.415336,103.00717,107.12514,38.59325,289.9276,146.13623,22.13365,6.164106,6.5276,-3.7524,-1.12717,50,6.32215,0.81408,-110.77599,-0.46099,8.07417,20.63241,-36.8155,STM_GAE,SAN_GAU,RonaldGallagherStad,D1,WCC,20260324-RonaldGallagherStad-1,d6bf4560-27d6-11f1-b8ea-f9a2eeae71cc,74.15317,138.40122,,6.11386,,,,3.12505,2.61943,0.03633,c9e67c30-a63b-4587-9ae4-a41912f8aeeb,2026-03-24,23:11:49.80,2026-03-24T16:11:49.8064896-07:00,2026-03-24T23:11:49.8064896Z,FlyBall,v3,471428,471258,d6bb620095054923be50e712cd675082,"Armstrong, Ian",1000321869,Right,STM_GAE,e60e76de-996e-4ef0-a42b-0fc33ceb7590,55.59231,-111.81273,10.3162,6.29884,1.38891,-18.40775,-1.15788,0.40838,4.03709,183.716349,3.13174,94.41802,-26.02434,6.76986,-1.16973,0.11704,-0.0039,-0.00026,2E-05,2.61861,98.61569,-20.01629,0.51831,0.2999,-0.14373,0.03235,-0.00365,0.00016,0.0388,34.5061,-7.98249,1.92048,-0.29672,0.02226,0.00045,-0.00017,1E-05,,,,,,,,,,,,,,,,,,,,,,,High,High,High,Medium,Low,,,,,,,,,,,,,,,,,,,,,,,,,,,,,,,,,,
15,2026-03-24,16:15:01.07,1,1,"Tryba, Cole",835221,Left,SAN_GAU,"Griffith, Tanner",1000125250,Left,STM_GAE,Undefined,1,Bottom,0,0,0,Fastball,Sinker,InPlay,Undefined,GroundBall,Error,0,0,,90.7864,-0.611264,3.327289,1912.09185,113.450352,9:45,4.94286,-1.41255,5.94236,-25.04056,8.66016,-17.62611,2.28814,0.20861,83.39134,-5.270994,0.165332,0.417822,92.56957,-5.300798,-12.39887,,,,,20.36834,19.36635,-12.878031,0.144982,9.95363,4.90862,1.15719,50,4.87984,-6.92334,-131.82194,-2.26076,17.60886,26.60829,-23.49027,STM_GAE,SAN_GAU,RonaldGallagherStad,D1,WCC,20260324-RonaldGallagherStad-1,48c2e4a0-27d7-11f1-b8ea-f9a2eeae71cc,90.21179,2.2802,,7.39506,,,,1.1497,2.2802,-0.21721,c9e67c30-a63b-4587-9ae4-a41912f8aeeb,2026-03-24,23:15:01.07,2026-03-24T16:15:01.0791936-07:00,2026-03-24T23:15:01.0791936Z,GroundBall,v3,471428,471258,d6bb620095054923be50e712cd675082,"Libed, Nico",822297,Right,SAN_GAU,90a26f8e-e2bb-4e06-82e3-8ee2d24089ac,54.56076,-132.73934,13.30415,4.94383,-1.45087,-11.74514,1.40636,-7.53046,8.80443,51.050607,1.15003,132.00451,-20.58363,,,,,,,2.28065,-12.5833,-21.73016,,,,,,,-0.21694,-29.05202,-5.27725,,,,,,,,,,,,,,,,,,,,,,,,,,,,,High,High,High,High,High,,,,,,,,,,,,,,,,,,,,,,,,,,,,,,,,,,
16,2026-03-24,16:15:39.07,2,1,"Tryba, Cole",835221,Left,SAN_GAU,"Kashimoto, Cody",813806,Right,STM_GAE,Undefined,1,Bottom,0,0,0,ChangeUp,Changeup,FoulBallNotFieldable,Undefined,Undefined,Undefined,0,0,,79.95109,1.330857,3.090988,2019.398244,84.437696,8:45,4.38636,-1.65914,5.42415,-45.44298,-0.56748,-21.39174,1.84808,-0.54369,72.70335,-6.987724,-0.712636,0.482143,,,,,,,,,,,,11.79631,-0.32685,1.40044,50,4.47272,-5.41435,-115.89137,1.1448,15.90951,23.34203,-32.61485,STM_GAE,SAN_GAU,RonaldGallagherStad,D1,WCC,20260324-RonaldGallagherStad-1,5f678df0-27d7-11f1-b8ea-f9a2eeae71cc,78.17687,,,7.24774,,,,,,,c9e67c30-a63b-4587-9ae4-a41912f8aeeb,2026-03-24,23:15:39.07,2026-03-24T16:15:39.0781440-07:00,2026-03-24T23:15:39.0781440Z,,v3,471428,471258,d6bb620095054923be50e712cd675082,"Libed, Nico",822297,Right,SAN_GAU,1906be6a-1267-42d2-9bdb-330c7ac42563,55.07957,-116.90998,11.67102,4.39171,2.56806,-16.30743,1.65186,-6.10862,7.95476,,,,,,,,,,,,,,,,,,,,,,,,,,,,,,,,,,,,,,,,,,,,,,,,,,,High,High,High,,,,,,,,,,,,,,,,,,,,,,,,,,,,,,,,,,,,
17,2026-03-24,16:16:03.33,2,2,"Tryba, Cole",835221,Left,SAN_GAU,"Kashimoto, Cody",813806,Right,STM_GAE,Undefined,1,Bottom,0,0,1,ChangeUp,Changeup,FoulBallNotFieldable,Undefined,Undefined,Undefined,0,0,,81.34206,1.206254,2.95414,2089.793498,87.662871,9:00,4.42252,-1.61361,5.41397,-42.65593,0.64634,-19.56249,1.99962,-0.47373,74.02564,-6.606838,-0.523526,0.473617,,,,,,,,,,,,10.7717,0.34417,1.36512,50,4.49997,-5.29364,-117.92431,1.00313,15.0677,23.81074,-31.69262,STM_GAE,SAN_GAU,RonaldGallagherStad,D1,WCC,20260324-RonaldGallagherStad-1,6ddf03e0-27d7-11f1-b8ea-f9a2eeae71cc,79.5843,,,7.31642,,,,,,,c9e67c30-a63b-4587-9ae4-a41912f8aeeb,2026-03-24,23:16:03.33,2026-03-24T16:16:03.3306112-07:00,2026-03-24T23:16:03.3306112Z,,v3,471428,471258,d6bb620095054923be50e712cd675082,"Libed, Nico",822297,Right,SAN_GAU,e14ca727-f252-49fd-9243-c6d0526eb5ff,55.08901,-118.94743,11.90537,4.42761,2.36491,-15.84631,1.60649,-5.94108,7.53385,,,,,,,,,,,,,,,,,,,,,,,,,,,,,,,,,,,,,,,,,,,,,,,,,,,High,High,High,,,,,,,,,,,,,,,,,,,,,,,,,,,,,,,,,,,,
18,2026-03-24,16:16:51.15,2,3,"Tryba, Cole",835221,Left,SAN_GAU,"Kashimoto, Cody",813806,Right,STM_GAE,Undefined,1,Bottom,0,0,2,ChangeUp,Changeup,BallCalled,Undefined,Undefined,Undefined,0,0,,80.30371,2.382698,2.258311,1969.175068,88.631902,9:00,4.41806,-1.90233,5.42113,-43.58046,0.9713,-22.80757,3.02134,-1.68642,72.75605,-5.620483,-1.796485,0.480401,,,,,,,,,,,,12.06953,0.24811,1.71785,50,4.59986,-3.6449,-116.36149,3.33667,16.39716,23.69382,-31.837,STM_GAE,SAN_GAU,RonaldGallagherStad,D1,WCC,20260324-RonaldGallagherStad-1,8a62aad0-27d7-11f1-b8ea-f9a2eeae71cc,78.46039,,,7.54767,,,,,,,c9e67c30-a63b-4587-9ae4-a41912f8aeeb,2026-03-24,23:16:51.15,2026-03-24T16:16:51.1575040-07:00,2026-03-24T23:16:51.1575040Z,,v3,471428,471258,d6bb620095054923be50e712cd675082,"Libed, Nico",822297,Right,SAN_GAU,5bbd3e9c-8e24-4cf7-9ce7-e3ace57a177c,55.08035,-117.39141,11.84691,4.42475,4.72055,-15.9185,1.89178,-4.35765,8.19858,,,,,,,,,,,,,,,,,,,,,,,,,,,,,,,,,,,,,,,,,,,,,,,,,,,High,High,High,,,,,,,,,,,,,,,,,,,,,,,,,,,,,,,,,,,,
19,2026-03-24,16:17:09.67,2,4,"Tryba, Cole",835221,Left,SAN_GAU,"Kashimoto, Cody",813806,Right,STM_GAE,Undefined,1,Bottom,0,1,2,Cutter,Slider,StrikeCalled,Strikeout,Undefined,Undefined,0,0,,87.29895,0.808062,1.052388,2241.820898,173.426144,11:45,5.05085,-1.42948,5.61148,-33.76474,3.31473,-0.24701,2.99156,-0.46764,79.74822,-5.412048,1.008282,0.438266,,,,,,,,,,,,0.42205,1.81311,1.33968,50,5.09819,-2.31766,-126.74719,0.57012,0.68549,26.27463,-29.22912,STM_GAE,SAN_GAU,RonaldGallagherStad,D1,WCC,20260324-RonaldGallagherStad-1,955d07f0-27d7-11f1-b8ea-f9a2eeae71cc,86.00351,,,7.55073,,,,,,,c9e67c30-a63b-4587-9ae4-a41912f8aeeb,2026-03-24,23:17:09.67,2026-03-24T16:17:09.6763392-07:00,2026-03-24T23:17:09.6763392Z,,v3,471428,471258,d6bb620095054923be50e712cd675082,"Libed, Nico",822297,Right,SAN_GAU,8708f7d8-54ec-4644-9e18-665abe934007,54.88892,-127.75664,13.13732,5.05472,1.69308,-14.61456,1.42923,-2.344,0.34274,,,,,,,,,,,,,,,,,,,,,,,,,,,,,,,,,,,,,,,,,,,,,,,,,,,High,High,High,,,,,,,,,,,,,,,,,,,,,,,,,,,,,,,,,,,,
20,2026-03-24,16:17:42.22,3,1,"Tryba, Cole",835221,Left,SAN_GAU,"Sniffen, Makoa",832266,Right,STM_GAE,Undefined,1,Bottom,1,0,0,Cutter,Slider,StrikeSwinging,Undefined,Undefined,Undefined,0,0,,84.1724,0.468269,2.813377,2237.855403,235.401845,1:45,4.95145,-1.44161,5.35097,-37.79734,2.69508,1.9952,2.24142,1.36561,76.80004,-6.44547,3.167304,0.457993,,,,,,,,,,,,-0.17965,1.59756,1.18666,50,4.96667,-6.08036,-122.00683,-0.36651,-0.26942,25.12738,-29.77804,STM_GAE,SAN_GAU,RonaldGallagherStad,D1,WCC,20260324-RonaldGallagherStad-1,a8c54af0-27d7-11f1-b8ea-f9a2eeae71cc,82.29923,,,7.37236,,,,,,,c9e67c30-a63b-4587-9ae4-a41912f8aeeb,2026-03-24,23:17:42.22,2026-03-24T16:17:42.2211072-07:00,2026-03-24T23:17:42.2211072Z,,v3,471428,471258,d6bb620095054923be50e712cd675082,"Libed, Nico",822297,Right,SAN_GAU,005749ac-e3c4-4814-9b0d-c0bdf3cc1e25,55.14964,-123.06283,12.56369,4.95577,0.88494,-14.88902,1.44195,-6.06904,-0.13471,,,,,,,,,,,,,,,,,,,,,,,,,,,,,,,,,,,,,,,,,,,,,,,,,,,High,High,High,,,,,,,,,,,,,,,,,,,,,,,,,,,,,,,,,,,,
21,2026-03-24,16:18:04.08,3,2,"Tryba, Cole",835221,Left,SAN_GAU,"Sniffen, Makoa",832266,Right,STM_GAE,Undefined,1,Bottom,1,0,1,Cutter,Slider,BallCalled,Undefined,Undefined,Undefined,0,0,,83.26913,-0.564437,3.336093,2249.827157,193.359616,12:30,5.03056,-1.35496,5.70262,-37.1123,3.49532,0.53457,1.411,1.80176,76.60679,-7.369634,3.431512,0.458644,,,,,,,,,,,,0.6452,2.26307,1.07445,50,4.95976,-7.06269,-120.8026,-2.43942,0.95428,23.3394,-28.82693,STM_GAE,SAN_GAU,RonaldGallagherStad,D1,WCC,20260324-RonaldGallagherStad-1,b5d568b0-27d7-11f1-b8ea-f9a2eeae71cc,82.18242,,,6.66234,,,,,,,c9e67c30-a63b-4587-9ae4-a41912f8aeeb,2026-03-24,23:18:04.08,2026-03-24T16:18:04.0854016-07:00,2026-03-24T23:18:04.0854016Z,,v3,471428,471258,d6bb620095054923be50e712cd675082,"Libed, Nico",822297,Right,SAN_GAU,9e1b60d2-1d0c-4dd9-aab6-a4c4cc1c2c5e,54.79998,-121.72643,11.6697,5.03374,-1.29837,-14.41346,1.35475,-7.10046,0.47714,,,,,,,,,,,,,,,,,,,,,,,,,,,,,,,,,,,,,,,,,,,,,,,,,,,High,High,High,,,,,,,,,,,,,,,,,,,,,,,,,,,,,,,,,,,,
22,2026-03-24,16:18:43.92,3,3,"Tryba, Cole",835221,Left,SAN_GAU,"Sniffen, Makoa",832266,Right,STM_GAE,Undefined,1,Bottom,1,1,1,Cutter,Slider,FoulBallNotFieldable,Undefined,Undefined,Undefined,0,0,,86.81017,-0.148428,2.971352,2246.757616,170.765371,11:45,5.09933,-1.51169,5.55635,-35.07789,2.47803,-0.21496,2.0373,1.24925,79.68081,-6.573059,2.93307,0.441073,91.59515,-6.292519,-87.107847,,,,,22.30456,3.83977,-77.828665,0.154847,0.93106,1.5987,1.25477,50,5.06309,-6.529,-125.95684,-1.58904,1.49668,25.43601,-29.60416,STM_GAE,SAN_GAU,RonaldGallagherStad,D1,WCC,20260324-RonaldGallagherStad-1,ce4ada60-27d7-11f1-b8ea-f9a2eeae71cc,85.45618,2.28336,,7.12935,,,,3.6578,2.28336,-1.1224,c9e67c30-a63b-4587-9ae4-a41912f8aeeb,2026-03-24,23:18:43.92,2026-03-24T16:18:43.9219712-07:00,2026-03-24T23:18:43.9219712Z,GroundBall,v3,471428,471258,d6bb620095054923be50e712cd675082,"Libed, Nico",822297,Right,SAN_GAU,46f5a77e-ade6-4a45-8690-0734e4df368e,54.94615,-126.95175,12.71801,5.1026,-0.4311,-14.80208,1.51129,-6.58754,0.74834,,3.65755,6.74734,,,,,,,,2.2839,-14.7459,,,,,,,,-1.1175,-133.55648,,,,,,,,,,,,,,,,,,,,,,,,,,,,,,High,High,High,Low,Low,,,,,,,,,,,,,,,,,,,,,,,,,,,,,,,,,,
23,2026-03-24,16:19:48.54,3,4,"Tryba, Cole",835221,Left,SAN_GAU,"Sniffen, Makoa",832266,Right,STM_GAE,Undefined,1,Bottom,1,1,2,ChangeUp,Changeup,BallinDirt,Undefined,Undefined,Undefined,0,0,,77.89461,-0.076705,4.911212,1831.326969,93.249958,9:00,4.39986,-1.90746,5.49644,-44.82518,2.67721,-17.48422,0.59241,1.24086,70.72403,-8.29103,1.807078,0.496054,,,,,,,,,,,,10.47713,1.76299,1.48946,50,4.36256,-9.01899,-112.64315,-1.60324,13.29951,22.75869,-29.93613,STM_GAE,SAN_GAU,RonaldGallagherStad,D1,WCC,20260324-RonaldGallagherStad-1,f4265200-27d7-11f1-b8ea-f9a2eeae71cc,75.98451,,,7.17058,,,,,,,c9e67c30-a63b-4587-9ae4-a41912f8aeeb,2026-03-24,23:19:48.54,2026-03-24T16:19:48.5470208-07:00,2026-03-24T23:19:48.5470208Z,,v3,471428,471258,d6bb620095054923be50e712cd675082,"Libed, Nico",822297,Right,SAN_GAU,801ff7be-9ba2-464c-9472-0ca1c710b77c,55.00639,-113.65015,11.37935,4.40419,-0.27866,-14.96806,1.90154,-9.60745,6.64975,,,,,,,,,,,,,,,,,,,,,,,,,,,,,,,,,,,,,,,,,,,,,,,,,,,High,High,High,,,,,,,,,,,,,,,,,,,,,,,,,,,,,,,,,,,,
24,2026-03-24,16:20:10.27,3,5,"Tryba, Cole",835221,Left,SAN_GAU,"Sniffen, Makoa",832266,Right,STM_GAE,Undefined,1,Bottom,1,2,2,ChangeUp,Changeup,StrikeSwinging,Strikeout,Undefined,Undefined,0,0,,81.4455,0.989103,4.333485,1998.385959,98.784116,9:15,4.37497,-1.66693,5.49924,-38.934,4.52886,-19.21694,2.0584,0.79283,73.50859,-6.190552,0.920807,0.474494,,,,,,,,,,,,11.03816,2.42099,1.30073,50,4.43562,-8.13702,-117.80276,0.71917,15.31193,25.0624,-28.81567,STM_GAE,SAN_GAU,RonaldGallagherStad,D1,WCC,20260324-RonaldGallagherStad-1,0116d9d0-27d8-11f1-b8ea-f9a2eeae71cc,79.43718,,,7.93691,,,,,,,c9e67c30-a63b-4587-9ae4-a41912f8aeeb,2026-03-24,23:20:10.27,2026-03-24T16:20:10.2720512-07:00,2026-03-24T23:20:10.2720512Z,,v3,471428,471258,d6bb620095054923be50e712cd675082,"Libed, Nico",822297,Right,SAN_GAU,71e1afff-3594-4b23-87ad-1e6cc4223110,55.00127,-118.86201,12.5312,4.37949,1.93705,-14.40784,1.65832,-8.78418,7.65597,,,,,,,,,,,,,,,,,,,,,,,,,,,,,,,,,,,,,,,,,,,,,,,,,,,High,High,High,,,,,,,,,,,,,,,,,,,,,,,,,,,,,,,,,,,,
25,2026-03-24,16:20:43.67,4,1,"Tryba, Cole",835221,Left,SAN_GAU,"Armstrong, Ian",1000321869,Right,STM_GAE,Undefined,1,Bottom,2,0,0,Slider,Curveball,FoulBallNotFieldable,Undefined,Undefined,Undefined,0,0,,76.63039,1.513533,1.36554,2149.996956,276.356752,3:15,4.40503,-1.73085,4.98162,-49.44955,0.04039,13.95686,1.71437,0.72209,70.09124,-7.447886,3.827533,0.506326,,,,,,,,,,,,-6.59075,-0.0572,1.58683,50,4.51041,-3.19838,-111.12024,1.22501,-8.19144,21.02194,-32.24517,STM_GAE,SAN_GAU,RonaldGallagherStad,D1,WCC,20260324-RonaldGallagherStad-1,14fcd850-27d8-11f1-b8ea-f9a2eeae71cc,74.44307,,,6.53916,,,,,,,c9e67c30-a63b-4587-9ae4-a41912f8aeeb,2026-03-24,23:20:43.67,2026-03-24T16:20:43.6719616-07:00,2026-03-24T23:20:43.6719616Z,,v3,471428,471258,d6bb620095054923be50e712cd675082,"Libed, Nico",822297,Right,SAN_GAU,4443a788-280f-4c72-ba86-dd72ace6b1e1,55.52149,-112.15994,10.51097,4.41039,2.81979,-16.12258,1.73499,-2.79324,-4.09572,,,,,,,,,,,,,,,,,,,,,,,,,,,,,,,,,,,,,,,,,,,,,,,,,,,High,High,High,,,,,,,,,,,,,,,,,,,,,,,,,,,,,,,,,,,,
26,2026-03-24,16:21:59.47,4,2,"Tryba, Cole",835221,Left,SAN_GAU,"Armstrong, Ian",1000321869,Right,STM_GAE,Undefined,1,Bottom,2,0,1,Fastball,Sinker,BallCalled,Undefined,Undefined,Undefined,0,0,,92.22205,0.384003,1.265078,1714.923851,114.738152,9:45,5.11906,-1.33049,5.92344,-24.90076,8.27406,-15.44304,3.40043,-1.44326,83.26997,-4.286642,-1.50839,0.414549,,,,,,,,,,,,8.23567,4.46902,1.23761,50,5.13589,-2.25882,-133.81137,0.03656,14.74496,32.25337,-24.17277,STM_GAE,SAN_GAU,RonaldGallagherStad,D1,WCC,20260324-RonaldGallagherStad-1,4227a670-27d8-11f1-b8ea-f9a2eeae71cc,90.92404,,,8.95208,,,,,,,c9e67c30-a63b-4587-9ae4-a41912f8aeeb,2026-03-24,23:21:59.47,2026-03-24T16:21:59.4799104-07:00,2026-03-24T23:21:59.4799104Z,,v3,471428,471258,d6bb620095054923be50e712cd675082,"Libed, Nico",822297,Right,SAN_GAU,60a022fb-cd25-49b0-aeef-ff7e317141fd,54.57505,-134.90961,16.12669,5.12063,0.85966,-12.08638,1.32307,-2.76089,7.37248,,,,,,,,,,,,,,,,,,,,,,,,,,,,,,,,,,,,,,,,,,,,,,,,,,,High,High,High,,,,,,,,,,,,,,,,,,,,,,,,,,,,,,,,,,,,
27,2026-03-24,16:22:21.81,4,3,"Tryba, Cole",835221,Left,SAN_GAU,"Armstrong, Ian",1000321869,Right,STM_GAE,Undefined,1,Bottom,2,1,1,ChangeUp,Changeup,BallCalled,Undefined,Undefined,Undefined,0,0,,81.0368,1.741058,1.352074,1778.807748,77.235716,8:30,4.45475,-1.54765,5.54865,-46.28325,-2.93973,-19.25155,2.2258,-1.88818,73.84636,-6.739039,-2.082928,0.473842,,,,,,,,,,,,10.0691,-1.52965,1.44342,50,4.57513,-1.98802,-117.59693,1.96139,14.00669,23.67997,-34.3019,STM_GAE,SAN_GAU,RonaldGallagherStad,D1,WCC,20260324-RonaldGallagherStad-1,4f6f7600-27d8-11f1-b8ea-f9a2eeae71cc,79.54645,,,7.19044,,,,,,,c9e67c30-a63b-4587-9ae4-a41912f8aeeb,2026-03-24,23:22:21.81,2026-03-24T16:22:21.8179072-07:00,2026-03-24T23:22:21.8179072Z,,v3,471428,471258,d6bb620095054923be50e712cd675082,"Libed, Nico",822297,Right,SAN_GAU,25c875f7-6087-434f-88f1-361d8ae0c734,54.95361,-118.59022,11.83999,4.46268,3.40023,-17.15095,1.53913,-2.57555,7.00334,,,,,,,,,,,,,,,,,,,,,,,,,,,,,,,,,,,,,,,,,,,,,,,,,,,High,High,High,,,,,,,,,,,,,,,,,,,,,,,,,,,,,,,,,,,,
28,2026-03-24,16:22:41.62,4,4,"Tryba, Cole",835221,Left,SAN_GAU,"Armstrong, Ian",1000321869,Right,STM_GAE,Undefined,1,Bottom,2,2,1,Fastball,Sinker,StrikeCalled,Undefined,Undefined,Undefined,0,0,,90.94312,0.536828,3.103238,1776.827856,112.13652,9:45,5.04678,-0.91265,5.69934,-26.74919,7.38587,-15.45517,3.31869,0.6941,82.83729,-4.429398,0.343769,0.420506,,,,,,,,,,,,8.69422,3.93709,0.66156,50,5.07533,-6.45887,-131.90258,0.2773,15.29179,28.48865,-25.24928,STM_GAE,SAN_GAU,RonaldGallagherStad,D1,WCC,20260324-RonaldGallagherStad-1,5b3cda90-27d8-11f1-b8ea-f9a2eeae71cc,89.63601,,,8.10583,,,,,,,c9e67c30-a63b-4587-9ae4-a41912f8aeeb,2026-03-24,23:22:41.62,2026-03-24T16:22:41.6221696-07:00,2026-03-24T23:22:41.6221696Z,,v3,471428,471258,d6bb620095054923be50e712cd675082,"Libed, Nico",822297,Right,SAN_GAU,0c90c0d1-086f-4c2c-91b0-52159eec2f8f,54.80133,-132.93554,14.24432,5.04868,1.1928,-12.62464,0.9058,-7.01333,7.64589,,,,,,,,,,,,,,,,,,,,,,,,,,,,,,,,,,,,,,,,,,,,,,,,,,,High,High,High,,,,,,,,,,,,,,,,,,,,,,,,,,,,,,,,,,,,
29,2026-03-24,16:23:21.51,4,5,"Tryba, Cole",835221,Left,SAN_GAU,"Armstrong, Ian",1000321869,Right,STM_GAE,Undefined,1,Bottom,2,2,2,Cutter,Slider,InPlay,Undefined,FlyBall,HomeRun,0,2,,83.98521,1.542153,0.978087,2103.384424,161.842833,11:30,5.07,-1.46006,5.45044,-35.93281,4.39193,-1.0226,3.51996,-0.62948,76.66054,-5.065988,0.796104,0.457043,97.00497,36.9738,27.673689,3540.613162,92.39348,73.26919,59.69441,354.40379,224.73433,43.915986,5.141373,0.79374,2.13386,1.37443,50,5.18142,-2.03839,-121.88813,2.01766,1.19213,24.32384,-28.96913,STM_GAE,SAN_GAU,RonaldGallagherStad,D1,WCC,20260324-RonaldGallagherStad-1,730a9a90-27d8-11f1-b8ea-f9a2eeae71cc,82.47017,97.21274,,7.32466,,,,1.05277,3.45332,0.5929,c9e67c30-a63b-4587-9ae4-a41912f8aeeb,2026-03-24,23:23:21.51,2026-03-24T16:23:21.5139328-07:00,2026-03-24T23:23:21.5139328Z,FlyBall,v3,471428,471258,d6bb620095054923be50e712cd675082,"Libed, Nico",822297,Right,SAN_GAU,11544d55-cda1-422b-af81-e6d0f307d9cd,55.0508,-122.89193,12.16192,5.07349,3.21317,-14.48456,1.45957,-2.08759,0.59607,225.304447,1.04886,100.74812,-22.98174,6.221,-1.89903,0.56854,-0.12655,0.01606,-0.00083,3.45497,85.5346,-23.18513,2.08836,-0.17801,-0.04371,0.01773,-0.00204,7E-05,0.5958,52.73527,0.43676,-1.29981,0.59966,-0.17698,0.03104,-0.0027,8E-05,,,,,,,,,,,,,,,,,,,,,,,High,High,High,High,Low,,,,,,,,,,,,,,,,,,,,,,,,,,,,,,,,,,
30,2026-03-24,16:24:15.31,5,1,"Tryba, Cole",835221,Left,SAN_GAU,"Petit, Brady",832259,Right,STM_GAE,Undefined,1,Bottom,2,0,0,ChangeUp,Changeup,BallCalled,Undefined,Undefined,Undefined,0,0,,81.66279,1.419891,1.220964,1936.278225,85.658971,8:45,4.4217,-1.67104,5.41716,-42.80719,-0.18248,-19.80863,2.18517,-2.17778,74.83622,-6.404253,-2.304852,0.469896,,,,,,,,,,,,10.25367,-0.05276,1.57657,50,4.51819,-1.70448,-118.5729,1.42233,14.59626,22.69467,-32.24912,STM_GAE,SAN_GAU,RonaldGallagherStad,D1,WCC,20260324-RonaldGallagherStad-1,93350260-27d8-11f1-b8ea-f9a2eeae71cc,80.21436,,,6.82657,,,,,,,c9e67c30-a63b-4587-9ae4-a41912f8aeeb,2026-03-24,23:24:15.31,2026-03-24T16:24:15.3119744-07:00,2026-03-24T23:24:15.3119744Z,,v3,471428,471258,d6bb620095054923be50e712cd675082,"Libed, Nico",822297,Right,SAN_GAU,6c5953a1-150a-4b89-b786-cfd2642e8d96,55.08547,-119.54229,11.34734,4.42802,2.79983,-16.12456,1.66269,-2.32795,7.29813,,,,,,,,,,,,,,,,,,,,,,,,,,,,,,,,,,,,,,,,,,,,,,,,,,,High,High,High,,,,,,,,,,,,,,,,,,,,,,,,,,,,,,,,,,,,
31,2026-03-24,16:24:30.84,5,2,"Tryba, Cole",835221,Left,SAN_GAU,"Petit, Brady",832259,Right,STM_GAE,Undefined,1,Bottom,2,1,0,Fastball,Sinker,BallCalled,Undefined,Undefined,Undefined,0,0,,91.62369,1.802631,0.851247,1805.921317,94.215788,9:15,4.59514,-1.37441,5.6781,-31.17242,2.19087,-16.45946,3.67869,-1.9524,84.08401,-3.937775,-2.090513,0.415725,,,,,,,,,,,,8.55859,0.95252,1.31305,50,4.72758,-1.24076,-133.12799,3.01425,15.44134,27.15642,-30.4555,STM_GAE,SAN_GAU,RonaldGallagherStad,D1,WCC,20260324-RonaldGallagherStad-1,9c5d1080-27d8-11f1-b8ea-f9a2eeae71cc,90.66684,,,7.53968,,,,,,,c9e67c30-a63b-4587-9ae4-a41912f8aeeb,2026-03-24,23:24:30.84,2026-03-24T16:24:30.8438016-07:00,2026-03-24T23:24:30.8438016Z,,v3,471428,471258,d6bb620095054923be50e712cd675082,"Libed, Nico",822297,Right,SAN_GAU,83f84444-4da0-4997-b8ad-a5efd82f4eda,54.82442,-134.1085,13.57821,4.5989,4.11387,-15.22775,1.36792,-1.79829,7.72067,,,,,,,,,,,,,,,,,,,,,,,,,,,,,,,,,,,,,,,,,,,,,,,,,,,High,High,High,,,,,,,,,,,,,,,,,,,,,,,,,,,,,,,,,,,,
32,2026-03-24,16:24:48.48,5,3,"Tryba, Cole",835221,Left,SAN_GAU,"Petit, Brady",832259,Right,STM_GAE,Undefined,1,Bottom,2,2,0,ChangeUp,Changeup,BallCalled,Undefined,Undefined,Undefined,0,0,,81.6152,0.0517,5.360462,2015.545656,90.634928,9:00,4.50957,-1.55322,5.60137,-40.86089,1.52532,-22.36533,1.15298,1.60214,75.18615,-7.414338,1.385984,0.46858,,,,,,,,,,,,12.8304,1.07764,1.10817,50,4.48699,-10.22316,-118.20236,-1.27272,18.2775,21.07588,-30.63893,STM_GAE,SAN_GAU,RonaldGallagherStad,D1,WCC,20260324-RonaldGallagherStad-1,a6ddd0d0-27d8-11f1-b8ea-f9a2eeae71cc,80.43973,,,6.42905,,,,,,,c9e67c30-a63b-4587-9ae4-a41912f8aeeb,2026-03-24,23:24:48.48,2026-03-24T16:24:48.4813824-07:00,2026-03-24T23:24:48.4813824Z,,v3,471428,471258,d6bb620095054923be50e712cd675082,"Libed, Nico",822297,Right,SAN_GAU,52ecef4f-0b0e-4f23-a277-bfbc073cbe52,54.90394,-119.07354,10.53794,4.51343,-0.00626,-15.31947,1.54636,-10.97866,9.13875,,,,,,,,,,,,,,,,,,,,,,,,,,,,,,,,,,,,,,,,,,,,,,,,,,,High,High,High,,,,,,,,,,,,,,,,,,,,,,,,,,,,,,,,,,,,
33,2026-03-24,16:25:08.14,5,4,"Tryba, Cole",835221,Left,SAN_GAU,"Petit, Brady",832259,Right,STM_GAE,Undefined,1,Bottom,2,3,0,Fastball,Sinker,StrikeCalled,Undefined,Undefined,Undefined,0,0,,92.92966,-0.694083,2.693347,1778.55677,104.024429,9:30,5.05454,-1.24913,5.94566,-26.93096,5.00059,-16.45273,2.16573,-0.12005,85.96578,-5.670056,-0.261612,0.406707,,,,,,,,,,,,9.12032,3.01339,1.04379,50,4.98389,-5.64857,-135.09425,-2.60643,17.05509,26.15418,-26.53896,STM_GAE,SAN_GAU,RonaldGallagherStad,D1,WCC,20260324-RonaldGallagherStad-1,b2947910-27d8-11f1-b8ea-f9a2eeae71cc,92.67715,,,6.96388,,,,,,,c9e67c30-a63b-4587-9ae4-a41912f8aeeb,2026-03-24,23:25:08.14,2026-03-24T16:25:08.1455104-07:00,2026-03-24T23:25:08.1455104Z,,v3,471428,471258,d6bb620095054923be50e712cd675082,"Libed, Nico",822297,Right,SAN_GAU,ab83f880-c873-4968-b3b1-50b357854974,54.55805,-135.97382,13.07709,5.05654,-1.71392,-13.26948,1.24339,-6.22214,8.52754,,,,,,,,,,,,,,,,,,,,,,,,,,,,,,,,,,,,,,,,,,,,,,,,,,,High,High,High,,,,,,,,,,,,,,,,,,,,,,,,,,,,,,,,,,,,
34,2026-03-24,16:25:23.75,5,5,"Tryba, Cole",835221,Left,SAN_GAU,"Petit, Brady",832259,Right,STM_GAE,Undefined,1,Bottom,2,3,1,Fastball,Sinker,InPlay,Undefined,GroundBall,Out,1,0,,93.89169,-0.625607,2.355664,1792.37369,108.269954,9:30,5.30264,-0.87504,6.20432,-25.31415,5.60866,-14.42083,2.61514,0.09889,86.94303,-5.329507,-0.247391,0.400231,98.42871,-17.719039,1.080053,,,,,8.74208,8.44581,0.231015,0.058003,8.10705,3.31008,0.70532,50,5.24265,-5.02737,-136.59651,-2.36238,15.51026,26.53767,-25.84127,STM_GAE,SAN_GAU,RonaldGallagherStad,D1,WCC,20260324-RonaldGallagherStad-1,bbdb59d0-27d8-11f1-b8ea-f9a2eeae71cc,94.17672,2.55294,,6.94867,,,,0.75318,2.55294,-0.11536,c9e67c30-a63b-4587-9ae4-a41912f8aeeb,2026-03-24,23:25:23.75,2026-03-24T16:25:23.7584896-07:00,2026-03-24T23:25:23.7584896Z,GroundBall,v3,471428,471258,d6bb620095054923be50e712cd675082,"Libed, Nico",822297,Right,SAN_GAU,47807f85-1857-4151-89c0-c40a7552696f,54.29997,-137.42936,13.26884,5.30407,-1.55138,-12.92064,0.87073,-5.51414,7.75513,180,0.75093,137.73067,,,,,,,,2.55366,-44.01372,,,,,,,,-0.11541,2.5966,,,,,,,,,,,,,,,,,,,,,,,,,,,,,,High,High,High,High,High,,,,,,,,,,,,,,,,,,,,,,,,,,,,,,,,,,
35,2026-03-24,16:28:17.90,1,1,"Roberts, David",1000071965,Left,STM_GAE,"Husovsky, Nick",1000271465,Right,SAN_GAU,Undefined,2,Top,0,0,0,ChangeUp,Changeup,StrikeCalled,Undefined,Undefined,Undefined,0,0,,82.7769,-1.003711,2.922936,963.109025,121.730687,10:00,5.71542,-2.09995,5.69869,-34.1397,6.60252,-8.78898,1.93378,-0.10614,76.65917,-7.268735,1.35207,0.459403,,,,,,,,,,,,5.22362,3.95918,1.86002,50,5.60953,-5.79363,-120.21145,-3.24307,7.71982,21.13345,-26.32294,STM_GAE,SAN_GAU,RonaldGallagherStad,D1,WCC,20260324-RonaldGallagherStad-1,23b29a50-27d9-11f1-b8ea-f9a2eeae71cc,82.04655,,,6.11773,,,,,,,c9e67c30-a63b-4587-9ae4-a41912f8aeeb,2026-03-24,23:28:17.90,2026-03-24T16:28:17.9007488-07:00,2026-03-24T23:28:17.9007488Z,,v3,471428,471258,d6bb620095054923be50e712cd675082,"Armstrong, Ian",1000321869,Right,STM_GAE,f6887aee-5236-464f-842e-724ea7d208e6,54.80401,-121.05306,10.56673,5.71781,-2.1948,-13.16147,2.09686,-6.10106,3.85991,,,,,,,,,,,,,,,,,,,,,,,,,,,,,,,,,,,,,,,,,,,,,,,,,,,High,High,High,,,,,,,,,,,,,,,,,,,,,,,,,,,,,,,,,,,,
36,2026-03-24,16:28:32.73,1,2,"Roberts, David",1000071965,Left,STM_GAE,"Husovsky, Nick",1000271465,Right,SAN_GAU,Undefined,2,Top,0,0,1,Fastball,Four-Seam,BallCalled,Undefined,Undefined,Undefined,0,0,,92.55762,-1.170772,4.843581,2283.041578,140.798913,10:45,5.80405,-2.19531,6.33826,-19.19812,13.08485,-9.81997,3.12222,1.45664,84.39903,-4.811204,3.076095,0.408938,,,,,,,,,,,,6.44115,7.44878,1.84611,50,5.70929,-10.94634,-134.05329,-3.32145,11.70788,29.27564,-18.63456,STM_GAE,SAN_GAU,RonaldGallagherStad,D1,WCC,20260324-RonaldGallagherStad-1,2c9a6b20-27d9-11f1-b8ea-f9a2eeae71cc,92.17141,,,8.15859,,,,,,,c9e67c30-a63b-4587-9ae4-a41912f8aeeb,2026-03-24,23:28:32.73,2026-03-24T16:28:32.7392768-07:00,2026-03-24T23:28:32.7392768Z,,v3,471428,471258,d6bb620095054923be50e712cd675082,"Armstrong, Ian",1000321869,Right,STM_GAE,40c144b0-5b32-4240-a0f2-aa395113d22e,54.16147,-134.95904,14.63782,5.80313,-2.74492,-9.31728,2.19038,-11.30856,5.85394,,,,,,,,,,,,,,,,,,,,,,,,,,,,,,,,,,,,,,,,,,,,,,,,,,,High,High,High,,,,,,,,,,,,,,,,,,,,,,,,,,,,,,,,,,,,
37,2026-03-24,16:28:47.89,1,3,"Roberts, David",1000071965,Left,STM_GAE,"Husovsky, Nick",1000271465,Right,SAN_GAU,Undefined,2,Top,0,1,1,ChangeUp,Splitter,StrikeSwinging,Undefined,Undefined,Undefined,0,0,,83.85695,-1.732688,3.550101,1198.734375,90.772106,9:00,5.65094,-2.09727,6.02578,-38.2586,1.50803,-15.76135,0.85436,-0.11846,76.8886,-8.779658,0.713792,0.453869,,,,,,,,,,,,9.20359,1.62799,1.82789,50,5.49413,-6.94344,-121.61326,-4.92873,13.72339,24.82075,-29.74656,STM_GAE,SAN_GAU,RonaldGallagherStad,D1,WCC,20260324-RonaldGallagherStad-1,359093d0-27d9-11f1-b8ea-f9a2eeae71cc,83.04691,,,6.96835,,,,,,,c9e67c30-a63b-4587-9ae4-a41912f8aeeb,2026-03-24,23:28:47.89,2026-03-24T16:28:47.8923264-07:00,2026-03-24T23:28:47.8923264Z,,v3,471428,471258,d6bb620095054923be50e712cd675082,"Armstrong, Ian",1000321869,Right,STM_GAE,f218c976-a208-431e-9367-5f349b587855,54.47728,-122.52364,12.41038,5.6549,-3.83768,-14.87328,2.09179,-7.44679,6.86169,,,,,,,,,,,,,,,,,,,,,,,,,,,,,,,,,,,,,,,,,,,,,,,,,,,High,High,High,,,,,,,,,,,,,,,,,,,,,,,,,,,,,,,,,,,,
38,2026-03-24,16:29:03.91,1,4,"Roberts, David",1000071965,Left,STM_GAE,"Husovsky, Nick",1000271465,Right,SAN_GAU,Undefined,2,Top,0,1,2,ChangeUp,Changeup,BallinDirt,Undefined,Undefined,Undefined,0,0,,83.14418,-2.462856,3.4189,1136.78742,74.111984,8:30,5.61737,-2.21202,5.98064,-43.59329,-3.22272,-15.69481,-0.30388,-0.34693,76.87646,-10.418073,0.591847,0.457303,,,,,,,,,,,,9.17146,-0.74016,1.95073,50,5.39745,-6.63036,-120.62155,-6.61869,13.50571,23.56802,-33.26398,STM_GAE,SAN_GAU,RonaldGallagherStad,D1,WCC,20260324-RonaldGallagherStad-1,3f15dd20-27d9-11f1-b8ea-f9a2eeae71cc,82.42338,,,6.26772,,,,,,,c9e67c30-a63b-4587-9ae4-a41912f8aeeb,2026-03-24,23:29:03.91,2026-03-24T16:29:03.9139328-07:00,2026-03-24T23:29:03.9139328Z,,v3,471428,471258,d6bb620095054923be50e712cd675082,"Armstrong, Ian",1000321869,Right,STM_GAE,a55ec6a2-691e-4d25-84cc-521176acc6e0,54.52469,-121.50241,11.78401,5.62159,-5.37545,-16.63199,2.20797,-7.13514,6.75285,,,,,,,,,,,,,,,,,,,,,,,,,,,,,,,,,,,,,,,,,,,,,,,,,,,High,High,High,,,,,,,,,,,,,,,,,,,,,,,,,,,,,,,,,,,,
39,2026-03-24,16:29:22.49,1,5,"Roberts, David",1000071965,Left,STM_GAE,"Husovsky, Nick",1000271465,Right,SAN_GAU,Undefined,2,Top,0,2,2,Fastball,Four-Seam,BallCalled,Undefined,Undefined,Undefined,0,0,,93.24154,-2.292537,5.366522,2173.468722,135.713565,10:30,5.82624,-2.40511,6.11836,-19.84816,12.28973,-10.97064,2.04216,1.65694,85.17082,-6.023678,3.402044,0.408019,,,,,,,,,,,,7.17426,7.30256,1.99835,50,5.63929,-12.20106,-134.84816,-6.0567,13.20494,29.43014,-18.73294,STM_GAE,SAN_GAU,RonaldGallagherStad,D1,WCC,20260324-RonaldGallagherStad-1,4a31a4f0-27d9-11f1-b8ea-f9a2eeae71cc,92.37921,,,8.07072,,,,,,,c9e67c30-a63b-4587-9ae4-a41912f8aeeb,2026-03-24,23:29:22.49,2026-03-24T16:29:22.4926208-07:00,2026-03-24T23:29:22.4926208Z,,v3,471428,471258,d6bb620095054923be50e712cd675082,"Armstrong, Ian",1000321869,Right,STM_GAE,f9cf928c-7672-47ba-aea2-79e27214fcab,54.38292,-135.80135,14.71507,5.82563,-5.44997,-9.36647,2.40045,-12.62874,6.60247,,,,,,,,,,,,,,,,,,,,,,,,,,,,,,,,,,,,,,,,,,,,,,,,,,,High,High,High,,,,,,,,,,,,,,,,,,,,,,,,,,,,,,,,,,,,
40,2026-03-24,16:29:39.05,1,6,"Roberts, David",1000071965,Left,STM_GAE,"Husovsky, Nick",1000271465,Right,SAN_GAU,Undefined,2,Top,0,3,2,ChangeUp,Changeup,StrikeSwinging,Strikeout,Undefined,Undefined,0,0,,83.72897,-1.542093,3.721432,996.424357,99.395921,9:15,5.71478,-1.98348,6.03516,-36.04636,3.34024,-13.34375,1.27955,0.35552,77.62737,-8.170237,1.322095,0.451695,,,,,,,,,,,,7.86449,2.42839,1.6999,50,5.57428,-7.40551,-121.55641,-4.43974,11.87603,21.76042,-28.50699,STM_GAE,SAN_GAU,RonaldGallagherStad,D1,WCC,20260324-RonaldGallagherStad-1,541513d0-27d9-11f1-b8ea-f9a2eeae71cc,83.44658,,,6.1016,,,,,,,c9e67c30-a63b-4587-9ae4-a41912f8aeeb,2026-03-24,23:29:39.05,2026-03-24T16:29:39.0511104-07:00,2026-03-24T23:29:39.0511104Z,,v3,471428,471258,d6bb620095054923be50e712cd675082,"Armstrong, Ian",1000321869,Right,STM_GAE,027c689f-3f22-4980-9a4e-1ac2fa3da5c1,54.46882,-122.35378,10.88021,5.71782,-3.39516,-14.25349,1.97924,-7.84068,5.93802,,,,,,,,,,,,,,,,,,,,,,,,,,,,,,,,,,,,,,,,,,,,,,,,,,,High,High,High,,,,,,,,,,,,,,,,,,,,,,,,,,,,,,,,,,,,
41,2026-03-24,16:30:06.61,2,1,"Roberts, David",1000071965,Left,STM_GAE,"Karliner, Noah",809626,Right,SAN_GAU,Undefined,2,Top,1,0,0,Fastball,Four-Seam,InPlay,Undefined,GroundBall,Out,1,0,,91.98658,-1.601792,3.53559,2258.021898,137.660191,10:30,5.7911,-2.22417,6.28695,-18.94651,13.50698,-11.40788,2.73278,0.08781,84.4568,-5.18361,1.477729,0.410017,43.30392,16.160915,26.943463,3827.461764,,,,59.8716,59.09571,28.76139,1.035008,6.9337,7.76433,1.96895,50,5.66354,-7.79749,-133.54093,-4.31445,12.5745,27.60398,-18.09322,STM_GAE,SAN_GAU,RonaldGallagherStad,D1,WCC,20260324-RonaldGallagherStad-1,64812dd0-27d9-11f1-b8ea-f9a2eeae71cc,91.92888,6.74145,,7.52978,,,,3.93079,2.97543,-0.02004,c9e67c30-a63b-4587-9ae4-a41912f8aeeb,2026-03-24,23:30:06.61,2026-03-24T16:30:06.6191872-07:00,2026-03-24T23:30:06.6191872Z,GroundBall,v3,471428,471258,d6bb620095054923be50e712cd675082,"Armstrong, Ian",1000321869,Right,STM_GAE,88531d14-661b-46d0-a357-6f863b0b424e,54.2162,-134.40963,13.80199,5.79035,-3.74506,-9.04661,2.22056,-8.19321,6.28725,301.64854,3.93079,54.38097,-7.56982,0.45789,-0.09997,-0.01622,0.00378,0.00048,-5E-05,2.97543,17.67776,-21.48926,1.8819,-0.36278,0.07181,-0.00732,0.00159,-0.00032,-0.02004,27.64093,0.9205,-0.85671,0.21268,-0.05809,0.0079,-0.0015,0.0003,,,,,,,,,,,,,,,,,,,,,,,High,High,High,High,High,,,,,,,,,,,,,,,,,,,,,,,,,,,,,,,,,,
42,2026-03-24,16:30:55.59,3,1,"Roberts, David",1000071965,Left,STM_GAE,"Mendez, Jonathan",806162,Right,SAN_GAU,Undefined,2,Top,2,0,0,Fastball,Four-Seam,HitByPitch,Undefined,Undefined,Undefined,0,0,,92.26243,-1.614073,5.698855,2189.795429,158.088251,11:15,5.78665,-2.09991,6.45641,-17.87977,14.46851,-5.41197,2.80612,2.70178,84.44851,-5.009556,4.725646,0.409352,,,,,,,,,,,,4.50532,8.37993,1.6981,50,5.66387,-13.12707,-133.55534,-4.29711,8.13434,28.86491,-17.04414,STM_GAE,SAN_GAU,RonaldGallagherStad,D1,WCC,20260324-RonaldGallagherStad-1,81acd490-27d9-11f1-b8ea-f9a2eeae71cc,92.07832,,,7.81392,,,,,,,c9e67c30-a63b-4587-9ae4-a41912f8aeeb,2026-03-24,23:30:55.59,2026-03-24T16:30:55.5928576-07:00,2026-03-24T23:30:55.5928576Z,,v3,471428,471258,d6bb620095054923be50e712cd675082,"Armstrong, Ian",1000321869,Right,STM_GAE,20b14b22-8de7-43d8-92f1-8158409fe411,54.04813,-134.4274,14.43245,5.78591,-3.78217,-8.52207,2.09841,-13.37282,4.06717,,,,,,,,,,,,,,,,,,,,,,,,,,,,,,,,,,,,,,,,,,,,,,,,,,,High,High,High,,,,,,,,,,,,,,,,,,,,,,,,,,,,,,,,,,,,
43,2026-03-24,16:31:33.12,4,1,"Roberts, David",1000071965,Left,STM_GAE,"Beazizo, Colin",10137627,Left,SAN_GAU,Undefined,2,Top,2,0,0,Fastball,Sinker,FoulBallNotFieldable,Undefined,Undefined,Undefined,0,0,,88.38091,-1.720376,2.065846,1986.892883,139.864672,10:45,5.85666,-2.40294,5.88222,-24.98387,10.59217,-8.03953,2.17546,-1.15354,81.47399,-6.358538,0.62315,0.429289,,,,,,,,,,,,4.70429,6.19209,2.24093,50,5.70304,-4.30793,-128.39539,-4.68484,7.90071,25.07065,-21.77463,STM_GAE,SAN_GAU,RonaldGallagherStad,D1,WCC,20260324-RonaldGallagherStad-1,980580c0-27d9-11f1-b8ea-f9a2eeae71cc,87.80196,,,6.90693,,,,,,,c9e67c30-a63b-4587-9ae4-a41912f8aeeb,2026-03-24,23:31:33.12,2026-03-24T16:31:33.1295232-07:00,2026-03-24T23:31:33.1295232Z,,v3,471428,471258,d6bb620095054923be50e712cd675082,"Armstrong, Ian",1000321869,Right,STM_GAE,71b89733-f211-4750-88d9-2231cc6be965,54.62085,-129.29452,12.53533,5.85705,-3.90392,-10.88732,2.40051,-4.59128,3.95035,,,,,,,,,,,,,,,,,,,,,,,,,,,,,,,,,,,,,,,,,,,,,,,,,,,High,High,High,,,,,,,,,,,,,,,,,,,,,,,,,,,,,,,,,,,,
44,2026-03-24,16:32:28.39,4,2,"Roberts, David",1000071965,Left,STM_GAE,"Beazizo, Colin",10137627,Left,SAN_GAU,Undefined,2,Top,2,0,1,Fastball,Four-Seam,StrikeCalled,Undefined,Undefined,Undefined,0,0,,91.26974,-2.804549,3.5678,2058.788133,142.33808,10:45,5.82132,-2.20697,6.17304,-22.54446,10.39056,-7.30331,1.34519,0.48396,84.62651,-6.994589,2.252766,0.413048,,,,,,,,,,,,4.65555,6.35937,1.94029,50,5.59685,-7.96042,-132.43179,-7.2306,8.3723,24.93695,-20.73772,STM_GAE,SAN_GAU,RonaldGallagherStad,D1,WCC,20260324-RonaldGallagherStad-1,b8f9a130-27d9-11f1-b8ea-f9a2eeae71cc,91.25444,,,6.64324,,,,,,,c9e67c30-a63b-4587-9ae4-a41912f8aeeb,2026-03-24,23:32:28.39,2026-03-24T16:32:28.3935744-07:00,2026-03-24T23:32:28.3935744Z,,v3,471428,471258,d6bb620095054923be50e712cd675082,"Armstrong, Ian",1000321869,Right,STM_GAE,e8db6107-5e88-44c4-a0c7-654bd0e755d7,54.32945,-133.24453,12.46847,5.82149,-6.55472,-10.36886,2.20419,-8.23329,4.18615,,,,,,,,,,,,,,,,,,,,,,,,,,,,,,,,,,,,,,,,,,,,,,,,,,,High,High,High,,,,,,,,,,,,,,,,,,,,,,,,,,,,,,,,,,,,
45,2026-03-24,16:32:50.93,4,3,"Roberts, David",1000071965,Left,STM_GAE,"Beazizo, Colin",10137627,Left,SAN_GAU,Undefined,2,Top,2,0,2,Slider,Slider,InPlay,Undefined,LineDrive,Single,0,0,,78.8528,-0.363391,2.472488,1909.929717,316.99622,4:30,5.70747,-1.95674,6.01269,-48.12869,-3.73185,4.64209,1.35978,0.72207,73.34832,-9.163867,3.308093,0.479565,86.7634,8.478447,4.352087,1450.760379,,,,126.46966,126.46966,3.163596,1.135841,-1.78051,-1.55079,1.75995,50,5.65203,-5.11273,-114.65023,-2.21846,-2.38574,19.87212,-34.25198,STM_GAE,SAN_GAU,RonaldGallagherStad,D1,WCC,20260324-RonaldGallagherStad-1,c6680b90-27d9-11f1-b8ea-f9a2eeae71cc,78.59718,6.27625,,5.50448,,,,2.90875,1.55351,-0.60736,c9e67c30-a63b-4587-9ae4-a41912f8aeeb,2026-03-24,23:32:50.93,2026-03-24T16:32:50.9300224-07:00,2026-03-24T23:32:50.9300224Z,LineDrive,v3,471428,471258,d6bb620095054923be50e712cd675082,"Armstrong, Ian",1000321869,Right,STM_GAE,e7c09138-bda2-4d0a-b6b0-094e6f1412ad,54.49225,-115.42624,9.93606,5.71254,-0.88092,-17.12599,1.95778,-5.01957,-1.19287,65.312215,2.90875,125.49917,-17.81927,3.25011,-0.70786,0.14935,-0.03236,0.00608,-0.00065,1.55351,18.76181,-19.54111,1.979,-0.42165,0.09685,-0.01977,0.0037,-0.00041,-0.60736,9.55107,-3.07919,0.60744,-0.13345,0.02834,-0.00611,0.00114,-0.00012,,,,,,,,,,,,,,,,,,,,,,,High,High,High,High,High,,,,,,,,,,,,,,,,,,,,,,,,,,,,,,,,,,
46,2026-03-24,16:33:35.05,5,1,"Roberts, David",1000071965,Left,STM_GAE,"Vasseur, Will",1000216679,Right,SAN_GAU,Undefined,2,Top,2,0,0,Fastball,Sinker,StrikeCalled,Undefined,Undefined,Undefined,0,0,,91.45591,-2.285044,3.335261,2055.224878,134.024605,10:30,5.82862,-2.39325,6.22667,-19.51458,13.51922,-12.90501,2.08935,-0.38781,83.75765,-5.969371,1.00838,0.413667,,,,,,,,,,,,7.60028,7.95587,2.14987,50,5.64764,-7.19757,-132.66429,-5.89488,13.56316,28.02335,-17.97631,STM_GAE,SAN_GAU,RonaldGallagherStad,D1,WCC,20260324-RonaldGallagherStad-1,e0b57190-27d9-11f1-b8ea-f9a2eeae71cc,91.11786,,,7.69825,,,,,,,c9e67c30-a63b-4587-9ae4-a41912f8aeeb,2026-03-24,23:33:35.05,2026-03-24T16:33:35.0593536-07:00,2026-03-24T23:33:35.0593536Z,,v3,471428,471258,d6bb620095054923be50e712cd675082,"Armstrong, Ian",1000321869,Right,STM_GAE,b962424e-abc9-4108-806c-738df8caa8f7,54.27456,-133.56417,14.01168,5.82767,-5.31762,-8.98816,2.38799,-7.6331,6.78158,,,,,,,,,,,,,,,,,,,,,,,,,,,,,,,,,,,,,,,,,,,,,,,,,,,High,High,High,,,,,,,,,,,,,,,,,,,,,,,,,,,,,,,,,,,,
47,2026-03-24,16:33:54.52,5,2,"Roberts, David",1000071965,Left,STM_GAE,"Vasseur, Will",1000216679,Right,SAN_GAU,Undefined,2,Top,2,0,1,ChangeUp,Changeup,BallCalled,Undefined,Undefined,Undefined,0,0,,81.34689,-1.14383,1.855797,1092.860151,104.85754,9:30,5.75587,-2.12142,6.11514,-37.28384,4.03189,-10.95422,1.59057,-1.31776,75.76383,-8.009212,-0.12117,0.462625,,,,,,,,,,,,6.1517,2.68776,1.98488,50,5.64829,-3.44078,-118.34837,-3.51416,8.83825,19.83702,-28.31249,STM_GAE,SAN_GAU,RonaldGallagherStad,D1,WCC,20260324-RonaldGallagherStad-1,ec690c90-27d9-11f1-b8ea-f9a2eeae71cc,81.47511,,,5.58306,,,,,,,c9e67c30-a63b-4587-9ae4-a41912f8aeeb,2026-03-24,23:33:54.52,2026-03-24T16:33:54.5206784-07:00,2026-03-24T23:33:54.5206784Z,,v3,471428,471258,d6bb620095054923be50e712cd675082,"Armstrong, Ian",1000321869,Right,STM_GAE,54c2074c-606b-4254-877b-758890d377a9,54.38884,-119.08174,9.91851,5.75886,-2.46746,-14.15624,2.11812,-3.76752,4.41912,,,,,,,,,,,,,,,,,,,,,,,,,,,,,,,,,,,,,,,,,,,,,,,,,,,High,High,High,,,,,,,,,,,,,,,,,,,,,,,,,,,,,,,,,,,,
48,2026-03-24,16:34:16.99,5,3,"Roberts, David",1000071965,Left,STM_GAE,"Vasseur, Will",1000216679,Right,SAN_GAU,Undefined,2,Top,2,1,1,ChangeUp,Changeup,InPlay,Undefined,GroundBall,Out,1,0,,80.67811,-0.557526,2.56,907.533956,88.773532,9:00,5.74719,-1.84922,6.03028,-41.12187,0.93642,-7.9863,1.80351,-0.14234,75.32897,-8.098347,1.122146,0.466764,67.63783,-31.642712,-34.532384,,,,,6.23487,6.00951,-15.911932,0.039386,4.77622,0.87303,1.65355,50,5.68059,-4.96601,-117.3712,-2.42499,6.76536,19.00655,-30.93745,STM_GAE,SAN_GAU,RonaldGallagherStad,D1,WCC,20260324-RonaldGallagherStad-1,f9bdfb80-27d9-11f1-b8ea-f9a2eeae71cc,80.7527,2.05636,,5.34914,,,,3.24693,2.05636,0.1823,c9e67c30-a63b-4587-9ae4-a41912f8aeeb,2026-03-24,23:34:16.99,2026-03-24T16:34:16.9982464-07:00,2026-03-24T23:34:16.9982464Z,GroundBall,v3,471428,471258,d6bb620095054923be50e712cd675082,"Armstrong, Ian",1000321869,Right,STM_GAE,dd444dcd-0121-4bdd-9ad4-5e10244583c7,54.47494,-118.09363,9.50327,5.75042,-1.24908,-15.46872,1.84719,-5.22316,3.38268,,3.24552,69.79712,,,,,,,,2.05742,-52.2104,,,,,,,,0.18328,-48.02834,,,,,,,,,,,,,,,,,,,,,,,,,,,,,,High,High,High,Low,Low,,,,,,,,,,,,,,,,,,,,,,,,,,,,,,,,,,
49,2026-03-24,16:36:39.87,1,1,"Tryba, Cole",835221,Left,SAN_GAU,"Castellanos, Diego",1000151796,Left,STM_GAE,Undefined,2,Bottom,0,0,0,Fastball,Sinker,BallCalled,Undefined,Undefined,Undefined,0,0,,91.89357,-1.089023,4.07363,1952.873999,115.490183,9:45,4.93844,-1.20232,5.99193,-23.94395,8.72886,-16.3754,1.93116,1.21477,84.95329,-5.535,1.137091,0.4114,,,,,,,,,,,,9.39229,5.04335,0.88957,50,4.83902,-8.80242,-133.38666,-3.36232,17.14116,25.19948,-22.96976,STM_GAE,SAN_GAU,RonaldGallagherStad,D1,WCC,20260324-RonaldGallagherStad-1,4ee1a300-27da-11f1-b8ea-f9a2eeae71cc,91.61984,,,6.94029,,,,,,,c9e67c30-a63b-4587-9ae4-a41912f8aeeb,2026-03-24,23:36:39.87,2026-03-24T16:36:39.8703104-07:00,2026-03-24T23:36:39.8703104Z,,v3,471428,471258,d6bb620095054923be50e712cd675082,"Libed, Nico",822297,Right,SAN_GAU,a6ebdf74-c62e-4b38-a23a-28577fcdc37d,54.51116,-134.23621,12.59974,4.93932,-2.58794,-11.48488,1.19606,-9.3803,8.57058,,,,,,,,,,,,,,,,,,,,,,,,,,,,,,,,,,,,,,,,,,,,,,,,,,,High,High,High,,,,,,,,,,,,,,,,,,,,,,,,,,,,,,,,,,,,
50,2026-03-24,16:36:55.60,1,2,"Tryba, Cole",835221,Left,SAN_GAU,"Castellanos, Diego",1000151796,Left,STM_GAE,Undefined,2,Bottom,0,1,0,Fastball,Sinker,FoulBallNotFieldable,Undefined,Undefined,Undefined,0,0,,92.84895,-1.109455,2.862148,1978.40575,115.66268,9:45,5.07387,-1.0482,5.86707,-22.92757,9.40926,-17.53206,2.13119,0.15181,85.21016,-5.378327,-0.280773,0.40928,97.84524,22.280931,-50.856001,4795.669955,62.70552,36.87106,-90.37692,279.84681,170.10399,-65.511534,3.37096,9.74477,5.40961,0.82646,50,4.97048,-5.97364,-134.81862,-3.41396,18.0102,28.16555,-22.17606,STM_GAE,SAN_GAU,RonaldGallagherStad,D1,WCC,20260324-RonaldGallagherStad-1,58379ef0-27da-11f1-b8ea-f9a2eeae71cc,92.09461,42.15262,,7.63879,,,,0.53455,1.75523,0.24036,c9e67c30-a63b-4587-9ae4-a41912f8aeeb,2026-03-24,23:36:55.60,2026-03-24T16:36:55.6096000-07:00,2026-03-24T23:36:55.6096000Z,LineDrive,v3,471428,471258,d6bb620095054923be50e712cd675082,"Libed, Nico",822297,Right,SAN_GAU,aa999cdb-65fc-4219-b531-cf367ab1b668,54.63551,-135.78359,14.08278,5.07443,-2.65419,-11.08803,1.04169,-6.59068,9.0051,,0.53424,83.83834,-26.86706,6.74757,-1.84407,0.51097,-0.11095,0.01457,-0.00083,1.75644,54.36687,-21.39571,2.39453,-0.0458,-0.23288,0.08561,-0.01302,0.00075,0.24048,-102.99213,15.248,-3.88202,1.02427,-0.28059,0.06168,-0.00831,0.00049,,,,,,,,,,,,,,,,,,,,,,,High,High,High,Medium,Low,,,,,,,,,,,,,,,,,,,,,,,,,,,,,,,,,,
51,2026-03-24,16:37:15.30,1,3,"Tryba, Cole",835221,Left,SAN_GAU,"Castellanos, Diego",1000151796,Left,STM_GAE,Undefined,2,Bottom,0,1,1,Slider,Curveball,FoulBallNotFieldable,Undefined,Undefined,Undefined,0,0,,77.13925,1.413531,1.565887,2226.749331,288.040932,3:30,4.52023,-1.50461,4.96407,-51.14833,-2.7165,12.70394,1.59402,1.03374,71.23621,-7.808327,3.806649,0.500884,,,,,,,,,,,,-5.91874,-1.36114,1.34191,50,4.61456,-3.56655,-111.97091,0.95332,-7.54211,19.51283,-33.90852,STM_GAE,SAN_GAU,RonaldGallagherStad,D1,WCC,20260324-RonaldGallagherStad-1,640f8ad0-27da-11f1-b8ea-f9a2eeae71cc,75.25188,,,5.90304,,,,,,,c9e67c30-a63b-4587-9ae4-a41912f8aeeb,2026-03-24,23:37:15.30,2026-03-24T16:37:15.3016320-07:00,2026-03-24T23:37:15.3016320Z,,v3,471428,471258,d6bb620095054923be50e712cd675082,"Libed, Nico",822297,Right,SAN_GAU,e6c75c8c-e88d-46db-a720-47d59498f559,55.54002,-112.93222,9.75641,4.52645,2.62386,-16.95426,1.50846,-3.19498,-3.77106,,,,,,,,,,,,,,,,,,,,,,,,,,,,,,,,,,,,,,,,,,,,,,,,,,,High,High,High,,,,,,,,,,,,,,,,,,,,,,,,,,,,,,,,,,,,
52,2026-03-24,16:37:41.52,1,4,"Tryba, Cole",835221,Left,SAN_GAU,"Castellanos, Diego",1000151796,Left,STM_GAE,Undefined,2,Bottom,0,1,2,Slider,Slider,FoulBallNotFieldable,Undefined,Undefined,Undefined,0,0,,76.95239,2.447644,0.704618,2409.994895,257.228463,2:30,4.50505,-1.40265,4.88924,-43.89518,4.7317,14.82674,3.16422,0.49952,71.00597,-5.50467,3.313892,0.501891,74.66408,73.122719,-42.655507,,,,,,29.08761,,,-7.20004,2.08717,1.32016,50,4.70806,-1.96623,-111.68163,3.24106,-9.17368,18.45613,-29.51476,STM_GAE,SAN_GAU,RonaldGallagherStad,D1,WCC,20260324-RonaldGallagherStad-1,73aeb7e0-27da-11f1-b8ea-f9a2eeae71cc,75.1008,95.70642,,5.94642,,,,1.66771,3.63214,-0.50663,c9e67c30-a63b-4587-9ae4-a41912f8aeeb,2026-03-24,23:37:41.52,2026-03-24T16:37:41.5262208-07:00,2026-03-24T23:37:41.5262208Z,,v3,471428,471258,d6bb620095054923be50e712cd675082,"Libed, Nico",822297,Right,SAN_GAU,77414f41-397a-44cb-859b-ea6063523b38,55.6142,-112.60559,9.22806,4.50882,4.71864,-14.75738,1.40709,-1.50698,-4.58684,168.307546,1.66771,23.38144,-14.23855,5.13819,-1.37946,0.33755,-0.07731,0.01422,-0.00149,3.63214,104.79053,-28.2422,3.21562,-0.45486,0.03362,0.00338,-0.00202,0.0003,-0.50663,-21.54218,2.42716,-0.32769,0.00493,0.0123,-0.00504,0.0012,-0.00013,,,,,,,,,,,,,,,,,,,,,,,High,High,High,High,Undefined,,,,,,,,,,,,,,,,,,,,,,,,,,,,,,,,,,
53,2026-03-24,16:38:23.40,1,5,"Tryba, Cole",835221,Left,SAN_GAU,"Castellanos, Diego",1000151796,Left,STM_GAE,Undefined,2,Bottom,0,1,2,Fastball,Four-Seam,BallCalled,Undefined,Undefined,Undefined,0,0,,92.62355,1.23025,0.824567,1953.735742,138.09855,10:30,5.37845,-0.87704,5.9779,-17.71131,14.62233,-12.25127,5.04327,-1.13354,84.71799,-2.12641,-1.37707,0.409259,,,,,,,,,,,,6.44902,7.45811,0.81821,50,5.46578,-1.39097,-134.58481,2.34134,11.87192,28.20177,-18.44448,STM_GAE,SAN_GAU,RonaldGallagherStad,D1,WCC,20260324-RonaldGallagherStad-1,8c990b70-27da-11f1-b8ea-f9a2eeae71cc,92.09915,,,7.90556,,,,,,,c9e67c30-a63b-4587-9ae4-a41912f8aeeb,2026-03-24,23:38:23.40,2026-03-24T16:38:23.4022912-07:00,2026-03-24T23:38:23.4022912Z,,v3,471428,471258,d6bb620095054923be50e712cd675082,"Libed, Nico",822297,Right,SAN_GAU,13b72344-0339-4210-a3f4-b43ba238aeea,54.52167,-135.529,14.10089,5.37705,2.95886,-9.22224,0.87143,-1.78844,5.93596,,,,,,,,,,,,,,,,,,,,,,,,,,,,,,,,,,,,,,,,,,,,,,,,,,,High,High,High,,,,,,,,,,,,,,,,,,,,,,,,,,,,,,,,,,,,
54,2026-03-24,16:38:40.15,1,6,"Tryba, Cole",835221,Left,SAN_GAU,"Castellanos, Diego",1000151796,Left,STM_GAE,Undefined,2,Bottom,0,2,2,Slider,Curveball,StrikeCalled,Strikeout,Undefined,Undefined,0,0,,77.28108,1.326063,-1.304127,2177.41747,276.076249,3:15,4.49697,-1.28043,5.27742,-48.04294,-0.41953,17.18202,1.73944,-1.0737,71.27564,-7.408203,1.747212,0.496686,,,,,,,,,,,,-8.98406,-0.1674,1.38623,50,4.58245,1.88802,-112.25475,0.96803,-11.51698,19.43607,-32.38865,STM_GAE,SAN_GAU,RonaldGallagherStad,D1,WCC,20260324-RonaldGallagherStad-1,96a90890-27da-11f1-b8ea-f9a2eeae71cc,75.8879,,,6.00543,,,,,,,c9e67c30-a63b-4587-9ae4-a41912f8aeeb,2026-03-24,23:38:40.15,2026-03-24T16:38:40.1510000-07:00,2026-03-24T23:38:40.1510000Z,,v3,471428,471258,d6bb620095054923be50e712cd675082,"Libed, Nico",822297,Right,SAN_GAU,32a2659a-b690-4238-a783-4f74b8bd3ec2,55.22657,-113.15607,9.71804,4.50273,2.47002,-16.19433,1.28629,2.4221,-5.75849,,,,,,,,,,,,,,,,,,,,,,,,,,,,,56.69689,,,1.265137,,,,-3.13922,5.70813,-0.26867,70.94021,4.83173,53.8468,-3.04171,65.52331,-5.59532,5.77237,17.12391,-14.14143,-0.22888,46.15797,-2.70997,High,High,High,,,High,High,High,,,,,,,,,,,,,,,,,,,,,,,,,,,,,,,
55,2026-03-24,16:39:09.81,2,1,"Tryba, Cole",835221,Left,SAN_GAU,"Freschi, Dario",10282272,Left,STM_GAE,Undefined,2,Bottom,1,0,0,Slider,Slider,HitByPitch,Undefined,Undefined,Undefined,0,0,,75.62365,1.76861,-1.972275,2274.831253,263.7668,2:45,4.44248,-1.53547,5.11111,-47.06416,3.49732,16.87241,2.18828,-1.98835,68.98897,-6.814587,1.011481,0.511778,,,,,,,,,,,,-8.975,1.69524,1.70743,50,4.57255,3.11163,-109.62389,1.80864,-10.87441,20.16268,-30.12002,STM_GAE,SAN_GAU,RonaldGallagherStad,D1,WCC,20260324-RonaldGallagherStad-1,a846ebd0-27da-11f1-b8ea-f9a2eeae71cc,73.65003,,,6.63469,,,,,,,c9e67c30-a63b-4587-9ae4-a41912f8aeeb,2026-03-24,23:39:09.81,2026-03-24T16:39:09.8181120-07:00,2026-03-24T23:39:09.8181120Z,,v3,471428,471258,d6bb620095054923be50e712cd675082,"Libed, Nico",822297,Right,SAN_GAU,5c13eca7-3ed1-4e44-9721-831226ba9f97,55.39059,-110.61092,10.08134,4.44792,3.28311,-15.06001,1.54207,3.64397,-5.4372,,,,,,,,,,,,,,,,,,,,,,,,,,,,,,,,,,,,,,,,,,,,,,,,,,,High,High,High,,,,,,,,,,,,,,,,,,,,,,,,,,,,,,,,,,,,
56,2026-03-24,16:39:41.17,3,1,"Tryba, Cole",835221,Left,SAN_GAU,"Gutierrez, Brayden",1000279529,Right,STM_GAE,Undefined,2,Bottom,1,0,0,Fastball,Sinker,FoulBallNotFieldable,Undefined,Undefined,Undefined,0,0,,92.10259,-0.941684,2.901321,1985.004938,120.060382,10:00,4.94161,-1.35589,5.77587,-21.4019,11.5828,-18.26694,2.28064,-0.17601,84.44532,-4.937419,-0.367002,0.413359,76.55103,16.378196,159.385385,1769.796212,-105.07778,10.60483,32.53503,148.9469,48.93367,164.03698,1.616221,10.11205,6.46441,1.12734,50,4.85078,-5.97698,-133.71692,-2.93518,18.38072,27.76804,-20.42367,STM_GAE,SAN_GAU,RonaldGallagherStad,D1,WCC,20260324-RonaldGallagherStad-1,bafbe460-27da-11f1-b8ea-f9a2eeae71cc,91.18569,13.57877,,7.65726,,,,1.15573,2.16916,-0.00975,c9e67c30-a63b-4587-9ae4-a41912f8aeeb,2026-03-24,23:39:41.17,2026-03-24T16:39:41.1733504-07:00,2026-03-24T23:39:41.1733504Z,LineDrive,v3,471428,471258,d6bb620095054923be50e712cd675082,"Libed, Nico",822297,Right,SAN_GAU,08ed1b0f-a634-4e05-966a-50344bd616d2,54.72677,-134.69492,13.88402,4.94149,-2.21586,-10.21184,1.34925,-6.62435,9.19036,305.059301,1.12171,-100.52709,6.95773,,,,,,,2.47456,29.04264,-19.01939,,,,,,,0.21366,35.98277,-6.73534,,,,,,,,,,,,,,,,,,,,,,,,,,,,,High,High,High,High,Low,,,,,,,,,,,,,,,,,,,,,,,,,,,,,,,,,,
57,2026-03-24,16:40:00.71,3,2,"Tryba, Cole",835221,Left,SAN_GAU,"Gutierrez, Brayden",1000279529,Right,STM_GAE,Undefined,2,Bottom,1,0,1,ChangeUp,Changeup,BallCalled,Undefined,Undefined,Undefined,0,0,,81.615,0.115674,1.575505,1911.543147,95.068349,9:15,4.5594,-1.39639,5.29295,-39.93872,2.90106,-17.70946,1.33983,-1.39245,74.9474,-7.169634,-1.57078,0.471081,,,,,,,,,,,,9.30355,1.82374,1.26636,50,4.54075,-2.52418,-118.49453,-1.17751,13.23733,22.48716,-29.57919,STM_GAE,SAN_GAU,RonaldGallagherStad,D1,WCC,20260324-RonaldGallagherStad-1,c6a238f0-27da-11f1-b8ea-f9a2eeae71cc,80.01272,,,6.6676,,,,,,,c9e67c30-a63b-4587-9ae4-a41912f8aeeb,2026-03-24,23:40:00.71,2026-03-24T16:40:00.7104512-07:00,2026-03-24T23:40:00.7104512Z,,v3,471428,471258,d6bb620095054923be50e712cd675082,"Libed, Nico",822297,Right,SAN_GAU,07543708-959f-4af3-956d-668e9ea04cba,55.20941,-119.47905,11.24358,4.56395,0.11751,-14.7896,1.38956,-3.10373,6.61866,,,,,,,,,,,,,,,,,,,,,,,,,,,,,,,,,,,,,,,,,,,,,,,,,,,High,High,High,,,,,,,,,,,,,,,,,,,,,,,,,,,,,,,,,,,,
58,2026-03-24,16:40:19.34,3,3,"Tryba, Cole",835221,Left,SAN_GAU,"Gutierrez, Brayden",1000279529,Right,STM_GAE,Undefined,2,Bottom,1,1,1,Slider,Curveball,BallCalled,Undefined,Undefined,Undefined,0,0,,76.08007,1.643175,-1.380949,2257.077967,264.097067,2:45,4.529,-1.36187,5.37006,-46.20042,3.29654,16.12647,2.22052,-1.31307,69.3705,-6.824751,1.486011,0.506362,,,,,,,,,,,,-8.43587,1.70437,1.47415,50,4.64402,2.02531,-110.33719,1.64917,-10.34394,20.61145,-30.08418,STM_GAE,SAN_GAU,RonaldGallagherStad,D1,WCC,20260324-RonaldGallagherStad-1,d1bd1660-27da-11f1-b8ea-f9a2eeae71cc,74.43779,,,6.70958,,,,,,,c9e67c30-a63b-4587-9ae4-a41912f8aeeb,2026-03-24,23:40:19.34,2026-03-24T16:40:19.3485824-07:00,2026-03-24T23:40:19.3485824Z,,v3,471428,471258,d6bb620095054923be50e712cd675082,"Libed, Nico",822297,Right,SAN_GAU,97b22301-88fa-4bc7-9d4d-9c725b8f2d60,55.1301,-111.29138,10.30573,4.53543,3.0419,-15.04209,1.36931,2.50417,-5.17197,,,,,,,,,,,,,,,,,,,,,,,,,,,,,,,,,,,,,,,,,,,,,,,,,,,High,High,High,,,,,,,,,,,,,,,,,,,,,,,,,,,,,,,,,,,,
59,2026-03-24,16:40:39.88,3,4,"Tryba, Cole",835221,Left,SAN_GAU,"Gutierrez, Brayden",1000279529,Right,STM_GAE,Undefined,2,Bottom,1,2,1,Fastball,Sinker,BallCalled,Undefined,Undefined,Undefined,0,0,,92.1971,0.066063,3.655352,1877.927212,117.3726,10:00,5.14083,-1.08563,5.99685,-23.4493,9.40182,-16.11757,3.24807,0.96322,83.99987,-4.326373,0.763849,0.412521,,,,,,,,,,,,9.28174,5.13079,0.80606,50,5.13316,-7.84029,-133.72426,-0.63705,16.78416,29.20135,-22.89602,STM_GAE,SAN_GAU,RonaldGallagherStad,D1,WCC,20260324-RonaldGallagherStad-1,ddf63510-27da-11f1-b8ea-f9a2eeae71cc,91.37085,,,8.19723,,,,,,,c9e67c30-a63b-4587-9ae4-a41912f8aeeb,2026-03-24,23:40:39.88,2026-03-24T16:40:39.8859264-07:00,2026-03-24T23:40:39.8859264Z,,v3,471428,471258,d6bb620095054923be50e712cd675082,"Libed, Nico",822297,Right,SAN_GAU,7cf66d4f-29c5-427d-9ae6-8bfbde69bc51,54.50414,-134.70424,14.60067,5.14165,0.13133,-11.44801,1.07863,-8.40355,8.39208,,,,,,,,,,,,,,,,,,,,,,,,,,,,,,,,,,,,,,,,,,,,,,,,,,,High,High,High,,,,,,,,,,,,,,,,,,,,,,,,,,,,,,,,,,,,
60,2026-03-24,16:41:00.69,3,5,"Tryba, Cole",835221,Left,SAN_GAU,"Gutierrez, Brayden",1000279529,Right,STM_GAE,Undefined,2,Bottom,1,3,1,Fastball,Sinker,BallCalled,Walk,Undefined,Undefined,0,0,,91.92647,-2.063269,3.32564,1856.469224,122.982633,10:00,5.20235,-1.07019,5.95987,-22.9447,10.21158,-14.05816,1.3729,0.84574,83.89838,-6.35013,0.802533,0.414433,,,,,,,,,,,,8.22902,6.15705,0.81396,50,5.02535,-7.151,-133.28625,-5.57987,14.75344,29.54937,-21.13535,STM_GAE,SAN_GAU,RonaldGallagherStad,D1,WCC,20260324-RonaldGallagherStad-1,ea56d8f0-27da-11f1-b8ea-f9a2eeae71cc,90.94945,,,8.02809,,,,,,,c9e67c30-a63b-4587-9ae4-a41912f8aeeb,2026-03-24,23:41:00.69,2026-03-24T16:41:00.6976512-07:00,2026-03-24T23:41:00.6976512Z,,v3,471428,471258,d6bb620095054923be50e712cd675082,"Libed, Nico",822297,Right,SAN_GAU,802288d1-0c87-4c2f-9648-f22a51bab005,54.5423,-134.2895,14.77469,5.20261,-4.86229,-10.56767,1.06525,-7.6519,7.37672,,,,,,,,,,,,,,,,,,,,,,,,,,,,,,,,,,,,,,,,,,,,,,,,,,,High,High,High,,,,,,,,,,,,,,,,,,,,,,,,,,,,,,,,,,,,
61,2026-03-24,16:42:18.48,4,1,"Tryba, Cole",835221,Left,SAN_GAU,"Mettam, Jared",703664,Right,STM_GAE,Undefined,2,Bottom,1,0,0,ChangeUp,Changeup,InPlay,Undefined,GroundBall,Single,0,1,,79.94664,1.194473,3.432008,1790.714835,80.347006,8:45,4.47005,-1.50544,5.74718,-45.57959,-1.64697,-17.62265,1.78602,0.22519,73.42148,-7.164279,0.281128,0.477051,104.38977,3.357215,-19.785244,1412.708471,,,,81.06715,79.83793,-21.608735,0.568633,9.97319,-0.81721,1.23114,50,4.54122,-6.29204,-116.01962,0.92847,13.61821,21.33948,-33.28991,STM_GAE,SAN_GAU,RonaldGallagherStad,D1,WCC,20260324-RonaldGallagherStad-1,18c99060-27db-11f1-b8ea-f9a2eeae71cc,79.01129,2.69836,,6.52516,,,,1.77321,1.81046,-0.13306,c9e67c30-a63b-4587-9ae4-a41912f8aeeb,2026-03-24,23:42:18.48,2026-03-24T16:42:18.4814080-07:00,2026-03-24T23:42:18.4814080Z,GroundBall,v3,471428,471258,d6bb620095054923be50e712cd675082,"Libed, Nico",822297,Right,SAN_GAU,8b3100dd-6b2f-413e-abd2-c84beebff229,54.7572,-116.89134,10.66974,4.47552,2.28836,-16.64496,1.49953,-6.84834,6.8091,65.255558,1.81188,142.90029,-23.92497,,,,,,,1.83686,8.33691,-20.41781,,,,,,,-0.12094,-52.02887,-0.49151,,,,,,,,,,,,,,,,,,,,,,,,,,,,,High,High,High,High,High,,,,,,,,,,,,,,,,,,,,,,,,,,,,,,,,,,
62,2026-03-24,16:43:10.17,5,1,"Tryba, Cole",835221,Left,SAN_GAU,"Griffith, Tanner",1000125250,Left,STM_GAE,Undefined,2,Bottom,1,0,0,Slider,Curveball,StrikeCalled,Undefined,Undefined,Undefined,0,0,,76.48582,1.45999,0.802739,2272.866575,275.090106,3:15,4.43035,-1.52819,4.92942,-48.70951,0.05138,13.69229,1.75181,0.37174,71.31171,-7.307586,3.217136,0.502582,,,,,,,,,,,,-6.62197,0.04657,1.43795,50,4.53154,-2.09925,-111.17342,1.11856,-8.41852,16.98,-32.11483,STM_GAE,SAN_GAU,RonaldGallagherStad,D1,WCC,20260324-RonaldGallagherStad-1,378c78f0-27db-11f1-b8ea-f9a2eeae71cc,74.99755,,,5.17411,,,,,,,c9e67c30-a63b-4587-9ae4-a41912f8aeeb,2026-03-24,23:43:10.17,2026-03-24T16:43:10.1789696-07:00,2026-03-24T23:43:10.1789696Z,,v3,471428,471258,d6bb620095054923be50e712cd675082,"Libed, Nico",822297,Right,SAN_GAU,a16212da-8762-461f-bbdd-a455729113c6,55.57521,-112.02171,8.49,4.43558,2.72296,-16.05741,1.53232,-1.67868,-4.20926,,,,,,,,,,,,,,,,,,,,,,,,,,,,,,,,,,,,,,,,,,,,,,,,,,,High,High,High,,,,,,,,,,,,,,,,,,,,,,,,,,,,,,,,,,,,
63,2026-03-24,16:43:28.54,5,2,"Tryba, Cole",835221,Left,SAN_GAU,"Griffith, Tanner",1000125250,Left,STM_GAE,Undefined,2,Bottom,1,0,1,Slider,Slider,BallCalled,Undefined,Undefined,Undefined,0,0,,78.15293,0.779422,1.856821,2460.364984,259.923269,2:45,4.45494,-1.38136,5.0648,-42.89561,3.9126,14.6354,1.6157,1.58977,72.42768,-6.985391,4.440533,0.492416,,,,,,,,,,,,-6.79296,2.16996,1.19283,50,4.49503,-4.27336,-113.47927,0.04133,-8.937,19.03016,-29.31921,STM_GAE,SAN_GAU,RonaldGallagherStad,D1,WCC,20260324-RonaldGallagherStad-1,4288f8f0-27db-11f1-b8ea-f9a2eeae71cc,76.54585,,,5.72525,,,,,,,c9e67c30-a63b-4587-9ae4-a41912f8aeeb,2026-03-24,23:43:28.54,2026-03-24T16:43:28.5442560-07:00,2026-03-24T23:43:28.5442560Z,,v3,471428,471258,d6bb620095054923be50e712cd675082,"Libed, Nico",822297,Right,SAN_GAU,5b9a5031-3616-40ce-9b1b-478f8ca12a01,55.4375,-114.38749,9.51508,4.45966,1.4406,-14.6596,1.3866,-3.84683,-4.4685,,,,,,,,,,,,,,,,,,,,,,,,,,,,,,,,,,,,,,,,,,,,,,,,,,,High,High,High,,,,,,,,,,,,,,,,,,,,,,,,,,,,,,,,,,,,
64,2026-03-24,16:44:20.97,5,3,"Tryba, Cole",835221,Left,SAN_GAU,"Griffith, Tanner",1000125250,Left,STM_GAE,Undefined,2,Bottom,1,1,1,Cutter,Slider,FoulBallNotFieldable,Undefined,Undefined,Undefined,0,0,,87.29817,-0.496957,2.264641,2301.75876,173.161598,11:45,5.14449,-1.1098,5.76282,-29.79887,6.60922,-0.6726,2.19833,0.94312,80.92547,-5.98076,2.1443,0.43428,73.87886,48.16698,-90.2895,5707.80626,,,,,48.66263,,,0.89701,3.78122,0.92254,50,5.08491,-4.99145,-126.90485,-2.12749,1.48077,22.98077,-25.93194,STM_GAE,SAN_GAU,RonaldGallagherStad,D1,WCC,20260324-RonaldGallagherStad-1,61bacff0-27db-11f1-b8ea-f9a2eeae71cc,86.79285,49.62507,,6.37269,,,,2.71061,2.33233,-0.89463,c9e67c30-a63b-4587-9ae4-a41912f8aeeb,2026-03-24,23:44:20.97,2026-03-24T16:44:20.9712128-07:00,2026-03-24T23:44:20.9712128Z,,v3,471428,471258,d6bb620095054923be50e712cd675082,"Libed, Nico",822297,Right,SAN_GAU,aa045d9a-e0c4-44f3-9b52-fec7ed484d00,54.74057,-127.76042,11.49038,5.14615,-1.16205,-12.96597,1.1094,-5.04657,0.74039,,2.71061,-0.36515,-2.14426,0.35689,-0.08157,0.02329,-0.01718,0.01423,-0.0052,2.33233,80.73488,-26.53004,3.38713,-0.92669,1.24857,-2.08392,1.94397,-0.71553,-0.89463,-72.2681,12.06728,-0.36079,0.15548,-0.2477,0.44906,-0.41127,0.14579,,,,,,,,,,,,,,,,,,,,,,,High,High,High,Low,Undefined,,,,,,,,,,,,,,,,,,,,,,,,,,,,,,,,,,
65,2026-03-24,16:44:42.75,5,4,"Tryba, Cole",835221,Left,SAN_GAU,"Griffith, Tanner",1000125250,Left,STM_GAE,Undefined,2,Bottom,1,1,2,Fastball,Sinker,FoulBallNotFieldable,Undefined,Undefined,Undefined,0,0,,91.58961,-0.54164,3.082092,1735.951566,104.654143,9:30,5.04736,-1.16336,6.07507,-27.60183,5.32929,-16.61383,2.24528,0.30684,84.19759,-5.66708,0.092537,0.413023,72.39892,37.693226,-135.583474,4799.508844,,,,,48.25624,,,9.42501,3.17886,0.93358,50,4.99056,-6.47552,-133.05341,-2.20948,16.98025,27.20869,-26.44698,STM_GAE,SAN_GAU,RonaldGallagherStad,D1,WCC,20260324-RonaldGallagherStad-1,6eb98890-27db-11f1-b8ea-f9a2eeae71cc,91.25981,31.6903,,7.39202,,,,1.38161,2.15449,-0.09063,c9e67c30-a63b-4587-9ae4-a41912f8aeeb,2026-03-24,23:44:42.75,2026-03-24T16:44:42.7567104-07:00,2026-03-24T23:44:42.7567104Z,,v3,471428,471258,d6bb620095054923be50e712cd675082,"Libed, Nico",822297,Right,SAN_GAU,99d47fc4-3a9a-4bf9-a2d6-2994c4ea584e,54.42837,-133.95593,13.60434,5.0493,-1.33223,-13.22349,1.15771,-7.03875,8.49012,,1.38161,-60.01566,-2.03651,3.30085,-1.18566,0.36768,-0.09633,0.02358,-0.00332,2.15449,64.92501,-31.60682,4.94827,-1.05661,0.20459,-0.0386,0.00715,-0.00068,-0.09063,-58.8056,16.94764,-3.4089,0.7144,-0.11773,0.02041,-0.00269,-4E-05,,,,,,,,,,,,,,,,,,,,,,,High,High,High,High,Undefined,,,,,,,,,,,,,,,,,,,,,,,,,,,,,,,,,,
66,2026-03-24,16:45:02.30,5,5,"Tryba, Cole",835221,Left,SAN_GAU,"Griffith, Tanner",1000125250,Left,STM_GAE,Undefined,2,Bottom,1,1,2,Slider,Slider,FoulBallNotFieldable,Undefined,Undefined,Undefined,0,0,,78.71735,1.365374,0.197345,2447.756732,284.04844,3:30,4.56149,-1.37538,4.8801,-47.59762,-1.52937,10.89524,1.88717,-0.28072,73.3793,-7.191517,2.117903,0.488509,,,,,,,,,,,,-5.43032,-0.84398,1.34602,50,4.65449,-0.82793,-114.45154,1.00357,-7.31986,17.90981,-33.31167,STM_GAE,SAN_GAU,RonaldGallagherStad,D1,WCC,20260324-RonaldGallagherStad-1,7a58ff50-27db-11f1-b8ea-f9a2eeae71cc,77.1582,,,5.33804,,,,,,,c9e67c30-a63b-4587-9ae4-a41912f8aeeb,2026-03-24,23:45:02.30,2026-03-24T16:45:02.3011840-07:00,2026-03-24T23:45:02.3011840Z,,v3,471428,471258,d6bb620095054923be50e712cd675082,"Libed, Nico",822297,Right,SAN_GAU,14074067-d2d1-4748-b929-26dfb4ee2981,55.62573,-115.32851,8.95491,4.56541,2.63472,-16.65584,1.37779,-0.46951,-3.65993,,,,,,,,,,,,,,,,,,,,,,,,,,,,,,,,,,,,,,,,,,,,,,,,,,,High,High,High,,,,,,,,,,,,,,,,,,,,,,,,,,,,,,,,,,,,
67,2026-03-24,16:45:24.64,5,6,"Tryba, Cole",835221,Left,SAN_GAU,"Griffith, Tanner",1000125250,Left,STM_GAE,Undefined,2,Bottom,1,1,2,Slider,Slider,BallCalled,Undefined,Undefined,Undefined,0,0,,78.28712,0.45527,1.49503,2251.887785,266.600241,3:00,4.55072,-1.33662,5.21492,-44.3755,2.23543,14.29166,1.28103,1.26051,72.24581,-7.60057,4.027571,0.491377,,,,,,,,,,,,-6.76918,1.39012,1.18717,50,4.55928,-3.53196,-113.67493,-0.62111,-8.88073,20.32341,-30.35031,STM_GAE,SAN_GAU,RonaldGallagherStad,D1,WCC,20260324-RonaldGallagherStad-1,87af9bf0-27db-11f1-b8ea-f9a2eeae71cc,76.70771,,,6.04131,,,,,,,c9e67c30-a63b-4587-9ae4-a41912f8aeeb,2026-03-24,23:45:24.64,2026-03-24T16:45:24.6498304-07:00,2026-03-24T23:45:24.6498304Z,,v3,471428,471258,d6bb620095054923be50e712cd675082,"Libed, Nico",822297,Right,SAN_GAU,f111ded4-dd66-494f-a138-53d9d1f8cb7b,55.28791,-114.61643,10.16171,4.55549,0.7849,-15.17515,1.34126,-3.12055,-4.44037,,,,,,,,,,,,,,,,,,,,,,,,,,,,,,,,,,,,,,,,,,,,,,,,,,,High,High,High,,,,,,,,,,,,,,,,,,,,,,,,,,,,,,,,,,,,
68,2026-03-24,16:45:46.27,5,7,"Tryba, Cole",835221,Left,SAN_GAU,"Griffith, Tanner",1000125250,Left,STM_GAE,Undefined,2,Bottom,1,2,2,Fastball,Four-Seam,StrikeSwinging,Strikeout,Undefined,Undefined,0,0,,93.15975,-0.795153,2.793646,1972.127812,135.221863,10:30,5.22085,-0.97407,5.99107,-19.78655,11.87981,-10.92682,2.83411,0.70654,86.22063,-4.492914,0.831478,0.405014,,,,,,,,,,,,6.26548,6.57307,0.75952,50,5.14699,-6.13448,-135.4064,-2.54119,11.80305,25.50437,-19.79154,STM_GAE,SAN_GAU,RonaldGallagherStad,D1,WCC,20260324-RonaldGallagherStad-1,9480b4e0-27db-11f1-b8ea-f9a2eeae71cc,93.06446,,,6.93912,,,,,,,c9e67c30-a63b-4587-9ae4-a41912f8aeeb,2026-03-24,23:45:46.27,2026-03-24T16:45:46.2710272-07:00,2026-03-24T23:45:46.2710272Z,,v3,471428,471258,d6bb620095054923be50e712cd675082,"Libed, Nico",822297,Right,SAN_GAU,14e6cd8a-3242-4eb3-86e5-ca75bbf20c1d,54.51107,-136.25343,12.75219,5.22047,-1.88389,-9.89577,0.96977,-6.52647,5.90153,,,,,,,,,,,,,,,,,,,,,,,,,,,,,,,,,,,,,,,,,,,,,,,,,,,High,High,High,,,,,,,,,,,,,,,,,,,,,,,,,,,,,,,,,,,,
69,2026-03-24,16:46:15.04,6,1,"Tryba, Cole",835221,Left,SAN_GAU,"Kashimoto, Cody",813806,Right,STM_GAE,Undefined,2,Bottom,2,0,0,ChangeUp,Changeup,StrikeCalled,Undefined,Undefined,Undefined,0,0,,81.41002,1.183991,4.428533,1859.770421,82.908802,8:45,4.48601,-1.4196,5.7944,-43.60916,-1.44724,-21.6206,1.95675,0.90642,75.01204,-6.809045,0.566062,0.467338,,,,,,,,,,,,12.18961,-0.68165,1.06779,50,4.55728,-8.31091,-118.08458,0.99414,17.34091,20.90154,-33.14376,STM_GAE,SAN_GAU,RonaldGallagherStad,D1,WCC,20260324-RonaldGallagherStad-1,a5b74ad0-27db-11f1-b8ea-f9a2eeae71cc,80.65342,,,6.39797,,,,,,,c9e67c30-a63b-4587-9ae4-a41912f8aeeb,2026-03-24,23:46:15.04,2026-03-24T16:46:15.0419968-07:00,2026-03-24T23:46:15.0419968Z,,v3,471428,471258,d6bb620095054923be50e712cd675082,"Libed, Nico",822297,Right,SAN_GAU,fbb8c6b4-d406-49e2-9a4c-70948078df35,54.71074,-118.91548,10.45077,4.49157,2.31171,-16.57188,1.41187,-9.00027,8.67046,,,,,,,,,,,,,,,,,,,,,,,,,,,,,,,,,,,,,,,,,,,,,,,,,,,High,High,High,,,,,,,,,,,,,,,,,,,,,,,,,,,,,,,,,,,,
70,2026-03-24,16:46:32.72,6,2,"Tryba, Cole",835221,Left,SAN_GAU,"Kashimoto, Cody",813806,Right,STM_GAE,Undefined,2,Bottom,2,0,1,ChangeUp,Changeup,BallCalled,Undefined,Undefined,Undefined,0,0,,80.66203,-0.066383,3.943949,2020.335929,85.463003,8:45,4.43065,-1.45139,5.58162,-43.81546,-0.21224,-20.26623,0.71721,0.54898,73.95828,-8.07693,0.331311,0.475259,,,,,,,,,,,,11.48508,0.24425,1.12577,50,4.39582,-7.28057,-116.95424,-1.60952,15.87995,22.41534,-31.83635,STM_GAE,SAN_GAU,RonaldGallagherStad,D1,WCC,20260324-RonaldGallagherStad-1,b036ab90-27db-11f1-b8ea-f9a2eeae71cc,79.3092,,,6.70376,,,,,,,c9e67c30-a63b-4587-9ae4-a41912f8aeeb,2026-03-24,23:46:32.72,2026-03-24T16:46:32.7218176-07:00,2026-03-24T23:46:32.7218176Z,,v3,471428,471258,d6bb620095054923be50e712cd675082,"Libed, Nico",822297,Right,SAN_GAU,eb5f1990-7024-414c-993b-f9de6d503927,54.92282,-117.89396,11.20767,4.43532,-0.27483,-15.91817,1.44495,-7.94631,7.93997,,,,,,,,,,,,,,,,,,,,,,,,,,,,,,,,,,,,,,,,,,,,,,,,,,,High,High,High,,,,,,,,,,,,,,,,,,,,,,,,,,,,,,,,,,,,
71,2026-03-24,16:46:52.43,6,3,"Tryba, Cole",835221,Left,SAN_GAU,"Kashimoto, Cody",813806,Right,STM_GAE,Undefined,2,Bottom,2,1,1,ChangeUp,Changeup,BallCalled,Undefined,Undefined,Undefined,0,0,,82.11032,0.623616,4.198704,2032.094022,82.544579,8:45,4.57708,-1.3071,5.50333,-43.51132,-1.52449,-21.36269,1.536,0.84678,75.54864,-7.310049,0.399722,0.466367,,,,,,,,,,,,11.95135,-0.59516,0.95478,50,4.60194,-7.88504,-119.07189,-0.22372,17.23907,21.85623,-33.03253,STM_GAE,SAN_GAU,RonaldGallagherStad,D1,WCC,20260324-RonaldGallagherStad-1,bbff2e20-27db-11f1-b8ea-f9a2eeae71cc,80.82138,,,6.56169,,,,,,,c9e67c30-a63b-4587-9ae4-a41912f8aeeb,2026-03-24,23:46:52.43,2026-03-24T16:46:52.4306944-07:00,2026-03-24T23:46:52.4306944Z,,v3,471428,471258,d6bb620095054923be50e712cd675082,"Libed, Nico",822297,Right,SAN_GAU,8fa505a1-b0d8-4bf1-bd26-8f5a438020a5,55.00164,-119.98645,10.92811,4.58238,1.15851,-16.51627,1.29982,-8.60639,8.61954,,,,,,,,,,,,,,,,,,,,,,,,,,,,,,,,,,,,,,,,,,,,,,,,,,,High,High,High,,,,,,,,,,,,,,,,,,,,,,,,,,,,,,,,,,,,
72,2026-03-24,16:47:11.94,6,4,"Tryba, Cole",835221,Left,SAN_GAU,"Kashimoto, Cody",813806,Right,STM_GAE,Undefined,2,Bottom,2,2,1,Cutter,Slider,StrikeSwinging,Undefined,Undefined,Undefined,0,0,,87.9578,-1.490234,3.155193,2244.50908,142.587468,10:45,5.14983,-1.03708,5.62363,-34.08053,1.83827,-0.70453,0.91667,1.85162,82.24507,-7.683331,3.029502,0.431353,,,,,,,,,,,,1.07382,1.51866,0.76826,50,5.00014,-7.016,-127.80007,-4.56735,1.8088,21.76828,-29.6159,STM_GAE,SAN_GAU,RonaldGallagherStad,D1,WCC,20260324-RonaldGallagherStad-1,c79703c0-27db-11f1-b8ea-f9a2eeae71cc,87.38198,,,5.71273,,,,,,,c9e67c30-a63b-4587-9ae4-a41912f8aeeb,2026-03-24,23:47:11.94,2026-03-24T16:47:11.9492096-07:00,2026-03-24T23:47:11.9492096Z,,v3,471428,471258,d6bb620095054923be50e712cd675082,"Libed, Nico",822297,Right,SAN_GAU,3c8f3c7b-0f2b-4e94-a3b3-48818d65cd36,54.88086,-128.62874,10.88414,5.15255,-3.43994,-14.80795,1.03666,-7.08486,0.9044,,,,,,,,,,,,,,,,,,,,,,,,,,,,,,,,,,,,,,,,,,,,,,,,,,,High,High,High,,,,,,,,,,,,,,,,,,,,,,,,,,,,,,,,,,,,
73,2026-03-24,16:47:34.08,6,5,"Tryba, Cole",835221,Left,SAN_GAU,"Kashimoto, Cody",813806,Right,STM_GAE,Undefined,2,Bottom,2,2,2,Cutter,Slider,BallCalled,Undefined,Undefined,Undefined,0,0,,87.61311,-1.337942,3.369234,2224.756365,139.098128,10:45,5.09234,-1.10618,5.69991,-31.61537,4.56855,-3.12843,1.20856,1.77643,81.63429,-7.114205,2.810686,0.432941,,,,,,,,,,,,2.38602,2.91504,0.82511,50,4.95977,-7.36405,-127.25327,-4.09565,3.97669,22.09844,-27.31573,STM_GAE,SAN_GAU,RonaldGallagherStad,D1,WCC,20260324-RonaldGallagherStad-1,d4d58480-27db-11f1-b8ea-f9a2eeae71cc,87.06129,,,5.97882,,,,,,,c9e67c30-a63b-4587-9ae4-a41912f8aeeb,2026-03-24,23:47:34.08,2026-03-24T16:47:34.0887552-07:00,2026-03-24T23:47:34.0887552Z,,v3,471428,471258,d6bb620095054923be50e712cd675082,"Libed, Nico",822297,Right,SAN_GAU,159c515e-2703-4342-8e83-4f8f9f866636,54.80384,-128.08477,11.04922,5.09455,-3.06784,-13.65786,1.10501,-7.51368,1.98835,,,,,,,,,,,,,,,,,,,,,,,,,,,,,,,,,,,,,,,,,,,,,,,,,,,High,High,High,,,,,,,,,,,,,,,,,,,,,,,,,,,,,,,,,,,,
74,2026-03-24,16:47:55.20,6,6,"Tryba, Cole",835221,Left,SAN_GAU,"Kashimoto, Cody",813806,Right,STM_GAE,Undefined,2,Bottom,2,3,2,Cutter,Slider,FoulBallNotFieldable,Undefined,Undefined,Undefined,0,0,,85.62783,0.338886,2.245419,2183.185551,207.078255,1:00,5.13148,-1.16035,5.58898,-32.58549,5.85307,2.39977,2.73272,1.13749,78.64591,-5.656699,2.673212,0.446226,,,,,,,,,,,,-0.6211,3.18618,0.96579,50,5.13917,-4.97301,-124.33596,-0.3957,-0.9748,24.33096,-27.17355,STM_GAE,SAN_GAU,RonaldGallagherStad,D1,WCC,20260324-RonaldGallagherStad-1,e1688300-27db-11f1-b8ea-f9a2eeae71cc,84.46934,,,6.98191,,,,,,,c9e67c30-a63b-4587-9ae4-a41912f8aeeb,2026-03-24,23:47:55.20,2026-03-24T16:47:55.2018432-07:00,2026-03-24T23:47:55.2018432Z,,v3,471428,471258,d6bb620095054923be50e712cd675082,"Libed, Nico",822297,Right,SAN_GAU,ad2dd855-74f7-4a00-8509-99472f40955d,54.91364,-125.29381,12.16548,5.13369,0.67406,-13.58678,1.16081,-4.93463,-0.4874,,,,,,,,,,,,,,,,,,,,,,,,,,,,,,,,,,,,,,,,,,,,,,,,,,,High,High,High,,,,,,,,,,,,,,,,,,,,,,,,,,,,,,,,,,,,
75,2026-03-24,16:48:18.40,6,7,"Tryba, Cole",835221,Left,SAN_GAU,"Kashimoto, Cody",813806,Right,STM_GAE,Undefined,2,Bottom,2,3,2,ChangeUp,Changeup,InPlay,Undefined,GroundBall,Out,1,0,,81.29887,1.064259,2.995265,1862.798818,89.5226,9:00,4.53846,-1.4038,5.47179,-41.77597,1.16512,-20.59403,2.0546,-0.31428,74.51455,-6.580641,-0.669743,0.471637,91.91513,-11.603568,-17.850847,,,,,12.426,11.36208,-13.808317,0.079653,11.28709,0.63886,1.15513,50,4.6033,-5.35423,-117.97217,0.75752,15.91977,22.26995,-31.27299,STM_GAE,SAN_GAU,RonaldGallagherStad,D1,WCC,20260324-RonaldGallagherStad-1,ef436ad0-27db-11f1-b8ea-f9a2eeae71cc,79.91833,2.16333,,6.78432,,,,2.03847,2.16333,0.26382,c9e67c30-a63b-4587-9ae4-a41912f8aeeb,2026-03-24,23:48:18.40,2026-03-24T16:48:18.4066560-07:00,2026-03-24T23:48:18.4066560Z,GroundBall,v3,471428,471258,d6bb620095054923be50e712cd675082,"Libed, Nico",822297,Right,SAN_GAU,d49bdb5a-6151-464f-bfe8-47ef291804ce,55.03237,-118.91835,11.13498,4.54289,2.08621,-15.6365,1.39698,-6.03061,7.95989,180,2.03586,125.90039,,,,,,,,2.1639,-27.15932,,,,,,,,0.26467,-40.54548,,,,,,,,,,,,,,,,,,,,,,,,,,,,,,High,High,High,High,High,,,,,,,,,,,,,,,,,,,,,,,,,,,,,,,,,,
76,2026-03-24,16:51:08.77,1,1,"Waldeck, Noah",832268,Right,STM_GAE,"Nunez, Corey",1000069356,Right,SAN_GAU,Undefined,3,Top,0,0,0,Cutter,Slider,StrikeCalled,Undefined,Undefined,Undefined,0,0,,84.05035,0.261792,-1.936964,2268.815528,139.927162,10:45,6.07059,1.69121,6.27312,-35.26667,3.57138,-2.02689,3.37318,-0.264,77.32498,-6.292271,-2.303233,0.448539,,,,,,,,,,,,0.52858,2.15784,-1.54703,50,6.07293,4.2086,-122.17796,-0.54078,0.80128,23.41795,-28.90291,STM_GAE,SAN_GAU,RonaldGallagherStad,D1,WCC,20260324-RonaldGallagherStad-1,54d54f30-27dc-11f1-b8ea-f9a2eeae71cc,84.03382,,,6.72536,,,,,,,c9e67c30-a63b-4587-9ae4-a41912f8aeeb,2026-03-24,23:51:08.77,2026-03-24T16:51:08.7767040-07:00,2026-03-24T23:51:08.7767040Z,,v3,471428,471258,d6bb620095054923be50e712cd675082,"Armstrong, Ian",1000321869,Right,STM_GAE,4268829e-5f5c-4f27-91a3-9fc7e6e331e3,54.2281,-122.98569,11.70897,6.07439,0.45614,-14.45145,-1.69172,4.18096,0.40064,,,,,,,,,,,,,,,,,,,,,,,,,,,,,,,,,,,,,,,,,,,,,,,,,,,High,High,High,,,,,,,,,,,,,,,,,,,,,,,,,,,,,,,,,,,,
77,2026-03-24,16:51:24.95,1,2,"Waldeck, Noah",832268,Right,STM_GAE,"Nunez, Corey",1000069356,Right,SAN_GAU,Undefined,3,Top,0,0,1,Cutter,Slider,InPlay,Undefined,GroundBall,Single,0,0,,84.29258,-0.824747,-2.543256,2446.027593,139.567873,10:45,6.04043,1.81632,5.79838,-35.40073,3.50729,-2.1137,2.32242,-0.72699,78.58334,-7.300369,-2.921731,0.448943,99.97288,-8.183806,40.338832,,,,,16.68783,16.24752,40.68699,0.10786,0.49063,2.29126,-1.60579,50,5.95102,5.52555,-122.54537,-2.96137,0.75761,20.71341,-28.63603,STM_GAE,SAN_GAU,RonaldGallagherStad,D1,WCC,20260324-RonaldGallagherStad-1,5e68f060-27dc-11f1-b8ea-f9a2eeae71cc,83.95821,2.2542,,5.70924,,,,0.70657,2.2542,0.73308,c9e67c30-a63b-4587-9ae4-a41912f8aeeb,2026-03-24,23:51:24.95,2026-03-24T16:51:24.9554944-07:00,2026-03-24T23:51:24.9554944Z,GroundBall,v3,471428,471258,d6bb620095054923be50e712cd675082,"Armstrong, Ian",1000321869,Right,STM_GAE,94b92068-1323-4ceb-8b3e-3d36efbc2752,54.70512,-123.33809,10.3567,6.04339,-1.86544,-14.31802,-1.81671,5.49656,0.37881,180,0.70409,110.76841,,,,,,,,2.25467,-20.89923,,,,,,,,0.73096,94.06758,,,,,,,,,,,,,,,,,,,,,,,,,,,,,,High,High,High,High,High,,,,,,,,,,,,,,,,,,,,,,,,,,,,,,,,,,
78,2026-03-24,16:52:06.86,2,1,"Waldeck, Noah",832268,Right,STM_GAE,"Kelly, Rowan",1000253487,Left,SAN_GAU,Undefined,3,Top,0,0,0,Fastball,Sinker,StrikeCalled,Undefined,Undefined,Undefined,0,0,,89.43504,-1.808363,-3.316379,2200.305604,248.692067,2:15,6.1157,1.76834,6.48904,-28.76509,5.68555,11.60528,2.05501,-0.31272,81.48999,-7.197222,-1.211598,0.422445,,,,,,,,,,,,-7.07181,3.87122,-1.54011,50,5.97608,7.06366,-129.73936,-4.99846,-11.95993,29.11222,-25.62699,STM_GAE,SAN_GAU,RonaldGallagherStad,D1,WCC,20260324-RonaldGallagherStad-1,775fc710-27dc-11f1-b8ea-f9a2eeae71cc,89.22451,,,7.94505,,,,,,,c9e67c30-a63b-4587-9ae4-a41912f8aeeb,2026-03-24,23:52:06.86,2026-03-24T16:52:06.8612096-07:00,2026-03-24T23:52:06.8612096Z,,v3,471428,471258,d6bb620095054923be50e712cd675082,"Armstrong, Ian",1000321869,Right,STM_GAE,24caa05a-3dae-48fb-9b92-4df3c2fddd0a,54.01177,-130.63646,14.55611,6.11795,-4.20876,-12.8135,-1.76346,7.4322,-5.97996,,,,,,,,,,,,,,,,,,,,,,,,,,,,,,,,,,,,,,,,,,,,,,,,,,,High,High,High,,,,,,,,,,,,,,,,,,,,,,,,,,,,,,,,,,,,
79,2026-03-24,16:52:23.04,2,2,"Waldeck, Noah",832268,Right,STM_GAE,"Kelly, Rowan",1000253487,Left,SAN_GAU,Undefined,3,Top,0,0,1,ChangeUp,Changeup,StrikeCalled,Undefined,Undefined,Undefined,0,0,,86.93734,-2.245995,-2.310361,1664.118999,230.513629,1:45,5.89717,2.09907,6.27078,-26.97568,9.60764,10.21512,1.57585,0.81924,79.56624,-7.29047,-0.463323,0.435324,,,,,,,,,,,,-5.98406,5.99666,-1.93293,50,5.71766,4.69488,-126.18523,-5.77806,-9.61572,26.48949,-22.53811,STM_GAE,SAN_GAU,RonaldGallagherStad,D1,WCC,20260324-RonaldGallagherStad-1,8113e890-27dc-11f1-b8ea-f9a2eeae71cc,86.58471,,,7.3711,,,,,,,c9e67c30-a63b-4587-9ae4-a41912f8aeeb,2026-03-24,23:52:23.04,2026-03-24T16:52:23.0476800-07:00,2026-03-24T23:52:23.0476800Z,,v3,471428,471258,d6bb620095054923be50e712cd675082,"Armstrong, Ian",1000321869,Right,STM_GAE,34c543a3-575e-4810-b2c6-c870c7760b70,54.2303,-127.07017,13.24475,5.89811,-5.02512,-11.26906,-2.09514,5.01612,-4.80786,,,,,,,,,,,,,,,,,,,,,,,,,,,,,,,,,,,,,,,,,,,,,,,,,,,High,High,High,,,,,,,,,,,,,,,,,,,,,,,,,,,,,,,,,,,,
80,2026-03-24,16:52:42.98,2,3,"Waldeck, Noah",832268,Right,STM_GAE,"Kelly, Rowan",1000253487,Left,SAN_GAU,Undefined,3,Top,0,0,2,Slider,Curveball,BallinDirt,Undefined,Undefined,Undefined,0,0,,80.36989,-2.925597,-2.837235,2312.801142,54.552202,7:45,5.8929,1.76585,5.96683,-52.07007,-8.69103,-14.0265,-1.16461,-2.03589,74.81681,-12.322401,-5.364895,0.474036,,,,,,,,,,,,6.56894,-3.50918,-1.53238,50,5.6305,6.26395,-116.60601,-7.60699,8.99667,23.00548,-36.98014,STM_GAE,SAN_GAU,RonaldGallagherStad,D1,WCC,20260324-RonaldGallagherStad-1,8cebad60-27dc-11f1-b8ea-f9a2eeae71cc,79.51387,,,5.55307,,,,,,,c9e67c30-a63b-4587-9ae4-a41912f8aeeb,2026-03-24,23:52:42.98,2026-03-24T16:52:42.9853696-07:00,2026-03-24T23:52:42.9853696Z,,v3,471428,471258,d6bb620095054923be50e712cd675082,"Armstrong, Ian",1000321869,Right,STM_GAE,6ac8b0c9-95ee-44a8-899c-e4a9fe48f1eb,54.53959,-117.49823,11.50274,5.89771,-6.17281,-18.49007,-1.76854,5.91504,4.49833,,,,,,,,,,,,,,,,,,,,,,,,,,,,,,,,,,,,,,,,,,,,,,,,,,,High,High,High,,,,,,,,,,,,,,,,,,,,,,,,,,,,,,,,,,,,
81,2026-03-24,16:53:14.01,2,4,"Waldeck, Noah",832268,Right,STM_GAE,"Kelly, Rowan",1000253487,Left,SAN_GAU,Undefined,3,Top,0,1,2,ChangeUp,Changeup,InPlay,Undefined,LineDrive,Single,0,0,,86.20786,-1.924083,-2.309627,1692.230149,248.022813,2:15,5.93836,2.12635,6.4368,-29.62344,7.11918,14.85194,1.69939,1.24029,79.37346,-7.452002,0.385388,0.436271,90.16276,14.108049,-9.337175,2078.152595,107.03163,20.75862,-25.38079,250.22193,250.22193,-17.301214,2.668191,-8.43788,4.5811,-1.96863,50,5.78802,4.50394,-125.27814,-5.10258,-13.43723,24.82479,-24.8787,STM_GAE,SAN_GAU,RonaldGallagherStad,D1,WCC,20260324-RonaldGallagherStad-1,9f6dfd30-27dc-11f1-b8ea-f9a2eeae71cc,86.39684,21.8184,,6.8344,,,,1.74955,1.74897,-1.24472,c9e67c30-a63b-4587-9ae4-a41912f8aeeb,2026-03-24,23:53:14.01,2026-03-24T16:53:14.0115456-07:00,2026-03-24T23:53:14.0115456Z,LineDrive,v3,471428,471258,d6bb620095054923be50e712cd675082,"Armstrong, Ian",1000321869,Right,STM_GAE,e77744fe-647b-4247-92d9-60c4ecdb0bce,54.06611,-126.0813,12.4124,5.94009,-4.29768,-12.43935,-2.12137,4.93867,-6.71862,131.200368,1.74956,126.5504,-22.43982,4.83311,-0.9415,0.15502,-0.02207,0.00265,-0.00015,1.74896,32.23372,-13.12016,-0.10141,0.26863,-0.07597,0.01538,-0.00135,-0,-1.24471,-20.80805,-6.23205,2.73237,-0.83969,0.20364,-0.03976,0.00517,-0.00031,,,,,,,,,,,,,,,,,,,,,,,High,High,High,High,High,,,,,,,,,,,,,,,,,,,,,,,,,,,,,,,,,,
82,2026-03-24,16:54:01.50,3,1,"Waldeck, Noah",832268,Right,STM_GAE,"Libed, Nico",822297,Right,SAN_GAU,Undefined,3,Top,0,0,0,Fastball,Four-Seam,BallCalled,Undefined,Undefined,Undefined,0,0,,89.86946,0.075125,-1.385033,2387.314232,203.383136,12:45,6.10653,2.03049,6.48658,-19.13792,14.53796,5.84583,4.58069,1.24574,82.3302,-3.57405,-0.324413,0.417668,,,,,,,,,,,,-3.42087,7.90067,-1.93554,50,6.1031,2.92848,-130.69031,-0.35839,-5.93465,26.75034,-18.46765,STM_GAE,SAN_GAU,RonaldGallagherStad,D1,WCC,20260324-RonaldGallagherStad-1,bbbba000-27dc-11f1-b8ea-f9a2eeae71cc,90.24499,,,7.53926,,,,,,,c9e67c30-a63b-4587-9ae4-a41912f8aeeb,2026-03-24,23:54:01.50,2026-03-24T16:54:01.5062016-07:00,2026-03-24T23:54:01.5062016Z,,v3,471428,471258,d6bb620095054923be50e712cd675082,"Armstrong, Ian",1000321869,Right,STM_GAE,b8d4f1cf-594f-46a6-9cdc-64d5ef558e71,54.01361,-131.50927,13.37517,6.10542,0.20699,-9.23383,-2.02798,3.11017,-2.96733,,,,,,,,,,,,,,,,,,,,,,,,,,,,,,,,,,,,,,,,,,,,,,,,,,,High,High,High,,,,,,,,,,,,,,,,,,,,,,,,,,,,,,,,,,,,
83,2026-03-24,16:54:21.89,3,2,"Waldeck, Noah",832268,Right,STM_GAE,"Libed, Nico",822297,Right,SAN_GAU,Undefined,3,Top,0,1,0,Cutter,Slider,StrikeCalled,Undefined,Undefined,Undefined,0,0,,83.61909,-0.528741,-1.601313,2362.90214,131.579561,10:30,5.98162,1.78948,5.97458,-35.49892,3.73284,-3.03858,2.53299,0.05134,77.90506,-7.053378,-2.147785,0.450807,,,,,,,,,,,,1.18992,2.3741,-1.66103,50,5.91984,3.51731,-121.6626,-2.28226,1.81063,20.46533,-28.56154,STM_GAE,SAN_GAU,RonaldGallagherStad,D1,WCC,20260324-RonaldGallagherStad-1,c7e1fa00-27dc-11f1-b8ea-f9a2eeae71cc,83.6111,,,5.71404,,,,,,,c9e67c30-a63b-4587-9ae4-a41912f8aeeb,2026-03-24,23:54:21.89,2026-03-24T16:54:21.8912768-07:00,2026-03-24T23:54:21.8912768Z,,v3,471428,471258,d6bb620095054923be50e712cd675082,"Armstrong, Ian",1000321869,Right,STM_GAE,db1b03b9-d613-4f2c-ae6c-45718af21d25,54.52839,-122.42197,10.23266,5.98486,-1.22248,-14.28077,-1.7903,3.45013,0.90531,,,,,,,,,,,,,,,,,,,,,,,,,,,,,,,,,,,,,,,,,,,,,,,,,,,High,High,High,,,,,,,,,,,,,,,,,,,,,,,,,,,,,,,,,,,,
84,2026-03-24,16:54:43.47,3,3,"Waldeck, Noah",832268,Right,STM_GAE,"Libed, Nico",822297,Right,SAN_GAU,Undefined,3,Top,0,1,1,Cutter,Slider,InPlay,Undefined,LineDrive,Out,1,0,,84.46703,-1.071678,-1.667807,2447.112904,92.055387,9:00,6.07809,1.9521,5.88392,-37.29868,1.14047,-4.99988,1.97411,-0.01382,79.14938,-7.881095,-2.565919,0.44623,89.8844,9.280087,5.292203,2100.322107,108.53225,5.84945,17.90733,142.77773,129.78869,10.730726,1.292452,2.21465,1.08972,-1.81444,50,5.96949,3.76976,-122.93649,-3.55427,3.4539,20.01486,-30.47455,STM_GAE,SAN_GAU,RonaldGallagherStad,D1,WCC,20260324-RonaldGallagherStad-1,d4c27c40-27dc-11f1-b8ea-f9a2eeae71cc,84.46872,8.08321,,5.31764,,,,1.56538,2.01842,-0.00863,c9e67c30-a63b-4587-9ae4-a41912f8aeeb,2026-03-24,23:54:43.47,2026-03-24T16:54:43.4788864-07:00,2026-03-24T23:54:43.4788864Z,LineDrive,v3,471428,471258,d6bb620095054923be50e712cd675082,"Armstrong, Ian",1000321869,Right,STM_GAE,3f54ceee-b06a-4f8f-af5c-5634de51e203,54.6208,-123.6865,10.00743,6.08128,-2.41231,-15.23728,-1.95327,3.64034,1.72695,270.417096,1.56538,129.55022,-21.63874,4.42201,-0.9751,0.21476,-0.04756,0.00866,-0.00087,2.01842,21.25905,-19.61664,1.91413,-0.39646,0.08654,-0.01751,0.00321,-0.00033,-0.00863,12.00023,9.05356,-2.54057,0.69015,-0.17673,0.04271,-0.00819,0.00086,,,,,,,,,,,,,,,,,,,,,,,High,High,High,High,High,,,,,,,,,,,,,,,,,,,,,,,,,,,,,,,,,,
85,2026-03-24,16:55:24.75,4,1,"Waldeck, Noah",832268,Right,STM_GAE,"Kosciusko, Cole",1000364960,Left,SAN_GAU,Undefined,3,Top,1,0,0,Fastball,Sinker,FoulBallNotFieldable,Undefined,Undefined,Undefined,0,0,,89.0965,-3.079408,-3.168403,2190.001653,230.198642,1:45,6.10139,1.84032,6.51734,-23.40458,11.12571,12.01355,1.31828,-0.06886,81.64143,-7.482933,-0.988396,0.422933,91.97275,-12.732374,83.119875,,,,,3.6849,3.6849,48.013752,0.032203,-7.23024,7.04701,-1.62435,50,5.87608,6.69798,-129.22492,-7.64471,-12.20377,27.38598,-20.27953,STM_GAE,SAN_GAU,RonaldGallagherStad,D1,WCC,20260324-RonaldGallagherStad-1,ed754510-27dc-11f1-b8ea-f9a2eeae71cc,89.12156,0.95811,,7.45507,,,,1.95707,0.95811,-1.47074,c9e67c30-a63b-4587-9ae4-a41912f8aeeb,2026-03-24,23:55:24.75,2026-03-24T16:55:24.7546880-07:00,2026-03-24T23:55:24.7546880Z,GroundBall,v3,471428,471258,d6bb620095054923be50e712cd675082,"Armstrong, Ian",1000321869,Right,STM_GAE,e0f5f522-17ce-4264-98cd-1223e07b97bb,53.98462,-130.06662,13.69299,6.10146,-7.02143,-10.13976,-1.83598,7.07306,-6.10188,,1.95701,15.77334,,,,,,,,0.95822,-29.75181,,,,,,,,-1.47123,130.72407,,,,,,,,,,,,,,,,,,,,,,,,,,,,,,High,High,High,Low,Low,,,,,,,,,,,,,,,,,,,,,,,,,,,,,,,,,,
86,2026-03-24,16:55:56.91,4,2,"Waldeck, Noah",832268,Right,STM_GAE,"Kosciusko, Cole",1000364960,Left,SAN_GAU,Undefined,3,Top,1,0,1,ChangeUp,Changeup,BallCalled,Undefined,Undefined,Undefined,0,0,,86.19453,-0.626404,-1.011379,1577.679916,260.938784,2:45,5.8887,2.04192,6.27398,-33.68029,3.00012,12.32816,2.50445,2.13683,79.82145,-6.86646,1.220174,0.435902,,,,,,,,,,,,-6.65146,2.05949,-1.97282,50,5.82609,1.73959,-125.43404,-2.45375,-10.69258,23.23096,-28.86329,STM_GAE,SAN_GAU,RonaldGallagherStad,D1,WCC,20260324-RonaldGallagherStad-1,0086b580-27dd-11f1-b8ea-f9a2eeae71cc,86.47005,,,6.37307,,,,,,,c9e67c30-a63b-4587-9ae4-a41912f8aeeb,2026-03-24,23:55:56.91,2026-03-24T16:55:56.9198080-07:00,2026-03-24T23:55:56.9198080Z,,v3,471428,471258,d6bb620095054923be50e712cd675082,"Armstrong, Ian",1000321869,Right,STM_GAE,35d1e563-4f78-4b7f-9074-e568ec3a1efb,54.22873,-126.21478,11.61548,5.89226,-1.48371,-14.43165,-2.03733,2.09895,-5.34629,,,,,,,,,,,,,,,,,,,,,,,,,,,,,,,,,,,,,,,,,,,,,,,,,,,High,High,High,,,,,,,,,,,,,,,,,,,,,,,,,,,,,,,,,,,,
87,2026-03-24,16:56:15.91,4,3,"Waldeck, Noah",832268,Right,STM_GAE,"Kosciusko, Cole",1000364960,Left,SAN_GAU,Undefined,3,Top,1,1,1,TwoSeamFastBall,Sinker,StrikeSwinging,Undefined,Undefined,Undefined,0,0,,89.41617,-2.819505,-2.729844,2114.592646,259.401899,2:45,5.9468,1.95162,6.65347,-30.06557,3.93067,15.34812,0.85583,0.7303,82.28612,-8.425553,0.067674,0.41965,,,,,,,,,,,,-8.94776,3.14677,-1.77386,50,5.74444,5.63303,-129.85981,-7.31339,-15.26862,27.37083,-26.80431,STM_GAE,SAN_GAU,RonaldGallagherStad,D1,WCC,20260324-RonaldGallagherStad-1,0bd17c90-27dd-11f1-b8ea-f9a2eeae71cc,89.81884,,,7.13005,,,,,,,c9e67c30-a63b-4587-9ae4-a41912f8aeeb,2026-03-24,23:56:15.91,2026-03-24T16:56:15.9104512-07:00,2026-03-24T23:56:15.9104512Z,,v3,471428,471258,d6bb620095054923be50e712cd675082,"Armstrong, Ian",1000321869,Right,STM_GAE,722307a6-53fe-4b5d-a8b6-4d0e4406c0bb,53.85038,-130.66884,13.68541,5.9489,-6.5211,-13.40216,-1.94703,6.08435,-7.63431,,,,,,,,,,,,,,,,,,,,,,,,,,,,,,,,,,,,,,,,,,,,,,,,,,,High,High,High,,,,,,,,,,,,,,,,,,,,,,,,,,,,,,,,,,,,
88,2026-03-24,16:56:59.46,4,4,"Waldeck, Noah",832268,Right,STM_GAE,"Kosciusko, Cole",1000364960,Left,SAN_GAU,Undefined,3,Top,1,1,2,Fastball,Sinker,InPlay,Undefined,GroundBall,Single,0,2,,89.42225,-1.724843,-3.042635,2192.730986,232.259123,1:45,6.09284,2.03673,6.53121,-23.84596,10.09067,11.73394,2.52066,0.22073,82.40099,-6.2075,-0.913282,0.419282,99.88283,-1.372617,9.625668,2412.698404,,,,38.47595,38.40458,9.773874,0.261601,-6.99461,6.05642,-1.83021,50,5.96245,6.46634,-129.93594,-4.62369,-12.02907,25.71238,-21.75846,STM_GAE,SAN_GAU,RonaldGallagherStad,D1,WCC,20260324-RonaldGallagherStad-1,25d07470-27dd-11f1-b8ea-f9a2eeae71cc,89.89768,2.56993,,7.02126,,,,1.63964,2.56993,-0.12877,c9e67c30-a63b-4587-9ae4-a41912f8aeeb,2026-03-24,23:56:59.46,2026-03-24T16:56:59.4651648-07:00,2026-03-24T23:56:59.4651648Z,GroundBall,v3,471428,471258,d6bb620095054923be50e712cd675082,"Armstrong, Ian",1000321869,Right,STM_GAE,51c1e24f-a8a5-46ab-abdc-dd9f76e64795,53.9718,-130.71954,12.85619,6.09326,-3.96059,-10.87923,-2.03286,6.83293,-6.01453,320.438212,1.64193,144.27445,-21.46529,,,,,,,2.57301,-3.66558,-23.62926,,,,,,,-0.13002,24.55224,3.50738,,,,,,,,,,,,,,,,,,,,,,,,,,,,,High,High,High,Medium,High,,,,,,,,,,,,,,,,,,,,,,,,,,,,,,,,,,
89,2026-03-24,16:57:40.20,5,1,"Waldeck, Noah",832268,Right,STM_GAE,"Husovsky, Nick",1000271465,Right,SAN_GAU,Undefined,3,Top,1,0,0,Cutter,Slider,StrikeCalled,Undefined,Undefined,Undefined,0,0,,83.71647,-0.422604,-1.705268,2400.232631,103.606883,9:30,5.96143,1.93866,5.98653,-36.84045,2.30055,-5.23457,2.49951,-0.07858,78.00493,-7.18725,-2.646781,0.450285,,,,,,,,,,,,2.29961,1.60232,-1.80111,50,5.90745,3.82545,-121.80748,-2.10598,3.50524,20.66405,-29.73171,STM_GAE,SAN_GAU,RonaldGallagherStad,D1,WCC,20260324-RonaldGallagherStad-1,3e1b2ca0-27dd-11f1-b8ea-f9a2eeae71cc,83.70799,,,5.71155,,,,,,,c9e67c30-a63b-4587-9ae4-a41912f8aeeb,2026-03-24,23:57:40.20,2026-03-24T16:57:40.2094080-07:00,2026-03-24T23:57:40.2094080Z,,v3,471428,471258,d6bb620095054923be50e712cd675082,"Armstrong, Ian",1000321869,Right,STM_GAE,55f69e9d-b2df-41c1-88e2-d417f4e2305e,54.51691,-122.57135,10.33202,5.96499,-1.00691,-14.86585,-1.94013,3.69587,1.75262,,,,,,,,,,,,,,,,,,,,,,,,,,,,,,,,,,,,,,,,,,,,,,,,,,,High,High,High,,,,,,,,,,,,,,,,,,,,,,,,,,,,,,,,,,,,
90,2026-03-24,16:57:54.80,5,2,"Waldeck, Noah",832268,Right,STM_GAE,"Husovsky, Nick",1000271465,Right,SAN_GAU,Undefined,3,Top,1,0,1,Fastball,Four-Seam,InPlay,Undefined,LineDrive,Out,1,0,,90.87578,-1.832306,-2.798758,2447.990376,192.058163,12:30,6.07471,1.82114,6.24289,-15.34678,17.84615,3.60303,3.10311,-0.46222,83.6685,-4.759776,-2.149073,0.414662,95.81919,18.393322,24.813504,3670.994637,95.8239,31.47245,54.01648,296.06363,287.10247,37.984607,3.245927,-2.59957,10.05898,-1.61436,50,5.93034,6.3089,-131.99925,-4.65221,-4.62051,26.14768,-14.29503,STM_GAE,SAN_GAU,RonaldGallagherStad,D1,WCC,20260324-RonaldGallagherStad-1,46c6b7c0-27dd-11f1-b8ea-f9a2eeae71cc,90.89922,36.385,,7.20728,,,,1.51683,3.05497,0.40541,c9e67c30-a63b-4587-9ae4-a41912f8aeeb,2026-03-24,23:57:54.80,2026-03-24T16:57:54.8041728-07:00,2026-03-24T23:57:54.8041728Z,LineDrive,v3,471428,471258,d6bb620095054923be50e712cd675082,"Armstrong, Ian",1000321869,Right,STM_GAE,f47fd902-c67c-46af-9e62-faf2ef3d12f3,54.25922,-132.84027,13.07384,6.07258,-4.19242,-7.14752,-1.81968,6.45752,-2.31026,234.478776,1.5166,121.04961,-26.84259,6.08651,-1.30639,0.27635,-0.0533,0.0069,-0.00039,3.05526,44.33555,-15.46182,0.46296,0.04505,-0.04303,0.01453,-0.00199,0.0001,0.40569,55.95669,2.19406,-1.52341,0.51377,-0.14348,0.03124,-0.00409,0.00023,,,,,,,,,,,,,,,,,,,,,,,High,High,High,High,High,,,,,,,,,,,,,,,,,,,,,,,,,,,,,,,,,,
91,2026-03-24,16:58:51.85,6,1,"Waldeck, Noah",832268,Right,STM_GAE,"Karliner, Noah",809626,Right,SAN_GAU,Undefined,3,Top,2,0,0,Cutter,Slider,BallCalled,Undefined,Undefined,Undefined,1,0,,83.8952,-1.982417,-2.254867,2467.079259,70.888567,8:15,5.90651,1.86947,6.00334,-38.81573,0.17185,-2.44315,0.83285,-0.42451,78.52356,-9.064904,-2.694791,0.449401,,,,,,,,,,,,0.74181,0.81315,-1.69067,50,5.72861,4.8937,-121.99277,-5.49535,1.13449,20.65887,-30.93046,STM_GAE,SAN_GAU,RonaldGallagherStad,D1,WCC,20260324-RonaldGallagherStad-1,69044820-27dd-11f1-b8ea-f9a2eeae71cc,83.87253,,,5.37164,,,,,,,c9e67c30-a63b-4587-9ae4-a41912f8aeeb,2026-03-24,23:58:51.85,2026-03-24T16:58:51.8595584-07:00,2026-03-24T23:58:51.8595584Z,,v3,471428,471258,d6bb620095054923be50e712cd675082,"Armstrong, Ian",1000321869,Right,STM_GAE,52f71212-d435-4fd4-8146-19d55b46108b,54.50144,-122.7527,10.32944,5.90982,-4.35758,-15.46523,-1.86991,4.85197,0.56725,,,,,,,,,,,,,,,,,,,,,,,,,,,,,,,,,,,,,,,,,,,,,,,,,,,High,High,High,,,,,,,,,,,,,,,,,,,,,,,,,,,,,,,,,,,,
92,2026-03-24,17:01:20.89,1,1,"Krodel, Andrew",1000242424,Right,SAN_GAU,"Sniffen, Makoa",832266,Right,STM_GAE,Undefined,3,Bottom,0,0,0,Fastball,Four-Seam,InPlay,Undefined,FlyBall,Double,0,0,,91.97073,-2.873683,-2.456963,2053.704378,220.658387,1:15,6.20423,0.99734,6.29509,-17.49855,15.06489,12.05198,2.09331,-0.26377,84.2728,-6.193377,-0.278636,0.410711,96.89408,18.024333,20.480475,4223.035175,99.79931,31.1962,46.26095,313.76106,304.86253,34.540194,3.511885,-6.97642,8.95237,-0.82228,50,5.98397,5.23992,-133.47783,-7.21699,-12.59554,28.52728,-16.01101,STM_GAE,SAN_GAU,RonaldGallagherStad,D1,WCC,20260324-RonaldGallagherStad-1,c1937c40-27dd-11f1-b8ea-f9a2eeae71cc,91.77358,38.12203,,7.69793,,,,1.04256,2.07886,0.2396,c9e67c30-a63b-4587-9ae4-a41912f8aeeb,2026-03-25,00:01:20.89,2026-03-24T17:01:20.8948736-07:00,2026-03-25T00:01:20.8948736Z,LineDrive,v3,471428,471258,d6bb620095054923be50e712cd675082,"Libed, Nico",822297,Right,SAN_GAU,49654d03-58e3-45a9-9331-889e7899da98,54.20695,-134.37394,14.26364,6.20277,-6.71404,-8.00551,-0.99309,5.63557,-6.29777,229.413108,1.04249,126.59974,-26.81452,5.88235,-1.24344,0.23156,-0.03469,0.0035,-0.00016,2.07906,43.96121,-13.99144,0.3316,0.01413,0.00279,-0.00342,0.00101,-9E-05,0.23978,47.27292,3.275,-1.48817,0.4305,-0.08678,0.01143,-0.00079,2E-05,,,,,,,,,,,,,,,,,,,,,,,High,High,High,High,High,,,,,,,,,,,,,,,,,,,,,,,,,,,,,,,,,,
93,2026-03-24,17:02:02.78,2,1,"Krodel, Andrew",1000242424,Right,SAN_GAU,"Armstrong, Ian",1000321869,Right,STM_GAE,Undefined,3,Bottom,0,0,0,Slider,Slider,BallCalled,Undefined,Undefined,Undefined,0,0,,81.01913,1.136453,0.255259,2572.88732,106.4514,9:30,6.14171,1.34396,5.70496,-37.39211,5.12666,-13.22276,4.08478,0.47991,74.72989,-5.747209,-2.110155,0.469312,,,,,,,,,,,,6.76819,2.71268,-1.35713,50,6.21375,-0.00374,-117.77214,1.10588,9.5775,20.79076,-28.33539,STM_GAE,SAN_GAU,RonaldGallagherStad,D1,WCC,20260324-RonaldGallagherStad-1,da9a3170-27dd-11f1-b8ea-f9a2eeae71cc,80.31421,,,6.28924,,,,,,,c9e67c30-a63b-4587-9ae4-a41912f8aeeb,2026-03-25,00:02:02.78,2026-03-24T17:02:02.7829248-07:00,2026-03-25T00:02:02.7829248Z,,v3,471428,471258,d6bb620095054923be50e712cd675082,"Libed, Nico",822297,Right,SAN_GAU,8b7ecbe8-48c1-4f9b-9372-bd9122e91794,54.79685,-118.61592,10.39538,6.14553,2.25586,-14.1677,-1.34909,-0.39244,4.78875,,,,,,,,,,,,,,,,,,,,,,,,,,,,,,,,,,,,,,,,,,,,,,,,,,,High,High,High,,,,,,,,,,,,,,,,,,,,,,,,,,,,,,,,,,,,
94,2026-03-24,17:02:18.12,2,2,"Krodel, Andrew",1000242424,Right,SAN_GAU,"Armstrong, Ian",1000321869,Right,STM_GAE,Undefined,3,Bottom,0,1,0,Fastball,Four-Seam,FoulBallNotFieldable,Undefined,Undefined,Undefined,0,0,,91.83242,-2.566921,-2.132847,2277.375784,192.82391,12:30,6.30931,0.95692,6.26167,-12.23075,20.46796,4.42189,2.91998,-0.64212,83.97915,-4.943895,-1.334557,0.411564,74.15513,48.792137,144.375953,4752.121848,,,,,49.38573,,,-2.90662,11.69532,-0.80092,50,6.11272,4.78651,-133.31624,-6.28083,-5.23092,28.67075,-11.12658,STM_GAE,SAN_GAU,RonaldGallagherStad,D1,WCC,20260324-RonaldGallagherStad-1,e3b4f920-27dd-11f1-b8ea-f9a2eeae71cc,91.5835,48.43914,,7.85327,,,,1.82891,2.83284,0.56917,c9e67c30-a63b-4587-9ae4-a41912f8aeeb,2026-03-25,00:02:18.12,2026-03-24T17:02:18.1288960-07:00,2026-03-25T00:02:18.1288960Z,,v3,471428,471258,d6bb620095054923be50e712cd675082,"Libed, Nico",822297,Right,SAN_GAU,af47a7a0-4e64-42fd-b950-9886f220ad0c,54.24014,-134.22502,14.33538,6.30622,-5.92815,-5.56329,-0.95527,4.95231,-2.61546,328.404864,1.82891,-58.24141,-1.42891,1.83415,-0.8614,1.09004,-1.52269,1.17106,-0.3401,2.83284,81.82356,-29.22593,3.72502,-1.02032,0.87562,-1.15891,0.85471,-0.23133,0.56917,41.73411,-8.27581,1.55039,-0.42585,0.4112,-0.56713,0.41932,-0.11341,,,,,,,,,,,,,,,,,,,,,,,High,High,High,High,Undefined,,,,,,,,,,,,,,,,,,,,,,,,,,,,,,,,,,
95,2026-03-24,17:02:40.15,2,3,"Krodel, Andrew",1000242424,Right,SAN_GAU,"Armstrong, Ian",1000321869,Right,STM_GAE,Undefined,3,Bottom,0,1,1,Fastball,Four-Seam,StrikeCalled,Undefined,Undefined,Undefined,0,0,,92.26071,-2.918578,-1.775781,2057.031834,206.621211,1:00,6.25685,0.8912,6.2781,-13.64804,18.85686,8.91107,2.4256,-0.00362,84.09866,-5.55518,-0.165408,0.410342,,,,,,,,,,,,-5.11941,10.94327,-0.76407,50,6.03414,3.77518,-133.85478,-7.1726,-9.25651,29.81132,-12.38733,STM_GAE,SAN_GAU,RonaldGallagherStad,D1,WCC,20260324-RonaldGallagherStad-1,f0e15170-27dd-11f1-b8ea-f9a2eeae71cc,91.85618,,,8.16205,,,,,,,c9e67c30-a63b-4587-9ae4-a41912f8aeeb,2026-03-25,00:02:40.15,2026-03-24T17:02:40.1575424-07:00,2026-03-25T00:02:40.1575424Z,,v3,471428,471258,d6bb620095054923be50e712cd675082,"Libed, Nico",822297,Right,SAN_GAU,2a9b687e-ae04-4622-a622-463dcf36f451,54.22159,-134.79171,14.90566,6.25345,-6.78329,-6.19367,-0.88729,4.0661,-4.62825,,,,,,,,,,,,,,,,,,,,,,,,,,,,,,,,,,,,,,,,,,,,,,,,,,,High,High,High,,,,,,,,,,,,,,,,,,,,,,,,,,,,,,,,,,,,
96,2026-03-24,17:03:00.38,2,4,"Krodel, Andrew",1000242424,Right,SAN_GAU,"Armstrong, Ian",1000321869,Right,STM_GAE,Undefined,3,Bottom,0,1,2,Fastball,Four-Seam,BallCalled,Undefined,Undefined,Undefined,0,0,,92.52853,-1.225097,-1.225475,2200.996237,213.032066,1:00,6.29754,0.74315,6.24096,-15.65871,16.41111,10.03453,3.86216,0.44878,84.82379,-4.216491,0.587261,0.407586,,,,,,,,,,,,-5.50016,9.12658,-0.65642,50,6.19822,2.45101,-134.49419,-3.31677,-10.1115,28.16608,-15.39575,STM_GAE,SAN_GAU,RonaldGallagherStad,D1,WCC,20260324-RonaldGallagherStad-1,fcdf62f0-27dd-11f1-b8ea-f9a2eeae71cc,92.47717,,,7.70474,,,,,,,c9e67c30-a63b-4587-9ae4-a41912f8aeeb,2026-03-25,00:03:00.38,2026-03-24T17:03:00.3840512-07:00,2026-03-25T00:03:00.3840512Z,,v3,471428,471258,d6bb620095054923be50e712cd675082,"Libed, Nico",822297,Right,SAN_GAU,338f646a-8e36-43ef-a100-2ff6309f621e,54.25918,-135.38322,14.08304,6.29524,-2.83082,-7.69788,-0.73882,2.77016,-5.05575,,,,,,,,,,,,,,,,,,,,,,,,,,,,,,,,,,,,,,,,,,,,,,,,,,,High,High,High,,,,,,,,,,,,,,,,,,,,,,,,,,,,,,,,,,,,
97,2026-03-24,17:03:21.04,2,5,"Krodel, Andrew",1000242424,Right,SAN_GAU,"Armstrong, Ian",1000321869,Right,STM_GAE,Undefined,3,Bottom,0,2,2,Slider,Slider,InPlay,Undefined,GroundBall,Single,0,0,,80.49776,0.643308,0.587736,2628.879456,79.696223,8:45,6.23503,1.19563,5.85449,-44.94369,-1.92992,-17.70643,3.08752,0.26622,74.1801,-7.606569,-2.592592,0.472036,94.72643,4.148621,-2.668653,1379.913958,,,,80.49126,80.49126,-2.068282,0.617834,9.27906,-0.82217,-1.2327,50,6.2607,-0.53778,-117.05687,-0.14758,12.88953,21.85728,-33.31614,STM_GAE,SAN_GAU,RonaldGallagherStad,D1,WCC,20260324-RonaldGallagherStad-1,093c0f30-27de-11f1-b8ea-f9a2eeae71cc,79.85077,4.11753,,6.31766,,,,1.51286,3.14901,-0.26755,c9e67c30-a63b-4587-9ae4-a41912f8aeeb,2026-03-25,00:03:21.04,2026-03-24T17:03:21.0454528-07:00,2026-03-25T00:03:21.0454528Z,GroundBall,v3,471428,471258,d6bb620095054923be50e712cd675082,"Libed, Nico",822297,Right,SAN_GAU,74c51650-db38-4087-8694-1b6e0edd003b,54.6499,-117.92192,10.92864,6.24045,1.17097,-16.65807,-1.20132,-1.04791,6.44476,341.1868,1.5324,137.99163,-16.68196,,,,,,,3.18543,9.25391,-23.41186,,,,,,,-0.27601,-6.26625,3.27562,,,,,,,,,,,,,,,,,,,,,,,,,,,,,High,High,High,High,High,,,,,,,,,,,,,,,,,,,,,,,,,,,,,,,,,,
98,2026-03-24,17:08:11.46,3,1,"Krodel, Andrew",1000242424,Right,SAN_GAU,"Petit, Brady",832259,Right,STM_GAE,Undefined,3,Bottom,0,0,0,Fastball,Four-Seam,StrikeCalled,Undefined,Undefined,Undefined,0,0,,93.15634,-2.655782,-1.948529,2156.571475,206.006612,12:45,6.34212,0.90142,6.16738,-12.41261,19.43643,8.99186,2.85137,-0.14984,85.27563,-5.055399,-0.327409,0.406181,,,,,,,,,,,,-5.16555,11.07071,-0.75809,50,6.13402,4.21523,-135.21913,-6.59043,-9.58345,28.91819,-11.63492,STM_GAE,SAN_GAU,RonaldGallagherStad,D1,WCC,20260324-RonaldGallagherStad-1,b658ec60-27de-11f1-b8ea-f9a2eeae71cc,92.7972,,,7.88071,,,,,,,c9e67c30-a63b-4587-9ae4-a41912f8aeeb,2026-03-25,00:08:11.46,2026-03-24T17:08:11.4662400-07:00,2026-03-25T00:08:11.4662400Z,,v3,471428,471258,d6bb620095054923be50e712cd675082,"Libed, Nico",822297,Right,SAN_GAU,7b73ca44-602d-4318-b0e9-3b836a4dca39,54.33308,-136.14266,14.45909,6.33855,-6.21887,-5.81746,-0.8976,4.52129,-4.79173,,,,,,,,,,,,,,,,,,,,,,,,,,,,,,,,,,,,,,,,,,,,,,,,,,,High,High,High,,,,,,,,,,,,,,,,,,,,,,,,,,,,,,,,,,,,
99,2026-03-24,17:08:27.79,3,2,"Krodel, Andrew",1000242424,Right,SAN_GAU,"Petit, Brady",832259,Right,STM_GAE,Undefined,3,Bottom,0,0,1,Fastball,Four-Seam,StrikeCalled,Undefined,Undefined,Undefined,0,0,,92.95841,-2.766009,-2.088517,2071.230835,197.743807,12:30,6.29281,0.71485,6.42285,-11.40465,20.50222,6.21571,2.79609,-0.6879,84.51445,-5.007983,-0.962825,0.406549,,,,,,,,,,,,-3.8424,11.81603,-0.56838,50,6.08963,4.6585,-134.85996,-6.76201,-7.03704,30.85018,-10.53402,STM_GAE,SAN_GAU,RonaldGallagherStad,D1,WCC,20260324-RonaldGallagherStad-1,c009d990-27de-11f1-b8ea-f9a2eeae71cc,92.71306,,,8.44396,,,,,,,c9e67c30-a63b-4587-9ae4-a41912f8aeeb,2026-03-25,00:08:27.79,2026-03-24T17:08:27.7990400-07:00,2026-03-25T00:08:27.7990400Z,,v3,471428,471258,d6bb620095054923be50e712cd675082,"Libed, Nico",822297,Right,SAN_GAU,d3c7ba06-38f6-41fd-b7ee-7b6a1016043f,54.07637,-135.78926,15.42509,6.28854,-6.4447,-5.26701,-0.7119,4.87048,-3.51852,,,,,,,,,,,,,,,,,,,,,,,,,,,,,,,,,,,,,,,,,,,,,,,,,,,High,High,High,,,,,,,,,,,,,,,,,,,,,,,,,,,,,,,,,,,,
100,2026-03-24,17:09:05.10,3,3,"Krodel, Andrew",1000242424,Right,SAN_GAU,"Petit, Brady",832259,Right,STM_GAE,Undefined,3,Bottom,0,0,2,Fastball,Four-Seam,BallCalled,Undefined,Undefined,Undefined,0,0,,92.96027,-1.720987,-3.110836,2182.051421,216.608091,1:15,6.23805,0.76516,6.47753,-15.63847,15.93064,11.11091,3.35166,-1.16842,85.19327,-4.717733,-1.098238,0.404392,,,,,,,,,,,,-6.63036,9.09213,-0.55051,50,6.10949,6.88236,-134.9875,-4.48437,-12.27546,28.44844,-15.34089,STM_GAE,SAN_GAU,RonaldGallagherStad,D1,WCC,20260324-RonaldGallagherStad-1,d650f990-27de-11f1-b8ea-f9a2eeae71cc,93.20767,,,7.76699,,,,,,,c9e67c30-a63b-4587-9ae4-a41912f8aeeb,2026-03-25,00:09:05.10,2026-03-24T17:09:05.1027456-07:00,2026-03-25T00:09:05.1027456Z,,v3,471428,471258,d6bb620095054923be50e712cd675082,"Libed, Nico",822297,Right,SAN_GAU,77289d1f-c00a-49c9-9734-435a96c9f63a,54.02343,-135.83279,14.22422,6.23596,-4.02855,-7.67045,-0.76043,7.2471,-6.13773,,,,,,,,,,,,,,,,,,,,,,,,,,,,,,,,,,,,,,,,,,,,,,,,,,,High,High,High,,,,,,,,,,,,,,,,,,,,,,,,,,,,,,,,,,,,
101,2026-03-24,17:09:19.27,3,4,"Krodel, Andrew",1000242424,Right,SAN_GAU,"Petit, Brady",832259,Right,STM_GAE,Undefined,3,Bottom,0,1,2,ChangeUp,Changeup,FoulBallNotFieldable,Undefined,Undefined,Undefined,0,0,,82.16481,-2.393543,-3.24342,1913.494436,260.735561,2:45,6.07089,1.0742,6.11098,-37.07187,3.8687,16.19068,0.76343,-0.57896,76.0706,-9.212719,-0.323324,0.46052,,,,,,,,,,,,-9.30276,2.96799,-0.83367,50,5.86708,6.1702,-119.26329,-6.14441,-13.46262,21.91346,-27.87886,STM_GAE,SAN_GAU,RonaldGallagherStad,D1,WCC,20260324-RonaldGallagherStad-1,debda6f0-27de-11f1-b8ea-f9a2eeae71cc,81.84757,,,6.09421,,,,,,,c9e67c30-a63b-4587-9ae4-a41912f8aeeb,2026-03-25,00:09:19.27,2026-03-24T17:09:19.2723968-07:00,2026-03-25T00:09:19.2723968Z,,v3,471428,471258,d6bb620095054923be50e712cd675082,"Libed, Nico",822297,Right,SAN_GAU,8ac6d345-889c-4f98-a7fc-369eb0743276,54.39309,-120.06777,10.95673,6.07386,-5.12094,-13.93943,-1.06926,6.66443,-6.73131,,,,,,,,,,,,,,,,,,,,,,,,,,,,,,,,,,,,,,,,,,,,,,,,,,,High,High,High,,,,,,,,,,,,,,,,,,,,,,,,,,,,,,,,,,,,
102,2026-03-24,17:09:43.06,3,5,"Krodel, Andrew",1000242424,Right,SAN_GAU,"Petit, Brady",832259,Right,STM_GAE,Undefined,3,Bottom,0,1,2,Fastball,Four-Seam,StrikeSwinging,Strikeout,Undefined,Undefined,0,0,,93.21852,-3.003196,-1.920805,2312.417093,203.921165,12:45,6.24798,0.61031,6.38064,-13.1215,18.30328,7.69815,2.38753,-0.51597,85.76285,-5.526245,-0.527193,0.403467,,,,,,,,,,,,-4.51284,10.62414,-0.47522,50,6.02487,4.22474,-135.37884,-7.44394,-8.42901,27.77485,-12.33048,STM_GAE,SAN_GAU,RonaldGallagherStad,D1,WCC,20260324-RonaldGallagherStad-1,ecf6b450-27de-11f1-b8ea-f9a2eeae71cc,93.42145,,,7.45566,,,,,,,c9e67c30-a63b-4587-9ae4-a41912f8aeeb,2026-03-25,00:09:43.06,2026-03-24T17:09:43.0645248-07:00,2026-03-25T00:09:43.0645248Z,,v3,471428,471258,d6bb620095054923be50e712cd675082,"Libed, Nico",822297,Right,SAN_GAU,fd3ad633-2db4-4fda-8aba-e92c76693746,54.12082,-136.22166,13.88742,6.24507,-7.06978,-6.16524,-0.6073,4.48052,-4.2145,,,,,,,,,,,,,,,,,,,,,,,,,,,,,,,,,,,,,,,,,,,,,,,,,,,High,High,High,,,,,,,,,,,,,,,,,,,,,,,,,,,,,,,,,,,,
103,2026-03-24,17:10:15.05,4,1,"Krodel, Andrew",1000242424,Right,SAN_GAU,"Castellanos, Diego",1000151796,Left,STM_GAE,Undefined,3,Bottom,1,0,0,ChangeUp,Changeup,InPlay,Undefined,Bunt,Single,0,1,,82.06661,-0.487607,-3.830153,1855.344505,252.560408,2:30,5.98296,1.36939,6.20736,-34.02356,6.94229,18.06572,2.69658,-0.66569,75.39277,-6.81752,-0.574178,0.460662,,,,,,,,,,,,-10.4541,4.09492,-1.09052,50,5.92906,7.31615,-119.12314,-2.03741,-15.05804,22.36434,-26.27572,STM_GAE,SAN_GAU,RonaldGallagherStad,D1,WCC,20260324-RonaldGallagherStad-1,000146f0-27df-11f1-b8ea-f9a2eeae71cc,81.82233,,,6.67384,,,,,,,c9e67c30-a63b-4587-9ae4-a41912f8aeeb,2026-03-25,00:10:15.05,2026-03-24T17:10:15.0515712-07:00,2026-03-25T00:10:15.0515712Z,,v3,471428,471258,d6bb620095054923be50e712cd675082,"Libed, Nico",822297,Right,SAN_GAU,f15b8f43-7396-4b0a-8bb3-3acf58386991,54.29589,-119.92695,11.18217,5.98532,-1.09302,-13.13786,-1.3632,7.85735,-7.52902,,,,,,,,,,,,,,,,,,,,,,,,,,,,,,,,,,,,,,,,,,,,,,,,,,,High,High,High,,,,,,,,,,,,,,,,,,,,,,,,,,,,,,,,,,,,
104,2026-03-24,17:10:59.56,5,1,"Krodel, Andrew",1000242424,Right,SAN_GAU,"Freschi, Dario",10282272,Left,STM_GAE,Undefined,3,Bottom,1,0,0,Curveball,Curveball,StrikeSwinging,Undefined,Undefined,Undefined,0,0,,74.68569,0.596634,0.535929,2275.743865,33.279321,7:00,6.25425,0.95179,6.1757,-65.32811,-15.83316,-11.37012,1.36132,0.49926,69.25075,-11.354643,-1.525712,0.506351,,,,,,,,,,,,6.07154,-7.9843,-0.98659,50,6.26621,-0.63737,-108.70623,-0.80434,7.23872,19.70451,-41.69327,STM_GAE,SAN_GAU,RonaldGallagherStad,D1,WCC,20260324-RonaldGallagherStad-1,1a948f90-27df-11f1-b8ea-f9a2eeae71cc,74.4393,,,5.43494,,,,,,,c9e67c30-a63b-4587-9ae4-a41912f8aeeb,2026-03-25,00:10:59.56,2026-03-24T17:10:59.5604480-07:00,2026-03-25T00:10:59.5604480Z,,v3,471428,471258,d6bb620095054923be50e712cd675082,"Libed, Nico",822297,Right,SAN_GAU,897dbfb2-1d3d-47fb-b5aa-ef57e1f68065,54.33166,-109.48859,9.85225,6.26529,0.85107,-20.84663,-0.95558,-0.92478,3.61936,,,,,,,,,,,,,,,,,,,,,,,,,,,,,,,,,,,,,,,,,,,,,,,,,,,High,High,High,,,,,,,,,,,,,,,,,,,,,,,,,,,,,,,,,,,,
105,2026-03-24,17:11:14.99,5,2,"Krodel, Andrew",1000242424,Right,SAN_GAU,"Freschi, Dario",10282272,Left,STM_GAE,Undefined,3,Bottom,1,0,1,Curveball,Curveball,BallCalled,Undefined,Undefined,Undefined,0,0,,74.34008,2.329448,1.675889,2309.374819,24.139596,6:45,6.24243,0.76164,5.4442,-67.15019,-15.71044,-7.74752,2.82987,1.68565,68.53596,-9.833004,0.294092,0.516203,,,,,,,,,,,,4.34988,-7.98721,-0.90442,50,6.40231,-2.86558,-107.94781,2.14652,5.12532,19.04189,-41.58514,STM_GAE,SAN_GAU,RonaldGallagherStad,D1,WCC,20260324-RonaldGallagherStad-1,23c57750-27df-11f1-b8ea-f9a2eeae71cc,73.01858,,,5.80411,,,,,,,c9e67c30-a63b-4587-9ae4-a41912f8aeeb,2026-03-25,00:11:14.99,2026-03-24T17:11:14.9969408-07:00,2026-03-25T00:11:14.9969408Z,,v3,471428,471258,d6bb620095054923be50e712cd675082,"Libed, Nico",822297,Right,SAN_GAU,294cc0da-f25c-44f6-a825-bb98c98e5c42,55.06227,-108.83713,9.52095,6.25671,4.08867,-20.79257,-0.765,-3.10495,2.56266,,,,,,,,,,,,,,,,,,,,,,,,,,,,,,,,,,,,,,,,,,,,,,,,,,,High,High,High,,,,,,,,,,,,,,,,,,,,,,,,,,,,,,,,,,,,
106,2026-03-24,17:11:34.44,5,3,"Krodel, Andrew",1000242424,Right,SAN_GAU,"Freschi, Dario",10282272,Left,STM_GAE,Undefined,3,Bottom,1,1,1,Curveball,Curveball,StrikeSwinging,Undefined,Undefined,Undefined,0,0,,74.23001,0.299629,0.18467,2519.976834,27.207403,7:00,6.33803,0.6363,5.22506,-72.63823,-19.96851,-11.19012,0.56655,-0.12259,68.17064,-12.751418,-1.812004,0.522338,,,,,,,,,,,,5.72177,-9.77678,-0.64441,50,6.31019,0.06816,-107.75554,-1.88262,6.60761,21.8354,-43.4644,STM_GAE,SAN_GAU,RonaldGallagherStad,D1,WCC,20260324-RonaldGallagherStad-1,2f5d9b10-27df-11f1-b8ea-f9a2eeae71cc,72.16098,,,6.05937,,,,,,,c9e67c30-a63b-4587-9ae4-a41912f8aeeb,2026-03-25,00:11:34.44,2026-03-24T17:11:34.4449536-07:00,2026-03-25T00:11:34.4449536Z,,v3,471428,471258,d6bb620095054923be50e712cd675082,"Libed, Nico",822297,Right,SAN_GAU,3ded1f25-5848-42e4-ac9d-ba6b17e731ea,55.28204,-108.82062,10.9177,6.35031,0.23747,-21.7322,-0.63987,-0.25414,3.30381,,,,,,,,,,,,,,,,,,,,,,,,,,,,,,,,,,,,,,,,,,,,,,,,,,,High,High,High,,,,,,,,,,,,,,,,,,,,,,,,,,,,,,,,,,,,
107,2026-03-24,17:12:08.68,5,4,"Krodel, Andrew",1000242424,Right,SAN_GAU,"Freschi, Dario",10282272,Left,STM_GAE,Undefined,3,Bottom,1,1,2,Curveball,Curveball,FoulBallNotFieldable,Undefined,Undefined,Undefined,0,0,,74.74308,2.754673,0.915701,2395.645167,26.947433,7:00,6.38659,0.83531,5.39054,-68.84496,-17.66217,-9.8039,3.23371,0.87665,68.6108,-9.712825,-0.831233,0.514912,,,,,,,,,,,,5.22646,-9.3178,-0.90982,50,6.58342,-1.36963,-108.49828,2.9222,6.19389,20.01193,-43.21665,STM_GAE,SAN_GAU,RonaldGallagherStad,D1,WCC,20260324-RonaldGallagherStad-1,43d07040-27df-11f1-b8ea-f9a2eeae71cc,73.20166,,,6.13227,,,,,,,c9e67c30-a63b-4587-9ae4-a41912f8aeeb,2026-03-25,00:12:08.68,2026-03-24T17:12:08.6865920-07:00,2026-03-25T00:12:08.6865920Z,,v3,471428,471258,d6bb620095054923be50e712cd675082,"Libed, Nico",822297,Right,SAN_GAU,20c9458e-f2dc-4543-97c3-151d2e43cbba,55.11665,-109.43795,10.00596,6.39856,4.95146,-21.60832,-0.83867,-1.66046,3.09695,,,,,,,,,,,,,,,,,,,,,,,,,,,,,,,,,,,,,,,,,,,,,,,,,,,High,High,High,,,,,,,,,,,,,,,,,,,,,,,,,,,,,,,,,,,,
108,2026-03-24,17:12:35.45,5,5,"Krodel, Andrew",1000242424,Right,SAN_GAU,"Freschi, Dario",10282272,Left,STM_GAE,Undefined,3,Bottom,1,1,2,Curveball,Curveball,BallCalled,Undefined,Undefined,Undefined,0,0,,75.48406,3.302979,0.473963,2336.278288,29.647983,7:00,6.31398,0.8332,6.39752,-64.04153,-15.38044,-9.69174,4.0184,0.46146,68.65035,-8.555717,-1.283991,0.502068,,,,,,,,,,,,5.14796,-8.40516,-0.86333,50,6.52375,-0.56829,-109.60064,4.42066,6.17807,21.78847,-42.26113,STM_GAE,SAN_GAU,RonaldGallagherStad,D1,WCC,20260324-RonaldGallagherStad-1,53bde460-27df-11f1-b8ea-f9a2eeae71cc,75.0744,,,6.83372,,,,,,,c9e67c30-a63b-4587-9ae4-a41912f8aeeb,2026-03-25,00:12:35.45,2026-03-24T17:12:35.4564608-07:00,2026-03-25T00:12:35.4564608Z,,v3,471428,471258,d6bb620095054923be50e712cd675082,"Libed, Nico",822297,Right,SAN_GAU,527f5669-f429-4524-b06c-8d94f6237154,54.10701,-110.41409,10.89424,6.32926,5.99844,-21.13056,-0.83781,-0.79894,3.08904,,,,,,,,,,,,,,,,,,,,,,,,,,,,,,,,,,,,,,,,,,,,,,,,,,,High,High,High,,,,,,,,,,,,,,,,,,,,,,,,,,,,,,,,,,,,
109,2026-03-24,17:12:51.70,5,6,"Krodel, Andrew",1000242424,Right,SAN_GAU,"Freschi, Dario",10282272,Left,STM_GAE,Undefined,3,Bottom,1,2,2,Curveball,Curveball,BallCalled,Undefined,Undefined,Undefined,0,0,,78.27598,3.551971,1.996298,2412.739889,53.725616,7:45,6.18581,1.15804,5.43013,-52.01235,-5.78335,-9.70934,5.18445,2.21938,71.96743,-5.915427,0.271173,0.48936,,,,,,,,,,,,5.36803,-3.35666,-1.32821,50,6.46508,-3.57069,-113.51931,5.25411,7.05596,19.35879,-36.58617,STM_GAE,SAN_GAU,RonaldGallagherStad,D1,WCC,20260324-RonaldGallagherStad-1,5d727b10-27df-11f1-b8ea-f9a2eeae71cc,77.02392,,,6.30856,,,,,,,c9e67c30-a63b-4587-9ae4-a41912f8aeeb,2026-03-25,00:12:51.70,2026-03-24T17:12:51.7046784-07:00,2026-03-25T00:12:51.7046784Z,,v3,471428,471258,d6bb620095054923be50e712cd675082,"Libed, Nico",822297,Right,SAN_GAU,17ab9884-167a-4ae9-90e5-8656276d079b,55.07348,-114.38124,9.67939,6.19488,6.88305,-18.29308,-1.16223,-3.88484,3.52798,,,,,,,,,,,,,,,,,,,,,,,,,,,,,,,,,,,,,,,,,,,,,,,,,,,High,High,High,,,,,,,,,,,,,,,,,,,,,,,,,,,,,,,,,,,,
110,2026-03-24,17:13:08.69,5,7,"Krodel, Andrew",1000242424,Right,SAN_GAU,"Freschi, Dario",10282272,Left,STM_GAE,Undefined,3,Bottom,1,3,2,ChangeUp,Changeup,FoulBallNotFieldable,Undefined,Undefined,Undefined,0,0,,81.45377,1.089049,-1.862888,1732.063175,245.653442,2:15,6.01385,1.33284,6.33158,-32.26222,9.41721,17.74202,4.32883,1.09531,73.98771,-4.984869,1.346711,0.464657,70.5507,58.197204,177.444909,4062.633586,,,,,39.6142,,,-9.82737,4.9726,-1.20518,50,6.07803,3.20527,-118.31121,1.33142,-13.81329,24.32754,-25.18462,STM_GAE,SAN_GAU,RonaldGallagherStad,D1,WCC,20260324-RonaldGallagherStad-1,677cd2e0-27df-11f1-b8ea-f9a2eeae71cc,81.1189,54.35926,,7.46605,,,,1.51753,4.38365,-1.08219,c9e67c30-a63b-4587-9ae4-a41912f8aeeb,2026-03-25,00:13:08.69,2026-03-24T17:13:08.6918144-07:00,2026-03-25T00:13:08.6918144Z,,v3,471428,471258,d6bb620095054923be50e712cd675082,"Libed, Nico",822297,Right,SAN_GAU,5f4f0fef-68cb-4cc2-97d7-0498b0506e09,54.16988,-119.16555,12.16377,6.01575,2.21586,-12.59231,-1.32626,3.69037,-6.90664,351.880241,1.51753,-54.47641,-0.61584,0.6231,-0.20215,0.05738,-0.01495,0.0032,-0.00038,4.38365,87.9393,-31.51623,4.51969,-1.00515,0.21797,-0.0503,0.01071,-0.0015,-1.08219,2.43097,-2.90597,1.25315,-0.34711,0.09073,-0.02288,0.00513,-0.00071,,,,,,,,,,,,,,,,,,,,,,,High,High,High,High,Undefined,,,,,,,,,,,,,,,,,,,,,,,,,,,,,,,,,,
111,2026-03-24,17:13:30.70,5,8,"Krodel, Andrew",1000242424,Right,SAN_GAU,"Freschi, Dario",10282272,Left,STM_GAE,Undefined,3,Bottom,1,3,2,Fastball,Four-Seam,BallCalled,Walk,Undefined,Undefined,0,0,,93.03429,-3.585785,-0.79958,2189.504235,203.947823,12:45,6.13172,0.98908,6.19652,-12.13898,20.20387,8.45902,1.80508,0.95577,84.17536,-5.956193,0.7274,0.409318,,,,,,,,,,,,-4.60792,11.89776,-0.93291,50,5.85515,1.51595,-134.81344,-8.73294,-8.38037,32.53058,-10.53566,STM_GAE,SAN_GAU,RonaldGallagherStad,D1,WCC,20260324-RonaldGallagherStad-1,74a47040-27df-11f1-b8ea-f9a2eeae71cc,92.08599,,,8.85893,,,,,,,c9e67c30-a63b-4587-9ae4-a41912f8aeeb,2026-03-25,00:13:30.70,2026-03-24T17:13:30.7003904-07:00,2026-03-25T00:13:30.7003904Z,,v3,471428,471258,d6bb620095054923be50e712cd675082,"Libed, Nico",822297,Right,SAN_GAU,57aacfc0-b0ca-4e6f-8665-c110bf3723f3,54.30207,-135.84756,16.26529,6.12744,-8.39802,-5.26783,-0.98534,1.78236,-4.19019,,,,,,,,,,,,,,,,,,,,,,,,,,,,,,,,,,,,,,,,,,,,,,,,,,,High,High,High,,,,,,,,,,,,,,,,,,,,,,,,,,,,,,,,,,,,
112,2026-03-24,17:14:01.36,6,1,"Krodel, Andrew",1000242424,Right,SAN_GAU,"Gutierrez, Brayden",1000279529,Right,STM_GAE,Undefined,3,Bottom,1,0,0,Fastball,Four-Seam,BallCalled,Undefined,Undefined,Undefined,0,0,,94.78707,-4.053184,-2.699599,2329.659485,197.43563,12:30,6.18559,0.68054,6.35094,-9.82217,21.52855,6.37768,1.6257,-1.27483,84.91865,-6.026074,-1.54714,0.402991,,,,,,,,,,,,-4.20945,12.88698,-0.48717,50,5.88561,6.18153,-137.0422,-9.89128,-7.83592,36.25833,-8.18495,STM_GAE,SAN_GAU,RonaldGallagherStad,D1,WCC,20260324-RonaldGallagherStad-1,86e74610-27df-11f1-b8ea-f9a2eeae71cc,93.53177,,,9.86842,,,,,,,c9e67c30-a63b-4587-9ae4-a41912f8aeeb,2026-03-25,00:14:01.36,2026-03-24T17:14:01.3699584-07:00,2026-03-25T00:14:01.3699584Z,,v3,471428,471258,d6bb620095054923be50e712cd675082,"Libed, Nico",822297,Right,SAN_GAU,fe1cd474-46d1-4215-a150-bda026c1df49,54.14584,-138.13474,18.12917,6.17994,-9.64465,-4.09248,-0.67699,6.41764,-3.91796,,,,,,,,,,,,,,,,,,,,,,,,,,,,,,,,,,,,,,,,,,,,,,,,,,,High,High,High,,,,,,,,,,,,,,,,,,,,,,,,,,,,,,,,,,,,
113,2026-03-24,17:14:17.33,6,2,"Krodel, Andrew",1000242424,Right,SAN_GAU,"Gutierrez, Brayden",1000279529,Right,STM_GAE,Undefined,3,Bottom,1,1,0,Fastball,Four-Seam,BallCalled,Undefined,Undefined,Undefined,0,0,,93.46349,-4.37373,-2.586601,2316.886755,196.716989,12:30,6.16011,0.62379,6.34119,-10.44371,21.5656,6.12599,1.25104,-1.24876,84.46142,-6.443289,-1.479628,0.407201,,,,,,,,,,,,-3.97898,12.90489,-0.43813,50,5.83568,5.8451,-135.19798,-10.55178,-7.27283,32.90382,-8.58619,STM_GAE,SAN_GAU,RonaldGallagherStad,D1,WCC,20260324-RonaldGallagherStad-1,906a6c80-27df-11f1-b8ea-f9a2eeae71cc,92.5646,,,9.00207,,,,,,,c9e67c30-a63b-4587-9ae4-a41912f8aeeb,2026-03-25,00:14:17.33,2026-03-24T17:14:17.3320704-07:00,2026-03-25T00:14:17.3320704Z,,v3,471428,471258,d6bb620095054923be50e712cd675082,"Libed, Nico",822297,Right,SAN_GAU,cdc4f706-2f59-4f5f-b739-a2b286be9971,54.15694,-136.20592,16.45191,6.15488,-10.28876,-4.29309,-0.62059,6.06789,-3.63641,,,,,,,,,,,,,,,,,,,,,,,,,,,,,,,,,,,,,,,,,,,,,,,,,,,High,High,High,,,,,,,,,,,,,,,,,,,,,,,,,,,,,,,,,,,,
114,2026-03-24,17:14:35.49,6,3,"Krodel, Andrew",1000242424,Right,SAN_GAU,"Gutierrez, Brayden",1000279529,Right,STM_GAE,Undefined,3,Bottom,1,2,0,ChangeUp,Changeup,StrikeSwinging,Undefined,Undefined,Undefined,0,0,,83.57513,-1.987021,-2.259287,1878.913861,244.51557,2:15,5.95129,1.06882,6.28715,-29.76982,10.09945,18.24706,1.63703,0.50612,75.92628,-7.571437,1.04258,0.454455,,,,,,,,,,,,-10.22701,6.27992,-0.91089,50,5.79038,4.10174,-121.25945,-5.08068,-15.03608,26.48868,-22.94105,STM_GAE,SAN_GAU,RonaldGallagherStad,D1,WCC,20260324-RonaldGallagherStad-1,9b472f80-27df-11f1-b8ea-f9a2eeae71cc,82.93991,,,7.64884,,,,,,,c9e67c30-a63b-4587-9ae4-a41912f8aeeb,2026-03-25,00:14:35.49,2026-03-24T17:14:35.4951680-07:00,2026-03-25T00:14:35.4951680Z,,v3,471428,471258,d6bb620095054923be50e712cd675082,"Libed, Nico",822297,Right,SAN_GAU,5abae9c3-c0b6-41c8-9122-04ae54a99c4b,54.21394,-122.1765,13.24434,5.95253,-4.28645,-11.47053,-1.0619,4.62229,-7.51804,,,,,,,,,,,,,,,,,,,,,,,,,,,,,,,,,,,,,,,,,,,,,,,,,,,High,High,High,,,,,,,,,,,,,,,,,,,,,,,,,,,,,,,,,,,,
115,2026-03-24,17:14:49.86,6,4,"Krodel, Andrew",1000242424,Right,SAN_GAU,"Gutierrez, Brayden",1000279529,Right,STM_GAE,Undefined,3,Bottom,1,2,1,ChangeUp,Changeup,StrikeSwinging,Undefined,Undefined,Undefined,0,0,,84.45032,-1.634132,-2.227755,1924.172801,244.233701,2:15,5.97199,1.16201,6.35806,-29.09584,9.34516,16.87832,2.04177,0.51711,77.60385,-7.074986,0.830197,0.44624,,,,,,,,,,,,-9.4526,5.68359,-1.00824,50,5.83979,4.1522,-122.71709,-4.36075,-14.42463,24.12536,-23.50093,STM_GAE,SAN_GAU,RonaldGallagherStad,D1,WCC,20260324-RonaldGallagherStad-1,a3d2af80-27df-11f1-b8ea-f9a2eeae71cc,84.46666,,,6.84646,,,,,,,c9e67c30-a63b-4587-9ae4-a41912f8aeeb,2026-03-25,00:14:49.86,2026-03-24T17:14:49.8668032-07:00,2026-03-25T00:14:49.8668032Z,,v3,471428,471258,d6bb620095054923be50e712cd675082,"Libed, Nico",822297,Right,SAN_GAU,a823451e-57d9-416a-8ed5-c4337b6c11a0,54.14454,-123.5292,12.06268,5.97327,-3.56967,-11.75047,-1.15619,4.63775,-7.21232,,,,,,,,,,,,,,,,,,,,,,,,,,,,,,,,,,,,,,,,,,,,,,,,,,,High,High,High,,,,,,,,,,,,,,,,,,,,,,,,,,,,,,,,,,,,
116,2026-03-24,17:15:04.94,6,5,"Krodel, Andrew",1000242424,Right,SAN_GAU,"Gutierrez, Brayden",1000279529,Right,STM_GAE,Undefined,3,Bottom,1,2,2,ChangeUp,Changeup,StrikeSwinging,Strikeout,Undefined,Undefined,0,0,,84.43875,-1.747763,-1.377383,1968.213313,250.833666,2:15,5.96451,1.04855,6.37035,-32.01903,6.9115,15.95737,1.68706,1.11066,76.71523,-7.74126,1.51704,0.449073,,,,,,,,,,,,-8.78969,4.55166,-0.9562,50,5.82343,2.35222,-122.59369,-4.69638,-13.19042,27.38541,-25.34349,STM_GAE,SAN_GAU,RonaldGallagherStad,D1,WCC,20260324-RonaldGallagherStad-1,acdbeb00-27df-11f1-b8ea-f9a2eeae71cc,83.93397,,,7.72352,,,,,,,c9e67c30-a63b-4587-9ae4-a41912f8aeeb,2026-03-25,00:15:04.94,2026-03-24T17:15:04.9447936-07:00,2026-03-25T00:15:04.9447936Z,,v3,471428,471258,d6bb620095054923be50e712cd675082,"Libed, Nico",822297,Right,SAN_GAU,da78bb8d-1c72-401a-919a-a86b0d13f3a9,54.13065,-123.51296,13.69271,5.96679,-3.84565,-12.67175,-1.04259,2.795,-6.59521,,,,,,,,,,,,,,,,,,,,,,,,,,,,,,,,,,,,,,,,,,,,,,,,,,,High,High,High,,,,,,,,,,,,,,,,,,,,,,,,,,,,,,,,,,,,
117,2026-03-24,17:15:34.59,7,1,"Krodel, Andrew",1000242424,Right,SAN_GAU,"Mettam, Jared",703664,Right,STM_GAE,Undefined,3,Bottom,2,0,0,Fastball,Four-Seam,InPlay,Undefined,LineDrive,Single,0,2,,92.3857,-3.123523,-0.88144,2401.201959,201.910532,12:45,6.20479,0.69488,6.62517,-12.8132,19.32584,7.32493,2.27357,0.49807,83.83568,-5.631252,0.451612,0.408026,95.17326,9.391098,3.430639,1736.062069,109.40786,11.43042,11.39322,198.25967,198.25967,8.320264,1.803554,-4.13898,11.47603,-0.63791,50,5.98726,1.77528,-134.09194,-7.60538,-7.46152,31.6694,-11.48571,STM_GAE,SAN_GAU,RonaldGallagherStad,D1,WCC,20260324-RonaldGallagherStad-1,be6ed1c0-27df-11f1-b8ea-f9a2eeae71cc,92.37758,11.47818,,8.55002,,,,0.71958,2.18716,-0.51001,c9e67c30-a63b-4587-9ae4-a41912f8aeeb,2026-03-25,00:15:34.59,2026-03-24T17:15:34.5916928-07:00,2026-03-25T00:15:34.5916928Z,LineDrive,v3,471428,471258,d6bb620095054923be50e712cd675082,"Libed, Nico",822297,Right,SAN_GAU,be9ca6ad-6d2a-49f8-b65b-00462a77117a,53.87531,-135.00409,15.8347,6.20155,-7.27456,-5.74285,-0.69214,1.99019,-3.73076,240.390292,0.71959,137.4697,-20.60686,3.39393,-0.80726,0.3711,-0.2034,0.06564,-0.00871,2.18715,22.777,-14.59435,0.81331,0.00938,-0.14268,0.11528,-0.04098,0.00566,-0.51003,8.24151,7.44054,-2.60844,1.06495,-0.77611,0.48212,-0.16257,0.02212,,,,,,,,,,,,,,,,,,,,,,,High,High,High,High,High,,,,,,,,,,,,,,,,,,,,,,,,,,,,,,,,,,
118,2026-03-24,17:16:20.02,8,1,"Krodel, Andrew",1000242424,Right,SAN_GAU,"Griffith, Tanner",1000125250,Left,STM_GAE,Undefined,3,Bottom,2,0,0,Curveball,Curveball,StrikeCalled,Undefined,Undefined,Undefined,0,0,,75.66028,1.647146,0.479464,2306.311848,38.44706,7:15,6.32392,0.72646,5.94916,-64.94039,-15.95438,-13.92627,2.44046,0.01066,69.44834,-10.231391,-2.031232,0.503741,,,,,,,,,,,,7.28296,-8.18949,-0.75689,50,6.41892,-0.42143,-109.97351,1.11648,8.8313,21.29618,-42.10464,STM_GAE,SAN_GAU,RonaldGallagherStad,D1,WCC,20260324-RonaldGallagherStad-1,d998b510-27df-11f1-b8ea-f9a2eeae71cc,74.82499,,,6.21194,,,,,,,c9e67c30-a63b-4587-9ae4-a41912f8aeeb,2026-03-25,00:16:20.02,2026-03-24T17:16:20.0260608-07:00,2026-03-25T00:16:20.0260608Z,,v3,471428,471258,d6bb620095054923be50e712cd675082,"Libed, Nico",822297,Right,SAN_GAU,5da0368a-0698-49bd-81c9-43a4698f808e,54.55713,-110.85248,10.64809,6.33698,2.85428,-21.05232,-0.73197,-0.78593,4.41565,,,,,,,,,,,,,,,,,,,,,,,,,,,,,,,,,,,,,,,,,,,,,,,,,,,High,High,High,,,,,,,,,,,,,,,,,,,,,,,,,,,,,,,,,,,,
119,2026-03-24,17:16:35.34,8,2,"Krodel, Andrew",1000242424,Right,SAN_GAU,"Griffith, Tanner",1000125250,Left,STM_GAE,Undefined,3,Bottom,2,0,1,ChangeUp,Changeup,InPlay,Undefined,FlyBall,Out,1,0,,83.8869,-1.709151,-3.037382,1971.913426,246.452146,2:15,5.9637,1.3642,6.4766,-30.44159,8.69217,16.91485,1.85469,-0.01813,76.50808,-7.424273,0.031598,0.450243,94.6319,34.211649,5.637342,3167.599764,109.5345,71.51045,10.10779,317.30022,316.85046,4.998113,5.464008,-9.81197,5.44595,-1.15743,50,5.82976,5.84824,-121.75219,-4.51001,-14.61404,25.63437,-24.06282,STM_GAE,SAN_GAU,RonaldGallagherStad,D1,WCC,20260324-RonaldGallagherStad-1,e2b30790-27df-11f1-b8ea-f9a2eeae71cc,83.71573,99.08112,,7.37882,,,,1.82992,1.93612,0.04113,c9e67c30-a63b-4587-9ae4-a41912f8aeeb,2026-03-25,00:16:35.34,2026-03-24T17:16:35.3454592-07:00,2026-03-25T00:16:35.3454592Z,FlyBall,v3,471428,471258,d6bb620095054923be50e712cd675082,"Libed, Nico",822297,Right,SAN_GAU,7341e099-fb38-47d8-8a9b-889227d9f57a,54.02532,-122.59677,12.81719,5.96529,-3.7172,-12.03141,-1.35805,6.32974,-7.30702,177.891325,1.83121,114.19986,-26.04005,6.42472,-1.39982,0.27563,-0.04337,0.00434,-0.00019,1.93912,77.97505,-17.05299,0.25718,0.38699,-0.18867,0.04333,-0.00491,0.00022,0.04132,11.27114,-3.17575,0.8659,-0.19644,0.03747,-0.00534,0.00048,-2E-05,,,,,,,,,,,,,,,,,,,,,,,High,High,High,High,Medium,,,,,,,,,,,,,,,,,,,,,,,,,,,,,,,,,,
120,2026-03-24,17:19:34.83,1,1,"Emerling, Diego",827542,Right,STM_GAE,"Karliner, Noah",809626,Right,SAN_GAU,Undefined,4,Top,0,0,0,Sinker,Sinker,BallinDirt,Undefined,Undefined,Undefined,0,0,,94.01479,-4.724828,-4.78107,1967.377704,277.507035,3:15,6.30709,1.38468,5.15562,-34.2336,-1.66378,19.7634,-1.0192,-1.47961,87.40444,-10.842196,-1.283854,0.410751,,,,,,,,,,,,-11.27934,0.51236,-0.95339,50,5.83608,10.46066,-135.78697,-12.67896,-21.25878,27.09268,-31.2084,STM_GAE,SAN_GAU,RonaldGallagherStad,D1,WCC,20260324-RonaldGallagherStad-1,4d9fec80-27e0-11f1-b8ea-f9a2eeae71cc,91.7646,,,6.61035,,,,,,,c9e67c30-a63b-4587-9ae4-a41912f8aeeb,2026-03-25,00:19:34.83,2026-03-24T17:19:34.8353536-07:00,2026-03-25T00:19:34.8353536Z,,v3,471428,471258,d6bb620095054923be50e712cd675082,"Armstrong, Ian",1000321869,Right,STM_GAE,b98e49d4-bd6d-44bf-b9b7-2150105c494e,55.35074,-136.8504,13.54634,6.30971,-11.45398,-15.6042,-1.38036,11.2951,-10.62939,,,,,,,,,,,,,,,,,,,,,,,,,,,,,,,,,,,,,,,,,,,,,,,,,,,High,High,High,,,,,,,,,,,,,,,,,,,,,,,,,,,,,,,,,,,,
121,2026-03-24,17:19:53.24,1,2,"Emerling, Diego",827542,Right,STM_GAE,"Karliner, Noah",809626,Right,SAN_GAU,Undefined,4,Top,0,1,0,Sinker,Sinker,StrikeCalled,Undefined,Undefined,Undefined,0,0,,94.91555,-1.847884,-3.60254,1989.816634,249.291059,2:15,6.28986,1.40347,5.04452,-25.90616,5.84725,13.09024,2.38383,-0.90847,87.83179,-6.549343,-1.293515,0.405571,,,,,,,,,,,,-7.37993,3.625,-1.07043,50,6.09249,8.02349,-137.61736,-5.53383,-14.33753,26.80202,-25.13149,STM_GAE,SAN_GAU,RonaldGallagherStad,D1,WCC,20260324-RonaldGallagherStad-1,589a49a0-27e0-11f1-b8ea-f9a2eeae71cc,92.93677,,,7.08375,,,,,,,c9e67c30-a63b-4587-9ae4-a41912f8aeeb,2026-03-25,00:19:53.24,2026-03-24T17:19:53.2446720-07:00,2026-03-25T00:19:53.2446720Z,,v3,471428,471258,d6bb620095054923be50e712cd675082,"Armstrong, Ian",1000321869,Right,STM_GAE,d73a56f2-7af5-47f1-a9c2-7b514b9117de,55.45843,-138.67636,13.40101,6.29152,-4.54084,-12.56575,-1.39864,8.58999,-7.16876,,,,,,,,,,,,,,,,,,,,,,,,,,,,,,,,,,,,,,,,,,,,,,,,,,,High,High,High,,,,,,,,,,,,,,,,,,,,,,,,,,,,,,,,,,,,
122,2026-03-24,17:20:07.81,1,3,"Emerling, Diego",827542,Right,STM_GAE,"Karliner, Noah",809626,Right,SAN_GAU,Undefined,4,Top,0,1,1,Slider,Curveball,BallCalled,Undefined,Undefined,Undefined,0,0,,82.376,4.53775,4.388016,2338.142907,42.221163,7:30,6.23065,1.47974,4.07895,-58.0085,-13.74442,-13.69749,5.77555,4.55975,75.28871,-5.712365,2.02383,0.478847,,,,,,,,,,,,7.57004,-7.1226,-1.95749,50,6.6789,-8.44228,-118.84184,6.89898,10.89891,21.34379,-42.42872,STM_GAE,SAN_GAU,RonaldGallagherStad,D1,WCC,20260324-RonaldGallagherStad-1,6166f150-27e0-11f1-b8ea-f9a2eeae71cc,78.71495,,,7.08729,,,,,,,c9e67c30-a63b-4587-9ae4-a41912f8aeeb,2026-03-25,00:20:07.81,2026-03-24T17:20:07.8183424-07:00,2026-03-25T00:20:07.8183424Z,,v3,471428,471258,d6bb620095054923be50e712cd675082,"Armstrong, Ian",1000321869,Right,STM_GAE,937456ef-4969-463e-886d-b750508b246f,56.42593,-119.99037,10.67189,6.24623,9.18213,-21.21436,-1.48742,-9.02876,5.44946,,,,,,,,,,,,,,,,,,,,,,,,,,,,,,,,,,,,,,,,,,,,,,,,,,,High,High,High,,,,,,,,,,,,,,,,,,,,,,,,,,,,,,,,,,,,
123,2026-03-24,17:20:26.31,1,4,"Emerling, Diego",827542,Right,STM_GAE,"Karliner, Noah",809626,Right,SAN_GAU,Undefined,4,Top,0,2,1,Sinker,Sinker,BallinDirt,Undefined,Undefined,Undefined,0,0,,94.61427,-4.332783,-5.676238,2020.21507,258.295223,2:30,6.26997,1.40602,5.08608,-28.1425,4.57662,16.77552,-0.18721,-2.56393,86.50871,-9.423455,-2.724334,0.411692,,,,,,,,,,,,-10.04642,3.81992,-0.88115,50,5.83491,12.73902,-136.26906,-11.53664,-18.83168,30.81691,-25.01375,STM_GAE,SAN_GAU,RonaldGallagherStad,D1,WCC,20260324-RonaldGallagherStad-1,6c54f260-27e0-11f1-b8ea-f9a2eeae71cc,91.55503,,,8.10556,,,,,,,c9e67c30-a63b-4587-9ae4-a41912f8aeeb,2026-03-25,00:20:26.31,2026-03-24T17:20:26.3139328-07:00,2026-03-25T00:20:26.3139328Z,,v3,471428,471258,d6bb620095054923be50e712cd675082,"Armstrong, Ian",1000321869,Right,STM_GAE,cdd7ce32-79aa-416b-84ed-affafd00184b,55.41668,-137.48857,15.40845,6.27186,-10.54678,-12.50687,-1.40002,13.48424,-9.41584,,,,,,,,,,,,,,,,,,,,,,,,,,,,,,,,,,,,,,,,,,,,,,,,,,,High,High,High,,,,,,,,,,,,,,,,,,,,,,,,,,,,,,,,,,,,
124,2026-03-24,17:20:42.98,1,5,"Emerling, Diego",827542,Right,STM_GAE,"Karliner, Noah",809626,Right,SAN_GAU,Undefined,4,Top,0,3,1,Sinker,Sinker,BallCalled,Walk,Undefined,Undefined,0,0,,94.23097,-3.069029,-4.014201,2093.502112,254.328524,2:30,6.32808,1.4475,4.87999,-27.36907,5.05335,14.80847,1.13354,-1.12284,87.56641,-7.993834,-1.409993,0.409821,,,,,,,,,,,,-8.28556,3.48213,-1.06576,50,6.00228,8.85162,-136.45954,-8.50343,-15.86817,25.61559,-25.50525,STM_GAE,SAN_GAU,RonaldGallagherStad,D1,WCC,20260324-RonaldGallagherStad-1,7646b920-27e0-11f1-b8ea-f9a2eeae71cc,91.97297,,,6.66456,,,,,,,c9e67c30-a63b-4587-9ae4-a41912f8aeeb,2026-03-25,00:20:42.98,2026-03-24T17:20:42.9841920-07:00,2026-03-25T00:20:42.9841920Z,,v3,471428,471258,d6bb620095054923be50e712cd675082,"Armstrong, Ian",1000321869,Right,STM_GAE,bb05c368-1000-4df9-aa11-6cf7fa43bffe,55.6239,-137.51118,12.8078,6.32989,-7.45632,-12.75263,-1.44254,9.50308,-7.93409,,,,,,,,,,,,,,,,,,,,,,,,,,,,,,,,,,,,,,,,,,,,,,,,,,,High,High,High,,,,,,,,,,,,,,,,,,,,,,,,,,,,,,,,,,,,
125,2026-03-24,17:21:17.62,2,1,"Emerling, Diego",827542,Right,STM_GAE,"Goldstein, Cade",1000435373,Left,SAN_GAU,Undefined,4,Top,0,0,0,Sinker,Sinker,StrikeCalled,Undefined,Undefined,Undefined,0,0,,94.00213,-1.662633,-3.031094,2063.552467,248.729908,2:15,6.24042,1.61546,4.86717,-26.17033,6.7113,14.58072,2.48339,-0.0408,86.11546,-6.422095,-0.465124,0.412713,,,,,,,,,,,,-7.99934,4.0724,-1.32974,50,6.05442,6.47925,-136.18229,-5.06154,-15.06029,29.19641,-24.50696,STM_GAE,SAN_GAU,RonaldGallagherStad,D1,WCC,20260324-RonaldGallagherStad-1,8ae7a330-27e0-11f1-b8ea-f9a2eeae71cc,91.32847,,,7.88667,,,,,,,c9e67c30-a63b-4587-9ae4-a41912f8aeeb,2026-03-25,00:21:17.62,2026-03-24T17:21:17.6227328-07:00,2026-03-25T00:21:17.6227328Z,,v3,471428,471258,d6bb620095054923be50e712cd675082,"Armstrong, Ian",1000321869,Right,STM_GAE,bf13404f-7831-49d8-8e39-1ac6bc06e5d9,55.63409,-137.38488,14.59821,6.24212,-4.0521,-12.25348,-1.6094,7.09957,-7.53014,,,,,,,,,,,,,,,,,,,,,,,,,,,,,,,,,,,,,,,,,,,,,,,,,,,High,High,High,,,,,,,,,,,,,,,,,,,,,,,,,,,,,,,,,,,,
126,2026-03-24,17:21:37.65,2,2,"Emerling, Diego",827542,Right,STM_GAE,"Goldstein, Cade",1000435373,Left,SAN_GAU,Undefined,4,Top,0,0,1,Sinker,Sinker,StrikeCalled,Undefined,Undefined,Undefined,0,0,,93.55614,-1.547344,-2.988089,1955.852197,257.821883,2:30,6.28162,1.6835,4.94125,-28.49246,4.4163,15.95217,2.44249,0.1862,86.23722,-6.709256,-0.175916,0.412883,,,,,,,,,,,,-8.65937,2.87307,-1.40678,50,6.10741,6.29915,-135.67152,-4.87283,-16.27151,27.41716,-26.77534,STM_GAE,SAN_GAU,RonaldGallagherStad,D1,WCC,20260324-RonaldGallagherStad-1,96e00f60-27e0-11f1-b8ea-f9a2eeae71cc,91.29083,,,7.31892,,,,,,,c9e67c30-a63b-4587-9ae4-a41912f8aeeb,2026-03-25,00:21:37.65,2026-03-24T17:21:37.6521216-07:00,2026-03-25T00:21:37.6521216Z,,v3,471428,471258,d6bb620095054923be50e712cd675082,"Armstrong, Ian",1000321869,Right,STM_GAE,c01d0d4c-0caa-4e7a-89df-cc291a724d7c,55.56153,-136.7908,13.70858,6.28403,-3.77975,-13.38767,-1.6775,6.96342,-8.13575,,,,,,,,,,,,,,,,,,,,,,,,,,,,,,,,,,,,,,,,,,,,,,,,,,,High,High,High,,,,,,,,,,,,,,,,,,,,,,,,,,,,,,,,,,,,
127,2026-03-24,17:21:57.12,2,3,"Emerling, Diego",827542,Right,STM_GAE,"Goldstein, Cade",1000435373,Left,SAN_GAU,Undefined,4,Top,0,0,2,Slider,Curveball,BallCalled,Undefined,Undefined,Undefined,0,0,,83.37044,1.322811,0.77141,2485.103677,45.31602,7:30,6.21818,1.80268,4.20929,-49.78349,-7.3317,-8.64398,3.337,1.82132,77.05168,-7.515952,-0.73462,0.468942,,,,,,,,,,,,4.35461,-3.48851,-1.87788,50,6.31099,-1.21956,-120.97982,0.66233,6.51029,21.66764,-37.38946,STM_GAE,SAN_GAU,RonaldGallagherStad,D1,WCC,20260324-RonaldGallagherStad-1,a286b210-27e0-11f1-b8ea-f9a2eeae71cc,80.37758,,,6.31875,,,,,,,c9e67c30-a63b-4587-9ae4-a41912f8aeeb,2026-03-25,00:21:57.12,2026-03-24T17:21:57.1277312-07:00,2026-03-25T00:21:57.1277312Z,,v3,471428,471258,d6bb620095054923be50e712cd675082,"Armstrong, Ian",1000321869,Right,STM_GAE,10ecd569-4db8-4ab1-b49e-10dbb14f381f,56.2947,-122.10201,10.83382,6.22654,2.59876,-18.69473,-1.80598,-1.55674,3.25514,,,,,,,,,,,,,,,,,,,,,,,,,,,,,,,,,,,,,,,,,,,,,,,,,,,High,High,High,,,,,,,,,,,,,,,,,,,,,,,,,,,,,,,,,,,,
128,2026-03-24,17:22:16.48,2,4,"Emerling, Diego",827542,Right,STM_GAE,"Goldstein, Cade",1000435373,Left,SAN_GAU,Undefined,4,Top,0,1,2,Slider,Curveball,BallinDirt,Undefined,Undefined,Undefined,0,0,,83.08988,-1.706499,-0.451207,2555.581128,32.871305,7:00,6.25991,1.7897,4.39609,-53.94444,-11.4169,-8.1554,0.13494,0.67934,77.47443,-11.216959,-1.882329,0.46936,,,,,,,,,,,,3.90059,-4.90622,-1.73292,50,6.02334,1.31278,-120.60934,-5.82116,5.77842,22.20236,-39.44219,STM_GAE,SAN_GAU,RonaldGallagherStad,D1,WCC,20260324-RonaldGallagherStad-1,ae0fbaa0-27e0-11f1-b8ea-f9a2eeae71cc,80.30595,,,5.61544,,,,,,,c9e67c30-a63b-4587-9ae4-a41912f8aeeb,2026-03-25,00:22:16.48,2026-03-24T17:22:16.4847104-07:00,2026-03-25T00:22:16.4847104Z,,v3,471428,471258,d6bb620095054923be50e712cd675082,"Armstrong, Ian",1000321869,Right,STM_GAE,2e12fc52-9f36-4b1e-b541-38c852f4db79,56.11014,-121.72892,11.10118,6.26673,-3.83223,-19.7211,-1.79177,1.02139,2.88921,,,,,,,,,,,,,,,,,,,,,,,,,,,,,,,,,,,,,,,,,,,,,,,,,,,High,High,High,,,,,,,,,,,,,,,,,,,,,,,,,,,,,,,,,,,,
129,2026-03-24,17:22:39.67,2,5,"Emerling, Diego",827542,Right,STM_GAE,"Goldstein, Cade",1000435373,Left,SAN_GAU,Undefined,4,Top,0,2,2,Sinker,Sinker,BallCalled,Undefined,Undefined,Undefined,0,0,,93.93566,-2.40415,-4.157968,1999.824238,237.96122,2:00,6.32073,1.53045,4.92605,-23.95332,8.55138,12.2417,2.04446,-1.38718,87.23864,-6.744293,-2.006067,0.410341,,,,,,,,,,,,-7.165,5.03516,-1.13569,50,6.06572,9.32587,-136.1294,-6.71705,-13.66286,25.34449,-22.57254,STM_GAE,SAN_GAU,RonaldGallagherStad,D1,WCC,20260324-RonaldGallagherStad-1,bbcc9320-27e0-11f1-b8ea-f9a2eeae71cc,91.85646,,,6.69702,,,,,,,c9e67c30-a63b-4587-9ae4-a41912f8aeeb,2026-03-25,00:22:39.67,2026-03-24T17:22:39.6738048-07:00,2026-03-25T00:22:39.6738048Z,,v3,471428,471258,d6bb620095054923be50e712cd675082,"Armstrong, Ian",1000321869,Right,STM_GAE,c15c823c-8f09-4d28-baf5-dd451bd47c23,55.57947,-137.16425,12.67225,6.32117,-5.79539,-11.28627,-1.52786,9.88374,-6.83143,,,,,,,,,,,,,,,,,,,,,,,,,,,,,,,,,,,,,,,,,,,,,,,,,,,High,High,High,,,,,,,,,,,,,,,,,,,,,,,,,,,,,,,,,,,,
130,2026-03-24,17:23:00.96,2,6,"Emerling, Diego",827542,Right,STM_GAE,"Goldstein, Cade",1000435373,Left,SAN_GAU,Undefined,4,Top,0,3,2,Sinker,Sinker,StrikeCalled,Strikeout,Undefined,Undefined,0,0,,94.10201,-2.919646,-3.434506,2156.476984,230.710491,1:45,6.35272,1.55501,4.81689,-20.6869,11.9767,13.47225,1.8557,-0.57965,86.93373,-6.690114,-1.068057,0.411342,,,,,,,,,,,,-7.51237,6.90689,-1.22581,50,6.04434,7.51508,-136.29211,-7.80783,-14.29738,26.64307,-19.02903,STM_GAE,SAN_GAU,RonaldGallagherStad,D1,WCC,20260324-RonaldGallagherStad-1,c88d5860-27e0-11f1-b8ea-f9a2eeae71cc,91.63276,,,7.16828,,,,,,,c9e67c30-a63b-4587-9ae4-a41912f8aeeb,2026-03-25,00:23:00.96,2026-03-24T17:23:00.9635328-07:00,2026-03-25T00:23:00.9635328Z,,v3,471428,471258,d6bb620095054923be50e712cd675082,"Armstrong, Ian",1000321869,Right,STM_GAE,996d64a8-df7b-41ae-8d5f-00e7f0488ec5,55.68603,-137.39915,13.32154,6.35234,-7.01717,-9.51452,-1.55041,8.10914,-7.14869,,,,,,,,,,,,,,,,,,,,,,,,,,,,,,,,,,,,,,,,,,,,,,,,,,,High,High,High,,,,,,,,,,,,,,,,,,,,,,,,,,,,,,,,,,,,
131,2026-03-24,17:23:30.21,3,1,"Emerling, Diego",827542,Right,STM_GAE,"Beazizo, Colin",10137627,Left,SAN_GAU,Undefined,4,Top,1,0,0,Sinker,Sinker,BallCalled,Undefined,Undefined,Undefined,0,0,,93.95426,-3.590098,-3.901248,1953.14615,230.280861,1:45,6.26785,1.68919,4.9914,-21.40155,11.24123,12.37434,1.08216,-0.96902,86.84641,-7.489168,-1.722144,0.411211,,,,,,,,,,,,-7.16548,6.75469,-1.32373,50,5.90365,8.68161,-135.95266,-9.40562,-13.55764,26.75231,-19.39368,STM_GAE,SAN_GAU,RonaldGallagherStad,D1,WCC,20260324-RonaldGallagherStad-1,d9f2c680-27e0-11f1-b8ea-f9a2eeae71cc,91.66196,,,7.10785,,,,,,,c9e67c30-a63b-4587-9ae4-a41912f8aeeb,2026-03-25,00:23:30.21,2026-03-24T17:23:30.2127104-07:00,2026-03-25T00:23:30.2127104Z,,v3,471428,471258,d6bb620095054923be50e712cd675082,"Armstrong, Ian",1000321869,Right,STM_GAE,9b6d17c9-afe1-4a5f-bd23-c4939662a412,55.51216,-137.03303,13.37616,6.26768,-8.62242,-9.69684,-1.68539,9.22912,-6.77882,,,,,,,,,,,,,,,,,,,,,,,,,,,,,,,,,,,,,,,,,,,,,,,,,,,High,High,High,,,,,,,,,,,,,,,,,,,,,,,,,,,,,,,,,,,,
132,2026-03-24,17:23:49.10,3,2,"Emerling, Diego",827542,Right,STM_GAE,"Beazizo, Colin",10137627,Left,SAN_GAU,Undefined,4,Top,1,1,0,Sinker,Sinker,BallCalled,Undefined,Undefined,Undefined,0,0,,94.35347,-2.348174,-4.570775,2047.226365,250.460972,2:15,6.30782,1.52215,4.9468,-26.39643,6.03618,14.31749,1.88073,-1.61336,87.08899,-7.128359,-2.054157,0.409885,,,,,,,,,,,,-8.26658,3.84949,-1.0901,50,6.05716,10.21844,-136.54707,-6.72526,-15.76555,27.21385,-24.83253,STM_GAE,SAN_GAU,RonaldGallagherStad,D1,WCC,20260324-RonaldGallagherStad-1,e53d1860-27e0-11f1-b8ea-f9a2eeae71cc,91.95853,,,7.26447,,,,,,,c9e67c30-a63b-4587-9ae4-a41912f8aeeb,2026-03-25,00:23:49.10,2026-03-24T17:23:49.1026944-07:00,2026-03-25T00:23:49.1026944Z,,v3,471428,471258,d6bb620095054923be50e712cd675082,"Armstrong, Ian",1000321869,Right,STM_GAE,9d64c2ac-1c46-4e85-ba71-47f2906c9135,55.55652,-137.65004,13.60692,6.30933,-5.71881,-12.41626,-1.51719,10.8574,-7.88278,,,,,,,,,,,,,,,,,,,,,,,,,,,,,,,,,,,,,,,,,,,,,,,,,,,High,High,High,,,,,,,,,,,,,,,,,,,,,,,,,,,,,,,,,,,,
133,2026-03-24,17:24:08.93,3,3,"Emerling, Diego",827542,Right,STM_GAE,"Beazizo, Colin",10137627,Left,SAN_GAU,Undefined,4,Top,1,2,0,Sinker,Sinker,StrikeCalled,Undefined,Undefined,Undefined,0,0,,93.25892,-1.832562,-3.710045,2032.112076,229.6832,1:45,6.30751,1.55719,4.82356,-21.77682,11.43394,12.34142,2.7528,-0.9333,86.08707,-5.804792,-1.54382,0.414773,,,,,,,,,,,,-7.00241,6.37197,-1.19984,50,6.10675,8.15562,-135.13212,-5.21824,-13.10562,26.08949,-20.24836,STM_GAE,SAN_GAU,RonaldGallagherStad,D1,WCC,20260324-RonaldGallagherStad-1,f10525c0-27e0-11f1-b8ea-f9a2eeae71cc,90.8748,,,7.17185,,,,,,,c9e67c30-a63b-4587-9ae4-a41912f8aeeb,2026-03-25,00:24:08.93,2026-03-24T17:24:08.9354240-07:00,2026-03-25T00:24:08.9354240Z,,v3,471428,471258,d6bb620095054923be50e712cd675082,"Armstrong, Ian",1000321869,Right,STM_GAE,481d120c-2c1a-4192-a834-0a2394b356b9,55.67894,-136.22412,13.04475,6.30742,-4.37073,-10.12418,-1.55268,8.70417,-6.55281,,,,,,,,,,,,,,,,,,,,,,,,,,,,,,,,,,,,,,,,,,,,,,,,,,,High,High,High,,,,,,,,,,,,,,,,,,,,,,,,,,,,,,,,,,,,
134,2026-03-24,17:24:27.30,3,4,"Emerling, Diego",827542,Right,STM_GAE,"Beazizo, Colin",10137627,Left,SAN_GAU,Undefined,4,Top,1,2,1,Sinker,Sinker,BallCalled,Undefined,Undefined,Undefined,0,0,,93.90234,-0.577169,-1.93631,1978.808634,250.678727,2:15,6.2597,1.6811,4.82832,-27.16655,5.58091,13.17005,3.44886,0.94406,86.43123,-5.506722,0.381554,0.41187,,,,,,,,,,,,-6.9554,3.19878,-1.50089,50,6.17921,3.9422,-136.2718,-2.53691,-13.18717,27.62567,-26.10925,STM_GAE,SAN_GAU,RonaldGallagherStad,D1,WCC,20260324-RonaldGallagherStad-1,fc013090-27e0-11f1-b8ea-f9a2eeae71cc,91.51537,,,7.4711,,,,,,,c9e67c30-a63b-4587-9ae4-a41912f8aeeb,2026-03-25,00:24:27.30,2026-03-24T17:24:27.3065472-07:00,2026-03-25T00:24:27.3065472Z,,v3,471428,471258,d6bb620095054923be50e712cd675082,"Armstrong, Ian",1000321869,Right,STM_GAE,5aa02d9c-c81f-497e-bd9f-d01881e78302,55.6732,-137.41708,13.81284,6.26194,-1.45449,-13.05463,-1.67566,4.4889,-6.59359,,,,,,,,,,,,,,,,,,,,,,,,,,,,,,,,,,,,,,,,,,,,,,,,,,,High,High,High,,,,,,,,,,,,,,,,,,,,,,,,,,,,,,,,,,,,
135,2026-03-24,17:24:43.94,3,5,"Emerling, Diego",827542,Right,STM_GAE,"Beazizo, Colin",10137627,Left,SAN_GAU,Undefined,4,Top,1,3,1,Sinker,Sinker,BallCalled,Walk,Undefined,Undefined,0,0,,93.97447,0.079783,-2.489688,2070.687845,239.45638,2:00,6.3138,1.53043,4.93563,-23.83694,8.65264,13.09068,4.40287,0.26656,86.58112,-4.273888,-0.183678,0.410245,,,,,,,,,,,,-7.08134,4.54296,-1.29951,50,6.30195,5.28243,-136.40011,-0.79306,-13.4914,26.83108,-23.5188,STM_GAE,SAN_GAU,RonaldGallagherStad,D1,WCC,20260324-RonaldGallagherStad-1,05e49f70-27e1-11f1-b8ea-f9a2eeae71cc,91.87786,,,7.39335,,,,,,,c9e67c30-a63b-4587-9ae4-a41912f8aeeb,2026-03-25,00:24:43.94,2026-03-24T17:24:43.9430144-07:00,2026-03-25T00:24:43.9430144Z,,v3,471428,471258,d6bb620095054923be50e712cd675082,"Armstrong, Ian",1000321869,Right,STM_GAE,10f5744a-9250-4b15-87db-7a88affb5103,55.56647,-137.49072,13.41554,6.31475,0.16291,-11.7594,-1.52538,5.83082,-6.7457,,,,,,,,,,,,,,,,,,,,,,,,,,,,,,,,,,,,,,,,,,,,,,,,,,,High,High,High,,,,,,,,,,,,,,,,,,,,,,,,,,,,,,,,,,,,
136,2026-03-24,17:25:34.61,4,1,"Emerling, Diego",827542,Right,STM_GAE,"Vasseur, Will",1000216679,Right,SAN_GAU,Undefined,4,Top,1,0,0,Sinker,Sinker,BallCalled,Undefined,Undefined,Undefined,0,0,,93.37536,-0.474968,-3.246105,2150.76836,254.032104,2:30,6.31383,1.68511,5.01928,-27.37828,5.46922,15.81024,3.58333,-0.06417,86.11361,-5.454636,-0.457742,0.412499,,,,,,,,,,,,-8.64906,3.11736,-1.38716,50,6.24616,6.91541,-135.47238,-2.26015,-16.24928,26.56292,-26.31731,STM_GAE,SAN_GAU,RonaldGallagherStad,D1,WCC,20260324-RonaldGallagherStad-1,241b2680-27e1-11f1-b8ea-f9a2eeae71cc,91.37591,,,7.26175,,,,,,,c9e67c30-a63b-4587-9ae4-a41912f8aeeb,2026-03-25,00:25:34.61,2026-03-24T17:25:34.6196480-07:00,2026-03-25T00:25:34.6196480Z,,v3,471428,471258,d6bb620095054923be50e712cd675082,"Armstrong, Ian",1000321869,Right,STM_GAE,818cf6a2-2765-4a59-aad2-37a8839a6aa7,55.48367,-136.54336,13.28146,6.3159,-1.19907,-13.15865,-1.67918,7.57056,-8.12464,,,,,,,,,,,,,,,,,,,,,,,,,,,,,,,,,,,,,,,,,,,,,,,,,,,High,High,High,,,,,,,,,,,,,,,,,,,,,,,,,,,,,,,,,,,,
137,2026-03-24,17:25:53.21,4,2,"Emerling, Diego",827542,Right,STM_GAE,"Vasseur, Will",1000216679,Right,SAN_GAU,Undefined,4,Top,1,1,0,Sinker,Sinker,StrikeCalled,Undefined,Undefined,Undefined,0,0,,93.21359,-0.799334,-2.77898,2119.445046,236.85665,2:00,6.24417,1.73666,4.9356,-23.77702,9.06973,12.53808,3.50627,0.15272,86.4723,-5.126794,-0.570522,0.412494,,,,,,,,,,,,-6.84717,4.94492,-1.47708,50,6.14666,5.96035,-135.34807,-2.86533,-12.92473,24.67488,-22.84001,STM_GAE,SAN_GAU,RonaldGallagherStad,D1,WCC,20260324-RonaldGallagherStad-1,2f476910-27e1-11f1-b8ea-f9a2eeae71cc,91.37694,,,6.74129,,,,,,,c9e67c30-a63b-4587-9ae4-a41912f8aeeb,2026-03-25,00:25:53.21,2026-03-24T17:25:53.2158464-07:00,2026-03-25T00:25:53.2158464Z,,v3,471428,471258,d6bb620095054923be50e712cd675082,"Armstrong, Ian",1000321869,Right,STM_GAE,e2264ce6-74e5-4e70-be89-fca55e633537,55.5674,-136.35926,12.33744,6.2449,-1.92933,-11.42,-1.7322,6.49002,-6.46237,,,,,,,,,,,,,,,,,,,,,,,,,,,,,,,,,,,,,,,,,,,,,,,,,,,High,High,High,,,,,,,,,,,,,,,,,,,,,,,,,,,,,,,,,,,,
138,2026-03-24,17:26:12.72,4,3,"Emerling, Diego",827542,Right,STM_GAE,"Vasseur, Will",1000216679,Right,SAN_GAU,Undefined,4,Top,1,1,1,Cutter,Slider,InPlay,Undefined,GroundBall,Out,2,0,,87.11494,-0.632041,-2.808578,2430.002653,51.937294,7:45,6.21764,1.6606,4.73011,-38.3788,-0.16469,-1.61039,2.41898,-1.1405,80.60819,-7.514746,-3.091255,0.444921,72.45616,-11.469364,2.179308,,,,,12.79474,12.29727,7.103633,0.106742,0.08358,0.35378,-1.37558,50,6.1193,6.27264,-126.36177,-2.96595,0.13625,23.76304,-31.59736,STM_GAE,SAN_GAU,RonaldGallagherStad,D1,WCC,20260324-RonaldGallagherStad-1,3ae05020-27e1-11f1-b8ea-f9a2eeae71cc,84.71706,2.46456,,6.50675,,,,1.73588,2.46456,1.12054,c9e67c30-a63b-4587-9ae4-a41912f8aeeb,2026-03-25,00:26:12.72,2026-03-24T17:26:12.7202304-07:00,2026-03-25T00:26:12.7202304Z,GroundBall,v3,471428,471258,d6bb620095054923be50e712cd675082,"Armstrong, Ian",1000321869,Right,STM_GAE,db06d2f9-27b3-460a-a17c-2541eaab99ce,55.77338,-127.44286,11.88152,6.22154,-1.52844,-15.79868,-1.66081,6.26644,0.06813,322.150557,1.73594,104.06449,-12.94678,,,,,,,2.46467,-21.14392,-18.24043,,,,,,,1.12051,3.96503,3.38319,,,,,,,,,,,,,,,,,,,,,,,,,,,,,High,High,High,High,High,,,,,,,,,,,,,,,,,,,,,,,,,,,,,,,,,,
139,2026-03-24,17:28:27.29,1,1,"Krodel, Andrew",1000242424,Right,SAN_GAU,"Kashimoto, Cody",813806,Left,STM_GAE,Undefined,4,Bottom,0,0,0,Curveball,Curveball,StrikeCalled,Undefined,Undefined,Undefined,0,0,,74.91971,2.59608,-0.011092,2357.576019,39.398021,7:15,6.30298,0.84985,5.8209,-65.892,-15.64855,-14.18745,3.22737,-0.34275,68.61478,-9.446384,-2.558898,0.510166,,,,,,,,,,,,7.20071,-8.20863,-0.84064,50,6.47693,0.53918,-108.81081,2.82917,8.55368,20.72956,-41.925,STM_GAE,SAN_GAU,RonaldGallagherStad,D1,WCC,20260324-RonaldGallagherStad-1,8b12dc70-27e1-11f1-b8ea-f9a2eeae71cc,73.88276,,,6.30493,,,,,,,c9e67c30-a63b-4587-9ae4-a41912f8aeeb,2026-03-25,00:28:27.29,2026-03-24T17:28:27.2972800-07:00,2026-03-25T00:28:27.2972800Z,,v3,471428,471258,d6bb620095054923be50e712cd675082,"Libed, Nico",822297,Right,SAN_GAU,bed7112a-949b-40b7-8ccd-5bdd392c4179,54.68517,-109.69975,10.36478,6.31705,4.62703,-20.9625,-0.8559,0.17238,4.27684,,,,,,,,,,,,,,,,,,,,,,,,,,,,,,,,,,,,,,,,,,,,,,,,,,,High,High,High,,,,,,,,,,,,,,,,,,,,,,,,,,,,,,,,,,,,
140,2026-03-24,17:28:38.66,1,2,"Krodel, Andrew",1000242424,Right,SAN_GAU,"Kashimoto, Cody",813806,Left,STM_GAE,Undefined,4,Bottom,0,0,1,ChangeUp,Changeup,BallCalled,Undefined,Undefined,Undefined,0,0,,81.99669,0.819141,-1.635377,2039.447641,247.713622,2:15,5.98162,1.44396,6.01167,-32.80502,9.125,18.61812,4.00711,1.47999,73.98886,-5.332772,1.713387,0.466051,,,,,,,,,,,,-9.97957,4.88933,-1.32504,50,6.0284,2.65083,-118.9368,0.69586,-14.08452,25.94556,-25.27356,STM_GAE,SAN_GAU,RonaldGallagherStad,D1,WCC,20260324-RonaldGallagherStad-1,91d953e0-27e1-11f1-b8ea-f9a2eeae71cc,80.87613,,,8.00783,,,,,,,c9e67c30-a63b-4587-9ae4-a41912f8aeeb,2026-03-25,00:28:38.66,2026-03-24T17:28:38.6600960-07:00,2026-03-25T00:28:38.6600960Z,,v3,471428,471258,d6bb620095054923be50e712cd675082,"Libed, Nico",822297,Right,SAN_GAU,3d9283fc-8274-4cf4-9143-13dc2de3fab1,54.48635,-119.91148,12.97278,5.98443,1.6453,-12.63678,-1.43456,3.17994,-7.04226,,,,,,,,,,,,,,,,,,,,,,,,,,,,,,,,,,,,,,,,,,,,,,,,,,,High,High,High,,,,,,,,,,,,,,,,,,,,,,,,,,,,,,,,,,,,
141,2026-03-24,17:28:52.27,1,3,"Krodel, Andrew",1000242424,Right,SAN_GAU,"Kashimoto, Cody",813806,Left,STM_GAE,Undefined,4,Bottom,0,1,1,Fastball,Four-Seam,BallCalled,Undefined,Undefined,Undefined,0,0,,90.89791,-2.813337,-3.146646,2116.992011,211.56286,1:00,6.18181,0.95271,6.26349,-15.59489,18.00662,10.3663,2.28223,-1.08766,82.75393,-5.808054,-1.276584,0.417206,,,,,,,,,,,,-6.28311,10.49705,-0.72413,50,5.96506,6.81396,-131.74409,-6.89809,-10.99218,29.18576,-13.80967,STM_GAE,SAN_GAU,RonaldGallagherStad,D1,WCC,20260324-RonaldGallagherStad-1,99f9dd10-27e1-11f1-b8ea-f9a2eeae71cc,90.34486,,,8.14398,,,,,,,c9e67c30-a63b-4587-9ae4-a41912f8aeeb,2026-03-25,00:28:52.27,2026-03-24T17:28:52.2788864-07:00,2026-03-25T00:28:52.2788864Z,,v3,471428,471258,d6bb620095054923be50e712cd675082,"Libed, Nico",822297,Right,SAN_GAU,550cb002-d0ff-4d97-a12f-d554a9c13f72,54.23642,-132.67928,14.59288,6.179,-6.45559,-6.90483,-0.94811,7.16618,-5.49609,,,,,,,,,,,,,,,,,,,,,,,,,,,,,,,,,,,,,,,,,,,,,,,,,,,High,High,High,,,,,,,,,,,,,,,,,,,,,,,,,,,,,,,,,,,,
142,2026-03-24,17:29:05.11,1,4,"Krodel, Andrew",1000242424,Right,SAN_GAU,"Kashimoto, Cody",813806,Left,STM_GAE,Undefined,4,Bottom,0,2,1,Fastball,Four-Seam,FoulBallNotFieldable,Undefined,Undefined,Undefined,0,0,,92.10747,-2.069527,-1.999964,2217.457471,209.978876,1:00,6.16248,0.97325,6.41167,-12.91824,19.51832,10.63796,3.18115,0.02013,83.81767,-4.588959,-0.073203,0.40991,75.0518,19.330915,-163.759818,1180.116642,,,,,47.89114,,,-6.1287,11.10949,-0.8347,50,6.00812,4.23484,-133.73329,-5.13956,-11.04743,30.09446,-12.14839,STM_GAE,SAN_GAU,RonaldGallagherStad,D1,WCC,20260324-RonaldGallagherStad-1,a19ad600-27e1-11f1-b8ea-f9a2eeae71cc,91.95294,15.82474,,8.28979,,,,0.28127,3.10984,0.00107,c9e67c30-a63b-4587-9ae4-a41912f8aeeb,2026-03-25,00:29:05.11,2026-03-24T17:29:05.1167232-07:00,2026-03-25T00:29:05.1167232Z,,v3,471428,471258,d6bb620095054923be50e712cd675082,"Libed, Nico",822297,Right,SAN_GAU,b27a1908-9463-47dd-a0b7-26fb642942a2,54.08866,-134.65023,15.04723,6.15908,-4.76942,-6.0742,-0.96886,4.57144,-5.52371,31.209386,0.2767,-99.59869,7.96238,,,,,,,3.11908,36.18186,-20.54057,,,,,,,-0.00206,-28.96198,3.68125,,,,,,,,,,,,,,,,,,,,,,,,,,,,,High,High,High,High,Undefined,,,,,,,,,,,,,,,,,,,,,,,,,,,,,,,,,,
143,2026-03-24,17:29:22.83,1,5,"Krodel, Andrew",1000242424,Right,SAN_GAU,"Kashimoto, Cody",813806,Left,STM_GAE,Undefined,4,Bottom,0,2,2,Curveball,Curveball,StrikeSwinging,Strikeout,Undefined,Undefined,0,0,,75.1998,1.167169,-0.6426,2362.109208,28.994703,7:00,6.2383,0.56171,6.02124,-69.09075,-19.66781,-11.76839,1.56207,-1.01423,69.33536,-11.44192,-2.769533,0.505983,,,,,,,,,,,,5.88851,-10.09146,-0.50494,50,6.29209,1.63328,-109.37085,0.09872,7.05866,21.15652,-44.27087,STM_GAE,SAN_GAU,RonaldGallagherStad,D1,WCC,20260324-RonaldGallagherStad-1,ac370d90-27e1-11f1-b8ea-f9a2eeae71cc,74.49353,,,5.86444,,,,,,,c9e67c30-a63b-4587-9ae4-a41912f8aeeb,2026-03-25,00:29:22.83,2026-03-24T17:29:22.8330000-07:00,2026-03-25T00:29:22.8330000Z,,v3,471428,471258,d6bb620095054923be50e712cd675082,"Libed, Nico",822297,Right,SAN_GAU,7ec3492c-93f7-46a6-badd-2a7283912d2f,54.48657,-110.23531,10.57826,6.2511,1.90764,-22.13543,-0.56578,1.34486,3.52933,,,,,,,,,,,,,,,,,,,,,,,,,,,,,58.5327,,,1.157153,,,,-3.12707,5.66833,3.00256,67.57476,9.16813,57.21049,-3.05114,67.22608,-5.35004,5.71355,19.59785,-14.35483,3.01075,48.26618,-1.23337,High,High,High,,,High,High,High,,,,,,,,,,,,,,,,,,,,,,,,,,,,,,,
144,2026-03-24,17:29:47.64,2,1,"Krodel, Andrew",1000242424,Right,SAN_GAU,"Sniffen, Makoa",832266,Right,STM_GAE,Undefined,4,Bottom,1,0,0,ChangeUp,Changeup,InPlay,Undefined,LineDrive,Single,0,0,,82.29447,-0.052492,-1.948399,1808.303549,249.573879,2:15,6.06131,1.08276,6.52254,-31.89025,8.54107,19.37745,3.3556,0.90918,75.06388,-6.057256,1.572029,0.457647,87.93679,20.620662,-29.478622,1308.283118,92.7465,30.16765,-59.14442,255.0443,255.0443,-35.926207,2.825591,-10.79875,4.87461,-0.95522,50,6.04385,3.38767,-119.62681,-0.99952,-15.54666,24.4779,-25.15618,STM_GAE,SAN_GAU,RonaldGallagherStad,D1,WCC,20260324-RonaldGallagherStad-1,bb0c5af0-27e1-11f1-b8ea-f9a2eeae71cc,82.36146,31.48804,,7.23059,,,,1.71405,3.38082,-0.88223,c9e67c30-a63b-4587-9ae4-a41912f8aeeb,2026-03-25,00:29:47.64,2026-03-24T17:29:47.6417024-07:00,2026-03-25T00:29:47.6417024Z,LineDrive,v3,471428,471258,d6bb620095054923be50e712cd675082,"Libed, Nico",822297,Right,SAN_GAU,bd510d11-8d9e-43b7-9be2-9fe4b31b2b5b,53.97995,-120.43843,12.23895,6.06316,-0.16542,-12.57809,-1.07609,3.90315,-7.77333,110.316006,1.71385,105.09236,-18.27865,4.28548,-1.22121,0.41421,-0.1395,0.02849,-0.00237,3.38093,45.41719,-20.39717,1.84167,-0.13359,-0.08258,0.04972,-0.01088,0.00082,-0.88214,-59.4059,0.80278,1.32098,-0.4277,0.0402,0.02001,-0.00728,0.00078,,,,,,,,,,,,,,,,,,,,,,,High,High,High,High,High,,,,,,,,,,,,,,,,,,,,,,,,,,,,,,,,,,
145,2026-03-24,17:30:26.53,3,1,"Krodel, Andrew",1000242424,Right,SAN_GAU,"Armstrong, Ian",1000321869,Right,STM_GAE,Undefined,4,Bottom,1,0,0,Slider,Slider,FoulBallNotFieldable,Undefined,Undefined,Undefined,0,0,,79.36046,0.101821,0.262575,2591.291662,77.563247,8:30,6.27506,0.73079,5.84186,-46.77928,-2.39874,-17.04855,2.47142,-0.44589,73.11994,-8.471441,-2.800894,0.479477,67.94928,33.394522,138.844618,4586.802548,-86.73552,28.40259,67.65295,173.81618,49.48895,143.749784,2.345767,8.86138,-0.90677,-0.7418,50,6.25553,0.09972,-115.3859,-1.29766,11.92716,21.79637,-33.39453,STM_GAE,SAN_GAU,RonaldGallagherStad,D1,WCC,20260324-RonaldGallagherStad-1,d21e4500-27e1-11f1-b8ea-f9a2eeae71cc,78.61158,30.54115,,6.24053,,,,0.96063,2.14704,0.72221,c9e67c30-a63b-4587-9ae4-a41912f8aeeb,2026-03-25,00:30:26.53,2026-03-24T17:30:26.5370112-07:00,2026-03-25T00:30:26.5370112Z,FlyBall,v3,471428,471258,d6bb620095054923be50e712cd675082,"Libed, Nico",822297,Right,SAN_GAU,8229c1a1-8f0f-4ba0-a63d-1a734691a28e,54.6624,-116.26329,10.89819,6.28072,0.0466,-16.69727,-0.73615,-0.3804,5.96358,,0.96063,-62.64722,-0.53185,1.23765,-0.40993,0.11133,-0.02386,0.00386,-0.00028,2.14704,54.8524,-29.97524,4.05567,-0.88077,0.17124,-0.03011,0.0037,-0.00016,0.7222,54.75767,-6.72049,1.1895,-0.20558,0.0276,-0.00208,-0.00078,0.00016,,,,,,,,,,,,,,,,,,,,,,,High,High,High,Medium,Low,,,,,,,,,,,,,,,,,,,,,,,,,,,,,,,,,,
146,2026-03-24,17:30:45.22,3,2,"Krodel, Andrew",1000242424,Right,SAN_GAU,"Armstrong, Ian",1000321869,Right,STM_GAE,Undefined,4,Bottom,1,0,1,Fastball,Four-Seam,StrikeSwinging,Undefined,Undefined,Undefined,0,0,,91.4361,-2.095365,-0.99144,2126.549354,193.36504,12:30,6.21157,0.84545,6.41099,-11.64906,21.10588,4.76681,3.31306,0.331,83.56013,-4.378297,-0.127705,0.411917,,,,,,,,,,,,-2.74791,11.88717,-0.77648,50,6.05574,2.10316,-132.84316,-5.10792,-4.91137,28.40761,-10.92803,STM_GAE,SAN_GAU,RonaldGallagherStad,D1,WCC,20260324-RonaldGallagherStad-1,dd4a8790-27e1-11f1-b8ea-f9a2eeae71cc,91.50491,,,7.87596,,,,,,,c9e67c30-a63b-4587-9ae4-a41912f8aeeb,2026-03-25,00:30:45.22,2026-03-24T17:30:45.2277760-07:00,2026-03-25T00:30:45.2277760Z,,v3,471428,471258,d6bb620095054923be50e712cd675082,"Libed, Nico",822297,Right,SAN_GAU,79fcfc24-2fef-4fa8-822a-8be735b6d4fb,54.08854,-133.71461,14.20381,6.20729,-4.77269,-5.46402,-0.84331,2.25382,-2.45569,,,,,,,,,,,,,,,,,,,,,,,,,,,,,,,,,,,,,,,,,,,,,,,,,,,High,High,High,,,,,,,,,,,,,,,,,,,,,,,,,,,,,,,,,,,,
147,2026-03-24,17:31:01.45,3,3,"Krodel, Andrew",1000242424,Right,SAN_GAU,"Armstrong, Ian",1000321869,Right,STM_GAE,Undefined,4,Bottom,1,0,2,Fastball,Four-Seam,BallCalled,Undefined,Undefined,Undefined,1,0,,91.72699,-0.186574,-0.746619,2098.417884,192.191466,12:30,6.28464,0.66769,6.31162,-9.6256,23.58226,4.83217,5.31062,0.38256,82.2507,-2.145629,0.127302,0.414755,,,,,,,,,,,,-2.71732,12.56509,-0.61495,50,6.26557,1.52297,-133.07798,-0.56373,-4.78677,33.26898,-10.0396,STM_GAE,SAN_GAU,RonaldGallagherStad,D1,WCC,20260324-RonaldGallagherStad-1,e6ef3fc0-27e1-11f1-b8ea-f9a2eeae71cc,90.87881,,,9.47629,,,,,,,c9e67c30-a63b-4587-9ae4-a41912f8aeeb,2026-03-25,00:31:01.45,2026-03-24T17:31:01.4520000-07:00,2026-03-25T00:31:01.4520000Z,,v3,471428,471258,d6bb620095054923be50e712cd675082,"Libed, Nico",822297,Right,SAN_GAU,676c1880-210b-4586-a5e8-3eb55048432a,54.18362,-134.11979,16.63449,6.2783,-0.24934,-5.0198,-0.66499,1.67287,-2.39339,,,,,,,,,,,,,,,,,,,,,,,,,,,,,77.30405,2.20603,0.913818,1.292212,-2.67865,5.14977,-0.39407,-1.97578,5.87869,1.30156,127.27812,-0.2056,-0.48747,-1.85427,111.47145,-9.04064,5.89515,10.24513,-11.60111,1.27073,-3.69756,1.8359,High,High,High,,,High,High,High,,,,,,,,,,,,,,,,,,,,,,,,,,,,,,,
148,2026-03-24,17:34:24.05,3,4,"Krodel, Andrew",1000242424,Right,SAN_GAU,"Armstrong, Ian",1000321869,Right,STM_GAE,Undefined,4,Bottom,2,1,2,ChangeUp,Changeup,BallinDirt,Undefined,Undefined,Undefined,0,0,,80.89883,-3.174522,-3.507337,2138.130992,239.731237,2:00,6.06975,1.11365,6.25344,-31.15832,11.25481,16.87469,0.53716,-0.71868,74.23243,-8.974434,-0.458951,0.468729,,,,,,,,,,,,-9.83564,7.1726,-0.86114,50,5.81792,6.58463,-117.22994,-7.40218,-13.64024,22.8738,-22.22697,STM_GAE,SAN_GAU,RonaldGallagherStad,D1,WCC,20260324-RonaldGallagherStad-1,5fb90850-27e2-11f1-b8ea-f9a2eeae71cc,80.41421,,,6.6664,,,,,,,c9e67c30-a63b-4587-9ae4-a41912f8aeeb,2026-03-25,00:34:24.05,2026-03-24T17:34:24.0539648-07:00,2026-03-25T00:34:24.0539648Z,,v3,471428,471258,d6bb620095054923be50e712cd675082,"Libed, Nico",822297,Right,SAN_GAU,98085623-1026-4898-8e5e-cc3b4a4d25de,54.24886,-118.05607,11.4369,6.07076,-6.59941,-11.11348,-1.10784,7.07726,-6.82012,,,,,,,,,,,,,,,,,,,,,,,,,,,,,,,,,,,,,,,,,,,,,,,,,,,High,High,High,,,,,,,,,,,,,,,,,,,,,,,,,,,,,,,,,,,,
149,2026-03-24,17:34:36.54,3,5,"Krodel, Andrew",1000242424,Right,SAN_GAU,"Armstrong, Ian",1000321869,Right,STM_GAE,Undefined,4,Bottom,2,2,2,Fastball,Four-Seam,InPlay,Undefined,FlyBall,Out,1,0,,92.21219,-3.856295,-1.011681,2275.361267,214.621982,1:15,6.18869,0.68582,6.33891,-13.93973,18.70631,12.13379,1.47056,0.7654,83.8062,-6.54676,1.184991,0.411232,91.68153,28.034329,-4.116216,3642.765685,109.94417,53.32762,-3.50066,341.55492,334.32004,5.146143,4.867679,-6.67406,11.28032,-0.61788,50,5.90094,1.87132,-133.69638,-9.37128,-11.96994,31.27682,-11.94268,STM_GAE,SAN_GAU,RonaldGallagherStad,D1,WCC,20260324-RonaldGallagherStad-1,671c8310-27e2-11f1-b8ea-f9a2eeae71cc,91.65742,73.34105,,8.40599,,,,2.2349,1.55888,-0.75186,c9e67c30-a63b-4587-9ae4-a41912f8aeeb,2026-03-25,00:34:36.54,2026-03-24T17:34:36.5419008-07:00,2026-03-25T00:34:36.5419008Z,FlyBall,v3,471428,471258,d6bb620095054923be50e712cd675082,"Libed, Nico",822297,Right,SAN_GAU,9107e175-5735-4bdd-9fba-82ee0fa6ee49,54.1625,-134.66663,15.63841,6.18591,-9.0008,-5.97134,-0.68169,2.24264,-5.98497,202.28105,2.23457,118.39057,-22.35359,5.25092,-1.16632,0.25269,-0.04551,0.0052,-0.00026,1.56024,63.16911,-14.52055,-0.0087,0.31712,-0.14768,0.03635,-0.00448,0.00022,-0.75187,-8.51905,7.05823,-1.79415,0.42173,-0.0885,0.01467,-0.00156,7E-05,,,,,,,,,,,,,,,,,,,,,,,High,High,High,High,High,,,,,,,,,,,,,,,,,,,,,,,,,,,,,,,,,,
150,2026-03-24,17:37:13.90,1,1,"Nobles, Jake",10149988,Right,STM_GAE,"Nunez, Corey",1000069356,Right,SAN_GAU,Undefined,5,Top,0,0,0,Slider,Curveball,BallCalled,Undefined,Undefined,Undefined,0,0,,77.09498,-0.522319,-1.552392,2592.780645,84.425575,8:45,5.80691,1.86626,4.81571,-49.55609,-0.21472,-18.84918,1.18225,-1.17545,70.72794,-9.428638,-4.871547,0.505565,,,,,,,,,,,,8.88063,0.47299,-1.69461,50,5.7121,3.79381,-111.75533,-2.78929,11.127,21.88197,-31.58141,STM_GAE,SAN_GAU,RonaldGallagherStad,D1,WCC,20260324-RonaldGallagherStad-1,c4fa82c0-27e2-11f1-b8ea-f9a2eeae71cc,74.55509,,,6.36704,,,,,,,c9e67c30-a63b-4587-9ae4-a41912f8aeeb,2026-03-25,00:37:13.90,2026-03-24T17:37:13.9014144-07:00,2026-03-25T00:37:13.9014144Z,,v3,471428,471258,d6bb620095054923be50e712cd675082,"Armstrong, Ian",1000321869,Right,STM_GAE,7b29cf90-7135-4678-8710-7086c4f8d8de,55.68709,-112.86339,10.94098,5.81285,-1.19008,-15.79071,-1.87246,3.23037,5.5635,,,,,,,,,,,,,,,,,,,,,,,,,,,,,,,,,,,,,,,,,,,,,,,,,,,High,High,High,,,,,,,,,,,,,,,,,,,,,,,,,,,,,,,,,,,,
151,2026-03-24,17:37:30.32,1,2,"Nobles, Jake",10149988,Right,STM_GAE,"Nunez, Corey",1000069356,Right,SAN_GAU,Undefined,5,Top,0,1,0,TwoSeamFastBall,Sinker,StrikeCalled,Undefined,Undefined,Undefined,0,0,,88.66753,-1.116503,-3.520274,2268.100491,251.630798,2:30,5.63467,1.69296,5.47269,-28.78002,7.96197,19.9108,2.18937,0.05364,79.91496,-6.450429,0.021273,0.436267,,,,,,,,,,,,-11.15158,4.76059,-1.39717,50,5.51701,6.99997,-128.31782,-3.54127,-18.30263,30.42153,-24.36073,STM_GAE,SAN_GAU,RonaldGallagherStad,D1,WCC,20260324-RonaldGallagherStad-1,cebe5bb0-27e2-11f1-b8ea-f9a2eeae71cc,86.39756,,,8.75257,,,,,,,c9e67c30-a63b-4587-9ae4-a41912f8aeeb,2026-03-25,00:37:30.32,2026-03-24T17:37:30.3295488-07:00,2026-03-25T00:37:30.3295488Z,,v3,471428,471258,d6bb620095054923be50e712cd675082,"Armstrong, Ian",1000321869,Right,STM_GAE,0a36ab51-05a9-47de-a28d-bc2e987bc106,55.02717,-129.50417,15.21076,5.63659,-2.59127,-12.18036,-1.68407,7.71372,-9.15131,,,,,,,,,,,,,,,,,,,,,,,,,,,,,,,,,,,,,,,,,,,,,,,,,,,High,High,High,,,,,,,,,,,,,,,,,,,,,,,,,,,,,,,,,,,,
152,2026-03-24,17:37:46.65,1,3,"Nobles, Jake",10149988,Right,STM_GAE,"Nunez, Corey",1000069356,Right,SAN_GAU,Undefined,5,Top,0,1,1,Slider,Curveball,BallCalled,Undefined,Undefined,Undefined,0,0,,76.89685,0.439752,0.075146,2651.781109,57.575311,8:00,5.81052,1.84064,4.74367,-58.85279,-9.07634,-16.92462,1.32326,0.50154,70.37864,-10.10878,-2.908026,0.507789,,,,,,,,,,,,8.40556,-4.21555,-1.83214,50,5.80205,0.54551,-111.51375,-1.30142,10.46029,22.2461,-37.42012,STM_GAE,SAN_GAU,RonaldGallagherStad,D1,WCC,20260324-RonaldGallagherStad-1,d875b180-27e2-11f1-b8ea-f9a2eeae71cc,74.22852,,,6.51821,,,,,,,c9e67c30-a63b-4587-9ae4-a41912f8aeeb,2026-03-25,00:37:46.65,2026-03-24T17:37:46.6533888-07:00,2026-03-25T00:37:46.6533888Z,,v3,471428,471258,d6bb620095054923be50e712cd675082,"Armstrong, Ian",1000321869,Right,STM_GAE,3595b0cb-2a2e-4537-aae1-3140f422a327,55.76071,-112.65711,11.12305,5.81952,0.62181,-18.71006,-1.84636,0.00789,5.23014,,,,,,,,,,,,,,,,,,,,,,,,,,,,,,,,,,,,,,,,,,,,,,,,,,,High,High,High,,,,,,,,,,,,,,,,,,,,,,,,,,,,,,,,,,,,
153,2026-03-24,17:38:03.25,1,4,"Nobles, Jake",10149988,Right,STM_GAE,"Nunez, Corey",1000069356,Right,SAN_GAU,Undefined,5,Top,0,2,1,Fastball,Sinker,StrikeCalled,Undefined,Undefined,Undefined,0,0,,88.58377,-1.962338,-3.064257,2234.834615,244.135778,2:15,5.59324,1.77102,5.53107,-27.18061,9.52756,16.88217,1.49042,0.31061,79.99273,-7.00712,-0.055897,0.436067,,,,,,,,,,,,-9.56827,5.82122,-1.51638,50,5.40458,6.12801,-128.22933,-5.35292,-15.68416,30.35121,-22.63202,STM_GAE,SAN_GAU,RonaldGallagherStad,D1,WCC,20260324-RonaldGallagherStad-1,e259bca0-27e2-11f1-b8ea-f9a2eeae71cc,86.43736,,,8.59105,,,,,,,c9e67c30-a63b-4587-9ae4-a41912f8aeeb,2026-03-25,00:38:03.25,2026-03-24T17:38:03.2544768-07:00,2026-03-25T00:38:03.2544768Z,,v3,471428,471258,d6bb620095054923be50e712cd675082,"Armstrong, Ian",1000321869,Right,STM_GAE,9100f26a-d691-4871-8eea-b72356a16b6c,54.96953,-129.40025,15.17561,5.59424,-4.4798,-11.31601,-1.76447,6.73309,-7.84208,,,,,,,,,,,,,,,,,,,,,,,,,,,,,,,,,,,,,,,,,,,,,,,,,,,High,High,High,,,,,,,,,,,,,,,,,,,,,,,,,,,,,,,,,,,,
154,2026-03-24,17:38:23.25,1,5,"Nobles, Jake",10149988,Right,STM_GAE,"Nunez, Corey",1000069356,Right,SAN_GAU,Undefined,5,Top,0,2,2,ChangeUp,Changeup,BallinDirt,Undefined,Undefined,Undefined,0,0,,81.42984,-1.610535,-4.839233,1879.952017,286.877037,3:30,5.52732,1.98826,5.213,-47.99294,-3.96079,18.22462,0.0076,-1.05454,74.15021,-10.287103,-1.61282,0.477591,,,,,,,,,,,,-10.76217,-1.13697,-1.55464,50,5.34129,9.22026,-117.67239,-5.04728,-14.88167,25.20532,-33.74623,STM_GAE,SAN_GAU,RonaldGallagherStad,D1,WCC,20260324-RonaldGallagherStad-1,ee4c8380-27e2-11f1-b8ea-f9a2eeae71cc,78.92197,,,7.27963,,,,,,,c9e67c30-a63b-4587-9ae4-a41912f8aeeb,2026-03-25,00:38:23.25,2026-03-24T17:38:23.2526848-07:00,2026-03-25T00:38:23.2526848Z,,v3,471428,471258,d6bb620095054923be50e712cd675082,"Armstrong, Ian",1000321869,Right,STM_GAE,7530fcd3-d49f-4881-9842-0553e09374ec,55.29061,-118.80023,12.60266,5.53335,-3.53727,-16.87312,-1.98211,9.88616,-7.44084,,,,,,,,,,,,,,,,,,,,,,,,,,,,,,,,,,,,,,,,,,,,,,,,,,,High,High,High,,,,,,,,,,,,,,,,,,,,,,,,,,,,,,,,,,,,
155,2026-03-24,17:38:41.89,1,6,"Nobles, Jake",10149988,Right,STM_GAE,"Nunez, Corey",1000069356,Right,SAN_GAU,Undefined,5,Top,0,3,2,TwoSeamFastBall,Sinker,StrikeSwinging,Strikeout,Undefined,Undefined,0,0,,89.22823,-1.40813,-2.85544,2240.296555,258.679764,2:30,5.72975,1.76973,5.54096,-30.75832,5.08209,19.34115,1.84855,0.71046,81.24745,-7.069699,0.59387,0.430882,,,,,,,,,,,,-10.67146,3.3291,-1.53536,50,5.58707,5.60528,-129.35606,-4.3097,-17.95083,28.80545,-26.57405,STM_GAE,SAN_GAU,RonaldGallagherStad,D1,WCC,20260324-RonaldGallagherStad-1,f95893e0-27e2-11f1-b8ea-f9a2eeae71cc,87.47749,,,7.98077,,,,,,,c9e67c30-a63b-4587-9ae4-a41912f8aeeb,2026-03-25,00:38:41.89,2026-03-24T17:38:41.8969088-07:00,2026-03-25T00:38:41.8969088Z,,v3,471428,471258,d6bb620095054923be50e712cd675082,"Armstrong, Ian",1000321869,Right,STM_GAE,6d7b9570-7afd-4267-bb37-2ac640065aef,54.96118,-130.45616,14.40273,5.73228,-3.29483,-13.28702,-1.76252,6.29083,-8.97541,,,,,,,,,,,,,,,,,,,,,,,,,,,,,,,,,,,,,,,,,,,,,,,,,,,High,High,High,,,,,,,,,,,,,,,,,,,,,,,,,,,,,,,,,,,,
156,2026-03-24,17:39:12.90,2,1,"Nobles, Jake",10149988,Right,STM_GAE,"Kelly, Rowan",1000253487,Left,SAN_GAU,Undefined,5,Top,1,0,0,Fastball,Four-Seam,BallCalled,Undefined,Undefined,Undefined,0,0,,89.95368,-2.665618,-3.835368,2387.700758,211.521764,1:00,5.79228,1.68332,5.50217,-19.41946,15.69587,8.94752,1.67338,-1.16373,82.50249,-6.285726,-2.245982,0.426501,,,,,,,,,,,,-5.57772,8.98646,-1.35402,50,5.5458,8.3412,-130.25654,-6.73091,-9.61425,26.5211,-16.6842,STM_GAE,SAN_GAU,RonaldGallagherStad,D1,WCC,20260324-RonaldGallagherStad-1,0bd78850-27e3-11f1-b8ea-f9a2eeae71cc,88.37602,,,7.4512,,,,,,,c9e67c30-a63b-4587-9ae4-a41912f8aeeb,2026-03-25,00:39:12.90,2026-03-24T17:39:12.9080320-07:00,2026-03-25T00:39:12.9080320Z,,v3,471428,471258,d6bb620095054923be50e712cd675082,"Armstrong, Ian",1000321869,Right,STM_GAE,7673c3f0-4104-4bd5-83e6-6120a0e54471,54.99963,-131.27055,13.26055,5.79095,-6.09301,-8.3421,-1.67997,8.70879,-4.80712,,,,,,,,,,,,,,,,,,,,,,,,,,,,,,,,,,,,,,,,,,,,,,,,,,,High,High,High,,,,,,,,,,,,,,,,,,,,,,,,,,,,,,,,,,,,
157,2026-03-24,17:39:30.45,2,2,"Nobles, Jake",10149988,Right,STM_GAE,"Kelly, Rowan",1000253487,Left,SAN_GAU,Undefined,5,Top,1,1,0,ChangeUp,Changeup,StrikeCalled,Undefined,Undefined,Undefined,0,0,,81.32245,-0.581985,-2.910412,1800.356814,267.89327,3:00,5.63095,1.87254,5.31258,-41.30864,2.17996,19.58056,1.64157,0.7701,74.24683,-8.119405,0.568292,0.474634,,,,,,,,,,,,-10.70957,1.67417,-1.62327,50,5.54811,5.18881,-117.88745,-2.65229,-14.97052,23.80813,-29.83377,STM_GAE,SAN_GAU,RonaldGallagherStad,D1,WCC,20260324-RonaldGallagherStad-1,16569af0-27e3-11f1-b8ea-f9a2eeae71cc,79.41362,,,7.07562,,,,,,,c9e67c30-a63b-4587-9ae4-a41912f8aeeb,2026-03-25,00:39:30.45,2026-03-24T17:39:30.4552960-07:00,2026-03-25T00:39:30.4552960Z,,v3,471428,471258,d6bb620095054923be50e712cd675082,"Armstrong, Ian",1000321869,Right,STM_GAE,d27622ee-a6a8-4e9b-9f40-8e10df304f54,55.1898,-118.93095,11.90407,5.63571,-1.34469,-14.91689,-1.86508,5.84495,-7.48526,,,,,,,,,,,,,,,,,,,,,,,,,,,,,,,,,,,,,,,,,,,,,,,,,,,High,High,High,,,,,,,,,,,,,,,,,,,,,,,,,,,,,,,,,,,,
158,2026-03-24,17:39:47.79,2,3,"Nobles, Jake",10149988,Right,STM_GAE,"Kelly, Rowan",1000253487,Left,SAN_GAU,Undefined,5,Top,1,1,1,ChangeUp,Changeup,StrikeSwinging,Undefined,Undefined,Undefined,0,0,,81.58215,-0.851809,-4.100814,1846.703897,296.246518,3:45,5.59008,2.01446,5.24273,-51.12637,-7.38154,18.12296,0.52686,-0.33604,74.23316,-10.100174,-0.885387,0.47603,,,,,,,,,,,,-10.4752,-3.08606,-1.65133,50,5.47297,7.72151,-118.05109,-3.61781,-14.5618,25.60062,-36.46408,STM_GAE,SAN_GAU,RonaldGallagherStad,D1,WCC,20260324-RonaldGallagherStad-1,20a9bb90-27e3-11f1-b8ea-f9a2eeae71cc,79.18073,,,7.34899,,,,,,,c9e67c30-a63b-4587-9ae4-a41912f8aeeb,2026-03-25,00:39:47.79,2026-03-24T17:39:47.7962240-07:00,2026-03-25T00:39:47.7962240Z,,v3,471428,471258,d6bb620095054923be50e712cd675082,"Armstrong, Ian",1000321869,Right,STM_GAE,5fd4a5e7-0c06-45c5-9c83-8b418ab237b2,55.26114,-119.18656,12.80031,5.59756,-2.0005,-18.23204,-2.00813,8.36738,-7.2809,,,,,,,,,,,,,,,,,,,,,,,,,,,,,,,,,,,,,,,,,,,,,,,,,,,High,High,High,,,,,,,,,,,,,,,,,,,,,,,,,,,,,,,,,,,,
159,2026-03-24,17:40:07.45,2,4,"Nobles, Jake",10149988,Right,STM_GAE,"Kelly, Rowan",1000253487,Left,SAN_GAU,Undefined,5,Top,1,1,2,Fastball,Four-Seam,BallCalled,Undefined,Undefined,Undefined,0,0,,91.0401,0.495103,-1.377593,2365.155668,216.865031,1:15,5.92626,1.64726,5.21954,-19.55958,15.29135,10.57623,4.76196,1.23308,82.33832,-3.176699,0.496147,0.424892,,,,,,,,,,,,-5.64528,7.81119,-1.52817,50,5.9578,2.66463,-131.95388,0.45887,-9.87672,30.09698,-18.508,STM_GAE,SAN_GAU,RonaldGallagherStad,D1,WCC,20260324-RonaldGallagherStad-1,2c621180-27e3-11f1-b8ea-f9a2eeae71cc,88.71062,,,8.70178,,,,,,,c9e67c30-a63b-4587-9ae4-a41912f8aeeb,2026-03-25,00:40:07.45,2026-03-24T17:40:07.4515456-07:00,2026-03-25T00:40:07.4515456Z,,v3,471428,471258,d6bb620095054923be50e712cd675082,"Armstrong, Ian",1000321869,Right,STM_GAE,3cffe042-3d17-4a67-af2e-0db67ca5794a,55.27806,-133.15229,15.04849,5.92486,1.19583,-9.254,-1.6421,3.0579,-4.93836,,,,,,,,,,,,,,,,,,,,,,,,,,,,,,,,,,,,,,,,,,,,,,,,,,,High,High,High,,,,,,,,,,,,,,,,,,,,,,,,,,,,,,,,,,,,
160,2026-03-24,17:40:24.33,2,5,"Nobles, Jake",10149988,Right,STM_GAE,"Kelly, Rowan",1000253487,Left,SAN_GAU,Undefined,5,Top,1,2,2,Fastball,Four-Seam,BallCalled,Undefined,Undefined,Undefined,0,0,,90.59494,-2.355543,-4.222376,2343.657212,223.25688,1:30,5.89448,1.67133,5.17379,-19.40682,16.09249,13.95272,2.05327,-1.14664,81.98035,-5.985571,-1.760059,0.428826,,,,,,,,,,,,-8.24859,9.10178,-1.28869,50,5.66024,9.01107,-130.90579,-6.07641,-14.18383,29.96609,-16.52312,STM_GAE,SAN_GAU,RonaldGallagherStad,D1,WCC,20260324-RonaldGallagherStad-1,3673e360-27e3-11f1-b8ea-f9a2eeae71cc,87.89674,,,8.61458,,,,,,,c9e67c30-a63b-4587-9ae4-a41912f8aeeb,2026-03-25,00:40:24.33,2026-03-24T17:40:24.3339776-07:00,2026-03-25T00:40:24.3339776Z,,v3,471428,471258,d6bb620095054923be50e712cd675082,"Armstrong, Ian",1000321869,Right,STM_GAE,deb5beeb-47d3-4d8c-998c-74ba17a3db94,55.32601,-132.11936,14.98305,5.89278,-5.40726,-8.26156,-1.66525,9.58549,-7.09192,,,,,,,,,,,,,,,,,,,,,,,,,,,,,,,,,,,,,,,,,,,,,,,,,,,High,High,High,,,,,,,,,,,,,,,,,,,,,,,,,,,,,,,,,,,,
161,2026-03-24,17:40:43.83,2,6,"Nobles, Jake",10149988,Right,STM_GAE,"Kelly, Rowan",1000253487,Left,SAN_GAU,Undefined,5,Top,1,3,2,Fastball,Four-Seam,InPlay,Undefined,Popup,Out,1,0,,89.56829,-1.681675,-2.929759,2261.455084,218.244137,1:15,5.862,1.70616,5.37718,-19.40863,16.27997,11.89918,2.66553,-0.0513,81.58473,-5.317876,-0.817548,0.429968,87.92432,56.140662,-25.091162,,84.23054,130.742,-70.74754,197.17241,83.84948,-45.729612,5.740915,-6.85709,9.02123,-1.45244,50,5.69784,6.11322,-129.79806,-4.46998,-11.662,27.95051,-16.8314,STM_GAE,SAN_GAU,RonaldGallagherStad,D1,WCC,20260324-RonaldGallagherStad-1,420a8080-27e3-11f1-b8ea-f9a2eeae71cc,87.66336,131.28653,,7.98357,,,,1.86419,2.8034,0.0381,c9e67c30-a63b-4587-9ae4-a41912f8aeeb,2026-03-25,00:40:43.83,2026-03-24T17:40:43.8374912-07:00,2026-03-25T00:40:43.8374912Z,Popup,v3,471428,471258,d6bb620095054923be50e712cd675082,"Armstrong, Ian",1000321869,Right,STM_GAE,1296cf5b-c593-4a2f-8ed3-a4cb4d4dc846,55.12404,-130.89681,13.97526,5.86055,-3.80833,-8.4157,-1.70177,6.57165,-5.831,156.80921,1.85535,65.13109,-24.16808,7.05496,-1.08421,-0.0845,0.0708,-0.01122,0.00059,2.78029,107.49498,-29.02533,4.71714,-1.58936,0.44575,-0.07222,0.00567,-0.00016,0.04289,-30.58193,-0.31732,0.54153,0.20681,-0.20111,0.05818,-0.00752,0.00037,,,,,,,,,,,,,,,,,,,,,,,High,High,High,High,Low,,,,,,,,,,,,,,,,,,,,,,,,,,,,,,,,,,
162,2026-03-24,17:41:21.56,3,1,"Nobles, Jake",10149988,Right,STM_GAE,"Libed, Nico",822297,Right,SAN_GAU,Undefined,5,Top,2,0,0,Fastball,Sinker,BallCalled,Undefined,Undefined,Undefined,0,0,,90.99716,-3.028545,-2.323815,2371.980112,235.050694,1:45,5.83975,1.66376,5.25583,-22.90808,11.67532,15.14639,1.08007,0.74126,83.55643,-7.239405,0.363355,0.423258,,,,,,,,,,,,-8.29729,6.99197,-1.46259,50,5.54485,4.66976,-131.88509,-7.83369,-14.64561,27.47886,-19.83245,STM_GAE,SAN_GAU,RonaldGallagherStad,D1,WCC,20260324-RonaldGallagherStad-1,5891ddd0-27e3-11f1-b8ea-f9a2eeae71cc,89.05311,,,7.44073,,,,,,,c9e67c30-a63b-4587-9ae4-a41912f8aeeb,2026-03-25,00:41:21.56,2026-03-24T17:41:21.5639040-07:00,2026-03-25T00:41:21.5639040Z,,v3,471428,471258,d6bb620095054923be50e712cd675082,"Armstrong, Ian",1000321869,Right,STM_GAE,07a9d5ed-c0c3-4cbe-8276-3498d3543495,55.24718,-132.97386,13.73943,5.83967,-7.04788,-9.91622,-1.65912,5.25005,-7.32281,,,,,,,,,,,,,,,,,,,,,,,,,,,,,,,,,,,,,,,,,,,,,,,,,,,High,High,High,,,,,,,,,,,,,,,,,,,,,,,,,,,,,,,,,,,,
163,2026-03-24,17:41:38.99,3,2,"Nobles, Jake",10149988,Right,STM_GAE,"Libed, Nico",822297,Right,SAN_GAU,Undefined,5,Top,2,1,0,Fastball,Sinker,StrikeCalled,Undefined,Undefined,Undefined,0,0,,89.23355,-1.853105,-2.875596,2339.806603,225.324906,1:30,5.79651,1.72363,5.45237,-20.58981,15.26564,14.23666,2.34304,0.21565,81.32199,-5.702678,-0.34406,0.430972,,,,,,,,,,,,-7.98784,8.56918,-1.47975,50,5.61886,5.85866,-129.31278,-4.88189,-13.4888,27.64735,-17.70355,STM_GAE,SAN_GAU,RonaldGallagherStad,D1,WCC,20260324-RonaldGallagherStad-1,62f07020-27e3-11f1-b8ea-f9a2eeae71cc,87.45915,,,7.91156,,,,,,,c9e67c30-a63b-4587-9ae4-a41912f8aeeb,2026-03-25,00:41:38.99,2026-03-24T17:41:38.9900288-07:00,2026-03-25T00:41:38.9900288Z,,v3,471428,471258,d6bb620095054923be50e712cd675082,"Armstrong, Ian",1000321869,Right,STM_GAE,842b4020-ed04-4c54-ae01-cadf6f663020,55.04801,-130.38758,13.82367,5.79526,-4.19365,-8.85178,-1.71771,6.38305,-6.7444,,,,,,,,,,,,,,,,,,,,,,,,,,,,,,,,,,,,,,,,,,,,,,,,,,,High,High,High,,,,,,,,,,,,,,,,,,,,,,,,,,,,,,,,,,,,
164,2026-03-24,17:41:54.58,3,3,"Nobles, Jake",10149988,Right,STM_GAE,"Libed, Nico",822297,Right,SAN_GAU,Undefined,5,Top,2,1,1,Slider,Slider,BallCalled,Undefined,Undefined,Undefined,0,0,,77.85309,-1.363184,-1.092865,2529.784447,82.508589,8:45,5.79967,1.75621,4.97079,-48.09979,-0.24657,-13.3917,0.50322,-0.39221,71.82006,-10.00896,-3.461503,0.497883,,,,,,,,,,,,6.41244,0.61441,-1.63879,50,5.62805,2.68442,-112.94314,-4.38334,8.25023,21.32873,-31.38353,STM_GAE,SAN_GAU,RonaldGallagherStad,D1,WCC,20260324-RonaldGallagherStad-1,6c3729d0-27e3-11f1-b8ea-f9a2eeae71cc,75.70546,,,6.03304,,,,,,,c9e67c30-a63b-4587-9ae4-a41912f8aeeb,2026-03-25,00:41:54.58,2026-03-24T17:41:54.5817088-07:00,2026-03-25T00:41:54.5817088Z,,v3,471428,471258,d6bb620095054923be50e712cd675082,"Armstrong, Ian",1000321869,Right,STM_GAE,3e17b1ea-0b55-4873-98cd-274b240d004f,55.53286,-113.98321,10.66436,5.80449,-2.85297,-15.69177,-1.75988,2.28211,4.12511,,,,,,,,,,,,,,,,,,,,,,,,,,,,,,,,,,,,,,,,,,,,,,,,,,,High,High,High,,,,,,,,,,,,,,,,,,,,,,,,,,,,,,,,,,,,
165,2026-03-24,17:42:16.80,3,4,"Nobles, Jake",10149988,Right,STM_GAE,"Libed, Nico",822297,Right,SAN_GAU,Undefined,5,Top,2,2,1,ChangeUp,Changeup,StrikeSwinging,Undefined,Undefined,Undefined,0,0,,80.76763,0.130896,-3.307757,1783.041359,277.918284,3:15,5.57024,1.90807,5.35796,-44.2492,-0.8228,14.98871,2.00577,0.05154,74.71377,-7.903038,-0.645207,0.474295,,,,,,,,,,,,-8.41634,-0.10346,-1.62163,50,5.55003,6.17779,-117.23757,-1.28515,-11.80823,20.49071,-32.3192,STM_GAE,SAN_GAU,RonaldGallagherStad,D1,WCC,20260324-RonaldGallagherStad-1,79773130-27e3-11f1-b8ea-f9a2eeae71cc,79.47051,,,6.05387,,,,,,,c9e67c30-a63b-4587-9ae4-a41912f8aeeb,2026-03-25,00:42:16.80,2026-03-24T17:42:16.8065536-07:00,2026-03-25T00:42:16.8065536Z,,v3,471428,471258,d6bb620095054923be50e712cd675082,"Armstrong, Ian",1000321869,Right,STM_GAE,c668ad23-2d9d-4051-a558-9b5caef7b8cd,55.14635,-118.13362,10.24535,5.57533,0.12816,-16.1596,-1.90308,6.69416,-5.90411,,,,,,,,,,,,,,,,,,,,,,,,,,,,,,,,,,,,,,,,,,,,,,,,,,,High,High,High,,,,,,,,,,,,,,,,,,,,,,,,,,,,,,,,,,,,
166,2026-03-24,17:42:35.22,3,5,"Nobles, Jake",10149988,Right,STM_GAE,"Libed, Nico",822297,Right,SAN_GAU,Undefined,5,Top,2,2,2,Fastball,Sinker,BallCalled,Undefined,Undefined,Undefined,0,0,,91.01045,-1.385058,-1.664573,2158.585367,244.112681,2:15,5.78015,1.81441,5.34773,-25.96702,8.12831,14.7428,2.31622,1.48114,84.13007,-6.141909,0.956258,0.420261,,,,,,,,,,,,-7.85831,4.72008,-1.67551,50,5.63668,3.1792,-132.22084,-4.18235,-14.05485,25.46938,-23.732,STM_GAE,SAN_GAU,RonaldGallagherStad,D1,WCC,20260324-RonaldGallagherStad-1,8472c6d0-27e3-11f1-b8ea-f9a2eeae71cc,89.68821,,,6.88038,,,,,,,c9e67c30-a63b-4587-9ae4-a41912f8aeeb,2026-03-25,00:42:35.22,2026-03-24T17:42:35.2220672-07:00,2026-03-25T00:42:35.2220672Z,,v3,471428,471258,d6bb620095054923be50e712cd675082,"Armstrong, Ian",1000321869,Right,STM_GAE,4f76e649-26c9-42cd-8a42-940d45597a27,55.15551,-133.21023,12.73469,5.78124,-3.26045,-11.866,-1.80962,3.72518,-7.02742,,,,,,,,,,,,,,,,,,,,,,,,,,,,,,,,,,,,,,,,,,,,,,,,,,,High,High,High,,,,,,,,,,,,,,,,,,,,,,,,,,,,,,,,,,,,
167,2026-03-24,17:42:56.88,3,6,"Nobles, Jake",10149988,Right,STM_GAE,"Libed, Nico",822297,Right,SAN_GAU,Undefined,5,Top,2,3,2,Fastball,Sinker,InPlay,Undefined,GroundBall,Out,1,0,,90.16515,-1.135249,-2.429236,2118.990745,247.061459,2:15,5.73858,1.67319,5.21818,-27.44281,7.80729,15.81973,2.38313,0.70597,82.56592,-6.16742,0.37453,0.427318,,,,,,,,,,,,-8.60689,4.53528,-1.46128,50,5.61315,4.82522,-130.78849,-3.64277,-14.92127,27.35674,-24.31151,STM_GAE,SAN_GAU,RonaldGallagherStad,D1,WCC,20260324-RonaldGallagherStad-1,91539730-27e3-11f1-b8ea-f9a2eeae71cc,88.20695,,,7.59923,,,,,,,c9e67c30-a63b-4587-9ae4-a41912f8aeeb,2026-03-25,00:42:56.88,2026-03-24T17:42:56.8856064-07:00,2026-03-25T00:42:56.8856064Z,,v3,471428,471258,d6bb620095054923be50e712cd675082,"Armstrong, Ian",1000321869,Right,STM_GAE,aec2a6f7-9163-48f1-9b7b-990d64b5b9ad,55.28399,-131.8891,13.67837,5.74002,-2.66467,-12.15575,-1.66749,5.42553,-7.46063,,,,,,,,,,,,,,,,,,,,,,,,,,,,,,,,,,,,,,,,,,,,,,,,,,,High,High,High,,,,,,,,,,,,,,,,,,,,,,,,,,,,,,,,,,,,
168,2026-03-24,17:45:04.67,1,1,"Krodel, Andrew",1000242424,Right,SAN_GAU,"Petit, Brady",832259,Right,STM_GAE,Undefined,5,Bottom,0,0,0,ChangeUp,Changeup,StrikeSwinging,Undefined,Undefined,Undefined,0,0,,81.2455,-2.08503,-2.648173,1741.641715,264.762866,2:45,6.08036,1.06645,6.0374,-39.09935,3.05725,18.86749,0.88847,0.18483,74.87237,-9.277702,0.753451,0.467309,,,,,,,,,,,,-10.57902,2.50244,-0.87022,50,5.89596,4.77044,-117.95501,-5.51577,-14.88489,22.71185,-28.65303,STM_GAE,SAN_GAU,RonaldGallagherStad,D1,WCC,20260324-RonaldGallagherStad-1,dd7fb670-27e3-11f1-b8ea-f9a2eeae71cc,80.65849,,,6.37312,,,,,,,c9e67c30-a63b-4587-9ae4-a41912f8aeeb,2026-03-25,00:45:04.67,2026-03-24T17:45:04.6789632-07:00,2026-03-25T00:45:04.6789632Z,,v3,471428,471258,d6bb620095054923be50e712cd675082,"Libed, Nico",822297,Right,SAN_GAU,18a305a7-03c7-43cd-afa7-ff3f6fb1e49c,54.46673,-118.81195,11.35593,6.08368,-4.43466,-14.32652,-1.06081,5.33206,-7.44245,,,,,,,,,,,,,,,,,,,,,,,,,,,,,,,,,,,,,,,,,,,,,,,,,,,High,High,High,,,,,,,,,,,,,,,,,,,,,,,,,,,,,,,,,,,,
169,2026-03-24,17:45:16.73,1,2,"Krodel, Andrew",1000242424,Right,SAN_GAU,"Petit, Brady",832259,Right,STM_GAE,Undefined,5,Bottom,0,0,1,ChangeUp,Changeup,StrikeCalled,Undefined,Undefined,Undefined,0,0,,80.75949,-0.084848,-2.982996,1794.508247,252.670853,2:30,6.00419,1.15322,6.40978,-34.24171,7.89323,20.91686,3.07259,0.151,73.80271,-6.503485,0.806165,0.467189,,,,,,,,,,,,-11.69505,4.58221,-0.94812,50,5.98272,5.34817,-117.28846,-1.15094,-16.23818,22.85737,-25.81181,STM_GAE,SAN_GAU,RonaldGallagherStad,D1,WCC,20260324-RonaldGallagherStad-1,e4c3e960-27e3-11f1-b8ea-f9a2eeae71cc,80.67921,,,6.95677,,,,,,,c9e67c30-a63b-4587-9ae4-a41912f8aeeb,2026-03-25,00:45:16.73,2026-03-24T17:45:16.7358976-07:00,2026-03-25T00:45:16.7358976Z,,v3,471428,471258,d6bb620095054923be50e712cd675082,"Libed, Nico",822297,Right,SAN_GAU,e9678288-39e6-43b8-8c7f-13c293768fcd,54.09146,-118.08312,11.42868,6.00713,-0.25357,-12.90591,-1.14386,5.91271,-8.11909,,,,,,,,,,,,,,,,,,,,,,,,,,,,,,,,,,,,,,,,,,,,,,,,,,,High,High,High,,,,,,,,,,,,,,,,,,,,,,,,,,,,,,,,,,,,
170,2026-03-24,17:45:31.06,1,3,"Krodel, Andrew",1000242424,Right,SAN_GAU,"Petit, Brady",832259,Right,STM_GAE,Undefined,5,Bottom,0,0,2,Fastball,Four-Seam,FoulBallNotFieldable,Undefined,Undefined,Undefined,0,0,,91.73295,-2.532951,-2.452647,1988.19012,216.246687,1:15,6.12234,0.64594,6.50861,-15.20611,17.25871,11.89453,2.52689,-0.61516,83.93299,-5.457579,-0.294714,0.410089,,,,,,,,,,,,-6.91705,10.06599,-0.47941,50,5.9383,5.23279,-133.19441,-6.28993,-12.42863,28.55251,-14.08741,STM_GAE,SAN_GAU,RonaldGallagherStad,D1,WCC,20260324-RonaldGallagherStad-1,ed3f8ae0-27e3-11f1-b8ea-f9a2eeae71cc,91.91286,,,7.79997,,,,,,,c9e67c30-a63b-4587-9ae4-a41912f8aeeb,2026-03-25,00:45:31.06,2026-03-24T17:45:31.0601216-07:00,2026-03-25T00:45:31.0601216Z,,v3,471428,471258,d6bb620095054923be50e712cd675082,"Libed, Nico",822297,Right,SAN_GAU,dcc11e10-876a-4d32-9255-37e7f8d14667,53.99272,-134.04758,14.27626,6.11996,-5.86899,-7.04371,-0.64132,5.60417,-6.21431,,,,,,,,,,,,,,,,,,,,,,,,,,,,,,,,,,,,,,,,,,,,,,,,,,,High,High,High,,,,,,,,,,,,,,,,,,,,,,,,,,,,,,,,,,,,
171,2026-03-24,17:46:01.37,1,4,"Krodel, Andrew",1000242424,Right,SAN_GAU,"Petit, Brady",832259,Right,STM_GAE,Undefined,5,Bottom,0,0,2,Fastball,Four-Seam,BallCalled,Undefined,Undefined,Undefined,0,0,,92.14118,-3.035851,-3.33127,2149.870411,195.007382,12:30,6.15672,0.6513,6.38996,-14.68123,18.12155,4.5437,2.13348,-2.03771,83.34542,-5.87725,-2.51029,0.412218,,,,,,,,,,,,-3.39311,10.71819,-0.41341,50,5.93083,7.57421,-133.40553,-7.45248,-6.04222,31.87946,-13.08773,STM_GAE,SAN_GAU,RonaldGallagherStad,D1,WCC,20260324-RonaldGallagherStad-1,ff505430-27e3-11f1-b8ea-f9a2eeae71cc,91.43818,,,8.79575,,,,,,,c9e67c30-a63b-4587-9ae4-a41912f8aeeb,2026-03-25,00:46:01.37,2026-03-24T17:46:01.3773312-07:00,2026-03-25T00:46:01.3773312Z,,v3,471428,471258,d6bb620095054923be50e712cd675082,"Libed, Nico",822297,Right,SAN_GAU,3e6f1b0e-f1da-4fa6-af90-25d8577d5045,54.10786,-134.38358,15.93973,6.15331,-7.05095,-6.54386,-0.64863,7.75958,-3.02111,,,,,,,,,,,,,,,,,,,,,,,,,,,,,,,,,,,,,,,,,,,,,,,,,,,High,High,High,,,,,,,,,,,,,,,,,,,,,,,,,,,,,,,,,,,,
172,2026-03-24,17:46:13.88,1,5,"Krodel, Andrew",1000242424,Right,SAN_GAU,"Petit, Brady",832259,Right,STM_GAE,Undefined,5,Bottom,0,1,2,ChangeUp,Changeup,BallinDirt,Undefined,Undefined,Undefined,0,0,,82.79417,-4.549201,-3.923181,1837.706222,235.097718,1:45,6.07186,0.93384,6.1253,-29.45309,11.61095,14.58288,-0.60682,-1.48338,75.69446,-10.009405,-1.296459,0.461214,,,,,,,,,,,,-8.83701,7.79296,-0.64112,50,5.70688,7.67407,-119.65345,-10.4117,-12.69711,25.00976,-20.97706,STM_GAE,SAN_GAU,RonaldGallagherStad,D1,WCC,20260324-RonaldGallagherStad-1,06c2c310-27e4-11f1-b8ea-f9a2eeae71cc,81.72444,,,7.09971,,,,,,,c9e67c30-a63b-4587-9ae4-a41912f8aeeb,2026-03-25,00:46:13.88,2026-03-24T17:46:13.8873344-07:00,2026-03-25T00:46:13.8873344Z,,v3,471428,471258,d6bb620095054923be50e712cd675082,"Libed, Nico",822297,Right,SAN_GAU,b025b921-4f28-4565-9381-14b0a975230f,54.37717,-120.56489,12.50488,6.07238,-9.64723,-10.48853,-0.92922,8.13679,-6.34856,,,,,,,,,,,,,,,,,,,,,,,,,,,,,,,,,,,,,,,,,,,,,,,,,,,High,High,High,,,,,,,,,,,,,,,,,,,,,,,,,,,,,,,,,,,,
173,2026-03-24,17:46:29.66,1,6,"Krodel, Andrew",1000242424,Right,SAN_GAU,"Petit, Brady",832259,Right,STM_GAE,Undefined,5,Bottom,0,2,2,ChangeUp,Changeup,FoulBallNotFieldable,Undefined,Undefined,Undefined,0,0,,81.85308,-0.847451,-1.959777,1634.070112,241.144341,2:00,5.98897,1.01545,6.40485,-29.66187,11.4293,18.26576,2.73735,0.73475,74.65892,-6.434429,1.351526,0.461366,,,,,,,,,,,,-10.19666,6.61607,-0.8833,50,5.91459,3.42299,-118.93493,-2.58313,-14.50297,24.30576,-22.76385,STM_GAE,SAN_GAU,RonaldGallagherStad,D1,WCC,20260324-RonaldGallagherStad-1,10267aa0-27e4-11f1-b8ea-f9a2eeae71cc,81.69746,,,7.19416,,,,,,,c9e67c30-a63b-4587-9ae4-a41912f8aeeb,2026-03-25,00:46:29.66,2026-03-24T17:46:29.6658432-07:00,2026-03-25T00:46:29.6658432Z,,v3,471428,471258,d6bb620095054923be50e712cd675082,"Libed, Nico",822297,Right,SAN_GAU,512e374e-14d2-4700-a4d5-cf2bad39724a,54.0974,-119.76936,12.15288,5.98986,-1.80164,-11.38192,-1.00936,3.92088,-7.25148,,,,,,,,,,,,,,,,,,,,,,,,,,,,,,,,,,,,,,,,,,,,,,,,,,,High,High,High,,,,,,,,,,,,,,,,,,,,,,,,,,,,,,,,,,,,
174,2026-03-24,17:46:46.71,1,7,"Krodel, Andrew",1000242424,Right,SAN_GAU,"Petit, Brady",832259,Right,STM_GAE,Undefined,5,Bottom,0,2,2,Curveball,Curveball,BallCalled,Undefined,Undefined,Undefined,0,0,,73.76156,4.138373,1.099975,2214.916702,30.841172,7:00,6.26692,0.44813,6.12981,-67.63059,-16.2267,-10.70331,4.46379,0.57309,67.1883,-8.313588,-0.829897,0.516024,,,,,,,,,,,,5.79835,-8.95697,-0.52706,50,6.55004,-1.67653,-106.98746,5.69248,6.65799,20.0648,-42.4589,STM_GAE,SAN_GAU,RonaldGallagherStad,D1,WCC,20260324-RonaldGallagherStad-1,1a5b64e0-27e4-11f1-b8ea-f9a2eeae71cc,73.04403,,,6.57326,,,,,,,c9e67c30-a63b-4587-9ae4-a41912f8aeeb,2026-03-25,00:46:46.71,2026-03-24T17:46:46.7151360-07:00,2026-03-25T00:46:46.7151360Z,,v3,471428,471258,d6bb620095054923be50e712cd675082,"Libed, Nico",822297,Right,SAN_GAU,e6e2c07c-d871-4a26-8ccc-022341dadfbc,54.37589,-107.805,10.0324,6.28285,7.42248,-21.22945,-0.45323,-1.94781,3.329,,,,,,,,,,,,,,,,,,,,,,,,,,,,,,,,,,,,,,,,,,,,,,,,,,,High,High,High,,,,,,,,,,,,,,,,,,,,,,,,,,,,,,,,,,,,
175,2026-03-24,17:47:01.06,1,8,"Krodel, Andrew",1000242424,Right,SAN_GAU,"Petit, Brady",832259,Right,STM_GAE,Undefined,5,Bottom,0,3,2,ChangeUp,Changeup,BallCalled,Walk,Undefined,Undefined,0,0,,81.37414,-1.487347,-1.376899,1860.702639,244.027906,2:15,5.97827,1.0319,6.35431,-31.9012,9.8426,17.31028,1.95011,1.20681,74.23818,-7.466396,1.760854,0.465015,,,,,,,,,,,,-9.45898,5.99847,-0.93984,50,5.85548,2.21685,-118.20014,-3.97496,-13.26263,24.40591,-23.76349,STM_GAE,SAN_GAU,RonaldGallagherStad,D1,WCC,20260324-RonaldGallagherStad-1,22e7f650-27e4-11f1-b8ea-f9a2eeae71cc,81.05634,,,7.13596,,,,,,,c9e67c30-a63b-4587-9ae4-a41912f8aeeb,2026-03-25,00:47:01.06,2026-03-24T17:47:01.0688512-07:00,2026-03-25T00:47:01.0688512Z,,v3,471428,471258,d6bb620095054923be50e712cd675082,"Libed, Nico",822297,Right,SAN_GAU,bf37c4d7-3b82-4e6e-b888-c595c20ee9c5,54.14685,-119.05331,12.20295,5.97991,-3.14426,-11.88175,-1.02543,2.68047,-6.63131,,,,,,,,,,,,,,,,,,,,,,,,,,,,,,,,,,,,,,,,,,,,,,,,,,,High,High,High,,,,,,,,,,,,,,,,,,,,,,,,,,,,,,,,,,,,
176,2026-03-24,17:50:01.53,2,1,"Peterson, Nic",10114438,Left,SAN_GAU,"Castellanos, Diego",1000151796,Left,STM_GAE,Undefined,5,Bottom,0,0,0,Fastball,Sinker,FoulBallNotFieldable,Undefined,Undefined,Undefined,0,0,,87.92556,-1.829179,3.426721,2078.045861,128.553572,10:15,5.92435,-1.87939,5.27588,-21.62387,15.5941,-18.00332,2.4006,-0.1572,80.08478,-5.857658,0.237774,0.439084,79.0489,42.094208,-51.660095,5371.438522,55.29697,78.58359,-95.09035,236.15377,86.08685,-67.358581,4.787445,10.05501,8.70233,1.58011,50,5.74149,-6.8291,-127.34263,-4.81615,16.45714,26.94417,-17.93082,STM_GAE,SAN_GAU,RonaldGallagherStad,D1,WCC,20260324-RonaldGallagherStad-1,8e80f9c0-27e4-11f1-b8ea-f9a2eeae71cc,85.84333,82.46301,,7.84079,,,,1.02012,2.37929,0.17141,c9e67c30-a63b-4587-9ae4-a41912f8aeeb,2026-03-25,00:50:01.53,2026-03-24T17:50:01.5320064-07:00,2026-03-25T00:50:01.5320064Z,FlyBall,v3,471428,471258,d6bb620095054923be50e712cd675082,"Libed, Nico",822297,Right,SAN_GAU,43bb7940-b54f-4daf-8ed7-346f78b76fa6,55.22597,-128.44362,13.47208,5.92332,-4.08346,-8.96541,1.87291,-7.50157,8.22857,144.930939,1.03185,53.10892,-18.33259,3.83753,0.26562,-0.47571,0.13684,-0.01674,0.00076,2.37899,77.70692,-21.46985,1.07149,0.47217,-0.37292,0.12282,-0.01906,0.00112,0.16714,-67.37749,8.1165,-0.43004,-0.69211,0.40538,-0.10952,0.01454,-0.00076,,,,,,,,,,,,,,,,,,,,,,,High,High,High,High,Low,,,,,,,,,,,,,,,,,,,,,,,,,,,,,,,,,,
177,2026-03-24,17:50:22.10,2,2,"Peterson, Nic",10114438,Left,SAN_GAU,"Castellanos, Diego",1000151796,Left,STM_GAE,Undefined,5,Bottom,0,0,1,Slider,Curveball,StrikeCalled,Undefined,Undefined,Undefined,0,0,,79.23577,0.25461,1.0549,2299.740883,311.499806,4:30,5.90696,-1.80274,4.87358,-51.88578,-6.24398,8.44343,1.82412,-0.10077,73.92234,-9.031074,2.544965,0.486242,,,,,,,,,,,,-3.94185,-2.82851,1.69139,50,5.88727,-2.46742,-115.17335,-1.41886,-5.35958,18.93738,-36.01982,STM_GAE,SAN_GAU,RonaldGallagherStad,D1,WCC,20260324-RonaldGallagherStad-1,9ac58a20-27e4-11f1-b8ea-f9a2eeae71cc,77.51781,,,5.31343,,,,,,,c9e67c30-a63b-4587-9ae4-a41912f8aeeb,2026-03-25,00:50:22.10,2026-03-24T17:50:22.1032960-07:00,2026-03-25T00:50:22.1032960Z,,v3,471428,471258,d6bb620095054923be50e712cd675082,"Libed, Nico",822297,Right,SAN_GAU,d3d2e904-56b9-4e9c-91dd-1992628079c9,55.63175,-116.09566,9.46869,5.91365,0.33542,-18.00991,1.80521,-2.2064,-2.67979,,,,,,,,,,,,,,,,,,,,,,,,,,,,,,,,,,,,,,,,,,,,,,,,,,,High,High,High,,,,,,,,,,,,,,,,,,,,,,,,,,,,,,,,,,,,
178,2026-03-24,17:50:40.06,2,3,"Peterson, Nic",10114438,Left,SAN_GAU,"Castellanos, Diego",1000151796,Left,STM_GAE,Undefined,5,Bottom,0,0,2,Slider,Curveball,BallinDirt,Undefined,Undefined,Undefined,0,0,,79.20853,-0.974473,3.775366,2361.851582,307.530917,4:15,5.83393,-1.79308,5.15762,-56.08523,-9.75304,14.62383,0.24077,2.98461,73.02388,-11.013053,6.361212,0.489906,,,,,,,,,,,,-6.1626,-4.16315,1.42826,50,5.69944,-8.15703,-114.69565,-3.97272,-8.12374,23.27428,-37.66205,STM_GAE,SAN_GAU,RonaldGallagherStad,D1,WCC,20260324-RonaldGallagherStad-1,a5837a80-27e4-11f1-b8ea-f9a2eeae71cc,76.93811,,,6.18465,,,,,,,c9e67c30-a63b-4587-9ae4-a41912f8aeeb,2026-03-25,00:50:40.06,2026-03-24T17:50:40.0676352-07:00,2026-03-25T00:50:40.0676352Z,,v3,471428,471258,d6bb620095054923be50e712cd675082,"Libed, Nico",822297,Right,SAN_GAU,d00b64f0-a8ca-4d0b-a4eb-bded754a7a43,55.34648,-115.77549,11.63714,5.84323,-2.22534,-18.83103,1.79797,-7.78012,-4.06187,,,,,,,,,,,,,,,,,,,,,,,,,,,,,,,,,,,,,,,,,,,,,,,,,,,High,High,High,,,,,,,,,,,,,,,,,,,,,,,,,,,,,,,,,,,,
179,2026-03-24,17:51:12.54,2,4,"Peterson, Nic",10114438,Left,SAN_GAU,"Castellanos, Diego",1000151796,Left,STM_GAE,Undefined,5,Bottom,0,1,2,Slider,Slider,StrikeSwinging,Strikeout,Undefined,Undefined,0,0,,79.97403,-0.634818,1.405122,2240.267244,297.761032,4:00,5.88582,-1.76355,4.93611,-48.20987,-3.49855,8.92626,1.2681,0.30869,74.70023,-9.265596,2.982109,0.48126,,,,,,,,,,,,-4.12638,-1.2941,1.61897,50,5.78333,-3.21411,-116.22803,-3.06684,-5.71436,19.26003,-33.96617,STM_GAE,SAN_GAU,RonaldGallagherStad,D1,WCC,20260324-RonaldGallagherStad-1,b8cdfc50-27e4-11f1-b8ea-f9a2eeae71cc,78.32028,,,5.2738,,,,,,,c9e67c30-a63b-4587-9ae4-a41912f8aeeb,2026-03-25,00:51:12.54,2026-03-24T17:51:12.5459968-07:00,2026-03-25T00:51:12.5459968Z,,v3,471428,471258,d6bb620095054923be50e712cd675082,"Libed, Nico",822297,Right,SAN_GAU,ed8c355f-d9c4-4cd7-9dad-90b24c0fde77,55.56902,-117.14722,9.63002,5.89102,-1.44577,-16.98308,1.76586,-2.94139,-2.85718,,,,,,,,,,,,,,,,,,,,,,,,,,,,,,,,,,,,,,,,,,,,,,,,,,,High,High,High,,,,,,,,,,,,,,,,,,,,,,,,,,,,,,,,,,,,
180,2026-03-24,17:51:41.59,3,1,"Peterson, Nic",10114438,Left,SAN_GAU,"Freschi, Dario",10282272,Left,STM_GAE,Undefined,5,Bottom,1,0,0,Slider,Curveball,BallCalled,Undefined,Undefined,Undefined,0,0,,78.9233,1.499491,2.708527,2358.025938,306.602436,4:15,5.95293,-1.82838,4.9357,-53.88282,-7.00382,11.47064,2.88193,1.68954,72.20495,-8.206702,4.727768,0.492788,,,,,,,,,,,,-4.82945,-3.3961,1.55486,50,6.05434,-5.89464,-114.32392,0.99322,-6.34706,22.44966,-36.63732,STM_GAE,SAN_GAU,RonaldGallagherStad,D1,WCC,20260324-RonaldGallagherStad-1,ca242830-27e4-11f1-b8ea-f9a2eeae71cc,76.48807,,,6.71835,,,,,,,c9e67c30-a63b-4587-9ae4-a41912f8aeeb,2026-03-25,00:51:41.59,2026-03-24T17:51:41.5969792-07:00,2026-03-25T00:51:41.5969792Z,,v3,471428,471258,d6bb620095054923be50e712cd675082,"Libed, Nico",822297,Right,SAN_GAU,c987716e-8f23-4e41-9338-adca357863a9,55.56635,-115.4118,11.22483,5.96319,2.76861,-18.31866,1.83305,-5.58707,-3.17353,,,,,,,,,,,,,,,,,,,,,,,,,,,,,,,,,,,,,,,,,,,,,,,,,,,High,High,High,,,,,,,,,,,,,,,,,,,,,,,,,,,,,,,,,,,,
181,2026-03-24,17:51:54.54,3,2,"Peterson, Nic",10114438,Left,SAN_GAU,"Freschi, Dario",10282272,Left,STM_GAE,Undefined,5,Bottom,1,1,0,Slider,Curveball,StrikeCalled,Undefined,Undefined,Undefined,0,0,,78.8246,0.809904,1.300685,2278.577643,305.426,4:15,5.84816,-1.9204,5.11823,-50.83274,-4.58394,8.4317,2.37529,0.00773,72.59529,-8.376935,2.794054,0.489465,,,,,,,,,,,,-3.82977,-2.05854,1.79119,50,5.88469,-2.94329,-114.4202,-0.21196,-5.07851,21.05677,-34.90384,STM_GAE,SAN_GAU,RonaldGallagherStad,D1,WCC,20260324-RonaldGallagherStad-1,d1d3a010-27e4-11f1-b8ea-f9a2eeae71cc,77.0074,,,6.22931,,,,,,,c9e67c30-a63b-4587-9ae4-a41912f8aeeb,2026-03-25,00:51:54.54,2026-03-24T17:51:54.5429504-07:00,2026-03-25T00:51:54.5429504Z,,v3,471428,471258,d6bb620095054923be50e712cd675082,"Libed, Nico",822297,Right,SAN_GAU,36d167d2-819a-43bf-afda-049aaf93e2e3,55.38443,-115.40684,10.52839,5.8563,1.4235,-17.45192,1.92353,-2.70533,-2.53925,,,,,,,,,,,,,,,,,,,,,,,,,,,,,,,,,,,,,,,,,,,,,,,,,,,High,High,High,,,,,,,,,,,,,,,,,,,,,,,,,,,,,,,,,,,,
182,2026-03-24,17:52:08.98,3,3,"Peterson, Nic",10114438,Left,SAN_GAU,"Freschi, Dario",10282272,Left,STM_GAE,Undefined,5,Bottom,1,1,1,Slider,Curveball,BallinDirt,Undefined,Undefined,Undefined,0,0,,79.22377,-1.623062,1.913352,2271.59623,328.058155,5:00,5.86538,-1.78148,4.99505,-56.10259,-9.73906,6.99827,-0.34355,0.60892,73.1406,-11.645807,3.153646,0.490072,,,,,,,,,,,,-2.95063,-4.09504,1.59118,50,5.66259,-4.11713,-114.87441,-5.29567,-3.91111,22.87403,-37.60213,STM_GAE,SAN_GAU,RonaldGallagherStad,D1,WCC,20260324-RonaldGallagherStad-1,da7e40d0-27e4-11f1-b8ea-f9a2eeae71cc,76.91208,,,6.08316,,,,,,,c9e67c30-a63b-4587-9ae4-a41912f8aeeb,2026-03-25,00:52:08.98,2026-03-24T17:52:08.9888768-07:00,2026-03-25T00:52:08.9888768Z,,v3,471428,471258,d6bb620095054923be50e712cd675082,"Libed, Nico",822297,Right,SAN_GAU,2fc6ccae-aa9d-48fe-93dd-ca0a222d95f2,55.50982,-115.96634,11.43701,5.87255,-3.50066,-18.80107,1.78327,-3.93042,-1.95555,,,,,,,,,,,,,,,,,,,,,,,,,,,,,,,,,,,,,,,,,,,,,,,,,,,High,High,High,,,,,,,,,,,,,,,,,,,,,,,,,,,,,,,,,,,,
183,2026-03-24,17:52:33.03,3,4,"Peterson, Nic",10114438,Left,SAN_GAU,"Freschi, Dario",10282272,Left,STM_GAE,Undefined,5,Bottom,1,2,1,Fastball,Sinker,FoulBallNotFieldable,Undefined,Undefined,Undefined,0,0,,88.62877,-1.689549,3.412885,2223.160228,128.078327,10:15,5.91714,-1.68718,5.42473,-19.88359,16.64832,-19.64253,2.67435,-0.12351,80.42326,-5.427166,-0.075968,0.435018,99.28267,-47.059511,79.832751,,,,,3.33475,3.33475,54.252961,0.019183,10.92012,9.24619,1.39828,50,5.75352,-6.78297,-128.35519,-4.44565,18.09825,28.19462,-16.85006,STM_GAE,SAN_GAU,RonaldGallagherStad,D1,WCC,20260324-RonaldGallagherStad-1,e8fb0df0-27e4-11f1-b8ea-f9a2eeae71cc,86.64566,2.04793,,8.20551,,,,1.61178,2.04793,0.83067,c9e67c30-a63b-4587-9ae4-a41912f8aeeb,2026-03-25,00:52:33.03,2026-03-24T17:52:33.0361856-07:00,2026-03-25T00:52:33.0361856Z,GroundBall,v3,471428,471258,d6bb620095054923be50e712cd675082,"Libed, Nico",822297,Right,SAN_GAU,40e94245-0beb-4bd4-affc-15253f2829f7,55.07641,-129.46548,14.09731,5.91553,-3.78211,-8.42503,1.67943,-7.49566,9.04913,,1.6117,17.53661,,,,,,,,2.04842,-106.75669,,,,,,,,0.83022,97.78507,,,,,,,,,,,,,,,,,,,,,,,,,,,,,,High,High,High,Low,Low,,,,,,,,,,,,,,,,,,,,,,,,,,,,,,,,,,
184,2026-03-24,17:53:05.78,3,5,"Peterson, Nic",10114438,Left,SAN_GAU,"Freschi, Dario",10282272,Left,STM_GAE,Undefined,5,Bottom,1,2,2,Slider,Slider,FoulBallNotFieldable,Undefined,Undefined,Undefined,0,0,,80.51119,0.924904,1.257945,2397.628218,329.249874,5:00,5.96675,-1.97339,4.91426,-49.9192,-3.74933,3.35685,2.68168,-0.50397,71.69868,-8.161459,1.850291,0.489047,93.60851,43.602522,39.562818,4548.358525,79.69186,95.28055,75.82312,325.40682,128.44394,50.691141,5.861887,-1.19106,-1.74162,1.84753,50,6.01546,-2.69985,-116.37644,0.02664,-1.57838,28.69136,-34.48201,STM_GAE,SAN_GAU,RonaldGallagherStad,D1,WCC,20260324-RonaldGallagherStad-1,fc4f7ad0-27e4-11f1-b8ea-f9a2eeae71cc,77.07323,124.02001,,8.81251,,,,2.49738,2.89189,0.74839,c9e67c30-a63b-4587-9ae4-a41912f8aeeb,2026-03-25,00:53:05.78,2026-03-24T17:53:05.7805312-07:00,2026-03-25T00:53:05.7805312Z,FlyBall,v3,471428,471258,d6bb620095054923be50e712cd675082,"Libed, Nico",822297,Right,SAN_GAU,0fb4e15d-8c96-47b9-9424-a1c451691be4,55.58433,-117.74515,14.34568,5.97495,1.67159,-17.24101,1.97452,-2.62455,-0.78919,,2.50853,76.43791,-19.6907,4.26574,-0.3965,-0.07632,0.0297,-0.00357,0.00015,2.88471,94.79444,-22.4321,2.29511,-0.43971,0.04414,0.00485,-0.00156,0.0001,0.7507,63.27994,-7.83996,1.3401,-0.09215,-0.02724,0.00871,-0.00098,4E-05,,,,,,,,,,,,,,,,,,,,,,,High,High,High,High,Low,,,,,,,,,,,,,,,,,,,,,,,,,,,,,,,,,,
185,2026-03-24,17:53:33.36,3,6,"Peterson, Nic",10114438,Left,SAN_GAU,"Freschi, Dario",10282272,Left,STM_GAE,Undefined,5,Bottom,1,2,2,Cutter,Slider,StrikeSwinging,Strikeout,Undefined,Undefined,0,0,,79.63691,1.209591,2.183166,2210.996675,244.990254,2:15,5.38257,-2.38326,5.16947,-43.79187,2.16996,1.14126,2.87262,-0.23252,71.989,-6.799215,2.385095,0.487944,,,,,,,,,,,,0.13362,1.22772,2.17882,50,5.46245,-4.44315,-115.28087,0.88536,0.17731,24.24897,-30.54517,STM_GAE,SAN_GAU,RonaldGallagherStad,D1,WCC,20260324-RonaldGallagherStad-1,0cb971f0-27e5-11f1-b8ea-f9a2eeae71cc,77.24744,,,7.64791,,,,,,,c9e67c30-a63b-4587-9ae4-a41912f8aeeb,2026-03-25,00:53:33.36,2026-03-24T17:53:33.3632512-07:00,2026-03-25T00:53:33.3632512Z,,v3,471428,471258,d6bb620095054923be50e712cd675082,"Libed, Nico",822297,Right,SAN_GAU,0f38bead-2f1d-411e-a84c-d3f33433d946,55.32797,-116.39619,12.12449,5.38942,2.29028,-15.27259,2.38337,-4.45131,0.08865,,,,,,,,,,,,,,,,,,,,,,,,,,,,,,,,,,,,,,,,,,,,,,,,,,,High,High,High,,,,,,,,,,,,,,,,,,,,,,,,,,,,,,,,,,,,
186,2026-03-24,17:54:00.45,4,1,"Peterson, Nic",10114438,Left,SAN_GAU,"Gutierrez, Brayden",1000279529,Right,STM_GAE,Undefined,5,Bottom,2,0,0,Slider,Curveball,BallCalled,Undefined,Undefined,Undefined,0,0,,79.03334,0.337899,1.474921,2341.192361,345.89206,5:30,5.74998,-2.07259,4.68763,-56.79287,-9.62315,2.81288,1.3382,-0.43738,72.35074,-9.827493,1.969891,0.494314,,,,,,,,,,,,-0.93311,-4.39551,1.92001,50,5.73262,-3.06977,-114.55703,-1.49659,-1.2286,22.9778,-37.96155,STM_GAE,SAN_GAU,RonaldGallagherStad,D1,WCC,20260324-RonaldGallagherStad-1,1cdbffd0-27e5-11f1-b8ea-f9a2eeae71cc,76.25199,,,6.6826,,,,,,,c9e67c30-a63b-4587-9ae4-a41912f8aeeb,2026-03-25,00:54:00.45,2026-03-24T17:54:00.4552192-07:00,2026-03-25T00:54:00.4552192Z,,v3,471428,471258,d6bb620095054923be50e712cd675082,"Libed, Nico",822297,Right,SAN_GAU,689dc313-636e-49e1-aae8-71670bb6e24d,55.81537,-115.71759,11.4889,5.75979,0.42077,-18.98077,2.07349,-3.00772,-0.6143,,,,,,,,,,,,,,,,,,,,,,,,,,,,,,,,,,,,,,,,,,,,,,,,,,,High,High,High,,,,,,,,,,,,,,,,,,,,,,,,,,,,,,,,,,,,
187,2026-03-24,17:54:13.34,4,2,"Peterson, Nic",10114438,Left,SAN_GAU,"Gutierrez, Brayden",1000279529,Right,STM_GAE,Undefined,5,Bottom,2,1,0,Slider,Curveball,StrikeCalled,Undefined,Undefined,Undefined,0,0,,79.2232,0.757196,0.009266,2355.088125,310.476448,4:15,5.79496,-1.89991,5.01892,-53.54499,-7.51241,10.4906,2.04753,-1.01695,72.84529,-8.89449,1.866129,0.488319,,,,,,,,,,,,-5.1839,-3.47126,1.89023,50,5.82421,-0.45759,-115.00149,-0.46045,-6.92646,21.78076,-36.8122,STM_GAE,SAN_GAU,RonaldGallagherStad,D1,WCC,20260324-RonaldGallagherStad-1,2497d3c0-27e5-11f1-b8ea-f9a2eeae71cc,77.18808,,,6.37791,,,,,,,c9e67c30-a63b-4587-9ae4-a41912f8aeeb,2026-03-25,00:54:13.34,2026-03-24T17:54:13.3468672-07:00,2026-03-25T00:54:13.3468672Z,,v3,471428,471258,d6bb620095054923be50e712cd675082,"Libed, Nico",822297,Right,SAN_GAU,d1dd38c0-1961-4caa-a37d-7fb4e3c00065,55.48421,-116.03553,10.89038,5.80458,1.2872,-18.4061,1.90415,-0.12875,-3.46323,,,,,,,,,,,,,,,,,,,,,,,,,,,,,,,,,,,,,,,,,,,,,,,,,,,High,High,High,,,,,,,,,,,,,,,,,,,,,,,,,,,,,,,,,,,,
188,2026-03-24,17:54:29.94,4,3,"Peterson, Nic",10114438,Left,SAN_GAU,"Gutierrez, Brayden",1000279529,Right,STM_GAE,Undefined,5,Bottom,2,1,1,ChangeUp,Changeup,InPlay,Undefined,LineDrive,Out,1,0,,83.4799,0.212534,3.713036,2027.413217,97.359223,9:15,5.27477,-2.32179,5.31047,-37.31541,3.93914,-19.88694,2.36507,-0.48884,76.05779,-6.620181,0.1878,0.462282,90.71766,9.973906,-34.769004,3503.806819,87.94281,6.02779,-66.07491,141.00586,116.5606,-37.97188,1.242863,11.1156,2.27414,1.99979,50,5.26691,-7.0166,-120.94863,-0.88243,16.38799,24.62616,-28.82123,STM_GAE,SAN_GAU,RonaldGallagherStad,D1,WCC,20260324-RonaldGallagherStad-1,2e89e8a0-27e5-11f1-b8ea-f9a2eeae71cc,81.53555,8.75941,,7.42211,,,,2.61523,2.60804,0.61222,c9e67c30-a63b-4587-9ae4-a41912f8aeeb,2026-03-25,00:54:29.94,2026-03-24T17:54:29.9462144-07:00,2026-03-25T00:54:29.9462144Z,LineDrive,v3,471428,471258,d6bb620095054923be50e712cd675082,"Libed, Nico",822297,Right,SAN_GAU,a16c319c-face-49d8-88ad-5618633ae891,55.19239,-122.00126,12.31308,5.2783,0.34952,-14.41061,2.31469,-7.7171,8.19399,,2.61523,107.64591,-20.85281,4.64831,-0.95469,0.07039,0.06854,-0.04154,0.00831,2.60804,23.0446,-22.878,2.66212,-0.54118,0.11418,-0.02353,0.00488,-0.0006,0.61222,-74.72812,2.54002,1.36882,-0.57749,0.09597,0.04439,-0.03382,0.00717,,,,,,,,,,,,,,,,,,,,,,,High,High,High,High,High,,,,,,,,,,,,,,,,,,,,,,,,,,,,,,,,,,
189,2026-03-24,17:57:31.87,1,1,"Chapman, Finn",822156,Right,STM_GAE,"Kosciusko, Cole",1000364960,Left,SAN_GAU,Undefined,6,Top,0,0,0,ChangeUp,Changeup,BallCalled,Undefined,Undefined,Undefined,0,0,,88.06876,1.553271,-1.995756,1504.871685,254.736563,2:30,5.65143,3.02011,5.59657,-31.88927,4.90512,13.35272,4.44548,2.26869,79.62424,-4.353921,0.385879,0.436578,,,,,,,,,,,,-7.28469,2.41803,-2.85744,50,5.76438,3.84691,-127.65082,2.3084,-11.90725,28.57466,-28.22162,STM_GAE,SAN_GAU,RonaldGallagherStad,D1,WCC,20260324-RonaldGallagherStad-1,9ae0e4e0-27e5-11f1-b8ea-f9a2eeae71cc,86.33604,,,8.44452,,,,,,,c9e67c30-a63b-4587-9ae4-a41912f8aeeb,2026-03-25,00:57:31.87,2026-03-24T17:57:31.8796800-07:00,2026-03-25T00:57:31.8796800Z,,v3,471428,471258,d6bb620095054923be50e712cd675082,"Armstrong, Ian",1000321869,Right,STM_GAE,0ff667c5-5e61-45e2-b3ce-215057947c28,54.90171,-128.74339,14.28733,5.65548,3.38747,-14.11081,-3.01324,4.30219,-5.95363,,,,,,,,,,,,,,,,,,,,,,,,,,,,,,,,,,,,,,,,,,,,,,,,,,,High,High,High,,,,,,,,,,,,,,,,,,,,,,,,,,,,,,,,,,,,
190,2026-03-24,17:57:50.21,1,2,"Chapman, Finn",822156,Right,STM_GAE,"Kosciusko, Cole",1000364960,Left,SAN_GAU,Undefined,6,Top,0,1,0,Fastball,Cutter,StrikeCalled,Undefined,Undefined,Undefined,0,0,,91.09142,-1.208921,-4.355811,2314.120008,194.097552,12:30,5.67627,3.11299,5.94741,-25.10336,8.62784,1.9028,2.45957,-0.77648,83.469,-5.870482,-4.015526,0.418011,,,,,,,,,,,,-2.17902,5.08449,-2.76661,50,5.56562,9.97133,-131.97288,-3.64798,-3.84617,27.8691,-23.19946,STM_GAE,SAN_GAU,RonaldGallagherStad,D1,WCC,20260324-RonaldGallagherStad-1,a5c7e110-27e5-11f1-b8ea-f9a2eeae71cc,90.17099,,,7.62241,,,,,,,c9e67c30-a63b-4587-9ae4-a41912f8aeeb,2026-03-25,00:57:50.21,2026-03-24T17:57:50.2165504-07:00,2026-03-25T00:57:50.2165504Z,,v3,471428,471258,d6bb620095054923be50e712cd675082,"Armstrong, Ian",1000321869,Right,STM_GAE,cefb229f-b694-4974-95af-8ff2a0917678,54.55321,-132.93092,13.93455,5.67732,-2.85047,-11.59973,-3.11166,10.10355,-1.92308,,,,,,,,,,,,,,,,,,,,,,,,,,,,,,,,,,,,,,,,,,,,,,,,,,,High,High,High,,,,,,,,,,,,,,,,,,,,,,,,,,,,,,,,,,,,
191,2026-03-24,17:58:08.91,1,3,"Chapman, Finn",822156,Right,STM_GAE,"Kosciusko, Cole",1000364960,Left,SAN_GAU,Undefined,6,Top,0,1,1,ChangeUp,Changeup,BallCalled,Undefined,Undefined,Undefined,0,0,,88.24109,-0.23912,-2.339718,1510.285283,268.152841,3:00,5.48282,3.2268,5.39626,-35.07644,1.76571,16.13143,2.3355,2.37715,80.23315,-6.667761,0.530128,0.436862,,,,,,,,,,,,-8.73548,1.37347,-3.02931,50,5.43714,4.49131,-127.93574,-1.87237,-14.36933,28.24443,-29.91479,STM_GAE,SAN_GAU,RonaldGallagherStad,D1,WCC,20260324-RonaldGallagherStad-1,b0fa1710-27e5-11f1-b8ea-f9a2eeae71cc,86.28005,,,8.00794,,,,,,,c9e67c30-a63b-4587-9ae4-a41912f8aeeb,2026-03-25,00:58:08.91,2026-03-24T17:58:08.9128960-07:00,2026-03-25T00:58:08.9128960Z,,v3,471428,471258,d6bb620095054923be50e712cd675082,"Armstrong, Ian",1000321869,Right,STM_GAE,4811d323-d9fa-455e-bb28-dafd8051106b,55.10366,-129.05756,14.12222,5.48791,-0.6842,-14.9574,-3.21903,5.06203,-7.18467,,,,,,,,,,,,,,,,,,,,,,,,,,,,,,,,,,,,,,,,,,,,,,,,,,,High,High,High,,,,,,,,,,,,,,,,,,,,,,,,,,,,,,,,,,,,
192,2026-03-24,17:58:28.98,1,4,"Chapman, Finn",822156,Right,STM_GAE,"Kosciusko, Cole",1000364960,Left,SAN_GAU,Undefined,6,Top,0,2,1,Fastball,Four-Seam,InPlay,Undefined,LineDrive,Single,0,0,,90.95414,-1.000389,-3.927951,2245.989171,193.732006,12:30,5.71004,3.14742,6.13151,-22.50564,10.86068,2.41398,2.9076,-0.28786,83.72744,-5.206242,-3.49447,0.415744,91.11892,7.644794,-14.271556,2384.448895,,,,135.56692,135.33871,-18.509684,1.165532,-2.27327,6.18004,-2.84811,50,5.62163,8.96299,-131.97155,-3.03366,-4.03498,26.39317,-21.20459,STM_GAE,SAN_GAU,RonaldGallagherStad,D1,WCC,20260324-RonaldGallagherStad-1,bce2a4c0-27e5-11f1-b8ea-f9a2eeae71cc,90.66269,7.14162,,7.22669,,,,0.61369,2.83902,0.34425,c9e67c30-a63b-4587-9ae4-a41912f8aeeb,2026-03-25,00:58:28.98,2026-03-24T17:58:28.9897984-07:00,2026-03-25T00:58:28.9897984Z,GroundBall,v3,471428,471258,d6bb620095054923be50e712cd675082,"Armstrong, Ian",1000321869,Right,STM_GAE,39631137-f7e1-4193-8429-533e33ba70e7,54.37031,-132.84269,13.19659,5.71021,-2.33377,-10.60229,-3.14615,9.09616,-2.01749,86.867808,0.61369,128.36466,-18.46509,2.56787,-0.38045,0.10241,-0.1646,0.11507,-0.02821,2.83902,17.77825,-19.22808,1.9393,-0.33926,0.07839,-0.04247,0.02581,-0.00633,0.34426,-32.65386,-5.92415,2.06193,-0.18488,-0.07021,-0.15394,0.1738,-0.04974,,,,,,,,,,,,,,,,,,,,,,,High,High,High,High,High,,,,,,,,,,,,,,,,,,,,,,,,,,,,,,,,,,
193,2026-03-24,17:59:07.64,2,1,"Chapman, Finn",822156,Right,STM_GAE,"Husovsky, Nick",1000271465,Right,SAN_GAU,Undefined,6,Top,0,0,0,Fastball,Four-Seam,StrikeCalled,Undefined,Undefined,Undefined,0,0,,91.04567,-1.337675,-4.501921,2258.935933,185.151788,12:15,5.80439,3.23346,6.00655,-22.22289,11.60839,0.94776,2.70905,-0.86728,83.0907,-5.496628,-4.332383,0.41863,,,,,,,,,,,,-1.7802,6.6854,-2.87949,50,5.68678,10.33921,-131.82766,-3.80857,-3.12318,28.82127,-20.44521,STM_GAE,SAN_GAU,RonaldGallagherStad,D1,WCC,20260324-RonaldGallagherStad-1,d4024a70-27e5-11f1-b8ea-f9a2eeae71cc,90.03756,,,7.95497,,,,,,,c9e67c30-a63b-4587-9ae4-a41912f8aeeb,2026-03-25,00:59:07.64,2026-03-24T17:59:07.6450304-07:00,2026-03-25T00:59:07.6450304Z,,v3,471428,471258,d6bb620095054923be50e712cd675082,"Armstrong, Ian",1000321869,Right,STM_GAE,bc330a50-15c5-4d9e-9592-4ef922b1929f,54.49326,-132.80638,14.41064,5.80432,-3.11429,-10.22261,-3.23239,10.44527,-1.56159,,,,,,,,,,,,,,,,,,,,,,,,,,,,,,,,,,,,,,,,,,,,,,,,,,,High,High,High,,,,,,,,,,,,,,,,,,,,,,,,,,,,,,,,,,,,
194,2026-03-24,17:59:29.20,2,2,"Chapman, Finn",822156,Right,STM_GAE,"Husovsky, Nick",1000271465,Right,SAN_GAU,Undefined,6,Top,0,0,1,Fastball,Four-Seam,StrikeCalled,Undefined,Undefined,Undefined,1,0,,91.3061,-2.492898,-3.662732,2369.797626,179.576758,12:00,5.78352,3.10945,5.85378,-21.24501,12.23587,-0.08307,1.69053,-0.30547,84.23641,-6.436437,-3.677584,0.416457,,,,,,,,,,,,-0.90339,7.21811,-2.81141,50,5.56796,8.47757,-132.37852,-6.48712,-1.61423,26.41242,-19.27614,STM_GAE,SAN_GAU,RonaldGallagherStad,D1,WCC,20260324-RonaldGallagherStad-1,e0d3b180-27e5-11f1-b8ea-f9a2eeae71cc,90.50742,,,7.06969,,,,,,,c9e67c30-a63b-4587-9ae4-a41912f8aeeb,2026-03-25,00:59:29.20,2026-03-24T17:59:29.2040000-07:00,2026-03-25T00:59:29.2040000Z,,v3,471428,471258,d6bb620095054923be50e712cd675082,"Armstrong, Ian",1000321869,Right,STM_GAE,3be38498-fc4a-46f4-9d1d-e5c762f160bf,54.6485,-133.30277,13.20621,5.78316,-5.81259,-9.63807,-3.10906,8.53405,-0.80711,,,,,,,,,,,,,,,,,,,,,,,,,,,,,79.46159,2.054428,0.81495,1.239478,2.57144,1.82009,0.23125,0.56833,5.90577,1.17267,127.27963,0.13607,3.86236,0.70749,114.57213,-10.12382,5.91743,9.25642,-11.2397,1.09286,-2.81223,4.11387,High,High,High,,,High,High,High,,,,,,,,,,,,,,,,,,,,,,,,,,,,,,,
195,2026-03-24,18:00:00.26,2,3,"Chapman, Finn",822156,Right,STM_GAE,"Husovsky, Nick",1000271465,Right,SAN_GAU,Undefined,6,Top,1,0,2,Slider,Curveball,BallCalled,Undefined,Undefined,Undefined,0,0,,82.19233,0.640193,-3.007072,2303.406798,66.164381,8:15,5.90114,2.95555,5.21173,-50.87692,-7.2413,-20.10277,2.26428,-1.5501,74.01988,-8.588331,-6.561052,0.475436,,,,,,,,,,,,8.93378,-3.36358,-2.6616,50,5.9224,7.10528,-118.87256,-0.55748,12.42007,28.81591,-36.85021,STM_GAE,SAN_GAU,RonaldGallagherStad,D1,WCC,20260324-RonaldGallagherStad-1,f3636ed0-27e5-11f1-b8ea-f9a2eeae71cc,79.27978,,,8.17246,,,,,,,c9e67c30-a63b-4587-9ae4-a41912f8aeeb,2026-03-25,01:00:00.26,2026-03-24T18:00:00.2645504-07:00,2026-03-25T01:00:00.2645504Z,,v3,471428,471258,d6bb620095054923be50e712cd675082,"Armstrong, Ian",1000321869,Right,STM_GAE,d2e2ff83-7b99-4352-85e3-7aa12bf9e794,55.28893,-120.14782,14.40796,5.91099,1.07333,-18.42511,-2.96388,6.55562,6.21004,,,,,,,,,,,,,,,,,,,,,,,,,,,,,,,,,,,,,,,,,,,,,,,,,,,High,High,High,,,,,,,,,,,,,,,,,,,,,,,,,,,,,,,,,,,,
196,2026-03-24,18:00:19.69,2,4,"Chapman, Finn",822156,Right,STM_GAE,"Husovsky, Nick",1000271465,Right,SAN_GAU,Undefined,6,Top,1,1,2,Slider,Curveball,StrikeCalled,Strikeout,Undefined,Undefined,0,0,,80.95566,-0.07971,-2.165358,2020.236353,71.142041,8:15,5.79803,2.95229,5.39787,-47.86451,-3.48673,-14.98863,1.73457,-0.32698,73.19369,-8.806216,-4.830974,0.479462,,,,,,,,,,,,6.79622,-1.26626,-2.74814,50,5.75751,5.04722,-117.24754,-1.84823,9.24179,26.94587,-33.89598,STM_GAE,SAN_GAU,RonaldGallagherStad,D1,WCC,20260324-RonaldGallagherStad-1,feea2d70-27e5-11f1-b8ea-f9a2eeae71cc,78.61404,,,7.76197,,,,,,,c9e67c30-a63b-4587-9ae4-a41912f8aeeb,2026-03-25,01:00:19.69,2026-03-24T18:00:19.6945408-07:00,2026-03-25T01:00:19.6945408Z,,v3,471428,471258,d6bb620095054923be50e712cd675082,"Armstrong, Ian",1000321869,Right,STM_GAE,da25eaa6-48dd-49ad-9608-8e4ef715b4d5,55.10254,-118.4144,13.47293,5.80576,-0.38041,-16.94799,-2.95804,4.64702,4.62089,,,,,,,,,,,,,,,,,,,,,,,,,,,,,,,,,,,,,,,,,,,,,,,,,,,High,High,High,,,,,,,,,,,,,,,,,,,,,,,,,,,,,,,,,,,,
197,2026-03-24,18:00:51.44,3,1,"Chapman, Finn",822156,Right,STM_GAE,"Karliner, Noah",809626,Right,SAN_GAU,Undefined,6,Top,2,0,0,Fastball,Cutter,BallCalled,Undefined,Undefined,Undefined,0,0,,91.1296,-0.201919,-1.560305,2118.865802,168.986726,11:45,5.80423,3.13479,6.09907,-27.19789,5.85189,-0.95752,3.35091,1.61151,84.16317,-5.250447,-1.732807,0.413767,,,,,,,,,,,,0.10272,3.36898,-3.01418,50,5.77429,3.64996,-132.53632,-1.39641,0.18443,25.81511,-26.12481,STM_GAE,SAN_GAU,RonaldGallagherStad,D1,WCC,20260324-RonaldGallagherStad-1,11d689b0-27e6-11f1-b8ea-f9a2eeae71cc,91.09582,,,6.96644,,,,,,,c9e67c30-a63b-4587-9ae4-a41912f8aeeb,2026-03-25,01:00:51.44,2026-03-24T18:00:51.4488320-07:00,2026-03-25T01:00:51.4488320Z,,v3,471428,471258,d6bb620095054923be50e712cd675082,"Armstrong, Ian",1000321869,Right,STM_GAE,fbf162c2-6a3f-4b1e-b853-f5ec25863993,54.40277,-133.39112,12.90755,5.80621,-0.53136,-13.06241,-3.13494,3.64385,0.09221,,,,,,,,,,,,,,,,,,,,,,,,,,,,,,,,,,,,,,,,,,,,,,,,,,,High,High,High,,,,,,,,,,,,,,,,,,,,,,,,,,,,,,,,,,,,
198,2026-03-24,18:01:11.45,3,2,"Chapman, Finn",822156,Right,STM_GAE,"Karliner, Noah",809626,Right,SAN_GAU,Undefined,6,Top,2,1,0,Slider,Slider,StrikeCalled,Undefined,Undefined,Undefined,0,0,,80.53999,-0.511562,-1.603995,1978.13822,93.335549,9:00,5.77811,2.94532,5.38034,-42.15463,2.72457,-18.02603,1.78546,-0.06091,72.69061,-8.23332,-4.808996,0.482163,,,,,,,,,,,,8.50626,2.02256,-2.7885,50,5.70289,4.00413,-116.64443,-2.48749,11.44283,26.76758,-29.45325,STM_GAE,SAN_GAU,RonaldGallagherStad,D1,WCC,20260324-RonaldGallagherStad-1,1dcd9650-27e6-11f1-b8ea-f9a2eeae71cc,78.17362,,,7.84938,,,,,,,c9e67c30-a63b-4587-9ae4-a41912f8aeeb,2026-03-25,01:01:11.45,2026-03-24T18:01:11.4574848-07:00,2026-03-25T01:01:11.4574848Z,,v3,471428,471258,d6bb620095054923be50e712cd675082,"Armstrong, Ian",1000321869,Right,STM_GAE,fe633575-d8e0-432b-bc4e-6a7879d5a6c2,55.11909,-117.8133,13.38379,5.78343,-1.20134,-14.72663,-2.95244,3.50445,5.72141,,,,,,,,,,,,,,,,,,,,,,,,,,,,,,,,,,,,,,,,,,,,,,,,,,,High,High,High,,,,,,,,,,,,,,,,,,,,,,,,,,,,,,,,,,,,
199,2026-03-24,18:01:30.34,3,3,"Chapman, Finn",822156,Right,STM_GAE,"Karliner, Noah",809626,Right,SAN_GAU,Undefined,6,Top,2,1,1,Slider,Curveball,BallCalled,Undefined,Undefined,Undefined,0,0,,79.76167,2.059193,0.118576,1856.368181,60.735926,8:00,5.81834,3.00004,5.4568,-53.71164,-8.06004,-17.44733,3.27085,1.6571,71.67209,-7.773046,-2.990507,0.486295,,,,,,,,,,,,8.69894,-4.12437,-2.99866,50,5.96402,0.49274,-115.52937,2.24159,11.47521,26.32889,-37.6147,STM_GAE,SAN_GAU,RonaldGallagherStad,D1,WCC,20260324-RonaldGallagherStad-1,29094230-27e6-11f1-b8ea-f9a2eeae71cc,77.50949,,,8.08957,,,,,,,c9e67c30-a63b-4587-9ae4-a41912f8aeeb,2026-03-25,01:01:30.34,2026-03-24T18:01:30.3406592-07:00,2026-03-25T01:01:30.3406592Z,,v3,471428,471258,d6bb620095054923be50e712cd675082,"Armstrong, Ian",1000321869,Right,STM_GAE,3b197c4e-e8e2-440e-8db5-38ae87e37d5b,55.04287,-116.67297,13.16445,5.83117,3.87539,-18.80735,-3.00924,-0.00569,5.73761,,,,,,,,,,,,,,,,,,,,,,,,,,,,,,,,,,,,,,,,,,,,,,,,,,,High,High,High,,,,,,,,,,,,,,,,,,,,,,,,,,,,,,,,,,,,
200,2026-03-24,18:01:52.15,3,4,"Chapman, Finn",822156,Right,STM_GAE,"Karliner, Noah",809626,Right,SAN_GAU,Undefined,6,Top,2,2,1,Slider,Curveball,InPlay,Undefined,FlyBall,Out,1,0,,80.74675,0.513245,-2.101139,2226.683524,75.161567,8:30,5.77789,2.90906,5.41375,-47.48255,-2.92339,-17.1856,2.30219,-0.49244,72.95068,-8.160176,-5.156216,0.480441,86.264,57.747446,9.71888,,104.08211,141.39683,35.59368,192.74071,80.64474,21.943421,5.967563,7.98122,-1.2465,-2.7095,50,5.7904,4.98305,-116.96987,-0.60071,10.80223,26.81135,-33.86111,STM_GAE,SAN_GAU,RonaldGallagherStad,D1,WCC,20260324-RonaldGallagherStad-1,3607fad0-27e6-11f1-b8ea-f9a2eeae71cc,78.45388,141.63459,,7.79607,,,,1.97007,2.46307,0.43958,c9e67c30-a63b-4587-9ae4-a41912f8aeeb,2026-03-25,01:01:52.15,2026-03-24T18:01:52.1596928-07:00,2026-03-25T01:01:52.1596928Z,FlyBall,v3,471428,471258,d6bb620095054923be50e712cd675082,"Armstrong, Ian",1000321869,Right,STM_GAE,f4e86e7b-3af4-45de-b75d-9e2d399f1264,55.0877,-118.13029,13.40567,5.78469,0.86484,-16.93056,-2.91505,4.51552,5.40111,192.999506,1.97851,66.40177,-20.12312,5.17763,-0.60996,-0.07216,0.03778,-0.0051,0.00024,2.45253,107.15032,-25.45507,2.75456,-0.53267,0.07405,-0.00118,-0.00118,0.0001,0.44236,11.35491,2.20445,-1.17949,0.33685,-0.05562,0.00365,0.00016,-3E-05,,,,,,,,,,,,,,,,,,,,,,,High,High,High,High,Low,,,,,,,,,,,,,,,,,,,,,,,,,,,,,,,,,,
201,2026-03-24,18:04:08.79,1,1,"Peterson, Nic",10114438,Left,SAN_GAU,"Mettam, Jared",703664,Right,STM_GAE,Undefined,6,Bottom,0,0,0,Slider,Curveball,BallCalled,Undefined,Undefined,Undefined,0,0,,80.8845,0.104014,2.470142,2440.442401,348.99057,5:45,5.74868,-1.65539,4.716,-53.46259,-8.56052,1.94815,1.39228,0.85268,74.20702,-9.46206,2.812661,0.482286,,,,,,,,,,,,-0.23339,-3.90453,1.40363,50,5.71076,-5.14037,-117.22018,-1.85667,-0.32273,23.42787,-37.57336,STM_GAE,SAN_GAU,RonaldGallagherStad,D1,WCC,20260324-RonaldGallagherStad-1,877773f0-27e6-11f1-b8ea-f9a2eeae71cc,78.15369,,,6.67747,,,,,,,c9e67c30-a63b-4587-9ae4-a41912f8aeeb,2026-03-25,01:04:08.79,2026-03-24T18:04:08.7909376-07:00,2026-03-25T01:04:08.7909376Z,,v3,471428,471258,d6bb620095054923be50e712cd675082,"Libed, Nico",822297,Right,SAN_GAU,bba3b29d-451d-42ed-a7a2-470b5fd7372e,55.78763,-118.37125,11.71393,5.75664,-0.01058,-18.78668,1.6558,-5.12452,-0.16137,,,,,,,,,,,,,,,,,,,,,,,,,,,,,,,,,,,,,,,,,,,,,,,,,,,High,High,High,,,,,,,,,,,,,,,,,,,,,,,,,,,,,,,,,,,,
202,2026-03-24,18:04:24.96,1,2,"Peterson, Nic",10114438,Left,SAN_GAU,"Mettam, Jared",703664,Right,STM_GAE,Undefined,6,Bottom,0,1,0,Slider,Slider,StrikeSwinging,Undefined,Undefined,Undefined,0,0,,80.3619,0.610411,2.228043,2430.706798,317.294417,4:30,5.7035,-1.69078,4.81025,-49.4205,-3.77563,4.94768,2.16389,0.83344,73.0382,-8.30433,3.098532,0.486259,,,,,,,,,,,,-1.73429,-1.60579,1.46452,50,5.7214,-4.74076,-116.35747,-0.62929,-2.34706,24.4589,-34.34719,STM_GAE,SAN_GAU,RonaldGallagherStad,D1,WCC,20260324-RonaldGallagherStad-1,91288830-27e6-11f1-b8ea-f9a2eeae71cc,77.5152,,,7.3237,,,,,,,c9e67c30-a63b-4587-9ae4-a41912f8aeeb,2026-03-25,01:04:24.96,2026-03-24T18:04:24.9698816-07:00,2026-03-25T01:04:24.9698816Z,,v3,471428,471258,d6bb620095054923be50e712cd675082,"Libed, Nico",822297,Right,SAN_GAU,14e422ca-2428-4e83-b699-5ea7b37ebf72,55.69052,-117.54756,12.22945,5.71136,1.04193,-17.1736,1.69241,-4.62657,-1.17353,,,,,,,,,,,,,,,,,,,,,,,,,,,,,,,,,,,,,,,,,,,,,,,,,,,High,High,High,,,,,,,,,,,,,,,,,,,,,,,,,,,,,,,,,,,,
203,2026-03-24,18:04:40.78,1,3,"Peterson, Nic",10114438,Left,SAN_GAU,"Mettam, Jared",703664,Right,STM_GAE,Undefined,6,Bottom,0,1,1,Cutter,Slider,FoulBallNotFieldable,Undefined,Undefined,Undefined,0,0,,80.66899,0.836988,2.34083,2427.388649,285.391753,3:30,5.34682,-2.12584,4.96973,-44.15975,0.07815,4.41642,2.45819,0.45461,74.44959,-7.138119,3.119321,0.478706,,,,,,,,,,,,-1.58902,0.16618,1.89555,50,5.39124,-4.96894,-117.05469,0.08688,-2.2174,20.90238,-31.94214,STM_GAE,SAN_GAU,RonaldGallagherStad,D1,WCC,20260324-RonaldGallagherStad-1,9aaebbe0-27e6-11f1-b8ea-f9a2eeae71cc,78.73823,,,6.2194,,,,,,,c9e67c30-a63b-4587-9ae4-a41912f8aeeb,2026-03-25,01:04:40.78,2026-03-24T18:04:40.7853568-07:00,2026-03-25T01:04:40.7853568Z,,v3,471428,471258,d6bb620095054923be50e712cd675082,"Libed, Nico",822297,Right,SAN_GAU,bf8a74c5-6d31-4497-9e2c-bcdd38ca354b,55.53325,-118.03862,10.45119,5.35177,1.59049,-15.97107,2.127,-4.86456,-1.1087,,,,,,,,,,,,,,,,,,,,,,,,,,,,,,,,,,,,,,,,,,,,,,,,,,,High,High,High,,,,,,,,,,,,,,,,,,,,,,,,,,,,,,,,,,,,
204,2026-03-24,18:05:02.52,1,4,"Peterson, Nic",10114438,Left,SAN_GAU,"Mettam, Jared",703664,Right,STM_GAE,Undefined,6,Bottom,0,1,2,Slider,Slider,BallinDirt,Undefined,Undefined,Undefined,0,0,,82.37078,-1.150195,2.042966,2495.090605,315.972278,4:30,5.7288,-1.82948,4.88306,-50.02711,-6.56555,7.82634,0.47081,0.75644,75.02554,-10.132998,3.424572,0.474487,,,,,,,,,,,,-3.24437,-2.55957,1.62169,50,5.57304,-4.58913,-119.2753,-4.30854,-4.59377,26.60719,-35.79819,STM_GAE,SAN_GAU,RonaldGallagherStad,D1,WCC,20260324-RonaldGallagherStad-1,a77f3890-27e6-11f1-b8ea-f9a2eeae71cc,79.43835,,,7.34524,,,,,,,c9e67c30-a63b-4587-9ae4-a41912f8aeeb,2026-03-25,01:05:02.52,2026-03-24T18:05:02.5232384-07:00,2026-03-25T01:05:02.5232384Z,,v3,471428,471258,d6bb620095054923be50e712cd675082,"Libed, Nico",822297,Right,SAN_GAU,19a0b6c9-20ce-45a8-a61d-0266ce962cbd,55.61957,-120.52236,13.30359,5.73566,-2.6307,-17.8991,1.83174,-4.37383,-2.29689,,,,,,,,,,,,,,,,,,,,,,,,,,,,,,,,,,,,,,,,,,,,,,,,,,,High,High,High,,,,,,,,,,,,,,,,,,,,,,,,,,,,,,,,,,,,
205,2026-03-24,18:05:19.19,1,5,"Peterson, Nic",10114438,Left,SAN_GAU,"Mettam, Jared",703664,Right,STM_GAE,Undefined,6,Bottom,0,2,2,Fastball,Four-Seam,FoulBallNotFieldable,Undefined,Undefined,Undefined,0,0,,89.51242,-1.970019,3.652724,2270.191705,136.375524,10:30,5.82154,-1.73686,5.15599,-19.17851,17.40292,-15.27233,2.36432,0.43365,80.41925,-5.583938,0.955437,0.435313,77.21662,65.476392,39.844238,4496.881108,55.08803,112.02729,95.2119,158.43825,70.2229,61.52491,5.422871,8.80398,9.69674,1.40754,50,5.62313,-7.54488,-129.35244,-5.10457,14.67052,31.13332,-16.0159,STM_GAE,SAN_GAU,RonaldGallagherStad,D1,WCC,20260324-RonaldGallagherStad-1,b1739760-27e6-11f1-b8ea-f9a2eeae71cc,86.58697,123.79432,,9.09318,,,,0.97253,2.53683,-0.40506,c9e67c30-a63b-4587-9ae4-a41912f8aeeb,2026-03-25,01:05:19.19,2026-03-24T18:05:19.1922176-07:00,2026-03-25T01:05:19.1922176Z,Popup,v3,471428,471258,d6bb620095054923be50e712cd675082,"Libed, Nico",822297,Right,SAN_GAU,16ada862-30a5-4356-a064-e23c5a150c5b,55.34284,-130.63206,15.56666,5.81941,-4.4463,-8.00795,1.73004,-8.14786,7.33526,202.96072,0.96719,36.09728,-13.22007,2.90572,0.48752,-0.58546,0.17807,-0.02411,0.00124,2.54687,102.8217,-26.16023,1.56455,0.69537,-0.46065,0.11814,-0.0147,0.00072,-0.3925,29.91664,1.06552,-1.48436,0.54811,-0.07775,-0.00754,0.00324,-0.00024,,,,,,,,,,,,,,,,,,,,,,,High,High,High,High,Low,,,,,,,,,,,,,,,,,,,,,,,,,,,,,,,,,,
206,2026-03-24,18:06:03.54,1,6,"Peterson, Nic",10114438,Left,SAN_GAU,"Mettam, Jared",703664,Right,STM_GAE,Undefined,6,Bottom,0,2,2,Cutter,Slider,BallCalled,Undefined,Undefined,Undefined,0,0,,81.96529,2.118798,-0.32946,2334.460849,355.871697,5:45,5.79096,-1.80958,5.04671,-44.88069,-1.71217,0.22579,4.05045,-2.10154,74.58791,-6.041076,-0.289561,0.472884,,,,,,,,,,,,-0.20677,-0.96421,1.8408,50,5.95756,0.67312,-118.79768,2.69922,-0.29409,23.75289,-33.54552,STM_GAE,SAN_GAU,RonaldGallagherStad,D1,WCC,20260324-RonaldGallagherStad-1,cbefae80-27e6-11f1-b8ea-f9a2eeae71cc,79.7075,,,7.37738,,,,,,,c9e67c30-a63b-4587-9ae4-a41912f8aeeb,2026-03-25,01:06:03.54,2026-03-24T18:06:03.5470848-07:00,2026-03-25T01:06:03.5470848Z,,v3,471428,471258,d6bb620095054923be50e712cd675082,"Libed, Nico",822297,Right,SAN_GAU,b626a1bd-3dfe-47d2-acc0-990e0deba450,55.45253,-119.88293,11.87644,5.79922,4.23188,-16.77276,1.80974,0.68656,-0.14704,,,,,,,,,,,,,,,,,,,,,,,,,,,,,,,,,,,,,,,,,,,,,,,,,,,High,High,High,,,,,,,,,,,,,,,,,,,,,,,,,,,,,,,,,,,,
207,2026-03-24,18:06:18.75,1,7,"Peterson, Nic",10114438,Left,SAN_GAU,"Mettam, Jared",703664,Right,STM_GAE,Undefined,6,Bottom,0,3,2,Fastball,Sinker,FoulBallNotFieldable,Undefined,Undefined,Undefined,0,0,,89.86991,-0.54717,2.881158,2201.927545,120.518408,10:00,5.8261,-1.7855,5.2466,-24.11143,11.53808,-17.5541,3.30193,-0.53839,81.68922,-5.015405,-0.228601,0.429732,77.76487,54.064045,80.616626,3685.800806,,,,,73.92377,,,9.62048,6.27209,1.53434,50,5.75821,-5.74663,-130.2491,-2.12801,16.45167,28.51723,-21.44834,STM_GAE,SAN_GAU,RonaldGallagherStad,D1,WCC,20260324-RonaldGallagherStad-1,d4f93820-27e6-11f1-b8ea-f9a2eeae71cc,87.71142,84.28236,,8.18069,,,,0.73398,3.24162,0.54135,c9e67c30-a63b-4587-9ae4-a41912f8aeeb,2026-03-25,01:06:18.75,2026-03-24T18:06:18.7549184-07:00,2026-03-25T01:06:18.7549184Z,,v3,471428,471258,d6bb620095054923be50e712cd675082,"Libed, Nico",822297,Right,SAN_GAU,3dd465a3-6e9e-4c4f-b5ea-312bf508c3c6,55.25435,-131.39447,14.25862,5.82637,-1.26655,-10.72417,1.77842,-6.4074,8.22583,,0.73397,10.91484,-7.77505,2.25423,-0.62221,-0.09301,0.55547,-0.42814,0.10668,3.24163,92.34702,-25.06991,2.79977,-0.54289,0.10129,-0.06888,0.04931,-0.01277,0.54135,66.04112,-7.77679,1.5788,-0.29262,0.00879,0.07353,-0.05439,0.01295,,,,,,,,,,,,,,,,,,,,,,,High,High,High,Medium,Undefined,,,,,,,,,,,,,,,,,,,,,,,,,,,,,,,,,,
208,2026-03-24,18:06:41.42,1,8,"Peterson, Nic",10114438,Left,SAN_GAU,"Mettam, Jared",703664,Right,STM_GAE,Undefined,6,Bottom,0,3,2,Fastball,Sinker,BallCalled,Walk,Undefined,Undefined,0,0,,90.06288,-2.222277,4.567458,2163.560913,126.350471,10:15,5.84,-1.71118,5.22493,-21.08875,14.81509,-18.37347,1.98559,1.06096,81.40331,-6.158633,1.322779,0.431263,,,,,,,,,,,,10.56634,8.44611,1.3035,50,5.61905,-9.5367,-130.09814,-5.80542,17.92895,29.8344,-17.84272,STM_GAE,SAN_GAU,RonaldGallagherStad,D1,WCC,20260324-RonaldGallagherStad-1,e277f630-27e6-11f1-b8ea-f9a2eeae71cc,87.4002,,,8.65957,,,,,,,c9e67c30-a63b-4587-9ae4-a41912f8aeeb,2026-03-25,01:06:41.42,2026-03-24T18:06:41.4240768-07:00,2026-03-25T01:06:41.4240768Z,,v3,471428,471258,d6bb620095054923be50e712cd675082,"Libed, Nico",822297,Right,SAN_GAU,385e995e-03db-4cda-b845-ef632c8f0f17,55.27501,-131.30224,14.9172,5.83882,-5.08529,-8.92136,1.703,-10.26031,8.96448,,,,,,,,,,,,,,,,,,,,,,,,,,,,,,,,,,,,,,,,,,,,,,,,,,,High,High,High,,,,,,,,,,,,,,,,,,,,,,,,,,,,,,,,,,,,
209,2026-03-24,18:07:30.89,2,1,"Peterson, Nic",10114438,Left,SAN_GAU,"Griffith, Tanner",1000125250,Left,STM_GAE,Undefined,6,Bottom,0,0,0,Slider,Slider,BallinDirt,Undefined,Undefined,Undefined,0,0,,80.22694,-1.347317,2.291927,2355.053987,293.563801,3:45,5.8682,-1.89081,4.94669,-46.53601,-0.36291,4.93,0.71571,0.68709,72.30778,-9.771917,3.162511,0.489064,,,,,,,,,,,,-1.6378,0.75768,1.66385,50,5.69904,-4.8504,-115.97952,-4.42759,-2.17243,26.98145,-31.16905,STM_GAE,SAN_GAU,RonaldGallagherStad,D1,WCC,20260324-RonaldGallagherStad-1,0000ff30-27e7-11f1-b8ea-f9a2eeae71cc,77.07053,,,7.91916,,,,,,,c9e67c30-a63b-4587-9ae4-a41912f8aeeb,2026-03-25,01:07:30.89,2026-03-24T18:07:30.8958720-07:00,2026-03-25T01:07:30.8958720Z,,v3,471428,471258,d6bb620095054923be50e712cd675082,"Libed, Nico",822297,Right,SAN_GAU,d5c8b941-331c-4c6d-867b-b6d4b2ad1f24,55.55239,-117.26411,13.49073,5.87451,-2.94362,-15.58452,1.89232,-4.74697,-1.08622,,,,,,,,,,,,,,,,,,,,,,,,,,,,,,,,,,,,,,,,,,,,,,,,,,,High,High,High,,,,,,,,,,,,,,,,,,,,,,,,,,,,,,,,,,,,
210,2026-03-24,18:07:47.39,2,2,"Peterson, Nic",10114438,Left,SAN_GAU,"Griffith, Tanner",1000125250,Left,STM_GAE,Undefined,6,Bottom,0,1,0,Slider,Slider,BallCalled,Undefined,Undefined,Undefined,0,0,,81.18339,-0.509192,3.854438,2281.488272,14.636545,6:30,5.36682,-2.14888,5.16477,-43.96739,0.51705,-0.28957,1.22251,1.46031,73.4559,-8.506359,3.803281,0.480038,,,,,,,,,,,,1.41224,0.94717,1.78906,50,5.28604,-7.89286,-117.3339,-2.63893,1.93457,25.80131,-30.87656,STM_GAE,SAN_GAU,RonaldGallagherStad,D1,WCC,20260324-RonaldGallagherStad-1,09c54d50-27e7-11f1-b8ea-f9a2eeae71cc,78.51974,,,7.72749,,,,,,,c9e67c30-a63b-4587-9ae4-a41912f8aeeb,2026-03-25,01:07:47.39,2026-03-24T18:07:47.3955328-07:00,2026-03-25T01:07:47.3955328Z,,v3,471428,471258,d6bb620095054923be50e712cd675082,"Libed, Nico",822297,Right,SAN_GAU,9623487c-c59b-4e9b-a805-0f5c11fc8c37,55.33297,-118.5008,12.90066,5.37382,-1.2425,-15.43828,2.148,-7.98035,0.96728,,,,,,,,,,,,,,,,,,,,,,,,,,,,,,,,,,,,,,,,,,,,,,,,,,,High,High,High,,,,,,,,,,,,,,,,,,,,,,,,,,,,,,,,,,,,
211,2026-03-24,18:08:08.20,2,3,"Peterson, Nic",10114438,Left,SAN_GAU,"Griffith, Tanner",1000125250,Left,STM_GAE,Undefined,6,Bottom,0,2,0,Fastball,Sinker,BallCalled,Undefined,Undefined,Undefined,0,0,,88.54906,0.053573,3.416898,2065.194979,118.997217,10:00,5.88581,-1.73221,5.43628,-24.79364,12.16024,-19.45033,3.86994,-0.14944,79.41773,-4.589573,-0.03783,0.437523,,,,,,,,,,,,10.78422,6.48705,1.44282,50,5.8739,-6.74798,-128.10516,-0.73667,17.6156,30.67024,-21.5777,STM_GAE,SAN_GAU,RonaldGallagherStad,D1,WCC,20260324-RonaldGallagherStad-1,1627ed00-27e7-11f1-b8ea-f9a2eeae71cc,86.14955,,,9.13133,,,,,,,c9e67c30-a63b-4587-9ae4-a41912f8aeeb,2026-03-25,01:08:08.20,2026-03-24T18:08:08.2066432-07:00,2026-03-25T01:08:08.2066432Z,,v3,471428,471258,d6bb620095054923be50e712cd675082,"Libed, Nico",822297,Right,SAN_GAU,10ac901d-60b7-47ac-9ca6-9f34e245863e,55.06103,-129.31117,15.33512,5.88618,0.1118,-10.78885,1.72178,-7.44065,8.8078,,,,,,,,,,,,,,,,,,,,,,,,,,,,,,,,,,,,,,,,,,,,,,,,,,,High,High,High,,,,,,,,,,,,,,,,,,,,,,,,,,,,,,,,,,,,
212,2026-03-24,18:08:25.44,2,4,"Peterson, Nic",10114438,Left,SAN_GAU,"Griffith, Tanner",1000125250,Left,STM_GAE,Undefined,6,Bottom,0,3,0,Fastball,Sinker,StrikeCalled,Undefined,Undefined,Undefined,0,0,,89.74346,-2.809593,3.593821,2179.293125,135.411167,10:30,5.89155,-1.74931,5.32475,-17.61899,18.57151,-16.95485,1.77941,0.21472,80.683,-6.151647,0.589237,0.432981,,,,,,,,,,,,9.62083,10.58953,1.43636,50,5.62456,-7.35372,-129.64959,-6.93355,16.11242,31.1689,-14.43929,STM_GAE,SAN_GAU,RonaldGallagherStad,D1,WCC,20260324-RonaldGallagherStad-1,20693350-27e7-11f1-b8ea-f9a2eeae71cc,87.05337,,,9.06046,,,,,,,c9e67c30-a63b-4587-9ae4-a41912f8aeeb,2026-03-25,01:08:25.44,2026-03-24T18:08:25.4416896-07:00,2026-03-25T01:08:25.4416896Z,,v3,471428,471258,d6bb620095054923be50e712cd675082,"Libed, Nico",822297,Right,SAN_GAU,2541b0f3-d9d2-4900-a96c-d06a870738ea,55.17343,-130.88742,15.58445,5.88853,-6.36012,-7.21965,1.74111,-7.9936,8.05621,,,,,,,,,,,,,,,,,,,,,,,,,,,,,,,,,,,,,,,,,,,,,,,,,,,High,High,High,,,,,,,,,,,,,,,,,,,,,,,,,,,,,,,,,,,,
213,2026-03-24,18:08:40.04,2,5,"Peterson, Nic",10114438,Left,SAN_GAU,"Griffith, Tanner",1000125250,Left,STM_GAE,Undefined,6,Bottom,0,3,1,Fastball,Sinker,FoulBallNotFieldable,Undefined,Undefined,Undefined,0,0,,89.56573,-1.596323,2.914355,2129.906189,122.05332,10:00,5.85999,-1.72388,5.37616,-22.52068,13.50772,-19.49348,2.48435,-0.6137,80.85657,-5.804956,-0.548065,0.43201,,,,,,,,,,,,10.71075,7.65768,1.47698,50,5.70127,-5.71388,-129.67514,-4.40081,17.99989,30.41943,-19.30496,STM_GAE,SAN_GAU,RonaldGallagherStad,D1,WCC,20260324-RonaldGallagherStad-1,292400b0-27e7-11f1-b8ea-f9a2eeae71cc,87.24897,,,8.70916,,,,,,,c9e67c30-a63b-4587-9ae4-a41912f8aeeb,2026-03-25,01:08:40.04,2026-03-24T18:08:40.0446464-07:00,2026-03-25T01:08:40.0446464Z,,v3,471428,471258,d6bb620095054923be50e712cd675082,"Libed, Nico",822297,Right,SAN_GAU,3b84bd4f-2085-42de-8e24-f51a85f96184,55.12388,-130.87159,15.20972,5.85943,-3.64151,-9.65248,1.71564,-6.42185,8.99995,,,,,,,,,,,,,,,,,,,,,,,,,,,,,,,,,,,,,,,,,,,,,,,,,,,High,High,High,,,,,,,,,,,,,,,,,,,,,,,,,,,,,,,,,,,,
214,2026-03-24,18:09:20.48,2,6,"Peterson, Nic",10114438,Left,SAN_GAU,"Griffith, Tanner",1000125250,Left,STM_GAE,Undefined,6,Bottom,0,3,2,Fastball,Sinker,FoulBallNotFieldable,Undefined,Undefined,Undefined,0,0,,88.66013,-1.501388,3.928211,2151.077606,116.029365,9:45,5.87008,-1.68615,5.3144,-26.78309,10.11142,-17.98481,2.22532,0.50792,80.13102,-6.458434,0.741541,0.437172,76.89597,49.345158,-49.595463,5798.882021,,,,,71.70596,,,10.26721,5.91114,1.3432,50,5.71455,-7.99552,-128.23874,-4.33802,16.8896,29.52778,-22.45019,STM_GAE,SAN_GAU,RonaldGallagherStad,D1,WCC,20260324-RonaldGallagherStad-1,41383f90-27e7-11f1-b8ea-f9a2eeae71cc,86.21878,71.00378,,8.52911,,,,1.25844,2.21636,-0.46607,c9e67c30-a63b-4587-9ae4-a41912f8aeeb,2026-03-25,01:09:20.48,2026-03-24T18:09:20.4853248-07:00,2026-03-25T01:09:20.4853248Z,,v3,471428,471258,d6bb620095054923be50e712cd675082,"Libed, Nico",822297,Right,SAN_GAU,3354348b-15a0-4bbd-8ab4-8140fc798503,55.1861,-129.42737,14.76389,5.87098,-3.43429,-11.22509,1.67874,-8.6754,8.4448,143.591216,1.25844,47.62609,-18.58078,5.76091,-1.4812,0.34449,-0.07752,0.01405,-0.00149,2.21636,85.56076,-25.53388,2.57057,-0.31778,0.00786,0.00911,-0.00298,0.00046,-0.46607,-55.95149,4.17634,0.16411,-0.28341,0.11361,-0.03311,0.00724,-0.00084,,,,,,,,,,,,,,,,,,,,,,,High,High,High,High,Undefined,,,,,,,,,,,,,,,,,,,,,,,,,,,,,,,,,,
215,2026-03-24,18:09:41.57,2,7,"Peterson, Nic",10114438,Left,SAN_GAU,"Griffith, Tanner",1000125250,Left,STM_GAE,Undefined,6,Bottom,0,3,2,Slider,Curveball,BallCalled,Walk,Undefined,Undefined,0,0,,80.00569,2.571396,0.670221,2350.666249,355.863701,5:45,5.79802,-1.85467,4.90349,-54.89597,-9.24804,0.77839,3.65711,-1.1559,72.82101,-7.337955,0.807465,0.486275,,,,,,,,,,,,-0.18059,-4.77449,1.78842,50,6.00377,-1.39007,-115.91923,3.10307,-0.24401,23.07196,-38.62549,STM_GAE,SAN_GAU,RonaldGallagherStad,D1,WCC,20260324-RonaldGallagherStad-1,4dd21be0-27e7-11f1-b8ea-f9a2eeae71cc,77.51258,,,7.18468,,,,,,,c9e67c30-a63b-4587-9ae4-a41912f8aeeb,2026-03-25,01:09:41.57,2026-03-24T18:09:41.5723520-07:00,2026-03-25T01:09:41.5723520Z,,v3,471428,471258,d6bb620095054923be50e712cd675082,"Libed, Nico",822297,Right,SAN_GAU,e73bdd27-7bc3-4ef4-9084-35f5b15a0b7a,55.59802,-117.02813,11.53598,5.81002,4.95951,-19.31275,1.85494,-1.37834,-0.122,,,,,,,,,,,,,,,,,,,,,,,,,,,,,,,,,,,,,,,,,,,,,,,,,,,High,High,High,,,,,,,,,,,,,,,,,,,,,,,,,,,,,,,,,,,,
216,2026-03-24,18:10:20.15,3,1,"Peterson, Nic",10114438,Left,SAN_GAU,"Kashimoto, Cody",813806,Right,STM_GAE,Undefined,6,Bottom,0,0,0,ChangeUp,Changeup,BallCalled,Undefined,Undefined,Undefined,0,0,,81.74773,0.487204,2.335382,2079.52043,88.462947,9:00,5.30124,-2.02252,5.12235,-42.54739,0.895,-22.17037,2.21494,-1.66902,74.28935,-7.265875,-1.589448,0.474382,,,,,,,,,,,,11.6815,0.76504,1.82071,50,5.31425,-3.87301,-118.47927,-0.55409,16.44618,24.65,-31.09699,STM_GAE,SAN_GAU,RonaldGallagherStad,D1,WCC,20260324-RonaldGallagherStad-1,64f34830-27e7-11f1-b8ea-f9a2eeae71cc,79.45586,,,7.45838,,,,,,,c9e67c30-a63b-4587-9ae4-a41912f8aeeb,2026-03-25,01:10:20.15,2026-03-24T18:10:20.1518592-07:00,2026-03-25T01:10:20.1518592Z,,v3,471428,471258,d6bb620095054923be50e712cd675082,"Libed, Nico",822297,Right,SAN_GAU,8dc5882e-a611-4368-857b-03077c0aaa2a,55.37905,-119.59316,12.325,5.30754,0.85113,-15.54849,2.01251,-4.61618,8.22309,,,,,,,,,,,,,,,,,,,,,,,,,,,,,,,,,,,,,,,,,,,,,,,,,,,High,High,High,,,,,,,,,,,,,,,,,,,,,,,,,,,,,,,,,,,,
217,2026-03-24,18:10:35.10,3,2,"Peterson, Nic",10114438,Left,SAN_GAU,"Kashimoto, Cody",813806,Right,STM_GAE,Undefined,6,Bottom,0,1,0,Fastball,Sinker,InPlay,Undefined,Bunt,Sacrifice,1,0,,89.02211,-1.514267,3.083608,2170.890944,114.36795,9:45,5.81704,-1.81302,5.28704,-26.39627,10.09796,-19.46064,2.19294,-0.53619,80.66398,-6.394115,-0.367894,0.434794,28.92288,-29.23429,-17.29759,,,,,7.05225,7.05224,-5.936138,0.11192,10.7493,5.88264,1.54683,50,5.65979,-6.06917,-128.9139,-4.37591,17.9023,29.38355,-22.37687,STM_GAE,SAN_GAU,RonaldGallagherStad,D1,WCC,20260324-RonaldGallagherStad-1,6dc0da40-27e7-11f1-b8ea-f9a2eeae71cc,86.69036,2.36577,,8.35813,,,,2.97848,2.36577,0.52753,c9e67c30-a63b-4587-9ae4-a41912f8aeeb,2026-03-25,01:10:35.10,2026-03-24T18:10:35.1000064-07:00,2026-03-25T01:10:35.1000064Z,GroundBall,v3,471428,471258,d6bb620095054923be50e712cd675082,"Libed, Nico",822297,Right,SAN_GAU,e56cb551-83a0-4452-834e-100cd22b1ee2,55.21437,-130.09699,14.69178,5.81784,-3.47493,-11.18844,1.80571,-6.78999,8.95115,,2.96555,36.06102,,,,,,,,2.37335,-21.13816,,,,,,,,0.53156,-11.23009,,,,,,,,,,,,,,,,,,,,,,,,,,,,,,High,High,High,Estimated,Estimated,,,,,,,,,,,,,,,,,,,,,,,,,,,,,,,,,,
218,2026-03-24,18:13:34.80,4,1,"Gonzales, Stunner",1000134853,Right,SAN_GAU,"Sniffen, Makoa",832266,Right,STM_GAE,Undefined,6,Bottom,1,0,0,ChangeUp,Changeup,StrikeSwinging,Undefined,Undefined,Undefined,0,0,,80.19984,-2.111658,-2.025013,1729.784676,246.650728,2:15,6.7836,0.72732,5.93714,-35.63907,8.19733,15.45249,1.85251,0.13557,73.119,-8.712462,0.754943,0.476528,,,,,,,,,,,,-8.56225,5.30866,-0.57441,50,6.59495,3.52843,-116.29948,-5.38201,-11.5993,24.02867,-24.98237,STM_GAE,SAN_GAU,RonaldGallagherStad,D1,WCC,20260324-RonaldGallagherStad-1,d8dbad00-27e7-11f1-b8ea-f9a2eeae71cc,79.09799,,,7.08083,,,,,,,c9e67c30-a63b-4587-9ae4-a41912f8aeeb,2026-03-25,01:13:34.80,2026-03-24T18:13:34.8077056-07:00,2026-03-25T01:13:34.8077056Z,,v3,471428,471258,d6bb620095054923be50e712cd675082,"Libed, Nico",822297,Right,SAN_GAU,85b4a0d1-1736-443e-982e-d2fba3ec586d,54.56328,-117.23851,12.01433,6.7862,-4.40572,-12.49118,-0.72116,3.98172,-5.79965,,,,,,,,,,,,,,,,,,,,,,,,,,,,,,,,,,,,,,,,,,,,,,,,,,,High,High,High,,,,,,,,,,,,,,,,,,,,,,,,,,,,,,,,,,,,
219,2026-03-24,18:13:49.92,4,2,"Gonzales, Stunner",1000134853,Right,SAN_GAU,"Sniffen, Makoa",832266,Right,STM_GAE,Undefined,6,Bottom,1,0,1,ChangeUp,Changeup,FoulBallNotFieldable,Undefined,Undefined,Undefined,0,0,,80.56878,-1.61686,-1.114984,1907.95855,223.092994,1:30,6.70909,0.86564,5.94802,-29.12084,13.98146,11.75016,2.78197,0.8105,73.67575,-7.055388,0.997959,0.472522,104.44417,35.467656,-42.005112,2887.198326,81.82264,77.39633,-73.5188,,151.80691,,,-6.40359,8.07115,-0.78369,50,6.56399,1.84111,-116.98324,-4.15687,-8.83151,23.05067,-21.04272,STM_GAE,SAN_GAU,RonaldGallagherStad,D1,WCC,20260324-RonaldGallagherStad-1,e1d446b0-27e7-11f1-b8ea-f9a2eeae71cc,79.76869,101.59012,,6.89303,,,,3.01453,2.94537,-0.54688,c9e67c30-a63b-4587-9ae4-a41912f8aeeb,2026-03-25,01:13:49.92,2026-03-24T18:13:49.9238400-07:00,2026-03-25T01:13:49.9238400Z,,v3,471428,471258,d6bb620095054923be50e712cd675082,"Libed, Nico",822297,Right,SAN_GAU,7fd0117a-d393-45fd-a695-1a2d1fe7eb3b,54.55325,-117.87701,11.52534,6.70935,-3.34096,-10.52136,-0.86171,2.18355,-4.41575,,3.01453,92.70739,-21.69978,5.66493,-1.35543,0.30326,-0.0455,-0.00085,0.00125,2.94538,88.88427,-18.07366,0.78167,0.03906,-0.01635,-0.02749,0.01841,-0.00356,-0.54688,-83.48908,17.06843,-4.27391,0.98794,-0.21919,0.0358,-0.00121,-0.00055,,,,,,,,,,,,,,,,,,,,,,,High,High,High,High,Undefined,,,,,,,,,,,,,,,,,,,,,,,,,,,,,,,,,,
220,2026-03-24,18:14:32.49,4,3,"Gonzales, Stunner",1000134853,Right,SAN_GAU,"Sniffen, Makoa",832266,Right,STM_GAE,Undefined,6,Bottom,1,0,2,Fastball,Four-Seam,InPlay,Undefined,LineDrive,Single,0,2,,92.32151,-2.790866,-0.42498,2050.051165,202.844697,12:45,7.24516,0.17969,6.19882,-18.4732,14.14142,5.49583,3.12719,0.24534,84.0873,-6.289973,0.567785,0.411034,102.90935,9.254123,-8.965545,6954.383284,109.0932,13.65704,-14.09391,223.81265,223.81265,-5.557615,1.933326,-2.98484,8.49099,-0.15046,50,7.02573,0.76543,-133.9838,-7.0894,-5.38895,30.7846,-16.84402,STM_GAE,SAN_GAU,RonaldGallagherStad,D1,WCC,20260324-RonaldGallagherStad-1,fb388530-27e7-11f1-b8ea-f9a2eeae71cc,91.70155,13.69924,,8.23421,,,,1.49291,3.17151,-0.23903,c9e67c30-a63b-4587-9ae4-a41912f8aeeb,2026-03-25,01:14:32.49,2026-03-24T18:14:32.4938752-07:00,2026-03-25T01:14:32.4938752Z,LineDrive,v3,471428,471258,d6bb620095054923be50e712cd675082,"Libed, Nico",822297,Right,SAN_GAU,367b2ddb-8ade-4950-83fd-f8fc556e5662,54.30172,-134.96856,15.3923,7.24389,-6.55058,-8.42201,-0.1777,0.93781,-2.69448,226.518323,1.49291,147.14893,-23.68463,4.99106,-1.09944,0.24177,-0.04947,0.00764,-0.0006,3.17151,24.27216,-14.55757,0.71735,-0.07652,0.00578,0.00133,-0.00029,2E-05,-0.23903,-23.21538,9.47059,-2.49593,0.64662,-0.15847,0.03445,-0.00549,0.00044,,,,,,,,,,,,,,,,,,,,,,,High,High,High,High,High,,,,,,,,,,,,,,,,,,,,,,,,,,,,,,,,,,
221,2026-03-24,18:15:20.04,5,1,"Gonzales, Stunner",1000134853,Right,SAN_GAU,"Armstrong, Ian",1000321869,Right,STM_GAE,Undefined,6,Bottom,1,0,0,Slider,Curveball,BallCalled,Undefined,Undefined,Undefined,0,0,,78.66372,-0.666364,-1.693391,1990.064958,63.108458,8:00,6.91182,0.74145,5.49512,-47.7031,-1.32201,-5.76776,2.31292,-1.32373,71.75927,-9.36732,-2.722735,0.490165,,,,,,,,,,,,2.36398,0.05728,-0.58929,50,6.82158,3.60063,-114.05133,-2.9397,3.07361,23.50024,-32.09955,STM_GAE,SAN_GAU,RonaldGallagherStad,D1,WCC,20260324-RonaldGallagherStad-1,17bb1ab0-27e8-11f1-b8ea-f9a2eeae71cc,76.89752,,,6.90446,,,,,,,c9e67c30-a63b-4587-9ae4-a41912f8aeeb,2026-03-25,01:15:20.04,2026-03-24T18:15:20.0411648-07:00,2026-03-25T01:15:20.0411648Z,,v3,471428,471258,d6bb620095054923be50e712cd675082,"Libed, Nico",822297,Right,SAN_GAU,68afc8c0-c8a9-4b6d-91e6-e1e41e60a4bd,55.00463,-115.07791,11.75012,6.91937,-1.53747,-16.04978,-0.74365,3.46636,1.5368,,,,,,,,,,,,,,,,,,,,,,,,,,,,,,,,,,,,,,,,,,,,,,,,,,,High,High,High,,,,,,,,,,,,,,,,,,,,,,,,,,,,,,,,,,,,
222,2026-03-24,18:15:36.84,5,2,"Gonzales, Stunner",1000134853,Right,SAN_GAU,"Armstrong, Ian",1000321869,Right,STM_GAE,Undefined,6,Bottom,1,1,0,Fastball,Four-Seam,InPlay,Undefined,FlyBall,HomeRun,0,2,,90.59082,-2.900715,-0.914079,1970.258361,193.437385,12:30,7.07498,0.26341,6.12585,-13.7945,20.37348,4.5763,3.24128,-0.20031,81.94483,-5.579984,-0.089127,0.420708,106.68548,22.405993,-20.831039,1549.770548,102.76496,41.57857,-39.23298,368.50742,353.63281,-23.904297,3.940338,-2.66902,11.82465,-0.1959,50,6.84582,1.90788,-131.36415,-7.00702,-4.60435,31.14156,-11.77524,STM_GAE,SAN_GAU,RonaldGallagherStad,D1,WCC,20260324-RonaldGallagherStad-1,218d4b80-27e8-11f1-b8ea-f9a2eeae71cc,89.59281,56.47534,,8.64599,,,,2.39089,3.3808,0.18907,c9e67c30-a63b-4587-9ae4-a41912f8aeeb,2026-03-25,01:15:36.84,2026-03-24T18:15:36.8485376-07:00,2026-03-25T01:15:36.8485376Z,LineDrive,v3,471428,471258,d6bb620095054923be50e712cd675082,"Libed, Nico",822297,Right,SAN_GAU,4e5c6783-d658-4c98-962a-3781b24b4567,54.37446,-132.39711,15.57078,7.07176,-6.61643,-5.88762,-0.26172,2.06061,-2.30218,168.030771,2.39089,135.19938,-25.53914,5.9452,-1.12825,0.15211,-0.00929,-0.00062,0.0001,3.38114,59.63781,-18.69097,1.59102,-0.52069,0.2037,-0.05492,0.00829,-0.00052,0.18931,-51.44583,7.96191,-2.13065,0.37127,-0.0254,-0.0054,0.00138,-0.0001,,,,,,,,,,,,,,,,,,,,,,,High,High,High,High,High,,,,,,,,,,,,,,,,,,,,,,,,,,,,,,,,,,
223,2026-03-24,18:16:26.71,6,1,"Gonzales, Stunner",1000134853,Right,SAN_GAU,"Petit, Brady",832259,Right,STM_GAE,Undefined,6,Bottom,1,0,0,ChangeUp,Changeup,BallCalled,Undefined,Undefined,Undefined,0,0,,79.19435,0.021023,-1.780578,1741.006479,252.901916,2:30,6.76835,0.57654,5.95841,-38.84644,6.14256,14.78969,3.55065,0.15724,71.77368,-7.20486,0.87894,0.482753,,,,,,,,,,,,-8.08768,3.65134,-0.44298,50,6.74874,3.00268,-114.8818,-1.15031,-10.66127,23.98832,-27.36082,STM_GAE,SAN_GAU,RonaldGallagherStad,D1,WCC,20260324-RonaldGallagherStad-1,3f566ac0-27e8-11f1-b8ea-f9a2eeae71cc,78.07817,,,7.42067,,,,,,,c9e67c30-a63b-4587-9ae4-a41912f8aeeb,2026-03-25,01:16:26.71,2026-03-24T18:16:26.7107840-07:00,2026-03-25T01:16:26.7107840Z,,v3,471428,471258,d6bb620095054923be50e712cd675082,"Libed, Nico",822297,Right,SAN_GAU,20af34f5-7845-435f-9626-daf10a64df76,54.54012,-115.82594,11.99416,6.77282,-0.07344,-13.68041,-0.56942,3.42229,-5.33064,,,,,,,,,,,,,,,,,,,,,,,,,,,,,,,,,,,,,,,,,,,,,,,,,,,High,High,High,,,,,,,,,,,,,,,,,,,,,,,,,,,,,,,,,,,,
224,2026-03-24,18:16:41.23,6,2,"Gonzales, Stunner",1000134853,Right,SAN_GAU,"Petit, Brady",832259,Right,STM_GAE,Undefined,6,Bottom,1,1,0,ChangeUp,Changeup,StrikeCalled,Undefined,Undefined,Undefined,0,0,,81.25043,-1.715354,-2.095582,1830.439967,244.05442,2:15,6.76056,0.82335,5.84671,-34.15585,8.89371,15.0643,2.31861,0.13039,73.61456,-8.060245,0.608636,0.472232,,,,,,,,,,,,-8.32725,5.57343,-0.66141,50,6.60117,3.71085,-117.74601,-4.59949,-11.5121,25.54048,-24.46901,STM_GAE,SAN_GAU,RonaldGallagherStad,D1,WCC,20260324-RonaldGallagherStad-1,4801ced0-27e8-11f1-b8ea-f9a2eeae71cc,79.81757,,,7.63588,,,,,,,c9e67c30-a63b-4587-9ae4-a41912f8aeeb,2026-03-25,01:16:41.23,2026-03-24T18:16:41.2350464-07:00,2026-03-25T01:16:41.2350464Z,,v3,471428,471258,d6bb620095054923be50e712cd675082,"Libed, Nico",822297,Right,SAN_GAU,bf5dd675-bf32-443f-8148-f2d9c71b8a44,54.65168,-118.75073,12.77024,6.76317,-3.63693,-12.2345,-0.81629,4.16372,-5.75605,,,,,,,,,,,,,,,,,,,,,,,,,,,,,,,,,,,,,,,,,,,,,,,,,,,High,High,High,,,,,,,,,,,,,,,,,,,,,,,,,,,,,,,,,,,,
225,2026-03-24,18:16:53.39,6,3,"Gonzales, Stunner",1000134853,Right,SAN_GAU,"Petit, Brady",832259,Right,STM_GAE,Undefined,6,Bottom,1,1,1,Fastball,Four-Seam,StrikeSwinging,Undefined,Undefined,Undefined,0,0,,93.02149,-4.121495,-1.579853,2159.508803,195.701449,12:30,7.1516,0.3228,6.30187,-12.82804,19.64706,5.17744,2.27719,-0.70174,83.70826,-6.628106,-0.643726,0.410154,,,,,,,,,,,,-3.1952,11.90127,-0.20904,50,6.84194,3.48977,-134.60473,-10.00008,-5.7565,34.1313,-10.73273,STM_GAE,SAN_GAU,RonaldGallagherStad,D1,WCC,20260324-RonaldGallagherStad-1,4f355ff0-27e8-11f1-b8ea-f9a2eeae71cc,91.89833,,,9.31323,,,,,,,c9e67c30-a63b-4587-9ae4-a41912f8aeeb,2026-03-25,01:16:53.39,2026-03-24T18:16:53.3952512-07:00,2026-03-25T01:16:53.3952512Z,,v3,471428,471258,d6bb620095054923be50e712cd675082,"Libed, Nico",822297,Right,SAN_GAU,d1948e45-e148-4a24-bd34-ef112755bca8,54.19544,-135.66438,17.06565,7.14723,-9.66687,-5.36637,-0.32016,3.66849,-2.87825,,,,,,,,,,,,,,,,,,,,,,,,,,,,,,,,,,,,,,,,,,,,,,,,,,,High,High,High,,,,,,,,,,,,,,,,,,,,,,,,,,,,,,,,,,,,
226,2026-03-24,18:17:06.64,6,4,"Gonzales, Stunner",1000134853,Right,SAN_GAU,"Petit, Brady",832259,Right,STM_GAE,Undefined,6,Bottom,1,1,2,Fastball,Four-Seam,BallCalled,Undefined,Undefined,Undefined,0,0,,93.8969,-4.537588,-2.094241,2342.793092,184.535794,12:15,7.23143,0.09572,6.11438,-10.01067,22.0745,1.65591,2.18998,-1.70356,84.61962,-6.523648,-1.796192,0.407684,,,,,,,,,,,,-1.52358,13.16016,0.06416,50,6.87698,4.88981,-135.73812,-10.97307,-2.799,33.96268,-7.99757,STM_GAE,SAN_GAU,RonaldGallagherStad,D1,WCC,20260324-RonaldGallagherStad-1,57173270-27e8-11f1-b8ea-f9a2eeae71cc,92.45505,,,9.27728,,,,,,,c9e67c30-a63b-4587-9ae4-a41912f8aeeb,2026-03-25,01:17:06.64,2026-03-24T18:17:06.6489344-07:00,2026-03-25T01:17:06.6489344Z,,v3,471428,471258,d6bb620095054923be50e712cd675082,"Libed, Nico",822297,Right,SAN_GAU,d653475e-3a9a-4e29-b0ab-52a50f1e1082,54.38287,-136.83036,16.98134,7.22574,-10.71587,-3.99878,-0.09454,4.97982,-1.3995,,,,,,,,,,,,,,,,,,,,,,,,,,,,,,,,,,,,,,,,,,,,,,,,,,,High,High,High,,,,,,,,,,,,,,,,,,,,,,,,,,,,,,,,,,,,
227,2026-03-24,18:17:21.26,6,5,"Gonzales, Stunner",1000134853,Right,SAN_GAU,"Petit, Brady",832259,Right,STM_GAE,Undefined,6,Bottom,1,2,2,ChangeUp,Changeup,InPlay,Undefined,LineDrive,Single,0,0,,81.80266,-2.038147,-2.72074,1880.971306,247.531011,2:15,6.7819,0.56331,6.06499,-33.63073,8.44835,16.78371,2.09011,-0.55799,74.26969,-8.300003,0.303333,0.466879,91.68913,8.942188,-23.005102,2028.681651,99.22053,6.83573,-47.4898,154.24628,154.24628,-27.191312,1.337,-9.56682,5.42843,-0.3612,50,6.6057,5.00455,-118.57791,-5.24261,-13.42725,25.6861,-24.5551,STM_GAE,SAN_GAU,RonaldGallagherStad,D1,WCC,20260324-RonaldGallagherStad-1,5fde82f0-27e8-11f1-b8ea-f9a2eeae71cc,80.73272,8.31339,,7.53298,,,,2.49703,2.25282,0.54959,c9e67c30-a63b-4587-9ae4-a41912f8aeeb,2026-03-25,01:17:21.26,2026-03-24T18:17:21.2696576-07:00,2026-03-25T01:17:21.2696576Z,LineDrive,v3,471428,471258,d6bb620095054923be50e712cd675082,"Libed, Nico",822297,Right,SAN_GAU,337978c6-619f-4b13-9a6e-066da33cc329,54.436,-119.53496,12.84305,6.78399,-4.32769,-12.27755,-0.55699,5.50484,-6.71363,91.178623,2.49703,122.27772,-18.96103,2.73779,-0.52891,0.07,-0.0084,0.00104,-6E-05,2.25282,20.90284,-19.11401,2.05642,-0.3881,0.08475,-0.01464,0.00219,-0.00021,0.54959,-51.91667,-2.74469,1.93312,-0.5759,0.15182,-0.03178,0.00565,-0.00055,,,,,,,,,,,,,,,,,,,,,,,High,High,High,High,High,,,,,,,,,,,,,,,,,,,,,,,,,,,,,,,,,,
228,2026-03-24,18:17:58.37,7,1,"Gonzales, Stunner",1000134853,Right,SAN_GAU,"Castellanos, Diego",1000151796,Left,STM_GAE,Undefined,6,Bottom,1,0,0,Fastball,Four-Seam,InPlay,Undefined,GroundBall,Out,2,0,,92.60017,-3.231194,-1.064907,2228.808596,206.18934,12:45,7.05,0.33782,6.2486,-13.02859,19.69084,9.08607,2.9805,0.11272,83.38515,-5.777598,0.576823,0.411694,102.15507,-12.767802,17.485423,,,,,15.55942,10.68355,14.818863,0.092724,-5.08264,11.64701,-0.26303,50,6.80305,2.11402,-134.19767,-7.89443,-9.10543,33.81273,-11.30871,STM_GAE,SAN_GAU,RonaldGallagherStad,D1,WCC,20260324-RonaldGallagherStad-1,75e73a60-27e8-11f1-b8ea-f9a2eeae71cc,91.55453,3.07599,,9.21502,,,,2.0948,3.07599,-0.09905,c9e67c30-a63b-4587-9ae4-a41912f8aeeb,2026-03-25,01:17:58.37,2026-03-24T18:17:58.3742464-07:00,2026-03-25T01:17:58.3742464Z,GroundBall,v3,471428,471258,d6bb620095054923be50e712cd675082,"Libed, Nico",822297,Right,SAN_GAU,1592aa93-0ead-46a4-b509-dd19f1d01057,54.25093,-135.2645,16.90637,7.04651,-7.53763,-5.65435,-0.33427,2.40131,-4.55271,180,2.09092,139.63076,,,,,,,,3.07691,-33.17367,,,,,,,,-0.10027,43.98636,,,,,,,,,,,,,,,,,,,,,,,,,,,,,,High,High,High,High,High,,,,,,,,,,,,,,,,,,,,,,,,,,,,,,,,,,
229,2026-03-24,18:21:53.70,1,1,"Moreno, Joseph",1000258853,Left,STM_GAE,"Goldstein, Cade",1000435373,Left,SAN_GAU,Undefined,7,Top,0,0,0,Fastball,Four-Seam,BallCalled,Undefined,Undefined,Undefined,0,0,,88.25064,-3.248612,3.441704,2329.260672,163.225796,11:30,6.20044,-0.88944,5.50709,-14.33367,23.20919,-6.53449,1.95899,1.7887,78.66325,-6.041664,2.280789,0.440996,,,,,,,,,,,,4.46799,13.21194,0.59301,50,5.90693,-7.3575,-127.31827,-7.59726,7.14975,32.25524,-11.03207,STM_GAE,SAN_GAU,RonaldGallagherStad,D1,WCC,20260324-RonaldGallagherStad-1,0239c640-27e9-11f1-b8ea-f9a2eeae71cc,85.47109,,,9.58739,,,,,,,c9e67c30-a63b-4587-9ae4-a41912f8aeeb,2026-03-25,01:21:53.70,2026-03-24T18:21:53.7088000-07:00,2026-03-25T01:21:53.7088000Z,,v3,471428,471258,d6bb620095054923be50e712cd675082,"Armstrong, Ian",1000321869,Right,STM_GAE,bdaf4a38-e318-444d-970c-7417a78e3153,54.98725,-128.57555,16.12762,6.19468,-7.16724,-5.51604,0.88523,-7.63619,3.57488,,,,,,,,,,,,,,,,,,,,,,,,,,,,,,,,,,,,,,,,,,,,,,,,,,,High,High,High,,,,,,,,,,,,,,,,,,,,,,,,,,,,,,,,,,,,
230,2026-03-24,18:22:09.96,1,2,"Moreno, Joseph",1000258853,Left,STM_GAE,"Goldstein, Cade",1000435373,Left,SAN_GAU,Undefined,7,Top,0,1,0,Fastball,Four-Seam,BallCalled,Undefined,Undefined,Undefined,0,0,,88.2266,-4.244153,2.591698,2223.402305,156.449786,11:15,6.10694,-1.02343,5.47156,-15.4832,22.02934,-8.94764,0.8334,0.65805,79.00795,-7.221157,1.000248,0.440818,,,,,,,,,,,,5.44548,13.02914,0.80191,50,5.72305,-5.37306,-127.34348,-9.89678,8.73309,31.84214,-11.27883,STM_GAE,SAN_GAU,RonaldGallagherStad,D1,WCC,20260324-RonaldGallagherStad-1,0bdb7130-27e9-11f1-b8ea-f9a2eeae71cc,85.50558,,,9.21864,,,,,,,c9e67c30-a63b-4587-9ae4-a41912f8aeeb,2026-03-25,01:22:09.96,2026-03-24T18:22:09.9633152-07:00,2026-03-25T01:22:09.9633152Z,,v3,471428,471258,d6bb620095054923be50e712cd675082,"Armstrong, Ian",1000321869,Right,STM_GAE,d5d41cd0-5f97-4762-89c5-99a21c19db3f,55.02738,-128.59442,15.92107,6.10315,-9.45368,-5.63942,1.01973,-5.71615,4.36655,,,,,,,,,,,,,,,,,,,,,,,,,,,,,,,,,,,,,,,,,,,,,,,,,,,High,High,High,,,,,,,,,,,,,,,,,,,,,,,,,,,,,,,,,,,,
231,2026-03-24,18:22:26.94,1,3,"Moreno, Joseph",1000258853,Left,STM_GAE,"Goldstein, Cade",1000435373,Left,SAN_GAU,Undefined,7,Top,0,2,0,Fastball,Four-Seam,StrikeCalled,Undefined,Undefined,Undefined,0,0,,87.21411,-3.192635,2.230916,2224.579077,154.863165,11:15,6.1475,-0.99169,5.18763,-16.54324,22.0908,-9.65445,1.75983,0.30371,78.16499,-6.354106,0.522125,0.447359,,,,,,,,,,,,5.56177,12.51095,0.79209,50,5.83891,-4.46776,-125.99154,-7.52273,8.75584,30.51549,-12.47827,STM_GAE,SAN_GAU,RonaldGallagherStad,D1,WCC,20260324-RonaldGallagherStad-1,160fe640-27e9-11f1-b8ea-f9a2eeae71cc,84.25544,,,9.04911,,,,,,,c9e67c30-a63b-4587-9ae4-a41912f8aeeb,2026-03-25,01:22:26.94,2026-03-24T18:22:26.9442560-07:00,2026-03-25T01:22:26.9442560Z,,v3,471428,471258,d6bb620095054923be50e712cd675082,"Armstrong, Ian",1000321869,Right,STM_GAE,9f2febda-55f6-40c2-9e64-da03d9608c5a,55.30953,-127.27102,15.25775,6.14336,-6.99953,-6.23914,0.98711,-4.83488,4.37792,,,,,,,,,,,,,,,,,,,,,,,,,,,,,,,,,,,,,,,,,,,,,,,,,,,High,High,High,,,,,,,,,,,,,,,,,,,,,,,,,,,,,,,,,,,,
232,2026-03-24,18:22:43.76,1,4,"Moreno, Joseph",1000258853,Left,STM_GAE,"Goldstein, Cade",1000435373,Left,SAN_GAU,Undefined,7,Top,0,2,1,Fastball,Four-Seam,InPlay,Undefined,FlyBall,Out,1,0,,88.40326,-2.24929,2.790632,2286.503325,160.386658,11:15,6.1054,-1.17608,5.57414,-15.8791,21.13729,-7.02229,2.67758,0.84743,79.18672,-5.312336,1.539961,0.437894,94.92193,28.668749,-19.084923,4437.2725,101.35541,53.18785,-42.74435,314.68595,287.21957,-30.386902,4.340434,4.50449,11.86095,0.94031,50,5.90157,-5.92319,-127.85568,-5.47113,7.29995,31.51597,-12.95225,STM_GAE,SAN_GAU,RonaldGallagherStad,D1,WCC,20260324-RonaldGallagherStad-1,201275e0-27e9-11f1-b8ea-f9a2eeae71cc,86.07671,67.32711,,9.21654,,,,1.96129,2.74636,-0.85135,c9e67c30-a63b-4587-9ae4-a41912f8aeeb,2026-03-25,01:22:43.76,2026-03-24T18:22:43.7660160-07:00,2026-03-25T01:22:43.7660160Z,FlyBall,v3,471428,471258,d6bb620095054923be50e712cd675082,"Armstrong, Ian",1000321869,Right,STM_GAE,0f3f4549-e5fd-4aff-adc1-52c600a61710,54.92369,-129.06365,15.75799,6.10176,-4.97469,-6.47612,1.17271,-6.20298,3.64997,142.139693,1.96049,115.45606,-26.036,6.53637,-1.60978,0.37866,-0.07153,0.00842,-0.00043,2.74732,66.76733,-19.30262,1.14531,0.0121,-0.06074,0.0155,-0.00132,1E-05,-0.8515,-39.93675,-0.1273,0.79345,-0.32176,0.08252,-0.01353,0.00124,-5E-05,,,,,,,,,,,,,,,,,,,,,,,High,High,High,High,Medium,,,,,,,,,,,,,,,,,,,,,,,,,,,,,,,,,,
233,2026-03-24,18:23:33.40,2,1,"Moreno, Joseph",1000258853,Left,STM_GAE,"Namie, Mitch",809621,Left,SAN_GAU,Undefined,7,Top,1,0,0,Fastball,Four-Seam,StrikeCalled,Undefined,Undefined,Undefined,0,0,,87.80481,-2.727073,2.354472,2303.727544,145.866664,10:45,6.19904,-0.83397,5.70725,-20.95753,15.99103,-9.95378,1.90758,0.53155,79.62552,-6.669086,0.574908,0.437492,,,,,,,,,,,,5.79489,9.35548,0.64289,50,5.95738,-4.80465,-127.16763,-6.71974,9.39082,28.60686,-17.01317,STM_GAE,SAN_GAU,RonaldGallagherStad,D1,WCC,20260324-RonaldGallagherStad-1,3d9defe0-27e9-11f1-b8ea-f9a2eeae71cc,86.15572,,,8.17928,,,,,,,c9e67c30-a63b-4587-9ae4-a41912f8aeeb,2026-03-25,01:23:33.40,2026-03-24T18:23:33.4059008-07:00,2026-03-25T01:23:33.4059008Z,,v3,471428,471258,d6bb620095054923be50e712cd675082,"Armstrong, Ian",1000321869,Right,STM_GAE,86f1a598-0956-479d-aa1d-775482959951,54.79226,-128.24113,14.30343,6.19757,-6.0813,-8.50658,0.8298,-5.15705,4.69541,,,,,,,,,,,,,,,,,,,,,,,,,,,,,,,,,,,,,,,,,,,,,,,,,,,High,High,High,,,,,,,,,,,,,,,,,,,,,,,,,,,,,,,,,,,,
234,2026-03-24,18:23:52.20,2,2,"Moreno, Joseph",1000258853,Left,STM_GAE,"Namie, Mitch",809621,Left,SAN_GAU,Undefined,7,Top,1,0,1,Slider,Curveball,FoulBallNotFieldable,Undefined,Undefined,Undefined,0,0,,76.3336,1.954183,0.806186,2677.752817,338.814336,5:15,6.11189,-0.82121,5.18352,-58.40964,-8.04091,3.8552,3.08398,0.25863,68.684,-8.678857,1.489973,0.510801,72.93474,48.331243,-76.355602,4615.976082,,,,,61.79172,,,-1.64189,-4.16784,0.74319,50,6.24914,-1.7087,-110.50856,1.74994,-1.9815,24.10982,-37.20402,STM_GAE,SAN_GAU,RonaldGallagherStad,D1,WCC,20260324-RonaldGallagherStad-1,48ea3d90-27e9-11f1-b8ea-f9a2eeae71cc,73.79082,61.98083,,7.64961,,,,1.77152,3.13792,-0.24942,c9e67c30-a63b-4587-9ae4-a41912f8aeeb,2026-03-25,01:23:52.20,2026-03-24T18:23:52.2086400-07:00,2026-03-25T01:23:52.2086400Z,,v3,471428,471258,d6bb620095054923be50e712cd675082,"Armstrong, Ian",1000321869,Right,STM_GAE,ab0a9219-a338-4ba5-99e7-b4e9496a3ff5,55.31714,-111.66258,12.05491,6.12276,3.53072,-18.60201,0.8227,-1.61386,-0.99075,,1.77152,16.77607,-8.74131,2.41736,-0.60777,0.14635,-0.03496,0.00694,-0.0008,3.13792,79.90725,-24.90523,2.89763,-0.61104,0.12449,-0.02588,0.0049,-0.00052,-0.24942,-69.10962,12.4914,-2.65319,0.55796,-0.11946,0.02677,-0.00501,0.00056,,,,,,,,,,,,,,,,,,,,,,,High,High,High,Medium,Undefined,,,,,,,,,,,,,,,,,,,,,,,,,,,,,,,,,,
235,2026-03-24,18:24:13.60,2,3,"Moreno, Joseph",1000258853,Left,STM_GAE,"Namie, Mitch",809621,Left,SAN_GAU,Undefined,7,Top,1,0,2,Slider,Curveball,BallCalled,Undefined,Undefined,Undefined,0,0,,76.97658,1.826771,0.979877,2676.788263,298.79715,4:00,6.14866,-0.89089,5.0624,-51.43389,-2.41484,7.35945,3.58598,0.64652,70.15137,-7.511234,2.280888,0.503911,,,,,,,,,,,,-3.33992,-1.22221,0.79166,50,6.28172,-2.20933,-111.57166,1.7472,-4.178,21.49837,-33.70296,STM_GAE,SAN_GAU,RonaldGallagherStad,D1,WCC,20260324-RonaldGallagherStad-1,55a95520-27e9-11f1-b8ea-f9a2eeae71cc,74.79981,,,6.82521,,,,,,,c9e67c30-a63b-4587-9ae4-a41912f8aeeb,2026-03-25,01:24:13.60,2026-03-24T18:24:13.6062976-07:00,2026-03-25T01:24:13.6062976Z,,v3,471428,471258,d6bb620095054923be50e712cd675082,"Armstrong, Ian",1000321869,Right,STM_GAE,610926d0-5ddd-444b-9d4b-4bd02083da65,55.43812,-112.61464,10.74919,6.15729,3.38228,-16.85148,0.89393,-2.00663,-2.089,,,,,,,,,,,,,,,,,,,,,,,,,,,,,,,,,,,,,,,,,,,,,,,,,,,High,High,High,,,,,,,,,,,,,,,,,,,,,,,,,,,,,,,,,,,,
236,2026-03-24,18:24:31.15,2,4,"Moreno, Joseph",1000258853,Left,STM_GAE,"Namie, Mitch",809621,Left,SAN_GAU,Undefined,7,Top,1,1,2,Slider,Curveball,FoulBallNotFieldable,Undefined,Undefined,Undefined,0,0,,72.82244,1.385131,-0.40758,2638.117631,309.913894,4:15,6.15399,-0.78938,5.05385,-60.54188,-5.68811,9.01792,2.4155,-0.4223,66.5503,-9.56707,1.189383,0.533058,90.82998,-11.798234,47.430039,,,,,15.6679,15.33537,40.053528,0.100847,-4.63933,-2.81378,0.8205,50,6.23718,0.41259,-105.60834,0.54719,-5.18302,19.79631,-35.31759,STM_GAE,SAN_GAU,RonaldGallagherStad,D1,WCC,20260324-RonaldGallagherStad-1,601a0fe0-27e9-11f1-b8ea-f9a2eeae71cc,70.70981,2.75275,,6.27214,,,,3.07764,2.75275,0.37686,c9e67c30-a63b-4587-9ae4-a41912f8aeeb,2026-03-25,01:24:31.15,2026-03-24T18:24:31.1518208-07:00,2026-03-25T01:24:31.1518208Z,GroundBall,v3,471428,471258,d6bb620095054923be50e712cd675082,"Armstrong, Ian",1000321869,Right,STM_GAE,820d1e75-3e16-4e82-819a-4bbb6ddf471b,55.44935,-106.62493,9.89816,6.16251,2.36083,-17.6588,0.79248,0.67875,-2.59151,180,3.07459,88.40371,,,,,,,,2.75369,-27.29627,,,,,,,,0.37355,96.23953,,,,,,,,,,,,,,,,,,,,,,,,,,,,,,High,High,High,High,High,,,,,,,,,,,,,,,,,,,,,,,,,,,,,,,,,,
237,2026-03-24,18:24:58.46,2,5,"Moreno, Joseph",1000258853,Left,STM_GAE,"Namie, Mitch",809621,Left,SAN_GAU,Undefined,7,Top,1,1,2,Slider,Curveball,BallCalled,Undefined,Undefined,Undefined,0,0,,75.9963,1.391317,2.333779,2735.214041,331.713313,5:00,6.11847,-0.84534,4.93234,-61.81992,-11.12343,6.89961,2.28333,1.93689,69.48356,-9.725297,3.551017,0.51246,,,,,,,,,,,,-2.68795,-5.44217,0.61203,50,6.20229,-4.76564,-110.11052,0.46215,-3.2634,21.57885,-38.78124,STM_GAE,SAN_GAU,RonaldGallagherStad,D1,WCC,20260324-RonaldGallagherStad-1,706645d0-27e9-11f1-b8ea-f9a2eeae71cc,73.5519,,,6.51273,,,,,,,c9e67c30-a63b-4587-9ae4-a41912f8aeeb,2026-03-25,01:24:58.46,2026-03-24T18:24:58.4689152-07:00,2026-03-25T01:24:58.4689152Z,,v3,471428,471258,d6bb620095054923be50e712cd675082,"Armstrong, Ian",1000321869,Right,STM_GAE,f8254be5-4cf9-4d71-898d-d167b8376bcf,55.57111,-111.19695,10.78943,6.12987,2.41467,-19.39062,0.84783,-4.60134,-1.6317,,,,,,,,,,,,,,,,,,,,,,,,,,,,,,,,,,,,,,,,,,,,,,,,,,,High,High,High,,,,,,,,,,,,,,,,,,,,,,,,,,,,,,,,,,,,
238,2026-03-24,18:25:15.68,2,6,"Moreno, Joseph",1000258853,Left,STM_GAE,"Namie, Mitch",809621,Left,SAN_GAU,Undefined,7,Top,1,2,2,Fastball,Four-Seam,BallCalled,Undefined,Undefined,Undefined,0,0,,89.30924,-2.755506,2.851066,2341.68387,154.114992,11:15,6.16375,-0.83765,5.53709,-19.46009,16.45965,-7.3778,1.96129,1.21466,81.06069,-6.41133,1.537468,0.431358,,,,,,,,,,,,4.57803,9.50957,0.59507,50,5.91155,-6.10812,-129.26205,-6.85772,7.68264,28.9925,-16.21556,STM_GAE,SAN_GAU,RonaldGallagherStad,D1,WCC,20260324-RonaldGallagherStad-1,7b22af90-27e9-11f1-b8ea-f9a2eeae71cc,87.38086,,,8.24855,,,,,,,c9e67c30-a63b-4587-9ae4-a41912f8aeeb,2026-03-25,01:25:15.68,2026-03-24T18:25:15.6823040-07:00,2026-03-25T01:25:15.6823040Z,,v3,471428,471258,d6bb620095054923be50e712cd675082,"Armstrong, Ian",1000321869,Right,STM_GAE,fdd4f88a-9757-4e44-800a-4476f0994926,54.96165,-130.37016,14.49625,6.16181,-6.23796,-8.10778,0.83414,-6.40176,3.84132,,,,,,,,,,,,,,,,,,,,,,,,,,,,,,,,,,,,,,,,,,,,,,,,,,,High,High,High,,,,,,,,,,,,,,,,,,,,,,,,,,,,,,,,,,,,
239,2026-03-24,18:25:34.17,2,7,"Moreno, Joseph",1000258853,Left,STM_GAE,"Namie, Mitch",809621,Left,SAN_GAU,Undefined,7,Top,1,3,2,Fastball,Four-Seam,InPlay,Undefined,GroundBall,Error,0,0,,88.19312,-2.493591,1.534612,2270.322948,142.045457,10:45,6.10349,-1.02147,5.61825,-21.03324,15.6115,-11.18422,2.02115,-0.5209,80.10041,-6.439541,-0.463088,0.43569,97.96904,-2.271466,20.653944,2352.153134,,,,62.25066,55.73169,21.074611,0.447158,6.16473,9.05146,0.89797,50,5.87719,-2.94553,-127.82931,-6.24705,10.10811,28.5753,-17.33271,STM_GAE,SAN_GAU,RonaldGallagherStad,D1,WCC,20260324-RonaldGallagherStad-1,85a396f0-27e9-11f1-b8ea-f9a2eeae71cc,86.51211,2.98163,,8.09271,,,,1.89738,2.98163,0.78472,c9e67c30-a63b-4587-9ae4-a41912f8aeeb,2026-03-25,01:25:34.17,2026-03-24T18:25:34.1727744-07:00,2026-03-25T01:25:34.1727744Z,GroundBall,v3,471428,471258,d6bb620095054923be50e712cd675082,"Armstrong, Ian",1000321869,Right,STM_GAE,520b409b-aa6e-4b07-9aa0-f6cc551c8f74,54.8821,-128.91604,14.28765,6.10224,-5.58787,-8.66636,1.0173,-3.32994,5.05406,,1.91283,133.885,-18.54689,,,,,,,2.9726,-5.42221,-2.69879,,,,,,,0.78817,50.53941,-5.03283,,,,,,,,,,,,,,,,,,,,,,,,,,,,,High,High,High,Medium,Medium,,,,,,,,,,,,,,,,,,,,,,,,,,,,,,,,,,
240,2026-03-24,18:26:20.05,3,1,"Moreno, Joseph",1000258853,Left,STM_GAE,"Severns, Ryan",1000242454,Right,SAN_GAU,Undefined,7,Top,1,0,0,Fastball,Sinker,StrikeCalled,Undefined,Undefined,Undefined,0,0,,88.42831,-3.097055,1.177535,2339.447405,134.58333,10:30,6.18195,-1.01134,5.42618,-20.60261,16.17828,-15.10206,1.56077,-1.16675,80.28945,-6.947324,-1.51116,0.436498,,,,,,,,,,,,7.96642,9.4691,0.91776,50,5.89302,-1.96155,-128.06687,-7.61198,13.10201,28.85077,-16.60065,STM_GAE,SAN_GAU,RonaldGallagherStad,D1,WCC,20260324-RonaldGallagherStad-1,a0fa0880-27e9-11f1-b8ea-f9a2eeae71cc,86.3519,,,8.13887,,,,,,,c9e67c30-a63b-4587-9ae4-a41912f8aeeb,2026-03-25,01:26:20.05,2026-03-24T18:26:20.0583168-07:00,2026-03-25T01:26:20.0583168Z,,v3,471428,471258,d6bb620095054923be50e712cd675082,"Armstrong, Ian",1000321869,Right,STM_GAE,88e93d21-96da-4572-9f8e-de8deaa31161,55.07363,-129.20479,14.42539,6.18033,-6.95722,-8.30033,1.00531,-2.47831,6.55101,,,,,,,,,,,,,,,,,,,,,,,,,,,,,,,,,,,,,,,,,,,,,,,,,,,High,High,High,,,,,,,,,,,,,,,,,,,,,,,,,,,,,,,,,,,,
241,2026-03-24,18:26:41.30,3,2,"Moreno, Joseph",1000258853,Left,STM_GAE,"Severns, Ryan",1000242454,Right,SAN_GAU,Undefined,7,Top,1,0,1,ChangeUp,Changeup,FoulBallNotFieldable,Undefined,Undefined,Undefined,0,0,,78.67557,-1.126361,1.726004,1415.509284,115.654637,9:45,5.97016,-1.30568,5.54991,-37.27589,9.17894,-15.56458,1.81065,-0.98931,71.20843,-8.017286,-1.052932,0.490554,72.58324,68.251831,60.173462,4012.809115,19.62552,86.18406,108.23505,140.95208,58.9671,80.672491,5.215017,8.48477,5.47599,1.16707,50,5.8482,-2.83446,-114.01962,-3.42214,10.97754,24.32765,-25.08925,STM_GAE,SAN_GAU,RonaldGallagherStad,D1,WCC,20260324-RonaldGallagherStad-1,ad9c9760-27e9-11f1-b8ea-f9a2eeae71cc,76.83648,115.40169,,7.46714,,,,2.97092,2.01504,0.87647,c9e67c30-a63b-4587-9ae4-a41912f8aeeb,2026-03-25,01:26:41.30,2026-03-24T18:26:41.3003776-07:00,2026-03-25T01:26:41.3003776Z,Popup,v3,471428,471258,d6bb620095054923be50e712cd675082,"Armstrong, Ian",1000321869,Right,STM_GAE,f70122dc-f63d-4965-8ca9-167f0ad3b6bc,54.95025,-115.07097,12.16383,5.97266,-2.33787,-12.54462,1.29981,-3.30887,5.48877,200.672001,2.96525,19.65681,-10.3242,2.38386,0.4287,-0.52309,0.1658,-0.0235,0.00126,2.02861,98.58275,-25.13497,0.8185,1.2471,-0.70614,0.17679,-0.02186,0.00108,0.8885,33.99231,-1.38333,-1.10258,0.90175,-0.32669,0.06103,-0.00556,0.00019,,,,,,,,,,,,,,,,,,,,,,,High,High,High,High,Low,,,,,,,,,,,,,,,,,,,,,,,,,,,,,,,,,,
242,2026-03-24,18:27:09.39,3,3,"Moreno, Joseph",1000258853,Left,STM_GAE,"Severns, Ryan",1000242454,Right,SAN_GAU,Undefined,7,Top,1,0,2,ChangeUp,Changeup,StrikeSwinging,Strikeout,Undefined,Undefined,0,0,,79.09601,-1.248502,1.395584,1153.525626,90.857995,9:00,5.93865,-1.22391,5.36864,-44.64317,2.05662,-15.37261,1.04719,-1.19613,71.17887,-9.425621,-1.343933,0.491846,,,,,,,,,,,,8.28768,1.93028,1.11028,50,5.79505,-2.18033,-114.51452,-3.99782,10.70648,26.49255,-29.68043,STM_GAE,SAN_GAU,RonaldGallagherStad,D1,WCC,20260324-RonaldGallagherStad-1,be652940-27e9-11f1-b8ea-f9a2eeae71cc,76.63469,,,7.91714,,,,,,,c9e67c30-a63b-4587-9ae4-a41912f8aeeb,2026-03-25,01:27:09.39,2026-03-24T18:27:09.3959168-07:00,2026-03-25T01:27:09.3959168Z,,v3,471428,471258,d6bb620095054923be50e712cd675082,"Armstrong, Ian",1000321869,Right,STM_GAE,caa5e1c3-dca3-4393-910c-455e21f8a01b,55.13151,-115.69559,13.24627,5.94379,-2.67463,-14.84022,1.21812,-2.65763,5.35324,,,,,,,,,,,,,,,,,,,,,,,,,,,,,,,,,,,,,,,,,,,,,,,,,,,High,High,High,,,,,,,,,,,,,,,,,,,,,,,,,,,,,,,,,,,,
243,2026-03-24,18:27:42.22,4,1,"Moreno, Joseph",1000258853,Left,STM_GAE,"Nunez, Corey",1000069356,Right,SAN_GAU,Undefined,7,Top,2,0,0,ChangeUp,Changeup,BallinDirt,Undefined,Undefined,Undefined,0,0,,76.69362,-1.864369,1.019571,1143.329173,64.625805,8:15,6.00594,-0.96776,5.21001,-51.74637,-1.7437,-7.77689,-0.06044,-0.6569,69.34924,-11.24805,-0.364565,0.508942,,,,,,,,,,,,4.30595,0.21528,0.87974,50,5.79437,-1.67539,-110.9964,-5.35176,5.22316,24.99166,-31.9129,STM_GAE,SAN_GAU,RonaldGallagherStad,D1,WCC,20260324-RonaldGallagherStad-1,d1ee3ab0-27e9-11f1-b8ea-f9a2eeae71cc,74.06046,,,7.34438,,,,,,,c9e67c30-a63b-4587-9ae4-a41912f8aeeb,2026-03-25,01:27:42.22,2026-03-24T18:27:42.2262272-07:00,2026-03-25T01:27:42.2262272Z,,v3,471428,471258,d6bb620095054923be50e712cd675082,"Armstrong, Ian",1000321869,Right,STM_GAE,99f516a4-cc18-4168-9ae4-31a0f6e8d5f4,55.29095,-112.18137,12.49583,6.01225,-3.83862,-15.95645,0.96505,-1.92304,2.61158,,,,,,,,,,,,,,,,,,,,,,,,,,,,,,,,,,,,,,,,,,,,,,,,,,,High,High,High,,,,,,,,,,,,,,,,,,,,,,,,,,,,,,,,,,,,
244,2026-03-24,18:28:00.49,4,2,"Moreno, Joseph",1000258853,Left,STM_GAE,"Nunez, Corey",1000069356,Right,SAN_GAU,Undefined,7,Top,2,1,0,Fastball,Changeup,BallCalled,Undefined,Undefined,Undefined,0,0,,87.58641,-1.841253,1.396129,2194.102137,122.435355,10:00,5.99947,-1.22598,5.57973,-24.31045,13.33131,-18.70851,2.25283,-1.48083,78.6157,-6.401387,-1.94425,0.441577,,,,,,,,,,,,9.85808,7.77808,1.11806,50,5.82553,-2.25503,-126.8171,-4.87998,15.70962,31.12335,-19.77908,STM_GAE,SAN_GAU,RonaldGallagherStad,D1,WCC,20260324-RonaldGallagherStad-1,dcddc260-27e9-11f1-b8ea-f9a2eeae71cc,85.35872,,,8.97071,,,,,,,c9e67c30-a63b-4587-9ae4-a41912f8aeeb,2026-03-25,01:28:00.49,2026-03-24T18:28:00.4937728-07:00,2026-03-25T01:28:00.4937728Z,,v3,471428,471258,d6bb620095054923be50e712cd675082,"Armstrong, Ian",1000321869,Right,STM_GAE,2c90f278-8d9d-49a3-b506-80ffffd1adbe,54.91743,-128.01824,15.56167,5.99913,-4.11665,-9.88954,1.21679,-2.86132,7.85481,,,,,,,,,,,,,,,,,,,,,,,,,,,,,,,,,,,,,,,,,,,,,,,,,,,High,High,High,,,,,,,,,,,,,,,,,,,,,,,,,,,,,,,,,,,,
245,2026-03-24,18:28:21.15,4,3,"Moreno, Joseph",1000258853,Left,STM_GAE,"Nunez, Corey",1000069356,Right,SAN_GAU,Undefined,7,Top,2,2,0,ChangeUp,Changeup,BallCalled,Undefined,Undefined,Undefined,0,0,,76.65351,0.190169,0.469795,1325.837345,113.708019,9:45,6.04178,-1.20316,5.30868,-41.9412,7.57512,-13.03221,2.7252,-1.84817,69.09863,-7.536946,-1.846277,0.506461,,,,,,,,,,,,6.61737,4.30437,1.1701,50,6.02933,-0.38371,-111.01825,-0.99886,8.09774,23.48823,-26.90676,STM_GAE,SAN_GAU,RonaldGallagherStad,D1,WCC,20260324-RonaldGallagherStad-1,e92ed5e0-27e9-11f1-b8ea-f9a2eeae71cc,74.42325,,,7.55488,,,,,,,c9e67c30-a63b-4587-9ae4-a41912f8aeeb,2026-03-25,01:28:21.15,2026-03-24T18:28:21.1577856-07:00,2026-03-25T01:28:21.1577856Z,,v3,471428,471258,d6bb620095054923be50e712cd675082,"Armstrong, Ian",1000321869,Right,STM_GAE,36c52573-be2f-47c7-85cb-af83cd9595d9,55.18772,-112.11044,11.74412,6.04669,0.25229,-13.45338,1.1967,-0.76025,4.04887,,,,,,,,,,,,,,,,,,,,,,,,,,,,,,,,,,,,,,,,,,,,,,,,,,,High,High,High,,,,,,,,,,,,,,,,,,,,,,,,,,,,,,,,,,,,
246,2026-03-24,18:28:39.84,4,4,"Moreno, Joseph",1000258853,Left,STM_GAE,"Nunez, Corey",1000069356,Right,SAN_GAU,Undefined,7,Top,2,3,0,Fastball,Four-Seam,StrikeCalled,Undefined,Undefined,Undefined,0,0,,86.38842,-2.278217,1.386946,2135.029451,150.074719,11:00,6.16378,-0.9625,5.34616,-18.31958,20.70863,-11.05371,2.49832,-0.58237,77.47488,-5.769802,-0.576762,0.449636,,,,,,,,,,,,5.9641,11.54379,0.84557,50,5.94592,-2.5268,-124.97587,-5.51548,9.2457,29.84374,-14.27855,STM_GAE,SAN_GAU,RonaldGallagherStad,D1,WCC,20260324-RonaldGallagherStad-1,f44ac4c0-27e9-11f1-b8ea-f9a2eeae71cc,83.82885,,,8.91354,,,,,,,c9e67c30-a63b-4587-9ae4-a41912f8aeeb,2026-03-25,01:28:39.84,2026-03-24T18:28:39.8465536-07:00,2026-03-25T01:28:39.8465536Z,,v3,471428,471258,d6bb620095054923be50e712cd675082,"Armstrong, Ian",1000321869,Right,STM_GAE,f787c75d-022a-497f-93fa-d0c20bff4672,55.14982,-126.19964,14.92187,6.16008,-4.92997,-7.13928,0.95696,-2.90593,4.62285,,,,,,,,,,,,,,,,,,,,,,,,,,,,,,,,,,,,,,,,,,,,,,,,,,,High,High,High,,,,,,,,,,,,,,,,,,,,,,,,,,,,,,,,,,,,
247,2026-03-24,18:28:57.05,4,5,"Moreno, Joseph",1000258853,Left,STM_GAE,"Nunez, Corey",1000069356,Right,SAN_GAU,Undefined,7,Top,2,3,1,ChangeUp,Changeup,BallCalled,Walk,Undefined,Undefined,0,0,,77.40695,0.508695,1.292165,1285.123662,76.195341,8:30,6.01608,-1.10118,5.26117,-50.90148,-2.32965,-16.71784,2.25236,-1.2801,70.03877,-8.77553,-1.679253,0.501607,,,,,,,,,,,,8.75386,-0.78583,0.99557,50,6.02539,-1.855,-112.16488,-0.75612,10.9415,23.85941,-33.15628,STM_GAE,SAN_GAU,RonaldGallagherStad,D1,WCC,20260324-RonaldGallagherStad-1,fe9d9740-27e9-11f1-b8ea-f9a2eeae71cc,75.14333,,,7.36818,,,,,,,c9e67c30-a63b-4587-9ae4-a41912f8aeeb,2026-03-25,01:28:57.05,2026-03-24T18:28:57.0540032-07:00,2026-03-25T01:28:57.0540032Z,,v3,471428,471258,d6bb620095054923be50e712cd675082,"Armstrong, Ian",1000321869,Right,STM_GAE,2bf07ad2-9352-45b0-90e9-8623956e8af6,55.23907,-113.27383,11.92971,6.02472,0.78494,-16.57814,1.09361,-2.36355,5.47075,,,,,,,,,,,,,,,,,,,,,,,,,,,,,,,,,,,,,,,,,,,,,,,,,,,High,High,High,,,,,,,,,,,,,,,,,,,,,,,,,,,,,,,,,,,,
248,2026-03-24,18:29:43.20,5,1,"Moreno, Joseph",1000258853,Left,STM_GAE,"Barrett, Liam",1000253484,Left,SAN_GAU,Undefined,7,Top,2,0,0,Fastball,Sinker,StrikeCalled,Undefined,Undefined,Undefined,0,0,,86.71673,-2.329755,2.728105,2196.794794,138.017841,10:30,6.15862,-1.00311,5.38106,-24.13171,14.19855,-11.56257,1.95996,0.5927,78.68931,-6.817329,0.673845,0.445597,,,,,,,,,,,,6.64744,8.23634,0.76729,50,5.93312,-5.47556,-125.53467,-5.93034,10.50814,27.64269,-19.15423,STM_GAE,SAN_GAU,RonaldGallagherStad,D1,WCC,20260324-RonaldGallagherStad-1,1a126640-27ea-11f1-b8ea-f9a2eeae71cc,84.58864,,,8.02742,,,,,,,c9e67c30-a63b-4587-9ae4-a41912f8aeeb,2026-03-25,01:29:43.20,2026-03-24T18:29:43.2004096-07:00,2026-03-25T01:29:43.2004096Z,,v3,471428,471258,d6bb620095054923be50e712cd675082,"Armstrong, Ian",1000321869,Right,STM_GAE,82716f46-7da8-4c5b-8bca-3c6aae9e23f8,55.11842,-126.65673,13.82135,6.15806,-5.15284,-9.57712,0.99821,-5.9021,5.25407,,,,,,,,,,,,,,,,,,,,,,,,,,,,,,,,,,,,,,,,,,,,,,,,,,,High,High,High,,,,,,,,,,,,,,,,,,,,,,,,,,,,,,,,,,,,
249,2026-03-24,18:30:02.57,5,2,"Moreno, Joseph",1000258853,Left,STM_GAE,"Barrett, Liam",1000253484,Left,SAN_GAU,Undefined,7,Top,2,0,1,Slider,Curveball,BallinDirt,Undefined,Undefined,Undefined,0,0,,73.79365,-1.370448,3.21802,2642.056386,328.979568,5:00,6.14624,-0.88439,5.1872,-62.54751,-8.9893,6.51028,-0.35768,2.68889,67.88273,-12.58082,4.374055,0.526726,,,,,,,,,,,,-2.26099,-3.74673,0.57988,50,5.97046,-6.24436,-106.85297,-4.60822,-2.57096,21.24098,-36.43445,STM_GAE,SAN_GAU,RonaldGallagherStad,D1,WCC,20260324-RonaldGallagherStad-1,259b6ed0-27ea-11f1-b8ea-f9a2eeae71cc,71.55991,,,5.91092,,,,,,,c9e67c30-a63b-4587-9ae4-a41912f8aeeb,2026-03-25,01:30:02.57,2026-03-24T18:30:02.5774080-07:00,2026-03-25T01:30:02.5774080Z,,v3,471428,471258,d6bb620095054923be50e712cd675082,"Armstrong, Ian",1000321869,Right,STM_GAE,5a3a9ab4-45c9-4e16-a3fd-9c49e3ea30cd,55.31721,-107.90478,10.62049,6.15399,-2.80405,-18.21722,0.88594,-6.11705,-1.28548,,,,,,,,,,,,,,,,,,,,,,,,,,,,,,,,,,,,,,,,,,,,,,,,,,,High,High,High,,,,,,,,,,,,,,,,,,,,,,,,,,,,,,,,,,,,
250,2026-03-24,18:30:33.54,5,3,"Moreno, Joseph",1000258853,Left,STM_GAE,"Barrett, Liam",1000253484,Left,SAN_GAU,Undefined,7,Top,2,1,1,Slider,Curveball,BallCalled,Undefined,Undefined,Undefined,0,0,,72.26056,0.980047,1.385935,2624.221659,309.382791,4:15,6.11943,-0.85933,5.4979,-62.08677,-7.02398,10.89209,1.86263,1.345,65.96197,-10.323949,3.330491,0.534073,,,,,,,,,,,,-5.05681,-3.32827,0.73048,50,6.16323,-2.92729,-104.80754,-0.14564,-5.53298,20.40886,-35.81574,STM_GAE,SAN_GAU,RonaldGallagherStad,D1,WCC,20260324-RonaldGallagherStad-1,381cad30-27ea-11f1-b8ea-f9a2eeae71cc,70.57547,,,6.29859,,,,,,,c9e67c30-a63b-4587-9ae4-a41912f8aeeb,2026-03-25,01:30:33.54,2026-03-24T18:30:33.5472640-07:00,2026-03-25T01:30:33.5472640Z,,v3,471428,471258,d6bb620095054923be50e712cd675082,"Armstrong, Ian",1000321869,Right,STM_GAE,6b78851f-4881-43d5-9d8b-9848812bd028,55.00466,-105.77759,10.20443,6.1297,1.55672,-17.90787,0.86337,-2.6643,-2.76649,,,,,,,,,,,,,,,,,,,,,,,,,,,,,,,,,,,,,,,,,,,,,,,,,,,High,High,High,,,,,,,,,,,,,,,,,,,,,,,,,,,,,,,,,,,,
251,2026-03-24,18:30:53.63,5,4,"Moreno, Joseph",1000258853,Left,STM_GAE,"Barrett, Liam",1000253484,Left,SAN_GAU,Undefined,7,Top,2,2,1,Fastball,Four-Seam,BallCalled,Undefined,Undefined,Undefined,0,0,,85.93754,-1.403004,2.845674,2246.813217,173.950481,11:45,6.0955,-0.8266,5.88783,-16.25446,22.52537,-2.22665,3.43627,1.63249,76.78337,-4.570787,2.44701,0.448202,,,,,,,,,,,,2.10886,12.37666,0.59813,50,5.9729,-6.08481,-124.32787,-3.43886,3.22505,30.26022,-13.24647,STM_GAE,SAN_GAU,RonaldGallagherStad,D1,WCC,20260324-RonaldGallagherStad-1,4400f520-27ea-11f1-b8ea-f9a2eeae71cc,84.0969,,,9.15417,,,,,,,c9e67c30-a63b-4587-9ae4-a41912f8aeeb,2026-03-25,01:30:53.63,2026-03-24T18:30:53.6343040-07:00,2026-03-25T01:30:53.6343040Z,,v3,471428,471258,d6bb620095054923be50e712cd675082,"Armstrong, Ian",1000321869,Right,STM_GAE,bcef4633-7301-48ff-91cb-bd9cda763264,54.60667,-125.44409,15.13011,6.09074,-2.95024,-6.62324,0.82477,-6.20377,1.61252,,,,,,,,,,,,,,,,,,,,,,,,,,,,,,,,,,,,,,,,,,,,,,,,,,,High,High,High,,,,,,,,,,,,,,,,,,,,,,,,,,,,,,,,,,,,
252,2026-03-24,18:31:12.71,5,5,"Moreno, Joseph",1000258853,Left,STM_GAE,"Barrett, Liam",1000253484,Left,SAN_GAU,Undefined,7,Top,2,3,1,Fastball,Changeup,FoulBallNotFieldable,Undefined,Undefined,Undefined,0,0,,86.15688,-2.462054,2.616566,2200.642266,123.679634,10:00,6.15107,-1.00883,5.49986,-26.34734,12.42068,-16.53934,1.64872,0.06203,78.03066,-7.356741,-0.330524,0.448134,,,,,,,,,,,,9.19233,7.44689,0.79155,50,5.91803,-4.99165,-124.72874,-6.25521,14.29332,28.12183,-20.59474,STM_GAE,SAN_GAU,RonaldGallagherStad,D1,WCC,20260324-RonaldGallagherStad-1,4f5e80e0-27ea-11f1-b8ea-f9a2eeae71cc,84.10969,,,8.12623,,,,,,,c9e67c30-a63b-4587-9ae4-a41912f8aeeb,2026-03-25,01:31:12.71,2026-03-24T18:31:12.7140864-07:00,2026-03-25T01:31:12.7140864Z,,v3,471428,471258,d6bb620095054923be50e712cd675082,"Armstrong, Ian",1000321869,Right,STM_GAE,7b954035-1788-463c-bee4-6066d6a8bcf8,55.00018,-125.85105,14.06092,6.15127,-5.4333,-10.29737,1.00214,-5.56208,7.14666,,,,,,,,,,,,,,,,,,,,,,,,,,,,,,,,,,,,,,,,,,,,,,,,,,,High,High,High,,,,,,,,,,,,,,,,,,,,,,,,,,,,,,,,,,,,
253,2026-03-24,18:31:59.31,5,6,"Moreno, Joseph",1000258853,Left,STM_GAE,"Barrett, Liam",1000253484,Left,SAN_GAU,Undefined,7,Top,2,3,2,Fastball,Four-Seam,BallCalled,Walk,Undefined,Undefined,0,0,,88.74588,-1.257139,1.272429,2013.678395,140.880064,10:45,6.19979,-1.02663,5.57845,-20.01678,16.22686,-12.16831,3.35709,-0.85203,80.3465,-5.033859,-0.898956,0.433299,,,,,,,,,,,,6.50441,8.94973,0.92511,50,6.07877,-2.31332,-128.67367,-3.46266,10.798,29.14581,-17.31659,STM_GAE,SAN_GAU,RonaldGallagherStad,D1,WCC,20260324-RonaldGallagherStad-1,6b303cf0-27ea-11f1-b8ea-f9a2eeae71cc,86.98953,,,8.39938,,,,,,,c9e67c30-a63b-4587-9ae4-a41912f8aeeb,2026-03-25,01:31:59.31,2026-03-24T18:31:59.3145856-07:00,2026-03-25T01:31:59.3145856Z,,v3,471428,471258,d6bb620095054923be50e712cd675082,"Armstrong, Ian",1000321869,Right,STM_GAE,aeda85bc-e4f4-4691-873b-ab55103577d4,54.91964,-129.78323,14.5729,6.19804,-2.80343,-8.65829,1.021,-2.72439,5.399,,,,,,,,,,,,,,,,,,,,,,,,,,,,,,,,,,,,,,,,,,,,,,,,,,,High,High,High,,,,,,,,,,,,,,,,,,,,,,,,,,,,,,,,,,,,
254,2026-03-24,18:33:11.73,6,1,"Moreno, Joseph",1000258853,Left,STM_GAE,"Libed, Nico",822297,Right,SAN_GAU,Undefined,7,Top,2,0,0,Fastball,Sinker,BallCalled,Undefined,Undefined,Undefined,0,0,,89.11492,-2.483223,-0.372034,2181.147865,133.486678,10:30,6.09675,-1.13935,5.62947,-19.06269,16.88221,-16.46969,2.18959,-2.85898,80.81196,-6.073848,-3.31372,0.431509,,,,,,,,,,,,8.16977,9.68315,1.18149,50,5.87316,1.57528,-129.15635,-6.1964,13.64676,29.6892,-15.99934,STM_GAE,SAN_GAU,RonaldGallagherStad,D1,WCC,20260324-RonaldGallagherStad-1,965c2dd0-27ea-11f1-b8ea-f9a2eeae71cc,87.35023,,,8.30296,,,,,,,c9e67c30-a63b-4587-9ae4-a41912f8aeeb,2026-03-25,01:33:11.73,2026-03-24T18:33:11.7346304-07:00,2026-03-25T01:33:11.7346304Z,,v3,471428,471258,d6bb620095054923be50e712cd675082,"Armstrong, Ian",1000321869,Right,STM_GAE,f8c29485-7362-499c-b59e-4efadc334ca3,54.86884,-130.27075,14.8446,6.09448,-5.59586,-7.99967,1.13198,1.06305,6.82338,,,,,,,,,,,,,,,,,,,,,,,,,,,,,,,,,,,,,,,,,,,,,,,,,,,High,High,High,,,,,,,,,,,,,,,,,,,,,,,,,,,,,,,,,,,,
255,2026-03-24,18:33:27.29,6,2,"Moreno, Joseph",1000258853,Left,STM_GAE,"Libed, Nico",822297,Right,SAN_GAU,Undefined,7,Top,2,1,0,ChangeUp,Changeup,StrikeCalled,Undefined,Undefined,Undefined,0,0,,78.37146,-0.374749,1.446538,1191.716951,97.28192,9:15,5.99718,-1.10603,5.37671,-42.95861,4.04874,-18.54005,2.06585,-1.2946,71.11119,-8.25052,-1.854571,0.493463,,,,,,,,,,,,9.73067,2.66969,0.98985,50,5.9336,-2.1216,-113.60385,-2.18314,12.5294,23.66966,-28.73653,STM_GAE,SAN_GAU,RonaldGallagherStad,D1,WCC,20260324-RonaldGallagherStad-1,9facab80-27ea-11f1-b8ea-f9a2eeae71cc,76.38355,,,7.26028,,,,,,,c9e67c30-a63b-4587-9ae4-a41912f8aeeb,2026-03-25,01:33:27.29,2026-03-24T18:33:27.2982528-07:00,2026-03-25T01:33:27.2982528Z,,v3,471428,471258,d6bb620095054923be50e712cd675082,"Armstrong, Ian",1000321869,Right,STM_GAE,f304805f-32af-46e6-86a7-4da76db0898e,55.12295,-114.66626,11.83483,6.00264,-0.8933,-14.36826,1.0977,-2.68399,6.2647,,,,,,,,,,,,,,,,,,,,,,,,,,,,,,,,,,,,,,,,,,,,,,,,,,,High,High,High,,,,,,,,,,,,,,,,,,,,,,,,,,,,,,,,,,,,
256,2026-03-24,18:33:44.12,6,3,"Moreno, Joseph",1000258853,Left,STM_GAE,"Libed, Nico",822297,Right,SAN_GAU,Undefined,7,Top,2,1,1,ChangeUp,Changeup,BallCalled,Undefined,Undefined,Undefined,0,0,,78.15656,0.165981,-0.655803,1367.828259,93.628656,9:00,6.02218,-1.14886,5.3262,-44.39853,2.86917,-19.48033,2.47807,-3.38764,71.1088,-7.950545,-4.118178,0.494827,,,,,,,,,,,,9.49812,1.90878,1.22246,50,6.00563,2.08576,-113.33508,-1.17557,12.18947,23.28691,-29.7244,STM_GAE,SAN_GAU,RonaldGallagherStad,D1,WCC,20260324-RonaldGallagherStad-1,a9b073a0-27ea-11f1-b8ea-f9a2eeae71cc,76.17291,,,7.04776,,,,,,,c9e67c30-a63b-4587-9ae4-a41912f8aeeb,2026-03-25,01:33:44.12,2026-03-24T18:33:44.1235968-07:00,2026-03-25T01:33:44.1235968Z,,v3,471428,471258,d6bb620095054923be50e712cd675082,"Armstrong, Ian",1000321869,Right,STM_GAE,89dd4da8-3ef5-4da6-a141-ba58cf7c191f,55.17371,-114.39318,11.64346,6.02836,0.17503,-14.8622,1.14027,1.5319,6.09474,,,,,,,,,,,,,,,,,,,,,,,,,,,,,,,,,,,,,,,,,,,,,,,,,,,High,High,High,,,,,,,,,,,,,,,,,,,,,,,,,,,,,,,,,,,,
257,2026-03-24,18:34:03.33,6,4,"Moreno, Joseph",1000258853,Left,STM_GAE,"Libed, Nico",822297,Right,SAN_GAU,Undefined,7,Top,2,2,1,Fastball,Changeup,FoulBallNotFieldable,Undefined,Undefined,Undefined,0,0,,86.59768,-1.695242,2.281354,1881.797017,154.681523,11:15,6.09226,-0.97283,5.50451,-16.06434,22.38863,-9.91512,3.16632,0.33575,77.86786,-4.791831,0.51655,0.44631,73.87446,63.282941,143.280773,4281.679899,,,,,25.43035,,,5.75028,12.25587,0.78041,50,5.93387,-4.56462,-125.38123,-4.1564,9.00422,29.21052,-12.98287,STM_GAE,SAN_GAU,RonaldGallagherStad,D1,WCC,20260324-RonaldGallagherStad-1,b51c5740-27ea-11f1-b8ea-f9a2eeae71cc,84.45357,47.2181,,8.72981,,,,1.88275,3.31297,-0.32377,c9e67c30-a63b-4587-9ae4-a41912f8aeeb,2026-03-25,01:34:03.33,2026-03-24T18:34:03.3386496-07:00,2026-03-25T01:34:03.3386496Z,,v3,471428,471258,d6bb620095054923be50e712cd675082,"Armstrong, Ian",1000321869,Right,STM_GAE,d6229fbb-6f9c-4349-b727-8e2bd4cbca02,54.99388,-126.53932,14.60526,6.08846,-3.64167,-6.49143,0.96846,-4.9216,4.50211,352.498516,1.88275,-39.04641,-3.31676,1.99415,-0.57091,0.02864,0.30232,-0.44594,0.24293,3.31297,96.78142,-32.83295,4.72009,-1.00595,0.13364,0.15325,-0.25488,0.14031,-0.32377,29.12468,-0.8256,-0.17741,0.0897,-0.0154,-0.03204,0.05214,-0.02892,,,,,,,,,,,,,,,,,,,,,,,High,High,High,High,Undefined,,,,,,,,,,,,,,,,,,,,,,,,,,,,,,,,,,
258,2026-03-24,18:34:24.68,6,5,"Moreno, Joseph",1000258853,Left,STM_GAE,"Libed, Nico",822297,Right,SAN_GAU,Undefined,7,Top,2,2,2,ChangeUp,Changeup,BallCalled,Undefined,Undefined,Undefined,0,0,,77.8573,-0.23185,0.511864,1415.19549,93.737607,9:00,6.04239,-1.06242,5.28782,-45.1405,3.01103,-18.13284,2.06295,-2.09281,70.1821,-8.503398,-2.712304,0.499432,,,,,,,,,,,,9.16646,2.17083,1.02923,50,5.98895,-0.26285,-112.76134,-1.98772,11.53464,24.83671,-29.4424,STM_GAE,SAN_GAU,RonaldGallagherStad,D1,WCC,20260324-RonaldGallagherStad-1,c1dc0b10-27ea-11f1-b8ea-f9a2eeae71cc,75.47062,,,7.67519,,,,,,,c9e67c30-a63b-4587-9ae4-a41912f8aeeb,2026-03-25,01:34:24.68,2026-03-24T18:34:24.6862336-07:00,2026-03-25T01:34:24.6862336Z,,v3,471428,471258,d6bb620095054923be50e712cd675082,"Armstrong, Ian",1000321869,Right,STM_GAE,37eb98e5-0981-47b7-9d5d-cf43b621e02e,55.20991,-113.90308,12.41836,6.04922,-0.63424,-14.7212,1.0535,-0.7931,5.76732,,,,,,,,,,,,,,,,,,,,,,,,,,,,,,,,,,,,,,,,,,,,,,,,,,,High,High,High,,,,,,,,,,,,,,,,,,,,,,,,,,,,,,,,,,,,
259,2026-03-24,18:34:42.92,6,6,"Moreno, Joseph",1000258853,Left,STM_GAE,"Libed, Nico",822297,Right,SAN_GAU,Undefined,7,Top,2,3,2,ChangeUp,Changeup,BallCalled,Walk,Undefined,Undefined,0,1,,78.97942,-1.297128,1.577834,1425.235869,91.365845,9:00,5.99046,-1.11835,5.4283,-44.31302,2.25784,-20.51127,1.08214,-1.34944,71.33022,-9.412721,-2.081181,0.491166,,,,,,,,,,,,10.87737,2.08331,0.99318,50,5.84494,-2.33154,-114.39279,-4.0775,14.07915,25.66063,-29.47753,STM_GAE,SAN_GAU,RonaldGallagherStad,D1,WCC,20260324-RonaldGallagherStad-1,ccbbdb50-27ea-11f1-b8ea-f9a2eeae71cc,76.74069,,,7.6492,,,,,,,c9e67c30-a63b-4587-9ae4-a41912f8aeeb,2026-03-25,01:34:42.92,2026-03-24T18:34:42.9250560-07:00,2026-03-25T01:34:42.9250560Z,,v3,471428,471258,d6bb620095054923be50e712cd675082,"Armstrong, Ian",1000321869,Right,STM_GAE,0d6f047b-2fb2-41b6-8770-fb95c688985f,55.07184,-115.5249,12.83032,5.99615,-2.77699,-14.73877,1.10974,-2.95269,7.03957,,,,,,,,,,,,,,,,,,,,,,,,,,,,,,,,,,,,,,,,,,,,,,,,,,,High,High,High,,,,,,,,,,,,,,,,,,,,,,,,,,,,,,,,,,,,
260,2026-03-24,18:35:17.06,7,1,"Moreno, Joseph",1000258853,Left,STM_GAE,"Kosciusko, Cole",1000364960,Left,SAN_GAU,Undefined,7,Top,2,0,0,Slider,Curveball,StrikeCalled,Undefined,Undefined,Undefined,0,0,,71.95769,1.859845,0.345917,2532.388909,320.782062,4:45,6.13997,-0.70621,4.96818,-62.73271,-6.1467,6.62796,2.66978,0.17289,65.50581,-9.484838,1.517234,0.54141,,,,,,,,,,,,-3.15043,-2.99532,0.66708,50,6.26859,-0.88624,-104.25272,1.27828,-3.41999,19.75571,-35.42563,STM_GAE,SAN_GAU,RonaldGallagherStad,D1,WCC,20260324-RonaldGallagherStad-1,e11c8810-27ea-11f1-b8ea-f9a2eeae71cc,69.61908,,,6.45188,,,,,,,c9e67c30-a63b-4587-9ae4-a41912f8aeeb,2026-03-25,01:35:17.06,2026-03-24T18:35:17.0645504-07:00,2026-03-25T01:35:17.0645504Z,,v3,471428,471258,d6bb620095054923be50e712cd675082,"Armstrong, Ian",1000321869,Right,STM_GAE,cd4a0e4b-4e51-4385-be70-695095aef2d8,55.5329,-105.29597,9.87785,6.15169,3.14903,-17.71282,0.70911,-0.70564,-1.71,,,,,,,,,,,,,,,,,,,,,,,,,,,,,,,,,,,,,,,,,,,,,,,,,,,High,High,High,,,,,,,,,,,,,,,,,,,,,,,,,,,,,,,,,,,,
261,2026-03-24,18:35:34.07,7,2,"Moreno, Joseph",1000258853,Left,STM_GAE,"Kosciusko, Cole",1000364960,Left,SAN_GAU,Undefined,7,Top,2,0,1,Fastball,Four-Seam,StrikeCalled,Undefined,Undefined,Undefined,0,0,,87.64378,-2.356505,2.579496,2260.700544,146.142288,10:45,6.1629,-0.64809,5.45832,-20.35926,17.37383,-10.69489,2.25692,0.87694,78.77555,-6.202248,0.677159,0.442112,,,,,,,,,,,,6.20851,9.92134,0.42804,50,5.94142,-5.23074,-126.76095,-5.86475,9.92029,30.25398,-16.32118,STM_GAE,SAN_GAU,RonaldGallagherStad,D1,WCC,20260324-RonaldGallagherStad-1,eb2f6b60-27ea-11f1-b8ea-f9a2eeae71cc,85.25532,,,8.86823,,,,,,,c9e67c30-a63b-4587-9ae4-a41912f8aeeb,2026-03-25,01:35:34.07,2026-03-24T18:35:34.0741120-07:00,2026-03-25T01:35:34.0741120Z,,v3,471428,471258,d6bb620095054923be50e712cd675082,"Armstrong, Ian",1000321869,Right,STM_GAE,c337a234-b725-4a46-8798-ab16488966ea,55.03866,-127.95787,15.12699,6.16068,-5.21904,-8.16059,0.64275,-5.62321,4.96014,,,,,,,,,,,,,,,,,,,,,,,,,,,,,,,,,,,,,,,,,,,,,,,,,,,High,High,High,,,,,,,,,,,,,,,,,,,,,,,,,,,,,,,,,,,,
262,2026-03-24,18:35:55.41,7,3,"Moreno, Joseph",1000258853,Left,STM_GAE,"Kosciusko, Cole",1000364960,Left,SAN_GAU,Undefined,7,Top,2,0,2,Slider,Curveball,StrikeSwinging,Strikeout,Undefined,Undefined,0,0,,75.98581,-1.071655,1.368591,2711.932224,308.154511,4:15,6.20897,-0.84517,4.85224,-56.9055,-5.30366,9.27024,0.45195,1.2232,68.79166,-11.30457,3.006527,0.517016,,,,,,,,,,,,-4.15429,-1.85917,0.70147,50,6.05426,-2.99324,-109.94534,-4.0524,-4.9448,24.499,-34.38701,STM_GAE,SAN_GAU,RonaldGallagherStad,D1,WCC,20260324-RonaldGallagherStad-1,f7f030a0-27ea-11f1-b8ea-f9a2eeae71cc,72.9038,,,7.19415,,,,,,,c9e67c30-a63b-4587-9ae4-a41912f8aeeb,2026-03-25,01:35:55.41,2026-03-24T18:35:55.4111488-07:00,2026-03-25T01:35:55.4111488Z,,v3,471428,471258,d6bb620095054923be50e712cd675082,"Armstrong, Ian",1000321869,Right,STM_GAE,719effc9-1ea7-49ff-b77b-49ae9d0f3a97,55.64966,-111.19712,12.2495,6.21643,-2.29539,-17.1935,0.84796,-2.74059,-2.4724,,,,,,,,,,,,,,,,,,,,,,,,,,,,,,,,,,,,,,,,,,,,,,,,,,,High,High,High,,,,,,,,,,,,,,,,,,,,,,,,,,,,,,,,,,,,
263,2026-03-24,18:38:47.28,1,1,"Aber, Hudson",1000253482,Right,SAN_GAU,"Freschi, Dario",10282272,Left,STM_GAE,Undefined,7,Bottom,0,0,0,ChangeUp,Changeup,BallCalled,Undefined,Undefined,Undefined,0,0,,78.02969,1.8746,-2.173472,1594.330092,271.944435,3:00,5.84646,2.22239,6.17082,-45.05361,1.07165,17.19769,3.82533,1.64703,70.41007,-6.525112,0.928494,0.488811,,,,,,,,,,,,-9.47796,0.51933,-2.06563,50,5.96649,3.6485,-113.14316,2.34711,-12.08707,23.76144,-31.51174,STM_GAE,SAN_GAU,RonaldGallagherStad,D1,WCC,20260324-RonaldGallagherStad-1,5e6b1570-27eb-11f1-b8ea-f9a2eeae71cc,77.11047,,,7.61961,,,,,,,c9e67c30-a63b-4587-9ae4-a41912f8aeeb,2026-03-25,01:38:47.28,2026-03-24T18:38:47.2872960-07:00,2026-03-25T01:38:47.2872960Z,,v3,471428,471258,d6bb620095054923be50e712cd675082,"Libed, Nico",822297,Right,SAN_GAU,1bd10279-0c26-4bf3-adb9-bda260303102,54.32814,-114.0485,11.88072,5.85419,3.54775,-15.75587,-2.21342,4.10903,-6.04354,,,,,,,,,,,,,,,,,,,,,,,,,,,,,,,,,,,,,,,,,,,,,,,,,,,High,High,High,,,,,,,,,,,,,,,,,,,,,,,,,,,,,,,,,,,,
264,2026-03-24,18:39:09.88,1,2,"Aber, Hudson",1000253482,Right,SAN_GAU,"Freschi, Dario",10282272,Left,STM_GAE,Undefined,7,Bottom,0,1,0,Fastball,Four-Seam,StrikeCalled,Undefined,Undefined,Undefined,0,0,,90.29267,-3.068351,-3.431788,2165.897407,208.68145,1:00,6.05073,2.00524,5.66667,-17.89694,17.42836,8.80382,1.69035,-0.46491,81.23208,-6.468825,-1.861983,0.427774,,,,,,,,,,,,-5.60969,10.24292,-1.72061,50,5.77982,7.43679,-130.50225,-7.55779,-9.5037,31.97714,-14.82088,STM_GAE,SAN_GAU,RonaldGallagherStad,D1,WCC,20260324-RonaldGallagherStad-1,6bd8bc80-27eb-11f1-b8ea-f9a2eeae71cc,88.11301,,,9.06059,,,,,,,c9e67c30-a63b-4587-9ae4-a41912f8aeeb,2026-03-25,01:39:09.88,2026-03-24T18:39:09.8855936-07:00,2026-03-25T01:39:09.8855936Z,,v3,471428,471258,d6bb620095054923be50e712cd675082,"Libed, Nico",822297,Right,SAN_GAU,9fbef6dc-6b25-496b-bcc7-84794e01346d,54.83203,-131.68093,15.98857,6.04833,-7.01149,-7.41044,-2.00119,7.7871,-4.75185,,,,,,,,,,,,,,,,,,,,,,,,,,,,,,,,,,,,,,,,,,,,,,,,,,,High,High,High,,,,,,,,,,,,,,,,,,,,,,,,,,,,,,,,,,,,
265,2026-03-24,18:39:24.53,1,3,"Aber, Hudson",1000253482,Right,SAN_GAU,"Freschi, Dario",10282272,Left,STM_GAE,Undefined,7,Bottom,0,1,1,Fastball,Four-Seam,InPlay,Undefined,Popup,Out,1,0,,89.57858,-1.790371,-3.358283,2305.75468,192.475573,12:30,6.05673,2.11953,6.21427,-15.06863,20.15174,4.15878,3.14531,-0.6368,80.18493,-4.734892,-2.609561,0.427138,70.32136,56.732525,25.224119,,98.17944,98.7137,49.60631,174.26534,168.06571,26.946254,5.099899,-3.30536,11.43056,-1.86952,50,5.91473,7.43588,-129.65899,-4.4242,-5.50141,32.74304,-13.14915,STM_GAE,SAN_GAU,RonaldGallagherStad,D1,WCC,20260324-RonaldGallagherStad-1,7492c690-27eb-11f1-b8ea-f9a2eeae71cc,88.24413,101.93841,,9.39365,,,,0.96978,3.174,0.66471,c9e67c30-a63b-4587-9ae4-a41912f8aeeb,2026-03-25,01:39:24.53,2026-03-24T18:39:24.5336064-07:00,2026-03-25T01:39:24.5336064Z,Popup,v3,471428,471258,d6bb620095054923be50e712cd675082,"Libed, Nico",822297,Right,SAN_GAU,1e116a2c-d771-411b-89c1-6c1a23c51bd4,54.28322,-130.73617,16.37152,6.05316,-3.99162,-6.57458,-2.11712,7.61687,-2.75071,183.460395,0.97575,51.04627,-12.27933,2.8701,0.08292,-0.30125,0.09661,-0.01352,0.00072,3.16327,86.44024,-22.68973,2.8507,-0.9848,0.28304,-0.04456,0.00261,2E-05,0.66773,24.04374,-4.81374,0.97014,0.13462,-0.15672,0.04612,-0.0062,0.00032,,,,,,,,,,,,,,,,,,,,,,,High,High,High,High,Medium,,,,,,,,,,,,,,,,,,,,,,,,,,,,,,,,,,
266,2026-03-24,18:39:57.36,2,1,"Aber, Hudson",1000253482,Right,SAN_GAU,"Gutierrez, Brayden",1000279529,Right,STM_GAE,Undefined,7,Bottom,1,0,0,Slider,Slider,StrikeSwinging,Undefined,Undefined,Undefined,0,0,,81.21642,0.399101,-1.101509,2447.246433,75.382455,8:30,6.05,1.86551,5.24572,-44.88672,-1.17799,-10.08501,2.6846,-0.01023,74.11297,-7.770637,-2.89148,0.475834,,,,,,,,,,,,4.70201,-0.26831,-1.75654,50,6.0534,2.68691,-117.80378,-0.79647,6.55241,24.1226,-32.54793,STM_GAE,SAN_GAU,RonaldGallagherStad,D1,WCC,20260324-RonaldGallagherStad-1,882a08d0-27eb-11f1-b8ea-f9a2eeae71cc,79.21341,,,7.10346,,,,,,,c9e67c30-a63b-4587-9ae4-a41912f8aeeb,2026-03-25,01:39:57.36,2026-03-24T18:39:57.3627904-07:00,2026-03-25T01:39:57.3627904Z,,v3,471428,471258,d6bb620095054923be50e712cd675082,"Libed, Nico",822297,Right,SAN_GAU,9aae5301-5c5a-4c2f-875e-0605a7a77582,55.25514,-118.875,12.0613,6.05668,0.6489,-16.27396,-1.8694,2.39594,3.2762,,,,,,,,,,,,,,,,,,,,,,,,,,,,,,,,,,,,,,,,,,,,,,,,,,,High,High,High,,,,,,,,,,,,,,,,,,,,,,,,,,,,,,,,,,,,
267,2026-03-24,18:40:11.93,2,2,"Aber, Hudson",1000253482,Right,SAN_GAU,"Gutierrez, Brayden",1000279529,Right,STM_GAE,Undefined,7,Bottom,1,0,1,Fastball,Four-Seam,StrikeSwinging,Undefined,Undefined,Undefined,0,0,,91.26149,-1.575984,-2.332333,2377.836754,194.023994,12:30,6.09495,1.7383,6.18297,-14.25835,19.5195,4.56193,3.44985,-0.0365,81.97414,-4.359771,-1.510184,0.4183,,,,,,,,,,,,-3.09496,10.92103,-1.56417,50,5.96832,5.18603,-132.23401,-3.98432,-5.3851,32.75142,-13.17186,STM_GAE,SAN_GAU,RonaldGallagherStad,D1,WCC,20260324-RonaldGallagherStad-1,90c5dc80-27eb-11f1-b8ea-f9a2eeae71cc,90.10867,,,9.28735,,,,,,,c9e67c30-a63b-4587-9ae4-a41912f8aeeb,2026-03-25,01:40:11.93,2026-03-24T18:40:11.9303680-07:00,2026-03-25T01:40:11.9303680Z,,v3,471428,471258,d6bb620095054923be50e712cd675082,"Libed, Nico",822297,Right,SAN_GAU,83d85840-a0b0-4fbb-b322-87a4d5620403,54.31271,-133.29789,16.37571,6.0908,-3.55646,-6.58593,-1.73548,5.36095,-2.69255,,,,,,,,,,,,,,,,,,,,,,,,,,,,,,,,,,,,,,,,,,,,,,,,,,,High,High,High,,,,,,,,,,,,,,,,,,,,,,,,,,,,,,,,,,,,
268,2026-03-24,18:40:28.93,2,3,"Aber, Hudson",1000253482,Right,SAN_GAU,"Gutierrez, Brayden",1000279529,Right,STM_GAE,Undefined,7,Bottom,1,0,2,Fastball,Sinker,InPlay,Undefined,FlyBall,Out,1,0,,89.46782,-0.725023,-2.289889,2154.194095,224.140253,1:30,6.16053,1.63256,5.86807,-21.52446,13.80871,12.19446,3.69275,0.52047,80.86016,-4.792623,-0.103718,0.427822,92.50328,26.914402,-23.674526,1692.922366,99.98393,48.19128,-45.8606,328.88512,324.32531,-26.60017,4.077989,-6.97729,7.65174,-1.45425,50,6.08942,4.67073,-129.75171,-2.32507,-11.75068,30.21568,-19.28751,STM_GAE,SAN_GAU,RonaldGallagherStad,D1,WCC,20260324-RonaldGallagherStad-1,9ae717b0-27eb-11f1-b8ea-f9a2eeae71cc,88.10315,59.47204,,8.60766,,,,1.86651,3.7447,-0.49629,c9e67c30-a63b-4587-9ae4-a41912f8aeeb,2026-03-25,01:40:28.93,2026-03-24T18:40:28.9381376-07:00,2026-03-25T01:40:28.9381376Z,FlyBall,v3,471428,471258,d6bb620095054923be50e712cd675082,"Libed, Nico",822297,Right,SAN_GAU,c9c6a48e-a2e6-45bc-8805-3d50f57029ef,54.63202,-130.82594,15.10784,6.15989,-1.63936,-9.64376,-1.62773,5.08848,-5.87534,157.908177,1.8659,110.81054,-18.92439,4.48158,-1.09877,0.27208,-0.05499,0.0069,-0.00037,3.7456,61.3897,-19.05366,1.38343,-0.07797,-0.052,0.01835,-0.00218,8E-05,-0.49631,-48.57625,5.26955,-0.91425,0.15691,-0.03221,0.00752,-0.00113,7E-05,,,,,,,,,,,,,,,,,,,,,,,High,High,High,High,High,,,,,,,,,,,,,,,,,,,,,,,,,,,,,,,,,,
269,2026-03-24,18:41:00.89,3,1,"Aber, Hudson",1000253482,Right,SAN_GAU,"Mettam, Jared",703664,Right,STM_GAE,Undefined,7,Bottom,2,0,0,Fastball,Four-Seam,BallCalled,Undefined,Undefined,Undefined,0,0,,90.07387,-1.446027,-3.256505,2374.751612,188.148397,12:15,6.11832,1.72314,6.03738,-15.48965,19.30548,2.5848,3.48608,-1.08017,81.206,-4.439557,-2.792681,0.424552,,,,,,,,,,,,-2.3489,10.71296,-1.47002,50,5.99676,7.30878,-130.43491,-3.70004,-3.99207,30.8866,-13.96686,STM_GAE,SAN_GAU,RonaldGallagherStad,D1,WCC,20260324-RonaldGallagherStad-1,adf3a620-27eb-11f1-b8ea-f9a2eeae71cc,88.78171,,,8.86786,,,,,,,c9e67c30-a63b-4587-9ae4-a41912f8aeeb,2026-03-25,01:41:00.89,2026-03-24T18:41:00.8992256-07:00,2026-03-25T01:41:00.8992256Z,,v3,471428,471258,d6bb620095054923be50e712cd675082,"Libed, Nico",822297,Right,SAN_GAU,3a3425d5-0f92-4923-85ca-c47369eee0d9,54.45897,-131.48654,15.4433,6.11465,-3.22449,-6.98343,-1.72119,7.4447,-1.99604,,,,,,,,,,,,,,,,,,,,,,,,,,,,,,,,,,,,,,,,,,,,,,,,,,,High,High,High,,,,,,,,,,,,,,,,,,,,,,,,,,,,,,,,,,,,
270,2026-03-24,18:41:14.44,3,2,"Aber, Hudson",1000253482,Right,SAN_GAU,"Mettam, Jared",703664,Right,STM_GAE,Undefined,7,Bottom,2,1,0,Fastball,Four-Seam,InPlay,Undefined,LineDrive,Single,0,0,,90.35537,-2.572288,-3.043523,2311.990841,221.779265,1:30,6.03503,1.95218,6.03492,-18.76076,15.80591,13.00528,2.08467,0.21492,81.64257,-6.142516,-0.706097,0.423156,93.70057,6.54582,-6.1621,6992.575277,109.82467,4.1167,-6.20503,140.01972,140.01972,-2.37957,1.188905,-7.66099,9.31221,-1.72131,50,5.8237,6.40752,-130.85424,-6.44287,-13.10646,31.03903,-16.24266,STM_GAE,SAN_GAU,RonaldGallagherStad,D1,WCC,20260324-RonaldGallagherStad-1,b6201630-27eb-11f1-b8ea-f9a2eeae71cc,89.07462,6.10658,,8.7128,,,,0.88675,2.06328,-0.21413,c9e67c30-a63b-4587-9ae4-a41912f8aeeb,2026-03-25,01:41:14.44,2026-03-24T18:41:14.4405504-07:00,2026-03-25T01:41:14.4405504Z,GroundBall,v3,471428,471258,d6bb620095054923be50e712cd675082,"Libed, Nico",822297,Right,SAN_GAU,7aeed3cc-def3-4bea-be1f-e9f7585d873a,54.46467,-131.90902,15.51951,6.03326,-5.8909,-8.12133,-1.94662,6.85291,-6.55323,253.730263,0.88675,135.74253,-18.94069,3.21245,-0.60538,0.11366,-0.02897,0.0084,-0.0014,2.06328,15.66644,-15.65101,0.98963,-0.14032,0.01303,0.01765,-0.01236,0.00286,-0.21413,-14.65541,11.03063,-2.93037,0.74708,-0.20927,0.09409,-0.04094,0.00839,,,,,,,,,,,,,,,,,,,,,,,High,High,High,High,High,,,,,,,,,,,,,,,,,,,,,,,,,,,,,,,,,,
271,2026-03-24,18:42:02.30,4,1,"Aber, Hudson",1000253482,Right,SAN_GAU,"Griffith, Tanner",1000125250,Left,STM_GAE,Undefined,7,Bottom,2,0,0,Fastball,Four-Seam,BallCalled,Undefined,Undefined,Undefined,0,0,,90.43063,-2.239029,-4.980912,2342.623394,217.625661,1:15,6.16753,2.05651,5.80191,-21.63092,13.05965,9.16512,2.2735,-1.82414,82.32838,-6.284696,-3.347912,0.423913,,,,,,,,,,,,-6.11048,7.66008,-1.65176,50,5.96998,10.99283,-130.72373,-5.84101,-10.52875,28.64929,-18.97524,STM_GAE,SAN_GAU,RonaldGallagherStad,D1,WCC,20260324-RonaldGallagherStad-1,d2a0d6f0-27eb-11f1-b8ea-f9a2eeae71cc,88.91544,,,8.10225,,,,,,,c9e67c30-a63b-4587-9ae4-a41912f8aeeb,2026-03-25,01:42:02.30,2026-03-24T18:42:02.3058944-07:00,2026-03-25T01:42:02.3058944Z,,v3,471428,471258,d6bb620095054923be50e712cd675082,"Libed, Nico",822297,Right,SAN_GAU,0b31722d-1b1d-42d6-a595-3ff302bc601c,54.69769,-131.74925,14.32465,6.1669,-5.16178,-9.48762,-2.052,11.36971,-5.26438,,,,,,,,,,,,,,,,,,,,,,,,,,,,,,,,,,,,,,,,,,,,,,,,,,,High,High,High,,,,,,,,,,,,,,,,,,,,,,,,,,,,,,,,,,,,
272,2026-03-24,18:42:19.30,4,2,"Aber, Hudson",1000253482,Right,SAN_GAU,"Griffith, Tanner",1000125250,Left,STM_GAE,Undefined,7,Bottom,2,1,0,ChangeUp,Changeup,BallCalled,Undefined,Undefined,Undefined,0,0,,77.67678,2.764086,-0.55333,1515.026963,261.13627,2:45,5.94263,2.38254,6.0052,-42.85333,4.22945,15.93154,4.93468,3.19747,69.63872,-5.244169,2.310221,0.493858,,,,,,,,,,,,-8.2254,1.83217,-2.34694,50,6.13753,0.46943,-112.5101,4.13263,-10.32557,24.34474,-29.87408,STM_GAE,SAN_GAU,RonaldGallagherStad,D1,WCC,20260324-RonaldGallagherStad-1,dcc2fc80-27eb-11f1-b8ea-f9a2eeae71cc,76.32235,,,8.03805,,,,,,,c9e67c30-a63b-4587-9ae4-a41912f8aeeb,2026-03-25,01:42:19.30,2026-03-24T18:42:19.3040384-07:00,2026-03-25T01:42:19.3040384Z,,v3,471428,471258,d6bb620095054923be50e712cd675082,"Libed, Nico",822297,Right,SAN_GAU,1608773d-2ec2-4b54-bba2-707f85da60dc,54.49116,-113.47773,12.17237,5.94967,5.32003,-14.93704,-2.37376,0.87984,-5.16278,,,,,,,,,,,,,,,,,,,,,,,,,,,,,,,,,,,,,,,,,,,,,,,,,,,High,High,High,,,,,,,,,,,,,,,,,,,,,,,,,,,,,,,,,,,,
273,2026-03-24,18:42:37.39,4,3,"Aber, Hudson",1000253482,Right,SAN_GAU,"Griffith, Tanner",1000125250,Left,STM_GAE,Undefined,7,Bottom,2,2,0,Fastball,Four-Seam,StrikeCalled,Undefined,Undefined,Undefined,0,0,,89.04597,-1.729075,-2.445237,2319.346863,218.055709,1:15,6.13876,2.05718,5.92278,-22.73139,12.6295,8.97469,2.63798,0.53456,81.21618,-5.990232,-0.83447,0.42799,,,,,,,,,,,,-5.28898,7.32126,-1.86636,50,5.98733,5.13489,-129.16496,-4.63166,-8.90359,27.791,-19.84928,STM_GAE,SAN_GAU,RonaldGallagherStad,D1,WCC,20260324-RonaldGallagherStad-1,e776b3b0-27eb-11f1-b8ea-f9a2eeae71cc,88.0686,,,7.82978,,,,,,,c9e67c30-a63b-4587-9ae4-a41912f8aeeb,2026-03-25,01:42:37.39,2026-03-24T18:42:37.3971968-07:00,2026-03-25T01:42:37.3971968Z,,v3,471428,471258,d6bb620095054923be50e712cd675082,"Libed, Nico",822297,Right,SAN_GAU,75d6d2b6-4798-4d2a-889c-e5b06903a584,54.5768,-130.14598,13.8955,6.13846,-3.93098,-9.92464,-2.05316,5.44918,-4.45179,,,,,,,,,,,,,,,,,,,,,,,,,,,,,,,,,,,,,,,,,,,,,,,,,,,High,High,High,,,,,,,,,,,,,,,,,,,,,,,,,,,,,,,,,,,,
274,2026-03-24,18:42:56.14,4,4,"Aber, Hudson",1000253482,Right,SAN_GAU,"Griffith, Tanner",1000125250,Left,STM_GAE,Undefined,7,Bottom,2,2,1,Fastball,Four-Seam,StrikeSwinging,Undefined,Undefined,Undefined,0,0,,89.696,-1.349087,-3.238362,2397.132066,217.983724,1:15,6.04006,1.93737,6.02599,-22.13804,12.57142,8.93189,2.9435,-0.32081,81.81854,-5.509874,-1.634296,0.424029,,,,,,,,,,,,-5.49063,7.19138,-1.68838,50,5.92229,6.98028,-130.07163,-3.76765,-9.38484,27.86883,-19.8822,STM_GAE,SAN_GAU,RonaldGallagherStad,D1,WCC,20260324-RonaldGallagherStad-1,f2ad5680-27eb-11f1-b8ea-f9a2eeae71cc,88.89123,,,7.87746,,,,,,,c9e67c30-a63b-4587-9ae4-a41912f8aeeb,2026-03-25,01:42:56.14,2026-03-24T18:42:56.1400320-07:00,2026-03-25T01:42:56.1400320Z,,v3,471428,471258,d6bb620095054923be50e712cd675082,"Libed, Nico",822297,Right,SAN_GAU,9f74767e-bae3-404e-b9dd-2cfd12a1f466,54.47337,-131.02659,13.93442,6.03972,-3.08637,-9.9411,-1.93308,7.30185,-4.69242,,,,,,,,,,,,,,,,,,,,,,,,,,,,,,,,,,,,,,,,,,,,,,,,,,,High,High,High,,,,,,,,,,,,,,,,,,,,,,,,,,,,,,,,,,,,
275,2026-03-24,18:43:32.98,4,5,"Aber, Hudson",1000253482,Right,SAN_GAU,"Griffith, Tanner",1000125250,Left,STM_GAE,Undefined,7,Bottom,2,2,2,Fastball,Four-Seam,StrikeSwinging,Strikeout,Undefined,Undefined,0,0,,89.6989,-1.657316,-2.500529,2321.050363,199.115336,12:45,6.14641,2.08167,5.96411,-17.3954,17.77493,5.71721,3.15814,0.23799,80.84563,-4.992015,-1.474397,0.426835,,,,,,,,,,,,-3.69398,9.98209,-1.88618,50,6.00506,5.42261,-129.93722,-4.25029,-6.22666,30.79721,-15.34803,STM_GAE,SAN_GAU,RonaldGallagherStad,D1,WCC,20260324-RonaldGallagherStad-1,08a54510-27ec-11f1-b8ea-f9a2eeae71cc,88.3069,,,8.85327,,,,,,,c9e67c30-a63b-4587-9ae4-a41912f8aeeb,2026-03-25,01:43:32.98,2026-03-24T18:43:32.9805312-07:00,2026-03-25T01:43:32.9805312Z,,v3,471428,471258,d6bb620095054923be50e712cd675082,"Libed, Nico",822297,Right,SAN_GAU,0b7b3d66-bd63-48a8-a42b-1cc5c689dae9,54.53192,-131.00695,15.39861,6.14344,-3.71718,-7.67402,-2.07829,5.63889,-3.11333,,,,,,,,,,,,,,,,,,,,,,,,,,,,,,,,,,,,,,,,,,,,,,,,,,,High,High,High,,,,,,,,,,,,,,,,,,,,,,,,,,,,,,,,,,,,
276,2026-03-24,18:46:28.33,1,1,"Johnson, Maxwell",10277044,Right,STM_GAE,"Stagg, Max",1000435060,Right,SAN_GAU,Undefined,8,Top,0,0,0,Fastball,Sinker,FoulBallNotFieldable,Undefined,Undefined,Undefined,0,0,,90.60927,-0.731993,-2.479029,2183.656491,232.324706,1:45,5.50991,2.03306,5.37125,-23.88686,11.33016,13.02402,2.83234,0.79259,81.66416,-5.185053,-0.165648,0.427118,71.36219,44.973722,164.833055,4325.954262,,,,,47.91146,,,-7.36115,6.28296,-1.82037,50,5.42767,5.08663,-131.24118,-2.53688,-12.65115,31.56402,-21.37589,STM_GAE,SAN_GAU,RonaldGallagherStad,D1,WCC,20260324-RonaldGallagherStad-1,71234ce0-27ec-11f1-b8ea-f9a2eeae71cc,88.24832,42.02244,,8.94511,,,,1.96339,2.98489,-0.78934,c9e67c30-a63b-4587-9ae4-a41912f8aeeb,2026-03-25,01:46:28.33,2026-03-24T18:46:28.3386880-07:00,2026-03-25T01:46:28.3386880Z,,v3,471428,471258,d6bb620095054923be50e712cd675082,"Armstrong, Ian",1000321869,Right,STM_GAE,56fcc0f7-7cfd-435f-84af-8571d503b442,55.12853,-132.46887,15.78201,5.51018,-1.70546,-10.68795,-2.02779,5.5787,-6.32557,323.172323,1.96339,-71.46414,3.42757,0.43601,0.72605,-2.86187,4.80655,-3.92615,1.25941,2.98489,73.9745,-29.02817,3.41669,0.26133,-2.97938,4.99323,-3.97475,1.23808,-0.78933,19.3716,-7.95846,1.70948,0.5118,-2.76257,4.59152,-3.68652,1.16051,,,,,,,,,,,,,,,,,,,,,,,High,High,High,High,Undefined,,,,,,,,,,,,,,,,,,,,,,,,,,,,,,,,,,
277,2026-03-24,18:46:51.82,1,2,"Johnson, Maxwell",10277044,Right,STM_GAE,"Stagg, Max",1000435060,Right,SAN_GAU,Undefined,8,Top,0,0,1,Slider,Slider,StrikeCalled,Undefined,Undefined,Undefined,0,0,,80.80903,0.501831,-1.800523,2715.497619,84.302354,8:45,5.47588,2.03625,4.97906,-45.48353,-0.26283,-19.30391,2.15979,-1.27347,72.92624,-7.760559,-5.204556,0.483994,,,,,,,,,,,,8.89812,0.20571,-1.84597,50,5.48762,4.51409,-116.95505,-0.65408,12.05484,26.56026,-31.89537,STM_GAE,SAN_GAU,RonaldGallagherStad,D1,WCC,20260324-RonaldGallagherStad-1,7f2ce5d0-27ec-11f1-b8ea-f9a2eeae71cc,77.87791,,,7.8828,,,,,,,c9e67c30-a63b-4587-9ae4-a41912f8aeeb,2026-03-25,01:46:51.82,2026-03-24T18:46:51.8299648-07:00,2026-03-25T01:46:51.8299648Z,,v3,471428,471258,d6bb620095054923be50e712cd675082,"Armstrong, Ian",1000321869,Right,STM_GAE,3fa11f7a-34a9-4620-b217-983f210312be,55.52026,-118.20204,13.28013,5.48318,0.84339,-15.94769,-2.04462,3.94812,6.02742,,,,,,,,,,,,,,,,,,,,,,,,,,,,,,,,,,,,,,,,,,,,,,,,,,,High,High,High,,,,,,,,,,,,,,,,,,,,,,,,,,,,,,,,,,,,
278,2026-03-24,18:47:10.69,1,3,"Johnson, Maxwell",10277044,Right,STM_GAE,"Stagg, Max",1000435060,Right,SAN_GAU,Undefined,8,Top,0,0,2,Slider,Slider,BallCalled,Undefined,Undefined,Undefined,0,0,,81.65872,-0.419491,0.725581,2854.02849,87.374763,9:00,5.45469,2.03394,4.9352,-43.63317,0.81965,-19.48513,1.42205,1.09604,73.39968,-8.357651,-2.716802,0.479867,,,,,,,,,,,,9.9669,0.97063,-2.08715,50,5.37784,-0.65896,-118.20556,-2.47887,13.7397,27.92395,-30.83602,STM_GAE,SAN_GAU,RonaldGallagherStad,D1,WCC,20260324-RonaldGallagherStad-1,8a87b270-27ec-11f1-b8ea-f9a2eeae71cc,78.54765,,,8.25904,,,,,,,c9e67c30-a63b-4587-9ae4-a41912f8aeeb,2026-03-25,01:47:10.69,2026-03-24T18:47:10.6931712-07:00,2026-03-25T01:47:10.6931712Z,,v3,471428,471258,d6bb620095054923be50e712cd675082,"Armstrong, Ian",1000321869,Right,STM_GAE,21c1dea3-ed90-4abb-a921-50420b5cbace,55.56544,-119.51307,13.96198,5.46011,-1.03501,-15.41801,-2.04123,-1.3023,6.86985,,,,,,,,,,,,,,,,,,,,,,,,,,,,,,,,,,,,,,,,,,,,,,,,,,,High,High,High,,,,,,,,,,,,,,,,,,,,,,,,,,,,,,,,,,,,
279,2026-03-24,18:47:30.59,1,4,"Johnson, Maxwell",10277044,Right,STM_GAE,"Stagg, Max",1000435060,Right,SAN_GAU,Undefined,8,Top,0,1,2,Slider,Slider,InPlay,Undefined,Popup,Out,1,0,,79.1853,1.043015,0.636217,2842.81021,70.572512,8:15,5.45352,1.93725,5.05416,-53.01259,-6.16807,-22.36273,2.01969,0.67376,71.53677,-8.575212,-3.322869,0.492607,83.28663,61.103285,1.207452,,108.84888,135.39032,15.87127,162.79761,69.68469,9.767396,5.913254,11.38308,-2.99874,-1.97882,50,5.51039,-0.35058,-114.74076,0.17159,14.84961,25.47744,-36.086,STM_GAE,SAN_GAU,RonaldGallagherStad,D1,WCC,20260324-RonaldGallagherStad-1,964ed570-27ec-11f1-b8ea-f9a2eeae71cc,76.51624,141.06002,,7.64852,,,,2.17802,2.09141,-0.72153,c9e67c30-a63b-4587-9ae4-a41912f8aeeb,2026-03-25,01:47:30.59,2026-03-24T18:47:30.5976320-07:00,2026-03-25T01:47:30.5976320Z,Popup,v3,471428,471258,d6bb620095054923be50e712cd675082,"Armstrong, Ian",1000321869,Right,STM_GAE,b94d54ed-9c6f-42f9-b905-0212833fd70d,55.44871,-115.9443,12.73872,5.46202,1.87627,-18.043,-1.94569,-1.05207,7.42481,187.951232,2.18714,58.85074,-17.79756,4.37147,-0.31677,-0.15616,0.05384,-0.00689,0.00032,2.07497,107.19716,-25.93644,3.42541,-0.98282,0.24348,-0.03758,0.00285,-7E-05,-0.71911,1.20519,3.13613,-1.25366,0.32442,-0.05512,0.00493,-0.0001,-1E-05,,,,,,,,,,,,,,,,,,,,,,,High,High,High,Medium,Low,,,,,,,,,,,,,,,,,,,,,,,,,,,,,,,,,,
280,2026-03-24,18:48:05.59,2,1,"Johnson, Maxwell",10277044,Right,STM_GAE,"Karliner, Noah",809626,Right,SAN_GAU,Undefined,8,Top,1,0,0,Fastball,Sinker,StrikeCalled,Undefined,Undefined,Undefined,0,0,,91.61832,-1.331405,-4.523114,2243.089492,231.073479,1:45,5.5343,1.97716,5.53035,-21.07525,13.14249,14.78284,2.52928,-1.02809,82.87568,-5.279151,-1.898713,0.421014,,,,,,,,,,,,-8.80063,7.38252,-1.59336,50,5.40447,9.79747,-132.48321,-3.8162,-15.50598,30.59096,-19.16667,STM_GAE,SAN_GAU,RonaldGallagherStad,D1,WCC,20260324-RonaldGallagherStad-1,ab3023e0-27ec-11f1-b8ea-f9a2eeae71cc,89.52767,,,8.74265,,,,,,,c9e67c30-a63b-4587-9ae4-a41912f8aeeb,2026-03-25,01:48:05.59,2026-03-24T18:48:05.5916544-07:00,2026-03-25T01:48:05.5916544Z,,v3,471428,471258,d6bb620095054923be50e712cd675082,"Armstrong, Ian",1000321869,Right,STM_GAE,39061a01-23cc-4c74-a8b9-8472220538f0,54.96889,-133.62562,15.29548,5.53362,-3.10042,-9.58333,-1.97006,10.37654,-7.75299,,,,,,,,,,,,,,,,,,,,,,,,,,,,,,,,,,,,,,,,,,,,,,,,,,,High,High,High,,,,,,,,,,,,,,,,,,,,,,,,,,,,,,,,,,,,
281,2026-03-24,18:48:22.23,2,2,"Johnson, Maxwell",10277044,Right,STM_GAE,"Karliner, Noah",809626,Right,SAN_GAU,Undefined,8,Top,1,0,1,Slider,Slider,StrikeSwinging,Undefined,Undefined,Undefined,0,0,,80.59792,0.162914,-1.781148,2954.228041,82.939376,8:45,5.40186,2.09879,4.80278,-46.45467,-0.91717,-20.35686,1.68508,-1.28584,73.16448,-8.222231,-5.360296,0.485686,,,,,,,,,,,,9.44949,-0.05681,-1.90263,50,5.37797,4.51064,-116.70436,-1.41295,12.80703,25.50709,-32.25105,STM_GAE,SAN_GAU,RonaldGallagherStad,D1,WCC,20260324-RonaldGallagherStad-1,b5136bb0-27ec-11f1-b8ea-f9a2eeae71cc,77.60655,,,7.43344,,,,,,,c9e67c30-a63b-4587-9ae4-a41912f8aeeb,2026-03-25,01:48:22.23,2026-03-24T18:48:22.2338048-07:00,2026-03-25T01:48:22.2338048Z,,v3,471428,471258,d6bb620095054923be50e712cd675082,"Armstrong, Ian",1000321869,Right,STM_GAE,e1b51d2c-dfd7-4907-a7e8-ee4381a5c7ae,55.69842,-117.94324,12.75354,5.40855,0.15349,-16.12553,-2.1066,3.8886,6.40352,,,,,,,,,,,,,,,,,,,,,,,,,,,,,,,,,,,,,,,,,,,,,,,,,,,High,High,High,,,,,,,,,,,,,,,,,,,,,,,,,,,,,,,,,,,,
282,2026-03-24,18:48:40.05,2,3,"Johnson, Maxwell",10277044,Right,STM_GAE,"Karliner, Noah",809626,Right,SAN_GAU,Undefined,8,Top,1,0,2,Slider,Slider,BallCalled,Undefined,Undefined,Undefined,0,0,,81.75865,-0.58812,-2.110179,2889.756688,95.711359,9:15,5.51924,1.87179,5.15814,-40.41939,3.56831,-19.20509,1.59695,-1.7159,73.71786,-7.965218,-5.507121,0.47735,,,,,,,,,,,,8.83174,2.4563,-1.65925,50,5.43375,5.17863,-118.30954,-2.6599,12.21451,27.67025,-28.77693,STM_GAE,SAN_GAU,RonaldGallagherStad,D1,WCC,20260324-RonaldGallagherStad-1,bfb26260-27ec-11f1-b8ea-f9a2eeae71cc,78.96181,,,8.04078,,,,,,,c9e67c30-a63b-4587-9ae4-a41912f8aeeb,2026-03-25,01:48:40.05,2026-03-24T18:48:40.0524288-07:00,2026-03-25T01:48:40.0524288Z,,v3,471428,471258,d6bb620095054923be50e712cd675082,"Armstrong, Ian",1000321869,Right,STM_GAE,49b157b5-06c8-4bd7-8b24-09a6843462ef,55.34088,-119.55214,13.83513,5.52419,-1.3676,-14.38847,-1.87949,4.6301,6.10726,,,,,,,,,,,,,,,,,,,,,,,,,,,,,,,,,,,,,,,,,,,,,,,,,,,High,High,High,,,,,,,,,,,,,,,,,,,,,,,,,,,,,,,,,,,,
283,2026-03-24,18:49:00.16,2,4,"Johnson, Maxwell",10277044,Right,STM_GAE,"Karliner, Noah",809626,Right,SAN_GAU,Undefined,8,Top,1,1,2,Slider,Slider,FoulBallNotFieldable,Undefined,Undefined,Undefined,0,0,,80.81007,0.365727,-0.957959,2933.049239,73.284505,8:30,5.4704,1.92886,4.77492,-50.2155,-4.60957,-21.018,1.63254,-0.73088,72.9059,-8.695423,-4.657205,0.486051,60.44665,39.020198,46.3915,5632.036763,66.41936,38.49981,87.68383,165.75604,146.50192,56.105713,3.104602,10.05193,-1.96902,-1.81328,50,5.46299,2.86832,-116.97969,-1.16327,13.58958,27.0741,-34.83602,STM_GAE,SAN_GAU,RonaldGallagherStad,D1,WCC,20260324-RonaldGallagherStad-1,cba74c20-27ec-11f1-b8ea-f9a2eeae71cc,77.54828,41.04551,,7.90417,,,,2.39874,1.78804,0.61243,c9e67c30-a63b-4587-9ae4-a41912f8aeeb,2026-03-25,01:49:00.16,2026-03-24T18:49:00.1603584-07:00,2026-03-25T01:49:00.1603584Z,Popup,v3,471428,471258,d6bb620095054923be50e712cd675082,"Armstrong, Ian",1000321869,Right,STM_GAE,5461d6ce-2536-46d8-b2fb-5ccfa5511af1,55.72667,-118.29766,13.53705,5.47834,0.53256,-17.41801,-1.93681,2.20678,6.79479,236.242549,2.39871,47.50918,-10.79934,2.95065,-0.77546,0.22124,-0.06749,0.01252,-0.0009,1.78802,55.8174,-22.10462,1.9788,-0.3602,0.08016,-0.02838,0.00851,-0.00106,0.61196,49.89192,-1.50997,-0.14031,-0.31736,0.37985,-0.18157,0.04187,-0.00383,,,,,,,,,,,,,,,,,,,,,,,High,High,High,High,Medium,,,,,,,,,,,,,,,,,,,,,,,,,,,,,,,,,,
284,2026-03-24,18:49:26.72,2,5,"Johnson, Maxwell",10277044,Right,STM_GAE,"Karliner, Noah",809626,Right,SAN_GAU,Undefined,8,Top,1,1,2,Fastball,Four-Seam,BallCalled,Undefined,Undefined,Undefined,0,0,,90.95865,-0.724507,-5.357724,2298.599151,216.437203,1:15,5.52426,1.79213,5.85732,-20.40206,14.1465,9.5117,3.14795,-2.40778,81.82198,-4.585779,-3.663965,0.423045,,,,,,,,,,,,-6.52024,7.80693,-1.36124,50,5.45343,11.89081,-131.35023,-2.31132,-11.231,31.47067,-18.72674,STM_GAE,SAN_GAU,RonaldGallagherStad,D1,WCC,20260324-RonaldGallagherStad-1,db7885b0-27ec-11f1-b8ea-f9a2eeae71cc,89.09796,,,9.13667,,,,,,,c9e67c30-a63b-4587-9ae4-a41912f8aeeb,2026-03-25,01:49:26.72,2026-03-24T18:49:26.7276800-07:00,2026-03-25T01:49:26.7276800Z,,v3,471428,471258,d6bb620095054923be50e712cd675082,"Armstrong, Ian",1000321869,Right,STM_GAE,1c2eceed-5ec7-432d-8bcf-4da43dbc9983,54.63955,-132.45717,15.73534,5.52315,-1.65263,-9.36337,-1.78643,12.28585,-5.6155,,,,,,,,,,,,,,,,,,,,,,,,,,,,,,,,,,,,,,,,,,,,,,,,,,,High,High,High,,,,,,,,,,,,,,,,,,,,,,,,,,,,,,,,,,,,
285,2026-03-24,18:49:44.75,2,6,"Johnson, Maxwell",10277044,Right,STM_GAE,"Karliner, Noah",809626,Right,SAN_GAU,Undefined,8,Top,1,2,2,Slider,Slider,InPlay,Undefined,FlyBall,HomeRun,0,1,,80.07287,0.958917,-0.458126,2815.350488,85.194775,8:45,5.44616,1.97022,4.81799,-46.16806,-0.03417,-20.19808,2.50729,-0.14693,72.36011,-7.414401,-4.013352,0.488856,110.24337,27.292827,-23.003852,2361.945136,100.99635,54.13968,-43.58553,407.2629,378.12455,-27.104753,5.040809,9.8404,0.09287,-1.90603,50,5.50167,1.79202,-115.9688,0.23129,13.15142,25.45326,-32.04994,STM_GAE,SAN_GAU,RonaldGallagherStad,D1,WCC,20260324-RonaldGallagherStad-1,e643bc80-27ec-11f1-b8ea-f9a2eeae71cc,77.1033,86.25883,,7.71276,,,,2.17521,2.58015,0.10162,c9e67c30-a63b-4587-9ae4-a41912f8aeeb,2026-03-25,01:49:44.75,2026-03-24T18:49:44.7540736-07:00,2026-03-25T01:49:44.7540736Z,FlyBall,v3,471428,471258,d6bb620095054923be50e712cd675082,"Armstrong, Ian",1000321869,Right,STM_GAE,155fca57-b481-439c-bcee-79132b1bfafc,55.68335,-117.20956,12.72663,5.45231,1.79362,-16.02497,-1.97776,1.15093,6.57571,168.221478,2.1746,132.27514,-28.14106,7.15273,-1.75251,0.39299,-0.06646,0.00675,-0.0003,2.58259,74.08618,-18.69637,1.04327,0.15106,-0.13544,0.03403,-0.00386,0.00017,0.10175,-56.15557,9.26175,-2.40328,0.58629,-0.13093,0.02203,-0.00223,0.0001,,,,,,,,,,,,,,,,,,,,,,,High,High,High,High,Medium,,,,,,,,,,,,,,,,,,,,,,,,,,,,,,,,,,
286,2026-03-24,18:50:29.57,3,1,"Johnson, Maxwell",10277044,Right,STM_GAE,"Goldstein, Cade",1000435373,Left,SAN_GAU,Undefined,8,Top,1,0,0,Fastball,Four-Seam,StrikeCalled,Undefined,Undefined,Undefined,0,0,,90.37707,-1.493585,-4.024689,2356.865416,210.854308,1:00,5.51932,2.01447,5.73133,-18.28698,16.70339,9.22441,2.60064,-0.97129,81.50849,-4.969111,-2.380243,0.425741,,,,,,,,,,,,-5.93414,9.31662,-1.68399,50,5.38343,8.78631,-130.73346,-3.97809,-10.14107,30.79115,-16.25257,STM_GAE,SAN_GAU,RonaldGallagherStad,D1,WCC,20260324-RonaldGallagherStad-1,00efe450-27ed-11f1-b8ea-f9a2eeae71cc,88.53366,,,8.86858,,,,,,,c9e67c30-a63b-4587-9ae4-a41912f8aeeb,2026-03-25,01:50:29.57,2026-03-24T18:50:29.5760896-07:00,2026-03-25T01:50:29.5760896Z,,v3,471428,471258,d6bb620095054923be50e712cd675082,"Armstrong, Ian",1000321869,Right,STM_GAE,3624380f-943c-4ddd-9814-70a8d3408801,54.76661,-131.85134,15.39557,5.51715,-3.38803,-8.12628,-2.00967,9.15448,-5.07053,,,,,,,,,,,,,,,,,,,,,,,,,,,,,,,,,,,,,,,,,,,,,,,,,,,High,High,High,,,,,,,,,,,,,,,,,,,,,,,,,,,,,,,,,,,,
287,2026-03-24,18:50:49.33,3,2,"Johnson, Maxwell",10277044,Right,STM_GAE,"Goldstein, Cade",1000435373,Left,SAN_GAU,Undefined,8,Top,1,0,1,ChangeUp,Splitter,BallCalled,Undefined,Undefined,Undefined,0,0,,86.54843,-0.381996,-1.640325,959.623023,252.993222,2:30,5.5237,1.99781,5.2999,-32.61675,6.1717,15.5041,2.44685,1.74937,77.94673,-6.396968,1.113575,0.448252,,,,,,,,,,,,-8.25311,3.6439,-1.86022,50,5.46566,2.88909,-125.35933,-2.03373,-12.90325,29.48025,-26.47702,STM_GAE,SAN_GAU,RonaldGallagherStad,D1,WCC,20260324-RonaldGallagherStad-1,0cc7a920-27ed-11f1-b8ea-f9a2eeae71cc,84.08754,,,8.6017,,,,,,,c9e67c30-a63b-4587-9ae4-a41912f8aeeb,2026-03-25,01:50:49.33,2026-03-24T18:50:49.3358080-07:00,2026-03-25T01:50:49.3358080Z,,v3,471428,471258,d6bb620095054923be50e712cd675082,"Armstrong, Ian",1000321869,Right,STM_GAE,f57870c7-61aa-44a5-b26f-d1348902356c,55.19823,-126.57587,14.74013,5.52703,-0.94112,-13.23851,-1.99043,3.42157,-6.45163,,,,,,,,,,,,,,,,,,,,,,,,,,,,,,,,,,,,,,,,,,,,,,,,,,,High,High,High,,,,,,,,,,,,,,,,,,,,,,,,,,,,,,,,,,,,
288,2026-03-24,18:51:09.06,3,3,"Johnson, Maxwell",10277044,Right,STM_GAE,"Goldstein, Cade",1000435373,Left,SAN_GAU,Undefined,8,Top,1,1,1,Fastball,Sinker,BallCalled,Undefined,Undefined,Undefined,0,0,,90.42088,-0.017727,-3.919224,2385.111765,231.823428,1:45,5.60315,1.82862,5.7324,-22.79316,12.22658,13.91509,3.68717,-0.66749,81.2255,-4.311218,-1.437204,0.42592,,,,,,,,,,,,-8.25308,6.5854,-1.50968,50,5.58793,8.32631,-130.8142,-0.79904,-14.08343,31.51186,-20.93646,STM_GAE,SAN_GAU,RonaldGallagherStad,D1,WCC,20260324-RonaldGallagherStad-1,18777390-27ed-11f1-b8ea-f9a2eeae71cc,88.49654,,,9.19538,,,,,,,c9e67c30-a63b-4587-9ae4-a41912f8aeeb,2026-03-25,01:51:09.06,2026-03-24T18:51:09.0679808-07:00,2026-03-25T01:51:09.0679808Z,,v3,471428,471258,d6bb620095054923be50e712cd675082,"Armstrong, Ian",1000321869,Right,STM_GAE,cc680d85-0425-4c46-a57e-7d9f611e4ea4,54.76449,-131.95693,15.75593,5.60314,-0.03981,-10.46823,-1.82088,8.83702,-7.04171,,,,,,,,,,,,,,,,,,,,,,,,,,,,,,,,,,,,,,,,,,,,,,,,,,,High,High,High,,,,,,,,,,,,,,,,,,,,,,,,,,,,,,,,,,,,
289,2026-03-24,18:51:27.29,3,4,"Johnson, Maxwell",10277044,Right,STM_GAE,"Goldstein, Cade",1000435373,Left,SAN_GAU,Undefined,8,Top,1,2,1,Fastball,Four-Seam,BallCalled,Undefined,Undefined,Undefined,0,0,,90.69474,-1.405439,-4.771443,2413.798604,223.769114,1:30,5.4137,1.96611,5.62863,-23.19824,11.71772,10.02705,2.16426,-1.66093,81.92217,-5.739842,-2.989726,0.425288,,,,,,,,,,,,-6.74646,6.74347,-1.56581,50,5.27889,10.52579,-131.14475,-4.02374,-11.58473,31.36362,-20.59446,STM_GAE,SAN_GAU,RonaldGallagherStad,D1,WCC,20260324-RonaldGallagherStad-1,234e6a30-27ed-11f1-b8ea-f9a2eeae71cc,88.62797,,,8.77258,,,,,,,c9e67c30-a63b-4587-9ae4-a41912f8aeeb,2026-03-25,01:51:27.29,2026-03-24T18:51:27.2948224-07:00,2026-03-25T01:51:27.2948224Z,,v3,471428,471258,d6bb620095054923be50e712cd675082,"Armstrong, Ian",1000321869,Right,STM_GAE,60b7dfcf-a6b8-4410-bf5a-150a61a4ecf1,54.87453,-132.30537,15.68181,5.41369,-3.26164,-10.29723,-1.96326,10.95449,-5.79237,,,,,,,,,,,,,,,,,,,,,,,,,,,,,,,,,,,,,,,,,,,,,,,,,,,High,High,High,,,,,,,,,,,,,,,,,,,,,,,,,,,,,,,,,,,,
290,2026-03-24,18:51:47.36,3,5,"Johnson, Maxwell",10277044,Right,STM_GAE,"Goldstein, Cade",1000435373,Left,SAN_GAU,Undefined,8,Top,1,3,1,Fastball,Four-Seam,StrikeCalled,Undefined,Undefined,Undefined,0,0,,90.13235,-0.476527,-2.976942,2386.068351,224.254108,1:30,5.59282,1.98501,5.65308,-20.88281,14.3341,12.72969,3.40753,0.26676,81.18863,-4.420046,-0.706141,0.427117,,,,,,,,,,,,-7.35185,7.77437,-1.74056,50,5.53941,6.21183,-130.53827,-1.76827,-12.51565,30.91527,-18.93908,STM_GAE,SAN_GAU,RonaldGallagherStad,D1,WCC,20260324-RonaldGallagherStad-1,2f40e2f0-27ed-11f1-b8ea-f9a2eeae71cc,88.24845,,,8.94372,,,,,,,c9e67c30-a63b-4587-9ae4-a41912f8aeeb,2026-03-25,01:51:47.36,2026-03-24T18:51:47.3661952-07:00,2026-03-25T01:51:47.3661952Z,,v3,471428,471258,d6bb620095054923be50e712cd675082,"Armstrong, Ian",1000321869,Right,STM_GAE,499cc7d1-d3bd-49d3-8ac8-9208d3e70e26,54.84469,-131.68063,15.45764,5.59181,-1.06845,-9.46954,-1.97864,6.67431,-6.25783,,,,,,,,,,,,,,,,,,,,,,,,,,,,,,,,,,,,,,,,,,,,,,,,,,,High,High,High,,,,,,,,,,,,,,,,,,,,,,,,,,,,,,,,,,,,
291,2026-03-24,18:52:08.86,3,6,"Johnson, Maxwell",10277044,Right,STM_GAE,"Goldstein, Cade",1000435373,Left,SAN_GAU,Undefined,8,Top,1,3,2,Slider,Slider,FoulBallNotFieldable,Undefined,Undefined,Undefined,0,0,,80.04638,-0.053882,-0.25927,2724.900144,78.801522,8:45,5.48502,2.12036,4.9041,-48.5205,-2.25299,-20.20958,1.39068,0.19102,72.16383,-8.844456,-3.827214,0.489564,,,,,,,,,,,,9.92914,-0.6398,-2.07694,50,5.43918,1.38516,-115.89644,-1.89876,13.17022,26.66317,-33.02271,STM_GAE,SAN_GAU,RonaldGallagherStad,D1,WCC,20260324-RonaldGallagherStad-1,3c244b60-27ed-11f1-b8ea-f9a2eeae71cc,76.99185,,,7.88255,,,,,,,c9e67c30-a63b-4587-9ae4-a41912f8aeeb,2026-03-25,01:52:08.86,2026-03-24T18:52:08.8619008-07:00,2026-03-25T01:52:08.8619008Z,,v3,471428,471258,d6bb620095054923be50e712cd675082,"Armstrong, Ian",1000321869,Right,STM_GAE,cbee584a-05fe-4d09-9b5e-d92893b39a11,55.59675,-117.17695,13.33159,5.49229,-0.31282,-16.51136,-2.12827,0.75265,6.58511,,,,,,,,,,,,,,,,,,,,,,,,,,,,,,,,,,,,,,,,,,,,,,,,,,,High,High,High,,,,,,,,,,,,,,,,,,,,,,,,,,,,,,,,,,,,
292,2026-03-24,18:52:34.13,3,7,"Johnson, Maxwell",10277044,Right,STM_GAE,"Goldstein, Cade",1000435373,Left,SAN_GAU,Undefined,8,Top,1,3,2,Fastball,Four-Seam,FoulBallNotFieldable,Undefined,Undefined,Undefined,0,0,,89.88262,-0.806097,-3.683295,2364.781196,211.054842,1:00,5.53145,1.9137,5.86904,-21.93375,13.00324,7.11867,2.95324,-0.91928,81.5957,-4.930285,-2.410161,0.425416,65.50574,62.120318,62.573028,4326.7735,,,,134.62248,63.36929,71.871809,4.919901,-4.755,7.24087,-1.61924,50,5.4534,8.08181,-130.23798,-2.54381,-8.10898,29.1693,-19.82578,STM_GAE,SAN_GAU,RonaldGallagherStad,D1,WCC,20260324-RonaldGallagherStad-1,4b29f790-27ed-11f1-b8ea-f9a2eeae71cc,88.60131,97.19977,,8.28692,,,,1.87982,2.99306,0.89974,c9e67c30-a63b-4587-9ae4-a41912f8aeeb,2026-03-25,01:52:34.13,2026-03-24T18:52:34.1316608-07:00,2026-03-25T01:52:34.1316608Z,Popup,v3,471428,471258,d6bb620095054923be50e712cd675082,"Armstrong, Ian",1000321869,Right,STM_GAE,7b3bf6e7-9148-4488-8a80-eae5e95489b6,54.63125,-131.27114,14.58465,5.53106,-1.84159,-9.91289,-1.91058,8.36903,-4.05449,,1.88053,20.67436,-8.27934,2.33258,-0.19009,-0.11934,0.04884,-0.00741,0.00041,2.98979,84.98095,-22.45546,2.14901,-0.41615,0.03416,0.01282,-0.00401,0.00032,0.90205,39.82677,-7.63771,1.69102,-0.00327,-0.13175,0.04079,-0.00531,0.00026,,,,,,,,,,,,,,,,,,,,,,,High,High,High,High,Low,,,,,,,,,,,,,,,,,,,,,,,,,,,,,,,,,,
293,2026-03-24,18:53:05.80,3,8,"Johnson, Maxwell",10277044,Right,STM_GAE,"Goldstein, Cade",1000435373,Left,SAN_GAU,Undefined,8,Top,1,3,2,Fastball,Four-Seam,StrikeCalled,Strikeout,Undefined,Undefined,0,0,,89.70106,-1.565713,-3.747804,2280.469077,212.394834,1:00,5.4957,1.93926,5.77475,-21.17052,14.19898,8.2167,2.27101,-0.86857,81.15295,-5.5526,-2.280707,0.428041,,,,,,,,,,,,-5.35071,8.08426,-1.63421,50,5.35344,8.14932,-129.84675,-4.23657,-9.03518,29.96715,-18.52303,STM_GAE,SAN_GAU,RonaldGallagherStad,D1,WCC,20260324-RonaldGallagherStad-1,5e14a620-27ed-11f1-b8ea-f9a2eeae71cc,88.05791,,,8.54811,,,,,,,c9e67c30-a63b-4587-9ae4-a41912f8aeeb,2026-03-25,01:53:05.80,2026-03-24T18:53:05.8094592-07:00,2026-03-25T01:53:05.8094592Z,,v3,471428,471258,d6bb620095054923be50e712cd675082,"Armstrong, Ian",1000321869,Right,STM_GAE,9acca6a4-379f-4581-9bcb-561e30783706,54.72446,-130.93256,14.98357,5.49478,-3.56542,-9.26152,-1.93542,8.4767,-4.51759,,,,,,,,,,,,,,,,,,,,,,,,,,,,,,,,,,,,,,,,,,,,,,,,,,,High,High,High,,,,,,,,,,,,,,,,,,,,,,,,,,,,,,,,,,,,
294,2026-03-24,18:53:37.29,4,1,"Johnson, Maxwell",10277044,Right,STM_GAE,"Namie, Mitch",809621,Left,SAN_GAU,Undefined,8,Top,2,0,0,Fastball,Four-Seam,InPlay,Undefined,Bunt,Single,0,0,,89.6016,0.11878,-3.262331,2373.579897,212.523799,1:00,5.55594,1.9502,6.00192,-23.30588,11.81646,6.74796,3.72402,-0.51361,80.88249,-4.279262,-2.051796,0.426544,,,,,,,,,,,,-4.5289,6.39138,-1.69713,50,5.5526,7.12391,-129.87345,-0.46993,-7.63359,30.53581,-21.40124,STM_GAE,SAN_GAU,RonaldGallagherStad,D1,WCC,20260324-RonaldGallagherStad-1,70d33ba0-27ed-11f1-b8ea-f9a2eeae71cc,88.36716,,,8.71911,,,,,,,c9e67c30-a63b-4587-9ae4-a41912f8aeeb,2026-03-25,01:53:37.29,2026-03-24T18:53:37.2903424-07:00,2026-03-25T01:53:37.2903424Z,,v3,471428,471258,d6bb620095054923be50e712cd675082,"Armstrong, Ian",1000321869,Right,STM_GAE,06055e08-9dbc-4e66-96c0-ed0c4c930ee9,54.49854,-130.92687,15.26791,5.55608,0.26837,-10.70062,-1.94743,7.38725,-3.81679,,,,,,,,,,,,,,,,,,,,,,,,,,,,,,,,,,,,,,,,,,,,,,,,,,,High,High,High,,,,,,,,,,,,,,,,,,,,,,,,,,,,,,,,,,,,
295,2026-03-24,18:54:15.18,5,1,"Johnson, Maxwell",10277044,Right,STM_GAE,"Severns, Ryan",1000242454,Right,SAN_GAU,Undefined,8,Top,2,0,0,Fastball,Four-Seam,BallCalled,Undefined,Undefined,Undefined,0,0,,88.65746,-1.140019,-4.915781,2228.280386,216.520004,1:15,5.5839,1.87955,5.77804,-22.70671,13.61918,9.12615,2.62683,-1.94537,80.09616,-5.407325,-3.290705,0.43379,,,,,,,,,,,,-6.13508,7.6626,-1.47805,50,5.47592,10.61934,-128.12741,-3.28727,-10.08688,29.18277,-19.57574,STM_GAE,SAN_GAU,RonaldGallagherStad,D1,WCC,20260324-RonaldGallagherStad-1,87667fd0-27ed-11f1-b8ea-f9a2eeae71cc,86.89096,,,8.56131,,,,,,,c9e67c30-a63b-4587-9ae4-a41912f8aeeb,2026-03-25,01:54:15.18,2026-03-24T18:54:15.1897600-07:00,2026-03-25T01:54:15.1897600Z,,v3,471428,471258,d6bb620095054923be50e712cd675082,"Armstrong, Ian",1000321869,Right,STM_GAE,0cb32fb7-072e-4af7-a8ad-593f84105d34,54.71947,-129.19786,14.59138,5.58332,-2.56921,-9.78787,-1.87436,10.98933,-5.04344,,,,,,,,,,,,,,,,,,,,,,,,,,,,,,,,,,,,,,,,,,,,,,,,,,,High,High,High,,,,,,,,,,,,,,,,,,,,,,,,,,,,,,,,,,,,
296,2026-03-24,18:54:35.77,5,2,"Johnson, Maxwell",10277044,Right,STM_GAE,"Severns, Ryan",1000242454,Right,SAN_GAU,Undefined,8,Top,2,1,0,Fastball,Four-Seam,StrikeCalled,Undefined,Undefined,Undefined,0,0,,89.61343,-1.253462,-3.910258,2337.878574,214.370019,1:15,5.44407,1.93146,5.83697,-20.1045,15.35119,9.62107,2.60072,-0.90694,80.78499,-5.065065,-2.191124,0.428563,,,,,,,,,,,,-6.11012,8.59154,-1.61764,50,5.32993,8.43836,-129.66489,-3.4631,-10.26467,30.46315,-17.74072,STM_GAE,SAN_GAU,RonaldGallagherStad,D1,WCC,20260324-RonaldGallagherStad-1,93ab3740-27ed-11f1-b8ea-f9a2eeae71cc,87.95083,,,8.82844,,,,,,,c9e67c30-a63b-4587-9ae4-a41912f8aeeb,2026-03-25,01:54:35.77,2026-03-24T18:54:35.7702144-07:00,2026-03-25T01:54:35.7702144Z,,v3,471428,471258,d6bb620095054923be50e712cd675082,"Armstrong, Ian",1000321869,Right,STM_GAE,5b627515-d2a4-4ab8-b1cb-d840e099439e,54.66036,-130.75519,15.23158,5.44251,-2.82814,-8.87036,-1.92623,8.80575,-5.13234,,,,,,,,,,,,,,,,,,,,,,,,,,,,,,,,,,,,,,,,,,,,,,,,,,,High,High,High,,,,,,,,,,,,,,,,,,,,,,,,,,,,,,,,,,,,
297,2026-03-24,18:54:57.61,5,3,"Johnson, Maxwell",10277044,Right,STM_GAE,"Severns, Ryan",1000242454,Right,SAN_GAU,Undefined,8,Top,2,1,1,Slider,Slider,FoulBallNotFieldable,Undefined,Undefined,Undefined,0,0,,80.56163,0.817131,-1.352985,2739.026889,100.571934,9:15,5.45463,2.01408,4.9685,-40.3288,4.9663,-17.94501,2.86606,-0.75966,72.81012,-6.546151,-4.516197,0.484392,74.58251,65.752478,121.247456,4935.926939,,,,,38.67893,,,8.48465,2.62024,-1.86751,50,5.50093,3.51511,-116.67092,0.21929,11.4917,25.5094,-28.62518,STM_GAE,SAN_GAU,RonaldGallagherStad,D1,WCC,20260324-RonaldGallagherStad-1,a0bc6670-27ed-11f1-b8ea-f9a2eeae71cc,77.8139,70.71459,,7.75152,,,,2.95069,2.73733,0.5793,c9e67c30-a63b-4587-9ae4-a41912f8aeeb,2026-03-25,01:54:57.61,2026-03-24T18:54:57.6128512-07:00,2026-03-25T01:54:57.6128512Z,,v3,471428,471258,d6bb620095054923be50e712cd675082,"Armstrong, Ian",1000321869,Right,STM_GAE,c7899274-017e-45b5-af29-b81c10ac1ed5,55.53194,-117.87424,12.7547,5.45873,1.56959,-14.31259,-2.02054,2.97303,5.74585,337.984178,2.95069,-23.30325,-7.84459,4.0121,-1.24592,0.33468,-0.08361,0.01755,-0.00208,2.73733,99.73731,-32.03369,4.47125,-0.83275,0.13037,-0.02011,0.00254,-0.00024,0.5793,38.40641,-7.09428,1.53185,-0.28223,0.04464,-0.007,0.00078,-0.0001,,,,,,,,,,,,,,,,,,,,,,,High,High,High,High,Undefined,,,,,,,,,,,,,,,,,,,,,,,,,,,,,,,,,,
298,2026-03-24,18:55:24.53,5,4,"Johnson, Maxwell",10277044,Right,STM_GAE,"Severns, Ryan",1000242454,Right,SAN_GAU,Undefined,8,Top,2,1,2,Slider,Slider,BallCalled,Undefined,Undefined,Undefined,0,0,,80.41096,-0.111001,-2.782206,2804.698126,85.653976,8:45,5.45369,2.03631,4.85475,-45.59975,0.29032,-18.07564,1.54851,-2.10576,72.80137,-8.351647,-5.958399,0.487563,,,,,,,,,,,,8.00048,0.62937,-1.74517,50,5.4041,6.42569,-116.30417,-1.91058,10.72866,26.0759,-31.33004,STM_GAE,SAN_GAU,RonaldGallagherStad,D1,WCC,20260324-RonaldGallagherStad-1,b0c92260-27ed-11f1-b8ea-f9a2eeae71cc,77.30784,,,7.6096,,,,,,,c9e67c30-a63b-4587-9ae4-a41912f8aeeb,2026-03-25,01:55:24.53,2026-03-24T18:55:24.5390336-07:00,2026-03-25T01:55:24.5390336Z,,v3,471428,471258,d6bb620095054923be50e712cd675082,"Armstrong, Ian",1000321869,Right,STM_GAE,6f7bba37-e526-4afc-b6be-e0f9377f3b81,55.64566,-117.56314,13.03795,5.45983,-0.39794,-15.66502,-2.0429,5.9077,5.36433,,,,,,,,,,,,,,,,,,,,,,,,,,,,,,,,,,,,,,,,,,,,,,,,,,,High,High,High,,,,,,,,,,,,,,,,,,,,,,,,,,,,,,,,,,,,
299,2026-03-24,18:55:42.94,5,5,"Johnson, Maxwell",10277044,Right,STM_GAE,"Severns, Ryan",1000242454,Right,SAN_GAU,Undefined,8,Top,2,2,2,Fastball,Sinker,BallCalled,Undefined,Undefined,Undefined,0,0,,89.37676,-0.863105,-5.484769,2229.317594,223.069835,1:30,5.57863,1.79154,5.89161,-20.22659,15.71981,13.39871,3.08792,-2.20026,79.91809,-4.71852,-3.097045,0.431518,,,,,,,,,,,,-8.61808,8.69733,-1.35557,50,5.4973,11.7899,-128.97203,-2.55622,-14.22885,31.7677,-17.81433,STM_GAE,SAN_GAU,RonaldGallagherStad,D1,WCC,20260324-RonaldGallagherStad-1,bbb54eb0-27ed-11f1-b8ea-f9a2eeae71cc,87.34846,,,9.45867,,,,,,,c9e67c30-a63b-4587-9ae4-a41912f8aeeb,2026-03-25,01:55:42.94,2026-03-24T18:55:42.9405184-07:00,2026-03-25T01:55:42.9405184Z,,v3,471428,471258,d6bb620095054923be50e712cd675082,"Armstrong, Ian",1000321869,Right,STM_GAE,c31f61bc-2699-4702-b129-2ea7f4c0f64d,54.60462,-130.10127,15.88385,5.57691,-1.92298,-8.90717,-1.78365,12.29569,-7.11442,,,,,,,,,,,,,,,,,,,,,,,,,,,,,,,,,,,,,,,,,,,,,,,,,,,High,High,High,,,,,,,,,,,,,,,,,,,,,,,,,,,,,,,,,,,,
300,2026-03-24,18:56:04.78,5,6,"Johnson, Maxwell",10277044,Right,STM_GAE,"Severns, Ryan",1000242454,Right,SAN_GAU,Undefined,8,Top,2,3,2,Fastball,Four-Seam,BallCalled,Walk,Undefined,Undefined,0,0,,90.23946,-0.053404,-5.24013,2435.489481,219.333462,1:15,5.60872,1.80774,5.74343,-20.77088,14.35509,10.74091,3.82788,-2.18998,81.34484,-3.97391,-3.330957,0.426565,,,,,,,,,,,,-7.03248,7.66449,-1.37712,50,5.59174,11.4722,-130.36777,-0.78725,-11.97289,30.1547,-19.12515,STM_GAE,SAN_GAU,RonaldGallagherStad,D1,WCC,20260324-RonaldGallagherStad-1,c8c59380-27ed-11f1-b8ea-f9a2eeae71cc,88.36263,,,8.89462,,,,,,,c9e67c30-a63b-4587-9ae4-a41912f8aeeb,2026-03-25,01:56:04.78,2026-03-24T18:56:04.7847936-07:00,2026-03-25T01:56:04.7847936Z,,v3,471428,471258,d6bb620095054923be50e712cd675082,"Armstrong, Ian",1000321869,Right,STM_GAE,a1fc30c2-fd71-4ead-bd42-c69f8436f29c,54.754,-131.46279,15.07735,5.60771,-0.09275,-9.56258,-1.80161,11.90698,-5.98645,,,,,,,,,,,,,,,,,,,,,,,,,,,,,,,,,,,,,,,,,,,,,,,,,,,High,High,High,,,,,,,,,,,,,,,,,,,,,,,,,,,,,,,,,,,,
301,2026-03-24,18:57:02.29,6,1,"Johnson, Maxwell",10277044,Right,STM_GAE,"Nunez, Corey",1000069356,Right,SAN_GAU,Undefined,8,Top,2,0,0,Slider,Slider,InPlay,Undefined,Popup,Out,1,0,,79.15335,0.528516,-1.084692,2751.960751,89.314857,9:00,5.5298,1.96435,4.67444,-46.08916,1.55213,-18.24702,2.19112,-0.58656,71.3742,-7.815721,-4.287336,0.496779,83.10738,59.733916,27.316477,,88.31967,136.1086,65.57153,175.52628,74.21957,38.914889,5.855328,8.64012,1.0115,-1.83606,50,5.54217,2.94769,-114.54669,-0.64527,11.22587,25.5177,-30.85987,STM_GAE,SAN_GAU,RonaldGallagherStad,D1,WCC,20260324-RonaldGallagherStad-1,eb034af0-27ed-11f1-b8ea-f9a2eeae71cc,75.87369,137.35985,,7.77916,,,,2.35473,2.34385,0.51499,c9e67c30-a63b-4587-9ae4-a41912f8aeeb,2026-03-25,01:57:02.29,2026-03-24T18:57:02.2906368-07:00,2026-03-25T01:57:02.2906368Z,Popup,v3,471428,471258,d6bb620095054923be50e712cd675082,"Armstrong, Ian",1000321869,Right,STM_GAE,ad785c32-2f21-4f81-9d83-9c74ec603658,55.82631,-115.83735,12.75885,5.53533,0.9156,-15.42993,-1.9708,2.3799,5.61293,191.783523,2.36179,54.45593,-17.96237,4.67143,-0.47928,-0.11105,0.04702,-0.00634,0.00031,2.33169,105.46038,-25.53328,3.03464,-0.72819,0.14596,-0.01596,0.00035,4E-05,0.52064,28.09718,-3.62195,0.33857,0.19707,-0.10067,0.02097,-0.0021,8E-05,,,,,,,,,,,,,,,,,,,,,,,High,High,High,High,Low,,,,,,,,,,,,,,,,,,,,,,,,,,,,,,,,,,
302,2026-03-24,18:59:22.68,1,1,"Aber, Hudson",1000253482,Right,SAN_GAU,"Kashimoto, Cody",813806,Left,STM_GAE,Undefined,8,Bottom,0,0,0,Fastball,Four-Seam,BallCalled,Undefined,Undefined,Undefined,0,0,,88.56856,-4.091503,-3.757264,2459.422,214.161158,1:15,6.0799,1.95011,6.10092,-17.77438,18.28517,11.50497,0.79998,-0.57112,80.08545,-7.483947,-1.68954,0.432197,,,,,,,,,,,,-7.2004,11.1606,-1.66688,50,5.75474,7.94636,-128.00481,-9.66962,-11.77514,29.96297,-13.92257,STM_GAE,SAN_GAU,RonaldGallagherStad,D1,WCC,20260324-RonaldGallagherStad-1,3eb16970-27ee-11f1-b8ea-f9a2eeae71cc,87.21132,,,8.48311,,,,,,,c9e67c30-a63b-4587-9ae4-a41912f8aeeb,2026-03-25,01:59:22.68,2026-03-24T18:59:22.6874880-07:00,2026-03-25T01:59:22.6874880Z,,v3,471428,471258,d6bb620095054923be50e712cd675082,"Libed, Nico",822297,Right,SAN_GAU,7663bc80-59f1-4dc9-8568-22a374fd98da,54.40002,-129.03064,14.98149,6.07764,-9.19296,-6.96129,-1.94584,8.3495,-5.88757,,,,,,,,,,,,,,,,,,,,,,,,,,,,,,,,,,,,,,,,,,,,,,,,,,,High,High,High,,,,,,,,,,,,,,,,,,,,,,,,,,,,,,,,,,,,
303,2026-03-24,18:59:35.89,1,2,"Aber, Hudson",1000253482,Right,SAN_GAU,"Kashimoto, Cody",813806,Left,STM_GAE,Undefined,8,Bottom,0,1,0,Fastball,Four-Seam,BallCalled,Undefined,Undefined,Undefined,0,0,,88.50962,-0.774893,-3.236688,2420.864962,211.034942,1:00,6.06956,1.92416,6.49269,-21.21761,14.07217,7.7241,3.58887,-0.40672,80.04834,-4.830355,-1.837725,0.427559,,,,,,,,,,,,-5.0028,7.95835,-1.69989,50,6.00572,6.94685,-128.34805,-2.31968,-8.25203,29.33017,-19.04688,STM_GAE,SAN_GAU,RonaldGallagherStad,D1,WCC,20260324-RonaldGallagherStad-1,46911910-27ee-11f1-b8ea-f9a2eeae71cc,88.1573,,,8.46129,,,,,,,c9e67c30-a63b-4587-9ae4-a41912f8aeeb,2026-03-25,01:59:35.89,2026-03-24T18:59:35.8955520-07:00,2026-03-25T01:59:35.8955520Z,,v3,471428,471258,d6bb620095054923be50e712cd675082,"Libed, Nico",822297,Right,SAN_GAU,5d0ca263-6da8-43a6-8544-7d738966a9cb,54.00462,-129.25995,14.66509,6.06863,-1.7275,-9.52344,-1.91987,7.20342,-4.12601,,,,,,,,,,,,,,,,,,,,,,,,,,,,,,,,,,,,,,,,,,,,,,,,,,,High,High,High,,,,,,,,,,,,,,,,,,,,,,,,,,,,,,,,,,,,
304,2026-03-24,18:59:49.92,1,3,"Aber, Hudson",1000253482,Right,SAN_GAU,"Kashimoto, Cody",813806,Left,STM_GAE,Undefined,8,Bottom,0,2,0,Fastball,Four-Seam,BallCalled,Undefined,Undefined,Undefined,0,0,,87.59489,-2.010796,-4.352857,2313.529133,218.242567,1:15,5.94795,1.89707,6.3193,-24.3058,12.03749,8.48756,2.06428,-1.41261,79.49394,-6.594886,-2.823122,0.433894,,,,,,,,,,,,-5.73941,7.25524,-1.58196,50,5.78888,9.31546,-126.80327,-5.18094,-9.25249,28.31928,-20.47794,STM_GAE,SAN_GAU,RonaldGallagherStad,D1,WCC,20260324-RonaldGallagherStad-1,4eef2070-27ee-11f1-b8ea-f9a2eeae71cc,86.87021,,,8.10095,,,,,,,c9e67c30-a63b-4587-9ae4-a41912f8aeeb,2026-03-25,01:59:49.92,2026-03-24T18:59:49.9207168-07:00,2026-03-25T01:59:49.9207168Z,,v3,471428,471258,d6bb620095054923be50e712cd675082,"Libed, Nico",822297,Right,SAN_GAU,a52510e2-b06f-480d-a708-58ad5db22eda,54.17989,-127.73336,14.15964,5.948,-4.50838,-10.23897,-1.89289,9.61933,-4.62624,,,,,,,,,,,,,,,,,,,,,,,,,,,,,,,,,,,,,,,,,,,,,,,,,,,High,High,High,,,,,,,,,,,,,,,,,,,,,,,,,,,,,,,,,,,,
305,2026-03-24,19:00:03.37,1,4,"Aber, Hudson",1000253482,Right,SAN_GAU,"Kashimoto, Cody",813806,Left,STM_GAE,Undefined,8,Bottom,0,3,0,Fastball,Four-Seam,StrikeCalled,Undefined,Undefined,Undefined,0,0,,88.45594,-1.79265,-2.863108,2238.055525,202.535818,12:45,6.04529,2.0301,6.18438,-18.0293,17.79009,6.84886,2.88488,-0.0452,79.89474,-5.2534,-1.629249,0.430755,,,,,,,,,,,,-4.41618,10.12064,-1.81703,50,5.90052,6.12521,-128.17844,-4.50047,-7.25378,29.63608,-15.55049,STM_GAE,SAN_GAU,RonaldGallagherStad,D1,WCC,20260324-RonaldGallagherStad-1,56ed5490-27ee-11f1-b8ea-f9a2eeae71cc,87.50315,,,8.56121,,,,,,,c9e67c30-a63b-4587-9ae4-a41912f8aeeb,2026-03-25,02:00:03.37,2026-03-24T19:00:03.3712640-07:00,2026-03-25T02:00:03.3712640Z,,v3,471428,471258,d6bb620095054923be50e712cd675082,"Libed, Nico",822297,Right,SAN_GAU,15238188-08bc-49a4-9f47-335ef76c476e,54.31295,-129.17178,14.81804,6.04263,-3.97925,-7.77525,-2.02641,6.36835,-3.62689,,,,,,,,,,,,,,,,,,,,,,,,,,,,,,,,,,,,,,,,,,,,,,,,,,,High,High,High,,,,,,,,,,,,,,,,,,,,,,,,,,,,,,,,,,,,
306,2026-03-24,19:00:18.96,1,5,"Aber, Hudson",1000253482,Right,SAN_GAU,"Kashimoto, Cody",813806,Left,STM_GAE,Undefined,8,Bottom,0,3,1,Fastball,Four-Seam,BallCalled,Walk,Undefined,Undefined,0,0,,89.59734,-2.965678,-4.317518,2414.883308,206.980694,1:00,5.99508,1.94088,6.29714,-16.208,18.58721,8.83812,1.90147,-1.30853,81.21543,-6.084608,-2.726015,0.424552,,,,,,,,,,,,-5.90709,10.92347,-1.62695,50,5.76832,9.4279,-129.61854,-7.15294,-9.95527,29.4668,-13.76467,STM_GAE,SAN_GAU,RonaldGallagherStad,D1,WCC,20260324-RonaldGallagherStad-1,6042b440-27ee-11f1-b8ea-f9a2eeae71cc,88.78164,,,8.38191,,,,,,,c9e67c30-a63b-4587-9ae4-a41912f8aeeb,2026-03-25,02:00:18.96,2026-03-24T19:00:18.9690368-07:00,2026-03-25T02:00:18.9690368Z,,v3,471428,471258,d6bb620095054923be50e712cd675082,"Libed, Nico",822297,Right,SAN_GAU,46b1e299-02fe-45b5-bf50-83d652d0d29e,54.20232,-130.57037,14.7334,5.9922,-6.70832,-6.88233,-1.93669,9.74948,-4.97763,,,,,,,,,,,,,,,,,,,,,,,,,,,,,,,,,,,,,,,,,,,,,,,,,,,High,High,High,,,,,,,,,,,,,,,,,,,,,,,,,,,,,,,,,,,,
307,2026-03-24,19:00:52.85,2,1,"Aber, Hudson",1000253482,Right,SAN_GAU,"Sniffen, Makoa",832266,Right,STM_GAE,Undefined,8,Bottom,0,0,0,Fastball,Four-Seam,StrikeCalled,Undefined,Undefined,Undefined,0,0,,89.20491,-3.034559,-3.146176,2323.925877,197.81068,12:30,5.98707,2.14044,6.36887,-16.84843,18.00977,5.40055,1.78382,-0.30752,81.09808,-6.266088,-2.170215,0.424937,,,,,,,,,,,,-3.75457,10.65127,-1.91524,50,5.75923,6.88871,-129.24482,-7.29928,-6.30271,28.84004,-14.294,STM_GAE,SAN_GAU,RonaldGallagherStad,D1,WCC,20260324-RonaldGallagherStad-1,7477bd20-27ee-11f1-b8ea-f9a2eeae71cc,88.70133,,,8.10683,,,,,,,c9e67c30-a63b-4587-9ae4-a41912f8aeeb,2026-03-25,02:00:52.85,2026-03-24T19:00:52.8568832-07:00,2026-03-25T02:00:52.8568832Z,,v3,471428,471258,d6bb620095054923be50e712cd675082,"Libed, Nico",822297,Right,SAN_GAU,6127ddc9-2c48-4285-a3bf-0be4e25ba8d5,54.13053,-130.16325,14.42002,5.98444,-6.84407,-7.147,-2.13781,7.08943,-3.15136,,,,,,,,,,,,,,,,,,,,,,,,,,,,,,,,,,,,,,,,,,,,,,,,,,,High,High,High,,,,,,,,,,,,,,,,,,,,,,,,,,,,,,,,,,,,
308,2026-03-24,19:01:11.60,2,2,"Aber, Hudson",1000253482,Right,SAN_GAU,"Sniffen, Makoa",832266,Right,STM_GAE,Undefined,8,Bottom,0,0,1,Fastball,Four-Seam,InPlay,Undefined,LineDrive,Out,1,0,,88.80216,-2.815362,-3.560976,2365.047322,205.133545,12:45,5.9985,2.15604,6.27568,-15.60339,19.93411,8.74197,2.09584,-0.40229,80.14212,-5.840428,-1.98509,0.429057,104.01637,13.267911,-17.215175,1427.651284,104.12846,21.6073,-35.45719,293.91367,293.71646,-22.416841,2.674238,-5.74303,11.68331,-1.89695,50,5.78246,7.66007,-128.57471,-6.72907,-9.46764,30.4382,-12.91362,STM_GAE,SAN_GAU,RonaldGallagherStad,D1,WCC,20260324-RonaldGallagherStad-1,7f93fa20-27ee-11f1-b8ea-f9a2eeae71cc,87.84951,24.48412,,8.66004,,,,2.11388,2.24007,0.32019,c9e67c30-a63b-4587-9ae4-a41912f8aeeb,2026-03-25,02:01:11.60,2026-03-24T19:01:11.6085248-07:00,2026-03-25T02:01:11.6085248Z,LineDrive,v3,471428,471258,d6bb620095054923be50e712cd675082,"Libed, Nico",822297,Right,SAN_GAU,799682f0-57e8-43fd-9ccd-c34541e3d65a,54.22531,-129.57113,15.2191,5.99582,-6.30634,-6.45681,-2.15278,7.97,-4.73382,136.363564,2.11389,141.82953,-25.07781,5.56632,-0.95588,0.05581,0.03684,-0.01305,0.00143,2.24006,35.01662,-14.09041,0.34969,-0.25982,0.24789,-0.11879,0.02904,-0.00282,0.32019,-43.94822,-0.04416,0.53793,-0.04099,-0.10407,0.0638,-0.01648,0.00163,,,,,,,,,,,,,,,,,,,,,,,High,High,High,High,High,,,,,,,,,,,,,,,,,,,,,,,,,,,,,,,,,,
309,2026-03-24,19:04:36.21,3,1,"Laubach, Kole",1000275613,Right,SAN_GAU,"Armstrong, Ian",1000321869,Right,STM_GAE,Undefined,8,Bottom,1,0,0,Cutter,Slider,BallCalled,Undefined,Undefined,Undefined,0,0,,86.20319,-0.255921,-3.246083,2592.672575,137.739066,10:30,6.01343,2.00418,5.52828,-32.57561,6.82697,-4.74811,3.05916,-1.4294,76.69103,-6.310265,-4.090157,0.451787,,,,,,,,,,,,1.15705,4.04107,-1.71863,50,5.97023,7.2768,-124.50915,-1.70274,1.76033,32.17525,-26.02597,STM_GAE,SAN_GAU,RonaldGallagherStad,D1,WCC,20260324-RonaldGallagherStad-1,f9975420-27ee-11f1-b8ea-f9a2eeae71cc,83.42968,,,9.51216,,,,,,,c9e67c30-a63b-4587-9ae4-a41912f8aeeb,2026-03-25,02:04:36.21,2026-03-24T19:04:36.2113024-07:00,2026-03-25T02:04:36.2113024Z,,v3,471428,471258,d6bb620095054923be50e712cd675082,"Libed, Nico",822297,Right,SAN_GAU,075db43e-d0f5-4268-a5e8-dbca1c1d2642,54.96454,-125.78553,16.08763,6.0173,-0.6703,-13.01299,-2.00591,7.20697,0.88016,,,,,,,,,,,,,,,,,,,,,,,,,,,,,,,,,,,,,,,,,,,,,,,,,,,High,High,High,,,,,,,,,,,,,,,,,,,,,,,,,,,,,,,,,,,,
310,2026-03-24,19:04:52.85,3,2,"Laubach, Kole",1000275613,Right,SAN_GAU,"Armstrong, Ian",1000321869,Right,STM_GAE,Undefined,8,Bottom,1,1,0,Fastball,Four-Seam,BallCalled,Undefined,Undefined,Undefined,0,0,,89.02767,-4.135852,-3.159187,2462.248719,196.593433,12:30,6.18768,1.84783,6.35763,-15.02237,20.07568,5.61713,1.11678,-0.59471,80.9611,-7.031461,-2.144408,0.426396,,,,,,,,,,,,-3.88303,12.07855,-1.62124,50,5.87986,6.88974,-128.83953,-9.69778,-6.47565,28.73274,-12.031,STM_GAE,SAN_GAU,RonaldGallagherStad,D1,WCC,20260324-RonaldGallagherStad-1,03778eb0-27ef-11f1-b8ea-f9a2eeae71cc,88.39778,,,8.06657,,,,,,,c9e67c30-a63b-4587-9ae4-a41912f8aeeb,2026-03-25,02:04:52.85,2026-03-24T19:04:52.8524288-07:00,2026-03-25T02:04:52.8524288Z,,v3,471428,471258,d6bb620095054923be50e712cd675082,"Libed, Nico",822297,Right,SAN_GAU,893ccc3a-8892-4c54-ac0a-b785effdbe25,54.1424,-129.76005,14.36637,6.18437,-9.31234,-6.0155,-1.84529,7.0972,-3.23782,,,,,,,,,,,,,,,,,,,,,,,,,,,,,,,,,,,,,,,,,,,,,,,,,,,High,High,High,,,,,,,,,,,,,,,,,,,,,,,,,,,,,,,,,,,,
311,2026-03-24,19:05:42.13,3,3,"Laubach, Kole",1000275613,Right,SAN_GAU,"Armstrong, Ian",1000321869,Right,STM_GAE,Undefined,8,Bottom,1,2,0,Fastball,Four-Seam,BallCalled,Undefined,Undefined,Undefined,0,0,,91.2663,-2.958712,-4.452817,2608.926341,186.630572,12:15,6.17172,1.77409,6.12895,-11.77827,22.09694,2.42665,2.44449,-2.1481,82.43623,-5.273066,-4.01787,0.418902,,,,,,,,,,,,-2.59343,12.5332,-1.43401,50,5.93756,10.15548,-131.836,-7.05976,-4.51663,30.76326,-10.34649,STM_GAE,SAN_GAU,RonaldGallagherStad,D1,WCC,20260324-RonaldGallagherStad-1,20d36d30-27ef-11f1-b8ea-f9a2eeae71cc,89.97918,,,8.83007,,,,,,,c9e67c30-a63b-4587-9ae4-a41912f8aeeb,2026-03-25,02:05:42.13,2026-03-24T19:05:42.1320192-07:00,2026-03-25T02:05:42.1320192Z,,v3,471428,471258,d6bb620095054923be50e712cd675082,"Libed, Nico",822297,Right,SAN_GAU,d3f00ba7-b82e-42bc-b53f-569c97ab7014,54.36416,-132.85045,15.38163,6.16474,-6.71858,-5.17324,-1.77136,10.30442,-2.25832,,,,,,,,,,,,,,,,,,,,,,,,,,,,,,,,,,,,,,,,,,,,,,,,,,,High,High,High,,,,,,,,,,,,,,,,,,,,,,,,,,,,,,,,,,,,
312,2026-03-24,19:06:08.73,3,4,"Laubach, Kole",1000275613,Right,SAN_GAU,"Armstrong, Ian",1000321869,Right,STM_GAE,Undefined,8,Bottom,1,3,0,Fastball,Four-Seam,StrikeCalled,Undefined,Undefined,Undefined,0,0,,90.449,-2.508195,-3.390935,2611.957245,229.685015,1:45,6.17922,1.87153,6.07043,-20.30576,14.03194,15.12001,2.16042,-0.01012,82.03256,-6.34871,-0.6723,0.421752,,,,,,,,,,,,-8.80524,8.34603,-1.6164,50,5.97367,7.12201,-131.00995,-6.36997,-15.16208,30.06545,-17.80275,STM_GAE,SAN_GAU,RonaldGallagherStad,D1,WCC,20260324-RonaldGallagherStad-1,30c1cbb0-27ef-11f1-b8ea-f9a2eeae71cc,89.37112,,,8.41644,,,,,,,c9e67c30-a63b-4587-9ae4-a41912f8aeeb,2026-03-25,02:06:08.73,2026-03-24T19:06:08.7359488-07:00,2026-03-25T02:06:08.7359488Z,,v3,471428,471258,d6bb620095054923be50e712cd675082,"Libed, Nico",822297,Right,SAN_GAU,5a275bb9-3cd9-4860-993c-36f062ea8bfe,54.42944,-132.02254,15.03273,6.17811,-5.77037,-8.90137,-1.86487,7.63266,-7.58104,,,,,,,,,,,,,,,,,,,,,,,,,,,,,,,,,,,,,,,,,,,,,,,,,,,High,High,High,,,,,,,,,,,,,,,,,,,,,,,,,,,,,,,,,,,,
313,2026-03-24,19:06:25.17,3,5,"Laubach, Kole",1000275613,Right,SAN_GAU,"Armstrong, Ian",1000321869,Right,STM_GAE,Undefined,8,Bottom,1,3,1,Fastball,Sinker,InPlay,Undefined,GroundBall,Error,0,0,,90.59846,-2.042821,-2.766055,2545.552674,235.745732,1:45,6.17074,2.07959,6.07439,-22.62296,11.65257,15.31332,2.39219,0.79418,81.94588,-6.306516,-0.0095,0.42137,71.2837,-48.297521,-46.328123,,,,,4.31284,3.20751,-33.129459,0.031984,-8.79311,7.00906,-1.8735,50,6.00043,5.70296,-131.31848,-5.40721,-15.14948,31.27205,-20.09828,STM_GAE,SAN_GAU,RonaldGallagherStad,D1,WCC,20260324-RonaldGallagherStad-1,3a8619d0-27ef-11f1-b8ea-f9a2eeae71cc,89.45215,2.50549,,8.65258,,,,2.07013,2.50549,-0.74232,c9e67c30-a63b-4587-9ae4-a41912f8aeeb,2026-03-25,02:06:25.17,2026-03-24T19:06:25.1747840-07:00,2026-03-25T02:06:25.1747840Z,GroundBall,v3,471428,471258,d6bb620095054923be50e712cd675082,"Libed, Nico",822297,Right,SAN_GAU,475041f5-1935-4ae6-93e5-1fa6ebcfb3ba,54.42604,-132.36829,15.63603,6.17063,-4.7325,-10.04914,-2.07348,6.21153,-7.57474,,2.06925,48.19899,,,,,,,,2.50692,-78.33526,,,,,,,,-0.7414,-50.48695,,,,,,,,,,,,,,,,,,,,,,,,,,,,,,High,High,High,Low,Low,,,,,,,,,,,,,,,,,,,,,,,,,,,,,,,,,,
314,2026-03-24,19:07:12.97,4,1,"Laubach, Kole",1000275613,Right,SAN_GAU,"Linteo, Colin",832267,Right,STM_GAE,Undefined,8,Bottom,1,0,0,Fastball,Sinker,FoulBallNotFieldable,Undefined,Undefined,Undefined,0,0,,91.7933,-1.940095,-3.246331,2551.815717,234.764535,1:45,6.20578,1.7129,6.53762,-19.78603,12.86434,16.63253,2.77385,0.11805,83.35733,-5.713068,-0.228529,0.411259,82.47112,32.463062,71.241557,5321.156126,,,,,78.49613,,,-9.66524,7.6593,-1.49401,50,6.06242,6.87986,-133.16127,-5.08104,-17.21676,30.7106,-18.53047,STM_GAE,SAN_GAU,RonaldGallagherStad,D1,WCC,20260324-RonaldGallagherStad-1,56f80d80-27ef-11f1-b8ea-f9a2eeae71cc,91.65134,43.15021,,8.43597,,,,0.05595,2.42534,-0.03638,c9e67c30-a63b-4587-9ae4-a41912f8aeeb,2026-03-25,02:07:12.97,2026-03-24T19:07:12.9785344-07:00,2026-03-25T02:07:12.9785344Z,,v3,471428,471258,d6bb620095054923be50e712cd675082,"Libed, Nico",822297,Right,SAN_GAU,a37c16f4-c86a-48fe-9e42-ffb023a53461,53.96277,-134.07208,15.3553,6.20496,-4.53146,-9.26523,-1.70562,7.39047,-8.60838,,0.05595,32.81939,-15.92501,3.7706,-0.94516,0.22854,-0.05601,0.01189,-0.00151,2.42534,64.92459,-23.4977,2.76655,-0.61599,0.13907,-0.0307,0.00627,-0.00078,-0.03638,96.63531,-13.78508,2.28058,-0.45224,0.086,-0.01831,0.00339,-0.00039,,,,,,,,,,,,,,,,,,,,,,,High,High,High,Medium,Undefined,,,,,,,,,,,,,,,,,,,,,,,,,,,,,,,,,,
315,2026-03-24,19:07:34.81,4,2,"Laubach, Kole",1000275613,Right,SAN_GAU,"Linteo, Colin",832267,Right,STM_GAE,Undefined,8,Bottom,1,0,1,Fastball,Four-Seam,FoulBallNotFieldable,Undefined,Undefined,Undefined,0,0,,90.12349,-2.323497,-2.589507,2219.78092,204.695321,12:45,6.20204,1.80897,6.23583,-16.84446,17.27654,7.42646,2.6515,0.03735,82.17634,-5.542745,-1.249621,0.420419,73.28212,35.198662,150.865798,4211.577547,,,,,48.17673,,,-4.63461,9.99662,-1.61943,50,6.02012,5.6183,-130.76625,-5.78001,-7.99225,28.62425,-14.93507,STM_GAE,SAN_GAU,RonaldGallagherStad,D1,WCC,20260324-RonaldGallagherStad-1,6406a4a0-27ef-11f1-b8ea-f9a2eeae71cc,89.65449,30.83869,,7.94715,,,,1.18516,2.57551,-0.07452,c9e67c30-a63b-4587-9ae4-a41912f8aeeb,2026-03-25,02:07:34.81,2026-03-24T19:07:34.8103680-07:00,2026-03-25T02:07:34.8103680Z,,v3,471428,471258,d6bb620095054923be50e712cd675082,"Libed, Nico",822297,Right,SAN_GAU,f424bd45-dbec-4878-8601-12d3959ac4e2,54.26571,-131.69668,14.31212,6.20011,-5.29454,-7.46754,-1.80628,5.87809,-3.99613,306.516497,1.18516,-76.71652,3.41064,0.63015,-0.07396,-0.23576,0.6504,-0.75665,0.3522,2.57551,61.95302,-25.4217,2.63483,-0.41666,-0.39433,1.09435,-1.27001,0.59125,-0.07452,42.75984,-10.50996,1.64207,-0.27424,-0.27562,0.73296,-0.84982,0.39568,,,,,,,,,,,,,,,,,,,,,,,High,High,High,High,Undefined,,,,,,,,,,,,,,,,,,,,,,,,,,,,,,,,,,
316,2026-03-24,19:08:02.57,4,3,"Laubach, Kole",1000275613,Right,SAN_GAU,"Linteo, Colin",832267,Right,STM_GAE,Undefined,8,Bottom,1,0,2,Cutter,Slider,StrikeSwinging,Strikeout,Undefined,Undefined,0,0,,85.35239,0.78732,-1.197744,2525.6608,129.543978,10:15,6.13884,1.83758,5.91903,-31.35545,7.15666,-7.13957,4.25676,0.13089,77.66479,-5.05242,-2.479231,0.446653,,,,,,,,,,,,3.27398,3.83701,-1.73773,50,6.18434,2.8858,-123.89485,0.67326,5.05839,26.13892,-26.2458,STM_GAE,SAN_GAU,RonaldGallagherStad,D1,WCC,20260324-RonaldGallagherStad-1,74927ba0-27ef-11f1-b8ea-f9a2eeae71cc,84.38867,,,7.6876,,,,,,,c9e67c30-a63b-4587-9ae4-a41912f8aeeb,2026-03-25,02:08:02.57,2026-03-24T19:08:02.5716224-07:00,2026-03-25T02:08:02.5716224Z,,v3,471428,471258,d6bb620095054923be50e712cd675082,"Libed, Nico",822297,Right,SAN_GAU,b2575a8d-b638-4676-84bd-bc40dd1b3d73,54.57951,-124.85728,13.06946,6.14176,1.63962,-13.1229,-1.84056,2.69955,2.52919,,,,,,,,,,,,,,,,,,,,,,,,,,,,,,,,,,,,,,,,,,,,,,,,,,,High,High,High,,,,,,,,,,,,,,,,,,,,,,,,,,,,,,,,,,,,
317,2026-03-24,19:08:33.87,5,1,"Laubach, Kole",1000275613,Right,SAN_GAU,"Castellanos, Diego",1000151796,Left,STM_GAE,Undefined,8,Bottom,2,0,0,Cutter,Slider,BallCalled,Undefined,Undefined,Undefined,0,0,,86.03924,0.40341,-1.596299,2566.219066,148.12687,11:00,6.09164,2.11987,5.96706,-30.75218,7.36087,-3.74425,3.90316,0.32736,77.75643,-5.344364,-2.268912,0.444333,,,,,,,,,,,,1.39354,4.0741,-1.99135,50,6.10688,3.63488,-124.78166,-0.12742,2.16783,28.2374,-25.83632,STM_GAE,SAN_GAU,RonaldGallagherStad,D1,WCC,20260324-RonaldGallagherStad-1,87312d10-27ef-11f1-b8ea-f9a2eeae71cc,84.82933,,,8.28282,,,,,,,c9e67c30-a63b-4587-9ae4-a41912f8aeeb,2026-03-25,02:08:33.87,2026-03-24T19:08:33.8797568-07:00,2026-03-25T02:08:33.8797568Z,,v3,471428,471258,d6bb620095054923be50e712cd675082,"Libed, Nico",822297,Right,SAN_GAU,5a22c9e8-8cf6-4172-b394-e2a8c5357e11,54.52974,-125.80254,14.1187,6.0946,0.80665,-12.91816,-2.12134,3.5565,1.08392,,,,,,,,,,,,,,,,,,,,,,,,,,,,,,,,,,,,,,,,,,,,,,,,,,,High,High,High,,,,,,,,,,,,,,,,,,,,,,,,,,,,,,,,,,,,
318,2026-03-24,19:08:49.28,5,2,"Laubach, Kole",1000275613,Right,SAN_GAU,"Castellanos, Diego",1000151796,Left,STM_GAE,Undefined,8,Bottom,2,1,0,Fastball,Four-Seam,FoulBallNotFieldable,Undefined,Undefined,Undefined,0,0,,89.71141,-0.929362,-2.226264,2420.343779,213.90706,1:15,6.08594,1.96341,6.23583,-19.10186,15.56359,9.63973,3.63604,0.71191,81.05021,-4.584829,-0.486251,0.42376,97.41923,19.613822,-51.525616,3273.949539,64.81963,33.42788,-88.87275,295.48622,264.8032,-58.940813,3.277513,-5.69229,8.7154,-1.80187,50,6.00709,4.66372,-130.16068,-2.65421,-9.64279,30.5196,-17.41011,STM_GAE,SAN_GAU,RonaldGallagherStad,D1,WCC,20260324-RonaldGallagherStad-1,9066cfc0-27ef-11f1-b8ea-f9a2eeae71cc,88.94763,38.33839,,8.66119,,,,0.28344,3.49665,-0.55072,c9e67c30-a63b-4587-9ae4-a41912f8aeeb,2026-03-25,02:08:49.28,2026-03-24T19:08:49.2868096-07:00,2026-03-25T02:08:49.2868096Z,LineDrive,v3,471428,471258,d6bb620095054923be50e712cd675082,"Libed, Nico",822297,Right,SAN_GAU,16ffe8a8-447c-4077-a0b2-893a900b33d5,54.26327,-131.15651,15.2598,6.08443,-2.08614,-8.70506,-1.95918,4.97836,-4.82139,,0.2833,83.74166,-19.72498,4.4751,-1.05307,0.23839,-0.0413,0.00408,-0.00015,3.49716,47.9467,-18.78752,1.99499,-0.39571,0.09849,-0.0389,0.00982,-0.00093,-0.55071,-105.36956,15.1721,-3.46987,0.79997,-0.1896,0.03925,-0.00533,0.00033,,,,,,,,,,,,,,,,,,,,,,,High,High,High,High,Medium,,,,,,,,,,,,,,,,,,,,,,,,,,,,,,,,,,
319,2026-03-24,19:09:31.07,5,3,"Laubach, Kole",1000275613,Right,SAN_GAU,"Castellanos, Diego",1000151796,Left,STM_GAE,Undefined,8,Bottom,2,1,1,Fastball,Four-Seam,StrikeCalled,Undefined,Undefined,Undefined,0,0,,91.55703,-2.464282,-2.239487,2532.757088,209.760357,1:00,6.14903,1.97299,5.90459,-16.86954,16.63213,8.87162,2.45249,0.63232,83.40706,-5.666205,-0.647919,0.416586,,,,,,,,,,,,-5.15851,9.54599,-1.79786,50,5.94105,4.79943,-132.74684,-6.22378,-9.17211,29.35736,-15.20077,STM_GAE,SAN_GAU,RonaldGallagherStad,D1,WCC,20260324-RonaldGallagherStad-1,a94ed960-27ef-11f1-b8ea-f9a2eeae71cc,90.47936,,,8.14997,,,,,,,c9e67c30-a63b-4587-9ae4-a41912f8aeeb,2026-03-25,02:09:31.07,2026-03-24T19:09:31.0764544-07:00,2026-03-25T02:09:31.0764544Z,,v3,471428,471258,d6bb620095054923be50e712cd675082,"Libed, Nico",822297,Right,SAN_GAU,19c951f4-6aba-4120-a2bc-9c7014a782d5,54.59434,-133.75903,14.67868,6.1466,-5.69969,-7.60038,-1.96879,5.11567,-4.58605,,,,,,,,,,,,,,,,,,,,,,,,,,,,,,,,,,,,,,,,,,,,,,,,,,,High,High,High,,,,,,,,,,,,,,,,,,,,,,,,,,,,,,,,,,,,
320,2026-03-24,19:09:51.48,5,4,"Laubach, Kole",1000275613,Right,SAN_GAU,"Castellanos, Diego",1000151796,Left,STM_GAE,Undefined,8,Bottom,2,1,2,ChangeUp,Changeup,InPlay,Undefined,GroundBall,Out,1,0,,85.32979,-0.948453,-3.158593,2010.026609,259.835876,2:45,6.09122,2.17602,5.96489,-33.82403,4.58481,18.62623,2.39169,0.79645,78.05336,-7.209127,0.188334,0.446054,96.82134,-19.566298,6.52074,,,,,8.01049,7.79792,-0.066504,0.050191,-10.50851,2.98374,-1.93582,50,5.99695,6.09577,-123.82804,-3.16787,-16.26361,25.47016,-27.5562,STM_GAE,SAN_GAU,RonaldGallagherStad,D1,WCC,20260324-RonaldGallagherStad-1,b582ef00-27ef-11f1-b8ea-f9a2eeae71cc,84.50203,2.39102,,7.27643,,,,1.32671,2.39102,-0.77327,c9e67c30-a63b-4587-9ae4-a41912f8aeeb,2026-03-25,02:09:51.48,2026-03-24T19:09:51.4809856-07:00,2026-03-25T02:09:51.4809856Z,GroundBall,v3,471428,471258,d6bb620095054923be50e712cd675082,"Libed, Nico",822297,Right,SAN_GAU,5ba90ec3-0882-4716-878f-40360676956c,54.53779,-124.75792,12.73508,6.09424,-2.16183,-13.7781,-2.16921,6.68953,-8.1318,180,1.32486,133.16777,,,,,,,,2.39169,-47.63885,,,,,,,,-0.77348,15.22138,,,,,,,,,,,,,,,,,,,,,,,,,,,,,,High,High,High,High,High,,,,,,,,,,,,,,,,,,,,,,,,,,,,,,,,,,
321,2026-03-24,19:12:43.77,1,1,"Kretsch, Sam",832269,Right,STM_GAE,"Barrett, Liam",1000253484,Left,SAN_GAU,Undefined,9,Top,0,0,0,Fastball,Four-Seam,BallCalled,Undefined,Undefined,Undefined,0,0,,91.28571,-1.10525,-4.633078,2024.337534,196.560759,12:30,5.86163,3.22894,6.23304,-21.43816,11.8767,3.21488,3.05198,-0.78681,83.36825,-5.13968,-4.055626,0.415423,,,,,,,,,,,,-2.97386,6.79536,-2.88395,50,5.76818,10.58241,-132.22909,-3.22322,-5.2572,28.59365,-20.16113,STM_GAE,SAN_GAU,RonaldGallagherStad,D1,WCC,20260324-RonaldGallagherStad-1,1c2c84f0-27f0-11f1-b8ea-f9a2eeae71cc,90.73271,,,7.91746,,,,,,,c9e67c30-a63b-4587-9ae4-a41912f8aeeb,2026-03-25,02:12:43.77,2026-03-24T19:12:43.7756928-07:00,2026-03-25T02:12:43.7756928Z,,v3,471428,471258,d6bb620095054923be50e712cd675082,"Armstrong, Ian",1000321869,Right,STM_GAE,c64ed7f3-3013-4756-b005-7a452067a517,54.26691,-133.14859,14.29682,5.8614,-2.57489,-10.08056,-3.22697,10.75147,-2.6286,,,,,,,,,,,,,,,,,,,,,,,,,,,,,,,,,,,,,,,,,,,,,,,,,,,High,High,High,,,,,,,,,,,,,,,,,,,,,,,,,,,,,,,,,,,,
322,2026-03-24,19:13:01.49,1,2,"Kretsch, Sam",832269,Right,STM_GAE,"Barrett, Liam",1000253484,Left,SAN_GAU,Undefined,9,Top,0,1,0,Fastball,Four-Seam,FoulBallNotFieldable,Undefined,Undefined,Undefined,0,0,,91.89193,-0.689921,-4.982262,2173.152493,200.199555,12:45,5.73511,3.32554,6.02233,-16.60816,16.50753,5.68717,3.70961,-0.82698,83.85917,-3.84699,-3.96592,0.414179,55.75357,20.554209,-152.874264,2650.21498,,,,101.33831,48.77837,-154.045641,1.467006,-4.30941,9.0002,-2.93749,50,5.67179,11.3552,-133.03766,-2.09911,-7.72571,28.45923,-16.0389,STM_GAE,SAN_GAU,RonaldGallagherStad,D1,WCC,20260324-RonaldGallagherStad-1,26bfbbd0-27f0-11f1-b8ea-f9a2eeae71cc,91.00518,12.73513,,8.03276,,,,-0.2713,3.68516,0.79453,c9e67c30-a63b-4587-9ae4-a41912f8aeeb,2026-03-25,02:13:01.49,2026-03-24T19:13:01.4995456-07:00,2026-03-25T02:13:01.4995456Z,GroundBall,v3,471428,471258,d6bb620095054923be50e712cd675082,"Armstrong, Ian",1000321869,Right,STM_GAE,49b969aa-02ec-49bf-b966-ed1544217c35,54.47813,-133.99219,14.22961,5.73317,-1.56116,-8.01945,-3.32269,11.61432,-3.86285,4.988422,-0.2713,-68.14411,3.80208,0.44824,-0.29323,0.32615,-0.26721,0.12881,-0.02584,3.68516,28.70949,-24.21972,2.54628,-0.47047,0.05383,0.02732,-0.01781,0.0039,0.79453,-34.90966,2.43966,0.36537,-0.20369,0.22552,-0.18594,0.08986,-0.01802,,,,,,,,,,,,,,,,,,,,,,,High,High,High,High,Medium,,,,,,,,,,,,,,,,,,,,,,,,,,,,,,,,,,
323,2026-03-24,19:13:32.91,1,3,"Kretsch, Sam",832269,Right,STM_GAE,"Barrett, Liam",1000253484,Left,SAN_GAU,Undefined,9,Top,0,1,1,Fastball,Four-Seam,StrikeCalled,Undefined,Undefined,Undefined,0,0,,91.78661,-1.162225,-3.367894,2256.405152,191.881909,12:30,5.7913,3.47853,6.03103,-22.44462,10.74197,2.0324,2.84258,0.52532,83.68006,-5.368627,-3.003146,0.414622,,,,,,,,,,,,-2.01413,6.19209,-3.21608,50,5.68816,7.74359,-133.07803,-3.44226,-3.59868,29.5399,-21.11067,STM_GAE,SAN_GAU,RonaldGallagherStad,D1,WCC,20260324-RonaldGallagherStad-1,39785de0-27f0-11f1-b8ea-f9a2eeae71cc,90.90792,,,8.10656,,,,,,,c9e67c30-a63b-4587-9ae4-a41912f8aeeb,2026-03-25,02:13:32.91,2026-03-24T19:13:32.9118720-07:00,2026-03-25T02:13:32.9118720Z,,v3,471428,471258,d6bb620095054923be50e712cd675082,"Armstrong, Ian",1000321869,Right,STM_GAE,e6633f57-16cc-4914-97e9-daafd3d05155,54.4682,-134.06619,14.76995,5.7915,-2.73608,-10.55534,-3.47713,7.86397,-1.79934,,,,,,,,,,,,,,,,,,,,,,,,,,,,,,,,,,,,,,,,,,,,,,,,,,,High,High,High,,,,,,,,,,,,,,,,,,,,,,,,,,,,,,,,,,,,
324,2026-03-24,19:13:53.37,1,4,"Kretsch, Sam",832269,Right,STM_GAE,"Barrett, Liam",1000253484,Left,SAN_GAU,Undefined,9,Top,0,1,2,Slider,Curveball,BallCalled,Undefined,Undefined,Undefined,0,0,,79.62244,0.268993,-1.116415,2520.033612,70.892758,8:15,5.83445,3.4881,5.68014,-48.28538,-3.77536,-14.9119,2.06147,1.20458,73.21164,-8.548501,-3.785397,0.480176,,,,,,,,,,,,7.24185,-1.55264,-3.38459,50,5.8269,2.83285,-115.66463,-1.07605,9.77006,22.40422,-34.26872,STM_GAE,SAN_GAU,RonaldGallagherStad,D1,WCC,20260324-RonaldGallagherStad-1,45adfa20-27f0-11f1-b8ea-f9a2eeae71cc,78.49715,,,6.4108,,,,,,,c9e67c30-a63b-4587-9ae4-a41912f8aeeb,2026-03-25,02:13:53.37,2026-03-24T19:13:53.3757440-07:00,2026-03-25T02:13:53.3757440Z,,v3,471428,471258,d6bb620095054923be50e712cd675082,"Armstrong, Ian",1000321869,Right,STM_GAE,44996c32-fcde-46bb-8776-040c3efc6eae,54.82265,-116.59504,11.20211,5.84204,0.34707,-17.13436,-3.4938,2.42712,4.88503,,,,,,,,,,,,,,,,,,,,,,,,,,,,,,,,,,,,,,,,,,,,,,,,,,,High,High,High,,,,,,,,,,,,,,,,,,,,,,,,,,,,,,,,,,,,
325,2026-03-24,19:14:15.44,1,5,"Kretsch, Sam",832269,Right,STM_GAE,"Barrett, Liam",1000253484,Left,SAN_GAU,Undefined,9,Top,0,2,2,Fastball,Four-Seam,InPlay,Undefined,GroundBall,Out,1,0,,90.06672,-0.800915,-3.49979,2138.540173,205.286823,12:45,5.79949,3.2205,5.96379,-22.88627,11.67548,4.97996,3.1482,0.38622,82.03303,-5.093478,-2.607333,0.423125,99.52463,-2.103961,38.164536,3255.569804,,,,41.90785,41.02102,36.249538,0.286356,-3.59882,6.56516,-2.9454,50,5.72308,7.78115,-130.59838,-2.5701,-6.18632,28.71055,-20.88869,STM_GAE,SAN_GAU,RonaldGallagherStad,D1,WCC,20260324-RonaldGallagherStad-1,52ccbde0-27f0-11f1-b8ea-f9a2eeae71cc,89.08099,3.14346,,8.03369,,,,2.64274,3.14346,-0.10682,c9e67c30-a63b-4587-9ae4-a41912f8aeeb,2026-03-25,02:14:15.44,2026-03-24T19:14:15.4495488-07:00,2026-03-25T02:14:15.4495488Z,GroundBall,v3,471428,471258,d6bb620095054923be50e712cd675082,"Armstrong, Ian",1000321869,Right,STM_GAE,e2b11399-ba08-46ea-a41d-c2e91a28e004,54.53752,-131.59212,14.35527,5.79952,-1.84709,-10.44434,-3.21843,7.99528,-3.09316,,2.647,114.49119,-19.99736,,,,,,,3.14655,-5.50279,-19.19439,,,,,,,-0.10507,90.05516,-11.0272,,,,,,,,,,,,,,,,,,,,,,,,,,,,,High,High,High,High,High,,,,,,,,,,,,,,,,,,,,,,,,,,,,,,,,,,
326,2026-03-24,19:14:51.53,2,1,"Kretsch, Sam",832269,Right,STM_GAE,"Libed, Nico",822297,Right,SAN_GAU,Undefined,9,Top,1,0,0,Fastball,Four-Seam,BallCalled,Undefined,Undefined,Undefined,0,0,,90.90218,-2.192002,-5.901483,2504.302278,231.829218,1:45,5.8335,3.23536,5.92346,-23.92064,9.95052,11.35851,1.79417,-1.31394,83.70405,-6.624542,-3.87761,0.418877,,,,,,,,,,,,-7.34607,5.97981,-2.7679,50,5.64338,13.10447,-131.41578,-5.86524,-12.94677,25.8166,-21.63517,STM_GAE,SAN_GAU,RonaldGallagherStad,D1,WCC,20260324-RonaldGallagherStad-1,6868d0d0-27f0-11f1-b8ea-f9a2eeae71cc,89.98453,,,7.19812,,,,,,,c9e67c30-a63b-4587-9ae4-a41912f8aeeb,2026-03-25,02:14:51.53,2026-03-24T19:14:51.5336704-07:00,2026-03-25T02:14:51.5336704Z,,v3,471428,471258,d6bb620095054923be50e712cd675082,"Armstrong, Ian",1000321869,Right,STM_GAE,8d8e2e04-854e-499f-97db-7bcdd97c33fb,54.5787,-132.31221,12.9083,5.834,-5.11401,-10.81759,-3.23073,13.55402,-6.47339,,,,,,,,,,,,,,,,,,,,,,,,,,,,,,,,,,,,,,,,,,,,,,,,,,,High,High,High,,,,,,,,,,,,,,,,,,,,,,,,,,,,,,,,,,,,
327,2026-03-24,19:15:09.34,2,2,"Kretsch, Sam",832269,Right,STM_GAE,"Libed, Nico",822297,Right,SAN_GAU,Undefined,9,Top,1,1,0,Fastball,Four-Seam,BallCalled,Undefined,Undefined,Undefined,0,0,,89.5041,0.144347,-5.131291,2426.849171,226.381769,1:30,5.57895,3.39661,5.94153,-27.40431,7.42107,6.70067,3.42971,-0.81783,82.22695,-4.933225,-3.935569,0.424736,,,,,,,,,,,,-4.76378,4.09414,-2.9902,50,5.57503,11.35836,-129.62509,-0.60446,-8.15794,25.44875,-25.16285,STM_GAE,SAN_GAU,RonaldGallagherStad,D1,WCC,20260324-RonaldGallagherStad-1,72f6d790-27f0-11f1-b8ea-f9a2eeae71cc,88.74317,,,7.27716,,,,,,,c9e67c30-a63b-4587-9ae4-a41912f8aeeb,2026-03-25,02:15:09.34,2026-03-24T19:15:09.3490176-07:00,2026-03-25T02:15:09.3490176Z,,v3,471428,471258,d6bb620095054923be50e712cd675082,"Armstrong, Ian",1000321869,Right,STM_GAE,e82c987d-3e6a-4ca8-ba22-028ec7138b4d,54.55964,-130.5172,12.72437,5.58075,0.27762,-12.58143,-3.39338,11.64433,-4.07897,,,,,,,,,,,,,,,,,,,,,,,,,,,,,,,,,,,,,,,,,,,,,,,,,,,High,High,High,,,,,,,,,,,,,,,,,,,,,,,,,,,,,,,,,,,,
328,2026-03-24,19:15:26.92,2,3,"Kretsch, Sam",832269,Right,STM_GAE,"Libed, Nico",822297,Right,SAN_GAU,Undefined,9,Top,1,2,0,Fastball,Four-Seam,InPlay,Undefined,FlyBall,Out,1,0,,90.8145,-1.222621,-3.487465,2459.304566,231.150323,1:45,5.70812,3.38921,5.91568,-25.05797,8.63993,9.48859,2.48295,0.93919,83.63714,-5.871432,-1.787161,0.417804,93.35828,20.080939,-1.815177,2199.742793,109.99677,33.51952,0.80789,315.40839,313.69034,5.316531,3.425699,-5.79311,5.04681,-3.11484,50,5.5955,7.6359,-131.80891,-3.67588,-10.26258,26.18914,-23.23358,STM_GAE,SAN_GAU,RonaldGallagherStad,D1,WCC,20260324-RonaldGallagherStad-1,7d676b40-27f0-11f1-b8ea-f9a2eeae71cc,90.21553,39.65893,,7.17736,,,,1.63262,2.49718,-0.96311,c9e67c30-a63b-4587-9ae4-a41912f8aeeb,2026-03-25,02:15:26.92,2026-03-24T19:15:26.9292544-07:00,2026-03-25T02:15:26.9292544Z,LineDrive,v3,471428,471258,d6bb620095054923be50e712cd675082,"Armstrong, Ian",1000321869,Right,STM_GAE,f47db42e-7192-4678-b36a-3512cf62c9a9,54.5869,-132.71715,13.09457,5.70901,-2.87013,-11.61679,-3.38583,7.99181,-5.13129,225.766709,1.63258,128.53941,-18.90968,3.941,-0.77166,0.15073,-0.0289,0.00387,-0.00021,2.49719,47.00914,-15.73608,0.56892,0.01233,-0.03401,0.01211,-0.00121,-1E-05,-0.96306,-4.07907,8.06925,-2.43656,0.66181,-0.18946,0.04883,-0.0078,0.00052,,,,,,,,,,,,,,,,,,,,,,,High,High,High,High,Medium,,,,,,,,,,,,,,,,,,,,,,,,,,,,,,,,,,
329,2026-03-24,19:16:07.49,3,1,"Kretsch, Sam",832269,Right,STM_GAE,"Haferkamp, Jack",1000111225,Right,SAN_GAU,Undefined,9,Top,2,0,0,Fastball,Four-Seam,BallCalled,Undefined,Undefined,Undefined,0,0,,91.88652,-0.556831,-6.24186,2382.620935,220.874765,1:15,5.62286,3.65145,6.03674,-19.47009,13.82835,11.02379,3.48165,-1.23279,83.59929,-4.230888,-4.277503,0.41532,,,,,,,,,,,,-7.39256,7.58646,-3.16801,50,5.56855,14.03577,-132.71832,-1.90285,-13.16987,28.71884,-18.65876,STM_GAE,SAN_GAU,RonaldGallagherStad,D1,WCC,20260324-RonaldGallagherStad-1,959329c0-27f0-11f1-b8ea-f9a2eeae71cc,90.75511,,,8.28723,,,,,,,c9e67c30-a63b-4587-9ae4-a41912f8aeeb,2026-03-25,02:16:07.49,2026-03-24T19:16:07.4907136-07:00,2026-03-25T02:16:07.4907136Z,,v3,471428,471258,d6bb620095054923be50e712cd675082,"Armstrong, Ian",1000321869,Right,STM_GAE,ccfb83b8-bb6d-4ad4-933a-a74f1f2916d3,54.46278,-133.68053,14.35942,5.62183,-1.2777,-9.32938,-3.64566,14.47702,-6.58493,,,,,,,,,,,,,,,,,,,,,,,,,,,,,,,,,,,,,,,,,,,,,,,,,,,High,High,High,,,,,,,,,,,,,,,,,,,,,,,,,,,,,,,,,,,,
330,2026-03-24,19:16:23.43,3,2,"Kretsch, Sam",832269,Right,STM_GAE,"Haferkamp, Jack",1000111225,Right,SAN_GAU,Undefined,9,Top,2,1,0,Fastball,Four-Seam,StrikeCalled,Undefined,Undefined,Undefined,0,0,,90.60404,-2.007479,-5.358279,2362.842635,215.431261,1:15,5.71215,3.61852,6.0486,-22.99828,11.08099,7.11394,1.92822,-0.76378,82.97392,-6.298271,-4.086457,0.420162,,,,,,,,,,,,-5.14209,6.59146,-3.20397,50,5.54272,11.9943,-131.04749,-5.35856,-8.95125,27.42681,-20.69983,STM_GAE,SAN_GAU,RonaldGallagherStad,D1,WCC,20260324-RonaldGallagherStad-1,9f1788b0-27f0-11f1-b8ea-f9a2eeae71cc,89.70935,,,7.63013,,,,,,,c9e67c30-a63b-4587-9ae4-a41912f8aeeb,2026-03-25,02:16:23.43,2026-03-24T19:16:23.4388480-07:00,2026-03-25T02:16:23.4388480Z,,v3,471428,471258,d6bb620095054923be50e712cd675082,"Armstrong, Ian",1000321869,Right,STM_GAE,a30e28a6-6a47-4a67-878d-7bb3d5d6017a,54.45222,-131.976,13.71341,5.71226,-4.65778,-10.34992,-3.61515,12.29733,-4.47563,,,,,,,,,,,,,,,,,,,,,,,,,,,,,,,,,,,,,,,,,,,,,,,,,,,High,High,High,,,,,,,,,,,,,,,,,,,,,,,,,,,,,,,,,,,,
331,2026-03-24,19:16:38.84,3,3,"Kretsch, Sam",832269,Right,STM_GAE,"Haferkamp, Jack",1000111225,Right,SAN_GAU,Undefined,9,Top,2,1,1,Slider,Slider,StrikeSwinging,Undefined,Undefined,Undefined,0,0,,79.31686,0.538285,-3.343927,2742.465888,76.973996,8:30,5.82096,3.66,5.49336,-48.54097,-2.78697,-18.66288,2.28031,-1.02696,72.39051,-8.299373,-6.657067,0.48684,,,,,,,,,,,,8.33662,-1.10638,-3.3541,50,5.83557,7.453,-114.89251,-0.57034,10.9856,24.09737,-33.63198,STM_GAE,SAN_GAU,RonaldGallagherStad,D1,WCC,20260324-RonaldGallagherStad-1,a84f4e40-27f0-11f1-b8ea-f9a2eeae71cc,77.42272,,,6.92635,,,,,,,c9e67c30-a63b-4587-9ae4-a41912f8aeeb,2026-03-25,02:16:38.84,2026-03-24T19:16:38.8446208-07:00,2026-03-25T02:16:38.8446208Z,,v3,471428,471258,d6bb620095054923be50e712cd675082,"Armstrong, Ian",1000321869,Right,STM_GAE,c5d3fcfe-9792-4cdd-bbf3-8cf4a87c75f8,55.00834,-115.9382,12.04868,5.82865,0.88908,-16.81599,-3.66718,6.97629,5.4928,,,,,,,,,,,,,,,,,,,,,,,,,,,,,,,,,,,,,,,,,,,,,,,,,,,High,High,High,,,,,,,,,,,,,,,,,,,,,,,,,,,,,,,,,,,,
332,2026-03-24,19:16:56.93,3,4,"Kretsch, Sam",832269,Right,STM_GAE,"Haferkamp, Jack",1000111225,Right,SAN_GAU,Undefined,9,Top,2,1,2,Slider,Slider,StrikeSwinging,Strikeout,Undefined,Undefined,0,0,,80.47109,-0.437991,-2.719571,2756.224394,73.785085,8:30,5.78039,3.50497,5.35861,-47.30184,-2.82547,-14.7528,1.42734,-0.27684,73.70218,-9.014178,-5.339217,0.479994,,,,,,,,,,,,6.61807,-0.90138,-3.24931,50,5.70712,6.13069,-116.65189,-2.54676,9.02156,24.1364,-33.40277,STM_GAE,SAN_GAU,RonaldGallagherStad,D1,WCC,20260324-RonaldGallagherStad-1,b31ca7f0-27f0-11f1-b8ea-f9a2eeae71cc,78.52683,,,6.76892,,,,,,,c9e67c30-a63b-4587-9ae4-a41912f8aeeb,2026-03-25,02:16:56.93,2026-03-24T19:16:56.9381888-07:00,2026-03-25T02:16:56.9381888Z,,v3,471428,471258,d6bb620095054923be50e712cd675082,"Armstrong, Ian",1000321869,Right,STM_GAE,75983ee3-c49d-41a9-87a2-c2e8ba20ebdc,55.14399,-117.71142,12.0682,5.78673,-1.08046,-16.70139,-3.50974,5.73466,4.51078,,,,,,,,,,,,,,,,,,,,,,,,,,,,,,,,,,,,,,,,,,,,,,,,,,,High,High,High,,,,,,,,,,,,,,,,,,,,,,,,,,,,,,,,,,,,