PitchNo,Date,Time,PAofInning,PitchofPA,Pitcher,PitcherId,PitcherThrows,PitcherTeam,Batter,BatterId,BatterSide,BatterTeam,PitcherSet,Inning,Top/Bottom,Outs,Balls,Strikes,TaggedPitchType,AutoPitchType,PitchCall,KorBB,TaggedHitType,PlayResult,OutsOnPlay,RunsScored,Notes,RelSpeed,VertRelAngle,HorzRelAngle,SpinRate,SpinAxis,Tilt,RelHeight,RelSide,Extension,VertBreak,InducedVertBreak,HorzBreak,PlateLocHeight,PlateLocSide,ZoneSpeed,VertApprAngle,HorzApprAngle,ZoneTime,ExitSpeed,Angle,Direction,HitSpinRate,PositionAt110X,PositionAt110Y,PositionAt110Z,Distance,LastTrackedDistance,Bearing,HangTime,pfxx,pfxz,x0,y0,z0,vx0,vy0,vz0,ax0,ay0,az0,HomeTeam,AwayTeam,Stadium,Level,League,GameID,PitchUID,EffectiveVelo,MaxHeight,MeasuredDuration,SpeedDrop,PitchLastMeasuredX,PitchLastMeasuredY,PitchLastMeasuredZ,ContactPositionX,ContactPositionY,ContactPositionZ,GameUID,UTCDate,UTCTime,LocalDateTime,UTCDateTime,AutoHitType,System,HomeTeamForeignID,AwayTeamForeignID,GameForeignID,Catcher,CatcherId,CatcherThrows,CatcherTeam,PlayID,PitchTrajectoryXc0,PitchTrajectoryXc1,PitchTrajectoryXc2,PitchTrajectoryYc0,PitchTrajectoryYc1,PitchTrajectoryYc2,PitchTrajectoryZc0,PitchTrajectoryZc1,PitchTrajectoryZc2,HitSpinAxis,HitTrajectoryXc0,HitTrajectoryXc1,HitTrajectoryXc2,HitTrajectoryXc3,HitTrajectoryXc4,HitTrajectoryXc5,HitTrajectoryXc6,HitTrajectoryXc7,HitTrajectoryXc8,HitTrajectoryYc0,HitTrajectoryYc1,HitTrajectoryYc2,HitTrajectoryYc3,HitTrajectoryYc4,HitTrajectoryYc5,HitTrajectoryYc6,HitTrajectoryYc7,HitTrajectoryYc8,HitTrajectoryZc0,HitTrajectoryZc1,HitTrajectoryZc2,HitTrajectoryZc3,HitTrajectoryZc4,HitTrajectoryZc5,HitTrajectoryZc6,HitTrajectoryZc7,HitTrajectoryZc8,ThrowSpeed,PopTime,ExchangeTime,TimeToBase,CatchPositionX,CatchPositionY,CatchPositionZ,ThrowPositionX,ThrowPositionY,ThrowPositionZ,BasePositionX,BasePositionY,BasePositionZ,ThrowTrajectoryXc0,ThrowTrajectoryXc1,ThrowTrajectoryXc2,ThrowTrajectoryYc0,ThrowTrajectoryYc1,ThrowTrajectoryYc2,ThrowTrajectoryZc0,ThrowTrajectoryZc1,ThrowTrajectoryZc2,PitchReleaseConfidence,PitchLocationConfidence,PitchMovementConfidence,HitLaunchConfidence,HitLandingConfidence,CatcherThrowCatchConfidence,CatcherThrowReleaseConfidence,CatcherThrowLocationConfidence,SpinAxis3dTransverseAngle,SpinAxis3dLongitudinalAngle,SpinAxis3dActiveSpinRate,SpinAxis3dSpinEfficiency,SpinAxis3dTilt,SpinAxis3dVectorX,SpinAxis3dVectorY,SpinAxis3dVectorZ,SpinAxis3dSeamOrientationRotationX,SpinAxis3dSeamOrientationRotationY,SpinAxis3dSeamOrientationRotationZ,SpinAxis3dSeamOrientationBallAngleHorizontalAmb1,SpinAxis3dSeamOrientationBallAngleVerticalAmb1,SpinAxis3dSeamOrientationBallXAmb1,SpinAxis3dSeamOrientationBallYAmb1,SpinAxis3dSeamOrientationBallZAmb1,SpinAxis3dSeamOrientationBallAngleHorizontalAmb2,SpinAxis3dSeamOrientationBallAngleVerticalAmb2,SpinAxis3dSeamOrientationBallXAmb2,SpinAxis3dSeamOrientationBallYAmb2,SpinAxis3dSeamOrientationBallZAmb2,SpinAxis3dSeamOrientationBallAngleHorizontalAmb3,SpinAxis3dSeamOrientationBallAngleVerticalAmb3,SpinAxis3dSeamOrientationBallXAmb3,SpinAxis3dSeamOrientationBallYAmb3,SpinAxis3dSeamOrientationBallZAmb3,SpinAxis3dSeamOrientationBallAngleHorizontalAmb4,SpinAxis3dSeamOrientationBallAngleVerticalAmb4,SpinAxis3dSeamOrientationBallXAmb4,SpinAxis3dSeamOrientationBallYAmb4,SpinAxis3dSeamOrientationBallZAmb4
1,2026-03-24,18:04:58.18,1,1,"Canalichio, Will",1000305076,Left,TEX_BOB,"Garza-Gongora, Rocco",805037,Left,UTR_VAQ,Undefined,1,Top,0,0,0,Fastball,Four-Seam,FoulBallNotFieldable,Undefined,Undefined,Undefined,0,0,,91.61915,-1.909551,1.34006,2133.82593,176.827642,12:00,6.1926,-1.38301,5.72619,-15.49198,17.9032,-0.93516,3.12185,-0.21255,84.01127,-4.844395,1.1728,0.415923,73.61528,19.041472,-166.97311,2582.173223,,,,,51.76753,,,0.83898,9.96083,1.27172,50,6.0237,-3.0715,-133.03672,-4.91582,1.50846,27.67094,-14.26431,TEX_BOB,UTR_VAQ,TexasStateUniversity,D1,SBELT,20260324-TexasStateUniversity-1,dc35b2a0-27d5-11f1-b396-7fdcd427690d,90.62355,16.67056,,7.60788,,,,2.04724,3.05414,0.24278,5d42d121-7b79-486a-9f77-85b5a028b7ae,2026-03-24,23:04:58.18,2026-03-24T18:04:58.1861376-05:00,2026-03-24T23:04:58.1861376Z,,v3,471452,471407,94d7b8dbc2134927a2dd9771b85d27fc,"Namken, Clayton",10125205,Right,TEX_BOB,c6c84343-ff76-4df3-81f6-8c7914ec3318,54.77593,-134.02641,13.83547,6.19039,-4.40564,-7.13216,1.38254,-3.12546,0.75423,76.953565,2.04724,-99.43452,7.84512,0.57799,-0.04867,0.02929,-0.02241,0.00365,0.00046,3.05414,35.22512,-20.53662,2.38001,-0.28554,0.09971,-0.01498,-0.0031,0.00099,0.24278,-23.00543,6.80837,-0.89868,0.16135,-0.04287,0.00326,0.00167,-0.00034,,,,,,,,,,,,,,,,,,,,,,,High,High,High,High,Undefined,,,,158.886001,-28.024385,1883.629937,0.882748,11:15,0.478123,0.333467,-0.812526,7.613546,-44.941587,19.455372,169.868541,-1.431034,0.175852,-0.024974,-0.9841,1.453692,-10.128266,0.024974,-0.175852,0.9841,-1.453692,10.128266,-0.024974,0.175852,0.9841,-169.868541,1.431034,-0.175852,0.024974,-0.9841
2,2026-03-24,18:05:18.89,1,2,"Canalichio, Will",1000305076,Left,TEX_BOB,"Garza-Gongora, Rocco",805037,Left,UTR_VAQ,Undefined,1,Top,0,0,1,Slider,Cutter,BallCalled,Undefined,Undefined,Undefined,0,0,,81.82759,0.270581,0.516665,2216.109897,193.604638,12:30,6.14106,-1.6238,5.96171,-31.00663,9.84162,2.12736,3.80811,-0.9674,76.2177,-5.466551,0.899084,0.46,,,,,,,,,,,,-0.97528,5.34634,1.58162,50,6.14502,-1.15469,-119.1021,-0.40075,-1.4272,18.84432,-24.35014,TEX_BOB,UTR_VAQ,TexasStateUniversity,D1,SBELT,20260324-TexasStateUniversity-1,e896a4a0-27d5-11f1-b396-7fdcd427690d,81.94005,,,5.60988,,,,,,,5d42d121-7b79-486a-9f77-85b5a028b7ae,2026-03-24,23:05:18.89,2026-03-24T18:05:18.8984320-05:00,2026-03-24T23:05:18.8984320Z,,v3,471452,471407,94d7b8dbc2134927a2dd9771b85d27fc,"Namken, Clayton",10125205,Right,TEX_BOB,e96282c4-208e-4e07-892e-84084e5119cd,54.54068,-119.81837,9.42216,6.14266,0.5248,-12.17507,1.62448,-1.10044,-0.7136,,,,,,,,,,,,,,,,,,,,,,,,,,,,,,,,,,,,,,,,,,,,,,,,,,,High,High,High,,,,,,197.500473,-66.757976,874.512312,0.394616,12:30,0.921632,-0.123004,-0.368055,-27.987388,1.28074,-43.366817,94.153806,40.136311,0.762505,0.644608,-0.055377,85.089907,49.685517,0.644608,0.762505,0.055377,-85.089907,-49.685517,-0.644608,-0.762505,0.055377,-94.153806,-40.136311,-0.762505,-0.644608,-0.055377
3,2026-03-24,18:05:36.72,1,3,"Canalichio, Will",1000305076,Left,TEX_BOB,"Garza-Gongora, Rocco",805037,Left,UTR_VAQ,Undefined,1,Top,0,1,1,Slider,Curveball,BallCalled,Undefined,Undefined,Undefined,0,0,,76.31132,2.409194,0.751671,2046.351318,272.976562,3:00,6.27511,-1.20345,5.0594,-48.29176,0.95717,9.15591,4.52435,0.26845,70.30222,-6.349499,2.368923,0.505091,,,,,,,,,,,,-4.33709,0.31028,1.12437,50,6.46597,-1.81947,-110.73405,2.9884,-5.42108,18.53979,-31.7862,TEX_BOB,UTR_VAQ,TexasStateUniversity,D1,SBELT,20260324-TexasStateUniversity-1,f33a5640-27d5-11f1-b396-7fdcd427690d,74.62499,,,6.0091,,,,,,,5d42d121-7b79-486a-9f77-85b5a028b7ae,2026-03-24,23:05:36.72,2026-03-24T18:05:36.7268864-05:00,2026-03-24T23:05:36.7268864Z,,v3,471452,471407,94d7b8dbc2134927a2dd9771b85d27fc,"Namken, Clayton",10125205,Right,TEX_BOB,7315f9f6-a753-4c0f-8b01-91392f2b53d0,55.4431,-111.64165,9.2699,6.28159,4.54447,-15.8931,1.20695,-1.55408,-2.71054,,,,,,,,,,,,,,,,,,,,,,,,,,,,,,,,,,,,,,,,,,,,,,,,,,,High,High,High,,,,,,295.682293,-74.764654,537.749312,0.262784,3:45,0.95247,-0.277174,0.126392,-12.951841,-5.864111,-41.194375,107.642184,65.14634,0.400534,0.907384,-0.127382,82.00885,23.611587,0.907384,0.400534,0.127382,-82.00885,-23.611587,-0.907384,-0.400534,0.127382,-107.642184,-65.14634,-0.400534,-0.907384,-0.127382
4,2026-03-24,18:05:56.11,1,4,"Canalichio, Will",1000305076,Left,TEX_BOB,"Garza-Gongora, Rocco",805037,Left,UTR_VAQ,Undefined,1,Top,0,2,1,Fastball,Four-Seam,InPlay,Undefined,GroundBall,Out,1,0,,89.89792,-2.709339,1.975687,2112.388006,169.776451,11:45,6.00438,-1.75531,5.95011,-20.51655,13.84139,-2.3102,1.77834,-0.11462,82.8477,-6.54122,1.560718,0.421876,104.50183,-8.34615,-9.186358,,,,,12.57224,12.57224,-7.340281,0.073927,1.70913,8.14296,1.59936,50,5.77691,-4.40681,-130.50322,-6.83411,2.96505,25.93342,-18.04732,TEX_BOB,UTR_VAQ,TexasStateUniversity,D1,SBELT,20260324-TexasStateUniversity-1,fec27470-27d5-11f1-b396-7fdcd427690d,89.34485,1.6461,,7.05023,,,,1.39282,1.6461,0.18502,5d42d121-7b79-486a-9f77-85b5a028b7ae,2026-03-24,23:05:56.11,2026-03-24T18:05:56.1158656-05:00,2026-03-24T23:05:56.1158656Z,GroundBall,v3,471452,471407,94d7b8dbc2134927a2dd9771b85d27fc,"Namken, Clayton",10125205,Right,TEX_BOB,cb3da307-6ff5-4efb-b8c8-873473a9b03f,54.55241,-131.40475,12.96671,6.00359,-6.20672,-9.02366,1.75435,-4.50989,1.48252,180,1.39129,149.82962,,,,,,,,1.64632,-22.26663,,,,,,,,0.18527,-24.2305,,,,,,,,,,,,,,,,,,,,,,,,,,,,,,High,High,High,High,High,,,,160.943234,-29.064443,1846.383149,0.874074,11:15,0.499962,0.308033,-0.809415,-10.351844,-51.495672,41.889044,164.097787,-3.980772,0.273335,-0.069422,-0.95941,4.138636,-15.862834,0.069422,-0.273335,0.95941,-4.138636,15.862834,-0.069422,0.273335,0.95941,-164.097787,3.980772,-0.273335,0.069422,-0.95941
5,2026-03-24,18:06:29.66,2,1,"Canalichio, Will",1000305076,Left,TEX_BOB,"Williams, Thomas",1000123122,Right,UTR_VAQ,Undefined,1,Top,1,0,0,Fastball,Four-Seam,BallCalled,Undefined,Undefined,Undefined,0,0,,91.87824,-1.550494,1.412915,2278.597866,166.191323,11:30,6.21864,-1.19203,5.72809,-15.7893,17.35001,-4.01799,3.45796,-0.21062,84.34902,-4.537135,0.694217,0.414327,,,,,,,,,,,,2.41461,9.54501,1.07661,50,6.07951,-3.11348,-133.44133,-4.10441,4.37762,27.2408,-14.8691,TEX_BOB,UTR_VAQ,TexasStateUniversity,D1,SBELT,20260324-TexasStateUniversity-1,12c067c0-27d6-11f1-b396-7fdcd427690d,90.97268,,,7.52922,,,,,,,5d42d121-7b79-486a-9f77-85b5a028b7ae,2026-03-24,23:06:29.66,2026-03-24T18:06:29.6698880-05:00,2026-03-24T23:06:29.6698880Z,,v3,471452,471407,94d7b8dbc2134927a2dd9771b85d27fc,"Namken, Clayton",10125205,Right,TEX_BOB,b5bfd96a-d03f-45f1-9a2e-f7da95449c1c,54.77318,-134.4122,13.6204,6.21635,-3.57447,-7.43455,1.19035,-3.2695,2.18881,,,,,,,,,,,,,,,,,,,,,,,,,,,,,,,,,,,,,,,,,,,,,,,,,,,High,High,High,,,,,,168.865074,-30.560803,1962.077992,0.86109,11:45,0.524446,0.179991,-0.832202,-4.458953,-47.785278,21.0839,165.858061,-3.151445,0.243955,-0.054975,-0.968227,3.249731,-14.120108,0.054975,-0.243955,0.968227,-3.249731,14.120108,-0.054975,0.243955,0.968227,-165.858061,3.151445,-0.243955,0.054975,-0.968227
6,2026-03-24,18:06:46.55,2,2,"Canalichio, Will",1000305076,Left,TEX_BOB,"Williams, Thomas",1000123122,Right,UTR_VAQ,Undefined,1,Top,1,1,0,Fastball,Cutter,BallCalled,Undefined,Undefined,Undefined,0,0,,89.57825,-4.47577,2.276546,2092.803612,188.89471,12:15,5.9528,-1.70343,6.07255,-23.29214,11.4293,1.61866,-0.14171,0.53923,82.55177,-8.785914,2.568062,0.424102,,,,,,,,,,,,-0.22122,7.463,1.52614,50,5.59272,-5.22217,-129.76199,-10.90967,-0.37758,26.89399,-19.4364,TEX_BOB,UTR_VAQ,TexasStateUniversity,D1,SBELT,20260324-TexasStateUniversity-1,1cc875a0-27d6-11f1-b396-7fdcd427690d,88.87589,,,7.02647,,,,,,,5d42d121-7b79-486a-9f77-85b5a028b7ae,2026-03-24,23:06:46.55,2026-03-24T18:06:46.5543680-05:00,2026-03-24T23:06:46.5543680Z,,v3,471452,471407,94d7b8dbc2134927a2dd9771b85d27fc,"Namken, Clayton",10125205,Right,TEX_BOB,e6e9e1d3-0cb0-4537-9c2c-096e99a947f7,54.43098,-130.67711,13.447,5.95269,-10.2483,-9.7182,1.70362,-5.20932,-0.18879,,,,,,,,,,,,,,,,,,,,,,,,,,,,,,,,,,,,,,,,,,,,,,,,,,,High,High,High,,,,,,163.073956,-38.578561,1636.057306,0.781754,11:30,0.633156,0.275567,-0.72331,-5.663847,-44.658563,47.201323,176.589317,10.44017,0.058508,0.181209,-0.981703,10.458287,3.354153,0.181209,0.058508,0.981703,-10.458287,-3.354153,-0.181209,-0.058508,0.981703,-176.589317,-10.44017,-0.058508,-0.181209,-0.981703
7,2026-03-24,18:07:07.12,2,3,"Canalichio, Will",1000305076,Left,TEX_BOB,"Williams, Thomas",1000123122,Right,UTR_VAQ,Undefined,1,Top,1,2,0,Fastball,Four-Seam,StrikeCalled,Undefined,Undefined,Undefined,0,0,,91.19207,-2.191451,0.454859,2061.474408,186.950773,12:15,6.19071,-1.40727,6.43126,-14.55229,18.29899,2.10595,2.96278,-0.8137,83.55463,-4.993355,0.836726,0.412522,,,,,,,,,,,,-0.97354,10.47012,1.37402,50,6.02771,-1.13687,-132.52667,-5.43945,-1.73421,27.89505,-13.52327,TEX_BOB,UTR_VAQ,TexasStateUniversity,D1,SBELT,20260324-TexasStateUniversity-1,291cbd70-27d6-11f1-b396-7fdcd427690d,91.37067,,,7.63744,,,,,,,5d42d121-7b79-486a-9f77-85b5a028b7ae,2026-03-24,23:07:07.12,2026-03-24T18:07:07.1216128-05:00,2026-03-24T23:07:07.1216128Z,,v3,471452,471407,94d7b8dbc2134927a2dd9771b85d27fc,"Namken, Clayton",10125205,Right,TEX_BOB,f3512a0a-5e0e-4636-bd08-a6e8789e0160,54.06957,-133.38051,13.94753,6.18787,-5.02552,-6.76164,1.40801,-1.08379,-0.8671,,,,,,,,,,,,,,,,,,,,,,,,,,,,,,,,,,,,,,,,,,,,,,,,,,,High,High,High,,,,,,161.59951,-26.587752,1843.473357,0.89425,11:30,0.443169,0.299184,-0.845038,-7.78334,-42.769537,41.731336,169.317825,-3.547274,0.185006,-0.061872,-0.980788,3.609667,-10.661469,0.061872,-0.185006,0.980788,-3.609667,10.661469,-0.061872,0.185006,0.980788,-169.317825,3.547274,-0.185006,0.061872,-0.980788
8,2026-03-24,18:07:25.88,2,4,"Canalichio, Will",1000305076,Left,TEX_BOB,"Williams, Thomas",1000123122,Right,UTR_VAQ,Undefined,1,Top,1,2,1,Slider,Slider,BallCalled,Undefined,Undefined,Undefined,0,0,,81.16838,2.806245,-0.815259,2126.749236,228.352375,1:30,6.10908,-1.62054,5.66885,-36.63888,5.99166,5.31796,5.67481,-1.9376,74.36158,-3.958781,0.134369,0.469929,,,,,,,,,,,,-2.86221,2.7689,1.6863,50,6.3237,1.45485,-117.76348,4.5538,-4.04365,21.10125,-28.26225,TEX_BOB,UTR_VAQ,TexasStateUniversity,D1,SBELT,20260324-TexasStateUniversity-1,344619d0-27d6-11f1-b396-7fdcd427690d,80.20886,,,6.80681,,,,,,,5d42d121-7b79-486a-9f77-85b5a028b7ae,2026-03-24,23:07:25.88,2026-03-24T18:07:25.8810880-05:00,2026-03-24T23:07:25.8810880Z,,v3,471452,471407,94d7b8dbc2134927a2dd9771b85d27fc,"Namken, Clayton",10125205,Right,TEX_BOB,6d4e6949-932f-4caf-b64c-01662710e96a,54.82968,-118.62572,10.55062,6.11403,5.70866,-14.13113,1.62348,1.62008,-2.02182,,,,,,,,,,,,,,,,,,,,,,,,,,,,,,,,,,,,,,,,,,,,,,,,,,,High,High,High,,,,,,203.667662,-65.516704,881.384291,0.414428,12:45,0.895354,-0.210721,-0.392349,-39.434914,6.775444,-67.814361,105.865024,35.14892,0.786513,0.575704,-0.223525,68.780599,51.860786,0.575704,0.786513,0.223525,-68.780599,-51.860786,-0.575704,-0.786513,0.223525,-105.865024,-35.14892,-0.786513,-0.575704,-0.223525
9,2026-03-24,18:07:52.51,2,5,"Canalichio, Will",1000305076,Left,TEX_BOB,"Williams, Thomas",1000123122,Right,UTR_VAQ,Undefined,1,Top,1,3,1,Fastball,Four-Seam,BallCalled,Walk,Undefined,Undefined,0,0,,90.17219,-0.290355,0.482302,1860.460611,184.412072,12:15,6.20417,-1.6495,6.38907,-21.49163,11.86044,0.84248,4.14611,-1.13564,83.2125,-4.340638,0.634957,0.415655,,,,,,,,,,,,-0.3176,6.56244,1.61447,50,6.17318,-1.13826,-131.22112,-1.31022,-0.55928,25.18835,-20.61833,TEX_BOB,UTR_VAQ,TexasStateUniversity,D1,SBELT,20260324-TexasStateUniversity-1,441afce0-27d6-11f1-b396-7fdcd427690d,90.6821,,,6.95968,,,,,,,5d42d121-7b79-486a-9f77-85b5a028b7ae,2026-03-24,23:07:52.51,2026-03-24T18:07:52.5100544-05:00,2026-03-24T23:07:52.5100544Z,,v3,471452,471407,94d7b8dbc2134927a2dd9771b85d27fc,"Namken, Clayton",10125205,Right,TEX_BOB,dcabcbe6-40a5-4b4d-b226-092071a2dd70,54.1124,-132.00815,12.59417,6.20405,-0.66598,-10.30917,1.64976,-1.12079,-0.27964,,,,,,,,,,,,,,,,,,,,,,,,,,,,,,,,,,,,,,,,,,,,,,,,,,,High,High,High,,,,,,163.794714,-31.795839,1581.263077,0.849931,11:30,0.532537,0.239866,-0.811707,-8.414205,-41.783046,31.91284,173.71205,-3.880407,0.109274,-0.067674,-0.991705,3.903821,-6.273476,0.067674,-0.109274,0.991705,-3.903821,6.273476,-0.067674,0.109274,0.991705,-173.71205,3.880407,-0.109274,0.067674,-0.991705
10,2026-03-24,18:08:27.80,3,1,"Canalichio, Will",1000305076,Left,TEX_BOB,"Raygoza, Armani",831193,Left,UTR_VAQ,Undefined,1,Top,1,0,0,Fastball,Four-Seam,BallCalled,Undefined,Undefined,Undefined,0,0,,90.64573,-2.526747,0.508113,1876.026084,168.655913,11:30,6.17516,-1.46626,6.50671,-18.84221,14.11556,-2.63902,2.28433,-1.21982,83.70326,-6.089779,0.028663,0.41319,,,,,,,,,,,,1.5165,8.35599,1.43185,50,5.99005,-1.06698,-131.80772,-6.3513,2.68941,25.89981,-17.35544,TEX_BOB,UTR_VAQ,TexasStateUniversity,D1,SBELT,20260324-TexasStateUniversity-1,592b2380-27d6-11f1-b396-7fdcd427690d,91.22292,,,6.94246,,,,,,,5d42d121-7b79-486a-9f77-85b5a028b7ae,2026-03-24,23:08:27.80,2026-03-24T18:08:27.8004224-05:00,2026-03-24T23:08:27.8004224Z,,v3,471452,471407,94d7b8dbc2134927a2dd9771b85d27fc,"Namken, Clayton",10125205,Right,TEX_BOB,b1c03bf3-07dd-443a-883d-cb46476bc367,53.99567,-132.59054,12.94991,6.17409,-5.82674,-8.67772,1.46532,-1.14826,1.3447,,,,,,,,,,,,,,,,,,,,,,,,,,,,,,,,,,,,,,,,,,,,,,,,,,,High,High,High,,,,,,164.743344,-31.940314,1591.995104,0.8486,11:30,0.525917,0.246409,-0.81406,-2.304019,-41.00635,35.551296,174.088831,3.770105,0.102764,0.065753,-0.99253,3.7902,5.898331,0.065753,0.102764,0.99253,-3.7902,-5.898331,-0.065753,-0.102764,0.99253,-174.088831,-3.770105,-0.102764,-0.065753,-0.99253
11,2026-03-24,18:08:47.41,3,2,"Canalichio, Will",1000305076,Left,TEX_BOB,"Raygoza, Armani",831193,Left,UTR_VAQ,Undefined,1,Top,1,1,0,Fastball,Four-Seam,StrikeCalled,Undefined,Undefined,Undefined,0,0,,90.11311,-2.381979,1.251633,2009.486173,176.693891,12:00,6.06761,-1.57505,6.22503,-20.13552,13.54394,-0.72634,2.18996,-0.48049,83.31296,-6.159339,1.12042,0.41769,,,,,,,,,,,,0.69059,7.93469,1.48179,50,5.87914,-2.83255,-130.97864,-6.06222,1.2113,25.14938,-18.25642,TEX_BOB,UTR_VAQ,TexasStateUniversity,D1,SBELT,20260324-TexasStateUniversity-1,64d91930-27d6-11f1-b396-7fdcd427690d,90.24022,,,6.80015,,,,,,,5d42d121-7b79-486a-9f77-85b5a028b7ae,2026-03-24,23:08:47.41,2026-03-24T18:08:47.4120000-05:00,2026-03-24T23:08:47.4120000Z,,v3,471452,471407,94d7b8dbc2134927a2dd9771b85d27fc,"Namken, Clayton",10125205,Right,TEX_BOB,7501e0be-7bfc-4b31-b7de-1240fb7bedbe,54.27716,-131.79734,12.57469,6.06681,-5.46791,-9.12821,1.57464,-2.87198,0.60565,,,,,,,,,,,,,,,,,,,,,,,,,,,,,77.19853,2.170794,0.86784,1.302954,-0.34084,1.99806,0.44618,-0.29022,6.15186,0.87122,127.30343,7.69626,1.24561,-0.13769,110.18438,-9.60501,6.17591,17.07891,-12.23277,0.82092,-2.71924,2.37181,High,High,High,,,High,Medium,Medium,165.200419,-33.567567,1674.372923,0.833234,11:30,0.561063,0.235637,-0.793526,5.72146,-45.247506,20.570871,172.178608,4.342556,0.135695,0.075719,-0.987853,4.383176,7.798798,0.075719,0.135695,0.987853,-4.383176,-7.798798,-0.075719,-0.135695,0.987853,-172.178608,-4.342556,-0.135695,-0.075719,-0.987853
12,2026-03-24,18:09:15.48,3,3,"Canalichio, Will",1000305076,Left,TEX_BOB,"Raygoza, Armani",831193,Left,UTR_VAQ,Undefined,1,Top,1,1,1,Curveball,Slider,FoulBallNotFieldable,Undefined,Undefined,Undefined,0,0,,76.18843,0.596308,0.377942,2050.395351,306.962979,4:15,6.24069,-1.56882,5.36857,-58.20023,-9.01422,14.02398,1.94984,-0.04576,70.21153,-9.938985,2.877588,0.504769,,,,,,,,,,,,-7.04402,-4.43736,1.52423,50,6.25193,-1.24892,-110.68479,-0.78366,-8.69292,20.71747,-37.65016,TEX_BOB,UTR_VAQ,TexasStateUniversity,D1,SBELT,20260324-TexasStateUniversity-1,75b64480-27d6-11f1-b396-7fdcd427690d,74.67272,,,5.9769,,,,,,,5d42d121-7b79-486a-9f77-85b5a028b7ae,2026-03-24,23:09:15.48,2026-03-24T18:09:15.4842624-05:00,2026-03-24T23:09:15.4842624Z,,v3,471452,471407,94d7b8dbc2134927a2dd9771b85d27fc,"Namken, Clayton",10125205,Right,TEX_BOB,7b35be7a-3ad9-424d-9b2b-761df43a05ac,55.13765,-111.64229,10.35874,6.24794,0.95642,-18.82508,1.57267,-0.84717,-4.34646,,,,,,,,,,,,,,,,,,,,,,,,,,,,,,,,,,,,,,,,,,,,,,,,,,,High,High,High,,,,,,300.916789,-74.162347,559.578587,0.272913,4:00,0.958604,-0.244135,0.146547,-22.218426,-22.388814,-45.05546,91.798756,57.296487,0.540026,0.841478,-0.016959,88.84541,32.685387,0.841478,0.540026,0.016959,-88.84541,-32.685387,-0.841478,-0.540026,0.016959,-91.798756,-57.296487,-0.540026,-0.841478,-0.016959
13,2026-03-24,18:10:02.54,3,4,"Canalichio, Will",1000305076,Left,TEX_BOB,"Raygoza, Armani",831193,Left,UTR_VAQ,Undefined,1,Top,1,1,2,Fastball,Four-Seam,FoulBallNotFieldable,Undefined,Undefined,Undefined,0,0,,91.09912,-2.521408,1.906775,2160.922072,179.146149,12:00,6.21804,-1.36681,5.89789,-18.01942,15.86639,-0.21953,2.37267,0.38585,82.97341,-5.927361,1.867392,0.418967,,,,,,,,,,,,0.67276,9.208,1.21341,50,6.0046,-4.38827,-132.0964,-6.37548,1.18224,29.57182,-15.99281,TEX_BOB,UTR_VAQ,TexasStateUniversity,D1,SBELT,20260324-TexasStateUniversity-1,91a2b480-27d6-11f1-b396-7fdcd427690d,89.96509,,,8.12571,,,,,,,5d42d121-7b79-486a-9f77-85b5a028b7ae,2026-03-24,23:10:02.54,2026-03-24T18:10:02.5461248-05:00,2026-03-24T23:10:02.5461248Z,,v3,471452,471407,94d7b8dbc2134927a2dd9771b85d27fc,"Namken, Clayton",10125205,Right,TEX_BOB,e72b498b-364a-4fa0-bc47-3128e282c521,54.60244,-133.12274,14.78591,6.21624,-5.82043,-7.9964,1.36642,-4.4293,0.59112,,,,,,,,,,,,,,,,,,,,,,,,,,,,,,,,,,,,,,,,,,,,,,,,,,,High,High,High,,,,,,169.161804,-29.317784,1884.145409,0.871917,11:45,0.510194,0.185334,-0.839853,-9.858378,-37.112089,28.585856,175.447938,-5.167882,0.079042,-0.090074,-0.992793,5.184146,-4.53352,0.090074,-0.079042,0.992793,-5.184146,4.53352,-0.090074,0.079042,0.992793,-175.447938,5.167882,-0.079042,0.090074,-0.992793
14,2026-03-24,18:10:32.61,3,5,"Canalichio, Will",1000305076,Left,TEX_BOB,"Raygoza, Armani",831193,Left,UTR_VAQ,Undefined,1,Top,1,1,2,Fastball,Four-Seam,FoulBallNotFieldable,Undefined,Undefined,Undefined,0,0,,91.70418,-1.874127,1.516462,2213.659739,170.115141,11:45,6.20065,-1.6346,5.96645,-15.6843,17.46501,-2.85898,3.15465,-0.46641,83.80147,-4.862576,1.002832,0.414389,77.76975,31.332729,-47.744279,4068.039765,68.95694,52.2109,-85.70236,263.20097,147.77553,-55.658011,3.948643,1.89764,9.8243,1.51595,50,6.04323,-3.40331,-133.14772,-4.81956,3.40448,28.75116,-14.54847,TEX_BOB,UTR_VAQ,TexasStateUniversity,D1,SBELT,20260324-TexasStateUniversity-1,a38e1b80-27d6-11f1-b396-7fdcd427690d,90.95897,55.97565,,7.90271,,,,0.88829,3.03594,0.55581,5d42d121-7b79-486a-9f77-85b5a028b7ae,2026-03-24,23:10:32.61,2026-03-24T18:10:32.6170112-05:00,2026-03-24T23:10:32.6170112Z,FlyBall,v3,471452,471407,94d7b8dbc2134927a2dd9771b85d27fc,"Namken, Clayton",10125205,Right,TEX_BOB,4c635b04-718f-4553-9747-d76e62c8e32a,54.535,-134.12341,14.37558,6.19841,-4.32585,-7.27424,1.6334,-3.51884,1.70224,141.980642,0.88807,65.52649,-15.37886,4.11448,-0.96728,0.22496,-0.05288,0.00885,-0.00063,3.03706,59.27646,-17.83767,0.4681,0.38871,-0.26848,0.08908,-0.01436,0.00089,0.55573,-72.1096,7.5432,-1.32277,0.21222,-0.0497,0.01632,-0.00344,0.00028,,,,,,,,,,,,,,,,,,,,,,,High,High,High,High,Low,,,,164.789745,-27.246433,1968.044543,0.889046,11:30,0.472492,0.248099,-0.845694,-8.73809,-36.495551,40.663719,175.104424,-1.843313,0.085296,-0.032166,-0.995836,1.850057,-4.893037,0.032166,-0.085296,0.995836,-1.850057,4.893037,-0.032166,0.085296,0.995836,-175.104424,1.843313,-0.085296,0.032166,-0.995836
15,2026-03-24,18:10:59.23,3,6,"Canalichio, Will",1000305076,Left,TEX_BOB,"Raygoza, Armani",831193,Left,UTR_VAQ,Undefined,1,Top,1,1,2,Curveball,Curveball,InPlay,Undefined,GroundBall,Single,0,1,,76.22554,1.567222,0.358233,2108.766549,308.263782,4:15,6.12784,-1.19695,5.39848,-56.50157,-8.12197,11.94603,2.88849,0.13428,71.0136,-8.655996,2.486088,0.500613,100.42203,-2.451344,14.943214,2260.151797,,,,34.89381,34.3974,14.269674,0.23061,-5.99863,-4.21555,1.15604,50,6.22692,-1.13194,-110.87554,1.15618,-7.55032,17.75928,-37.48007,TEX_BOB,UTR_VAQ,TexasStateUniversity,D1,SBELT,20260324-TexasStateUniversity-1,b373a060-27d6-11f1-b396-7fdcd427690d,75.29249,3.04326,,5.21194,,,,2.1996,3.04326,-0.06741,5d42d121-7b79-486a-9f77-85b5a028b7ae,2026-03-24,23:10:59.23,2026-03-24T18:10:59.2343040-05:00,2026-03-24T23:10:59.2343040Z,GroundBall,v3,471452,471407,94d7b8dbc2134927a2dd9771b85d27fc,"Namken, Clayton",10125205,Right,TEX_BOB,1289c17a-b94b-4c56-9860-2963accf734e,55.10873,-111.69083,8.87964,6.13435,2.87679,-18.74004,1.20005,-0.78533,-3.77516,344.076698,2.20069,142.11174,-21.75368,,,,,,,3.04628,-6.47363,-29.26934,,,,,,,-0.06777,37.9653,-1.62106,,,,,,,,,,,,,,,,,,,,,,,,,,,,,High,High,High,High,High,,,,316.082138,-66.589188,837.857364,0.397321,4:30,0.907992,-0.300588,0.291887,-8.519557,-19.590342,-60.821839,101.950992,49.668493,0.633181,0.762313,-0.134021,80.02883,39.285193,0.762313,0.633181,0.134021,-80.02883,-39.285193,-0.762313,-0.633181,0.134021,-101.950992,-49.668493,-0.633181,-0.762313,-0.134021
16,2026-03-24,18:11:40.36,4,1,"Canalichio, Will",1000305076,Left,TEX_BOB,"Ramirez, Julius",1000361309,Right,UTR_VAQ,Undefined,1,Top,1,0,0,Curveball,Slider,StrikeCalled,Undefined,Undefined,Undefined,0,0,,77.44276,0.815502,1.226927,2149.061992,302.630701,4:00,6.21372,-1.5128,5.16976,-56.53212,-8.06823,15.19737,2.27044,0.90853,70.62229,-9.413842,3.922528,0.501049,,,,,,,,,,,,-7.20111,-3.82484,1.38625,50,6.24637,-3.0122,-112.29616,-0.38869,-9.06072,23.11456,-36.98664,TEX_BOB,UTR_VAQ,TexasStateUniversity,D1,SBELT,20260324-TexasStateUniversity-1,cc017c10-27d6-11f1-b396-7fdcd427690d,75.22698,,,6.82047,,,,,,,5d42d121-7b79-486a-9f77-85b5a028b7ae,2026-03-24,23:11:40.36,2026-03-24T18:11:40.3635200-05:00,2026-03-24T23:11:40.3635200Z,,v3,471452,471407,94d7b8dbc2134927a2dd9771b85d27fc,"Namken, Clayton",10125205,Right,TEX_BOB,62594f1d-7a39-4b1e-aa66-f4f9feba29bf,55.33381,-113.38873,11.55728,6.22342,1.35958,-18.49332,1.51851,-2.58392,-4.53036,,,,,,,,,,,,,,,,,,,,,,,,,,,,,,,,,,,,,,,,,,,,,,,,,,,High,High,High,,,,,,301.578518,-76.157878,514.157364,0.239247,4:00,0.965055,-0.217619,0.145983,-6.395037,-2.758488,-52.700306,106.180784,49.825182,0.619567,0.76408,-0.179775,76.760045,38.28451,0.76408,0.619567,0.179775,-76.760045,-38.28451,-0.76408,-0.619567,0.179775,-106.180784,-49.825182,-0.619567,-0.76408,-0.179775
17,2026-03-24,18:11:55.18,4,2,"Canalichio, Will",1000305076,Left,TEX_BOB,"Ramirez, Julius",1000361309,Right,UTR_VAQ,Undefined,1,Top,1,0,1,Fastball,Four-Seam,StrikeCalled,Undefined,Undefined,Undefined,0,0,,91.70568,-1.963287,1.308397,2312.201357,159.688749,11:15,6.09123,-1.91469,6.22891,-17.2117,15.29493,-5.31339,2.84432,-1.15007,84.63017,-5.218403,0.348704,0.410353,,,,,,,,,,,,3.09256,8.73237,1.81951,50,5.93572,-2.82881,-133.33155,-5.08147,5.61869,26.17662,-16.30878,TEX_BOB,UTR_VAQ,TexasStateUniversity,D1,SBELT,20260324-TexasStateUniversity-1,d4da0aa0-27d6-11f1-b396-7fdcd427690d,91.85374,,,7.0755,,,,,,,5d42d121-7b79-486a-9f77-85b5a028b7ae,2026-03-24,23:11:55.18,2026-03-24T18:11:55.1852032-05:00,2026-03-24T23:11:55.1852032Z,,v3,471452,471407,94d7b8dbc2134927a2dd9771b85d27fc,"Namken, Clayton",10125205,Right,TEX_BOB,3700f369-1346-483e-84ac-96df8138ed53,54.27359,-134.16795,13.08831,6.08975,-4.56037,-8.15439,1.91277,-3.00834,2.80935,,,,,,,,,,,,,,,,,,,,,,,,,,,,,,,,,,,,,,,,,,,,,,,,,,,High,High,High,,,,,,160.953571,-28.875734,2024.723357,0.875669,11:15,0.491615,0.302137,-0.816718,-6.758247,-53.064228,35.820228,162.064464,-3.987644,0.307201,-0.069541,-0.9491,4.19062,-17.890645,0.069541,-0.307201,0.9491,-4.19062,17.890645,-0.069541,0.307201,0.9491,-162.064464,3.987644,-0.307201,0.069541,-0.9491
18,2026-03-24,18:12:10.85,4,3,"Canalichio, Will",1000305076,Left,TEX_BOB,"Ramirez, Julius",1000361309,Right,UTR_VAQ,Undefined,1,Top,1,0,2,Curveball,Curveball,InPlay,Undefined,GroundBall,Out,2,0,,79.98399,0.056523,0.386113,2223.977763,310.380818,4:15,6.11745,-1.52784,5.47634,-54.02574,-9.91091,13.15556,1.6682,-0.07022,74.20339,-9.71548,2.736538,0.47804,62.6741,-34.400797,-48.443335,,,,,5.12469,5.12469,-22.413772,0.036757,-6.60288,-4.74319,1.48447,50,6.08482,-1.29032,-116.31055,-1.76226,-9.06976,21.25673,-38.68934,TEX_BOB,UTR_VAQ,TexasStateUniversity,D1,SBELT,20260324-TexasStateUniversity-1,de238370-27d6-11f1-b396-7fdcd427690d,78.84795,1.91559,,5.7806,,,,2.88175,1.91559,0.13941,5d42d121-7b79-486a-9f77-85b5a028b7ae,2026-03-24,23:12:10.85,2026-03-24T18:12:10.8508160-05:00,2026-03-24T23:12:10.8508160Z,GroundBall,v3,471452,471407,94d7b8dbc2134927a2dd9771b85d27fc,"Namken, Clayton",10125205,Right,TEX_BOB,72a38de8-8c52-41fe-9841-10d7479399c4,55.03029,-117.22628,10.62837,6.12484,-0.09555,-19.34467,1.53164,-0.8996,-4.53488,,2.88071,50.48891,,,,,,,,1.91667,-52.11572,,,,,,,,0.14059,-56.95373,,,,,,,,,,,,,,,,,,,,,,,,,,,,,,High,High,High,Estimated,Estimated,,,,299.688544,-72.573957,666.024633,0.299475,4:00,0.952826,-0.261104,0.15475,-11.69666,-14.693371,-54.321692,97.54232,51.451208,0.617789,0.782078,-0.081798,84.029125,38.154871,0.782078,0.617789,0.081798,-84.029125,-38.154871,-0.782078,-0.617789,0.081798,-97.54232,-51.451208,-0.617789,-0.782078,-0.081798
19,2026-03-24,18:15:06.62,1,1,"Bonilla, Robert",831213,Right,UTR_VAQ,"Cotton, Jackson",1000437468,Left,TEX_BOB,Undefined,1,Bottom,0,0,0,Sinker,Sinker,StrikeCalled,Undefined,Undefined,Undefined,0,0,,90.89811,-0.458832,-2.67566,2157.138699,262.119688,2:45,5.33233,1.87887,5.3011,-31.19529,3.36547,16.51426,2.30148,0.74121,83.26005,-6.161624,0.255358,0.423119,,,,,,,,,,,,-9.02449,2.12709,-1.64806,50,5.26781,5.40455,-131.88089,-2.27922,-15.91328,27.72333,-28.42327,TEX_BOB,UTR_VAQ,TexasStateUniversity,D1,SBELT,20260324-TexasStateUniversity-1,46dd82d0-27d7-11f1-b396-7fdcd427690d,89.08225,,,7.63806,,,,,,,5d42d121-7b79-486a-9f77-85b5a028b7ae,2026-03-24,23:15:06.62,2026-03-24T18:15:06.6203136-05:00,2026-03-24T23:15:06.6203136Z,,v3,471452,471407,94d7b8dbc2134927a2dd9771b85d27fc,"Gonzalez, Rudy",831171,Right,UTR_VAQ,c0fe25da-c206-4467-be11-562c6a4da6ed,55.20196,-132.96992,13.86166,5.33541,-1.16269,-14.21163,-1.87264,6.02966,-7.95664,,,,,,,,,,,,,,,,,,,,,,,,,,,,,,,,,,,,,,,,,,,,,,,,,,,High,High,High,,,,,,240.186376,37.870683,1702.841608,0.789398,2:00,-0.626035,-0.689813,-0.363645,-83.662914,-24.232563,74.509973,175.029257,-65.2345,0.036297,-0.90803,-0.41733,65.31652,-2.080117,0.90803,-0.036297,0.41733,-65.31652,2.080117,-0.90803,0.036297,0.41733,-175.029257,65.2345,-0.036297,0.90803,-0.41733
20,2026-03-24,18:15:24.58,1,2,"Bonilla, Robert",831213,Right,UTR_VAQ,"Cotton, Jackson",1000437468,Left,TEX_BOB,Undefined,1,Bottom,0,0,1,Curveball,Curveball,StrikeCalled,Undefined,Undefined,Undefined,0,0,,78.38012,2.054324,-0.300114,2467.478942,53.192262,7:45,5.32865,2.0775,4.9848,-56.18035,-9.11071,-14.1106,2.58783,0.6182,72.01109,-8.072543,-2.79286,0.49379,,,,,,,,,,,,6.89847,-4.64929,-2.03647,50,5.48055,1.17925,-113.74888,2.0162,9.02844,21.07717,-38.25886,TEX_BOB,UTR_VAQ,TexasStateUniversity,D1,SBELT,20260324-TexasStateUniversity-1,51999e70-27d7-11f1-b396-7fdcd427690d,76.33301,,,6.36903,,,,,,,5d42d121-7b79-486a-9f77-85b5a028b7ae,2026-03-24,23:15:24.58,2026-03-24T18:15:24.5809152-05:00,2026-03-24T23:15:24.5809152Z,,v3,471452,471407,94d7b8dbc2134927a2dd9771b85d27fc,"Gonzalez, Rudy",831171,Right,UTR_VAQ,ead8e9ba-05cb-40f0-bcaa-69668716d383,55.52026,-114.76721,10.53858,5.33849,3.86464,-19.12943,-2.08291,0.74305,4.51422,,,,,,,,,,,,,,,,,,,,,,,,,,,,,,,,,,,,,,,,,,,,,,,,,,,High,High,High,,,,,,47.012486,31.998213,2092.581593,0.848065,7:30,-0.504278,0.638958,0.580893,82.935702,1.300489,-60.021114,108.884048,-54.917792,0.543815,-0.818328,-0.186021,77.193282,-32.943755,0.818328,-0.543815,0.186021,-77.193282,32.943755,-0.818328,0.543815,0.186021,-108.884048,54.917792,-0.543815,0.818328,-0.186021
21,2026-03-24,18:15:44.52,1,3,"Bonilla, Robert",831213,Right,UTR_VAQ,"Cotton, Jackson",1000437468,Left,TEX_BOB,Undefined,1,Bottom,0,0,2,Curveball,Curveball,StrikeSwinging,Strikeout,Undefined,Undefined,0,0,,78.50051,0.737896,-1.560599,2563.329818,50.808927,7:45,5.35178,2.05542,5.10242,-56.91401,-10.10044,-14.1632,1.30458,-0.59578,72.32899,-9.506102,-4.069076,0.492444,,,,,,,,,,,,6.64839,-4.89969,-1.89635,50,5.37621,3.67094,-113.95294,-0.57645,8.70508,21.76415,-38.58945,TEX_BOB,UTR_VAQ,TexasStateUniversity,D1,SBELT,20260324-TexasStateUniversity-1,5d82c860-27d7-11f1-b396-7fdcd427690d,76.5415,,,6.17152,,,,,,,5d42d121-7b79-486a-9f77-85b5a028b7ae,2026-03-24,23:15:44.52,2026-03-24T18:15:44.5290000-05:00,2026-03-24T23:15:44.5290000Z,,v3,471452,471407,94d7b8dbc2134927a2dd9771b85d27fc,"Gonzalez, Rudy",831171,Right,UTR_VAQ,53a471ea-d764-4715-8895-91993a50dc7f,55.40334,-114.98031,10.88207,5.36043,1.24514,-19.29473,-2.05993,3.26002,4.35254,,,,,,,,,,,,,,,,,,,,,,,,,,,,,55.38261,2.396601,1.11872,1.277881,3.47283,1.64206,0.45126,-3.43908,4.95742,-0.80016,69.78553,7.65312,55.01792,-3.34924,62.49469,-4.10272,5.0418,20.95399,-14.77977,-0.77392,45.79066,-1.66301,High,High,High,,,High,Medium,High,47.580339,28.314421,2256.647915,0.880358,7:30,-0.449555,0.655956,0.606319,90.300073,6.973277,-65.166382,104.346713,-58.432634,0.507175,-0.852025,-0.129718,81.343404,-30.475829,0.852025,-0.507175,0.129718,-81.343404,30.475829,-0.852025,0.507175,0.129718,-104.346713,58.432634,-0.507175,0.852025,-0.129718
22,2026-03-24,18:16:19.10,2,1,"Bonilla, Robert",831213,Right,UTR_VAQ,"Galloway, Rashawn",1000183398,Right,TEX_BOB,Undefined,1,Bottom,1,0,0,Curveball,Curveball,StrikeCalled,Undefined,Undefined,Undefined,0,0,,77.39282,1.00225,-1.496485,2514.597009,59.657724,8:00,5.4217,1.94626,4.93074,-57.51566,-8.61048,-17.52044,1.57658,-0.92874,70.69827,-9.350579,-4.588358,0.503325,,,,,,,,,,,,8.14748,-4.02756,-1.78538,50,5.47161,3.65925,-112.18029,-0.13875,10.25111,22.68807,-37.24152,TEX_BOB,UTR_VAQ,TexasStateUniversity,D1,SBELT,20260324-TexasStateUniversity-1,72238b60-27d7-11f1-b396-7fdcd427690d,74.88682,,,6.69456,,,,,,,5d42d121-7b79-486a-9f77-85b5a028b7ae,2026-03-24,23:16:19.10,2026-03-24T18:16:19.1093248-05:00,2026-03-24T23:16:19.1093248Z,,v3,471452,471407,94d7b8dbc2134927a2dd9771b85d27fc,"Gonzalez, Rudy",831171,Right,UTR_VAQ,20698676-72af-4e2f-91c9-5b512143c795,55.5727,-113.30175,11.34403,5.43298,1.70207,-18.62076,-1.95373,3.15255,5.12555,,,,,,,,,,,,,,,,,,,,,,,,,,,,,,,,,,,,,,,,,,,,,,,,,,,High,High,High,,,,,,48.744215,19.702507,2367.381918,0.941456,7:30,-0.308381,0.71355,0.629085,30.042885,70.050737,25.279671,107.369514,-52.38638,0.582502,-0.792145,-0.182205,77.04645,-35.626703,0.792145,-0.582502,0.182205,-77.04645,35.626703,-0.792145,0.582502,0.182205,-107.369514,52.38638,-0.582502,0.792145,-0.182205
23,2026-03-24,18:16:38.08,2,2,"Bonilla, Robert",831213,Right,UTR_VAQ,"Galloway, Rashawn",1000183398,Right,TEX_BOB,Undefined,1,Bottom,1,0,1,Sinker,Sinker,StrikeCalled,Undefined,Undefined,Undefined,0,0,,91.84275,-1.127425,-4.458117,2249.96252,258.538628,2:30,5.52859,1.87651,6.25232,-28.09517,4.69933,18.03273,2.14428,-0.74054,84.02169,-6.360478,-1.209091,0.412166,,,,,,,,,,,,-10.57284,3.07713,-1.55302,50,5.43082,9.63027,-133.1559,-3.57627,-18.98417,28.56619,-26.64885,TEX_BOB,UTR_VAQ,TexasStateUniversity,D1,SBELT,20260324-TexasStateUniversity-1,7d668a40-27d7-11f1-b396-7fdcd427690d,91.44968,,,7.82106,,,,,,,5d42d121-7b79-486a-9f77-85b5a028b7ae,2026-03-24,23:16:38.08,2026-03-24T18:16:38.0841984-05:00,2026-03-24T23:16:38.0841984Z,,v3,471452,471407,94d7b8dbc2134927a2dd9771b85d27fc,"Gonzalez, Rudy",831171,Right,UTR_VAQ,d0ca7220-e5f6-4969-99db-329cbe7c6812,54.25055,-134.06468,14.28309,5.53111,-2.72849,-13.32442,-1.869,10.23421,-9.49208,,,,,,,,,,,,,,,,,,,,,,,,,,,,,,,,,,,,,,,,,,,,,,,,,,,High,High,High,,,,,,237.380736,40.290993,1716.203912,0.76277,2:00,-0.663946,-0.655059,-0.360657,-92.459808,-17.400539,71.975727,169.817247,-63.91595,0.077732,-0.89815,-0.432764,64.273426,-4.458212,0.89815,-0.077732,0.432764,-64.273426,4.458212,-0.89815,0.077732,0.432764,-169.817247,63.91595,-0.077732,0.89815,-0.432764
24,2026-03-24,18:16:55.83,2,3,"Bonilla, Robert",831213,Right,UTR_VAQ,"Galloway, Rashawn",1000183398,Right,TEX_BOB,Undefined,1,Bottom,1,0,2,Sinker,Sinker,BallCalled,Undefined,Undefined,Undefined,0,0,,91.79413,-0.666074,-5.054916,2121.239326,254.284992,2:30,5.5727,1.83446,6.19524,-27.00214,6.04906,17.62729,2.70515,-1.37563,83.5942,-5.707782,-1.88812,0.413776,,,,,,,,,,,,-10.52095,3.66177,-1.46123,50,5.50885,11.00798,-132.92092,-2.46071,-18.76953,29.24174,-25.64141,TEX_BOB,UTR_VAQ,TexasStateUniversity,D1,SBELT,20260324-TexasStateUniversity-1,87fb20b0-27d7-11f1-b396-7fdcd427690d,91.09391,,,8.19993,,,,,,,5d42d121-7b79-486a-9f77-85b5a028b7ae,2026-03-24,23:16:55.83,2026-03-24T18:16:55.8363648-05:00,2026-03-24T23:16:55.8363648Z,,v3,471452,471407,94d7b8dbc2134927a2dd9771b85d27fc,"Gonzalez, Rudy",831171,Right,UTR_VAQ,ecc5ab4c-6364-4c5a-a416-cae8fa16ddd0,54.30657,-133.86498,14.62087,5.57492,-1.63288,-12.82071,-1.8264,11.61395,-9.38476,,,,,,,,,,,,,,,,,,,,,,,,,,,,,,,,,,,,,,,,,,,,,,,,,,,High,High,High,,,,,,239.047513,36.109273,1713.73762,0.807895,2:00,-0.615584,-0.69965,-0.362693,-63.831472,-36.564687,76.397712,178.592289,-61.463572,0.011736,-0.878514,-0.477573,61.47083,-0.672436,0.878514,-0.011736,0.477573,-61.47083,0.672436,-0.878514,0.011736,0.477573,-178.592289,61.463572,-0.011736,0.878514,-0.477573
25,2026-03-24,18:17:12.59,2,4,"Bonilla, Robert",831213,Right,UTR_VAQ,"Galloway, Rashawn",1000183398,Right,TEX_BOB,Undefined,1,Bottom,1,1,2,Curveball,Curveball,FoulBallNotFieldable,Undefined,Undefined,Undefined,0,0,,78.81366,1.729697,-0.679152,2638.441034,59.780841,8:00,5.44653,1.91439,5.10232,-56.55145,-9.74882,-19.43115,2.36444,-0.34488,71.86062,-8.496708,-4.119395,0.492387,,,,,,,,,,,,9.55071,-5.06807,-1.83399,50,5.56483,2.1367,-114.31329,1.42084,12.48044,23.5201,-38.7968,TEX_BOB,UTR_VAQ,TexasStateUniversity,D1,SBELT,20260324-TexasStateUniversity-1,91fdb050-27d7-11f1-b396-7fdcd427690d,76.55045,,,6.95304,,,,,,,5d42d121-7b79-486a-9f77-85b5a028b7ae,2026-03-24,23:17:12.59,2026-03-24T18:17:12.5972992-05:00,2026-03-24T23:17:12.5972992Z,,v3,471452,471407,94d7b8dbc2134927a2dd9771b85d27fc,"Gonzalez, Rudy",831171,Right,UTR_VAQ,3790f783-7e59-4c4e-9cd3-85a3b2495fa8,55.40317,-115.41965,11.76005,5.45508,3.24579,-19.3984,-1.92069,1.54964,6.24022,,,,,,,,,,,,,,,,,,,,,,,,,,,,,,,,,,,,,,,,,,,,,,,,,,,High,High,High,,,,,,46.646191,26.182954,2367.709751,0.89739,7:30,-0.41401,0.665539,0.62101,85.886097,1.230883,-70.249123,109.365505,-51.199158,0.591163,-0.779329,-0.207781,75.071304,-36.239576,0.779329,-0.591163,0.207781,-75.071304,36.239576,-0.779329,0.591163,0.207781,-109.365505,51.199158,-0.591163,0.779329,-0.207781
26,2026-03-24,18:17:45.77,2,5,"Bonilla, Robert",831213,Right,UTR_VAQ,"Galloway, Rashawn",1000183398,Right,TEX_BOB,Undefined,1,Bottom,1,1,2,Curveball,Curveball,InPlay,Undefined,Popup,Single,0,0,,78.90419,0.572335,-1.341072,2776.200402,59.190977,8:00,5.4002,1.86418,5.28698,-54.70802,-8.40934,-16.65438,1.37884,-0.7833,72.24814,-9.330841,-4.30093,0.489729,74.57288,53.297223,-8.679687,,109.94817,100.36326,3.37473,201.544,83.65102,5.227968,5.116451,8.00465,-4.05134,-1.72898,50,5.4118,3.33617,-114.50366,-0.77204,10.50863,23.34501,-37.49273,TEX_BOB,UTR_VAQ,TexasStateUniversity,D1,SBELT,20260324-TexasStateUniversity-1,a5c48e10-27d7-11f1-b396-7fdcd427690d,76.96592,100.50978,,6.65604,,,,2.90744,1.91407,0.63694,5d42d121-7b79-486a-9f77-85b5a028b7ae,2026-03-24,23:17:45.77,2026-03-24T18:17:45.7776640-05:00,2026-03-24T23:17:45.7776640Z,Popup,v3,471452,471407,94d7b8dbc2134927a2dd9771b85d27fc,"Gonzalez, Rudy",831171,Right,UTR_VAQ,53fc6d64-55ac-46e6-b075-3097d4fac9da,55.21802,-115.56262,11.67251,5.40824,0.92867,-18.74637,-1.8695,2.85949,5.25432,213.137746,2.91049,64.53702,-12.80658,2.60647,0.07452,-0.26906,0.08571,-0.01173,0.00061,1.90448,87.87348,-23.51911,2.88422,-0.91595,0.24698,-0.03646,0.0022,-2E-05,0.63133,-9.72983,8.71083,-2.07785,-0.24172,0.34866,-0.10671,0.01439,-0.00073,,,,,,,,,,,,,,,,,,,,,,,High,High,High,Medium,Low,,,,48.236001,26.280689,2489.240433,0.896636,7:30,-0.42197,0.673185,0.607259,66.625016,6.114896,-57.846793,113.301497,-58.735635,0.476657,-0.854782,-0.205296,76.494885,-28.467286,0.854782,-0.476657,0.205296,-76.494885,28.467286,-0.854782,0.476657,0.205296,-113.301497,58.735635,-0.476657,0.854782,-0.205296
27,2026-03-24,18:18:33.79,3,1,"Bonilla, Robert",831213,Right,UTR_VAQ,"Salas, Manuel",1000367412,Left,TEX_BOB,Undefined,1,Bottom,1,0,0,Sinker,Sinker,FoulBallNotFieldable,Undefined,Undefined,Undefined,0,0,,92.10435,-0.983237,-2.822764,2280.917195,246.586773,2:15,5.29845,1.9766,5.29902,-25.51824,8.63654,17.11662,2.24759,0.75061,83.13712,-5.707553,0.213692,0.420627,,,,,,,,,,,,-9.44095,4.9874,-1.73266,50,5.19068,5.76224,-133.36588,-3.26107,-16.78335,32.15223,-23.30785,TEX_BOB,UTR_VAQ,TexasStateUniversity,D1,SBELT,20260324-TexasStateUniversity-1,c25d1c90-27d7-11f1-b396-7fdcd427690d,89.61015,,,8.96723,,,,,,,5d42d121-7b79-486a-9f77-85b5a028b7ae,2026-03-24,23:18:33.79,2026-03-24T18:18:33.7994752-05:00,2026-03-24T23:18:33.7994752Z,,v3,471452,471407,94d7b8dbc2134927a2dd9771b85d27fc,"Gonzalez, Rudy",831171,Right,UTR_VAQ,c5f9458b-9fe8-495d-8ed2-ad190229583d,55.20113,-134.61394,16.07612,5.29971,-2.35632,-11.65393,-1.96898,6.41372,-8.39168,,,,,,,,,,,,,,,,,,,,,,,,,,,,,,,,,,,,,,,,,,,,,,,,,,,High,High,High,,,,,,239.636477,37.217618,1816.394662,0.796344,2:00,-0.612068,-0.697392,-0.37285,-78.691426,-24.743936,68.424046,173.538251,-71.707041,0.035324,-0.949464,-0.311882,71.815582,-2.024311,0.949464,-0.035324,0.311882,-71.815582,2.024311,-0.949464,0.035324,0.311882,-173.538251,71.707041,-0.035324,0.949464,-0.311882
28,2026-03-24,18:18:59.39,3,2,"Bonilla, Robert",831213,Right,UTR_VAQ,"Salas, Manuel",1000367412,Left,TEX_BOB,Undefined,1,Bottom,1,0,1,Sinker,Sinker,BallCalled,Undefined,Undefined,Undefined,0,0,,92.47892,-2.064397,-3.582044,2249.826755,251.603691,2:30,5.33928,1.982,5.69215,-26.83659,6.19839,15.45824,1.17424,-0.07269,84.66876,-7.012964,-0.821157,0.413674,,,,,,,,,,,,-8.84374,4.04874,-1.69023,50,5.14855,7.69494,-134.02065,-5.83061,-16.08358,28.9861,-24.81083,TEX_BOB,UTR_VAQ,TexasStateUniversity,D1,SBELT,20260324-TexasStateUniversity-1,d19ec050-27d7-11f1-b396-7fdcd427690d,91.11625,,,7.81016,,,,,,,5d42d121-7b79-486a-9f77-85b5a028b7ae,2026-03-24,23:18:59.39,2026-03-24T18:18:59.3911296-05:00,2026-03-24T23:18:59.3911296Z,,v3,471452,471407,94d7b8dbc2134927a2dd9771b85d27fc,"Gonzalez, Rudy",831171,Right,UTR_VAQ,ad3bdd17-7627-4be8-9be2-c8196e3ec1a9,54.81001,-135.05696,14.49305,5.34115,-4.94358,-12.40542,-1.97562,8.26996,-8.04179,,,,,,,,,,,,,,,,,,,,,,,,,,,,,,,,,,,,,,,,,,,,,,,,,,,High,High,High,,,,,,238.490198,38.312429,1765.308343,0.784642,2:00,-0.619908,-0.690845,-0.372085,-78.30686,-22.720422,78.243152,164.249262,-62.132159,0.126886,-0.884028,-0.449882,63.028433,-7.289695,0.884028,-0.126886,0.449882,-63.028433,7.289695,-0.884028,0.126886,0.449882,-164.249262,62.132159,-0.126886,0.884028,-0.449882
29,2026-03-24,18:19:16.41,3,3,"Bonilla, Robert",831213,Right,UTR_VAQ,"Salas, Manuel",1000367412,Left,TEX_BOB,Undefined,1,Bottom,1,1,1,Curveball,Curveball,StrikeCalled,Undefined,Undefined,Undefined,0,0,,78.36331,1.389605,-0.166733,2483.104297,62.398981,8:00,5.35489,1.92529,5.06416,-55.65936,-8.53142,-19.19438,2.02724,0.16853,71.84846,-8.6582,-3.564407,0.494095,,,,,,,,,,,,9.48465,-4.20252,-1.89348,50,5.44251,1.11753,-113.73339,0.7407,12.3468,22.05859,-37.64473,TEX_BOB,UTR_VAQ,TexasStateUniversity,D1,SBELT,20260324-TexasStateUniversity-1,dbcfda00-27d7-11f1-b396-7fdcd427690d,76.28579,,,6.51485,,,,,,,5d42d121-7b79-486a-9f77-85b5a028b7ae,2026-03-24,23:19:16.41,2026-03-24T18:19:16.4102144-05:00,2026-03-24T23:19:16.4102144Z,,v3,471452,471407,94d7b8dbc2134927a2dd9771b85d27fc,"Gonzalez, Rudy",831171,Right,UTR_VAQ,124ffa93-e0ea-443e-81b0-3c0a7c3bbf6e,55.44093,-114.78381,11.0293,5.36456,2.53332,-18.82237,-1.9327,0.52958,6.1734,,,,,,,,,,,,,,,,,,,,,,,,,,,,,,,,,,,,,,,,,,,,,,,,,,,High,High,High,,,,,,47.917564,26.348432,2225.138521,0.896112,7:30,-0.42582,0.675645,0.601815,69.763844,1.912701,-50.838704,100.676995,-54.324214,0.573101,-0.81233,-0.10805,82.423402,-34.966767,0.81233,-0.573101,0.10805,-82.423402,34.966767,-0.81233,0.573101,0.10805,-100.676995,54.324214,-0.573101,0.81233,-0.10805
30,2026-03-24,18:19:36.50,3,4,"Bonilla, Robert",831213,Right,UTR_VAQ,"Salas, Manuel",1000367412,Left,TEX_BOB,Undefined,1,Bottom,1,1,2,Sinker,Sinker,InPlay,Undefined,GroundBall,Out,2,0,,91.90813,-1.17981,-2.985075,2196.163809,255.200407,2:30,5.27888,2.00336,5.46528,-28.47336,5.2591,15.7717,1.80017,0.52118,83.94392,-6.413812,-0.178242,0.418018,75.97194,-23.078761,6.071057,,,,,6.49853,6.49853,-0.505935,0.042904,-8.84965,3.29162,-1.75169,50,5.15534,6.23748,-133.27545,-3.83146,-15.87863,29.29053,-26.268,TEX_BOB,UTR_VAQ,TexasStateUniversity,D1,SBELT,20260324-TexasStateUniversity-1,e7c056f0-27d7-11f1-b396-7fdcd427690d,90.16934,1.87821,,7.96421,,,,2.11506,1.87821,-0.52357,5d42d121-7b79-486a-9f77-85b5a028b7ae,2026-03-24,23:19:36.50,2026-03-24T18:19:36.5029888-05:00,2026-03-24T23:19:36.5029888Z,GroundBall,v3,471452,471407,94d7b8dbc2134927a2dd9771b85d27fc,"Gonzalez, Rudy",831171,Right,UTR_VAQ,3cd89eea-82e6-437d-a51a-134ad0491c01,55.03773,-134.37805,14.64527,5.28096,-2.84263,-13.134,-1.99774,6.83521,-7.93931,,2.11346,102.16442,,,,,,,,1.8789,-43.77759,,,,,,,,-0.52374,10.86603,,,,,,,,,,,,,,,,,,,,,,,,,,,,,,High,High,High,Estimated,Estimated,,,,241.269974,37.482013,1742.753513,0.793544,2:00,-0.613114,-0.708236,-0.34999,-70.724885,-25.270194,78.22115,164.900336,-62.838929,0.118916,-0.889727,-0.440733,63.648146,-6.829548,0.889727,-0.118916,0.440733,-63.648146,6.829548,-0.889727,0.118916,0.440733,-164.900336,62.838929,-0.118916,0.889727,-0.440733
31,2026-03-24,18:21:47.41,1,1,"Canalichio, Will",1000305076,Left,TEX_BOB,"Moomau, Easton",831202,Left,UTR_VAQ,Undefined,2,Top,0,0,0,Fastball,Four-Seam,StrikeCalled,Undefined,Undefined,Undefined,0,0,,90.53308,-2.980136,3.150223,2290.17644,173.810699,11:45,5.92565,-1.70257,5.40111,-19.19686,15.57202,-1.57114,1.52649,1.12154,83.15778,-6.543474,2.871437,0.424391,,,,,,,,,,,,1.63055,8.9593,1.42256,50,5.64609,-7.14501,-131.1119,-7.49551,2.84968,26.68228,-16.5162,TEX_BOB,UTR_VAQ,TexasStateUniversity,D1,SBELT,20260324-TexasStateUniversity-1,35c3ce40-27d8-11f1-b396-7fdcd427690d,88.81528,,,7.37531,,,,,,,5d42d121-7b79-486a-9f77-85b5a028b7ae,2026-03-24,23:21:47.41,2026-03-24T18:21:47.4112512-05:00,2026-03-24T23:21:47.4112512Z,,v3,471452,471407,94d7b8dbc2134927a2dd9771b85d27fc,"Namken, Clayton",10125205,Right,TEX_BOB,cf4c2b7f-23f4-4889-82fb-7c132cf950fc,55.09986,-132.14568,13.34114,5.9241,-6.8556,-8.2581,1.70153,-7.25541,1.42484,,,,,,,,,,,,,,,,,,,,,,,,,,,,,,,,,,,,,,,,,,,,,,,,,,,High,High,High,,,,,,159.945659,-33.436936,1911.135793,0.834493,11:15,0.577666,0.314417,-0.753289,11.538758,-54.181317,15.003736,166.31491,2.350971,0.236386,0.041021,-0.970793,2.419583,13.673347,0.041021,0.236386,0.970793,-2.419583,-13.673347,-0.041021,-0.236386,0.970793,-166.31491,-2.350971,-0.236386,-0.041021,-0.970793
32,2026-03-24,18:22:02.58,1,2,"Canalichio, Will",1000305076,Left,TEX_BOB,"Moomau, Easton",831202,Left,UTR_VAQ,Undefined,2,Top,0,0,1,Fastball,Four-Seam,StrikeCalled,Undefined,Undefined,Undefined,0,0,,90.95204,-2.359899,3.334924,2292.699719,153.320739,11:00,6.05384,-1.76744,5.66326,-17.11351,17.36151,-8.11977,2.42207,0.66931,82.44664,-5.605449,1.887257,0.422594,,,,,,,,,,,,5.11953,9.86945,1.49027,50,5.84321,-7.30803,-131.65321,-5.9646,8.91113,30.10368,-14.9951,TEX_BOB,UTR_VAQ,TexasStateUniversity,D1,SBELT,20260324-TexasStateUniversity-1,3ed2d620-27d8-11f1-b396-7fdcd427690d,89.19296,,,8.5054,,,,,,,5d42d121-7b79-486a-9f77-85b5a028b7ae,2026-03-24,23:22:02.58,2026-03-24T18:22:02.5839616-05:00,2026-03-24T23:22:02.5839616Z,,v3,471452,471407,94d7b8dbc2134927a2dd9771b85d27fc,"Namken, Clayton",10125205,Right,TEX_BOB,a9501a95-ce4a-4f68-a2ef-698e5ac16970,54.83633,-132.75448,15.05184,6.05137,-5.41604,-7.49755,1.76358,-7.63402,4.45556,,,,,,,,,,,,,,,,,,,,,,,,,,,,,,,,,,,,,,,,,,,,,,,,,,,High,High,High,,,,,,156.987066,-28.045475,2023.478768,0.882575,11:15,0.50205,0.3641,-0.784459,-3.818626,-53.134012,42.041451,165.072658,0.071999,0.257594,0.001257,-0.966253,0.074514,14.92733,0.001257,0.257594,0.966253,-0.074514,-14.92733,-0.001257,-0.257594,0.966253,-165.072658,-0.071999,-0.257594,-0.001257,-0.966253
33,2026-03-24,18:22:19.32,1,3,"Canalichio, Will",1000305076,Left,TEX_BOB,"Moomau, Easton",831202,Left,UTR_VAQ,Undefined,2,Top,0,0,2,Slider,Slider,BallCalled,Undefined,Undefined,Undefined,0,0,,82.66606,-2.605586,2.816486,2258.89197,245.725079,2:15,5.9024,-1.61926,5.23618,-40.19951,2.66189,2.37358,0.09861,1.2281,74.92789,-9.906892,3.237619,0.471199,,,,,,,,,,,,-0.24532,2.61473,1.35796,50,5.63227,-5.97826,-119.50812,-6.87997,-0.34755,27.4258,-28.46996,TEX_BOB,UTR_VAQ,TexasStateUniversity,D1,SBELT,20260324-TexasStateUniversity-1,48cc8c20-27d8-11f1-b396-7fdcd427690d,79.99257,,,7.73816,,,,,,,5d42d121-7b79-486a-9f77-85b5a028b7ae,2026-03-24,23:22:19.32,2026-03-24T18:22:19.3296896-05:00,2026-03-24T23:22:19.3296896Z,,v3,471452,471407,94d7b8dbc2134927a2dd9771b85d27fc,"Namken, Clayton",10125205,Right,TEX_BOB,ff13e571-ceec-4b9b-bb79-7287fabc85e0,55.26447,-120.71021,13.7129,5.90648,-5.63212,-14.23498,1.61965,-5.96303,-0.17377,,,,,,,,,,,,,,,,,,,,,,,,,,,,,,,,,,,,,,,,,,,,,,,,,,,High,High,High,,,,,,211.419513,-68.319508,834.503346,0.36943,1:00,0.951412,-0.150141,-0.268837,-36.841159,-4.433786,-47.582464,98.329009,46.854506,0.67664,0.72962,-0.099061,82.26818,42.581669,0.72962,0.67664,0.099061,-82.26818,-42.581669,-0.72962,-0.67664,0.099061,-98.329009,-46.854506,-0.67664,-0.72962,-0.099061
34,2026-03-24,18:22:40.45,1,4,"Canalichio, Will",1000305076,Left,TEX_BOB,"Moomau, Easton",831202,Left,UTR_VAQ,Undefined,2,Top,0,1,2,Curveball,Curveball,BallCalled,Undefined,Undefined,Undefined,0,0,,76.60382,-1.478991,1.599382,2207.045645,305.428931,4:15,6.1064,-1.64294,5.20829,-56.01739,-6.58496,11.60099,0.04651,0.82836,70.39998,-11.55356,3.662909,0.506031,,,,,,,,,,,,-5.33528,-2.40937,1.48572,50,5.92699,-3.54842,-111.05631,-4.78673,-6.5745,22.35957,-35.14304,TEX_BOB,UTR_VAQ,TexasStateUniversity,D1,SBELT,20260324-TexasStateUniversity-1,55690080-27d8-11f1-b396-7fdcd427690d,74.4864,,,6.20384,,,,,,,5d42d121-7b79-486a-9f77-85b5a028b7ae,2026-03-24,23:22:40.45,2026-03-24T18:22:40.4509184-05:00,2026-03-24T23:22:40.4509184Z,,v3,471452,471407,94d7b8dbc2134927a2dd9771b85d27fc,"Namken, Clayton",10125205,Right,TEX_BOB,d1b7d45e-1ac1-4ee4-8bdc-0ec4a3025347,55.29545,-112.1174,11.17979,6.11457,-3.11899,-17.57152,1.64671,-3.23642,-3.28725,,,,,,,,,,,,,,,,,,,,,,,,,,,,,,,,,,,,,,,,,,,,,,,,,,,High,High,High,,,,,,303.504167,-70.638728,731.687512,0.331524,4:00,0.94479,-0.251997,0.209452,-8.183043,-10.218534,-52.86541,104.787913,52.790842,0.584696,0.796433,-0.154351,79.031856,35.781532,0.796433,0.584696,0.154351,-79.031856,-35.781532,-0.796433,-0.584696,0.154351,-104.787913,-52.790842,-0.584696,-0.796433,-0.154351
35,2026-03-24,18:22:57.59,1,5,"Canalichio, Will",1000305076,Left,TEX_BOB,"Moomau, Easton",831202,Left,UTR_VAQ,Undefined,2,Top,0,2,2,Fastball,Four-Seam,BallCalled,Undefined,Undefined,Undefined,0,0,,91.08539,-0.943118,1.205676,2250.162977,176.807701,12:00,6.13964,-1.792,6.04553,-17.94155,15.37328,-0.80142,3.77105,-0.74235,83.59318,-4.337606,1.061457,0.415423,,,,,,,,,,,,0.7302,8.4713,1.69847,50,6.05633,-2.75185,-132.37281,-2.7231,1.30168,27.01917,-17.07277,TEX_BOB,UTR_VAQ,TexasStateUniversity,D1,SBELT,20260324-TexasStateUniversity-1,5f944dd0-27d8-11f1-b396-7fdcd427690d,90.73274,,,7.49221,,,,,,,5d42d121-7b79-486a-9f77-85b5a028b7ae,2026-03-24,23:22:57.59,2026-03-24T18:22:57.5955456-05:00,2026-03-24T23:22:57.5955456Z,,v3,471452,471407,94d7b8dbc2134927a2dd9771b85d27fc,"Namken, Clayton",10125205,Right,TEX_BOB,40f94f91-5931-4131-b24a-d9202c111c4f,54.45511,-133.27906,13.50958,6.13805,-2.15046,-8.53638,1.7915,-2.79551,0.65084,,,,,,,,,,,,,,,,,,,,,,,,,,,,,,,,,,,,,,,,,,,,,,,,,,,High,High,High,,,,,,161.348391,-35.329559,1835.771528,0.815839,11:30,0.590043,0.270399,-0.760745,-7.437203,-53.086811,40.191474,166.534695,2.780901,0.232582,0.048517,-0.971366,2.859377,13.44915,0.048517,0.232582,0.971366,-2.859377,-13.44915,-0.048517,-0.232582,0.971366,-166.534695,-2.780901,-0.232582,-0.048517,-0.971366
36,2026-03-24,18:23:16.69,1,6,"Canalichio, Will",1000305076,Left,TEX_BOB,"Moomau, Easton",831202,Left,UTR_VAQ,Undefined,2,Top,0,3,2,Fastball,Four-Seam,InPlay,Undefined,GroundBall,Out,1,0,,90.26614,-2.92687,2.517226,2266.546575,160.617399,11:15,5.93272,-1.7757,5.9212,-19.95777,14.3808,-4.67351,1.54839,0.17238,82.72262,-6.666677,1.678699,0.421757,89.92619,-14.371178,11.17316,,,,,9.13314,9.13314,12.274466,0.062758,3.10835,8.52772,1.57672,50,5.68658,-5.55902,-130.88789,-7.33171,5.39327,27.57576,-17.37767,TEX_BOB,UTR_VAQ,TexasStateUniversity,D1,SBELT,20260324-TexasStateUniversity-1,6af81b20-27d8-11f1-b396-7fdcd427690d,89.37,2.05787,,7.54352,,,,1.04495,2.05787,0.38533,5d42d121-7b79-486a-9f77-85b5a028b7ae,2026-03-24,23:23:16.69,2026-03-24T18:23:16.6999040-05:00,2026-03-24T23:23:16.6999040Z,GroundBall,v3,471452,471407,94d7b8dbc2134927a2dd9771b85d27fc,"Namken, Clayton",10125205,Right,TEX_BOB,99cc283c-70ae-43c2-aff9-7e079087e37e,54.5807,-131.84943,13.78788,5.93167,-6.72577,-8.68884,1.77383,-5.74707,2.69664,180,1.04283,125.55252,,,,,,,,2.05842,-32.79061,,,,,,,,0.38491,24.79895,,,,,,,,,,,,,,,,,,,,,,,,,,,,,,High,High,High,Low,Medium,,,,162.117205,-33.416026,1891.872505,0.834694,11:30,0.571279,0.284096,-0.77002,-9.497444,-49.573148,45.275183,168.78359,2.57185,0.194319,0.044872,-0.979911,2.621861,11.204965,0.044872,0.194319,0.979911,-2.621861,-11.204965,-0.044872,-0.194319,0.979911,-168.78359,-2.57185,-0.194319,-0.044872,-0.979911
37,2026-03-24,18:23:49.49,2,1,"Canalichio, Will",1000305076,Left,TEX_BOB,"Warren, Hank",1000121298,Right,UTR_VAQ,Undefined,2,Top,1,0,0,Fastball,Four-Seam,StrikeCalled,Undefined,Undefined,Undefined,0,0,,91.98489,-2.282277,2.165994,2141.441927,173.809585,11:45,5.9498,-1.92526,5.8418,-16.43513,16.52233,-1.68402,2.45641,-0.05155,84.57227,-5.381024,1.864341,0.413189,,,,,,,,,,,,1.42599,9.35067,1.74971,50,5.75396,-4.97632,-133.51351,-5.8365,2.58926,27.1485,-15.19544,TEX_BOB,UTR_VAQ,TexasStateUniversity,D1,SBELT,20260324-TexasStateUniversity-1,7e8dafb0-27d8-11f1-b396-7fdcd427690d,91.22332,,,7.41262,,,,,,,5d42d121-7b79-486a-9f77-85b5a028b7ae,2026-03-24,23:23:49.49,2026-03-24T18:23:49.4989824-05:00,2026-03-24T23:23:49.4989824Z,,v3,471452,471407,94d7b8dbc2134927a2dd9771b85d27fc,"Namken, Clayton",10125205,Right,TEX_BOB,00733584-277e-4bcb-a394-a44451276d59,54.65955,-134.45764,13.57425,5.94775,-5.30805,-7.59772,1.92434,-5.06636,1.29463,,,,,,,,,,,,,,,,,,,,,,,,,,,,,,,,,,,,,,,,,,,,,,,,,,,High,High,High,,,,,,159.482583,-33.913505,1777.141534,0.829881,11:15,0.5749,0.312855,-0.75605,-5.99071,-51.114732,39.229668,169.355188,1.075711,0.184688,0.018774,-0.982618,1.094543,10.642914,0.018774,0.184688,0.982618,-1.094543,-10.642914,-0.018774,-0.184688,0.982618,-169.355188,-1.075711,-0.184688,-0.018774,-0.982618
38,2026-03-24,18:24:05.65,2,2,"Canalichio, Will",1000305076,Left,TEX_BOB,"Warren, Hank",1000121298,Right,UTR_VAQ,Undefined,2,Top,1,0,1,Curveball,Curveball,BallCalled,Undefined,Undefined,Undefined,0,0,,75.79852,1.770964,-1.050444,2103.770131,303.102038,4:00,6.22141,-1.50103,5.41684,-52.88507,-3.20622,7.36863,3.47421,-1.87117,69.3726,-7.87748,0.261613,0.507291,,,,,,,,,,,,-3.99327,-1.60571,1.58916,50,6.34213,1.73243,-109.98641,1.64688,-4.87248,20.21784,-34.13327,TEX_BOB,UTR_VAQ,TexasStateUniversity,D1,SBELT,20260324-TexasStateUniversity-1,8831a490-27d8-11f1-b396-7fdcd427690d,74.30141,,,6.42592,,,,,,,5d42d121-7b79-486a-9f77-85b5a028b7ae,2026-03-24,23:24:05.65,2026-03-24T18:24:05.6532992-05:00,2026-03-24T23:24:05.6532992Z,,v3,471452,471407,94d7b8dbc2134927a2dd9771b85d27fc,"Namken, Clayton",10125205,Right,TEX_BOB,f38837e0-5324-4fdb-9b87-473388954120,55.08535,-110.91727,10.10892,6.23012,3.21842,-17.06664,1.50423,1.95676,-2.43624,,,,,,,,,,,,,,,,,,,,,,,,,,,,,,,,,,,,,,,,,,,,,,,,,,,High,High,High,,,,,,308.360195,-66.095392,852.479458,0.405215,4:15,0.908424,-0.345841,0.234863,-13.298826,-10.268532,-50.330229,112.815003,60.982179,0.44713,0.874469,-0.188094,77.860924,26.559674,0.874469,0.44713,0.188094,-77.860924,-26.559674,-0.874469,-0.44713,0.188094,-112.815003,-60.982179,-0.44713,-0.874469,-0.188094
39,2026-03-24,18:24:23.13,2,3,"Canalichio, Will",1000305076,Left,TEX_BOB,"Warren, Hank",1000121298,Right,UTR_VAQ,Undefined,2,Top,1,1,1,Fastball,Four-Seam,BallCalled,Undefined,Undefined,Undefined,0,0,,91.58822,-2.352154,0.71653,2210.009516,162.119104,11:30,5.92819,-2.04388,5.99044,-17.00501,16.18564,-4.88095,2.32971,-1.78651,83.80868,-5.57308,-0.161378,0.414648,,,,,,,,,,,,2.70012,9.2867,1.99,50,5.7331,-1.45281,-132.96975,-5.97419,4.83555,28.43778,-15.54277,TEX_BOB,UTR_VAQ,TexasStateUniversity,D1,SBELT,20260324-TexasStateUniversity-1,9299d3d0-27d8-11f1-b396-7fdcd427690d,90.90228,,,7.77954,,,,,,,5d42d121-7b79-486a-9f77-85b5a028b7ae,2026-03-24,23:24:23.13,2026-03-24T18:24:23.1347200-05:00,2026-03-24T23:24:23.1347200Z,,v3,471452,471407,94d7b8dbc2134927a2dd9771b85d27fc,"Namken, Clayton",10125205,Right,TEX_BOB,6f6a3abc-a7eb-4642-a2c3-af6c3f4f4e07,54.51004,-133.93082,14.21889,5.92613,-5.44891,-7.77138,2.04186,-1.61623,2.41778,,,,,,,,,,,,,,,,,,,,,,,,,,,,,,,,,,,,,,,,,,,,,,,,,,,High,High,High,,,,,,160.046864,-32.729558,1859.13065,0.841232,11:15,0.538284,0.30902,-0.784064,-3.934669,-44.084927,34.314095,174.217211,-1.148315,0.100737,-0.020041,-0.994711,1.154187,-5.781624,0.020041,-0.100737,0.994711,-1.154187,5.781624,-0.020041,0.100737,0.994711,-174.217211,1.148315,-0.100737,0.020041,-0.994711
40,2026-03-24,18:24:39.75,2,4,"Canalichio, Will",1000305076,Left,TEX_BOB,"Warren, Hank",1000121298,Right,UTR_VAQ,Undefined,2,Top,1,2,1,Fastball,Four-Seam,InPlay,Undefined,GroundBall,Out,1,0,,91.11432,-2.733162,2.352092,2223.320199,173.32196,11:45,5.88093,-1.84075,5.88798,-16.87044,16.90351,-1.85126,1.93298,0.19036,83.30547,-5.923885,2.020243,0.418275,79.81325,-13.387069,-39.851804,,,,,11.35614,11.35614,-31.352227,0.079641,1.61996,9.77981,1.65203,50,5.65052,-5.34945,-132.13437,-6.82874,2.85977,28.54176,-14.90925,TEX_BOB,UTR_VAQ,TexasStateUniversity,D1,SBELT,20260324-TexasStateUniversity-1,9c816160-27d8-11f1-b396-7fdcd427690d,90.11396,2.13376,,7.80885,,,,2.74922,2.13376,-0.19118,5d42d121-7b79-486a-9f77-85b5a028b7ae,2026-03-24,23:24:39.75,2026-03-24T18:24:39.7590528-05:00,2026-03-24T23:24:39.7590528Z,GroundBall,v3,471452,471407,94d7b8dbc2134927a2dd9771b85d27fc,"Namken, Clayton",10125205,Right,TEX_BOB,2ebf820d-81c8-43f0-9018-1126a17e810b,54.6141,-133.12731,14.27088,5.87906,-6.31006,-7.45462,1.83986,-5.44894,1.42989,214.220492,2.7492,87.42808,-2.22116,,,,,,,2.1337,-27.09269,3.79179,,,,,,,-0.19124,-72.96545,14.78337,,,,,,,,,,,,,,,,,,,,,,,,,,,,,High,High,High,High,High,,,,157.151364,-31.917509,1887.17679,0.84881,11:15,0.54405,0.354427,-0.76052,3.291196,-53.073812,29.89035,167.390628,1.137281,0.21826,0.019848,-0.975689,1.165381,12.606848,0.019848,0.21826,0.975689,-1.165381,-12.606848,-0.019848,-0.21826,0.975689,-167.390628,-1.137281,-0.21826,-0.019848,-0.975689
41,2026-03-24,18:25:15.76,3,1,"Canalichio, Will",1000305076,Left,TEX_BOB,"Villescas, Diego",1000125041,Right,UTR_VAQ,Undefined,2,Top,2,0,0,Fastball,Four-Seam,StrikeSwinging,Undefined,Undefined,Undefined,0,0,,91.95664,-0.658711,1.772111,2099.428976,186.478415,12:15,5.96271,-1.68986,5.46414,-23.81068,9.69749,0.98417,3.36161,0.05137,84.26849,-5.061308,1.947251,0.416626,,,,,,,,,,,,-0.01535,5.38288,1.53308,50,5.88851,-4.17499,-133.47349,-2.41487,-0.02775,28.00313,-22.43733,TEX_BOB,UTR_VAQ,TexasStateUniversity,D1,SBELT,20260324-TexasStateUniversity-1,b1fd6930-27d8-11f1-b396-7fdcd427690d,90.47061,,,7.68815,,,,,,,5d42d121-7b79-486a-9f77-85b5a028b7ae,2026-03-24,23:25:15.76,2026-03-24T18:25:15.7647360-05:00,2026-03-24T23:25:15.7647360Z,,v3,471452,471407,94d7b8dbc2134927a2dd9771b85d27fc,"Namken, Clayton",10125205,Right,TEX_BOB,3f57c2e1-4edd-4803-9e53-af278704631a,55.03634,-134.52598,14.00156,5.96343,-1.57157,-11.21867,1.68998,-4.17395,-0.01387,,,,,,,,,,,,,,,,,,,,,,,,,,,,,,,,,,,,,,,,,,,,,,,,,,,High,High,High,,,,,,166.856069,-40.313443,1600.849344,0.762517,11:30,0.667587,0.180821,-0.722241,-25.875367,-46.706558,65.036662,167.208039,6.764753,0.21987,0.117793,-0.968391,6.935269,12.701412,0.117793,0.21987,0.968391,-6.935269,-12.701412,-0.117793,-0.21987,0.968391,-167.208039,-6.764753,-0.21987,-0.117793,-0.968391
42,2026-03-24,18:25:32.71,3,2,"Canalichio, Will",1000305076,Left,TEX_BOB,"Villescas, Diego",1000125041,Right,UTR_VAQ,Undefined,2,Top,2,0,1,Fastball,Four-Seam,FoulBallNotFieldable,Undefined,Undefined,Undefined,0,0,,93.30504,-2.341407,2.237837,2042.410944,159.469366,11:15,5.91079,-1.91337,5.95103,-18.6791,13.43576,-4.64398,2.17968,-0.22372,85.27106,-5.854906,1.40396,0.407873,94.83077,14.411475,35.990856,4125.818499,83.1195,20.36521,72.04963,248.56491,214.20172,46.635456,2.446833,3.02256,7.8743,1.73787,50,5.7138,-5.08799,-135.36282,-6.14549,5.59928,29.98121,-17.58698,TEX_BOB,UTR_VAQ,TexasStateUniversity,D1,SBELT,20260324-TexasStateUniversity-1,bc0eecf0-27d8-11f1-b396-7fdcd427690d,92.4123,21.04933,,8.03399,,,,0.36416,2.06801,0.6335,5d42d121-7b79-486a-9f77-85b5a028b7ae,2026-03-24,23:25:32.71,2026-03-24T18:25:32.7163904-05:00,2026-03-24T23:25:32.7163904Z,LineDrive,v3,471452,471407,94d7b8dbc2134927a2dd9771b85d27fc,"Namken, Clayton",10125205,Right,TEX_BOB,f7b5e15a-a71d-4450-8fa2-28aba610e9dc,54.55035,-136.36694,14.9906,5.90975,-5.55647,-8.79349,1.91142,-5.27552,2.79964,,0.36417,108.99391,-24.66672,5.5354,-1.21139,0.22324,-0.03788,0.00498,-0.00034,2.06801,34.61599,-17.05201,1.24504,-0.10137,0.00284,0.00378,-0.00073,3E-05,0.6335,79.16242,-0.11315,-2.0039,0.81226,-0.22936,0.04843,-0.00674,0.00043,,,,,,,,,,,,,,,,,,,,,,,High,High,High,Medium,Medium,,,,158.23133,-32.81101,1716.569802,0.840462,11:15,0.558758,0.333571,-0.759289,13.411418,-46.163509,14.48727,173.384372,2.770207,0.115073,0.04833,-0.992181,2.788747,6.607862,0.04833,0.115073,0.992181,-2.788747,-6.607862,-0.04833,-0.115073,0.992181,-173.384372,-2.770207,-0.115073,-0.04833,-0.992181
43,2026-03-24,18:25:58.28,3,3,"Canalichio, Will",1000305076,Left,TEX_BOB,"Villescas, Diego",1000125041,Right,UTR_VAQ,Undefined,2,Top,2,0,2,Curveball,Slider,FoulBallNotFieldable,Undefined,Undefined,Undefined,0,0,,78.83545,-0.645466,0.35553,2222.107607,290.838197,3:45,6.20716,-1.40604,5.24804,-49.44085,-3.36378,12.60406,1.48047,-0.02158,72.71287,-9.583235,2.59705,0.488555,75.25227,-23.802367,57.69533,,,,,3.44605,3.44605,48.345918,0.030271,-6.22638,-1.0915,1.36361,50,6.11095,-1.21246,-114.47604,-3.02393,-8.2438,21.57583,-33.61922,TEX_BOB,UTR_VAQ,TexasStateUniversity,D1,SBELT,20260324-TexasStateUniversity-1,cb554ba0-27d8-11f1-b396-7fdcd427690d,77.15079,1.35063,,6.12258,,,,0.65398,1.35063,-0.01323,5d42d121-7b79-486a-9f77-85b5a028b7ae,2026-03-24,23:25:58.28,2026-03-24T18:25:58.2816256-05:00,2026-03-24T23:25:58.2816256Z,GroundBall,v3,471452,471407,94d7b8dbc2134927a2dd9771b85d27fc,"Namken, Clayton",10125205,Right,TEX_BOB,823a3b63-8b5c-43b5-95c0-b5045e1ab774,55.25571,-115.46236,10.78792,6.21405,-1.48706,-16.80961,1.41043,-0.8356,-4.1219,,0.65354,54.05718,,,,,,,,1.35099,-44.61785,,,,,,,,-0.01392,85.49458,,,,,,,,,,,,,,,,,,,,,,,,,,,,,,High,High,High,Estimated,Estimated,,,,312.012411,-62.537022,1024.781282,0.461175,4:30,0.88918,-0.332636,0.314184,-11.699497,-30.855562,-36.892538,98.411671,17.592093,0.942978,0.302238,-0.139443,65.232902,70.557849,0.302238,0.942978,0.139443,-65.232902,-70.557849,-0.302238,-0.942978,0.139443,-98.411671,-17.592093,-0.942978,-0.302238,-0.139443
44,2026-03-24,18:26:21.63,3,4,"Canalichio, Will",1000305076,Left,TEX_BOB,"Villescas, Diego",1000125041,Right,UTR_VAQ,Undefined,2,Top,2,0,2,Fastball,Four-Seam,FoulBallNotFieldable,Undefined,Undefined,Undefined,0,0,,93.32179,-2.365031,1.554831,2181.417064,175.72825,11:45,6.07593,-1.71288,6.02248,-17.40777,14.20217,-0.99382,2.43262,-0.35518,86.30603,-5.630584,1.376059,0.404653,74.79392,42.353666,105.928422,4919.08785,,,,,21.53906,,,0.89575,8.18654,1.59163,50,5.88094,-3.63889,-135.61514,-6.16012,1.68702,26.52473,-16.75606,TEX_BOB,UTR_VAQ,TexasStateUniversity,D1,SBELT,20260324-TexasStateUniversity-1,d93bcc30-27d8-11f1-b396-7fdcd427690d,93.14747,18.70562,,7.01576,,,,0.66969,2.0152,0.47621,5d42d121-7b79-486a-9f77-85b5a028b7ae,2026-03-24,23:26:21.63,2026-03-24T18:26:21.6344064-05:00,2026-03-24T23:26:21.6344064Z,,v3,471452,471407,94d7b8dbc2134927a2dd9771b85d27fc,"Namken, Clayton",10125205,Right,TEX_BOB,a350cd79-5771-408f-ace0-84d484221bc6,54.48023,-136.4886,13.26237,6.07471,-5.60834,-8.37803,1.71238,-3.69445,0.84351,,0.67035,-22.28252,-0.45901,,,,,,,2.01587,73.86979,-32.52687,,,,,,,0.47275,78.13418,9.19085,,,,,,,,,,,,,,,,,,,,,,,,,,,,,High,High,High,Medium,Undefined,,,,165.941195,-34.881135,1789.504138,0.82034,11:30,0.58455,0.222704,-0.780195,-11.156258,-49.433141,32.51457,168.757624,-3.664895,0.194561,-0.063921,-0.978805,3.736394,-11.219086,0.063921,-0.194561,0.978805,-3.736394,11.219086,-0.063921,0.194561,0.978805,-168.757624,3.664895,-0.194561,0.063921,-0.978805
45,2026-03-24,18:26:45.07,3,5,"Canalichio, Will",1000305076,Left,TEX_BOB,"Villescas, Diego",1000125041,Right,UTR_VAQ,Undefined,2,Top,2,0,2,Curveball,Slider,BallCalled,Undefined,Undefined,Undefined,0,0,,79.46824,-2.599637,1.495326,2179.384392,282.930095,3:30,6.01921,-1.2619,5.11338,-48.07499,-1.71354,14.5969,-0.43872,1.3636,72.64959,-11.243384,4.085712,0.490061,,,,,,,,,,,,-6.89949,0.33768,1.10882,50,5.73636,-3.58316,-115.05401,-6.91742,-9.08185,24.92886,-31.72959,TEX_BOB,UTR_VAQ,TexasStateUniversity,D1,SBELT,20260324-TexasStateUniversity-1,e735adb0-27d8-11f1-b396-7fdcd427690d,76.9138,,,6.81865,,,,,,,5d42d121-7b79-486a-9f77-85b5a028b7ae,2026-03-24,23:26:45.07,2026-03-24T18:26:45.0792960-05:00,2026-03-24T23:26:45.0792960Z,,v3,471452,471407,94d7b8dbc2134927a2dd9771b85d27fc,"Namken, Clayton",10125205,Right,TEX_BOB,dc051086-df1f-4dd0-a297-8e357e5f3986,55.3901,-116.21602,12.46443,6.02433,-5.43841,-15.86479,1.26597,-3.15983,-4.54092,,,,,,,,,,,,,,,,,,,,,,,,,,,,,,,,,,,,,,,,,,,,,,,,,,,High,High,High,,,,,,304.310329,-69.357045,768.327414,0.352543,4:15,0.942532,-0.248455,0.223392,-25.732999,-22.750543,-36.368102,93.74846,67.249473,0.385892,0.922197,-0.025282,88.429614,22.699135,0.922197,0.385892,0.025282,-88.429614,-22.699135,-0.922197,-0.385892,0.025282,-93.74846,-67.249473,-0.385892,-0.922197,-0.025282
46,2026-03-24,18:27:05.66,3,6,"Canalichio, Will",1000305076,Left,TEX_BOB,"Villescas, Diego",1000125041,Right,UTR_VAQ,Undefined,2,Top,2,1,2,Curveball,Curveball,BallCalled,Undefined,Undefined,Undefined,0,0,,78.56511,-2.136089,1.766361,2200.607629,310.268678,4:15,6.14829,-1.45091,5.16527,-56.56003,-8.93544,12.61233,-0.57744,1.26317,71.60504,-12.287632,4.009671,0.496692,,,,,,,,,,,,-5.79469,-3.44591,1.27571,50,5.90496,-3.99854,-113.7324,-6.22182,-7.39779,25.78052,-36.57324,TEX_BOB,UTR_VAQ,TexasStateUniversity,D1,SBELT,20260324-TexasStateUniversity-1,f3790590-27d8-11f1-b396-7fdcd427690d,75.88698,,,6.96007,,,,,,,5d42d121-7b79-486a-9f77-85b5a028b7ae,2026-03-24,23:27:05.66,2026-03-24T18:27:05.6647680-05:00,2026-03-24T23:27:05.6647680Z,,v3,471452,471407,94d7b8dbc2134927a2dd9771b85d27fc,"Namken, Clayton",10125205,Right,TEX_BOB,19e3f6ac-74bc-43d5-9110-bb94834f8f66,55.33892,-114.93624,12.89026,6.15562,-4.51401,-18.28662,1.45436,-3.65309,-3.69889,,,,,,,,,,,,,,,,,,,,,,,,,,,,,,,,,,,,,,,,,,,,,,,,,,,High,High,High,,,,,,310.434348,-70.253062,743.511429,0.337866,4:15,0.942919,-0.221907,0.248315,-23.229357,-25.116928,-39.300372,94.493684,63.30983,0.447785,0.893448,-0.035192,87.74436,26.601659,0.893448,0.447785,0.035192,-87.74436,-26.601659,-0.893448,-0.447785,0.035192,-94.493684,-63.30983,-0.447785,-0.893448,-0.035192
47,2026-03-24,18:27:26.49,3,7,"Canalichio, Will",1000305076,Left,TEX_BOB,"Villescas, Diego",1000125041,Right,UTR_VAQ,Undefined,2,Top,2,2,2,Fastball,Four-Seam,InPlay,Undefined,LineDrive,Double,0,0,,91.83002,-2.020044,1.495698,2140.1727,175.49878,11:45,6.07784,-1.82374,6.11591,-18.73981,14.34347,-1.0413,2.64701,-0.52724,83.49837,-5.57266,1.308047,0.413976,96.41425,13.992384,9.355263,1782.69693,107.65165,20.30833,22.60615,248.87404,248.87404,14.537482,2.35025,0.98791,8.34949,1.70956,50,5.91305,-3.43604,-133.26779,-5.27279,1.76328,30.65207,-17.27116,TEX_BOB,UTR_VAQ,TexasStateUniversity,D1,SBELT,20260324-TexasStateUniversity-1,ffeac070-27d8-11f1-b396-7fdcd427690d,91.04974,20.98409,,8.33165,,,,1.20677,2.53755,0.50149,5d42d121-7b79-486a-9f77-85b5a028b7ae,2026-03-24,23:27:26.49,2026-03-24T18:27:26.4923648-05:00,2026-03-24T23:27:26.4923648Z,LineDrive,v3,471452,471407,94d7b8dbc2134927a2dd9771b85d27fc,"Namken, Clayton",10125205,Right,TEX_BOB,68328a5d-55a9-41fe-b073-1e6201bc4152,54.38485,-134.27253,15.32603,6.07661,-4.70666,-8.63558,1.82314,-3.49384,0.88164,237.714868,1.20687,135.38074,-21.20121,4.31802,-0.74371,0.08862,-0.01134,0.00332,-0.00053,2.53743,34.19791,-16.80329,1.10167,-0.31637,0.1338,-0.03583,0.0044,-4E-05,0.50134,22.31326,3.87116,-1.40202,0.1919,0.04726,-0.02347,0.00213,0.00023,,,,,,,,,,,,,,,,,,,,,,,High,High,High,High,High,,,,166.244022,-36.790343,1713.919464,0.800832,11:30,0.611906,0.21142,-0.76215,-15.455611,-45.44958,49.39337,171.274493,3.811337,0.151365,0.066471,-0.98624,3.85583,8.706059,0.066471,0.151365,0.98624,-3.85583,-8.706059,-0.066471,-0.151365,0.98624,-171.274493,-3.811337,-0.151365,-0.066471,-0.98624
48,2026-03-24,18:28:05.52,4,1,"Canalichio, Will",1000305076,Left,TEX_BOB,"Chapa, Andy",1000486891,Right,UTR_VAQ,Undefined,2,Top,2,0,0,Curveball,Curveball,BallCalled,Undefined,Undefined,Undefined,0,0,,76.37979,-0.564978,1.911429,2126.682615,291.048803,3:45,6.26066,-1.50511,5.18011,-52.48519,-2.15221,10.51497,1.35497,1.17036,69.1269,-10.09066,3.776801,0.51062,,,,,,,,,,,,-4.60485,-0.38705,1.3188,50,6.16824,-4.10249,-110.56532,-2.87006,-5.56094,24.20296,-32.64146,TEX_BOB,UTR_VAQ,TexasStateUniversity,D1,SBELT,20260324-TexasStateUniversity-1,172d5770-27d9-11f1-b396-7fdcd427690d,73.81705,,,7.25289,,,,,,,5d42d121-7b79-486a-9f77-85b5a028b7ae,2026-03-24,23:28:05.52,2026-03-24T18:28:05.5237632-05:00,2026-03-24T23:28:05.5237632Z,,v3,471452,471407,94d7b8dbc2134927a2dd9771b85d27fc,"Namken, Clayton",10125205,Right,TEX_BOB,adf885db-c0b5-4916-a819-c6cb3f83347a,55.32073,-111.72396,12.10148,6.26823,-1.30744,-16.32073,1.50882,-3.83628,-2.78047,,,,,,,,,,,,,,,,,,,,,,,,,,,,,,,,,,,,,,,,,,,,,,,,,,,High,High,High,,,,,,308.419994,-70.363276,714.683013,0.336055,4:15,0.936902,-0.253992,0.240216,-11.450986,-18.216831,-48.92424,98.865295,57.309358,0.53365,0.841599,-0.083236,84.351669,32.252436,0.841599,0.53365,0.083236,-84.351669,-32.252436,-0.841599,-0.53365,0.083236,-98.865295,-57.309358,-0.53365,-0.841599,-0.083236
49,2026-03-24,18:28:18.32,4,2,"Canalichio, Will",1000305076,Left,TEX_BOB,"Chapa, Andy",1000486891,Right,UTR_VAQ,Undefined,2,Top,2,1,0,Fastball,Four-Seam,StrikeSwinging,Undefined,Undefined,Undefined,0,0,,91.12674,-3.373012,2.324039,2259.278574,169.04358,11:45,5.90078,-1.9238,6.05019,-17.14084,16.54391,-2.98536,1.34356,-0.01987,83.15524,-6.620443,1.787117,0.417723,,,,,,,,,,,,2.21039,9.83729,1.74441,50,5.6285,-5.23327,-132.05323,-8.29412,3.88779,29.14923,-14.8716,TEX_BOB,UTR_VAQ,TexasStateUniversity,D1,SBELT,20260324-TexasStateUniversity-1,1ec9bc80-27d9-11f1-b396-7fdcd427690d,90.23315,,,7.9715,,,,,,,5d42d121-7b79-486a-9f77-85b5a028b7ae,2026-03-24,23:28:18.32,2026-03-24T18:28:18.3211520-05:00,2026-03-24T23:28:18.3211520Z,,v3,471452,471407,94d7b8dbc2134927a2dd9771b85d27fc,"Namken, Clayton",10125205,Right,TEX_BOB,a74d6e56-b58d-46b4-a4d4-802c674322db,54.45032,-133.03196,14.57461,5.89861,-7.79479,-7.4358,1.92231,-5.36381,1.94389,,,,,,,,,,,,,,,,,,,,,,,,,,,,,,,,,,,,,,,,,,,,,,,,,,,High,High,High,,,,,,160.736678,-32.963556,1895.572741,0.839017,11:15,0.558562,0.308334,-0.770025,-0.908492,-48.266412,32.664315,171.348136,1.523806,0.150377,0.026592,-0.988271,1.541338,8.648781,0.026592,0.150377,0.988271,-1.541338,-8.648781,-0.026592,-0.150377,0.988271,-171.348136,-1.523806,-0.150377,-0.026592,-0.988271
50,2026-03-24,18:28:33.49,4,3,"Canalichio, Will",1000305076,Left,TEX_BOB,"Chapa, Andy",1000486891,Right,UTR_VAQ,Undefined,2,Top,2,1,1,Fastball,Four-Seam,BallCalled,Undefined,Undefined,Undefined,0,0,,91.71308,-2.89864,0.47229,2224.908439,177.027052,12:00,6.11346,-1.8303,6.31737,-16.8119,15.84111,-0.76965,2.04015,-1.4594,84.13961,-6.092544,0.332985,0.411276,,,,,,,,,,,,0.52827,9.3456,1.79609,50,5.89295,-1.0663,-133.18991,-7.22031,0.95076,28.10113,-15.35481,TEX_BOB,UTR_VAQ,TexasStateUniversity,D1,SBELT,20260324-TexasStateUniversity-1,27cda0d0-27d9-11f1-b396-7fdcd427690d,91.64763,,,7.57347,,,,,,,5d42d121-7b79-486a-9f77-85b5a028b7ae,2026-03-24,23:28:33.49,2026-03-24T18:28:33.4996480-05:00,2026-03-24T23:28:33.4996480Z,,v3,471452,471407,94d7b8dbc2134927a2dd9771b85d27fc,"Namken, Clayton",10125205,Right,TEX_BOB,ee0524b4-393d-457c-b264-f18302f42835,54.18347,-134.06966,14.05056,6.11147,-6.7396,-7.67741,1.82994,-1.09607,0.47538,,,,,,,,,,,,,,,,,,,,,,,,,,,,,,,,,,,,,,,,,,,,,,,,,,,High,High,High,,,,,,165.446449,-33.274091,1860.147023,0.836056,11:30,0.543971,0.237564,-0.804773,-1.565841,-47.054174,31.084767,169.14373,2.904908,0.188104,0.050678,-0.980841,2.957752,10.842151,0.050678,0.188104,0.980841,-2.957752,-10.842151,-0.050678,-0.188104,0.980841,-169.14373,-2.904908,-0.188104,-0.050678,-0.980841
51,2026-03-24,18:28:48.26,4,4,"Canalichio, Will",1000305076,Left,TEX_BOB,"Chapa, Andy",1000486891,Right,UTR_VAQ,Undefined,2,Top,2,2,1,Fastball,Four-Seam,HitByPitch,Undefined,Undefined,Undefined,0,0,,90.57342,-4.612578,3.915648,2227.89614,169.556769,11:45,5.89188,-1.92009,5.79338,-19.35462,15.13682,-2.58453,-0.03121,1.51275,83.15238,-8.210173,3.454166,0.422695,,,,,,,,,,,,2.46473,9.41619,1.59899,50,5.49907,-8.859,-130.93431,-11.21889,4.27337,27.96828,-15.8481,TEX_BOB,UTR_VAQ,TexasStateUniversity,D1,SBELT,20260324-TexasStateUniversity-1,30a3e570-27d9-11f1-b396-7fdcd427690d,89.17171,,,7.42105,,,,,,,5d42d121-7b79-486a-9f77-85b5a028b7ae,2026-03-24,23:28:48.26,2026-03-24T18:28:48.2613760-05:00,2026-03-24T23:28:48.2613760Z,,v3,471452,471407,94d7b8dbc2134927a2dd9771b85d27fc,"Namken, Clayton",10125205,Right,TEX_BOB,07d0f0ba-43dc-4c5a-a1c8-a27deea4f795,54.71181,-131.93694,13.98414,5.89107,-10.65076,-7.92405,1.91932,-9.0122,2.13669,,,,,,,,,,,,,,,,,,,,,,,,,,,,,,,,,,,,,,,,,,,,,,,,,,,High,High,High,,,,,,161.712047,-36.62263,1788.069174,0.802582,11:30,0.625055,0.299001,-0.721044,-10.84175,-49.877893,52.355977,171.130046,7.514863,0.152868,0.130783,-0.979555,7.604764,8.793163,0.130783,0.152868,0.979555,-7.604764,-8.793163,-0.130783,-0.152868,0.979555,-171.130046,-7.514863,-0.152868,-0.130783,-0.979555
52,2026-03-24,18:29:52.42,5,1,"Canalichio, Will",1000305076,Left,TEX_BOB,"Gonzalez, Rudy",831171,Right,UTR_VAQ,Undefined,2,Top,2,0,0,Fastball,Four-Seam,InPlay,Undefined,FlyBall,Double,1,1,,91.08968,-2.304932,2.218461,2184.325952,163.062762,11:30,5.94127,-1.90608,5.85663,-17.35977,16.20536,-4.62784,2.35024,-0.22943,83.81946,-5.571428,1.389113,0.41698,95.71992,22.832999,11.839463,3269.713509,106.34494,40.04159,28.11949,344.31315,342.28977,19.412358,3.791987,2.95878,9.21693,1.72862,50,5.74374,-4.92721,-132.24,-5.87198,5.27245,26.53334,-15.74982,TEX_BOB,UTR_VAQ,TexasStateUniversity,D1,SBELT,20260324-TexasStateUniversity-1,56da7560-27d9-11f1-b396-7fdcd427690d,90.39378,49.72618,,7.27021,,,,0.42434,2.43165,0.24324,5d42d121-7b79-486a-9f77-85b5a028b7ae,2026-03-24,23:29:52.42,2026-03-24T18:29:52.4295680-05:00,2026-03-24T23:29:52.4295680Z,LineDrive,v3,471452,471407,94d7b8dbc2134927a2dd9771b85d27fc,"Namken, Clayton",10125205,Right,TEX_BOB,a3900077-1c52-44e3-afc8-8e22df6022ef,54.64594,-133.16892,13.26667,5.93966,-5.32058,-7.87491,1.90435,-5.11179,2.63623,222.460068,0.42398,126.64637,-21.96668,5.57266,-1.33134,0.32945,-0.07546,0.01151,-0.00076,2.43226,54.45983,-16.34937,0.00395,0.46186,-0.22732,0.06372,-0.00902,0.00049,0.24322,26.5474,3.6758,-1.7573,0.55707,-0.13718,0.02584,-0.00312,0.00017,,,,,,,,,,,,,,,,,,,,,,,High,High,High,High,High,,,,160.488571,-33.400707,1823.565022,0.834841,11:15,0.568888,0.300747,-0.765452,-7.574414,-49.314096,37.693649,170.384908,-1.18681,0.166993,-0.020712,-0.985741,1.203715,-9.61301,0.020712,-0.166993,0.985741,-1.203715,9.61301,-0.020712,0.166993,0.985741,-170.384908,1.18681,-0.166993,0.020712,-0.985741
53,2026-03-24,18:33:33.69,1,1,"Bonilla, Robert",831213,Right,UTR_VAQ,"Park, Dawson",830892,Right,TEX_BOB,Undefined,2,Bottom,0,0,0,Sinker,Sinker,BallCalled,Undefined,Undefined,Undefined,0,0,,90.98717,-1.868761,-5.355367,2039.99831,256.434612,2:30,5.55634,1.79794,6.20572,-28.95183,5.20862,16.30336,1.41054,-1.80118,81.94419,-7.279102,-2.426469,0.420662,,,,,,,,,,,,-10.0965,3.71823,-1.40187,50,5.40122,11.61509,-131.42752,-5.28098,-17.36001,32.26437,-25.78088,TEX_BOB,UTR_VAQ,TexasStateUniversity,D1,SBELT,20260324-TexasStateUniversity-1,dabcf880-27d9-11f1-b396-7fdcd427690d,89.60274,,,9.04297,,,,,,,5d42d121-7b79-486a-9f77-85b5a028b7ae,2026-03-24,23:33:33.69,2026-03-24T18:33:33.6984064-05:00,2026-03-24T23:33:33.6984064Z,,v3,471452,471407,94d7b8dbc2134927a2dd9771b85d27fc,"Gonzalez, Rudy",831171,Right,UTR_VAQ,504059e8-b567-4cad-ad81-9989fda02de2,54.29305,-132.47724,16.13219,5.55939,-4.4422,-12.89044,-1.78895,12.1799,-8.68,,,,,,,,,,,,,,,,,,,,,,,,,,,,,,,,,,,,,,,,,,,,,,,,,,,High,High,High,,,,,,238.365192,40.434522,1552.739948,0.761148,2:00,-0.661624,-0.668853,-0.338953,-66.878328,-31.341626,69.91753,178.500822,-65.083725,0.011022,-0.906924,-0.421149,65.091219,-0.631534,0.906924,-0.011022,0.421149,-65.091219,0.631534,-0.906924,0.011022,0.421149,-178.500822,65.083725,-0.011022,0.906924,-0.421149
54,2026-03-24,18:33:50.69,1,2,"Bonilla, Robert",831213,Right,UTR_VAQ,"Park, Dawson",830892,Right,TEX_BOB,Undefined,2,Bottom,0,1,0,Sinker,Sinker,BallCalled,Undefined,Undefined,Undefined,0,0,,91.94815,-2.082825,-4.445506,1994.978613,259.272101,2:45,5.46409,1.83525,5.77361,-29.26836,4.72414,18.14914,1.08009,-0.79761,82.70226,-7.509667,-1.202947,0.419626,,,,,,,,,,,,-10.70804,3.47977,-1.47811,50,5.27388,9.51306,-132.88048,-5.9124,-18.77738,33.58255,-26.07204,TEX_BOB,UTR_VAQ,TexasStateUniversity,D1,SBELT,20260324-TexasStateUniversity-1,e4def700-27d9-11f1-b396-7fdcd427690d,89.82377,,,9.24589,,,,,,,5d42d121-7b79-486a-9f77-85b5a028b7ae,2026-03-24,23:33:50.69,2026-03-24T18:33:50.6946048-05:00,2026-03-24T23:33:50.6946048Z,,v3,471452,471407,94d7b8dbc2134927a2dd9771b85d27fc,"Gonzalez, Rudy",831171,Right,UTR_VAQ,a70a2762-9138-4bc5-a9d9-4bc373996c45,54.72651,-134.06968,16.79128,5.4669,-4.98916,-13.03602,-1.82675,10.17799,-9.38869,,,,,,,,,,,,,,,,,,,,,,,,,,,,,,,,,,,,,,,,,,,,,,,,,,,High,High,High,,,,,,241.058313,36.335429,1607.079069,0.805562,2:00,-0.59501,-0.726026,-0.344744,-52.646116,-38.751087,70.624466,175.898197,64.674211,0.030598,0.90389,-0.426669,64.730983,1.753382,0.90389,0.030598,0.426669,-64.730983,-1.753382,-0.90389,-0.030598,0.426669,-175.898197,-64.674211,-0.030598,-0.90389,-0.426669
55,2026-03-24,18:34:09.11,1,3,"Bonilla, Robert",831213,Right,UTR_VAQ,"Park, Dawson",830892,Right,TEX_BOB,Undefined,2,Bottom,0,2,0,Curveball,Curveball,StrikeSwinging,Undefined,Undefined,Undefined,0,0,,79.57523,0.502746,-2.842659,2411.389352,55.047829,7:45,5.36956,1.99621,5.41804,-53.1429,-7.65122,-13.12871,1.41255,-1.76304,72.69728,-9.138808,-5.176283,0.485442,,,,,,,,,,,,5.67705,-3.49496,-1.73415,50,5.37759,6.25824,-115.32651,-0.85901,7.54729,24.02582,-36.8204,TEX_BOB,UTR_VAQ,TexasStateUniversity,D1,SBELT,20260324-TexasStateUniversity-1,efe6e8b0-27d9-11f1-b396-7fdcd427690d,77.64562,,,6.87796,,,,,,,5d42d121-7b79-486a-9f77-85b5a028b7ae,2026-03-24,23:34:09.11,2026-03-24T18:34:09.1106816-05:00,2026-03-24T23:34:09.1106816Z,,v3,471452,471407,94d7b8dbc2134927a2dd9771b85d27fc,"Gonzalez, Rudy",831171,Right,UTR_VAQ,81599238-ef28-4555-b95c-d38b3b5c2ea7,55.08446,-116.38093,12.01291,5.37983,0.75692,-18.4102,-2.00154,5.92701,3.77365,,,,,,,,,,,,,,,,,,,,,,,,,,,,,,,,,,,,,,,,,,,,,,,,,,,High,High,High,,,,,,49.035571,32.030274,2044.298672,0.847768,7:45,-0.496521,0.644793,0.581128,11.552695,85.545169,31.187899,109.363749,-51.564952,0.586463,-0.783313,-0.206109,75.2582,-35.906428,0.783313,-0.586463,0.206109,-75.2582,35.906428,-0.783313,0.586463,0.206109,-109.363749,51.564952,-0.586463,0.783313,-0.206109
56,2026-03-24,18:34:27.15,1,4,"Bonilla, Robert",831213,Right,UTR_VAQ,"Park, Dawson",830892,Right,TEX_BOB,Undefined,2,Bottom,0,2,1,Curveball,Curveball,StrikeSwinging,Undefined,Undefined,Undefined,0,0,,79.64514,0.410841,-2.174199,2585.011867,49.336368,7:45,5.33262,1.98848,5.28569,-54.88905,-9.32784,-12.63217,1.14465,-1.10699,72.82838,-9.517028,-4.417898,0.485813,,,,,,,,,,,,5.61103,-4.2778,-1.78074,50,5.33017,4.90455,-115.48011,-1.15287,7.4846,23.95177,-37.88024,TEX_BOB,UTR_VAQ,TexasStateUniversity,D1,SBELT,20260324-TexasStateUniversity-1,faa6d4e0-27d9-11f1-b396-7fdcd427690d,77.58634,,,6.81677,,,,,,,5d42d121-7b79-486a-9f77-85b5a028b7ae,2026-03-24,23:34:27.15,2026-03-24T18:34:27.1506432-05:00,2026-03-24T23:34:27.1506432Z,,v3,471452,471407,94d7b8dbc2134927a2dd9771b85d27fc,"Gonzalez, Rudy",831171,Right,UTR_VAQ,0eff0b6d-17b8-420b-ba5f-654702ee6c61,55.21727,-116.5572,11.97589,5.34371,0.55058,-18.94012,-1.99373,4.56798,3.7423,,,,,,,,,,,,,,,,,,,,,,,,,,,,,,,,,,,,,,,,,,,,,,,,,,,High,High,High,,,,,,48.178534,25.275253,2337.541041,0.904267,7:30,-0.398945,0.676928,0.618556,79.579583,4.925732,-65.309588,108.675986,-56.294678,0.525702,-0.831903,-0.177695,77.942786,-31.715518,0.831903,-0.525702,0.177695,-77.942786,31.715518,-0.831903,0.525702,0.177695,-108.675986,56.294678,-0.525702,0.831903,-0.177695
57,2026-03-24,18:34:45.59,1,5,"Bonilla, Robert",831213,Right,UTR_VAQ,"Park, Dawson",830892,Right,TEX_BOB,Undefined,2,Bottom,0,2,2,Curveball,Curveball,StrikeSwinging,Strikeout,Undefined,Undefined,0,0,,79.44643,0.297676,-1.672196,2639.308725,50.16946,7:45,5.31068,1.97343,5.17893,-56.5355,-10.30926,-14.31501,0.87962,-0.79343,72.28146,-9.916388,-4.212332,0.489346,,,,,,,,,,,,6.62146,-4.83744,-1.80631,50,5.295,3.94412,-115.15233,-1.44108,8.72151,25.17927,-38.54573,TEX_BOB,UTR_VAQ,TexasStateUniversity,D1,SBELT,20260324-TexasStateUniversity-1,05a46650-27da-11f1-b396-7fdcd427690d,77.02623,,,7.16498,,,,,,,5d42d121-7b79-486a-9f77-85b5a028b7ae,2026-03-24,23:34:45.59,2026-03-24T18:34:45.5960000-05:00,2026-03-24T23:34:45.5960000Z,,v3,471452,471407,94d7b8dbc2134927a2dd9771b85d27fc,"Gonzalez, Rudy",831171,Right,UTR_VAQ,d11d6f5b-ca60-4d15-bc9c-43bdcb72c87d,55.32479,-116.31082,12.58963,5.32051,0.3324,-19.27286,-1.97854,3.54285,4.36075,,,,,,,,,,,,,,,,,,,,,,,,,,,,,60.55999,,,1.183643,,,,-4.33385,3.92328,4.52496,76.63795,4.73664,48.15318,-4.26414,76.3647,-6.77325,4.04134,21.03346,-17.27602,4.50657,38.22837,-1.14327,High,High,High,,,High,Low,Medium,46.076882,23.138042,2427.004833,0.919561,7:30,-0.370721,0.664366,0.648987,67.008629,7.418564,-60.692234,112.760092,-56.93254,0.50314,-0.838029,-0.211088,75.862065,-30.207943,0.838029,-0.50314,0.211088,-75.862065,30.207943,-0.838029,0.50314,0.211088,-112.760092,56.93254,-0.50314,0.838029,-0.211088
58,2026-03-24,18:35:19.68,2,1,"Bonilla, Robert",831213,Right,UTR_VAQ,"Stewart, Jaquae",806457,Left,TEX_BOB,Undefined,2,Bottom,1,0,0,Sinker,Sinker,InPlay,Undefined,GroundBall,Out,1,0,,92.76259,-1.552603,-3.213954,2063.624652,266.007654,2:45,5.25,2.04513,5.45411,-30.881,2.5448,19.70907,1.22044,0.67558,84.12173,-7.219999,0.294548,0.416114,46.01829,-41.596525,-43.174313,,,,,3.99814,3.99814,-25.415496,0.030125,-11.00627,2.06882,-1.77559,50,5.09149,6.64336,-134.36644,-4.84923,-19.89021,32.23823,-28.43532,TEX_BOB,UTR_VAQ,TexasStateUniversity,D1,SBELT,20260324-TexasStateUniversity-1,19e5cb40-27da-11f1-b396-7fdcd427690d,90.58198,1.35612,,8.64087,,,,2.49714,1.35612,-0.67069,5d42d121-7b79-486a-9f77-85b5a028b7ae,2026-03-24,23:35:19.68,2026-03-24T18:35:19.6836352-05:00,2026-03-24T23:35:19.6836352Z,GroundBall,v3,471452,471407,94d7b8dbc2134927a2dd9771b85d27fc,"Gonzalez, Rudy",831171,Right,UTR_VAQ,e559d2b8-6e0f-49b8-afbe-930de5305437,55.04885,-135.57239,16.11911,5.25299,-3.78554,-14.21766,-2.03802,7.38741,-9.94511,,2.49631,36.981,,,,,,,,1.35713,-45.01627,,,,,,,,-0.66991,-34.69629,,,,,,,,,,,,,,,,,,,,,,,,,,,,,,High,High,High,Estimated,Estimated,,,,241.432196,40.088034,1578.788232,0.765056,2:00,-0.64505,-0.689113,-0.330203,-76.86046,-31.615937,78.749246,177.575839,58.855563,0.021876,0.855866,-0.516734,58.878265,1.253495,0.855866,0.021876,0.516734,-58.878265,-1.253495,-0.855866,-0.021876,0.516734,-177.575839,-58.855563,-0.021876,-0.855866,-0.516734
59,2026-03-24,18:35:58.67,3,1,"Bonilla, Robert",831213,Right,UTR_VAQ,"Farris, Ethan",815102,Right,TEX_BOB,Undefined,2,Bottom,2,0,0,Sinker,Sinker,FoulBallNotFieldable,Undefined,Undefined,Undefined,0,0,,91.74703,-0.620864,-3.833609,2050.096695,259.951921,2:45,5.42895,1.83315,5.90402,-29.25958,4.39929,18.08572,2.41298,-0.22384,82.91054,-6.061569,-0.592833,0.417562,99.08266,-8.056372,55.420382,,,,,16.33688,16.33688,55.23155,0.110756,-10.45308,2.79823,-1.5349,50,5.36232,8.11012,-132.89806,-2.48777,-18.45733,31.85812,-27.2331,TEX_BOB,UTR_VAQ,TexasStateUniversity,D1,SBELT,20260324-TexasStateUniversity-1,31263f60-27da-11f1-b396-7fdcd427690d,90.26787,2.25867,,8.83649,,,,0.25967,2.25867,0.28183,5d42d121-7b79-486a-9f77-85b5a028b7ae,2026-03-24,23:35:58.67,2026-03-24T18:35:58.6752000-05:00,2026-03-24T23:35:58.6752000Z,GroundBall,v3,471452,471407,94d7b8dbc2134927a2dd9771b85d27fc,"Gonzalez, Rudy",831171,Right,UTR_VAQ,85a7e970-a0b2-4d41-99bd-cde2c9f594d6,54.59725,-133.99558,15.92906,5.43186,-1.54959,-13.61655,-1.82525,8.74597,-9.22866,180,0.25775,81.77078,,,,,,,,2.25915,-20.39321,,,,,,,,0.27905,118.62375,,,,,,,,,,,,,,,,,,,,,,,,,,,,,,High,High,High,High,High,,,,241.174268,40.575655,1557.146333,0.759548,2:00,-0.666248,-0.672442,-0.32239,-78.977409,-28.386003,78.253506,179.34113,-58.397346,0.006026,-0.851703,-0.523991,58.399037,-0.345259,0.851703,-0.006026,0.523991,-58.399037,0.345259,-0.851703,0.006026,0.523991,-179.34113,58.397346,-0.006026,0.851703,-0.523991
60,2026-03-24,18:36:23.18,3,2,"Bonilla, Robert",831213,Right,UTR_VAQ,"Farris, Ethan",815102,Right,TEX_BOB,Undefined,2,Bottom,2,0,1,Sinker,Sinker,InPlay,Undefined,GroundBall,Out,1,0,,91.79514,0.832007,-3.04582,2087.003162,270.367481,3:00,5.28644,1.90295,5.60504,-32.86695,1.07721,17.56115,3.32539,0.52031,82.89838,-5.231365,0.08565,0.419328,76.95685,-15.400038,48.156523,,,,,11.27642,11.27642,44.57986,0.104032,-9.83898,0.62843,-1.65369,50,5.33655,6.27741,-133.01743,0.67814,-17.41412,31.7696,-31.06177,TEX_BOB,UTR_VAQ,TexasStateUniversity,D1,SBELT,20260324-TexasStateUniversity-1,3fcd9ef0-27da-11f1-b396-7fdcd427690d,89.88768,3.2559,,8.89676,,,,0.60193,3.2559,-0.45682,5d42d121-7b79-486a-9f77-85b5a028b7ae,2026-03-24,23:36:23.18,2026-03-24T18:36:23.1826432-05:00,2026-03-24T23:36:23.1826432Z,GroundBall,v3,471452,471407,94d7b8dbc2134927a2dd9771b85d27fc,"Gonzalez, Rudy",831171,Right,UTR_VAQ,1cb5b2e0-9ed6-4b7d-b89d-3d50bcc066d3,54.89659,-134.18182,15.8848,5.29083,1.81659,-15.53088,-1.89546,6.91566,-8.70706,281.853182,0.602,72.58278,-11.1924,,,,,,,3.25594,-29.97848,-12.70639,,,,,,,-0.45679,81.06282,-5.67501,,,,,,,,,,,,,,,,,,,,,,,,,,,,,High,High,High,High,High,,,,240.969901,47.843936,1400.697007,0.671152,2:00,-0.766009,-0.576006,-0.285391,-86.089031,-19.698858,61.502724,179.658712,-66.479964,0.002377,-0.916921,-0.399063,66.480336,-0.136197,0.916921,-0.002377,0.399063,-66.480336,0.136197,-0.916921,0.002377,0.399063,-179.658712,66.479964,-0.002377,0.916921,-0.399063
61,2026-03-24,18:38:38.81,1,1,"Canalichio, Will",1000305076,Left,TEX_BOB,"Garza-Gongora, Rocco",805037,Left,UTR_VAQ,Undefined,3,Top,0,0,0,Slider,Slider,BallCalled,Undefined,Undefined,Undefined,0,0,,79.10816,-1.485674,2.41669,2272.176155,247.752987,2:15,5.90813,-1.98471,5.22461,-41.38884,4.93953,8.19099,1.06071,0.97133,72.25288,-9.011873,3.868793,0.489886,,,,,,,,,,,,-3.34477,3.40299,1.75531,50,5.74024,-5.16791,-114.5651,-4.39454,-4.39778,23.28251,-27.69971,TEX_BOB,UTR_VAQ,TexasStateUniversity,D1,SBELT,20260324-TexasStateUniversity-1,90b32790-27da-11f1-b396-7fdcd427690d,76.94127,,,6.85528,,,,,,,5d42d121-7b79-486a-9f77-85b5a028b7ae,2026-03-24,23:38:38.81,2026-03-24T18:38:38.8151296-05:00,2026-03-24T23:38:38.8151296Z,,v3,471452,471407,94d7b8dbc2134927a2dd9771b85d27fc,"Namken, Clayton",10125205,Right,TEX_BOB,4b9863e4-1a92-49dd-a26a-86f302fda270,55.27539,-115.63222,11.64125,5.91256,-3.12496,-13.84986,1.98755,-4.96635,-2.19889,,,,,,,,,,,,,,,,,,,,,,,,,,,,,,,,,,,,,,,,,,,,,,,,,,,High,High,High,,,,,,211.793125,-68.357599,838.007011,0.368813,1:00,0.946616,-0.170146,-0.273802,-34.504838,3.129263,-58.050923,106.044193,41.265537,0.722383,0.65955,-0.207743,72.516763,46.251568,0.65955,0.722383,0.207743,-72.516763,-46.251568,-0.65955,-0.722383,0.207743,-106.044193,-41.265537,-0.722383,-0.65955,-0.207743
62,2026-03-24,18:38:56.06,1,2,"Canalichio, Will",1000305076,Left,TEX_BOB,"Garza-Gongora, Rocco",805037,Left,UTR_VAQ,Undefined,3,Top,0,1,0,Fastball,Four-Seam,BallCalled,Undefined,Undefined,Undefined,0,0,,89.1181,-0.958311,2.017395,2150.21176,166.741141,11:30,6.01519,-1.98983,5.90128,-19.87552,15.26753,-3.33768,3.4686,-0.39431,81.52556,-4.704629,1.418765,0.426669,,,,,,,,,,,,2.25036,8.40709,1.82936,50,5.92662,-4.41413,-129.37824,-2.7791,3.81969,26.63567,-17.90421,TEX_BOB,UTR_VAQ,TexasStateUniversity,D1,SBELT,20260324-TexasStateUniversity-1,9ae1f750-27da-11f1-b396-7fdcd427690d,88.34116,,,7.59254,,,,,,,5d42d121-7b79-486a-9f77-85b5a028b7ae,2026-03-24,23:38:56.06,2026-03-24T18:38:56.0613888-05:00,2026-03-24T23:38:56.0613888Z,,v3,471452,471407,94d7b8dbc2134927a2dd9771b85d27fc,"Namken, Clayton",10125205,Right,TEX_BOB,4ef8e444-9245-4da3-97bb-ea1c8dc5b10b,54.59831,-130.32147,13.31784,6.01381,-2.14507,-8.95211,1.98807,-4.54939,1.90984,,,,,,,,,,,,,,,,,,,,,,,,,,,,,,,,,,,,,,,,,,,,,,,,,,,High,High,High,,,,,,164.422192,-39.349238,1662.749333,0.773296,11:30,0.656315,0.218241,-0.722233,-10.979322,-55.324141,41.999392,166.438988,5.409472,0.233436,0.094273,-0.967791,5.563649,13.499471,0.094273,0.233436,0.967791,-5.563649,-13.499471,-0.094273,-0.233436,0.967791,-166.438988,-5.409472,-0.233436,-0.094273,-0.967791
63,2026-03-24,18:39:15.12,1,3,"Canalichio, Will",1000305076,Left,TEX_BOB,"Garza-Gongora, Rocco",805037,Left,UTR_VAQ,Undefined,3,Top,0,2,0,Slider,Slider,BallCalled,Undefined,Undefined,Undefined,0,0,,79.68536,0.771284,0.582876,2154.095545,240.016946,2:00,5.98684,-1.79192,5.55043,-35.49167,9.98756,14.35713,3.75004,-0.05078,71.55865,-5.836525,3.14276,0.485376,,,,,,,,,,,,-6.97823,5.29614,1.73204,50,6.03074,-1.76305,-115.424,0.42024,-9.21424,25.73557,-25.18085,TEX_BOB,UTR_VAQ,TexasStateUniversity,D1,SBELT,20260324-TexasStateUniversity-1,a649bc40-27da-11f1-b396-7fdcd427690d,77.65622,,,8.12671,,,,,,,5d42d121-7b79-486a-9f77-85b5a028b7ae,2026-03-24,23:39:15.12,2026-03-24T18:39:15.1215104-05:00,2026-03-24T23:39:15.1215104Z,,v3,471452,471407,94d7b8dbc2134927a2dd9771b85d27fc,"Namken, Clayton",10125205,Right,TEX_BOB,fa903313-c6fe-4b8d-ba26-701d79d8180d,54.9462,-116.52161,12.86779,5.98992,1.4942,-12.59043,1.79886,-1.37007,-4.60712,,,,,,,,,,,,,,,,,,,,,,,,,,,,,,,,,,,,,,,,,,,,,,,,,,,High,High,High,,,,,,212.979221,-66.735338,850.822407,0.394979,1:00,0.919036,-0.227348,-0.322003,-26.399203,3.322817,-56.413653,92.66679,45.677052,0.697945,0.715413,-0.032509,87.398233,44.262378,0.715413,0.697945,0.032509,-87.398233,-44.262378,-0.715413,-0.697945,0.032509,-92.66679,-45.677052,-0.697945,-0.715413,-0.032509
64,2026-03-24,18:39:32.50,1,4,"Canalichio, Will",1000305076,Left,TEX_BOB,"Garza-Gongora, Rocco",805037,Left,UTR_VAQ,Undefined,3,Top,0,3,0,Fastball,Cutter,BallCalled,Walk,Undefined,Undefined,0,0,,89.16311,-3.397402,2.982644,2233.919547,186.172858,12:15,5.79905,-2.04473,5.61407,-23.17474,12.36733,1.21988,0.68872,0.84339,82.18427,-7.666884,3.200116,0.429084,,,,,,,,,,,,0.17051,7.51185,1.78885,50,5.49314,-6.78209,-129.15609,-8.47343,0.28938,25.737,-19.4268,TEX_BOB,UTR_VAQ,TexasStateUniversity,D1,SBELT,20260324-TexasStateUniversity-1,b0971080-27da-11f1-b396-7fdcd427690d,87.84387,,,6.97884,,,,,,,5d42d121-7b79-486a-9f77-85b5a028b7ae,2026-03-24,23:39:32.50,2026-03-24T18:39:32.5033984-05:00,2026-03-24T23:39:32.5033984Z,,v3,471452,471407,94d7b8dbc2134927a2dd9771b85d27fc,"Namken, Clayton",10125205,Right,TEX_BOB,0aacef37-31a2-4344-8aa5-2084968816b7,54.88743,-130.12637,12.8685,5.79878,-7.74104,-9.7134,2.04474,-6.793,0.14469,,,,,,,,,,,,,,,,,,,,,,,,,,,,,,,,,,,,,,,,,,,,,,,,,,,High,High,High,,,,,,163.93511,-41.405855,1675.536799,0.750043,11:30,0.684552,0.246386,-0.686063,-9.376706,-60.54267,43.701851,164.145526,8.102973,0.270467,0.140953,-0.952355,8.418904,15.692086,0.140953,0.270467,0.952355,-8.418904,-15.692086,-0.140953,-0.270467,0.952355,-164.145526,-8.102973,-0.270467,-0.140953,-0.952355
65,2026-03-24,18:41:39.37,2,1,"Canalichio, Will",1000305076,Left,TEX_BOB,"Williams, Thomas",1000123122,Right,UTR_VAQ,Undefined,3,Top,0,0,0,Fastball,Four-Seam,StrikeCalled,Undefined,Undefined,Undefined,0,0,,89.63258,-1.988799,1.85555,2073.024635,166.459504,11:30,6.03741,-1.86572,6.15334,-18.99052,15.348,-3.44213,2.61558,-0.4375,82.30324,-5.576142,1.235003,0.421757,,,,,,,,,,,,2.28106,8.8015,1.72634,50,5.87619,-4.07811,-130.18891,-5.08581,3.92825,26.46246,-17.0169,TEX_BOB,UTR_VAQ,TexasStateUniversity,D1,SBELT,20260324-TexasStateUniversity-1,fc3ce8c0-27da-11f1-b396-7fdcd427690d,89.37006,,,7.32933,,,,,,,5d42d121-7b79-486a-9f77-85b5a028b7ae,2026-03-24,23:41:39.37,2026-03-24T18:41:39.3770000-05:00,2026-03-24T23:41:39.3770000Z,,v3,471452,471407,94d7b8dbc2134927a2dd9771b85d27fc,"Namken, Clayton",10125205,Right,TEX_BOB,d610b451-f5a8-41f8-9fe0-19f5d88740ba,54.34824,-131.06976,13.23123,6.03605,-4.51937,-8.50845,1.86426,-4.20887,1.96412,,,,,,,,,,,,,,,,,,,,,,,,,,,,,82.38401,,0.721254,,0.25818,2.50153,0.41266,0.90038,6.02112,1.35434,,,,0.95237,119.75886,-10.16084,6.0287,3.95151,-11.50211,1.32044,-7.21245,4.79133,High,High,High,,,High,Medium,Low,159.890716,-34.942052,1699.324064,0.819732,11:15,0.587252,0.30154,-0.751138,9.992541,-47.166779,10.430997,173.081744,-1.058501,0.120433,-0.018473,-0.99255,1.066263,-6.91707,0.018473,-0.120433,0.99255,-1.066263,6.91707,-0.018473,0.120433,0.99255,-173.081744,1.058501,-0.120433,0.018473,-0.99255
66,2026-03-24,18:42:09.83,2,2,"Canalichio, Will",1000305076,Left,TEX_BOB,"Williams, Thomas",1000123122,Right,UTR_VAQ,Undefined,3,Top,0,0,1,Slider,Slider,StrikeCalled,Undefined,Undefined,Undefined,0,0,,79.90409,0.434278,0.524573,2114.198324,247.211516,2:15,5.97905,-2.1562,5.90961,-38.03679,6.67992,11.83127,3.21244,-0.68333,71.68295,-6.668171,2.64968,0.481289,,,,,,,,,,,,-5.79776,3.81051,2.10772,50,5.99289,-1.53026,-115.79569,-0.30294,-7.68202,26.48658,-27.12516,TEX_BOB,UTR_VAQ,TexasStateUniversity,D1,SBELT,20260324-TexasStateUniversity-1,0e6c3690-27db-11f1-b396-7fdcd427690d,78.31554,,,8.22113,,,,,,,5d42d121-7b79-486a-9f77-85b5a028b7ae,2026-03-24,23:42:09.83,2026-03-24T18:42:09.8377216-05:00,2026-03-24T23:42:09.8377216Z,,v3,471452,471407,94d7b8dbc2134927a2dd9771b85d27fc,"Namken, Clayton",10125205,Right,TEX_BOB,1c0ae87a-6bac-4952-9117-24095313d09a,54.58666,-116.84011,13.24329,5.98374,0.76666,-13.56258,2.16209,-1.22734,-3.84101,,,,,,,,,,,,,,,,,,,,,,,,,,,,,,,,,,,,,,,,,,,,,,,,,,,High,High,High,,,,,,204.674736,-66.733915,835.11209,0.395002,12:45,0.920652,-0.171858,-0.350521,-10.900432,20.538933,-56.309806,92.499591,47.318415,0.677278,0.735133,-0.029566,87.696903,42.631332,0.735133,0.677278,0.029566,-87.696903,-42.631332,-0.735133,-0.677278,0.029566,-92.499591,-47.318415,-0.677278,-0.735133,-0.029566
67,2026-03-24,18:42:24.22,2,3,"Canalichio, Will",1000305076,Left,TEX_BOB,"Williams, Thomas",1000123122,Right,UTR_VAQ,Undefined,3,Top,0,0,2,Curveball,Curveball,BallCalled,Undefined,Undefined,Undefined,0,0,,76.60591,-1.199893,0.016232,2217.638358,313.753337,4:30,6.20179,-1.58849,5.71045,-58.75554,-10.15347,12.36221,0.1874,-0.54319,70.19987,-11.871546,2.239599,0.501763,,,,,,,,,,,,-6.3367,-4.37673,1.57919,50,6.06458,-0.48203,-111.19724,-4.21968,-7.79363,23.22904,-37.5571,TEX_BOB,UTR_VAQ,TexasStateUniversity,D1,SBELT,20260324-TexasStateUniversity-1,16fd0dc0-27db-11f1-b396-7fdcd427690d,75.11999,,,6.40603,,,,,,,5d42d121-7b79-486a-9f77-85b5a028b7ae,2026-03-24,23:42:24.22,2026-03-24T18:42:24.2249728-05:00,2026-03-24T23:42:24.2249728Z,,v3,471452,471407,94d7b8dbc2134927a2dd9771b85d27fc,"Namken, Clayton",10125205,Right,TEX_BOB,29c63039-febc-4a8a-b23c-859d8c1a9353,54.79404,-112.19424,11.61452,6.2111,-2.6077,-18.77855,1.5927,-0.14753,-3.89681,,,,,,,,,,,,,,,,,,,,,,,,,,,,,,,,,,,,,,,,,,,,,,,,,,,High,High,High,,,,,,307.627877,-68.72689,804.590104,0.362814,4:15,0.937612,-0.267769,0.221775,-19.606338,-15.63776,-44.286527,107.396246,62.386655,0.442302,0.886096,-0.138577,81.11147,26.250837,0.886096,0.442302,0.138577,-81.11147,-26.250837,-0.886096,-0.442302,0.138577,-107.396246,-62.386655,-0.442302,-0.886096,-0.138577
68,2026-03-24,18:42:47.48,2,4,"Canalichio, Will",1000305076,Left,TEX_BOB,"Williams, Thomas",1000123122,Right,UTR_VAQ,Undefined,3,Top,0,1,2,Curveball,Curveball,BallCalled,Undefined,Undefined,Undefined,0,0,,76.15611,-1.21752,0.449358,2179.204417,312.802912,4:30,6.26843,-1.66142,5.23069,-59.59405,-9.72615,12.29532,0.1575,-0.21438,70.10286,-11.931261,2.640523,0.508255,,,,,,,,,,,,-6.06083,-4.09532,1.61033,50,6.11122,-1.33609,-110.49895,-4.38306,-7.39957,21.99517,-37.17396,TEX_BOB,UTR_VAQ,TexasStateUniversity,D1,SBELT,20260324-TexasStateUniversity-1,24db50f0-27db-11f1-b396-7fdcd427690d,74.16044,,,6.05325,,,,,,,5d42d121-7b79-486a-9f77-85b5a028b7ae,2026-03-24,23:42:47.48,2026-03-24T18:42:47.4838528-05:00,2026-03-24T23:42:47.4838528Z,,v3,471452,471407,94d7b8dbc2134927a2dd9771b85d27fc,"Namken, Clayton",10125205,Right,TEX_BOB,7083d806-6e6d-4ac8-a3e2-919ec302e1c2,55.27421,-111.54386,10.99759,6.2775,-2.61707,-18.58698,1.66545,-0.98457,-3.69978,,,,,,,,,,,,,,,,,,,,,,,,,,,,,,,,,,,,,,,,,,,,,,,,,,,High,High,High,,,,,,305.546022,-71.825525,679.719315,0.311912,4:15,0.953838,-0.233541,0.188818,-50.800466,-29.728018,-34.42059,100.709828,63.091592,0.444682,0.891731,-0.084103,84.612152,26.403014,0.891731,0.444682,0.084103,-84.612152,-26.403014,-0.891731,-0.444682,0.084103,-100.709828,-63.091592,-0.444682,-0.891731,-0.084103
69,2026-03-24,18:43:05.74,2,5,"Canalichio, Will",1000305076,Left,TEX_BOB,"Williams, Thomas",1000123122,Right,UTR_VAQ,Undefined,3,Top,0,2,2,Slider,Slider,InPlay,Undefined,Popup,Out,1,0,,79.1064,-1.364557,1.642614,2286.729074,246.319653,2:15,5.98642,-2.00904,5.61996,-41.91935,4.38441,5.86351,1.21887,0.01302,71.14791,-9.09062,2.691137,0.489756,66.94759,78.953445,-39.762053,,,,,,34.39847,,,-2.40563,3.17622,1.86486,50,5.84314,-3.51001,-114.52928,-4.07381,-3.10573,26.67248,-28.07347,TEX_BOB,UTR_VAQ,TexasStateUniversity,D1,SBELT,20260324-TexasStateUniversity-1,2fbecab0-27db-11f1-b396-7fdcd427690d,76.9617,67.40784,,7.95849,,,,4.03574,1.62855,0.1089,5d42d121-7b79-486a-9f77-85b5a028b7ae,2026-03-24,23:43:05.74,2026-03-24T18:43:05.7473024-05:00,2026-03-24T23:43:05.7473024Z,,v3,471452,471407,94d7b8dbc2134927a2dd9771b85d27fc,"Namken, Clayton",10125205,Right,TEX_BOB,890024ba-5cbe-46e7-94ab-0211f27c7879,54.87972,-115.66013,13.33624,5.99063,-2.88357,-14.03674,2.01088,-3.37834,-1.55287,,4.03574,14.46229,-5.77523,1.9572,-0.49459,0.11569,-0.02621,0.00514,-0.00063,1.62855,96.37037,-27.81178,3.20373,-0.46358,0.03876,0.00177,-0.00178,0.00029,0.1089,-12.03331,10.89187,-4.20515,1.14302,-0.28111,0.06625,-0.01338,0.00166,,,,,,,,,,,,,,,,,,,,,,,High,High,High,Low,Undefined,,,,216.5398,-69.295918,808.453607,0.353541,1:15,0.947922,-0.188156,-0.256984,-33.365203,-1.796547,-55.793167,101.044501,42.857796,0.719467,0.680181,-0.14043,78.334613,46.010508,0.680181,0.719467,0.14043,-78.334613,-46.010508,-0.680181,-0.719467,0.14043,-101.044501,-42.857796,-0.719467,-0.680181,-0.14043
70,2026-03-24,18:45:20.64,3,1,"Gutierrez, Alizaeh",828590,Left,TEX_BOB,"Raygoza, Armani",831193,Left,UTR_VAQ,Undefined,3,Top,1,0,0,Undefined,,BallCalled,Undefined,Undefined,Undefined,0,0,,,,,,,,,,,,,,,,,,,,,,,,,,,,,,,,,,,,,,,,,,TEX_BOB,UTR_VAQ,TexasStateUniversity,D1,SBELT,20260324-TexasStateUniversity-1,77c56da0-2853-11f1-9467-89a8746ca295,,,,,,,,,,,5d42d121-7b79-486a-9f77-85b5a028b7ae,2026-03-24,23:45:20.64,2026-03-24T18:45:20.6480000-05:00,2026-03-24T23:45:20.6480000Z,,v3,471452,471407,94d7b8dbc2134927a2dd9771b85d27fc,"Namken, Clayton",10125205,Right,TEX_BOB,c7a4cf2f-c69c-433a-bb7c-8b33a9cbd337,,,,,,,,,,,,,,,,,,,,,,,,,,,,,,,,,,,,,,,,,,,,,,,,,,,,,,,,,,,,,,,,,,,,,,,,,,,,,,,,,,,,,,,,,,,,,,,,,,
71,2026-03-24,18:47:35.64,3,2,"Gutierrez, Alizaeh",828590,Left,TEX_BOB,"Raygoza, Armani",831193,Left,UTR_VAQ,Undefined,3,Top,1,1,0,Slider,Slider,BallCalled,Undefined,Undefined,Undefined,0,0,,83.6911,-3.138786,0.66565,2004.431017,199.255943,12:45,6.12328,0.01193,4.17387,-36.5625,5.61347,1.54236,0.06462,0.77853,77.95697,-9.606948,0.934539,0.467416,,,,,,,,,,,,-0.58925,3.79063,-0.08729,50,5.7372,-1.48032,-121.29494,-8.16488,-0.8884,21.06188,-26.45915,TEX_BOB,UTR_VAQ,TexasStateUniversity,D1,SBELT,20260324-TexasStateUniversity-1,d098c530-27db-11f1-b396-7fdcd427690d,80.63997,,,5.73413,,,,,,,5d42d121-7b79-486a-9f77-85b5a028b7ae,2026-03-24,23:47:35.64,2026-03-24T18:47:35.6480000-05:00,2026-03-24T23:47:35.6480000Z,,v3,471452,471407,94d7b8dbc2134927a2dd9771b85d27fc,"Namken, Clayton",10125205,Right,TEX_BOB,dd28769d-00a4-453f-bda1-40c738b36d70,56.32993,-122.38915,10.53094,6.12567,-6.79027,-13.22957,-0.01158,-1.43417,-0.4442,,,,,,,,,,,,,,,,,,,,,,,,,,,,,,,,,,,,,,,,,,,,,,,,,,,High,High,High,,,,,,169.482982,-60.134049,998.151498,0.497972,11:45,0.866545,0.13824,-0.479572,-52.394735,-44.885147,35.268726,165.56977,28.225871,0.219568,0.472949,-0.853293,28.997972,12.683685,0.472949,0.219568,0.853293,-28.997972,-12.683685,-0.472949,-0.219568,0.853293,-165.56977,-28.225871,-0.219568,-0.472949,-0.853293
72,2026-03-24,18:47:57.67,3,3,"Gutierrez, Alizaeh",828590,Left,TEX_BOB,"Raygoza, Armani",831193,Left,UTR_VAQ,Undefined,3,Top,1,2,0,Fastball,Four-Seam,BallCalled,Undefined,Undefined,Undefined,0,0,,89.33291,-0.638745,-0.249772,2115.01465,166.148742,11:30,6.32476,0.26484,4.31852,-15.15481,22.01655,-5.13205,4.45119,-0.40162,81.35329,-3.47913,-1.144207,0.438809,,,,,,,,,,,,2.39634,11.13957,-0.23234,50,6.24183,0.82612,-129.42755,-1.97653,4.06576,26.95593,-13.27421,TEX_BOB,UTR_VAQ,TexasStateUniversity,D1,SBELT,20260324-TexasStateUniversity-1,ddb258d0-27db-11f1-b396-7fdcd427690d,85.89712,,,7.97962,,,,,,,5d42d121-7b79-486a-9f77-85b5a028b7ae,2026-03-24,23:47:57.67,2026-03-24T18:47:57.6761344-05:00,2026-03-24T23:47:57.6761344Z,,v3,471452,471407,94d7b8dbc2134927a2dd9771b85d27fc,"Namken, Clayton",10125205,Right,TEX_BOB,f88c0e58-bfb3-4c56-9fb9-17beecea1948,56.18021,-130.70837,13.47796,6.32076,-1.3458,-6.63711,-0.267,0.63294,2.03288,,,,,,,,,,,,,,,,,,,,,,,,,,,,,,,,,,,,,,,,,,,,,,,,,,,High,High,High,,,,,,157.393069,2.922374,2112.264125,0.9987,11:15,-0.059278,0.383315,-0.921714,52.182143,-18.629399,45.930445,174.976915,34.036498,0.072557,0.559721,-0.825499,34.138831,4.160862,0.559721,0.072557,0.825499,-34.138831,-4.160862,-0.559721,-0.072557,0.825499,-174.976915,-34.036498,-0.072557,-0.559721,-0.825499
73,2026-03-24,18:48:20.79,3,4,"Gutierrez, Alizaeh",828590,Left,TEX_BOB,"Raygoza, Armani",831193,Left,UTR_VAQ,Undefined,3,Top,1,3,0,Fastball,Cutter,StrikeCalled,Undefined,Undefined,Undefined,0,0,,87.55264,-3.046264,0.630344,2091.180845,161.227179,11:15,6.2036,0.15104,4.29575,-16.6204,22.42454,-7.15804,1.90222,0.15742,79.50527,-6.142617,-0.617106,0.449732,,,,,,,,,,,,3.63697,12.10808,-0.2116,50,5.85759,-1.03714,-126.59452,-7.32524,5.8693,27.1868,-12.63423,TEX_BOB,UTR_VAQ,TexasStateUniversity,D1,SBELT,20260324-TexasStateUniversity-1,eb8418e0-27db-11f1-b396-7fdcd427690d,83.81088,,,8.04738,,,,,,,5d42d121-7b79-486a-9f77-85b5a028b7ae,2026-03-24,23:48:20.79,2026-03-24T18:48:20.7953920-05:00,2026-03-24T23:48:20.7953920Z,,v3,471452,471407,94d7b8dbc2134927a2dd9771b85d27fc,"Namken, Clayton",10125205,Right,TEX_BOB,c598689a-027c-4597-a1be-0a5dc6a0fc47,56.20321,-127.91975,13.5934,6.19966,-6.70938,-6.31712,-0.15407,-1.32324,2.93465,,,,,,,,,,,,,,,,,,,,,,,,,,,,,,,,,,,,,,,,,,,,,,,,,,,High,High,High,,,,,,153.808585,9.148563,2064.57977,0.987279,11:15,-0.17217,0.426692,-0.887858,44.610447,-13.762552,67.596171,173.099709,-25.560835,0.108383,-0.431469,-0.895593,25.72333,-6.222129,0.431469,-0.108383,0.895593,-25.72333,6.222129,-0.431469,0.108383,0.895593,-173.099709,25.560835,-0.108383,0.431469,-0.895593
74,2026-03-24,18:49:01.87,3,5,"Gutierrez, Alizaeh",828590,Left,TEX_BOB,"Raygoza, Armani",831193,Left,UTR_VAQ,Undefined,3,Top,1,3,1,Fastball,Four-Seam,HitByPitch,Undefined,Undefined,Undefined,0,0,,89.15865,-1.830277,-1.105752,2140.558432,159.342428,11:15,6.46819,0.3298,4.49568,-11.21697,26.11966,-9.36292,3.78845,-1.50424,80.79682,-3.998022,-2.741663,0.439784,44.57048,-13.984567,-136.318309,1875.898543,,,,11.34414,11.34414,-138.036841,0.214595,4.25729,13.66674,-0.20405,50,6.26709,2.94854,-129.07978,-4.4569,7.13068,28.68554,-9.28312,TEX_BOB,UTR_VAQ,TexasStateUniversity,D1,SBELT,20260324-TexasStateUniversity-1,03fac310-27dc-11f1-b396-7fdcd427690d,85.70677,3.72698,,8.36183,,,,1.20889,3.72698,1.62618,5d42d121-7b79-486a-9f77-85b5a028b7ae,2026-03-24,23:49:01.87,2026-03-24T18:49:01.8708480-05:00,2026-03-24T23:49:01.8708480Z,GroundBall,v3,471452,471407,94d7b8dbc2134927a2dd9771b85d27fc,"Namken, Clayton",10125205,Right,TEX_BOB,45337866-16d9-487b-8b7b-3528bb613606,56.00516,-130.40748,14.34277,6.46344,-4.02723,-4.64156,-0.33288,2.61849,3.56534,180.222087,1.2085,-45.849,4.24871,,,,,,,3.72691,-15.79298,-7.33433,,,,,,,1.6258,-43.78635,4.03097,,,,,,,,,,,,,,,,,,,,,,,,,,,,,High,High,High,Medium,Medium,,,,158.082189,8.033236,2119.553499,0.990187,11:15,-0.16918,0.364961,-0.915522,43.843758,-17.369742,59.319547,176.480318,24.401055,0.055908,0.413121,-0.908958,24.441778,3.204946,0.413121,0.055908,0.908958,-24.441778,-3.204946,-0.413121,-0.055908,0.908958,-176.480318,-24.401055,-0.055908,-0.413121,-0.908958
75,2026-03-24,18:49:52.50,4,1,"Gutierrez, Alizaeh",828590,Left,TEX_BOB,"Ramirez, Julius",1000361309,Right,UTR_VAQ,Undefined,3,Top,1,0,0,Slider,Slider,StrikeCalled,Undefined,Undefined,Undefined,0,0,,82.79381,-0.404368,-0.818994,2221.873999,290.412288,3:45,6.19811,-0.06776,4.40155,-43.00392,0.25709,3.11307,2.22843,-0.59015,75.75348,-8.10806,-0.274439,0.473391,,,,,,,,,,,,-1.74453,0.66303,0.1518,50,6.11265,1.57064,-119.97125,-2.59595,-2.53324,24.00459,-31.21126,TEX_BOB,UTR_VAQ,TexasStateUniversity,D1,SBELT,20260324-TexasStateUniversity-1,2229f720-27dc-11f1-b396-7fdcd427690d,79.62225,,,7.04033,,,,,,,5d42d121-7b79-486a-9f77-85b5a028b7ae,2026-03-24,23:49:52.50,2026-03-24T18:49:52.5020160-05:00,2026-03-24T23:49:52.5020160Z,,v3,471452,471407,94d7b8dbc2134927a2dd9771b85d27fc,"Namken, Clayton",10125205,Right,TEX_BOB,72ff0469-f1a3-4758-a137-bcc01e6192f4,56.09944,-121.18552,12.0023,6.20404,-1.01713,-15.60563,0.06911,1.69879,-1.26662,,,,,,,,,,,,,,,,,,,,,,,,,,,,,,,,,,,,,,,,,,,,,,,,,,,High,High,High,,,,,,195.534872,-77.870632,466.85953,0.21012,12:30,0.975055,-0.049374,-0.216403,-81.253466,-49.851761,53.772007,168.541682,24.796226,0.18034,0.419392,-0.889712,25.238242,10.389566,0.419392,0.18034,0.889712,-25.238242,-10.389566,-0.419392,-0.18034,0.889712,-168.541682,-24.796226,-0.18034,-0.419392,-0.889712
76,2026-03-24,18:50:11.22,4,2,"Gutierrez, Alizaeh",828590,Left,TEX_BOB,"Ramirez, Julius",1000361309,Right,UTR_VAQ,Undefined,3,Top,1,0,1,Slider,Slider,InPlay,Undefined,Popup,Out,1,0,,82.67103,0.294567,0.534043,2098.781715,254.788359,2:30,6.24267,0.00097,4.05571,-41.63565,2.73067,4.20886,3.056,0.86472,74.78615,-7.167439,1.265061,0.4794,41.37846,66.860525,-14.674159,4543.743604,,,,65.0103,63.56629,-15.069753,3.394845,-1.87012,1.58201,-0.06614,50,6.23065,-1.31232,-119.6064,-1.10521,-2.6714,26.06276,-29.91422,TEX_BOB,UTR_VAQ,TexasStateUniversity,D1,SBELT,20260324-TexasStateUniversity-1,2d5612a0-27dc-11f1-b396-7fdcd427690d,78.62416,47.79249,,7.88487,,,,1.55503,3.32678,-0.85977,5d42d121-7b79-486a-9f77-85b5a028b7ae,2026-03-24,23:50:11.22,2026-03-24T18:50:11.2269312-05:00,2026-03-24T23:50:11.2269312Z,Popup,v3,471452,471407,94d7b8dbc2134927a2dd9771b85d27fc,"Namken, Clayton",10125205,Right,TEX_BOB,f55c407e-f0b0-4dd9-b289-9655b1e23109,56.44563,-121.00278,13.03138,6.24693,0.49752,-14.95711,0.00034,-1.16919,-1.3357,180.017192,1.55529,23.06297,-3.57693,0.89443,0.01045,-0.06573,0.01185,0.00087,-0.0003,3.3274,55.7811,-18.83678,0.83002,0.35079,-0.41884,0.17446,-0.03489,0.00275,-0.85983,-6.03937,0.93847,-0.23532,-0.00343,0.01815,-0.00356,-0.00012,7E-05,,,,,,,,,,,,,,,,,,,,,,,High,High,High,High,Medium,,,,195.759984,-75.855182,512.886816,0.244374,12:30,0.971477,-0.071358,-0.226142,88.24077,36.241606,54.830754,174.019312,32.526756,0.08785,0.537693,-0.838551,32.668686,5.039904,0.537693,0.08785,0.838551,-32.668686,-5.039904,-0.537693,-0.08785,0.838551,-174.019312,-32.526756,-0.08785,-0.537693,-0.838551
77,2026-03-24,18:50:49.27,5,1,"Gutierrez, Alizaeh",828590,Left,TEX_BOB,"Moomau, Easton",831202,Left,UTR_VAQ,Undefined,3,Top,2,0,0,Slider,Slider,BallCalled,Undefined,Undefined,Undefined,0,1,,83.86839,-1.529635,1.163262,2129.421036,260.981287,2:45,6.1725,0.1551,4.07678,-40.80746,1.96382,3.41666,1.30245,1.55695,76.75183,-8.787878,1.757438,0.470704,,,,,,,,,,,,-1.29976,1.79764,-0.28969,50,5.95659,-2.62946,-121.38804,-4.97237,-1.92998,24.8354,-29.5048,TEX_BOB,UTR_VAQ,TexasStateUniversity,D1,SBELT,20260324-TexasStateUniversity-1,4407b440-27dc-11f1-b396-7fdcd427690d,80.07679,,,7.11655,,,,,,,5d42d121-7b79-486a-9f77-85b5a028b7ae,2026-03-24,23:50:49.27,2026-03-24T18:50:49.2710000-05:00,2026-03-24T23:50:49.2710000Z,,v3,471452,471407,94d7b8dbc2134927a2dd9771b85d27fc,"Namken, Clayton",10125205,Right,TEX_BOB,571fa41a-48a3-4227-b80d-f7983ebb00d8,56.42388,-122.69529,12.4177,6.17744,-3.41933,-14.7524,-0.15396,-2.52787,-0.96499,,,,,,,,,,,,,,,,,,,,,,,,,,,,,81.70107,,0.890982,,-0.17265,1.05339,-1.60595,1.52261,5.46594,-0.5842,,,,1.62517,118.06328,-11.94141,5.46842,5.2054,-10.67121,-0.62223,-7.56179,3.36042,High,High,High,,,High,Medium,Low,186.673791,-75.967857,516.312621,0.242466,12:15,0.975255,-0.002271,-0.22107,-76.878428,-54.532841,56.26584,171.765828,21.612367,0.13315,0.368325,-0.920113,21.816446,7.651685,0.368325,0.13315,0.920113,-21.816446,-7.651685,-0.368325,-0.13315,0.920113,-171.765828,-21.612367,-0.13315,-0.368325,-0.920113
78,2026-03-24,18:51:29.86,5,2,"Gutierrez, Alizaeh",828590,Left,TEX_BOB,"Moomau, Easton",831202,Left,UTR_VAQ,Undefined,3,Top,2,1,0,Slider,Slider,BallCalled,Undefined,Undefined,Undefined,0,0,,85.13985,-2.161907,0.45757,2091.227409,224.128047,1:30,6.0711,0.04142,4.26207,-35.32864,5.94776,4.41567,1.05711,0.84728,77.76946,-8.489472,1.228129,0.462405,,,,,,,,,,,,-2.00205,3.90331,-0.09618,50,5.79935,-1.19559,-123.21825,-6.11542,-3.05949,25.85793,-26.20911,TEX_BOB,UTR_VAQ,TexasStateUniversity,D1,SBELT,20260324-TexasStateUniversity-1,5c393f20-27dc-11f1-b396-7fdcd427690d,81.51395,,,7.3704,,,,,,,5d42d121-7b79-486a-9f77-85b5a028b7ae,2026-03-24,23:51:29.86,2026-03-24T18:51:29.8660864-05:00,2026-03-24T23:51:29.8660864Z,,v3,471452,471407,94d7b8dbc2134927a2dd9771b85d27fc,"Namken, Clayton",10125205,Right,TEX_BOB,56065ffa-a450-4da8-b3d3-1f33e1dde92d,56.23833,-124.52051,12.92896,6.0741,-4.79548,-13.10455,-0.03985,-1.04151,-1.52974,,,,,,,,,,,,,,,,,,,,,,,,,,,,,,,,,,,,,,,,,,,,,,,,,,,High,High,High,,,,,,174.063858,-65.477666,867.959565,0.415048,11:45,0.910801,0.077214,-0.405562,-44.817405,-55.379868,23.609142,169.785033,27.118685,0.157846,0.455835,-0.875956,27.491833,9.08187,0.455835,0.157846,0.875956,-27.491833,-9.08187,-0.455835,-0.157846,0.875956,-169.785033,-27.118685,-0.157846,-0.455835,-0.875956
79,2026-03-24,18:51:51.98,5,3,"Gutierrez, Alizaeh",828590,Left,TEX_BOB,"Moomau, Easton",831202,Left,UTR_VAQ,Undefined,3,Top,2,2,0,Fastball,Cutter,BallCalled,Undefined,Undefined,Undefined,0,0,,88.89088,-3.556755,-0.435664,2159.962477,153.505551,11:00,6.30675,0.20749,4.51483,-17.8178,20.48844,-9.43961,1.42944,-0.99415,79.40402,-6.897683,-2.087457,0.445457,,,,,,,,,,,,4.44744,11.65044,-0.15223,50,5.91888,1.4425,-128.23144,-8.5939,7.21972,32.7069,-13.26141,TEX_BOB,UTR_VAQ,TexasStateUniversity,D1,SBELT,20260324-TexasStateUniversity-1,695f55e0-27dc-11f1-b396-7fdcd427690d,84.61512,,,9.48686,,,,,,,5d42d121-7b79-486a-9f77-85b5a028b7ae,2026-03-24,23:51:51.98,2026-03-24T18:51:51.9803904-05:00,2026-03-24T23:51:51.9803904Z,,v3,471452,471407,94d7b8dbc2134927a2dd9771b85d27fc,"Namken, Clayton",10125205,Right,TEX_BOB,1622580f-5d1b-4e08-9066-8cb857510d2f,55.98243,-129.74836,16.35345,6.3032,-7.97886,-6.63071,-0.21136,1.10765,3.60986,,,,,,,,,,,,,,,,,,,,,,,,,,,,,,,,,,,,,,,,,,,,,,,,,,,High,High,High,,,,,,155.903806,9.92777,2127.61894,0.985026,11:15,-0.203855,0.390686,-0.897668,46.512751,-13.131837,65.758989,176.070721,-26.133656,0.06152,-0.440467,-0.895659,26.187015,-3.527047,0.440467,-0.06152,0.895659,-26.187015,3.527047,-0.440467,0.06152,0.895659,-176.070721,26.133656,-0.06152,0.440467,-0.895659
80,2026-03-24,18:52:23.49,5,4,"Gutierrez, Alizaeh",828590,Left,TEX_BOB,"Moomau, Easton",831202,Left,UTR_VAQ,Undefined,3,Top,2,3,0,Fastball,Four-Seam,BallCalled,Walk,Undefined,Undefined,0,0,,89.4765,-4.368817,0.904392,2126.462301,159.929452,11:15,6.19066,0.27013,4.06146,-16.073,22.20458,-7.56587,0.64642,0.50836,80.37204,-7.365954,-0.40866,0.445291,,,,,,,,,,,,3.91882,12.47957,-0.36299,50,5.68259,-1.64225,-128.93327,-10.43676,6.48091,31.19841,-11.53547,TEX_BOB,UTR_VAQ,TexasStateUniversity,D1,SBELT,20260324-TexasStateUniversity-1,7c2369a0-27dc-11f1-b396-7fdcd427690d,84.64684,,,9.10446,,,,,,,5d42d121-7b79-486a-9f77-85b5a028b7ae,2026-03-24,23:52:23.49,2026-03-24T18:52:23.4915328-05:00,2026-03-24T23:52:23.4915328Z,,v3,471452,471407,94d7b8dbc2134927a2dd9771b85d27fc,"Namken, Clayton",10125205,Right,TEX_BOB,00a3e578-fc57-42d5-9865-68a5a97fa1b4,56.43612,-130.48135,15.5992,6.18626,-9.86436,-5.76773,-0.27352,-1.96383,3.24045,,,,,,,,,,,,,,,,,,,,,,,,,,,,,,,,,,,,,,,,,,,,,,,,,,,High,High,High,,,,,,152.71231,7.464109,2108.443573,0.991526,11:00,-0.150226,0.443357,-0.883666,38.200482,-15.680336,73.476001,171.959285,-22.187752,0.129519,-0.377643,-0.916848,22.386393,-7.441802,0.377643,-0.129519,0.916848,-22.386393,7.441802,-0.377643,0.129519,0.916848,-171.959285,22.187752,-0.129519,0.377643,-0.916848
81,2026-03-24,18:53:00.13,6,1,"Gutierrez, Alizaeh",828590,Left,TEX_BOB,"Warren, Hank",1000121298,Right,UTR_VAQ,Undefined,3,Top,2,0,0,Slider,Slider,BallCalled,Undefined,Undefined,Undefined,0,0,,84.28352,-2.015416,0.192501,2133.472884,234.080191,1:45,6.14742,0.03487,4.27239,-37.39699,4.505,4.34933,1.10186,0.5815,77.37205,-8.694259,0.951816,0.465896,,,,,,,,,,,,-2.06492,3.10166,-0.06063,50,5.88975,-0.61321,-122.08352,-5.83515,-3.11081,24.43977,-27.50144,TEX_BOB,UTR_VAQ,TexasStateUniversity,D1,SBELT,20260324-TexasStateUniversity-1,91fea870-27dc-11f1-b396-7fdcd427690d,80.90318,,,6.91147,,,,,,,5d42d121-7b79-486a-9f77-85b5a028b7ae,2026-03-24,23:53:00.13,2026-03-24T18:53:00.1373184-05:00,2026-03-24T23:53:00.1373184Z,,v3,471452,471407,94d7b8dbc2134927a2dd9771b85d27fc,"Namken, Clayton",10125205,Right,TEX_BOB,76fa82fa-6dbb-4412-bac8-02e1bcb6a866,56.22976,-123.32434,12.21989,6.15056,-4.43888,-13.75072,-0.0335,-0.45527,-1.5554,,,,,,,,,,,,,,,,,,,,,,,,,,,,,,,,,,,,,,,,,,,,,,,,,,,High,High,High,,,,,,176.848031,-72.404633,644.933506,0.302293,12:00,0.95305,0.050134,-0.298635,-73.958176,-56.711759,50.211363,173.033984,29.006953,0.106067,0.484916,-0.868105,29.187336,6.088661,0.484916,0.106067,0.868105,-29.187336,-6.088661,-0.484916,-0.106067,0.868105,-173.033984,-29.006953,-0.106067,-0.484916,-0.868105
82,2026-03-24,18:53:20.73,6,2,"Gutierrez, Alizaeh",828590,Left,TEX_BOB,"Warren, Hank",1000121298,Right,UTR_VAQ,Undefined,3,Top,2,1,0,Fastball,Cutter,BallCalled,Undefined,Undefined,Undefined,0,0,,88.9009,-3.158867,-1.428999,2112.074155,151.047002,11:00,6.31825,0.22123,4.69941,-18.94781,18.79721,-9.60973,1.73645,-1.93647,80.03851,-6.687283,-3.114989,0.442182,,,,,,,,,,,,4.21343,10.63331,-0.06719,50,5.98171,3.67542,-128.40322,-7.75703,6.9136,30.84595,-14.72636,TEX_BOB,UTR_VAQ,TexasStateUniversity,D1,SBELT,20260324-TexasStateUniversity-1,9e495350-27dc-11f1-b396-7fdcd427690d,85.24188,,,8.86239,,,,,,,5d42d121-7b79-486a-9f77-85b5a028b7ae,2026-03-24,23:53:20.73,2026-03-24T18:53:20.7328256-05:00,2026-03-24T23:53:20.7328256Z,,v3,471452,471407,94d7b8dbc2134927a2dd9771b85d27fc,"Namken, Clayton",10125205,Right,TEX_BOB,2ab71829-5c59-4162-a586-505244436723,55.79761,-129.78849,15.42298,6.31522,-7.09568,-7.36318,-0.22528,3.36493,3.4568,,,,,,,,,,,,,,,,,,,,,,,,,,,,,,,,,,,,,,,,,,,,,,,,,,,High,High,High,,,,,,152.885836,8.58369,2088.416617,0.988799,11:00,-0.195755,0.441751,-0.875521,49.544147,-12.543958,61.457205,173.753083,-26.776633,0.097145,-0.450513,-0.887469,26.914118,-5.574807,0.450513,-0.097145,0.887469,-26.914118,5.574807,-0.450513,0.097145,0.887469,-173.753083,26.776633,-0.097145,0.450513,-0.887469
83,2026-03-24,18:53:43.53,6,3,"Gutierrez, Alizaeh",828590,Left,TEX_BOB,"Warren, Hank",1000121298,Right,UTR_VAQ,Undefined,3,Top,2,2,0,Slider,Slider,InPlay,Undefined,Popup,Out,1,0,,82.82282,-0.480109,-0.103499,2174.54281,304.345674,4:15,6.13836,0.04522,4.56785,-43.50534,-0.37083,2.68315,2.05602,0.17032,75.5189,-8.301392,0.367392,0.472698,56.64561,58.09924,44.861465,5683.057527,70.21179,49.18015,84.67764,142.84852,140.36816,50.401204,4.080393,-1.35343,0.31425,-0.03719,50,6.04767,0.0968,-120.01933,-2.72678,-1.95656,25.16168,-31.71978,TEX_BOB,UTR_VAQ,TexasStateUniversity,D1,SBELT,20260324-TexasStateUniversity-1,abe31370-27dc-11f1-b396-7fdcd427690d,79.73892,66.88198,,7.30392,,,,3.46439,2.34899,-0.15751,5d42d121-7b79-486a-9f77-85b5a028b7ae,2026-03-24,23:53:43.53,2026-03-24T18:53:43.5379200-05:00,2026-03-24T23:53:43.5379200Z,Popup,v3,471452,471407,94d7b8dbc2134927a2dd9771b85d27fc,"Namken, Clayton",10125205,Right,TEX_BOB,31b6696c-f1d5-431a-a618-6b342dc0c7d0,55.9344,-121.25707,12.58084,6.14343,-1.16643,-15.85989,-0.04432,0.19305,-0.97828,211.143707,3.44468,31.62182,-10.00584,7.18561,-4.53744,1.81506,-0.39282,0.04091,-0.00151,2.3404,70.79278,-23.78439,5.39066,-3.8303,1.98616,-0.5755,0.08402,-0.00485,-0.15231,30.84506,-0.34704,-1.27788,0.99434,-0.40422,0.08675,-0.00858,0.00026,,,,,,,,,,,,,,,,,,,,,,,High,High,High,Medium,Medium,,,,189.508353,-75.389067,548.537124,0.252254,12:15,0.967525,-0.03356,-0.250537,-62.759459,-60.264701,39.150753,171.024221,22.446865,0.144196,0.381826,-0.912916,22.697081,8.290732,0.381826,0.144196,0.912916,-22.697081,-8.290732,-0.381826,-0.144196,0.912916,-171.024221,-22.446865,-0.144196,-0.381826,-0.912916
84,2026-03-24,18:56:13.35,1,1,"Bonilla, Robert",831213,Right,UTR_VAQ,"Namken, Clayton",10125205,Right,TEX_BOB,Undefined,3,Bottom,0,0,0,Sinker,Sinker,BallCalled,Undefined,Undefined,Undefined,0,0,,91.28446,-1.494307,-4.894864,2289.483759,248.32741,2:15,5.4716,1.77993,6.23628,-26.2571,7.44201,15.6767,1.89963,-1.44031,82.46147,-6.421409,-2.075062,0.417812,,,,,,,,,,,,-9.59977,4.70063,-1.42108,50,5.34697,10.63786,-132.03892,-4.31662,-16.7302,31.4783,-23.98193,TEX_BOB,UTR_VAQ,TexasStateUniversity,D1,SBELT,20260324-TexasStateUniversity-1,052a4cf0-27dd-11f1-b396-7fdcd427690d,90.21395,,,8.82299,,,,,,,5d42d121-7b79-486a-9f77-85b5a028b7ae,2026-03-24,23:56:13.35,2026-03-24T18:56:13.3584896-05:00,2026-03-24T23:56:13.3584896Z,,v3,471452,471407,94d7b8dbc2134927a2dd9771b85d27fc,"Gonzalez, Rudy",831171,Right,UTR_VAQ,cc1f6464-7efb-4878-a5d2-3d86aed8d023,54.2633,-133.05142,15.73915,5.47341,-3.54525,-11.99097,-1.7719,11.17599,-8.3651,,,,,,,,,,,,,,,,,,,,,,,,,,,,,,,,,,,,,,,,,,,,,,,,,,,High,High,High,,,,,,240.735332,37.118191,1825.616883,0.797392,2:00,-0.616243,-0.711122,-0.338453,-67.372964,-30.084741,76.627069,173.448109,-63.071682,0.051674,-0.891574,-0.449918,63.222977,-2.962047,0.891574,-0.051674,0.449918,-63.222977,2.962047,-0.891574,0.051674,0.449918,-173.448109,63.071682,-0.051674,0.891574,-0.449918
85,2026-03-24,18:56:31.53,1,2,"Bonilla, Robert",831213,Right,UTR_VAQ,"Namken, Clayton",10125205,Right,TEX_BOB,Undefined,3,Bottom,0,1,0,Curveball,Curveball,StrikeCalled,Undefined,Undefined,Undefined,0,0,,79.07559,1.052396,-1.946562,2561.608382,62.373036,8:00,5.33788,1.94681,5.37367,-53.4503,-7.02103,-16.59005,1.87107,-1.26144,71.63931,-8.677895,-4.895033,0.490419,,,,,,,,,,,,7.62217,-3.32784,-1.76033,50,5.39485,4.57167,-114.56372,0.22527,9.92475,25.16492,-36.50719,TEX_BOB,UTR_VAQ,TexasStateUniversity,D1,SBELT,20260324-TexasStateUniversity-1,100ab970-27dd-11f1-b396-7fdcd427690d,76.85761,,,7.43628,,,,,,,5d42d121-7b79-486a-9f77-85b5a028b7ae,2026-03-24,23:56:31.53,2026-03-24T18:56:31.5378688-05:00,2026-03-24T23:56:31.5378688Z,,v3,471452,471407,94d7b8dbc2134927a2dd9771b85d27fc,"Gonzalez, Rudy",831171,Right,UTR_VAQ,2d819013-ede5-468a-93b8-c68e5b8061af,55.12785,-115.68462,12.58246,5.34861,1.85137,-18.2536,-1.95412,4.1296,4.96237,,,,,,,,,,,,,,,,,,,,,,,,,,,,,,,,,,,,,,,,,,,,,,,,,,,High,High,High,,,,,,47.598392,22.194152,2371.816621,0.925909,7:30,-0.343706,0.690548,0.636404,65.647591,0.549813,-57.173981,106.605355,-50.583989,0.608467,-0.772556,-0.181454,76.782268,-37.478705,0.772556,-0.608467,0.181454,-76.782268,37.478705,-0.772556,0.608467,0.181454,-106.605355,50.583989,-0.608467,0.772556,-0.181454
86,2026-03-24,18:56:52.43,1,3,"Bonilla, Robert",831213,Right,UTR_VAQ,"Namken, Clayton",10125205,Right,TEX_BOB,Undefined,3,Bottom,0,1,1,Curveball,Curveball,StrikeSwinging,Undefined,Undefined,Undefined,0,0,,78.89409,0.069054,-2.303382,2678.238025,52.086669,7:45,5.38567,1.87972,5.45032,-57.2831,-10.77634,-15.94985,0.67678,-1.60711,71.82066,-10.314006,-5.145921,0.490828,,,,,,,,,,,,7.2089,-4.88603,-1.6652,50,5.35291,5.2409,-114.33726,-1.87135,9.34539,25.15163,-38.50815,TEX_BOB,UTR_VAQ,TexasStateUniversity,D1,SBELT,20260324-TexasStateUniversity-1,1c7f0c60-27dd-11f1-b396-7fdcd427690d,76.79356,,,7.07343,,,,,,,5d42d121-7b79-486a-9f77-85b5a028b7ae,2026-03-24,23:56:52.43,2026-03-24T18:56:52.4334592-05:00,2026-03-24T23:56:52.4334592Z,,v3,471452,471407,94d7b8dbc2134927a2dd9771b85d27fc,"Gonzalez, Rudy",831171,Right,UTR_VAQ,ce7b1a0c-c3c4-4e3f-bbee-fcb741c9b699,55.05239,-115.44332,12.57581,5.39797,-0.17793,-19.25408,-1.88664,4.82993,4.67269,,,,,,,,,,,,,,,,,,,,,,,,,,,,,,,,,,,,,,,,,,,,,,,,,,,High,High,High,,,,,,46.283481,26.330486,2400.372314,0.896251,7:30,-0.417516,0.648315,0.636685,72.956953,5.930158,-62.840494,114.802882,-55.995987,0.507664,-0.828998,-0.234605,74.198617,-30.50833,0.828998,-0.507664,0.234605,-74.198617,30.50833,-0.828998,0.507664,0.234605,-114.802882,55.995987,-0.507664,0.828998,-0.234605
87,2026-03-24,18:57:14.37,1,4,"Bonilla, Robert",831213,Right,UTR_VAQ,"Namken, Clayton",10125205,Right,TEX_BOB,Undefined,3,Bottom,0,1,2,Curveball,Curveball,StrikeSwinging,Strikeout,Undefined,Undefined,0,0,,78.46567,0.455245,-2.18569,2543.925072,54.624359,7:45,5.3347,2.03345,5.31616,-57.40633,-9.90796,-16.43788,0.97844,-1.38881,70.98305,-9.955607,-5.106781,0.496033,,,,,,,,,,,,7.473,-4.63599,-1.82287,50,5.33451,4.9965,-113.63248,-1.11024,9.51565,25.89282,-38.0772,TEX_BOB,UTR_VAQ,TexasStateUniversity,D1,SBELT,20260324-TexasStateUniversity-1,298f9f50-27dd-11f1-b396-7fdcd427690d,75.98775,,,7.48263,,,,,,,5d42d121-7b79-486a-9f77-85b5a028b7ae,2026-03-24,23:57:14.37,2026-03-24T18:57:14.3790000-05:00,2026-03-24T23:57:14.3790000Z,,v3,471452,471407,94d7b8dbc2134927a2dd9771b85d27fc,"Gonzalez, Rudy",831171,Right,UTR_VAQ,b2110403-4ca0-4a9b-a9ca-f516f52be221,55.18635,-114.80818,12.94641,5.34567,0.61872,-19.0386,-2.03994,4.56443,4.75782,,,,,,,,,,,,,,,,,,,,,,,,,,,,,60.66158,,,1.176147,,,,-3.66958,4.76008,4.76,75.70235,8.40778,49.09872,-3.58019,75.46867,-6.85965,4.85682,22.21874,-16.33087,4.75323,39.21538,-1.28458,High,High,High,,,High,Medium,Medium,47.584357,19.965229,2391.035195,0.9399,7:30,-0.311503,0.696592,0.646317,71.894075,-0.03009,-65.669744,107.810386,-49.710944,0.615653,-0.762792,-0.197788,75.463658,-37.999384,0.762792,-0.615653,0.197788,-75.463658,37.999384,-0.762792,0.615653,0.197788,-107.810386,49.710944,-0.615653,0.762792,-0.197788
88,2026-03-24,18:57:46.92,2,1,"Bonilla, Robert",831213,Right,UTR_VAQ,"Mora, Chase",804993,Right,TEX_BOB,Undefined,3,Bottom,1,0,0,Sinker,Sinker,BallCalled,Undefined,Undefined,Undefined,0,0,,91.8936,-1.903209,-4.550154,2306.727258,262.883849,2:45,5.38256,1.86739,6.05088,-29.8747,3.57331,19.06702,1.12487,-0.7649,83.19708,-7.451877,-1.126179,0.416252,,,,,,,,,,,,-11.24134,2.79209,-1.52267,50,5.21803,9.76091,-132.96966,-5.48103,-19.86982,31.90229,-27.23884,TEX_BOB,UTR_VAQ,TexasStateUniversity,D1,SBELT,20260324-TexasStateUniversity-1,3ce93c50-27dd-11f1-b396-7fdcd427690d,90.55192,,,8.69652,,,,,,,5d42d121-7b79-486a-9f77-85b5a028b7ae,2026-03-24,23:57:46.92,2026-03-24T18:57:46.9247488-05:00,2026-03-24T23:57:46.9247488Z,,v3,471452,471407,94d7b8dbc2134927a2dd9771b85d27fc,"Gonzalez, Rudy",831171,Right,UTR_VAQ,d4c18902-a0ab-4262-b581-65644347dfd5,54.45083,-134.03325,15.95115,5.38562,-4.57291,-13.61942,-1.85913,10.42335,-9.93491,,,,,,,,,,,,,,,,,,,,,,,,,,,,,,,,,,,,,,,,,,,,,,,,,,,High,High,High,,,,,,240.675594,37.978419,1818.260683,0.788243,2:00,-0.62096,-0.707296,-0.337848,-71.493213,-29.729543,75.701577,177.501566,-63.614609,0.019373,-0.895825,-0.443984,63.636296,-1.110038,0.895825,-0.019373,0.443984,-63.636296,1.110038,-0.895825,0.019373,0.443984,-177.501566,63.614609,-0.019373,0.895825,-0.443984
89,2026-03-24,18:58:01.85,2,2,"Bonilla, Robert",831213,Right,UTR_VAQ,"Mora, Chase",804993,Right,TEX_BOB,Undefined,3,Bottom,1,1,0,Sinker,Sinker,BallCalled,Undefined,Undefined,Undefined,0,0,,87.07218,-2.393137,-6.791294,2156.842527,240.796724,2:00,5.32221,1.81011,5.97041,-28.62017,8.91008,13.58776,0.7014,-3.38385,79.12143,-7.704865,-4.37354,0.440922,,,,,,,,,,,,-8.89378,5.71071,-1.27648,50,5.11556,14.35778,-125.42928,-6.21525,-14.07344,26.95922,-23.13743,TEX_BOB,UTR_VAQ,TexasStateUniversity,D1,SBELT,20260324-TexasStateUniversity-1,45e5f4b0-27dd-11f1-b396-7fdcd427690d,85.48546,,,7.95075,,,,,,,5d42d121-7b79-486a-9f77-85b5a028b7ae,2026-03-24,23:58:01.85,2026-03-24T18:58:01.8585600-05:00,2026-03-24T23:58:01.8585600Z,,v3,471452,471407,94d7b8dbc2134927a2dd9771b85d27fc,"Gonzalez, Rudy",831171,Right,UTR_VAQ,8544dc30-33c5-484d-9cb6-3877455f46f8,54.52801,-126.39876,13.47961,5.3241,-5.38321,-11.56872,-1.8019,14.86387,-7.03672,,,,,,,,,,,,,,,,,,,,,,,,,,,,,,,,,,,,,,,,,,,,,,,,,,,High,High,High,,,,,,238.181675,42.484027,1590.597272,0.737466,2:00,-0.690057,-0.654297,-0.309382,-79.729289,-17.107869,72.388679,163.471512,-62.439166,0.131632,-0.88652,-0.443571,63.41887,-7.56389,0.88652,-0.131632,0.443571,-63.41887,7.56389,-0.88652,0.131632,0.443571,-163.471512,62.439166,-0.131632,0.88652,-0.443571
90,2026-03-24,18:58:26.36,2,3,"Bonilla, Robert",831213,Right,UTR_VAQ,"Mora, Chase",804993,Right,TEX_BOB,Undefined,3,Bottom,1,2,0,Curveball,Curveball,HitByPitch,Undefined,Undefined,Undefined,0,0,,77.9433,2.763974,2.423116,2526.516557,53.808384,7:45,5.39307,2.02028,5.55275,-56.60062,-10.09666,-15.70828,3.26347,2.97689,71.67584,-7.539655,-0.377785,0.490813,,,,,,,,,,,,8.71469,-5.62906,-2.21884,50,5.59396,-4.20538,-113.13559,3.58234,11.32369,20.15125,-39.48832,TEX_BOB,UTR_VAQ,TexasStateUniversity,D1,SBELT,20260324-TexasStateUniversity-1,54720410-27dd-11f1-b396-7fdcd427690d,76.79588,,,6.26746,,,,,,,5d42d121-7b79-486a-9f77-85b5a028b7ae,2026-03-24,23:58:26.36,2026-03-24T18:58:26.3635968-05:00,2026-03-24T23:58:26.3635968Z,,v3,471452,471407,94d7b8dbc2134927a2dd9771b85d27fc,"Gonzalez, Rudy",831171,Right,UTR_VAQ,ffdc7c4e-6f92-471f-b19b-7e4e7c102f68,54.95442,-114.01464,10.07563,5.40012,5.30491,-19.74416,-2.02462,-4.69934,5.66185,,,,,,,,,,,,,,,,,,,,,,,,,,,,,,,,,,,,,,,,,,,,,,,,,,,High,High,High,,,,,,50.46331,21.75377,2346.591105,0.928785,7:45,-0.360343,0.733334,0.576519,65.324657,3.191689,-53.840799,99.726951,-56.671702,0.541537,-0.835536,-0.092829,83.660388,-32.788325,0.835536,-0.541537,0.092829,-83.660388,32.788325,-0.835536,0.541537,0.092829,-99.726951,56.671702,-0.541537,0.835536,-0.092829
91,2026-03-24,18:59:04.07,3,1,"Bonilla, Robert",831213,Right,UTR_VAQ,"Carson, Tanner",10178633,Right,TEX_BOB,Undefined,3,Bottom,1,0,0,Curveball,Slider,StrikeCalled,Undefined,Undefined,Undefined,0,0,,78.88079,0.897372,-1.588845,2701.378702,70.2748,8:15,5.33017,1.95241,5.1696,-51.71956,-5.07859,-18.52883,1.86515,-1.08736,71.97496,-8.473896,-4.870438,0.491536,,,,,,,,,,,,8.71485,-2.32264,-1.78965,50,5.37445,3.93426,-114.36932,-0.05697,11.40154,23.50578,-35.21275,TEX_BOB,UTR_VAQ,TexasStateUniversity,D1,SBELT,20260324-TexasStateUniversity-1,6b02fe50-27dd-11f1-b396-7fdcd427690d,76.68299,,,6.90583,,,,,,,5d42d121-7b79-486a-9f77-85b5a028b7ae,2026-03-24,23:59:04.07,2026-03-24T18:59:04.0700416-05:00,2026-03-24T23:59:04.0700416Z,,v3,471452,471407,94d7b8dbc2134927a2dd9771b85d27fc,"Gonzalez, Rudy",831171,Right,UTR_VAQ,6068c54d-233b-4adf-bc9c-a12ebca9383e,55.33323,-115.46023,11.75289,5.33917,1.57726,-17.60638,-1.95996,3.40511,5.70077,,,,,,,,,,,,,,,,,,,,,,,,,,,,,,,,,,,,,,,,,,,,,,,,,,,High,High,High,,,,,,49.271594,29.392723,2353.646846,0.871276,7:45,-0.464445,0.667868,0.581586,99.297643,10.075684,-68.587783,104.189127,-61.740339,0.459024,-0.880811,-0.116058,82.493786,-27.324119,0.880811,-0.459024,0.116058,-82.493786,27.324119,-0.880811,0.459024,0.116058,-104.189127,61.740339,-0.459024,0.880811,-0.116058
92,2026-03-24,18:59:21.30,3,2,"Bonilla, Robert",831213,Right,UTR_VAQ,"Carson, Tanner",10178633,Right,TEX_BOB,Undefined,3,Bottom,1,0,1,Curveball,Curveball,BallCalled,Undefined,Undefined,Undefined,0,0,,78.83855,0.801068,-2.103725,2660.747131,57.043378,8:00,5.3995,1.87382,5.58934,-55.64468,-9.43347,-17.02458,1.51105,-1.51026,71.74894,-9.335795,-5.142682,0.489266,,,,,,,,,,,,7.90693,-4.54796,-1.68185,50,5.43233,4.86655,-114.32065,-0.29693,10.27074,24.70542,-38.08163,TEX_BOB,UTR_VAQ,TexasStateUniversity,D1,SBELT,20260324-TexasStateUniversity-1,753db4f0-27dd-11f1-b396-7fdcd427690d,77.03877,,,7.08961,,,,,,,5d42d121-7b79-486a-9f77-85b5a028b7ae,2026-03-24,23:59:21.30,2026-03-24T18:59:21.3067264-05:00,2026-03-24T23:59:21.3067264Z,,v3,471452,471407,94d7b8dbc2134927a2dd9771b85d27fc,"Gonzalez, Rudy",831171,Right,UTR_VAQ,b825fe75-fc4c-4dfb-95df-77e372db34ef,54.91399,-115.37771,12.35271,5.41018,1.33245,-19.04082,-1.88067,4.4271,5.13537,,,,,,,,,,,,,,,,,,,,,,,,,,,,,,,,,,,,,,,,,,,,,,,,,,,High,High,High,,,,,,48.309867,21.438951,2476.643509,0.930808,7:30,-0.332791,0.700125,0.631724,70.889933,7.329444,-58.805006,100.707679,-57.73853,0.52449,-0.845621,-0.099176,83.310794,-31.633884,0.845621,-0.52449,0.099176,-83.310794,31.633884,-0.845621,0.52449,0.099176,-100.707679,57.73853,-0.52449,0.845621,-0.099176
93,2026-03-24,18:59:39.30,3,3,"Bonilla, Robert",831213,Right,UTR_VAQ,"Carson, Tanner",10178633,Right,TEX_BOB,Undefined,3,Bottom,1,1,1,Sinker,Sinker,StrikeCalled,Undefined,Undefined,Undefined,0,0,,91.02827,-0.576073,-3.793266,2209.795837,260.085272,2:45,5.38761,1.77818,5.82144,-29.99387,4.13016,17.0121,2.35132,-0.33614,82.68842,-6.131461,-0.749497,0.420438,,,,,,,,,,,,-9.75579,2.64626,-1.47725,50,5.3228,7.98787,-131.90018,-2.41554,-17.06791,29.86608,-27.54436,TEX_BOB,UTR_VAQ,TexasStateUniversity,D1,SBELT,20260324-TexasStateUniversity-1,7fecb130-27dd-11f1-b396-7fdcd427690d,89.65045,,,8.33986,,,,,,,5d42d121-7b79-486a-9f77-85b5a028b7ae,2026-03-24,23:59:39.30,2026-03-24T18:59:39.3072640-05:00,2026-03-24T23:59:39.3072640Z,,v3,471452,471407,94d7b8dbc2134927a2dd9771b85d27fc,"Gonzalez, Rudy",831171,Right,UTR_VAQ,ce2f95da-b0e7-445c-b32b-7e316c60dac5,54.67956,-132.95555,14.93304,5.39095,-1.44222,-13.77218,-1.77017,8.591,-8.53396,,,,,,,,,,,,,,,,,,,,,,,,,,,,,,,,,,,,,,,,,,,,,,,,,,,High,High,High,,,,,,237.58133,39.25701,1711.078572,0.774315,2:00,-0.652287,-0.65997,-0.372775,-73.384382,-28.706561,67.119389,177.472341,-69.175753,0.015678,-0.934675,-0.355157,69.194279,-0.898335,0.934675,-0.015678,0.355157,-69.194279,0.898335,-0.934675,0.015678,0.355157,-177.472341,69.175753,-0.015678,0.934675,-0.355157
94,2026-03-24,18:59:56.88,3,4,"Bonilla, Robert",831213,Right,UTR_VAQ,"Carson, Tanner",10178633,Right,TEX_BOB,Undefined,3,Bottom,1,1,2,Curveball,Slider,BallCalled,Undefined,Undefined,Undefined,0,0,,79.04366,0.241455,-3.493989,2766.943465,68.737894,8:15,5.38372,1.89094,5.43866,-52.46865,-6.28071,-20.08178,1.23787,-3.05851,72.32987,-9.262072,-7.056822,0.489143,,,,,,,,,,,,8.96382,-2.74252,-1.5673,50,5.36921,7.79091,-114.49266,-1.33177,11.72346,24.03865,-35.7609,TEX_BOB,UTR_VAQ,TexasStateUniversity,D1,SBELT,20260324-TexasStateUniversity-1,8a716920-27dd-11f1-b396-7fdcd427690d,77.05816,,,6.71379,,,,,,,5d42d121-7b79-486a-9f77-85b5a028b7ae,2026-03-24,23:59:56.88,2026-03-24T18:59:56.8822272-05:00,2026-03-24T23:59:56.8822272Z,,v3,471452,471407,94d7b8dbc2134927a2dd9771b85d27fc,"Gonzalez, Rudy",831171,Right,UTR_VAQ,56b3299a-3c0b-4094-ae43-a0e23ffaf34a,55.06453,-115.5511,12.01933,5.39319,0.24282,-17.88045,-1.89898,7.27471,5.86173,,,,,,,,,,,,,,,,,,,,,,,,,,,,,,,,,,,,,,,,,,,,,,,,,,,High,High,High,,,,,,47.516255,30.331892,2388.189277,0.863115,7:30,-0.465861,0.638643,0.612461,37.266438,67.783738,55.818927,98.568854,-61.877555,0.466096,-0.881942,-0.070231,85.447004,-27.781169,0.881942,-0.466096,0.070231,-85.447004,27.781169,-0.881942,0.466096,0.070231,-98.568854,61.877555,-0.466096,0.881942,-0.070231
95,2026-03-24,19:00:16.76,3,5,"Bonilla, Robert",831213,Right,UTR_VAQ,"Carson, Tanner",10178633,Right,TEX_BOB,Undefined,3,Bottom,1,2,2,Sinker,Sinker,StrikeCalled,Strikeout,Undefined,Undefined,0,0,,91.9462,-0.034257,-4.423481,2275.393158,265.84932,2:45,5.50717,1.80324,6.02737,-30.9934,2.64858,18.96678,2.89256,-0.72124,82.41729,-5.814869,-1.021163,0.417457,,,,,,,,,,,,-11.13949,1.77835,-1.46624,50,5.4881,9.44097,-133.01107,-1.18682,-19.55828,33.83651,-29.05167,TEX_BOB,UTR_VAQ,TexasStateUniversity,D1,SBELT,20260324-TexasStateUniversity-1,964d4ca0-27dd-11f1-b396-7fdcd427690d,90.29049,,,9.52891,,,,,,,5d42d121-7b79-486a-9f77-85b5a028b7ae,2026-03-25,00:00:16.76,2026-03-24T19:00:16.7642112-05:00,2026-03-25T00:00:16.7642112Z,,v3,471452,471407,94d7b8dbc2134927a2dd9771b85d27fc,"Gonzalez, Rudy",831171,Right,UTR_VAQ,64f79d18-9acb-4ce0-8a2f-40f0fdfa1f64,54.47194,-134.14385,16.91825,5.51156,-0.21422,-14.52583,-1.79327,10.09575,-9.77914,,,,,,,,,,,,,,,,,,,,,,,,,,,,,,,,,,,,,,,,,,,,,,,,,,,High,High,High,,,,,,235.978505,40.408744,1732.573979,0.761439,1:45,-0.678787,-0.63149,-0.374791,-82.559793,-22.909864,68.610554,169.736691,-66.291825,0.071639,-0.915605,-0.395645,66.630201,-4.108141,0.915605,-0.071639,0.395645,-66.630201,4.108141,-0.915605,0.071639,0.395645,-169.736691,66.291825,-0.071639,0.915605,-0.395645
96,2026-03-24,19:00:50.24,4,1,"Bonilla, Robert",831213,Right,UTR_VAQ,"Cotton, Jackson",1000437468,Left,TEX_BOB,Undefined,3,Bottom,2,0,0,Sinker,Sinker,InPlay,Undefined,GroundBall,Out,1,0,,90.97284,-1.500672,-3.466643,2294.289917,257.426774,2:30,5.2801,1.89133,5.65196,-29.2608,5.2089,17.98379,1.43911,0.15263,82.54762,-6.906536,-0.255997,0.422562,102.77007,-4.64972,12.313392,,,,,22.91932,18.21333,10.988143,0.138887,-10.30032,3.41559,-1.60921,50,5.13395,7.2038,-131.79803,-4.52344,-17.92702,30.76657,-26.22946,TEX_BOB,UTR_VAQ,TexasStateUniversity,D1,SBELT,20260324-TexasStateUniversity-1,aa2e9030-27dd-11f1-b396-7fdcd427690d,89.19982,1.69821,,8.42521,,,,2.09933,1.69821,-0.08431,5d42d121-7b79-486a-9f77-85b5a028b7ae,2026-03-25,00:00:50.24,2026-03-24T19:00:50.2459904-05:00,2026-03-25T00:00:50.2459904Z,GroundBall,v3,471452,471407,94d7b8dbc2134927a2dd9771b85d27fc,"Gonzalez, Rudy",831171,Right,UTR_VAQ,eda11c6d-e2b4-4e0f-b8e6-afd093fb2278,54.85121,-132.92566,15.38329,5.28212,-3.56211,-13.11473,-1.88528,7.86084,-8.96351,180,2.09703,146.88008,,,,,,,,1.69841,-12.22726,,,,,,,,-0.08482,32.061,,,,,,,,,,,,,,,,,,,,,,,,,,,,,,High,High,High,High,Medium,,,,239.111041,38.878206,1786.063306,0.778482,2:00,-0.633006,-0.684274,-0.36204,-82.774293,-25.036636,67.163356,179.597246,71.294524,0.002254,0.94718,-0.320696,71.294954,0.129164,0.94718,0.002254,0.320696,-71.294954,-0.129164,-0.94718,-0.002254,0.320696,-179.597246,-71.294524,-0.002254,-0.94718,-0.320696
97,2026-03-24,19:03:05.74,1,1,"Gutierrez, Alizaeh",828590,Left,TEX_BOB,"Villescas, Diego",1000125041,Right,UTR_VAQ,Undefined,4,Top,0,0,0,Slider,Slider,BallCalled,Undefined,Undefined,Undefined,0,0,,83.61281,-0.328469,1.365834,2182.565968,227.03679,1:30,6.09484,0.00104,4.10498,-40.38152,2.80799,1.39693,2.41438,1.42851,75.91696,-7.556751,1.60864,0.472999,,,,,,,,,,,,-0.25606,1.7915,-0.15537,50,6.01481,-2.95051,-120.99764,-2.37122,-0.37537,26.0561,-29.54762,TEX_BOB,UTR_VAQ,TexasStateUniversity,D1,SBELT,20260324-TexasStateUniversity-1,fafdd1b0-27dd-11f1-b396-7fdcd427690d,79.68816,,,7.69585,,,,,,,5d42d121-7b79-486a-9f77-85b5a028b7ae,2026-03-25,00:03:05.74,2026-03-24T19:03:05.7477120-05:00,2026-03-25T00:03:05.7477120Z,,v3,471452,471407,94d7b8dbc2134927a2dd9771b85d27fc,"Namken, Clayton",10125205,Right,TEX_BOB,348aca37-4ab1-44ce-85e0-67d2064294e7,56.39697,-122.36744,13.02805,6.09864,-0.81787,-14.77381,-0.00078,-2.93078,-0.18768,,,,,,,,,,,,,,,,,,,,,,,,,,,,,,,,,,,,,,,,,,,,,,,,,,,High,High,High,,,,,,181.233858,-72.707484,648.768097,0.29725,12:00,0.961633,-0.000927,-0.274338,-62.705106,-61.789392,31.384419,170.120609,31.848021,0.145744,0.527668,-0.836854,32.232963,8.380382,0.527668,0.145744,0.836854,-32.232963,-8.380382,-0.527668,-0.145744,0.836854,-170.120609,-31.848021,-0.145744,-0.527668,-0.836854
98,2026-03-24,19:03:22.03,1,2,"Gutierrez, Alizaeh",828590,Left,TEX_BOB,"Villescas, Diego",1000125041,Right,UTR_VAQ,Undefined,4,Top,0,1,0,Fastball,Four-Seam,BallCalled,Undefined,Undefined,Undefined,0,0,,88.27873,-2.160422,-1.766532,2081.447911,164.462012,11:30,6.35938,0.22863,4.59431,-16.58481,21.69367,-5.63866,2.92041,-1.92208,79.51335,-5.284114,-2.753326,0.445296,,,,,,,,,,,,2.16457,11.63599,-0.04068,50,6.12212,4.2151,-127.58706,-5.36791,3.51834,29.65858,-13.26057,TEX_BOB,UTR_VAQ,TexasStateUniversity,D1,SBELT,20260324-TexasStateUniversity-1,04b17e00-27de-11f1-b396-7fdcd427690d,84.6458,,,8.76538,,,,,,,5d42d121-7b79-486a-9f77-85b5a028b7ae,2026-03-25,00:03:22.03,2026-03-24T19:03:22.0350464-05:00,2026-03-25T00:03:22.0350464Z,,v3,471452,471407,94d7b8dbc2134927a2dd9771b85d27fc,"Namken, Clayton",10125205,Right,TEX_BOB,e65ffbd2-b165-487d-a476-43b41c6a0700,55.90201,-128.95173,14.82929,6.35507,-4.75776,-6.63029,-0.23091,4.05321,1.75917,,,,,,,,,,,,,,,,,,,,,,,,,,,,,,,,,,,,,,,,,,,,,,,,,,,High,High,High,,,,,,156.668463,1.734936,2080.493745,0.999542,11:15,-0.073449,0.394447,-0.915979,44.870044,-17.077409,63.730968,177.470505,-30.928489,0.037858,-0.513968,-0.856974,30.95312,-2.169638,0.513968,-0.037858,0.856974,-30.95312,2.169638,-0.513968,0.037858,0.856974,-177.470505,30.928489,-0.037858,0.513968,-0.856974
99,2026-03-24,19:03:37.87,1,3,"Gutierrez, Alizaeh",828590,Left,TEX_BOB,"Villescas, Diego",1000125041,Right,UTR_VAQ,Undefined,4,Top,0,2,0,Slider,Slider,StrikeCalled,Undefined,Undefined,Undefined,0,0,,83.67153,-1.108155,0.210554,2118.58622,285.507173,3:30,6.04111,0.01253,4.10655,-42.74975,0.21524,4.44036,1.41501,0.58463,76.42783,-8.71878,0.983581,0.471768,,,,,,,,,,,,-2.08398,0.8,-0.04122,50,5.87122,-0.65567,-121.14849,-4.14575,-3.07505,25.2494,-30.99358,TEX_BOB,UTR_VAQ,TexasStateUniversity,D1,SBELT,20260324-TexasStateUniversity-1,0e211c70-27de-11f1-b396-7fdcd427690d,79.89609,,,7.2437,,,,,,,5d42d121-7b79-486a-9f77-85b5a028b7ae,2026-03-25,00:03:37.87,2026-03-24T19:03:37.8754048-05:00,2026-03-25T00:03:37.8754048Z,,v3,471452,471407,94d7b8dbc2134927a2dd9771b85d27fc,"Namken, Clayton",10125205,Right,TEX_BOB,bfb894ef-5783-4705-9db4-d974663f27b7,56.39527,-122.47412,12.6247,6.04616,-2.51854,-15.49679,-0.01103,-0.49423,-1.53753,,,,,,,,,,,,,,,,,,,,,,,,,,,,,,,,,,,,,,,,,,,,,,,,,,,High,High,High,,,,,,190.861796,-73.088524,616.283655,0.290894,12:15,0.95868,-0.036303,-0.282161,-76.961543,-55.217351,43.879705,169.914457,32.274501,0.148062,0.533976,-0.832434,32.678683,8.514659,0.533976,0.148062,0.832434,-32.678683,-8.514659,-0.533976,-0.148062,0.832434,-169.914457,-32.274501,-0.148062,-0.533976,-0.832434
100,2026-03-24,19:03:52.89,1,4,"Gutierrez, Alizaeh",828590,Left,TEX_BOB,"Villescas, Diego",1000125041,Right,UTR_VAQ,Undefined,4,Top,0,2,1,Fastball,Four-Seam,BallCalled,Undefined,Undefined,Undefined,0,0,,90.06676,-2.24562,-2.040151,2134.936604,176.405603,12:00,6.30816,0.28651,4.58139,-16.27229,20.28737,-1.1941,2.8132,-1.75483,81.61625,-5.291877,-2.249065,0.435184,,,,,,,,,,,,-0.03051,10.91674,-0.07416,50,6.0616,4.70009,-130.26096,-5.68275,-0.05207,29.22002,-13.55351,TEX_BOB,UTR_VAQ,TexasStateUniversity,D1,SBELT,20260324-TexasStateUniversity-1,17137490-27de-11f1-b396-7fdcd427690d,86.61269,,,8.45051,,,,,,,5d42d121-7b79-486a-9f77-85b5a028b7ae,2026-03-25,00:03:52.89,2026-03-24T19:03:52.8941056-05:00,2026-03-25T00:03:52.8941056Z,,v3,471452,471407,94d7b8dbc2134927a2dd9771b85d27fc,"Namken, Clayton",10125205,Right,TEX_BOB,f5e31549-78e3-446d-ba32-0b951898ec11,55.9167,-131.58149,14.61001,6.30458,-5.07023,-6.77676,-0.28662,4.70244,-0.02604,,,,,,,,,,,,,,,,,,,,,,,,,,,,,,,,,,,,,,,,,,,,,,,,,,,High,High,High,,,,,,156.931892,11.008499,2095.651354,0.981599,11:15,-0.237899,0.376837,-0.895208,53.66145,-8.697115,58.222705,176.186946,-29.914213,0.057641,-0.498703,-0.864854,29.96913,-3.304445,0.498703,-0.057641,0.864854,-29.96913,3.304445,-0.498703,0.057641,0.864854,-176.186946,29.914213,-0.057641,0.498703,-0.864854
101,2026-03-24,19:04:08.96,1,5,"Gutierrez, Alizaeh",828590,Left,TEX_BOB,"Villescas, Diego",1000125041,Right,UTR_VAQ,Undefined,4,Top,0,3,1,Fastball,Four-Seam,BallCalled,Walk,Undefined,Undefined,0,0,,90.29267,-1.925421,-1.890393,2122.359297,184.316775,12:15,6.28866,0.35563,4.64562,-14.70867,21.47694,1.52764,3.23157,-1.31412,81.92853,-4.700951,-1.622761,0.432952,,,,,,,,,,,,-1.29539,11.39654,-0.16357,50,6.07917,4.23658,-130.675,-4.88809,-2.22881,28.80597,-12.5654,TEX_BOB,UTR_VAQ,TexasStateUniversity,D1,SBELT,20260324-TexasStateUniversity-1,20adf390-27de-11f1-b396-7fdcd427690d,87.05921,,,8.36414,,,,,,,5d42d121-7b79-486a-9f77-85b5a028b7ae,2026-03-25,00:04:08.96,2026-03-24T19:04:08.9697280-05:00,2026-03-25T00:04:08.9697280Z,,v3,471452,471407,94d7b8dbc2134927a2dd9771b85d27fc,"Namken, Clayton",10125205,Right,TEX_BOB,58dc0bbc-2aa3-4813-aaed-c26cabc0df97,55.85271,-131.95887,14.40299,6.28454,-4.32805,-6.2827,-0.3546,4.33592,-1.11441,,,,,,,,,,,,,,,,,,,,,,,,,,,,,,,,,,,,,,,,,,,,,,,,,,,High,High,High,,,,,,157.366113,1.041346,2122.00877,0.999835,11:15,-0.061517,0.38395,-0.921302,48.560336,-16.435307,60.411914,177.893375,-34.448278,0.030313,-0.565662,-0.82408,34.466349,-1.737076,0.565662,-0.030313,0.82408,-34.466349,1.737076,-0.565662,0.030313,0.82408,-177.893375,34.448278,-0.030313,0.565662,-0.82408
102,2026-03-24,19:05:06.17,2,1,"Gutierrez, Alizaeh",828590,Left,TEX_BOB,"Chapa, Andy",1000486891,Right,UTR_VAQ,Undefined,4,Top,0,0,0,Slider,Slider,FoulBallNotFieldable,Undefined,Undefined,Undefined,1,0,,82.01799,-0.593041,-0.415962,2081.60709,310.176845,4:15,6.10879,-0.15958,4.27598,-43.98676,0.25075,1.39953,1.87581,-0.44093,75.18481,-8.446294,-0.171633,0.478704,,,,,,,,,,,,-0.80417,0.61606,0.20329,50,5.99899,0.7998,-118.87249,-3.00933,-1.14688,23.48867,-31.29542,TEX_BOB,UTR_VAQ,TexasStateUniversity,D1,SBELT,20260324-TexasStateUniversity-1,42c648b0-27de-11f1-b396-7fdcd427690d,78.73857,,,6.83318,,,,,,,5d42d121-7b79-486a-9f77-85b5a028b7ae,2026-03-25,00:05:06.17,2026-03-24T19:05:06.1764096-05:00,2026-03-25T00:05:06.1764096Z,,v3,471452,471407,94d7b8dbc2134927a2dd9771b85d27fc,"Namken, Clayton",10125205,Right,TEX_BOB,036c3f10-dcc9-45f3-8cc0-f66e4e0c7633,56.22714,-120.09664,11.74433,6.11333,-1.37832,-15.64771,0.16005,0.85957,-0.57344,,,,,,,,,,,,,,,,,,,,,,,,,,,,,,,,,,,,,,,,,,,,,,,,,,,High,High,High,,,,,,190.892634,-80.02836,360.452545,0.173161,12:15,0.983919,-0.022526,-0.177189,80.164196,45.776046,57.239407,173.602491,29.015369,0.097441,0.485044,-0.869044,29.167433,5.59181,0.485044,0.097441,0.869044,-29.167433,-5.59181,-0.485044,-0.097441,0.869044,-173.602491,-29.015369,-0.097441,-0.485044,-0.869044
103,2026-03-24,19:06:01.63,2,2,"Gutierrez, Alizaeh",828590,Left,TEX_BOB,"Chapa, Andy",1000486891,Right,UTR_VAQ,Undefined,4,Top,1,0,1,Slider,Curveball,BallCalled,Undefined,Undefined,Undefined,0,0,,80.21966,1.720603,-1.292225,2123.974292,11.146802,6:15,6.15428,0.02163,4.44112,-50.97948,-4.76099,-1.24413,3.5481,-1.31485,72.9985,-7.421765,-1.509711,0.489305,,,,,,,,,,,,0.21382,-2.32414,0.11655,50,6.28687,2.67648,-116.14787,1.45663,0.28996,23.23595,-35.32575,TEX_BOB,UTR_VAQ,TexasStateUniversity,D1,SBELT,20260324-TexasStateUniversity-1,63d28500-27de-11f1-b396-7fdcd427690d,77.03268,,,7.22116,,,,,,,5d42d121-7b79-486a-9f77-85b5a028b7ae,2026-03-25,00:06:01.63,2026-03-24T19:06:01.6348160-05:00,2026-03-25T00:06:01.6348160Z,,v3,471452,471407,94d7b8dbc2134927a2dd9771b85d27fc,"Namken, Clayton",10125205,Right,TEX_BOB,033371c8-406f-47bb-a3d3-03344671303a,56.05988,-117.35392,11.61798,6.16368,3.29019,-17.66287,-0.02198,2.66143,0.14498,,,,,,,,,,,,,,,,,,,,,,,,,,,,,,,,,,,,,,,,,,,,,,,,,,,High,High,High,,,,,,292.865155,-83.904133,225.549799,0.106192,3:45,0.991638,-0.12766,0.018904,67.773835,36.468157,37.885026,170.817898,33.713939,0.132736,0.555047,-0.82116,34.055936,7.627708,0.555047,0.132736,0.82116,-34.055936,-7.627708,-0.555047,-0.132736,0.82116,-170.817898,-33.713939,-0.132736,-0.555047,-0.82116
104,2026-03-24,19:06:14.60,2,3,"Gutierrez, Alizaeh",828590,Left,TEX_BOB,"Chapa, Andy",1000486891,Right,UTR_VAQ,Undefined,4,Top,1,1,1,Slider,Slider,BallCalled,Undefined,Undefined,Undefined,0,0,,81.37541,2.507223,-1.851174,2157.089664,303.6563,4:00,6.18074,0.00556,4.38601,-45.80947,-1.28421,3.93402,4.76,-1.43474,74.65173,-5.699444,-1.165244,0.480258,57.84917,1.086612,172.222478,3219.436813,,,,39.88148,39.88148,170.229859,0.467197,-2.37665,-0.83445,0.18822,50,6.40353,3.62842,-117.88265,3.31095,-3.36403,21.16955,-33.35519,TEX_BOB,UTR_VAQ,TexasStateUniversity,D1,SBELT,20260324-TexasStateUniversity-1,6b918d40-27de-11f1-b396-7fdcd427690d,78.48372,4.17355,,6.72368,,,,-1.12172,4.14586,1.31161,5d42d121-7b79-486a-9f77-85b5a028b7ae,2026-03-25,00:06:14.60,2026-03-24T19:06:14.6074112-05:00,2026-03-25T00:06:14.6074112Z,GroundBall,v3,471452,471407,94d7b8dbc2134927a2dd9771b85d27fc,"Namken, Clayton",10125205,Right,TEX_BOB,078ed91d-8678-4c54-8b76-0457f23928c4,56.11573,-118.97586,10.58478,6.18807,5.03343,-16.6776,-0.00364,3.80214,-1.68201,9.338452,-1.12172,-84.04971,5.24495,-0.64309,0.16005,-0.02453,0.01301,-0.01113,0.00548,4.14586,1.60899,-23.32367,2.07935,-0.42816,0.08166,-0.01298,0.00165,0.00036,1.31161,11.47979,0.45965,-0.07753,0.00919,-0.00347,0.00215,-0.00236,0.00122,,,,,,,,,,,,,,,,,,,,,,,High,High,High,High,High,,,,226.938051,-79.076572,408.761901,0.189497,1:30,0.970196,-0.18127,-0.160811,86.569704,44.806008,52.668828,170.7134,25.370353,0.14581,0.428468,-0.891715,25.664221,8.384172,0.428468,0.14581,0.891715,-25.664221,-8.384172,-0.428468,-0.14581,0.891715,-170.7134,-25.370353,-0.14581,-0.428468,-0.891715
105,2026-03-24,19:06:32.69,2,4,"Gutierrez, Alizaeh",828590,Left,TEX_BOB,"Chapa, Andy",1000486891,Right,UTR_VAQ,Undefined,4,Top,1,2,1,Fastball,Four-Seam,BallCalled,Undefined,Undefined,Undefined,0,0,,89.65292,-1.63026,-2.207339,2096.700336,150.513791,11:00,6.3061,0.13481,4.54986,-20.28253,16.08639,-8.48741,3.06238,-2.6748,82.58009,-5.336818,-3.690683,0.434047,,,,,,,,,,,,3.53205,8.56619,0.10314,50,6.1179,5.43585,-129.91944,-4.48628,6.09048,24.95721,-17.403,TEX_BOB,UTR_VAQ,TexasStateUniversity,D1,SBELT,20260324-TexasStateUniversity-1,764d5ac0-27de-11f1-b396-7fdcd427690d,86.83956,,,7.07283,,,,,,,5d42d121-7b79-486a-9f77-85b5a028b7ae,2026-03-25,00:06:32.69,2026-03-24T19:06:32.6928384-05:00,2026-03-25T00:06:32.6928384Z,,v3,471452,471407,94d7b8dbc2134927a2dd9771b85d27fc,"Namken, Clayton",10125205,Right,TEX_BOB,de2ef7a7-6d49-4bbf-ac9b-731e37e2c25e,55.94905,-131.05725,12.47861,6.30435,-3.69286,-8.7015,-0.13836,5.15819,3.04524,,,,,,,,,,,,,,,,,,,,,,,,,,,,,,,,,,,,,,,,,,,,,,,,,,,High,High,High,,,,,,160.887733,-4.192058,2091.090864,0.997325,11:15,0.027438,0.328492,-0.944108,40.352601,-24.773176,64.567189,172.051075,33.335175,0.115537,0.549536,-0.827443,33.589631,6.634623,0.549536,0.115537,0.827443,-33.589631,-6.634623,-0.549536,-0.115537,0.827443,-172.051075,-33.335175,-0.115537,-0.549536,-0.827443
106,2026-03-24,19:06:54.06,2,5,"Gutierrez, Alizaeh",828590,Left,TEX_BOB,"Chapa, Andy",1000486891,Right,UTR_VAQ,Undefined,4,Top,1,3,1,Slider,Curveball,BallCalled,Walk,Undefined,Undefined,0,0,,77.82259,2.242012,-2.061638,2324.750601,303.872834,4:15,6.14173,-0.02765,4.27981,-54.24739,-5.11634,9.94717,3.76846,-1.17187,71.2138,-7.440901,-0.328926,0.504486,,,,,,,,,,,,-5.3487,-2.58811,0.24106,50,6.32998,3.61296,-112.68257,2.27484,-6.87532,20.52215,-35.50086,TEX_BOB,UTR_VAQ,TexasStateUniversity,D1,SBELT,20260324-TexasStateUniversity-1,8319b8c0-27de-11f1-b396-7fdcd427690d,74.7145,,,6.60878,,,,,,,5d42d121-7b79-486a-9f77-85b5a028b7ae,2026-03-25,00:06:54.06,2026-03-24T19:06:54.0638720-05:00,2026-03-25T00:06:54.0638720Z,,v3,471452,471407,94d7b8dbc2134927a2dd9771b85d27fc,"Namken, Clayton",10125205,Right,TEX_BOB,bafbf807-4d82-45be-a333-ce35790cb883,56.2229,-113.81027,10.26107,6.15138,4.22561,-17.75043,0.03215,3.99076,-3.43766,,,,,,,,,,,,,,,,,,,,,,,,,,,,,,,,,,,,,,,,,,,,,,,,,,,High,High,High,,,,,,319.028509,-72.825182,686.471361,0.295288,4:45,0.95451,-0.230843,0.188737,59.631953,25.695263,19.060539,165.421569,41.535064,0.188414,0.663078,-0.72445,42.467413,10.860232,0.663078,0.188414,0.72445,-42.467413,-10.860232,-0.663078,-0.188414,0.72445,-165.421569,-41.535064,-0.188414,-0.663078,-0.72445
107,2026-03-24,19:07:35.65,3,1,"Gutierrez, Alizaeh",828590,Left,TEX_BOB,"Gonzalez, Rudy",831171,Right,UTR_VAQ,Undefined,4,Top,1,0,0,Slider,Slider,BallCalled,Undefined,Undefined,Undefined,0,0,,83.38882,-1.932856,-0.943184,2206.189925,268.8539,3:00,6.13768,-0.10759,4.7173,-40.93534,1.58965,4.67717,0.89112,-0.61302,75.92892,-9.304507,-0.119574,0.469346,,,,,,,,,,,,-2.59532,1.80551,0.19851,50,5.90582,1.77667,-120.71404,-5.67336,-3.78274,26.18203,-29.5425,TEX_BOB,UTR_VAQ,TexasStateUniversity,D1,SBELT,20260324-TexasStateUniversity-1,9bdbc3d0-27de-11f1-b396-7fdcd427690d,80.30836,,,7.45991,,,,,,,5d42d121-7b79-486a-9f77-85b5a028b7ae,2026-03-25,00:07:35.65,2026-03-24T19:07:35.6504576-05:00,2026-03-25T00:07:35.6504576Z,,v3,471452,471407,94d7b8dbc2134927a2dd9771b85d27fc,"Namken, Clayton",10125205,Right,TEX_BOB,5d1a8b3b-1026-4dec-b6f2-cc0e60a96a78,55.78312,-121.96191,13.09101,6.14267,-4.26533,-14.77125,0.10954,1.95696,-1.89137,,,,,,,,,,,,,,,,,,,,,,,,,,,,,,,,,,,,,,,,,,,,,,,,,,,High,High,High,,,,,,193.599225,-78.064509,456.262726,0.20681,12:30,0.976023,-0.0156,-0.217108,85.523996,46.708263,59.514781,171.112959,29.235591,0.134808,0.488402,-0.862143,29.531445,7.74753,0.488402,0.134808,0.862143,-29.531445,-7.74753,-0.488402,-0.134808,0.862143,-171.112959,-29.235591,-0.134808,-0.488402,-0.862143
108,2026-03-24,19:07:56.23,3,2,"Gutierrez, Alizaeh",828590,Left,TEX_BOB,"Gonzalez, Rudy",831171,Right,UTR_VAQ,Undefined,4,Top,1,1,0,Fastball,Cutter,BallCalled,Undefined,Undefined,Undefined,0,0,,89.72198,-1.254684,-1.329654,2190.992521,159.500433,11:15,6.30829,0.04533,4.62008,-19.40899,16.9821,-5.91886,3.4975,-1.71228,82.05123,-4.835853,-2.36656,0.434179,,,,,,,,,,,,2.51965,8.97394,0.09711,50,6.16223,3.31086,-130.03703,-3.58089,4.32287,26.76359,-16.77785,TEX_BOB,UTR_VAQ,TexasStateUniversity,D1,SBELT,20260324-TexasStateUniversity-1,a81557b0-27de-11f1-b396-7fdcd427690d,86.81308,,,7.67075,,,,,,,5d42d121-7b79-486a-9f77-85b5a028b7ae,2026-03-25,00:07:56.23,2026-03-24T19:07:56.2341888-05:00,2026-03-25T00:07:56.2341888Z,,v3,471452,471407,94d7b8dbc2134927a2dd9771b85d27fc,"Namken, Clayton",10125205,Right,TEX_BOB,4fefb663-b2b0-410f-af51-d259e4d89f7d,55.87955,-131.24155,13.3818,6.3064,-2.82578,-8.38892,-0.04752,3.1163,2.16144,,,,,,,,,,,,,,,,,,,,,,,,,,,,,,,,,,,,,,,,,,,,,,,,,,,High,High,High,,,,,,163.402368,-5.692655,2180.18719,0.995068,11:30,0.070791,0.286344,-0.955508,48.940527,-28.218677,56.382451,163.839646,41.963969,0.206954,0.668663,-0.714185,43.114582,11.94391,0.668663,0.206954,0.714185,-43.114582,-11.94391,-0.668663,-0.206954,0.714185,-163.839646,-41.963969,-0.206954,-0.668663,-0.714185
109,2026-03-24,19:11:49.31,3,3,"Smith, Cade",1000304888,Right,TEX_BOB,"Gonzalez, Rudy",831171,Right,UTR_VAQ,Undefined,4,Top,1,2,0,Fastball,Sinker,StrikeCalled,Undefined,Undefined,Undefined,0,0,,91.28966,-1.601328,-4.859902,2295.097393,253.449834,2:30,5.08777,3.00283,5.22598,-26.9862,7.55142,21.67332,1.3276,0.2289,83.49471,-6.546642,-1.031765,0.422978,,,,,,,,,,,,-12.14406,4.53843,-2.57058,50,4.91944,10.21464,-132.06857,-4.75067,-21.49055,27.61318,-24.14269,TEX_BOB,UTR_VAQ,TexasStateUniversity,D1,SBELT,20260324-TexasStateUniversity-1,3308c8c0-27df-11f1-b396-7fdcd427690d,89.11207,,,7.79495,,,,,,,5d42d121-7b79-486a-9f77-85b5a028b7ae,2026-03-25,00:11:49.31,2026-03-24T19:11:49.3130752-05:00,2026-03-25T00:11:49.3130752Z,,v3,471452,471407,94d7b8dbc2134927a2dd9771b85d27fc,"Namken, Clayton",10125205,Right,TEX_BOB,0ba83c0e-8509-4be4-bb00-44e99c476918,55.27722,-133.16737,13.80659,5.08937,-3.78997,-12.07135,-2.99407,11.06981,-10.74528,,,,,,,,,,,,,,,,,,,,,,,,,,,,,,,,,,,,,,,,,,,,,,,,,,,High,High,High,,,,,,252.489182,-7.35653,2276.205513,0.991769,2:30,0.128587,-0.941863,-0.310419,-52.362299,-34.091429,-4.186575,179.383381,16.094506,0.01034,0.277223,-0.96075,16.095389,0.59245,0.277223,0.01034,0.96075,-16.095389,-0.59245,-0.277223,-0.01034,0.96075,-179.383381,-16.094506,-0.01034,-0.277223,-0.96075
110,2026-03-24,19:12:07.58,3,4,"Smith, Cade",1000304888,Right,TEX_BOB,"Gonzalez, Rudy",831171,Right,UTR_VAQ,Undefined,4,Top,1,2,1,Fastball,Sinker,InPlay,Undefined,GroundBall,Error,0,0,,91.1334,-0.936375,-5.364845,2256.385696,263.941538,2:45,5.11568,2.74892,5.15142,-31.36305,3.42634,21.75107,1.61658,-0.50406,83.32623,-6.647076,-1.532423,0.424517,43.99705,-78.066763,-111.752243,,,,,1.01094,1.01094,11.5092,0.024897,-12.33725,2.2774,-2.26349,50,5.0035,11.35928,-131.77598,-3.4176,-21.7301,27.56031,-28.1628,TEX_BOB,UTR_VAQ,TexasStateUniversity,D1,SBELT,20260324-TexasStateUniversity-1,3de8c010-27df-11f1-b396-7fdcd427690d,88.78907,1.58125,,7.80717,,,,1.11445,1.58125,0.51209,5d42d121-7b79-486a-9f77-85b5a028b7ae,2026-03-25,00:12:07.58,2026-03-24T19:12:07.5865600-05:00,2026-03-25T00:12:07.5865600Z,GroundBall,v3,471452,471407,94d7b8dbc2134927a2dd9771b85d27fc,"Namken, Clayton",10125205,Right,TEX_BOB,e633e27c-b6a7-4a81-95f7-7b11e16aaeea,55.35264,-132.89075,13.78015,5.11869,-2.27847,-14.0814,-2.74073,12.23822,-10.86505,,1.11457,-4.97432,,,,,,,,1.58277,-63.51208,,,,,,,,0.51239,-12.46682,,,,,,,,,,,,,,,,,,,,,,,,,,,,,,High,High,High,Estimated,Estimated,,,,256.08157,-9.68616,2224.218978,0.985744,2:30,0.16089,-0.953925,-0.253263,-51.776975,-27.956892,-3.63139,175.339249,-19.00004,0.076829,-0.325569,-0.942392,19.058535,-4.406309,0.325569,-0.076829,0.942392,-19.058535,4.406309,-0.325569,0.076829,0.942392,-175.339249,19.00004,-0.076829,0.325569,-0.942392
111,2026-03-24,19:12:49.96,4,1,"Smith, Cade",1000304888,Right,TEX_BOB,"Garza-Gongora, Rocco",805037,Left,UTR_VAQ,Undefined,4,Top,1,0,0,Fastball,Sinker,StrikeCalled,Undefined,Undefined,Undefined,0,0,,91.88769,-0.810718,-5.666735,2334.708342,258.33303,2:30,5.06681,2.84795,5.10378,-28.90309,5.57618,21.36387,1.8905,-0.72889,83.51658,-6.094352,-1.910482,0.42262,,,,,,,,,,,,-12.26379,3.3348,-2.32929,50,4.96743,12.1491,-132.70898,-3.0435,-21.80374,29.21507,-26.24513,TEX_BOB,UTR_VAQ,TexasStateUniversity,D1,SBELT,20260324-TexasStateUniversity-1,572e7a10-27df-11f1-b396-7fdcd427690d,89.18745,,,8.3711,,,,,,,5d42d121-7b79-486a-9f77-85b5a028b7ae,2026-03-25,00:12:49.96,2026-03-24T19:12:49.9699712-05:00,2026-03-25T00:12:49.9699712Z,,v3,471452,471407,94d7b8dbc2134927a2dd9771b85d27fc,"Namken, Clayton",10125205,Right,TEX_BOB,c5ebe142-74f7-48fd-b6a2-f0dcceb35852,55.39914,-133.89229,14.60754,5.06917,-1.98048,-13.12257,-2.83926,13.03222,-10.90187,,,,,,,,,,,,,,,,,,,,,,,,,,,,,,,,,,,,,,,,,,,,,,,,,,,High,High,High,,,,,,253.364519,-5.057953,2325.617067,0.996106,2:30,0.073004,-0.953072,-0.293811,-46.136053,-16.648482,-14.589334,166.758082,-21.076037,0.21374,-0.359607,-0.908294,21.599316,-12.341598,0.359607,-0.21374,0.908294,-21.599316,12.341598,-0.359607,0.21374,0.908294,-166.758082,21.076037,-0.21374,0.359607,-0.908294
112,2026-03-24,19:13:09.64,4,2,"Smith, Cade",1000304888,Right,TEX_BOB,"Garza-Gongora, Rocco",805037,Left,UTR_VAQ,Undefined,4,Top,1,0,1,ChangeUp,Changeup,FoulBallNotFieldable,Undefined,Undefined,Undefined,0,0,,81.8692,0.533127,-3.464413,1703.862992,244.971664,2:15,5.00211,2.93389,5.24776,-35.12301,7.59685,13.41698,2.57714,0.79224,74.99761,-5.900403,-1.090168,0.470421,85.37087,35.115855,-60.581165,4462.296338,49.30609,55.83746,-98.33034,233.73845,120.36611,-67.978566,3.513858,-7.68178,4.03114,-2.62592,50,5.02508,6.63005,-118.67635,-0.11828,-10.98136,22.20871,-26.41142,TEX_BOB,UTR_VAQ,TexasStateUniversity,D1,SBELT,20260324-TexasStateUniversity-1,62eb8af0-27df-11f1-b396-7fdcd427690d,80.12497,57.48944,,6.87159,,,,1.09491,2.47712,-0.53078,5d42d121-7b79-486a-9f77-85b5a028b7ae,2026-03-25,00:13:09.64,2026-03-24T19:13:09.6438784-05:00,2026-03-25T00:13:09.6438784Z,FlyBall,v3,471452,471407,94d7b8dbc2134927a2dd9771b85d27fc,"Namken, Clayton",10125205,Right,TEX_BOB,3295fef9-d4b5-4f64-b169-6b3a504f1cb4,55.25487,-119.65569,11.10435,5.00461,1.04639,-13.20571,-2.92896,7.11429,-5.49068,,1.09494,50.30628,-14.69117,3.85321,-0.87469,0.16228,-0.01796,0.00035,8E-05,2.47698,72.03029,-27.60981,3.35115,-0.71128,0.19339,-0.05363,0.00918,-0.00065,-0.53081,-89.21129,17.48049,-5.18002,1.22598,-0.21391,0.01563,0.00179,-0.00031,,,,,,,,,,,,,,,,,,,,,,,High,High,High,Medium,Low,,,,258.671191,-18.0557,1619.957378,0.950756,2:30,0.289417,-0.935075,-0.204629,-38.76625,0.613299,-16.186704,140.945249,-30.857409,0.540875,-0.512903,-0.666622,37.574931,-32.74323,0.512903,-0.540875,0.666622,-37.574931,32.74323,-0.512903,0.540875,0.666622,-140.945249,30.857409,-0.540875,0.512903,-0.666622
113,2026-03-24,19:13:32.09,4,3,"Smith, Cade",1000304888,Right,TEX_BOB,"Garza-Gongora, Rocco",805037,Left,UTR_VAQ,Undefined,4,Top,1,0,2,Sweeper,Slider,InPlay,Undefined,GroundBall,Out,2,0,,78.81258,0.473687,-1.958991,2247.041593,98.475955,9:15,5.0747,3.13422,4.6494,-45.29534,2.80618,-6.77709,1.75047,0.70727,71.02562,-7.733152,-3.147306,0.499173,50.69634,-32.104605,-52.925599,,,,,3.26344,3.26344,-55.25182,0.040306,2.65118,1.72114,-2.92719,50,5.08235,4.19261,-113.9644,-0.73403,3.41679,24.8619,-29.95589,TEX_BOB,UTR_VAQ,TexasStateUniversity,D1,SBELT,20260324-TexasStateUniversity-1,70551350-27df-11f1-b396-7fdcd427690d,75.50981,1.59992,,7.78696,,,,0.32277,1.59992,-0.64689,5d42d121-7b79-486a-9f77-85b5a028b7ae,2026-03-25,00:13:32.09,2026-03-24T19:13:32.0973312-05:00,2026-03-25T00:13:32.0973312Z,GroundBall,v3,471452,471407,94d7b8dbc2134927a2dd9771b85d27fc,"Namken, Clayton",10125205,Right,TEX_BOB,125fe369-ff35-491c-8e5e-8de44639b038,55.84925,-115.23338,12.43095,5.08079,0.79495,-14.97795,-3.13674,4.01822,1.7084,,0.32166,38.14055,,,,,,,,1.60107,-39.69433,,,,,,,,-0.64543,-50.4777,,,,,,,,,,,,,,,,,,,,,,,,,,,,,,High,High,High,Estimated,Estimated,,,,75.390571,84.309695,222.797269,0.099151,8:30,-0.992809,0.104169,0.058982,11.165144,51.378144,31.418056,141.885479,-28.824924,0.540758,-0.482135,-0.689294,34.971304,-32.735255,0.482135,-0.540758,0.689294,-34.971304,32.735255,-0.482135,0.540758,0.689294,-141.885479,28.824924,-0.540758,0.482135,-0.689294
114,2026-03-24,19:15:55.40,1,1,"Bonilla, Robert",831213,Right,UTR_VAQ,"Galloway, Rashawn",1000183398,Right,TEX_BOB,Undefined,4,Bottom,0,0,0,Sinker,Sinker,StrikeCalled,Undefined,Undefined,Undefined,0,0,,91.03363,-1.076732,-4.572025,2066.6414,266.927239,3:00,5.40045,1.80559,6.16702,-31.5712,2.07992,17.97229,1.77161,-0.92901,82.98482,-6.934889,-1.338832,0.417514,,,,,,,,,,,,-10.61528,1.73173,-1.46723,50,5.30259,9.79542,-131.89711,-3.57763,-18.60988,29.31658,-29.13811,TEX_BOB,UTR_VAQ,TexasStateUniversity,D1,SBELT,20260324-TexasStateUniversity-1,c5bb4210-27df-11f1-b396-7fdcd427690d,90.2782,,,8.04881,,,,,,,5d42d121-7b79-486a-9f77-85b5a028b7ae,2026-03-25,00:15:55.40,2026-03-24T19:15:55.4094592-05:00,2026-03-25T00:15:55.4094592Z,,v3,471452,471407,94d7b8dbc2134927a2dd9771b85d27fc,"Gonzalez, Rudy",831171,Right,UTR_VAQ,420e7052-b544-4380-a8d1-8fc669c81c86,54.33566,-132.85729,14.65829,5.40413,-2.62329,-14.56906,-1.79803,10.40494,-9.30494,,,,,,,,,,,,,,,,,,,,,,,,,,,,,,,,,,,,,,,,,,,,,,,,,,,High,High,High,,,,,,239.020662,37.427303,1641.171799,0.794125,2:00,-0.625543,-0.692146,-0.360041,-71.196393,-34.187908,72.817564,174.501775,64.436039,0.041346,0.902104,-0.429533,64.538743,2.369621,0.902104,0.041346,0.429533,-64.538743,-2.369621,-0.902104,-0.041346,0.429533,-174.501775,-64.436039,-0.041346,-0.902104,-0.429533
115,2026-03-24,19:16:12.70,1,2,"Bonilla, Robert",831213,Right,UTR_VAQ,"Galloway, Rashawn",1000183398,Right,TEX_BOB,Undefined,4,Bottom,0,0,1,Curveball,Curveball,BallCalled,Undefined,Undefined,Undefined,0,0,,78.62156,0.165688,-1.719764,2581.974764,53.090195,7:45,5.30476,1.95264,5.2655,-56.59275,-9.67465,-15.02619,0.74443,-0.91568,71.78001,-10.064804,-4.390351,0.492994,,,,,,,,,,,,7.01465,-4.51335,-1.7835,50,5.27779,4.01825,-114.01086,-1.66003,9.08198,24.15772,-38.01755,TEX_BOB,UTR_VAQ,TexasStateUniversity,D1,SBELT,20260324-TexasStateUniversity-1,d011e520-27df-11f1-b396-7fdcd427690d,76.45618,,,6.84155,,,,,,,5d42d121-7b79-486a-9f77-85b5a028b7ae,2026-03-25,00:16:12.70,2026-03-24T19:16:12.7086592-05:00,2026-03-25T00:16:12.7086592Z,,v3,471452,471407,94d7b8dbc2134927a2dd9771b85d27fc,"Gonzalez, Rudy",831171,Right,UTR_VAQ,6370c09a-e66e-4efa-8124-412621f46553,55.23879,-115.11555,12.07886,5.31395,0.07845,-19.00877,-1.95775,3.60295,4.54099,,,,,,,,,,,,,,,,,,,,,,,,,,,,,,,,,,,,,,,,,,,,,,,,,,,High,High,High,,,,,,50.870989,30.183431,2231.911214,0.86442,7:45,-0.484232,0.672005,0.560293,-12.007413,83.920327,12.732963,99.489975,-53.148044,0.591542,-0.800188,-0.098884,82.955353,-36.266479,0.800188,-0.591542,0.098884,-82.955353,36.266479,-0.800188,0.591542,0.098884,-99.489975,53.148044,-0.591542,0.800188,-0.098884
116,2026-03-24,19:16:30.64,1,3,"Bonilla, Robert",831213,Right,UTR_VAQ,"Galloway, Rashawn",1000183398,Right,TEX_BOB,Undefined,4,Bottom,0,1,1,Sinker,Sinker,StrikeCalled,Undefined,Undefined,Undefined,0,0,,91.52361,0.076154,-4.558099,2346.587679,257.864881,2:30,5.30595,1.98749,6.17236,-28.64694,4.45146,15.86308,2.98927,-0.90951,83.65395,-5.255744,-1.707255,0.414071,,,,,,,,,,,,-9.42166,2.6111,-1.64942,50,5.29723,9.90729,-132.68003,-0.80301,-16.81483,28.07197,-27.51391,TEX_BOB,UTR_VAQ,TexasStateUniversity,D1,SBELT,20260324-TexasStateUniversity-1,dab03f90-27df-11f1-b396-7fdcd427690d,91.02888,,,7.86966,,,,,,,5d42d121-7b79-486a-9f77-85b5a028b7ae,2026-03-25,00:16:30.64,2026-03-24T19:16:30.6476032-05:00,2026-03-25T00:16:30.6476032Z,,v3,471452,471407,94d7b8dbc2134927a2dd9771b85d27fc,"Gonzalez, Rudy",831171,Right,UTR_VAQ,45850fe3-c768-4dc3-8dfb-dd29d6dfe4da,54.32999,-133.59302,14.03598,5.30879,0.09183,-13.75696,-1.98053,10.45416,-8.40741,,,,,,,,,,,,,,,,,,,,,,,,,,,,,,,,,,,,,,,,,,,,,,,,,,,High,High,High,,,,,,239.139657,43.431065,1704.096734,0.726202,2:00,-0.715735,-0.622472,-0.316625,-95.598501,-10.23822,67.252979,164.651597,-63.321569,0.11884,-0.89354,-0.432969,64.14727,-6.825174,0.89354,-0.11884,0.432969,-64.14727,6.825174,-0.89354,0.11884,0.432969,-164.651597,63.321569,-0.11884,0.89354,-0.432969
117,2026-03-24,19:16:47.77,1,4,"Bonilla, Robert",831213,Right,UTR_VAQ,"Galloway, Rashawn",1000183398,Right,TEX_BOB,Undefined,4,Bottom,0,1,2,Curveball,Curveball,StrikeSwinging,Strikeout,Undefined,Undefined,0,0,,79.40341,-0.009981,-1.960139,2459.663814,57.203762,8:00,5.35985,1.90338,5.52431,-53.62865,-8.32957,-15.21095,0.88146,-1.19754,72.87984,-9.739714,-4.674987,0.484413,,,,,,,,,,,,7.10713,-3.79524,-1.72229,50,5.323,4.53737,-115.24091,-1.86369,9.45912,23.47475,-37.2253,TEX_BOB,UTR_VAQ,TexasStateUniversity,D1,SBELT,20260324-TexasStateUniversity-1,e4f3f6e0-27df-11f1-b396-7fdcd427690d,77.81048,,,6.52356,,,,,,,5d42d121-7b79-486a-9f77-85b5a028b7ae,2026-03-25,00:16:47.77,2026-03-24T19:16:47.7757952-05:00,2026-03-25T00:16:47.7757952Z,,v3,471452,471407,94d7b8dbc2134927a2dd9771b85d27fc,"Gonzalez, Rudy",831171,Right,UTR_VAQ,f02d8131-44a4-47fe-ac79-6333f7331ad7,54.98003,-116.25092,11.73738,5.36873,-0.26205,-18.61265,-1.90876,4.13039,4.72956,,,,,,,,,,,,,,,,,,,,,,,,,,,,,,,,,,,,,,,,,,,,,,,,,,,High,High,High,,,,,,49.172413,28.212785,2167.450807,0.881198,7:45,-0.452881,0.666703,0.591951,71.41362,-0.837634,-50.446764,101.468837,-52.548541,0.595947,-0.793869,-0.120909,81.340177,-36.580197,0.793869,-0.595947,0.120909,-81.340177,36.580197,-0.793869,0.595947,0.120909,-101.468837,52.548541,-0.595947,0.793869,-0.120909
118,2026-03-24,19:17:25.75,2,1,"Bonilla, Robert",831213,Right,UTR_VAQ,"Salas, Manuel",1000367412,Left,TEX_BOB,Undefined,4,Bottom,1,0,0,Sinker,Sinker,FoulBallNotFieldable,Undefined,Undefined,Undefined,0,0,,92.28627,-1.275854,-3.625826,2249.316755,277.381513,3:15,5.28042,1.96943,5.97551,-33.93167,-0.93976,15.76698,1.2674,-0.08255,84.09868,-7.531379,-0.793243,0.413404,,,,,,,,,,,,-9.22953,0.19535,-1.69106,50,5.16031,7.80534,-133.80386,-4.22445,-16.60507,30.92103,-31.82257,TEX_BOB,UTR_VAQ,TexasStateUniversity,D1,SBELT,20260324-TexasStateUniversity-1,fb903bc0-27df-11f1-b396-7fdcd427690d,91.1757,,,8.18759,,,,,,,5d42d121-7b79-486a-9f77-85b5a028b7ae,2026-03-25,00:17:25.75,2026-03-24T19:17:25.7541632-05:00,2026-03-25T00:17:25.7541632Z,,v3,471452,471407,94d7b8dbc2134927a2dd9771b85d27fc,"Gonzalez, Rudy",831171,Right,UTR_VAQ,57ba9433-79c5-48b2-b04a-c80d00952e86,54.52777,-134.84614,15.46052,5.28462,-3.15179,-15.91129,-1.96359,8.36506,-8.30254,,,,,,,,,,,,,,,,,,,,,,,,,,,,,,,,,,,,,,,,,,,,,,,,,,,High,High,High,,,,,,236.428726,43.74597,1624.934758,0.722413,2:00,-0.701795,-0.61716,-0.355806,47.331739,69.442385,21.003921,176.396778,-66.242171,0.025319,-0.915256,-0.402075,66.283947,-1.450835,0.915256,-0.025319,0.402075,-66.283947,1.450835,-0.915256,0.025319,0.402075,-176.396778,66.242171,-0.025319,0.915256,-0.402075
119,2026-03-24,19:17:51.52,2,2,"Bonilla, Robert",831213,Right,UTR_VAQ,"Salas, Manuel",1000367412,Left,TEX_BOB,Undefined,4,Bottom,1,0,1,Curveball,Curveball,BallCalled,Undefined,Undefined,Undefined,0,0,,79.16171,2.032123,2.149136,2475.908165,62.013614,8:00,5.36538,2.1991,5.58547,-53.25302,-7.85099,-17.58489,2.82752,2.74166,72.20001,-7.699146,-0.99058,0.484964,,,,,,,,,,,,9.44398,-4.01689,-2.37254,50,5.50593,-3.60168,-114.83663,2.23435,12.5259,22.60846,-37.50182,TEX_BOB,UTR_VAQ,TexasStateUniversity,D1,SBELT,20260324-TexasStateUniversity-1,0afa4f10-27e0-11f1-b396-7fdcd427690d,77.72222,,,6.9617,,,,,,,5d42d121-7b79-486a-9f77-85b5a028b7ae,2026-03-25,00:17:51.52,2026-03-24T19:17:51.5235328-05:00,2026-03-25T00:17:51.5235328Z,,v3,471452,471407,94d7b8dbc2134927a2dd9771b85d27fc,"Gonzalez, Rudy",831171,Right,UTR_VAQ,43ad23ae-2992-4074-8e54-4a463701a21a,54.91815,-115.80085,11.30423,5.37654,3.83373,-18.75091,-2.20754,-4.13588,6.26295,,,,,,,,,,,,,,,,,,,,,,,,,,,,,,,,,,,,,,,,,,,,,,,,,,,High,High,High,,,,,,54.07489,28.514773,2175.565776,0.878694,7:45,-0.470869,0.728033,0.498246,65.629058,-5.794186,-46.058036,98.411624,-52.770056,0.598507,-0.796214,-0.088504,83.657271,-36.763042,0.796214,-0.598507,0.088504,-83.657271,36.763042,-0.796214,0.598507,0.088504,-98.411624,52.770056,-0.598507,0.796214,-0.088504
120,2026-03-24,19:18:11.46,2,3,"Bonilla, Robert",831213,Right,UTR_VAQ,"Salas, Manuel",1000367412,Left,TEX_BOB,Undefined,4,Bottom,1,1,1,Sinker,Sinker,InPlay,Undefined,GroundBall,Out,1,0,,91.21203,-0.970349,-2.041124,2076.184167,257.333032,2:30,5.23061,2.05073,5.66176,-29.82009,4.17705,13.66233,1.84004,1.285,83.26171,-6.467606,0.401877,0.419655,57.09071,-47.288784,11.315223,,,,,3.77851,3.77851,-14.364894,0.030739,-7.56819,2.71162,-1.88696,50,5.12951,4.11882,-132.38376,-3.34404,-13.37314,29.39455,-27.38259,TEX_BOB,UTR_VAQ,TexasStateUniversity,D1,SBELT,20260324-TexasStateUniversity-1,16c6a230-27e0-11f1-b396-7fdcd427690d,89.8176,1.89923,,7.95032,,,,1.94121,1.89923,-1.28143,5d42d121-7b79-486a-9f77-85b5a028b7ae,2026-03-25,00:18:11.46,2026-03-24T19:18:11.4604544-05:00,2026-03-25T00:18:11.4604544Z,GroundBall,v3,471452,471407,94d7b8dbc2134927a2dd9771b85d27fc,"Gonzalez, Rudy",831171,Right,UTR_VAQ,e4b727ab-97ef-469d-b2a5-6d3270dda4ef,54.84088,-133.4543,14.69727,5.23314,-2.34677,-13.6913,-2.04584,4.60587,-6.68657,,1.94005,55.92783,,,,,,,,1.90052,-61.78556,,,,,,,,-1.28167,11.19094,,,,,,,,,,,,,,,,,,,,,,,,,,,,,,High,High,High,Estimated,Estimated,,,,241.953874,39.234422,1608.138834,0.774565,2:00,-0.633404,-0.69422,-0.341844,-94.481691,-24.224958,72.66855,170.11805,66.431588,0.068621,0.916583,-0.393911,66.743869,3.934768,0.916583,0.068621,0.393911,-66.743869,-3.934768,-0.916583,-0.068621,0.393911,-170.11805,-66.431588,-0.068621,-0.916583,-0.393911
121,2026-03-24,19:18:46.65,3,1,"Bonilla, Robert",831213,Right,UTR_VAQ,"Park, Dawson",830892,Right,TEX_BOB,Undefined,4,Bottom,2,0,0,Curveball,Curveball,StrikeCalled,Undefined,Undefined,Undefined,0,0,,78.50708,1.1457,-0.036615,2314.464105,60.708419,8:00,5.39533,1.89601,5.39793,-54.46593,-8.07394,-17.05568,1.93034,0.44039,71.94473,-8.749622,-3.075586,0.490222,,,,,,,,,,,,8.54819,-3.9313,-1.88045,50,5.45927,0.75085,-113.99332,0.38273,11.16897,22.32867,-37.31065,TEX_BOB,UTR_VAQ,TexasStateUniversity,D1,SBELT,20260324-TexasStateUniversity-1,2bd234f0-27e0-11f1-b396-7fdcd427690d,76.88848,,,6.56234,,,,,,,5d42d121-7b79-486a-9f77-85b5a028b7ae,2026-03-25,00:18:46.65,2026-03-24T19:18:46.6507264-05:00,2026-03-25T00:18:46.6507264Z,,v3,471452,471407,94d7b8dbc2134927a2dd9771b85d27fc,"Gonzalez, Rudy",831171,Right,UTR_VAQ,cd20aab9-811c-4c6c-ba68-a232d3abe77d,55.10651,-114.98922,11.16434,5.40509,2.04685,-18.65532,-1.90282,0.25269,5.58448,,,,,,,,,,,,,,,,,,,,,,,,,,,,,,,,,,,,,,,,,,,,,,,,,,,High,High,High,,,,,,51.055426,29.867167,2007.062227,0.867182,7:45,-0.484057,0.684277,0.545393,70.147787,6.503703,-49.873772,100.84772,-63.0533,0.445064,-0.891428,-0.085285,84.535035,-26.427422,0.891428,-0.445064,0.085285,-84.535035,26.427422,-0.891428,0.445064,0.085285,-100.84772,63.0533,-0.445064,0.891428,-0.085285
122,2026-03-24,19:19:01.18,3,2,"Bonilla, Robert",831213,Right,UTR_VAQ,"Park, Dawson",830892,Right,TEX_BOB,Undefined,4,Bottom,2,0,1,Curveball,Curveball,BallCalled,Undefined,Undefined,Undefined,0,0,,78.68617,2.291571,0.403519,2213.735608,58.763996,8:00,5.33773,1.97115,5.02847,-55.02763,-8.23095,-16.03674,2.91563,1.01553,71.957,-7.65542,-2.431166,0.492356,,,,,,,,,,,,8.03552,-4.26028,-1.99631,50,5.51266,-0.13358,-114.13215,2.5451,10.55238,21.8708,-37.76872,TEX_BOB,UTR_VAQ,TexasStateUniversity,D1,SBELT,20260324-TexasStateUniversity-1,347a1690-27e0-11f1-b396-7fdcd427690d,76.55532,,,6.72917,,,,,,,5d42d121-7b79-486a-9f77-85b5a028b7ae,2026-03-25,00:19:01.18,2026-03-24T19:19:01.1863552-05:00,2026-03-25T00:19:01.1863552Z,,v3,471452,471407,94d7b8dbc2134927a2dd9771b85d27fc,"Gonzalez, Rudy",831171,Right,UTR_VAQ,05c83402-83e3-4928-8f36-7f132b962c4f,55.47578,-115.17668,10.9354,5.34804,4.34889,-18.88436,-1.9779,-0.63756,5.27619,,,,,,,,,,,,,,,,,,,,,,,,,,,,,,,,,,,,,,,,,,,,,,,,,,,High,High,High,,,,,,51.852663,29.060715,1935.038412,0.874105,7:45,-0.461653,0.706291,0.536685,87.604016,0.57717,-64.967415,105.100203,-57.21606,0.522776,-0.840718,-0.141058,80.47548,-31.518675,0.840718,-0.522776,0.141058,-80.47548,31.518675,-0.840718,0.522776,0.141058,-105.100203,57.21606,-0.522776,0.840718,-0.141058
123,2026-03-24,19:19:18.19,3,3,"Bonilla, Robert",831213,Right,UTR_VAQ,"Park, Dawson",830892,Right,TEX_BOB,Undefined,4,Bottom,2,1,1,Curveball,Curveball,BallCalled,Undefined,Undefined,Undefined,0,0,,80.43753,0.143261,-2.672155,2515.237752,66.179356,8:15,5.44013,1.92569,5.55351,-50.30625,-6.19489,-17.23454,1.38196,-2.00929,73.81404,-8.995132,-5.742849,0.478021,,,,,,,,,,,,7.87697,-2.71162,-1.68294,50,5.41955,6.13453,-116.67887,-1.45568,10.75804,23.85667,-35.87747,TEX_BOB,UTR_VAQ,TexasStateUniversity,D1,SBELT,20260324-TexasStateUniversity-1,3ea22f90-27e0-11f1-b396-7fdcd427690d,78.85108,,,6.62349,,,,,,,5d42d121-7b79-486a-9f77-85b5a028b7ae,2026-03-25,00:19:18.19,2026-03-24T19:19:18.1958144-05:00,2026-03-25T00:19:18.1958144Z,,v3,471452,471407,94d7b8dbc2134927a2dd9771b85d27fc,"Gonzalez, Rudy",831171,Right,UTR_VAQ,f93c930e-2988-4d34-8073-61c466a6f336,54.94991,-117.68659,11.92833,5.44903,0.05982,-17.93873,-1.93247,5.68011,5.37902,,,,,,,,,,,,,,,,,,,,,,,,,,,,,,,,,,,,,,,,,,,,,,,,,,,High,High,High,,,,,,49.326924,33.386998,2100.15502,0.834973,7:45,-0.522739,0.634651,0.569176,7.086145,76.025171,31.689954,97.011977,-54.311013,0.579022,-0.812196,-0.071218,84.988807,-35.381768,0.812196,-0.579022,0.071218,-84.988807,35.381768,-0.812196,0.579022,0.071218,-97.011977,54.311013,-0.579022,0.812196,-0.071218
124,2026-03-24,19:19:36.37,3,4,"Bonilla, Robert",831213,Right,UTR_VAQ,"Park, Dawson",830892,Right,TEX_BOB,Undefined,4,Bottom,2,2,1,Sinker,Sinker,StrikeCalled,Undefined,Undefined,Undefined,0,0,,91.45637,-0.457791,-3.736717,2153.054056,267.007171,3:00,5.28841,1.94576,5.92091,-31.50301,1.95685,17.07666,2.2374,-0.10387,83.61922,-6.277171,-0.675034,0.416326,,,,,,,,,,,,-9.7665,1.46937,-1.65564,50,5.23385,7.91985,-132.65608,-2.20598,-17.39124,28.56122,-29.55756,TEX_BOB,UTR_VAQ,TexasStateUniversity,D1,SBELT,20260324-TexasStateUniversity-1,496c2de0-27e0-11f1-b396-7fdcd427690d,90.53591,,,7.83715,,,,,,,5d42d121-7b79-486a-9f77-85b5a028b7ae,2026-03-25,00:19:36.37,2026-03-24T19:19:36.3735552-05:00,2026-03-25T00:19:36.3735552Z,,v3,471452,471407,94d7b8dbc2134927a2dd9771b85d27fc,"Gonzalez, Rudy",831171,Right,UTR_VAQ,e97e5935-1fe1-40f0-8046-8941827e4871,54.58173,-133.6389,14.28061,5.29225,-1.18888,-14.77878,-1.93847,8.5183,-8.69562,,,,,,,,,,,,,,,,,,,,,,,,,,,,,,,,,,,,,,,,,,,,,,,,,,,High,High,High,,,,,,239.488404,44.753528,1528.974164,0.710142,2:00,-0.721159,-0.617412,-0.314217,53.159692,72.756895,25.092446,175.62262,-67.769568,0.028876,-0.92567,-0.377229,67.828125,-1.654724,0.92567,-0.028876,0.377229,-67.828125,1.654724,-0.92567,0.028876,0.377229,-175.62262,67.769568,-0.028876,0.92567,-0.377229
125,2026-03-24,19:19:53.35,3,5,"Bonilla, Robert",831213,Right,UTR_VAQ,"Park, Dawson",830892,Right,TEX_BOB,Undefined,4,Bottom,2,2,2,Curveball,Curveball,FoulBallNotFieldable,Undefined,Undefined,Undefined,0,0,,79.7696,-0.105287,-1.931536,2483.357681,67.170843,8:15,5.32851,1.90368,5.36246,-50.86755,-5.65796,-16.97536,0.99076,-1.32295,73.08341,-9.322472,-4.95063,0.483934,,,,,,,,,,,,7.99209,-2.44221,-1.7174,50,5.28255,4.57401,-115.72415,-1.98755,10.71565,23.87123,-35.44854,TEX_BOB,UTR_VAQ,TexasStateUniversity,D1,SBELT,20260324-TexasStateUniversity-1,538fb300-27e0-11f1-b396-7fdcd427690d,77.88748,,,6.68619,,,,,,,5d42d121-7b79-486a-9f77-85b5a028b7ae,2026-03-25,00:19:53.35,2026-03-24T19:19:53.3507584-05:00,2026-03-25T00:19:53.3507584Z,,v3,471452,471407,94d7b8dbc2134927a2dd9771b85d27fc,"Gonzalez, Rudy",831171,Right,UTR_VAQ,f9a6f391-9dea-4e18-83ca-f0036949caaa,55.14171,-116.77995,11.93562,5.33579,-0.4197,-17.72427,-1.90923,4.10007,5.35782,,,,,,,,,,,,,,,,,,,,,,,,,,,,,,,,,,,,,,,,,,,,,,,,,,,High,High,High,,,,,,50.105965,28.824593,2175.669209,0.8761,7:45,-0.46415,0.671285,0.577877,73.995844,2.76589,-49.412159,97.149987,-56.961545,0.540962,-0.838305,-0.06786,85.372069,-32.749161,0.838305,-0.540962,0.06786,-85.372069,32.749161,-0.838305,0.540962,0.06786,-97.149987,56.961545,-0.540962,0.838305,-0.06786
126,2026-03-24,19:20:18.07,3,6,"Bonilla, Robert",831213,Right,UTR_VAQ,"Park, Dawson",830892,Right,TEX_BOB,Undefined,4,Bottom,2,2,2,Sinker,Sinker,BallCalled,Undefined,Undefined,Undefined,0,0,,88.82991,-1.470994,-5.407463,2033.558373,267.78121,3:00,5.28065,1.74418,6.5038,-33.30451,1.92898,17.48591,1.14879,-1.77669,80.49281,-7.691119,-2.247075,0.427218,,,,,,,,,,,,-10.76981,1.89138,-1.37154,50,5.16344,11.46138,-128.48631,-4.38093,-17.78331,29.66354,-29.05098,TEX_BOB,UTR_VAQ,TexasStateUniversity,D1,SBELT,20260324-TexasStateUniversity-1,62482990-27e0-11f1-b396-7fdcd427690d,88.22769,,,8.33711,,,,,,,5d42d121-7b79-486a-9f77-85b5a028b7ae,2026-03-25,00:20:18.07,2026-03-24T19:20:18.0784640-05:00,2026-03-25T00:20:18.0784640Z,,v3,471452,471407,94d7b8dbc2134927a2dd9771b85d27fc,"Gonzalez, Rudy",831171,Right,UTR_VAQ,791c8cdd-d963-4bb8-b9e4-6e60f9b89d0f,53.99697,-129.40579,14.83177,5.28528,-3.48043,-14.52549,-1.73535,12.01262,-8.89165,,,,,,,,,,,,,,,,,,,,,,,,,,,,,,,,,,,,,,,,,,,,,,,,,,,High,High,High,,,,,,241.555178,39.632774,1566.141923,0.770148,2:00,-0.65208,-0.693325,-0.306746,-88.705055,-22.015172,67.688023,173.150645,69.918535,0.040948,0.939205,-0.340905,70.050513,2.346825,0.939205,0.040948,0.340905,-70.050513,-2.346825,-0.939205,-0.040948,0.340905,-173.150645,-69.918535,-0.040948,-0.939205,-0.340905
127,2026-03-24,19:20:42.93,3,7,"Bonilla, Robert",831213,Right,UTR_VAQ,"Park, Dawson",830892,Right,TEX_BOB,Undefined,4,Bottom,2,3,2,Curveball,Curveball,InPlay,Undefined,FlyBall,HomeRun,0,1,,79.77597,1.087647,-0.082835,2710.607169,59.166146,8:00,5.28313,2.0872,5.22768,-55.23412,-9.75398,-18.92611,1.70294,0.43215,72.72345,-8.919336,-3.44516,0.48538,105.31829,27.973585,-31.809746,2470.40418,91.35975,52.16265,-61.26364,403.67378,335.35333,-39.212936,4.64102,9.51642,-4.88382,-2.06448,50,5.34146,0.92944,-115.7567,0.21715,12.73703,24.34591,-38.7107,TEX_BOB,UTR_VAQ,TexasStateUniversity,D1,SBELT,20260324-TexasStateUniversity-1,711e1330-27e0-11f1-b396-7fdcd427690d,77.65545,76.41319,,7.05252,,,,2.7212,1.96052,-0.46729,5d42d121-7b79-486a-9f77-85b5a028b7ae,2026-03-25,00:20:42.93,2026-03-24T19:20:42.9320704-05:00,2026-03-25T00:20:42.9320704Z,FlyBall,v3,471452,471407,94d7b8dbc2134927a2dd9771b85d27fc,"Gonzalez, Rudy",831171,Right,UTR_VAQ,cd1773ce-2e8d-45b3-a6a2-abde424c12dc,55.27751,-116.86139,12.17295,5.29176,1.97364,-19.35535,-2.09355,0.3515,6.36851,140.434604,2.72109,115.93273,-24.56255,6.28825,-1.38615,0.2979,-0.06207,0.00879,-0.00052,1.96269,72.40444,-19.55684,0.87444,0.21292,-0.16809,0.0501,-0.00682,0.00034,-0.46738,-71.90715,5.6227,-0.51414,0.04991,-0.02944,0.01202,-0.00223,0.00015,,,,,,,,,,,,,,,,,,,,,,,High,High,High,High,Medium,,,,51.471697,26.111307,2433.964601,0.897941,7:45,-0.425894,0.710687,0.559945,68.517786,-1.621594,-52.953491,102.876489,-53.865619,0.574852,-0.807636,-0.13141,80.758391,-35.089284,0.807636,-0.574852,0.13141,-80.758391,35.089284,-0.807636,0.574852,0.13141,-102.876489,53.865619,-0.574852,0.807636,-0.13141
128,2026-03-24,19:21:39.80,4,1,"Bonilla, Robert",831213,Right,UTR_VAQ,"Stewart, Jaquae",806457,Left,TEX_BOB,Undefined,4,Bottom,2,0,0,Sinker,Sinker,FoulBallNotFieldable,Undefined,Undefined,Undefined,0,0,,90.9871,-1.749252,-3.304739,2271.330752,266.115784,2:45,5.395,1.90194,5.71137,-32.14124,2.59929,18.93221,1.0836,0.39724,81.84466,-7.688806,0.081855,0.424219,,,,,,,,,,,,-10.81993,2.25756,-1.63716,50,5.22834,6.77324,-131.69205,-5.20617,-18.59308,33.56819,-28.29462,TEX_BOB,UTR_VAQ,TexasStateUniversity,D1,SBELT,20260324-TexasStateUniversity-1,92f9ad70-27e0-11f1-b396-7fdcd427690d,88.85146,,,9.14244,,,,,,,5d42d121-7b79-486a-9f77-85b5a028b7ae,2026-03-25,00:21:39.80,2026-03-24T19:21:39.8028288-05:00,2026-03-25T00:21:39.8028288Z,,v3,471452,471407,94d7b8dbc2134927a2dd9771b85d27fc,"Gonzalez, Rudy",831171,Right,UTR_VAQ,a6c81b74-78b1-4b0b-bca7-24a18cdb7987,54.79028,-132.90748,16.7841,5.3983,-4.18169,-14.14731,-1.89459,7.44646,-9.29654,,,,,,,,,,,,,,,,,,,,,,,,,,,,,,,,,,,,,,,,,,,,,,,,,,,High,High,High,,,,,,238.136745,40.144657,1736.248692,0.764419,2:00,-0.646825,-0.668607,-0.366855,-87.635559,-23.124498,75.443331,175.179484,-62.702948,0.038539,-0.888641,-0.456982,62.785602,-2.208647,0.888641,-0.038539,0.456982,-62.785602,2.208647,-0.888641,0.038539,0.456982,-175.179484,62.702948,-0.038539,0.888641,-0.456982
129,2026-03-24,19:22:04.90,4,2,"Bonilla, Robert",831213,Right,UTR_VAQ,"Stewart, Jaquae",806457,Left,TEX_BOB,Undefined,4,Bottom,2,0,1,Sinker,Sinker,FoulBallNotFieldable,Undefined,Undefined,Undefined,0,0,,91.8399,-1.069207,-2.743974,2289.525525,260.731685,2:45,5.22026,2.0241,5.54336,-30.15683,4.23851,17.76993,1.70664,0.93841,82.18371,-6.655298,0.424977,0.422106,71.79649,31.205367,-151.352238,3646.155427,-97.86243,29.93382,-50.22879,177.19482,55.39708,-154.085354,2.445357,-9.95107,2.88453,-1.79833,50,5.10772,5.55258,-132.91146,-3.6185,-17.36018,35.05534,-27.14185,TEX_BOB,UTR_VAQ,TexasStateUniversity,D1,SBELT,20260324-TexasStateUniversity-1,a1f21330-27e0-11f1-b396-7fdcd427690d,89.2962,31.00071,,9.65618,,,,1.35785,1.7176,-0.87513,5d42d121-7b79-486a-9f77-85b5a028b7ae,2026-03-25,00:22:04.90,2026-03-24T19:22:04.9028096-05:00,2026-03-25T00:22:04.9028096Z,FlyBall,v3,471452,471407,94d7b8dbc2134927a2dd9771b85d27fc,"Gonzalez, Rudy",831171,Right,UTR_VAQ,dc6e15e3-9565-453a-83ea-9d87c606d2f7,54.95649,-134.21236,17.52767,5.22332,-2.61127,-13.57093,-2.01634,6.19682,-8.68009,21.791666,1.35797,-79.04776,4.21907,0.70175,0.08283,-0.30879,0.2007,-0.05569,0.00572,1.71759,54.55807,-28.86863,3.89468,-0.87867,0.22712,-0.06716,0.0174,-0.00206,-0.87507,-43.18376,6.26682,-0.99047,0.39398,-0.25347,0.12949,-0.03486,0.00364,,,,,,,,,,,,,,,,,,,,,,,High,High,High,High,Low,,,,240.267881,39.08577,1777.136625,0.776203,2:00,-0.635517,-0.685666,-0.354937,-88.895206,-18.89494,63.95126,169.286451,-74.118532,0.050871,-0.96183,-0.268878,74.381743,-2.915947,0.96183,-0.050871,0.268878,-74.381743,2.915947,-0.96183,0.050871,0.268878,-169.286451,74.118532,-0.050871,0.96183,-0.268878
130,2026-03-24,19:22:29.64,4,3,"Bonilla, Robert",831213,Right,UTR_VAQ,"Stewart, Jaquae",806457,Left,TEX_BOB,Undefined,4,Bottom,2,0,2,Curveball,Curveball,HitByPitch,Undefined,Undefined,Undefined,0,0,,79.75724,-1.509508,-3.401471,2816.150536,58.953734,8:00,5.33809,1.94686,5.54544,-53.48499,-7.88611,-15.82615,-0.53256,-2.55466,72.66184,-11.181082,-6.223082,0.486014,,,,,,,,,,,,7.07028,-3.37118,-1.64036,50,5.17068,7.4427,-115.46134,-4.81774,9.29893,26.65039,-36.60785,TEX_BOB,UTR_VAQ,TexasStateUniversity,D1,SBELT,20260324-TexasStateUniversity-1,b0ae8160-27e0-11f1-b396-7fdcd427690d,77.55427,,,7.0954,,,,,,,5d42d121-7b79-486a-9f77-85b5a028b7ae,2026-03-25,00:22:29.64,2026-03-24T19:22:29.6411136-05:00,2026-03-25T00:22:29.6411136Z,,v3,471452,471407,94d7b8dbc2134927a2dd9771b85d27fc,"Gonzalez, Rudy",831171,Right,UTR_VAQ,bcb829bd-bfb1-4e9b-8f29-d89e3e1c8a12,54.96016,-116.60061,13.3252,5.34318,-3.2528,-18.30393,-1.95003,7.04518,4.64947,,,,,,,,,,,,,,,,,,,,,,,,,,,,,,,,,,,,,,,,,,,,,,,,,,,High,High,High,,,,,,49.449118,35.114456,2303.624141,0.818005,7:45,-0.55879,0.606175,0.565955,4.020305,82.820876,30.250889,105.444713,-52.727262,0.58374,-0.795762,-0.161279,78.542912,-35.714025,0.795762,-0.58374,0.161279,-78.542912,35.714025,-0.795762,0.58374,0.161279,-105.444713,52.727262,-0.58374,0.795762,-0.161279
131,2026-03-24,19:23:50.34,5,1,"Bonilla, Robert",831213,Right,UTR_VAQ,"Farris, Ethan",815102,Right,TEX_BOB,Undefined,4,Bottom,2,0,0,Sinker,Sinker,FoulBallNotFieldable,Undefined,Undefined,Undefined,0,0,,91.0029,-1.61473,-3.966999,2298.604597,262.339482,2:45,5.36607,1.93866,5.90912,-30.47931,3.40232,17.16588,1.32329,-0.31904,83.25429,-7.241238,-0.889615,0.418942,,,,,,,,,,,,-9.95367,2.51567,-1.62963,50,5.21858,8.4184,-131.9117,-4.81332,-17.50439,28.56761,-27.75003,TEX_BOB,UTR_VAQ,TexasStateUniversity,D1,SBELT,20260324-TexasStateUniversity-1,e0cc9ee0-27e0-11f1-b396-7fdcd427690d,89.97064,,,7.74861,,,,,,,5d42d121-7b79-486a-9f77-85b5a028b7ae,2026-03-25,00:23:50.34,2026-03-24T19:23:50.3429120-05:00,2026-03-25T00:23:50.3429120Z,,v3,471452,471407,94d7b8dbc2134927a2dd9771b85d27fc,"Gonzalez, Rudy",831171,Right,UTR_VAQ,abfe4ccc-5a67-4aee-8956-5db564669d93,54.59419,-132.90292,14.28381,5.36889,-3.85047,-13.87502,-1.93226,9.02576,-8.7522,,,,,,,,,,,,,,,,,,,,,,,,,,,,,,,,,,,,,,,,,,,,,,,,,,,High,High,High,,,,,,235.111344,44.212823,1647.535342,0.716755,1:45,-0.707214,-0.607345,-0.361913,-94.541936,-20.727545,62.754751,179.193495,-69.380118,0.004957,-0.935937,-0.352132,69.381989,-0.284016,0.935937,-0.004957,0.352132,-69.381989,0.284016,-0.935937,0.004957,0.352132,-179.193495,69.380118,-0.004957,0.935937,-0.352132
132,2026-03-24,19:24:11.33,5,2,"Bonilla, Robert",831213,Right,UTR_VAQ,"Farris, Ethan",815102,Right,TEX_BOB,Undefined,4,Bottom,2,0,1,Sinker,Sinker,StrikeSwinging,Undefined,Undefined,Undefined,0,0,,90.73153,-1.00029,-4.743235,2270.794997,272.387289,3:00,5.39185,1.73587,6.2765,-33.66722,0.46067,18.92284,1.6609,-1.06964,81.83745,-7.270496,-1.332135,0.420461,,,,,,,,,,,,-11.31583,0.96193,-1.39317,50,5.30181,10.10009,-131.30805,-3.45348,-19.42709,32.12835,-30.52263,TEX_BOB,UTR_VAQ,TexasStateUniversity,D1,SBELT,20260324-TexasStateUniversity-1,ed4f22a0-27e0-11f1-b396-7fdcd427690d,89.64543,,,8.89408,,,,,,,5d42d121-7b79-486a-9f77-85b5a028b7ae,2026-03-25,00:24:11.33,2026-03-24T19:24:11.3397760-05:00,2026-03-25T00:24:11.3397760Z,,v3,471452,471407,94d7b8dbc2134927a2dd9771b85d27fc,"Gonzalez, Rudy",831171,Right,UTR_VAQ,956d21bb-c990-43d7-a33b-6b4cf167a5c5,54.22451,-132.33766,16.06418,5.3968,-2.47532,-15.26132,-1.72682,10.72266,-9.71355,,,,,,,,,,,,,,,,,,,,,,,,,,,,,,,,,,,,,,,,,,,,,,,,,,,High,High,High,,,,,,238.682655,38.389471,1779.866365,0.783808,2:00,-0.640822,-0.680347,-0.355634,60.809038,71.9303,36.459711,171.00292,-70.188715,0.053002,-0.940814,-0.334753,70.413814,-3.038227,0.940814,-0.053002,0.334753,-70.413814,3.038227,-0.940814,0.053002,0.334753,-171.00292,70.188715,-0.053002,0.940814,-0.334753
133,2026-03-24,19:24:31.90,5,3,"Bonilla, Robert",831213,Right,UTR_VAQ,"Farris, Ethan",815102,Right,TEX_BOB,Undefined,4,Bottom,2,0,2,Sinker,Sinker,InPlay,Undefined,LineDrive,Double,0,1,,91.27065,-1.753687,-4.11832,2278.823925,251.628442,2:30,5.31519,1.7739,6.09084,-26.75387,7.04386,17.59351,1.45873,-0.57624,82.60867,-6.754169,-0.955743,0.418423,101.11238,14.21399,5.42993,2430.193468,109.03453,23.64068,14.53637,308.47796,308.47796,11.104989,2.984098,-10.36142,4.53252,-1.4649,50,5.16553,8.76824,-132.15485,-4.95598,-18.10053,31.37365,-24.25614,TEX_BOB,UTR_VAQ,TexasStateUniversity,D1,SBELT,20260324-TexasStateUniversity-1,f98e5bd0-27e0-11f1-b396-7fdcd427690d,90.08221,28.0976,,8.66198,,,,1.08199,1.59936,0.57222,5d42d121-7b79-486a-9f77-85b5a028b7ae,2026-03-25,00:24:31.90,2026-03-24T19:24:31.9044608-05:00,2026-03-25T00:24:31.9044608Z,LineDrive,v3,471452,471407,94d7b8dbc2134927a2dd9771b85d27fc,"Gonzalez, Rudy",831171,Right,UTR_VAQ,aaf92242-09ab-4b27-bd9b-550c0c6a7911,54.41047,-133.19778,15.68682,5.31688,-4.14965,-12.12807,-1.76638,9.36994,-9.05027,212.24428,1.08205,143.11138,-24.23982,5.55098,-1.20977,0.28964,-0.06637,0.01031,-0.00073,1.59914,36.41973,-12.38665,-0.32712,0.31749,-0.17054,0.06006,-0.01166,0.00096,0.57216,13.60545,3.87745,-1.12348,0.3228,-0.0972,0.02568,-0.00442,0.00034,,,,,,,,,,,,,,,,,,,,,,,High,High,High,High,High,,,,235.405059,43.020136,1666.080026,0.731114,1:45,-0.691616,-0.62244,-0.366382,-90.865461,-15.508194,66.450483,162.654996,-66.088206,0.120839,-0.914171,-0.386898,67.060791,-6.940516,0.914171,-0.120839,0.386898,-67.060791,6.940516,-0.914171,0.120839,0.386898,-162.654996,66.088206,-0.120839,0.914171,-0.386898
134,2026-03-24,19:25:28.78,6,1,"Bonilla, Robert",831213,Right,UTR_VAQ,"Namken, Clayton",10125205,Right,TEX_BOB,Undefined,4,Bottom,2,0,0,Curveball,Curveball,StrikeCalled,Undefined,Undefined,Undefined,0,0,,79.00421,1.232884,-0.791217,2652.992958,68.583165,8:15,5.54877,1.85319,4.88309,-53.16401,-6.023,-19.53914,2.2852,-0.52372,71.75585,-8.366432,-4.235775,0.494164,,,,,,,,,,,,9.34497,-2.85504,-1.75818,50,5.62505,2.41553,-114.47297,0.48321,12.20801,24.18442,-35.9038,TEX_BOB,UTR_VAQ,TexasStateUniversity,D1,SBELT,20260324-TexasStateUniversity-1,1b812790-27e1-11f1-b396-7fdcd427690d,76.27518,,,7.24836,,,,,,,5d42d121-7b79-486a-9f77-85b5a028b7ae,2026-03-25,00:25:28.78,2026-03-24T19:25:28.7836672-05:00,2026-03-25T00:25:28.7836672Z,,v3,471452,471407,94d7b8dbc2134927a2dd9771b85d27fc,"Gonzalez, Rudy",831171,Right,UTR_VAQ,c9084125-d9cd-43e5-bc83-b7a54e572b6c,55.61941,-115.65408,12.09221,5.55863,2.23666,-17.9519,-1.86159,1.81932,6.10401,,,,,,,,,,,,,,,,,,,,,,,,,,,,,,,,,,,,,,,,,,,,,,,,,,,High,High,High,,,,,,46.514305,33.126966,2221.779741,0.837462,7:30,-0.525287,0.619235,0.583628,35.766526,74.905701,56.823398,106.673179,-58.300002,0.503379,-0.850811,-0.150764,79.951466,-30.223817,0.850811,-0.503379,0.150764,-79.951466,30.223817,-0.850811,0.503379,0.150764,-106.673179,58.300002,-0.503379,0.850811,-0.150764
135,2026-03-24,19:25:47.21,6,2,"Bonilla, Robert",831213,Right,UTR_VAQ,"Namken, Clayton",10125205,Right,TEX_BOB,Undefined,4,Bottom,2,0,1,Curveball,Curveball,FoulBallNotFieldable,Undefined,Undefined,Undefined,0,0,,78.22755,0.531696,-1.214083,2769.128631,57.543317,8:00,5.44624,1.88883,4.9181,-59.28169,-10.83989,-19.87332,1.00896,-0.9154,70.79288,-10.141535,-4.724726,0.500935,,,,,,,,,,,,9.48501,-5.16536,-1.75255,50,5.44817,3.21578,-113.29238,-1.11265,12.00886,25.68498,-38.71385,TEX_BOB,UTR_VAQ,TexasStateUniversity,D1,SBELT,20260324-TexasStateUniversity-1,26773ef0-27e1-11f1-b396-7fdcd427690d,75.24416,,,7.43467,,,,,,,5d42d121-7b79-486a-9f77-85b5a028b7ae,2026-03-25,00:25:47.21,2026-03-24T19:25:47.2103936-05:00,2026-03-25T00:25:47.2103936Z,,v3,471452,471407,94d7b8dbc2134927a2dd9771b85d27fc,"Gonzalez, Rudy",831171,Right,UTR_VAQ,5e9d16de-e32b-47e1-a3e5-1731d87bbacb,55.58596,-114.5518,12.84249,5.45619,0.78561,-19.35693,-1.89579,2.62695,6.00443,,,,,,,,,,,,,,,,,,,,,,,,,,,,,,,,,,,,,,,,,,,,,,,,,,,High,High,High,,,,,,47.555714,25.71706,2494.840502,0.900948,7:30,-0.41476,0.668838,0.616952,84.756778,5.671528,-63.503089,102.937921,-57.225406,0.527593,-0.840807,-0.121202,81.797309,-31.842946,0.840807,-0.527593,0.121202,-81.797309,31.842946,-0.840807,0.527593,0.121202,-102.937921,57.225406,-0.527593,0.840807,-0.121202
136,2026-03-24,19:26:09.61,6,3,"Bonilla, Robert",831213,Right,UTR_VAQ,"Namken, Clayton",10125205,Right,TEX_BOB,Undefined,4,Bottom,2,0,2,Curveball,Curveball,BallCalled,Undefined,Undefined,Undefined,0,0,,79.60674,0.570497,-2.701452,2751.904491,56.241792,7:45,5.5928,1.7195,5.58967,-54.33755,-9.25107,-16.05418,1.59802,-2.14284,72.90057,-9.303671,-5.564823,0.483275,,,,,,,,,,,,7.3087,-4.45642,-1.47662,50,5.60634,6.0719,-115.46744,-0.70672,9.74562,23.97682,-38.11634,TEX_BOB,UTR_VAQ,TexasStateUniversity,D1,SBELT,20260324-TexasStateUniversity-1,33d3f610-27e1-11f1-b396-7fdcd427690d,77.99372,,,6.70617,,,,,,,5d42d121-7b79-486a-9f77-85b5a028b7ae,2026-03-25,00:26:09.61,2026-03-24T19:26:09.6193536-05:00,2026-03-25T00:26:09.6193536Z,,v3,471452,471407,94d7b8dbc2134927a2dd9771b85d27fc,"Gonzalez, Rudy",831171,Right,UTR_VAQ,77fbc718-c4d1-4806-8ba7-ba855c39abb5,54.91478,-116.48352,11.98841,5.60207,0.90856,-19.05817,-1.72518,5.6589,4.87281,,,,,,,,,,,,,,,,,,,,,,,,,,,,,,,,,,,,,,,,,,,,,,,,,,,High,High,High,,,,,,44.647525,28.313268,2422.687394,0.880368,7:30,-0.438068,0.623364,0.647698,79.511612,4.261387,-56.521875,102.605266,-53.892318,0.575101,-0.807911,-0.128606,80.95537,-35.106671,0.807911,-0.575101,0.128606,-80.95537,35.106671,-0.807911,0.575101,0.128606,-102.605266,53.892318,-0.575101,0.807911,-0.128606
137,2026-03-24,19:26:49.25,6,4,"Bonilla, Robert",831213,Right,UTR_VAQ,"Namken, Clayton",10125205,Right,TEX_BOB,Undefined,4,Bottom,2,1,2,Sinker,Sinker,BallCalled,Undefined,Undefined,Undefined,0,0,,87.99234,-2.879925,-6.405973,2082.525344,262.035729,2:45,5.35888,1.73053,6.2234,-33.41238,3.77453,15.91056,-0.10187,-2.87942,78.44007,-9.108495,-3.553176,0.438901,,,,,,,,,,,,-10.70056,3.43571,-1.25724,50,5.12552,13.58388,-126.65343,-7.48685,-16.81913,33.656,-26.77379,TEX_BOB,UTR_VAQ,TexasStateUniversity,D1,SBELT,20260324-TexasStateUniversity-1,4b6940f0-27e1-11f1-b396-7fdcd427690d,85.87918,,,9.55227,,,,,,,5d42d121-7b79-486a-9f77-85b5a028b7ae,2026-03-25,00:26:49.25,2026-03-24T19:26:49.2515328-05:00,2026-03-25T00:26:49.2515328Z,,v3,471452,471407,94d7b8dbc2134927a2dd9771b85d27fc,"Gonzalez, Rudy",831171,Right,UTR_VAQ,b4de62eb-d48c-430f-9591-5a791131ccfb,54.27667,-127.78483,16.828,5.36207,-6.58681,-13.3869,-1.72339,14.14928,-8.40957,,,,,,,,,,,,,,,,,,,,,,,,,,,,,,,,,,,,,,,,,,,,,,,,,,,High,High,High,,,,,,242.660901,40.068865,1593.696892,0.765271,2:00,-0.644152,-0.711277,-0.281342,-74.610188,-18.151704,67.146328,167.287368,-71.486395,0.069876,-0.948248,-0.309746,71.91034,-4.006866,0.948248,-0.069876,0.309746,-71.91034,4.006866,-0.948248,0.069876,0.309746,-167.287368,71.486395,-0.069876,0.948248,-0.309746
138,2026-03-24,19:27:15.90,6,5,"Bonilla, Robert",831213,Right,UTR_VAQ,"Namken, Clayton",10125205,Right,TEX_BOB,Undefined,4,Bottom,2,2,2,Curveball,Curveball,StrikeSwinging,Strikeout,Undefined,Undefined,0,0,,79.16659,0.373943,-1.949878,2780.809935,60.586728,8:00,5.37409,1.9685,5.2137,-55.05196,-8.42682,-17.91477,1.13829,-1.35871,71.86182,-9.590709,-5.127442,0.491452,,,,,,,,,,,,8.3043,-3.88032,-1.77411,50,5.36724,4.63409,-114.697,-1.2175,10.82423,25.47122,-37.23187,TEX_BOB,UTR_VAQ,TexasStateUniversity,D1,SBELT,20260324-TexasStateUniversity-1,5b5db9f0-27e1-11f1-b396-7fdcd427690d,76.696,,,7.30476,,,,,,,5d42d121-7b79-486a-9f77-85b5a028b7ae,2026-03-25,00:27:15.90,2026-03-24T19:27:15.9078912-05:00,2026-03-25T00:27:15.9078912Z,,v3,471452,471407,94d7b8dbc2134927a2dd9771b85d27fc,"Gonzalez, Rudy",831171,Right,UTR_VAQ,3f788229-73e0-4f87-8988-cde6709b42c4,55.2893,-115.86567,12.73561,5.38391,0.49076,-18.61593,-1.97533,4.13746,5.41212,,,,,,,,,,,,,,,,,,,,,,,,,,,,,,,,,,,,,,,,,,,,,,,,,,,High,High,High,,,,,,49.073302,32.042274,2357.172669,0.847657,7:45,-0.507155,0.643895,0.572882,92.221532,2.360076,-57.928762,97.027766,-56.929535,0.54157,-0.838,-0.066763,85.444905,-32.790609,0.838,-0.54157,0.066763,-85.444905,32.790609,-0.838,0.54157,0.066763,-97.027766,56.929535,-0.54157,0.838,-0.066763
139,2026-03-24,19:29:37.51,1,1,"Smith, Cade",1000304888,Right,TEX_BOB,"Williams, Thomas",1000123122,Left,UTR_VAQ,Undefined,5,Top,0,0,0,Fastball,Sinker,BallCalled,Undefined,Undefined,Undefined,0,0,,90.61995,-0.612878,-3.410396,2246.715818,255.295083,2:30,5.10815,2.84829,4.98233,-29.22376,6.63441,20.21296,2.09298,1.30809,81.49855,-5.979329,0.152493,0.430989,,,,,,,,,,,,-11.03816,3.87288,-2.53615,50,5.02555,6.81827,-131.03664,-2.5699,-18.88625,31.80495,-25.54757,TEX_BOB,UTR_VAQ,TexasStateUniversity,D1,SBELT,20260324-TexasStateUniversity-1,afeb3bf0-27e1-11f1-b396-7fdcd427690d,87.45579,,,9.1214,,,,,,,5d42d121-7b79-486a-9f77-85b5a028b7ae,2026-03-25,00:29:37.51,2026-03-24T19:29:37.5189504-05:00,2026-03-25T00:29:37.5189504Z,,v3,471452,471407,94d7b8dbc2134927a2dd9771b85d27fc,"Namken, Clayton",10125205,Right,TEX_BOB,a109587f-97d7-413e-b2bd-d14897325766,55.51709,-132.36896,15.90247,5.11079,-1.4997,-12.77379,-2.83834,7.60942,-9.44312,,,,,,,,,,,,,,,,,,,,,,,,,,,,,,,,,,,,,,,,,,,,,,,,,,,High,High,High,,,,,,254.561945,-9.035187,2218.838754,0.987592,2:30,0.15128,-0.950224,-0.272375,-41.125659,-38.824772,-14.201633,172.247285,-21.696595,0.125341,-0.369692,-0.920662,21.877921,-7.200448,0.369692,-0.125341,0.920662,-21.877921,7.200448,-0.369692,0.125341,0.920662,-172.247285,21.696595,-0.125341,0.369692,-0.920662
140,2026-03-24,19:29:51.57,1,2,"Smith, Cade",1000304888,Right,TEX_BOB,"Williams, Thomas",1000123122,Left,UTR_VAQ,Undefined,5,Top,0,1,0,ChangeUp,Changeup,StrikeCalled,Undefined,Undefined,Undefined,0,0,,82.39042,0.690107,-2.809259,1481.636962,287.465322,3:30,4.96313,2.85635,5.26385,-45.80125,-2.96142,14.338,1.79552,1.40979,74.44613,-7.667078,-0.26546,0.471081,,,,,,,,,,,,-8.02311,-1.1948,-2.6098,50,4.9929,5.23267,-119.28977,-0.25143,-11.3786,26.32166,-33.86854,TEX_BOB,UTR_VAQ,TexasStateUniversity,D1,SBELT,20260324-TexasStateUniversity-1,b81c3fe0-27e1-11f1-b396-7fdcd427690d,80.0127,,,7.94429,,,,,,,5d42d121-7b79-486a-9f77-85b5a028b7ae,2026-03-25,00:29:51.57,2026-03-24T19:29:51.5793920-05:00,2026-03-25T00:29:51.5793920Z,,v3,471452,471407,94d7b8dbc2134927a2dd9771b85d27fc,"Namken, Clayton",10125205,Right,TEX_BOB,2250bf02-b6e3-4113-8d3d-12ff98f6ba4c,55.2365,-120.43968,13.16083,4.97156,1.22818,-16.93427,-2.84925,5.72976,-5.6893,,,,,,,,,,,,,,,,,,,,,,,,,,,,,,,,,,,,,,,,,,,,,,,,,,,High,High,High,,,,,,265.639089,-3.46799,1478.923713,0.998169,2:45,0.044721,-0.995935,-0.078185,-53.448018,-15.892009,-4.95961,173.077717,-29.952132,0.104426,-0.499276,-0.860127,30.1338,-5.99411,0.499276,-0.104426,0.860127,-30.1338,5.99411,-0.499276,0.104426,0.860127,-173.077717,29.952132,-0.104426,0.499276,-0.860127
141,2026-03-24,19:30:07.07,1,3,"Smith, Cade",1000304888,Right,TEX_BOB,"Williams, Thomas",1000123122,Left,UTR_VAQ,Undefined,5,Top,0,1,1,Fastball,Sinker,FoulBallNotFieldable,Undefined,Undefined,Undefined,0,0,,90.54882,-0.978573,-4.572358,2272.604107,253.099738,2:30,5.09946,2.65886,5.04979,-28.28139,7.55914,20.54387,1.81662,0.0489,81.56205,-6.177733,-0.954252,0.430882,84.20525,38.117384,-47.269803,4459.579084,68.06092,65.89005,-86.41572,291.28532,177.70393,-60.162127,4.356045,-11.73158,4.41335,-2.23987,50,4.98366,9.49667,-130.82389,-3.34312,-20.03981,31.29477,-24.63522,TEX_BOB,UTR_VAQ,TexasStateUniversity,D1,SBELT,20260324-TexasStateUniversity-1,c152f400-27e1-11f1-b396-7fdcd427690d,87.47736,74.95896,,8.98677,,,,1.5474,1.93797,0.00303,5d42d121-7b79-486a-9f77-85b5a028b7ae,2026-03-25,00:30:07.07,2026-03-24T19:30:07.0778880-05:00,2026-03-25T00:30:07.0778880Z,FlyBall,v3,471452,471407,94d7b8dbc2134927a2dd9771b85d27fc,"Namken, Clayton",10125205,Right,TEX_BOB,71c840c5-7693-414d-862d-e5fb316c4bc9,55.45219,-132.12169,15.64739,5.10112,-2.3215,-12.31761,-2.65093,10.32773,-10.01991,130.096979,1.55252,65.81346,-14.29753,2.28295,0.40569,-0.45781,0.14664,-0.0226,0.0014,1.93977,76.18602,-23.07717,1.95957,-0.02228,-0.1667,0.06412,-0.01041,0.00064,0.00286,-71.36747,4.25889,-0.42026,0.12227,-0.07486,0.0274,-0.00478,0.00031,,,,,,,,,,,,,,,,,,,,,,,High,High,High,High,Low,,,,252.671383,-3.358286,2268.701458,0.998283,2:30,0.050905,-0.951833,-0.302361,-46.794884,-43.474691,-15.88448,179.017698,-17.590244,0.016342,-0.302208,-0.953102,17.59267,-0.936367,0.302208,-0.016342,0.953102,-17.59267,0.936367,-0.302208,0.016342,0.953102,-179.017698,17.590244,-0.016342,0.302208,-0.953102
142,2026-03-24,19:30:25.82,1,4,"Smith, Cade",1000304888,Right,TEX_BOB,"Williams, Thomas",1000123122,Left,UTR_VAQ,Undefined,5,Top,0,1,2,Slider,Slider,FoulBallNotFieldable,Undefined,Undefined,Undefined,0,0,,79.47347,0.98717,-3.824569,2269.383793,113.816722,9:45,5.08249,3.18254,5.21269,-42.15313,4.21012,-5.72,2.50021,-0.89605,71.69312,-6.730763,-4.833787,0.49007,87.94056,36.032601,48.510869,3428.285386,65.56557,61.85974,88.32414,293.2095,163.40542,63.197389,4.152599,1.59902,2.21488,-2.82387,50,5.14247,7.91185,-114.87715,0.54008,2.09688,24.98873,-29.26958,TEX_BOB,UTR_VAQ,TexasStateUniversity,D1,SBELT,20260324-TexasStateUniversity-1,cc93a8f0-27e1-11f1-b396-7fdcd427690d,76.9123,71.74165,,7.78035,,,,2.72094,2.6382,1.18078,5d42d121-7b79-486a-9f77-85b5a028b7ae,2026-03-25,00:30:25.82,2026-03-24T19:30:25.8285568-05:00,2026-03-25T00:30:25.8285568Z,FlyBall,v3,471452,471407,94d7b8dbc2134927a2dd9771b85d27fc,"Namken, Clayton",10125205,Right,TEX_BOB,3162ee20-38db-49e0-a7d7-fa6267e6d7a9,55.28745,-116.0216,12.49436,5.08703,1.88059,-14.63479,-3.18403,7.81581,1.04844,,2.72181,69.07675,-17.45149,3.98145,-0.73374,0.05686,0.01238,-0.0045,0.00044,2.63941,75.83857,-24.33865,2.33508,-0.15133,-0.12091,0.05219,-0.00864,0.00052,1.18093,78.13095,-4.18006,0.02149,0.05209,0.02565,-0.02193,0.00525,-0.00045,,,,,,,,,,,,,,,,,,,,,,,High,High,High,Medium,Low,,,,122.478394,87.789367,87.537503,0.038573,10:00,-0.997705,0.049751,0.045938,-33.317045,63.587357,-4.28461,146.891331,-27.355888,0.485144,-0.459516,-0.743963,31.701971,-29.021883,0.459516,-0.485144,0.743963,-31.701971,29.021883,-0.459516,0.485144,0.743963,-146.891331,27.355888,-0.485144,0.459516,-0.743963
143,2026-03-24,19:30:47.08,1,5,"Smith, Cade",1000304888,Right,TEX_BOB,"Williams, Thomas",1000123122,Left,UTR_VAQ,Undefined,5,Top,0,1,2,ChangeUp,Changeup,FoulBallNotFieldable,Undefined,Undefined,Undefined,0,0,,83.12981,0.936629,-3.374812,1653.301658,257.059716,2:30,5.07478,2.86354,5.32851,-36.52986,4.70118,14.98209,2.91114,0.94158,76.25005,-5.747137,-0.718961,0.462151,71.9974,27.749465,-154.036906,3005.259706,-99.09995,29.02131,-47.74088,195.68773,56.3697,-155.801655,2.4428,-8.43733,2.46776,-2.56939,50,5.13318,6.4843,-120.55331,0.67683,-12.46763,22.53569,-28.52749,TEX_BOB,UTR_VAQ,TexasStateUniversity,D1,SBELT,20260324-TexasStateUniversity-1,d93833a0-27e1-11f1-b396-7fdcd427690d,81.55876,29.33341,,6.87975,,,,0.35315,2.78703,-0.94415,5d42d121-7b79-486a-9f77-85b5a028b7ae,2026-03-25,00:30:47.08,2026-03-24T19:30:47.0818816-05:00,2026-03-25T00:30:47.0818816Z,FlyBall,v3,471452,471407,94d7b8dbc2134927a2dd9771b85d27fc,"Namken, Clayton",10125205,Right,TEX_BOB,5b244b5f-072d-4596-8e5d-d78e8520be46,55.17469,-121.51679,11.26784,5.07817,1.89648,-14.26374,-2.85802,7.01733,-6.23382,8.28988,0.35311,-84.01858,4.34012,0.09584,0.00493,-0.12772,0.11574,-0.03996,0.00487,2.78714,49.15907,-25.23954,2.53102,-0.14273,-0.19493,0.1038,-0.0216,0.00161,-0.94414,-40.91437,2.73699,0.31647,0.16065,-0.2545,0.15995,-0.04744,0.00535,,,,,,,,,,,,,,,,,,,,,,,High,High,High,High,Low,,,,257.581555,-17.895519,1573.312341,0.951618,2:30,0.279496,-0.934252,-0.221483,-49.978088,-19.344608,-11.645391,157.812568,-15.956667,0.363087,-0.27491,-0.890276,17.160272,-21.289917,0.27491,-0.363087,0.890276,-17.160272,21.289917,-0.27491,0.363087,0.890276,-157.812568,15.956667,-0.363087,0.27491,-0.890276
144,2026-03-24,19:31:04.55,1,6,"Smith, Cade",1000304888,Right,TEX_BOB,"Williams, Thomas",1000123122,Left,UTR_VAQ,Undefined,5,Top,0,1,2,Fastball,Sinker,FoulBallNotFieldable,Undefined,Undefined,Undefined,0,0,,91.84053,-1.134297,-3.925622,2397.535152,253.449361,2:30,5.01162,2.69141,4.87775,-26.89986,8.16674,23.0969,1.694,0.89579,82.6103,-6.074999,0.135059,0.426205,95.08962,24.078487,-37.848622,3558.464365,82.59611,40.77787,-72.64856,317.47456,239.02293,-45.820702,3.680954,-12.6654,4.75296,-2.32583,50,4.87759,7.96907,-132.72543,-3.71797,-22.24164,32.52487,-23.82744,TEX_BOB,UTR_VAQ,TexasStateUniversity,D1,SBELT,20260324-TexasStateUniversity-1,e3989ab0-27e1-11f1-b396-7fdcd427690d,88.43742,48.54347,,9.23024,,,,0.90879,2.02529,-0.96998,5d42d121-7b79-486a-9f77-85b5a028b7ae,2026-03-25,00:31:04.55,2026-03-24T19:31:04.5587456-05:00,2026-03-25T00:31:04.5587456Z,LineDrive,v3,471452,471407,94d7b8dbc2134927a2dd9771b85d27fc,"Namken, Clayton",10125205,Right,TEX_BOB,e22198c4-e0ee-4a2d-a9cc-1a68956518a8,55.62339,-134.09638,16.26243,5.01314,-2.71362,-11.91372,-2.68149,8.90657,-11.12082,,0.90827,100.56044,-24.01496,7.12563,-1.99656,0.5738,-0.14577,0.0236,-0.00162,2.02608,56.87558,-18.71055,0.41064,0.54807,-0.31264,0.0933,-0.01366,0.00075,-0.96979,-78.13309,6.62584,-0.56884,-0.03411,-0.00713,0.01513,-0.00448,0.00041,,,,,,,,,,,,,,,,,,,,,,,High,High,High,Medium,Medium,,,,253.500671,-10.200709,2359.638311,0.984193,2:30,0.176148,-0.939977,-0.29226,-58.704959,-33.267628,-0.090814,179.306467,11.31616,0.011869,0.196223,-0.980488,11.316968,0.68005,0.196223,0.011869,0.980488,-11.316968,-0.68005,-0.196223,-0.011869,0.980488,-179.306467,-11.31616,-0.011869,-0.196223,-0.980488
145,2026-03-24,19:31:36.94,1,7,"Smith, Cade",1000304888,Right,TEX_BOB,"Williams, Thomas",1000123122,Left,UTR_VAQ,Undefined,5,Top,0,1,2,Sweeper,Slider,FoulBallNotFieldable,Undefined,Undefined,Undefined,0,0,,79.53072,-0.376726,-2.557555,2246.14808,113.244785,9:45,5.08398,3.09048,4.87838,-42.35853,3.75169,-5.26595,1.19728,0.23003,72.90254,-8.03376,-3.484408,0.488731,74.6504,63.558104,-68.309939,5231.053248,,,,,57.36194,,,1.87957,2.35374,-2.83419,50,5.01106,5.36627,-115.24314,-2.28948,2.5177,22.20706,-29.02114,TEX_BOB,UTR_VAQ,TexasStateUniversity,D1,SBELT,20260324-TexasStateUniversity-1,f6fe45a0-27e1-11f1-b396-7fdcd427690d,77.12307,81.01877,,6.62818,,,,2.36345,0.7781,-0.04654,5d42d121-7b79-486a-9f77-85b5a028b7ae,2026-03-25,00:31:36.94,2026-03-24T19:31:36.9468416-05:00,2026-03-25T00:31:36.9468416Z,,v3,471452,471407,94d7b8dbc2134927a2dd9771b85d27fc,"Namken, Clayton",10125205,Right,TEX_BOB,23356033-763a-42e5-a2cf-6c5a1fc0b14b,55.62377,-116.32178,11.10353,5.08803,-0.87987,-14.51057,-3.09186,5.24398,1.25885,147.575781,2.36345,18.01859,-11.38649,3.97958,-1.0691,0.25747,-0.05818,0.0103,-0.00097,0.7781,98.03323,-31.7171,4.38659,-0.81271,0.12517,-0.01842,0.0019,-0.0001,-0.04654,-45.3016,-0.79683,1.92551,-0.73854,0.21903,-0.05515,0.0108,-0.00102,,,,,,,,,,,,,,,,,,,,,,,High,High,High,Medium,Undefined,,,,102.033281,86.228141,147.760206,0.065784,9:30,-0.997853,0.057776,0.030843,-11.763526,58.008956,16.96952,142.9361,-29.858275,0.522702,-0.497856,-0.692042,35.731321,-31.513668,0.497856,-0.522702,0.692042,-35.731321,31.513668,-0.497856,0.522702,0.692042,-142.9361,29.858275,-0.522702,0.497856,-0.692042
146,2026-03-24,19:32:00.29,1,8,"Smith, Cade",1000304888,Right,TEX_BOB,"Williams, Thomas",1000123122,Left,UTR_VAQ,Undefined,5,Top,0,1,2,ChangeUp,Changeup,BallCalled,Undefined,Undefined,Undefined,0,0,,82.09886,0.802734,-2.22251,1639.884945,265.455093,2:45,5.0122,2.91997,5.36608,-39.62376,2.84311,18.2854,2.46357,2.35865,74.87006,-6.45744,1.027403,0.469026,,,,,,,,,,,,-9.77733,1.63209,-2.73367,50,5.05634,3.85117,-119.08133,0.26743,-13.97972,23.77409,-29.84047,TEX_BOB,UTR_VAQ,TexasStateUniversity,D1,SBELT,20260324-TexasStateUniversity-1,04d97b90-27e2-11f1-b396-7fdcd427690d,80.36327,,,7.2288,,,,,,,5d42d121-7b79-486a-9f77-85b5a028b7ae,2026-03-25,00:32:00.29,2026-03-24T19:32:00.2931200-05:00,2026-03-25T00:32:00.2931200Z,,v3,471452,471407,94d7b8dbc2134927a2dd9771b85d27fc,"Namken, Clayton",10125205,Right,TEX_BOB,1d6c75aa-3f59-4a51-a054-ec9f0f25ff3c,55.13571,-120.10227,11.88705,5.01734,1.54888,-14.92023,-2.91194,4.45151,-6.98986,,,,,,,,,,,,,,,,,,,,,,,,,,,,,,,,,,,,,,,,,,,,,,,,,,,High,High,High,,,,,,263.325621,-12.299465,1602.245588,0.977048,2:45,0.194851,-0.973315,-0.121207,-45.47556,-21.264089,-12.595087,158.198652,-26.854536,0.331338,-0.451727,-0.828347,28.605208,-19.349984,0.451727,-0.331338,0.828347,-28.605208,19.349984,-0.451727,0.331338,0.828347,-158.198652,26.854536,-0.331338,0.451727,-0.828347
147,2026-03-24,19:32:14.97,1,9,"Smith, Cade",1000304888,Right,TEX_BOB,"Williams, Thomas",1000123122,Left,UTR_VAQ,Undefined,5,Top,0,2,2,Fastball,Sinker,StrikeCalled,Strikeout,Undefined,Undefined,0,0,,92.14432,-1.619689,-5.239722,2380.059223,246.164815,2:15,5.08254,2.65014,5.14438,-25.27978,9.18315,17.98068,1.44403,-0.79887,83.23767,-6.279738,-2.07361,0.42252,,,,,,,,,,,,-10.6376,5.41524,-2.17299,50,4.91103,11.34914,-133.01982,-4.75188,-18.85197,31.43701,-22.57715,TEX_BOB,UTR_VAQ,TexasStateUniversity,D1,SBELT,20260324-TexasStateUniversity-1,0d8ecab0-27e2-11f1-b396-7fdcd427690d,89.20864,,,8.90665,,,,,,,5d42d121-7b79-486a-9f77-85b5a028b7ae,2026-03-25,00:32:14.97,2026-03-24T19:32:14.9700000-05:00,2026-03-25T00:32:14.9700000Z,,v3,471452,471407,94d7b8dbc2134927a2dd9771b85d27fc,"Namken, Clayton",10125205,Right,TEX_BOB,6fe0c904-34b0-47ce-8b31-9023cebc8e2c,55.35753,-134.28001,15.71851,5.08338,-3.84685,-11.28858,-2.64308,12.10485,-9.42598,,,,,,,,,,,,,,,,,,,,,,,,,,,,,58.18479,2.774812,1.521101,1.253711,3.27242,1.64541,0.72991,-1.71295,3.4198,3.06272,69.99458,12.34147,-54.84311,-1.70623,60.17735,-2.38201,3.52633,27.67946,-16.45907,2.97115,-52.29631,4.92344,High,High,High,,,High,Medium,High,251.684258,-11.904881,2328.867517,0.978491,2:30,0.203409,-0.922718,-0.327438,-44.907642,-21.167822,-12.697722,164.459091,-16.720155,0.256599,-0.287697,-0.922706,17.31734,-14.86834,0.287697,-0.256599,0.922706,-17.31734,14.86834,-0.287697,0.256599,0.922706,-164.459091,16.720155,-0.256599,0.287697,-0.922706
148,2026-03-24,19:32:49.32,2,1,"Smith, Cade",1000304888,Right,TEX_BOB,"Raygoza, Armani",831193,Left,UTR_VAQ,Undefined,5,Top,1,0,0,Fastball,Sinker,StrikeCalled,Undefined,Undefined,Undefined,0,0,,92.12071,-0.90324,-4.325129,2362.016662,263.993362,2:45,5.04994,2.72482,5.15624,-30.84628,3.29185,20.41529,1.62663,0.34679,83.83096,-6.533922,-0.719596,0.420524,,,,,,,,,,,,-11.42851,2.23354,-2.33644,50,4.94166,9.10814,-133.30936,-3.35543,-20.47769,29.80724,-28.17199,TEX_BOB,UTR_VAQ,TexasStateUniversity,D1,SBELT,20260324-TexasStateUniversity-1,220b63e0-27e2-11f1-b396-7fdcd427690d,89.632,,,8.28975,,,,,,,5d42d121-7b79-486a-9f77-85b5a028b7ae,2026-03-25,00:32:49.32,2026-03-24T19:32:49.3241344-05:00,2026-03-25T00:32:49.3241344Z,,v3,471452,471407,94d7b8dbc2134927a2dd9771b85d27fc,"Namken, Clayton",10125205,Right,TEX_BOB,39a0684e-9489-4344-8c58-ec0fa66081fe,55.34648,-134.49949,14.90362,5.05318,-2.23059,-14.08599,-2.71643,9.92577,-10.23885,,,,,,,,,,,,,,,,,,,,,,,,,,,,,,,,,,,,,,,,,,,,,,,,,,,High,High,High,,,,,,252.88573,-10.394856,2323.250477,0.983588,2:30,0.172842,-0.937073,-0.303348,-47.581057,-37.311466,-6.702001,177.602606,-18.080573,0.039765,-0.310354,-0.949789,18.09538,-2.278949,0.310354,-0.039765,0.949789,-18.09538,2.278949,-0.310354,0.039765,0.949789,-177.602606,18.080573,-0.039765,0.310354,-0.949789
149,2026-03-24,19:33:07.45,2,2,"Smith, Cade",1000304888,Right,TEX_BOB,"Raygoza, Armani",831193,Left,UTR_VAQ,Undefined,5,Top,1,0,1,Fastball,Sinker,StrikeCalled,Undefined,Undefined,Undefined,0,0,,93.00058,-1.549054,-4.702781,2409.942688,262.229177,2:45,5.0806,2.73043,5.19231,-29.48576,4.11268,21.60017,1.16092,0.09638,84.39729,-6.941432,-0.887225,0.417187,,,,,,,,,,,,-12.18119,2.85185,-2.31022,50,4.91409,10.02129,-134.44523,-4.83851,-22.1304,31.16583,-26.99289,TEX_BOB,UTR_VAQ,TexasStateUniversity,D1,SBELT,20260324-TexasStateUniversity-1,2cd64c90-27e2-11f1-b396-7fdcd427690d,90.34895,,,8.60329,,,,,,,5d42d121-7b79-486a-9f77-85b5a028b7ae,2026-03-25,00:33:07.45,2026-03-24T19:33:07.4552832-05:00,2026-03-25T00:33:07.4552832Z,,v3,471452,471407,94d7b8dbc2134927a2dd9771b85d27fc,"Namken, Clayton",10125205,Right,TEX_BOB,53d288f4-2bba-4f67-9242-08512bd86948,55.31011,-135.67059,15.58292,5.08346,-3.77722,-13.49644,-2.72134,10.8914,-11.0652,,,,,,,,,,,,,,,,,,,,,,,,,,,,,,,,,,,,,,,,,,,,,,,,,,,High,High,High,,,,,,252.123349,-8.96374,2380.510405,0.987787,2:30,0.155696,-0.935541,-0.317052,-45.217609,-37.099429,-9.08753,177.015204,-18.965726,0.049244,-0.325002,-0.94443,18.989646,-2.822626,0.325002,-0.049244,0.94443,-18.989646,2.822626,-0.325002,0.049244,0.94443,-177.015204,18.965726,-0.049244,0.325002,-0.94443
150,2026-03-24,19:33:24.56,2,3,"Smith, Cade",1000304888,Right,TEX_BOB,"Raygoza, Armani",831193,Left,UTR_VAQ,Undefined,5,Top,1,0,2,ChangeUp,Changeup,InPlay,Undefined,LineDrive,Double,0,0,,83.507,-0.531455,-2.760333,1701.691572,248.664859,2:15,5.00941,2.79017,5.03401,-34.61994,6.9904,14.35686,1.62239,1.38017,76.16346,-6.851667,-0.225321,0.464271,90.26506,14.889528,-9.4822,1621.18149,107.2274,20.92331,-24.54122,240.84026,238.73835,-15.699135,2.439481,-7.9817,3.99729,-2.5385,50,4.93093,5.21605,-121.01179,-2.39082,-11.781,24.63122,-26.27404,TEX_BOB,UTR_VAQ,TexasStateUniversity,D1,SBELT,20260324-TexasStateUniversity-1,370e4410-27e2-11f1-b396-7fdcd427690d,81.18621,21.5561,,7.34355,,,,1.86266,1.86421,-1.42294,5d42d121-7b79-486a-9f77-85b5a028b7ae,2026-03-25,00:33:24.56,2026-03-24T19:33:24.5600256-05:00,2026-03-25T00:33:24.5600256Z,LineDrive,v3,471452,471407,94d7b8dbc2134927a2dd9771b85d27fc,"Namken, Clayton",10125205,Right,TEX_BOB,e464236d-b956-4bd1-9a27-3427b37219bb,55.46836,-122.11976,12.31561,5.01189,-1.20894,-13.13702,-2.78505,5.74599,-5.8905,130.242359,1.86265,126.19725,-20.84572,4.82791,-0.96722,0.16457,-0.02347,0.00233,-9E-05,1.86424,34.01486,-14.87417,-0.00907,0.1995,-0.05652,0.00781,0.00026,-0.00012,-1.42296,-21.07529,-4.50545,1.80224,-0.52976,0.1198,-0.01985,0.00194,-7E-05,,,,,,,,,,,,,,,,,,,,,,,High,High,High,High,High,,,,259.912913,-22.089683,1576.781223,0.926596,2:45,0.376241,-0.908746,-0.180617,-43.424743,-8.213832,-7.086978,149.370415,-26.817686,0.454689,-0.451153,-0.767932,30.43386,-27.044917,0.451153,-0.454689,0.767932,-30.43386,27.044917,-0.451153,0.454689,0.767932,-149.370415,26.817686,-0.454689,0.451153,-0.767932
151,2026-03-24,19:34:16.44,3,1,"Smith, Cade",1000304888,Right,TEX_BOB,"Ramirez, Julius",1000361309,Right,UTR_VAQ,Undefined,5,Top,1,0,0,Fastball,Sinker,StrikeCalled,Undefined,Undefined,Undefined,0,0,,92.245,-0.763057,-4.421283,2314.541212,253.928971,2:30,5.1201,2.69268,5.00868,-26.77442,7.93197,22.95525,2.16642,0.42387,82.69448,-5.699208,-0.380142,0.42401,,,,,,,,,,,,-12.77595,4.55217,-2.28694,50,5.02547,9.16346,-133.22084,-2.84562,-22.55248,33.36143,-24.13842,TEX_BOB,UTR_VAQ,TexasStateUniversity,D1,SBELT,20260324-TexasStateUniversity-1,55f4ba30-27e2-11f1-b396-7fdcd427690d,88.89514,,,9.55052,,,,,,,5d42d121-7b79-486a-9f77-85b5a028b7ae,2026-03-25,00:34:16.44,2026-03-24T19:34:16.4406272-05:00,2026-03-25T00:34:16.4406272Z,,v3,471452,471407,94d7b8dbc2134927a2dd9771b85d27fc,"Namken, Clayton",10125205,Right,TEX_BOB,5605b8ab-7698-42f4-9398-f597dfd1ef29,55.49137,-134.58897,16.68072,5.12187,-1.85572,-12.06921,-2.68169,10.08832,-11.27624,,,,,,,,,,,,,,,,,,,,,,,,,,,,,,,,,,,,,,,,,,,,,,,,,,,High,High,High,,,,,,253.296239,-11.138475,2270.942572,0.981163,2:30,0.183327,-0.937106,-0.297026,-54.355051,-38.195616,-2.598708,179.61805,13.741631,0.006475,0.237544,-0.971355,13.741924,0.371017,0.237544,0.006475,0.971355,-13.741924,-0.371017,-0.237544,-0.006475,0.971355,-179.61805,-13.741631,-0.006475,-0.237544,-0.971355
152,2026-03-24,19:34:35.61,3,2,"Smith, Cade",1000304888,Right,TEX_BOB,"Ramirez, Julius",1000361309,Right,UTR_VAQ,Undefined,5,Top,1,0,1,Slider,Slider,BallCalled,Undefined,Undefined,Undefined,0,0,,80.15844,-1.046975,-5.197405,2218.999287,140.103105,10:45,5.13294,2.98345,5.32594,-40.66565,4.54587,-2.50378,0.75749,-2.11591,73.10018,-8.446112,-5.639142,0.483945,,,,,,,,,,,,-0.35157,3.07795,-2.5101,50,5.0088,10.63068,-115.74498,-3.51823,-0.47204,23.67268,-28.0414,TEX_BOB,UTR_VAQ,TexasStateUniversity,D1,SBELT,20260324-TexasStateUniversity-1,61755e50-27e2-11f1-b396-7fdcd427690d,77.8858,,,7.05826,,,,,,,5d42d121-7b79-486a-9f77-85b5a028b7ae,2026-03-25,00:34:35.61,2026-03-24T19:34:35.6149248-05:00,2026-03-25T00:34:35.6149248Z,,v3,471452,471407,94d7b8dbc2134927a2dd9771b85d27fc,"Namken, Clayton",10125205,Right,TEX_BOB,96f1b379-4385-4e19-8e33-592eb602f91f,55.17356,-116.79831,11.83634,5.13758,-2.27051,-14.0207,-2.98358,10.65169,-0.23602,,,,,,,,,,,,,,,,,,,,,,,,,,,,,,,,,,,,,,,,,,,,,,,,,,,High,High,High,,,,,,140.833213,86.094503,151.138283,0.068111,10:45,-0.998976,0.024781,0.037843,-28.097345,62.568139,5.521799,145.164531,-30.893232,0.49018,-0.51344,-0.704346,36.090551,-29.352414,0.51344,-0.49018,0.704346,-36.090551,29.352414,-0.51344,0.49018,0.704346,-145.164531,30.893232,-0.49018,0.51344,-0.704346
153,2026-03-24,19:34:58.19,3,3,"Smith, Cade",1000304888,Right,TEX_BOB,"Ramirez, Julius",1000361309,Right,UTR_VAQ,Undefined,5,Top,1,1,1,ChangeUp,Slider,InPlay,Undefined,FlyBall,Out,1,0,,81.54727,0.3071,-3.514153,2247.30538,92.908457,9:00,4.99969,3.07823,4.97269,-41.84077,1.6187,-6.43213,1.80358,-0.78133,75.19185,-7.245278,-4.645509,0.474475,78.54806,36.201309,-13.292175,3269.800445,107.25193,65.93732,-24.43364,300.66023,295.27658,-13.422388,4.77521,2.27441,1.04862,-2.73258,50,4.99485,7.52658,-118.1904,-0.9064,3.22819,21.80122,-30.68565,TEX_BOB,UTR_VAQ,TexasStateUniversity,D1,SBELT,20260324-TexasStateUniversity-1,6edff820-27e2-11f1-b396-7fdcd427690d,79.44023,76.98581,,6.35542,,,,3.20544,2.04277,0.64154,5d42d121-7b79-486a-9f77-85b5a028b7ae,2026-03-25,00:34:58.19,2026-03-24T19:34:58.1922816-05:00,2026-03-25T00:34:58.1922816Z,FlyBall,v3,471452,471407,94d7b8dbc2134927a2dd9771b85d27fc,"Namken, Clayton",10125205,Right,TEX_BOB,03131370-b221-493c-a43f-5e7eda5526a5,55.5309,-119.20625,10.90061,5.00377,0.52343,-15.34283,-3.07978,7.37616,1.61409,177.829264,3.20785,90.41652,-15.13834,3.46987,-0.38448,-0.06008,0.03012,-0.00425,0.00021,2.04061,68.08573,-16.69611,0.68583,-0.08623,0.0023,0.00799,-0.00207,0.00015,0.64096,-21.36046,3.15429,-0.65651,0.05087,0.02079,-0.00763,0.001,-5E-05,,,,,,,,,,,,,,,,,,,,,,,High,High,High,High,High,,,,144.47894,85.131039,190.744902,0.084877,10:45,-0.998474,0.054654,-0.007895,-6.778185,61.85147,16.739756,150.946376,-25.833286,0.437097,-0.435754,-0.786807,28.978833,-25.918812,0.435754,-0.437097,0.786807,-28.978833,25.918812,-0.435754,0.437097,0.786807,-150.946376,25.833286,-0.437097,0.435754,-0.786807
154,2026-03-24,19:35:39.30,4,1,"Smith, Cade",1000304888,Right,TEX_BOB,"Moomau, Easton",831202,Left,UTR_VAQ,Undefined,5,Top,2,0,0,Fastball,Sinker,StrikeCalled,Undefined,Undefined,Undefined,0,0,,91.4064,-1.238438,-4.226228,2209.720665,261.79258,2:45,5.00961,2.90749,5.07343,-30.33053,4.31382,22.12096,1.31108,0.75911,83.52866,-6.762539,-0.323561,0.423631,,,,,,,,,,,,-12.15237,2.8226,-2.52416,50,4.86785,8.72094,-132.32352,-4.09652,-21.54418,28.26146,-27.17002,TEX_BOB,UTR_VAQ,TexasStateUniversity,D1,SBELT,20260324-TexasStateUniversity-1,8754f4a0-27e2-11f1-b396-7fdcd427690d,88.97471,,,7.87774,,,,,,,5d42d121-7b79-486a-9f77-85b5a028b7ae,2026-03-25,00:35:39.30,2026-03-24T19:35:39.3070080-05:00,2026-03-25T00:35:39.3070080Z,,v3,471452,471407,94d7b8dbc2134927a2dd9771b85d27fc,"Namken, Clayton",10125205,Right,TEX_BOB,fd342ee0-1a1a-4b73-ae80-07966205b240,55.4298,-133.47817,14.13073,5.01254,-2.98646,-13.58501,-2.89844,9.60115,-10.77209,,,,,,,,,,,,,,,,,,,,,,,,,,,,,,,,,,,,,,,,,,,,,,,,,,,High,High,High,,,,,,256.981015,-9.435982,2179.821813,0.986469,2:30,0.167801,-0.957345,-0.235231,-51.373467,-28.186082,-3.114693,174.969308,-20.383154,0.082199,-0.348296,-0.933774,20.455458,-4.714956,0.348296,-0.082199,0.933774,-20.455458,4.714956,-0.348296,0.082199,0.933774,-174.969308,20.383154,-0.082199,0.348296,-0.933774
155,2026-03-24,19:35:55.76,4,2,"Smith, Cade",1000304888,Right,TEX_BOB,"Moomau, Easton",831202,Left,UTR_VAQ,Undefined,5,Top,2,0,1,ChangeUp,Changeup,BallCalled,Undefined,Undefined,Undefined,0,0,,82.16667,0.483675,-2.948964,1545.661926,267.198473,3:00,4.87034,3.05638,5.28677,-40.08668,2.15591,17.68217,1.98462,1.7581,75.50195,-6.82314,0.187418,0.467785,,,,,,,,,,,,-9.62922,1.34748,-2.80077,50,4.88508,5.40015,-119.21473,-0.4315,-13.90871,22.1283,-30.22771,TEX_BOB,UTR_VAQ,TexasStateUniversity,D1,SBELT,20260324-TexasStateUniversity-1,912ddc30-27e2-11f1-b396-7fdcd427690d,80.57635,,,6.66472,,,,,,,5d42d121-7b79-486a-9f77-85b5a028b7ae,2026-03-25,00:35:55.76,2026-03-24T19:35:55.7664768-05:00,2026-03-25T00:35:55.7664768Z,,v3,471452,471407,94d7b8dbc2134927a2dd9771b85d27fc,"Namken, Clayton",10125205,Right,TEX_BOB,d349c9b1-f757-44ee-8f71-f6702563e8cd,55.21652,-120.17911,11.06415,4.87517,0.88586,-15.11386,-3.04932,6.00631,-6.95435,,,,,,,,,,,,,,,,,,,,,,,,,,,,,,,,,,,,,,,,,,,,,,,,,,,High,High,High,,,,,,267.46953,-9.208861,1525.740705,0.987112,3:00,0.14926,-0.987465,-0.051329,-59.122296,-21.067949,2.875662,175.21343,-25.980147,0.075012,-0.43806,-0.895811,26.059058,-4.301904,0.43806,-0.075012,0.895811,-26.059058,4.301904,-0.43806,0.075012,0.895811,-175.21343,25.980147,-0.075012,0.43806,-0.895811
156,2026-03-24,19:36:13.97,4,3,"Smith, Cade",1000304888,Right,TEX_BOB,"Moomau, Easton",831202,Left,UTR_VAQ,Undefined,5,Top,2,1,1,Slider,Slider,FoulBallNotFieldable,Undefined,Undefined,Undefined,0,0,,80.36349,0.897566,-3.071923,2280.409919,107.786144,9:30,5.01093,3.11847,5.19503,-41.2466,3.61177,-6.59725,2.41934,-0.32381,73.1755,-6.630514,-4.237457,0.482051,61.57295,55.341249,-105.97731,5010.951349,,,,,22.26539,,,2.38406,1.9261,-2.82796,50,5.06309,6.51533,-116.38905,0.38566,3.24214,23.5994,-29.55473,TEX_BOB,UTR_VAQ,TexasStateUniversity,D1,SBELT,20260324-TexasStateUniversity-1,9c0b6280-27e2-11f1-b396-7fdcd427690d,78.19179,30.82465,,7.18799,,,,1.79971,2.21242,0.38806,5d42d121-7b79-486a-9f77-85b5a028b7ae,2026-03-25,00:36:13.97,2026-03-24T19:36:13.9753472-05:00,2026-03-25T00:36:13.9753472Z,,v3,471452,471407,94d7b8dbc2134927a2dd9771b85d27fc,"Namken, Clayton",10125205,Right,TEX_BOB,9402d80b-3756-43ad-8af6-f9811698453a,55.30661,-117.46011,11.7997,5.01515,1.727,-14.77737,-3.12031,6.36819,1.62107,32.549928,1.82191,-14.77931,-6.97267,,,,,,,2.23578,73.61535,-27.80021,,,,,,,0.38031,-49.15416,7.20435,,,,,,,,,,,,,,,,,,,,,,,,,,,,,High,High,High,Medium,Undefined,,,,125.295616,86.327131,146.082524,0.06406,10:15,-0.997555,0.067911,0.016469,-43.625196,65.859458,-6.12915,148.143673,-36.586855,0.423792,-0.596041,-0.682009,41.151797,-25.074229,0.596041,-0.423792,0.682009,-41.151797,25.074229,-0.596041,0.423792,0.682009,-148.143673,36.586855,-0.423792,0.596041,-0.682009
157,2026-03-24,19:36:36.44,4,4,"Smith, Cade",1000304888,Right,TEX_BOB,"Moomau, Easton",831202,Left,UTR_VAQ,Undefined,5,Top,2,1,2,Fastball,Sinker,StrikeCalled,Strikeout,Undefined,Undefined,0,0,,92.99763,-1.585971,-4.9928,2375.337544,255.930048,2:30,4.98034,2.7502,5.1557,-26.98872,6.97272,22.73194,1.23221,-0.06753,83.60088,-6.556914,-0.983679,0.419435,,,,,,,,,,,,-12.87387,4.3552,-2.30069,50,4.81121,10.60821,-134.22665,-4.80146,-23.11766,33.31502,-24.35341,TEX_BOB,UTR_VAQ,TexasStateUniversity,D1,SBELT,20260324-TexasStateUniversity-1,a96d97e0-27e2-11f1-b396-7fdcd427690d,89.86482,,,9.39675,,,,,,,5d42d121-7b79-486a-9f77-85b5a028b7ae,2026-03-25,00:36:36.44,2026-03-24T19:36:36.4420000-05:00,2026-03-25T00:36:36.4420000Z,,v3,471452,471407,94d7b8dbc2134927a2dd9771b85d27fc,"Namken, Clayton",10125205,Right,TEX_BOB,838ea0ff-c1e2-48b2-a269-3fe4bed4f2fe,55.34465,-135.5467,16.65751,4.98235,-3.8365,-12.17671,-2.73917,11.52421,-11.55883,,,,,,,,,,,,,,,,,,,,,,,,,,,,,62.10112,,,1.112573,,,,2.12425,3.8294,-1.84325,76.98624,5.14015,47.80593,2.16934,75.21619,-7.24408,3.8761,19.40968,-16.51472,-1.84621,46.3471,-1.53909,High,High,High,,,High,Medium,Medium,253.833431,-10.217553,2337.667806,0.984141,2:30,0.178859,-0.939953,-0.290684,-58.887491,-37.301392,-5.271252,178.025641,-8.074776,0.034111,-0.140465,-0.989498,8.079509,-1.954777,0.140465,-0.034111,0.989498,-8.079509,1.954777,-0.140465,0.034111,0.989498,-178.025641,8.074776,-0.034111,0.140465,-0.989498
158,2026-03-24,19:39:17.71,1,1,"Bonilla, Robert",831213,Right,UTR_VAQ,"Mora, Chase",804993,Right,TEX_BOB,Undefined,5,Bottom,0,0,0,Fastball,Sinker,InPlay,Undefined,LineDrive,Double,0,0,,93.8555,-2.184766,-2.910426,2113.776374,236.855262,2:00,5.78179,1.61388,5.36263,-22.29757,10.49713,14.29324,1.87122,0.07333,84.93282,-6.323985,-0.372132,0.412167,101.18335,6.286191,34.018196,4766.939799,85.21495,4.77325,69.55866,149.05209,144.91747,41.060285,1.208167,-8.09489,6.28221,-1.36288,50,5.56965,6.22896,-135.85666,-6.02466,-14.95919,32.88323,-20.56466,TEX_BOB,UTR_VAQ,TexasStateUniversity,D1,SBELT,20260324-TexasStateUniversity-1,09892b80-27e3-11f1-b396-7fdcd427690d,91.4494,6.09632,,8.92268,,,,0.30012,1.79148,0.24734,5d42d121-7b79-486a-9f77-85b5a028b7ae,2026-03-25,00:39:17.71,2026-03-24T19:39:17.7141760-05:00,2026-03-25T00:39:17.7141760Z,GroundBall,v3,471452,471407,94d7b8dbc2134927a2dd9771b85d27fc,"Gonzalez, Rudy",831171,Right,UTR_VAQ,71170797-80f9-4607-987d-7c870289e89e,55.13812,-137.09467,16.44161,5.7819,-5.25042,-10.28233,-1.60799,6.79215,-7.4796,,0.67254,117.96971,-21.33014,,,,,,,1.86432,15.42456,-14.08963,,,,,,,0.15462,83.65017,-2.22044,,,,,,,,,,,,,,,,,,,,,,,,,,,,,High,High,High,High,High,,,,233.114935,6.713952,2099.280541,0.993142,1:45,-0.1167,-0.798236,-0.590932,-42.385855,28.032342,45.476329,162.329433,-11.890568,0.29703,-0.206043,-0.932373,12.461395,-17.279333,0.206043,-0.29703,0.932373,-12.461395,17.279333,-0.206043,0.29703,0.932373,-162.329433,11.890568,-0.29703,0.206043,-0.932373
159,2026-03-24,19:40:03.45,2,1,"Gonzalez, Ruben",831210,Right,UTR_VAQ,"Carson, Tanner",10178633,Right,TEX_BOB,Undefined,5,Bottom,0,0,0,Curveball,Curveball,BallCalled,Undefined,Undefined,Undefined,0,0,,77.7403,1.749166,0.534418,2543.052189,59.657134,8:00,5.63036,1.74208,5.07092,-54.41952,-6.54134,-13.81776,2.74521,1.0945,71.12266,-8.099254,-1.911397,0.498012,,,,,,,,,,,,7.02583,-3.31768,-1.78128,50,5.75304,-0.4911,-112.78393,1.49888,9.00175,21.52671,-36.42476,TEX_BOB,UTR_VAQ,TexasStateUniversity,D1,SBELT,20260324-TexasStateUniversity-1,24e34690-27e3-11f1-b396-7fdcd427690d,75.68574,,,6.61764,,,,,,,5d42d121-7b79-486a-9f77-85b5a028b7ae,2026-03-25,00:40:03.45,2026-03-24T19:40:03.4535424-05:00,2026-03-25T00:40:03.4535424Z,,v3,471452,471407,94d7b8dbc2134927a2dd9771b85d27fc,"Gonzalez, Rudy",831171,Right,UTR_VAQ,1726a9da-2fd8-422b-ac7d-1994c83bd9aa,55.43305,-113.8162,10.76336,5.63929,3.24555,-18.21238,-1.74739,-0.92276,4.50088,,,,,,,,,,,,,,,,,,,,,,,,,,,,,,,,,,,,,,,,,,,,,,,,,,,High,High,High,,,,,,45.79094,41.646985,1900.304377,0.747253,7:30,-0.652712,0.555666,0.514978,-47.124133,-37.528842,-21.294423,150.17188,19.197769,0.469739,0.32883,-0.819278,21.868824,28.017354,0.32883,0.469739,0.819278,-21.868824,-28.017354,-0.32883,-0.469739,0.819278,-150.17188,-19.197769,-0.469739,-0.32883,-0.819278
160,2026-03-24,19:40:22.40,2,2,"Gonzalez, Ruben",831210,Right,UTR_VAQ,"Carson, Tanner",10178633,Right,TEX_BOB,Undefined,5,Bottom,0,1,0,Curveball,Curveball,StrikeSwinging,Undefined,Undefined,Undefined,0,0,,79.53531,-0.020092,-1.506338,2828.763683,47.562228,7:30,5.49249,1.73233,5.30847,-59.5233,-13.15556,-16.32005,0.51335,-1.04201,71.82301,-10.794909,-4.412336,0.490094,,,,,,,,,,,,7.6741,-6.16839,-1.5831,50,5.44723,3.68789,-115.20801,-2.16368,10.00146,27.44608,-40.21314,TEX_BOB,UTR_VAQ,TexasStateUniversity,D1,SBELT,20260324-TexasStateUniversity-1,301fb5c0-27e3-11f1-b396-7fdcd427690d,76.90858,,,7.7123,,,,,,,5d42d121-7b79-486a-9f77-85b5a028b7ae,2026-03-25,00:40:22.40,2026-03-24T19:40:22.4040448-05:00,2026-03-25T00:40:22.4040448Z,,v3,471452,471407,94d7b8dbc2134927a2dd9771b85d27fc,"Gonzalez, Rudy",831171,Right,UTR_VAQ,1a6c0bf4-24a6-4e2e-80d2-9ab3aecccea4,55.19485,-116.439,13.72304,5.50383,-0.36006,-20.10657,-1.73845,3.23931,5.00073,,,,,,,,,,,,,,,,,,,,,,,,,,,,,,,,,,,,,,,,,,,,,,,,,,,High,High,High,,,,,,47.96646,43.383649,2055.862634,0.726771,7:30,-0.67404,0.53957,0.504514,-50.522205,-53.433781,-9.339777,154.518163,2.470868,0.429825,0.043111,-0.901882,2.736747,25.456452,0.043111,0.429825,0.901882,-2.736747,-25.456452,-0.043111,-0.429825,0.901882,-154.518163,-2.470868,-0.429825,-0.043111,-0.901882
161,2026-03-24,19:40:42.20,2,3,"Gonzalez, Ruben",831210,Right,UTR_VAQ,"Carson, Tanner",10178633,Right,TEX_BOB,Undefined,5,Bottom,0,1,1,Curveball,Curveball,StrikeSwinging,Undefined,Undefined,Undefined,0,0,,79.51592,-0.407986,-0.843807,2756.528151,45.004502,7:30,5.57698,1.52976,5.14283,-57.59105,-10.85945,-12.68264,0.39352,-0.32172,71.63842,-10.820624,-3.097203,0.492013,,,,,,,,,,,,6.05516,-4.85201,-1.44031,50,5.49404,2.21515,-115.12708,-2.90367,7.8724,27.60401,-38.48224,TEX_BOB,UTR_VAQ,TexasStateUniversity,D1,SBELT,20260324-TexasStateUniversity-1,3beb1e80-27e3-11f1-b396-7fdcd427690d,76.60858,,,7.8775,,,,,,,5d42d121-7b79-486a-9f77-85b5a028b7ae,2026-03-25,00:40:42.20,2026-03-24T19:40:42.2005248-05:00,2026-03-25T00:40:42.2005248Z,,v3,471452,471407,94d7b8dbc2134927a2dd9771b85d27fc,"Gonzalez, Rudy",831171,Right,UTR_VAQ,10aff411-dcc4-47ca-8ab4-53ba6fecf875,55.3595,-116.40503,13.80201,5.58723,-1.1221,-19.24112,-1.53443,1.85069,3.9362,,,,,,,,,,,,,,,,,,,,,,,,,,,,,,,,,,,,,,,,,,,,,,,,,,,High,High,High,,,,,,42.190258,38.799674,2148.276859,0.779342,7:30,-0.621738,0.518927,0.586649,-32.370907,-47.330812,-41.762353,146.056683,6.720347,0.554536,0.117023,-0.82389,8.084081,33.678759,0.117023,0.554536,0.82389,-8.084081,-33.678759,-0.117023,-0.554536,0.82389,-146.056683,-6.720347,-0.554536,-0.117023,-0.82389
162,2026-03-24,19:41:24.68,2,4,"Gonzalez, Ruben",831210,Right,UTR_VAQ,"Carson, Tanner",10178633,Right,TEX_BOB,Undefined,5,Bottom,0,1,2,Cutter,Curveball,InPlay,Undefined,Popup,Out,1,0,,78.44175,-0.325989,-0.334925,2659.19476,61.514689,8:00,5.65947,1.62579,5.1957,-53.18503,-6.36654,-14.50828,0.92073,0.1017,72.12599,-9.927408,-2.91327,0.49247,66.83656,70.777778,-9.22817,,,,,,96.01088,,,7.24052,-2.77744,-1.58298,50,5.58831,1.23284,-113.88242,-2.50844,9.43913,22.34372,-35.79487,TEX_BOB,UTR_VAQ,TexasStateUniversity,D1,SBELT,20260324-TexasStateUniversity-1,553cbf60-27e3-11f1-b396-7fdcd427690d,76.5375,76.99812,,6.31576,,,,4.36924,1.42318,-0.24826,5d42d121-7b79-486a-9f77-85b5a028b7ae,2026-03-25,00:41:24.68,2026-03-24T19:41:24.6835712-05:00,2026-03-25T00:41:24.6835712Z,,v3,471452,471407,94d7b8dbc2134927a2dd9771b85d27fc,"Gonzalez, Rudy",831171,Right,UTR_VAQ,50d2a956-cd76-4e23-997c-f2e69738863d,55.30942,-114.91941,11.17186,5.66617,-0.84717,-17.89743,-1.63003,0.79477,4.71957,217.362728,4.36924,31.85595,-7.31506,2.03822,-0.44788,0.09154,-0.01844,0.00312,-0.00035,1.42318,92.56168,-26.54808,2.90821,-0.43171,0.03932,-0.00033,-0.00105,0.00018,-0.24826,-5.17561,9.43128,-3.69398,1.00738,-0.24264,0.05526,-0.01022,0.00112,,,,,,,,,,,,,,,,,,,,,,,High,High,High,Medium,Undefined,,,,46.063697,43.000407,1944.799057,0.731349,7:30,-0.682011,0.522764,0.511448,-37.494225,-41.731512,-29.88696,149.327863,17.179808,0.487364,0.295371,-0.821725,19.771119,29.167487,0.295371,0.487364,0.821725,-19.771119,-29.167487,-0.295371,-0.487364,0.821725,-149.327863,-17.179808,-0.487364,-0.295371,-0.821725
163,2026-03-24,19:42:07.56,3,1,"Gonzalez, Ruben",831210,Right,UTR_VAQ,"Cotton, Jackson",1000437468,Left,TEX_BOB,Undefined,5,Bottom,1,0,0,Fastball,Sinker,BallCalled,Undefined,Undefined,Undefined,0,0,,92.66035,-3.494405,-3.595279,2089.838362,230.521957,1:45,5.80675,1.64135,5.50761,-17.75966,15.86406,17.76292,1.04817,-0.24526,83.69011,-6.842943,-0.435729,0.417344,,,,,,,,,,,,-10.09532,9.45859,-1.33948,50,5.48917,7.59039,-133.90003,-8.7821,-18.09668,32.32286,-15.21876,TEX_BOB,UTR_VAQ,TexasStateUniversity,D1,SBELT,20260324-TexasStateUniversity-1,6ec2b6b0-27e3-11f1-b396-7fdcd427690d,90.31505,,,8.97025,,,,,,,5d42d121-7b79-486a-9f77-85b5a028b7ae,2026-03-25,00:42:07.56,2026-03-24T19:42:07.5625984-05:00,2026-03-25T00:42:07.5625984Z,,v3,471452,471407,94d7b8dbc2134927a2dd9771b85d27fc,"Gonzalez, Rudy",831171,Right,UTR_VAQ,c1cb224a-20fe-4ae6-bc59-db40beaddc9b,54.99296,-135.09994,16.16143,5.8047,-8.21714,-7.60938,-1.63372,8.26219,-9.04834,,,,,,,,,,,,,,,,,,,,,,,,,,,,,,,,,,,,,,,,,,,,,,,,,,,High,High,High,,,,,,231.652917,-2.797255,2087.348272,0.998808,1:45,0.057407,-0.778901,-0.624513,-38.665375,28.015106,51.928352,167.408996,-5.95904,0.216812,-0.103817,-0.970677,6.104784,-12.52186,0.103817,-0.216812,0.970677,-6.104784,12.52186,-0.103817,0.216812,0.970677,-167.408996,5.95904,-0.216812,0.103817,-0.970677
164,2026-03-24,19:42:49.98,3,2,"Gonzalez, Ruben",831210,Right,UTR_VAQ,"Cotton, Jackson",1000437468,Left,TEX_BOB,Undefined,5,Bottom,1,1,0,Curveball,Curveball,HitByPitch,Undefined,Undefined,Undefined,0,0,,79.15246,-0.295681,-3.110071,2684.419698,46.498719,7:30,5.68928,1.47782,5.49526,-57.52594,-11.52056,-13.78516,0.61844,-2.58312,72.4304,-10.697237,-5.566374,0.488175,,,,,,,,,,,,6.00768,-5.3917,-1.19558,50,5.624,6.76255,-114.71568,-2.56345,7.86641,24.66158,-39.23391,TEX_BOB,UTR_VAQ,TexasStateUniversity,D1,SBELT,20260324-TexasStateUniversity-1,8816efa0-27e3-11f1-b396-7fdcd427690d,77.21088,,,6.72206,,,,,,,5d42d121-7b79-486a-9f77-85b5a028b7ae,2026-03-25,00:42:49.98,2026-03-24T19:42:49.9803648-05:00,2026-03-25T00:42:49.9803648Z,,v3,471452,471407,94d7b8dbc2134927a2dd9771b85d27fc,"Gonzalez, Rudy",831171,Right,UTR_VAQ,6679c0e2-cc6f-473c-a723-ae8029c6fba7,55.00964,-115.78764,12.33079,5.69836,-0.85807,-19.61696,-1.4821,6.42063,3.9332,,,,,,,,,,,,,,,,,,,,,,,,,,,,,,,,,,,,,,,,,,,,,,,,,,,High,High,High,,,,,,42.089724,46.093194,1861.611276,0.693487,7:30,-0.693872,0.461116,0.553094,-9.089291,-55.07379,-48.232844,158.7733,0.489901,0.362046,0.00855,-0.932121,0.525556,21.225887,0.00855,0.362046,0.932121,-0.525556,-21.225887,-0.00855,-0.362046,0.932121,-158.7733,-0.489901,-0.362046,-0.00855,-0.932121
165,2026-03-24,19:43:36.13,4,1,"Gonzalez, Ruben",831210,Right,UTR_VAQ,"Galloway, Rashawn",1000183398,Right,TEX_BOB,Undefined,5,Bottom,1,0,0,Curveball,Curveball,InPlay,Undefined,LineDrive,Double,0,2,,78.19934,1.16566,-0.321833,2476.995498,52.10813,7:45,5.63016,1.55561,5.12779,-56.02275,-8.8026,-13.26288,2.05967,0.14724,71.70057,-8.95677,-2.67355,0.494578,109.40632,11.958219,-14.682798,1218.46999,106.56396,21.03488,-27.27839,326.61586,321.881,-13.863308,2.847008,6.55374,-4.3637,-1.51445,50,5.69558,1.16737,-113.50451,0.3134,8.49401,22.04078,-37.82968,TEX_BOB,UTR_VAQ,TexasStateUniversity,D1,SBELT,20260324-TexasStateUniversity-1,a39ad9d0-27e3-11f1-b396-7fdcd427690d,76.21129,25.77857,,6.49877,,,,2.60863,2.23475,-0.18115,5d42d121-7b79-486a-9f77-85b5a028b7ae,2026-03-25,00:43:36.13,2026-03-24T19:43:36.1351168-05:00,2026-03-25T00:43:36.1351168Z,LineDrive,v3,471452,471407,94d7b8dbc2134927a2dd9771b85d27fc,"Gonzalez, Rudy",831171,Right,UTR_VAQ,eb7e7032-bd0a-452b-a096-85281ccaf147,55.3772,-114.54392,11.02039,5.63874,2.09738,-18.91484,-1.56005,0.7668,4.247,179.986377,2.60861,151.85649,-25.47224,6.23775,-1.31376,0.24729,-0.03929,0.00442,-0.00024,2.23479,33.24224,-10.58038,-1.47644,0.66297,-0.18112,0.03429,-0.00384,0.00019,-0.18115,-39.78883,6.63663,-1.16208,0.16804,-0.01971,0.00207,-0.00017,1E-05,,,,,,,,,,,,,,,,,,,,,,,High,High,High,High,Medium,,,,42.80835,41.397793,1858.084849,0.750137,7:30,-0.647675,0.523101,0.55397,-48.855467,-49.876772,-19.705013,147.104096,4.756219,0.541244,0.082916,-0.836767,5.65904,32.768378,0.082916,0.541244,0.836767,-5.65904,-32.768378,-0.082916,-0.541244,0.836767,-147.104096,-4.756219,-0.541244,-0.082916,-0.836767
166,2026-03-24,19:44:51.09,5,1,"Gonzalez, Ruben",831210,Right,UTR_VAQ,"Salas, Manuel",1000367412,Left,TEX_BOB,Undefined,5,Bottom,1,0,0,Fastball,Sinker,BallCalled,Undefined,Undefined,Undefined,0,0,,93.19311,-0.646017,-4.141335,2189.899842,236.154291,1:45,5.81053,1.56786,5.76202,-20.50107,11.95201,16.26414,3.4992,-0.93826,84.95689,-4.487139,-1.23901,0.410015,,,,,,,,,,,,-9.40634,6.57666,-1.23403,50,5.74447,9.04063,-135.04379,-2.23014,-17.36998,29.41354,-20.0294,TEX_BOB,UTR_VAQ,TexasStateUniversity,D1,SBELT,20260324-TexasStateUniversity-1,d03ca1d0-27e3-11f1-b396-7fdcd427690d,91.92947,,,8.23622,,,,,,,5d42d121-7b79-486a-9f77-85b5a028b7ae,2026-03-25,00:44:51.09,2026-03-24T19:44:51.0929408-05:00,2026-03-25T00:44:51.0929408Z,,v3,471452,471407,94d7b8dbc2134927a2dd9771b85d27fc,"Gonzalez, Rudy",831171,Right,UTR_VAQ,e597ea71-a0fc-4f86-9686-26d5d4d382df,54.73952,-136.07218,14.70677,5.81019,-1.52986,-10.0147,-1.56073,9.64794,-8.68499,,,,,,,,,,,,,,,,,,,,,,,,,,,,,,,,,,,,,,,,,,,,,,,,,,,High,High,High,,,,,,234.777785,7.047358,2173.355325,0.992445,1:45,-0.154581,-0.812081,-0.562698,-52.839489,31.59616,36.245206,166.699101,-17.10521,0.219888,-0.294127,-0.930128,17.548115,-12.702477,0.294127,-0.219888,0.930128,-17.548115,12.702477,-0.294127,0.219888,0.930128,-166.699101,17.10521,-0.219888,0.294127,-0.930128
167,2026-03-24,19:45:12.36,5,2,"Gonzalez, Ruben",831210,Right,UTR_VAQ,"Salas, Manuel",1000367412,Left,TEX_BOB,Undefined,5,Bottom,1,1,0,Fastball,Sinker,BallCalled,Undefined,Undefined,Undefined,0,0,,92.94167,-3.374838,-5.443938,2185.956165,231.931435,1:45,5.82224,1.57793,5.88969,-19.44288,13.03296,15.35879,1.05038,-2.21251,85.46983,-7.003558,-2.704041,0.410159,,,,,,,,,,,,-9.20607,7.84485,-1.14624,50,5.53729,12.11656,-134.31114,-8.60111,-16.94355,27.03341,-17.73575,TEX_BOB,UTR_VAQ,TexasStateUniversity,D1,SBELT,20260324-TexasStateUniversity-1,dcf1ce50-27e3-11f1-b396-7fdcd427690d,91.89725,,,7.47184,,,,,,,5d42d121-7b79-486a-9f77-85b5a028b7ae,2026-03-25,00:45:12.36,2026-03-24T19:45:12.3696640-05:00,2026-03-25T00:45:12.3696640Z,,v3,471452,471407,94d7b8dbc2134927a2dd9771b85d27fc,"Gonzalez, Rudy",831171,Right,UTR_VAQ,615cf6ca-cc70-45ec-aa63-6ded8571d2c7,54.61211,-135.23626,13.51671,5.82125,-7.99418,-8.86787,-1.5708,12.69638,-8.47178,,,,,,,,,,,,,,,,,,,,,,,,,,,,,,,,,,,,,,,,,,,,,,,,,,,High,High,High,,,,,,236.112917,0.829162,2185.72727,0.999895,1:45,-0.018629,-0.829463,-0.55825,-39.976898,31.613933,52.089178,163.890709,-8.622683,0.274334,-0.149927,-0.949875,8.969478,-15.922342,0.149927,-0.274334,0.949875,-8.969478,15.922342,-0.149927,0.274334,0.949875,-163.890709,8.622683,-0.274334,0.149927,-0.949875
168,2026-03-24,19:45:54.43,5,3,"Gonzalez, Ruben",831210,Right,UTR_VAQ,"Salas, Manuel",1000367412,Left,TEX_BOB,Undefined,5,Bottom,1,2,0,Fastball,Four-Seam,BallCalled,Undefined,Undefined,Undefined,0,0,,93.52645,-2.735695,-4.853925,2224.70794,224.499138,1:30,5.94928,1.32346,6.17881,-16.37198,15.26261,14.04261,2.04745,-1.99978,85.90356,-5.837997,-2.332585,0.404811,,,,,,,,,,,,-8.5202,8.90756,-0.96263,50,5.7331,10.90446,-135.42253,-6.98385,-15.9258,27.76276,-15.52417,TEX_BOB,UTR_VAQ,TexasStateUniversity,D1,SBELT,20260324-TexasStateUniversity-1,f60024a0-27e3-11f1-b396-7fdcd427690d,93.11116,,,7.62288,,,,,,,5d42d121-7b79-486a-9f77-85b5a028b7ae,2026-03-25,00:45:54.43,2026-03-24T19:45:54.4316928-05:00,2026-03-25T00:45:54.4316928Z,,v3,471452,471407,94d7b8dbc2134927a2dd9771b85d27fc,"Gonzalez, Rudy",831171,Right,UTR_VAQ,65abbc03-3f6d-4abc-be96-1ae496552435,54.32373,-136.30605,13.88138,5.9475,-6.48981,-7.76209,-1.31772,11.41128,-7.9629,,,,,,,,,,,,,,,,,,,,,,,,,,,,,,,,,,,,,,,,,,,,,,,,,,,High,High,High,,,,,,231.425097,-0.541399,2224.608622,0.999955,1:45,-0.006176,-0.780417,-0.625229,-42.172455,13.569779,42.91351,157.968868,-4.109552,0.374146,-0.071664,-0.924597,4.432026,-21.971532,0.071664,-0.374146,0.924597,-4.432026,21.971532,-0.071664,0.374146,0.924597,-157.968868,4.109552,-0.374146,0.071664,-0.924597
169,2026-03-24,19:46:22.87,5,4,"Gonzalez, Ruben",831210,Right,UTR_VAQ,"Salas, Manuel",1000367412,Left,TEX_BOB,Undefined,5,Bottom,1,3,0,Fastball,Sinker,InPlay,Undefined,GroundBall,Out,1,1,,92.24886,-3.094476,-3.171125,2239.110181,239.433414,2:00,5.72359,1.70844,4.97106,-22.56749,11.78068,17.94611,0.91259,0.20543,83.93169,-7.241575,-0.006985,0.421816,102.98572,3.172696,-6.864401,1034.704069,,,,70.26827,70.26827,-8.142603,0.480738,-9.89225,7.088,-1.41738,50,5.4057,6.53278,-133.41365,-8.10035,-17.72019,30.34311,-19.47713,TEX_BOB,UTR_VAQ,TexasStateUniversity,D1,SBELT,20260324-TexasStateUniversity-1,06f0b0e0-27e4-11f1-b396-7fdcd427690d,89.35751,1.86725,,8.31717,,,,2.24988,1.11119,-0.21603,5d42d121-7b79-486a-9f77-85b5a028b7ae,2026-03-25,00:46:22.87,2026-03-24T19:46:22.8787712-05:00,2026-03-25T00:46:22.8787712Z,GroundBall,v3,471452,471407,94d7b8dbc2134927a2dd9771b85d27fc,"Gonzalez, Rudy",831171,Right,UTR_VAQ,9137eb56-0e18-4722-9d76-b154f9449f48,55.5314,-134.66581,15.17156,5.72339,-7.29659,-9.73857,-1.70205,7.26404,-8.8601,51.363404,2.2637,149.34786,-19.53241,,,,,,,1.1258,7.95152,-21.47141,,,,,,,-0.20832,-18.24152,-4.24967,,,,,,,,,,,,,,,,,,,,,,,,,,,,,High,High,High,High,High,,,,232.292168,8.091809,2216.817132,0.990044,1:45,-0.131619,-0.78972,-0.599182,-25.210574,40.796938,77.079857,166.687951,-21.851743,0.213711,-0.372206,-0.903211,22.396173,-12.339894,0.372206,-0.213711,0.903211,-22.396173,12.339894,-0.372206,0.213711,0.903211,-166.687951,21.851743,-0.213711,0.372206,-0.903211
170,2026-03-24,19:47:00.53,6,1,"Gonzalez, Ruben",831210,Right,UTR_VAQ,"Park, Dawson",830892,Right,TEX_BOB,Undefined,5,Bottom,2,0,0,Fastball,Sinker,BallCalled,Undefined,Undefined,Undefined,0,0,,92.1595,-0.924858,-2.069547,2061.710603,239.104831,2:00,5.75159,1.48196,5.40072,-22.24367,11.45142,17.25611,3.03063,0.97975,83.77279,-5.062759,0.998815,0.417787,,,,,,,,,,,,-9.24875,6.35748,-1.30977,50,5.65375,4.0194,-133.64906,-2.96925,-16.64038,30.21928,-20.73562,TEX_BOB,UTR_VAQ,TexasStateUniversity,D1,SBELT,20260324-TexasStateUniversity-1,1d62d880-27e4-11f1-b396-7fdcd427690d,90.21933,,,8.3867,,,,,,,5d42d121-7b79-486a-9f77-85b5a028b7ae,2026-03-25,00:47:00.53,2026-03-24T19:47:00.5327360-05:00,2026-03-25T00:47:00.5327360Z,,v3,471452,471407,94d7b8dbc2134927a2dd9771b85d27fc,"Gonzalez, Rudy",831171,Right,UTR_VAQ,b82a1e36-36c9-4840-b4ed-fa6be5f5691f,55.10008,-134.7973,15.10964,5.7516,-2.18136,-10.36781,-1.47451,4.65168,-8.32019,,,,,,,,,,,,,,,,,,,,,,,,,,,,,,,,,,,,,,,,,,,,,,,,,,,High,High,High,,,,,,235.419374,1.822764,2060.667381,0.999494,1:45,-0.038995,-0.823318,-0.566239,-54.69004,18.349084,39.70353,158.978635,-13.270673,0.349137,-0.229552,-0.90852,14.179881,-20.434544,0.229552,-0.349137,0.90852,-14.179881,20.434544,-0.229552,0.349137,0.90852,-158.978635,13.270673,-0.349137,0.229552,-0.90852
171,2026-03-24,19:47:22.88,6,2,"Gonzalez, Ruben",831210,Right,UTR_VAQ,"Park, Dawson",830892,Right,TEX_BOB,Undefined,5,Bottom,2,1,0,Curveball,Curveball,StrikeCalled,Undefined,Undefined,Undefined,0,0,,78.61041,0.900066,-0.273668,2802.969433,50.869878,7:45,5.69488,1.5784,5.10797,-58.41365,-11.64989,-16.1554,1.67521,-0.02574,72.20141,-9.625475,-3.138988,0.492183,,,,,,,,,,,,7.97914,-5.65603,-1.53933,50,5.7336,1.20115,-114.12556,-0.32748,10.44944,22.38377,-39.58115,TEX_BOB,UTR_VAQ,TexasStateUniversity,D1,SBELT,20260324-TexasStateUniversity-1,2ac3d560-27e4-11f1-b396-7fdcd427690d,76.58222,,,6.40901,,,,,,,5d42d121-7b79-486a-9f77-85b5a028b7ae,2026-03-25,00:47:22.88,2026-03-24T19:47:22.8878848-05:00,2026-03-25T00:47:22.8878848Z,,v3,471452,471407,94d7b8dbc2134927a2dd9771b85d27fc,"Gonzalez, Rudy",831171,Right,UTR_VAQ,9c97b0db-62fd-4663-87c6-968f2c07add4,55.39774,-115.17937,11.19188,5.70515,1.53597,-19.79058,-1.5843,0.70921,5.22472,,,,,,,,,,,,,,,,,,,,,,,,,,,,,,,,,,,,,,,,,,,,,,,,,,,High,High,High,,,,,,40.94513,40.490916,2131.683258,0.760509,7:15,-0.638667,0.508527,0.577498,-38.923145,-39.379789,-30.012425,148.274511,14.925897,0.508108,0.25757,-0.821879,17.400534,30.537873,0.25757,0.508108,0.821879,-17.400534,-30.537873,-0.25757,-0.508108,0.821879,-148.274511,-14.925897,-0.508108,-0.25757,-0.821879
172,2026-03-24,19:47:41.82,6,3,"Gonzalez, Ruben",831210,Right,UTR_VAQ,"Park, Dawson",830892,Right,TEX_BOB,Undefined,5,Bottom,2,1,1,Fastball,Sinker,BallCalled,Undefined,Undefined,Undefined,0,0,,92.62471,-3.612947,-2.979967,2174.679311,229.3435,1:45,5.77756,1.29229,5.56825,-18.29784,14.91182,16.07355,0.86855,-0.15458,84.55711,-7.034587,-0.114914,0.414767,,,,,,,,,,,,-8.95709,8.89686,-1.04583,50,5.45332,6.24099,-134.06075,-9.09504,-16.26726,29.53921,-16.01618,TEX_BOB,UTR_VAQ,TexasStateUniversity,D1,SBELT,20260324-TexasStateUniversity-1,3602b590-27e4-11f1-b396-7fdcd427690d,90.87626,,,8.0676,,,,,,,5d42d121-7b79-486a-9f77-85b5a028b7ae,2026-03-25,00:47:41.82,2026-03-24T19:47:41.8265600-05:00,2026-03-25T00:47:41.8265600Z,,v3,471452,471407,94d7b8dbc2134927a2dd9771b85d27fc,"Gonzalez, Rudy",831171,Right,UTR_VAQ,eb302f32-d297-4edd-b438-740c12391a77,54.93299,-135.14332,14.7696,5.77589,-8.50806,-8.00809,-1.28548,6.83716,-8.13363,,,,,,,,,,,,,,,,,,,,,,,,,,,,,,,,,,,,,,,,,,,,,,,,,,,High,High,High,,,,,,232.776315,4.732375,2167.265672,0.996591,1:45,-0.063628,-0.797187,-0.60037,-50.533461,26.186026,42.139364,164.543623,-15.383338,0.256956,-0.265276,-0.929302,15.931765,-14.889545,0.265276,-0.256956,0.929302,-15.931765,14.889545,-0.265276,0.256956,0.929302,-164.543623,15.383338,-0.256956,0.265276,-0.929302
173,2026-03-24,19:48:02.77,6,4,"Gonzalez, Ruben",831210,Right,UTR_VAQ,"Park, Dawson",830892,Right,TEX_BOB,Undefined,5,Bottom,2,2,1,Curveball,Curveball,BallCalled,Undefined,Undefined,Undefined,0,0,,78.94644,0.358104,-1.708217,2840.746273,49.947036,7:45,5.74049,1.38964,5.57931,-55.70424,-10.41693,-13.98205,1.43309,-1.37145,73.09405,-9.735063,-4.207184,0.48435,,,,,,,,,,,,6.60733,-4.95961,-1.23331,50,5.73476,3.96066,-114.72772,-1.18932,8.80178,21.33058,-38.78086,TEX_BOB,UTR_VAQ,TexasStateUniversity,D1,SBELT,20260324-TexasStateUniversity-1,4289cd30-27e4-11f1-b396-7fdcd427690d,77.82062,,,5.85239,,,,,,,5d42d121-7b79-486a-9f77-85b5a028b7ae,2026-03-25,00:48:02.77,2026-03-24T19:48:02.7749376-05:00,2026-03-25T00:48:02.7749376Z,,v3,471452,471407,94d7b8dbc2134927a2dd9771b85d27fc,"Gonzalez, Rudy",831171,Right,UTR_VAQ,b3ea0351-8b0c-43df-8626-db865063d01a,54.92657,-115.64006,10.66529,5.75016,0.46939,-19.39043,-1.39467,3.5842,4.40089,,,,,,,,,,,,,,,,,,,,,,,,,,,,,,,,,,,,,,,,,,,,,,,,,,,High,High,High,,,,,,40.158194,41.98995,2111.419271,0.743262,7:15,-0.648762,0.483502,0.587651,-34.308112,-39.978732,-35.633166,146.594838,14.03573,0.534119,0.242527,-0.809875,16.670968,32.284178,0.242527,0.534119,0.809875,-16.670968,-32.284178,-0.242527,-0.534119,0.809875,-146.594838,-14.03573,-0.534119,-0.242527,-0.809875
174,2026-03-24,19:48:21.72,6,5,"Gonzalez, Ruben",831210,Right,UTR_VAQ,"Park, Dawson",830892,Right,TEX_BOB,Undefined,5,Bottom,2,3,1,Fastball,Sinker,InPlay,Undefined,FlyBall,Out,1,0,,93.22906,-1.857119,-2.55757,2148.495074,224.037189,1:30,5.80852,1.43486,5.35021,-16.0145,16.7982,15.23521,2.72969,0.30391,85.22919,-4.869044,0.146796,0.41228,87.5283,55.874227,29.976928,5372.437666,,,,,60.76107,,,-8.38579,9.26359,-1.21591,50,5.63003,5.33101,-135.20427,-4.93542,-15.54732,29.03874,-14.99934,TEX_BOB,UTR_VAQ,TexasStateUniversity,D1,SBELT,20260324-TexasStateUniversity-1,4dc7c300-27e4-11f1-b396-7fdcd427690d,91.42434,83.83019,,7.99987,,,,1.32303,3.05243,-0.24549,5d42d121-7b79-486a-9f77-85b5a028b7ae,2026-03-25,00:48:21.72,2026-03-24T19:48:21.7281536-05:00,2026-03-25T00:48:21.7281536Z,,v3,471452,471407,94d7b8dbc2134927a2dd9771b85d27fc,"Gonzalez, Rudy",831171,Right,UTR_VAQ,26bf5ebf-e9e0-4917-90cd-7985f94e31f5,55.15243,-136.3064,14.51937,5.80655,-4.36614,-7.49967,-1.42944,5.92109,-7.77366,212.899309,1.32303,62.38644,-20.4181,5.83822,-0.47233,-1.58874,1.93404,-1.09914,0.25384,3.05244,106.26916,-28.27278,3.21247,-0.77215,0.67203,-0.66738,0.37072,-0.08532,-0.24549,35.98386,2.84089,-2.02374,0.02438,1.20298,-1.43062,0.81304,-0.18796,,,,,,,,,,,,,,,,,,,,,,,High,High,High,High,Undefined,,,,230.624201,9.891338,2116.558354,0.985135,1:45,-0.174753,-0.766678,-0.617791,-40.223443,26.444049,34.632313,165.770469,-6.789794,0.244083,-0.118227,-0.962521,7.002605,-14.127652,0.118227,-0.244083,0.962521,-7.002605,14.127652,-0.118227,0.244083,0.962521,-165.770469,6.789794,-0.244083,0.118227,-0.962521
175,2026-03-24,19:51:14.10,1,1,"Smith, Cade",1000304888,Right,TEX_BOB,"Warren, Hank",1000121298,Right,UTR_VAQ,Undefined,6,Top,0,0,0,Fastball,Sinker,BallCalled,Undefined,Undefined,Undefined,0,0,,91.71128,-1.191122,-3.15475,2120.707857,255.354674,2:30,5.19756,2.65009,4.90878,-28.34852,6.31548,19.76651,1.70688,1.31086,83.56546,-6.359552,0.326713,0.423751,,,,,,,,,,,,-10.7317,3.77953,-2.35912,50,5.05736,6.37056,-132.8377,-3.92276,-19.10467,29.43958,-25.44573,TEX_BOB,UTR_VAQ,TexasStateUniversity,D1,SBELT,20260324-TexasStateUniversity-1,b4894dc0-27e4-11f1-b396-7fdcd427690d,88.94949,,,8.14581,,,,,,,5d42d121-7b79-486a-9f77-85b5a028b7ae,2026-03-25,00:51:14.10,2026-03-24T19:51:14.1029376-05:00,2026-03-25T00:51:14.1029376Z,,v3,471452,471407,94d7b8dbc2134927a2dd9771b85d27fc,"Namken, Clayton",10125205,Right,TEX_BOB,149be827-7a0d-4158-851b-c1ffd4cf21ae,55.59426,-134.07177,14.71979,5.19945,-2.8561,-12.72286,-2.64295,7.1714,-9.55234,,,,,,,,,,,,,,,,,,,,,,,,,,,,,,,,,,,,,,,,,,,,,,,,,,,High,High,High,,,,,,253.970633,-6.918597,2105.265489,0.992718,2:30,0.124969,-0.951411,-0.281423,-48.029625,-32.620723,-8.593582,175.612241,-19.511373,0.072113,-0.333994,-0.939813,19.564377,-4.135341,0.333994,-0.072113,0.939813,-19.564377,4.135341,-0.333994,0.072113,0.939813,-175.612241,19.511373,-0.072113,0.333994,-0.939813
176,2026-03-24,19:51:28.74,1,2,"Smith, Cade",1000304888,Right,TEX_BOB,"Warren, Hank",1000121298,Right,UTR_VAQ,Undefined,6,Top,0,1,0,Fastball,Sinker,StrikeCalled,Undefined,Undefined,Undefined,0,0,,91.23408,-1.65233,-5.330698,2233.138992,251.216451,2:15,5.14376,2.70213,5.06574,-26.8182,7.89449,20.03288,1.34365,-0.66959,83.71695,-6.545269,-1.807689,0.424049,,,,,,,,,,,,-11.37804,4.66733,-2.21107,50,4.96485,11.36686,-131.91245,-4.88117,-20.16791,26.49588,-23.90111,TEX_BOB,UTR_VAQ,TexasStateUniversity,D1,SBELT,20260324-TexasStateUniversity-1,bd46b330-27e4-11f1-b396-7fdcd427690d,88.88709,,,7.51713,,,,,,,5d42d121-7b79-486a-9f77-85b5a028b7ae,2026-03-25,00:51:28.74,2026-03-24T19:51:28.7442432-05:00,2026-03-25T00:51:28.7442432Z,,v3,471452,471407,94d7b8dbc2134927a2dd9771b85d27fc,"Namken, Clayton",10125205,Right,TEX_BOB,646c1699-6c40-4bcd-8947-cabd7c37471c,55.43807,-133.00026,13.24794,5.14511,-3.8999,-11.95055,-2.69474,12.19487,-10.08395,,,,,,,,,,,,,,,,,,,,,,,,,,,,,,,,,,,,,,,,,,,,,,,,,,,High,High,High,,,,,,252.956066,-5.552577,2222.660719,0.995308,2:30,0.096518,-0.948409,-0.302003,-56.555329,-31.897831,-5.681094,179.932589,-12.532101,0.001149,-0.216987,-0.976174,12.53211,-0.065804,0.216987,-0.001149,0.976174,-12.53211,0.065804,-0.216987,0.001149,0.976174,-179.932589,12.532101,-0.001149,0.216987,-0.976174
177,2026-03-24,19:51:44.01,1,3,"Smith, Cade",1000304888,Right,TEX_BOB,"Warren, Hank",1000121298,Right,UTR_VAQ,Undefined,6,Top,0,1,1,Fastball,Sinker,InPlay,Undefined,GroundBall,Out,1,0,,91.33167,-0.745806,-4.112515,2161.16663,251.981153,2:30,5.05877,2.63798,4.88376,-27.41974,7.47674,19.54186,2.0663,0.36881,83.42034,-5.746745,-0.67903,0.42517,85.16864,-18.977817,34.63032,,,,,6.97479,6.97479,23.588276,0.047259,-10.83564,4.20595,-2.2512,50,4.96236,8.57089,-132.22476,-2.8369,-19.20213,27.93148,-24.72059,TEX_BOB,UTR_VAQ,TexasStateUniversity,D1,SBELT,20260324-TexasStateUniversity-1,c65ce700-27e4-11f1-b396-7fdcd427690d,88.65271,1.92323,,7.91134,,,,1.7903,1.92323,-0.38706,5d42d121-7b79-486a-9f77-85b5a028b7ae,2026-03-25,00:51:44.01,2026-03-24T19:51:44.0153088-05:00,2026-03-25T00:51:44.0153088Z,GroundBall,v3,471452,471407,94d7b8dbc2134927a2dd9771b85d27fc,"Namken, Clayton",10125205,Right,TEX_BOB,04349885-8c9a-40ae-94bb-3760ad4011c7,55.61973,-133.4066,13.96574,5.06027,-1.79092,-12.36029,-2.63104,9.38337,-9.60107,180,1.78896,97.37249,,,,,,,,1.92379,-40.69569,,,,,,,,-0.38799,67.24886,,,,,,,,,,,,,,,,,,,,,,,,,,,,,,High,High,High,High,High,,,,255.130025,-8.75696,2135.97396,0.988343,2:30,0.146051,-0.953182,-0.264791,-50.954361,-31.939154,-3.388127,178.057131,-19.645944,0.031929,-0.336207,-0.941247,19.656378,-1.829731,0.336207,-0.031929,0.941247,-19.656378,1.829731,-0.336207,0.031929,0.941247,-178.057131,19.645944,-0.031929,0.336207,-0.941247
178,2026-03-24,19:52:18.95,2,1,"Smith, Cade",1000304888,Right,TEX_BOB,"Villescas, Diego",1000125041,Right,UTR_VAQ,Undefined,6,Top,1,0,0,Fastball,Sinker,BallCalled,Undefined,Undefined,Undefined,0,0,,90.95784,-1.145371,-3.696356,2154.394285,269.299136,3:00,5.10995,2.71786,4.96778,-33.58821,1.31756,20.60824,1.22655,0.93856,83.65086,-7.21864,-0.063235,0.425226,,,,,,,,,,,,-11.3041,1.21221,-2.37806,50,4.97101,7.55922,-131.84253,-4.02302,-19.98744,26.83703,-30.03066,TEX_BOB,UTR_VAQ,TexasStateUniversity,D1,SBELT,20260324-TexasStateUniversity-1,db324e90-27e4-11f1-b396-7fdcd427690d,88.64092,,,7.30698,,,,,,,5d42d121-7b79-486a-9f77-85b5a028b7ae,2026-03-25,00:52:18.95,2026-03-24T19:52:18.9589504-05:00,2026-03-25T00:52:18.9589504Z,,v3,471452,471407,94d7b8dbc2134927a2dd9771b85d27fc,"Namken, Clayton",10125205,Right,TEX_BOB,a910a737-852c-4e41-897e-1e83fdb32674,55.53754,-132.96495,13.41851,5.11301,-2.76704,-15.01533,-2.71169,8.39516,-9.99372,,,,,,,,,,,,,,,,,,,,,,,,,,,,,,,,,,,,,,,,,,,,,,,,,,,High,High,High,,,,,,255.941423,-6.656439,2139.871654,0.993259,2:30,0.119316,-0.960999,-0.249487,-51.070506,-39.871316,-11.50272,175.413561,-15.894898,0.076906,-0.273874,-0.958686,15.943368,-4.410725,0.273874,-0.076906,0.958686,-15.943368,4.410725,-0.273874,0.076906,0.958686,-175.413561,15.894898,-0.076906,0.273874,-0.958686
179,2026-03-24,19:52:34.24,2,2,"Smith, Cade",1000304888,Right,TEX_BOB,"Villescas, Diego",1000125041,Right,UTR_VAQ,Undefined,6,Top,1,1,0,Fastball,Sinker,StrikeSwinging,Undefined,Undefined,Undefined,0,0,,90.19393,-1.573048,-4.524633,2068.788308,270.158297,3:00,5.02993,2.68875,5.15319,-34.54711,1.15402,20.68611,0.66511,0.14412,82.15461,-7.852357,-0.869876,0.430043,,,,,,,,,,,,-11.70757,1.35929,-2.28182,50,4.85568,9.37037,-130.45249,-4.97067,-20.05085,29.01797,-29.84606,TEX_BOB,UTR_VAQ,TexasStateUniversity,D1,SBELT,20260324-TexasStateUniversity-1,e44f6030-27e4-11f1-b396-7fdcd427690d,87.64798,,,8.03932,,,,,,,5d42d121-7b79-486a-9f77-85b5a028b7ae,2026-03-25,00:52:34.24,2026-03-24T19:52:34.2454272-05:00,2026-03-25T00:52:34.2454272Z,,v3,471452,471407,94d7b8dbc2134927a2dd9771b85d27fc,"Namken, Clayton",10125205,Right,TEX_BOB,5708c50d-ba81-4227-9fb7-b610053d3915,55.35041,-131.63726,14.50898,5.03375,-3.75209,-14.92303,-2.68112,10.18903,-10.02543,,,,,,,,,,,,,,,,,,,,,,,,,,,,,,,,,,,,,,,,,,,,,,,,,,,High,High,High,,,,,,257.136716,-6.20338,2056.674705,0.994145,2:30,0.116744,-0.965864,-0.231252,-46.02552,-46.435742,-12.433965,176.659682,-20.789199,0.054473,-0.354931,-0.933304,20.821548,-3.122615,0.354931,-0.054473,0.933304,-20.821548,3.122615,-0.354931,0.054473,0.933304,-176.659682,20.789199,-0.054473,0.354931,-0.933304
180,2026-03-24,19:52:51.69,2,3,"Smith, Cade",1000304888,Right,TEX_BOB,"Villescas, Diego",1000125041,Right,UTR_VAQ,Undefined,6,Top,1,1,1,Slider,Slider,BallCalled,Undefined,Undefined,Undefined,0,0,,78.77632,0.788778,-4.175731,2652.733311,113.895309,9:45,5.09814,2.89342,5.10291,-42.78502,3.94516,-5.54855,2.27801,-1.51074,72.13483,-6.980255,-5.152023,0.492006,,,,,,,,,,,,1.55878,2.19264,-2.49417,50,5.13947,8.5494,-113.97923,0.079,2.04504,21.47878,-29.29742,TEX_BOB,UTR_VAQ,TexasStateUniversity,D1,SBELT,20260324-TexasStateUniversity-1,eec487c0-27e4-11f1-b396-7fdcd427690d,76.60975,,,6.6415,,,,,,,5d42d121-7b79-486a-9f77-85b5a028b7ae,2026-03-25,00:52:51.69,2026-03-24T19:52:51.6903936-05:00,2026-03-25T00:52:51.6903936Z,,v3,471452,471407,94d7b8dbc2134927a2dd9771b85d27fc,"Namken, Clayton",10125205,Right,TEX_BOB,f5da1f2c-301f-48ed-8616-f9c67875d7c0,55.39773,-114.9919,10.73939,5.10318,1.4603,-14.64871,-2.89498,8.45298,1.02252,,,,,,,,,,,,,,,,,,,,,,,,,,,,,,,,,,,,,,,,,,,,,,,,,,,High,High,High,,,,,,95.454385,80.848064,421.925306,0.159053,9:15,-0.983483,0.171909,0.056645,-5.179109,57.598389,14.484291,142.515796,-28.485736,0.53487,-0.47694,-0.697454,34.365483,-32.335095,0.47694,-0.53487,0.697454,-34.365483,32.335095,-0.47694,0.53487,0.697454,-142.515796,28.485736,-0.53487,0.47694,-0.697454
181,2026-03-24,19:53:07.62,2,4,"Smith, Cade",1000304888,Right,TEX_BOB,"Villescas, Diego",1000125041,Right,UTR_VAQ,Undefined,6,Top,1,2,1,Fastball,Sinker,InPlay,Undefined,FlyBall,HomeRun,0,1,,91.40642,-1.085884,-4.369368,2335.063385,253.41949,2:30,5.04604,2.68815,4.9037,-27.2797,7.55626,21.60659,1.74261,0.34822,83.50565,-6.061441,-0.572449,0.424801,99.30755,28.19804,11.052742,4165.488517,106.74939,54.62127,26.54176,379.27075,368.087,20.769596,4.85227,-11.93489,4.34307,-2.27926,50,4.91675,9.07399,-132.29132,-3.61794,-21.17302,27.93973,-24.46922,TEX_BOB,UTR_VAQ,TexasStateUniversity,D1,SBELT,20260324-TexasStateUniversity-1,f82ea7f0-27e4-11f1-b396-7fdcd427690d,88.72969,78.22442,,7.90077,,,,1.36858,2.02766,-0.32678,5d42d121-7b79-486a-9f77-85b5a028b7ae,2026-03-25,00:53:07.62,2026-03-24T19:53:07.6260352-05:00,2026-03-25T00:53:07.6260352Z,FlyBall,v3,471452,471407,94d7b8dbc2134927a2dd9771b85d27fc,"Namken, Clayton",10125205,Right,TEX_BOB,b264c9c3-a336-4b64-88fb-c6ee3dfede33,55.60008,-133.46881,13.96986,5.04749,-2.58671,-12.23461,-2.68048,9.9663,-10.58651,212.464225,1.36939,125.96307,-25.28738,5.92692,-1.07997,0.15543,-0.02084,0.00252,-0.00015,2.02965,68.78174,-16.37607,0.10166,0.32178,-0.16075,0.04423,-0.00605,0.00032,-0.32692,24.61655,3.51857,-1.46119,0.31828,-0.03619,0.00102,0.00017,-1E-05,,,,,,,,,,,,,,,,,,,,,,,High,High,High,High,High,,,,255.046632,-8.836397,2307.348514,0.988131,2:30,0.151754,-0.951586,-0.267309,-53.789279,-32.359926,-8.492698,173.958571,-13.601606,0.102296,-0.235169,-0.966556,13.674726,-5.871389,0.235169,-0.102296,0.966556,-13.674726,5.871389,-0.235169,0.102296,0.966556,-173.958571,13.601606,-0.102296,0.235169,-0.966556
182,2026-03-24,19:53:49.98,3,1,"Smith, Cade",1000304888,Right,TEX_BOB,"Chapa, Andy",1000486891,Right,UTR_VAQ,Undefined,6,Top,1,0,0,Fastball,Sinker,FoulBallNotFieldable,Undefined,Undefined,Undefined,0,0,,90.97597,-0.784858,-4.895799,2200.61326,264.596085,2:45,5.02866,2.83336,5.0496,-32.18203,3.21473,20.69544,1.60377,-0.07116,82.29493,-6.656242,-1.252261,0.428206,96.50476,20.51675,34.310627,4719.470123,85.64384,31.59695,69.0297,284.58259,253.90336,46.760078,3.129184,-11.87331,2.15299,-2.38348,50,4.92791,10.28922,-131.46033,-3.10111,-20.55821,30.61887,-28.44621,TEX_BOB,UTR_VAQ,TexasStateUniversity,D1,SBELT,20260324-TexasStateUniversity-1,11709160-27e5-11f1-b396-7fdcd427690d,88.02403,35.67918,,8.68104,,,,1.73796,1.68207,0.41285,5d42d121-7b79-486a-9f77-85b5a028b7ae,2026-03-25,00:53:49.98,2026-03-24T19:53:49.9872768-05:00,2026-03-25T00:53:49.9872768Z,LineDrive,v3,471452,471407,94d7b8dbc2134927a2dd9771b85d27fc,"Namken, Clayton",10125205,Right,TEX_BOB,30e65006-0513-446d-8641-939ff465814c,55.45349,-132.72444,15.30944,5.0317,-1.92669,-14.22311,-2.82579,11.13797,-10.2791,,1.73779,109.50167,-25.60967,5.99623,-1.45109,0.32869,-0.06867,0.00914,-0.00046,1.68218,49.60327,-20.4903,1.99362,-0.21296,-0.0147,0.01573,-0.00285,0.00012,0.41275,74.72667,0.25657,-2.38151,0.88598,-0.2171,0.03538,-0.00373,0.00016,,,,,,,,,,,,,,,,,,,,,,,High,High,High,High,Medium,,,,254.466068,-4.263492,2194.523516,0.997233,2:30,0.064386,-0.959697,-0.273561,-55.197463,-37.556071,-3.737273,175.99899,17.630819,0.066497,0.302883,-0.950705,17.671216,3.812789,0.302883,0.066497,0.950705,-17.671216,-3.812789,-0.302883,-0.066497,0.950705,-175.99899,-17.630819,-0.066497,-0.302883,-0.950705
183,2026-03-24,19:54:21.41,3,2,"Smith, Cade",1000304888,Right,TEX_BOB,"Chapa, Andy",1000486891,Right,UTR_VAQ,Undefined,6,Top,1,0,1,Slider,Slider,FoulBallNotFieldable,Undefined,Undefined,Undefined,0,0,,79.95984,1.275811,-2.641767,2241.157657,82.608713,8:45,5.06511,2.6951,4.9865,-44.77888,0.96142,-4.61406,2.53981,-0.18589,72.62761,-6.86119,-3.454656,0.486767,68.08051,31.320429,144.522875,3902.659766,-93.40632,34.51726,58.09661,206.08799,54.81519,151.324727,2.721897,1.4885,0.46154,-2.43622,50,5.15161,5.53324,-115.77829,0.96863,1.99862,23.79519,-31.55433,TEX_BOB,UTR_VAQ,TexasStateUniversity,D1,SBELT,20260324-TexasStateUniversity-1,24389cc0-27e5-11f1-b396-7fdcd427690d,77.43428,34.82155,,7.33222,,,,2.4197,2.57246,0.18479,5d42d121-7b79-486a-9f77-85b5a028b7ae,2026-03-25,00:54:21.41,2026-03-24T19:54:21.4176768-05:00,2026-03-25T00:54:21.4176768Z,FlyBall,v3,471452,471407,94d7b8dbc2134927a2dd9771b85d27fc,"Namken, Clayton",10125205,Right,TEX_BOB,39ed7896-408c-46d1-8851-e0c71a52712c,55.51549,-116.90636,11.89759,5.07024,2.46454,-15.77717,-2.69629,5.43848,0.99931,309.145823,2.41598,-69.30482,2.14714,1.66182,-3.88705,2.84518,-0.97861,0.14201,-0.00496,2.5691,52.0793,-24.48762,6.98542,-8.38722,7.07858,-3.35504,0.81136,-0.07789,0.18728,49.40076,-8.07292,0.24969,2.27342,-1.78487,0.60842,-0.08495,0.00249,,,,,,,,,,,,,,,,,,,,,,,High,High,High,High,Low,,,,167.717116,83.865658,239.490177,0.10686,11:30,-0.997278,0.044865,-0.05851,-4.541866,56.181976,20.82529,148.737342,-27.271207,0.461278,-0.458203,-0.759784,31.092902,-27.469621,0.458203,-0.461278,0.759784,-31.092902,27.469621,-0.458203,0.461278,0.759784,-148.737342,27.271207,-0.461278,0.458203,-0.759784
184,2026-03-24,19:54:41.11,3,3,"Smith, Cade",1000304888,Right,TEX_BOB,"Chapa, Andy",1000486891,Right,UTR_VAQ,Undefined,6,Top,1,0,2,Fastball,Sinker,BallCalled,Undefined,Undefined,Undefined,0,0,,91.60878,-0.640853,-2.969084,2262.377987,254.693864,2:30,5.10185,2.65566,5.13792,-27.25482,7.23359,22.18493,2.22629,1.70594,83.24202,-5.6476,0.954992,0.422676,,,,,,,,,,,,-11.9017,4.12969,-2.39502,50,5.02087,5.82406,-132.74324,-2.55878,-21.11495,29.92835,-24.84753,TEX_BOB,UTR_VAQ,TexasStateUniversity,D1,SBELT,20260324-TexasStateUniversity-1,2ff02f60-27e5-11f1-b396-7fdcd427690d,89.17567,,,8.36676,,,,,,,5d42d121-7b79-486a-9f77-85b5a028b7ae,2026-03-25,00:54:41.11,2026-03-24T19:54:41.1180544-05:00,2026-03-25T00:54:41.1180544Z,,v3,471452,471407,94d7b8dbc2134927a2dd9771b85d27fc,"Namken, Clayton",10125205,Right,TEX_BOB,f0d6bb95-f618-4535-b2c5-7ba825920c43,55.36423,-133.94721,14.96418,5.1037,-1.55921,-12.42377,-2.64639,6.67347,-10.55747,,,,,,,,,,,,,,,,,,,,,,,,,,,,,,,,,,,,,,,,,,,,,,,,,,,High,High,High,,,,,,252.12344,-6.26777,2248.85468,0.994023,2:30,0.103784,-0.944751,-0.310925,-52.355731,-42.724041,-5.227154,175.703201,16.621656,0.071792,0.286051,-0.955521,16.665911,4.116938,0.286051,0.071792,0.955521,-16.665911,-4.116938,-0.286051,-0.071792,0.955521,-175.703201,-16.621656,-0.071792,-0.286051,-0.955521
185,2026-03-24,19:55:00.32,3,4,"Smith, Cade",1000304888,Right,TEX_BOB,"Chapa, Andy",1000486891,Right,UTR_VAQ,Undefined,6,Top,1,1,2,Slider,Slider,BallCalled,Undefined,Undefined,Undefined,0,0,,79.89266,-1.684955,-4.086778,2200.895995,122.476056,10:00,5.09938,2.88647,5.1909,-42.61298,2.90862,-2.16508,-0.04135,-1.14519,73.1606,-9.397097,-4.469378,0.485602,,,,,,,,,,,,-0.14949,2.34992,-2.50471,50,4.91011,8.34272,-115.55315,-4.88878,-0.20033,23.30057,-29.02469,TEX_BOB,UTR_VAQ,TexasStateUniversity,D1,SBELT,20260324-TexasStateUniversity-1,3b6ed7b0-27e5-11f1-b396-7fdcd427690d,77.6201,,,6.73206,,,,,,,5d42d121-7b79-486a-9f77-85b5a028b7ae,2026-03-25,00:55:00.32,2026-03-24T19:55:00.3276288-05:00,2026-03-25T00:55:00.3276288Z,,v3,471452,471407,94d7b8dbc2134927a2dd9771b85d27fc,"Namken, Clayton",10125205,Right,TEX_BOB,4bc64d73-c8b4-444a-87f1-3f79f9ae5135,55.31132,-116.61923,11.65029,5.10341,-3.56081,-14.51234,-2.88663,8.35189,-0.10017,,,,,,,,,,,,,,,,,,,,,,,,,,,,,,,,,,,,,,,,,,,,,,,,,,,High,High,High,,,,,,175.625963,87.333026,102.409163,0.046531,11:45,-0.999357,-0.025825,0.02489,-53.345301,59.360724,-13.883753,143.773129,-29.811601,0.512776,-0.49715,-0.699931,35.385575,-30.84892,0.49715,-0.512776,0.699931,-35.385575,30.84892,-0.49715,0.512776,0.699931,-143.773129,29.811601,-0.512776,0.49715,-0.699931
186,2026-03-24,19:55:17.94,3,5,"Smith, Cade",1000304888,Right,TEX_BOB,"Chapa, Andy",1000486891,Right,UTR_VAQ,Undefined,6,Top,1,2,2,Slider,Slider,FoulBallNotFieldable,Undefined,Undefined,Undefined,0,0,,79.64391,0.407247,-3.155268,2341.715372,95.473885,9:15,5.05009,2.66633,5.0803,-43.86565,1.97087,-4.6737,1.77912,-0.70061,72.68233,-7.558867,-3.979804,0.487278,83.46492,59.837374,74.186708,2490.39529,,,,,49.90115,,,1.39095,1.25189,-2.36311,50,5.05405,6.54919,-115.34238,-0.73148,1.85912,23.02511,-30.5008,TEX_BOB,UTR_VAQ,TexasStateUniversity,D1,SBELT,20260324-TexasStateUniversity-1,45e537c0-27e5-11f1-b396-7fdcd427690d,77.35298,70.97293,,6.96158,,,,2.75776,1.95493,0.60755,5d42d121-7b79-486a-9f77-85b5a028b7ae,2026-03-25,00:55:17.94,2026-03-24T19:55:17.9401216-05:00,2026-03-25T00:55:17.9401216Z,,v3,471452,471407,94d7b8dbc2134927a2dd9771b85d27fc,"Namken, Clayton",10125205,Right,TEX_BOB,1528f0b6-9c99-4668-859c-2d1eefe0e359,55.42166,-116.41965,11.51256,5.05489,0.69554,-15.2504,-2.66749,6.46221,0.92956,,2.75776,16.76119,-16.09607,6.05407,-1.76233,0.46761,-0.11908,0.02567,-0.00328,1.95493,105.84035,-34.34597,5.06127,-0.9395,0.14385,-0.01873,0.00106,0.00011,0.60755,59.18038,-3.68966,-0.86426,0.56329,-0.21154,0.06437,-0.01584,0.00213,,,,,,,,,,,,,,,,,,,,,,,High,High,High,Low,Undefined,,,,105.545815,82.599176,301.636013,0.12881,9:30,-0.99116,0.131143,0.020064,-48.049575,57.987218,-14.025819,139.65553,-32.885291,0.543645,-0.542959,-0.640036,40.30879,-32.932092,0.542959,-0.543645,0.640036,-40.30879,32.932092,-0.542959,0.543645,0.640036,-139.65553,32.885291,-0.543645,0.542959,-0.640036
187,2026-03-24,19:55:37.15,3,6,"Smith, Cade",1000304888,Right,TEX_BOB,"Chapa, Andy",1000486891,Right,UTR_VAQ,Undefined,6,Top,1,2,2,Fastball,Sinker,FoulBallNotFieldable,Undefined,Undefined,Undefined,0,0,,92.12367,-2.145462,-4.229592,2368.261485,245.216319,2:15,5.0885,2.70746,4.97645,-23.53489,10.94945,21.11714,1.09437,0.46507,83.58891,-6.477423,-0.512785,0.422652,,,,,,,,,,,,-11.80788,6.39756,-2.31689,50,4.86184,8.84046,-133.18039,-5.92105,-21.05947,30.46799,-20.76392,TEX_BOB,UTR_VAQ,TexasStateUniversity,D1,SBELT,20260324-TexasStateUniversity-1,514f6db0-27e5-11f1-b396-7fdcd427690d,89.18087,,,8.53476,,,,,,,5d42d121-7b79-486a-9f77-85b5a028b7ae,2026-03-25,00:55:37.15,2026-03-24T19:55:37.1594240-05:00,2026-03-25T00:55:37.1594240Z,,v3,471452,471407,94d7b8dbc2134927a2dd9771b85d27fc,"Namken, Clayton",10125205,Right,TEX_BOB,d71d9bd8-5529-462c-a343-0bb3772efd0c,55.52651,-134.43876,15.234,5.08867,-5.06347,-10.38196,-2.69997,9.71024,-10.52973,,,,,,,,,,,,,,,,,,,,,,,,,,,,,,,,,,,,,,,,,,,,,,,,,,,High,High,High,,,,,,250.585351,-5.602882,2356.947093,0.995222,2:15,0.107944,-0.934319,-0.339701,-50.87819,-27.708141,-13.709814,172.330201,-11.871927,0.130609,-0.205725,-0.969855,11.976015,-7.504786,0.205725,-0.130609,0.969855,-11.976015,7.504786,-0.205725,0.130609,0.969855,-172.330201,11.871927,-0.130609,0.205725,-0.969855
188,2026-03-24,19:55:57.93,3,7,"Smith, Cade",1000304888,Right,TEX_BOB,"Chapa, Andy",1000486891,Right,UTR_VAQ,Undefined,6,Top,1,2,2,Fastball,Sinker,FoulBallNotFieldable,Undefined,Undefined,Undefined,0,0,,91.29276,-0.32366,-4.754848,2491.654246,254.062399,2:30,5.03345,2.62475,4.93797,-27.03139,8.20276,24.36777,2.47386,0.15087,82.47896,-5.286888,-0.474246,0.427222,65.9942,23.913398,146.819803,5689.026151,-98.52257,15.69742,48.92068,144.01556,52.36183,156.167707,2.054923,-13.57776,4.48488,-2.18314,50,4.97979,9.80894,-131.9506,-1.82202,-23.72074,30.4572,-24.33885,TEX_BOB,UTR_VAQ,TexasStateUniversity,D1,SBELT,20260324-TexasStateUniversity-1,5db7d9c0-27e5-11f1-b396-7fdcd427690d,88.22688,20.63564,,8.81379,,,,2.3206,2.54785,-0.16334,5d42d121-7b79-486a-9f77-85b5a028b7ae,2026-03-25,00:55:57.93,2026-03-24T19:55:57.9313152-05:00,2026-03-25T00:55:57.9313152Z,LineDrive,v3,471452,471407,94d7b8dbc2134927a2dd9771b85d27fc,"Namken, Clayton",10125205,Right,TEX_BOB,4431db55-d565-4540-81c3-5fb011000e1b,55.56519,-133.22898,15.2286,5.03482,-0.80045,-12.16942,-2.61574,10.80457,-11.86037,295.620223,2.3206,-74.05579,3.95095,0.27244,-0.12348,0.04742,-0.00931,0.00209,-0.00026,2.54785,39.23489,-23.13439,2.35941,-0.47394,0.0879,-0.01249,0.00163,-0.00012,-0.16334,48.42415,-12.90051,2.28336,-0.47449,0.06074,-0.00144,-0.00167,0.00034,,,,,,,,,,,,,,,,,,,,,,,High,High,High,High,Low,,,,249.2336,-6.30545,2476.581016,0.993951,2:15,0.085469,-0.928742,-0.36074,-49.490375,-29.631243,-12.810284,175.734849,-13.246587,0.072393,-0.229142,-0.970697,13.282073,-4.151466,0.229142,-0.072393,0.970697,-13.282073,4.151466,-0.229142,0.072393,0.970697,-175.734849,13.246587,-0.072393,0.229142,-0.970697
189,2026-03-24,19:56:15.29,3,8,"Smith, Cade",1000304888,Right,TEX_BOB,"Chapa, Andy",1000486891,Right,UTR_VAQ,Undefined,6,Top,1,2,2,Slider,Slider,FoulBallNotFieldable,Undefined,Undefined,Undefined,0,0,,81.24953,-0.061151,-4.48182,2284.421346,122.561261,10:00,5.07085,2.77786,5.32347,-39.6186,3.94473,-4.01386,1.71174,-1.77119,74.4872,-7.275019,-5.190811,0.475042,,,,,,,,,,,,0.74441,2.36075,-2.3683,50,5.03655,9.37846,-117.59431,-1.49657,1.03922,22.92927,-28.87836,TEX_BOB,UTR_VAQ,TexasStateUniversity,D1,SBELT,20260324-TexasStateUniversity-1,68172f60-27e5-11f1-b396-7fdcd427690d,79.34551,,,6.76232,,,,,,,5d42d121-7b79-486a-9f77-85b5a028b7ae,2026-03-25,00:56:15.29,2026-03-24T19:56:15.2943616-05:00,2026-03-25T00:56:15.2943616Z,,v3,471452,471407,94d7b8dbc2134927a2dd9771b85d27fc,"Namken, Clayton",10125205,Right,TEX_BOB,df23c80c-ff51-4daf-b357-55fd308c5da2,55.17904,-118.59985,11.46463,5.07441,-0.23014,-14.43918,-2.77858,9.33288,0.51961,,,,,,,,,,,,,,,,,,,,,,,,,,,,,,,,,,,,,,,,,,,,,,,,,,,High,High,High,,,,,,179.083632,84.77114,208.188894,0.091134,12:00,-0.999915,0.000395,-0.013026,-28.632323,54.500338,6.575029,139.444075,-29.466661,0.566083,-0.491917,-0.661489,36.63637,-34.477512,0.491917,-0.566083,0.661489,-36.63637,34.477512,-0.491917,0.566083,0.661489,-139.444075,29.466661,-0.566083,0.491917,-0.661489
190,2026-03-24,19:56:36.84,3,9,"Smith, Cade",1000304888,Right,TEX_BOB,"Chapa, Andy",1000486891,Right,UTR_VAQ,Undefined,6,Top,1,2,2,Fastball,Sinker,FoulBallNotFieldable,Undefined,Undefined,Undefined,0,0,,91.90066,-1.39689,-4.117447,2359.148747,252.057214,2:30,5.02329,2.64125,4.94897,-26.40627,7.97528,21.22115,1.49905,0.51203,84.02056,-6.218396,-0.383193,0.422021,,,,,,,,,,,,-11.74453,4.63047,-2.25989,50,4.86568,8.57328,-133.05393,-4.31446,-21.07549,28.27238,-23.86467,TEX_BOB,UTR_VAQ,TexasStateUniversity,D1,SBELT,20260324-TexasStateUniversity-1,74e6c1b0-27e5-11f1-b396-7fdcd427690d,89.3141,,,7.8801,,,,,,,5d42d121-7b79-486a-9f77-85b5a028b7ae,2026-03-25,00:56:36.84,2026-03-24T19:56:36.8489984-05:00,2026-03-25T00:56:36.8489984Z,,v3,471452,471407,94d7b8dbc2134927a2dd9771b85d27fc,"Namken, Clayton",10125205,Right,TEX_BOB,5ff6253a-a837-4bb8-bff1-aaeb2c7f44cb,55.55533,-134.22918,14.13619,5.02441,-3.32243,-11.93233,-2.63448,9.44937,-10.53774,,,,,,,,,,,,,,,,,,,,,,,,,,,,,,,,,,,,,,,,,,,,,,,,,,,High,High,High,,,,,,252.343857,-4.481963,2351.93443,0.996942,2:30,0.079308,-0.947793,-0.308868,-56.166313,-36.367661,-4.755605,176.667631,13.756217,0.056461,0.237791,-0.969674,13.778629,3.236681,0.237791,0.056461,0.969674,-13.778629,-3.236681,-0.237791,-0.056461,0.969674,-176.667631,-13.756217,-0.056461,-0.237791,-0.969674
191,2026-03-24,19:57:33.46,3,10,"Smith, Cade",1000304888,Right,TEX_BOB,"Chapa, Andy",1000486891,Right,UTR_VAQ,Undefined,6,Top,1,2,2,Fastball,Sinker,HitByPitch,Undefined,Undefined,Undefined,0,0,,91.47941,0.100012,-2.932753,2242.354081,256.836926,2:30,5.05124,2.58411,5.2949,-28.70797,5.82229,19.74155,2.75294,1.47312,82.71293,-5.192059,0.568363,0.422933,,,,,,,,,,,,-10.97666,3.17406,-2.33263,50,5.03942,5.90147,-132.56664,-0.86702,-19.30582,31.42195,-26.59149,TEX_BOB,UTR_VAQ,TexasStateUniversity,D1,SBELT,20260324-TexasStateUniversity-1,96a780f0-27e5-11f1-b396-7fdcd427690d,89.12163,,,8.76648,,,,,,,5d42d121-7b79-486a-9f77-85b5a028b7ae,2026-03-25,00:57:33.46,2026-03-24T19:57:33.4650880-05:00,2026-03-25T00:57:33.4650880Z,,v3,471452,471407,94d7b8dbc2134927a2dd9771b85d27fc,"Namken, Clayton",10125205,Right,TEX_BOB,ebdd0c2c-1710-48b2-bb55-782e0fc56214,55.2089,-133.79559,15.71097,5.053,0.17301,-13.29575,-2.57821,6.65655,-9.65291,,,,,,,,,,,,,,,,,,,,,,,,,,,,,,,,,,,,,,,,,,,,,,,,,,,High,High,High,,,,,,252.824458,-11.031504,2200.92013,0.981522,2:30,0.174634,-0.938083,-0.29917,-46.205457,-36.783063,-3.764828,179.407786,-21.409181,0.009623,-0.365026,-0.930948,21.410221,-0.551349,0.365026,-0.009623,0.930948,-21.410221,0.551349,-0.365026,0.009623,0.930948,-179.407786,21.409181,-0.009623,0.365026,-0.930948
192,2026-03-24,19:58:10.16,4,1,"Smith, Cade",1000304888,Right,TEX_BOB,"Gonzalez, Rudy",831171,Right,UTR_VAQ,Undefined,6,Top,1,0,0,Fastball,Sinker,StrikeCalled,Undefined,Undefined,Undefined,0,0,,91.52372,-0.420758,-5.336955,2259.632019,256.920217,2:30,5.04116,2.63568,5.22477,-28.41285,5.90599,20.77403,2.27611,-0.66538,83.72515,-5.619011,-1.674071,0.421636,,,,,,,,,,,,-11.78371,3.38347,-2.15828,50,4.98094,11.39076,-132.38529,-2.09284,-20.99887,27.16617,-26.1446,TEX_BOB,UTR_VAQ,TexasStateUniversity,D1,SBELT,20260324-TexasStateUniversity-1,ac86de70-27e5-11f1-b396-7fdcd427690d,89.3957,,,7.79858,,,,,,,5d42d121-7b79-486a-9f77-85b5a028b7ae,2026-03-25,00:58:10.16,2026-03-24T19:58:10.1646336-05:00,2026-03-25T00:58:10.1646336Z,,v3,471452,471407,94d7b8dbc2134927a2dd9771b85d27fc,"Namken, Clayton",10125205,Right,TEX_BOB,de0631ba-443b-46ea-a60c-ce418a3623b8,55.2786,-133.4641,13.58309,5.04343,-1.0546,-13.0723,-2.62718,12.22465,-10.49944,,,,,,,,,,,,,,,,,,,,,,,,,,,,,,,,,,,,,,,,,,,,,,,,,,,High,High,High,,,,,,255.905523,-9.996346,2225.328149,0.984819,2:30,0.157505,-0.953871,-0.255583,-60.710767,-28.42636,-3.227601,176.306388,-10.257841,0.063391,-0.178078,-0.981972,10.278739,-3.634495,0.178078,-0.063391,0.981972,-10.278739,3.634495,-0.178078,0.063391,0.981972,-176.306388,10.257841,-0.063391,0.178078,-0.981972
193,2026-03-24,19:58:29.90,4,2,"Smith, Cade",1000304888,Right,TEX_BOB,"Gonzalez, Rudy",831171,Right,UTR_VAQ,Undefined,6,Top,1,0,1,Fastball,Sinker,FoulBallNotFieldable,Undefined,Undefined,Undefined,0,0,,91.79737,-0.871988,-6.051777,2227.633661,251.361865,2:30,5.10076,2.61622,5.61799,-26.31915,7.43705,18.83296,2.08904,-1.48365,83.83483,-5.731309,-2.714207,0.418165,73.4929,22.38707,143.210707,4793.959514,-92.16278,11.99634,60.04906,145.10698,50.05051,148.498744,1.626601,-11.19922,4.3252,-2.11018,50,5.00892,13.21973,-132.6501,-2.99331,-19.99566,27.82751,-24.45158,TEX_BOB,UTR_VAQ,TexasStateUniversity,D1,SBELT,20260324-TexasStateUniversity-1,b84eebd0-27e5-11f1-b396-7fdcd427690d,90.13764,16.07814,,7.96254,,,,0.17369,1.18806,1.97522,5d42d121-7b79-486a-9f77-85b5a028b7ae,2026-03-25,00:58:29.90,2026-03-24T19:58:29.9086336-05:00,2026-03-25T00:58:29.9086336Z,LineDrive,v3,471452,471407,94d7b8dbc2134927a2dd9771b85d27fc,"Namken, Clayton",10125205,Right,TEX_BOB,f2b91384-787d-4a3b-9ef3-1dd195534fb8,54.88509,-133.67097,13.91376,5.10228,-2.09629,-12.22579,-2.60862,13.95328,-9.99783,,0.17369,-79.81649,0.08262,2.0531,-0.68992,0.20451,-0.04437,0.00818,-0.00091,1.18806,41.05286,-31.27451,4.6611,-1.01157,0.20317,-0.03729,0.00725,-0.00076,1.97522,59.6871,-10.35541,1.23092,-0.16191,-0.00516,0.00311,-0.00033,9E-05,,,,,,,,,,,,,,,,,,,,,,,High,High,High,Medium,Low,,,,253.277851,-9.997941,2193.804803,0.984814,2:30,0.157025,-0.940416,-0.301597,-51.295318,-29.317222,-10.804253,171.701663,-13.145923,0.140545,-0.227432,-0.963598,13.280114,-8.079398,0.227432,-0.140545,0.963598,-13.280114,8.079398,-0.227432,0.140545,0.963598,-171.701663,13.145923,-0.140545,0.227432,-0.963598
194,2026-03-24,19:58:58.61,4,3,"Smith, Cade",1000304888,Right,TEX_BOB,"Gonzalez, Rudy",831171,Right,UTR_VAQ,Undefined,6,Top,1,0,2,Slider,Slider,InPlay,Undefined,GroundBall,Out,2,0,,81.21345,0.921731,-3.260369,2087.20209,357.306788,6:00,4.99686,2.82105,5.10843,-43.57998,-0.0272,0.06256,2.23514,-0.24899,74.77764,-6.971179,-3.249343,0.474984,97.11066,-2.729169,-14.81846,2728.970828,,,,29.48218,29.48218,-14.610778,0.20528,-0.89854,0.10228,-2.51343,50,5.04956,6.70504,-117.74862,0.3107,-1.26688,21.46636,-32.02984,TEX_BOB,UTR_VAQ,TexasStateUniversity,D1,SBELT,20260324-TexasStateUniversity-1,c971f9c0-27e5-11f1-b396-7fdcd427690d,79.3551,2.23073,,6.43582,,,,1.15948,2.23073,0.25388,5d42d121-7b79-486a-9f77-85b5a028b7ae,2026-03-25,00:58:58.61,2026-03-24T19:58:58.6144256-05:00,2026-03-25T00:58:58.6144256Z,GroundBall,v3,471452,471407,94d7b8dbc2134927a2dd9771b85d27fc,"Namken, Clayton",10125205,Right,TEX_BOB,be005040-f18e-4696-83a0-788bea879b09,55.39469,-118.72803,10.73318,5.00204,1.77208,-16.01492,-2.82067,6.76284,-0.63344,64.420302,1.1605,137.46939,-20.2294,,,,,,,2.23168,-6.84305,-19.6456,,,,,,,0.25463,-36.43449,-5.05475,,,,,,,,,,,,,,,,,,,,,,,,,,,,,High,High,High,High,High,,,,215.429471,81.997842,290.56023,0.13921,1:15,-0.996279,-0.06476,-0.056863,-11.750542,54.113709,18.487096,145.168131,-24.532609,0.519608,-0.415211,-0.746731,29.075733,-31.305953,0.415211,-0.519608,0.746731,-29.075733,31.305953,-0.415211,0.519608,0.746731,-145.168131,24.532609,-0.519608,0.415211,-0.746731
195,2026-03-24,20:02:28.75,1,1,"Vercoe, Colton",813183,Right,UTR_VAQ,"Stewart, Jaquae",806457,Left,TEX_BOB,Undefined,6,Bottom,0,0,0,Fastball,Four-Seam,StrikeCalled,Undefined,Undefined,Undefined,0,0,,93.86781,-3.768842,-2.562462,2148.7347,213.358785,1:00,6.38391,0.75732,5.37389,-14.04599,18.59182,11.50599,1.67121,-0.68794,85.41984,-6.430855,-0.519353,0.41118,,,,,,,,,,,,-6.55229,10.77985,-0.53608,50,6.03586,5.53908,-135.81299,-9.40864,-12.18274,31.00099,-12.1309,TEX_BOB,UTR_VAQ,TexasStateUniversity,D1,SBELT,20260324-TexasStateUniversity-1,46a9f1e0-27e6-11f1-b396-7fdcd427690d,91.66894,,,8.44797,,,,,,,5d42d121-7b79-486a-9f77-85b5a028b7ae,2026-03-25,01:02:28.75,2026-03-24T20:02:28.7537152-05:00,2026-03-25T01:02:28.7537152Z,,v3,471452,471407,94d7b8dbc2134927a2dd9771b85d27fc,"Gonzalez, Rudy",831171,Right,UTR_VAQ,9640a42c-879e-499d-a49c-e1f5722dfb49,55.12765,-136.97844,15.5005,6.38099,-8.9526,-6.06545,-0.75293,5.99707,-6.09137,,,,,,,,,,,,,,,,,,,,,,,,,,,,,,,,,,,,,,,,,,,,,,,,,,,High,High,High,,,,,,218.239281,-2.15163,2147.219773,0.999295,1:15,0.04295,-0.614705,-0.787587,-24.313961,5.260556,-29.429406,155.426184,-9.150106,0.410573,-0.159022,-0.897854,10.043666,-24.240859,0.159022,-0.410573,0.897854,-10.043666,24.240859,-0.159022,0.410573,0.897854,-155.426184,9.150106,-0.410573,0.159022,-0.897854
196,2026-03-24,20:02:47.47,1,2,"Vercoe, Colton",813183,Right,UTR_VAQ,"Stewart, Jaquae",806457,Left,TEX_BOB,Undefined,6,Bottom,0,0,1,ChangeUp,Changeup,BallCalled,Undefined,Undefined,Undefined,0,0,,83.93175,-0.776146,-0.751862,1560.794491,222.580159,1:30,6.23284,1.0674,5.11243,-25.68966,15.29772,12.81276,3.36069,1.42673,76.49034,-5.533036,1.515349,0.460783,,,,,,,,,,,,-6.55063,8.22847,-1.00688,50,6.14022,1.02906,-121.71273,-2.52897,-9.79302,24.64626,-19.87269,TEX_BOB,UTR_VAQ,TexasStateUniversity,D1,SBELT,20260324-TexasStateUniversity-1,51d4add0-27e6-11f1-b396-7fdcd427690d,81.80082,,,7.44142,,,,,,,5d42d121-7b79-486a-9f77-85b5a028b7ae,2026-03-25,01:02:47.47,2026-03-24T20:02:47.4766848-05:00,2026-03-25T01:02:47.4766848Z,,v3,471452,471407,94d7b8dbc2134927a2dd9771b85d27fc,"Gonzalez, Rudy",831171,Right,UTR_VAQ,a283f732-c4f8-4d8d-87c7-9c21fc753a0c,55.38673,-122.79868,12.32313,6.23236,-1.65336,-9.93635,-1.06172,1.46055,-4.89651,,,,,,,,,,,,,,,,,,,,,,,,,,,,,,,,,,,,,,,,,,,,,,,,,,,High,High,High,,,,,,223.290855,9.965685,1537.244561,0.984912,1:30,-0.173287,-0.677638,-0.714687,-4.560404,40.458651,42.294681,178.823838,-18.051187,0.019516,-0.309867,-0.95058,18.054745,-1.118263,0.309867,-0.019516,0.95058,-18.054745,1.118263,-0.309867,0.019516,0.95058,-178.823838,18.051187,-0.019516,0.309867,-0.95058
197,2026-03-24,20:03:06.53,1,3,"Vercoe, Colton",813183,Right,UTR_VAQ,"Stewart, Jaquae",806457,Left,TEX_BOB,Undefined,6,Bottom,0,1,1,Fastball,Four-Seam,FoulBallNotFieldable,Undefined,Undefined,Undefined,0,0,,93.24616,-2.940873,-1.515398,2143.856637,204.81416,12:45,6.32715,0.81255,5.20743,-13.00375,20.24387,8.83119,2.47428,0.12295,84.66187,-5.42324,0.048955,0.415003,102.66624,54.491247,45.583547,3878.956256,,,,,59.30557,,,-4.88764,11.33918,-0.67937,50,6.04566,3.15469,-135.04917,-7.35077,-8.96874,31.17033,-11.36686,TEX_BOB,UTR_VAQ,TexasStateUniversity,D1,SBELT,20260324-TexasStateUniversity-1,5d2ce260-27e6-11f1-b396-7fdcd427690d,90.82439,85.8329,,8.58429,,,,2.85517,2.65997,-0.1234,5d42d121-7b79-486a-9f77-85b5a028b7ae,2026-03-25,01:03:06.53,2026-03-24T20:03:06.5310720-05:00,2026-03-25T01:03:06.5310720Z,,v3,471452,471407,94d7b8dbc2134927a2dd9771b85d27fc,"Gonzalez, Rudy",831171,Right,UTR_VAQ,cd318e22-36f4-488b-a4e3-5dfcaec6a5cc,55.29389,-136.26556,15.58516,6.32387,-6.90719,-5.68343,-0.80931,3.50469,-4.48437,193.188058,2.85517,61.20972,-21.727,6.39553,-1.2114,-0.91313,1.97487,-1.66428,0.55632,2.65997,122.57377,-26.90531,2.96256,-0.76704,0.9446,-1.36478,1.09541,-0.36183,-0.1234,62.46954,-14.51344,3.82621,-0.73616,-0.31029,0.77701,-0.66313,0.22235,,,,,,,,,,,,,,,,,,,,,,,High,High,High,High,Undefined,,,,217.711214,1.591798,2143.029327,0.999614,1:15,-0.017286,-0.612066,-0.790618,-30.238065,10.11819,-34.258738,152.25719,-4.774536,0.463888,-0.083235,-0.881975,5.39123,-27.638288,0.083235,-0.463888,0.881975,-5.39123,27.638288,-0.083235,0.463888,0.881975,-152.25719,4.774536,-0.463888,0.083235,-0.881975
198,2026-03-24,20:03:59.00,1,4,"Vercoe, Colton",813183,Right,UTR_VAQ,"Stewart, Jaquae",806457,Left,TEX_BOB,Undefined,6,Bottom,0,1,2,ChangeUp,Changeup,InPlay,Undefined,FlyBall,Out,1,0,,84.98386,-2.521254,-1.945551,1542.333658,222.193451,1:30,6.22581,1.06393,5.1056,-26.70068,13.36422,10.90406,1.62219,0.13869,77.6692,-7.426835,-0.016054,0.455568,101.45784,19.320394,26.431153,2187.558826,96.1687,32.54144,53.39981,325.75111,248.81476,35.195406,3.300536,-6.03768,7.76784,-0.88948,50,5.96727,3.71119,-123.11981,-6.36834,-9.23364,25.28044,-20.29445,TEX_BOB,UTR_VAQ,TexasStateUniversity,D1,SBELT,20260324-TexasStateUniversity-1,7c791f30-27e6-11f1-b396-7fdcd427690d,82.73723,39.86377,,7.31466,,,,2.63386,1.98675,-0.08263,5d42d121-7b79-486a-9f77-85b5a028b7ae,2026-03-25,01:03:59.00,2026-03-24T20:03:59.0089216-05:00,2026-03-25T01:03:59.0089216Z,LineDrive,v3,471452,471407,94d7b8dbc2134927a2dd9771b85d27fc,"Gonzalez, Rudy",831171,Right,UTR_VAQ,fffc3fc8-92c3-4ee4-8c06-b8cdccac63f0,55.39636,-124.22292,12.64022,6.22583,-5.4828,-10.14722,-1.06021,4.11409,-4.61682,231.393861,2.63375,125.74581,-26.12367,6.30415,-1.11083,0.08527,0.01623,-0.00533,0.00047,1.98688,49.23076,-16.75076,0.56714,-0.17819,0.14364,-0.05555,0.01075,-0.00082,-0.08252,62.50426,-1.05432,-0.65797,0.19623,0.00643,-0.01666,0.00395,-0.00031,,,,,,,,,,,,,,,,,,,,,,,High,High,High,High,Medium,,,,227.208915,2.069085,1541.328088,0.999348,1:30,-0.026855,-0.734235,-0.678364,5.877214,44.770593,50.552552,175.767716,-32.324386,0.062364,-0.534712,-0.84273,32.395122,-3.575494,0.534712,-0.062364,0.84273,-32.395122,3.575494,-0.534712,0.062364,0.84273,-175.767716,32.324386,-0.062364,0.534712,-0.84273
199,2026-03-24,20:04:33.18,2,1,"Vercoe, Colton",813183,Right,UTR_VAQ,"Farris, Ethan",815102,Right,TEX_BOB,Undefined,6,Bottom,1,0,0,Slider,Slider,BallCalled,Undefined,Undefined,Undefined,0,0,,81.91545,-2.413146,-1.238693,2592.733886,59.587531,8:00,6.36447,0.8597,5.06323,-45.06278,-2.17536,-5.89374,0.33178,-0.7997,75.99326,-10.4897,-2.283876,0.471342,,,,,,,,,,,,2.62205,-0.1026,-0.73698,50,6.09871,2.81359,-118.83872,-6.67859,3.75853,22.27321,-32.32111,TEX_BOB,UTR_VAQ,TexasStateUniversity,D1,SBELT,20260324-TexasStateUniversity-1,90dab650-27e6-11f1-b396-7fdcd427690d,79.9683,,,5.9222,,,,,,,5d42d121-7b79-486a-9f77-85b5a028b7ae,2026-03-25,01:04:33.18,2026-03-24T20:04:33.1864576-05:00,2026-03-25T01:04:33.1864576Z,,v3,471452,471407,94d7b8dbc2134927a2dd9771b85d27fc,"Gonzalez, Rudy",831171,Right,UTR_VAQ,c71933dc-954a-431f-b910-4995f46615fb,55.44086,-119.85413,11.1366,6.3696,-5.20511,-16.16055,-0.86135,2.64224,1.87926,,,,,,,,,,,,,,,,,,,,,,,,,,,,,,,,,,,,,,,,,,,,,,,,,,,High,High,High,,,,,,84.268627,81.242301,394.759814,0.152256,8:45,-0.993282,0.109747,0.036686,58.129214,-37.092385,-70.207186,166.30563,19.17553,0.223607,0.328463,-0.917666,19.693976,12.921003,0.328463,0.223607,0.917666,-19.693976,-12.921003,-0.328463,-0.223607,0.917666,-166.30563,-19.17553,-0.223607,-0.328463,-0.917666
200,2026-03-24,20:04:51.09,2,2,"Vercoe, Colton",813183,Right,UTR_VAQ,"Farris, Ethan",815102,Right,TEX_BOB,Undefined,6,Bottom,1,1,0,Slider,Slider,StrikeSwinging,Undefined,Undefined,Undefined,0,0,,81.14952,-1.193537,-0.506755,2614.613428,46.023915,7:30,6.3213,0.7978,4.68279,-47.34577,-2.96988,-4.50343,1.24219,-0.05873,74.88832,-9.659474,-1.299652,0.479452,,,,,,,,,,,,2.07579,-0.74173,-0.74196,50,6.15686,1.23699,-117.71602,-4.28918,2.9128,22.33556,-33.21486,TEX_BOB,UTR_VAQ,TexasStateUniversity,D1,SBELT,20260324-TexasStateUniversity-1,9b898b80-27e6-11f1-b396-7fdcd427690d,78.61569,,,6.2612,,,,,,,5d42d121-7b79-486a-9f77-85b5a028b7ae,2026-03-25,01:04:51.09,2026-03-24T20:04:51.0918656-05:00,2026-03-25T01:04:51.0918656Z,,v3,471452,471407,94d7b8dbc2134927a2dd9771b85d27fc,"Gonzalez, Rudy",831171,Right,UTR_VAQ,a91ce74c-e6a3-4e2a-92e5-a7d5a7a81214,55.82033,-118.81524,11.16778,6.32773,-2.65454,-16.60743,-0.7993,1.09364,1.4564,,,,,,,,,,,,,,,,,,,,,,,,,,,,,,,,,,,,,,,,,,,,,,,,,,,High,High,High,,,,,,85.544092,80.912317,412.967213,0.157946,8:45,-0.990366,0.136866,0.021031,49.84714,-35.263201,-73.175349,155.709667,19.191373,0.3885,0.328724,-0.860818,20.900573,22.86117,0.328724,0.3885,0.860818,-20.900573,-22.86117,-0.328724,-0.3885,0.860818,-155.709667,-19.191373,-0.3885,-0.328724,-0.860818
201,2026-03-24,20:05:10.10,2,3,"Vercoe, Colton",813183,Right,UTR_VAQ,"Farris, Ethan",815102,Right,TEX_BOB,Undefined,6,Bottom,1,1,1,Slider,Slider,BallCalled,Undefined,Undefined,Undefined,0,0,,81.21697,-2.731098,-1.129532,2423.201463,71.57263,8:30,6.31115,0.66956,5.10873,-44.3116,-1.04504,-6.74579,0.04283,-0.95697,75.90609,-10.658473,-2.326935,0.473421,,,,,,,,,,,,3.12154,0.45083,-0.55747,50,6.01828,2.59617,-117.90414,-7.23532,4.43657,20.38679,-31.53331,TEX_BOB,UTR_VAQ,TexasStateUniversity,D1,SBELT,20260324-TexasStateUniversity-1,a6d82320-27e6-11f1-b396-7fdcd427690d,79.61715,,,5.31088,,,,,,,5d42d121-7b79-486a-9f77-85b5a028b7ae,2026-03-25,01:05:10.10,2026-03-24T20:05:10.1090816-05:00,2026-03-25T01:05:10.1090816Z,,v3,471452,471407,94d7b8dbc2134927a2dd9771b85d27fc,"Gonzalez, Rudy",831171,Right,UTR_VAQ,a2a97ae8-c715-448b-b054-c7f18ea8f3e9,55.39639,-118.83356,10.19339,6.31536,-5.79773,-15.76666,-0.67122,2.39391,2.21828,,,,,,,,,,,,,,,,,,,,,,,,,,,,,,,,,,,,,,,,,,,,,,,,,,,High,High,High,,,,,,81.416785,79.614026,436.850781,0.180278,8:45,-0.990269,0.131189,0.046436,44.414915,-39.62292,-61.840398,161.098706,24.820922,0.294015,0.419784,-0.858683,26.052568,17.098463,0.419784,0.294015,0.858683,-26.052568,-17.098463,-0.419784,-0.294015,0.858683,-161.098706,-24.820922,-0.294015,-0.419784,-0.858683
202,2026-03-24,20:05:29.00,2,4,"Vercoe, Colton",813183,Right,UTR_VAQ,"Farris, Ethan",815102,Right,TEX_BOB,Undefined,6,Bottom,1,2,1,Fastball,Four-Seam,StrikeCalled,Undefined,Undefined,Undefined,0,0,,92.81794,-4.288365,-1.917794,2216.785527,199.185249,12:45,6.34088,0.85087,5.23872,-11.71477,21.99513,7.2341,1.32408,-0.34956,84.11397,-6.543545,-0.636201,0.417879,,,,,,,,,,,,-4.16792,12.5969,-0.67992,50,5.93732,4.1408,-134.13358,-10.39037,-7.53315,31.16144,-9.40627,TEX_BOB,UTR_VAQ,TexasStateUniversity,D1,SBELT,20260324-TexasStateUniversity-1,b21d6bf0-27e6-11f1-b396-7fdcd427690d,90.19949,,,8.70397,,,,,,,5d42d121-7b79-486a-9f77-85b5a028b7ae,2026-03-25,01:05:29.00,2026-03-24T20:05:29.0084864-05:00,2026-03-25T01:05:29.0084864Z,,v3,471452,471407,94d7b8dbc2134927a2dd9771b85d27fc,"Gonzalez, Rudy",831171,Right,UTR_VAQ,2d33b4c7-1118-4ca3-b3c0-f63fd6aa72a6,55.25995,-135.35004,15.58072,6.33576,-10.02318,-4.70313,-0.84731,4.43488,-3.76657,,,,,,,,,,,,,,,,,,,,,,,,,,,,,,,,,,,,,,,,,,,,,,,,,,,High,High,High,,,,,,218.539722,2.521054,2214.639957,0.999032,1:15,-0.023471,-0.624,-0.781071,-43.009233,14.889429,-17.545068,158.802552,2.624036,0.361204,0.045782,-0.931362,2.814167,21.17415,0.045782,0.361204,0.931362,-2.814167,-21.17415,-0.045782,-0.361204,0.931362,-158.802552,-2.624036,-0.361204,-0.045782,-0.931362
203,2026-03-24,20:05:47.10,2,5,"Vercoe, Colton",813183,Right,UTR_VAQ,"Farris, Ethan",815102,Right,TEX_BOB,Undefined,6,Bottom,1,2,2,Slider,Slider,BallCalled,Undefined,Undefined,Undefined,0,0,,82.28871,-2.771543,-2.710275,2882.602522,70.760134,8:15,6.36967,0.79843,5.08289,-45.29089,-2.33347,-10.66469,-0.02214,-2.64705,75.83409,-10.881026,-4.598343,0.471727,,,,,,,,,,,,4.52229,0.05402,-0.53273,50,6.07088,6.08758,-119.12035,-7.45608,6.45121,24.41492,-32.09698,TEX_BOB,UTR_VAQ,TexasStateUniversity,D1,SBELT,20260324-TexasStateUniversity-1,bce93f00-27e6-11f1-b396-7fdcd427690d,79.90312,,,6.45462,,,,,,,5d42d121-7b79-486a-9f77-85b5a028b7ae,2026-03-25,01:05:47.10,2026-03-24T20:05:47.1098880-05:00,2026-03-25T01:05:47.1098880Z,,v3,471452,471407,94d7b8dbc2134927a2dd9771b85d27fc,"Gonzalez, Rudy",831171,Right,UTR_VAQ,dd848511-8aae-44e7-8dd4-6c756d5b57b2,55.41985,-120.22607,12.20746,6.37564,-6.00245,-16.04849,-0.80181,5.79542,3.2256,,,,,,,,,,,,,,,,,,,,,,,,,,,,,,,,,,,,,,,,,,,,,,,,,,,High,High,High,,,,,,76.850882,81.148612,443.552105,0.153872,8:30,-0.991413,0.101885,0.081975,52.007994,-20.450838,-65.528503,158.368076,26.285728,0.330524,0.442848,-0.833451,27.983616,19.300566,0.442848,0.330524,0.833451,-27.983616,-19.300566,-0.442848,-0.330524,0.833451,-158.368076,-26.285728,-0.330524,-0.442848,-0.833451
204,2026-03-24,20:06:11.99,2,6,"Vercoe, Colton",813183,Right,UTR_VAQ,"Farris, Ethan",815102,Right,TEX_BOB,Undefined,6,Bottom,1,3,2,Fastball,Four-Seam,StrikeSwinging,Strikeout,Undefined,Undefined,0,0,,92.31694,-3.779105,-2.02606,2018.206385,190.648369,12:15,6.29781,0.86808,5.44549,-14.7117,19.03938,3.3574,1.52602,-0.74997,83.80367,-6.569914,-1.428931,0.418134,,,,,,,,,,,,-2.28894,11.0478,-0.6913,50,5.95335,4.56658,-133.53693,-9.27902,-4.10228,30.75832,-12.37398,TEX_BOB,UTR_VAQ,TexasStateUniversity,D1,SBELT,20260324-TexasStateUniversity-1,cbbe1730-27e6-11f1-b396-7fdcd427690d,90.14446,,,8.51327,,,,,,,5d42d121-7b79-486a-9f77-85b5a028b7ae,2026-03-25,01:06:11.99,2026-03-24T20:06:11.9910000-05:00,2026-03-25T01:06:11.9910000Z,,v3,471452,471407,94d7b8dbc2134927a2dd9771b85d27fc,"Gonzalez, Rudy",831171,Right,UTR_VAQ,15911910-9d9a-4499-b020-1cc908732f50,55.05332,-134.69586,15.37916,6.29419,-8.81279,-6.18699,-0.86627,4.72115,-2.05114,,,,,,,,,,,,,,,,,,,,,,,,,,,,,63.62011,,,1.104468,,,,-2.50277,4.70875,3.9156,81.97308,6.03288,42.82058,-2.48601,83.8175,-6.72122,4.74193,20.89702,-18.01328,3.90124,34.57402,0.66497,High,High,High,,,Medium,Low,Low,219.504867,-3.76487,2013.850925,0.997842,1:15,0.080071,-0.629063,-0.77322,-35.569016,8.482372,-26.018362,152.712067,-0.94616,0.4584,-0.016513,-0.888593,1.064614,-27.283903,0.016513,-0.4584,0.888593,-1.064614,27.283903,-0.016513,0.4584,0.888593,-152.712067,0.94616,-0.4584,0.016513,-0.888593
205,2026-03-24,20:06:45.13,3,1,"Vercoe, Colton",813183,Right,UTR_VAQ,"Namken, Clayton",10125205,Right,TEX_BOB,Undefined,6,Bottom,2,0,0,Slider,Slider,BallCalled,Undefined,Undefined,Undefined,0,0,,82.12765,-2.554573,-0.471973,2632.191237,82.710569,8:45,6.24668,0.89746,5.01172,-41.89487,0.57992,-4.86685,0.34253,0.04639,76.54166,-10.060569,-1.33421,0.469069,,,,,,,,,,,,2.32996,1.21957,-0.84797,50,5.96702,1.18264,-119.22792,-6.87185,3.38408,20.98715,-30.40274,TEX_BOB,UTR_VAQ,TexasStateUniversity,D1,SBELT,20260324-TexasStateUniversity-1,df7ba620-27e6-11f1-b396-7fdcd427690d,80.3558,,,5.586,,,,,,,5d42d121-7b79-486a-9f77-85b5a028b7ae,2026-03-25,01:06:45.13,2026-03-24T20:06:45.1388416-05:00,2026-03-25T01:06:45.1388416Z,,v3,471452,471407,94d7b8dbc2134927a2dd9771b85d27fc,"Gonzalez, Rudy",831171,Right,UTR_VAQ,4b17a6d2-f1a6-4463-adef-1166285eea4a,55.49305,-120.19095,10.49358,6.25034,-5.47677,-15.20137,-0.89868,1.02735,1.69204,,,,,,,,,,,,,,,,,,,,,,,,,,,,,,,,,,,,,,,,,,,,,,,,,,,High,High,High,,,,,,105.703708,83.07723,317.261609,0.120531,9:30,-0.99713,0.071671,-0.02441,30.220218,-56.947246,-46.914937,161.747395,24.882206,0.284133,0.420754,-0.86153,26.029959,16.507058,0.420754,0.284133,0.86153,-26.029959,-16.507058,-0.420754,-0.284133,0.86153,-161.747395,-24.882206,-0.284133,-0.420754,-0.86153
206,2026-03-24,20:07:04.39,3,2,"Vercoe, Colton",813183,Right,UTR_VAQ,"Namken, Clayton",10125205,Right,TEX_BOB,Undefined,6,Bottom,2,1,0,Fastball,Four-Seam,BallCalled,Undefined,Undefined,Undefined,0,0,,92.99675,-4.004299,-3.282775,2159.518121,208.877037,1:00,6.437,0.65894,5.67927,-11.24146,21.62304,11.31111,1.755,-1.46216,84.70721,-6.183936,-1.265612,0.412606,,,,,,,,,,,,-6.65406,12.43001,-0.38906,50,6.09141,7.19752,-134.5007,-9.71835,-12.16258,29.76633,-9.45387,TEX_BOB,UTR_VAQ,TexasStateUniversity,D1,SBELT,20260324-TexasStateUniversity-1,eaf8c7d0-27e6-11f1-b396-7fdcd427690d,91.35224,,,8.28953,,,,,,,5d42d121-7b79-486a-9f77-85b5a028b7ae,2026-03-25,01:07:04.39,2026-03-24T20:07:04.3945984-05:00,2026-03-25T01:07:04.3945984Z,,v3,471452,471407,94d7b8dbc2134927a2dd9771b85d27fc,"Gonzalez, Rudy",831171,Right,UTR_VAQ,e172aa8c-4dd8-4627-9d69-18c6ad575bc5,54.82124,-135.56349,14.88316,6.43238,-9.3808,-4.72694,-0.65379,7.63178,-6.08129,,,,,,,,,,,,,,,,,,,,,,,,,,,,,,,,,,,,,,,,,,,,,,,,,,,High,High,High,,,,,,215.590143,1.682032,2158.587615,0.999569,1:15,-0.035224,-0.582362,-0.812166,-41.287346,15.670935,-21.560796,156.725866,3.847697,0.39424,0.067105,-0.916554,4.187376,23.218595,0.067105,0.39424,0.916554,-4.187376,-23.218595,-0.067105,-0.39424,0.916554,-156.725866,-3.847697,-0.39424,-0.067105,-0.916554
207,2026-03-24,20:07:24.68,3,3,"Vercoe, Colton",813183,Right,UTR_VAQ,"Namken, Clayton",10125205,Right,TEX_BOB,Undefined,6,Bottom,2,2,0,Slider,Curveball,StrikeCalled,Undefined,Undefined,Undefined,0,0,,80.66703,-0.814711,-0.627718,2518.493816,51.755623,7:45,6.33584,0.71911,4.71824,-47.71916,-2.93382,-5.46091,1.58598,-0.3317,74.48503,-9.358,-1.589449,0.481659,,,,,,,,,,,,2.5228,-0.84823,-0.65048,50,6.21053,1.51686,-117.05386,-3.49433,3.5044,21.84844,-33.35233,TEX_BOB,UTR_VAQ,TexasStateUniversity,D1,SBELT,20260324-TexasStateUniversity-1,f7155dd0-27e6-11f1-b396-7fdcd427690d,78.2555,,,6.182,,,,,,,5d42d121-7b79-486a-9f77-85b5a028b7ae,2026-03-25,01:07:24.68,2026-03-24T20:07:24.6827008-05:00,2026-03-25T01:07:24.6827008Z,,v3,471452,471407,94d7b8dbc2134927a2dd9771b85d27fc,"Gonzalez, Rudy",831171,Right,UTR_VAQ,48fd3f07-349e-4957-9d53-b6d68f6dabf9,55.78527,-118.12876,10.92422,6.34209,-1.85346,-16.67616,-0.72087,1.34446,1.7522,,,,,,,,,,,,,,,,,,,,,,,,,,,,,,,,,,,,,,,,,,,,,,,,,,,High,High,High,,,,,,86.501714,80.810403,402.208365,0.159702,9:00,-0.989166,0.145352,0.020583,59.467701,-30.898418,-68.287006,167.065665,24.761214,0.203255,0.418837,-0.885021,25.325917,11.727377,0.418837,0.203255,0.885021,-25.325917,-11.727377,-0.418837,-0.203255,0.885021,-167.065665,-24.761214,-0.203255,-0.418837,-0.885021
208,2026-03-24,20:07:45.44,3,4,"Vercoe, Colton",813183,Right,UTR_VAQ,"Namken, Clayton",10125205,Right,TEX_BOB,Undefined,6,Bottom,2,2,1,Fastball,Four-Seam,BallCalled,Undefined,Undefined,Undefined,0,0,,93.53218,-4.878159,-2.283624,2191.506027,199.541434,12:45,6.27386,0.70173,5.77463,-11.64174,20.71147,6.96729,0.7496,-0.84388,85.43857,-7.116,-1.037275,0.409383,,,,,,,,,,,,-4.2176,12.29075,-0.51728,50,5.86266,5.08739,-135.28589,-11.873,-7.80446,29.93568,-9.43057,TEX_BOB,UTR_VAQ,TexasStateUniversity,D1,SBELT,20260324-TexasStateUniversity-1,037abca0-27e7-11f1-b396-7fdcd427690d,92.07127,,,8.09361,,,,,,,5d42d121-7b79-486a-9f77-85b5a028b7ae,2026-03-25,01:07:45.44,2026-03-24T20:07:45.4426112-05:00,2026-03-25T01:07:45.4426112Z,,v3,471452,471407,94d7b8dbc2134927a2dd9771b85d27fc,"Gonzalez, Rudy",831171,Right,UTR_VAQ,099c860c-a6ba-443a-a68e-8ae6d595f18f,54.72734,-136.32792,14.96784,6.27024,-11.54473,-4.71529,-0.6991,5.35906,-3.90223,,,,,,,,,,,,,,,,,,,,,,,,,,,,,,,,,,,,,,,,,,,,,,,,,,,High,High,High,,,,,,216.600036,-2.089081,2190.049461,0.999335,1:15,0.054952,-0.590571,-0.805113,-27.795818,-1.306644,-46.592969,153.308172,3.255732,0.448467,0.056793,-0.891993,3.643069,26.645343,0.056793,0.448467,0.891993,-3.643069,-26.645343,-0.056793,-0.448467,0.891993,-153.308172,-3.255732,-0.448467,-0.056793,-0.891993
209,2026-03-24,20:08:06.01,3,5,"Vercoe, Colton",813183,Right,UTR_VAQ,"Namken, Clayton",10125205,Right,TEX_BOB,Undefined,6,Bottom,2,3,1,Fastball,Sinker,FoulBallNotFieldable,Undefined,Undefined,Undefined,0,0,,92.60856,-2.303231,-1.692913,2152.980859,236.652068,2:00,6.27483,0.87229,4.90423,-21.603,12.32757,17.04277,2.29413,0.69095,84.5485,-6.273245,1.311677,0.419244,,,,,,,,,,,,-8.91666,7.06898,-0.72179,50,6.03167,3.13248,-134.19159,-6.24741,-16.22681,29.57431,-19.30972,TEX_BOB,UTR_VAQ,TexasStateUniversity,D1,SBELT,20260324-TexasStateUniversity-1,0fae3600-27e7-11f1-b396-7fdcd427690d,89.90568,,,8.06005,,,,,,,5d42d121-7b79-486a-9f77-85b5a028b7ae,2026-03-25,01:08:06.01,2026-03-24T20:08:06.0140544-05:00,2026-03-25T01:08:06.0140544Z,,v3,471452,471407,94d7b8dbc2134927a2dd9771b85d27fc,"Gonzalez, Rudy",831171,Right,UTR_VAQ,b17420a4-91a2-476d-a8d2-0bcf6df85de1,55.59766,-135.41963,14.78716,6.27444,-5.44559,-9.65486,-0.86585,3.80628,-8.11341,,,,,,,,,,,,,,,,,,,,,,,,,,,,,,,,,,,,,,,,,,,,,,,,,,,High,High,High,,,,,,215.341054,4.810033,2145.398474,0.996478,1:15,-0.084607,-0.579309,-0.810705,-40.474723,13.087765,-39.623506,151.212548,5.001976,0.479728,0.08719,-0.873075,5.702968,28.667626,0.08719,0.479728,0.873075,-5.702968,-28.667626,-0.08719,-0.479728,0.873075,-151.212548,-5.001976,-0.479728,-0.08719,-0.873075
210,2026-03-24,20:08:42.18,3,6,"Vercoe, Colton",813183,Right,UTR_VAQ,"Namken, Clayton",10125205,Right,TEX_BOB,Undefined,6,Bottom,2,3,2,Slider,Slider,FoulBallNotFieldable,Undefined,Undefined,Undefined,0,0,,82.06028,-1.673505,-1.271616,2650.606404,74.542014,8:30,6.30455,0.81945,4.91392,-43.20054,-0.58346,-6.38552,1.1212,-0.91531,76.48669,-9.408525,-2.399706,0.469854,48.4784,-31.789916,-62.769363,,,,,5.2629,5.2629,-15.28345,0.040707,2.88469,0.40307,-0.68954,50,6.10433,2.91152,-119.17797,-5.10856,4.19191,20.67789,-31.58833,TEX_BOB,UTR_VAQ,TexasStateUniversity,D1,SBELT,20260324-TexasStateUniversity-1,25414840-27e7-11f1-b396-7fdcd427690d,80.22155,1.53192,,5.57359,,,,3.94578,1.53192,0.8105,5d42d121-7b79-486a-9f77-85b5a028b7ae,2026-03-25,01:08:42.18,2026-03-24T20:08:42.1880832-05:00,2026-03-25T01:08:42.1880832Z,GroundBall,v3,471452,471407,94d7b8dbc2134927a2dd9771b85d27fc,"Gonzalez, Rudy",831171,Right,UTR_VAQ,1542fb68-4438-473f-a760-eb742e8be554,55.59113,-120.14414,10.33894,6.30855,-3.6326,-15.79416,-0.821,2.71565,2.09595,,3.94493,27.78368,,,,,,,,1.53307,-37.63295,,,,,,,,0.81216,-53.99016,,,,,,,,,,,,,,,,,,,,,,,,,,,,,,High,High,High,Estimated,Estimated,,,,78.024354,82.506383,345.680777,0.130416,8:30,-0.993917,0.098568,0.04913,51.550368,-32.559808,-67.069338,160.346725,22.084541,0.311651,0.375974,-0.872649,23.308421,18.15876,0.375974,0.311651,0.872649,-23.308421,-18.15876,-0.375974,-0.311651,0.872649,-160.346725,-22.084541,-0.311651,-0.375974,-0.872649
211,2026-03-24,20:09:07.66,3,7,"Vercoe, Colton",813183,Right,UTR_VAQ,"Namken, Clayton",10125205,Right,TEX_BOB,Undefined,6,Bottom,2,3,2,Slider,Slider,FoulBallNotFieldable,Undefined,Undefined,Undefined,0,0,,80.7127,-2.124295,-0.624405,2481.832851,57.162831,8:00,6.24846,0.83815,4.61157,-47.22841,-2.41752,-5.79335,0.29177,-0.23838,75.0016,-10.520909,-1.643692,0.481796,67.20466,-12.57498,-55.641819,,,,,5.92055,3.66079,-23.860961,0.032346,2.70728,-0.32874,-0.76814,50,5.98548,1.52212,-117.09377,-6.1639,3.77576,21.17187,-32.63251,TEX_BOB,UTR_VAQ,TexasStateUniversity,D1,SBELT,20260324-TexasStateUniversity-1,34768ff0-27e7-11f1-b396-7fdcd427690d,78.23316,0.69486,,5.7111,,,,3.65653,0.69486,0.17653,5d42d121-7b79-486a-9f77-85b5a028b7ae,2026-03-25,01:09:07.66,2026-03-24T20:09:07.6648960-05:00,2026-03-25T01:09:07.6648960Z,GroundBall,v3,471452,471407,94d7b8dbc2134927a2dd9771b85d27fc,"Gonzalez, Rudy",831171,Right,UTR_VAQ,204a4f5f-cb99-45f1-8954-af7e5b04d1ca,55.8932,-118.15452,10.58594,6.25335,-4.52895,-16.31625,-0.83966,1.33295,1.88788,,3.65624,54.34922,,,,,,,,0.69497,-21.48181,,,,,,,,0.17696,-79.49944,,,,,,,,,,,,,,,,,,,,,,,,,,,,,,High,High,High,Estimated,Estimated,,,,78.196859,81.458264,368.626139,0.14853,8:30,-0.993227,0.108633,0.041208,66.175055,-24.29803,-68.838128,170.49702,23.722646,0.151149,0.40231,-0.90294,24.015608,8.693498,0.40231,0.151149,0.90294,-24.015608,-8.693498,-0.40231,-0.151149,0.90294,-170.49702,-23.722646,-0.151149,-0.40231,-0.90294
212,2026-03-24,20:09:34.87,3,8,"Vercoe, Colton",813183,Right,UTR_VAQ,"Namken, Clayton",10125205,Right,TEX_BOB,Undefined,6,Bottom,2,3,2,Fastball,Four-Seam,StrikeSwinging,Strikeout,Undefined,Undefined,0,0,,93.10497,-2.438361,-2.261271,2103.050831,202.332966,12:45,6.31397,0.80745,5.42773,-12.3852,20.79383,8.06103,2.99487,-0.63988,84.21117,-4.831362,-0.82863,0.414575,,,,,,,,,,,,-4.72343,11.51804,-0.61251,50,6.08928,4.93994,-134.8089,-6.0933,-8.61303,31.80048,-11.17124,TEX_BOB,UTR_VAQ,TexasStateUniversity,D1,SBELT,20260324-TexasStateUniversity-1,44a811f0-27e7-11f1-b396-7fdcd427690d,90.91825,,,8.8938,,,,,,,5d42d121-7b79-486a-9f77-85b5a028b7ae,2026-03-25,01:09:34.87,2026-03-24T20:09:34.8750000-05:00,2026-03-25T01:09:34.8750000Z,,v3,471452,471407,94d7b8dbc2134927a2dd9771b85d27fc,"Gonzalez, Rudy",831171,Right,UTR_VAQ,c1da7a8e-dd21-4737-b36f-736f90e96916,55.07121,-135.9999,15.90024,6.30965,-5.67491,-5.58562,-0.80356,5.26252,-4.30651,,,,,,,,,,,,,,,,,,,,,,,,,,,,,49.74122,2.415398,0.925798,1.4896,-1.06516,2.78203,0.67434,-5.41627,2.27735,5.76725,71.84379,7.19431,52.95538,-5.3155,58.01595,-4.1668,2.4601,27.7091,-16.44867,5.70787,32.24361,-0.35899,High,High,High,,,High,Medium,High,218.962154,9.81341,2072.279062,0.985368,1:15,-0.174044,-0.626297,-0.759909,-39.900371,12.53961,-36.655358,156.819716,-1.279982,0.393527,-0.022338,-0.919041,1.392346,-23.174163,0.022338,-0.393527,0.919041,-1.392346,23.174163,-0.022338,0.393527,0.919041,-156.819716,1.279982,-0.393527,0.022338,-0.919041
213,2026-03-24,20:12:29.41,1,1,"Targac, Titan",1000133872,Left,TEX_BOB,"Garza-Gongora, Rocco",805037,Left,UTR_VAQ,Undefined,7,Top,0,0,0,Fastball,Four-Seam,StrikeCalled,Undefined,Undefined,Undefined,0,0,,89.47874,-2.521603,1.321693,1899.748732,172.698734,11:45,5.71356,-0.79535,5.82082,-19.58048,15.28607,-1.82232,1.73519,0.28188,82.3112,-6.186456,0.995013,0.424987,,,,,,,,,,,,1.27854,8.80284,0.68826,50,5.4954,-2.91946,-129.89457,-6.34427,2.19564,25.90231,-17.05706,TEX_BOB,UTR_VAQ,TexasStateUniversity,D1,SBELT,20260324-TexasStateUniversity-1,acb57da0-27e7-11f1-b396-7fdcd427690d,88.69073,,,7.16754,,,,,,,5d42d121-7b79-486a-9f77-85b5a028b7ae,2026-03-25,01:12:29.41,2026-03-24T20:12:29.4128640-05:00,2026-03-25T01:12:29.4128640Z,,v3,471452,471407,94d7b8dbc2134927a2dd9771b85d27fc,"Namken, Clayton",10125205,Right,TEX_BOB,c0dd23f0-f534-4dad-b5ef-31f76913c979,54.68034,-130.82455,12.95116,5.71219,-5.73187,-8.52853,0.79449,-2.99829,1.09782,,,,,,,,,,,,,,,,,,,,,,,,,,,,,,,,,,,,,,,,,,,,,,,,,,,High,High,High,,,,,,163.337569,-22.045233,1760.853978,0.926888,11:30,0.383667,0.282025,-0.879353,26.113842,-38.413881,-9.20468,163.374327,5.137666,0.284968,0.089549,-0.954345,5.36054,16.556951,0.089549,0.284968,0.954345,-5.36054,-16.556951,-0.089549,-0.284968,0.954345,-163.374327,-5.137666,-0.284968,-0.089549,-0.954345
214,2026-03-24,20:12:44.41,1,2,"Targac, Titan",1000133872,Left,TEX_BOB,"Garza-Gongora, Rocco",805037,Left,UTR_VAQ,Undefined,7,Top,0,0,1,Slider,Slider,StrikeCalled,Undefined,Undefined,Undefined,0,0,,82.12104,-1.523802,-0.280577,2109.023999,239.958021,2:00,5.85675,-0.89641,5.21289,-35.74002,6.2676,8.81044,1.44511,-0.42606,76.35764,-8.004905,1.283619,0.466483,,,,,,,,,,,,-4.49937,3.85303,0.91538,50,5.68879,0.22274,-119.33223,-4.44703,-6.566,20.37628,-26.55131,TEX_BOB,UTR_VAQ,TexasStateUniversity,D1,SBELT,20260324-TexasStateUniversity-1,b5a1bb40-27e7-11f1-b396-7fdcd427690d,80.80138,,,5.7634,,,,,,,5d42d121-7b79-486a-9f77-85b5a028b7ae,2026-03-25,01:12:44.41,2026-03-24T20:12:44.4136960-05:00,2026-03-25T01:12:44.4136960Z,,v3,471452,471407,94d7b8dbc2134927a2dd9771b85d27fc,"Namken, Clayton",10125205,Right,TEX_BOB,961099cc-bcf2-45fe-9a5c-b73ea2603fad,55.2906,-120.23222,10.18814,5.8593,-3.2743,-13.27565,0.89913,0.51275,-3.283,,,,,,,,,,,,,,,,,,,,,,,,,,,,,,,,,,,,,,,,,,,,,,,,,,,High,High,High,,,,,,235.329337,-74.20319,574.132582,0.272227,1:45,0.967077,-0.198222,-0.159596,-36.857175,-10.135725,-8.541342,107.451271,8.9827,0.942272,0.156136,-0.296217,27.79379,70.436744,0.156136,0.942272,0.296217,-27.79379,-70.436744,-0.156136,-0.942272,0.296217,-107.451271,-8.9827,-0.942272,-0.156136,-0.296217
215,2026-03-24,20:13:00.62,1,3,"Targac, Titan",1000133872,Left,TEX_BOB,"Garza-Gongora, Rocco",805037,Left,UTR_VAQ,Undefined,7,Top,0,0,2,Fastball,Four-Seam,StrikeSwinging,Strikeout,Undefined,Undefined,0,0,,90.98467,-0.942742,-0.449834,1919.003632,164.265676,11:30,5.91827,-0.75888,5.9567,-15.38863,18.33773,-4.8591,3.76148,-1.58099,82.8947,-3.891082,-1.322887,0.41798,,,,,,,,,,,,2.38894,10.04678,0.79745,50,5.8349,1.24024,-132.17837,-2.61882,4.21017,29.17969,-14.46793,TEX_BOB,UTR_VAQ,TexasStateUniversity,D1,SBELT,20260324-TexasStateUniversity-1,bf411c40-27e7-11f1-b396-7fdcd427690d,90.17751,,,8.08997,,,,,,,5d42d121-7b79-486a-9f77-85b5a028b7ae,2026-03-25,01:13:00.62,2026-03-24T20:13:00.6202368-05:00,2026-03-25T01:13:00.6202368Z,,v3,471452,471407,94d7b8dbc2134927a2dd9771b85d27fc,"Namken, Clayton",10125205,Right,TEX_BOB,dc06a4b1-c601-4e49-bc81-7bc6156f9948,54.54544,-133.17804,14.58985,5.91612,-2.12316,-7.23396,0.75744,1.096,2.10509,,,,,,,,,,,,,,,,,,,,,,,,,,,,,,,,,,,,,,,,,,,,,,,,,,,High,High,High,,,,,,161.64111,-24.953106,1739.871121,0.906653,11:30,0.410352,0.292469,-0.863755,27.894949,-37.750712,1.370676,168.324386,10.930169,0.198699,0.189612,-0.961543,11.155369,11.460909,0.189612,0.198699,0.961543,-11.155369,-11.460909,-0.189612,-0.198699,0.961543,-168.324386,-10.930169,-0.198699,-0.189612,-0.961543
216,2026-03-24,20:16:47.73,2,1,"Targac, Titan",1000133872,Left,TEX_BOB,"Williams, Thomas",1000123122,Right,UTR_VAQ,Undefined,7,Top,1,0,0,Fastball,Four-Seam,BallCalled,Undefined,Undefined,Undefined,0,0,,89.49229,-2.608634,-0.122074,1880.280081,160.840519,11:15,5.91977,-0.99015,6.00609,-18.35351,16.55241,-5.34784,1.97164,-1.54891,81.61398,-6.084477,-1.084394,0.425227,,,,,,,,,,,,2.70677,9.61367,1.00261,50,5.70451,0.50187,-129.854,-6.4573,4.60118,28.32064,-15.83213,TEX_BOB,UTR_VAQ,TexasStateUniversity,D1,SBELT,20260324-TexasStateUniversity-1,46a5e850-27e8-11f1-b396-7fdcd427690d,88.64069,,,7.87831,,,,,,,5d42d121-7b79-486a-9f77-85b5a028b7ae,2026-03-25,01:16:47.73,2026-03-24T20:16:47.7307392-05:00,2026-03-25T01:16:47.7307392Z,,v3,471452,471407,94d7b8dbc2134927a2dd9771b85d27fc,"Namken, Clayton",10125205,Right,TEX_BOB,e17bdc28-9c87-4b29-ad4b-18afb868215f,54.49378,-130.83041,14.16032,5.91773,-5.91146,-7.91607,0.98803,0.34324,2.30059,,,,,,,,,,,,,,,,,,,,,,,,,,,,,,,,,,,,,,,,,,,,,,,,,,,High,High,High,,,,,,153.650565,-15.924867,1808.11929,0.961622,11:00,0.25283,0.438856,-0.862254,30.299704,-34.583628,19.914272,170.025251,10.786157,0.170154,0.187144,-0.967484,10.94773,9.796766,0.187144,0.170154,0.967484,-10.94773,-9.796766,-0.187144,-0.170154,0.967484,-170.025251,-10.786157,-0.170154,-0.187144,-0.967484
217,2026-03-24,20:17:02.48,2,2,"Targac, Titan",1000133872,Left,TEX_BOB,"Williams, Thomas",1000123122,Right,UTR_VAQ,Undefined,7,Top,1,1,0,Fastball,Four-Seam,InPlay,Undefined,LineDrive,Single,0,0,,89.72865,-1.771876,1.844151,1929.129583,162.774839,11:30,5.79812,-0.84296,5.6805,-19.1991,15.80387,-4.55394,2.54503,0.4973,82.06246,-5.377995,1.030403,0.425818,97.99215,12.261532,-20.502493,1101.749768,102.08805,18.14805,-40.96149,262.06286,256.21928,-24.629778,2.338989,2.85713,8.88437,0.69051,50,5.63681,-4.00063,-130.23069,-4.65275,4.90384,27.49949,-16.92519,TEX_BOB,UTR_VAQ,TexasStateUniversity,D1,SBELT,20260324-TexasStateUniversity-1,4f715780-27e8-11f1-b396-7fdcd427690d,88.51775,18.98548,,7.66619,,,,3.4178,2.80606,-0.45018,5d42d121-7b79-486a-9f77-85b5a028b7ae,2026-03-25,01:17:02.48,2026-03-24T20:17:02.4860672-05:00,2026-03-25T01:17:02.4860672Z,LineDrive,v3,471452,471407,94d7b8dbc2134927a2dd9771b85d27fc,"Namken, Clayton",10125205,Right,TEX_BOB,33a0e7e0-b0ef-42c5-98e6-458d14f9f78d,54.82211,-131.24497,13.74975,5.79691,-4.02848,-8.4626,0.8414,-4.1815,2.45192,128.978415,3.4178,131.54689,-18.63413,3.40803,-0.69175,0.12068,-0.01781,0.0018,-8E-05,2.80606,30.52279,-15.22674,0.87483,-0.11082,0.023,-0.0036,0.00075,-9E-05,-0.45018,-49.18998,0.54226,0.56063,-0.20905,0.04825,-0.00656,0.00013,6E-05,,,,,,,,,,,,,,,,,,,,,,,High,High,High,High,Medium,,,,157.848848,-23.524583,1768.797513,0.916889,11:15,0.41539,0.35789,-0.836281,33.137767,-36.806123,-14.521279,165.402389,5.235192,0.250978,0.091244,-0.963683,5.408803,14.535374,0.091244,0.250978,0.963683,-5.408803,-14.535374,-0.091244,-0.250978,0.963683,-165.402389,-5.235192,-0.250978,-0.091244,-0.963683
218,2026-03-24,20:17:41.96,3,1,"Targac, Titan",1000133872,Left,TEX_BOB,"Raygoza, Armani",831193,Left,UTR_VAQ,Undefined,7,Top,1,0,0,Fastball,Four-Seam,BallCalled,Undefined,Undefined,Undefined,0,0,,87.3386,0.090595,0.570033,1864.164122,169.398172,11:45,5.83289,-0.93758,5.70754,-19.90127,16.78749,-2.93603,4.25887,-0.65111,80.07648,-3.655816,0.044963,0.435951,,,,,,,,,,,,1.64039,8.84662,0.89164,50,5.82817,-1.13797,-126.89957,-0.41744,2.68784,24.79311,-17.67859,TEX_BOB,UTR_VAQ,TexasStateUniversity,D1,SBELT,20260324-TexasStateUniversity-1,66fb09a0-27e8-11f1-b396-7fdcd427690d,86.46021,,,7.26212,,,,,,,5d42d121-7b79-486a-9f77-85b5a028b7ae,2026-03-25,01:17:41.96,2026-03-24T20:17:41.9681792-05:00,2026-03-25T01:17:41.9681792Z,,v3,471452,471407,94d7b8dbc2134927a2dd9771b85d27fc,"Namken, Clayton",10125205,Right,TEX_BOB,e935e1ea-aa3b-4d1d-be8e-cebe259e6cef,54.79304,-127.83258,12.39655,5.83137,0.24784,-8.83929,0.93637,-1.23912,1.34392,,,,,,,,,,,,,,,,,,,,,,,,,,,,,,,,,,,,,,,,,,,,,,,,,,,High,High,High,,,,,,158.966131,-23.314685,1711.94575,0.918345,11:15,0.40481,0.328986,-0.853169,33.189874,-31.769194,-5.324256,172.243565,11.470376,0.132267,0.198861,-0.971061,11.573446,7.600596,0.198861,0.132267,0.971061,-11.573446,-7.600596,-0.198861,-0.132267,0.971061,-172.243565,-11.470376,-0.132267,-0.198861,-0.971061
219,2026-03-24,20:18:03.73,3,2,"Targac, Titan",1000133872,Left,TEX_BOB,"Raygoza, Armani",831193,Left,UTR_VAQ,Undefined,7,Top,1,1,0,Slider,Slider,BallCalled,Undefined,Undefined,Undefined,0,0,,80.06195,-1.669854,0.194299,2064.561774,248.434117,2:15,5.89114,-0.99269,5.32827,-40.34026,4.49969,7.57323,0.96207,-0.17926,73.27755,-9.022135,1.542584,0.481952,,,,,,,,,,,,-3.75232,3.19323,0.96942,50,5.71113,-0.6989,-116.10874,-4.76722,-5.08248,23.32152,-27.84886,TEX_BOB,UTR_VAQ,TexasStateUniversity,D1,SBELT,20260324-TexasStateUniversity-1,740226b0-27e8-11f1-b396-7fdcd427690d,78.20784,,,6.7844,,,,,,,5d42d121-7b79-486a-9f77-85b5a028b7ae,2026-03-25,01:18:03.73,2026-03-24T20:18:03.7310464-05:00,2026-03-25T01:18:03.7310464Z,,v3,471452,471407,94d7b8dbc2134927a2dd9771b85d27fc,"Namken, Clayton",10125205,Right,TEX_BOB,e6d9fdea-71fb-44de-8c86-2e692b96829a,55.17281,-117.14314,11.66076,5.89518,-3.53202,-13.92443,0.99542,-0.47348,-2.54124,,,,,,,,,,,,,,,,,,,,,,,,,,,,,,,,,,,,,,,,,,,,,,,,,,,High,High,High,,,,,,222.066762,-73.206678,596.493648,0.28892,1:30,0.963309,-0.165596,-0.211219,-38.060123,-17.485194,-10.334327,113.829498,18.248711,0.868745,0.313142,-0.383697,39.218557,60.313175,0.313142,0.868745,0.383697,-39.218557,-60.313175,-0.313142,-0.868745,0.383697,-113.829498,-18.248711,-0.868745,-0.313142,-0.383697
220,2026-03-24,20:18:24.78,3,3,"Targac, Titan",1000133872,Left,TEX_BOB,"Raygoza, Armani",831193,Left,UTR_VAQ,Undefined,7,Top,1,2,0,Fastball,Four-Seam,BallCalled,Undefined,Undefined,Undefined,0,0,,88.77826,-2.192615,-0.258195,1890.747839,163.247517,11:30,5.89417,-0.99274,6.0938,-17.2608,17.91572,-5.05587,2.42658,-1.6529,81.25608,-5.47574,-1.169244,0.426872,,,,,,,,,,,,2.5839,10.2593,1.01547,50,5.71612,0.77779,-128.98275,-5.43412,4.3465,27.19421,-14.91632,TEX_BOB,UTR_VAQ,TexasStateUniversity,D1,SBELT,20260324-TexasStateUniversity-1,80742fb0-27e8-11f1-b396-7fdcd427690d,88.29912,,,7.52218,,,,,,,5d42d121-7b79-486a-9f77-85b5a028b7ae,2026-03-25,01:18:24.78,2026-03-24T20:18:24.7831552-05:00,2026-03-25T01:18:24.7831552Z,,v3,471452,471407,94d7b8dbc2134927a2dd9771b85d27fc,"Namken, Clayton",10125205,Right,TEX_BOB,0d8e83c9-41d0-4796-947d-f5076cc75250,54.4098,-129.90916,13.59711,5.89258,-4.92597,-7.45816,0.9915,0.62972,2.17325,,,,,,,,,,,,,,,,,,,,,,,,,,,,,,,,,,,,,,,,,,,,,,,,,,,High,High,High,,,,,,161.141218,-21.910128,1754.179701,0.92777,11:15,0.357445,0.313946,-0.879586,29.125009,-36.734932,5.453454,167.158828,12.271983,0.217171,0.212553,-0.952711,12.576883,12.542909,0.212553,0.217171,0.952711,-12.576883,-12.542909,-0.212553,-0.217171,0.952711,-167.158828,-12.271983,-0.217171,-0.212553,-0.952711
221,2026-03-24,20:18:47.11,3,4,"Targac, Titan",1000133872,Left,TEX_BOB,"Raygoza, Armani",831193,Left,UTR_VAQ,Undefined,7,Top,1,3,0,Fastball,Four-Seam,BallCalled,Walk,Undefined,Undefined,0,0,,88.95098,-0.922665,0.473581,1941.022829,169.327285,11:45,5.7718,-0.67888,5.77845,-17.49615,17.87725,-3.16173,3.45514,-0.50168,81.39831,-4.237876,-0.092692,0.428065,,,,,,,,,,,,1.73748,9.69504,0.64169,50,5.68509,-0.93234,-129.20951,-2.60656,2.94314,26.42066,-15.75147,TEX_BOB,UTR_VAQ,TexasStateUniversity,D1,SBELT,20260324-TexasStateUniversity-1,8dc993d0-27e8-11f1-b396-7fdcd427690d,88.05306,,,7.55267,,,,,,,5d42d121-7b79-486a-9f77-85b5a028b7ae,2026-03-25,01:18:47.11,2026-03-24T20:18:47.1169536-05:00,2026-03-25T01:18:47.1169536Z,,v3,471452,471407,94d7b8dbc2134927a2dd9771b85d27fc,"Namken, Clayton",10125205,Right,TEX_BOB,cf5da673-d76a-45f0-bded-19cb4a77ed88,54.72196,-130.17147,13.21033,5.76956,-2.03305,-7.87573,0.67759,-1.0395,1.47157,,,,,,,,,,,,,,,,,,,,,,,,,,,,,,,,,,,,,,,,,,,,,,,,,,,High,High,High,,,,,,163.540725,-21.281846,1808.657249,0.931806,11:30,0.366032,0.269823,-0.890627,33.550236,-32.373216,-7.997781,167.889437,14.280833,0.203316,0.246675,-0.947531,14.592163,11.730919,0.246675,0.203316,0.947531,-14.592163,-11.730919,-0.246675,-0.203316,0.947531,-167.889437,-14.280833,-0.203316,-0.246675,-0.947531
222,2026-03-24,20:20:37.72,4,1,"Targac, Titan",1000133872,Left,TEX_BOB,"Ramirez, Julius",1000361309,Right,UTR_VAQ,Undefined,7,Top,1,0,0,Slider,Slider,BallCalled,Undefined,Undefined,Undefined,0,0,,82.06054,-1.725175,0.572546,2127.119822,242.951175,2:00,5.76025,-1.05723,5.20582,-36.45951,5.95701,9.15977,1.09886,0.24458,75.81257,-8.343547,2.19844,0.468747,,,,,,,,,,,,-4.45331,3.80547,0.99695,50,5.57294,-1.56796,-119.12747,-4.88354,-6.42375,22.0723,-26.68478,TEX_BOB,UTR_VAQ,TexasStateUniversity,D1,SBELT,20260324-TexasStateUniversity-1,cfe98680-27e8-11f1-b396-7fdcd427690d,80.41099,,,6.24798,,,,,,,5d42d121-7b79-486a-9f77-85b5a028b7ae,2026-03-25,01:20:37.72,2026-03-24T20:20:37.7245184-05:00,2026-03-25T01:20:37.7245184Z,,v3,471452,471407,94d7b8dbc2134927a2dd9771b85d27fc,"Namken, Clayton",10125205,Right,TEX_BOB,9c32c407-010b-4c36-8eda-5d07c37a9878,55.29695,-120.1049,11.03615,5.76303,-3.70186,-13.34239,1.06008,-1.2835,-3.21188,,,,,,,,,,,,,,,,,,,,,,,,,,,,,,,,,,,,,,,,,,,,,,,,,,,High,High,High,,,,,,215.013732,-72.878086,626.236547,0.294406,1:15,0.962694,-0.140074,-0.231514,-33.051843,-7.697672,-5.758072,109.198771,9.239486,0.932131,0.160561,-0.32458,26.320436,68.769449,0.160561,0.932131,0.32458,-26.320436,-68.769449,-0.160561,-0.932131,0.32458,-109.198771,-9.239486,-0.932131,-0.160561,-0.32458
223,2026-03-24,20:20:57.21,4,2,"Targac, Titan",1000133872,Left,TEX_BOB,"Ramirez, Julius",1000361309,Right,UTR_VAQ,Undefined,7,Top,1,1,0,Fastball,Four-Seam,StrikeSwinging,Undefined,Undefined,Undefined,0,0,,89.1207,-0.473641,1.27032,1883.090835,166.727043,11:30,5.76223,-0.96091,5.63772,-18.23324,17.1893,-3.79646,3.80078,-0.09192,81.53955,-3.913571,0.592414,0.428362,,,,,,,,,,,,2.26343,9.17126,0.85533,50,5.71041,-2.70339,-129.41696,-1.64219,3.84875,26.35058,-16.57926,TEX_BOB,UTR_VAQ,TexasStateUniversity,D1,SBELT,20260324-TexasStateUniversity-1,db52ab00-27e8-11f1-b396-7fdcd427690d,87.99193,,,7.58115,,,,,,,5d42d121-7b79-486a-9f77-85b5a028b7ae,2026-03-25,01:20:57.21,2026-03-24T20:20:57.2117504-05:00,2026-03-25T01:20:57.2117504Z,,v3,471452,471407,94d7b8dbc2134927a2dd9771b85d27fc,"Namken, Clayton",10125205,Right,TEX_BOB,ae36b4c9-8fd4-4456-b96f-ffd33aca0539,54.86256,-130.40327,13.17529,5.76027,-1.02163,-8.28963,0.95922,-2.84744,1.92438,,,,,,,,,,,,,,,,,,,,,,,,,,,,,,,,,,,,,,,,,,,,,,,,,,,High,High,High,,,,,,160.438354,-28.84233,1649.494406,0.875951,11:15,0.498141,0.297264,-0.814549,35.474491,-41.823048,-12.024538,166.638847,11.266772,0.226635,0.195377,-0.954183,11.571871,13.099028,0.195377,0.226635,0.954183,-11.571871,-13.099028,-0.195377,-0.226635,0.954183,-166.638847,-11.266772,-0.226635,-0.195377,-0.954183
224,2026-03-24,20:21:17.95,4,3,"Targac, Titan",1000133872,Left,TEX_BOB,"Ramirez, Julius",1000361309,Right,UTR_VAQ,Undefined,7,Top,1,1,1,ChangeUp,Changeup,InPlay,Undefined,GroundBall,Out,2,0,,83.392,-0.627421,1.003963,1468.352359,125.35815,10:15,5.74235,-1.1903,5.91779,-29.96541,10.14516,-12.51556,2.66282,-1.30141,76.40738,-6.203464,-1.244945,0.455828,88.96159,-16.320445,-8.611887,,,,,10.85566,10.15529,-1.155998,0.077019,6.74217,5.74878,1.11717,50,5.67494,-1.64075,-121.17271,-2.26589,10.013,23.92334,-23.63634,TEX_BOB,UTR_VAQ,TexasStateUniversity,D1,SBELT,20260324-TexasStateUniversity-1,e7b94250-27e8-11f1-b396-7fdcd427690d,82.69007,2.83065,,6.98463,,,,1.29519,2.83065,1.22857,5d42d121-7b79-486a-9f77-85b5a028b7ae,2026-03-25,01:21:17.95,2026-03-24T20:21:17.9566080-05:00,2026-03-25T01:21:17.9566080Z,GroundBall,v3,471452,471407,94d7b8dbc2134927a2dd9771b85d27fc,"Namken, Clayton",10125205,Right,TEX_BOB,fdd15f48-a48f-4525-8d7c-632572ef0e9c,54.5847,-122.07452,11.96167,5.74356,-1.3749,-11.81817,1.18613,-2.0182,5.0065,180,1.29152,124.1034,,,,,,,,2.83174,-36.75282,,,,,,,,1.22913,-18.79521,,,,,,,,,,,,,,,,,,,,,,,,,,,,,,High,High,High,High,High,,,,137.497827,2.028531,1467.432178,0.999373,10:30,-0.029872,0.674767,-0.737426,-91.386076,-13.319187,53.405791,118.346537,19.865725,0.827719,0.339817,-0.446548,37.27062,55.865143,0.339817,0.827719,0.446548,-37.27062,-55.865143,-0.339817,-0.827719,0.446548,-118.346537,-19.865725,-0.827719,-0.339817,-0.446548
225,2026-03-24,20:23:42.50,1,1,"Vercoe, Colton",813183,Right,UTR_VAQ,"Mora, Chase",804993,Right,TEX_BOB,Undefined,7,Bottom,0,0,0,Fastball,Slider,BallCalled,Undefined,Undefined,Undefined,0,0,,80.21086,-0.868207,-1.699236,2553.978008,71.946913,8:30,6.4233,0.81826,4.96186,-45.1618,-0.01823,-4.51449,1.83915,-1.16379,73.67231,-9.014112,-2.496801,0.483581,,,,,,,,,,,,1.74331,0.68354,-0.6498,50,6.3021,3.64101,-116.29614,-3.42629,2.37883,22.55099,-31.2413,TEX_BOB,UTR_VAQ,TexasStateUniversity,D1,SBELT,20260324-TexasStateUniversity-1,3de83f50-27e9-11f1-b396-7fdcd427690d,77.9444,,,6.53855,,,,,,,5d42d121-7b79-486a-9f77-85b5a028b7ae,2026-03-25,01:23:42.50,2026-03-24T20:23:42.5030000-05:00,2026-03-25T01:23:42.5030000Z,,v3,471452,471407,94d7b8dbc2134927a2dd9771b85d27fc,"Gonzalez, Rudy",831171,Right,UTR_VAQ,79426201-45d9-413b-aeb6-363e095c564f,55.53962,-117.36541,11.2755,6.42944,-1.94496,-15.62065,-0.81977,3.52822,1.18942,,,,,,,,,,,,,,,,,,,,,,,,,,,,,,,,,,,,,,,,,,,,,,,,,,,High,High,High,,,,,,74.245009,78.439243,511.834915,0.200407,8:30,-0.980477,0.178011,0.083526,58.117326,-14.568208,-77.681755,159.004139,20.484141,0.335645,0.349948,-0.874574,21.808112,19.611755,0.349948,0.335645,0.874574,-21.808112,-19.611755,-0.349948,-0.335645,0.874574,-159.004139,-20.484141,-0.335645,-0.349948,-0.874574
226,2026-03-24,20:24:00.71,1,2,"Vercoe, Colton",813183,Right,UTR_VAQ,"Mora, Chase",804993,Right,TEX_BOB,Undefined,7,Bottom,0,1,0,Slider,Slider,FoulBallNotFieldable,Undefined,Undefined,Undefined,0,0,,79.82485,-1.153624,-0.989625,2543.257304,90.093561,9:00,6.3216,0.79833,4.82756,-44.13573,1.40067,-4.1541,1.55071,-0.48522,73.72058,-9.086548,-1.72221,0.485681,,,,,,,,,,,,1.79185,1.38122,-0.69637,50,6.16897,2.17449,-115.82081,-3.96371,2.43894,21.21598,-30.29399,TEX_BOB,UTR_VAQ,TexasStateUniversity,D1,SBELT,20260324-TexasStateUniversity-1,48c85db0-27e9-11f1-b396-7fdcd427690d,77.60746,,,6.10426,,,,,,,5d42d121-7b79-486a-9f77-85b5a028b7ae,2026-03-25,01:24:00.71,2026-03-24T20:24:00.7120000-05:00,2026-03-25T01:24:00.7120000Z,,v3,471452,471407,94d7b8dbc2134927a2dd9771b85d27fc,"Gonzalez, Rudy",831171,Right,UTR_VAQ,c852858e-d2f0-440e-9da0-83ac57011410,55.67539,-116.8558,10.60799,6.32629,-2.48586,-15.147,-0.79955,2.05551,1.21947,,,,,,,,,,,,,,,,,,,,,,,,,,,,,,,,,,,,,,,,,,,,,,,,,,,High,High,High,,,,,,70.226602,78.139141,522.730118,0.205536,8:15,-0.980998,0.173674,0.086489,49.457558,-28.129568,-67.136002,161.072496,25.868838,0.291868,0.436312,-0.851143,27.140559,16.96982,0.436312,0.291868,0.851143,-27.140559,-16.96982,-0.436312,-0.291868,0.851143,-161.072496,-25.868838,-0.291868,-0.436312,-0.851143
227,2026-03-24,20:24:31.89,1,3,"Vercoe, Colton",813183,Right,UTR_VAQ,"Mora, Chase",804993,Right,TEX_BOB,Undefined,7,Bottom,0,1,1,Slider,Curveball,BallCalled,Undefined,Undefined,Undefined,0,0,,80.47197,-1.570498,-1.173283,2499.25957,44.283604,7:30,6.3591,0.75558,4.83907,-48.83408,-4.0076,-5.23461,0.8018,-0.79178,74.5212,-10.300638,-2.09771,0.48188,,,,,,,,,,,,2.28721,-1.23154,-0.63466,50,6.16117,2.60928,-116.76109,-5.03543,3.16042,21.79192,-33.87579,TEX_BOB,UTR_VAQ,TexasStateUniversity,D1,SBELT,20260324-TexasStateUniversity-1,5b56bb70-27e9-11f1-b396-7fdcd427690d,78.21958,,,5.95077,,,,,,,5d42d121-7b79-486a-9f77-85b5a028b7ae,2026-03-25,01:24:31.89,2026-03-24T20:24:31.8910000-05:00,2026-03-25T01:24:31.8910000Z,,v3,471452,471407,94d7b8dbc2134927a2dd9771b85d27fc,"Gonzalez, Rudy",831171,Right,UTR_VAQ,2f92fe3f-41e1-450e-924a-4987a3111a40,55.66539,-117.81372,10.89596,6.36488,-3.39911,-16.93789,-0.757,2.45662,1.58021,,,,,,,,,,,,,,,,,,,,,,,,,,,,,,,,,,,,,,,,,,,,,,,,,,,High,High,High,,,,,,69.744373,77.932222,522.516809,0.209069,8:15,-0.981221,0.169264,0.092493,64.898391,-20.949737,-72.549273,170.641509,23.086333,0.149588,0.392118,-0.907671,23.364543,8.603079,0.392118,0.149588,0.907671,-23.364543,-8.603079,-0.392118,-0.149588,0.907671,-170.641509,-23.086333,-0.149588,-0.392118,-0.907671
228,2026-03-24,20:24:49.50,1,4,"Vercoe, Colton",813183,Right,UTR_VAQ,"Mora, Chase",804993,Right,TEX_BOB,Undefined,7,Bottom,0,2,1,Fastball,Four-Seam,InPlay,Undefined,GroundBall,Single,0,0,,92.7687,-3.36018,-1.709753,2224.092395,223.718601,1:30,6.32533,0.87127,4.95231,-18.67485,15.01824,13.32965,1.5889,0.366,85.0113,-6.803953,0.64191,0.417774,95.95206,-7.075069,-26.31181,,,,,16.90958,16.90958,-25.244657,0.108628,-7.095,8.67772,-0.71709,50,5.98405,3.36695,-134.35952,-8.59927,-12.99313,28.61814,-16.28248,TEX_BOB,UTR_VAQ,TexasStateUniversity,D1,SBELT,20260324-TexasStateUniversity-1,65c7eb60-27e9-11f1-b396-7fdcd427690d,90.22201,1.87315,,7.7574,,,,1.75086,1.87315,-0.46511,5d42d121-7b79-486a-9f77-85b5a028b7ae,2026-03-25,01:24:49.50,2026-03-24T20:24:49.5010000-05:00,2026-03-25T01:24:49.5010000Z,GroundBall,v3,471452,471407,94d7b8dbc2134927a2dd9771b85d27fc,"Gonzalez, Rudy",831171,Right,UTR_VAQ,9f175aa9-988d-4f28-af61-680b747a37e9,55.54993,-135.53648,14.30907,6.32394,-7.92963,-8.14124,-0.86655,3.90131,-6.49657,165.537204,1.75087,125.1879,-4.67433,,,,,,,1.87312,-17.32978,0.79783,,,,,,,-0.46511,-61.90552,-1.8564,,,,,,,,,,,,,,,,,,,,,,,,,,,,,High,High,High,Medium,High,,,,217.814402,6.054266,2211.687407,0.994422,1:15,-0.092962,-0.61482,-0.78317,-42.668438,9.983889,-32.879786,157.190557,4.354638,0.386548,0.07593,-0.919138,4.722457,22.7399,0.07593,0.386548,0.919138,-4.722457,-22.7399,-0.07593,-0.386548,0.919138,-157.190557,-4.354638,-0.386548,-0.07593,-0.919138
229,2026-03-24,20:25:27.21,2,1,"Vercoe, Colton",813183,Right,UTR_VAQ,"Boles, Brady",10264326,Right,TEX_BOB,Undefined,7,Bottom,0,0,0,Fastball,Four-Seam,BallCalled,Undefined,Undefined,Undefined,0,0,,91.16575,-4.153177,-1.421888,1997.88906,213.235304,1:00,6.25259,0.93675,5.41029,-18.98714,15.32257,9.32611,0.77103,0.38143,83.75104,-7.670412,0.23797,0.42158,,,,,,,,,,,,-5.09646,9.17343,-0.81699,50,5.8692,2.85726,-132.02941,-10.24841,-9.01969,27.4187,-15.93891,TEX_BOB,UTR_VAQ,TexasStateUniversity,D1,SBELT,20260324-TexasStateUniversity-1,7c4620f0-27e9-11f1-b396-7fdcd427690d,89.40762,,,7.41471,,,,,,,5d42d121-7b79-486a-9f77-85b5a028b7ae,2026-03-25,01:25:27.21,2026-03-24T20:25:27.2160000-05:00,2026-03-25T01:25:27.2160000Z,,v3,471452,471407,94d7b8dbc2134927a2dd9771b85d27fc,"Gonzalez, Rudy",831171,Right,UTR_VAQ,f1b554df-2b74-4fc0-aeba-c74a039de91b,55.09167,-133.08261,13.70935,6.2511,-9.63617,-7.96946,-0.9334,3.20372,-4.50985,,,,,,,,,,,,,,,,,,,,,,,,,,,,,,,,,,,,,,,,,,,,,,,,,,,High,High,High,,,,,,217.892902,6.257541,1985.98564,0.994042,1:15,-0.083941,-0.616819,-0.782616,-29.751897,6.094653,-40.024346,155.4591,-5.063499,0.413722,-0.08826,-0.906115,5.56332,-24.43885,0.08826,-0.413722,0.906115,-5.56332,24.43885,-0.08826,0.413722,0.906115,-155.4591,5.063499,-0.413722,0.08826,-0.906115
230,2026-03-24,20:25:45.13,2,2,"Vercoe, Colton",813183,Right,UTR_VAQ,"Boles, Brady",10264326,Right,TEX_BOB,Undefined,7,Bottom,0,1,0,Fastball,Four-Seam,StrikeCalled,Undefined,Undefined,Undefined,0,0,,91.14123,-2.856858,-3.417369,2132.875751,226.154361,1:30,6.42865,0.8287,5.69612,-19.70363,14.36831,13.79493,2.11728,-1.21031,83.2683,-6.544424,-0.95474,0.420117,,,,,,,,,,,,-7.94847,8.43607,-0.54995,50,6.17583,7.26749,-131.98836,-7.25055,-14.01045,28.29878,-17.30411,TEX_BOB,UTR_VAQ,TexasStateUniversity,D1,SBELT,20260324-TexasStateUniversity-1,86f51d30-27e9-11f1-b396-7fdcd427690d,89.71899,,,7.87293,,,,,,,5d42d121-7b79-486a-9f77-85b5a028b7ae,2026-03-25,01:25:45.13,2026-03-24T20:25:45.1390000-05:00,2026-03-25T01:25:45.1390000Z,,v3,471452,471407,94d7b8dbc2134927a2dd9771b85d27fc,"Gonzalez, Rudy",831171,Right,UTR_VAQ,a6beb5cf-79a3-4c8d-a0a1-48e29438d2a0,54.8049,-133.01456,14.14939,6.42738,-6.62305,-8.65206,-0.8227,7.77555,-7.00523,,,,,,,,,,,,,,,,,,,,,,,,,,,,,,,,,,,,,,,,,,,,,,,,,,,High,High,High,,,,,,216.640335,8.626692,2108.745695,0.988687,1:15,-0.167476,-0.596781,-0.784732,-46.284144,20.923542,-27.669777,156.302416,4.466453,0.400689,0.077875,-0.912899,4.875847,23.621234,0.077875,0.400689,0.912899,-4.875847,-23.621234,-0.077875,-0.400689,0.912899,-156.302416,-4.466453,-0.400689,-0.077875,-0.912899
231,2026-03-24,20:26:02.76,2,3,"Vercoe, Colton",813183,Right,UTR_VAQ,"Boles, Brady",10264326,Right,TEX_BOB,Undefined,7,Bottom,0,1,1,Fastball,Four-Seam,BallCalled,Undefined,Undefined,Undefined,0,0,,91.4808,-2.678225,-3.855167,2068.237481,197.31816,12:30,6.41003,0.89257,5.37274,-17.19076,17.12651,4.9854,2.45886,-2.31201,83.42009,-5.901984,-2.972253,0.421626,,,,,,,,,,,,-3.5778,9.68024,-0.55002,50,6.15734,8.6827,-132.31414,-6.77327,-6.3327,28.64434,-15.04009,TEX_BOB,UTR_VAQ,TexasStateUniversity,D1,SBELT,20260324-TexasStateUniversity-1,917e41f0-27e9-11f1-b396-7fdcd427690d,89.39777,,,8.06071,,,,,,,5d42d121-7b79-486a-9f77-85b5a028b7ae,2026-03-25,01:26:02.76,2026-03-24T20:26:02.7610000-05:00,2026-03-25T01:26:02.7610000Z,,v3,471452,471407,94d7b8dbc2134927a2dd9771b85d27fc,"Gonzalez, Rudy",831171,Right,UTR_VAQ,051b87b4-1f66-43fb-950c-ad2b1fbdf8c6,55.12647,-133.41934,14.32217,6.40748,-6.19297,-7.52005,-0.88974,8.92703,-3.16635,,,,,,,,,,,,,,,,,,,,,,,,,,,,,,,,,,,,,,,,,,,,,,,,,,,High,High,High,,,,,,218.291456,1.746793,2067.276369,0.999535,1:15,-0.05425,-0.620122,-0.782627,-46.536165,19.980075,-32.850338,147.161609,4.764496,0.540398,0.08306,-0.8373,5.665218,32.710703,0.08306,0.540398,0.8373,-5.665218,-32.710703,-0.08306,-0.540398,0.8373,-147.161609,-4.764496,-0.540398,-0.08306,-0.8373
232,2026-03-24,20:26:25.08,2,4,"Vercoe, Colton",813183,Right,UTR_VAQ,"Boles, Brady",10264326,Right,TEX_BOB,Undefined,7,Bottom,0,2,1,Fastball,Sinker,InPlay,Undefined,Bunt,Sacrifice,1,0,,92.02092,-3.662391,-2.735693,2147.320408,224.949877,1:30,6.35719,0.93658,5.24009,-18.50623,15.57446,14.40446,1.36407,-0.4363,83.96596,-7.104178,-0.183226,0.42017,,,,,,,,,,,,-8.06067,9.19418,-0.69628,50,6.00623,5.7004,-133.15253,-9.19075,-14.42541,29.43851,-15.72011,TEX_BOB,UTR_VAQ,TexasStateUniversity,D1,SBELT,20260324-TexasStateUniversity-1,9ec3eea0-27e9-11f1-b396-7fdcd427690d,89.7075,,,8.05495,,,,,,,5d42d121-7b79-486a-9f77-85b5a028b7ae,2026-03-25,01:26:25.08,2026-03-24T20:26:25.0840000-05:00,2026-03-25T01:26:25.0840000Z,,v3,471452,471407,94d7b8dbc2134927a2dd9771b85d27fc,"Gonzalez, Rudy",831171,Right,UTR_VAQ,0d02de20-c517-4d6c-8796-7a2348db8282,55.26262,-134.311,14.71925,6.35574,-8.57213,-7.86006,-0.93177,6.26807,-7.21271,,,,,,,,,,,,,,,,,,,,,,,,,,,,,,,,,,,,,,,,,,,,,,,,,,,High,High,High,,,,,,216.662082,5.384836,2137.843933,0.995587,1:15,-0.093735,-0.59924,-0.795063,-46.453939,16.714621,-24.950984,156.915444,6.609719,0.389483,0.115106,-0.913813,7.17928,22.922337,0.115106,0.389483,0.913813,-7.17928,-22.922337,-0.115106,-0.389483,0.913813,-156.915444,-6.609719,-0.389483,-0.115106,-0.913813
233,2026-03-24,20:27:11.64,3,1,"Vercoe, Colton",813183,Right,UTR_VAQ,"Cotton, Jackson",1000437468,Left,TEX_BOB,Undefined,7,Bottom,1,0,0,ChangeUp,Changeup,StrikeSwinging,Undefined,Undefined,Undefined,0,0,,84.29909,-2.94304,-2.930763,1593.006102,234.525867,1:45,6.28823,1.14193,5.33644,-30.41907,9.9506,12.10894,0.98603,-0.6011,77.3253,-8.50882,-0.779532,0.457298,,,,,,,,,,,,-6.97622,6.20244,-0.88638,50,6.00016,5.74851,-122.07992,-7.34269,-10.50708,24.4806,-22.83242,TEX_BOB,UTR_VAQ,TexasStateUniversity,D1,SBELT,20260324-TexasStateUniversity-1,ba8a3900-27e9-11f1-b396-7fdcd427690d,82.4243,,,6.97379,,,,,,,5d42d121-7b79-486a-9f77-85b5a028b7ae,2026-03-25,01:27:11.64,2026-03-24T20:27:11.6420000-05:00,2026-03-25T01:27:11.6420000Z,,v3,471452,471407,94d7b8dbc2134927a2dd9771b85d27fc,"Gonzalez, Rudy",831171,Right,UTR_VAQ,5fafca79-5745-4d30-92d2-a7bc4c578cfb,55.16638,-123.11157,12.2403,6.28931,-6.3805,-11.41621,-1.13796,6.19129,-5.25354,,,,,,,,,,,,,,,,,,,,,,,,,,,,,,,,,,,,,,,,,,,,,,,,,,,High,High,High,,,,,,227.206644,3.165238,1590.575888,0.998474,1:30,-0.052183,-0.734558,-0.676537,0.684053,49.236129,56.097952,174.083335,-22.18609,0.09545,-0.377616,-0.92103,22.293303,-5.477216,0.377616,-0.09545,0.92103,-22.293303,5.477216,-0.377616,0.09545,0.92103,-174.083335,22.18609,-0.09545,0.377616,-0.92103
234,2026-03-24,20:27:28.65,3,2,"Vercoe, Colton",813183,Right,UTR_VAQ,"Cotton, Jackson",1000437468,Left,TEX_BOB,Undefined,7,Bottom,1,0,1,ChangeUp,Changeup,InPlay,Undefined,FlyBall,HomeRun,0,2,,85.51062,-3.404315,-2.167289,1674.059784,219.860551,1:15,6.23658,1.18193,5.19353,-26.31371,13.11827,9.87178,0.8352,-0.03521,78.39776,-8.22757,-0.417444,0.451956,91.16014,34.630375,22.060401,2820.657668,100.85078,66.35163,43.92059,362.25618,334.81147,26.101117,5.292055,-5.59496,7.89496,-0.98875,50,5.90051,4.26381,-123.81674,-8.29688,-8.67151,25.09379,-19.93783,TEX_BOB,UTR_VAQ,TexasStateUniversity,D1,SBELT,20260324-TexasStateUniversity-1,c4af44c0-27e9-11f1-b396-7fdcd427690d,83.39855,90.87118,,7.11286,,,,3.25591,1.26043,0.04593,5d42d121-7b79-486a-9f77-85b5a028b7ae,2026-03-25,01:27:28.65,2026-03-24T20:27:28.6580000-05:00,2026-03-25T01:27:28.6580000Z,FlyBall,v3,471452,471407,94d7b8dbc2134927a2dd9771b85d27fc,"Gonzalez, Rudy",831171,Right,UTR_VAQ,6c42752c-2888-4d3e-9d10-0f4fcfafd622,55.3089,-124.88806,12.54689,6.23655,-7.44568,-9.96892,-1.17868,4.63401,-4.33575,200.770855,3.26046,101.85509,-19.03446,3.84983,-0.16491,-0.2043,0.06733,-0.00872,0.00042,1.25561,76.07148,-18.30586,1.46456,-0.46453,0.13311,-0.01777,0.00069,2E-05,0.04626,41.31488,-3.07664,0.14778,0.03013,-0.00729,0.00078,-8E-05,0,,,,,,,,,,,,,,,,,,,,,,,High,High,High,High,Medium,,,,224.397622,3.97678,1670.029046,0.997592,1:30,-0.05472,-0.700836,-0.711221,-3.756464,54.605857,44.652814,162.697498,-23.839311,0.272042,-0.404173,-0.873291,24.835445,-15.785799,0.404173,-0.272042,0.873291,-24.835445,15.785799,-0.404173,0.272042,0.873291,-162.697498,23.839311,-0.272042,0.404173,-0.873291
235,2026-03-24,20:28:26.85,4,1,"Vercoe, Colton",813183,Right,UTR_VAQ,"Galloway, Rashawn",1000183398,Right,TEX_BOB,Undefined,7,Bottom,1,0,0,Slider,Slider,InPlay,Undefined,GroundBall,Out,1,0,,81.41694,-0.651107,-1.452339,2506.321487,56.456368,8:00,6.32253,0.92071,4.94744,-46.2577,-2.64091,-5.99319,1.85219,-0.9515,75.12009,-8.971716,-2.511232,0.475333,72.22353,-24.790176,4.459374,,,,,6.03848,6.03848,12.01454,0.042892,2.58622,-0.78193,-0.77444,50,6.22069,3.24808,-118.15472,-3.07794,3.65852,22.36865,-33.28018,TEX_BOB,UTR_VAQ,TexasStateUniversity,D1,SBELT,20260324-TexasStateUniversity-1,e75fbb30-27e9-11f1-b396-7fdcd427690d,79.29687,1.90995,,6.29685,,,,1.78336,1.90995,0.93544,5d42d121-7b79-486a-9f77-85b5a028b7ae,2026-03-25,01:28:26.85,2026-03-24T20:28:26.8500000-05:00,2026-03-25T01:28:26.8500000Z,GroundBall,v3,471452,471407,94d7b8dbc2134927a2dd9771b85d27fc,"Gonzalez, Rudy",831171,Right,UTR_VAQ,68b8c82a-ba1e-4525-b430-bff79af453d7,55.55623,-119.20196,11.18432,6.32831,-1.51984,-16.64009,-0.92249,3.0768,1.82926,,1.78166,96.12226,,,,,,,,1.91073,-44.52953,,,,,,,,0.9353,7.49641,,,,,,,,,,,,,,,,,,,,,,,,,,,,,,High,High,High,Estimated,Estimated,,,,95.654116,81.54476,368.52133,0.147037,9:15,-0.990779,0.135072,0.010629,63.667316,-40.56694,-69.38779,173.49856,20.727434,0.105899,0.353923,-0.92926,20.850092,6.078991,0.353923,0.105899,0.92926,-20.850092,-6.078991,-0.353923,-0.105899,0.92926,-173.49856,-20.727434,-0.105899,-0.353923,-0.92926
236,2026-03-24,20:28:57.68,5,1,"Vercoe, Colton",813183,Right,UTR_VAQ,"Salas, Manuel",1000367412,Left,TEX_BOB,Undefined,7,Bottom,2,0,0,Undefined,,StrikeCalled,Undefined,Undefined,Undefined,0,0,,,,,,,,,,,,,,,,,,,,,,,,,,,,,,,,,,,,,,,,,,TEX_BOB,UTR_VAQ,TexasStateUniversity,D1,SBELT,20260324-TexasStateUniversity-1,77c7dea0-2853-11f1-9467-89a8746ca295,,,,,,,,,,,5d42d121-7b79-486a-9f77-85b5a028b7ae,2026-03-25,01:28:57.68,2026-03-24T20:28:57.6840000-05:00,2026-03-25T01:28:57.6840000Z,,v3,471452,471407,94d7b8dbc2134927a2dd9771b85d27fc,"Gonzalez, Rudy",831171,Right,UTR_VAQ,429183df-a9c4-422e-8a11-1ad0fac5f964,,,,,,,,,,,,,,,,,,,,,,,,,,,,,,,,,,,,,,,,,,,,,,,,,,,,,,,,,,,,,,,,,,,,,,,,,,,,,,,,,,,,,,,,,,,,,,,,,,
237,2026-03-24,20:29:28.68,5,2,"Vercoe, Colton",813183,Right,UTR_VAQ,"Salas, Manuel",1000367412,Left,TEX_BOB,Undefined,7,Bottom,2,0,1,ChangeUp,Changeup,BallCalled,Undefined,Undefined,Undefined,0,0,,84.77319,-3.771381,-1.677844,1593.682685,239.211669,2:00,6.18045,1.0948,5.21533,-30.64041,9.44241,13.66276,0.07405,0.65516,77.95731,-9.341638,0.74831,0.45567,,,,,,,,,,,,-7.3726,6.15315,-0.95066,50,5.80839,3.01901,-122.75741,-9.19105,-11.2338,24.62904,-22.79835,TEX_BOB,UTR_VAQ,TexasStateUniversity,D1,SBELT,20260324-TexasStateUniversity-1,0c3338b0-27ea-11f1-b396-7fdcd427690d,82.7187,,,6.81589,,,,,,,5d42d121-7b79-486a-9f77-85b5a028b7ae,2026-03-25,01:29:28.68,2026-03-24T20:29:28.6840000-05:00,2026-03-25T01:29:28.6840000Z,,v3,471452,471407,94d7b8dbc2134927a2dd9771b85d27fc,"Gonzalez, Rudy",831171,Right,UTR_VAQ,59b78495-c25d-4347-9bcd-92527be2f6d9,55.28761,-123.81372,12.31452,6.18162,-8.21325,-11.39918,-1.09047,3.50082,-5.6169,,,,,,,,,,,,,,,,,,,,,,,,,,,,,,,,,,,,,,,,,,,,,,,,,,,High,High,High,,,,,,226.616638,5.635096,1585.981118,0.995167,1:30,-0.0704,-0.728154,-0.681788,-17.221916,44.605846,33.029692,170.682454,-17.953488,0.154022,-0.308245,-0.938756,18.177837,-8.8601,0.308245,-0.154022,0.938756,-18.177837,8.8601,-0.308245,0.154022,0.938756,-170.682454,17.953488,-0.154022,0.308245,-0.938756
238,2026-03-24,20:29:47.94,5,3,"Vercoe, Colton",813183,Right,UTR_VAQ,"Salas, Manuel",1000367412,Left,TEX_BOB,Undefined,7,Bottom,2,1,1,Fastball,Four-Seam,StrikeSwinging,Undefined,Undefined,Undefined,0,0,,93.20874,-3.188502,-1.787026,2096.094469,218.67158,1:15,6.21536,0.95469,5.35198,-14.70501,18.44544,13.84044,1.99473,0.43137,84.59325,-5.97654,0.671685,0.414397,,,,,,,,,,,,-7.46784,10.53894,-0.80403,50,5.9179,3.55323,-134.95172,-7.99328,-13.67267,31.34321,-12.87861,TEX_BOB,UTR_VAQ,TexasStateUniversity,D1,SBELT,20260324-TexasStateUniversity-1,17b05a60-27ea-11f1-b396-7fdcd427690d,90.95739,,,8.6155,,,,,,,5d42d121-7b79-486a-9f77-85b5a028b7ae,2026-03-25,01:29:47.94,2026-03-24T20:29:47.9470000-05:00,2026-03-25T01:29:47.9470000Z,,v3,471452,471407,94d7b8dbc2134927a2dd9771b85d27fc,"Gonzalez, Rudy",831171,Right,UTR_VAQ,1cdc95db-8933-45a3-898a-e80d8823bcc5,55.14834,-136.14219,15.6716,6.21222,-7.50413,-6.4393,-0.94886,4.07254,-6.83634,,,,,,,,,,,,,,,,,,,,,,,,,,,,,,,,,,,,,,,,,,,,,,,,,,,High,High,High,,,,,,221.378622,6.710545,2081.734461,0.993149,1:30,-0.103357,-0.661987,-0.742355,-35.660993,-3.690457,-41.528459,161.770187,-0.735816,0.312803,-0.012842,-0.949731,0.774694,-18.228256,0.012842,-0.312803,0.949731,-0.774694,18.228256,-0.012842,0.312803,0.949731,-161.770187,0.735816,-0.312803,0.012842,-0.949731
239,2026-03-24,20:30:09.23,5,4,"Vercoe, Colton",813183,Right,UTR_VAQ,"Salas, Manuel",1000367412,Left,TEX_BOB,Undefined,7,Bottom,2,1,2,ChangeUp,Changeup,StrikeSwinging,Strikeout,Undefined,Undefined,0,0,,85.879,-3.749371,-2.680024,1742.311684,229.221614,1:45,6.25555,1.01732,5.32938,-25.36765,13.82741,14.43839,0.61448,-0.29611,78.22999,-8.428828,-0.115237,0.450596,,,,,,,,,,,,-8.10819,8.47067,-0.78589,50,5.89782,5.19631,-124.20012,-9.01503,-12.56054,26.79236,-19.05202,TEX_BOB,UTR_VAQ,TexasStateUniversity,D1,SBELT,20260324-TexasStateUniversity-1,24636400-27ea-11f1-b396-7fdcd427690d,83.65025,,,7.64902,,,,,,,5d42d121-7b79-486a-9f77-85b5a028b7ae,2026-03-25,01:30:09.23,2026-03-24T20:30:09.2330000-05:00,2026-03-25T01:30:09.2330000Z,,v3,471452,471407,94d7b8dbc2134927a2dd9771b85d27fc,"Gonzalez, Rudy",831171,Right,UTR_VAQ,7ffdae0b-546f-4e30-82bd-33feb69b45b7,55.1723,-125.31092,13.39618,6.25521,-8.22514,-9.52601,-1.01212,5.71706,-6.28027,,,,,,,,,,,,,,,,,,,,,,,,,,,,,43.025,,,,,,,0.71901,5.67837,6.43949,,,,0.76581,50.76487,-2.00356,5.81163,27.92979,-15.76973,6.37765,-22.48154,1.5366,High,High,High,,,High,Medium,Low,228.347346,7.185618,1728.627793,0.992146,1:30,-0.107089,-0.747912,-0.655103,-3.027485,48.183819,50.444291,176.420947,-20.182375,0.058593,-0.345009,-0.936769,20.218624,-3.359036,0.345009,-0.058593,0.936769,-20.218624,3.359036,-0.345009,0.058593,0.936769,-176.420947,20.182375,-0.058593,0.345009,-0.936769
240,2026-03-24,20:33:14.93,1,1,"Cooper, Wade",1000293138,Right,TEX_BOB,"Moomau, Easton",831202,Left,UTR_VAQ,Undefined,8,Top,0,0,0,Fastball,Four-Seam,BallCalled,Undefined,Undefined,Undefined,0,0,,95.47536,-3.438414,-3.909523,2434.692494,195.668287,12:30,6.58739,1.51632,6.40059,-11.37115,18.96434,5.03666,2.46646,-1.66495,87.01765,-5.654844,-3.000519,0.396412,,,,,,,,,,,,-3.8178,11.28623,-1.23793,50,6.33479,9.24939,-138.2881,-8.61463,-7.35915,32.15685,-10.41872,TEX_BOB,UTR_VAQ,TexasStateUniversity,D1,SBELT,20260324-TexasStateUniversity-1,930588c0-27ea-11f1-b396-7fdcd427690d,95.08401,,,8.45771,,,,,,,5d42d121-7b79-486a-9f77-85b5a028b7ae,2026-03-25,01:33:14.93,2026-03-24T20:33:14.9370000-05:00,2026-03-25T01:33:14.9370000Z,,v3,471452,471407,94d7b8dbc2134927a2dd9771b85d27fc,"Namken, Clayton",10125205,Right,TEX_BOB,f1b039a5-9c19-4de8-9206-b309cf10b1c7,54.10317,-139.23897,16.07843,6.58496,-8.30655,-5.20936,-1.51464,9.467,-3.67958,,,,,,,,,,,,,,,,,,,,,,,,,,,,,,,,,,,,,,,,,,,,,,,,,,,High,High,High,,,,,,200.153927,28.501826,2139.612394,0.878802,12:45,-0.513351,-0.33086,-0.791835,-43.131681,-4.89657,-52.759617,173.39235,-5.289385,0.11458,-0.092186,-0.989127,5.324552,-6.579389,0.092186,-0.11458,0.989127,-5.324552,6.579389,-0.092186,0.11458,0.989127,-173.39235,5.289385,-0.11458,0.092186,-0.989127
241,2026-03-24,20:33:37.98,1,2,"Cooper, Wade",1000293138,Right,TEX_BOB,"Moomau, Easton",831202,Left,UTR_VAQ,Undefined,8,Top,0,1,0,Fastball,Four-Seam,BallCalled,Undefined,Undefined,Undefined,0,0,,88.85618,-3.147962,-3.574186,2348.097144,181.303742,12:00,6.40652,1.60779,6.07275,-18.21123,16.76489,0.3585,1.96725,-1.67409,82.22792,-6.562167,-3.509833,0.425655,,,,,,,,,,,,-1.0865,9.8104,-1.33087,50,6.15233,8.03602,-128.87317,-7.64782,-1.84457,24.4002,-15.51859,TEX_BOB,UTR_VAQ,TexasStateUniversity,D1,SBELT,20260324-TexasStateUniversity-1,a0c8a2d0-27ea-11f1-b396-7fdcd427690d,88.55172,,,6.62826,,,,,,,5d42d121-7b79-486a-9f77-85b5a028b7ae,2026-03-25,01:33:37.98,2026-03-24T20:33:37.9830000-05:00,2026-03-25T01:33:37.9830000Z,,v3,471452,471407,94d7b8dbc2134927a2dd9771b85d27fc,"Namken, Clayton",10125205,Right,TEX_BOB,0e1bc071-b432-4de5-a8e9-f05fd3cc284f,54.43207,-129.7096,12.2001,6.40537,-7.11585,-7.75929,-1.60743,8.09925,-0.92229,,,,,,,,,,,,,,,,,,,,,,,,,,,,,,,,,,,,,,,,,,,,,,,,,,,High,High,High,,,,,,173.726411,71.35781,750.585969,0.319657,11:45,-0.965986,-0.017155,-0.258024,-17.622599,44.271555,53.437279,144.224705,-65.531327,0.242142,-0.910188,-0.336044,69.735733,-14.013,0.910188,-0.242142,0.336044,-69.735733,14.013,-0.910188,0.242142,0.336044,-144.224705,65.531327,-0.242142,0.910188,-0.336044
242,2026-03-24,20:33:53.97,1,3,"Cooper, Wade",1000293138,Right,TEX_BOB,"Moomau, Easton",831202,Left,UTR_VAQ,Undefined,8,Top,0,2,0,Cutter,Cutter,StrikeCalled,Undefined,Undefined,Undefined,0,0,,88.34815,-1.842594,-1.898122,2264.175828,179.695434,12:00,6.30649,1.75136,5.54003,-24.24686,11.86229,-0.05728,2.56216,-0.02818,81.3826,-6.321453,-1.908336,0.432494,,,,,,,,,,,,-0.46492,6.81418,-1.58664,50,6.1305,4.2522,-128.23278,-4.96938,-0.77894,24.9673,-20.75704,TEX_BOB,UTR_VAQ,TexasStateUniversity,D1,SBELT,20260324-TexasStateUniversity-1,aa55db60-27ea-11f1-b396-7fdcd427690d,87.15136,,,6.96555,,,,,,,5d42d121-7b79-486a-9f77-85b5a028b7ae,2026-03-25,01:33:53.97,2026-03-24T20:33:53.9790000-05:00,2026-03-25T01:33:53.9790000Z,,v3,471452,471407,94d7b8dbc2134927a2dd9771b85d27fc,"Namken, Clayton",10125205,Right,TEX_BOB,21fa4213-ebf0-405d-820c-b39281cabd62,54.96108,-129.19511,12.48365,6.30662,-4.16933,-10.37852,-1.75111,4.28223,-0.38947,,,,,,,,,,,,,,,,,,,,,,,,,,,,,,,,,,,,,,,,,,,,,,,,,,,High,High,High,,,,,,176.392648,73.213802,653.896645,0.288801,12:00,-0.9665,-0.012622,-0.256357,-27.5481,49.268151,36.836805,142.425101,-58.864303,0.315306,-0.855945,-0.409805,64.416084,-18.379303,0.855945,-0.315306,0.409805,-64.416084,18.379303,-0.855945,0.315306,0.409805,-142.425101,58.864303,-0.315306,0.855945,-0.409805
243,2026-03-24,20:34:13.71,1,4,"Cooper, Wade",1000293138,Right,TEX_BOB,"Moomau, Easton",831202,Left,UTR_VAQ,Undefined,8,Top,0,2,1,Cutter,Four-Seam,InPlay,Undefined,FlyBall,Out,1,0,,89.03765,-3.417667,-2.322189,2301.245066,193.6212,12:30,6.31239,1.61056,5.60214,-22.92119,12.67753,2.80791,1.20519,-0.3246,82.07283,-7.646549,-1.821068,0.429426,88.13652,51.79323,-28.072365,4314.150244,,,,,80.83615,,,-2.05091,7.6693,-1.41347,50,6.00428,5.11527,-129.06663,-8.49964,-3.47599,25.66512,-19.17576,TEX_BOB,UTR_VAQ,TexasStateUniversity,D1,SBELT,20260324-TexasStateUniversity-1,b6175910-27ea-11f1-b396-7fdcd427690d,87.77396,89.78213,,6.96482,,,,2.14881,1.66469,0.23436,5d42d121-7b79-486a-9f77-85b5a028b7ae,2026-03-25,01:34:13.71,2026-03-24T20:34:13.7140000-05:00,2026-03-25T01:34:13.7140000Z,,v3,471452,471407,94d7b8dbc2134927a2dd9771b85d27fc,"Namken, Clayton",10125205,Right,TEX_BOB,c2624014-5d4c-443a-90bd-a4c99e7c6267,54.90068,-130.03749,12.83256,6.31208,-7.77426,-9.58788,-1.60946,5.24676,-1.738,151.824161,2.14882,70.54539,-14.94214,3.72149,-0.70961,-0.11922,0.32872,-0.2202,0.05574,1.66469,101.57578,-25.30805,3.00017,-0.69612,0.29449,-0.22756,0.1281,-0.03104,0.23436,-37.62425,1.38302,-0.02108,0.02001,-0.14618,0.19118,-0.11916,0.02968,,,,,,,,,,,,,,,,,,,,,,,High,High,High,High,Undefined,,,,173.777413,72.342153,698.041489,0.303332,11:45,-0.964586,-0.023985,-0.262677,-12.319174,42.805147,56.038856,149.366978,-62.961829,0.231628,-0.890704,-0.391146,66.29167,-13.392912,0.890704,-0.231628,0.391146,-66.29167,13.392912,-0.890704,0.231628,0.391146,-149.366978,62.961829,-0.231628,0.890704,-0.391146
244,2026-03-24,20:34:52.98,2,1,"Cooper, Wade",1000293138,Right,TEX_BOB,"Warren, Hank",1000121298,Right,UTR_VAQ,Undefined,8,Top,1,0,0,Fastball,Four-Seam,StrikeCalled,Undefined,Undefined,Undefined,0,0,,96.69823,-5.257823,-2.29243,2376.404633,184.55269,12:15,6.62634,1.29261,6.00792,-8.11571,21.85777,1.66232,1.06099,-0.69395,88.46222,-6.859335,-1.993972,0.39404,,,,,,,,,,,,-1.48996,13.00772,-1.11332,50,6.20731,5.52458,-139.85502,-13.04755,-2.95302,31.34471,-6.39372,TEX_BOB,UTR_VAQ,TexasStateUniversity,D1,SBELT,20260324-TexasStateUniversity-1,cd7d7da0-27ea-11f1-b396-7fdcd427690d,95.65644,,,8.23601,,,,,,,5d42d121-7b79-486a-9f77-85b5a028b7ae,2026-03-25,01:34:52.98,2026-03-24T20:34:52.9890000-05:00,2026-03-25T01:34:52.9890000Z,,v3,471452,471407,94d7b8dbc2134927a2dd9771b85d27fc,"Namken, Clayton",10125205,Right,TEX_BOB,b7ec7fff-e022-41e3-befb-80263d4522d7,54.49389,-140.85861,15.67236,6.62178,-12.84284,-3.19686,-1.29172,5.61913,-1.47651,,,,,,,,,,,,,,,,,,,,,,,,,,,,,,,,,,,,,,,,,,,,,,,,,,,High,High,High,,,,,,196.69667,23.714385,2175.74494,0.915562,12:30,-0.411158,-0.298793,-0.861204,-33.088708,5.707362,-35.238813,175.588332,-4.21557,0.076714,-0.073509,-0.99434,4.228052,-4.399708,0.073509,-0.076714,0.99434,-4.228052,4.399708,-0.073509,0.076714,0.99434,-175.588332,4.21557,-0.076714,0.073509,-0.99434
245,2026-03-24,20:35:11.84,2,2,"Cooper, Wade",1000293138,Right,TEX_BOB,"Warren, Hank",1000121298,Right,UTR_VAQ,Undefined,8,Top,1,0,1,Fastball,Four-Seam,BallCalled,Undefined,Undefined,Undefined,0,0,,96.67727,-5.744645,-3.259728,2430.882179,190.506324,12:15,6.49471,1.06273,6.53548,-6.91107,22.44985,3.99032,0.62294,-1.59811,88.76327,-7.135897,-2.537199,0.389992,,,,,,,,,,,,-2.94945,13.57241,-0.83794,50,6.09067,7.79265,-139.75267,-14.16947,-5.86089,30.08958,-5.20398,TEX_BOB,UTR_VAQ,TexasStateUniversity,D1,SBELT,20260324-TexasStateUniversity-1,d8be3290-27ea-11f1-b396-7fdcd427690d,96.64916,,,7.914,,,,,,,5d42d121-7b79-486a-9f77-85b5a028b7ae,2026-03-25,01:35:11.84,2026-03-24T20:35:11.8480000-05:00,2026-03-25T01:35:11.8480000Z,,v3,471452,471407,94d7b8dbc2134927a2dd9771b85d27fc,"Namken, Clayton",10125205,Right,TEX_BOB,2fe7e06d-8b75-4d25-ad15-8e1afa8a4c31,53.9663,-140.60404,15.04479,6.4895,-14.02223,-2.60199,-1.06078,7.95848,-2.93045,,,,,,,,,,,,,,,,,,,,,,,,,,,,,,,,,,,,,,,,,,,,,,,,,,,High,High,High,,,,,,201.245562,18.203001,2309.230363,0.949956,12:45,-0.326258,-0.373771,-0.868246,-30.662211,-11.397066,-35.867729,167.517631,-0.256066,0.216137,-0.004469,-0.976353,0.262265,-12.482242,0.004469,-0.216137,0.976353,-0.262265,12.482242,-0.004469,0.216137,0.976353,-167.517631,0.256066,-0.216137,0.004469,-0.976353
246,2026-03-24,20:35:28.02,2,3,"Cooper, Wade",1000293138,Right,TEX_BOB,"Warren, Hank",1000121298,Right,UTR_VAQ,Undefined,8,Top,1,1,1,Cutter,Cutter,BallCalled,Undefined,Undefined,Undefined,0,0,,88.79329,-3.88183,-4.036596,2581.305809,165.257456,11:30,6.52924,1.47304,5.75644,-24.19375,11.55886,-2.75551,0.88498,-2.52046,81.99648,-8.32505,-4.528075,0.430354,,,,,,,,,,,,0.33807,7.26485,-1.13594,50,6.19119,9.17976,-128.43459,-9.55183,0.5675,25.37342,-19.97954,TEX_BOB,UTR_VAQ,TexasStateUniversity,D1,SBELT,20260324-TexasStateUniversity-1,e2629ca0-27ea-11f1-b396-7fdcd427690d,87.5848,,,6.79681,,,,,,,5d42d121-7b79-486a-9f77-85b5a028b7ae,2026-03-25,01:35:28.02,2026-03-24T20:35:28.0230000-05:00,2026-03-25T01:35:28.0230000Z,,v3,471452,471407,94d7b8dbc2134927a2dd9771b85d27fc,"Namken, Clayton",10125205,Right,TEX_BOB,330cd99f-12df-4b4c-b070-d2ad686200bc,54.74487,-129.36859,12.68671,6.52926,-8.81639,-9.98977,-1.47346,9.15887,0.28375,,,,,,,,,,,,,,,,,,,,,,,,,,,,,,,,,,,,,,,,,,,,,,,,,,,High,High,High,,,,,,166.111895,74.75438,678.773616,0.262957,11:30,-0.982438,-0.002344,-0.186576,5.907922,39.818548,65.573085,158.520553,-57.885404,0.19466,-0.846987,-0.494693,59.712395,-11.224855,0.846987,-0.19466,0.494693,-59.712395,11.224855,-0.846987,0.19466,0.494693,-158.520553,57.885404,-0.19466,0.846987,-0.494693
247,2026-03-24,20:35:49.03,2,4,"Cooper, Wade",1000293138,Right,TEX_BOB,"Warren, Hank",1000121298,Right,UTR_VAQ,Undefined,8,Top,1,2,1,Cutter,Slider,StrikeCalled,Undefined,Undefined,Undefined,0,0,,87.81408,-1.3751,-1.736721,2382.238029,116.057145,9:45,6.31241,1.63143,5.68183,-29.43305,7.00811,-12.08646,2.57697,-0.99524,80.86342,-6.786519,-3.896766,0.434478,,,,,,,,,,,,5.67398,4.2789,-1.47737,50,6.17802,4.37842,-127.51232,-4.09469,9.36342,25.65106,-25.11285,TEX_BOB,UTR_VAQ,TexasStateUniversity,D1,SBELT,20260324-TexasStateUniversity-1,eef043f0-27ea-11f1-b396-7fdcd427690d,86.75348,,,6.95066,,,,,,,5d42d121-7b79-486a-9f77-85b5a028b7ae,2026-03-25,01:35:49.03,2026-03-24T20:35:49.0360000-05:00,2026-03-25T01:35:49.0360000Z,,v3,471452,471407,94d7b8dbc2134927a2dd9771b85d27fc,"Namken, Clayton",10125205,Right,TEX_BOB,3248fc27-009e-4522-85a0-98aa6646ab15,54.82016,-128.47831,12.82553,6.31442,-3.14897,-12.55642,-1.63562,4.0258,4.68171,,,,,,,,,,,,,,,,,,,,,,,,,,,,,,,,,,,,,,,,,,,,,,,,,,,High,High,High,,,,,,154.116703,75.641594,590.763283,0.247987,11:15,-0.977398,0.084977,-0.193577,-8.445696,54.274067,50.519202,159.106274,-61.946707,0.167723,-0.882511,-0.439368,63.533063,-9.655464,0.882511,-0.167723,0.439368,-63.533063,9.655464,-0.882511,0.167723,0.439368,-159.106274,61.946707,-0.167723,0.882511,-0.439368
248,2026-03-24,20:36:06.38,2,5,"Cooper, Wade",1000293138,Right,TEX_BOB,"Warren, Hank",1000121298,Right,UTR_VAQ,Undefined,8,Top,1,2,2,Slider,Curveball,StrikeCalled,Strikeout,Undefined,Undefined,0,0,,82.82757,0.11241,-2.085793,2678.424397,52.630079,7:45,6.32888,1.77911,5.28566,-47.59042,-5.74422,-9.26209,2.46865,-0.95239,76.00139,-8.506251,-3.730404,0.465585,,,,,,,,,,,,4.02394,-2.49492,-1.58186,50,6.30424,4.76775,-120.1659,-1.52957,5.85466,24.36132,-35.80403,TEX_BOB,UTR_VAQ,TexasStateUniversity,D1,SBELT,20260324-TexasStateUniversity-1,f9436490-27ea-11f1-b396-7fdcd427690d,80.9571,,,6.82618,,,,,,,5d42d121-7b79-486a-9f77-85b5a028b7ae,2026-03-25,01:36:06.38,2026-03-24T20:36:06.3800000-05:00,2026-03-25T01:36:06.3800000Z,,v3,471452,471407,94d7b8dbc2134927a2dd9771b85d27fc,"Namken, Clayton",10125205,Right,TEX_BOB,31b845cb-18ad-4077-9873-aaf6c7320da3,55.21723,-121.21898,12.18066,6.33691,0.01815,-17.90202,-1.78249,4.51467,2.92733,,,,,,,,,,,,,,,,,,,,,,,,,,,,,68.08829,,,0.940259,,,,0.7026,4.56658,-5.16518,66.11605,4.90505,-58.68396,0.71199,73.32774,-4.01688,4.60222,14.92791,-15.57021,-5.21933,-65.07224,8.78533,High,High,High,,,High,Medium,Medium,43.424812,61.869061,1262.845354,0.471488,7:30,-0.868188,0.325831,0.374277,87.830866,-13.005594,38.233863,153.683551,-30.163578,0.383299,-0.50247,-0.774987,32.957751,-22.538203,0.50247,-0.383299,0.774987,-32.957751,22.538203,-0.50247,0.383299,0.774987,-153.683551,30.163578,-0.383299,0.50247,-0.774987
249,2026-03-24,20:36:41.60,3,1,"Cooper, Wade",1000293138,Right,TEX_BOB,"Villescas, Diego",1000125041,Right,UTR_VAQ,Undefined,8,Top,2,0,0,Cutter,Cutter,BallCalled,Undefined,Undefined,Undefined,0,0,,90.19455,-4.234195,-4.102267,2301.746491,179.231561,12:00,6.39325,1.59617,6.05908,-24.85293,9.37544,-0.11205,0.38571,-2.21677,83.45979,-8.806173,-4.122374,0.42108,,,,,,,,,,,,-1.01126,6.26477,-1.27693,50,6.04952,9.36314,-130.48645,-10.5065,-1.75439,25.86266,-21.30579,TEX_BOB,UTR_VAQ,TexasStateUniversity,D1,SBELT,20260324-TexasStateUniversity-1,0e433780-27eb-11f1-b396-7fdcd427690d,89.51375,,,6.73476,,,,,,,5d42d121-7b79-486a-9f77-85b5a028b7ae,2026-03-25,01:36:41.60,2026-03-24T20:36:41.6070000-05:00,2026-03-25T01:36:41.6070000Z,,v3,471452,471407,94d7b8dbc2134927a2dd9771b85d27fc,"Namken, Clayton",10125205,Right,TEX_BOB,64786c19-519e-457f-b3e6-03ab5479e825,54.44314,-131.36414,12.93133,6.3938,-9.78346,-10.65289,-1.5957,9.42268,-0.87719,,,,,,,,,,,,,,,,,,,,,,,,,,,,,,,,,,,,,,,,,,,,,,,,,,,High,High,High,,,,,,183.056083,66.77349,907.733166,0.394367,12:00,-0.94072,-0.088817,-0.327349,-7.933457,43.879703,56.473049,159.580195,-54.831658,0.200957,-0.817463,-0.539787,56.56244,-11.592949,0.817463,-0.200957,0.539787,-56.56244,11.592949,-0.817463,0.200957,0.539787,-159.580195,54.831658,-0.200957,0.817463,-0.539787
250,2026-03-24,20:36:58.95,3,2,"Cooper, Wade",1000293138,Right,TEX_BOB,"Villescas, Diego",1000125041,Right,UTR_VAQ,Undefined,8,Top,2,1,0,Cutter,Cutter,StrikeSwinging,Undefined,Undefined,Undefined,0,0,,89.17413,-3.225347,-1.890848,2473.05199,152.679542,11:00,6.31724,1.68051,5.62265,-22.00749,13.11343,-6.27492,1.46847,-0.60763,82.94698,-7.27124,-3.010951,0.426535,,,,,,,,,,,,2.76059,7.73957,-1.51497,50,6.0275,4.53717,-129.4465,-8.05338,4.75072,23.41756,-18.85494,TEX_BOB,UTR_VAQ,TexasStateUniversity,D1,SBELT,20260324-TexasStateUniversity-1,18996560-27eb-11f1-b396-7fdcd427690d,88.36898,,,6.22716,,,,,,,5d42d121-7b79-486a-9f77-85b5a028b7ae,2026-03-25,01:36:58.95,2026-03-24T20:36:58.9530000-05:00,2026-03-25T01:36:58.9530000Z,,v3,471452,471407,94d7b8dbc2134927a2dd9771b85d27fc,"Namken, Clayton",10125205,Right,TEX_BOB,1befad9e-a9e6-46bf-b3a6-1bef6cbfaa9c,54.8809,-130.32649,11.70878,6.31681,-7.34485,-9.42747,-1.68211,4.35865,2.37536,,,,,,,,,,,,,,,,,,,,,,,,,,,,,,,,,,,,,,,,,,,,,,,,,,,High,High,High,,,,,,178.218557,73.66648,695.491906,0.281228,12:00,-0.967366,-0.045264,-0.249309,-10.04918,51.111645,57.237606,160.490221,-61.688769,0.158388,-0.880384,-0.447031,63.080005,-9.113331,0.880384,-0.158388,0.447031,-63.080005,9.113331,-0.880384,0.158388,0.447031,-160.490221,61.688769,-0.158388,0.880384,-0.447031
251,2026-03-24,20:37:17.01,3,3,"Cooper, Wade",1000293138,Right,TEX_BOB,"Villescas, Diego",1000125041,Right,UTR_VAQ,Undefined,8,Top,2,1,1,Slider,Curveball,InPlay,Undefined,GroundBall,Out,1,0,,83.45893,-0.970687,-1.914208,2653.339056,43.492234,7:30,6.26127,1.63663,5.37723,-48.46062,-7.80922,-8.49945,1.31226,-0.86692,77.59101,-9.702233,-3.428232,0.45889,,,,,,,,,,,,3.82571,-3.445,-1.45872,50,6.13917,4.39503,-121.26588,-3.82496,5.72591,22.57865,-37.33013,TEX_BOB,UTR_VAQ,TexasStateUniversity,D1,SBELT,20260324-TexasStateUniversity-1,23590370-27eb-11f1-b396-7fdcd427690d,82.1382,,,5.86792,,,,,,,5d42d121-7b79-486a-9f77-85b5a028b7ae,2026-03-25,01:37:17.01,2026-03-24T20:37:17.0140000-05:00,2026-03-25T01:37:17.0140000Z,,v3,471452,471407,94d7b8dbc2134927a2dd9771b85d27fc,"Namken, Clayton",10125205,Right,TEX_BOB,f6bc687a-c748-4064-9d2f-705b610f3fb9,55.1288,-122.21709,11.28932,6.26719,-2.25229,-18.66507,-1.6388,4.1538,2.86295,,,,,,,,,,,,,,,,,,,,,,,,,,,,,,,,,,,,,,,,,,,,,,,,,,,High,High,High,,,,,,46.759854,67.484921,1016.033989,0.382927,7:30,-0.919091,0.263268,0.293191,86.986389,-23.583013,49.083131,163.355926,-28.345738,0.252083,-0.474791,-0.843225,29.382369,-14.600787,0.474791,-0.252083,0.843225,-29.382369,14.600787,-0.474791,0.252083,0.843225,-163.355926,28.345738,-0.252083,0.474791,-0.843225
252,2026-03-24,20:40:11.24,1,1,"Wiatrek, Wyatt",831215,Right,UTR_VAQ,"Park, Dawson",830892,Right,TEX_BOB,Undefined,8,Bottom,0,0,0,Fastball,Four-Seam,FoulBallNotFieldable,Undefined,Undefined,Undefined,0,0,,88.15918,-2.497741,-1.440263,2093.091166,221.325299,1:30,6.43194,0.55845,5.29032,-19.85139,17.00588,13.8982,2.42998,0.36389,80.60492,-6.198108,1.026952,0.436951,99.59909,-7.009626,-56.814254,,,,,19.62126,14.1925,-51.122571,0.151391,-7.42162,9.59414,-0.43802,50,6.19016,2.60251,-127.83242,-6.24845,-12.26613,26.64069,-16.31721,TEX_BOB,UTR_VAQ,TexasStateUniversity,D1,SBELT,20260324-TexasStateUniversity-1,8b34d7d0-27eb-11f1-b396-7fdcd427690d,86.26236,3.67205,,7.55426,,,,0.73764,3.67205,2.18698,5d42d121-7b79-486a-9f77-85b5a028b7ae,2026-03-25,01:40:11.24,2026-03-24T20:40:11.2410000-05:00,2026-03-25T01:40:11.2410000Z,GroundBall,v3,471452,471407,94d7b8dbc2134927a2dd9771b85d27fc,"Gonzalez, Rudy",831171,Right,UTR_VAQ,a0138b8e-7dd9-414f-bd58-2e69d6b644ea,55.21202,-128.91405,13.32034,6.4304,-5.58597,-8.1586,-0.55379,3.10052,-6.13306,,0.73798,79.32955,-18.87803,,,,,,,3.67492,-18.07939,-41.04136,,,,,,,2.18561,-121.21936,38.9306,,,,,,,,,,,,,,,,,,,,,,,,,,,,,High,High,High,Low,Low,,,,221.853266,-19.404393,1974.197696,0.943197,1:30,0.341572,-0.614248,-0.711356,10.704841,-25.174928,-63.144528,160.318762,-8.518294,0.333072,-0.148125,-0.931194,9.038324,-19.455323,0.148125,-0.333072,0.931194,-9.038324,19.455323,-0.148125,0.333072,0.931194,-160.318762,8.518294,-0.333072,0.148125,-0.931194
253,2026-03-24,20:40:32.34,1,2,"Wiatrek, Wyatt",831215,Right,UTR_VAQ,"Park, Dawson",830892,Right,TEX_BOB,Undefined,8,Bottom,0,0,1,Fastball,Four-Seam,BallCalled,Undefined,Undefined,Undefined,0,0,,87.77227,-1.696128,-2.295706,1971.177059,208.370532,1:00,6.67903,0.45205,5.59506,-20.02312,16.65717,8.36689,3.425,-0.99539,80.33236,-5.450721,-0.803503,0.435901,,,,,,,,,,,,-4.86048,9.24914,-0.26059,50,6.52054,4.74317,-127.32678,-4.41255,-7.99116,25.77444,-16.96736,TEX_BOB,UTR_VAQ,TexasStateUniversity,D1,SBELT,20260324-TexasStateUniversity-1,97c90ed0-27eb-11f1-b396-7fdcd427690d,86.47016,,,7.4399,,,,,,,5d42d121-7b79-486a-9f77-85b5a028b7ae,2026-03-25,01:40:32.34,2026-03-24T20:40:32.3420000-05:00,2026-03-25T01:40:32.3420000Z,,v3,471452,471407,94d7b8dbc2134927a2dd9771b85d27fc,"Gonzalez, Rudy",831171,Right,UTR_VAQ,8736a056-e54f-4cde-8799-1a3701ab49a9,54.90565,-128.31598,12.88722,6.6774,-3.76136,-8.48368,-0.44851,5.04987,-3.99558,,,,,,,,,,,,,,,,,,,,,,,,,,,,,,,,,,,,,,,,,,,,,,,,,,,High,High,High,,,,,,223.871297,-19.414535,1859.092703,0.943138,1:30,0.324084,-0.643508,-0.693445,4.0857,-21.042804,-58.253659,154.884553,-7.303881,0.421,-0.127132,-0.898107,8.056986,-24.897709,0.127132,-0.421,0.898107,-8.056986,24.897709,-0.127132,0.421,0.898107,-154.884553,7.303881,-0.421,0.127132,-0.898107
254,2026-03-24,20:40:48.11,1,3,"Wiatrek, Wyatt",831215,Right,UTR_VAQ,"Park, Dawson",830892,Right,TEX_BOB,Undefined,8,Bottom,0,1,1,Fastball,Changeup,FoulBallNotFieldable,Undefined,Undefined,Undefined,0,0,,88.04082,-1.797535,-0.79506,1823.12279,208.335004,1:00,6.44737,0.53664,5.01532,-22.96048,14.12091,7.00599,2.83671,0.37002,80.96407,-6.018613,0.442709,0.438278,72.54043,21.663639,160.324888,3348.82774,-106.49024,20.03073,27.56368,171.53547,52.94382,167.966862,2.114671,-3.70634,7.82213,-0.46641,50,6.25679,1.45564,-127.76017,-4.85406,-6.1591,24.9896,-19.17542,TEX_BOB,UTR_VAQ,TexasStateUniversity,D1,SBELT,20260324-TexasStateUniversity-1,a12e4d00-27eb-11f1-b396-7fdcd427690d,86.00129,21.46632,,7.07675,,,,0.7822,2.88611,-0.33365,5d42d121-7b79-486a-9f77-85b5a028b7ae,2026-03-25,01:40:48.11,2026-03-24T20:40:48.1180000-05:00,2026-03-25T01:40:48.1180000Z,LineDrive,v3,471452,471407,94d7b8dbc2134927a2dd9771b85d27fc,"Gonzalez, Rudy",831171,Right,UTR_VAQ,4bcaceec-de62-49f6-b8bf-d96996f18abe,55.48688,-128.82892,12.4948,6.44685,-4.03397,-9.58771,-0.5343,1.71906,-3.07955,289.994215,0.78219,-93.10523,7.75737,-0.89149,0.18941,-0.11566,0.06562,-0.01882,0.00218,2.88611,39.27554,-22.5754,2.25587,-0.46608,0.10928,-0.02891,0.00659,-0.00071,-0.33363,33.28705,-11.74189,2.59285,0.0469,-0.58027,0.3656,-0.10842,0.01276,,,,,,,,,,,,,,,,,,,,,,,High,High,High,High,Low,,,,224.431702,-21.059164,1701.356187,0.93321,1:30,0.370364,-0.641709,-0.671595,5.775805,-21.109402,-53.27819,153.15743,-10.150171,0.444474,-0.176229,-0.878286,11.345776,-26.389668,0.176229,-0.444474,0.878286,-11.345776,26.389668,-0.176229,0.444474,0.878286,-153.15743,10.150171,-0.444474,0.176229,-0.878286
255,2026-03-24,20:41:09.88,1,4,"Wiatrek, Wyatt",831215,Right,UTR_VAQ,"Park, Dawson",830892,Right,TEX_BOB,Undefined,8,Bottom,0,1,2,ChangeUp,Splitter,BallCalled,Undefined,Undefined,Undefined,0,0,,79.05548,2.314888,-0.80604,1077.955641,238.018231,2:00,6.39982,0.65519,4.72994,-40.57093,6.5815,7.9691,5.21671,0.55445,71.57345,-5.078646,0.59289,0.494224,,,,,,,,,,,,-4.12107,3.0178,-0.58134,50,6.59796,1.26129,-114.42743,3.14781,-5.42142,22.6494,-28.20403,TEX_BOB,UTR_VAQ,TexasStateUniversity,D1,SBELT,20260324-TexasStateUniversity-1,ae30d630-27eb-11f1-b396-7fdcd427690d,76.26595,,,7.48203,,,,,,,5d42d121-7b79-486a-9f77-85b5a028b7ae,2026-03-25,01:41:09.88,2026-03-24T20:41:09.8890000-05:00,2026-03-25T01:41:09.8890000Z,,v3,471452,471407,94d7b8dbc2134927a2dd9771b85d27fc,"Gonzalez, Rudy",831171,Right,UTR_VAQ,31100e58-9863-4268-be7a-dafc0c593645,55.76864,-115.56362,11.3247,6.40457,4.56263,-14.10201,-0.65143,1.53325,-2.71071,,,,,,,,,,,,,,,,,,,,,,,,,,,,,,,,,,,,,,,,,,,,,,,,,,,High,High,High,,,,,,266.829329,-25.139296,975.849152,0.905278,3:00,0.387221,-0.920313,-0.055524,47.358266,-14.193243,50.405562,141.193506,27.49809,0.555892,0.461719,-0.69123,33.74162,33.772201,0.461719,0.555892,0.69123,-33.74162,-33.772201,-0.461719,-0.555892,0.69123,-141.193506,-27.49809,-0.555892,-0.461719,-0.69123
256,2026-03-24,20:41:28.71,1,5,"Wiatrek, Wyatt",831215,Right,UTR_VAQ,"Park, Dawson",830892,Right,TEX_BOB,Undefined,8,Bottom,0,2,2,Fastball,Changeup,BallCalled,Undefined,Undefined,Undefined,0,0,,87.74324,-1.936877,-0.241564,1905.542762,221.068529,1:15,6.45823,0.41433,4.8498,-22.79119,15.18292,12.11174,2.72457,1.19495,79.87582,-6.139474,1.891659,0.443522,,,,,,,,,,,,-6.04307,8.42591,-0.40142,50,6.24809,-0.03217,-127.12978,-5.13743,-9.83532,27.40514,-18.46053,TEX_BOB,UTR_VAQ,TexasStateUniversity,D1,SBELT,20260324-TexasStateUniversity-1,b964e0f0-27eb-11f1-b396-7fdcd427690d,84.98438,,,7.86741,,,,,,,5d42d121-7b79-486a-9f77-85b5a028b7ae,2026-03-25,01:41:28.71,2026-03-24T20:41:28.7160000-05:00,2026-03-25T01:41:28.7160000Z,,v3,471452,471407,94d7b8dbc2134927a2dd9771b85d27fc,"Gonzalez, Rudy",831171,Right,UTR_VAQ,523b99df-c5a1-4429-9e53-268d6dc230a4,55.65037,-128.34204,13.70257,6.45728,-4.32084,-9.23027,-0.40963,0.4029,-4.91766,,,,,,,,,,,,,,,,,,,,,,,,,,,,,,,,,,,,,,,,,,,,,,,,,,,High,High,High,,,,,,225.035608,-14.336081,1846.204152,0.96886,1:30,0.267748,-0.676753,-0.685797,3.222102,-24.362476,-65.161325,157.64196,-5.350048,0.378736,-0.09324,-0.920796,5.782094,-22.255413,0.09324,-0.378736,0.920796,-5.782094,22.255413,-0.09324,0.378736,0.920796,-157.64196,5.350048,-0.378736,0.09324,-0.920796
257,2026-03-24,20:41:47.90,1,6,"Wiatrek, Wyatt",831215,Right,UTR_VAQ,"Park, Dawson",830892,Right,TEX_BOB,Undefined,8,Bottom,0,3,2,Fastball,Four-Seam,StrikeCalled,Strikeout,Undefined,Undefined,0,0,,88.75909,-3.454595,-2.093955,1993.093197,222.751712,1:30,6.40932,0.45437,5.47663,-22.18277,13.96276,11.82831,1.32194,-0.52029,81.39023,-7.560046,0.013239,0.432712,,,,,,,,,,,,-6.55201,8.35248,-0.2787,50,6.0904,4.18202,-128.58363,-8.52778,-10.97524,26.53037,-18.18289,TEX_BOB,UTR_VAQ,TexasStateUniversity,D1,SBELT,20260324-TexasStateUniversity-1,c4d112b0-27eb-11f1-b396-7fdcd427690d,87.1075,,,7.36885,,,,,,,5d42d121-7b79-486a-9f77-85b5a028b7ae,2026-03-25,01:41:47.90,2026-03-24T20:41:47.9040000-05:00,2026-03-25T01:41:47.9040000Z,,v3,471452,471407,94d7b8dbc2134927a2dd9771b85d27fc,"Gonzalez, Rudy",831171,Right,UTR_VAQ,505f72f8-c59f-421c-89dc-7e2e37cd2168,55.02482,-129.61624,13.26518,6.40854,-7.82007,-9.09144,-0.44978,4.6092,-5.48762,,,,,,,,,,,,,,,,,,,,,,,,,,,,,52.38583,2.869606,1.516237,1.353369,0.14815,1.15234,0.51944,-3.16735,5.03331,3.68956,68.79553,13.73407,56.02172,-3.07801,57.95211,-3.56363,5.16224,27.92001,-15.92115,3.69112,40.20761,-1.13895,High,High,High,,,High,Medium,High,221.823126,-20.184083,1870.695175,0.938589,1:30,0.356313,-0.603954,-0.712938,-2.112448,-26.94847,-47.971301,163.068104,-6.006799,0.289636,-0.104646,-0.951399,6.276856,-16.836151,0.104646,-0.289636,0.951399,-6.276856,16.836151,-0.104646,0.289636,0.951399,-163.068104,6.006799,-0.289636,0.104646,-0.951399
258,2026-03-24,20:42:26.53,2,1,"Wiatrek, Wyatt",831215,Right,UTR_VAQ,"Stewart, Jaquae",806457,Left,TEX_BOB,Undefined,8,Bottom,1,0,0,ChangeUp,Splitter,StrikeCalled,Undefined,Undefined,Undefined,0,0,,78.68391,-1.416413,-1.679045,1096.139339,235.020391,1:45,6.55212,0.40381,5.11665,-41.18896,5.24492,5.42181,1.78451,-0.72658,72.5433,-8.881358,-0.718289,0.490443,,,,,,,,,,,,-3.17953,3.40543,-0.25021,50,6.38656,3.12925,-114.14784,-4.24957,-4.19977,20.79055,-27.67589,TEX_BOB,UTR_VAQ,TexasStateUniversity,D1,SBELT,20260324-TexasStateUniversity-1,dbdfc870-27eb-11f1-b396-7fdcd427690d,76.8538,,,6.14061,,,,,,,5d42d121-7b79-486a-9f77-85b5a028b7ae,2026-03-25,01:42:26.53,2026-03-24T20:42:26.5370000-05:00,2026-03-25T01:42:26.5370000Z,,v3,471452,471407,94d7b8dbc2134927a2dd9771b85d27fc,"Gonzalez, Rudy",831171,Right,UTR_VAQ,72e9a903-deb1-43af-9dc2-4f43975eec10,55.38575,-115.12461,10.39528,6.55567,-2.94932,-13.83794,-0.40186,3.32657,-2.09989,,,,,,,,,,,,,,,,,,,,,,,,,,,,,,,,,,,,,,,,,,,,,,,,,,,High,High,High,,,,,,259.463492,-33.357784,915.553929,0.835253,2:45,0.565276,-0.807327,-0.169372,49.764006,-25.645998,57.332761,140.38148,24.287401,0.581235,0.411314,-0.70213,30.362142,35.53745,0.411314,0.581235,0.70213,-30.362142,-35.53745,-0.411314,-0.581235,0.70213,-140.38148,-24.287401,-0.581235,-0.411314,-0.70213
259,2026-03-24,20:42:43.17,2,2,"Wiatrek, Wyatt",831215,Right,UTR_VAQ,"Stewart, Jaquae",806457,Left,TEX_BOB,Undefined,8,Bottom,1,0,1,ChangeUp,Changeup,FoulBallNotFieldable,Undefined,Undefined,Undefined,0,0,,79.02232,-0.807859,-1.719635,1211.039416,241.292689,2:00,6.42141,0.57741,4.81555,-39.87101,6.56823,9.39123,2.33314,-0.26951,72.84816,-8.01283,-0.065642,0.490472,,,,,,,,,,,,-5.13985,3.82559,-0.4152,50,6.30659,3.05601,-114.6475,-3.04992,-6.86469,20.5087,-27.06465,TEX_BOB,UTR_VAQ,TexasStateUniversity,D1,SBELT,20260324-TexasStateUniversity-1,e5ca1520-27eb-11f1-b396-7fdcd427690d,76.84935,,,6.17416,,,,,,,5d42d121-7b79-486a-9f77-85b5a028b7ae,2026-03-25,01:42:43.17,2026-03-24T20:42:43.1790000-05:00,2026-03-25T01:42:43.1790000Z,,v3,471452,471407,94d7b8dbc2134927a2dd9771b85d27fc,"Gonzalez, Rudy",831171,Right,UTR_VAQ,3f7764d1-0274-4f14-8cf5-3330af3d2df3,55.68774,-115.66048,10.25435,6.42422,-1.71314,-13.53233,-0.57452,3.39508,-3.43235,,,,,,,,,,,,,,,,,,,,,,,,,,,,,,,,,,,,,,,,,,,,,,,,,,,High,High,High,,,,,,260.713756,-36.340902,975.498853,0.805505,2:45,0.599565,-0.786515,-0.148041,50.648447,-11.378205,60.388015,136.304317,24.129636,0.630465,0.408803,-0.659844,31.780053,39.084464,0.408803,0.630465,0.659844,-31.780053,-39.084464,-0.408803,-0.630465,0.659844,-136.304317,-24.129636,-0.630465,-0.408803,-0.659844
260,2026-03-24,20:43:18.14,2,3,"Wiatrek, Wyatt",831215,Right,UTR_VAQ,"Stewart, Jaquae",806457,Left,TEX_BOB,Undefined,8,Bottom,1,0,2,Fastball,Changeup,BallCalled,Undefined,Undefined,Undefined,0,0,,87.36924,-1.974301,0.393596,1948.043246,218.050449,1:15,6.48195,0.63517,5.09286,-21.89812,15.89489,11.48426,2.7956,1.96315,79.89265,-6.02622,2.424865,0.442463,,,,,,,,,,,,-5.58492,8.82004,-0.68176,50,6.27854,-1.39531,-126.68446,-5.13603,-9.06676,26.13163,-17.8553,TEX_BOB,UTR_VAQ,TexasStateUniversity,D1,SBELT,20260324-TexasStateUniversity-1,faa17880-27eb-11f1-b396-7fdcd427690d,85.18771,,,7.47658,,,,,,,5d42d121-7b79-486a-9f77-85b5a028b7ae,2026-03-25,01:43:18.14,2026-03-24T20:43:18.1460000-05:00,2026-03-25T01:43:18.1460000Z,,v3,471452,471407,94d7b8dbc2134927a2dd9771b85d27fc,"Gonzalez, Rudy",831171,Right,UTR_VAQ,317c06d5-3b77-488c-8900-23b279817b06,55.40726,-127.79496,13.06582,6.48068,-4.37724,-8.92765,-0.63065,-1.01,-4.53338,,,,,,,,,,,,,,,,,,,,,,,,,,,,,,,,,,,,,,,,,,,,,,,,,,,High,High,High,,,,,,231.690593,-23.322557,1788.869768,0.918291,1:45,0.424397,-0.706492,-0.566354,12.002244,-34.596367,-58.47582,158.625888,-11.628098,0.356976,-0.201558,-0.912109,12.460995,-20.914607,0.201558,-0.356976,0.912109,-12.460995,20.914607,-0.201558,0.356976,0.912109,-158.625888,11.628098,-0.356976,0.201558,-0.912109
261,2026-03-24,20:43:36.47,2,4,"Wiatrek, Wyatt",831215,Right,UTR_VAQ,"Stewart, Jaquae",806457,Left,TEX_BOB,Undefined,8,Bottom,1,1,2,Fastball,Four-Seam,StrikeSwinging,Strikeout,Undefined,Undefined,0,0,,87.706,-2.654532,-0.777337,1950.084258,215.549477,1:15,6.46897,0.46952,4.8303,-22.13033,15.57332,10.29276,2.10875,0.59102,80.64103,-6.711207,1.035164,0.44194,,,,,,,,,,,,-5.28666,8.72902,-0.40183,50,6.18719,1.24651,-127.1466,-6.71675,-8.69623,24.88586,-17.81535,TEX_BOB,UTR_VAQ,TexasStateUniversity,D1,SBELT,20260324-TexasStateUniversity-1,05854060-27ec-11f1-b396-7fdcd427690d,85.28862,,,7.06497,,,,,,,5d42d121-7b79-486a-9f77-85b5a028b7ae,2026-03-25,01:43:36.47,2026-03-24T20:43:36.4720000-05:00,2026-03-25T01:43:36.4720000Z,,v3,471452,471407,94d7b8dbc2134927a2dd9771b85d27fc,"Gonzalez, Rudy",831171,Right,UTR_VAQ,5dcb35b7-fda2-42aa-a767-d9d4edd1a23b,55.67119,-128.2518,12.44293,6.46791,-5.92556,-8.90767,-0.46577,1.63271,-4.34812,,,,,,,,,,,,,,,,,,,,,,,,,,,,,50.64238,2.898114,1.428582,1.469531,0.14704,1.95811,-0.61443,-4.49272,4.5446,2.73373,70.0254,12.59406,54.78849,-4.37134,55.51631,-3.31298,4.69625,27.94221,-15.3332,2.788,38.02162,-1.78732,High,High,High,,,High,Medium,High,227.503123,-23.551041,1787.650997,0.916704,1:30,0.421999,-0.656669,-0.625062,6.251138,-28.236084,-50.339982,156.764196,-11.172461,0.387039,-0.193763,-0.901475,12.130588,-22.770413,0.193763,-0.387039,0.901475,-12.130588,22.770413,-0.193763,0.387039,0.901475,-156.764196,11.172461,-0.387039,0.193763,-0.901475
262,2026-03-24,20:44:06.91,3,1,"Wiatrek, Wyatt",831215,Right,UTR_VAQ,"Farris, Ethan",815102,Right,TEX_BOB,Undefined,8,Bottom,2,0,0,Fastball,Changeup,BallCalled,Undefined,Undefined,Undefined,0,0,,87.29272,-3.934349,-2.117817,1875.768168,217.418876,1:15,6.54209,0.49501,5.24057,-22.2971,15.11206,10.71103,0.97776,-0.60384,80.79825,-8.021549,-0.218032,0.44021,,,,,,,,,,,,-5.91819,8.89382,-0.30859,50,6.16309,4.21081,-126.47662,-9.48826,-9.68323,23.3518,-17.62214,TEX_BOB,UTR_VAQ,TexasStateUniversity,D1,SBELT,20260324-TexasStateUniversity-1,17aec1d0-27ec-11f1-b396-7fdcd427690d,85.62369,,,6.49447,,,,,,,5d42d121-7b79-486a-9f77-85b5a028b7ae,2026-03-25,01:44:06.91,2026-03-24T20:44:06.9120000-05:00,2026-03-25T01:44:06.9120000Z,,v3,471452,471407,94d7b8dbc2134927a2dd9771b85d27fc,"Gonzalez, Rudy",831171,Right,UTR_VAQ,eb06ff4b-888c-4ced-a489-29d58086297a,55.26236,-127.44452,11.6759,6.54123,-8.75784,-8.81107,-0.49144,4.61217,-4.84161,,,,,,,,,,,,,,,,,,,,,,,,,,,,,,,,,,,,,,,,,,,,,,,,,,,High,High,High,,,,,,225.673268,-19.769191,1765.215605,0.941063,1:30,0.359064,-0.648411,-0.671294,-9.986766,-26.141748,-35.873874,161.909001,-8.885102,0.306801,-0.154453,-0.939158,9.339239,-17.866537,0.154453,-0.306801,0.939158,-9.339239,17.866537,-0.154453,0.306801,0.939158,-161.909001,8.885102,-0.306801,0.154453,-0.939158
263,2026-03-24,20:44:23.33,3,2,"Wiatrek, Wyatt",831215,Right,UTR_VAQ,"Farris, Ethan",815102,Right,TEX_BOB,Undefined,8,Bottom,2,1,0,Fastball,Four-Seam,StrikeCalled,Undefined,Undefined,Undefined,0,0,,88.32578,-1.499151,-2.011222,2024.473047,216.629378,1:15,6.59068,0.31753,5.19198,-19.92395,16.87115,11.66544,3.51884,-0.60317,80.71506,-5.214137,0.054478,0.436582,,,,,,,,,,,,-6.36071,9.17717,-0.13999,50,6.43678,3.9643,-128.077,-4.0356,-10.57423,26.24642,-16.91769,TEX_BOB,UTR_VAQ,TexasStateUniversity,D1,SBELT,20260324-TexasStateUniversity-1,21724ca0-27ec-11f1-b396-7fdcd427690d,86.3352,,,7.61072,,,,,,,5d42d121-7b79-486a-9f77-85b5a028b7ae,2026-03-25,01:44:23.33,2026-03-24T20:44:23.3340000-05:00,2026-03-25T01:44:23.3340000Z,,v3,471452,471407,94d7b8dbc2134927a2dd9771b85d27fc,"Gonzalez, Rudy",831171,Right,UTR_VAQ,be9f1a57-47fa-47d8-9687-16dab5e6703a,55.30855,-129.16028,13.12321,6.58894,-3.33735,-8.45885,-0.31261,4.40074,-5.28712,,,,,,,,,,,,,,,,,,,,,,,,,,,,,,,,,,,,,,,,,,,,,,,,,,,High,High,High,,,,,,223.181142,-18.948584,1914.767564,0.94581,1:30,0.317126,-0.638508,-0.701241,-7.128706,-21.668025,-45.240269,158.164919,-6.366976,0.369642,-0.110896,-0.922533,6.85454,-21.69355,0.110896,-0.369642,0.922533,-6.85454,21.69355,-0.110896,0.369642,0.922533,-158.164919,6.366976,-0.369642,0.110896,-0.922533
264,2026-03-24,20:44:41.71,3,3,"Wiatrek, Wyatt",831215,Right,UTR_VAQ,"Farris, Ethan",815102,Right,TEX_BOB,Undefined,8,Bottom,2,1,1,ChangeUp,Splitter,StrikeSwinging,Undefined,Undefined,Undefined,0,0,,78.25921,-1.202738,-2.206319,1136.70164,308.545345,4:15,6.44919,0.62111,5.66161,-51.45286,-5.11028,8.32827,1.03884,-0.74339,71.92738,-10.564168,-0.713357,0.489961,,,,,,,,,,,,-4.90799,-1.80228,-0.43974,50,6.31467,4.06032,-113.55448,-4.08272,-6.35719,22.34862,-34.50851,TEX_BOB,UTR_VAQ,TexasStateUniversity,D1,SBELT,20260324-TexasStateUniversity-1,2c738790-27ec-11f1-b396-7fdcd427690d,76.92947,,,6.33184,,,,,,,5d42d121-7b79-486a-9f77-85b5a028b7ae,2026-03-25,01:44:41.71,2026-03-24T20:44:41.7170000-05:00,2026-03-25T01:44:41.7170000Z,,v3,471452,471407,94d7b8dbc2134927a2dd9771b85d27fc,"Gonzalez, Rudy",831171,Right,UTR_VAQ,a185c4bc-0238-4d12-ac6c-2acc390cbf5e,54.84169,-114.50341,11.17431,6.45692,-2.61749,-17.25426,-0.61787,4.33025,-3.1786,,,,,,,,,,,,,,,,,,,,,,,,,,,,,,,,,,,,,,,,,,,,,,,,,,,High,High,High,,,,,,259.888626,-28.156518,1002.186434,0.881662,2:45,0.483674,-0.857872,-0.173536,20.927419,-43.631275,74.334726,137.886405,38.572172,0.524293,0.6235,-0.57997,47.071522,31.62065,0.6235,0.524293,0.57997,-47.071522,-31.62065,-0.6235,-0.524293,0.57997,-137.886405,-38.572172,-0.524293,-0.6235,-0.57997
265,2026-03-24,20:44:59.61,3,4,"Wiatrek, Wyatt",831215,Right,UTR_VAQ,"Farris, Ethan",815102,Right,TEX_BOB,Undefined,8,Bottom,2,1,2,ChangeUp,Changeup,FoulBallNotFieldable,Undefined,Undefined,Undefined,0,0,,78.75792,0.115516,-1.333813,1254.538514,250.331588,2:15,6.44327,0.49084,5.00885,-41.53467,5.02122,9.93426,3.09112,0.05942,72.27046,-7.431479,0.421889,0.491087,55.66903,45.807107,163.558532,4682.988853,-107.23434,29.54961,24.51046,141.06696,57.74113,167.448834,2.911619,-5.32351,2.86575,-0.37131,50,6.42074,2.25532,-114.27388,-1.23062,-7.03762,21.10558,-28.38558,TEX_BOB,UTR_VAQ,TexasStateUniversity,D1,SBELT,20260324-TexasStateUniversity-1,37267b70-27ec-11f1-b396-7fdcd427690d,76.75302,41.09954,,6.48745,,,,1.37841,3.12881,-0.04729,5d42d121-7b79-486a-9f77-85b5a028b7ae,2026-03-25,01:44:59.61,2026-03-24T20:44:59.6180000-05:00,2026-03-25T01:44:59.6180000Z,Popup,v3,471452,471407,94d7b8dbc2134927a2dd9771b85d27fc,"Gonzalez, Rudy",831171,Right,UTR_VAQ,83ae020d-9a85-4f8b-959e-1f6c77de188c,55.49343,-115.28401,10.55279,6.44713,0.12794,-14.19279,-0.48731,2.59214,-3.51881,337.226965,1.37873,-54.60334,1.33911,0.31269,0.40865,-0.46214,0.21687,-0.04791,0.00407,3.12897,58.53434,-25.39631,2.61641,-0.40223,0.04361,-0.0215,0.00899,-0.00115,-0.04719,16.10417,-3.72744,0.95,-0.10671,-0.00349,-0.00789,0.00476,-0.00063,,,,,,,,,,,,,,,,,,,,,,,High,High,High,High,Medium,,,,255.533292,-31.672425,1067.692448,0.851064,2:30,0.518309,-0.825136,-0.224736,46.559248,-29.843628,55.446204,136.360147,26.504275,0.617592,0.446265,-0.647633,34.569578,38.140494,0.446265,0.617592,0.647633,-34.569578,-38.140494,-0.446265,-0.617592,0.647633,-136.360147,-26.504275,-0.617592,-0.446265,-0.647633
266,2026-03-24,20:45:24.42,3,5,"Wiatrek, Wyatt",831215,Right,UTR_VAQ,"Farris, Ethan",815102,Right,TEX_BOB,Undefined,8,Bottom,2,1,2,ChangeUp,Changeup,StrikeSwinging,Strikeout,Undefined,Undefined,0,0,,79.47821,-2.006629,-3.057746,1285.029799,281.769294,3:30,6.47358,0.59517,5.96191,-45.42778,-1.10374,12.10717,0.82375,-1.23407,73.25959,-10.317795,-0.877727,0.479172,,,,,,,,,,,,-7.15189,0.38571,-0.35918,50,6.28843,5.71996,-115.30166,-5.47326,-9.5915,22.19554,-31.65677,TEX_BOB,UTR_VAQ,TexasStateUniversity,D1,SBELT,20260324-TexasStateUniversity-1,45e49750-27ec-11f1-b396-7fdcd427690d,78.66166,,,6.21862,,,,,,,5d42d121-7b79-486a-9f77-85b5a028b7ae,2026-03-25,01:45:24.42,2026-03-24T20:45:24.4290000-05:00,2026-03-25T01:45:24.4290000Z,,v3,471452,471407,94d7b8dbc2134927a2dd9771b85d27fc,"Gonzalez, Rudy",831171,Right,UTR_VAQ,cdfc739e-6950-4c84-9987-4be6a6f0c18e,54.542,-116.1727,11.09777,6.47884,-4.23092,-15.82839,-0.59104,6.09637,-4.79575,,,,,,,,,,,,,,,,,,,,,,,,,,,,,,,,,,,,,,,,,,,,,,,,,,,High,High,High,,,,,,247.12976,-11.080015,1261.076531,0.98136,2:15,0.20306,-0.896929,-0.392792,14.597486,-41.872784,67.52548,126.052856,55.24792,0.460852,0.821626,-0.335479,67.789297,27.442094,0.821626,0.460852,0.335479,-67.789297,-27.442094,-0.821626,-0.460852,0.335479,-126.052856,-55.24792,-0.460852,-0.821626,-0.335479
267,2026-03-24,20:47:59.74,1,1,"Cooper, Wade",1000293138,Right,TEX_BOB,"Stracener, Austin",691798,Left,UTR_VAQ,Undefined,9,Top,0,0,0,Cutter,Cutter,FoulBallNotFieldable,Undefined,Undefined,Undefined,0,0,,88.58916,-3.026267,-1.748259,2345.23206,180.284527,12:00,6.27371,1.74696,5.40362,-23.76966,12.23583,0.05559,1.45317,0.11287,82.04467,-7.385347,-1.738371,0.431873,,,,,,,,,,,,-0.46488,7.24075,-1.59115,50,5.98704,3.92116,-128.54613,-7.64431,-0.78558,24.16997,-19.93832,TEX_BOB,UTR_VAQ,TexasStateUniversity,D1,SBELT,20260324-TexasStateUniversity-1,a26e9fc0-27ec-11f1-9bcc-07f2e2cc4b47,87.27672,,,6.54449,,,,,,,5d42d121-7b79-486a-9f77-85b5a028b7ae,2026-03-25,01:47:59.74,2026-03-24T20:47:59.7420000-05:00,2026-03-25T01:47:59.7420000Z,,v3,471452,471407,94d7b8dbc2134927a2dd9771b85d27fc,"Namken, Clayton",10125205,Right,TEX_BOB,407007fb-2449-4843-8f9b-5d0f7cf23bbc,55.1,-129.50151,12.08498,6.27362,-6.8562,-9.96916,-1.74676,3.95221,-0.39279,,,,,,,,,,,,,,,,,,,,,,,,,,,,,,,,,,,,,,,,,,,,,,,,,,,High,High,High,,,,,,180.58418,72.179658,717.719155,0.306033,12:00,-0.959422,-0.053377,-0.276876,-19.479849,50.14423,41.299921,152.217062,-54.284583,0.272104,-0.811926,-0.516464,57.539694,-15.789502,0.811926,-0.272104,0.516464,-57.539694,15.789502,-0.811926,0.272104,0.516464,-152.217062,54.284583,-0.272104,0.811926,-0.516464
268,2026-03-24,20:48:20.37,1,2,"Cooper, Wade",1000293138,Right,TEX_BOB,"Stracener, Austin",691798,Left,UTR_VAQ,Undefined,9,Top,0,0,1,ChangeUp,Changeup,StrikeCalled,Undefined,Undefined,Undefined,0,0,,83.86623,-1.944593,-3.709821,2030.588653,252.321504,2:30,5.77153,1.92895,6.03566,-31.12474,8.73237,23.1508,1.3726,0.418,76.49445,-7.735488,0.453679,0.454385,,,,,,,,,,,,-13.00761,5.47622,-1.65125,50,5.60254,6.97512,-121.55487,-5.108,-19.33654,25.25838,-24.03333,TEX_BOB,UTR_VAQ,TexasStateUniversity,D1,SBELT,20260324-TexasStateUniversity-1,aec7c990-27ec-11f1-9bcc-07f2e2cc4b47,82.95262,,,7.37178,,,,,,,5d42d121-7b79-486a-9f77-85b5a028b7ae,2026-03-25,01:48:20.37,2026-03-24T20:48:20.3790000-05:00,2026-03-25T01:48:20.3790000Z,,v3,471452,471407,94d7b8dbc2134927a2dd9771b85d27fc,"Namken, Clayton",10125205,Right,TEX_BOB,711a80af-c3f1-4a15-9ec6-6b05a1b483bb,54.46697,-122.47956,12.62919,5.77344,-4.22816,-12.01666,-1.91956,7.68302,-9.66827,,,,,,,,,,,,,,,,,,,,,,,,,,,,,,,,,,,,,,,,,,,,,,,,,,,High,High,High,,,,,,254.730984,-17.190046,1939.881693,0.95533,2:30,0.309682,-0.911047,-0.272195,82.859171,-15.970041,-1.32035,151.549131,-14.071479,0.46211,-0.243132,-0.852843,15.912019,-27.52332,0.243132,-0.46211,0.852843,-15.912019,27.52332,-0.243132,0.46211,0.852843,-151.549131,14.071479,-0.46211,0.243132,-0.852843
269,2026-03-24,20:48:41.39,1,3,"Cooper, Wade",1000293138,Right,TEX_BOB,"Stracener, Austin",691798,Left,UTR_VAQ,Undefined,9,Top,0,0,2,Slider,Curveball,StrikeSwinging,Strikeout,Undefined,Undefined,0,0,,82.18974,-2.052138,-2.019039,2713.636055,58.249317,8:00,6.29731,1.70762,5.33746,-49.07869,-6.54992,-12.76284,0.28008,-1.25101,75.82547,-10.879313,-4.29209,0.469367,,,,,,,,,,,,5.89752,-2.41307,-1.51554,50,6.07602,4.71158,-119.19999,-6.03479,8.42069,24.53855,-35.61954,TEX_BOB,UTR_VAQ,TexasStateUniversity,D1,SBELT,20260324-TexasStateUniversity-1,bb4962f0-27ec-11f1-9bcc-07f2e2cc4b47,80.30481,,,6.36427,,,,,,,5d42d121-7b79-486a-9f77-85b5a028b7ae,2026-03-25,01:48:41.39,2026-03-24T20:48:41.3940000-05:00,2026-03-25T01:48:41.3940000Z,,v3,471452,471407,94d7b8dbc2134927a2dd9771b85d27fc,"Namken, Clayton",10125205,Right,TEX_BOB,4238d59a-5e19-4908-9b79-9ee5182351b4,55.16757,-120.25909,12.26927,6.30331,-4.49743,-17.80977,-1.71105,4.34814,4.21034,,,,,,,,,,,,,,,,,,,,,,,,,,,,,,,,,,,,,,,,,,,,,,,,,,,High,High,High,,,,,,37.012199,57.151501,1471.929178,0.54242,7:15,-0.835473,0.296236,0.462848,108.269721,-27.100059,26.951318,158.095213,-26.987295,0.332441,-0.453793,-0.826774,28.761148,-19.417011,0.453793,-0.332441,0.826774,-28.761148,19.417011,-0.453793,0.332441,0.826774,-158.095213,26.987295,-0.332441,0.453793,-0.826774
270,2026-03-24,20:49:26.55,2,1,"Cooper, Wade",1000293138,Right,TEX_BOB,"Gonzalez, Rudy",831171,Right,UTR_VAQ,Undefined,9,Top,0,0,0,Cutter,Cutter,HitByPitch,Undefined,Undefined,Undefined,0,0,,87.74073,-1.354742,-2.795922,2443.675261,154.27672,11:15,6.37897,1.77162,6.04965,-20.89261,15.38276,-6.84323,3.382,-1.3891,80.07568,-5.295062,-4.024604,0.433488,,,,,,,,,,,,2.72248,8.68221,-1.55013,50,6.26216,6.4917,-127.28753,-3.63507,4.44551,27.28047,-17.99707,TEX_BOB,UTR_VAQ,TexasStateUniversity,D1,SBELT,20260324-TexasStateUniversity-1,d6348f90-27ec-11f1-9bcc-07f2e2cc4b47,86.95144,,,7.66506,,,,,,,5d42d121-7b79-486a-9f77-85b5a028b7ae,2026-03-25,01:49:26.55,2026-03-24T20:49:26.5560000-05:00,2026-03-25T01:49:26.5560000Z,,v3,471452,471407,94d7b8dbc2134927a2dd9771b85d27fc,"Namken, Clayton",10125205,Right,TEX_BOB,49f26cf2-4dd5-499c-8de6-30d777e2e5c1,54.45138,-128.23801,13.64023,6.37788,-3.00803,-8.99853,-1.77361,6.33682,2.22275,,,,,,,,,,,,,,,,,,,,,,,,,,,,,,,,,,,,,,,,,,,,,,,,,,,High,High,High,,,,,,171.692222,71.406943,779.152327,0.318844,11:45,-0.962892,0.023649,-0.26885,-23.713996,64.286175,36.892744,170.084979,-60.162928,0.085669,-0.867444,-0.490104,60.533624,-4.914513,0.867444,-0.085669,0.490104,-60.533624,4.914513,-0.867444,0.085669,0.490104,-170.084979,60.162928,-0.085669,0.867444,-0.490104
271,2026-03-24,20:50:22.07,3,1,"Cooper, Wade",1000293138,Right,TEX_BOB,"Whitfield, Damien",1000316181,Left,UTR_VAQ,Undefined,9,Top,0,0,0,Cutter,Slider,FoulBallNotFieldable,Undefined,Undefined,Undefined,0,0,,87.72313,-1.565918,-1.71271,2315.881521,125.090864,10:15,6.30713,1.72608,5.57936,-30.97376,5.59843,-6.42835,2.26242,-0.40974,80.97113,-7.236594,-2.860104,0.435258,80.47612,-17.941894,65.233953,,,,,9.7489,4.5085,46.715048,0.067272,2.85307,3.53299,-1.57416,50,6.15176,4.07404,-127.41368,-4.58706,4.7098,25.15191,-26.34188,TEX_BOB,UTR_VAQ,TexasStateUniversity,D1,SBELT,20260324-TexasStateUniversity-1,f7470d70-27ec-11f1-9bcc-07f2e2cc4b47,86.59793,2.45231,,6.752,,,,3.51144,2.45231,0.21974,5d42d121-7b79-486a-9f77-85b5a028b7ae,2026-03-25,01:50:22.07,2026-03-24T20:50:22.0790000-05:00,2026-03-25T01:50:22.0790000Z,GroundBall,v3,471452,471407,94d7b8dbc2134927a2dd9771b85d27fc,"Namken, Clayton",10125205,Right,TEX_BOB,ec13b584-e8ab-4c60-b513-53b1d351fb06,54.92486,-128.38218,12.57596,6.30886,-3.57273,-13.17094,-1.72755,3.89268,2.3549,,3.51012,47.16193,,,,,,,,2.45333,-36.45373,,,,,,,,0.2169,102.22683,,,,,,,,,,,,,,,,,,,,,,,,,,,,,,High,High,High,Low,Low,,,,166.184473,75.563146,577.379025,0.249313,11:30,-0.976491,0.033049,-0.21301,-15.183446,56.748453,45.136775,158.064369,-60.077228,0.186346,-0.866699,-0.462719,61.902834,-10.739624,0.866699,-0.186346,0.462719,-61.902834,10.739624,-0.866699,0.186346,0.462719,-158.064369,60.077228,-0.186346,0.866699,-0.462719
272,2026-03-24,20:50:45.83,3,2,"Cooper, Wade",1000293138,Right,TEX_BOB,"Whitfield, Damien",1000316181,Left,UTR_VAQ,Undefined,9,Top,0,0,1,Fastball,Four-Seam,StrikeSwinging,Undefined,Undefined,Undefined,0,0,,93.39133,-2.673085,-2.233475,2228.70366,207.673058,1:00,6.32015,1.447,5.81833,-15.40713,16.98808,8.32882,2.54705,0.0633,84.84719,-5.607293,-0.7418,0.409649,,,,,,,,,,,,-4.90744,9.78776,-1.26901,50,6.09194,4.90399,-135.34675,-6.79207,-9.04453,31.31542,-14.13496,TEX_BOB,UTR_VAQ,TexasStateUniversity,D1,SBELT,20260324-TexasStateUniversity-1,056d2f10-27ed-11f1-9bcc-07f2e2cc4b47,92.01155,,,8.54414,,,,,,,5d42d121-7b79-486a-9f77-85b5a028b7ae,2026-03-25,01:50:45.83,2026-03-24T20:50:45.8340000-05:00,2026-03-25T01:50:45.8340000Z,,v3,471452,471407,94d7b8dbc2134927a2dd9771b85d27fc,"Namken, Clayton",10125205,Right,TEX_BOB,fab94b2d-d3c7-4c3a-b79c-88ad99295f58,54.6818,-136.42569,15.65771,6.31756,-6.30507,-7.06748,-1.44334,5.21561,-4.52226,,,,,,,,,,,,,,,,,,,,,,,,,,,,,,,,,,,,,,,,,,,,,,,,,,,High,High,High,,,,,,203.382768,24.406766,2029.535264,0.910635,12:45,-0.428181,-0.380283,-0.819784,-38.278213,-11.980418,-44.310324,167.859361,-2.475158,0.210116,-0.043186,-0.976722,2.53171,-12.12914,0.043186,-0.210116,0.976722,-2.53171,12.12914,-0.043186,0.210116,0.976722,-167.859361,2.475158,-0.210116,0.043186,-0.976722
273,2026-03-24,20:51:07.77,3,3,"Cooper, Wade",1000293138,Right,TEX_BOB,"Whitfield, Damien",1000316181,Left,UTR_VAQ,Undefined,9,Top,0,0,2,Fastball,Four-Seam,InPlay,Undefined,Popup,Out,1,0,,94.13227,-2.619795,-1.911332,2292.411001,202.306727,12:45,6.30021,1.49819,5.78194,-14.74894,16.93564,6.53512,2.63049,0.26373,86.12891,-5.417592,-0.741445,0.405131,87.72269,83.074167,-72.228159,,,,,,13.42956,,,-3.89579,9.69815,-1.34457,50,6.0751,4.27107,-136.57967,-6.71764,-7.36259,29.93602,-13.84573,TEX_BOB,UTR_VAQ,TexasStateUniversity,D1,SBELT,20260324-TexasStateUniversity-1,127e1020-27ed-11f1-9bcc-07f2e2cc4b47,93.03767,69.87461,,8.00336,,,,3.60787,2.83571,-0.29301,5d42d121-7b79-486a-9f77-85b5a028b7ae,2026-03-25,01:51:07.77,2026-03-24T20:51:07.7720000-05:00,2026-03-25T01:51:07.7720000Z,,v3,471452,471407,94d7b8dbc2134927a2dd9771b85d27fc,"Namken, Clayton",10125205,Right,TEX_BOB,aa1d7b96-c982-478b-9ed6-e11a325e97ab,54.72083,-137.6105,14.96801,6.29821,-6.24087,-6.92287,-1.49601,4.5246,-3.68129,,3.60787,4.73541,15.20743,-7.08774,2.30872,-0.68489,0.19497,-0.04916,0.00789,2.83571,127.72092,-38.56538,5.99629,-1.04175,0.13467,-0.00478,-0.00513,0.00153,-0.29301,-14.77401,7.29811,-2.59697,0.741,-0.20052,0.0534,-0.01299,0.00209,,,,,,,,,,,,,,,,,,,,,,,High,High,High,Low,Undefined,,,,202.367307,26.020505,2060.04559,0.898637,12:45,-0.450085,-0.361664,-0.816469,-44.39683,-17.76839,-54.628173,167.371889,-8.03059,0.216478,-0.139702,-0.96624,8.226976,-12.50226,0.139702,-0.216478,0.96624,-8.226976,12.50226,-0.139702,0.216478,0.96624,-167.371889,8.03059,-0.216478,0.139702,-0.96624
274,2026-03-24,20:51:46.43,4,1,"Cooper, Wade",1000293138,Right,TEX_BOB,"Williams, Thomas",1000123122,Left,UTR_VAQ,Undefined,9,Top,1,0,0,Cutter,Cutter,StrikeCalled,Undefined,Undefined,Undefined,0,0,,88.87668,-2.594078,-1.295432,2323.693673,164.227534,11:30,6.29708,1.85223,5.76696,-22.2267,13.41107,-3.46315,2.02825,0.35776,81.36827,-6.736317,-1.915686,0.429662,,,,,,,,,,,,1.39425,7.91599,-1.7429,50,6.06877,3.0643,-128.91374,-6.56963,2.34331,27.11266,-18.86954,TEX_BOB,UTR_VAQ,TexasStateUniversity,D1,SBELT,20260324-TexasStateUniversity-1,2991cef0-27ed-11f1-9bcc-07f2e2cc4b47,87.72588,,,7.50841,,,,,,,5d42d121-7b79-486a-9f77-85b5a028b7ae,2026-03-25,01:51:46.43,2026-03-24T20:51:46.4360000-05:00,2026-03-25T01:51:46.4360000Z,,v3,471452,471407,94d7b8dbc2134927a2dd9771b85d27fc,"Namken, Clayton",10125205,Right,TEX_BOB,27228e3b-7943-40dd-b610-c49356dfb3e5,54.73296,-129.90535,13.55633,6.29643,-5.8795,-9.43477,-1.8534,2.9786,1.17165,,,,,,,,,,,,,,,,,,,,,,,,,,,,,,,,,,,,,,,,,,,,,,,,,,,High,High,High,,,,,,183.078567,71.375662,742.099171,0.319362,12:00,-0.952853,-0.060023,-0.297435,-33.061844,66.769169,20.482019,172.359929,-48.96693,0.087281,-0.754331,-0.650667,49.219774,-5.007185,0.754331,-0.087281,0.650667,-49.219774,5.007185,-0.754331,0.087281,0.650667,-172.359929,48.96693,-0.087281,0.754331,-0.650667
275,2026-03-24,20:52:08.38,4,2,"Cooper, Wade",1000293138,Right,TEX_BOB,"Williams, Thomas",1000123122,Left,UTR_VAQ,Undefined,9,Top,1,0,1,Cutter,Slider,BallCalled,Undefined,Undefined,Undefined,0,0,,89.56142,-3.667542,-1.058662,2383.154924,140.649424,10:45,6.26527,1.79754,5.61479,-28.70675,6.73894,-4.57544,0.44461,0.42802,82.1326,-8.92161,-1.877139,0.428502,,,,,,,,,,,,2.02646,4.82118,-1.70402,50,5.93298,2.59472,-129.76291,-9.35136,3.43996,28.27718,-23.99007,TEX_BOB,UTR_VAQ,TexasStateUniversity,D1,SBELT,20260324-TexasStateUniversity-1,36aebdf0-27ed-11f1-9bcc-07f2e2cc4b47,87.96323,,,7.42882,,,,,,,5d42d121-7b79-486a-9f77-85b5a028b7ae,2026-03-25,01:52:08.38,2026-03-24T20:52:08.3810000-05:00,2026-03-25T01:52:08.3810000Z,,v3,471452,471407,94d7b8dbc2134927a2dd9771b85d27fc,"Namken, Clayton",10125205,Right,TEX_BOB,fcc0f907-29f7-469b-b6c5-e7314dfc0faf,54.88696,-130.82351,14.13859,6.26685,-8.45156,-11.99504,-1.79892,2.4657,1.71998,,,,,,,,,,,,,,,,,,,,,,,,,,,,,,,,,,,,,,,,,,,,,,,,,,,High,High,High,,,,,,188.421427,72.882194,701.451495,0.294337,12:15,-0.956204,-0.104152,-0.273543,-8.343243,57.201958,49.273428,166.659436,-49.173723,0.150849,-0.756695,-0.636126,49.947452,-8.676159,0.756695,-0.150849,0.636126,-49.947452,8.676159,-0.756695,0.150849,0.636126,-166.659436,49.173723,-0.150849,0.756695,-0.636126
276,2026-03-24,20:52:25.74,4,3,"Cooper, Wade",1000293138,Right,TEX_BOB,"Williams, Thomas",1000123122,Left,UTR_VAQ,Undefined,9,Top,1,1,1,Fastball,Four-Seam,BallCalled,Undefined,Undefined,Undefined,0,0,,93.66502,-4.482288,-1.061975,2463.691966,196.986461,12:30,6.28193,1.59812,5.68645,-11.05611,21.37092,6.18654,1.17331,1.12367,85.20757,-6.622849,0.043875,0.40985,,,,,,,,,,,,-3.43894,12.47753,-1.51261,50,5.89702,2.22701,-135.5312,-10.90792,-6.36429,31.01456,-9.08246,TEX_BOB,UTR_VAQ,TexasStateUniversity,D1,SBELT,20260324-TexasStateUniversity-1,410057f0-27ed-11f1-9bcc-07f2e2cc4b47,91.96641,,,8.45745,,,,,,,5d42d121-7b79-486a-9f77-85b5a028b7ae,2026-03-25,01:52:25.74,2026-03-24T20:52:25.7470000-05:00,2026-03-25T01:52:25.7470000Z,,v3,471452,471407,94d7b8dbc2134927a2dd9771b85d27fc,"Namken, Clayton",10125205,Right,TEX_BOB,f2cf219a-d212-4377-b1c2-e5e5f4c1ee99,54.8132,-136.6282,15.50728,6.27716,-10.58667,-4.54123,-1.59535,2.45212,-3.18215,,,,,,,,,,,,,,,,,,,,,,,,,,,,,,,,,,,,,,,,,,,,,,,,,,,High,High,High,,,,,,200.540035,25.881015,2216.589741,0.899702,12:45,-0.426043,-0.348819,-0.834753,-38.838905,-11.827077,-46.836599,167.992772,-4.568404,0.207374,-0.079649,-0.975014,4.670143,-11.968514,0.079649,-0.207374,0.975014,-4.670143,11.968514,-0.079649,0.207374,0.975014,-167.992772,4.568404,-0.207374,0.079649,-0.975014
277,2026-03-24,20:52:48.09,4,4,"Cooper, Wade",1000293138,Right,TEX_BOB,"Williams, Thomas",1000123122,Left,UTR_VAQ,Undefined,9,Top,1,2,1,Cutter,Cutter,FoulBallNotFieldable,Undefined,Undefined,Undefined,0,0,,88.56575,-3.047081,-1.462171,2286.558871,153.154332,11:00,6.23843,1.81343,5.65128,-23.20072,12.57816,-5.82965,1.45932,-0.03648,81.84412,-7.326587,-2.503984,0.430512,,,,,,,,,,,,2.61366,7.51087,-1.68552,50,5.96499,3.52329,-128.53373,-7.63158,4.40198,24.95645,-19.52414,TEX_BOB,UTR_VAQ,TexasStateUniversity,D1,SBELT,20260324-TexasStateUniversity-1,4e503dd0-27ed-11f1-9bcc-07f2e2cc4b47,87.55268,,,6.72163,,,,,,,5d42d121-7b79-486a-9f77-85b5a028b7ae,2026-03-25,01:52:48.09,2026-03-24T20:52:48.0950000-05:00,2026-03-25T01:52:48.0950000Z,,v3,471452,471407,94d7b8dbc2134927a2dd9771b85d27fc,"Namken, Clayton",10125205,Right,TEX_BOB,7a6cc157-9a85-4bfc-bdce-de9b1cc9bc86,54.85196,-129.47237,12.47823,6.23821,-6.89726,-9.76207,-1.81492,3.35772,2.20099,,,,,,,,,,,,,,,,,,,,,,,,,,,,,,,,,,,,,,,,,,,,,,,,,,,High,High,High,,,,,,183.21548,71.62171,720.927956,0.315289,12:00,-0.954438,-0.068105,-0.290533,-32.238571,55.442784,40.218114,152.155537,-64.765492,0.199124,-0.90457,-0.376964,67.376925,-11.485766,0.90457,-0.199124,0.376964,-67.376925,11.485766,-0.90457,0.199124,0.376964,-152.155537,64.765492,-0.199124,0.90457,-0.376964
278,2026-03-24,20:53:25.51,4,5,"Cooper, Wade",1000293138,Right,TEX_BOB,"Williams, Thomas",1000123122,Left,UTR_VAQ,Undefined,9,Top,1,2,2,Fastball,Four-Seam,InPlay,Undefined,FlyBall,Error,0,0,,93.9866,-3.194765,-1.653001,2264.144348,205.022929,12:45,6.3315,1.35682,5.9056,-13.1052,18.49261,8.16902,2.26941,0.50268,86.15838,-5.698802,-0.186937,0.404576,89.76279,46.356715,-21.343941,4177.874103,98.21849,98.70204,-49.52907,309.12423,134.18018,-33.79374,5.688855,-4.66811,10.67638,-1.22881,50,6.06704,3.58214,-136.36791,-7.99781,-8.81201,29.2962,-12.02031,TEX_BOB,UTR_VAQ,TexasStateUniversity,D1,SBELT,20260324-TexasStateUniversity-1,6498bd60-27ed-11f1-9bcc-07f2e2cc4b47,93.16534,119.83987,,7.82821,,,,1.88189,2.62979,-0.54698,5d42d121-7b79-486a-9f77-85b5a028b7ae,2026-03-25,01:53:25.51,2026-03-24T20:53:25.5160000-05:00,2026-03-25T01:53:25.5160000Z,FlyBall,v3,471452,471407,94d7b8dbc2134927a2dd9771b85d27fc,"Namken, Clayton",10125205,Right,TEX_BOB,1b013603-c5eb-4726-8a8f-2b129b28119e,54.59723,-137.352,14.6481,6.32891,-7.59404,-6.01015,-1.35411,3.87814,-4.40601,150.575607,1.89418,84.39775,-17.86172,3.40638,-0.0187,-0.21619,0.06072,-0.00707,0.00031,2.62423,95.34975,-23.63942,2.49954,-0.41255,0.01099,0.01527,-0.00305,0.00018,-0.544,-33.12311,-0.25327,0.37665,-0.03856,-0.01891,0.00649,-0.00074,3E-05,,,,,,,,,,,,,,,,,,,,,,,High,High,High,High,Low,,,,203.408987,27.400632,2010.130699,0.88781,12:45,-0.463156,-0.377819,-0.80171,-43.204834,-12.517598,-45.295149,166.678204,-5.378356,0.229405,-0.093732,-0.968807,5.526175,-13.262072,0.093732,-0.229405,0.968807,-5.526175,13.262072,-0.093732,0.229405,0.968807,-166.678204,5.378356,-0.229405,0.093732,-0.968807
279,2026-03-24,20:55:34.38,5,1,"Cooper, Wade",1000293138,Right,TEX_BOB,"Raygoza, Armani",831193,Left,UTR_VAQ,Undefined,9,Top,1,0,0,Cutter,Cutter,FoulBallNotFieldable,Undefined,Undefined,Undefined,0,0,,88.61589,-2.794979,-1.715069,2184.015228,167.480769,11:30,6.23016,1.73587,5.47227,-26.71907,9.34859,-1.83276,1.38463,-0.0224,81.72078,-7.690365,-2.041615,0.432245,68.52489,55.746057,-129.886131,5487.263838,,,,,38.44661,,,0.47756,5.7837,-1.58372,50,5.96589,3.92745,-128.55158,-7.23672,0.80248,25.60761,-22.45535,TEX_BOB,UTR_VAQ,TexasStateUniversity,D1,SBELT,20260324-TexasStateUniversity-1,b16d9fc0-27ed-11f1-9bcc-07f2e2cc4b47,87.20147,47.50937,,6.89511,,,,2.13423,1.64501,-0.04032,5d42d121-7b79-486a-9f77-85b5a028b7ae,2026-03-25,01:55:34.38,2026-03-24T20:55:34.3810000-05:00,2026-03-25T01:55:34.3810000Z,,v3,471452,471407,94d7b8dbc2134927a2dd9771b85d27fc,"Namken, Clayton",10125205,Right,TEX_BOB,86798102-bc92-439f-bab3-37bdb236550f,55.03065,-129.54981,12.80381,6.23093,-6.36137,-11.22767,-1.73621,3.89617,0.40124,23.275874,2.13423,-36.27585,-3.92499,2.53599,-0.78182,0.20113,-0.04738,0.0102,-0.00123,1.64501,83.07086,-29.27704,3.82034,-0.74362,0.12186,-0.02162,0.00384,-0.00051,-0.04032,-43.40678,4.84403,-0.6806,0.05932,0.00959,-0.0051,0.00207,-0.00037,,,,,,,,,,,,,,,,,,,,,,,High,High,High,High,Undefined,,,,192.082639,70.691948,722.138149,0.330647,12:30,-0.948513,-0.115149,-0.295066,-14.387196,60.339778,48.626565,170.591029,-53.710072,0.096759,-0.806032,-0.583909,54.079544,-5.552593,0.806032,-0.096759,0.583909,-54.079544,5.552593,-0.806032,0.096759,0.583909,-170.591029,53.710072,-0.096759,0.806032,-0.583909
280,2026-03-24,20:56:02.41,5,2,"Cooper, Wade",1000293138,Right,TEX_BOB,"Raygoza, Armani",831193,Left,UTR_VAQ,Undefined,9,Top,1,0,1,Fastball,Four-Seam,FoulBallNotFieldable,Undefined,Undefined,Undefined,0,0,,93.95149,-2.650242,-1.825554,2091.838278,192.887301,12:30,6.40715,1.46784,5.80525,-11.93162,20.56033,4.41591,2.945,0.13741,84.05998,-4.994456,-1.034927,0.41026,88.09846,48.596635,-43.338229,4366.624937,,,,,88.94914,,,-2.87626,11.74587,-1.32057,50,6.18251,4.13155,-135.97396,-6.59634,-5.26587,35.96145,-10.66975,TEX_BOB,UTR_VAQ,TexasStateUniversity,D1,SBELT,20260324-TexasStateUniversity-1,c22b3520-27ed-11f1-9bcc-07f2e2cc4b47,91.8745,91.45941,,9.8915,,,,1.17662,3.00012,-0.07485,5d42d121-7b79-486a-9f77-85b5a028b7ae,2026-03-25,01:56:02.41,2026-03-24T20:56:02.4150000-05:00,2026-03-25T01:56:02.4150000Z,,v3,471452,471407,94d7b8dbc2134927a2dd9771b85d27fc,"Namken, Clayton",10125205,Right,TEX_BOB,4f67d43f-3779-4995-bba7-0aa03adcb5bd,54.69289,-137.20949,17.98073,6.40285,-6.22976,-5.33488,-1.46563,4.31247,-2.63293,156.625178,1.1766,62.15571,-15.20065,4.2782,-2.19603,2.20127,-1.56309,0.58197,-0.0868,3.00013,96.91525,-23.43976,2.24533,0.35982,-1.20516,0.97104,-0.37289,0.05643,-0.07485,-58.64763,7.2758,-1.54705,0.28843,-0.04185,-0.00415,0.00519,-0.00105,,,,,,,,,,,,,,,,,,,,,,,High,High,High,High,Undefined,,,,201.17968,21.966223,1939.980302,0.927405,12:45,-0.385533,-0.352003,-0.852911,-35.923404,1.358102,-44.416357,179.515434,-4.503939,0.008431,-0.078528,-0.996876,4.5041,-0.483069,0.078528,-0.008431,0.996876,-4.5041,0.483069,-0.078528,0.008431,0.996876,-179.515434,4.503939,-0.008431,0.078528,-0.996876
281,2026-03-24,20:56:34.62,5,3,"Cooper, Wade",1000293138,Right,TEX_BOB,"Raygoza, Armani",831193,Left,UTR_VAQ,Undefined,9,Top,1,0,2,Slider,Curveball,BallCalled,Undefined,Undefined,Undefined,0,0,,80.87943,-1.632623,-0.786245,2608.690537,56.995858,8:00,6.25858,1.82263,4.63055,-53.5716,-8.46894,-15.29182,0.24183,-0.19909,74.49856,-11.154363,-3.479101,0.483362,,,,,,,,,,,,7.31237,-3.31323,-1.72698,50,6.04126,2.26896,-117.24102,-5.43472,10.09171,23.91767,-36.74658,TEX_BOB,UTR_VAQ,TexasStateUniversity,D1,SBELT,20260324-TexasStateUniversity-1,d55bed60-27ed-11f1-9bcc-07f2e2cc4b47,77.97974,,,6.38087,,,,,,,5d42d121-7b79-486a-9f77-85b5a028b7ae,2026-03-25,01:56:34.62,2026-03-24T20:56:34.6250000-05:00,2026-03-25T01:56:34.6250000Z,,v3,471452,471407,94d7b8dbc2134927a2dd9771b85d27fc,"Namken, Clayton",10125205,Right,TEX_BOB,72532713-1eec-40b6-8d92-6760231aaedc,55.87427,-118.43333,11.95884,6.26653,-3.60288,-18.37329,-1.82756,1.76589,5.04586,,,,,,,,,,,,,,,,,,,,,,,,,,,,,,,,,,,,,,,,,,,,,,,,,,,High,High,High,,,,,,37.237924,52.481841,1588.726042,0.609013,7:15,-0.796609,0.345782,0.495831,-39.860537,16.853405,39.349082,154.787769,-31.57166,0.362923,-0.523565,-0.770823,34.18546,-21.279789,0.523565,-0.362923,0.770823,-34.18546,21.279789,-0.523565,0.362923,0.770823,-154.787769,31.57166,-0.362923,0.523565,-0.770823
282,2026-03-24,20:56:56.10,5,4,"Cooper, Wade",1000293138,Right,TEX_BOB,"Raygoza, Armani",831193,Left,UTR_VAQ,Undefined,9,Top,1,1,2,Slider,Curveball,FoulBallNotFieldable,Undefined,Undefined,Undefined,0,0,,79.80638,0.447226,-0.802254,2669.278755,45.762452,7:30,6.27547,1.60055,4.9559,-58.05346,-12.55091,-14.33643,1.86031,-0.35222,73.58918,-9.960003,-3.338661,0.4855,93.42275,-11.385649,61.114952,,,,,14.38093,14.38093,49.324672,0.089473,6.97028,-6.12469,-1.51008,50,6.26985,2.20532,-115.883,-1.24913,9.43803,22.51321,-40.46713,TEX_BOB,UTR_VAQ,TexasStateUniversity,D1,SBELT,20260324-TexasStateUniversity-1,e224f000-27ed-11f1-9bcc-07f2e2cc4b47,77.63632,2.42443,,6.21721,,,,3.55742,2.42443,0.36515,5d42d121-7b79-486a-9f77-85b5a028b7ae,2026-03-25,01:56:56.10,2026-03-24T20:56:56.1000000-05:00,2026-03-25T01:56:56.1000000Z,GroundBall,v3,471452,471407,94d7b8dbc2134927a2dd9771b85d27fc,"Namken, Clayton",10125205,Right,TEX_BOB,0c37932c-e584-4d51-bcf1-56955a4aa512,55.55091,-116.95643,11.2566,6.28341,0.68035,-20.23356,-1.6045,1.75532,4.71902,180,3.55578,64.99903,,,,,,,,2.42511,-27.09669,,,,,,,,0.36219,117.81819,,,,,,,,,,,,,,,,,,,,,,,,,,,,,,High,High,High,Low,Low,,,,35.746147,49.19655,1744.28342,0.653466,7:15,-0.746453,0.387649,0.540866,-44.068442,44.57331,49.572048,151.191793,-30.940607,0.413308,-0.514149,-0.75155,34.376764,-24.412816,0.514149,-0.413308,0.75155,-34.376764,24.412816,-0.514149,0.413308,0.75155,-151.191793,30.940607,-0.413308,0.514149,-0.75155
283,2026-03-24,20:57:24.14,5,5,"Cooper, Wade",1000293138,Right,TEX_BOB,"Raygoza, Armani",831193,Left,UTR_VAQ,Undefined,9,Top,1,1,2,Fastball,Four-Seam,InPlay,Undefined,FlyBall,Sacrifice,1,1,,94.5274,-3.626881,-2.864735,2369.676356,208.957468,1:00,6.38676,1.46823,6.03957,-12.56123,18.9069,9.8552,1.97297,-0.36533,85.77479,-6.057117,-1.093901,0.403745,95.92404,18.19074,-14.295184,2991.218135,104.76146,29.94165,-33.54129,312.71042,293.85529,-24.487375,3.230618,-5.94276,11.15351,-1.24987,50,6.09633,6.41582,-136.85453,-9.02076,-11.18172,32.42612,-11.188,TEX_BOB,UTR_VAQ,TexasStateUniversity,D1,SBELT,20260324-TexasStateUniversity-1,f2d58d10-27ed-11f1-9bcc-07f2e2cc4b47,93.35713,35.18627,,8.75261,,,,1.71682,2.07729,0.35075,5d42d121-7b79-486a-9f77-85b5a028b7ae,2026-03-25,01:57:24.14,2026-03-24T20:57:24.1420000-05:00,2026-03-25T01:57:24.1420000Z,LineDrive,v3,471452,471407,94d7b8dbc2134927a2dd9771b85d27fc,"Namken, Clayton",10125205,Right,TEX_BOB,089300e1-64d6-4950-82ec-6cccf8e9fed3,54.46132,-137.90753,16.21306,6.38337,-8.65744,-5.594,-1.46412,6.77893,-5.59086,126.57679,1.71689,129.51596,-22.68811,5.05187,-0.96927,0.13773,-0.01075,-0.00037,0.00013,2.07719,43.92403,-14.97641,0.11094,0.13394,-0.01248,-0.00902,0.00364,-0.0004,0.35077,-33.00322,-6.08408,2.53363,-0.76202,0.17863,-0.03177,0.00357,-0.00018,,,,,,,,,,,,,,,,,,,,,,,High,High,High,High,Medium,,,,201.175143,25.133069,2145.324434,0.905324,12:45,-0.444872,-0.353234,-0.822991,-40.715345,-13.773709,-51.696559,168.755683,-5.207407,0.194188,-0.090761,-0.976757,5.308745,-11.197306,0.090761,-0.194188,0.976757,-5.308745,11.197306,-0.090761,0.194188,0.976757,-168.755683,5.207407,-0.194188,0.090761,-0.976757
284,2026-03-24,20:58:12.68,6,1,"Cooper, Wade",1000293138,Right,TEX_BOB,"Ramirez, Julius",1000361309,Right,UTR_VAQ,Undefined,9,Top,2,0,0,Slider,Slider,StrikeCalled,Undefined,Undefined,Undefined,0,0,,83.35828,-0.766351,-1.949035,2737.69266,64.089893,8:15,6.41391,1.79899,5.35087,-45.36266,-4.18988,-11.28107,1.91441,-0.96995,76.68721,-8.978807,-3.95549,0.461824,,,,,,,,,,,,5.09855,-1.48067,-1.61516,50,6.31243,4.59046,-120.9589,-3.289,7.52401,24.46111,-34.35907,TEX_BOB,UTR_VAQ,TexasStateUniversity,D1,SBELT,20260324-TexasStateUniversity-1,0fd4a590-27ee-11f1-9bcc-07f2e2cc4b47,81.61646,,,6.67107,,,,,,,5d42d121-7b79-486a-9f77-85b5a028b7ae,2026-03-25,01:58:12.68,2026-03-24T20:58:12.6810000-05:00,2026-03-25T01:58:12.6810000Z,,v3,471452,471407,94d7b8dbc2134927a2dd9771b85d27fc,"Namken, Clayton",10125205,Right,TEX_BOB,b89a38de-634b-4dfc-88fb-e5076cac9cf6,55.15206,-121.99633,12.23056,6.42102,-1.83177,-17.17953,-1.80308,4.27135,3.762,,,,,,,,,,,,,,,,,,,,,,,,,,,,,,,,,,,,,,,,,,,,,,,,,,,High,High,High,,,,,,40.022208,62.918588,1246.351207,0.455256,7:15,-0.881822,0.280833,0.378843,95.262375,-24.222024,35.071088,155.644997,-30.368227,0.355807,-0.505555,-0.786012,32.748728,-20.842906,0.505555,-0.355807,0.786012,-32.748728,20.842906,-0.505555,0.355807,0.786012,-155.644997,30.368227,-0.355807,0.505555,-0.786012
285,2026-03-24,20:58:31.32,6,2,"Cooper, Wade",1000293138,Right,TEX_BOB,"Ramirez, Julius",1000361309,Right,UTR_VAQ,Undefined,9,Top,2,0,1,Fastball,Four-Seam,InPlay,Undefined,FlyBall,Double,0,1,,93.03094,-4.093731,-2.603338,2451.748451,186.927217,12:15,6.47961,1.25747,6.44469,-10.4291,21.55962,2.48477,1.83855,-0.92927,84.52948,-6.153803,-2.153583,0.407071,89.45436,16.451171,7.188982,1803.888849,108.75582,25.22389,16.49665,275.48897,272.9766,10.010451,2.904413,-2.08854,12.85894,-1.07374,50,6.1835,6.02622,-134.74278,-9.86589,-3.80948,31.42715,-8.7195,TEX_BOB,UTR_VAQ,TexasStateUniversity,D1,SBELT,20260324-TexasStateUniversity-1,1ae2b1c0-27ee-11f1-9bcc-07f2e2cc4b47,92.59435,27.54378,,8.50146,,,,1.86503,2.05661,0.90814,5d42d121-7b79-486a-9f77-85b5a028b7ae,2026-03-25,01:58:31.32,2026-03-24T20:58:31.3230000-05:00,2026-03-25T01:58:31.3230000Z,LineDrive,v3,471452,471407,94d7b8dbc2134927a2dd9771b85d27fc,"Namken, Clayton",10125205,Right,TEX_BOB,403fc5be-2e82-4a61-aba0-4cb5de10bf67,54.05665,-135.68565,15.71357,6.47557,-9.60429,-4.35975,-1.25625,6.14051,-1.90474,200.794126,1.86503,124.83908,-18.22781,3.93574,-0.78236,0.14614,-0.02427,0.00291,-0.00017,2.05661,37.15546,-13.98548,0.29993,0.03443,-0.0173,0.00324,1E-05,-4E-05,0.90814,15.74651,0.55934,-0.29559,0.09513,-0.02239,0.0036,-0.00035,1E-05,,,,,,,,,,,,,,,,,,,,,,,High,High,High,High,High,,,,196.464981,28.528562,2154.05504,0.878579,12:30,-0.496398,-0.282475,-0.820852,-44.592621,-15.196213,-62.676811,168.742679,-8.85943,0.192887,-0.154011,-0.969059,9.030389,-11.121288,0.154011,-0.192887,0.969059,-9.030389,11.121288,-0.154011,0.192887,0.969059,-168.742679,8.85943,-0.192887,0.154011,-0.969059
286,2026-03-24,21:00:29.72,7,1,"Cooper, Wade",1000293138,Right,TEX_BOB,"Moomau, Easton",831202,Left,UTR_VAQ,Undefined,9,Top,2,0,0,Cutter,Cutter,InPlay,Undefined,FlyBall,Single,0,1,,87.90099,-2.390786,-2.138628,2388.86308,167.840968,11:30,6.2971,1.84436,5.46468,-23.14257,13.59154,-2.68244,2.12795,-0.38183,80.7724,-6.669017,-2.615909,0.436221,84.97783,21.100469,10.778385,892.4659,108.06454,30.85101,20.54231,257.09526,255.8659,10.970083,2.937946,0.78323,7.85512,-1.65404,50,6.07067,4.8753,-127.48402,-6.12038,1.29195,25.63983,-19.21694,TEX_BOB,UTR_VAQ,TexasStateUniversity,D1,SBELT,20260324-TexasStateUniversity-1,617b3440-27ee-11f1-9bcc-07f2e2cc4b47,86.40684,32.49331,,7.12859,,,,1.91652,2.4487,0.39895,5d42d121-7b79-486a-9f77-85b5a028b7ae,2026-03-25,02:00:29.72,2026-03-24T21:00:29.7240000-05:00,2026-03-25T02:00:29.7240000Z,LineDrive,v3,471452,471407,94d7b8dbc2134927a2dd9771b85d27fc,"Namken, Clayton",10125205,Right,TEX_BOB,a672dcd0-6bba-4722-a69d-7cbae48817de,55.03751,-128.49318,12.81992,6.29668,-5.36402,-9.60847,-1.84493,4.82445,0.64597,177.225711,1.91652,114.22748,-16.18252,3.47441,-0.70677,0.13388,-0.02229,0.00263,-0.00015,2.44873,44.86532,-18.27541,1.39427,-0.25037,0.04484,-0.00728,0.00114,-9E-05,0.39894,21.74706,-3.31714,0.88871,-0.20541,0.042,-0.00692,0.00083,-5E-05,,,,,,,,,,,,,,,,,,,,,,,High,High,High,High,High,,,,183.284357,73.814935,665.873555,0.278741,12:00,-0.968581,-0.056017,-0.242307,-20.081202,63.613257,36.690567,166.593283,-51.951576,0.142903,-0.78749,-0.599532,52.717277,-8.215856,0.78749,-0.142903,0.599532,-52.717277,8.215856,-0.78749,0.142903,0.599532,-166.593283,51.951576,-0.142903,0.78749,-0.599532
287,2026-03-24,21:01:17.80,8,1,"Cooper, Wade",1000293138,Right,TEX_BOB,"Warren, Hank",1000121298,Right,UTR_VAQ,Undefined,9,Top,2,0,0,Fastball,Four-Seam,BallCalled,Undefined,Undefined,Undefined,0,0,,93.47319,-5.438475,-2.897957,2405.446461,196.852752,12:30,6.37034,1.424,5.9304,-10.82052,21.39017,6.15819,0.4008,-0.75401,85.59089,-7.527876,-1.794227,0.408481,,,,,,,,,,,,-3.97386,12.82044,-1.19578,50,5.92783,6.57273,-135.08224,-13.15103,-7.34951,29.16492,-8.46315,TEX_BOB,UTR_VAQ,TexasStateUniversity,D1,SBELT,20260324-TexasStateUniversity-1,7e1ebf40-27ee-11f1-9bcc-07f2e2cc4b47,92.27475,,,7.8823,,,,,,,5d42d121-7b79-486a-9f77-85b5a028b7ae,2026-03-25,02:01:17.80,2026-03-24T21:01:17.8060000-05:00,2026-03-25T02:01:17.8060000Z,,v3,471452,471407,94d7b8dbc2134927a2dd9771b85d27fc,"Namken, Clayton",10125205,Right,TEX_BOB,fec47b96-6fec-450f-9325-de597f58c783,54.57188,-136.06575,14.58246,6.3665,-12.86564,-4.23157,-1.42161,6.82057,-3.67476,,,,,,,,,,,,,,,,,,,,,,,,,,,,,,,,,,,,,,,,,,,,,,,,,,,High,High,High,,,,,,201.279429,23.732458,2202.029269,0.915435,12:45,-0.411822,-0.368876,-0.833267,-36.025944,1.273034,-23.955151,167.95352,-4.85978,0.207955,-0.084718,-0.974463,4.968667,-12.002527,0.084718,-0.207955,0.974463,-4.968667,12.002527,-0.084718,0.207955,0.974463,-167.95352,4.85978,-0.207955,0.084718,-0.974463
288,2026-03-24,21:01:36.47,8,2,"Cooper, Wade",1000293138,Right,TEX_BOB,"Warren, Hank",1000121298,Right,UTR_VAQ,Undefined,9,Top,2,1,0,Slider,Slider,BallCalled,Undefined,Undefined,Undefined,0,0,,83.37381,-1.970238,-3.314433,2721.451118,84.171989,8:45,6.31407,1.81187,5.58721,-40.78864,0.04791,-11.76855,1.0713,-2.26747,77.01111,-9.364017,-5.411702,0.459934,,,,,,,,,,,,5.01874,0.98768,-1.5191,50,6.11798,7.4776,-120.84028,-5.59536,7.40902,23.90051,-30.71599,TEX_BOB,UTR_VAQ,TexasStateUniversity,D1,SBELT,20260324-TexasStateUniversity-1,894d4bc0-27ee-11f1-9bcc-07f2e2cc4b47,81.95179,,,6.36269,,,,,,,5d42d121-7b79-486a-9f77-85b5a028b7ae,2026-03-25,02:01:36.47,2026-03-24T21:01:36.4770000-05:00,2026-03-25T02:01:36.4770000Z,,v3,471452,471407,94d7b8dbc2134927a2dd9771b85d27fc,"Namken, Clayton",10125205,Right,TEX_BOB,adc96158-84b7-4b75-a2b5-440aef546580,54.91507,-121.80853,11.95025,6.31946,-4.351,-15.35799,-1.81595,7.17744,3.70451,,,,,,,,,,,,,,,,,,,,,,,,,,,,,,,,,,,,,,,,,,,,,,,,,,,High,High,High,,,,,,42.16331,66.389875,1089.971008,0.400511,7:30,-0.906282,0.23718,0.349855,101.572089,-34.181003,24.026426,150.2589,-34.643264,0.40813,-0.568465,-0.714337,38.512567,-24.087419,0.568465,-0.40813,0.714337,-38.512567,24.087419,-0.568465,0.40813,0.714337,-150.2589,34.643264,-0.40813,0.568465,-0.714337
289,2026-03-24,21:02:00.85,8,3,"Cooper, Wade",1000293138,Right,TEX_BOB,"Warren, Hank",1000121298,Right,UTR_VAQ,Undefined,9,Top,2,2,0,Fastball,Four-Seam,BallCalled,Undefined,Undefined,Undefined,0,0,,92.48626,-1.510029,-1.38202,2367.086741,195.539969,12:30,6.34776,1.55161,5.7739,-13.70272,19.16828,5.03382,3.79991,0.68476,84.29021,-4.140315,-0.480918,0.412646,,,,,,,,,,,,-2.94906,10.50461,-1.44041,50,6.21468,3.01263,-134.23618,-3.92958,-5.37158,29.53265,-13.04044,TEX_BOB,UTR_VAQ,TexasStateUniversity,D1,SBELT,20260324-TexasStateUniversity-1,97cab520-27ee-11f1-9bcc-07f2e2cc4b47,91.3432,,,8.19605,,,,,,,5d42d121-7b79-486a-9f77-85b5a028b7ae,2026-03-25,02:02:00.85,2026-03-24T21:02:00.8530000-05:00,2026-03-25T02:02:00.8530000Z,,v3,471452,471407,94d7b8dbc2134927a2dd9771b85d27fc,"Namken, Clayton",10125205,Right,TEX_BOB,89b0302d-c4da-4e4b-8edf-885b902a3722,54.72623,-135.27198,14.76633,6.34448,-3.47222,-6.52022,-1.54938,3.20103,-2.68579,,,,,,,,,,,,,,,,,,,,,,,,,,,,,,,,,,,,,,,,,,,,,,,,,,,High,High,High,,,,,,201.332376,30.675202,2035.867766,0.860073,12:45,-0.520925,-0.326211,-0.788811,-42.863494,-17.488763,-58.719305,166.726641,-3.595922,0.229145,-0.062719,-0.97137,3.694351,-13.24675,0.062719,-0.229145,0.97137,-3.694351,13.24675,-0.062719,0.229145,0.97137,-166.726641,3.595922,-0.229145,0.062719,-0.97137
290,2026-03-24,21:02:26.22,8,4,"Cooper, Wade",1000293138,Right,TEX_BOB,"Warren, Hank",1000121298,Right,UTR_VAQ,Undefined,9,Top,2,3,0,Fastball,Four-Seam,StrikeCalled,Undefined,Undefined,Undefined,0,0,,91.45184,-2.708479,-2.740424,2224.343927,208.863644,1:00,6.26797,1.43238,5.99996,-15.99273,17.60796,9.06725,2.4207,-0.35336,83.03698,-5.764991,-1.111918,0.417201,,,,,,,,,,,,-5.46571,10.19312,-1.22141,50,6.0456,5.9506,-132.50718,-6.73259,-9.64717,30.2345,-14.18287,TEX_BOB,UTR_VAQ,TexasStateUniversity,D1,SBELT,20260324-TexasStateUniversity-1,a6e56ff0-27ee-11f1-9bcc-07f2e2cc4b47,90.34594,,,8.41485,,,,,,,5d42d121-7b79-486a-9f77-85b5a028b7ae,2026-03-25,02:02:26.22,2026-03-24T21:02:26.2220000-05:00,2026-03-25T02:02:26.2220000Z,,v3,471452,471407,94d7b8dbc2134927a2dd9771b85d27fc,"Namken, Clayton",10125205,Right,TEX_BOB,fb9a7427-29f9-423b-9c2f-67e411f118ad,54.49991,-133.52999,15.11725,6.26524,-6.2528,-7.09144,-1.42823,6.27696,-4.82359,,,,,,,,,,,,,,,,,,,,,,,,,,,,,,,,,,,,,,,,,,,,,,,,,,,High,High,High,,,,,,205.491916,22.297055,2058.028004,0.925229,12:45,-0.399686,-0.415687,-0.816979,-43.239997,-1.193279,-35.021992,173.869304,-8.234536,0.105696,-0.143226,-0.98403,8.281246,-6.067251,0.143226,-0.105696,0.98403,-8.281246,6.067251,-0.143226,0.105696,0.98403,-173.869304,8.234536,-0.105696,0.143226,-0.98403
291,2026-03-24,21:02:45.26,8,5,"Cooper, Wade",1000293138,Right,TEX_BOB,"Warren, Hank",1000121298,Right,UTR_VAQ,Undefined,9,Top,2,3,1,Cutter,Four-Seam,StrikeSwinging,Undefined,Undefined,Undefined,0,0,,89.10105,-1.807764,-1.844672,2396.671089,175.298473,11:45,6.24901,1.6204,5.5758,-19.71434,15.98595,-1.21996,2.91618,-0.20487,81.40721,-5.501845,-2.062184,0.430038,,,,,,,,,,,,0.09969,8.96815,-1.46066,50,6.08058,4.21542,-129.26537,-4.72741,0.16831,27.4594,-17.03081,TEX_BOB,UTR_VAQ,TexasStateUniversity,D1,SBELT,20260324-TexasStateUniversity-1,b23cba20-27ee-11f1-9bcc-07f2e2cc4b47,87.649,,,7.69384,,,,,,,5d42d121-7b79-486a-9f77-85b5a028b7ae,2026-03-25,02:02:45.26,2026-03-24T21:02:45.2670000-05:00,2026-03-25T02:02:45.2670000Z,,v3,471452,471407,94d7b8dbc2134927a2dd9771b85d27fc,"Namken, Clayton",10125205,Right,TEX_BOB,4e6eb833-bd1d-4e19-b34e-ea3c124aeb1f,54.92616,-130.30761,13.7297,6.24775,-4.08099,-8.51541,-1.62054,4.20903,0.08415,,,,,,,,,,,,,,,,,,,,,,,,,,,,,,,,,,,,,,,,,,,,,,,,,,,High,High,High,,,,,,186.812207,67.891526,902.014235,0.376361,12:15,-0.936154,-0.073847,-0.343748,-42.53704,57.049764,21.54051,158.501549,-56.968501,0.199766,-0.838371,-0.507176,58.827985,-11.523282,0.838371,-0.199766,0.507176,-58.827985,11.523282,-0.838371,0.199766,0.507176,-158.501549,56.968501,-0.199766,0.838371,-0.507176
292,2026-03-24,21:03:05.18,8,6,"Cooper, Wade",1000293138,Right,TEX_BOB,"Warren, Hank",1000121298,Right,UTR_VAQ,Undefined,9,Top,2,3,2,Slider,Slider,StrikeSwinging,Strikeout,Undefined,Undefined,0,0,,88.1658,-2.90086,-1.899528,2413.21844,117.789453,10:00,6.26432,1.56637,5.52876,-31.1512,5.39485,-8.06662,0.95266,-0.88231,81.15558,-8.580512,-3.338522,0.435102,,,,,,,,,,,,3.55996,3.88284,-1.39563,50,5.99102,4.58573,-127.81978,-7.61236,5.8852,26.52749,-25.75509,TEX_BOB,UTR_VAQ,TexasStateUniversity,D1,SBELT,20260324-TexasStateUniversity-1,be2ce8f0-27ee-11f1-9bcc-07f2e2cc4b47,86.62888,,,7.01022,,,,,,,5d42d121-7b79-486a-9f77-85b5a028b7ae,2026-03-25,02:03:05.18,2026-03-24T21:03:05.1820000-05:00,2026-03-25T02:03:05.1820000Z,,v3,471452,471407,94d7b8dbc2134927a2dd9771b85d27fc,"Namken, Clayton",10125205,Right,TEX_BOB,90a9a9cb-8bd2-4990-b954-366ead499ddb,54.97321,-128.84778,13.26374,6.26667,-6.61429,-12.87755,-1.56892,4.35767,2.9426,,,,,,,,,,,,,,,,,,,,,,,,,,,,,44.3474,,,,,,,1.35228,6.01043,-5.96777,,,,1.38731,53.96278,-3.36956,6.04755,16.25071,-14.86972,-5.95533,31.38749,-1.35262,High,High,High,,,Medium,Medium,Low,175.077692,77.769593,511.224583,0.211843,11:45,-0.98343,-0.031305,-0.178563,12.416299,39.684724,70.443624,163.704399,-54.677648,0.162232,-0.815912,-0.554949,55.778124,-9.336481,0.815912,-0.162232,0.554949,-55.778124,9.336481,-0.815912,0.162232,0.554949,-163.704399,54.677648,-0.162232,0.815912,-0.554949
293,2026-03-24,21:05:31.42,1,1,"Oliva, Steven",831197,Right,UTR_VAQ,"Namken, Clayton",10125205,Right,TEX_BOB,Undefined,9,Bottom,0,0,0,Fastball,Four-Seam,StrikeSwinging,Undefined,Undefined,Undefined,0,0,,96.30698,-2.830386,-1.976355,2289.730074,203.516803,12:45,5.80474,0.7111,5.00614,-9.97457,21.25037,8.80465,2.29791,-0.42158,87.84524,-4.753321,-0.423353,0.402181,,,,,,,,,,,,-4.89902,11.60001,-0.52867,50,5.52519,4.36601,-139.49505,-7.19759,-9.66018,31.16271,-9.30047,TEX_BOB,UTR_VAQ,TexasStateUniversity,D1,SBELT,20260324-TexasStateUniversity-1,154b7610-27ef-11f1-9bcc-07f2e2cc4b47,93.72,,,8.46174,,,,,,,5d42d121-7b79-486a-9f77-85b5a028b7ae,2026-03-25,02:05:31.42,2026-03-24T21:05:31.4290000-05:00,2026-03-25T02:05:31.4290000Z,,v3,471452,471407,94d7b8dbc2134927a2dd9771b85d27fc,"Gonzalez, Rudy",831171,Right,UTR_VAQ,28ff7896-8103-496c-985b-2c4521bce426,55.49458,-140.71717,15.58136,5.80031,-6.83284,-4.65024,-0.70732,4.74485,-4.83009,,,,,,,,,,,,,,,,,,,,,,,,,,,,,,,,,,,,,,,,,,,,,,,,,,,High,High,High,,,,,,210.863019,20.264607,2148.0028,0.938103,1:00,-0.34975,-0.497751,-0.793674,-30.152796,-14.770701,-36.841468,169.25789,7.940655,0.184602,0.138147,-0.973056,8.080434,10.637905,0.138147,0.184602,0.973056,-8.080434,-10.637905,-0.138147,-0.184602,0.973056,-169.25789,-7.940655,-0.184602,-0.138147,-0.973056
294,2026-03-24,21:05:51.06,1,2,"Oliva, Steven",831197,Right,UTR_VAQ,"Namken, Clayton",10125205,Right,TEX_BOB,Undefined,9,Bottom,0,0,1,Fastball,Four-Seam,BallCalled,Undefined,Undefined,Undefined,0,0,,97.14512,-3.124243,-0.215139,2270.02691,206.915759,1:00,5.82119,0.76684,5.12939,-11.16882,19.25714,9.29327,1.94498,1.33865,89.02337,-5.245349,1.429233,0.397003,,,,,,,,,,,,-4.76618,10.79426,-0.75445,50,5.51966,0.08054,-140.88233,-8.07,-9.60575,31.17124,-10.41931,TEX_BOB,UTR_VAQ,TexasStateUniversity,D1,SBELT,20260324-TexasStateUniversity-1,25958920-27ef-11f1-9bcc-07f2e2cc4b47,94.94251,,,8.12175,,,,,,,5d42d121-7b79-486a-9f77-85b5a028b7ae,2026-03-25,02:05:51.06,2026-03-24T21:05:51.0680000-05:00,2026-03-25T02:05:51.0680000Z,,v3,471452,471407,94d7b8dbc2134927a2dd9771b85d27fc,"Gonzalez, Rudy",831171,Right,UTR_VAQ,8c5e6390-9024-40c6-9a37-e251e8b82062,55.3746,-142.06652,15.58562,5.81872,-7.67417,-5.20965,-0.76444,0.44547,-4.80287,,,,,,,,,,,,,,,,,,,,,,,,,,,,,,,,,,,,,,,,,,,,,,,,,,,High,High,High,,,,,,206.789002,21.957434,2105.36347,0.927462,1:00,-0.353686,-0.437771,-0.826597,-21.927306,-22.87731,-54.691014,169.356446,11.275442,0.181134,0.195526,-0.963826,11.467643,10.435793,0.195526,0.181134,0.963826,-11.467643,-10.435793,-0.195526,-0.181134,0.963826,-169.356446,-11.275442,-0.181134,-0.195526,-0.963826
295,2026-03-24,21:06:11.45,1,3,"Oliva, Steven",831197,Right,UTR_VAQ,"Namken, Clayton",10125205,Right,TEX_BOB,Undefined,9,Bottom,0,1,1,Slider,Slider,InPlay,Undefined,GroundBall,Error,0,0,,87.30067,-2.108882,-1.211306,2497.863061,122.856867,10:00,5.56035,0.95137,5.32927,-33.05029,4.2441,-4.85114,0.82596,-0.58969,80.65641,-8.114832,-2.074147,0.439535,72.78929,-10.332812,-31.07448,,,,,7.41573,7.41573,-14.625285,0.046947,2.14307,2.98311,-0.83812,50,5.34551,2.88628,-126.73384,-5.89558,3.50074,24.83586,-27.30106,TEX_BOB,UTR_VAQ,TexasStateUniversity,D1,SBELT,20260324-TexasStateUniversity-1,2d285140-27ef-11f1-9bcc-07f2e2cc4b47,85.75535,0.89997,,6.64425,,,,2.94767,0.89997,0.67534,5d42d121-7b79-486a-9f77-85b5a028b7ae,2026-03-25,02:06:11.45,2026-03-24T21:06:11.4550000-05:00,2026-03-25T02:06:11.4550000Z,GroundBall,v3,471452,471407,94d7b8dbc2134927a2dd9771b85d27fc,"Gonzalez, Rudy",831171,Right,UTR_VAQ,92458f53-74a7-474f-89cb-98cbb22eae27,55.17444,-127.74384,12.41793,5.56269,-4.78532,-13.65053,-0.9526,2.74392,1.75037,180,2.94692,90.05347,,,,,,,,0.90012,-19.16967,,,,,,,,0.6758,-54.26903,,,,,,,,,,,,,,,,,,,,,,,,,,,,,,High,High,High,High,High,,,,191.536872,73.469683,710.698596,0.284523,12:30,-0.961606,-0.092143,-0.258504,95.54974,-33.323586,40.001783,125.069952,-9.628005,0.806923,-0.167251,-0.566483,16.448919,-53.79636,0.167251,-0.806923,0.566483,-16.448919,53.79636,-0.167251,0.806923,0.566483,-125.069952,9.628005,-0.806923,0.167251,-0.566483
296,2026-03-24,21:07:49.99,2,1,"Oliva, Steven",831197,Right,UTR_VAQ,"Mora, Chase",804993,Right,TEX_BOB,Undefined,9,Bottom,0,0,0,Fastball,Four-Seam,BallCalled,Undefined,Undefined,Undefined,0,0,,95.5633,-3.605461,-0.89224,2186.157827,204.517266,12:45,5.77032,0.91811,4.93837,-12.34016,19.42816,8.39457,1.32927,0.77427,87.42821,-5.93229,0.587919,0.405666,,,,,,,,,,,,-4.40315,10.90166,-0.83872,50,5.40979,1.73414,-138.39509,-9.14396,-8.55676,30.30901,-10.98854,TEX_BOB,UTR_VAQ,TexasStateUniversity,D1,SBELT,20260324-TexasStateUniversity-1,67e00e40-27ef-11f1-9bcc-07f2e2cc4b47,92.91499,,,8.13508,,,,,,,5d42d121-7b79-486a-9f77-85b5a028b7ae,2026-03-25,02:07:49.99,2026-03-24T21:07:49.9970000-05:00,2026-03-25T02:07:49.9970000Z,,v3,471452,471407,94d7b8dbc2134927a2dd9771b85d27fc,"Gonzalez, Rudy",831171,Right,UTR_VAQ,295286ad-5202-4491-a800-852e040e98e9,55.56312,-139.60812,15.15451,5.76695,-8.70418,-5.49427,-0.91498,2.07659,-4.27838,,,,,,,,,,,,,,,,,,,,,,,,,,,,,,,,,,,,,,,,,,,,,,,,,,,High,High,High,,,,,,212.319688,17.051649,2090.056098,0.956041,1:00,-0.273059,-0.528569,-0.803775,-30.45145,-17.998475,-38.84735,172.180466,5.553882,0.135415,0.096782,-0.986051,5.605679,7.782598,0.096782,0.135415,0.986051,-5.605679,-7.782598,-0.096782,-0.135415,0.986051,-172.180466,-5.553882,-0.135415,-0.096782,-0.986051
297,2026-03-24,21:08:07.47,2,2,"Oliva, Steven",831197,Right,UTR_VAQ,"Mora, Chase",804993,Right,TEX_BOB,Undefined,9,Bottom,0,1,0,Slider,Slider,FoulBallNotFieldable,Undefined,Undefined,Undefined,0,0,,87.4611,-0.86042,-1.699973,2557.246283,149.694553,11:00,5.48316,1.04496,5.32361,-32.58647,4.52583,-2.00437,1.95974,-0.71787,80.65519,-6.803357,-2.056042,0.43846,,,,,,,,,,,,0.56465,2.82106,-0.88954,50,5.38163,3.85668,-126.99763,-3.12792,0.92748,24.5962,-27.54009,TEX_BOB,UTR_VAQ,TexasStateUniversity,D1,SBELT,20260324-TexasStateUniversity-1,72507ae0-27ef-11f1-9bcc-07f2e2cc4b47,85.96543,,,6.80591,,,,,,,5d42d121-7b79-486a-9f77-85b5a028b7ae,2026-03-25,02:08:07.47,2026-03-24T21:08:07.4720000-05:00,2026-03-25T02:08:07.4720000Z,,v3,471452,471407,94d7b8dbc2134927a2dd9771b85d27fc,"Gonzalez, Rudy",831171,Right,UTR_VAQ,3da1d3bc-3062-4d99-801b-57b49bbd7a54,55.17884,-127.9967,12.2981,5.48596,-2.00927,-13.77004,-1.04543,3.81901,0.46374,,,,,,,,,,,,,,,,,,,,,,,,,,,,,,,,,,,,,,,,,,,,,,,,,,,High,High,High,,,,,,183.878587,77.952028,533.775516,0.208731,12:15,-0.983399,-0.028803,-0.179158,96.737631,-37.888485,37.905307,130.003804,-15.983575,0.736389,-0.275362,-0.617987,24.016738,-47.424686,0.275362,-0.736389,0.617987,-24.016738,47.424686,-0.275362,0.736389,0.617987,-130.003804,15.983575,-0.736389,0.275362,-0.617987
298,2026-03-24,21:08:29.33,2,3,"Oliva, Steven",831197,Right,UTR_VAQ,"Mora, Chase",804993,Right,TEX_BOB,Undefined,9,Bottom,0,1,1,Fastball,Four-Seam,StrikeCalled,Undefined,Undefined,Undefined,0,0,,95.16032,-2.38627,-3.107573,2281.757067,210.011723,1:00,5.80304,0.90569,5.57064,-13.83359,17.73107,9.61024,2.41657,-1.19921,86.2355,-5.029834,-1.396588,0.404363,,,,,,,,,,,,-5.75737,9.9769,-0.64391,50,5.58809,7.01887,-137.76021,-6.17558,-10.9857,32.62534,-13.13705,TEX_BOB,UTR_VAQ,TexasStateUniversity,D1,SBELT,20260324-TexasStateUniversity-1,7f554e00-27ef-11f1-9bcc-07f2e2cc4b47,93.21426,,,8.92482,,,,,,,5d42d121-7b79-486a-9f77-85b5a028b7ae,2026-03-25,02:08:29.33,2026-03-24T21:08:29.3350000-05:00,2026-03-25T02:08:29.3350000Z,,v3,471452,471407,94d7b8dbc2134927a2dd9771b85d27fc,"Gonzalez, Rudy",831171,Right,UTR_VAQ,0b698a98-da4a-493d-88f6-5976285de960,54.92858,-138.92253,16.31267,5.79977,-5.70756,-6.56853,-0.90094,7.41025,-5.49285,,,,,,,,,,,,,,,,,,,,,,,,,,,,,,,,,,,,,,,,,,,,,,,,,,,High,High,High,,,,,,212.479635,20.762506,2133.574867,0.935058,1:00,-0.375552,-0.51645,-0.769571,-33.223526,-22.894443,-52.580181,172.403095,4.854414,0.131729,0.084624,-0.987667,4.897192,7.569494,0.084624,0.131729,0.987667,-4.897192,-7.569494,-0.084624,-0.131729,0.987667,-172.403095,-4.854414,-0.131729,-0.084624,-0.987667
299,2026-03-24,21:08:48.69,2,4,"Oliva, Steven",831197,Right,UTR_VAQ,"Mora, Chase",804993,Right,TEX_BOB,Undefined,9,Bottom,0,1,2,Fastball,Four-Seam,StrikeSwinging,Strikeout,Undefined,Undefined,0,0,,95.04149,-1.803682,-1.804923,2326.05127,207.800659,1:00,5.70046,0.81989,5.3379,-14.88895,16.843,8.32469,2.76611,-0.18033,86.44201,-4.619219,-0.326912,0.405433,,,,,,,,,,,,-4.67642,9.26382,-0.66306,50,5.52722,3.93564,-137.77529,-4.84181,-8.9583,31.57603,-14.42797,TEX_BOB,UTR_VAQ,TexasStateUniversity,D1,SBELT,20260324-TexasStateUniversity-1,8adccff0-27ef-11f1-9bcc-07f2e2cc4b47,92.96825,,,8.59948,,,,,,,5d42d121-7b79-486a-9f77-85b5a028b7ae,2026-03-25,02:08:48.69,2026-03-24T21:08:48.6900000-05:00,2026-03-25T02:08:48.6900000Z,,v3,471452,471407,94d7b8dbc2134927a2dd9771b85d27fc,"Gonzalez, Rudy",831171,Right,UTR_VAQ,f3b75813-a2df-459e-ab45-8742ae1dd522,55.16187,-138.95328,15.78802,5.69782,-4.30356,-7.21399,-0.81612,4.26984,-4.47915,,,,,,,,,,,,,,,,,,,,,,,,,,,,,80.67785,2.026424,0.792269,1.234155,-0.58788,2.60193,0.1908,-0.95322,5.78737,1.96103,127.28246,0.68858,0.31939,-0.82236,116.29953,-10.23785,5.79803,9.75836,-11.27379,1.91518,-4.62287,2.73565,High,High,High,,,Medium,Medium,Medium,207.247495,23.679195,2130.217492,0.915808,1:00,-0.413671,-0.431722,-0.801556,-30.6026,-23.414847,-66.053895,173.680292,3.197296,0.109905,0.055774,-0.992376,3.216803,6.309831,0.055774,0.109905,0.992376,-3.216803,-6.309831,-0.055774,-0.109905,0.992376,-173.680292,-3.197296,-0.109905,-0.055774,-0.992376
300,2026-03-24,21:09:28.93,3,1,"Oliva, Steven",831197,Right,UTR_VAQ,"Boles, Brady",10264326,Right,TEX_BOB,Undefined,9,Bottom,1,0,0,Slider,Slider,StrikeCalled,Undefined,Undefined,Undefined,0,0,,88.53258,-0.287171,-1.642923,2430.598132,134.037237,10:30,5.58542,0.96432,5.31536,-30.63899,5.50587,-4.61788,2.76252,-0.96296,81.70371,-5.884116,-2.46266,0.432708,,,,,,,,,,,,1.89791,3.15886,-0.81189,50,5.53717,3.89428,-128.58899,-1.80355,3.20419,24.58954,-26.84107,TEX_BOB,UTR_VAQ,TexasStateUniversity,D1,SBELT,20260324-TexasStateUniversity-1,a2debf50-27ef-11f1-9bcc-07f2e2cc4b47,87.1083,,,6.82887,,,,,,,5d42d121-7b79-486a-9f77-85b5a028b7ae,2026-03-25,02:09:28.93,2026-03-24T21:09:28.9330000-05:00,2026-03-25T02:09:28.9330000Z,,v3,471452,471407,94d7b8dbc2134927a2dd9771b85d27fc,"Gonzalez, Rudy",831171,Right,UTR_VAQ,3559f5fa-876a-4dcc-b2c3-fea2ecc46877,55.18673,-129.57703,12.29477,5.58797,-0.72504,-13.42054,-0.96578,3.76554,1.60209,,,,,,,,,,,,,,,,,,,,,,,,,,,,,,,,,,,,,,,,,,,,,,,,,,,High,High,High,,,,,,185.053887,75.297796,616.874034,0.253795,12:15,-0.973984,-0.027205,-0.224976,-63.578722,45.818642,64.578739,124.942107,-8.450358,0.810832,-0.146952,-0.56653,14.541485,-54.177282,0.146952,-0.810832,0.56653,-14.541485,54.177282,-0.146952,0.810832,0.56653,-124.942107,8.450358,-0.810832,0.146952,-0.56653
301,2026-03-24,21:09:46.62,3,2,"Oliva, Steven",831197,Right,UTR_VAQ,"Boles, Brady",10264326,Right,TEX_BOB,Undefined,9,Bottom,1,0,1,Fastball,Four-Seam,StrikeCalled,Undefined,Undefined,Undefined,0,0,,95.4189,-3.091925,-1.622938,2221.511131,212.463227,1:00,5.63714,0.8548,4.76004,-17.80879,14.33461,8.45056,1.21702,0.01959,87.15871,-6.373322,-0.13759,0.408054,,,,,,,,,,,,-4.61591,8.21957,-0.69982,50,5.31144,3.48242,-138.1417,-8.17474,-8.91536,30.90857,-16.29839,TEX_BOB,UTR_VAQ,TexasStateUniversity,D1,SBELT,20260324-TexasStateUniversity-1,ad61a280-27ef-11f1-9bcc-07f2e2cc4b47,92.37126,,,8.26019,,,,,,,5d42d121-7b79-486a-9f77-85b5a028b7ae,2026-03-25,02:09:46.62,2026-03-24T21:09:46.6200000-05:00,2026-03-25T02:09:46.6200000Z,,v3,471452,471407,94d7b8dbc2134927a2dd9771b85d27fc,"Gonzalez, Rudy",831171,Right,UTR_VAQ,dce27228-1e03-424d-b245-c4e437de6c51,55.74112,-139.42033,15.45429,5.63567,-7.5005,-8.14919,-0.85151,3.85124,-4.45768,,,,,,,,,,,,,,,,,,,,,,,,,,,,,,,,,,,,,,,,,,,,,,,,,,,High,High,High,,,,,,212.265686,16.03182,2135.113159,0.961108,1:00,-0.271012,-0.527233,-0.805343,-25.31221,-17.101978,-26.619822,165.645815,11.989507,0.242507,0.207733,-0.947648,12.364154,14.034565,0.207733,0.242507,0.947648,-12.364154,-14.034565,-0.207733,-0.242507,0.947648,-165.645815,-11.989507,-0.242507,-0.207733,-0.947648
302,2026-03-24,21:10:09.26,3,3,"Oliva, Steven",831197,Right,UTR_VAQ,"Boles, Brady",10264326,Right,TEX_BOB,Undefined,9,Bottom,1,0,2,Fastball,Four-Seam,FoulBallNotFieldable,Undefined,Undefined,Undefined,0,0,,94.981,-0.920204,-2.04395,2245.19064,208.71992,1:00,5.69576,0.81902,5.1878,-14.04304,18.03119,9.27532,3.65914,-0.33184,85.92901,-3.593861,-0.402364,0.407614,,,,,,,,,,,,-5.23237,9.58012,-0.63645,50,5.60022,4.45335,-137.62755,-2.67847,-9.95686,32.78654,-13.94375,TEX_BOB,UTR_VAQ,TexasStateUniversity,D1,SBELT,20260324-TexasStateUniversity-1,bae346c0-27ef-11f1-9bcc-07f2e2cc4b47,92.47087,,,9.05199,,,,,,,5d42d121-7b79-486a-9f77-85b5a028b7ae,2026-03-25,02:10:09.26,2026-03-24T21:10:09.2660000-05:00,2026-03-25T02:10:09.2660000Z,,v3,471452,471407,94d7b8dbc2134927a2dd9771b85d27fc,"Gonzalez, Rudy",831171,Right,UTR_VAQ,12232f19-60db-46d6-a121-8c87520caa66,55.31188,-138.88722,16.39327,5.69284,-2.14275,-6.97188,-0.8149,4.83589,-4.97843,,,,,,,,,,,,,,,,,,,,,,,,,,,,,,,,,,,,,,,,,,,,,,,,,,,High,High,High,,,,,,211.313718,23.99578,2051.150966,0.913575,1:00,-0.426575,-0.481277,-0.765772,-30.300006,-20.97089,-49.599924,168.859066,9.93929,0.190323,0.172605,-0.966429,10.12628,10.971631,0.172605,0.190323,0.966429,-10.12628,-10.971631,-0.172605,-0.190323,0.966429,-168.859066,-9.93929,-0.190323,-0.172605,-0.966429
303,2026-03-24,21:10:32.83,3,4,"Oliva, Steven",831197,Right,UTR_VAQ,"Boles, Brady",10264326,Right,TEX_BOB,Undefined,9,Bottom,1,0,2,Slider,Slider,BallCalled,Undefined,Undefined,Undefined,0,0,,88.1383,-1.884665,-2.468029,2528.358184,122.455577,10:00,5.64412,0.73084,5.8624,-31.63545,4.16788,-4.93516,1.25464,-1.97475,81.61955,-7.685353,-3.353003,0.430659,,,,,,,,,,,,1.89752,2.93894,-0.52764,50,5.47253,5.7193,-127.99056,-5.31676,3.17041,24.62358,-27.26356,TEX_BOB,UTR_VAQ,TexasStateUniversity,D1,SBELT,20260324-TexasStateUniversity-1,c8f432b0-27ef-11f1-9bcc-07f2e2cc4b47,87.52277,,,6.51875,,,,,,,5d42d121-7b79-486a-9f77-85b5a028b7ae,2026-03-25,02:10:32.83,2026-03-24T21:10:32.8330000-05:00,2026-03-25T02:10:32.8330000Z,,v3,471452,471407,94d7b8dbc2134927a2dd9771b85d27fc,"Gonzalez, Rudy",831171,Right,UTR_VAQ,8e551a9b-5db7-4f49-b181-b1a7e37e10b2,54.64038,-128.88021,12.31179,5.64683,-4.33172,-13.63178,-0.73221,5.60475,1.58521,,,,,,,,,,,,,,,,,,,,,,,,,,,,,,,,,,,,,,,,,,,,,,,,,,,High,High,High,,,,,,185.680035,73.514902,717.461967,0.283766,12:15,-0.968723,-0.059606,-0.240881,107.001634,-36.615249,37.961123,127.721999,-6.379389,0.786091,-0.111111,-0.608042,10.355763,-51.821681,0.111111,-0.786091,0.608042,-10.355763,51.821681,-0.111111,0.786091,0.608042,-127.721999,6.379389,-0.786091,0.111111,-0.608042
304,2026-03-24,21:10:53.86,3,5,"Oliva, Steven",831197,Right,UTR_VAQ,"Boles, Brady",10264326,Right,TEX_BOB,Undefined,9,Bottom,1,1,2,Slider,Slider,InPlay,Undefined,LineDrive,Single,0,1,,86.60265,-0.189981,-0.699386,2528.823236,94.395365,9:15,5.51114,0.88189,5.20309,-36.28636,1.44689,-5.43142,2.30857,-0.22857,80.38893,-6.767965,-1.662808,0.442113,92.66772,-25.875382,-8.578945,,,,,6.74621,6.74621,-4.395772,0.040342,2.57732,1.0252,-0.81273,50,5.46567,1.76922,-125.91261,-1.79718,4.18881,22.60027,-30.50785,TEX_BOB,UTR_VAQ,TexasStateUniversity,D1,SBELT,20260324-TexasStateUniversity-1,d57b2340-27ef-11f1-9bcc-07f2e2cc4b47,85.25517,2.39748,,6.21372,,,,1.83885,2.39748,0.22027,5d42d121-7b79-486a-9f77-85b5a028b7ae,2026-03-25,02:10:53.86,2026-03-24T21:10:53.8670000-05:00,2026-03-25T02:10:53.8670000Z,GroundBall,v3,471452,471407,94d7b8dbc2134927a2dd9771b85d27fc,"Gonzalez, Rudy",831171,Right,UTR_VAQ,9f1f210b-2bbe-49b6-8efa-4a66b40a7951,55.30169,-126.86065,11.30013,5.51422,-0.51742,-15.25392,-0.88326,1.5935,2.09441,180,1.83733,121.15272,,,,,,,,2.39823,-59.42922,,,,,,,,0.22049,-18.27709,,,,,,,,,,,,,,,,,,,,,,,,,,,,,,High,High,High,Low,Low,,,,180.466733,80.77694,405.31591,0.160278,12:00,-0.988945,-0.004579,-0.148213,106.955437,-34.867837,30.305822,126.432991,-11.995201,0.786985,-0.20783,-0.580915,19.685323,-51.904603,0.20783,-0.786985,0.580915,-19.685323,51.904603,-0.20783,0.786985,0.580915,-126.432991,11.995201,-0.786985,0.20783,-0.580915